station_id,datetime_utc,precipitation,rain,soil_moisture_0_to_7cm,soil_moisture_7_to_28cm,temperature_2m,relative_humidity_2m,surface_pressure,wind_speed_10m
CHR_BRK_03,2023-06-01 00:00:00+00:00,0.0,0.0,0.393,0.325,22.0,95,911.8,5.3
CHR_BRK_03,2023-06-01 01:00:00+00:00,0.0,0.0,0.393,0.325,24.9,83,913.2,3.5
CHR_BRK_03,2023-06-01 02:00:00+00:00,0.1,0.1,0.393,0.325,26.9,70,913.9,6.5
CHR_BRK_03,2023-06-01 03:00:00+00:00,0.1,0.1,0.392,0.325,28.7,60,914.1,8.2
CHR_BRK_03,2023-06-01 04:00:00+00:00,0.1,0.1,0.39,0.324,29.4,57,913.8,10.4
CHR_BRK_03,2023-06-01 05:00:00+00:00,0.0,0.0,0.388,0.324,30.0,56,913.3,10.4
CHR_BRK_03,2023-06-01 06:00:00+00:00,0.0,0.0,0.386,0.324,30.9,51,912.6,10.4
CHR_BRK_03,2023-06-01 07:00:00+00:00,0.0,0.0,0.383,0.324,31.7,47,911.3,11.4
CHR_BRK_03,2023-06-01 08:00:00+00:00,0.0,0.0,0.381,0.323,31.2,49,910.3,12.0
CHR_BRK_03,2023-06-01 09:00:00+00:00,0.0,0.0,0.379,0.323,30.5,50,909.9,11.8
CHR_BRK_03,2023-06-01 10:00:00+00:00,0.0,0.0,0.378,0.323,28.7,60,909.4,12.9
CHR_BRK_03,2023-06-01 11:00:00+00:00,0.0,0.0,0.378,0.323,27.6,67,909.4,11.6
CHR_BRK_03,2023-06-01 12:00:00+00:00,0.0,0.0,0.375,0.324,25.9,76,909.9,9.5
CHR_BRK_03,2023-06-01 13:00:00+00:00,0.0,0.0,0.375,0.324,24.8,81,910.2,6.2
CHR_BRK_03,2023-06-01 14:00:00+00:00,0.0,0.0,0.375,0.324,23.7,87,910.6,4.2
CHR_BRK_03,2023-06-01 15:00:00+00:00,0.0,0.0,0.375,0.324,22.6,93,910.9,4.7
CHR_BRK_03,2023-06-01 16:00:00+00:00,0.0,0.0,0.374,0.324,21.9,96,910.9,5.2
CHR_BRK_03,2023-06-01 17:00:00+00:00,0.0,0.0,0.374,0.324,21.6,97,910.9,5.5
CHR_BRK_03,2023-06-01 18:00:00+00:00,0.0,0.0,0.374,0.324,21.4,96,910.6,4.5
CHR_BRK_03,2023-06-01 19:00:00+00:00,0.0,0.0,0.374,0.324,21.9,95,910.2,5.8
CHR_BRK_03,2023-06-01 20:00:00+00:00,0.0,0.0,0.374,0.324,21.1,97,909.5,4.8
CHR_BRK_03,2023-06-01 21:00:00+00:00,0.0,0.0,0.374,0.324,20.7,98,909.2,4.8
CHR_BRK_03,2023-06-01 22:00:00+00:00,0.0,0.0,0.374,0.324,20.3,99,909.4,5.0
CHR_BRK_03,2023-06-01 23:00:00+00:00,0.0,0.0,0.374,0.324,19.8,99,909.7,5.5
CHR_BRK_03,2023-06-02 00:00:00+00:00,0.0,0.0,0.375,0.325,21.8,95,910.9,5.3
CHR_BRK_03,2023-06-02 01:00:00+00:00,0.0,0.0,0.374,0.325,25.2,79,912.7,5.9
CHR_BRK_03,2023-06-02 02:00:00+00:00,0.0,0.0,0.373,0.325,26.8,67,913.7,13.6
CHR_BRK_03,2023-06-02 03:00:00+00:00,0.1,0.1,0.373,0.324,27.6,63,913.8,11.7
CHR_BRK_03,2023-06-02 04:00:00+00:00,0.0,0.0,0.371,0.324,29.0,57,914.2,12.1
CHR_BRK_03,2023-06-02 05:00:00+00:00,0.0,0.0,0.369,0.324,30.2,53,913.8,13.2
CHR_BRK_03,2023-06-02 06:00:00+00:00,0.2,0.2,0.368,0.324,30.8,49,913.0,12.6
CHR_BRK_03,2023-06-02 07:00:00+00:00,0.0,0.0,0.366,0.323,30.8,46,912.0,15.3
CHR_BRK_03,2023-06-02 08:00:00+00:00,0.3,0.3,0.367,0.323,29.8,46,911.4,16.4
CHR_BRK_03,2023-06-02 09:00:00+00:00,0.2,0.2,0.367,0.323,29.1,53,910.9,13.4
CHR_BRK_03,2023-06-02 10:00:00+00:00,0.0,0.0,0.366,0.323,28.6,51,910.3,12.3
CHR_BRK_03,2023-06-02 11:00:00+00:00,0.0,0.0,0.365,0.323,27.9,53,910.0,9.7
CHR_BRK_03,2023-06-02 12:00:00+00:00,0.0,0.0,0.366,0.324,26.5,66,910.7,7.0
CHR_BRK_03,2023-06-02 13:00:00+00:00,0.0,0.0,0.365,0.324,23.8,79,910.8,4.0
CHR_BRK_03,2023-06-02 14:00:00+00:00,0.0,0.0,0.365,0.324,22.7,86,911.3,4.4
CHR_BRK_03,2023-06-02 15:00:00+00:00,0.0,0.0,0.365,0.324,21.4,93,911.2,4.3
CHR_BRK_03,2023-06-02 16:00:00+00:00,0.0,0.0,0.365,0.324,20.6,97,911.4,3.7
CHR_BRK_03,2023-06-02 17:00:00+00:00,0.0,0.0,0.365,0.324,20.2,98,911.4,3.8
CHR_BRK_03,2023-06-02 18:00:00+00:00,0.1,0.1,0.365,0.324,20.1,98,911.3,6.2
CHR_BRK_03,2023-06-02 19:00:00+00:00,0.1,0.1,0.366,0.324,20.6,97,911.1,5.0
CHR_BRK_03,2023-06-02 20:00:00+00:00,0.1,0.1,0.366,0.324,20.6,97,910.8,4.5
CHR_BRK_03,2023-06-02 21:00:00+00:00,0.0,0.0,0.366,0.324,20.2,97,910.5,3.9
CHR_BRK_03,2023-06-02 22:00:00+00:00,0.0,0.0,0.366,0.324,19.8,97,910.3,4.7
CHR_BRK_03,2023-06-02 23:00:00+00:00,0.0,0.0,0.366,0.324,19.5,97,910.5,5.8
CHR_BRK_03,2023-06-03 00:00:00+00:00,0.0,0.0,0.366,0.324,21.1,94,911.7,6.3
CHR_BRK_03,2023-06-03 01:00:00+00:00,0.0,0.0,0.365,0.324,24.7,81,913.2,3.9
CHR_BRK_03,2023-06-03 02:00:00+00:00,0.1,0.1,0.365,0.324,26.5,67,914.1,10.6
CHR_BRK_03,2023-06-03 03:00:00+00:00,1.6,1.6,0.377,0.324,27.5,58,914.8,11.3
CHR_BRK_03,2023-06-03 04:00:00+00:00,2.5,2.5,0.399,0.324,27.9,62,915.0,11.6
CHR_BRK_03,2023-06-03 05:00:00+00:00,2.3,2.3,0.418,0.324,28.9,56,914.9,12.4
CHR_BRK_03,2023-06-03 06:00:00+00:00,2.1,2.1,0.435,0.324,29.2,53,914.3,11.7
CHR_BRK_03,2023-06-03 07:00:00+00:00,0.1,0.1,0.433,0.324,30.3,50,913.4,11.1
CHR_BRK_03,2023-06-03 08:00:00+00:00,0.0,0.0,0.43,0.324,30.2,49,912.4,11.7
CHR_BRK_03,2023-06-03 09:00:00+00:00,0.0,0.0,0.427,0.324,30.1,49,911.5,11.8
CHR_BRK_03,2023-06-03 10:00:00+00:00,0.0,0.0,0.424,0.325,29.2,53,910.9,12.0
CHR_BRK_03,2023-06-03 11:00:00+00:00,0.0,0.0,0.422,0.325,28.0,58,911.1,10.9
CHR_BRK_03,2023-06-03 12:00:00+00:00,0.0,0.0,0.356,0.322,26.3,70,911.6,8.6
CHR_BRK_03,2023-06-03 13:00:00+00:00,0.0,0.0,0.356,0.322,23.6,84,911.4,4.1
CHR_BRK_03,2023-06-03 14:00:00+00:00,0.0,0.0,0.355,0.322,22.1,91,911.6,2.5
CHR_BRK_03,2023-06-03 15:00:00+00:00,0.0,0.0,0.355,0.322,21.6,93,912.2,3.3
CHR_BRK_03,2023-06-03 16:00:00+00:00,0.0,0.0,0.355,0.322,20.8,96,912.9,2.6
CHR_BRK_03,2023-06-03 17:00:00+00:00,0.0,0.0,0.355,0.322,20.0,98,912.8,4.9
CHR_BRK_03,2023-06-03 18:00:00+00:00,0.0,0.0,0.355,0.322,19.3,100,911.9,5.4
CHR_BRK_03,2023-06-03 19:00:00+00:00,0.0,0.0,0.355,0.322,18.9,100,911.2,5.2
CHR_BRK_03,2023-06-03 20:00:00+00:00,0.0,0.0,0.355,0.322,18.6,100,910.8,5.7
CHR_BRK_03,2023-06-03 21:00:00+00:00,0.0,0.0,0.355,0.322,19.7,99,911.5,6.6
CHR_BRK_03,2023-06-03 22:00:00+00:00,0.0,0.0,0.355,0.322,19.6,99,911.6,5.4
CHR_BRK_03,2023-06-03 23:00:00+00:00,0.0,0.0,0.355,0.322,19.6,99,911.7,6.1
CHR_BRK_03,2023-06-04 00:00:00+00:00,0.0,0.0,0.36,0.321,20.8,95,912.6,8.1
CHR_BRK_03,2023-06-04 01:00:00+00:00,0.0,0.0,0.36,0.321,23.6,85,914.0,5.8
CHR_BRK_03,2023-06-04 02:00:00+00:00,0.0,0.0,0.36,0.321,26.2,73,914.6,5.4
CHR_BRK_03,2023-06-04 03:00:00+00:00,0.0,0.0,0.359,0.321,28.6,59,915.4,7.6
CHR_BRK_03,2023-06-04 04:00:00+00:00,0.0,0.0,0.357,0.321,30.3,50,915.2,9.4
CHR_BRK_03,2023-06-04 05:00:00+00:00,0.0,0.0,0.355,0.32,31.1,45,914.9,9.4
CHR_BRK_03,2023-06-04 06:00:00+00:00,0.0,0.0,0.353,0.32,31.6,42,914.2,10.0
CHR_BRK_03,2023-06-04 07:00:00+00:00,0.0,0.0,0.351,0.32,31.9,42,913.1,10.5
CHR_BRK_03,2023-06-04 08:00:00+00:00,0.0,0.0,0.349,0.319,31.8,41,911.9,10.9
CHR_BRK_03,2023-06-04 09:00:00+00:00,0.0,0.0,0.348,0.319,31.4,41,910.8,11.3
CHR_BRK_03,2023-06-04 10:00:00+00:00,0.0,0.0,0.346,0.319,30.6,44,910.3,11.0
CHR_BRK_03,2023-06-04 11:00:00+00:00,0.0,0.0,0.345,0.319,29.6,46,910.3,8.1
CHR_BRK_03,2023-06-04 12:00:00+00:00,0.0,0.0,0.345,0.318,27.2,62,910.9,8.7
CHR_BRK_03,2023-06-04 13:00:00+00:00,0.0,0.0,0.345,0.318,24.8,74,910.7,4.0
CHR_BRK_03,2023-06-04 14:00:00+00:00,0.0,0.0,0.345,0.318,23.3,83,911.0,3.8
CHR_BRK_03,2023-06-04 15:00:00+00:00,0.0,0.0,0.345,0.318,22.6,87,911.4,3.3
CHR_BRK_03,2023-06-04 16:00:00+00:00,0.0,0.0,0.345,0.318,21.9,91,911.9,5.7
CHR_BRK_03,2023-06-04 17:00:00+00:00,0.0,0.0,0.345,0.318,21.2,95,911.8,5.6
CHR_BRK_03,2023-06-04 18:00:00+00:00,0.0,0.0,0.345,0.318,20.6,97,911.4,5.4
CHR_BRK_03,2023-06-04 19:00:00+00:00,0.0,0.0,0.345,0.318,20.1,97,910.8,4.8
CHR_BRK_03,2023-06-04 20:00:00+00:00,0.0,0.0,0.345,0.318,19.6,98,910.4,4.3
CHR_BRK_03,2023-06-04 21:00:00+00:00,0.0,0.0,0.345,0.318,19.1,98,910.2,4.8
CHR_BRK_03,2023-06-04 22:00:00+00:00,0.0,0.0,0.344,0.318,18.7,100,910.0,5.6
CHR_BRK_03,2023-06-04 23:00:00+00:00,0.0,0.0,0.344,0.318,18.3,100,909.9,6.0
CHR_BRK_03,2023-06-05 00:00:00+00:00,0.0,0.0,0.342,0.317,20.8,95,911.2,3.5
CHR_BRK_03,2023-06-05 01:00:00+00:00,0.0,0.0,0.342,0.317,24.8,80,912.9,1.3
CHR_BRK_03,2023-06-05 02:00:00+00:00,0.0,0.0,0.341,0.317,27.3,61,913.6,1.9
CHR_BRK_03,2023-06-05 03:00:00+00:00,0.0,0.0,0.34,0.317,29.4,49,913.5,3.1
CHR_BRK_03,2023-06-05 04:00:00+00:00,0.0,0.0,0.338,0.317,31.0,41,913.5,3.6
CHR_BRK_03,2023-06-05 05:00:00+00:00,0.0,0.0,0.337,0.316,32.3,37,913.1,4.4
CHR_BRK_03,2023-06-05 06:00:00+00:00,0.0,0.0,0.335,0.316,33.0,35,912.7,5.0
CHR_BRK_03,2023-06-05 07:00:00+00:00,0.0,0.0,0.333,0.316,33.5,34,911.6,7.6
CHR_BRK_03,2023-06-05 08:00:00+00:00,0.0,0.0,0.332,0.315,33.5,34,910.2,10.0
CHR_BRK_03,2023-06-05 09:00:00+00:00,0.0,0.0,0.33,0.315,33.3,35,909.5,9.4
CHR_BRK_03,2023-06-05 10:00:00+00:00,0.0,0.0,0.329,0.315,32.7,36,908.9,9.8
CHR_BRK_03,2023-06-05 11:00:00+00:00,0.0,0.0,0.328,0.315,31.3,40,908.9,8.0
CHR_BRK_03,2023-06-05 12:00:00+00:00,0.0,0.0,0.332,0.317,28.8,51,909.7,8.2
CHR_BRK_03,2023-06-05 13:00:00+00:00,0.0,0.0,0.331,0.317,26.6,63,910.1,6.2
CHR_BRK_03,2023-06-05 14:00:00+00:00,0.0,0.0,0.331,0.317,24.8,73,910.5,3.6
CHR_BRK_03,2023-06-05 15:00:00+00:00,0.0,0.0,0.331,0.317,23.8,80,910.8,2.6
CHR_BRK_03,2023-06-05 16:00:00+00:00,0.0,0.0,0.331,0.317,23.1,84,911.4,3.4
CHR_BRK_03,2023-06-05 17:00:00+00:00,0.0,0.0,0.331,0.317,22.2,90,911.4,3.1
CHR_BRK_03,2023-06-05 18:00:00+00:00,0.0,0.0,0.331,0.317,21.8,93,910.9,4.0
CHR_BRK_03,2023-06-05 19:00:00+00:00,0.0,0.0,0.331,0.317,21.4,95,910.4,4.6
CHR_BRK_03,2023-06-05 20:00:00+00:00,0.0,0.0,0.331,0.317,21.4,95,909.9,4.7
CHR_BRK_03,2023-06-05 21:00:00+00:00,0.0,0.0,0.331,0.317,21.3,96,909.6,4.8
CHR_BRK_03,2023-06-05 22:00:00+00:00,0.0,0.0,0.331,0.317,21.1,97,909.5,4.6
CHR_BRK_03,2023-06-05 23:00:00+00:00,0.0,0.0,0.331,0.317,20.9,97,909.6,4.6
CHR_BRK_03,2023-06-06 00:00:00+00:00,0.0,0.0,0.328,0.316,22.9,89,910.4,5.2
CHR_BRK_03,2023-06-06 01:00:00+00:00,0.0,0.0,0.327,0.315,26.6,71,911.8,2.7
CHR_BRK_03,2023-06-06 02:00:00+00:00,0.0,0.0,0.327,0.315,28.6,57,912.5,1.6
CHR_BRK_03,2023-06-06 03:00:00+00:00,0.0,0.0,0.326,0.315,29.5,52,912.8,2.6
CHR_BRK_03,2023-06-06 04:00:00+00:00,0.0,0.0,0.325,0.315,29.8,51,912.9,2.9
CHR_BRK_03,2023-06-06 05:00:00+00:00,0.0,0.0,0.325,0.315,29.0,54,912.4,1.6
CHR_BRK_03,2023-06-06 06:00:00+00:00,0.0,0.0,0.324,0.315,30.9,49,911.5,2.5
CHR_BRK_03,2023-06-06 07:00:00+00:00,0.0,0.0,0.323,0.314,31.8,48,910.6,7.9
CHR_BRK_03,2023-06-06 08:00:00+00:00,0.0,0.0,0.321,0.314,31.2,48,910.0,4.1
CHR_BRK_03,2023-06-06 09:00:00+00:00,0.9,0.9,0.328,0.314,25.2,78,909.3,7.9
CHR_BRK_03,2023-06-06 10:00:00+00:00,0.9,0.9,0.335,0.314,23.9,86,908.2,7.4
CHR_BRK_03,2023-06-06 11:00:00+00:00,0.1,0.1,0.335,0.314,25.4,81,908.4,5.5
CHR_BRK_03,2023-06-06 12:00:00+00:00,0.0,0.0,0.368,0.318,23.2,95,909.1,4.6
CHR_BRK_03,2023-06-06 13:00:00+00:00,0.0,0.0,0.368,0.318,23.1,95,909.2,4.8
CHR_BRK_03,2023-06-06 14:00:00+00:00,0.0,0.0,0.368,0.318,22.9,96,909.8,4.1
CHR_BRK_03,2023-06-06 15:00:00+00:00,0.0,0.0,0.368,0.318,22.7,96,910.3,4.4
CHR_BRK_03,2023-06-06 16:00:00+00:00,0.0,0.0,0.368,0.318,22.5,96,910.7,2.9
CHR_BRK_03,2023-06-06 17:00:00+00:00,0.0,0.0,0.368,0.318,22.0,97,910.4,2.2
CHR_BRK_03,2023-06-06 18:00:00+00:00,0.0,0.0,0.368,0.318,21.7,96,910.1,2.2
CHR_BRK_03,2023-06-06 19:00:00+00:00,0.0,0.0,0.368,0.318,21.0,96,909.5,2.7
CHR_BRK_03,2023-06-06 20:00:00+00:00,0.0,0.0,0.368,0.318,20.6,96,909.1,3.6
CHR_BRK_03,2023-06-06 21:00:00+00:00,0.0,0.0,0.368,0.318,20.6,95,908.9,2.9
CHR_BRK_03,2023-06-06 22:00:00+00:00,0.0,0.0,0.368,0.318,20.5,95,908.7,3.0
CHR_BRK_03,2023-06-06 23:00:00+00:00,0.0,0.0,0.367,0.318,20.2,95,908.8,3.6
CHR_BRK_03,2023-06-07 00:00:00+00:00,0.0,0.0,0.366,0.318,21.9,96,910.4,1.5
CHR_BRK_03,2023-06-07 01:00:00+00:00,0.1,0.1,0.367,0.318,23.2,90,911.2,2.3
CHR_BRK_03,2023-06-07 02:00:00+00:00,0.0,0.0,0.366,0.318,25.0,81,912.0,4.1
CHR_BRK_03,2023-06-07 03:00:00+00:00,0.0,0.0,0.366,0.317,27.3,69,912.7,5.0
CHR_BRK_03,2023-06-07 04:00:00+00:00,0.0,0.0,0.364,0.317,29.7,59,912.5,6.3
CHR_BRK_03,2023-06-07 05:00:00+00:00,0.0,0.0,0.362,0.317,32.1,50,912.0,8.0
CHR_BRK_03,2023-06-07 06:00:00+00:00,2.2,2.2,0.381,0.317,28.3,67,911.0,12.4
CHR_BRK_03,2023-06-07 07:00:00+00:00,0.2,0.2,0.382,0.317,28.1,68,909.4,5.9
CHR_BRK_03,2023-06-07 08:00:00+00:00,0.9,0.9,0.387,0.317,28.9,63,908.9,3.9
CHR_BRK_03,2023-06-07 09:00:00+00:00,0.0,0.0,0.386,0.317,29.6,58,908.5,1.1
CHR_BRK_03,2023-06-07 10:00:00+00:00,1.6,1.6,0.4,0.317,27.6,71,908.4,6.9
CHR_BRK_03,2023-06-07 11:00:00+00:00,0.0,0.0,0.399,0.317,27.1,73,908.5,3.6
CHR_BRK_03,2023-06-07 12:00:00+00:00,0.0,0.0,0.431,0.321,22.9,99,908.6,2.0
CHR_BRK_03,2023-06-07 13:00:00+00:00,1.3,1.3,0.447,0.321,22.8,99,909.1,0.8
CHR_BRK_03,2023-06-07 14:00:00+00:00,0.0,0.0,0.445,0.322,22.9,93,909.3,1.9
CHR_BRK_03,2023-06-07 15:00:00+00:00,0.0,0.0,0.443,0.322,23.0,90,910.2,2.7
CHR_BRK_03,2023-06-07 16:00:00+00:00,0.0,0.0,0.442,0.323,23.0,90,911.2,2.6
CHR_BRK_03,2023-06-07 17:00:00+00:00,0.0,0.0,0.44,0.323,22.1,95,911.1,2.7
CHR_BRK_03,2023-06-07 18:00:00+00:00,0.0,0.0,0.439,0.324,21.4,99,910.3,5.0
CHR_BRK_03,2023-06-07 19:00:00+00:00,0.0,0.0,0.437,0.324,20.8,99,909.3,6.1
CHR_BRK_03,2023-06-07 20:00:00+00:00,0.0,0.0,0.436,0.325,20.7,100,908.8,6.3
CHR_BRK_03,2023-06-07 21:00:00+00:00,0.0,0.0,0.435,0.325,21.1,100,908.6,5.7
CHR_BRK_03,2023-06-07 22:00:00+00:00,0.0,0.0,0.434,0.326,21.7,100,909.1,3.6
CHR_BRK_03,2023-06-07 23:00:00+00:00,0.0,0.0,0.433,0.326,21.6,100,909.5,2.1
CHR_BRK_03,2023-06-08 00:00:00+00:00,0.0,0.0,0.421,0.324,22.1,100,910.5,4.7
CHR_BRK_03,2023-06-08 01:00:00+00:00,0.0,0.0,0.42,0.324,23.6,88,911.6,5.8
CHR_BRK_03,2023-06-08 02:00:00+00:00,0.0,0.0,0.419,0.324,25.0,85,912.1,6.4
CHR_BRK_03,2023-06-08 03:00:00+00:00,0.1,0.1,0.418,0.325,27.4,71,912.4,9.4
CHR_BRK_03,2023-06-08 04:00:00+00:00,0.0,0.0,0.416,0.325,29.1,61,912.4,10.5
CHR_BRK_03,2023-06-08 05:00:00+00:00,0.0,0.0,0.414,0.325,29.9,57,911.8,11.9
CHR_BRK_03,2023-06-08 06:00:00+00:00,0.7,0.7,0.417,0.324,28.7,59,911.2,10.5
CHR_BRK_03,2023-06-08 07:00:00+00:00,0.2,0.2,0.417,0.325,28.3,63,909.9,8.2
CHR_BRK_03,2023-06-08 08:00:00+00:00,0.0,0.0,0.415,0.325,28.8,59,908.7,5.4
CHR_BRK_03,2023-06-08 09:00:00+00:00,0.0,0.0,0.413,0.325,29.7,56,908.0,4.7
CHR_BRK_03,2023-06-08 10:00:00+00:00,0.0,0.0,0.41,0.325,30.5,53,907.8,3.8
CHR_BRK_03,2023-06-08 11:00:00+00:00,0.2,0.2,0.41,0.325,27.9,63,907.8,6.4
CHR_BRK_03,2023-06-08 12:00:00+00:00,0.0,0.0,0.41,0.325,25.3,79,907.9,8.4
CHR_BRK_03,2023-06-08 13:00:00+00:00,0.1,0.1,0.458,0.326,23.6,98,908.6,3.4
CHR_BRK_03,2023-06-08 14:00:00+00:00,0.0,0.0,0.455,0.327,23.5,95,909.1,3.6
CHR_BRK_03,2023-06-08 15:00:00+00:00,0.0,0.0,0.453,0.327,22.9,98,909.5,6.4
CHR_BRK_03,2023-06-08 16:00:00+00:00,0.0,0.0,0.451,0.328,22.6,98,909.9,5.5
CHR_BRK_03,2023-06-08 17:00:00+00:00,0.0,0.0,0.449,0.329,22.5,98,909.7,4.8
CHR_BRK_03,2023-06-08 18:00:00+00:00,0.0,0.0,0.447,0.329,22.4,98,909.5,5.7
CHR_BRK_03,2023-06-08 19:00:00+00:00,0.1,0.1,0.446,0.33,22.4,98,908.5,0.8
CHR_BRK_03,2023-06-08 20:00:00+00:00,0.0,0.0,0.445,0.331,22.2,98,908.1,5.8
CHR_BRK_03,2023-06-08 21:00:00+00:00,0.0,0.0,0.443,0.331,21.8,99,907.8,6.8
CHR_BRK_03,2023-06-08 22:00:00+00:00,0.0,0.0,0.442,0.332,21.8,99,907.9,4.3
CHR_BRK_03,2023-06-08 23:00:00+00:00,0.0,0.0,0.441,0.332,22.0,100,907.9,2.9
CHR_BRK_03,2023-06-09 00:00:00+00:00,0.0,0.0,0.44,0.332,22.5,97,908.8,6.1
CHR_BRK_03,2023-06-09 01:00:00+00:00,0.1,0.1,0.439,0.334,23.1,90,909.5,7.0
CHR_BRK_03,2023-06-09 02:00:00+00:00,0.2,0.2,0.439,0.334,24.7,84,910.2,7.6
CHR_BRK_03,2023-06-09 03:00:00+00:00,0.4,0.4,0.44,0.334,26.3,75,910.4,8.9
CHR_BRK_03,2023-06-09 04:00:00+00:00,0.4,0.4,0.44,0.335,28.7,65,910.6,9.4
CHR_BRK_03,2023-06-09 05:00:00+00:00,0.0,0.0,0.436,0.335,30.3,56,910.1,12.0
CHR_BRK_03,2023-06-09 06:00:00+00:00,0.7,0.7,0.439,0.335,28.1,65,909.0,10.8
CHR_BRK_03,2023-06-09 07:00:00+00:00,0.1,0.1,0.436,0.335,29.7,62,907.4,11.3
CHR_BRK_03,2023-06-09 08:00:00+00:00,0.0,0.0,0.433,0.335,30.5,55,907.1,12.8
CHR_BRK_03,2023-06-09 09:00:00+00:00,0.1,0.1,0.431,0.335,29.0,59,906.4,7.0
CHR_BRK_03,2023-06-09 10:00:00+00:00,2.6,2.6,0.454,0.335,26.4,78,906.2,5.7
CHR_BRK_03,2023-06-09 11:00:00+00:00,0.3,0.3,0.454,0.336,25.7,85,906.5,5.1
CHR_BRK_03,2023-06-09 12:00:00+00:00,0.5,0.5,0.455,0.337,24.2,88,907.1,3.3
CHR_BRK_03,2023-06-09 13:00:00+00:00,2.3,2.3,0.502,0.37,23.2,99,907.2,3.4
CHR_BRK_03,2023-06-09 14:00:00+00:00,0.0,0.0,0.492,0.373,23.3,92,908.1,3.7
CHR_BRK_03,2023-06-09 15:00:00+00:00,0.0,0.0,0.485,0.375,22.8,93,908.8,3.6
CHR_BRK_03,2023-06-09 16:00:00+00:00,0.0,0.0,0.48,0.377,22.5,94,909.0,4.0
CHR_BRK_03,2023-06-09 17:00:00+00:00,0.0,0.0,0.476,0.378,21.9,96,908.9,4.7
CHR_BRK_03,2023-06-09 18:00:00+00:00,0.1,0.1,0.474,0.379,21.5,100,908.0,4.9
CHR_BRK_03,2023-06-09 19:00:00+00:00,0.1,0.1,0.472,0.38,21.5,100,907.4,2.5
CHR_BRK_03,2023-06-09 20:00:00+00:00,0.0,0.0,0.47,0.381,21.7,99,906.9,3.6
CHR_BRK_03,2023-06-09 21:00:00+00:00,0.1,0.1,0.469,0.382,21.6,97,906.9,3.3
CHR_BRK_03,2023-06-09 22:00:00+00:00,0.0,0.0,0.466,0.383,21.8,96,906.8,1.8
CHR_BRK_03,2023-06-09 23:00:00+00:00,0.0,0.0,0.464,0.384,21.7,96,907.2,1.6
CHR_BRK_03,2023-06-10 00:00:00+00:00,0.0,0.0,0.454,0.376,22.6,93,907.9,4.6
CHR_BRK_03,2023-06-10 01:00:00+00:00,0.1,0.1,0.454,0.376,23.6,88,908.6,7.1
CHR_BRK_03,2023-06-10 02:00:00+00:00,0.1,0.1,0.453,0.377,25.0,81,909.1,8.7
CHR_BRK_03,2023-06-10 03:00:00+00:00,0.3,0.3,0.453,0.377,26.4,74,909.4,10.7
CHR_BRK_03,2023-06-10 04:00:00+00:00,0.2,0.2,0.451,0.377,27.9,69,909.5,10.6
CHR_BRK_03,2023-06-10 05:00:00+00:00,0.0,0.0,0.448,0.377,29.8,59,908.8,10.8
CHR_BRK_03,2023-06-10 06:00:00+00:00,0.0,0.0,0.445,0.377,29.9,57,907.6,11.0
CHR_BRK_03,2023-06-10 07:00:00+00:00,0.0,0.0,0.441,0.376,31.1,52,906.7,12.7
CHR_BRK_03,2023-06-10 08:00:00+00:00,1.6,1.6,0.45,0.376,29.4,59,906.0,14.0
CHR_BRK_03,2023-06-10 09:00:00+00:00,7.3,7.3,0.52,0.378,26.2,78,906.1,7.6
CHR_BRK_03,2023-06-10 10:00:00+00:00,5.3,5.3,0.503,0.404,25.4,85,906.1,2.3
CHR_BRK_03,2023-06-10 11:00:00+00:00,1.6,1.6,0.503,0.411,24.4,88,906.2,4.0
CHR_BRK_03,2023-06-10 12:00:00+00:00,0.5,0.5,0.497,0.41,22.5,96,906.6,4.5
CHR_BRK_03,2023-06-10 13:00:00+00:00,0.0,0.0,0.491,0.412,22.1,98,907.1,3.3
CHR_BRK_03,2023-06-10 14:00:00+00:00,0.2,0.2,0.488,0.413,21.9,98,907.8,2.3
CHR_BRK_03,2023-06-10 15:00:00+00:00,0.1,0.1,0.484,0.414,22.2,96,908.3,4.5
CHR_BRK_03,2023-06-10 16:00:00+00:00,0.0,0.0,0.482,0.415,21.4,99,908.3,3.4
CHR_BRK_03,2023-06-10 17:00:00+00:00,0.0,0.0,0.479,0.416,21.8,97,908.6,6.0
CHR_BRK_03,2023-06-10 18:00:00+00:00,0.0,0.0,0.476,0.417,21.2,100,908.0,3.1
CHR_BRK_03,2023-06-10 19:00:00+00:00,0.2,0.2,0.477,0.418,21.7,100,907.3,1.9
CHR_BRK_03,2023-06-10 20:00:00+00:00,0.1,0.1,0.476,0.418,21.7,100,906.7,1.8
CHR_BRK_03,2023-06-10 21:00:00+00:00,0.0,0.0,0.474,0.419,21.9,98,906.8,0.8
CHR_BRK_03,2023-06-10 22:00:00+00:00,0.3,0.3,0.476,0.419,21.9,97,906.8,0.7
CHR_BRK_03,2023-06-10 23:00:00+00:00,0.3,0.3,0.477,0.42,21.4,100,907.2,1.9
CHR_BRK_03,2023-06-11 00:00:00+00:00,0.1,0.1,0.49,0.432,22.1,97,907.6,2.5
CHR_BRK_03,2023-06-11 01:00:00+00:00,0.2,0.2,0.489,0.433,23.1,94,908.2,2.8
CHR_BRK_03,2023-06-11 02:00:00+00:00,0.4,0.4,0.488,0.434,23.5,91,908.5,4.2
CHR_BRK_03,2023-06-11 03:00:00+00:00,1.7,1.7,0.501,0.437,23.2,93,908.7,5.6
CHR_BRK_03,2023-06-11 04:00:00+00:00,0.6,0.6,0.499,0.439,23.9,91,908.6,5.0
CHR_BRK_03,2023-06-11 05:00:00+00:00,0.8,0.8,0.499,0.44,26.1,83,908.8,5.2
CHR_BRK_03,2023-06-11 06:00:00+00:00,0.5,0.5,0.497,0.442,26.9,75,907.8,7.7
CHR_BRK_03,2023-06-11 07:00:00+00:00,12.7,12.7,0.52,0.47,25.6,83,907.1,4.6
CHR_BRK_03,2023-06-11 08:00:00+00:00,13.3,13.3,0.52,0.506,23.6,99,906.5,9.4
CHR_BRK_03,2023-06-11 09:00:00+00:00,0.9,0.9,0.509,0.508,23.7,89,905.9,2.7
CHR_BRK_03,2023-06-11 10:00:00+00:00,0.4,0.4,0.509,0.505,23.8,89,905.7,2.1
CHR_BRK_03,2023-06-11 11:00:00+00:00,0.3,0.3,0.508,0.502,23.8,86,906.0,0.4
CHR_BRK_03,2023-06-11 12:00:00+00:00,0.2,0.2,0.492,0.484,24.0,88,906.8,2.3
CHR_BRK_03,2023-06-11 13:00:00+00:00,0.0,0.0,0.491,0.484,22.4,90,907.1,3.6
CHR_BRK_03,2023-06-11 14:00:00+00:00,0.0,0.0,0.49,0.483,22.3,89,907.5,4.5
CHR_BRK_03,2023-06-11 15:00:00+00:00,0.0,0.0,0.489,0.482,22.9,86,908.6,2.4
CHR_BRK_03,2023-06-11 16:00:00+00:00,0.0,0.0,0.488,0.481,22.7,88,909.3,2.8
CHR_BRK_03,2023-06-11 17:00:00+00:00,0.0,0.0,0.487,0.48,22.1,90,909.0,1.6
CHR_BRK_03,2023-06-11 18:00:00+00:00,0.0,0.0,0.486,0.48,20.5,95,907.9,2.2
CHR_BRK_03,2023-06-11 19:00:00+00:00,0.0,0.0,0.485,0.479,20.6,94,907.3,2.6
CHR_BRK_03,2023-06-11 20:00:00+00:00,0.0,0.0,0.484,0.478,20.1,95,906.7,2.4
CHR_BRK_03,2023-06-11 21:00:00+00:00,0.0,0.0,0.484,0.478,20.0,95,906.5,2.1
CHR_BRK_03,2023-06-11 22:00:00+00:00,0.0,0.0,0.483,0.477,20.0,96,906.6,1.9
CHR_BRK_03,2023-06-11 23:00:00+00:00,0.0,0.0,0.482,0.476,19.5,96,906.9,2.4
CHR_BRK_03,2023-06-12 00:00:00+00:00,0.0,0.0,0.48,0.476,21.1,95,907.9,4.4
CHR_BRK_03,2023-06-12 01:00:00+00:00,0.0,0.0,0.479,0.475,23.6,85,908.9,2.4
CHR_BRK_03,2023-06-12 02:00:00+00:00,0.0,0.0,0.478,0.474,25.7,73,909.6,2.1
CHR_BRK_03,2023-06-12 03:00:00+00:00,0.2,0.2,0.478,0.473,26.6,69,910.0,1.1
CHR_BRK_03,2023-06-12 04:00:00+00:00,0.1,0.1,0.477,0.472,27.3,67,910.0,4.7
CHR_BRK_03,2023-06-12 05:00:00+00:00,0.1,0.1,0.475,0.47,28.3,64,909.2,4.0
CHR_BRK_03,2023-06-12 06:00:00+00:00,4.3,4.3,0.519,0.47,25.8,79,908.7,9.6
CHR_BRK_03,2023-06-12 07:00:00+00:00,0.2,0.2,0.507,0.474,25.1,85,907.9,4.3
CHR_BRK_03,2023-06-12 08:00:00+00:00,0.1,0.1,0.501,0.474,27.2,73,907.5,7.4
CHR_BRK_03,2023-06-12 09:00:00+00:00,0.0,0.0,0.496,0.474,28.0,65,906.9,7.9
CHR_BRK_03,2023-06-12 10:00:00+00:00,0.0,0.0,0.493,0.473,28.0,63,906.2,7.9
CHR_BRK_03,2023-06-12 11:00:00+00:00,0.0,0.0,0.49,0.473,27.5,66,906.4,4.7
CHR_BRK_03,2023-06-12 12:00:00+00:00,0.0,0.0,0.488,0.47,25.0,81,907.3,4.1
CHR_BRK_03,2023-06-12 13:00:00+00:00,0.0,0.0,0.486,0.469,23.5,90,907.2,3.1
CHR_BRK_03,2023-06-12 14:00:00+00:00,0.0,0.0,0.485,0.469,22.6,94,907.9,3.4
CHR_BRK_03,2023-06-12 15:00:00+00:00,0.0,0.0,0.484,0.469,22.5,92,908.0,3.6
CHR_BRK_03,2023-06-12 16:00:00+00:00,0.0,0.0,0.483,0.469,22.1,92,908.2,3.5
CHR_BRK_03,2023-06-12 17:00:00+00:00,0.0,0.0,0.482,0.468,21.6,92,907.8,3.3
CHR_BRK_03,2023-06-12 18:00:00+00:00,0.0,0.0,0.481,0.468,21.3,91,907.7,2.6
CHR_BRK_03,2023-06-12 19:00:00+00:00,0.0,0.0,0.48,0.468,21.2,93,907.3,2.8
CHR_BRK_03,2023-06-12 20:00:00+00:00,0.0,0.0,0.479,0.467,20.8,95,906.4,3.1
CHR_BRK_03,2023-06-12 21:00:00+00:00,0.0,0.0,0.478,0.467,20.5,96,906.4,3.6
CHR_BRK_03,2023-06-12 22:00:00+00:00,0.0,0.0,0.478,0.467,20.4,97,906.3,3.9
CHR_BRK_03,2023-06-12 23:00:00+00:00,0.1,0.1,0.478,0.466,20.4,97,906.6,3.4
CHR_BRK_03,2023-06-13 00:00:00+00:00,0.1,0.1,0.479,0.466,21.3,98,907.7,3.9
CHR_BRK_03,2023-06-13 01:00:00+00:00,0.0,0.0,0.478,0.466,22.8,92,908.5,3.2
CHR_BRK_03,2023-06-13 02:00:00+00:00,0.0,0.0,0.477,0.465,24.0,90,909.0,1.8
CHR_BRK_03,2023-06-13 03:00:00+00:00,0.2,0.2,0.477,0.465,25.3,82,909.5,2.9
CHR_BRK_03,2023-06-13 04:00:00+00:00,0.2,0.2,0.477,0.464,27.0,71,909.1,6.2
CHR_BRK_03,2023-06-13 05:00:00+00:00,0.1,0.1,0.475,0.463,28.1,63,908.6,7.6
CHR_BRK_03,2023-06-13 06:00:00+00:00,0.1,0.1,0.474,0.462,28.8,61,908.3,7.9
CHR_BRK_03,2023-06-13 07:00:00+00:00,0.2,0.2,0.472,0.461,29.2,60,907.0,7.6
CHR_BRK_03,2023-06-13 08:00:00+00:00,0.3,0.3,0.472,0.46,29.2,60,906.3,6.5
CHR_BRK_03,2023-06-13 09:00:00+00:00,0.3,0.3,0.472,0.459,28.8,60,905.7,5.4
CHR_BRK_03,2023-06-13 10:00:00+00:00,0.0,0.0,0.47,0.458,28.8,59,905.1,5.0
CHR_BRK_03,2023-06-13 11:00:00+00:00,0.0,0.0,0.468,0.458,27.9,65,905.1,5.7
CHR_BRK_03,2023-06-13 12:00:00+00:00,0.0,0.0,0.48,0.458,25.4,87,906.1,1.9
CHR_BRK_03,2023-06-13 13:00:00+00:00,0.0,0.0,0.478,0.458,23.6,93,906.2,3.8
CHR_BRK_03,2023-06-13 14:00:00+00:00,0.0,0.0,0.477,0.458,23.2,93,907.0,3.1
CHR_BRK_03,2023-06-13 15:00:00+00:00,0.0,0.0,0.476,0.458,23.0,93,907.3,4.3
CHR_BRK_03,2023-06-13 16:00:00+00:00,0.0,0.0,0.476,0.458,22.5,94,907.8,4.7
CHR_BRK_03,2023-06-13 17:00:00+00:00,0.0,0.0,0.475,0.458,22.2,96,908.4,4.9
CHR_BRK_03,2023-06-13 18:00:00+00:00,0.0,0.0,0.474,0.457,21.4,98,908.2,2.0
CHR_BRK_03,2023-06-13 19:00:00+00:00,0.0,0.0,0.473,0.457,21.4,99,907.3,1.1
CHR_BRK_03,2023-06-13 20:00:00+00:00,0.0,0.0,0.473,0.457,21.1,99,906.8,2.3
CHR_BRK_03,2023-06-13 21:00:00+00:00,0.0,0.0,0.472,0.457,20.2,99,906.6,3.0
CHR_BRK_03,2023-06-13 22:00:00+00:00,0.0,0.0,0.471,0.457,20.7,98,906.8,2.5
CHR_BRK_03,2023-06-13 23:00:00+00:00,0.0,0.0,0.471,0.456,19.3,99,906.7,3.3
CHR_BRK_03,2023-06-14 00:00:00+00:00,0.0,0.0,0.471,0.456,21.8,98,907.9,1.3
CHR_BRK_03,2023-06-14 01:00:00+00:00,0.0,0.0,0.47,0.456,24.0,85,909.0,4.7
CHR_BRK_03,2023-06-14 02:00:00+00:00,0.1,0.1,0.469,0.456,26.0,76,909.4,6.4
CHR_BRK_03,2023-06-14 03:00:00+00:00,0.1,0.1,0.468,0.455,27.4,69,910.1,7.3
CHR_BRK_03,2023-06-14 04:00:00+00:00,0.1,0.1,0.467,0.454,28.9,64,909.9,8.0
CHR_BRK_03,2023-06-14 05:00:00+00:00,0.0,0.0,0.464,0.453,30.3,57,909.4,12.1
CHR_BRK_03,2023-06-14 06:00:00+00:00,0.0,0.0,0.461,0.452,31.1,53,908.5,13.4
CHR_BRK_03,2023-06-14 07:00:00+00:00,2.2,2.2,0.482,0.451,28.6,67,908.2,16.6
CHR_BRK_03,2023-06-14 08:00:00+00:00,0.5,0.5,0.483,0.451,26.2,77,907.4,9.0
CHR_BRK_03,2023-06-14 09:00:00+00:00,0.2,0.2,0.481,0.451,26.4,76,907.4,11.3
CHR_BRK_03,2023-06-14 10:00:00+00:00,0.1,0.1,0.479,0.451,26.7,72,906.7,10.3
CHR_BRK_03,2023-06-14 11:00:00+00:00,0.0,0.0,0.477,0.45,26.6,73,906.6,7.1
CHR_BRK_03,2023-06-14 12:00:00+00:00,0.0,0.0,0.474,0.451,25.3,83,907.8,2.5
CHR_BRK_03,2023-06-14 13:00:00+00:00,0.0,0.0,0.473,0.451,23.4,90,907.6,3.7
CHR_BRK_03,2023-06-14 14:00:00+00:00,0.0,0.0,0.472,0.451,22.0,93,908.3,4.7
CHR_BRK_03,2023-06-14 15:00:00+00:00,0.0,0.0,0.471,0.451,21.6,93,908.5,4.1
CHR_BRK_03,2023-06-14 16:00:00+00:00,0.0,0.0,0.471,0.451,21.0,94,908.8,3.1
CHR_BRK_03,2023-06-14 17:00:00+00:00,0.0,0.0,0.47,0.451,21.1,93,909.2,4.1
CHR_BRK_03,2023-06-14 18:00:00+00:00,0.0,0.0,0.469,0.451,20.5,95,908.4,6.4
CHR_BRK_03,2023-06-14 19:00:00+00:00,0.0,0.0,0.468,0.451,20.1,98,907.7,7.1
CHR_BRK_03,2023-06-14 20:00:00+00:00,0.0,0.0,0.468,0.451,19.7,99,907.0,7.1
CHR_BRK_03,2023-06-14 21:00:00+00:00,0.0,0.0,0.467,0.45,19.4,99,906.3,7.4
CHR_BRK_03,2023-06-14 22:00:00+00:00,0.0,0.0,0.467,0.45,19.4,98,906.6,6.9
CHR_BRK_03,2023-06-14 23:00:00+00:00,0.0,0.0,0.466,0.45,19.3,98,907.3,5.5
CHR_BRK_03,2023-06-15 00:00:00+00:00,0.0,0.0,0.464,0.45,20.9,96,909.0,4.5
CHR_BRK_03,2023-06-15 01:00:00+00:00,0.0,0.0,0.464,0.45,23.0,89,910.3,4.3
CHR_BRK_03,2023-06-15 02:00:00+00:00,0.0,0.0,0.463,0.449,24.8,81,911.0,6.0
CHR_BRK_03,2023-06-15 03:00:00+00:00,0.0,0.0,0.461,0.449,27.6,66,911.0,11.6
CHR_BRK_03,2023-06-15 04:00:00+00:00,0.3,0.3,0.46,0.448,29.9,56,910.6,10.0
CHR_BRK_03,2023-06-15 05:00:00+00:00,0.0,0.0,0.458,0.447,31.4,47,910.4,14.0
CHR_BRK_03,2023-06-15 06:00:00+00:00,0.3,0.3,0.457,0.445,30.4,53,909.9,14.2
CHR_BRK_03,2023-06-15 07:00:00+00:00,0.5,0.5,0.458,0.445,28.9,57,909.6,17.3
CHR_BRK_03,2023-06-15 08:00:00+00:00,0.2,0.2,0.457,0.444,28.0,62,909.0,14.4
CHR_BRK_03,2023-06-15 09:00:00+00:00,0.2,0.2,0.457,0.443,28.8,65,908.5,11.4
CHR_BRK_03,2023-06-15 10:00:00+00:00,0.0,0.0,0.455,0.442,29.0,62,907.6,7.9
CHR_BRK_03,2023-06-15 11:00:00+00:00,0.2,0.2,0.455,0.442,28.1,65,907.8,7.4
CHR_BRK_03,2023-06-15 12:00:00+00:00,0.0,0.0,0.474,0.445,24.5,78,908.9,7.9
CHR_BRK_03,2023-06-15 13:00:00+00:00,0.0,0.0,0.473,0.445,23.0,86,909.4,5.2
CHR_BRK_03,2023-06-15 14:00:00+00:00,0.0,0.0,0.472,0.445,21.8,93,909.4,3.6
CHR_BRK_03,2023-06-15 15:00:00+00:00,0.0,0.0,0.471,0.445,21.4,96,910.0,2.7
CHR_BRK_03,2023-06-15 16:00:00+00:00,0.0,0.0,0.47,0.445,20.9,97,910.4,2.9
CHR_BRK_03,2023-06-15 17:00:00+00:00,0.0,0.0,0.469,0.445,20.7,97,910.0,5.6
CHR_BRK_03,2023-06-15 18:00:00+00:00,0.0,0.0,0.468,0.445,20.5,98,909.3,6.6
CHR_BRK_03,2023-06-15 19:00:00+00:00,0.0,0.0,0.467,0.445,20.2,98,908.2,6.4
CHR_BRK_03,2023-06-15 20:00:00+00:00,0.0,0.0,0.467,0.445,20.1,98,907.7,6.4
CHR_BRK_03,2023-06-15 21:00:00+00:00,0.0,0.0,0.466,0.445,20.2,97,907.7,5.2
CHR_BRK_03,2023-06-15 22:00:00+00:00,0.0,0.0,0.465,0.445,20.2,97,907.7,5.9
CHR_BRK_03,2023-06-15 23:00:00+00:00,0.0,0.0,0.465,0.445,20.0,97,908.1,7.2
CHR_BRK_03,2023-06-16 00:00:00+00:00,0.2,0.2,0.464,0.445,21.5,92,910.3,5.7
CHR_BRK_03,2023-06-16 01:00:00+00:00,3.0,3.0,0.495,0.445,21.5,99,910.7,4.5
CHR_BRK_03,2023-06-16 02:00:00+00:00,0.9,0.9,0.501,0.447,21.7,100,910.8,5.4
CHR_BRK_03,2023-06-16 03:00:00+00:00,0.3,0.3,0.498,0.449,23.3,94,911.6,7.9
CHR_BRK_03,2023-06-16 04:00:00+00:00,1.2,1.2,0.503,0.45,24.1,99,911.2,11.5
CHR_BRK_03,2023-06-16 05:00:00+00:00,0.1,0.1,0.498,0.452,26.7,79,911.1,11.0
CHR_BRK_03,2023-06-16 06:00:00+00:00,0.0,0.0,0.492,0.452,30.7,59,910.5,11.2
CHR_BRK_03,2023-06-16 07:00:00+00:00,0.0,0.0,0.487,0.452,31.4,52,909.2,12.6
CHR_BRK_03,2023-06-16 08:00:00+00:00,1.0,1.0,0.49,0.451,28.4,64,909.0,15.4
CHR_BRK_03,2023-06-16 09:00:00+00:00,0.0,0.0,0.486,0.451,29.0,61,908.2,12.4
CHR_BRK_03,2023-06-16 10:00:00+00:00,1.2,1.2,0.492,0.452,28.8,65,907.2,9.4
CHR_BRK_03,2023-06-16 11:00:00+00:00,1.4,1.4,0.5,0.452,26.3,78,908.0,9.3
CHR_BRK_03,2023-06-16 12:00:00+00:00,0.1,0.1,0.471,0.445,23.9,83,909.4,7.1
CHR_BRK_03,2023-06-16 13:00:00+00:00,0.0,0.0,0.47,0.445,22.5,90,909.5,3.3
CHR_BRK_03,2023-06-16 14:00:00+00:00,0.0,0.0,0.469,0.445,21.5,95,909.9,3.6
CHR_BRK_03,2023-06-16 15:00:00+00:00,0.0,0.0,0.468,0.445,21.8,93,910.7,3.3
CHR_BRK_03,2023-06-16 16:00:00+00:00,0.0,0.0,0.468,0.445,21.2,95,910.9,3.6
CHR_BRK_03,2023-06-16 17:00:00+00:00,0.0,0.0,0.467,0.445,20.8,96,910.4,5.4
CHR_BRK_03,2023-06-16 18:00:00+00:00,0.0,0.0,0.466,0.445,20.4,97,909.7,5.6
CHR_BRK_03,2023-06-16 19:00:00+00:00,0.0,0.0,0.465,0.445,20.2,98,908.9,5.4
CHR_BRK_03,2023-06-16 20:00:00+00:00,0.0,0.0,0.465,0.445,20.0,97,908.5,6.2
CHR_BRK_03,2023-06-16 21:00:00+00:00,0.0,0.0,0.464,0.445,19.9,97,908.3,6.9
CHR_BRK_03,2023-06-16 22:00:00+00:00,0.0,0.0,0.464,0.445,19.9,97,908.4,6.7
CHR_BRK_03,2023-06-16 23:00:00+00:00,0.0,0.0,0.463,0.445,19.7,97,908.7,6.6
CHR_BRK_03,2023-06-17 00:00:00+00:00,0.0,0.0,0.462,0.445,21.1,94,910.2,6.0
CHR_BRK_03,2023-06-17 01:00:00+00:00,0.0,0.0,0.461,0.444,23.5,86,911.7,3.6
CHR_BRK_03,2023-06-17 02:00:00+00:00,0.0,0.0,0.46,0.444,24.8,79,912.5,4.9
CHR_BRK_03,2023-06-17 03:00:00+00:00,0.0,0.0,0.459,0.444,25.4,76,912.4,9.0
CHR_BRK_03,2023-06-17 04:00:00+00:00,0.0,0.0,0.458,0.443,27.3,67,912.4,11.6
CHR_BRK_03,2023-06-17 05:00:00+00:00,0.3,0.3,0.458,0.442,29.7,58,912.1,14.0
CHR_BRK_03,2023-06-17 06:00:00+00:00,0.1,0.1,0.456,0.442,30.0,60,911.6,12.1
CHR_BRK_03,2023-06-17 07:00:00+00:00,0.8,0.8,0.46,0.441,27.5,69,911.1,15.0
CHR_BRK_03,2023-06-17 08:00:00+00:00,0.2,0.2,0.459,0.44,28.8,65,910.5,12.3
CHR_BRK_03,2023-06-17 09:00:00+00:00,0.1,0.1,0.457,0.439,29.1,63,909.6,16.0
CHR_BRK_03,2023-06-17 10:00:00+00:00,0.1,0.1,0.456,0.439,28.8,62,908.6,12.5
CHR_BRK_03,2023-06-17 11:00:00+00:00,0.0,0.0,0.455,0.438,27.8,68,908.6,8.4
CHR_BRK_03,2023-06-17 12:00:00+00:00,0.0,0.0,0.461,0.44,24.9,75,910.3,8.8
CHR_BRK_03,2023-06-17 13:00:00+00:00,0.0,0.0,0.46,0.44,23.0,85,910.7,4.1
CHR_BRK_03,2023-06-17 14:00:00+00:00,0.0,0.0,0.459,0.44,22.7,88,911.5,3.7
CHR_BRK_03,2023-06-17 15:00:00+00:00,0.0,0.0,0.459,0.44,22.3,90,912.0,2.9
CHR_BRK_03,2023-06-17 16:00:00+00:00,0.0,0.0,0.458,0.44,21.8,93,912.2,3.5
CHR_BRK_03,2023-06-17 17:00:00+00:00,0.0,0.0,0.458,0.44,21.2,96,912.1,3.9
CHR_BRK_03,2023-06-17 18:00:00+00:00,0.0,0.0,0.457,0.44,20.6,98,911.4,5.0
CHR_BRK_03,2023-06-17 19:00:00+00:00,0.0,0.0,0.457,0.44,20.4,99,910.9,5.0
CHR_BRK_03,2023-06-17 20:00:00+00:00,0.0,0.0,0.457,0.439,19.9,100,910.5,4.7
CHR_BRK_03,2023-06-17 21:00:00+00:00,0.0,0.0,0.456,0.439,19.8,100,910.2,5.3
CHR_BRK_03,2023-06-17 22:00:00+00:00,0.0,0.0,0.456,0.439,19.5,100,909.8,6.0
CHR_BRK_03,2023-06-17 23:00:00+00:00,0.0,0.0,0.455,0.439,19.4,100,910.1,5.8
CHR_BRK_03,2023-06-18 00:00:00+00:00,0.0,0.0,0.454,0.439,20.5,98,911.6,5.3
CHR_BRK_03,2023-06-18 01:00:00+00:00,0.0,0.0,0.453,0.438,23.8,85,912.8,5.9
CHR_BRK_03,2023-06-18 02:00:00+00:00,0.0,0.0,0.452,0.438,25.7,73,913.5,14.2
CHR_BRK_03,2023-06-18 03:00:00+00:00,0.0,0.0,0.45,0.437,27.0,66,913.7,13.8
CHR_BRK_03,2023-06-18 04:00:00+00:00,0.0,0.0,0.448,0.437,28.3,60,913.5,11.5
CHR_BRK_03,2023-06-18 05:00:00+00:00,0.0,0.0,0.446,0.436,30.4,54,913.1,8.0
CHR_BRK_03,2023-06-18 06:00:00+00:00,0.0,0.0,0.443,0.435,31.2,53,912.3,8.0
CHR_BRK_03,2023-06-18 07:00:00+00:00,0.1,0.1,0.441,0.434,31.1,53,911.3,8.6
CHR_BRK_03,2023-06-18 08:00:00+00:00,0.3,0.3,0.44,0.433,30.5,54,910.1,10.2
CHR_BRK_03,2023-06-18 09:00:00+00:00,0.2,0.2,0.44,0.432,29.3,59,909.6,14.0
CHR_BRK_03,2023-06-18 10:00:00+00:00,0.1,0.1,0.439,0.432,27.2,70,908.9,6.5
CHR_BRK_03,2023-06-18 11:00:00+00:00,0.0,0.0,0.438,0.431,26.9,71,909.1,7.6
CHR_BRK_03,2023-06-18 12:00:00+00:00,0.0,0.0,0.441,0.432,25.4,73,910.5,7.2
CHR_BRK_03,2023-06-18 13:00:00+00:00,0.0,0.0,0.441,0.432,23.7,81,911.3,6.2
CHR_BRK_03,2023-06-18 14:00:00+00:00,0.0,0.0,0.44,0.432,22.8,87,912.1,3.6
CHR_BRK_03,2023-06-18 15:00:00+00:00,0.0,0.0,0.44,0.432,22.2,92,912.5,2.9
CHR_BRK_03,2023-06-18 16:00:00+00:00,0.0,0.0,0.44,0.431,21.6,95,912.4,3.7
CHR_BRK_03,2023-06-18 17:00:00+00:00,0.0,0.0,0.44,0.431,21.2,98,911.9,3.8
CHR_BRK_03,2023-06-18 18:00:00+00:00,0.0,0.0,0.44,0.431,20.7,100,911.3,5.0
CHR_BRK_03,2023-06-18 19:00:00+00:00,0.0,0.0,0.44,0.431,20.5,100,910.8,4.7
CHR_BRK_03,2023-06-18 20:00:00+00:00,0.0,0.0,0.439,0.431,20.2,100,909.9,3.8
CHR_BRK_03,2023-06-18 21:00:00+00:00,0.0,0.0,0.439,0.431,20.1,99,909.7,3.8
CHR_BRK_03,2023-06-18 22:00:00+00:00,0.0,0.0,0.439,0.431,19.8,100,909.8,4.7
CHR_BRK_03,2023-06-18 23:00:00+00:00,0.0,0.0,0.439,0.431,19.6,100,910.2,5.0
CHR_BRK_03,2023-06-19 00:00:00+00:00,0.0,0.0,0.438,0.431,20.2,98,910.9,4.1
CHR_BRK_03,2023-06-19 01:00:00+00:00,0.0,0.0,0.438,0.43,23.1,88,912.3,3.6
CHR_BRK_03,2023-06-19 02:00:00+00:00,0.2,0.2,0.438,0.43,25.2,75,912.8,9.7
CHR_BRK_03,2023-06-19 03:00:00+00:00,0.1,0.1,0.437,0.43,26.4,68,913.0,9.7
CHR_BRK_03,2023-06-19 04:00:00+00:00,0.0,0.0,0.436,0.429,25.9,70,913.1,8.7
CHR_BRK_03,2023-06-19 05:00:00+00:00,0.1,0.1,0.436,0.429,26.0,71,912.5,7.4
CHR_BRK_03,2023-06-19 06:00:00+00:00,0.1,0.1,0.436,0.428,26.2,72,911.2,6.6
CHR_BRK_03,2023-06-19 07:00:00+00:00,0.0,0.0,0.434,0.428,27.8,65,910.7,5.6
CHR_BRK_03,2023-06-19 08:00:00+00:00,0.0,0.0,0.433,0.427,28.1,62,909.7,7.1
CHR_BRK_03,2023-06-19 09:00:00+00:00,0.2,0.2,0.433,0.427,26.8,70,909.4,10.2
CHR_BRK_03,2023-06-19 10:00:00+00:00,0.1,0.1,0.433,0.426,26.2,76,909.0,8.5
CHR_BRK_03,2023-06-19 11:00:00+00:00,0.2,0.2,0.433,0.426,25.8,76,909.0,8.7
CHR_BRK_03,2023-06-19 12:00:00+00:00,0.1,0.1,0.435,0.427,23.5,82,910.6,7.6
CHR_BRK_03,2023-06-19 13:00:00+00:00,0.1,0.1,0.435,0.427,22.3,89,910.7,3.6
CHR_BRK_03,2023-06-19 14:00:00+00:00,0.1,0.1,0.436,0.427,22.1,91,911.0,3.9
CHR_BRK_03,2023-06-19 15:00:00+00:00,0.0,0.0,0.436,0.427,21.8,94,911.2,3.2
CHR_BRK_03,2023-06-19 16:00:00+00:00,0.0,0.0,0.436,0.427,21.5,96,911.4,3.4
CHR_BRK_03,2023-06-19 17:00:00+00:00,0.0,0.0,0.436,0.427,21.5,96,911.4,3.1
CHR_BRK_03,2023-06-19 18:00:00+00:00,0.0,0.0,0.435,0.427,21.4,95,911.0,1.9
CHR_BRK_03,2023-06-19 19:00:00+00:00,0.0,0.0,0.435,0.427,21.1,96,910.2,2.5
CHR_BRK_03,2023-06-19 20:00:00+00:00,0.0,0.0,0.435,0.427,20.5,96,909.7,2.9
CHR_BRK_03,2023-06-19 21:00:00+00:00,0.0,0.0,0.435,0.427,20.4,96,909.6,2.6
CHR_BRK_03,2023-06-19 22:00:00+00:00,0.0,0.0,0.435,0.426,20.1,96,909.1,2.1
CHR_BRK_03,2023-06-19 23:00:00+00:00,0.0,0.0,0.435,0.426,19.7,97,909.3,2.4
CHR_BRK_03,2023-06-20 00:00:00+00:00,0.0,0.0,0.433,0.426,20.9,94,910.3,5.0
CHR_BRK_03,2023-06-20 01:00:00+00:00,0.0,0.0,0.432,0.426,23.6,82,911.9,4.3
CHR_BRK_03,2023-06-20 02:00:00+00:00,0.0,0.0,0.432,0.425,25.2,72,912.6,10.1
CHR_BRK_03,2023-06-20 03:00:00+00:00,0.0,0.0,0.43,0.425,26.8,63,913.1,9.4
CHR_BRK_03,2023-06-20 04:00:00+00:00,0.0,0.0,0.429,0.424,28.3,56,913.2,10.1
CHR_BRK_03,2023-06-20 05:00:00+00:00,0.0,0.0,0.427,0.423,29.2,55,912.6,7.9
CHR_BRK_03,2023-06-20 06:00:00+00:00,0.1,0.1,0.425,0.422,30.4,52,911.6,6.1
CHR_BRK_03,2023-06-20 07:00:00+00:00,0.1,0.1,0.423,0.421,30.8,50,910.4,6.4
CHR_BRK_03,2023-06-20 08:00:00+00:00,0.1,0.1,0.421,0.42,31.0,49,909.5,7.0
CHR_BRK_03,2023-06-20 09:00:00+00:00,0.2,0.2,0.421,0.42,30.6,50,908.8,8.7
CHR_BRK_03,2023-06-20 10:00:00+00:00,0.1,0.1,0.42,0.419,29.6,56,908.2,8.5
CHR_BRK_03,2023-06-20 11:00:00+00:00,0.1,0.1,0.419,0.418,28.7,60,908.5,7.3
CHR_BRK_03,2023-06-20 12:00:00+00:00,0.1,0.1,0.426,0.418,25.4,76,910.3,7.6
CHR_BRK_03,2023-06-20 13:00:00+00:00,0.0,0.0,0.426,0.418,24.2,83,910.8,5.5
CHR_BRK_03,2023-06-20 14:00:00+00:00,0.3,0.3,0.428,0.418,23.5,87,912.0,5.2
CHR_BRK_03,2023-06-20 15:00:00+00:00,0.1,0.1,0.429,0.417,23.1,90,912.4,3.3
CHR_BRK_03,2023-06-20 16:00:00+00:00,0.0,0.0,0.428,0.417,22.7,94,912.1,4.8
CHR_BRK_03,2023-06-20 17:00:00+00:00,0.0,0.0,0.428,0.417,22.4,95,911.9,3.8
CHR_BRK_03,2023-06-20 18:00:00+00:00,0.0,0.0,0.429,0.417,22.0,97,911.3,4.8
CHR_BRK_03,2023-06-20 19:00:00+00:00,0.0,0.0,0.429,0.417,21.8,98,910.6,3.2
CHR_BRK_03,2023-06-20 20:00:00+00:00,0.2,0.2,0.43,0.417,21.6,98,910.5,4.0
CHR_BRK_03,2023-06-20 21:00:00+00:00,0.0,0.0,0.43,0.417,21.5,98,910.1,4.2
CHR_BRK_03,2023-06-20 22:00:00+00:00,0.0,0.0,0.43,0.417,21.5,98,910.2,2.7
CHR_BRK_03,2023-06-20 23:00:00+00:00,0.0,0.0,0.43,0.417,21.5,97,910.4,2.6
CHR_BRK_03,2023-06-21 00:00:00+00:00,0.0,0.0,0.425,0.417,21.3,99,911.2,4.5
CHR_BRK_03,2023-06-21 01:00:00+00:00,0.0,0.0,0.425,0.416,23.5,89,912.5,3.7
CHR_BRK_03,2023-06-21 02:00:00+00:00,0.1,0.1,0.425,0.416,25.1,83,913.1,4.0
CHR_BRK_03,2023-06-21 03:00:00+00:00,0.0,0.0,0.424,0.416,26.4,74,913.0,6.0
CHR_BRK_03,2023-06-21 04:00:00+00:00,0.2,0.2,0.423,0.415,28.3,64,913.2,8.1
CHR_BRK_03,2023-06-21 05:00:00+00:00,0.2,0.2,0.423,0.414,29.3,60,912.9,6.7
CHR_BRK_03,2023-06-21 06:00:00+00:00,0.1,0.1,0.422,0.414,29.7,59,912.3,5.8
CHR_BRK_03,2023-06-21 07:00:00+00:00,0.2,0.2,0.421,0.413,30.4,58,911.1,5.1
CHR_BRK_03,2023-06-21 08:00:00+00:00,0.1,0.1,0.419,0.412,30.8,56,910.1,2.5
CHR_BRK_03,2023-06-21 09:00:00+00:00,0.1,0.1,0.418,0.411,30.7,57,909.5,4.9
CHR_BRK_03,2023-06-21 10:00:00+00:00,0.2,0.2,0.418,0.411,28.3,64,909.2,7.8
CHR_BRK_03,2023-06-21 11:00:00+00:00,0.0,0.0,0.417,0.411,27.4,69,909.6,2.4
CHR_BRK_03,2023-06-21 12:00:00+00:00,3.5,3.5,0.501,0.429,22.9,99,910.6,7.1
CHR_BRK_03,2023-06-21 13:00:00+00:00,0.1,0.1,0.496,0.431,22.8,95,911.0,3.6
CHR_BRK_03,2023-06-21 14:00:00+00:00,0.0,0.0,0.491,0.432,22.5,97,911.6,4.8
CHR_BRK_03,2023-06-21 15:00:00+00:00,0.0,0.0,0.487,0.433,21.9,98,911.8,2.6
CHR_BRK_03,2023-06-21 16:00:00+00:00,0.0,0.0,0.484,0.434,21.8,98,912.3,3.5
CHR_BRK_03,2023-06-21 17:00:00+00:00,0.0,0.0,0.482,0.435,21.7,98,911.9,4.7
CHR_BRK_03,2023-06-21 18:00:00+00:00,0.0,0.0,0.48,0.435,21.2,98,911.5,3.0
CHR_BRK_03,2023-06-21 19:00:00+00:00,0.0,0.0,0.478,0.436,21.2,97,911.1,2.4
CHR_BRK_03,2023-06-21 20:00:00+00:00,0.2,0.2,0.479,0.436,21.0,99,910.8,2.8
CHR_BRK_03,2023-06-21 21:00:00+00:00,0.0,0.0,0.478,0.437,20.8,100,910.5,3.1
CHR_BRK_03,2023-06-21 22:00:00+00:00,0.1,0.1,0.477,0.437,21.0,100,910.5,2.3
CHR_BRK_03,2023-06-21 23:00:00+00:00,0.1,0.1,0.476,0.438,20.5,100,910.6,2.9
CHR_BRK_03,2023-06-22 00:00:00+00:00,0.0,0.0,0.472,0.438,22.1,99,911.7,2.2
CHR_BRK_03,2023-06-22 01:00:00+00:00,2.3,2.3,0.498,0.438,23.2,93,912.8,2.2
CHR_BRK_03,2023-06-22 02:00:00+00:00,0.2,0.2,0.494,0.44,24.0,89,912.7,4.1
CHR_BRK_03,2023-06-22 03:00:00+00:00,0.2,0.2,0.491,0.441,25.1,86,913.0,5.6
CHR_BRK_03,2023-06-22 04:00:00+00:00,0.2,0.2,0.489,0.442,26.7,77,913.5,5.8
CHR_BRK_03,2023-06-22 05:00:00+00:00,0.2,0.2,0.486,0.442,28.0,67,913.0,6.2
CHR_BRK_03,2023-06-22 06:00:00+00:00,0.0,0.0,0.482,0.442,28.9,61,911.9,4.7
CHR_BRK_03,2023-06-22 07:00:00+00:00,1.3,1.3,0.491,0.442,27.1,69,911.1,5.1
CHR_BRK_03,2023-06-22 08:00:00+00:00,2.6,2.6,0.507,0.445,25.5,85,910.4,0.5
CHR_BRK_03,2023-06-22 09:00:00+00:00,3.5,3.5,0.513,0.456,26.2,75,910.2,6.8
CHR_BRK_03,2023-06-22 10:00:00+00:00,0.1,0.1,0.503,0.459,26.7,79,909.7,6.2
CHR_BRK_03,2023-06-22 11:00:00+00:00,0.4,0.4,0.501,0.46,26.1,79,909.5,7.3
CHR_BRK_03,2023-06-22 12:00:00+00:00,0.6,0.6,0.503,0.455,23.5,94,910.6,5.4
CHR_BRK_03,2023-06-22 13:00:00+00:00,0.1,0.1,0.499,0.457,22.8,97,910.8,4.1
CHR_BRK_03,2023-06-22 14:00:00+00:00,0.1,0.1,0.495,0.458,22.3,100,911.1,4.1
CHR_BRK_03,2023-06-22 15:00:00+00:00,0.1,0.1,0.493,0.458,22.1,100,911.6,3.2
CHR_BRK_03,2023-06-22 16:00:00+00:00,0.0,0.0,0.491,0.459,21.9,100,912.0,2.9
CHR_BRK_03,2023-06-22 17:00:00+00:00,0.0,0.0,0.488,0.459,21.7,100,912.1,3.5
CHR_BRK_03,2023-06-22 18:00:00+00:00,1.1,1.1,0.501,0.46,21.7,99,911.8,2.6
CHR_BRK_03,2023-06-22 19:00:00+00:00,2.0,2.0,0.515,0.463,21.6,100,911.7,2.9
CHR_BRK_03,2023-06-22 20:00:00+00:00,0.4,0.4,0.508,0.467,21.5,100,911.0,2.6
CHR_BRK_03,2023-06-22 21:00:00+00:00,0.4,0.4,0.506,0.469,21.2,100,910.5,2.4
CHR_BRK_03,2023-06-22 22:00:00+00:00,0.5,0.5,0.506,0.471,21.1,100,910.6,2.4
CHR_BRK_03,2023-06-22 23:00:00+00:00,0.5,0.5,0.506,0.472,21.0,100,910.9,2.4
CHR_BRK_03,2023-06-23 00:00:00+00:00,1.0,1.0,0.496,0.469,22.2,95,911.7,2.2
CHR_BRK_03,2023-06-23 01:00:00+00:00,0.0,0.0,0.494,0.469,22.9,94,912.1,1.0
CHR_BRK_03,2023-06-23 02:00:00+00:00,0.5,0.5,0.496,0.469,23.7,87,912.7,3.3
CHR_BRK_03,2023-06-23 03:00:00+00:00,0.1,0.1,0.494,0.469,25.1,82,913.1,1.9
CHR_BRK_03,2023-06-23 04:00:00+00:00,0.2,0.2,0.493,0.469,25.6,79,912.9,3.9
CHR_BRK_03,2023-06-23 05:00:00+00:00,0.4,0.4,0.493,0.469,25.6,79,913.0,4.6
CHR_BRK_03,2023-06-23 06:00:00+00:00,0.6,0.6,0.494,0.469,25.5,80,911.6,5.6
CHR_BRK_03,2023-06-23 07:00:00+00:00,0.3,0.3,0.493,0.469,27.6,68,910.7,7.6
CHR_BRK_03,2023-06-23 08:00:00+00:00,0.0,0.0,0.489,0.468,28.2,66,910.2,6.4
CHR_BRK_03,2023-06-23 09:00:00+00:00,1.7,1.7,0.502,0.468,26.9,73,909.5,10.3
CHR_BRK_03,2023-06-23 10:00:00+00:00,0.6,0.6,0.502,0.469,26.1,79,908.8,10.5
CHR_BRK_03,2023-06-23 11:00:00+00:00,0.2,0.2,0.499,0.47,25.6,79,908.6,7.9
CHR_BRK_03,2023-06-23 12:00:00+00:00,0.0,0.0,0.474,0.463,26.4,76,909.4,1.5
CHR_BRK_03,2023-06-23 13:00:00+00:00,0.3,0.3,0.475,0.463,24.4,80,910.0,5.3
CHR_BRK_03,2023-06-23 14:00:00+00:00,0.1,0.1,0.475,0.463,23.9,83,910.7,5.5
CHR_BRK_03,2023-06-23 15:00:00+00:00,0.0,0.0,0.475,0.462,22.9,89,911.0,4.2
CHR_BRK_03,2023-06-23 16:00:00+00:00,0.0,0.0,0.474,0.462,22.0,95,911.1,4.0
CHR_BRK_03,2023-06-23 17:00:00+00:00,0.0,0.0,0.473,0.462,21.3,97,910.8,5.0
CHR_BRK_03,2023-06-23 18:00:00+00:00,0.0,0.0,0.473,0.462,20.8,98,910.5,4.2
CHR_BRK_03,2023-06-23 19:00:00+00:00,0.0,0.0,0.472,0.461,20.6,98,910.1,3.9
CHR_BRK_03,2023-06-23 20:00:00+00:00,0.0,0.0,0.472,0.461,20.3,98,909.5,2.2
CHR_BRK_03,2023-06-23 21:00:00+00:00,0.0,0.0,0.471,0.461,19.8,98,909.6,1.5
CHR_BRK_03,2023-06-23 22:00:00+00:00,0.0,0.0,0.471,0.461,19.9,98,909.4,1.9
CHR_BRK_03,2023-06-23 23:00:00+00:00,0.0,0.0,0.47,0.46,19.3,98,909.4,2.7
CHR_BRK_03,2023-06-24 00:00:00+00:00,0.0,0.0,0.473,0.461,21.1,96,910.4,2.1
CHR_BRK_03,2023-06-24 01:00:00+00:00,0.0,0.0,0.472,0.461,23.4,88,911.6,2.1
CHR_BRK_03,2023-06-24 02:00:00+00:00,0.1,0.1,0.471,0.46,24.8,82,911.7,3.4
CHR_BRK_03,2023-06-24 03:00:00+00:00,0.1,0.1,0.47,0.46,26.4,72,911.8,1.6
CHR_BRK_03,2023-06-24 04:00:00+00:00,0.0,0.0,0.468,0.459,28.2,66,911.7,2.2
CHR_BRK_03,2023-06-24 05:00:00+00:00,0.0,0.0,0.466,0.458,29.1,61,911.2,2.9
CHR_BRK_03,2023-06-24 06:00:00+00:00,0.0,0.0,0.463,0.457,29.3,61,910.4,5.3
CHR_BRK_03,2023-06-24 07:00:00+00:00,0.3,0.3,0.465,0.456,26.1,75,909.6,5.0
CHR_BRK_03,2023-06-24 08:00:00+00:00,0.2,0.2,0.465,0.455,26.3,75,909.3,1.5
CHR_BRK_03,2023-06-24 09:00:00+00:00,0.0,0.0,0.463,0.455,27.8,68,908.6,4.7
CHR_BRK_03,2023-06-24 10:00:00+00:00,0.2,0.2,0.463,0.454,27.8,68,908.4,5.6
CHR_BRK_03,2023-06-24 11:00:00+00:00,1.6,1.6,0.473,0.454,24.5,88,908.2,2.9
CHR_BRK_03,2023-06-24 12:00:00+00:00,0.1,0.1,0.484,0.452,25.0,82,909.1,4.7
CHR_BRK_03,2023-06-24 13:00:00+00:00,0.0,0.0,0.482,0.452,23.1,92,909.5,3.8
CHR_BRK_03,2023-06-24 14:00:00+00:00,0.0,0.0,0.481,0.452,22.3,95,910.0,3.1
CHR_BRK_03,2023-06-24 15:00:00+00:00,0.0,0.0,0.479,0.452,22.1,96,910.5,3.4
CHR_BRK_03,2023-06-24 16:00:00+00:00,0.0,0.0,0.478,0.453,21.6,97,910.9,2.8
CHR_BRK_03,2023-06-24 17:00:00+00:00,0.0,0.0,0.477,0.453,21.3,98,910.8,3.5
CHR_BRK_03,2023-06-24 18:00:00+00:00,0.0,0.0,0.476,0.453,21.0,98,910.6,3.9
CHR_BRK_03,2023-06-24 19:00:00+00:00,0.0,0.0,0.475,0.453,20.7,97,910.2,5.0
CHR_BRK_03,2023-06-24 20:00:00+00:00,0.0,0.0,0.474,0.453,20.7,97,909.8,4.8
CHR_BRK_03,2023-06-24 21:00:00+00:00,0.0,0.0,0.473,0.453,20.8,97,909.9,3.2
CHR_BRK_03,2023-06-24 22:00:00+00:00,0.0,0.0,0.472,0.453,20.9,98,910.2,3.2
CHR_BRK_03,2023-06-24 23:00:00+00:00,0.0,0.0,0.471,0.453,20.8,98,910.2,2.1
CHR_BRK_03,2023-06-25 00:00:00+00:00,0.0,0.0,0.473,0.456,21.2,99,910.7,1.5
CHR_BRK_03,2023-06-25 01:00:00+00:00,0.0,0.0,0.473,0.456,22.6,91,912.3,2.9
CHR_BRK_03,2023-06-25 02:00:00+00:00,0.1,0.1,0.473,0.456,23.8,86,912.9,7.3
CHR_BRK_03,2023-06-25 03:00:00+00:00,0.3,0.3,0.474,0.456,24.4,85,913.2,5.9
CHR_BRK_03,2023-06-25 04:00:00+00:00,0.2,0.2,0.473,0.455,25.3,81,913.1,5.0
CHR_BRK_03,2023-06-25 05:00:00+00:00,0.1,0.1,0.472,0.455,26.9,74,912.6,5.4
CHR_BRK_03,2023-06-25 06:00:00+00:00,0.1,0.1,0.47,0.454,28.0,71,911.8,7.4
CHR_BRK_03,2023-06-25 07:00:00+00:00,2.8,2.8,0.494,0.454,27.4,74,910.9,6.3
CHR_BRK_03,2023-06-25 08:00:00+00:00,0.1,0.1,0.49,0.454,27.5,76,910.1,4.2
CHR_BRK_03,2023-06-25 09:00:00+00:00,0.1,0.1,0.487,0.454,28.5,69,909.4,6.6
CHR_BRK_03,2023-06-25 10:00:00+00:00,0.0,0.0,0.484,0.454,27.7,72,909.2,3.2
CHR_BRK_03,2023-06-25 11:00:00+00:00,1.1,1.1,0.49,0.454,26.0,81,909.0,1.1
CHR_BRK_03,2023-06-25 12:00:00+00:00,1.4,1.4,0.499,0.464,25.1,82,910.2,5.4
CHR_BRK_03,2023-06-25 13:00:00+00:00,0.1,0.1,0.496,0.465,23.2,90,910.5,3.3
CHR_BRK_03,2023-06-25 14:00:00+00:00,0.0,0.0,0.493,0.466,22.9,92,911.0,3.1
CHR_BRK_03,2023-06-25 15:00:00+00:00,0.0,0.0,0.491,0.466,22.4,95,911.6,4.6
CHR_BRK_03,2023-06-25 16:00:00+00:00,0.0,0.0,0.489,0.466,21.7,97,911.9,4.1
CHR_BRK_03,2023-06-25 17:00:00+00:00,0.0,0.0,0.487,0.466,21.2,98,911.6,4.0
CHR_BRK_03,2023-06-25 18:00:00+00:00,0.0,0.0,0.486,0.466,20.8,99,911.1,2.4
CHR_BRK_03,2023-06-25 19:00:00+00:00,0.0,0.0,0.484,0.466,21.0,98,910.3,2.7
CHR_BRK_03,2023-06-25 20:00:00+00:00,0.0,0.0,0.483,0.466,20.4,98,909.9,2.6
CHR_BRK_03,2023-06-25 21:00:00+00:00,0.0,0.0,0.482,0.466,19.6,99,909.8,2.4
CHR_BRK_03,2023-06-25 22:00:00+00:00,0.0,0.0,0.481,0.466,19.9,98,909.8,1.9
CHR_BRK_03,2023-06-25 23:00:00+00:00,0.1,0.1,0.481,0.465,19.9,97,910.5,1.8
CHR_BRK_03,2023-06-26 00:00:00+00:00,0.2,0.2,0.484,0.466,21.9,95,911.5,3.2
CHR_BRK_03,2023-06-26 01:00:00+00:00,0.0,0.0,0.482,0.466,23.5,89,912.4,6.4
CHR_BRK_03,2023-06-26 02:00:00+00:00,0.0,0.0,0.481,0.466,24.9,84,912.9,6.4
CHR_BRK_03,2023-06-26 03:00:00+00:00,0.0,0.0,0.48,0.465,26.5,76,913.3,6.1
CHR_BRK_03,2023-06-26 04:00:00+00:00,0.1,0.1,0.478,0.465,28.0,68,913.1,6.2
CHR_BRK_03,2023-06-26 05:00:00+00:00,4.2,4.2,0.52,0.465,24.8,82,912.7,12.0
CHR_BRK_03,2023-06-26 06:00:00+00:00,0.2,0.2,0.496,0.472,25.7,80,911.9,3.3
CHR_BRK_03,2023-06-26 07:00:00+00:00,0.3,0.3,0.494,0.472,28.8,68,910.7,5.8
CHR_BRK_03,2023-06-26 08:00:00+00:00,0.2,0.2,0.491,0.471,29.3,66,910.1,7.1
CHR_BRK_03,2023-06-26 09:00:00+00:00,0.0,0.0,0.488,0.47,29.4,62,909.5,7.6
CHR_BRK_03,2023-06-26 10:00:00+00:00,1.9,1.9,0.502,0.47,26.6,75,909.0,8.4
CHR_BRK_03,2023-06-26 11:00:00+00:00,0.3,0.3,0.5,0.471,23.8,92,908.9,8.8
CHR_BRK_03,2023-06-26 12:00:00+00:00,0.0,0.0,0.512,0.462,24.0,89,910.1,4.2
CHR_BRK_03,2023-06-26 13:00:00+00:00,0.1,0.1,0.504,0.465,23.1,96,910.5,4.7
CHR_BRK_03,2023-06-26 14:00:00+00:00,0.1,0.1,0.499,0.466,22.4,98,911.0,2.4
CHR_BRK_03,2023-06-26 15:00:00+00:00,0.0,0.0,0.496,0.466,22.1,98,911.6,2.4
CHR_BRK_03,2023-06-26 16:00:00+00:00,0.0,0.0,0.493,0.467,21.4,98,911.6,2.9
CHR_BRK_03,2023-06-26 17:00:00+00:00,0.0,0.0,0.491,0.467,21.0,97,911.4,2.9
CHR_BRK_03,2023-06-26 18:00:00+00:00,0.0,0.0,0.489,0.467,21.9,95,911.6,2.6
CHR_BRK_03,2023-06-26 19:00:00+00:00,0.0,0.0,0.487,0.467,22.0,94,911.1,1.1
CHR_BRK_03,2023-06-26 20:00:00+00:00,0.0,0.0,0.486,0.467,21.8,95,910.8,0.7
CHR_BRK_03,2023-06-26 21:00:00+00:00,0.0,0.0,0.485,0.467,20.5,98,910.3,2.2
CHR_BRK_03,2023-06-26 22:00:00+00:00,0.0,0.0,0.483,0.467,20.1,99,910.0,2.9
CHR_BRK_03,2023-06-26 23:00:00+00:00,0.0,0.0,0.482,0.467,19.9,100,910.4,3.2
CHR_BRK_03,2023-06-27 00:00:00+00:00,0.0,0.0,0.479,0.47,21.8,100,911.2,0.8
CHR_BRK_03,2023-06-27 01:00:00+00:00,0.1,0.1,0.48,0.47,22.8,97,911.8,2.5
CHR_BRK_03,2023-06-27 02:00:00+00:00,0.1,0.1,0.479,0.47,24.5,92,912.7,3.1
CHR_BRK_03,2023-06-27 03:00:00+00:00,0.1,0.1,0.479,0.469,25.9,82,913.3,2.1
CHR_BRK_03,2023-06-27 04:00:00+00:00,0.1,0.1,0.478,0.468,27.8,69,913.3,3.1
CHR_BRK_03,2023-06-27 05:00:00+00:00,0.0,0.0,0.476,0.468,26.9,69,912.3,3.6
CHR_BRK_03,2023-06-27 06:00:00+00:00,0.2,0.2,0.476,0.467,27.1,68,912.7,6.1
CHR_BRK_03,2023-06-27 07:00:00+00:00,2.2,2.2,0.494,0.466,23.9,85,911.8,4.6
CHR_BRK_03,2023-06-27 08:00:00+00:00,0.4,0.4,0.494,0.467,25.3,84,911.1,5.9
CHR_BRK_03,2023-06-27 09:00:00+00:00,4.0,4.0,0.505,0.475,25.7,81,911.3,10.3
CHR_BRK_03,2023-06-27 10:00:00+00:00,0.1,0.1,0.501,0.476,25.7,78,910.8,5.2
CHR_BRK_03,2023-06-27 11:00:00+00:00,0.1,0.1,0.498,0.476,24.7,82,910.8,5.0
CHR_BRK_03,2023-06-27 12:00:00+00:00,0.1,0.1,0.507,0.502,23.5,93,911.6,5.3
CHR_BRK_03,2023-06-27 13:00:00+00:00,0.0,0.0,0.505,0.501,22.7,95,911.8,4.1
CHR_BRK_03,2023-06-27 14:00:00+00:00,0.0,0.0,0.503,0.5,21.8,97,912.4,2.9
CHR_BRK_03,2023-06-27 15:00:00+00:00,0.0,0.0,0.501,0.499,21.7,97,912.9,2.9
CHR_BRK_03,2023-06-27 16:00:00+00:00,0.0,0.0,0.499,0.497,21.2,95,913.2,2.6
CHR_BRK_03,2023-06-27 17:00:00+00:00,0.0,0.0,0.498,0.496,21.1,95,913.4,3.1
CHR_BRK_03,2023-06-27 18:00:00+00:00,0.0,0.0,0.497,0.495,20.7,96,913.3,2.7
CHR_BRK_03,2023-06-27 19:00:00+00:00,0.0,0.0,0.496,0.494,20.6,95,913.0,3.3
CHR_BRK_03,2023-06-27 20:00:00+00:00,0.0,0.0,0.495,0.493,20.9,95,912.7,2.8
CHR_BRK_03,2023-06-27 21:00:00+00:00,0.0,0.0,0.494,0.492,20.8,96,912.3,2.4
CHR_BRK_03,2023-06-27 22:00:00+00:00,0.0,0.0,0.493,0.491,20.4,98,912.5,3.4
CHR_BRK_03,2023-06-27 23:00:00+00:00,0.0,0.0,0.492,0.49,20.3,98,912.9,3.1
CHR_BRK_03,2023-06-28 00:00:00+00:00,0.0,0.0,0.489,0.489,20.8,100,912.7,4.1
CHR_BRK_03,2023-06-28 01:00:00+00:00,0.0,0.0,0.488,0.488,23.1,94,914.4,2.5
CHR_BRK_03,2023-06-28 02:00:00+00:00,0.2,0.2,0.489,0.487,24.1,91,915.4,2.9
CHR_BRK_03,2023-06-28 03:00:00+00:00,0.2,0.2,0.489,0.486,25.6,82,915.6,3.5
CHR_BRK_03,2023-06-28 04:00:00+00:00,0.2,0.2,0.488,0.485,27.4,73,915.7,6.8
CHR_BRK_03,2023-06-28 05:00:00+00:00,0.0,0.0,0.486,0.484,28.9,61,915.2,9.7
CHR_BRK_03,2023-06-28 06:00:00+00:00,0.0,0.0,0.484,0.483,28.7,61,913.5,6.0
CHR_BRK_03,2023-06-28 07:00:00+00:00,0.4,0.4,0.483,0.481,28.9,62,912.9,7.6
CHR_BRK_03,2023-06-28 08:00:00+00:00,4.3,4.3,0.52,0.482,26.4,78,912.4,9.7
CHR_BRK_03,2023-06-28 09:00:00+00:00,1.5,1.5,0.509,0.489,26.5,79,912.0,7.7
CHR_BRK_03,2023-06-28 10:00:00+00:00,2.1,2.1,0.519,0.491,25.8,81,911.8,7.6
CHR_BRK_03,2023-06-28 11:00:00+00:00,0.5,0.5,0.512,0.494,25.0,82,912.1,8.6
CHR_BRK_03,2023-06-28 12:00:00+00:00,0.1,0.1,0.476,0.471,25.0,83,912.7,6.1
CHR_BRK_03,2023-06-28 13:00:00+00:00,0.0,0.0,0.476,0.471,23.3,90,913.2,4.7
CHR_BRK_03,2023-06-28 14:00:00+00:00,0.0,0.0,0.475,0.471,22.6,94,913.5,4.7
CHR_BRK_03,2023-06-28 15:00:00+00:00,0.0,0.0,0.475,0.47,22.0,96,913.8,4.0
CHR_BRK_03,2023-06-28 16:00:00+00:00,0.0,0.0,0.475,0.47,22.0,96,914.4,3.3
CHR_BRK_03,2023-06-28 17:00:00+00:00,0.0,0.0,0.474,0.47,21.9,97,914.4,3.8
CHR_BRK_03,2023-06-28 18:00:00+00:00,0.0,0.0,0.474,0.469,22.0,97,914.3,3.5
CHR_BRK_03,2023-06-28 19:00:00+00:00,0.0,0.0,0.473,0.469,22.0,97,913.4,4.0
CHR_BRK_03,2023-06-28 20:00:00+00:00,0.0,0.0,0.473,0.469,21.9,97,912.8,4.2
CHR_BRK_03,2023-06-28 21:00:00+00:00,0.0,0.0,0.472,0.468,21.5,98,912.6,3.9
CHR_BRK_03,2023-06-28 22:00:00+00:00,0.0,0.0,0.472,0.468,21.3,98,912.7,4.1
CHR_BRK_03,2023-06-28 23:00:00+00:00,0.0,0.0,0.472,0.468,21.4,98,912.9,4.3
CHR_BRK_03,2023-06-29 00:00:00+00:00,0.0,0.0,0.471,0.468,21.2,99,913.2,5.7
CHR_BRK_03,2023-06-29 01:00:00+00:00,0.0,0.0,0.47,0.467,23.4,88,914.2,3.3
CHR_BRK_03,2023-06-29 02:00:00+00:00,0.0,0.0,0.469,0.466,25.4,75,914.6,6.0
CHR_BRK_03,2023-06-29 03:00:00+00:00,0.0,0.0,0.467,0.466,27.0,65,915.2,7.5
CHR_BRK_03,2023-06-29 04:00:00+00:00,0.0,0.0,0.465,0.464,28.5,60,915.2,9.0
CHR_BRK_03,2023-06-29 05:00:00+00:00,0.0,0.0,0.462,0.463,29.6,57,914.8,9.8
CHR_BRK_03,2023-06-29 06:00:00+00:00,0.1,0.1,0.46,0.462,29.9,56,913.9,11.2
CHR_BRK_03,2023-06-29 07:00:00+00:00,0.0,0.0,0.457,0.46,30.3,55,912.7,11.9
CHR_BRK_03,2023-06-29 08:00:00+00:00,0.1,0.1,0.454,0.459,29.9,57,911.7,14.0
CHR_BRK_03,2023-06-29 09:00:00+00:00,0.9,0.9,0.459,0.458,28.3,65,910.8,11.9
CHR_BRK_03,2023-06-29 10:00:00+00:00,0.4,0.4,0.46,0.458,27.8,65,910.4,15.1
CHR_BRK_03,2023-06-29 11:00:00+00:00,0.0,0.0,0.459,0.457,26.0,73,910.1,8.9
CHR_BRK_03,2023-06-29 12:00:00+00:00,0.0,0.0,0.453,0.458,25.3,74,911.2,9.5
CHR_BRK_03,2023-06-29 13:00:00+00:00,0.0,0.0,0.453,0.457,23.6,83,911.5,5.5
CHR_BRK_03,2023-06-29 14:00:00+00:00,0.0,0.0,0.453,0.457,22.4,89,911.7,4.9
CHR_BRK_03,2023-06-29 15:00:00+00:00,0.0,0.0,0.453,0.457,21.8,93,912.6,4.3
CHR_BRK_03,2023-06-29 16:00:00+00:00,0.0,0.0,0.453,0.456,21.8,94,913.2,3.3
CHR_BRK_03,2023-06-29 17:00:00+00:00,0.0,0.0,0.453,0.456,21.7,95,913.5,3.4
CHR_BRK_03,2023-06-29 18:00:00+00:00,0.0,0.0,0.452,0.456,21.9,94,913.5,4.2
CHR_BRK_03,2023-06-29 19:00:00+00:00,0.0,0.0,0.452,0.456,21.8,94,912.7,4.5
CHR_BRK_03,2023-06-29 20:00:00+00:00,0.0,0.0,0.452,0.455,21.8,94,912.1,4.0
CHR_BRK_03,2023-06-29 21:00:00+00:00,0.0,0.0,0.452,0.455,21.3,96,911.6,2.3
CHR_BRK_03,2023-06-29 22:00:00+00:00,0.0,0.0,0.452,0.455,20.7,98,911.3,3.1
CHR_BRK_03,2023-06-29 23:00:00+00:00,0.0,0.0,0.452,0.455,20.6,99,911.8,3.8
CHR_BRK_03,2023-06-30 00:00:00+00:00,0.0,0.0,0.451,0.453,22.4,92,912.6,4.1
CHR_BRK_03,2023-06-30 01:00:00+00:00,0.0,0.0,0.451,0.453,23.8,83,913.3,7.0
CHR_BRK_03,2023-06-30 02:00:00+00:00,0.0,0.0,0.449,0.452,25.5,72,913.8,9.0
CHR_BRK_03,2023-06-30 03:00:00+00:00,0.1,0.1,0.449,0.452,26.4,69,914.3,11.2
CHR_BRK_03,2023-06-30 04:00:00+00:00,0.0,0.0,0.447,0.451,27.2,68,914.2,10.2
CHR_BRK_03,2023-06-30 05:00:00+00:00,0.1,0.1,0.445,0.45,28.6,63,913.6,11.3
CHR_BRK_03,2023-06-30 06:00:00+00:00,0.2,0.2,0.445,0.449,27.2,66,913.1,14.8
CHR_BRK_03,2023-06-30 07:00:00+00:00,0.0,0.0,0.443,0.448,28.3,62,912.1,11.9
CHR_BRK_03,2023-06-30 08:00:00+00:00,0.1,0.1,0.441,0.447,28.8,62,911.1,11.5
CHR_BRK_03,2023-06-30 09:00:00+00:00,0.7,0.7,0.444,0.446,27.3,69,909.8,14.1
CHR_BRK_03,2023-06-30 10:00:00+00:00,0.2,0.2,0.444,0.445,26.7,73,909.3,9.7
CHR_BRK_03,2023-06-30 11:00:00+00:00,0.1,0.1,0.444,0.445,26.3,73,909.2,11.5
CHR_BRK_03,2023-06-30 12:00:00+00:00,0.1,0.1,0.436,0.444,25.6,76,910.4,9.7
CHR_BRK_03,2023-06-30 13:00:00+00:00,0.0,0.0,0.436,0.444,23.6,86,911.0,6.2
CHR_BRK_03,2023-06-30 14:00:00+00:00,0.0,0.0,0.436,0.443,22.4,94,910.7,5.2
CHR_BRK_03,2023-06-30 15:00:00+00:00,0.0,0.0,0.437,0.443,21.9,97,911.5,6.3
CHR_BRK_03,2023-06-30 16:00:00+00:00,0.0,0.0,0.437,0.443,22.1,96,912.1,4.5
CHR_BRK_03,2023-06-30 17:00:00+00:00,0.0,0.0,0.437,0.443,22.2,96,912.2,3.8
CHR_BRK_03,2023-06-30 18:00:00+00:00,0.0,0.0,0.437,0.443,21.9,97,911.5,4.3
CHR_BRK_03,2023-06-30 19:00:00+00:00,0.0,0.0,0.437,0.443,21.8,97,910.8,4.2
CHR_BRK_03,2023-06-30 20:00:00+00:00,0.0,0.0,0.437,0.442,21.6,98,910.3,4.7
CHR_BRK_03,2023-06-30 21:00:00+00:00,0.0,0.0,0.437,0.442,21.5,98,910.0,4.9
CHR_BRK_03,2023-06-30 22:00:00+00:00,0.0,0.0,0.437,0.442,21.6,98,910.1,4.7
CHR_BRK_03,2023-06-30 23:00:00+00:00,0.0,0.0,0.437,0.442,21.2,98,910.6,4.7
CHR_BRK_03,2023-07-01 00:00:00+00:00,0.0,0.0,0.437,0.441,22.6,96,911.2,5.2
CHR_BRK_03,2023-07-01 01:00:00+00:00,0.0,0.0,0.436,0.441,24.4,88,912.5,4.0
CHR_BRK_03,2023-07-01 02:00:00+00:00,0.1,0.1,0.436,0.44,25.4,82,913.1,5.4
CHR_BRK_03,2023-07-01 03:00:00+00:00,0.0,0.0,0.435,0.44,27.4,71,913.5,6.9
CHR_BRK_03,2023-07-01 04:00:00+00:00,0.0,0.0,0.433,0.439,28.9,63,913.6,9.0
CHR_BRK_03,2023-07-01 05:00:00+00:00,0.1,0.1,0.431,0.438,29.5,60,913.3,11.3
CHR_BRK_03,2023-07-01 06:00:00+00:00,3.6,3.6,0.465,0.438,24.3,98,911.9,8.0
CHR_BRK_03,2023-07-01 07:00:00+00:00,0.4,0.4,0.466,0.438,27.7,75,911.6,6.0
CHR_BRK_03,2023-07-01 08:00:00+00:00,0.1,0.1,0.464,0.437,28.8,68,910.9,10.9
CHR_BRK_03,2023-07-01 09:00:00+00:00,0.2,0.2,0.463,0.437,28.6,67,910.2,11.5
CHR_BRK_03,2023-07-01 10:00:00+00:00,0.5,0.5,0.465,0.436,26.9,72,909.9,9.4
CHR_BRK_03,2023-07-01 11:00:00+00:00,0.0,0.0,0.463,0.436,26.2,76,909.9,10.8
CHR_BRK_03,2023-07-01 12:00:00+00:00,0.0,0.0,0.435,0.432,24.7,83,910.9,7.0
CHR_BRK_03,2023-07-01 13:00:00+00:00,0.0,0.0,0.435,0.432,23.2,90,911.0,5.4
CHR_BRK_03,2023-07-01 14:00:00+00:00,0.0,0.0,0.435,0.432,22.4,95,911.3,5.2
CHR_BRK_03,2023-07-01 15:00:00+00:00,0.0,0.0,0.435,0.432,21.9,97,912.0,5.2
CHR_BRK_03,2023-07-01 16:00:00+00:00,0.0,0.0,0.435,0.432,21.8,97,912.9,5.4
CHR_BRK_03,2023-07-01 17:00:00+00:00,0.0,0.0,0.435,0.432,21.6,98,912.5,5.7
CHR_BRK_03,2023-07-01 18:00:00+00:00,0.0,0.0,0.435,0.432,21.3,99,912.2,5.4
CHR_BRK_03,2023-07-01 19:00:00+00:00,0.0,0.0,0.435,0.432,21.5,98,911.7,5.7
CHR_BRK_03,2023-07-01 20:00:00+00:00,0.0,0.0,0.435,0.431,21.7,97,911.1,5.4
CHR_BRK_03,2023-07-01 21:00:00+00:00,0.0,0.0,0.435,0.431,21.9,96,910.7,5.0
CHR_BRK_03,2023-07-01 22:00:00+00:00,0.0,0.0,0.435,0.431,21.9,96,910.8,4.9
CHR_BRK_03,2023-07-01 23:00:00+00:00,0.0,0.0,0.435,0.431,21.8,96,911.1,5.0
CHR_BRK_03,2023-07-02 00:00:00+00:00,0.0,0.0,0.435,0.431,22.3,97,911.2,5.0
CHR_BRK_03,2023-07-02 01:00:00+00:00,0.0,0.0,0.435,0.431,24.1,87,912.3,5.0
CHR_BRK_03,2023-07-02 02:00:00+00:00,0.0,0.0,0.434,0.43,25.9,74,913.3,6.3
CHR_BRK_03,2023-07-02 03:00:00+00:00,0.0,0.0,0.432,0.43,27.5,65,913.6,7.6
CHR_BRK_03,2023-07-02 04:00:00+00:00,0.1,0.1,0.43,0.429,28.8,60,913.4,9.1
CHR_BRK_03,2023-07-02 05:00:00+00:00,0.1,0.1,0.428,0.428,29.6,59,912.5,9.9
CHR_BRK_03,2023-07-02 06:00:00+00:00,0.0,0.0,0.425,0.427,30.2,59,911.8,9.9
CHR_BRK_03,2023-07-02 07:00:00+00:00,0.1,0.1,0.423,0.426,29.9,59,910.5,11.5
CHR_BRK_03,2023-07-02 08:00:00+00:00,0.2,0.2,0.422,0.425,28.9,60,909.9,11.9
CHR_BRK_03,2023-07-02 09:00:00+00:00,0.3,0.3,0.422,0.424,28.7,66,909.1,7.3
CHR_BRK_03,2023-07-02 10:00:00+00:00,0.4,0.4,0.424,0.424,27.5,71,908.8,5.4
CHR_BRK_03,2023-07-02 11:00:00+00:00,0.6,0.6,0.427,0.423,27.2,73,908.9,6.2
CHR_BRK_03,2023-07-02 12:00:00+00:00,0.2,0.2,0.417,0.423,26.0,80,910.1,5.8
CHR_BRK_03,2023-07-02 13:00:00+00:00,0.0,0.0,0.417,0.423,24.3,89,910.3,3.6
CHR_BRK_03,2023-07-02 14:00:00+00:00,0.0,0.0,0.417,0.422,23.7,92,911.3,5.4
CHR_BRK_03,2023-07-02 15:00:00+00:00,0.0,0.0,0.417,0.422,23.1,95,911.8,5.0
CHR_BRK_03,2023-07-02 16:00:00+00:00,0.0,0.0,0.418,0.422,22.7,97,912.2,4.9
CHR_BRK_03,2023-07-02 17:00:00+00:00,0.0,0.0,0.418,0.422,22.7,96,912.0,4.6
CHR_BRK_03,2023-07-02 18:00:00+00:00,0.0,0.0,0.418,0.422,22.2,96,911.6,5.2
CHR_BRK_03,2023-07-02 19:00:00+00:00,0.2,0.2,0.419,0.422,22.1,96,911.4,5.2
CHR_BRK_03,2023-07-02 20:00:00+00:00,0.1,0.1,0.42,0.422,21.7,96,910.8,4.1
CHR_BRK_03,2023-07-02 21:00:00+00:00,0.0,0.0,0.421,0.422,21.6,97,910.6,4.9
CHR_BRK_03,2023-07-02 22:00:00+00:00,0.0,0.0,0.421,0.422,21.2,98,910.6,4.6
CHR_BRK_03,2023-07-02 23:00:00+00:00,0.0,0.0,0.421,0.422,21.0,98,911.1,5.0
CHR_BRK_03,2023-07-03 00:00:00+00:00,0.0,0.0,0.423,0.422,22.1,98,911.3,4.7
CHR_BRK_03,2023-07-03 01:00:00+00:00,0.0,0.0,0.423,0.422,24.3,90,912.4,3.3
CHR_BRK_03,2023-07-03 02:00:00+00:00,0.1,0.1,0.423,0.422,26.0,78,913.0,5.8
CHR_BRK_03,2023-07-03 03:00:00+00:00,0.0,0.0,0.422,0.421,27.5,69,913.5,7.7
CHR_BRK_03,2023-07-03 04:00:00+00:00,0.0,0.0,0.42,0.42,28.9,61,913.6,8.9
CHR_BRK_03,2023-07-03 05:00:00+00:00,0.4,0.4,0.42,0.419,29.6,59,912.7,10.5
CHR_BRK_03,2023-07-03 06:00:00+00:00,0.4,0.4,0.421,0.419,29.8,60,912.0,8.9
CHR_BRK_03,2023-07-03 07:00:00+00:00,0.0,0.0,0.419,0.418,30.5,58,911.0,10.3
CHR_BRK_03,2023-07-03 08:00:00+00:00,0.1,0.1,0.417,0.417,29.9,60,910.2,9.4
CHR_BRK_03,2023-07-03 09:00:00+00:00,0.1,0.1,0.415,0.416,29.6,62,909.3,8.9
CHR_BRK_03,2023-07-03 10:00:00+00:00,0.1,0.1,0.414,0.415,28.6,65,909.1,8.3
CHR_BRK_03,2023-07-03 11:00:00+00:00,0.4,0.4,0.417,0.415,27.0,75,908.9,4.8
CHR_BRK_03,2023-07-03 12:00:00+00:00,0.1,0.1,0.409,0.414,27.0,73,910.3,6.8
CHR_BRK_03,2023-07-03 13:00:00+00:00,0.0,0.0,0.409,0.414,25.2,81,910.7,6.0
CHR_BRK_03,2023-07-03 14:00:00+00:00,0.0,0.0,0.409,0.414,24.3,86,911.2,5.2
CHR_BRK_03,2023-07-03 15:00:00+00:00,0.0,0.0,0.409,0.414,23.6,91,911.7,4.4
CHR_BRK_03,2023-07-03 16:00:00+00:00,0.0,0.0,0.409,0.414,22.7,96,912.1,4.6
CHR_BRK_03,2023-07-03 17:00:00+00:00,0.0,0.0,0.409,0.414,22.4,98,911.7,5.8
CHR_BRK_03,2023-07-03 18:00:00+00:00,0.0,0.0,0.409,0.414,22.0,99,911.1,5.3
CHR_BRK_03,2023-07-03 19:00:00+00:00,0.0,0.0,0.409,0.414,21.8,99,910.3,5.7
CHR_BRK_03,2023-07-03 20:00:00+00:00,0.0,0.0,0.409,0.414,21.6,100,909.8,6.0
CHR_BRK_03,2023-07-03 21:00:00+00:00,0.1,0.1,0.41,0.414,21.4,99,909.9,5.0
CHR_BRK_03,2023-07-03 22:00:00+00:00,0.0,0.0,0.41,0.414,21.2,99,909.7,4.5
CHR_BRK_03,2023-07-03 23:00:00+00:00,0.0,0.0,0.41,0.414,21.2,99,909.8,4.8
CHR_BRK_03,2023-07-04 00:00:00+00:00,0.0,0.0,0.41,0.414,22.2,97,910.7,5.1
CHR_BRK_03,2023-07-04 01:00:00+00:00,0.1,0.1,0.41,0.414,24.7,85,911.8,2.7
CHR_BRK_03,2023-07-04 02:00:00+00:00,0.1,0.1,0.41,0.414,25.9,79,912.4,1.9
CHR_BRK_03,2023-07-04 03:00:00+00:00,0.2,0.2,0.41,0.413,27.2,74,912.4,0.7
CHR_BRK_03,2023-07-04 04:00:00+00:00,0.1,0.1,0.409,0.412,28.8,68,912.5,1.0
CHR_BRK_03,2023-07-04 05:00:00+00:00,0.0,0.0,0.407,0.412,29.2,63,911.9,1.8
CHR_BRK_03,2023-07-04 06:00:00+00:00,0.0,0.0,0.406,0.411,28.7,66,910.7,6.3
CHR_BRK_03,2023-07-04 07:00:00+00:00,0.2,0.2,0.406,0.411,29.2,66,910.0,5.5
CHR_BRK_03,2023-07-04 08:00:00+00:00,1.3,1.3,0.414,0.41,28.5,71,909.4,7.2
CHR_BRK_03,2023-07-04 09:00:00+00:00,1.9,1.9,0.431,0.41,28.0,75,908.6,3.8
CHR_BRK_03,2023-07-04 10:00:00+00:00,3.6,3.6,0.47,0.41,27.7,74,908.0,5.9
CHR_BRK_03,2023-07-04 11:00:00+00:00,4.7,4.7,0.508,0.415,24.9,99,907.8,2.4
CHR_BRK_03,2023-07-04 12:00:00+00:00,0.2,0.2,0.477,0.413,24.6,94,909.3,3.7
CHR_BRK_03,2023-07-04 13:00:00+00:00,0.1,0.1,0.476,0.414,23.9,93,909.6,3.1
CHR_BRK_03,2023-07-04 14:00:00+00:00,0.0,0.0,0.474,0.414,23.7,94,910.3,3.2
CHR_BRK_03,2023-07-04 15:00:00+00:00,0.0,0.0,0.472,0.415,23.9,94,910.8,1.5
CHR_BRK_03,2023-07-04 16:00:00+00:00,0.0,0.0,0.47,0.416,22.8,97,911.0,3.8
CHR_BRK_03,2023-07-04 17:00:00+00:00,0.0,0.0,0.469,0.416,22.6,98,911.1,4.7
CHR_BRK_03,2023-07-04 18:00:00+00:00,0.0,0.0,0.467,0.417,21.8,98,910.3,2.5
CHR_BRK_03,2023-07-04 19:00:00+00:00,0.0,0.0,0.466,0.417,21.8,98,910.1,2.7
CHR_BRK_03,2023-07-04 20:00:00+00:00,0.0,0.0,0.465,0.417,21.7,98,909.6,3.7
CHR_BRK_03,2023-07-04 21:00:00+00:00,0.0,0.0,0.464,0.418,21.4,97,909.3,3.2
CHR_BRK_03,2023-07-04 22:00:00+00:00,0.0,0.0,0.463,0.418,21.2,97,909.6,3.1
CHR_BRK_03,2023-07-04 23:00:00+00:00,0.4,0.4,0.466,0.418,21.6,96,909.3,1.9
CHR_BRK_03,2023-07-05 00:00:00+00:00,0.0,0.0,0.49,0.459,22.3,97,910.0,3.4
CHR_BRK_03,2023-07-05 01:00:00+00:00,0.1,0.1,0.489,0.46,22.8,95,910.8,6.4
CHR_BRK_03,2023-07-05 02:00:00+00:00,0.2,0.2,0.488,0.46,24.3,88,911.2,5.2
CHR_BRK_03,2023-07-05 03:00:00+00:00,0.2,0.2,0.487,0.46,25.6,80,911.5,4.5
CHR_BRK_03,2023-07-05 04:00:00+00:00,0.1,0.1,0.484,0.46,27.7,72,911.5,4.0
CHR_BRK_03,2023-07-05 05:00:00+00:00,0.1,0.1,0.481,0.459,29.7,62,911.1,6.2
CHR_BRK_03,2023-07-05 06:00:00+00:00,2.6,2.6,0.502,0.459,26.4,78,909.7,7.5
CHR_BRK_03,2023-07-05 07:00:00+00:00,0.7,0.7,0.501,0.461,27.4,78,909.9,3.6
CHR_BRK_03,2023-07-05 08:00:00+00:00,12.3,12.3,0.52,0.485,25.9,83,909.1,5.3
CHR_BRK_03,2023-07-05 09:00:00+00:00,3.5,3.5,0.507,0.498,25.6,86,908.4,1.9
CHR_BRK_03,2023-07-05 10:00:00+00:00,0.1,0.1,0.505,0.497,25.1,91,907.6,4.6
CHR_BRK_03,2023-07-05 11:00:00+00:00,0.0,0.0,0.502,0.496,25.2,87,908.1,4.1
CHR_BRK_03,2023-07-05 12:00:00+00:00,0.2,0.2,0.498,0.491,24.7,92,908.8,1.6
CHR_BRK_03,2023-07-05 13:00:00+00:00,2.6,2.6,0.52,0.491,23.2,98,909.5,3.8
CHR_BRK_03,2023-07-05 14:00:00+00:00,2.2,2.2,0.505,0.502,22.8,100,909.9,2.5
CHR_BRK_03,2023-07-05 15:00:00+00:00,0.1,0.1,0.504,0.501,22.8,99,910.8,2.1
CHR_BRK_03,2023-07-05 16:00:00+00:00,0.1,0.1,0.502,0.5,22.7,99,911.7,2.2
CHR_BRK_03,2023-07-05 17:00:00+00:00,0.1,0.1,0.502,0.499,22.6,99,911.5,3.1
CHR_BRK_03,2023-07-05 18:00:00+00:00,0.3,0.3,0.503,0.498,22.5,99,911.5,3.9
CHR_BRK_03,2023-07-05 19:00:00+00:00,1.3,1.3,0.514,0.498,22.3,100,911.1,3.7
CHR_BRK_03,2023-07-05 20:00:00+00:00,0.2,0.2,0.509,0.498,22.1,100,910.8,2.9
CHR_BRK_03,2023-07-05 21:00:00+00:00,0.0,0.0,0.506,0.498,22.1,99,910.9,2.3
CHR_BRK_03,2023-07-05 22:00:00+00:00,0.0,0.0,0.504,0.497,21.9,99,910.9,2.3
CHR_BRK_03,2023-07-05 23:00:00+00:00,0.0,0.0,0.501,0.496,21.5,99,910.7,3.6
CHR_BRK_03,2023-07-06 00:00:00+00:00,0.0,0.0,0.504,0.491,23.2,93,911.9,0.5
CHR_BRK_03,2023-07-06 01:00:00+00:00,0.0,0.0,0.502,0.491,23.8,93,912.9,0.4
CHR_BRK_03,2023-07-06 02:00:00+00:00,0.5,0.5,0.502,0.491,24.8,92,913.4,1.8
CHR_BRK_03,2023-07-06 03:00:00+00:00,0.5,0.5,0.502,0.49,26.2,85,913.7,2.5
CHR_BRK_03,2023-07-06 04:00:00+00:00,0.2,0.2,0.5,0.49,27.9,70,913.6,7.0
CHR_BRK_03,2023-07-06 05:00:00+00:00,0.1,0.1,0.497,0.488,28.4,65,913.3,11.3
CHR_BRK_03,2023-07-06 06:00:00+00:00,0.2,0.2,0.494,0.487,28.7,65,912.4,6.7
CHR_BRK_03,2023-07-06 07:00:00+00:00,4.1,4.1,0.52,0.487,26.9,73,911.9,10.9
CHR_BRK_03,2023-07-06 08:00:00+00:00,3.1,3.1,0.505,0.499,24.9,90,911.3,4.1
CHR_BRK_03,2023-07-06 09:00:00+00:00,0.5,0.5,0.506,0.499,25.5,87,910.9,3.5
CHR_BRK_03,2023-07-06 10:00:00+00:00,1.9,1.9,0.502,0.504,25.5,87,910.7,3.3
CHR_BRK_03,2023-07-06 11:00:00+00:00,3.6,3.6,0.503,0.513,24.4,92,910.6,5.0
CHR_BRK_03,2023-07-06 12:00:00+00:00,0.8,0.8,0.502,0.492,24.1,94,911.8,4.4
CHR_BRK_03,2023-07-06 13:00:00+00:00,0.5,0.5,0.503,0.492,23.3,96,912.2,5.4
CHR_BRK_03,2023-07-06 14:00:00+00:00,0.1,0.1,0.501,0.492,22.8,99,912.6,2.7
CHR_BRK_03,2023-07-06 15:00:00+00:00,0.0,0.0,0.499,0.491,22.5,96,913.2,2.5
CHR_BRK_03,2023-07-06 16:00:00+00:00,0.0,0.0,0.497,0.491,22.7,94,913.8,2.9
CHR_BRK_03,2023-07-06 17:00:00+00:00,0.0,0.0,0.496,0.49,22.1,96,913.4,2.7
CHR_BRK_03,2023-07-06 18:00:00+00:00,0.0,0.0,0.495,0.49,22.1,96,913.4,2.3
CHR_BRK_03,2023-07-06 19:00:00+00:00,0.0,0.0,0.494,0.489,21.4,99,912.7,3.1
CHR_BRK_03,2023-07-06 20:00:00+00:00,0.0,0.0,0.493,0.488,21.5,99,912.5,2.5
CHR_BRK_03,2023-07-06 21:00:00+00:00,0.0,0.0,0.492,0.488,21.5,96,912.2,2.5
CHR_BRK_03,2023-07-06 22:00:00+00:00,0.0,0.0,0.491,0.487,20.8,99,912.0,3.7
CHR_BRK_03,2023-07-06 23:00:00+00:00,0.0,0.0,0.49,0.487,20.8,99,912.1,3.9
CHR_BRK_03,2023-07-07 00:00:00+00:00,0.0,0.0,0.488,0.485,22.4,96,913.1,2.9
CHR_BRK_03,2023-07-07 01:00:00+00:00,0.0,0.0,0.487,0.485,23.4,96,914.4,2.8
CHR_BRK_03,2023-07-07 02:00:00+00:00,0.1,0.1,0.487,0.484,24.6,91,915.0,1.5
CHR_BRK_03,2023-07-07 03:00:00+00:00,0.1,0.1,0.486,0.483,25.7,82,915.1,3.7
CHR_BRK_03,2023-07-07 04:00:00+00:00,0.0,0.0,0.484,0.482,27.8,69,915.3,6.0
CHR_BRK_03,2023-07-07 05:00:00+00:00,0.1,0.1,0.482,0.481,28.9,62,914.9,8.0
CHR_BRK_03,2023-07-07 06:00:00+00:00,0.3,0.3,0.482,0.479,29.3,59,913.9,8.6
CHR_BRK_03,2023-07-07 07:00:00+00:00,0.7,0.7,0.484,0.478,28.4,64,912.9,7.8
CHR_BRK_03,2023-07-07 08:00:00+00:00,0.3,0.3,0.484,0.478,28.6,66,912.4,5.8
CHR_BRK_03,2023-07-07 09:00:00+00:00,0.0,0.0,0.482,0.477,28.7,64,911.7,6.3
CHR_BRK_03,2023-07-07 10:00:00+00:00,0.2,0.2,0.482,0.476,27.1,73,910.9,7.6
CHR_BRK_03,2023-07-07 11:00:00+00:00,0.1,0.1,0.481,0.475,25.7,79,911.2,9.3
CHR_BRK_03,2023-07-07 12:00:00+00:00,0.0,0.0,0.482,0.472,24.9,92,912.2,3.6
CHR_BRK_03,2023-07-07 13:00:00+00:00,0.0,0.0,0.482,0.472,24.3,94,912.8,7.2
CHR_BRK_03,2023-07-07 14:00:00+00:00,0.3,0.3,0.483,0.472,23.1,96,913.5,5.2
CHR_BRK_03,2023-07-07 15:00:00+00:00,0.0,0.0,0.482,0.472,22.6,97,914.0,4.2
CHR_BRK_03,2023-07-07 16:00:00+00:00,0.0,0.0,0.481,0.471,22.2,98,914.4,3.5
CHR_BRK_03,2023-07-07 17:00:00+00:00,0.0,0.0,0.481,0.471,21.9,97,914.5,3.5
CHR_BRK_03,2023-07-07 18:00:00+00:00,0.0,0.0,0.48,0.471,21.5,98,914.3,2.5
CHR_BRK_03,2023-07-07 19:00:00+00:00,0.0,0.0,0.479,0.471,21.5,97,913.8,2.5
CHR_BRK_03,2023-07-07 20:00:00+00:00,0.0,0.0,0.479,0.471,21.3,97,913.1,2.6
CHR_BRK_03,2023-07-07 21:00:00+00:00,0.0,0.0,0.478,0.47,21.0,98,912.9,2.9
CHR_BRK_03,2023-07-07 22:00:00+00:00,0.0,0.0,0.477,0.47,20.9,98,912.8,3.2
CHR_BRK_03,2023-07-07 23:00:00+00:00,0.0,0.0,0.477,0.47,20.4,98,912.6,3.4
CHR_BRK_03,2023-07-08 00:00:00+00:00,0.0,0.0,0.473,0.47,22.6,97,913.9,0.5
CHR_BRK_03,2023-07-08 01:00:00+00:00,0.0,0.0,0.473,0.47,23.2,95,914.9,0.7
CHR_BRK_03,2023-07-08 02:00:00+00:00,0.1,0.1,0.474,0.469,24.0,92,915.8,1.8
CHR_BRK_03,2023-07-08 03:00:00+00:00,0.2,0.2,0.474,0.469,25.0,88,915.9,4.7
CHR_BRK_03,2023-07-08 04:00:00+00:00,0.1,0.1,0.474,0.468,26.2,81,915.7,5.3
CHR_BRK_03,2023-07-08 05:00:00+00:00,0.1,0.1,0.472,0.468,27.5,71,915.0,5.2
CHR_BRK_03,2023-07-08 06:00:00+00:00,0.0,0.0,0.47,0.467,28.4,65,914.2,4.7
CHR_BRK_03,2023-07-08 07:00:00+00:00,0.1,0.1,0.469,0.466,28.9,62,913.5,5.2
CHR_BRK_03,2023-07-08 08:00:00+00:00,0.2,0.2,0.468,0.465,28.5,65,912.1,4.5
CHR_BRK_03,2023-07-08 09:00:00+00:00,0.2,0.2,0.468,0.464,27.9,71,911.2,5.4
CHR_BRK_03,2023-07-08 10:00:00+00:00,0.1,0.1,0.467,0.463,27.8,72,910.9,5.1
CHR_BRK_03,2023-07-08 11:00:00+00:00,1.1,1.1,0.473,0.463,26.5,78,911.1,8.0
CHR_BRK_03,2023-07-08 12:00:00+00:00,0.1,0.1,0.468,0.461,23.9,91,912.4,7.9
CHR_BRK_03,2023-07-08 13:00:00+00:00,0.2,0.2,0.468,0.461,23.2,96,912.5,8.7
CHR_BRK_03,2023-07-08 14:00:00+00:00,0.0,0.0,0.468,0.461,22.8,97,913.5,7.7
CHR_BRK_03,2023-07-08 15:00:00+00:00,0.0,0.0,0.468,0.461,22.4,98,914.1,5.5
CHR_BRK_03,2023-07-08 16:00:00+00:00,0.0,0.0,0.467,0.46,22.1,98,914.3,4.7
CHR_BRK_03,2023-07-08 17:00:00+00:00,0.0,0.0,0.467,0.46,22.0,97,914.2,4.2
CHR_BRK_03,2023-07-08 18:00:00+00:00,0.0,0.0,0.467,0.46,21.8,97,913.5,4.0
CHR_BRK_03,2023-07-08 19:00:00+00:00,0.1,0.1,0.467,0.46,21.6,97,912.8,3.2
CHR_BRK_03,2023-07-08 20:00:00+00:00,0.0,0.0,0.467,0.46,21.8,96,912.4,3.9
CHR_BRK_03,2023-07-08 21:00:00+00:00,0.0,0.0,0.467,0.46,21.6,97,912.2,4.0
CHR_BRK_03,2023-07-08 22:00:00+00:00,0.0,0.0,0.467,0.459,21.7,97,912.0,4.0
CHR_BRK_03,2023-07-08 23:00:00+00:00,0.0,0.0,0.467,0.459,21.3,99,912.1,2.7
CHR_BRK_03,2023-07-09 00:00:00+00:00,0.0,0.0,0.462,0.458,23.0,94,913.0,3.5
CHR_BRK_03,2023-07-09 01:00:00+00:00,0.0,0.0,0.462,0.458,24.0,91,913.3,3.0
CHR_BRK_03,2023-07-09 02:00:00+00:00,0.0,0.0,0.461,0.457,25.4,81,913.8,4.3
CHR_BRK_03,2023-07-09 03:00:00+00:00,0.3,0.3,0.462,0.457,26.7,74,913.9,4.6
CHR_BRK_03,2023-07-09 04:00:00+00:00,0.2,0.2,0.461,0.456,27.8,68,913.9,5.5
CHR_BRK_03,2023-07-09 05:00:00+00:00,0.0,0.0,0.459,0.455,28.6,63,913.7,5.0
CHR_BRK_03,2023-07-09 06:00:00+00:00,0.0,0.0,0.458,0.455,27.7,67,912.9,5.1
CHR_BRK_03,2023-07-09 07:00:00+00:00,0.2,0.2,0.457,0.454,29.2,61,911.8,6.5
CHR_BRK_03,2023-07-09 08:00:00+00:00,0.2,0.2,0.456,0.453,29.7,59,910.8,4.1
CHR_BRK_03,2023-07-09 09:00:00+00:00,0.2,0.2,0.455,0.452,28.9,62,910.2,6.2
CHR_BRK_03,2023-07-09 10:00:00+00:00,0.1,0.1,0.455,0.451,28.0,69,910.0,5.7
CHR_BRK_03,2023-07-09 11:00:00+00:00,0.0,0.0,0.454,0.451,27.5,73,910.2,5.5
CHR_BRK_03,2023-07-09 12:00:00+00:00,0.0,0.0,0.454,0.45,25.3,88,911.2,4.7
CHR_BRK_03,2023-07-09 13:00:00+00:00,0.0,0.0,0.454,0.45,24.3,94,911.7,3.3
CHR_BRK_03,2023-07-09 14:00:00+00:00,0.1,0.1,0.455,0.449,24.0,95,912.1,2.6
CHR_BRK_03,2023-07-09 15:00:00+00:00,0.0,0.0,0.455,0.449,23.4,96,912.7,4.7
CHR_BRK_03,2023-07-09 16:00:00+00:00,0.1,0.1,0.455,0.449,22.8,97,912.9,4.2
CHR_BRK_03,2023-07-09 17:00:00+00:00,0.4,0.4,0.457,0.449,22.3,98,912.7,5.8
CHR_BRK_03,2023-07-09 18:00:00+00:00,0.2,0.2,0.458,0.449,22.2,98,912.2,3.8
CHR_BRK_03,2023-07-09 19:00:00+00:00,0.2,0.2,0.459,0.449,22.2,98,911.5,4.0
CHR_BRK_03,2023-07-09 20:00:00+00:00,0.3,0.3,0.462,0.449,22.3,97,911.3,3.4
CHR_BRK_03,2023-07-09 21:00:00+00:00,2.0,2.0,0.486,0.449,22.0,99,911.3,2.5
CHR_BRK_03,2023-07-09 22:00:00+00:00,0.2,0.2,0.485,0.45,21.9,99,911.1,3.3
CHR_BRK_03,2023-07-09 23:00:00+00:00,0.1,0.1,0.484,0.45,21.8,99,911.1,3.0
CHR_BRK_03,2023-07-10 00:00:00+00:00,0.1,0.1,0.499,0.467,22.4,98,912.3,5.2
CHR_BRK_03,2023-07-10 01:00:00+00:00,0.0,0.0,0.496,0.468,23.4,93,912.9,5.6
CHR_BRK_03,2023-07-10 02:00:00+00:00,0.1,0.1,0.494,0.468,24.7,89,913.3,3.1
CHR_BRK_03,2023-07-10 03:00:00+00:00,0.2,0.2,0.492,0.469,26.2,82,913.6,3.9
CHR_BRK_03,2023-07-10 04:00:00+00:00,0.1,0.1,0.49,0.468,27.4,73,913.2,5.4
CHR_BRK_03,2023-07-10 05:00:00+00:00,0.3,0.3,0.489,0.468,26.9,73,912.8,8.3
CHR_BRK_03,2023-07-10 06:00:00+00:00,3.4,3.4,0.513,0.47,25.5,83,912.4,6.2
CHR_BRK_03,2023-07-10 07:00:00+00:00,0.4,0.4,0.506,0.473,25.9,82,911.9,8.0
CHR_BRK_03,2023-07-10 08:00:00+00:00,0.7,0.7,0.505,0.474,25.7,81,911.0,6.5
CHR_BRK_03,2023-07-10 09:00:00+00:00,0.1,0.1,0.5,0.475,26.5,76,910.4,7.6
CHR_BRK_03,2023-07-10 10:00:00+00:00,0.1,0.1,0.497,0.475,27.0,74,909.9,9.0
CHR_BRK_03,2023-07-10 11:00:00+00:00,0.1,0.1,0.494,0.475,26.3,77,909.6,8.6
CHR_BRK_03,2023-07-10 12:00:00+00:00,0.0,0.0,0.499,0.486,24.6,88,910.8,4.4
CHR_BRK_03,2023-07-10 13:00:00+00:00,0.0,0.0,0.497,0.486,23.3,93,911.3,3.5
CHR_BRK_03,2023-07-10 14:00:00+00:00,0.0,0.0,0.496,0.486,22.5,96,911.7,3.4
CHR_BRK_03,2023-07-10 15:00:00+00:00,0.0,0.0,0.494,0.486,22.1,97,912.5,3.9
CHR_BRK_03,2023-07-10 16:00:00+00:00,0.0,0.0,0.493,0.485,21.7,98,912.9,4.0
CHR_BRK_03,2023-07-10 17:00:00+00:00,0.0,0.0,0.491,0.485,21.5,99,912.7,4.1
CHR_BRK_03,2023-07-10 18:00:00+00:00,0.0,0.0,0.49,0.484,21.4,99,912.0,4.9
CHR_BRK_03,2023-07-10 19:00:00+00:00,0.0,0.0,0.489,0.484,21.1,99,911.6,5.7
CHR_BRK_03,2023-07-10 20:00:00+00:00,0.0,0.0,0.489,0.484,21.0,99,911.3,5.0
CHR_BRK_03,2023-07-10 21:00:00+00:00,0.0,0.0,0.488,0.483,20.9,100,911.2,5.7
CHR_BRK_03,2023-07-10 22:00:00+00:00,0.0,0.0,0.487,0.483,20.9,100,911.5,4.9
CHR_BRK_03,2023-07-10 23:00:00+00:00,0.0,0.0,0.486,0.482,20.9,99,911.9,5.5
CHR_BRK_03,2023-07-11 00:00:00+00:00,0.0,0.0,0.484,0.482,21.7,97,911.8,5.8
CHR_BRK_03,2023-07-11 01:00:00+00:00,0.0,0.0,0.484,0.481,23.0,92,912.4,4.8
CHR_BRK_03,2023-07-11 02:00:00+00:00,0.0,0.0,0.483,0.481,24.9,80,913.1,8.0
CHR_BRK_03,2023-07-11 03:00:00+00:00,0.1,0.1,0.482,0.48,25.9,74,913.3,10.6
CHR_BRK_03,2023-07-11 04:00:00+00:00,0.1,0.1,0.481,0.479,26.7,71,913.4,10.5
CHR_BRK_03,2023-07-11 05:00:00+00:00,0.0,0.0,0.479,0.478,27.4,69,912.9,9.8
CHR_BRK_03,2023-07-11 06:00:00+00:00,0.2,0.2,0.478,0.477,28.2,69,911.9,10.2
CHR_BRK_03,2023-07-11 07:00:00+00:00,0.0,0.0,0.476,0.476,28.7,65,911.1,9.8
CHR_BRK_03,2023-07-11 08:00:00+00:00,0.3,0.3,0.476,0.475,28.3,64,910.6,10.9
CHR_BRK_03,2023-07-11 09:00:00+00:00,1.6,1.6,0.485,0.474,27.7,68,909.9,9.4
CHR_BRK_03,2023-07-11 10:00:00+00:00,0.7,0.7,0.488,0.474,26.8,74,909.7,6.9
CHR_BRK_03,2023-07-11 11:00:00+00:00,0.8,0.8,0.493,0.474,25.8,81,909.7,6.9
CHR_BRK_03,2023-07-11 12:00:00+00:00,0.2,0.2,0.476,0.472,25.1,84,910.7,4.1
CHR_BRK_03,2023-07-11 13:00:00+00:00,0.0,0.0,0.476,0.471,23.6,87,911.2,3.2
CHR_BRK_03,2023-07-11 14:00:00+00:00,0.0,0.0,0.475,0.471,23.1,91,911.6,3.2
CHR_BRK_03,2023-07-11 15:00:00+00:00,0.0,0.0,0.475,0.471,22.6,94,912.3,4.5
CHR_BRK_03,2023-07-11 16:00:00+00:00,0.0,0.0,0.474,0.471,22.5,95,913.0,4.8
CHR_BRK_03,2023-07-11 17:00:00+00:00,0.0,0.0,0.474,0.47,22.1,97,912.7,4.8
CHR_BRK_03,2023-07-11 18:00:00+00:00,0.0,0.0,0.474,0.47,21.8,97,912.2,4.8
CHR_BRK_03,2023-07-11 19:00:00+00:00,0.0,0.0,0.473,0.47,21.5,97,911.8,5.2
CHR_BRK_03,2023-07-11 20:00:00+00:00,0.0,0.0,0.473,0.469,21.4,97,911.5,5.2
CHR_BRK_03,2023-07-11 21:00:00+00:00,0.0,0.0,0.472,0.469,21.3,97,911.3,4.3
CHR_BRK_03,2023-07-11 22:00:00+00:00,0.0,0.0,0.472,0.469,21.2,97,911.5,4.2
CHR_BRK_03,2023-07-11 23:00:00+00:00,0.0,0.0,0.472,0.469,21.3,97,911.4,4.0
CHR_BRK_03,2023-07-12 00:00:00+00:00,0.0,0.0,0.471,0.468,22.1,97,911.7,5.0
CHR_BRK_03,2023-07-12 01:00:00+00:00,0.0,0.0,0.47,0.468,23.5,89,912.7,7.1
CHR_BRK_03,2023-07-12 02:00:00+00:00,0.1,0.1,0.47,0.468,25.0,80,913.4,8.4
CHR_BRK_03,2023-07-12 03:00:00+00:00,0.0,0.0,0.469,0.467,26.5,70,914.0,10.5
CHR_BRK_03,2023-07-12 04:00:00+00:00,0.0,0.0,0.467,0.466,27.7,64,913.6,12.3
CHR_BRK_03,2023-07-12 05:00:00+00:00,0.1,0.1,0.465,0.465,28.6,61,913.3,13.1
CHR_BRK_03,2023-07-12 06:00:00+00:00,0.2,0.2,0.463,0.464,29.4,57,912.6,12.3
CHR_BRK_03,2023-07-12 07:00:00+00:00,2.6,2.6,0.484,0.463,27.4,72,911.7,9.5
CHR_BRK_03,2023-07-12 08:00:00+00:00,1.5,1.5,0.495,0.463,27.4,75,911.1,7.8
CHR_BRK_03,2023-07-12 09:00:00+00:00,0.4,0.4,0.494,0.464,27.1,73,910.5,8.3
CHR_BRK_03,2023-07-12 10:00:00+00:00,0.5,0.5,0.494,0.464,26.9,71,910.3,9.0
CHR_BRK_03,2023-07-12 11:00:00+00:00,0.8,0.8,0.497,0.465,25.7,81,910.3,5.4
CHR_BRK_03,2023-07-12 12:00:00+00:00,0.1,0.1,0.476,0.459,25.5,84,911.4,3.3
CHR_BRK_03,2023-07-12 13:00:00+00:00,0.0,0.0,0.475,0.459,24.2,89,911.5,3.0
CHR_BRK_03,2023-07-12 14:00:00+00:00,0.0,0.0,0.474,0.459,23.5,93,912.1,3.3
CHR_BRK_03,2023-07-12 15:00:00+00:00,0.0,0.0,0.474,0.459,23.2,95,913.0,3.6
CHR_BRK_03,2023-07-12 16:00:00+00:00,0.0,0.0,0.473,0.459,22.7,96,913.4,4.4
CHR_BRK_03,2023-07-12 17:00:00+00:00,0.9,0.9,0.478,0.459,22.6,96,913.1,3.0
CHR_BRK_03,2023-07-12 18:00:00+00:00,0.5,0.5,0.481,0.459,22.3,95,913.1,4.8
CHR_BRK_03,2023-07-12 19:00:00+00:00,1.4,1.4,0.495,0.46,21.9,99,912.3,4.2
CHR_BRK_03,2023-07-12 20:00:00+00:00,0.5,0.5,0.498,0.461,21.9,99,911.9,3.4
CHR_BRK_03,2023-07-12 21:00:00+00:00,0.8,0.8,0.503,0.462,21.6,99,911.5,3.2
CHR_BRK_03,2023-07-12 22:00:00+00:00,0.6,0.6,0.505,0.464,21.4,99,911.2,3.4
CHR_BRK_03,2023-07-12 23:00:00+00:00,0.5,0.5,0.504,0.466,21.2,99,911.1,3.3
CHR_BRK_03,2023-07-13 00:00:00+00:00,0.3,0.3,0.499,0.464,21.8,99,912.1,2.7
CHR_BRK_03,2023-07-13 01:00:00+00:00,0.1,0.1,0.496,0.465,23.1,93,912.9,3.9
CHR_BRK_03,2023-07-13 02:00:00+00:00,0.1,0.1,0.493,0.465,24.2,86,913.6,5.4
CHR_BRK_03,2023-07-13 03:00:00+00:00,0.0,0.0,0.491,0.465,25.4,78,913.8,7.6
CHR_BRK_03,2023-07-13 04:00:00+00:00,0.1,0.1,0.489,0.465,26.5,71,913.8,7.6
CHR_BRK_03,2023-07-13 05:00:00+00:00,0.0,0.0,0.485,0.465,27.7,65,913.6,10.0
CHR_BRK_03,2023-07-13 06:00:00+00:00,0.2,0.2,0.484,0.464,27.1,67,912.9,9.0
CHR_BRK_03,2023-07-13 07:00:00+00:00,0.5,0.5,0.485,0.464,27.2,68,912.2,8.0
CHR_BRK_03,2023-07-13 08:00:00+00:00,0.3,0.3,0.484,0.464,27.2,68,911.6,7.6
CHR_BRK_03,2023-07-13 09:00:00+00:00,0.1,0.1,0.482,0.463,27.7,67,911.1,6.1
CHR_BRK_03,2023-07-13 10:00:00+00:00,0.1,0.1,0.48,0.463,27.3,69,910.7,7.3
CHR_BRK_03,2023-07-13 11:00:00+00:00,0.1,0.1,0.478,0.462,26.2,74,910.9,6.5
CHR_BRK_03,2023-07-13 12:00:00+00:00,0.0,0.0,0.477,0.464,26.3,76,911.1,3.6
CHR_BRK_03,2023-07-13 13:00:00+00:00,0.0,0.0,0.476,0.464,24.6,84,911.5,3.2
CHR_BRK_03,2023-07-13 14:00:00+00:00,0.1,0.1,0.476,0.464,23.8,90,912.0,2.7
CHR_BRK_03,2023-07-13 15:00:00+00:00,0.4,0.4,0.478,0.464,23.4,92,912.7,2.9
CHR_BRK_03,2023-07-13 16:00:00+00:00,0.6,0.6,0.481,0.464,23.3,94,913.1,4.0
CHR_BRK_03,2023-07-13 17:00:00+00:00,0.2,0.2,0.481,0.464,22.6,97,912.8,3.2
CHR_BRK_03,2023-07-13 18:00:00+00:00,0.6,0.6,0.487,0.464,22.2,100,912.7,2.6
CHR_BRK_03,2023-07-13 19:00:00+00:00,0.6,0.6,0.492,0.465,22.2,99,911.9,2.5
CHR_BRK_03,2023-07-13 20:00:00+00:00,0.2,0.2,0.493,0.465,21.6,99,911.4,3.3
CHR_BRK_03,2023-07-13 21:00:00+00:00,0.2,0.2,0.492,0.466,21.5,99,911.3,3.3
CHR_BRK_03,2023-07-13 22:00:00+00:00,0.5,0.5,0.497,0.466,21.0,99,910.8,3.7
CHR_BRK_03,2023-07-13 23:00:00+00:00,0.0,0.0,0.494,0.467,21.6,96,911.7,1.8
CHR_BRK_03,2023-07-14 00:00:00+00:00,0.9,0.9,0.504,0.464,21.8,99,912.4,1.3
CHR_BRK_03,2023-07-14 01:00:00+00:00,1.5,1.5,0.512,0.467,22.7,97,912.6,0.8
CHR_BRK_03,2023-07-14 02:00:00+00:00,1.7,1.7,0.501,0.476,23.5,92,913.4,0.0
CHR_BRK_03,2023-07-14 03:00:00+00:00,0.3,0.3,0.499,0.476,24.6,84,913.9,0.0
CHR_BRK_03,2023-07-14 04:00:00+00:00,0.1,0.1,0.496,0.477,25.4,81,914.2,4.7
CHR_BRK_03,2023-07-14 05:00:00+00:00,0.0,0.0,0.493,0.476,27.0,73,913.9,4.3
CHR_BRK_03,2023-07-14 06:00:00+00:00,0.0,0.0,0.489,0.475,28.5,65,913.0,5.2
CHR_BRK_03,2023-07-14 07:00:00+00:00,0.0,0.0,0.486,0.475,28.3,64,911.9,3.4
CHR_BRK_03,2023-07-14 08:00:00+00:00,0.1,0.1,0.484,0.474,28.7,62,911.3,0.8
CHR_BRK_03,2023-07-14 09:00:00+00:00,0.1,0.1,0.482,0.473,28.1,65,910.2,2.1
CHR_BRK_03,2023-07-14 10:00:00+00:00,0.2,0.2,0.481,0.472,27.3,70,910.1,3.4
CHR_BRK_03,2023-07-14 11:00:00+00:00,0.0,0.0,0.48,0.472,25.9,74,910.1,6.5
CHR_BRK_03,2023-07-14 12:00:00+00:00,0.0,0.0,0.473,0.464,25.2,86,910.4,3.8
CHR_BRK_03,2023-07-14 13:00:00+00:00,0.1,0.1,0.473,0.464,24.4,89,911.2,7.1
CHR_BRK_03,2023-07-14 14:00:00+00:00,0.0,0.0,0.473,0.464,23.5,92,912.0,6.4
CHR_BRK_03,2023-07-14 15:00:00+00:00,0.0,0.0,0.472,0.464,22.7,96,912.6,4.3
CHR_BRK_03,2023-07-14 16:00:00+00:00,0.0,0.0,0.472,0.464,22.2,97,913.0,3.8
CHR_BRK_03,2023-07-14 17:00:00+00:00,0.7,0.7,0.476,0.464,21.6,97,913.1,4.7
CHR_BRK_03,2023-07-14 18:00:00+00:00,0.9,0.9,0.482,0.464,21.3,100,912.8,5.5
CHR_BRK_03,2023-07-14 19:00:00+00:00,0.1,0.1,0.481,0.464,21.4,97,912.1,2.3
CHR_BRK_03,2023-07-14 20:00:00+00:00,0.0,0.0,0.48,0.464,20.8,99,911.5,2.3
CHR_BRK_03,2023-07-14 21:00:00+00:00,0.0,0.0,0.48,0.464,20.7,100,911.3,2.5
CHR_BRK_03,2023-07-14 22:00:00+00:00,0.0,0.0,0.479,0.464,20.9,99,911.2,2.9
CHR_BRK_03,2023-07-14 23:00:00+00:00,0.0,0.0,0.478,0.464,21.3,96,911.3,1.1
CHR_BRK_03,2023-07-15 00:00:00+00:00,0.0,0.0,0.486,0.48,21.1,98,911.4,2.3
CHR_BRK_03,2023-07-15 01:00:00+00:00,0.0,0.0,0.485,0.479,23.2,91,912.4,1.3
CHR_BRK_03,2023-07-15 02:00:00+00:00,0.1,0.1,0.485,0.479,24.8,84,913.0,1.9
CHR_BRK_03,2023-07-15 03:00:00+00:00,0.2,0.2,0.484,0.478,26.4,74,913.5,4.0
CHR_BRK_03,2023-07-15 04:00:00+00:00,0.2,0.2,0.483,0.477,27.8,69,913.5,2.9
CHR_BRK_03,2023-07-15 05:00:00+00:00,0.2,0.2,0.481,0.476,29.0,64,913.2,2.2
CHR_BRK_03,2023-07-15 06:00:00+00:00,0.1,0.1,0.479,0.475,29.8,60,912.0,4.3
CHR_BRK_03,2023-07-15 07:00:00+00:00,0.1,0.1,0.477,0.474,28.8,64,910.7,1.8
CHR_BRK_03,2023-07-15 08:00:00+00:00,3.3,3.3,0.506,0.474,27.1,74,910.3,4.8
CHR_BRK_03,2023-07-15 09:00:00+00:00,1.7,1.7,0.509,0.477,26.8,74,909.5,2.2
CHR_BRK_03,2023-07-15 10:00:00+00:00,0.3,0.3,0.505,0.478,26.7,73,909.4,5.1
CHR_BRK_03,2023-07-15 11:00:00+00:00,0.3,0.3,0.502,0.479,25.8,81,909.4,7.3
CHR_BRK_03,2023-07-15 12:00:00+00:00,0.5,0.5,0.497,0.489,24.1,94,910.2,1.8
CHR_BRK_03,2023-07-15 13:00:00+00:00,0.0,0.0,0.495,0.489,23.2,97,910.2,3.0
CHR_BRK_03,2023-07-15 14:00:00+00:00,0.0,0.0,0.494,0.488,22.9,98,911.1,3.7
CHR_BRK_03,2023-07-15 15:00:00+00:00,0.0,0.0,0.493,0.488,22.2,99,911.5,2.4
CHR_BRK_03,2023-07-15 16:00:00+00:00,0.0,0.0,0.492,0.487,22.6,98,912.1,4.2
CHR_BRK_03,2023-07-15 17:00:00+00:00,0.0,0.0,0.491,0.487,22.2,98,912.1,3.9
CHR_BRK_03,2023-07-15 18:00:00+00:00,0.0,0.0,0.49,0.486,21.5,99,911.6,2.9
CHR_BRK_03,2023-07-15 19:00:00+00:00,0.0,0.0,0.489,0.486,21.8,99,910.9,4.0
CHR_BRK_03,2023-07-15 20:00:00+00:00,0.0,0.0,0.488,0.485,21.7,99,910.6,3.8
CHR_BRK_03,2023-07-15 21:00:00+00:00,0.0,0.0,0.488,0.485,21.3,99,910.3,2.9
CHR_BRK_03,2023-07-15 22:00:00+00:00,0.0,0.0,0.487,0.484,20.7,99,910.1,2.5
CHR_BRK_03,2023-07-15 23:00:00+00:00,0.0,0.0,0.486,0.484,20.8,98,910.4,2.6
CHR_BRK_03,2023-07-16 00:00:00+00:00,0.0,0.0,0.491,0.484,21.9,97,910.9,1.4
CHR_BRK_03,2023-07-16 01:00:00+00:00,0.0,0.0,0.49,0.484,23.1,94,911.8,1.6
CHR_BRK_03,2023-07-16 02:00:00+00:00,0.0,0.0,0.489,0.483,24.0,91,912.6,1.6
CHR_BRK_03,2023-07-16 03:00:00+00:00,0.0,0.0,0.488,0.483,24.9,85,912.8,3.6
CHR_BRK_03,2023-07-16 04:00:00+00:00,0.2,0.2,0.488,0.482,24.8,83,912.7,4.3
CHR_BRK_03,2023-07-16 05:00:00+00:00,0.2,0.2,0.488,0.482,24.9,85,912.4,3.8
CHR_BRK_03,2023-07-16 06:00:00+00:00,0.1,0.1,0.487,0.481,25.5,82,912.0,3.9
CHR_BRK_03,2023-07-16 07:00:00+00:00,0.0,0.0,0.485,0.48,26.7,77,911.1,5.7
CHR_BRK_03,2023-07-16 08:00:00+00:00,0.1,0.1,0.484,0.48,26.9,74,910.3,7.8
CHR_BRK_03,2023-07-16 09:00:00+00:00,0.0,0.0,0.482,0.479,26.8,74,909.8,7.2
CHR_BRK_03,2023-07-16 10:00:00+00:00,0.4,0.4,0.483,0.478,25.2,81,909.2,9.9
CHR_BRK_03,2023-07-16 11:00:00+00:00,0.1,0.1,0.482,0.478,24.5,88,909.4,8.7
CHR_BRK_03,2023-07-16 12:00:00+00:00,0.1,0.1,0.49,0.479,23.7,92,909.9,3.1
CHR_BRK_03,2023-07-16 13:00:00+00:00,0.0,0.0,0.489,0.479,22.8,94,909.9,4.4
CHR_BRK_03,2023-07-16 14:00:00+00:00,0.0,0.0,0.488,0.479,22.5,95,910.5,5.2
CHR_BRK_03,2023-07-16 15:00:00+00:00,0.0,0.0,0.487,0.478,22.1,96,911.2,4.1
CHR_BRK_03,2023-07-16 16:00:00+00:00,0.0,0.0,0.486,0.478,22.0,95,911.5,2.7
CHR_BRK_03,2023-07-16 17:00:00+00:00,0.0,0.0,0.485,0.478,22.3,95,911.8,1.5
CHR_BRK_03,2023-07-16 18:00:00+00:00,0.0,0.0,0.484,0.478,20.9,98,910.6,2.3
CHR_BRK_03,2023-07-16 19:00:00+00:00,0.0,0.0,0.483,0.477,20.7,98,910.2,2.9
CHR_BRK_03,2023-07-16 20:00:00+00:00,0.0,0.0,0.483,0.477,20.9,99,910.0,2.1
CHR_BRK_03,2023-07-16 21:00:00+00:00,0.2,0.2,0.483,0.477,21.3,98,909.8,1.1
CHR_BRK_03,2023-07-16 22:00:00+00:00,0.3,0.3,0.486,0.477,21.0,99,909.5,1.6
CHR_BRK_03,2023-07-16 23:00:00+00:00,0.0,0.0,0.485,0.477,21.1,100,909.6,1.4
CHR_BRK_03,2023-07-17 00:00:00+00:00,0.0,0.0,0.497,0.477,21.4,98,910.1,0.5
CHR_BRK_03,2023-07-17 01:00:00+00:00,0.0,0.0,0.495,0.478,22.3,95,911.0,3.2
CHR_BRK_03,2023-07-17 02:00:00+00:00,0.0,0.0,0.493,0.478,22.8,91,911.6,4.3
CHR_BRK_03,2023-07-17 03:00:00+00:00,0.0,0.0,0.492,0.478,22.9,90,911.6,4.4
CHR_BRK_03,2023-07-17 04:00:00+00:00,0.1,0.1,0.491,0.478,23.8,88,911.7,3.7
CHR_BRK_03,2023-07-17 05:00:00+00:00,0.0,0.0,0.489,0.477,24.7,83,911.3,4.3
CHR_BRK_03,2023-07-17 06:00:00+00:00,0.1,0.1,0.487,0.477,26.0,78,910.7,4.5
CHR_BRK_03,2023-07-17 07:00:00+00:00,0.9,0.9,0.491,0.476,25.6,82,910.0,7.6
CHR_BRK_03,2023-07-17 08:00:00+00:00,0.1,0.1,0.49,0.476,25.6,82,909.3,5.9
CHR_BRK_03,2023-07-17 09:00:00+00:00,0.0,0.0,0.488,0.476,25.3,83,908.2,4.3
CHR_BRK_03,2023-07-17 10:00:00+00:00,0.0,0.0,0.486,0.476,26.0,81,908.0,2.3
CHR_BRK_03,2023-07-17 11:00:00+00:00,0.0,0.0,0.485,0.475,25.8,82,907.8,2.5
CHR_BRK_03,2023-07-17 12:00:00+00:00,0.0,0.0,0.474,0.472,25.4,85,908.1,4.6
CHR_BRK_03,2023-07-17 13:00:00+00:00,0.0,0.0,0.473,0.472,23.8,90,908.3,4.2
CHR_BRK_03,2023-07-17 14:00:00+00:00,0.0,0.0,0.473,0.471,23.1,90,908.8,4.6
CHR_BRK_03,2023-07-17 15:00:00+00:00,0.0,0.0,0.473,0.471,23.1,87,909.5,4.9
CHR_BRK_03,2023-07-17 16:00:00+00:00,0.0,0.0,0.472,0.471,23.6,84,910.3,4.8
CHR_BRK_03,2023-07-17 17:00:00+00:00,0.0,0.0,0.472,0.471,23.4,84,910.5,4.7
CHR_BRK_03,2023-07-17 18:00:00+00:00,0.0,0.0,0.472,0.47,23.8,84,910.7,1.1
CHR_BRK_03,2023-07-17 19:00:00+00:00,0.0,0.0,0.472,0.47,20.6,95,909.3,2.7
CHR_BRK_03,2023-07-17 20:00:00+00:00,0.0,0.0,0.471,0.47,20.4,96,909.0,3.3
CHR_BRK_03,2023-07-17 21:00:00+00:00,0.0,0.0,0.471,0.469,19.8,98,908.6,3.4
CHR_BRK_03,2023-07-17 22:00:00+00:00,0.0,0.0,0.471,0.469,19.6,98,908.5,2.4
CHR_BRK_03,2023-07-17 23:00:00+00:00,0.0,0.0,0.47,0.469,19.3,99,908.6,2.3
CHR_BRK_03,2023-07-18 00:00:00+00:00,0.0,0.0,0.469,0.468,21.2,97,909.9,4.1
CHR_BRK_03,2023-07-18 01:00:00+00:00,0.0,0.0,0.468,0.468,23.7,91,911.2,0.5
CHR_BRK_03,2023-07-18 02:00:00+00:00,0.0,0.0,0.467,0.467,25.5,82,911.6,4.4
CHR_BRK_03,2023-07-18 03:00:00+00:00,0.0,0.0,0.465,0.466,26.8,76,911.7,7.1
CHR_BRK_03,2023-07-18 04:00:00+00:00,0.0,0.0,0.463,0.465,28.0,71,911.9,7.2
CHR_BRK_03,2023-07-18 05:00:00+00:00,0.0,0.0,0.46,0.464,29.3,67,911.3,7.3
CHR_BRK_03,2023-07-18 06:00:00+00:00,0.0,0.0,0.458,0.463,30.8,63,910.6,8.7
CHR_BRK_03,2023-07-18 07:00:00+00:00,0.0,0.0,0.455,0.462,31.8,56,909.3,9.0
CHR_BRK_03,2023-07-18 08:00:00+00:00,0.1,0.1,0.452,0.46,31.8,51,908.2,10.8
CHR_BRK_03,2023-07-18 09:00:00+00:00,0.0,0.0,0.45,0.459,31.4,53,907.3,9.2
CHR_BRK_03,2023-07-18 10:00:00+00:00,0.2,0.2,0.449,0.458,30.4,56,907.0,8.6
CHR_BRK_03,2023-07-18 11:00:00+00:00,0.0,0.0,0.448,0.458,29.4,62,906.7,6.6
CHR_BRK_03,2023-07-18 12:00:00+00:00,0.1,0.1,0.443,0.457,28.3,65,907.0,7.0
CHR_BRK_03,2023-07-18 13:00:00+00:00,0.0,0.0,0.443,0.456,25.4,79,907.2,6.4
CHR_BRK_03,2023-07-18 14:00:00+00:00,0.0,0.0,0.443,0.456,27.2,65,908.5,1.3
CHR_BRK_03,2023-07-18 15:00:00+00:00,0.0,0.0,0.443,0.456,23.6,84,908.5,3.4
CHR_BRK_03,2023-07-18 16:00:00+00:00,0.0,0.0,0.443,0.456,23.2,90,909.3,4.8
CHR_BRK_03,2023-07-18 17:00:00+00:00,0.0,0.0,0.443,0.455,22.3,97,909.4,5.0
CHR_BRK_03,2023-07-18 18:00:00+00:00,0.0,0.0,0.443,0.455,21.8,99,909.3,5.0
CHR_BRK_03,2023-07-18 19:00:00+00:00,0.0,0.0,0.444,0.455,21.5,100,908.8,4.7
CHR_BRK_03,2023-07-18 20:00:00+00:00,0.0,0.0,0.444,0.455,21.7,99,908.6,3.3
CHR_BRK_03,2023-07-18 21:00:00+00:00,0.0,0.0,0.444,0.454,22.1,99,908.7,2.7
CHR_BRK_03,2023-07-18 22:00:00+00:00,0.0,0.0,0.444,0.454,22.5,98,908.7,1.8
CHR_BRK_03,2023-07-18 23:00:00+00:00,0.0,0.0,0.444,0.454,22.8,98,908.9,1.4
CHR_BRK_03,2023-07-19 00:00:00+00:00,0.0,0.0,0.442,0.455,23.3,97,909.5,2.5
CHR_BRK_03,2023-07-19 01:00:00+00:00,0.0,0.0,0.443,0.454,24.0,92,910.3,3.2
CHR_BRK_03,2023-07-19 02:00:00+00:00,0.0,0.0,0.442,0.454,25.8,81,910.8,4.0
CHR_BRK_03,2023-07-19 03:00:00+00:00,0.0,0.0,0.441,0.453,27.4,75,911.0,4.0
CHR_BRK_03,2023-07-19 04:00:00+00:00,0.0,0.0,0.439,0.452,28.9,68,910.8,5.4
CHR_BRK_03,2023-07-19 05:00:00+00:00,0.0,0.0,0.436,0.451,29.9,66,910.4,5.9
CHR_BRK_03,2023-07-19 06:00:00+00:00,0.0,0.0,0.434,0.45,30.8,62,909.9,6.6
CHR_BRK_03,2023-07-19 07:00:00+00:00,0.1,0.1,0.432,0.449,31.5,54,908.7,8.2
CHR_BRK_03,2023-07-19 08:00:00+00:00,0.0,0.0,0.429,0.447,31.7,49,907.4,7.9
CHR_BRK_03,2023-07-19 09:00:00+00:00,0.0,0.0,0.427,0.446,31.6,50,906.7,8.3
CHR_BRK_03,2023-07-19 10:00:00+00:00,0.0,0.0,0.425,0.445,30.9,54,906.3,8.0
CHR_BRK_03,2023-07-19 11:00:00+00:00,0.0,0.0,0.424,0.444,30.2,58,906.5,5.8
CHR_BRK_03,2023-07-19 12:00:00+00:00,0.0,0.0,0.418,0.442,28.3,72,906.4,4.6
CHR_BRK_03,2023-07-19 13:00:00+00:00,0.0,0.0,0.418,0.442,29.0,59,907.6,1.6
CHR_BRK_03,2023-07-19 14:00:00+00:00,0.0,0.0,0.419,0.441,25.7,78,907.8,5.1
CHR_BRK_03,2023-07-19 15:00:00+00:00,0.0,0.0,0.419,0.441,24.1,92,908.6,5.9
CHR_BRK_03,2023-07-19 16:00:00+00:00,0.0,0.0,0.419,0.441,23.3,96,909.4,5.3
CHR_BRK_03,2023-07-19 17:00:00+00:00,0.0,0.0,0.419,0.441,23.1,98,909.6,5.5
CHR_BRK_03,2023-07-19 18:00:00+00:00,0.0,0.0,0.419,0.441,23.3,97,909.1,5.2
CHR_BRK_03,2023-07-19 19:00:00+00:00,0.0,0.0,0.42,0.441,23.5,95,908.4,4.6
CHR_BRK_03,2023-07-19 20:00:00+00:00,0.0,0.0,0.42,0.44,23.5,95,908.5,3.0
CHR_BRK_03,2023-07-19 21:00:00+00:00,0.0,0.0,0.42,0.44,23.7,94,908.6,2.4
CHR_BRK_03,2023-07-19 22:00:00+00:00,0.0,0.0,0.42,0.44,23.5,96,908.5,1.9
CHR_BRK_03,2023-07-19 23:00:00+00:00,0.0,0.0,0.421,0.44,23.4,96,908.9,2.1
CHR_BRK_03,2023-07-20 00:00:00+00:00,0.0,0.0,0.421,0.44,23.9,94,909.4,1.9
CHR_BRK_03,2023-07-20 01:00:00+00:00,0.0,0.0,0.421,0.44,25.2,87,910.3,1.4
CHR_BRK_03,2023-07-20 02:00:00+00:00,0.1,0.1,0.42,0.439,26.5,79,910.6,5.1
CHR_BRK_03,2023-07-20 03:00:00+00:00,0.0,0.0,0.419,0.438,27.2,75,911.1,6.4
CHR_BRK_03,2023-07-20 04:00:00+00:00,0.0,0.0,0.418,0.438,28.2,71,910.8,6.1
CHR_BRK_03,2023-07-20 05:00:00+00:00,0.0,0.0,0.416,0.437,29.4,67,910.7,6.5
CHR_BRK_03,2023-07-20 06:00:00+00:00,0.0,0.0,0.414,0.436,30.1,65,909.7,6.6
CHR_BRK_03,2023-07-20 07:00:00+00:00,0.1,0.1,0.413,0.435,29.4,66,908.7,11.6
CHR_BRK_03,2023-07-20 08:00:00+00:00,0.1,0.1,0.412,0.434,29.9,65,908.3,10.1
CHR_BRK_03,2023-07-20 09:00:00+00:00,1.1,1.1,0.419,0.433,27.3,74,907.5,7.2
CHR_BRK_03,2023-07-20 10:00:00+00:00,0.1,0.1,0.418,0.433,28.0,73,907.4,6.3
CHR_BRK_03,2023-07-20 11:00:00+00:00,0.0,0.0,0.417,0.432,27.8,71,907.4,7.9
CHR_BRK_03,2023-07-20 12:00:00+00:00,0.0,0.0,0.416,0.431,25.8,82,908.0,5.4
CHR_BRK_03,2023-07-20 13:00:00+00:00,0.0,0.0,0.416,0.431,24.6,87,909.0,7.7
CHR_BRK_03,2023-07-20 14:00:00+00:00,0.0,0.0,0.416,0.431,24.0,88,910.0,5.0
CHR_BRK_03,2023-07-20 15:00:00+00:00,0.0,0.0,0.417,0.431,23.3,92,910.7,6.4
CHR_BRK_03,2023-07-20 16:00:00+00:00,0.0,0.0,0.417,0.43,23.0,94,911.3,5.5
CHR_BRK_03,2023-07-20 17:00:00+00:00,0.0,0.0,0.417,0.43,23.0,94,911.3,4.6
CHR_BRK_03,2023-07-20 18:00:00+00:00,0.0,0.0,0.417,0.43,22.9,95,911.2,4.6
CHR_BRK_03,2023-07-20 19:00:00+00:00,0.0,0.0,0.417,0.43,22.6,96,910.8,5.4
CHR_BRK_03,2023-07-20 20:00:00+00:00,0.0,0.0,0.417,0.43,22.5,97,910.3,5.4
CHR_BRK_03,2023-07-20 21:00:00+00:00,0.0,0.0,0.417,0.43,22.2,97,910.4,4.8
CHR_BRK_03,2023-07-20 22:00:00+00:00,0.0,0.0,0.418,0.43,22.3,97,910.4,5.2
CHR_BRK_03,2023-07-20 23:00:00+00:00,0.0,0.0,0.418,0.43,22.3,97,911.0,5.4
CHR_BRK_03,2023-07-21 00:00:00+00:00,0.0,0.0,0.419,0.43,22.4,95,911.8,6.9
CHR_BRK_03,2023-07-21 01:00:00+00:00,0.1,0.1,0.419,0.429,23.5,90,912.9,7.9
CHR_BRK_03,2023-07-21 02:00:00+00:00,0.2,0.2,0.42,0.429,24.5,84,913.4,6.8
CHR_BRK_03,2023-07-21 03:00:00+00:00,0.2,0.2,0.421,0.429,26.1,80,913.8,7.4
CHR_BRK_03,2023-07-21 04:00:00+00:00,0.1,0.1,0.42,0.428,27.9,69,913.8,10.8
CHR_BRK_03,2023-07-21 05:00:00+00:00,0.6,0.6,0.423,0.428,26.0,76,913.3,8.4
CHR_BRK_03,2023-07-21 06:00:00+00:00,0.1,0.1,0.423,0.427,27.5,73,912.7,7.8
CHR_BRK_03,2023-07-21 07:00:00+00:00,0.0,0.0,0.42,0.426,29.7,61,912.4,10.8
CHR_BRK_03,2023-07-21 08:00:00+00:00,0.0,0.0,0.418,0.426,29.0,62,911.5,14.6
CHR_BRK_03,2023-07-21 09:00:00+00:00,0.1,0.1,0.418,0.425,27.7,68,911.1,11.2
CHR_BRK_03,2023-07-21 10:00:00+00:00,0.0,0.0,0.417,0.424,28.1,66,910.6,11.7
CHR_BRK_03,2023-07-21 11:00:00+00:00,0.0,0.0,0.415,0.424,27.3,69,911.2,11.1
CHR_BRK_03,2023-07-21 12:00:00+00:00,0.0,0.0,0.417,0.421,25.9,75,912.5,6.5
CHR_BRK_03,2023-07-21 13:00:00+00:00,0.0,0.0,0.417,0.421,24.3,83,913.0,5.9
CHR_BRK_03,2023-07-21 14:00:00+00:00,0.0,0.0,0.417,0.421,23.8,86,913.8,7.3
CHR_BRK_03,2023-07-21 15:00:00+00:00,0.0,0.0,0.417,0.421,23.3,90,914.8,5.4
CHR_BRK_03,2023-07-21 16:00:00+00:00,0.0,0.0,0.417,0.421,23.0,92,915.4,5.0
CHR_BRK_03,2023-07-21 17:00:00+00:00,0.0,0.0,0.417,0.421,22.7,94,915.6,5.4
CHR_BRK_03,2023-07-21 18:00:00+00:00,0.0,0.0,0.417,0.421,22.4,95,915.0,3.9
CHR_BRK_03,2023-07-21 19:00:00+00:00,0.0,0.0,0.417,0.421,22.6,95,914.7,2.6
CHR_BRK_03,2023-07-21 20:00:00+00:00,0.0,0.0,0.417,0.421,22.4,95,914.0,2.3
CHR_BRK_03,2023-07-21 21:00:00+00:00,0.0,0.0,0.417,0.421,21.6,97,913.6,3.9
CHR_BRK_03,2023-07-21 22:00:00+00:00,0.0,0.0,0.417,0.421,21.5,98,913.5,2.3
CHR_BRK_03,2023-07-21 23:00:00+00:00,0.0,0.0,0.417,0.421,21.7,98,914.6,2.2
CHR_BRK_03,2023-07-22 00:00:00+00:00,0.0,0.0,0.417,0.42,21.9,100,914.7,1.1
CHR_BRK_03,2023-07-22 01:00:00+00:00,0.0,0.0,0.417,0.42,23.8,89,915.9,3.6
CHR_BRK_03,2023-07-22 02:00:00+00:00,0.0,0.0,0.417,0.42,25.3,83,916.4,5.7
CHR_BRK_03,2023-07-22 03:00:00+00:00,0.1,0.1,0.416,0.419,26.7,77,916.5,4.4
CHR_BRK_03,2023-07-22 04:00:00+00:00,0.2,0.2,0.416,0.419,27.8,72,916.8,6.8
CHR_BRK_03,2023-07-22 05:00:00+00:00,0.1,0.1,0.415,0.418,28.0,68,916.6,10.6
CHR_BRK_03,2023-07-22 06:00:00+00:00,0.9,0.9,0.421,0.418,25.7,80,916.0,7.5
CHR_BRK_03,2023-07-22 07:00:00+00:00,0.0,0.0,0.42,0.417,27.4,73,915.3,8.0
CHR_BRK_03,2023-07-22 08:00:00+00:00,0.0,0.0,0.419,0.417,28.2,69,914.0,7.1
CHR_BRK_03,2023-07-22 09:00:00+00:00,0.0,0.0,0.417,0.416,28.6,66,913.3,9.0
CHR_BRK_03,2023-07-22 10:00:00+00:00,0.2,0.2,0.417,0.416,27.9,68,913.4,8.4
CHR_BRK_03,2023-07-22 11:00:00+00:00,0.0,0.0,0.417,0.416,26.8,72,912.9,7.0
CHR_BRK_03,2023-07-22 12:00:00+00:00,0.0,0.0,0.408,0.414,26.7,75,913.5,4.4
CHR_BRK_03,2023-07-22 13:00:00+00:00,0.0,0.0,0.408,0.414,25.5,79,914.0,6.2
CHR_BRK_03,2023-07-22 14:00:00+00:00,0.0,0.0,0.408,0.414,24.1,88,914.4,5.4
CHR_BRK_03,2023-07-22 15:00:00+00:00,0.0,0.0,0.408,0.414,25.2,80,915.4,2.6
CHR_BRK_03,2023-07-22 16:00:00+00:00,0.0,0.0,0.408,0.414,22.9,92,915.1,2.1
CHR_BRK_03,2023-07-22 17:00:00+00:00,0.0,0.0,0.408,0.414,22.5,96,915.1,4.1
CHR_BRK_03,2023-07-22 18:00:00+00:00,0.6,0.6,0.413,0.414,22.2,95,915.2,5.4
CHR_BRK_03,2023-07-22 19:00:00+00:00,0.6,0.6,0.417,0.414,22.1,96,915.1,1.5
CHR_BRK_03,2023-07-22 20:00:00+00:00,0.3,0.3,0.419,0.414,21.7,98,914.5,4.3
CHR_BRK_03,2023-07-22 21:00:00+00:00,0.1,0.1,0.42,0.414,21.7,100,914.4,3.1
CHR_BRK_03,2023-07-22 22:00:00+00:00,1.7,1.7,0.441,0.414,21.4,100,914.3,5.4
CHR_BRK_03,2023-07-22 23:00:00+00:00,0.0,0.0,0.441,0.414,21.4,100,914.5,4.3
CHR_BRK_03,2023-07-23 00:00:00+00:00,0.0,0.0,0.413,0.413,21.8,95,915.0,6.5
CHR_BRK_03,2023-07-23 01:00:00+00:00,0.0,0.0,0.413,0.413,23.0,90,915.8,6.6
CHR_BRK_03,2023-07-23 02:00:00+00:00,0.0,0.0,0.412,0.413,25.1,82,916.1,6.1
CHR_BRK_03,2023-07-23 03:00:00+00:00,0.0,0.0,0.411,0.413,26.9,74,916.1,2.2
CHR_BRK_03,2023-07-23 04:00:00+00:00,0.0,0.0,0.41,0.412,28.5,69,916.1,2.6
CHR_BRK_03,2023-07-23 05:00:00+00:00,0.0,0.0,0.408,0.411,29.6,65,916.1,1.1
CHR_BRK_03,2023-07-23 06:00:00+00:00,0.1,0.1,0.407,0.411,29.3,64,914.9,2.7
CHR_BRK_03,2023-07-23 07:00:00+00:00,1.9,1.9,0.422,0.41,26.2,84,914.0,7.0
CHR_BRK_03,2023-07-23 08:00:00+00:00,0.2,0.2,0.422,0.41,28.2,72,913.0,3.7
CHR_BRK_03,2023-07-23 09:00:00+00:00,0.0,0.0,0.42,0.41,28.9,67,912.3,1.8
CHR_BRK_03,2023-07-23 10:00:00+00:00,0.0,0.0,0.419,0.409,28.8,66,911.6,1.8
CHR_BRK_03,2023-07-23 11:00:00+00:00,0.4,0.4,0.421,0.409,27.5,77,911.3,2.3
CHR_BRK_03,2023-07-23 12:00:00+00:00,0.0,0.0,0.41,0.407,24.4,96,911.6,2.9
CHR_BRK_03,2023-07-23 13:00:00+00:00,0.3,0.3,0.412,0.407,23.8,96,911.9,4.3
CHR_BRK_03,2023-07-23 14:00:00+00:00,0.3,0.3,0.414,0.407,23.6,96,912.3,5.5
CHR_BRK_03,2023-07-23 15:00:00+00:00,0.0,0.0,0.414,0.407,23.1,96,912.5,3.3
CHR_BRK_03,2023-07-23 16:00:00+00:00,0.0,0.0,0.414,0.407,22.7,99,912.7,3.1
CHR_BRK_03,2023-07-23 17:00:00+00:00,0.6,0.6,0.422,0.407,22.5,99,913.0,4.1
CHR_BRK_03,2023-07-23 18:00:00+00:00,5.0,5.0,0.484,0.407,21.8,99,913.1,3.6
CHR_BRK_03,2023-07-23 19:00:00+00:00,2.1,2.1,0.507,0.409,21.8,100,912.7,6.1
CHR_BRK_03,2023-07-23 20:00:00+00:00,1.0,1.0,0.502,0.415,21.6,100,911.9,2.2
CHR_BRK_03,2023-07-23 21:00:00+00:00,2.5,2.5,0.52,0.418,21.1,100,912.0,5.9
CHR_BRK_03,2023-07-23 22:00:00+00:00,1.9,1.9,0.504,0.431,21.1,99,911.7,4.3
CHR_BRK_03,2023-07-23 23:00:00+00:00,0.4,0.4,0.501,0.434,20.9,100,912.1,2.1
CHR_BRK_03,2023-07-24 00:00:00+00:00,0.2,0.2,0.494,0.426,21.6,97,912.5,4.7
CHR_BRK_03,2023-07-24 01:00:00+00:00,0.0,0.0,0.489,0.427,22.8,91,913.5,7.6
CHR_BRK_03,2023-07-24 02:00:00+00:00,0.0,0.0,0.486,0.429,24.1,84,914.2,3.8
CHR_BRK_03,2023-07-24 03:00:00+00:00,0.0,0.0,0.482,0.429,25.7,79,914.1,3.2
CHR_BRK_03,2023-07-24 04:00:00+00:00,0.0,0.0,0.479,0.429,27.0,72,914.0,3.7
CHR_BRK_03,2023-07-24 05:00:00+00:00,0.0,0.0,0.475,0.429,28.2,69,913.6,1.9
CHR_BRK_03,2023-07-24 06:00:00+00:00,0.0,0.0,0.471,0.429,29.3,65,912.6,2.5
CHR_BRK_03,2023-07-24 07:00:00+00:00,0.0,0.0,0.467,0.429,30.4,61,911.7,5.4
CHR_BRK_03,2023-07-24 08:00:00+00:00,3.5,3.5,0.497,0.429,27.1,76,911.2,5.9
CHR_BRK_03,2023-07-24 09:00:00+00:00,1.7,1.7,0.503,0.433,26.9,78,910.5,4.7
CHR_BRK_03,2023-07-24 10:00:00+00:00,0.0,0.0,0.496,0.435,26.8,80,910.3,3.4
CHR_BRK_03,2023-07-24 11:00:00+00:00,0.0,0.0,0.49,0.436,26.3,81,910.0,5.1
CHR_BRK_03,2023-07-24 12:00:00+00:00,0.0,0.0,0.479,0.443,25.0,91,910.7,1.1
CHR_BRK_03,2023-07-24 13:00:00+00:00,0.0,0.0,0.478,0.443,23.9,95,910.8,2.8
CHR_BRK_03,2023-07-24 14:00:00+00:00,0.0,0.0,0.476,0.444,22.6,99,911.1,2.7
CHR_BRK_03,2023-07-24 15:00:00+00:00,0.0,0.0,0.475,0.444,23.1,100,911.8,1.6
CHR_BRK_03,2023-07-24 16:00:00+00:00,0.0,0.0,0.474,0.444,21.9,100,912.3,1.0
CHR_BRK_03,2023-07-24 17:00:00+00:00,0.0,0.0,0.472,0.445,21.8,100,912.3,1.9
CHR_BRK_03,2023-07-24 18:00:00+00:00,0.0,0.0,0.471,0.445,21.4,100,912.2,2.8
CHR_BRK_03,2023-07-24 19:00:00+00:00,0.0,0.0,0.47,0.445,21.4,100,911.8,4.3
CHR_BRK_03,2023-07-24 20:00:00+00:00,0.0,0.0,0.47,0.445,21.3,100,911.4,5.0
CHR_BRK_03,2023-07-24 21:00:00+00:00,0.0,0.0,0.469,0.445,20.9,100,911.0,1.6
CHR_BRK_03,2023-07-24 22:00:00+00:00,0.0,0.0,0.468,0.445,20.6,100,911.0,2.3
CHR_BRK_03,2023-07-24 23:00:00+00:00,1.2,1.2,0.478,0.446,20.6,98,911.4,2.0
CHR_BRK_03,2023-07-25 00:00:00+00:00,1.6,1.6,0.47,0.446,21.4,99,912.5,2.0
CHR_BRK_03,2023-07-25 01:00:00+00:00,0.0,0.0,0.47,0.446,23.1,98,913.3,1.8
CHR_BRK_03,2023-07-25 02:00:00+00:00,0.0,0.0,0.469,0.446,24.4,91,914.2,2.9
CHR_BRK_03,2023-07-25 03:00:00+00:00,0.1,0.1,0.468,0.446,26.1,81,914.5,4.2
CHR_BRK_03,2023-07-25 04:00:00+00:00,0.0,0.0,0.466,0.446,27.7,74,914.2,5.7
CHR_BRK_03,2023-07-25 05:00:00+00:00,0.0,0.0,0.463,0.445,28.6,70,913.8,6.9
CHR_BRK_03,2023-07-25 06:00:00+00:00,0.1,0.1,0.461,0.444,29.4,67,913.3,7.2
CHR_BRK_03,2023-07-25 07:00:00+00:00,0.4,0.4,0.461,0.444,26.9,75,912.2,8.8
CHR_BRK_03,2023-07-25 08:00:00+00:00,0.0,0.0,0.459,0.443,28.2,71,911.4,4.6
CHR_BRK_03,2023-07-25 09:00:00+00:00,0.0,0.0,0.457,0.442,28.9,69,911.0,4.3
CHR_BRK_03,2023-07-25 10:00:00+00:00,2.0,2.0,0.476,0.442,27.9,74,910.6,4.3
CHR_BRK_03,2023-07-25 11:00:00+00:00,5.7,5.7,0.507,0.453,24.7,92,910.1,4.0
CHR_BRK_03,2023-07-25 12:00:00+00:00,0.0,0.0,0.476,0.443,25.9,83,911.1,6.3
CHR_BRK_03,2023-07-25 13:00:00+00:00,0.0,0.0,0.475,0.443,24.9,87,911.6,6.4
CHR_BRK_03,2023-07-25 14:00:00+00:00,0.0,0.0,0.474,0.443,24.3,90,911.7,7.0
CHR_BRK_03,2023-07-25 15:00:00+00:00,0.2,0.2,0.474,0.443,22.8,96,912.1,4.6
CHR_BRK_03,2023-07-25 16:00:00+00:00,0.8,0.8,0.477,0.444,22.9,95,912.9,1.3
CHR_BRK_03,2023-07-25 17:00:00+00:00,0.1,0.1,0.477,0.444,22.4,96,912.9,3.3
CHR_BRK_03,2023-07-25 18:00:00+00:00,0.0,0.0,0.476,0.444,22.4,95,912.7,2.7
CHR_BRK_03,2023-07-25 19:00:00+00:00,0.4,0.4,0.477,0.445,22.4,96,912.7,5.3
CHR_BRK_03,2023-07-25 20:00:00+00:00,0.2,0.2,0.478,0.445,21.6,99,912.0,4.0
CHR_BRK_03,2023-07-25 21:00:00+00:00,0.0,0.0,0.477,0.446,21.3,100,912.0,4.2
CHR_BRK_03,2023-07-25 22:00:00+00:00,0.7,0.7,0.484,0.446,21.2,100,912.0,1.5
CHR_BRK_03,2023-07-25 23:00:00+00:00,0.2,0.2,0.484,0.446,21.1,99,912.1,2.9
CHR_BRK_03,2023-07-26 00:00:00+00:00,0.1,0.1,0.488,0.452,21.8,96,913.2,2.6
CHR_BRK_03,2023-07-26 01:00:00+00:00,0.0,0.0,0.486,0.453,23.3,92,914.1,0.8
CHR_BRK_03,2023-07-26 02:00:00+00:00,0.0,0.0,0.484,0.453,24.8,81,914.5,1.5
CHR_BRK_03,2023-07-26 03:00:00+00:00,0.3,0.3,0.483,0.453,26.1,77,914.8,2.5
CHR_BRK_03,2023-07-26 04:00:00+00:00,0.3,0.3,0.482,0.453,27.0,72,914.6,4.8
CHR_BRK_03,2023-07-26 05:00:00+00:00,0.3,0.3,0.481,0.453,27.4,70,914.1,5.6
CHR_BRK_03,2023-07-26 06:00:00+00:00,0.4,0.4,0.481,0.453,28.1,67,913.6,5.4
CHR_BRK_03,2023-07-26 07:00:00+00:00,0.4,0.4,0.48,0.452,28.5,66,912.8,5.7
CHR_BRK_03,2023-07-26 08:00:00+00:00,0.3,0.3,0.479,0.452,29.2,61,911.9,3.3
CHR_BRK_03,2023-07-26 09:00:00+00:00,0.6,0.6,0.479,0.452,28.6,66,911.2,2.2
CHR_BRK_03,2023-07-26 10:00:00+00:00,4.1,4.1,0.512,0.454,25.6,91,911.0,7.2
CHR_BRK_03,2023-07-26 11:00:00+00:00,0.4,0.4,0.504,0.457,25.0,93,910.9,5.4
CHR_BRK_03,2023-07-26 12:00:00+00:00,0.3,0.3,0.47,0.451,24.7,89,912.0,4.7
CHR_BRK_03,2023-07-26 13:00:00+00:00,0.0,0.0,0.47,0.451,23.7,96,912.3,5.9
CHR_BRK_03,2023-07-26 14:00:00+00:00,0.0,0.0,0.469,0.451,23.1,97,913.0,7.9
CHR_BRK_03,2023-07-26 15:00:00+00:00,3.6,3.6,0.506,0.452,22.1,99,913.7,5.1
CHR_BRK_03,2023-07-26 16:00:00+00:00,0.1,0.1,0.5,0.454,22.0,99,913.6,4.7
CHR_BRK_03,2023-07-26 17:00:00+00:00,0.1,0.1,0.496,0.455,21.9,98,913.6,2.1
CHR_BRK_03,2023-07-26 18:00:00+00:00,0.0,0.0,0.493,0.456,21.8,97,912.9,5.3
CHR_BRK_03,2023-07-26 19:00:00+00:00,0.0,0.0,0.49,0.457,21.4,97,912.4,3.7
CHR_BRK_03,2023-07-26 20:00:00+00:00,0.0,0.0,0.488,0.458,21.4,96,912.0,4.6
CHR_BRK_03,2023-07-26 21:00:00+00:00,0.0,0.0,0.486,0.458,21.1,97,911.9,4.2
CHR_BRK_03,2023-07-26 22:00:00+00:00,0.0,0.0,0.484,0.458,20.8,97,911.7,3.2
CHR_BRK_03,2023-07-26 23:00:00+00:00,0.0,0.0,0.483,0.459,20.8,97,911.9,3.6
CHR_BRK_03,2023-07-27 00:00:00+00:00,0.0,0.0,0.48,0.466,22.0,98,912.7,4.3
CHR_BRK_03,2023-07-27 01:00:00+00:00,0.0,0.0,0.479,0.466,23.2,96,913.6,4.3
CHR_BRK_03,2023-07-27 02:00:00+00:00,0.0,0.0,0.478,0.466,23.6,92,914.0,4.8
CHR_BRK_03,2023-07-27 03:00:00+00:00,0.2,0.2,0.478,0.466,24.4,87,914.1,5.9
CHR_BRK_03,2023-07-27 04:00:00+00:00,0.0,0.0,0.477,0.466,25.7,78,913.9,7.3
CHR_BRK_03,2023-07-27 05:00:00+00:00,0.1,0.1,0.476,0.465,27.8,68,913.6,8.7
CHR_BRK_03,2023-07-27 06:00:00+00:00,0.1,0.1,0.474,0.464,29.1,61,912.9,9.8
CHR_BRK_03,2023-07-27 07:00:00+00:00,0.1,0.1,0.471,0.463,29.8,58,911.5,9.4
CHR_BRK_03,2023-07-27 08:00:00+00:00,0.3,0.3,0.47,0.462,30.0,58,910.6,10.1
CHR_BRK_03,2023-07-27 09:00:00+00:00,0.5,0.5,0.471,0.461,28.8,63,909.8,11.4
CHR_BRK_03,2023-07-27 10:00:00+00:00,1.3,1.3,0.478,0.461,27.0,77,909.4,8.0
CHR_BRK_03,2023-07-27 11:00:00+00:00,0.9,0.9,0.484,0.461,26.2,78,909.8,7.7
CHR_BRK_03,2023-07-27 12:00:00+00:00,0.1,0.1,0.464,0.46,26.0,81,910.4,5.1
CHR_BRK_03,2023-07-27 13:00:00+00:00,0.0,0.0,0.464,0.46,24.3,89,910.4,4.0
CHR_BRK_03,2023-07-27 14:00:00+00:00,0.0,0.0,0.464,0.46,23.2,94,910.8,4.1
CHR_BRK_03,2023-07-27 15:00:00+00:00,0.1,0.1,0.464,0.46,23.0,94,911.5,3.8
CHR_BRK_03,2023-07-27 16:00:00+00:00,0.1,0.1,0.465,0.459,22.5,95,912.0,4.1
CHR_BRK_03,2023-07-27 17:00:00+00:00,0.0,0.0,0.465,0.459,22.0,97,911.4,4.1
CHR_BRK_03,2023-07-27 18:00:00+00:00,0.0,0.0,0.464,0.459,21.8,98,910.9,4.7
CHR_BRK_03,2023-07-27 19:00:00+00:00,0.0,0.0,0.464,0.459,21.7,98,910.3,4.9
CHR_BRK_03,2023-07-27 20:00:00+00:00,0.0,0.0,0.464,0.459,21.7,98,910.0,5.0
CHR_BRK_03,2023-07-27 21:00:00+00:00,0.0,0.0,0.464,0.459,21.6,99,909.5,5.3
CHR_BRK_03,2023-07-27 22:00:00+00:00,0.0,0.0,0.463,0.459,21.7,99,909.4,4.8
CHR_BRK_03,2023-07-27 23:00:00+00:00,0.0,0.0,0.463,0.458,21.8,98,909.6,4.6
CHR_BRK_03,2023-07-28 00:00:00+00:00,0.0,0.0,0.461,0.458,22.7,96,910.4,5.0
CHR_BRK_03,2023-07-28 01:00:00+00:00,0.0,0.0,0.461,0.458,24.0,89,911.0,4.6
CHR_BRK_03,2023-07-28 02:00:00+00:00,0.1,0.1,0.46,0.457,25.6,80,911.7,5.9
CHR_BRK_03,2023-07-28 03:00:00+00:00,0.0,0.0,0.459,0.457,27.2,72,911.6,7.2
CHR_BRK_03,2023-07-28 04:00:00+00:00,0.3,0.3,0.459,0.456,28.4,67,911.3,7.9
CHR_BRK_03,2023-07-28 05:00:00+00:00,0.3,0.3,0.458,0.455,29.5,64,910.8,9.1
CHR_BRK_03,2023-07-28 06:00:00+00:00,0.0,0.0,0.456,0.454,29.9,64,909.8,10.5
CHR_BRK_03,2023-07-28 07:00:00+00:00,1.3,1.3,0.463,0.453,28.7,68,908.7,11.2
CHR_BRK_03,2023-07-28 08:00:00+00:00,0.9,0.9,0.468,0.453,27.9,70,907.9,11.2
CHR_BRK_03,2023-07-28 09:00:00+00:00,0.5,0.5,0.47,0.452,28.3,73,907.4,7.1
CHR_BRK_03,2023-07-28 10:00:00+00:00,2.7,2.7,0.494,0.452,26.8,78,907.2,8.0
CHR_BRK_03,2023-07-28 11:00:00+00:00,1.3,1.3,0.501,0.454,25.1,86,907.5,8.0
CHR_BRK_03,2023-07-28 12:00:00+00:00,0.1,0.1,0.5,0.462,23.9,96,908.5,2.3
CHR_BRK_03,2023-07-28 13:00:00+00:00,0.0,0.0,0.496,0.463,23.1,97,908.9,3.0
CHR_BRK_03,2023-07-28 14:00:00+00:00,0.0,0.0,0.493,0.464,22.7,96,909.5,2.6
CHR_BRK_03,2023-07-28 15:00:00+00:00,0.0,0.0,0.491,0.464,22.7,96,909.8,2.7
CHR_BRK_03,2023-07-28 16:00:00+00:00,0.0,0.0,0.489,0.465,22.3,96,910.2,3.0
CHR_BRK_03,2023-07-28 17:00:00+00:00,0.0,0.0,0.487,0.465,22.1,98,909.7,4.7
CHR_BRK_03,2023-07-28 18:00:00+00:00,0.0,0.0,0.485,0.465,21.6,99,909.1,4.2
CHR_BRK_03,2023-07-28 19:00:00+00:00,0.0,0.0,0.484,0.465,21.5,99,908.7,4.7
CHR_BRK_03,2023-07-28 20:00:00+00:00,0.0,0.0,0.483,0.466,21.3,99,908.1,4.4
CHR_BRK_03,2023-07-28 21:00:00+00:00,0.0,0.0,0.482,0.466,21.2,99,907.8,3.5
CHR_BRK_03,2023-07-28 22:00:00+00:00,0.0,0.0,0.481,0.466,20.9,98,907.7,2.9
CHR_BRK_03,2023-07-28 23:00:00+00:00,0.0,0.0,0.48,0.466,20.7,98,907.9,2.8
CHR_BRK_03,2023-07-29 00:00:00+00:00,0.0,0.0,0.477,0.466,21.5,100,908.8,3.9
CHR_BRK_03,2023-07-29 01:00:00+00:00,0.1,0.1,0.478,0.466,23.5,92,910.0,1.8
CHR_BRK_03,2023-07-29 02:00:00+00:00,0.2,0.2,0.478,0.466,25.0,85,910.9,0.5
CHR_BRK_03,2023-07-29 03:00:00+00:00,0.3,0.3,0.478,0.465,26.7,75,911.1,1.1
CHR_BRK_03,2023-07-29 04:00:00+00:00,0.1,0.1,0.477,0.465,28.5,65,911.3,0.8
CHR_BRK_03,2023-07-29 05:00:00+00:00,0.2,0.2,0.475,0.464,29.4,63,910.8,2.4
CHR_BRK_03,2023-07-29 06:00:00+00:00,0.2,0.2,0.473,0.463,29.9,60,910.0,1.6
CHR_BRK_03,2023-07-29 07:00:00+00:00,0.1,0.1,0.471,0.462,29.8,61,908.5,3.6
CHR_BRK_03,2023-07-29 08:00:00+00:00,0.1,0.1,0.469,0.461,29.6,63,907.5,5.1
CHR_BRK_03,2023-07-29 09:00:00+00:00,3.7,3.7,0.5,0.461,26.7,86,907.3,4.6
CHR_BRK_03,2023-07-29 10:00:00+00:00,0.2,0.2,0.497,0.462,26.8,79,907.0,5.1
CHR_BRK_03,2023-07-29 11:00:00+00:00,0.0,0.0,0.493,0.463,26.5,84,907.2,4.1
CHR_BRK_03,2023-07-29 12:00:00+00:00,0.0,0.0,0.462,0.458,25.1,91,907.5,1.5
CHR_BRK_03,2023-07-29 13:00:00+00:00,0.0,0.0,0.462,0.457,24.9,90,908.0,2.6
CHR_BRK_03,2023-07-29 14:00:00+00:00,0.0,0.0,0.462,0.457,24.9,89,908.9,0.0
CHR_BRK_03,2023-07-29 15:00:00+00:00,2.0,2.0,0.48,0.457,24.5,87,909.6,1.9
CHR_BRK_03,2023-07-29 16:00:00+00:00,0.3,0.3,0.481,0.457,24.6,84,909.8,2.1
CHR_BRK_03,2023-07-29 17:00:00+00:00,0.1,0.1,0.481,0.458,24.3,85,909.6,1.1
CHR_BRK_03,2023-07-29 18:00:00+00:00,0.0,0.0,0.48,0.458,24.0,86,909.4,3.3
CHR_BRK_03,2023-07-29 19:00:00+00:00,0.0,0.0,0.479,0.458,23.8,87,908.5,1.9
CHR_BRK_03,2023-07-29 20:00:00+00:00,0.0,0.0,0.478,0.458,23.3,90,908.1,0.0
CHR_BRK_03,2023-07-29 21:00:00+00:00,0.0,0.0,0.477,0.458,21.3,99,906.9,4.2
CHR_BRK_03,2023-07-29 22:00:00+00:00,0.0,0.0,0.476,0.458,22.5,96,907.2,2.7
CHR_BRK_03,2023-07-29 23:00:00+00:00,0.0,0.0,0.475,0.458,20.9,100,906.8,2.8
CHR_BRK_03,2023-07-30 00:00:00+00:00,0.0,0.0,0.46,0.456,21.7,100,907.7,0.8
CHR_BRK_03,2023-07-30 01:00:00+00:00,0.0,0.0,0.46,0.456,23.8,91,908.6,3.6
CHR_BRK_03,2023-07-30 02:00:00+00:00,0.2,0.2,0.46,0.455,25.0,84,909.3,4.2
CHR_BRK_03,2023-07-30 03:00:00+00:00,0.1,0.1,0.459,0.455,26.6,79,909.7,5.4
CHR_BRK_03,2023-07-30 04:00:00+00:00,0.0,0.0,0.457,0.454,28.2,72,909.6,5.6
CHR_BRK_03,2023-07-30 05:00:00+00:00,0.0,0.0,0.455,0.453,28.9,69,908.9,7.8
CHR_BRK_03,2023-07-30 06:00:00+00:00,1.4,1.4,0.463,0.453,26.4,79,908.4,8.2
CHR_BRK_03,2023-07-30 07:00:00+00:00,0.1,0.1,0.462,0.452,27.9,75,907.2,6.9
CHR_BRK_03,2023-07-30 08:00:00+00:00,0.1,0.1,0.461,0.452,28.3,73,906.1,8.5
CHR_BRK_03,2023-07-30 09:00:00+00:00,0.1,0.1,0.459,0.451,29.1,68,905.4,5.8
CHR_BRK_03,2023-07-30 10:00:00+00:00,0.1,0.1,0.458,0.45,28.9,69,904.8,5.5
CHR_BRK_03,2023-07-30 11:00:00+00:00,0.4,0.4,0.459,0.45,27.1,78,905.1,6.9
CHR_BRK_03,2023-07-30 12:00:00+00:00,0.0,0.0,0.452,0.447,26.5,89,905.4,2.7
CHR_BRK_03,2023-07-30 13:00:00+00:00,0.0,0.0,0.452,0.447,25.4,86,906.0,4.2
CHR_BRK_03,2023-07-30 14:00:00+00:00,0.0,0.0,0.452,0.447,24.8,87,906.7,4.5
CHR_BRK_03,2023-07-30 15:00:00+00:00,0.0,0.0,0.452,0.447,23.9,92,907.7,3.6
CHR_BRK_03,2023-07-30 16:00:00+00:00,0.0,0.0,0.452,0.447,23.4,94,908.3,3.9
CHR_BRK_03,2023-07-30 17:00:00+00:00,0.0,0.0,0.451,0.447,23.1,95,907.9,4.0
CHR_BRK_03,2023-07-30 18:00:00+00:00,0.0,0.0,0.451,0.447,23.1,95,906.9,4.3
CHR_BRK_03,2023-07-30 19:00:00+00:00,0.0,0.0,0.451,0.447,21.9,98,906.1,4.7
CHR_BRK_03,2023-07-30 20:00:00+00:00,0.0,0.0,0.451,0.447,22.1,98,905.8,4.2
CHR_BRK_03,2023-07-30 21:00:00+00:00,0.0,0.0,0.451,0.447,21.9,99,905.6,3.4
CHR_BRK_03,2023-07-30 22:00:00+00:00,0.0,0.0,0.451,0.446,21.7,100,905.7,3.2
CHR_BRK_03,2023-07-30 23:00:00+00:00,0.0,0.0,0.451,0.446,22.1,100,905.8,4.2
CHR_BRK_03,2023-07-31 00:00:00+00:00,0.0,0.0,0.45,0.446,22.3,100,906.7,7.2
CHR_BRK_03,2023-07-31 01:00:00+00:00,0.0,0.0,0.45,0.446,23.8,91,907.6,9.0
CHR_BRK_03,2023-07-31 02:00:00+00:00,0.2,0.2,0.45,0.446,25.4,82,908.5,7.8
CHR_BRK_03,2023-07-31 03:00:00+00:00,0.4,0.4,0.452,0.445,27.1,74,908.4,10.1
CHR_BRK_03,2023-07-31 04:00:00+00:00,0.1,0.1,0.451,0.445,28.3,70,908.3,11.5
CHR_BRK_03,2023-07-31 05:00:00+00:00,0.0,0.0,0.449,0.444,28.8,67,908.1,13.3
CHR_BRK_03,2023-07-31 06:00:00+00:00,0.0,0.0,0.447,0.443,29.1,65,907.6,15.2
CHR_BRK_03,2023-07-31 07:00:00+00:00,0.4,0.4,0.447,0.442,29.0,62,906.4,16.2
CHR_BRK_03,2023-07-31 08:00:00+00:00,0.1,0.1,0.446,0.442,28.6,66,905.5,14.6
CHR_BRK_03,2023-07-31 09:00:00+00:00,0.0,0.0,0.444,0.441,27.6,70,904.6,13.6
CHR_BRK_03,2023-07-31 10:00:00+00:00,0.0,0.0,0.443,0.44,27.2,72,904.3,11.9
CHR_BRK_03,2023-07-31 11:00:00+00:00,0.0,0.0,0.442,0.44,26.8,74,904.8,10.0
CHR_BRK_03,2023-07-31 12:00:00+00:00,0.0,0.0,0.44,0.439,25.4,80,905.2,7.6
CHR_BRK_03,2023-07-31 13:00:00+00:00,0.0,0.0,0.44,0.439,24.0,86,905.8,6.3
CHR_BRK_03,2023-07-31 14:00:00+00:00,0.0,0.0,0.44,0.439,23.6,89,907.0,6.1
CHR_BRK_03,2023-07-31 15:00:00+00:00,0.0,0.0,0.44,0.439,23.2,91,907.8,7.7
CHR_BRK_03,2023-07-31 16:00:00+00:00,0.0,0.0,0.44,0.439,22.9,94,908.0,7.7
CHR_BRK_03,2023-07-31 17:00:00+00:00,0.1,0.1,0.441,0.439,22.8,95,907.7,8.7
CHR_BRK_03,2023-07-31 18:00:00+00:00,0.1,0.1,0.441,0.439,22.6,96,907.2,8.9
CHR_BRK_03,2023-07-31 19:00:00+00:00,0.0,0.0,0.441,0.439,22.4,97,906.5,7.9
CHR_BRK_03,2023-07-31 20:00:00+00:00,0.0,0.0,0.442,0.439,22.7,96,906.2,8.9
CHR_BRK_03,2023-07-31 21:00:00+00:00,0.0,0.0,0.442,0.439,22.8,95,905.8,10.2
CHR_BRK_03,2023-07-31 22:00:00+00:00,0.0,0.0,0.442,0.438,22.8,95,905.5,9.9
CHR_BRK_03,2023-07-31 23:00:00+00:00,0.0,0.0,0.442,0.438,22.7,95,905.6,9.7
CHR_BRK_03,2023-08-01 00:00:00+00:00,0.0,0.0,0.44,0.438,23.1,94,906.3,10.7
CHR_BRK_03,2023-08-01 01:00:00+00:00,0.1,0.1,0.441,0.438,24.1,89,907.1,11.1
CHR_BRK_03,2023-08-01 02:00:00+00:00,0.3,0.3,0.442,0.438,25.0,84,907.7,13.1
CHR_BRK_03,2023-08-01 03:00:00+00:00,0.5,0.5,0.445,0.437,25.5,82,908.0,15.2
CHR_BRK_03,2023-08-01 04:00:00+00:00,0.1,0.1,0.444,0.437,26.3,78,908.0,16.0
CHR_BRK_03,2023-08-01 05:00:00+00:00,0.0,0.0,0.443,0.436,27.4,71,907.7,20.6
CHR_BRK_03,2023-08-01 06:00:00+00:00,0.0,0.0,0.441,0.436,27.7,71,907.1,19.9
CHR_BRK_03,2023-08-01 07:00:00+00:00,0.1,0.1,0.439,0.435,27.9,71,906.0,18.8
CHR_BRK_03,2023-08-01 08:00:00+00:00,0.1,0.1,0.438,0.434,27.9,71,905.6,18.1
CHR_BRK_03,2023-08-01 09:00:00+00:00,0.0,0.0,0.436,0.434,26.9,75,904.9,14.7
CHR_BRK_03,2023-08-01 10:00:00+00:00,0.0,0.0,0.435,0.433,26.6,77,904.8,12.3
CHR_BRK_03,2023-08-01 11:00:00+00:00,0.0,0.0,0.434,0.433,26.1,80,905.6,10.5
CHR_BRK_03,2023-08-01 12:00:00+00:00,0.0,0.0,0.435,0.433,24.9,85,906.1,9.3
CHR_BRK_03,2023-08-01 13:00:00+00:00,0.0,0.0,0.435,0.433,24.1,89,906.9,8.0
CHR_BRK_03,2023-08-01 14:00:00+00:00,0.1,0.1,0.436,0.433,23.9,91,907.7,8.9
CHR_BRK_03,2023-08-01 15:00:00+00:00,0.0,0.0,0.436,0.433,23.6,93,908.5,9.2
CHR_BRK_03,2023-08-01 16:00:00+00:00,0.0,0.0,0.436,0.433,23.4,94,908.6,9.2
CHR_BRK_03,2023-08-01 17:00:00+00:00,0.0,0.0,0.436,0.433,23.3,94,908.5,9.7
CHR_BRK_03,2023-08-01 18:00:00+00:00,0.0,0.0,0.436,0.433,23.2,95,908.1,9.4
CHR_BRK_03,2023-08-01 19:00:00+00:00,0.0,0.0,0.436,0.433,23.0,96,907.7,8.4
CHR_BRK_03,2023-08-01 20:00:00+00:00,0.0,0.0,0.436,0.432,23.1,95,907.3,8.2
CHR_BRK_03,2023-08-01 21:00:00+00:00,0.0,0.0,0.436,0.432,23.0,96,907.4,9.7
CHR_BRK_03,2023-08-01 22:00:00+00:00,0.2,0.2,0.437,0.432,22.8,97,907.2,9.9
CHR_BRK_03,2023-08-01 23:00:00+00:00,0.5,0.5,0.44,0.432,22.8,97,907.5,9.7
CHR_BRK_03,2023-08-02 00:00:00+00:00,0.1,0.1,0.436,0.432,22.8,98,907.8,9.7
CHR_BRK_03,2023-08-02 01:00:00+00:00,0.1,0.1,0.437,0.432,23.7,92,909.0,11.7
CHR_BRK_03,2023-08-02 02:00:00+00:00,0.5,0.5,0.44,0.432,24.5,87,909.7,10.3
CHR_BRK_03,2023-08-02 03:00:00+00:00,2.3,2.3,0.463,0.432,24.8,86,909.8,8.8
CHR_BRK_03,2023-08-02 04:00:00+00:00,2.6,2.6,0.489,0.432,24.8,86,910.1,8.2
CHR_BRK_03,2023-08-02 05:00:00+00:00,0.2,0.2,0.487,0.433,26.1,85,909.3,8.1
CHR_BRK_03,2023-08-02 06:00:00+00:00,0.1,0.1,0.483,0.434,27.5,80,909.0,8.1
CHR_BRK_03,2023-08-02 07:00:00+00:00,0.1,0.1,0.48,0.434,28.7,70,908.3,9.1
CHR_BRK_03,2023-08-02 08:00:00+00:00,0.0,0.0,0.476,0.434,28.6,69,907.4,10.6
CHR_BRK_03,2023-08-02 09:00:00+00:00,6.9,6.9,0.511,0.445,24.8,86,906.9,9.4
CHR_BRK_03,2023-08-02 10:00:00+00:00,1.9,1.9,0.499,0.455,24.5,89,906.7,8.0
CHR_BRK_03,2023-08-02 11:00:00+00:00,0.0,0.0,0.495,0.456,25.0,88,907.1,3.6
CHR_BRK_03,2023-08-02 12:00:00+00:00,0.0,0.0,0.501,0.462,22.9,98,907.6,1.5
CHR_BRK_03,2023-08-02 13:00:00+00:00,0.0,0.0,0.497,0.463,22.7,100,908.0,2.1
CHR_BRK_03,2023-08-02 14:00:00+00:00,0.0,0.0,0.494,0.464,23.0,98,909.0,2.2
CHR_BRK_03,2023-08-02 15:00:00+00:00,0.0,0.0,0.491,0.464,23.0,97,909.5,0.8
CHR_BRK_03,2023-08-02 16:00:00+00:00,0.0,0.0,0.489,0.465,22.7,98,909.6,0.7
CHR_BRK_03,2023-08-02 17:00:00+00:00,0.0,0.0,0.487,0.465,22.4,99,909.7,1.1
CHR_BRK_03,2023-08-02 18:00:00+00:00,0.0,0.0,0.486,0.465,21.4,100,909.5,1.1
CHR_BRK_03,2023-08-02 19:00:00+00:00,0.0,0.0,0.485,0.466,21.2,100,908.8,1.8
CHR_BRK_03,2023-08-02 20:00:00+00:00,0.0,0.0,0.483,0.466,20.9,100,908.4,1.6
CHR_BRK_03,2023-08-02 21:00:00+00:00,0.0,0.0,0.482,0.466,20.7,100,908.2,2.1
CHR_BRK_03,2023-08-02 22:00:00+00:00,0.0,0.0,0.481,0.466,20.7,100,908.2,2.4
CHR_BRK_03,2023-08-02 23:00:00+00:00,0.0,0.0,0.48,0.466,20.7,100,908.4,3.1
CHR_BRK_03,2023-08-03 00:00:00+00:00,0.0,0.0,0.479,0.466,21.4,99,908.9,1.3
CHR_BRK_03,2023-08-03 01:00:00+00:00,0.0,0.0,0.478,0.466,22.6,98,909.6,2.8
CHR_BRK_03,2023-08-03 02:00:00+00:00,0.1,0.1,0.478,0.466,23.9,94,910.4,2.8
CHR_BRK_03,2023-08-03 03:00:00+00:00,0.1,0.1,0.478,0.466,25.7,87,910.8,1.9
CHR_BRK_03,2023-08-03 04:00:00+00:00,0.2,0.2,0.477,0.466,27.5,75,911.0,2.4
CHR_BRK_03,2023-08-03 05:00:00+00:00,0.1,0.1,0.475,0.465,27.5,71,910.2,4.7
CHR_BRK_03,2023-08-03 06:00:00+00:00,0.0,0.0,0.473,0.464,28.6,66,909.5,5.2
CHR_BRK_03,2023-08-03 07:00:00+00:00,0.0,0.0,0.471,0.463,29.6,62,908.4,4.6
CHR_BRK_03,2023-08-03 08:00:00+00:00,2.0,2.0,0.487,0.463,27.2,74,908.0,5.6
CHR_BRK_03,2023-08-03 09:00:00+00:00,6.3,6.3,0.51,0.474,25.0,86,907.2,7.9
CHR_BRK_03,2023-08-03 10:00:00+00:00,0.2,0.2,0.505,0.475,25.1,87,907.4,5.4
CHR_BRK_03,2023-08-03 11:00:00+00:00,0.1,0.1,0.501,0.476,25.1,87,907.4,6.1
CHR_BRK_03,2023-08-03 12:00:00+00:00,0.1,0.1,0.461,0.46,24.6,89,908.6,3.5
CHR_BRK_03,2023-08-03 13:00:00+00:00,0.0,0.0,0.461,0.46,23.7,93,909.2,2.5
CHR_BRK_03,2023-08-03 14:00:00+00:00,0.4,0.4,0.463,0.46,23.0,94,909.8,3.5
CHR_BRK_03,2023-08-03 15:00:00+00:00,0.6,0.6,0.467,0.459,22.6,95,910.7,3.1
CHR_BRK_03,2023-08-03 16:00:00+00:00,0.0,0.0,0.467,0.459,22.4,95,911.1,3.4
CHR_BRK_03,2023-08-03 17:00:00+00:00,0.0,0.0,0.466,0.459,22.3,96,911.0,4.1
CHR_BRK_03,2023-08-03 18:00:00+00:00,0.0,0.0,0.466,0.459,21.9,96,910.8,3.1
CHR_BRK_03,2023-08-03 19:00:00+00:00,0.0,0.0,0.466,0.459,21.7,96,910.2,4.3
CHR_BRK_03,2023-08-03 20:00:00+00:00,0.0,0.0,0.465,0.459,21.5,97,910.0,3.5
CHR_BRK_03,2023-08-03 21:00:00+00:00,0.0,0.0,0.465,0.459,21.2,97,909.5,3.2
CHR_BRK_03,2023-08-03 22:00:00+00:00,0.0,0.0,0.465,0.459,20.8,98,909.7,2.4
CHR_BRK_03,2023-08-03 23:00:00+00:00,0.0,0.0,0.465,0.459,20.7,97,909.9,2.8
CHR_BRK_03,2023-08-04 00:00:00+00:00,0.1,0.1,0.464,0.458,22.5,96,910.7,3.1
CHR_BRK_03,2023-08-04 01:00:00+00:00,0.0,0.0,0.464,0.458,23.1,97,911.2,2.3
CHR_BRK_03,2023-08-04 02:00:00+00:00,0.1,0.1,0.464,0.458,24.8,92,912.3,1.6
CHR_BRK_03,2023-08-04 03:00:00+00:00,0.3,0.3,0.465,0.458,25.6,88,912.5,3.3
CHR_BRK_03,2023-08-04 04:00:00+00:00,0.2,0.2,0.465,0.457,27.5,77,912.7,4.9
CHR_BRK_03,2023-08-04 05:00:00+00:00,0.2,0.2,0.464,0.457,27.7,71,912.0,9.2
CHR_BRK_03,2023-08-04 06:00:00+00:00,4.3,4.3,0.503,0.458,26.2,82,911.4,9.4
CHR_BRK_03,2023-08-04 07:00:00+00:00,0.2,0.2,0.498,0.459,27.3,77,910.7,7.6
CHR_BRK_03,2023-08-04 08:00:00+00:00,0.3,0.3,0.495,0.459,27.7,72,910.1,12.7
CHR_BRK_03,2023-08-04 09:00:00+00:00,3.2,3.2,0.498,0.467,25.6,87,909.8,8.0
CHR_BRK_03,2023-08-04 10:00:00+00:00,2.1,2.1,0.511,0.47,24.6,88,909.8,9.6
CHR_BRK_03,2023-08-04 11:00:00+00:00,0.4,0.4,0.506,0.472,24.5,90,909.7,9.2
CHR_BRK_03,2023-08-04 12:00:00+00:00,0.2,0.2,0.484,0.458,24.0,89,910.7,5.0
CHR_BRK_03,2023-08-04 13:00:00+00:00,0.1,0.1,0.483,0.458,23.0,94,911.0,4.2
CHR_BRK_03,2023-08-04 14:00:00+00:00,0.0,0.0,0.482,0.458,22.4,96,911.6,4.2
CHR_BRK_03,2023-08-04 15:00:00+00:00,0.0,0.0,0.48,0.459,22.1,97,912.7,4.3
CHR_BRK_03,2023-08-04 16:00:00+00:00,0.0,0.0,0.479,0.459,21.9,98,913.0,4.6
CHR_BRK_03,2023-08-04 17:00:00+00:00,0.0,0.0,0.478,0.459,21.9,98,912.6,5.0
CHR_BRK_03,2023-08-04 18:00:00+00:00,0.0,0.0,0.477,0.459,21.9,97,912.4,5.8
CHR_BRK_03,2023-08-04 19:00:00+00:00,0.1,0.1,0.477,0.459,21.9,97,912.0,6.0
CHR_BRK_03,2023-08-04 20:00:00+00:00,0.1,0.1,0.477,0.459,21.7,97,911.4,6.0
CHR_BRK_03,2023-08-04 21:00:00+00:00,0.1,0.1,0.477,0.459,21.2,99,911.0,4.9
CHR_BRK_03,2023-08-04 22:00:00+00:00,0.1,0.1,0.477,0.459,21.1,99,910.9,4.4
CHR_BRK_03,2023-08-04 23:00:00+00:00,0.0,0.0,0.476,0.46,20.9,99,911.0,4.6
CHR_BRK_03,2023-08-05 00:00:00+00:00,0.0,0.0,0.472,0.46,22.2,96,912.0,4.2
CHR_BRK_03,2023-08-05 01:00:00+00:00,0.0,0.0,0.471,0.46,23.1,92,912.8,5.0
CHR_BRK_03,2023-08-05 02:00:00+00:00,0.2,0.2,0.472,0.46,24.5,85,913.4,9.7
CHR_BRK_03,2023-08-05 03:00:00+00:00,0.1,0.1,0.471,0.459,25.6,78,913.6,12.3
CHR_BRK_03,2023-08-05 04:00:00+00:00,0.1,0.1,0.47,0.459,27.2,68,913.8,12.2
CHR_BRK_03,2023-08-05 05:00:00+00:00,0.1,0.1,0.468,0.458,28.0,63,913.3,13.6
CHR_BRK_03,2023-08-05 06:00:00+00:00,0.1,0.1,0.466,0.457,28.5,61,912.5,12.7
CHR_BRK_03,2023-08-05 07:00:00+00:00,0.4,0.4,0.467,0.456,27.5,69,911.5,12.2
CHR_BRK_03,2023-08-05 08:00:00+00:00,2.1,2.1,0.484,0.456,25.6,82,910.9,12.8
CHR_BRK_03,2023-08-05 09:00:00+00:00,0.2,0.2,0.484,0.456,25.6,83,910.0,7.9
CHR_BRK_03,2023-08-05 10:00:00+00:00,0.0,0.0,0.482,0.456,26.2,78,909.7,8.6
CHR_BRK_03,2023-08-05 11:00:00+00:00,0.2,0.2,0.481,0.457,25.9,77,909.7,8.5
CHR_BRK_03,2023-08-05 12:00:00+00:00,0.1,0.1,0.466,0.454,24.9,81,910.9,7.8
CHR_BRK_03,2023-08-05 13:00:00+00:00,0.0,0.0,0.466,0.454,23.9,86,911.2,5.7
CHR_BRK_03,2023-08-05 14:00:00+00:00,0.1,0.1,0.466,0.454,22.8,92,911.5,4.5
CHR_BRK_03,2023-08-05 15:00:00+00:00,0.0,0.0,0.465,0.454,22.4,95,912.2,4.2
CHR_BRK_03,2023-08-05 16:00:00+00:00,0.0,0.0,0.465,0.454,22.6,94,912.1,4.8
CHR_BRK_03,2023-08-05 17:00:00+00:00,0.0,0.0,0.464,0.454,22.7,92,911.8,4.7
CHR_BRK_03,2023-08-05 18:00:00+00:00,0.0,0.0,0.464,0.454,22.4,93,911.0,5.2
CHR_BRK_03,2023-08-05 19:00:00+00:00,0.0,0.0,0.464,0.454,22.4,93,910.3,5.9
CHR_BRK_03,2023-08-05 20:00:00+00:00,0.0,0.0,0.463,0.454,22.4,92,909.8,5.6
CHR_BRK_03,2023-08-05 21:00:00+00:00,0.0,0.0,0.463,0.454,22.2,92,909.1,5.7
CHR_BRK_03,2023-08-05 22:00:00+00:00,0.0,0.0,0.463,0.454,21.4,95,908.6,5.0
CHR_BRK_03,2023-08-05 23:00:00+00:00,0.0,0.0,0.462,0.454,21.4,96,908.9,3.9
CHR_BRK_03,2023-08-06 00:00:00+00:00,0.0,0.0,0.46,0.453,22.5,94,909.7,3.5
CHR_BRK_03,2023-08-06 01:00:00+00:00,0.0,0.0,0.46,0.453,23.5,90,910.2,3.4
CHR_BRK_03,2023-08-06 02:00:00+00:00,0.0,0.0,0.459,0.453,24.3,86,910.8,4.1
CHR_BRK_03,2023-08-06 03:00:00+00:00,0.1,0.1,0.459,0.453,25.5,80,910.9,7.9
CHR_BRK_03,2023-08-06 04:00:00+00:00,0.1,0.1,0.458,0.452,27.2,73,910.6,8.9
CHR_BRK_03,2023-08-06 05:00:00+00:00,0.1,0.1,0.457,0.452,27.3,70,909.9,13.0
CHR_BRK_03,2023-08-06 06:00:00+00:00,0.5,0.5,0.459,0.451,27.5,72,909.1,11.3
CHR_BRK_03,2023-08-06 07:00:00+00:00,1.4,1.4,0.467,0.451,25.1,85,908.3,14.0
CHR_BRK_03,2023-08-06 08:00:00+00:00,0.2,0.2,0.467,0.45,25.9,81,907.3,12.8
CHR_BRK_03,2023-08-06 09:00:00+00:00,0.1,0.1,0.466,0.45,26.6,76,906.6,16.9
CHR_BRK_03,2023-08-06 10:00:00+00:00,0.2,0.2,0.466,0.45,26.3,74,906.3,12.9
CHR_BRK_03,2023-08-06 11:00:00+00:00,0.3,0.3,0.467,0.45,25.0,82,906.5,10.8
CHR_BRK_03,2023-08-06 12:00:00+00:00,0.4,0.4,0.46,0.448,24.7,83,907.8,7.8
CHR_BRK_03,2023-08-06 13:00:00+00:00,0.0,0.0,0.459,0.448,23.6,88,908.0,5.2
CHR_BRK_03,2023-08-06 14:00:00+00:00,0.0,0.0,0.459,0.448,22.9,91,908.3,4.1
CHR_BRK_03,2023-08-06 15:00:00+00:00,0.0,0.0,0.458,0.448,22.6,93,908.8,5.4
CHR_BRK_03,2023-08-06 16:00:00+00:00,0.0,0.0,0.458,0.448,22.1,95,908.9,5.6
CHR_BRK_03,2023-08-06 17:00:00+00:00,0.0,0.0,0.458,0.448,21.8,96,908.6,6.1
CHR_BRK_03,2023-08-06 18:00:00+00:00,0.0,0.0,0.458,0.448,21.5,97,907.9,5.7
CHR_BRK_03,2023-08-06 19:00:00+00:00,0.0,0.0,0.457,0.448,21.3,97,906.8,4.1
CHR_BRK_03,2023-08-06 20:00:00+00:00,0.0,0.0,0.457,0.448,21.0,98,906.0,4.2
CHR_BRK_03,2023-08-06 21:00:00+00:00,0.0,0.0,0.457,0.448,21.0,98,905.8,2.8
CHR_BRK_03,2023-08-06 22:00:00+00:00,0.0,0.0,0.457,0.447,21.5,96,905.8,3.5
CHR_BRK_03,2023-08-06 23:00:00+00:00,0.0,0.0,0.457,0.447,21.5,97,905.8,2.4
CHR_BRK_03,2023-08-07 00:00:00+00:00,0.2,0.2,0.455,0.447,22.1,95,906.7,5.0
CHR_BRK_03,2023-08-07 01:00:00+00:00,2.9,2.9,0.489,0.447,22.8,99,907.1,4.7
CHR_BRK_03,2023-08-07 02:00:00+00:00,3.4,3.4,0.516,0.452,22.9,98,907.5,3.6
CHR_BRK_03,2023-08-07 03:00:00+00:00,0.9,0.9,0.508,0.458,23.2,95,907.5,4.2
CHR_BRK_03,2023-08-07 04:00:00+00:00,0.2,0.2,0.502,0.46,24.1,92,907.9,3.6
CHR_BRK_03,2023-08-07 05:00:00+00:00,0.2,0.2,0.498,0.461,26.4,85,907.4,5.1
CHR_BRK_03,2023-08-07 06:00:00+00:00,0.1,0.1,0.494,0.462,27.7,75,906.6,8.3
CHR_BRK_03,2023-08-07 07:00:00+00:00,0.4,0.4,0.492,0.461,28.4,67,905.7,13.8
CHR_BRK_03,2023-08-07 08:00:00+00:00,0.7,0.7,0.493,0.462,25.6,83,904.8,10.1
CHR_BRK_03,2023-08-07 09:00:00+00:00,0.1,0.1,0.49,0.462,26.5,78,904.7,7.9
CHR_BRK_03,2023-08-07 10:00:00+00:00,0.1,0.1,0.488,0.462,25.9,78,904.6,5.5
CHR_BRK_03,2023-08-07 11:00:00+00:00,0.2,0.2,0.487,0.463,25.0,83,904.9,5.9
CHR_BRK_03,2023-08-07 12:00:00+00:00,0.0,0.0,0.485,0.474,25.5,78,905.9,6.2
CHR_BRK_03,2023-08-07 13:00:00+00:00,0.1,0.1,0.485,0.474,24.2,84,905.9,3.9
CHR_BRK_03,2023-08-07 14:00:00+00:00,0.0,0.0,0.484,0.474,23.0,90,906.7,3.6
CHR_BRK_03,2023-08-07 15:00:00+00:00,0.0,0.0,0.483,0.473,23.0,90,907.2,3.9
CHR_BRK_03,2023-08-07 16:00:00+00:00,0.0,0.0,0.482,0.473,22.5,92,907.6,3.9
CHR_BRK_03,2023-08-07 17:00:00+00:00,0.0,0.0,0.481,0.473,22.4,92,907.5,3.6
CHR_BRK_03,2023-08-07 18:00:00+00:00,0.0,0.0,0.481,0.473,21.9,94,907.1,3.9
CHR_BRK_03,2023-08-07 19:00:00+00:00,0.0,0.0,0.48,0.473,21.3,96,906.3,2.9
CHR_BRK_03,2023-08-07 20:00:00+00:00,0.0,0.0,0.479,0.473,21.4,95,906.0,2.3
CHR_BRK_03,2023-08-07 21:00:00+00:00,0.0,0.0,0.479,0.472,21.3,96,906.0,1.8
CHR_BRK_03,2023-08-07 22:00:00+00:00,0.1,0.1,0.479,0.472,21.5,95,906.1,2.6
CHR_BRK_03,2023-08-07 23:00:00+00:00,0.1,0.1,0.479,0.472,21.3,96,906.2,2.6
CHR_BRK_03,2023-08-08 00:00:00+00:00,0.0,0.0,0.479,0.472,22.5,92,906.5,1.6
CHR_BRK_03,2023-08-08 01:00:00+00:00,0.0,0.0,0.479,0.472,23.9,90,907.5,1.1
CHR_BRK_03,2023-08-08 02:00:00+00:00,0.1,0.1,0.478,0.471,25.3,85,908.3,2.1
CHR_BRK_03,2023-08-08 03:00:00+00:00,5.6,5.6,0.509,0.479,24.7,97,908.7,3.4
CHR_BRK_03,2023-08-08 04:00:00+00:00,3.1,3.1,0.516,0.489,23.7,99,908.6,4.1
CHR_BRK_03,2023-08-08 05:00:00+00:00,2.9,2.9,0.517,0.498,23.9,98,908.4,3.3
CHR_BRK_03,2023-08-08 06:00:00+00:00,0.1,0.1,0.51,0.5,24.4,91,907.9,2.3
CHR_BRK_03,2023-08-08 07:00:00+00:00,0.1,0.1,0.506,0.499,25.7,84,907.7,3.5
CHR_BRK_03,2023-08-08 08:00:00+00:00,0.2,0.2,0.504,0.498,26.1,82,907.0,4.8
CHR_BRK_03,2023-08-08 09:00:00+00:00,0.4,0.4,0.504,0.498,25.9,82,906.6,8.2
CHR_BRK_03,2023-08-08 10:00:00+00:00,1.0,1.0,0.507,0.497,24.8,86,906.9,5.0
CHR_BRK_03,2023-08-08 11:00:00+00:00,0.4,0.4,0.506,0.497,24.2,90,907.2,7.6
CHR_BRK_03,2023-08-08 12:00:00+00:00,0.1,0.1,0.506,0.509,23.5,93,908.3,5.4
CHR_BRK_03,2023-08-08 13:00:00+00:00,0.1,0.1,0.505,0.507,22.4,99,908.7,3.5
CHR_BRK_03,2023-08-08 14:00:00+00:00,0.0,0.0,0.503,0.505,22.3,97,909.3,4.0
CHR_BRK_03,2023-08-08 15:00:00+00:00,0.1,0.1,0.502,0.504,21.8,99,910.2,3.2
CHR_BRK_03,2023-08-08 16:00:00+00:00,0.1,0.1,0.502,0.503,21.8,99,910.4,3.4
CHR_BRK_03,2023-08-08 17:00:00+00:00,0.0,0.0,0.501,0.501,21.3,100,910.4,3.4
CHR_BRK_03,2023-08-08 18:00:00+00:00,0.0,0.0,0.499,0.5,21.7,98,910.4,3.1
CHR_BRK_03,2023-08-08 19:00:00+00:00,0.0,0.0,0.499,0.499,21.7,97,910.0,4.0
CHR_BRK_03,2023-08-08 20:00:00+00:00,0.0,0.0,0.498,0.498,21.3,98,909.6,2.4
CHR_BRK_03,2023-08-08 21:00:00+00:00,0.0,0.0,0.497,0.497,21.6,97,909.6,3.7
CHR_BRK_03,2023-08-08 22:00:00+00:00,0.0,0.0,0.496,0.496,21.5,97,909.7,3.1
CHR_BRK_03,2023-08-08 23:00:00+00:00,0.0,0.0,0.495,0.496,21.2,97,909.9,2.4
CHR_BRK_03,2023-08-09 00:00:00+00:00,0.0,0.0,0.492,0.494,21.8,98,910.6,4.0
CHR_BRK_03,2023-08-09 01:00:00+00:00,0.0,0.0,0.491,0.493,22.8,94,911.6,3.6
CHR_BRK_03,2023-08-09 02:00:00+00:00,0.0,0.0,0.491,0.493,24.2,85,912.5,6.2
CHR_BRK_03,2023-08-09 03:00:00+00:00,0.0,0.0,0.49,0.492,25.0,79,912.7,6.8
CHR_BRK_03,2023-08-09 04:00:00+00:00,0.0,0.0,0.488,0.491,26.3,74,913.1,7.1
CHR_BRK_03,2023-08-09 05:00:00+00:00,0.2,0.2,0.488,0.49,27.2,71,912.6,7.0
CHR_BRK_03,2023-08-09 06:00:00+00:00,0.1,0.1,0.486,0.488,27.5,69,911.8,7.6
CHR_BRK_03,2023-08-09 07:00:00+00:00,0.0,0.0,0.483,0.487,28.6,65,911.0,8.4
CHR_BRK_03,2023-08-09 08:00:00+00:00,0.4,0.4,0.483,0.486,28.5,64,910.4,9.8
CHR_BRK_03,2023-08-09 09:00:00+00:00,2.1,2.1,0.499,0.485,26.4,78,909.8,5.8
CHR_BRK_03,2023-08-09 10:00:00+00:00,0.7,0.7,0.501,0.485,25.9,84,909.3,4.6
CHR_BRK_03,2023-08-09 11:00:00+00:00,0.2,0.2,0.499,0.485,25.4,83,909.6,6.4
CHR_BRK_03,2023-08-09 12:00:00+00:00,0.1,0.1,0.474,0.482,25.1,82,910.0,6.4
CHR_BRK_03,2023-08-09 13:00:00+00:00,0.0,0.0,0.474,0.481,23.6,89,910.5,5.5
CHR_BRK_03,2023-08-09 14:00:00+00:00,0.0,0.0,0.473,0.481,22.6,94,911.3,5.2
CHR_BRK_03,2023-08-09 15:00:00+00:00,0.0,0.0,0.473,0.48,22.4,96,911.9,5.4
CHR_BRK_03,2023-08-09 16:00:00+00:00,0.0,0.0,0.473,0.48,22.0,97,912.2,4.9
CHR_BRK_03,2023-08-09 17:00:00+00:00,0.0,0.0,0.473,0.479,22.0,97,912.4,4.8
CHR_BRK_03,2023-08-09 18:00:00+00:00,0.0,0.0,0.473,0.479,21.9,97,912.0,4.8
CHR_BRK_03,2023-08-09 19:00:00+00:00,0.0,0.0,0.473,0.479,22.1,96,911.6,4.9
CHR_BRK_03,2023-08-09 20:00:00+00:00,0.0,0.0,0.473,0.478,22.1,96,911.3,5.0
CHR_BRK_03,2023-08-09 21:00:00+00:00,0.0,0.0,0.473,0.478,22.0,96,910.9,4.2
CHR_BRK_03,2023-08-09 22:00:00+00:00,0.0,0.0,0.473,0.477,22.0,96,911.0,4.5
CHR_BRK_03,2023-08-09 23:00:00+00:00,0.0,0.0,0.473,0.477,21.9,97,911.3,3.9
CHR_BRK_03,2023-08-10 00:00:00+00:00,0.0,0.0,0.472,0.476,22.0,98,911.7,4.8
CHR_BRK_03,2023-08-10 01:00:00+00:00,0.0,0.0,0.472,0.476,23.4,94,912.7,4.7
CHR_BRK_03,2023-08-10 02:00:00+00:00,0.1,0.1,0.473,0.475,24.5,85,913.5,5.0
CHR_BRK_03,2023-08-10 03:00:00+00:00,0.1,0.1,0.472,0.475,25.8,79,913.8,4.8
CHR_BRK_03,2023-08-10 04:00:00+00:00,0.2,0.2,0.472,0.474,27.3,71,914.0,4.8
CHR_BRK_03,2023-08-10 05:00:00+00:00,0.0,0.0,0.47,0.473,28.6,67,913.5,5.9
CHR_BRK_03,2023-08-10 06:00:00+00:00,0.0,0.0,0.468,0.472,29.1,64,912.6,6.1
CHR_BRK_03,2023-08-10 07:00:00+00:00,3.7,3.7,0.501,0.471,25.8,80,911.5,4.9
CHR_BRK_03,2023-08-10 08:00:00+00:00,2.0,2.0,0.51,0.475,25.5,88,910.8,4.4
CHR_BRK_03,2023-08-10 09:00:00+00:00,0.2,0.2,0.504,0.476,26.9,80,910.2,4.0
CHR_BRK_03,2023-08-10 10:00:00+00:00,0.1,0.1,0.499,0.477,26.9,78,909.9,4.7
CHR_BRK_03,2023-08-10 11:00:00+00:00,1.4,1.4,0.504,0.478,24.8,90,910.0,5.3
CHR_BRK_03,2023-08-10 12:00:00+00:00,0.1,0.1,0.498,0.491,24.3,88,911.6,4.7
CHR_BRK_03,2023-08-10 13:00:00+00:00,0.0,0.0,0.496,0.49,23.2,93,912.0,4.6
CHR_BRK_03,2023-08-10 14:00:00+00:00,0.0,0.0,0.495,0.49,22.7,95,913.0,5.1
CHR_BRK_03,2023-08-10 15:00:00+00:00,0.0,0.0,0.494,0.49,22.3,96,913.8,4.8
CHR_BRK_03,2023-08-10 16:00:00+00:00,0.0,0.0,0.492,0.489,22.3,96,913.9,4.6
CHR_BRK_03,2023-08-10 17:00:00+00:00,0.0,0.0,0.492,0.489,22.1,96,913.6,4.3
CHR_BRK_03,2023-08-10 18:00:00+00:00,0.0,0.0,0.491,0.488,22.1,96,913.4,3.7
CHR_BRK_03,2023-08-10 19:00:00+00:00,0.0,0.0,0.49,0.488,21.9,97,912.6,4.4
CHR_BRK_03,2023-08-10 20:00:00+00:00,0.0,0.0,0.489,0.487,21.9,96,912.2,4.6
CHR_BRK_03,2023-08-10 21:00:00+00:00,0.0,0.0,0.488,0.487,21.8,97,911.9,4.7
CHR_BRK_03,2023-08-10 22:00:00+00:00,0.0,0.0,0.488,0.487,21.7,97,911.9,4.1
CHR_BRK_03,2023-08-10 23:00:00+00:00,0.0,0.0,0.487,0.486,21.6,97,911.8,4.8
CHR_BRK_03,2023-08-11 00:00:00+00:00,0.0,0.0,0.486,0.486,22.2,98,912.0,4.7
CHR_BRK_03,2023-08-11 01:00:00+00:00,0.1,0.1,0.486,0.485,23.2,93,912.8,4.8
CHR_BRK_03,2023-08-11 02:00:00+00:00,0.0,0.0,0.485,0.485,24.5,86,913.4,5.4
CHR_BRK_03,2023-08-11 03:00:00+00:00,0.0,0.0,0.484,0.484,26.0,79,913.5,6.5
CHR_BRK_03,2023-08-11 04:00:00+00:00,0.0,0.0,0.483,0.483,26.7,75,913.2,8.1
CHR_BRK_03,2023-08-11 05:00:00+00:00,0.0,0.0,0.481,0.482,27.7,71,912.6,9.6
CHR_BRK_03,2023-08-11 06:00:00+00:00,0.0,0.0,0.479,0.481,27.8,69,911.6,9.6
CHR_BRK_03,2023-08-11 07:00:00+00:00,0.0,0.0,0.477,0.48,28.0,68,910.7,8.0
CHR_BRK_03,2023-08-11 08:00:00+00:00,0.0,0.0,0.475,0.479,28.3,67,909.7,8.3
CHR_BRK_03,2023-08-11 09:00:00+00:00,1.0,1.0,0.48,0.479,27.4,72,909.0,9.0
CHR_BRK_03,2023-08-11 10:00:00+00:00,0.3,0.3,0.481,0.478,26.4,75,908.5,7.9
CHR_BRK_03,2023-08-11 11:00:00+00:00,0.2,0.2,0.481,0.478,25.9,79,908.7,7.3
CHR_BRK_03,2023-08-11 12:00:00+00:00,0.0,0.0,0.486,0.48,24.6,86,909.8,5.2
CHR_BRK_03,2023-08-11 13:00:00+00:00,0.0,0.0,0.486,0.48,23.4,91,910.5,5.6
CHR_BRK_03,2023-08-11 14:00:00+00:00,0.0,0.0,0.485,0.48,22.5,95,911.3,4.7
CHR_BRK_03,2023-08-11 15:00:00+00:00,0.0,0.0,0.484,0.48,22.1,97,911.9,5.2
CHR_BRK_03,2023-08-11 16:00:00+00:00,0.0,0.0,0.483,0.479,21.8,98,912.4,5.0
CHR_BRK_03,2023-08-11 17:00:00+00:00,0.0,0.0,0.483,0.479,21.6,98,912.2,5.6
CHR_BRK_03,2023-08-11 18:00:00+00:00,0.0,0.0,0.482,0.479,21.7,97,911.7,5.3
CHR_BRK_03,2023-08-11 19:00:00+00:00,0.0,0.0,0.482,0.479,21.7,98,910.9,5.2
CHR_BRK_03,2023-08-11 20:00:00+00:00,0.0,0.0,0.481,0.478,21.5,98,910.6,5.8
CHR_BRK_03,2023-08-11 21:00:00+00:00,0.0,0.0,0.481,0.478,21.5,98,910.3,5.7
CHR_BRK_03,2023-08-11 22:00:00+00:00,0.0,0.0,0.48,0.478,21.5,98,910.2,6.0
CHR_BRK_03,2023-08-11 23:00:00+00:00,0.0,0.0,0.48,0.478,21.3,98,910.1,5.4
CHR_BRK_03,2023-08-12 00:00:00+00:00,0.0,0.0,0.479,0.477,21.8,97,910.1,6.7
CHR_BRK_03,2023-08-12 01:00:00+00:00,0.0,0.0,0.479,0.477,23.2,90,911.2,6.9
CHR_BRK_03,2023-08-12 02:00:00+00:00,0.0,0.0,0.478,0.477,24.0,84,911.7,8.0
CHR_BRK_03,2023-08-12 03:00:00+00:00,0.0,0.0,0.477,0.476,25.1,77,912.0,9.7
CHR_BRK_03,2023-08-12 04:00:00+00:00,0.0,0.0,0.475,0.475,26.3,70,912.0,11.4
CHR_BRK_03,2023-08-12 05:00:00+00:00,0.0,0.0,0.473,0.474,27.7,64,911.9,12.2
CHR_BRK_03,2023-08-12 06:00:00+00:00,0.0,0.0,0.471,0.473,27.2,66,911.1,13.3
CHR_BRK_03,2023-08-12 07:00:00+00:00,0.0,0.0,0.469,0.472,28.1,64,910.0,11.9
CHR_BRK_03,2023-08-12 08:00:00+00:00,0.0,0.0,0.467,0.471,28.2,66,909.0,9.0
CHR_BRK_03,2023-08-12 09:00:00+00:00,0.0,0.0,0.466,0.471,27.6,67,908.2,9.4
CHR_BRK_03,2023-08-12 10:00:00+00:00,0.0,0.0,0.465,0.47,26.6,74,908.0,6.5
CHR_BRK_03,2023-08-12 11:00:00+00:00,0.0,0.0,0.464,0.469,25.9,79,908.1,5.8
CHR_BRK_03,2023-08-12 12:00:00+00:00,0.0,0.0,0.466,0.47,24.6,85,909.0,5.2
CHR_BRK_03,2023-08-12 13:00:00+00:00,0.1,0.1,0.466,0.47,23.6,91,909.6,4.2
CHR_BRK_03,2023-08-12 14:00:00+00:00,0.2,0.2,0.468,0.469,23.1,94,910.3,3.3
CHR_BRK_03,2023-08-12 15:00:00+00:00,0.3,0.3,0.469,0.469,22.8,96,910.9,3.9
CHR_BRK_03,2023-08-12 16:00:00+00:00,0.2,0.2,0.47,0.469,22.5,97,911.3,4.0
CHR_BRK_03,2023-08-12 17:00:00+00:00,0.3,0.3,0.472,0.469,22.3,98,911.2,3.9
CHR_BRK_03,2023-08-12 18:00:00+00:00,0.9,0.9,0.481,0.469,22.1,100,911.0,3.1
CHR_BRK_03,2023-08-12 19:00:00+00:00,0.8,0.8,0.49,0.469,22.0,99,910.3,4.4
CHR_BRK_03,2023-08-12 20:00:00+00:00,0.2,0.2,0.49,0.469,21.7,99,909.7,4.5
CHR_BRK_03,2023-08-12 21:00:00+00:00,0.0,0.0,0.489,0.47,21.5,99,909.4,2.9
CHR_BRK_03,2023-08-12 22:00:00+00:00,0.0,0.0,0.488,0.47,21.5,96,909.3,3.1
CHR_BRK_03,2023-08-12 23:00:00+00:00,0.0,0.0,0.486,0.47,21.3,96,909.4,3.6
CHR_BRK_03,2023-08-13 00:00:00+00:00,0.0,0.0,0.495,0.473,22.5,92,910.7,2.0
CHR_BRK_03,2023-08-13 01:00:00+00:00,0.0,0.0,0.493,0.473,23.4,91,911.9,2.5
CHR_BRK_03,2023-08-13 02:00:00+00:00,0.1,0.1,0.491,0.474,24.7,83,912.8,1.9
CHR_BRK_03,2023-08-13 03:00:00+00:00,0.1,0.1,0.489,0.473,26.1,75,913.1,3.1
CHR_BRK_03,2023-08-13 04:00:00+00:00,0.1,0.1,0.487,0.473,27.4,67,913.2,1.5
CHR_BRK_03,2023-08-13 05:00:00+00:00,0.0,0.0,0.484,0.472,28.6,62,912.8,1.1
CHR_BRK_03,2023-08-13 06:00:00+00:00,0.1,0.1,0.481,0.471,29.2,61,912.2,2.5
CHR_BRK_03,2023-08-13 07:00:00+00:00,0.2,0.2,0.48,0.471,28.7,63,910.8,4.0
CHR_BRK_03,2023-08-13 08:00:00+00:00,0.3,0.3,0.48,0.47,27.9,67,909.6,7.2
CHR_BRK_03,2023-08-13 09:00:00+00:00,0.0,0.0,0.478,0.469,28.4,68,908.8,6.4
CHR_BRK_03,2023-08-13 10:00:00+00:00,0.0,0.0,0.476,0.469,28.0,71,908.5,5.4
CHR_BRK_03,2023-08-13 11:00:00+00:00,1.7,1.7,0.487,0.468,25.0,86,908.6,7.9
CHR_BRK_03,2023-08-13 12:00:00+00:00,0.7,0.7,0.472,0.467,25.2,86,909.7,4.0
CHR_BRK_03,2023-08-13 13:00:00+00:00,2.1,2.1,0.49,0.467,22.9,99,910.7,8.1
CHR_BRK_03,2023-08-13 14:00:00+00:00,1.0,1.0,0.499,0.468,22.8,99,911.3,5.4
CHR_BRK_03,2023-08-13 15:00:00+00:00,2.6,2.6,0.516,0.472,22.4,99,912.2,5.1
CHR_BRK_03,2023-08-13 16:00:00+00:00,2.7,2.7,0.509,0.485,22.2,99,912.5,4.4
CHR_BRK_03,2023-08-13 17:00:00+00:00,0.6,0.6,0.51,0.486,22.0,99,912.7,4.6
CHR_BRK_03,2023-08-13 18:00:00+00:00,0.4,0.4,0.509,0.488,21.9,99,912.4,5.4
CHR_BRK_03,2023-08-13 19:00:00+00:00,2.2,2.2,0.517,0.493,21.7,99,911.9,4.2
CHR_BRK_03,2023-08-13 20:00:00+00:00,0.9,0.9,0.514,0.497,21.3,100,911.2,2.9
CHR_BRK_03,2023-08-13 21:00:00+00:00,0.1,0.1,0.509,0.498,21.1,100,910.9,3.1
CHR_BRK_03,2023-08-13 22:00:00+00:00,0.0,0.0,0.506,0.498,20.7,100,910.7,3.4
CHR_BRK_03,2023-08-13 23:00:00+00:00,0.0,0.0,0.503,0.497,20.6,100,910.7,3.4
CHR_BRK_03,2023-08-14 00:00:00+00:00,0.0,0.0,0.467,0.464,21.9,98,911.4,3.3
CHR_BRK_03,2023-08-14 01:00:00+00:00,0.0,0.0,0.467,0.464,23.5,96,912.2,3.5
CHR_BRK_03,2023-08-14 02:00:00+00:00,0.0,0.0,0.467,0.464,25.0,88,913.0,3.7
CHR_BRK_03,2023-08-14 03:00:00+00:00,0.0,0.0,0.466,0.464,26.4,79,913.4,4.4
CHR_BRK_03,2023-08-14 04:00:00+00:00,0.1,0.1,0.464,0.463,27.7,73,913.4,4.9
CHR_BRK_03,2023-08-14 05:00:00+00:00,0.0,0.0,0.462,0.462,29.2,66,913.0,5.4
CHR_BRK_03,2023-08-14 06:00:00+00:00,0.1,0.1,0.46,0.461,29.5,64,912.2,4.3
CHR_BRK_03,2023-08-14 07:00:00+00:00,0.6,0.6,0.463,0.46,26.7,76,911.0,7.9
CHR_BRK_03,2023-08-14 08:00:00+00:00,0.1,0.1,0.461,0.46,28.4,69,910.1,4.8
CHR_BRK_03,2023-08-14 09:00:00+00:00,0.3,0.3,0.461,0.459,28.3,71,909.2,7.2
CHR_BRK_03,2023-08-14 10:00:00+00:00,0.0,0.0,0.46,0.458,27.6,74,908.7,7.9
CHR_BRK_03,2023-08-14 11:00:00+00:00,0.7,0.7,0.463,0.458,26.4,78,908.9,7.2
CHR_BRK_03,2023-08-14 12:00:00+00:00,0.1,0.1,0.478,0.463,25.0,90,909.8,4.5
CHR_BRK_03,2023-08-14 13:00:00+00:00,0.0,0.0,0.478,0.463,23.9,94,910.4,4.6
CHR_BRK_03,2023-08-14 14:00:00+00:00,0.0,0.0,0.477,0.463,23.2,96,910.9,5.8
CHR_BRK_03,2023-08-14 15:00:00+00:00,0.0,0.0,0.476,0.463,22.7,97,911.7,4.7
CHR_BRK_03,2023-08-14 16:00:00+00:00,0.0,0.0,0.475,0.463,22.3,98,912.2,4.7
CHR_BRK_03,2023-08-14 17:00:00+00:00,0.0,0.0,0.475,0.463,22.2,98,912.3,5.0
CHR_BRK_03,2023-08-14 18:00:00+00:00,0.0,0.0,0.474,0.463,22.3,98,912.1,4.8
CHR_BRK_03,2023-08-14 19:00:00+00:00,0.0,0.0,0.473,0.463,22.4,98,911.4,5.5
CHR_BRK_03,2023-08-14 20:00:00+00:00,0.0,0.0,0.473,0.463,22.4,97,911.1,5.1
CHR_BRK_03,2023-08-14 21:00:00+00:00,0.0,0.0,0.472,0.463,22.4,97,911.1,4.9
CHR_BRK_03,2023-08-14 22:00:00+00:00,0.0,0.0,0.472,0.463,22.4,96,911.4,5.4
CHR_BRK_03,2023-08-14 23:00:00+00:00,0.0,0.0,0.472,0.463,22.0,97,911.5,4.3
CHR_BRK_03,2023-08-15 00:00:00+00:00,0.0,0.0,0.471,0.464,22.6,98,911.5,5.3
CHR_BRK_03,2023-08-15 01:00:00+00:00,0.1,0.1,0.471,0.464,23.7,97,912.5,5.5
CHR_BRK_03,2023-08-15 02:00:00+00:00,0.2,0.2,0.472,0.464,25.0,91,913.2,4.9
CHR_BRK_03,2023-08-15 03:00:00+00:00,0.2,0.2,0.472,0.463,26.2,82,913.3,5.9
CHR_BRK_03,2023-08-15 04:00:00+00:00,0.2,0.2,0.472,0.463,27.0,75,912.9,6.8
CHR_BRK_03,2023-08-15 05:00:00+00:00,0.1,0.1,0.47,0.462,27.9,71,912.9,4.3
CHR_BRK_03,2023-08-15 06:00:00+00:00,0.1,0.1,0.469,0.462,27.2,72,912.0,6.4
CHR_BRK_03,2023-08-15 07:00:00+00:00,0.0,0.0,0.467,0.461,29.0,66,911.1,7.2
CHR_BRK_03,2023-08-15 08:00:00+00:00,0.1,0.1,0.465,0.46,28.6,69,910.0,8.0
CHR_BRK_03,2023-08-15 09:00:00+00:00,2.1,2.1,0.479,0.46,27.0,78,909.5,5.5
CHR_BRK_03,2023-08-15 10:00:00+00:00,0.1,0.1,0.478,0.46,26.9,81,908.9,3.7
CHR_BRK_03,2023-08-15 11:00:00+00:00,0.1,0.1,0.477,0.46,26.4,82,908.8,4.3
CHR_BRK_03,2023-08-15 12:00:00+00:00,0.2,0.2,0.465,0.457,25.3,81,910.0,6.3
CHR_BRK_03,2023-08-15 13:00:00+00:00,0.0,0.0,0.464,0.457,24.3,86,911.0,4.3
CHR_BRK_03,2023-08-15 14:00:00+00:00,0.0,0.0,0.464,0.457,23.3,92,911.5,5.2
CHR_BRK_03,2023-08-15 15:00:00+00:00,0.0,0.0,0.464,0.457,22.5,96,912.6,4.7
CHR_BRK_03,2023-08-15 16:00:00+00:00,0.0,0.0,0.463,0.457,22.2,97,912.7,4.9
CHR_BRK_03,2023-08-15 17:00:00+00:00,0.0,0.0,0.463,0.457,21.9,98,912.3,5.0
CHR_BRK_03,2023-08-15 18:00:00+00:00,0.0,0.0,0.463,0.457,21.5,99,911.6,4.9
CHR_BRK_03,2023-08-15 19:00:00+00:00,0.0,0.0,0.463,0.457,21.3,100,911.2,5.1
CHR_BRK_03,2023-08-15 20:00:00+00:00,0.1,0.1,0.463,0.457,21.5,99,910.9,5.9
CHR_BRK_03,2023-08-15 21:00:00+00:00,0.0,0.0,0.463,0.457,21.4,99,910.7,5.0
CHR_BRK_03,2023-08-15 22:00:00+00:00,0.0,0.0,0.463,0.457,21.3,99,910.6,6.0
CHR_BRK_03,2023-08-15 23:00:00+00:00,0.0,0.0,0.462,0.457,21.5,98,911.1,4.5
CHR_BRK_03,2023-08-16 00:00:00+00:00,0.0,0.0,0.49,0.475,22.3,98,911.5,4.0
CHR_BRK_03,2023-08-16 01:00:00+00:00,0.0,0.0,0.488,0.475,23.8,89,912.5,4.0
CHR_BRK_03,2023-08-16 02:00:00+00:00,0.0,0.0,0.487,0.474,25.2,80,912.9,4.5
CHR_BRK_03,2023-08-16 03:00:00+00:00,0.1,0.1,0.485,0.474,26.5,74,913.3,5.9
CHR_BRK_03,2023-08-16 04:00:00+00:00,0.1,0.1,0.483,0.473,27.5,70,913.2,4.3
CHR_BRK_03,2023-08-16 05:00:00+00:00,0.0,0.0,0.481,0.473,28.3,67,912.7,3.6
CHR_BRK_03,2023-08-16 06:00:00+00:00,0.0,0.0,0.478,0.472,29.3,65,911.9,1.8
CHR_BRK_03,2023-08-16 07:00:00+00:00,0.0,0.0,0.476,0.471,29.9,64,910.1,4.1
CHR_BRK_03,2023-08-16 08:00:00+00:00,0.0,0.0,0.474,0.47,29.6,64,909.2,5.5
CHR_BRK_03,2023-08-16 09:00:00+00:00,0.4,0.4,0.475,0.47,27.7,70,908.8,1.9
CHR_BRK_03,2023-08-16 10:00:00+00:00,0.1,0.1,0.474,0.469,27.2,72,908.8,1.6
CHR_BRK_03,2023-08-16 11:00:00+00:00,0.2,0.2,0.474,0.469,26.0,78,908.6,3.2
CHR_BRK_03,2023-08-16 12:00:00+00:00,0.1,0.1,0.472,0.47,25.6,91,909.1,2.7
CHR_BRK_03,2023-08-16 13:00:00+00:00,0.0,0.0,0.472,0.47,23.7,93,909.9,4.7
CHR_BRK_03,2023-08-16 14:00:00+00:00,0.0,0.0,0.472,0.469,24.0,91,910.8,3.7
CHR_BRK_03,2023-08-16 15:00:00+00:00,0.0,0.0,0.472,0.469,22.8,96,911.7,4.7
CHR_BRK_03,2023-08-16 16:00:00+00:00,0.0,0.0,0.471,0.469,23.1,94,912.3,3.2
CHR_BRK_03,2023-08-16 17:00:00+00:00,0.0,0.0,0.471,0.469,23.1,91,911.8,3.3
CHR_BRK_03,2023-08-16 18:00:00+00:00,0.0,0.0,0.471,0.469,22.1,94,911.5,2.9
CHR_BRK_03,2023-08-16 19:00:00+00:00,1.9,1.9,0.487,0.469,21.8,96,911.4,2.2
CHR_BRK_03,2023-08-16 20:00:00+00:00,0.2,0.2,0.488,0.469,21.4,99,910.6,1.8
CHR_BRK_03,2023-08-16 21:00:00+00:00,0.0,0.0,0.486,0.469,21.3,100,910.8,2.1
CHR_BRK_03,2023-08-16 22:00:00+00:00,0.0,0.0,0.485,0.469,21.2,100,910.6,1.9
CHR_BRK_03,2023-08-16 23:00:00+00:00,0.0,0.0,0.484,0.469,21.2,100,911.0,3.2
CHR_BRK_03,2023-08-17 00:00:00+00:00,0.1,0.1,0.492,0.48,21.8,99,910.9,0.8
CHR_BRK_03,2023-08-17 01:00:00+00:00,0.0,0.0,0.491,0.48,23.3,93,912.1,4.9
CHR_BRK_03,2023-08-17 02:00:00+00:00,0.1,0.1,0.49,0.48,24.5,89,912.8,7.1
CHR_BRK_03,2023-08-17 03:00:00+00:00,0.1,0.1,0.488,0.48,26.1,85,913.2,8.4
CHR_BRK_03,2023-08-17 04:00:00+00:00,0.1,0.1,0.487,0.479,27.2,76,913.1,10.4
CHR_BRK_03,2023-08-17 05:00:00+00:00,0.1,0.1,0.484,0.479,28.2,70,912.5,10.5
CHR_BRK_03,2023-08-17 06:00:00+00:00,0.1,0.1,0.482,0.478,28.9,67,911.9,10.4
CHR_BRK_03,2023-08-17 07:00:00+00:00,0.1,0.1,0.48,0.476,29.4,63,910.6,12.0
CHR_BRK_03,2023-08-17 08:00:00+00:00,0.0,0.0,0.478,0.475,29.1,63,910.0,11.2
CHR_BRK_03,2023-08-17 09:00:00+00:00,0.1,0.1,0.475,0.474,29.2,62,909.4,11.9
CHR_BRK_03,2023-08-17 10:00:00+00:00,0.2,0.2,0.475,0.474,28.3,67,909.0,10.9
CHR_BRK_03,2023-08-17 11:00:00+00:00,0.0,0.0,0.474,0.473,27.3,73,908.9,9.4
CHR_BRK_03,2023-08-17 12:00:00+00:00,0.0,0.0,0.472,0.473,25.5,79,910.5,5.8
CHR_BRK_03,2023-08-17 13:00:00+00:00,0.0,0.0,0.472,0.473,24.3,85,911.4,4.8
CHR_BRK_03,2023-08-17 14:00:00+00:00,0.0,0.0,0.472,0.473,24.1,87,912.0,4.8
CHR_BRK_03,2023-08-17 15:00:00+00:00,0.0,0.0,0.471,0.473,23.5,90,912.7,5.9
CHR_BRK_03,2023-08-17 16:00:00+00:00,0.0,0.0,0.471,0.472,23.0,93,912.9,7.1
CHR_BRK_03,2023-08-17 17:00:00+00:00,0.0,0.0,0.471,0.472,22.4,96,912.6,6.8
CHR_BRK_03,2023-08-17 18:00:00+00:00,0.0,0.0,0.471,0.472,22.3,96,912.4,7.9
CHR_BRK_03,2023-08-17 19:00:00+00:00,0.0,0.0,0.47,0.472,22.1,97,911.8,6.2
CHR_BRK_03,2023-08-17 20:00:00+00:00,0.0,0.0,0.47,0.471,21.9,98,911.3,5.7
CHR_BRK_03,2023-08-17 21:00:00+00:00,0.0,0.0,0.47,0.471,21.6,99,911.3,4.6
CHR_BRK_03,2023-08-17 22:00:00+00:00,0.0,0.0,0.47,0.471,21.7,99,911.4,6.4
CHR_BRK_03,2023-08-17 23:00:00+00:00,0.0,0.0,0.47,0.471,21.7,100,911.6,7.4
CHR_BRK_03,2023-08-18 00:00:00+00:00,0.1,0.1,0.47,0.471,22.4,99,912.4,7.1
CHR_BRK_03,2023-08-18 01:00:00+00:00,0.0,0.0,0.47,0.471,23.8,92,913.1,6.0
CHR_BRK_03,2023-08-18 02:00:00+00:00,0.1,0.1,0.47,0.47,24.7,85,913.6,6.1
CHR_BRK_03,2023-08-18 03:00:00+00:00,0.1,0.1,0.469,0.47,26.3,76,913.7,6.2
CHR_BRK_03,2023-08-18 04:00:00+00:00,0.2,0.2,0.469,0.469,27.7,69,913.8,6.9
CHR_BRK_03,2023-08-18 05:00:00+00:00,0.2,0.2,0.468,0.468,28.8,64,913.5,9.1
CHR_BRK_03,2023-08-18 06:00:00+00:00,0.0,0.0,0.465,0.467,29.8,60,912.5,9.6
CHR_BRK_03,2023-08-18 07:00:00+00:00,0.0,0.0,0.463,0.466,30.3,58,911.7,8.6
CHR_BRK_03,2023-08-18 08:00:00+00:00,0.5,0.5,0.464,0.465,29.3,62,910.6,6.5
CHR_BRK_03,2023-08-18 09:00:00+00:00,1.1,1.1,0.47,0.464,28.3,71,909.9,2.6
CHR_BRK_03,2023-08-18 10:00:00+00:00,0.2,0.2,0.469,0.464,28.1,71,910.0,2.1
CHR_BRK_03,2023-08-18 11:00:00+00:00,0.4,0.4,0.471,0.463,26.7,76,910.4,7.2
CHR_BRK_03,2023-08-18 12:00:00+00:00,0.1,0.1,0.462,0.461,25.7,92,910.4,2.7
CHR_BRK_03,2023-08-18 13:00:00+00:00,0.0,0.0,0.462,0.461,24.3,97,910.7,3.1
CHR_BRK_03,2023-08-18 14:00:00+00:00,0.0,0.0,0.461,0.46,23.4,99,911.6,3.9
CHR_BRK_03,2023-08-18 15:00:00+00:00,0.0,0.0,0.461,0.46,22.8,100,912.6,3.9
CHR_BRK_03,2023-08-18 16:00:00+00:00,0.0,0.0,0.461,0.46,22.2,100,912.8,2.6
CHR_BRK_03,2023-08-18 17:00:00+00:00,0.0,0.0,0.461,0.46,22.3,99,913.0,2.4
CHR_BRK_03,2023-08-18 18:00:00+00:00,0.0,0.0,0.461,0.46,21.8,99,912.6,2.6
CHR_BRK_03,2023-08-18 19:00:00+00:00,0.0,0.0,0.461,0.46,21.6,99,912.3,2.3
CHR_BRK_03,2023-08-18 20:00:00+00:00,0.1,0.1,0.461,0.46,21.1,100,912.1,1.3
CHR_BRK_03,2023-08-18 21:00:00+00:00,0.9,0.9,0.47,0.46,21.3,99,912.1,3.1
CHR_BRK_03,2023-08-18 22:00:00+00:00,0.1,0.1,0.47,0.46,21.6,99,912.4,2.4
CHR_BRK_03,2023-08-18 23:00:00+00:00,0.2,0.2,0.472,0.46,21.6,100,912.7,2.4
CHR_BRK_03,2023-08-19 00:00:00+00:00,0.2,0.2,0.461,0.458,22.0,99,913.2,2.9
CHR_BRK_03,2023-08-19 01:00:00+00:00,0.0,0.0,0.461,0.458,23.6,92,914.2,1.3
CHR_BRK_03,2023-08-19 02:00:00+00:00,0.1,0.1,0.461,0.458,24.7,88,914.7,0.5
CHR_BRK_03,2023-08-19 03:00:00+00:00,0.3,0.3,0.463,0.458,26.0,80,915.1,3.3
CHR_BRK_03,2023-08-19 04:00:00+00:00,0.3,0.3,0.463,0.458,27.0,74,914.7,4.2
CHR_BRK_03,2023-08-19 05:00:00+00:00,0.1,0.1,0.463,0.457,26.8,77,914.4,4.7
CHR_BRK_03,2023-08-19 06:00:00+00:00,0.1,0.1,0.462,0.457,26.9,78,914.0,0.0
CHR_BRK_03,2023-08-19 07:00:00+00:00,0.0,0.0,0.46,0.456,28.3,69,913.0,0.5
CHR_BRK_03,2023-08-19 08:00:00+00:00,0.0,0.0,0.458,0.455,27.9,70,911.8,6.5
CHR_BRK_03,2023-08-19 09:00:00+00:00,0.6,0.6,0.461,0.455,26.1,77,911.5,6.1
CHR_BRK_03,2023-08-19 10:00:00+00:00,0.1,0.1,0.461,0.454,26.1,80,910.8,4.4
CHR_BRK_03,2023-08-19 11:00:00+00:00,0.3,0.3,0.462,0.454,25.9,81,911.0,3.8
CHR_BRK_03,2023-08-19 12:00:00+00:00,0.1,0.1,0.456,0.451,24.8,90,912.0,3.2
CHR_BRK_03,2023-08-19 13:00:00+00:00,0.0,0.0,0.456,0.451,23.8,92,912.5,3.2
CHR_BRK_03,2023-08-19 14:00:00+00:00,0.0,0.0,0.456,0.451,23.1,94,913.1,3.6
CHR_BRK_03,2023-08-19 15:00:00+00:00,0.0,0.0,0.456,0.451,22.5,96,913.7,3.3
CHR_BRK_03,2023-08-19 16:00:00+00:00,0.0,0.0,0.456,0.451,22.0,98,913.8,3.4
CHR_BRK_03,2023-08-19 17:00:00+00:00,0.0,0.0,0.455,0.451,21.6,98,913.6,4.6
CHR_BRK_03,2023-08-19 18:00:00+00:00,0.0,0.0,0.455,0.451,21.3,98,913.0,4.3
CHR_BRK_03,2023-08-19 19:00:00+00:00,0.0,0.0,0.455,0.451,21.0,98,912.7,4.8
CHR_BRK_03,2023-08-19 20:00:00+00:00,0.0,0.0,0.455,0.451,20.9,98,912.4,4.8
CHR_BRK_03,2023-08-19 21:00:00+00:00,0.0,0.0,0.455,0.451,21.2,98,912.4,4.8
CHR_BRK_03,2023-08-19 22:00:00+00:00,0.0,0.0,0.454,0.451,21.5,97,912.6,4.2
CHR_BRK_03,2023-08-19 23:00:00+00:00,0.0,0.0,0.454,0.451,21.8,97,913.0,4.4
CHR_BRK_03,2023-08-20 00:00:00+00:00,0.0,0.0,0.452,0.45,22.5,97,913.5,4.9
CHR_BRK_03,2023-08-20 01:00:00+00:00,0.0,0.0,0.452,0.45,23.7,90,914.5,3.3
CHR_BRK_03,2023-08-20 02:00:00+00:00,0.0,0.0,0.452,0.45,24.1,87,914.9,5.1
CHR_BRK_03,2023-08-20 03:00:00+00:00,0.0,0.0,0.451,0.45,24.6,84,914.9,6.6
CHR_BRK_03,2023-08-20 04:00:00+00:00,0.0,0.0,0.45,0.449,25.8,77,914.9,7.3
CHR_BRK_03,2023-08-20 05:00:00+00:00,0.0,0.0,0.449,0.449,26.8,72,914.7,9.2
CHR_BRK_03,2023-08-20 06:00:00+00:00,0.0,0.0,0.447,0.448,27.3,69,914.0,9.4
CHR_BRK_03,2023-08-20 07:00:00+00:00,0.0,0.0,0.445,0.447,28.0,66,912.8,10.7
CHR_BRK_03,2023-08-20 08:00:00+00:00,0.0,0.0,0.443,0.447,28.1,64,911.6,12.1
CHR_BRK_03,2023-08-20 09:00:00+00:00,0.0,0.0,0.442,0.446,27.9,66,910.7,10.5
CHR_BRK_03,2023-08-20 10:00:00+00:00,0.0,0.0,0.44,0.445,27.1,69,910.3,10.5
CHR_BRK_03,2023-08-20 11:00:00+00:00,0.0,0.0,0.44,0.445,26.6,73,910.3,7.0
CHR_BRK_03,2023-08-20 12:00:00+00:00,0.0,0.0,0.441,0.445,24.8,82,911.4,5.5
CHR_BRK_03,2023-08-20 13:00:00+00:00,0.0,0.0,0.441,0.445,23.6,88,912.0,5.4
CHR_BRK_03,2023-08-20 14:00:00+00:00,0.0,0.0,0.441,0.445,22.6,94,912.1,5.4
CHR_BRK_03,2023-08-20 15:00:00+00:00,0.0,0.0,0.441,0.444,22.0,97,912.8,4.8
CHR_BRK_03,2023-08-20 16:00:00+00:00,0.0,0.0,0.441,0.444,21.7,98,912.9,5.7
CHR_BRK_03,2023-08-20 17:00:00+00:00,0.0,0.0,0.441,0.444,21.6,99,912.5,5.8
CHR_BRK_03,2023-08-20 18:00:00+00:00,0.0,0.0,0.441,0.444,21.5,99,912.2,6.3
CHR_BRK_03,2023-08-20 19:00:00+00:00,0.0,0.0,0.441,0.444,21.5,99,911.9,5.5
CHR_BRK_03,2023-08-20 20:00:00+00:00,0.1,0.1,0.442,0.444,21.7,98,911.2,6.5
CHR_BRK_03,2023-08-20 21:00:00+00:00,0.1,0.1,0.442,0.444,21.6,98,911.1,4.4
CHR_BRK_03,2023-08-20 22:00:00+00:00,0.0,0.0,0.443,0.444,21.8,98,911.1,4.4
CHR_BRK_03,2023-08-20 23:00:00+00:00,0.0,0.0,0.443,0.444,21.9,98,911.1,4.0
CHR_BRK_03,2023-08-21 00:00:00+00:00,0.1,0.1,0.443,0.444,23.0,95,911.9,5.2
CHR_BRK_03,2023-08-21 01:00:00+00:00,0.0,0.0,0.443,0.444,24.0,89,912.8,4.7
CHR_BRK_03,2023-08-21 02:00:00+00:00,0.0,0.0,0.443,0.443,24.9,84,913.2,5.9
CHR_BRK_03,2023-08-21 03:00:00+00:00,0.0,0.0,0.442,0.443,26.2,78,913.5,6.3
CHR_BRK_03,2023-08-21 04:00:00+00:00,0.0,0.0,0.441,0.442,27.1,74,913.7,6.0
CHR_BRK_03,2023-08-21 05:00:00+00:00,4.1,4.1,0.482,0.442,26.2,78,913.2,7.9
CHR_BRK_03,2023-08-21 06:00:00+00:00,1.0,1.0,0.489,0.443,25.5,88,912.6,5.8
CHR_BRK_03,2023-08-21 07:00:00+00:00,0.4,0.4,0.488,0.444,26.2,81,911.7,7.9
CHR_BRK_03,2023-08-21 08:00:00+00:00,0.2,0.2,0.486,0.444,26.2,78,910.3,9.0
CHR_BRK_03,2023-08-21 09:00:00+00:00,0.1,0.1,0.483,0.444,27.1,74,910.0,9.7
CHR_BRK_03,2023-08-21 10:00:00+00:00,0.0,0.0,0.48,0.445,26.9,72,910.2,8.4
CHR_BRK_03,2023-08-21 11:00:00+00:00,0.0,0.0,0.478,0.445,26.0,77,910.2,6.9
CHR_BRK_03,2023-08-21 12:00:00+00:00,0.0,0.0,0.481,0.442,24.3,91,911.2,4.4
CHR_BRK_03,2023-08-21 13:00:00+00:00,0.0,0.0,0.48,0.443,23.4,94,911.6,4.0
CHR_BRK_03,2023-08-21 14:00:00+00:00,0.0,0.0,0.478,0.443,23.3,95,912.3,4.4
CHR_BRK_03,2023-08-21 15:00:00+00:00,0.0,0.0,0.477,0.444,22.9,96,912.7,3.5
CHR_BRK_03,2023-08-21 16:00:00+00:00,0.0,0.0,0.476,0.444,22.7,96,912.8,4.8
CHR_BRK_03,2023-08-21 17:00:00+00:00,0.0,0.0,0.475,0.444,22.5,97,912.8,4.2
CHR_BRK_03,2023-08-21 18:00:00+00:00,0.0,0.0,0.474,0.445,22.5,97,912.6,4.8
CHR_BRK_03,2023-08-21 19:00:00+00:00,0.2,0.2,0.474,0.445,22.2,97,912.0,5.2
CHR_BRK_03,2023-08-21 20:00:00+00:00,0.2,0.2,0.474,0.445,22.1,97,911.5,5.2
CHR_BRK_03,2023-08-21 21:00:00+00:00,0.4,0.4,0.476,0.445,21.8,99,911.1,5.0
CHR_BRK_03,2023-08-21 22:00:00+00:00,0.3,0.3,0.478,0.446,21.8,99,911.0,5.2
CHR_BRK_03,2023-08-21 23:00:00+00:00,0.4,0.4,0.482,0.446,21.7,99,911.1,4.3
CHR_BRK_03,2023-08-22 00:00:00+00:00,0.5,0.5,0.479,0.447,21.9,97,912.0,5.1
CHR_BRK_03,2023-08-22 01:00:00+00:00,0.5,0.5,0.484,0.447,21.8,99,912.5,3.2
CHR_BRK_03,2023-08-22 02:00:00+00:00,0.7,0.7,0.489,0.448,21.8,99,913.0,4.9
CHR_BRK_03,2023-08-22 03:00:00+00:00,2.2,2.2,0.51,0.45,22.0,99,913.5,5.4
CHR_BRK_03,2023-08-22 04:00:00+00:00,2.4,2.4,0.517,0.456,22.2,99,913.6,5.5
CHR_BRK_03,2023-08-22 05:00:00+00:00,1.7,1.7,0.514,0.463,22.3,99,913.3,5.9
CHR_BRK_03,2023-08-22 06:00:00+00:00,0.8,0.8,0.509,0.467,22.7,93,912.7,7.0
CHR_BRK_03,2023-08-22 07:00:00+00:00,0.2,0.2,0.503,0.469,22.7,92,911.8,7.1
CHR_BRK_03,2023-08-22 08:00:00+00:00,0.0,0.0,0.498,0.47,24.0,80,911.1,7.6
CHR_BRK_03,2023-08-22 09:00:00+00:00,0.0,0.0,0.495,0.471,24.2,76,910.7,8.3
CHR_BRK_03,2023-08-22 10:00:00+00:00,0.0,0.0,0.492,0.471,24.2,76,910.4,7.2
CHR_BRK_03,2023-08-22 11:00:00+00:00,0.0,0.0,0.49,0.471,23.8,78,910.5,5.8
CHR_BRK_03,2023-08-22 12:00:00+00:00,0.0,0.0,0.488,0.471,22.3,89,911.5,3.4
CHR_BRK_03,2023-08-22 13:00:00+00:00,0.0,0.0,0.487,0.471,21.7,91,911.9,2.6
CHR_BRK_03,2023-08-22 14:00:00+00:00,0.1,0.1,0.486,0.471,21.6,92,912.6,3.3
CHR_BRK_03,2023-08-22 15:00:00+00:00,0.1,0.1,0.485,0.471,21.2,94,913.3,3.0
CHR_BRK_03,2023-08-22 16:00:00+00:00,0.0,0.0,0.484,0.471,21.2,94,913.2,3.0
CHR_BRK_03,2023-08-22 17:00:00+00:00,0.0,0.0,0.483,0.471,21.3,93,913.2,3.5
CHR_BRK_03,2023-08-22 18:00:00+00:00,0.0,0.0,0.482,0.471,21.0,95,912.8,3.3
CHR_BRK_03,2023-08-22 19:00:00+00:00,0.0,0.0,0.481,0.471,20.9,96,912.2,3.2
CHR_BRK_03,2023-08-22 20:00:00+00:00,0.0,0.0,0.481,0.471,20.8,97,911.8,3.7
CHR_BRK_03,2023-08-22 21:00:00+00:00,0.0,0.0,0.48,0.471,20.8,97,911.3,3.8
CHR_BRK_03,2023-08-22 22:00:00+00:00,0.0,0.0,0.479,0.471,20.8,97,910.9,3.9
CHR_BRK_03,2023-08-22 23:00:00+00:00,0.0,0.0,0.479,0.471,20.6,97,910.9,3.7
CHR_BRK_03,2023-08-23 00:00:00+00:00,0.0,0.0,0.494,0.473,21.2,97,911.4,3.8
CHR_BRK_03,2023-08-23 01:00:00+00:00,0.1,0.1,0.493,0.473,22.2,97,912.1,3.8
CHR_BRK_03,2023-08-23 02:00:00+00:00,0.1,0.1,0.491,0.474,23.5,88,912.9,5.8
CHR_BRK_03,2023-08-23 03:00:00+00:00,0.1,0.1,0.49,0.474,24.0,84,913.1,8.0
CHR_BRK_03,2023-08-23 04:00:00+00:00,0.1,0.1,0.488,0.474,25.2,77,913.2,7.7
CHR_BRK_03,2023-08-23 05:00:00+00:00,0.1,0.1,0.486,0.473,26.4,71,912.9,6.9
CHR_BRK_03,2023-08-23 06:00:00+00:00,0.0,0.0,0.483,0.473,27.8,68,912.0,6.3
CHR_BRK_03,2023-08-23 07:00:00+00:00,0.1,0.1,0.481,0.472,28.2,65,910.7,7.6
CHR_BRK_03,2023-08-23 08:00:00+00:00,0.1,0.1,0.479,0.471,27.9,66,909.6,8.7
CHR_BRK_03,2023-08-23 09:00:00+00:00,0.1,0.1,0.477,0.47,27.7,66,908.5,8.4
CHR_BRK_03,2023-08-23 10:00:00+00:00,0.1,0.1,0.475,0.47,27.2,68,908.2,7.5
CHR_BRK_03,2023-08-23 11:00:00+00:00,0.1,0.1,0.474,0.469,26.2,74,908.2,6.1
CHR_BRK_03,2023-08-23 12:00:00+00:00,0.0,0.0,0.474,0.47,24.0,94,909.3,3.3
CHR_BRK_03,2023-08-23 13:00:00+00:00,0.0,0.0,0.474,0.47,22.9,95,909.7,3.0
CHR_BRK_03,2023-08-23 14:00:00+00:00,0.0,0.0,0.474,0.469,22.4,97,909.9,4.1
CHR_BRK_03,2023-08-23 15:00:00+00:00,0.0,0.0,0.473,0.469,21.5,99,910.4,4.0
CHR_BRK_03,2023-08-23 16:00:00+00:00,0.0,0.0,0.473,0.469,21.0,99,910.6,4.4
CHR_BRK_03,2023-08-23 17:00:00+00:00,0.0,0.0,0.472,0.469,20.7,99,910.1,4.5
CHR_BRK_03,2023-08-23 18:00:00+00:00,0.0,0.0,0.472,0.469,20.7,99,909.6,4.8
CHR_BRK_03,2023-08-23 19:00:00+00:00,0.0,0.0,0.472,0.469,20.3,99,909.1,4.1
CHR_BRK_03,2023-08-23 20:00:00+00:00,0.0,0.0,0.471,0.469,20.2,98,908.6,3.9
CHR_BRK_03,2023-08-23 21:00:00+00:00,0.0,0.0,0.471,0.468,19.9,99,908.4,4.3
CHR_BRK_03,2023-08-23 22:00:00+00:00,0.0,0.0,0.471,0.468,19.7,100,908.4,3.7
CHR_BRK_03,2023-08-23 23:00:00+00:00,0.0,0.0,0.471,0.468,19.5,100,908.6,3.3
CHR_BRK_03,2023-08-24 00:00:00+00:00,0.0,0.0,0.471,0.469,20.5,100,909.1,4.8
CHR_BRK_03,2023-08-24 01:00:00+00:00,0.0,0.0,0.47,0.469,22.4,94,910.1,4.3
CHR_BRK_03,2023-08-24 02:00:00+00:00,0.1,0.1,0.47,0.468,24.4,85,911.2,3.8
CHR_BRK_03,2023-08-24 03:00:00+00:00,0.2,0.2,0.471,0.468,25.7,78,911.3,6.2
CHR_BRK_03,2023-08-24 04:00:00+00:00,0.1,0.1,0.47,0.467,27.3,69,911.3,7.6
CHR_BRK_03,2023-08-24 05:00:00+00:00,0.3,0.3,0.469,0.466,28.2,64,910.9,5.8
CHR_BRK_03,2023-08-24 06:00:00+00:00,0.2,0.2,0.468,0.466,28.4,63,909.7,3.6
CHR_BRK_03,2023-08-24 07:00:00+00:00,0.2,0.2,0.467,0.465,28.7,60,909.0,1.3
CHR_BRK_03,2023-08-24 08:00:00+00:00,0.6,0.6,0.469,0.464,27.6,67,908.2,6.2
CHR_BRK_03,2023-08-24 09:00:00+00:00,0.2,0.2,0.468,0.463,27.5,70,907.4,5.0
CHR_BRK_03,2023-08-24 10:00:00+00:00,0.8,0.8,0.472,0.463,26.4,76,907.4,5.4
CHR_BRK_03,2023-08-24 11:00:00+00:00,1.6,1.6,0.486,0.463,24.4,91,907.9,3.1
CHR_BRK_03,2023-08-24 12:00:00+00:00,0.0,0.0,0.463,0.461,24.2,90,908.6,3.7
CHR_BRK_03,2023-08-24 13:00:00+00:00,0.0,0.0,0.463,0.461,23.3,92,908.7,3.2
CHR_BRK_03,2023-08-24 14:00:00+00:00,0.1,0.1,0.463,0.461,23.3,91,909.9,1.5
CHR_BRK_03,2023-08-24 15:00:00+00:00,0.8,0.8,0.468,0.461,22.4,96,910.0,2.9
CHR_BRK_03,2023-08-24 16:00:00+00:00,0.1,0.1,0.469,0.461,22.1,97,910.1,3.5
CHR_BRK_03,2023-08-24 17:00:00+00:00,0.0,0.0,0.468,0.461,21.5,98,909.9,3.8
CHR_BRK_03,2023-08-24 18:00:00+00:00,0.0,0.0,0.468,0.461,21.4,98,909.4,2.4
CHR_BRK_03,2023-08-24 19:00:00+00:00,0.0,0.0,0.468,0.461,21.9,98,909.2,0.7
CHR_BRK_03,2023-08-24 20:00:00+00:00,0.0,0.0,0.468,0.461,21.6,99,908.4,1.3
CHR_BRK_03,2023-08-24 21:00:00+00:00,0.0,0.0,0.467,0.461,21.5,99,908.3,0.7
CHR_BRK_03,2023-08-24 22:00:00+00:00,0.0,0.0,0.467,0.461,21.5,99,908.5,1.3
CHR_BRK_03,2023-08-24 23:00:00+00:00,0.0,0.0,0.467,0.46,21.4,99,908.8,0.5
CHR_BRK_03,2023-08-25 00:00:00+00:00,0.0,0.0,0.478,0.463,21.8,98,908.8,2.6
CHR_BRK_03,2023-08-25 01:00:00+00:00,0.0,0.0,0.477,0.463,23.1,96,909.7,2.7
CHR_BRK_03,2023-08-25 02:00:00+00:00,0.0,0.0,0.476,0.463,24.3,92,910.6,2.2
CHR_BRK_03,2023-08-25 03:00:00+00:00,0.0,0.0,0.475,0.463,25.5,85,910.9,2.5
CHR_BRK_03,2023-08-25 04:00:00+00:00,0.0,0.0,0.474,0.463,26.6,79,910.8,2.6
CHR_BRK_03,2023-08-25 05:00:00+00:00,0.1,0.1,0.472,0.462,27.5,74,910.5,3.1
CHR_BRK_03,2023-08-25 06:00:00+00:00,0.2,0.2,0.471,0.462,28.0,70,909.4,3.9
CHR_BRK_03,2023-08-25 07:00:00+00:00,8.3,8.3,0.52,0.47,25.3,84,908.6,9.2
CHR_BRK_03,2023-08-25 08:00:00+00:00,3.7,3.7,0.502,0.485,24.0,92,907.8,6.0
CHR_BRK_03,2023-08-25 09:00:00+00:00,0.3,0.3,0.501,0.485,24.3,91,907.1,3.4
CHR_BRK_03,2023-08-25 10:00:00+00:00,0.7,0.7,0.502,0.486,25.0,87,907.2,5.4
CHR_BRK_03,2023-08-25 11:00:00+00:00,0.1,0.1,0.5,0.486,24.7,89,907.8,4.7
CHR_BRK_03,2023-08-25 12:00:00+00:00,0.1,0.1,0.508,0.486,23.5,96,908.5,3.4
CHR_BRK_03,2023-08-25 13:00:00+00:00,0.1,0.1,0.504,0.487,23.0,97,908.9,2.6
CHR_BRK_03,2023-08-25 14:00:00+00:00,0.2,0.2,0.502,0.487,22.2,99,909.1,3.5
CHR_BRK_03,2023-08-25 15:00:00+00:00,0.1,0.1,0.501,0.488,22.3,100,909.6,3.9
CHR_BRK_03,2023-08-25 16:00:00+00:00,0.0,0.0,0.499,0.488,21.7,99,909.7,3.2
CHR_BRK_03,2023-08-25 17:00:00+00:00,0.0,0.0,0.497,0.488,21.4,99,909.7,2.7
CHR_BRK_03,2023-08-25 18:00:00+00:00,0.0,0.0,0.495,0.488,21.2,99,909.5,3.1
CHR_BRK_03,2023-08-25 19:00:00+00:00,0.0,0.0,0.494,0.488,20.9,99,908.6,3.6
CHR_BRK_03,2023-08-25 20:00:00+00:00,0.0,0.0,0.493,0.487,21.8,94,908.2,1.1
CHR_BRK_03,2023-08-25 21:00:00+00:00,0.0,0.0,0.492,0.487,21.5,96,907.8,1.0
CHR_BRK_03,2023-08-25 22:00:00+00:00,5.6,5.6,0.51,0.501,20.4,99,907.6,2.6
CHR_BRK_03,2023-08-25 23:00:00+00:00,1.2,1.2,0.514,0.503,20.8,100,907.9,2.3
CHR_BRK_03,2023-08-26 00:00:00+00:00,0.3,0.3,0.514,0.496,21.6,98,908.5,2.6
CHR_BRK_03,2023-08-26 01:00:00+00:00,0.1,0.1,0.509,0.497,22.9,97,909.3,3.9
CHR_BRK_03,2023-08-26 02:00:00+00:00,0.0,0.0,0.505,0.497,24.0,93,910.3,3.0
CHR_BRK_03,2023-08-26 03:00:00+00:00,0.3,0.3,0.504,0.497,24.4,93,910.7,3.4
CHR_BRK_03,2023-08-26 04:00:00+00:00,0.4,0.4,0.503,0.497,26.2,82,910.9,7.4
CHR_BRK_03,2023-08-26 05:00:00+00:00,4.0,4.0,0.513,0.503,24.8,85,910.4,9.4
CHR_BRK_03,2023-08-26 06:00:00+00:00,1.0,1.0,0.513,0.505,25.1,82,909.5,8.6
CHR_BRK_03,2023-08-26 07:00:00+00:00,0.7,0.7,0.511,0.505,25.6,80,908.6,8.2
CHR_BRK_03,2023-08-26 08:00:00+00:00,0.3,0.3,0.509,0.504,25.7,80,908.1,5.2
CHR_BRK_03,2023-08-26 09:00:00+00:00,5.1,5.1,0.51,0.515,24.5,90,907.7,7.3
CHR_BRK_03,2023-08-26 10:00:00+00:00,0.2,0.2,0.508,0.512,24.8,87,907.4,6.6
CHR_BRK_03,2023-08-26 11:00:00+00:00,0.4,0.4,0.508,0.51,24.8,83,908.2,6.4
CHR_BRK_03,2023-08-26 12:00:00+00:00,0.1,0.1,0.497,0.503,23.4,96,908.4,2.5
CHR_BRK_03,2023-08-26 13:00:00+00:00,0.0,0.0,0.496,0.502,22.5,99,908.7,3.1
CHR_BRK_03,2023-08-26 14:00:00+00:00,0.0,0.0,0.495,0.501,21.9,99,909.5,4.2
CHR_BRK_03,2023-08-26 15:00:00+00:00,0.0,0.0,0.495,0.5,21.7,100,910.0,3.9
CHR_BRK_03,2023-08-26 16:00:00+00:00,0.0,0.0,0.494,0.499,21.3,100,909.9,5.0
CHR_BRK_03,2023-08-26 17:00:00+00:00,0.0,0.0,0.493,0.498,21.2,100,910.0,5.0
CHR_BRK_03,2023-08-26 18:00:00+00:00,0.0,0.0,0.493,0.497,21.0,100,909.6,4.8
CHR_BRK_03,2023-08-26 19:00:00+00:00,0.0,0.0,0.492,0.497,20.7,100,908.7,4.8
CHR_BRK_03,2023-08-26 20:00:00+00:00,0.0,0.0,0.492,0.496,20.6,100,908.2,3.9
CHR_BRK_03,2023-08-26 21:00:00+00:00,0.0,0.0,0.491,0.495,20.9,99,908.2,4.3
CHR_BRK_03,2023-08-26 22:00:00+00:00,0.0,0.0,0.49,0.495,20.2,100,908.1,4.5
CHR_BRK_03,2023-08-26 23:00:00+00:00,0.0,0.0,0.49,0.494,20.0,100,908.1,3.7
CHR_BRK_03,2023-08-27 00:00:00+00:00,0.0,0.0,0.487,0.493,21.1,98,909.1,5.7
CHR_BRK_03,2023-08-27 01:00:00+00:00,0.0,0.0,0.487,0.493,22.9,96,910.2,5.5
CHR_BRK_03,2023-08-27 02:00:00+00:00,0.2,0.2,0.487,0.492,24.3,86,910.5,8.6
CHR_BRK_03,2023-08-27 03:00:00+00:00,0.1,0.1,0.487,0.491,25.9,76,910.8,9.8
CHR_BRK_03,2023-08-27 04:00:00+00:00,0.1,0.1,0.486,0.49,27.2,68,911.0,12.4
CHR_BRK_03,2023-08-27 05:00:00+00:00,0.1,0.1,0.484,0.489,27.5,67,910.6,12.1
CHR_BRK_03,2023-08-27 06:00:00+00:00,0.2,0.2,0.483,0.488,28.2,67,909.8,10.3
CHR_BRK_03,2023-08-27 07:00:00+00:00,0.1,0.1,0.481,0.487,28.4,66,908.8,11.2
CHR_BRK_03,2023-08-27 08:00:00+00:00,0.2,0.2,0.479,0.485,28.7,64,907.4,10.5
CHR_BRK_03,2023-08-27 09:00:00+00:00,0.5,0.5,0.481,0.484,27.9,64,906.9,11.2
CHR_BRK_03,2023-08-27 10:00:00+00:00,0.4,0.4,0.482,0.484,26.5,75,906.8,8.0
CHR_BRK_03,2023-08-27 11:00:00+00:00,0.0,0.0,0.482,0.483,26.0,78,907.2,5.8
CHR_BRK_03,2023-08-27 12:00:00+00:00,0.0,0.0,0.498,0.491,23.5,92,908.2,4.5
CHR_BRK_03,2023-08-27 13:00:00+00:00,0.3,0.3,0.498,0.491,22.7,96,908.5,4.0
CHR_BRK_03,2023-08-27 14:00:00+00:00,0.0,0.0,0.497,0.491,22.1,98,909.2,3.6
CHR_BRK_03,2023-08-27 15:00:00+00:00,0.0,0.0,0.495,0.491,21.6,98,909.6,4.4
CHR_BRK_03,2023-08-27 16:00:00+00:00,0.0,0.0,0.494,0.491,21.1,99,909.9,5.6
CHR_BRK_03,2023-08-27 17:00:00+00:00,0.0,0.0,0.493,0.49,21.0,99,909.6,5.4
CHR_BRK_03,2023-08-27 18:00:00+00:00,0.0,0.0,0.492,0.49,20.9,99,909.4,5.0
CHR_BRK_03,2023-08-27 19:00:00+00:00,0.0,0.0,0.491,0.49,20.8,99,909.1,5.5
CHR_BRK_03,2023-08-27 20:00:00+00:00,0.1,0.1,0.491,0.489,20.8,98,909.0,5.8
CHR_BRK_03,2023-08-27 21:00:00+00:00,0.1,0.1,0.491,0.489,20.7,98,908.2,4.5
CHR_BRK_03,2023-08-27 22:00:00+00:00,0.0,0.0,0.49,0.489,20.4,99,908.3,4.3
CHR_BRK_03,2023-08-27 23:00:00+00:00,0.0,0.0,0.489,0.488,20.3,99,908.6,4.4
CHR_BRK_03,2023-08-28 00:00:00+00:00,0.0,0.0,0.486,0.487,21.4,99,909.6,5.7
CHR_BRK_03,2023-08-28 01:00:00+00:00,0.0,0.0,0.486,0.487,22.2,95,910.4,6.2
CHR_BRK_03,2023-08-28 02:00:00+00:00,0.0,0.0,0.485,0.486,24.2,83,911.1,7.9
CHR_BRK_03,2023-08-28 03:00:00+00:00,0.0,0.0,0.483,0.486,25.8,74,911.9,7.3
CHR_BRK_03,2023-08-28 04:00:00+00:00,0.0,0.0,0.481,0.485,26.9,68,912.1,8.3
CHR_BRK_03,2023-08-28 05:00:00+00:00,0.0,0.0,0.479,0.484,27.6,65,911.7,9.4
CHR_BRK_03,2023-08-28 06:00:00+00:00,0.1,0.1,0.477,0.483,28.0,62,910.8,10.3
CHR_BRK_03,2023-08-28 07:00:00+00:00,0.1,0.1,0.475,0.481,28.8,60,909.9,10.7
CHR_BRK_03,2023-08-28 08:00:00+00:00,0.1,0.1,0.473,0.48,28.6,61,908.9,11.4
CHR_BRK_03,2023-08-28 09:00:00+00:00,0.4,0.4,0.473,0.479,28.0,63,908.5,10.1
CHR_BRK_03,2023-08-28 10:00:00+00:00,0.0,0.0,0.472,0.479,26.9,71,908.2,8.3
CHR_BRK_03,2023-08-28 11:00:00+00:00,0.0,0.0,0.472,0.478,26.0,79,908.2,4.1
CHR_BRK_03,2023-08-28 12:00:00+00:00,0.0,0.0,0.472,0.478,24.1,90,908.9,5.1
CHR_BRK_03,2023-08-28 13:00:00+00:00,0.0,0.0,0.472,0.478,22.6,92,909.1,3.6
CHR_BRK_03,2023-08-28 14:00:00+00:00,0.0,0.0,0.471,0.478,21.8,94,909.8,2.5
CHR_BRK_03,2023-08-28 15:00:00+00:00,0.0,0.0,0.471,0.477,21.5,95,910.4,2.5
CHR_BRK_03,2023-08-28 16:00:00+00:00,0.0,0.0,0.471,0.477,20.8,97,910.5,3.4
CHR_BRK_03,2023-08-28 17:00:00+00:00,0.0,0.0,0.471,0.477,19.6,100,910.1,4.9
CHR_BRK_03,2023-08-28 18:00:00+00:00,0.0,0.0,0.471,0.477,19.1,100,909.8,5.6
CHR_BRK_03,2023-08-28 19:00:00+00:00,0.0,0.0,0.471,0.476,18.8,100,909.2,4.8
CHR_BRK_03,2023-08-28 20:00:00+00:00,0.0,0.0,0.471,0.476,18.5,99,909.0,4.8
CHR_BRK_03,2023-08-28 21:00:00+00:00,0.0,0.0,0.47,0.476,18.5,98,908.9,5.2
CHR_BRK_03,2023-08-28 22:00:00+00:00,0.0,0.0,0.47,0.476,18.5,98,909.0,4.9
CHR_BRK_03,2023-08-28 23:00:00+00:00,0.0,0.0,0.47,0.475,18.5,99,909.1,5.2
CHR_BRK_03,2023-08-29 00:00:00+00:00,0.0,0.0,0.465,0.473,19.1,98,909.5,4.0
CHR_BRK_03,2023-08-29 01:00:00+00:00,0.0,0.0,0.464,0.473,22.5,90,911.6,2.5
CHR_BRK_03,2023-08-29 02:00:00+00:00,0.0,0.0,0.464,0.473,24.6,82,912.4,1.3
CHR_BRK_03,2023-08-29 03:00:00+00:00,0.1,0.1,0.463,0.472,26.2,73,912.8,3.2
CHR_BRK_03,2023-08-29 04:00:00+00:00,0.1,0.1,0.461,0.471,27.4,65,912.8,4.3
CHR_BRK_03,2023-08-29 05:00:00+00:00,0.0,0.0,0.459,0.47,28.6,59,912.2,4.3
CHR_BRK_03,2023-08-29 06:00:00+00:00,0.0,0.0,0.456,0.469,29.5,55,910.9,5.1
CHR_BRK_03,2023-08-29 07:00:00+00:00,0.0,0.0,0.454,0.467,30.1,53,909.8,5.4
CHR_BRK_03,2023-08-29 08:00:00+00:00,0.0,0.0,0.451,0.466,30.3,52,908.8,6.3
CHR_BRK_03,2023-08-29 09:00:00+00:00,0.0,0.0,0.449,0.465,29.7,55,908.2,5.2
CHR_BRK_03,2023-08-29 10:00:00+00:00,0.0,0.0,0.448,0.464,28.8,60,907.9,5.8
CHR_BRK_03,2023-08-29 11:00:00+00:00,0.0,0.0,0.447,0.464,27.6,72,908.1,4.1
CHR_BRK_03,2023-08-29 12:00:00+00:00,0.0,0.0,0.459,0.47,25.9,75,908.5,5.6
CHR_BRK_03,2023-08-29 13:00:00+00:00,0.0,0.0,0.459,0.47,26.3,70,909.9,2.9
CHR_BRK_03,2023-08-29 14:00:00+00:00,0.0,0.0,0.459,0.47,24.4,80,910.6,2.6
CHR_BRK_03,2023-08-29 15:00:00+00:00,0.0,0.0,0.459,0.469,22.9,89,911.1,3.9
CHR_BRK_03,2023-08-29 16:00:00+00:00,0.0,0.0,0.459,0.469,23.7,85,912.0,2.4
CHR_BRK_03,2023-08-29 17:00:00+00:00,0.0,0.0,0.459,0.469,22.9,88,912.1,1.3
CHR_BRK_03,2023-08-29 18:00:00+00:00,0.0,0.0,0.459,0.469,22.0,91,911.6,1.1
CHR_BRK_03,2023-08-29 19:00:00+00:00,0.0,0.0,0.459,0.468,21.5,93,911.2,1.1
CHR_BRK_03,2023-08-29 20:00:00+00:00,0.0,0.0,0.459,0.468,20.5,96,910.6,1.9
CHR_BRK_03,2023-08-29 21:00:00+00:00,0.0,0.0,0.459,0.468,20.4,96,910.7,1.3
CHR_BRK_03,2023-08-29 22:00:00+00:00,0.0,0.0,0.459,0.468,20.8,97,910.7,0.0
CHR_BRK_03,2023-08-29 23:00:00+00:00,0.0,0.0,0.459,0.468,19.7,98,910.5,1.8
CHR_BRK_03,2023-08-30 00:00:00+00:00,0.0,0.0,0.459,0.466,20.6,98,911.3,0.8
CHR_BRK_03,2023-08-30 01:00:00+00:00,0.0,0.0,0.459,0.466,23.0,92,912.6,1.5
CHR_BRK_03,2023-08-30 02:00:00+00:00,0.0,0.0,0.458,0.465,25.0,82,913.4,3.4
CHR_BRK_03,2023-08-30 03:00:00+00:00,0.0,0.0,0.457,0.465,26.3,76,913.7,6.3
CHR_BRK_03,2023-08-30 04:00:00+00:00,0.1,0.1,0.456,0.464,27.2,72,913.8,7.6
CHR_BRK_03,2023-08-30 05:00:00+00:00,0.1,0.1,0.454,0.463,28.1,71,913.3,5.9
CHR_BRK_03,2023-08-30 06:00:00+00:00,0.0,0.0,0.452,0.462,29.2,68,912.5,6.3
CHR_BRK_03,2023-08-30 07:00:00+00:00,0.0,0.0,0.45,0.461,29.5,68,911.4,6.8
CHR_BRK_03,2023-08-30 08:00:00+00:00,0.0,0.0,0.448,0.46,29.8,66,910.7,7.2
CHR_BRK_03,2023-08-30 09:00:00+00:00,2.2,2.2,0.465,0.459,26.9,78,909.8,8.9
CHR_BRK_03,2023-08-30 10:00:00+00:00,0.1,0.1,0.465,0.459,25.9,84,909.8,4.3
CHR_BRK_03,2023-08-30 11:00:00+00:00,0.0,0.0,0.464,0.459,25.9,85,910.2,3.1
CHR_BRK_03,2023-08-30 12:00:00+00:00,0.1,0.1,0.447,0.455,24.5,93,910.7,3.4
CHR_BRK_03,2023-08-30 13:00:00+00:00,0.1,0.1,0.448,0.455,23.9,95,911.3,3.9
CHR_BRK_03,2023-08-30 14:00:00+00:00,0.0,0.0,0.448,0.455,23.3,95,912.2,3.3
CHR_BRK_03,2023-08-30 15:00:00+00:00,1.3,1.3,0.461,0.455,22.8,96,913.0,2.1
CHR_BRK_03,2023-08-30 16:00:00+00:00,0.1,0.1,0.461,0.455,23.3,94,913.5,1.5
CHR_BRK_03,2023-08-30 17:00:00+00:00,2.0,2.0,0.485,0.455,22.1,99,913.3,2.1
CHR_BRK_03,2023-08-30 18:00:00+00:00,0.5,0.5,0.488,0.456,21.6,100,913.4,1.8
CHR_BRK_03,2023-08-30 19:00:00+00:00,0.3,0.3,0.49,0.456,21.5,100,912.6,2.5
CHR_BRK_03,2023-08-30 20:00:00+00:00,0.8,0.8,0.497,0.457,21.4,99,912.5,2.5
CHR_BRK_03,2023-08-30 21:00:00+00:00,3.3,3.3,0.502,0.468,21.2,100,912.1,2.1
CHR_BRK_03,2023-08-30 22:00:00+00:00,3.1,3.1,0.52,0.472,21.0,99,912.6,2.6
CHR_BRK_03,2023-08-30 23:00:00+00:00,0.3,0.3,0.5,0.48,21.3,99,912.4,0.4
CHR_BRK_03,2023-08-31 00:00:00+00:00,0.1,0.1,0.489,0.459,21.7,99,913.3,1.1
CHR_BRK_03,2023-08-31 01:00:00+00:00,0.0,0.0,0.487,0.459,22.9,92,914.1,2.0
CHR_BRK_03,2023-08-31 02:00:00+00:00,0.1,0.1,0.485,0.46,23.9,89,914.9,3.2
CHR_BRK_03,2023-08-31 03:00:00+00:00,0.1,0.1,0.484,0.46,25.2,83,915.2,3.7
CHR_BRK_03,2023-08-31 04:00:00+00:00,0.0,0.0,0.481,0.46,26.3,76,915.0,3.3
CHR_BRK_03,2023-08-31 05:00:00+00:00,0.0,0.0,0.479,0.459,27.7,70,914.7,3.1
CHR_BRK_03,2023-08-31 06:00:00+00:00,0.1,0.1,0.476,0.459,28.8,68,913.8,3.1
CHR_BRK_03,2023-08-31 07:00:00+00:00,0.1,0.1,0.474,0.458,28.6,69,912.4,5.8
CHR_BRK_03,2023-08-31 08:00:00+00:00,0.0,0.0,0.471,0.458,28.9,67,911.5,5.3
CHR_BRK_03,2023-08-31 09:00:00+00:00,0.0,0.0,0.469,0.457,29.0,68,910.7,2.1
CHR_BRK_03,2023-08-31 10:00:00+00:00,0.9,0.9,0.473,0.457,27.4,77,910.4,4.6
CHR_BRK_03,2023-08-31 11:00:00+00:00,1.3,1.3,0.483,0.457,26.2,85,910.4,6.4
CHR_BRK_03,2023-08-31 12:00:00+00:00,0.2,0.2,0.475,0.455,24.5,94,911.0,3.4
CHR_BRK_03,2023-08-31 13:00:00+00:00,0.0,0.0,0.474,0.455,23.7,96,911.5,3.4
CHR_BRK_03,2023-08-31 14:00:00+00:00,0.0,0.0,0.473,0.455,23.0,97,912.0,3.5
CHR_BRK_03,2023-08-31 15:00:00+00:00,1.8,1.8,0.488,0.456,22.1,99,912.8,4.6
CHR_BRK_03,2023-08-31 16:00:00+00:00,0.4,0.4,0.489,0.456,21.9,99,913.5,5.9
CHR_BRK_03,2023-08-31 17:00:00+00:00,0.7,0.7,0.495,0.457,21.6,99,913.3,6.9
CHR_BRK_03,2023-08-31 18:00:00+00:00,0.1,0.1,0.492,0.458,21.7,99,912.8,5.5
CHR_BRK_03,2023-08-31 19:00:00+00:00,0.0,0.0,0.49,0.459,21.6,99,912.4,5.6
CHR_BRK_03,2023-08-31 20:00:00+00:00,0.0,0.0,0.488,0.46,21.4,100,911.6,3.6
CHR_BRK_03,2023-08-31 21:00:00+00:00,0.5,0.5,0.491,0.46,21.3,100,911.7,4.8
CHR_BRK_03,2023-08-31 22:00:00+00:00,0.1,0.1,0.49,0.461,21.1,100,911.9,3.7
CHR_BRK_03,2023-08-31 23:00:00+00:00,0.0,0.0,0.488,0.461,21.1,100,912.0,3.2
