station_id,datetime_utc,precipitation,rain,soil_moisture_0_to_7cm,soil_moisture_7_to_28cm,temperature_2m,relative_humidity_2m,surface_pressure,wind_speed_10m
JRB_IRL_04,2023-06-01 00:00:00+00:00,0.0,0.0,0.31,0.327,27.3,82,1002.0,3.3
JRB_IRL_04,2023-06-01 01:00:00+00:00,0.0,0.0,0.31,0.326,28.2,80,1002.6,2.9
JRB_IRL_04,2023-06-01 02:00:00+00:00,0.0,0.0,0.309,0.326,29.7,74,1003.1,3.1
JRB_IRL_04,2023-06-01 03:00:00+00:00,0.0,0.0,0.308,0.325,30.9,70,1003.0,2.9
JRB_IRL_04,2023-06-01 04:00:00+00:00,0.0,0.0,0.307,0.324,31.6,69,1002.5,1.5
JRB_IRL_04,2023-06-01 05:00:00+00:00,0.0,0.0,0.305,0.323,32.9,66,1001.8,6.2
JRB_IRL_04,2023-06-01 06:00:00+00:00,0.1,0.1,0.304,0.322,33.5,65,1000.8,8.3
JRB_IRL_04,2023-06-01 07:00:00+00:00,0.5,0.5,0.306,0.322,32.6,68,999.7,12.4
JRB_IRL_04,2023-06-01 08:00:00+00:00,0.4,0.4,0.309,0.321,31.8,72,998.7,9.4
JRB_IRL_04,2023-06-01 09:00:00+00:00,0.0,0.0,0.308,0.32,32.7,68,997.9,5.8
JRB_IRL_04,2023-06-01 10:00:00+00:00,0.0,0.0,0.307,0.32,32.8,66,997.3,4.4
JRB_IRL_04,2023-06-01 11:00:00+00:00,0.0,0.0,0.306,0.319,32.2,69,997.3,5.5
JRB_IRL_04,2023-06-01 12:00:00+00:00,0.0,0.0,0.316,0.319,30.0,82,998.4,8.8
JRB_IRL_04,2023-06-01 13:00:00+00:00,0.0,0.0,0.315,0.319,28.6,86,998.9,8.5
JRB_IRL_04,2023-06-01 14:00:00+00:00,0.0,0.0,0.315,0.319,28.0,89,999.6,8.8
JRB_IRL_04,2023-06-01 15:00:00+00:00,0.0,0.0,0.315,0.319,27.6,90,1000.5,7.0
JRB_IRL_04,2023-06-01 16:00:00+00:00,0.0,0.0,0.315,0.319,27.3,91,1000.8,5.4
JRB_IRL_04,2023-06-01 17:00:00+00:00,0.0,0.0,0.315,0.319,27.0,92,1001.1,5.7
JRB_IRL_04,2023-06-01 18:00:00+00:00,0.0,0.0,0.315,0.319,26.7,93,1000.6,5.8
JRB_IRL_04,2023-06-01 19:00:00+00:00,0.0,0.0,0.315,0.319,26.3,93,1000.2,5.4
JRB_IRL_04,2023-06-01 20:00:00+00:00,0.0,0.0,0.315,0.319,26.0,93,999.7,5.4
JRB_IRL_04,2023-06-01 21:00:00+00:00,0.0,0.0,0.315,0.318,25.4,95,999.5,3.3
JRB_IRL_04,2023-06-01 22:00:00+00:00,1.4,1.4,0.325,0.318,24.5,96,1000.6,2.5
JRB_IRL_04,2023-06-01 23:00:00+00:00,0.8,0.8,0.334,0.318,24.4,100,1001.3,6.0
JRB_IRL_04,2023-06-02 00:00:00+00:00,3.2,3.2,0.351,0.32,25.6,97,1002.2,11.9
JRB_IRL_04,2023-06-02 01:00:00+00:00,0.3,0.3,0.352,0.32,25.9,97,1003.0,4.0
JRB_IRL_04,2023-06-02 02:00:00+00:00,0.1,0.1,0.352,0.32,27.1,91,1003.8,1.8
JRB_IRL_04,2023-06-02 03:00:00+00:00,0.2,0.2,0.352,0.32,28.8,81,1003.7,4.1
JRB_IRL_04,2023-06-02 04:00:00+00:00,0.1,0.1,0.351,0.32,30.3,74,1003.8,2.5
JRB_IRL_04,2023-06-02 05:00:00+00:00,0.0,0.0,0.349,0.32,31.3,70,1003.1,5.4
JRB_IRL_04,2023-06-02 06:00:00+00:00,0.0,0.0,0.346,0.319,32.0,69,1002.3,7.6
JRB_IRL_04,2023-06-02 07:00:00+00:00,0.0,0.0,0.344,0.318,32.4,67,1000.9,7.6
JRB_IRL_04,2023-06-02 08:00:00+00:00,0.0,0.0,0.342,0.318,32.1,66,999.9,6.0
JRB_IRL_04,2023-06-02 09:00:00+00:00,0.0,0.0,0.339,0.317,32.4,65,999.0,4.7
JRB_IRL_04,2023-06-02 10:00:00+00:00,0.0,0.0,0.337,0.317,32.4,65,998.4,4.3
JRB_IRL_04,2023-06-02 11:00:00+00:00,0.0,0.0,0.336,0.316,31.8,70,997.8,3.3
JRB_IRL_04,2023-06-02 12:00:00+00:00,0.0,0.0,0.355,0.321,31.0,78,998.8,1.6
JRB_IRL_04,2023-06-02 13:00:00+00:00,0.0,0.0,0.354,0.321,28.7,85,999.6,3.1
JRB_IRL_04,2023-06-02 14:00:00+00:00,0.0,0.0,0.353,0.321,28.0,86,1000.7,2.6
JRB_IRL_04,2023-06-02 15:00:00+00:00,0.0,0.0,0.352,0.321,27.8,86,1001.3,6.6
JRB_IRL_04,2023-06-02 16:00:00+00:00,0.1,0.1,0.352,0.321,27.2,88,1002.0,0.4
JRB_IRL_04,2023-06-02 17:00:00+00:00,0.1,0.1,0.352,0.322,26.7,88,1002.3,8.0
JRB_IRL_04,2023-06-02 18:00:00+00:00,0.0,0.0,0.351,0.322,26.4,87,1001.8,9.7
JRB_IRL_04,2023-06-02 19:00:00+00:00,0.0,0.0,0.35,0.322,26.1,86,1001.3,7.6
JRB_IRL_04,2023-06-02 20:00:00+00:00,0.0,0.0,0.349,0.322,25.7,87,1001.0,7.6
JRB_IRL_04,2023-06-02 21:00:00+00:00,0.0,0.0,0.349,0.322,24.9,91,1001.0,3.2
JRB_IRL_04,2023-06-02 22:00:00+00:00,0.3,0.3,0.35,0.322,24.6,92,1001.0,5.1
JRB_IRL_04,2023-06-02 23:00:00+00:00,0.0,0.0,0.349,0.323,24.2,95,1001.7,4.7
JRB_IRL_04,2023-06-03 00:00:00+00:00,0.1,0.1,0.351,0.322,24.2,99,1003.1,2.3
JRB_IRL_04,2023-06-03 01:00:00+00:00,0.0,0.0,0.35,0.322,25.4,93,1003.8,5.4
JRB_IRL_04,2023-06-03 02:00:00+00:00,0.0,0.0,0.349,0.322,26.9,87,1004.8,6.5
JRB_IRL_04,2023-06-03 03:00:00+00:00,0.0,0.0,0.348,0.322,28.7,76,1005.1,2.4
JRB_IRL_04,2023-06-03 04:00:00+00:00,0.1,0.1,0.346,0.321,30.3,71,1005.1,4.3
JRB_IRL_04,2023-06-03 05:00:00+00:00,0.0,0.0,0.344,0.321,31.3,69,1004.4,4.0
JRB_IRL_04,2023-06-03 06:00:00+00:00,0.1,0.1,0.342,0.32,31.7,67,1003.3,4.5
JRB_IRL_04,2023-06-03 07:00:00+00:00,0.1,0.1,0.341,0.32,32.3,64,1002.3,6.9
JRB_IRL_04,2023-06-03 08:00:00+00:00,0.1,0.1,0.339,0.319,32.6,64,1001.1,7.8
JRB_IRL_04,2023-06-03 09:00:00+00:00,0.0,0.0,0.337,0.318,32.9,64,999.9,6.0
JRB_IRL_04,2023-06-03 10:00:00+00:00,0.0,0.0,0.335,0.318,32.6,66,999.2,4.5
JRB_IRL_04,2023-06-03 11:00:00+00:00,0.0,0.0,0.334,0.317,32.0,70,999.5,2.5
JRB_IRL_04,2023-06-03 12:00:00+00:00,0.0,0.0,0.33,0.316,29.5,91,999.9,3.3
JRB_IRL_04,2023-06-03 13:00:00+00:00,0.0,0.0,0.33,0.316,28.4,91,1000.2,5.6
JRB_IRL_04,2023-06-03 14:00:00+00:00,0.0,0.0,0.329,0.316,27.2,91,1001.0,6.0
JRB_IRL_04,2023-06-03 15:00:00+00:00,0.0,0.0,0.329,0.316,26.4,91,1001.8,5.0
JRB_IRL_04,2023-06-03 16:00:00+00:00,0.0,0.0,0.329,0.316,26.0,91,1002.9,4.0
JRB_IRL_04,2023-06-03 17:00:00+00:00,0.0,0.0,0.328,0.316,25.7,90,1002.9,5.1
JRB_IRL_04,2023-06-03 18:00:00+00:00,8.3,8.3,0.428,0.318,24.3,97,1003.5,8.9
JRB_IRL_04,2023-06-03 19:00:00+00:00,3.0,3.0,0.439,0.324,23.6,100,1003.4,2.4
JRB_IRL_04,2023-06-03 20:00:00+00:00,4.0,4.0,0.416,0.347,23.3,96,1002.9,5.4
JRB_IRL_04,2023-06-03 21:00:00+00:00,0.0,0.0,0.409,0.349,23.6,96,1003.0,7.2
JRB_IRL_04,2023-06-03 22:00:00+00:00,0.0,0.0,0.404,0.35,23.4,98,1003.0,3.1
JRB_IRL_04,2023-06-03 23:00:00+00:00,0.0,0.0,0.4,0.352,23.3,97,1003.5,3.0
JRB_IRL_04,2023-06-04 00:00:00+00:00,0.0,0.0,0.385,0.324,24.8,98,1003.3,2.9
JRB_IRL_04,2023-06-04 01:00:00+00:00,0.0,0.0,0.382,0.325,26.4,93,1004.2,1.0
JRB_IRL_04,2023-06-04 02:00:00+00:00,0.0,0.0,0.38,0.325,28.0,85,1004.5,1.9
JRB_IRL_04,2023-06-04 03:00:00+00:00,0.0,0.0,0.377,0.326,29.6,78,1005.0,1.8
JRB_IRL_04,2023-06-04 04:00:00+00:00,0.0,0.0,0.373,0.325,30.9,72,1004.4,4.1
JRB_IRL_04,2023-06-04 05:00:00+00:00,0.0,0.0,0.37,0.325,31.7,70,1003.8,6.7
JRB_IRL_04,2023-06-04 06:00:00+00:00,0.0,0.0,0.366,0.325,32.9,65,1002.8,5.0
JRB_IRL_04,2023-06-04 07:00:00+00:00,0.0,0.0,0.363,0.324,33.7,62,1001.3,6.5
JRB_IRL_04,2023-06-04 08:00:00+00:00,0.0,0.0,0.36,0.324,33.9,60,999.8,7.2
JRB_IRL_04,2023-06-04 09:00:00+00:00,0.0,0.0,0.357,0.323,33.7,61,998.5,7.3
JRB_IRL_04,2023-06-04 10:00:00+00:00,0.0,0.0,0.354,0.323,33.2,61,997.8,4.7
JRB_IRL_04,2023-06-04 11:00:00+00:00,0.0,0.0,0.352,0.323,32.3,69,998.0,4.2
JRB_IRL_04,2023-06-04 12:00:00+00:00,0.0,0.0,0.345,0.32,30.8,77,999.1,4.0
JRB_IRL_04,2023-06-04 13:00:00+00:00,0.0,0.0,0.345,0.32,29.4,78,999.5,7.6
JRB_IRL_04,2023-06-04 14:00:00+00:00,0.0,0.0,0.344,0.32,28.0,82,1000.1,6.1
JRB_IRL_04,2023-06-04 15:00:00+00:00,0.0,0.0,0.344,0.32,26.7,86,1000.8,5.0
JRB_IRL_04,2023-06-04 16:00:00+00:00,0.0,0.0,0.343,0.32,25.9,88,1001.5,3.1
JRB_IRL_04,2023-06-04 17:00:00+00:00,0.0,0.0,0.343,0.32,25.8,87,1001.8,2.0
JRB_IRL_04,2023-06-04 18:00:00+00:00,0.0,0.0,0.342,0.32,26.1,84,1001.8,1.8
JRB_IRL_04,2023-06-04 19:00:00+00:00,0.0,0.0,0.342,0.32,25.7,86,1001.4,3.9
JRB_IRL_04,2023-06-04 20:00:00+00:00,0.0,0.0,0.341,0.32,25.8,85,1000.9,6.1
JRB_IRL_04,2023-06-04 21:00:00+00:00,0.0,0.0,0.341,0.321,26.0,84,1000.6,4.6
JRB_IRL_04,2023-06-04 22:00:00+00:00,0.0,0.0,0.34,0.321,26.2,82,1000.5,3.2
JRB_IRL_04,2023-06-04 23:00:00+00:00,0.0,0.0,0.34,0.321,25.0,88,1000.6,3.2
JRB_IRL_04,2023-06-05 00:00:00+00:00,0.0,0.0,0.339,0.321,26.0,90,1001.3,4.0
JRB_IRL_04,2023-06-05 01:00:00+00:00,0.0,0.0,0.338,0.321,28.7,81,1001.8,1.6
JRB_IRL_04,2023-06-05 02:00:00+00:00,0.0,0.0,0.337,0.32,30.7,73,1002.0,1.8
JRB_IRL_04,2023-06-05 03:00:00+00:00,0.0,0.0,0.335,0.32,32.3,65,1001.7,2.6
JRB_IRL_04,2023-06-05 04:00:00+00:00,0.0,0.0,0.332,0.319,33.5,59,1001.5,4.8
JRB_IRL_04,2023-06-05 05:00:00+00:00,0.0,0.0,0.33,0.318,34.3,56,1000.9,6.4
JRB_IRL_04,2023-06-05 06:00:00+00:00,0.0,0.0,0.328,0.317,35.1,54,1000.3,6.6
JRB_IRL_04,2023-06-05 07:00:00+00:00,0.0,0.0,0.325,0.316,35.3,53,998.9,7.0
JRB_IRL_04,2023-06-05 08:00:00+00:00,0.0,0.0,0.323,0.316,35.4,52,997.4,6.1
JRB_IRL_04,2023-06-05 09:00:00+00:00,0.0,0.0,0.321,0.315,35.6,51,996.5,6.5
JRB_IRL_04,2023-06-05 10:00:00+00:00,0.0,0.0,0.319,0.314,34.7,54,996.0,6.0
JRB_IRL_04,2023-06-05 11:00:00+00:00,0.0,0.0,0.318,0.314,33.4,63,996.3,5.9
JRB_IRL_04,2023-06-05 12:00:00+00:00,0.0,0.0,0.315,0.311,32.0,68,997.3,4.6
JRB_IRL_04,2023-06-05 13:00:00+00:00,0.0,0.0,0.315,0.311,30.2,73,998.1,4.6
JRB_IRL_04,2023-06-05 14:00:00+00:00,0.0,0.0,0.315,0.311,29.5,78,999.2,5.5
JRB_IRL_04,2023-06-05 15:00:00+00:00,0.0,0.0,0.315,0.311,28.6,83,1000.0,1.9
JRB_IRL_04,2023-06-05 16:00:00+00:00,0.0,0.0,0.315,0.311,28.9,78,1000.8,3.8
JRB_IRL_04,2023-06-05 17:00:00+00:00,0.0,0.0,0.315,0.311,27.9,82,1000.8,2.8
JRB_IRL_04,2023-06-05 18:00:00+00:00,0.0,0.0,0.314,0.311,27.3,84,1000.4,3.3
JRB_IRL_04,2023-06-05 19:00:00+00:00,0.0,0.0,0.314,0.311,27.1,86,999.9,3.6
JRB_IRL_04,2023-06-05 20:00:00+00:00,0.0,0.0,0.314,0.311,27.4,81,999.4,3.3
JRB_IRL_04,2023-06-05 21:00:00+00:00,0.0,0.0,0.314,0.311,26.1,88,999.2,2.3
JRB_IRL_04,2023-06-05 22:00:00+00:00,0.0,0.0,0.314,0.311,26.3,85,999.2,2.9
JRB_IRL_04,2023-06-05 23:00:00+00:00,0.0,0.0,0.314,0.311,26.4,86,999.5,1.8
JRB_IRL_04,2023-06-06 00:00:00+00:00,0.0,0.0,0.314,0.311,28.3,78,999.7,2.1
JRB_IRL_04,2023-06-06 01:00:00+00:00,0.0,0.0,0.314,0.311,29.4,78,1000.1,1.9
JRB_IRL_04,2023-06-06 02:00:00+00:00,0.0,0.0,0.313,0.31,31.1,71,1000.6,1.8
JRB_IRL_04,2023-06-06 03:00:00+00:00,0.0,0.0,0.312,0.31,31.8,70,1000.8,3.4
JRB_IRL_04,2023-06-06 04:00:00+00:00,0.0,0.0,0.31,0.309,33.5,63,1000.8,5.3
JRB_IRL_04,2023-06-06 05:00:00+00:00,0.0,0.0,0.309,0.308,33.8,62,1000.4,6.6
JRB_IRL_04,2023-06-06 06:00:00+00:00,0.0,0.0,0.307,0.307,34.4,59,999.4,7.3
JRB_IRL_04,2023-06-06 07:00:00+00:00,0.0,0.0,0.305,0.307,34.2,60,998.3,3.9
JRB_IRL_04,2023-06-06 08:00:00+00:00,0.0,0.0,0.304,0.306,34.4,59,997.0,5.0
JRB_IRL_04,2023-06-06 09:00:00+00:00,0.0,0.0,0.302,0.305,34.7,58,996.1,4.7
JRB_IRL_04,2023-06-06 10:00:00+00:00,0.0,0.0,0.301,0.305,34.7,58,995.3,4.2
JRB_IRL_04,2023-06-06 11:00:00+00:00,0.0,0.0,0.3,0.304,33.6,66,995.2,3.7
JRB_IRL_04,2023-06-06 12:00:00+00:00,0.0,0.0,0.297,0.301,31.9,66,996.7,8.9
JRB_IRL_04,2023-06-06 13:00:00+00:00,0.0,0.0,0.296,0.301,30.3,66,997.3,13.4
JRB_IRL_04,2023-06-06 14:00:00+00:00,0.0,0.0,0.296,0.301,29.0,69,998.1,10.2
JRB_IRL_04,2023-06-06 15:00:00+00:00,0.0,0.0,0.296,0.301,28.8,72,999.0,5.9
JRB_IRL_04,2023-06-06 16:00:00+00:00,0.0,0.0,0.296,0.301,28.0,84,999.7,4.7
JRB_IRL_04,2023-06-06 17:00:00+00:00,0.0,0.0,0.296,0.301,27.8,78,999.6,3.9
JRB_IRL_04,2023-06-06 18:00:00+00:00,0.0,0.0,0.296,0.301,27.2,82,999.3,5.9
JRB_IRL_04,2023-06-06 19:00:00+00:00,0.0,0.0,0.296,0.301,26.5,86,998.8,6.0
JRB_IRL_04,2023-06-06 20:00:00+00:00,0.0,0.0,0.296,0.301,26.5,87,998.5,5.6
JRB_IRL_04,2023-06-06 21:00:00+00:00,0.0,0.0,0.296,0.301,26.3,89,998.4,2.6
JRB_IRL_04,2023-06-06 22:00:00+00:00,0.0,0.0,0.296,0.301,26.4,89,998.3,1.5
JRB_IRL_04,2023-06-06 23:00:00+00:00,0.0,0.0,0.296,0.301,26.4,89,998.3,3.9
JRB_IRL_04,2023-06-07 00:00:00+00:00,0.0,0.0,0.296,0.3,27.5,88,998.5,2.8
JRB_IRL_04,2023-06-07 01:00:00+00:00,0.0,0.0,0.296,0.3,29.1,84,999.1,1.1
JRB_IRL_04,2023-06-07 02:00:00+00:00,0.0,0.0,0.295,0.3,30.6,76,999.8,3.2
JRB_IRL_04,2023-06-07 03:00:00+00:00,0.0,0.0,0.294,0.299,32.7,66,1000.3,4.7
JRB_IRL_04,2023-06-07 04:00:00+00:00,0.0,0.0,0.293,0.299,34.3,57,999.8,5.5
JRB_IRL_04,2023-06-07 05:00:00+00:00,0.0,0.0,0.291,0.298,35.2,54,999.0,5.8
JRB_IRL_04,2023-06-07 06:00:00+00:00,0.0,0.0,0.289,0.297,36.3,51,997.7,8.1
JRB_IRL_04,2023-06-07 07:00:00+00:00,0.0,0.0,0.288,0.296,37.0,48,995.9,8.2
JRB_IRL_04,2023-06-07 08:00:00+00:00,0.0,0.0,0.286,0.295,36.6,50,995.1,8.3
JRB_IRL_04,2023-06-07 09:00:00+00:00,1.0,1.0,0.292,0.295,34.1,59,995.5,3.3
JRB_IRL_04,2023-06-07 10:00:00+00:00,6.8,6.8,0.373,0.295,29.0,90,995.7,12.9
JRB_IRL_04,2023-06-07 11:00:00+00:00,0.0,0.0,0.37,0.296,29.0,84,995.9,10.5
JRB_IRL_04,2023-06-07 12:00:00+00:00,0.0,0.0,0.357,0.292,29.2,100,997.1,0.5
JRB_IRL_04,2023-06-07 13:00:00+00:00,0.2,0.2,0.358,0.293,28.5,100,996.8,3.7
JRB_IRL_04,2023-06-07 14:00:00+00:00,0.0,0.0,0.356,0.293,28.4,97,997.3,5.4
JRB_IRL_04,2023-06-07 15:00:00+00:00,0.0,0.0,0.355,0.294,28.0,97,998.6,1.9
JRB_IRL_04,2023-06-07 16:00:00+00:00,0.0,0.0,0.353,0.294,28.0,97,999.3,5.2
JRB_IRL_04,2023-06-07 17:00:00+00:00,0.0,0.0,0.352,0.295,27.7,98,999.8,3.3
JRB_IRL_04,2023-06-07 18:00:00+00:00,0.0,0.0,0.351,0.295,27.2,99,999.3,0.8
JRB_IRL_04,2023-06-07 19:00:00+00:00,0.0,0.0,0.35,0.295,26.6,99,998.7,2.2
JRB_IRL_04,2023-06-07 20:00:00+00:00,0.0,0.0,0.348,0.296,26.8,98,998.2,4.7
JRB_IRL_04,2023-06-07 21:00:00+00:00,0.0,0.0,0.347,0.296,27.0,98,998.1,7.1
JRB_IRL_04,2023-06-07 22:00:00+00:00,0.0,0.0,0.346,0.297,27.0,97,998.2,3.7
JRB_IRL_04,2023-06-07 23:00:00+00:00,0.0,0.0,0.345,0.297,26.7,97,998.8,3.7
JRB_IRL_04,2023-06-08 00:00:00+00:00,0.0,0.0,0.348,0.297,26.7,99,999.1,4.0
JRB_IRL_04,2023-06-08 01:00:00+00:00,0.0,0.0,0.346,0.297,28.4,93,999.5,2.6
JRB_IRL_04,2023-06-08 02:00:00+00:00,0.0,0.0,0.345,0.297,29.8,89,999.8,2.4
JRB_IRL_04,2023-06-08 03:00:00+00:00,0.0,0.0,0.343,0.297,32.1,75,999.7,3.0
JRB_IRL_04,2023-06-08 04:00:00+00:00,0.0,0.0,0.34,0.297,34.3,63,999.3,3.3
JRB_IRL_04,2023-06-08 05:00:00+00:00,0.0,0.0,0.338,0.296,35.5,58,998.2,3.3
JRB_IRL_04,2023-06-08 06:00:00+00:00,0.0,0.0,0.335,0.296,36.7,53,997.2,5.8
JRB_IRL_04,2023-06-08 07:00:00+00:00,0.0,0.0,0.332,0.295,37.2,51,995.6,9.9
JRB_IRL_04,2023-06-08 08:00:00+00:00,2.9,2.9,0.356,0.295,32.6,72,995.4,6.6
JRB_IRL_04,2023-06-08 09:00:00+00:00,8.3,8.3,0.426,0.307,29.5,92,996.3,16.3
JRB_IRL_04,2023-06-08 10:00:00+00:00,1.0,1.0,0.421,0.312,27.3,100,995.7,5.0
JRB_IRL_04,2023-06-08 11:00:00+00:00,1.4,1.4,0.421,0.318,27.8,100,995.6,5.8
JRB_IRL_04,2023-06-08 12:00:00+00:00,0.1,0.1,0.411,0.321,28.5,91,995.4,6.0
JRB_IRL_04,2023-06-08 13:00:00+00:00,0.0,0.0,0.399,0.321,28.0,91,996.3,6.9
JRB_IRL_04,2023-06-08 14:00:00+00:00,4.1,4.1,0.42,0.33,27.2,97,997.6,3.6
JRB_IRL_04,2023-06-08 15:00:00+00:00,8.0,8.0,0.422,0.358,26.5,100,998.6,1.8
JRB_IRL_04,2023-06-08 16:00:00+00:00,2.1,2.1,0.435,0.364,26.3,100,998.9,0.5
JRB_IRL_04,2023-06-08 17:00:00+00:00,3.2,3.2,0.427,0.379,25.9,100,999.1,4.9
JRB_IRL_04,2023-06-08 18:00:00+00:00,0.1,0.1,0.419,0.381,25.8,100,998.7,2.6
JRB_IRL_04,2023-06-08 19:00:00+00:00,0.0,0.0,0.414,0.383,25.7,99,998.0,4.1
JRB_IRL_04,2023-06-08 20:00:00+00:00,0.0,0.0,0.41,0.383,25.6,98,997.2,3.0
JRB_IRL_04,2023-06-08 21:00:00+00:00,0.0,0.0,0.407,0.384,25.3,99,997.2,2.6
JRB_IRL_04,2023-06-08 22:00:00+00:00,0.0,0.0,0.404,0.384,25.0,100,996.8,1.3
JRB_IRL_04,2023-06-08 23:00:00+00:00,0.0,0.0,0.402,0.384,25.2,99,997.6,3.7
JRB_IRL_04,2023-06-09 00:00:00+00:00,0.0,0.0,0.401,0.384,25.4,98,998.1,3.8
JRB_IRL_04,2023-06-09 01:00:00+00:00,1.1,1.1,0.426,0.367,27.0,89,998.8,2.1
JRB_IRL_04,2023-06-09 02:00:00+00:00,0.7,0.7,0.422,0.371,27.5,92,998.7,1.3
JRB_IRL_04,2023-06-09 03:00:00+00:00,0.2,0.2,0.416,0.373,27.8,92,998.9,4.6
JRB_IRL_04,2023-06-09 04:00:00+00:00,0.0,0.0,0.411,0.375,28.9,86,998.8,4.7
JRB_IRL_04,2023-06-09 05:00:00+00:00,0.1,0.1,0.407,0.375,30.6,78,998.1,5.5
JRB_IRL_04,2023-06-09 06:00:00+00:00,0.1,0.1,0.403,0.375,32.0,73,996.7,4.9
JRB_IRL_04,2023-06-09 07:00:00+00:00,0.1,0.1,0.399,0.375,32.7,71,995.0,6.8
JRB_IRL_04,2023-06-09 08:00:00+00:00,0.2,0.2,0.397,0.374,31.6,75,994.8,4.3
JRB_IRL_04,2023-06-09 09:00:00+00:00,2.8,2.8,0.418,0.375,29.1,87,994.7,2.8
JRB_IRL_04,2023-06-09 10:00:00+00:00,3.1,3.1,0.429,0.382,27.0,100,994.9,7.9
JRB_IRL_04,2023-06-09 11:00:00+00:00,2.4,2.4,0.438,0.39,26.3,100,994.9,6.0
JRB_IRL_04,2023-06-09 12:00:00+00:00,0.2,0.2,0.425,0.394,26.6,94,995.6,3.6
JRB_IRL_04,2023-06-09 13:00:00+00:00,0.1,0.1,0.424,0.419,26.5,100,996.2,4.3
JRB_IRL_04,2023-06-09 14:00:00+00:00,0.0,0.0,0.421,0.418,26.6,97,997.2,6.3
JRB_IRL_04,2023-06-09 15:00:00+00:00,0.0,0.0,0.419,0.416,25.8,100,998.0,2.2
JRB_IRL_04,2023-06-09 16:00:00+00:00,2.3,2.3,0.439,0.416,25.6,100,998.7,6.6
JRB_IRL_04,2023-06-09 17:00:00+00:00,0.5,0.5,0.429,0.419,25.3,100,998.4,1.3
JRB_IRL_04,2023-06-09 18:00:00+00:00,2.4,2.4,0.436,0.425,24.9,100,997.9,2.2
JRB_IRL_04,2023-06-09 19:00:00+00:00,1.4,1.4,0.436,0.428,24.8,100,997.2,3.9
JRB_IRL_04,2023-06-09 20:00:00+00:00,4.0,4.0,0.439,0.435,24.6,100,997.0,0.8
JRB_IRL_04,2023-06-09 21:00:00+00:00,0.4,0.4,0.432,0.432,24.6,100,996.5,2.6
JRB_IRL_04,2023-06-09 22:00:00+00:00,3.3,3.3,0.439,0.437,24.4,100,996.9,3.4
JRB_IRL_04,2023-06-09 23:00:00+00:00,5.9,5.9,0.439,0.439,24.4,100,997.3,4.1
JRB_IRL_04,2023-06-10 00:00:00+00:00,6.1,6.1,0.437,0.438,24.9,100,997.4,3.4
JRB_IRL_04,2023-06-10 01:00:00+00:00,0.8,0.8,0.436,0.433,25.3,100,998.0,3.8
JRB_IRL_04,2023-06-10 02:00:00+00:00,0.4,0.4,0.432,0.43,26.5,95,998.0,2.3
JRB_IRL_04,2023-06-10 03:00:00+00:00,0.1,0.1,0.427,0.428,28.4,87,998.0,3.8
JRB_IRL_04,2023-06-10 04:00:00+00:00,0.0,0.0,0.423,0.425,30.2,79,997.7,2.9
JRB_IRL_04,2023-06-10 05:00:00+00:00,0.2,0.2,0.42,0.423,32.0,70,996.5,3.0
JRB_IRL_04,2023-06-10 06:00:00+00:00,0.1,0.1,0.417,0.42,33.1,65,995.3,3.4
JRB_IRL_04,2023-06-10 07:00:00+00:00,0.1,0.1,0.414,0.418,33.1,66,994.3,1.5
JRB_IRL_04,2023-06-10 08:00:00+00:00,0.2,0.2,0.412,0.416,32.6,70,993.8,4.5
JRB_IRL_04,2023-06-10 09:00:00+00:00,0.1,0.1,0.409,0.414,31.2,76,993.5,2.4
JRB_IRL_04,2023-06-10 10:00:00+00:00,0.0,0.0,0.407,0.412,30.8,78,993.3,0.5
JRB_IRL_04,2023-06-10 11:00:00+00:00,0.2,0.2,0.407,0.411,29.4,84,993.8,10.6
JRB_IRL_04,2023-06-10 12:00:00+00:00,0.4,0.4,0.435,0.434,25.8,100,996.3,2.6
JRB_IRL_04,2023-06-10 13:00:00+00:00,0.3,0.3,0.432,0.431,25.6,100,997.2,4.7
JRB_IRL_04,2023-06-10 14:00:00+00:00,0.1,0.1,0.429,0.429,25.4,100,997.9,4.9
JRB_IRL_04,2023-06-10 15:00:00+00:00,1.0,1.0,0.434,0.428,25.0,100,998.3,4.5
JRB_IRL_04,2023-06-10 16:00:00+00:00,0.1,0.1,0.429,0.427,25.2,97,998.4,4.0
JRB_IRL_04,2023-06-10 17:00:00+00:00,0.0,0.0,0.425,0.426,24.6,98,998.3,4.2
JRB_IRL_04,2023-06-10 18:00:00+00:00,0.0,0.0,0.422,0.424,24.7,97,997.6,2.3
JRB_IRL_04,2023-06-10 19:00:00+00:00,0.0,0.0,0.42,0.423,25.2,96,996.7,1.5
JRB_IRL_04,2023-06-10 20:00:00+00:00,0.0,0.0,0.418,0.421,25.1,97,996.2,2.2
JRB_IRL_04,2023-06-10 21:00:00+00:00,0.0,0.0,0.416,0.42,25.2,97,996.3,1.8
JRB_IRL_04,2023-06-10 22:00:00+00:00,0.0,0.0,0.414,0.419,25.0,97,996.4,2.0
JRB_IRL_04,2023-06-10 23:00:00+00:00,0.1,0.1,0.413,0.417,25.0,98,996.8,3.0
JRB_IRL_04,2023-06-11 00:00:00+00:00,0.9,0.9,0.433,0.433,25.1,100,997.7,3.0
JRB_IRL_04,2023-06-11 01:00:00+00:00,0.3,0.3,0.431,0.431,25.8,100,998.2,1.8
JRB_IRL_04,2023-06-11 02:00:00+00:00,0.6,0.6,0.431,0.429,26.3,100,998.4,4.0
JRB_IRL_04,2023-06-11 03:00:00+00:00,1.4,1.4,0.431,0.431,26.4,96,998.5,4.7
JRB_IRL_04,2023-06-11 04:00:00+00:00,0.4,0.4,0.429,0.429,27.1,94,998.2,4.3
JRB_IRL_04,2023-06-11 05:00:00+00:00,0.1,0.1,0.426,0.428,29.2,78,997.9,4.7
JRB_IRL_04,2023-06-11 06:00:00+00:00,0.1,0.1,0.422,0.426,29.8,75,996.9,7.2
JRB_IRL_04,2023-06-11 07:00:00+00:00,0.9,0.9,0.424,0.424,29.7,76,996.3,9.0
JRB_IRL_04,2023-06-11 08:00:00+00:00,2.3,2.3,0.434,0.426,26.8,100,996.0,4.1
JRB_IRL_04,2023-06-11 09:00:00+00:00,3.2,3.2,0.437,0.432,28.2,100,995.3,1.8
JRB_IRL_04,2023-06-11 10:00:00+00:00,7.3,7.3,0.439,0.439,25.9,100,994.9,9.0
JRB_IRL_04,2023-06-11 11:00:00+00:00,8.8,8.8,0.439,0.438,25.6,100,995.1,6.1
JRB_IRL_04,2023-06-11 12:00:00+00:00,3.2,3.2,0.418,0.42,26.1,90,996.6,6.6
JRB_IRL_04,2023-06-11 13:00:00+00:00,0.0,0.0,0.416,0.419,25.9,90,997.0,6.5
JRB_IRL_04,2023-06-11 14:00:00+00:00,0.0,0.0,0.414,0.418,25.8,89,997.5,5.2
JRB_IRL_04,2023-06-11 15:00:00+00:00,0.0,0.0,0.412,0.418,25.7,88,998.2,3.9
JRB_IRL_04,2023-06-11 16:00:00+00:00,0.0,0.0,0.411,0.417,25.2,92,998.9,2.9
JRB_IRL_04,2023-06-11 17:00:00+00:00,0.0,0.0,0.41,0.416,25.2,92,999.0,1.5
JRB_IRL_04,2023-06-11 18:00:00+00:00,0.0,0.0,0.408,0.415,24.9,96,998.3,1.3
JRB_IRL_04,2023-06-11 19:00:00+00:00,0.0,0.0,0.408,0.415,24.5,98,997.4,1.5
JRB_IRL_04,2023-06-11 20:00:00+00:00,0.8,0.8,0.412,0.414,24.5,97,997.2,1.8
JRB_IRL_04,2023-06-11 21:00:00+00:00,0.4,0.4,0.413,0.413,24.5,96,997.1,4.7
JRB_IRL_04,2023-06-11 22:00:00+00:00,3.8,3.8,0.435,0.421,24.0,100,997.5,6.7
JRB_IRL_04,2023-06-11 23:00:00+00:00,0.5,0.5,0.431,0.423,23.8,98,997.5,5.8
JRB_IRL_04,2023-06-12 00:00:00+00:00,0.0,0.0,0.427,0.435,24.8,97,998.4,3.7
JRB_IRL_04,2023-06-12 01:00:00+00:00,0.0,0.0,0.424,0.432,25.7,95,998.8,3.2
JRB_IRL_04,2023-06-12 02:00:00+00:00,0.0,0.0,0.421,0.43,26.6,91,999.2,2.8
JRB_IRL_04,2023-06-12 03:00:00+00:00,0.0,0.0,0.418,0.428,28.1,84,999.5,3.7
JRB_IRL_04,2023-06-12 04:00:00+00:00,0.0,0.0,0.415,0.426,29.3,77,999.4,3.1
JRB_IRL_04,2023-06-12 05:00:00+00:00,0.0,0.0,0.413,0.424,30.4,73,998.6,5.1
JRB_IRL_04,2023-06-12 06:00:00+00:00,0.0,0.0,0.41,0.422,30.8,72,997.8,5.2
JRB_IRL_04,2023-06-12 07:00:00+00:00,0.0,0.0,0.408,0.42,30.5,75,997.1,8.6
JRB_IRL_04,2023-06-12 08:00:00+00:00,0.0,0.0,0.405,0.419,31.2,72,996.0,7.8
JRB_IRL_04,2023-06-12 09:00:00+00:00,0.0,0.0,0.403,0.417,31.3,71,995.1,5.2
JRB_IRL_04,2023-06-12 10:00:00+00:00,0.0,0.0,0.401,0.415,31.0,72,994.6,4.5
JRB_IRL_04,2023-06-12 11:00:00+00:00,0.0,0.0,0.4,0.414,30.5,76,994.7,2.7
JRB_IRL_04,2023-06-12 12:00:00+00:00,0.0,0.0,0.406,0.415,28.1,89,995.7,5.9
JRB_IRL_04,2023-06-12 13:00:00+00:00,0.1,0.1,0.405,0.414,27.3,93,996.2,4.2
JRB_IRL_04,2023-06-12 14:00:00+00:00,0.0,0.0,0.404,0.414,26.3,97,997.4,4.8
JRB_IRL_04,2023-06-12 15:00:00+00:00,0.0,0.0,0.404,0.413,26.3,97,997.8,4.1
JRB_IRL_04,2023-06-12 16:00:00+00:00,0.0,0.0,0.403,0.413,25.9,98,998.2,4.0
JRB_IRL_04,2023-06-12 17:00:00+00:00,0.0,0.0,0.402,0.412,25.3,98,998.3,1.8
JRB_IRL_04,2023-06-12 18:00:00+00:00,0.0,0.0,0.401,0.411,25.4,98,998.1,1.5
JRB_IRL_04,2023-06-12 19:00:00+00:00,0.7,0.7,0.406,0.411,25.2,97,997.7,4.3
JRB_IRL_04,2023-06-12 20:00:00+00:00,0.4,0.4,0.407,0.411,25.0,99,997.1,4.4
JRB_IRL_04,2023-06-12 21:00:00+00:00,0.0,0.0,0.406,0.41,24.6,99,996.9,3.6
JRB_IRL_04,2023-06-12 22:00:00+00:00,0.1,0.1,0.405,0.41,24.6,99,997.0,3.2
JRB_IRL_04,2023-06-12 23:00:00+00:00,0.2,0.2,0.405,0.41,24.6,99,997.3,3.1
JRB_IRL_04,2023-06-13 00:00:00+00:00,0.2,0.2,0.411,0.415,24.9,100,998.1,5.4
JRB_IRL_04,2023-06-13 01:00:00+00:00,4.3,4.3,0.435,0.423,24.3,100,998.5,4.1
JRB_IRL_04,2023-06-13 02:00:00+00:00,0.1,0.1,0.429,0.424,26.5,93,998.8,1.3
JRB_IRL_04,2023-06-13 03:00:00+00:00,0.1,0.1,0.425,0.424,28.0,90,999.0,0.4
JRB_IRL_04,2023-06-13 04:00:00+00:00,0.0,0.0,0.421,0.423,29.2,80,998.4,2.5
JRB_IRL_04,2023-06-13 05:00:00+00:00,0.0,0.0,0.418,0.421,30.6,72,997.6,4.3
JRB_IRL_04,2023-06-13 06:00:00+00:00,0.2,0.2,0.416,0.42,31.8,68,997.1,5.4
JRB_IRL_04,2023-06-13 07:00:00+00:00,0.2,0.2,0.413,0.419,32.1,66,995.3,7.2
JRB_IRL_04,2023-06-13 08:00:00+00:00,0.0,0.0,0.41,0.417,32.3,65,994.3,6.1
JRB_IRL_04,2023-06-13 09:00:00+00:00,0.0,0.0,0.407,0.416,32.4,66,993.1,6.2
JRB_IRL_04,2023-06-13 10:00:00+00:00,0.0,0.0,0.405,0.415,32.2,68,992.7,5.2
JRB_IRL_04,2023-06-13 11:00:00+00:00,0.0,0.0,0.403,0.414,31.7,71,992.8,2.9
JRB_IRL_04,2023-06-13 12:00:00+00:00,0.0,0.0,0.386,0.403,29.6,85,994.0,2.8
JRB_IRL_04,2023-06-13 13:00:00+00:00,0.0,0.0,0.386,0.403,28.4,90,994.8,1.8
JRB_IRL_04,2023-06-13 14:00:00+00:00,1.3,1.3,0.395,0.402,26.0,94,997.0,17.2
JRB_IRL_04,2023-06-13 15:00:00+00:00,3.9,3.9,0.434,0.406,25.5,100,997.7,6.2
JRB_IRL_04,2023-06-13 16:00:00+00:00,1.8,1.8,0.435,0.413,25.4,100,998.4,3.4
JRB_IRL_04,2023-06-13 17:00:00+00:00,2.3,2.3,0.436,0.42,25.2,100,998.8,3.7
JRB_IRL_04,2023-06-13 18:00:00+00:00,0.3,0.3,0.429,0.422,25.1,98,997.9,6.6
JRB_IRL_04,2023-06-13 19:00:00+00:00,0.1,0.1,0.426,0.422,24.9,99,997.3,6.6
JRB_IRL_04,2023-06-13 20:00:00+00:00,0.0,0.0,0.423,0.422,24.6,98,996.6,5.2
JRB_IRL_04,2023-06-13 21:00:00+00:00,0.0,0.0,0.42,0.421,24.4,98,996.1,3.4
JRB_IRL_04,2023-06-13 22:00:00+00:00,0.0,0.0,0.418,0.421,24.3,98,996.3,3.3
JRB_IRL_04,2023-06-13 23:00:00+00:00,0.0,0.0,0.416,0.42,24.2,99,996.5,5.1
JRB_IRL_04,2023-06-14 00:00:00+00:00,0.0,0.0,0.422,0.429,24.9,98,997.9,2.1
JRB_IRL_04,2023-06-14 01:00:00+00:00,0.9,0.9,0.428,0.428,24.9,100,999.2,4.4
JRB_IRL_04,2023-06-14 02:00:00+00:00,0.5,0.5,0.428,0.428,25.7,96,999.1,2.7
JRB_IRL_04,2023-06-14 03:00:00+00:00,0.1,0.1,0.425,0.427,27.3,88,999.0,3.1
JRB_IRL_04,2023-06-14 04:00:00+00:00,0.0,0.0,0.422,0.426,29.7,76,998.2,3.1
JRB_IRL_04,2023-06-14 05:00:00+00:00,0.2,0.2,0.42,0.425,31.0,72,997.8,5.2
JRB_IRL_04,2023-06-14 06:00:00+00:00,7.7,7.7,0.439,0.436,28.3,88,997.8,6.1
JRB_IRL_04,2023-06-14 07:00:00+00:00,1.7,1.7,0.433,0.436,27.4,92,997.1,9.7
JRB_IRL_04,2023-06-14 08:00:00+00:00,0.1,0.1,0.427,0.434,27.7,90,996.3,7.6
JRB_IRL_04,2023-06-14 09:00:00+00:00,0.2,0.2,0.425,0.432,28.5,85,995.9,4.8
JRB_IRL_04,2023-06-14 10:00:00+00:00,0.0,0.0,0.421,0.43,28.3,87,995.0,4.0
JRB_IRL_04,2023-06-14 11:00:00+00:00,0.1,0.1,0.419,0.429,28.2,90,995.2,4.7
JRB_IRL_04,2023-06-14 12:00:00+00:00,1.7,1.7,0.418,0.429,27.1,94,996.4,1.8
JRB_IRL_04,2023-06-14 13:00:00+00:00,0.0,0.0,0.416,0.428,26.0,99,996.9,5.0
JRB_IRL_04,2023-06-14 14:00:00+00:00,0.0,0.0,0.414,0.427,25.4,100,998.1,4.7
JRB_IRL_04,2023-06-14 15:00:00+00:00,0.0,0.0,0.413,0.426,25.3,99,998.3,4.8
JRB_IRL_04,2023-06-14 16:00:00+00:00,0.0,0.0,0.412,0.425,25.0,98,998.8,1.5
JRB_IRL_04,2023-06-14 17:00:00+00:00,0.0,0.0,0.411,0.424,24.8,98,998.9,0.8
JRB_IRL_04,2023-06-14 18:00:00+00:00,0.0,0.0,0.41,0.423,24.7,99,998.5,1.5
JRB_IRL_04,2023-06-14 19:00:00+00:00,0.0,0.0,0.409,0.422,24.7,99,997.9,1.1
JRB_IRL_04,2023-06-14 20:00:00+00:00,0.0,0.0,0.408,0.421,24.7,99,997.0,2.8
JRB_IRL_04,2023-06-14 21:00:00+00:00,0.0,0.0,0.407,0.421,24.3,98,996.7,0.5
JRB_IRL_04,2023-06-14 22:00:00+00:00,0.0,0.0,0.406,0.42,24.2,98,997.2,1.1
JRB_IRL_04,2023-06-14 23:00:00+00:00,0.0,0.0,0.405,0.419,24.3,99,998.2,1.8
JRB_IRL_04,2023-06-15 00:00:00+00:00,0.0,0.0,0.41,0.421,25.2,93,998.2,8.2
JRB_IRL_04,2023-06-15 01:00:00+00:00,0.7,0.7,0.414,0.42,27.0,92,999.5,2.4
JRB_IRL_04,2023-06-15 02:00:00+00:00,4.8,4.8,0.437,0.43,26.0,100,999.6,6.1
JRB_IRL_04,2023-06-15 03:00:00+00:00,0.5,0.5,0.432,0.431,27.0,93,999.4,4.7
JRB_IRL_04,2023-06-15 04:00:00+00:00,0.7,0.7,0.432,0.431,28.3,88,998.9,7.0
JRB_IRL_04,2023-06-15 05:00:00+00:00,0.2,0.2,0.428,0.43,29.4,82,999.1,7.7
JRB_IRL_04,2023-06-15 06:00:00+00:00,0.1,0.1,0.424,0.429,30.5,76,998.9,7.1
JRB_IRL_04,2023-06-15 07:00:00+00:00,0.6,0.6,0.424,0.428,29.0,82,998.6,6.3
JRB_IRL_04,2023-06-15 08:00:00+00:00,1.0,1.0,0.427,0.427,28.6,86,997.7,2.3
JRB_IRL_04,2023-06-15 09:00:00+00:00,0.5,0.5,0.427,0.427,28.4,87,996.6,6.5
JRB_IRL_04,2023-06-15 10:00:00+00:00,0.0,0.0,0.423,0.426,28.2,88,996.1,6.4
JRB_IRL_04,2023-06-15 11:00:00+00:00,0.0,0.0,0.42,0.425,28.5,87,996.1,3.1
JRB_IRL_04,2023-06-15 12:00:00+00:00,0.0,0.0,0.427,0.426,25.6,98,998.5,5.0
JRB_IRL_04,2023-06-15 13:00:00+00:00,0.1,0.1,0.424,0.426,25.4,99,999.0,1.9
JRB_IRL_04,2023-06-15 14:00:00+00:00,0.3,0.3,0.425,0.426,25.4,100,999.3,2.1
JRB_IRL_04,2023-06-15 15:00:00+00:00,0.0,0.0,0.422,0.425,25.4,99,999.8,4.6
JRB_IRL_04,2023-06-15 16:00:00+00:00,0.0,0.0,0.42,0.425,25.3,98,1000.2,4.2
JRB_IRL_04,2023-06-15 17:00:00+00:00,0.0,0.0,0.417,0.424,25.1,99,999.7,3.4
JRB_IRL_04,2023-06-15 18:00:00+00:00,0.0,0.0,0.415,0.424,24.8,99,998.6,2.7
JRB_IRL_04,2023-06-15 19:00:00+00:00,0.0,0.0,0.414,0.423,24.3,100,997.9,0.8
JRB_IRL_04,2023-06-15 20:00:00+00:00,0.0,0.0,0.412,0.422,24.5,100,997.5,2.6
JRB_IRL_04,2023-06-15 21:00:00+00:00,0.0,0.0,0.411,0.422,24.5,99,997.5,1.3
JRB_IRL_04,2023-06-15 22:00:00+00:00,0.2,0.2,0.412,0.421,24.2,100,997.7,1.1
JRB_IRL_04,2023-06-15 23:00:00+00:00,0.8,0.8,0.421,0.421,24.1,100,997.7,6.4
JRB_IRL_04,2023-06-16 00:00:00+00:00,0.8,0.8,0.419,0.421,24.4,98,1000.5,5.4
JRB_IRL_04,2023-06-16 01:00:00+00:00,1.0,1.0,0.429,0.421,24.4,100,1000.8,2.8
JRB_IRL_04,2023-06-16 02:00:00+00:00,1.9,1.9,0.436,0.426,27.4,99,1000.9,1.5
JRB_IRL_04,2023-06-16 03:00:00+00:00,1.3,1.3,0.439,0.428,26.2,100,1001.5,1.9
JRB_IRL_04,2023-06-16 04:00:00+00:00,3.2,3.2,0.436,0.437,25.4,97,1001.0,6.5
JRB_IRL_04,2023-06-16 05:00:00+00:00,0.0,0.0,0.429,0.435,27.4,86,999.6,4.3
JRB_IRL_04,2023-06-16 06:00:00+00:00,0.0,0.0,0.424,0.433,29.9,77,998.8,6.1
JRB_IRL_04,2023-06-16 07:00:00+00:00,0.0,0.0,0.42,0.431,29.5,78,997.8,7.3
JRB_IRL_04,2023-06-16 08:00:00+00:00,0.0,0.0,0.416,0.429,31.1,72,997.1,4.4
JRB_IRL_04,2023-06-16 09:00:00+00:00,0.9,0.9,0.42,0.428,29.6,82,996.6,6.9
JRB_IRL_04,2023-06-16 10:00:00+00:00,0.7,0.7,0.422,0.427,28.2,91,995.8,4.5
JRB_IRL_04,2023-06-16 11:00:00+00:00,0.1,0.1,0.42,0.427,28.0,92,996.4,3.9
JRB_IRL_04,2023-06-16 12:00:00+00:00,0.0,0.0,0.426,0.424,26.2,95,999.0,2.2
JRB_IRL_04,2023-06-16 13:00:00+00:00,0.0,0.0,0.423,0.424,25.8,97,999.3,3.6
JRB_IRL_04,2023-06-16 14:00:00+00:00,0.0,0.0,0.421,0.424,25.4,98,1000.1,5.6
JRB_IRL_04,2023-06-16 15:00:00+00:00,0.0,0.0,0.418,0.423,25.4,97,1000.7,5.9
JRB_IRL_04,2023-06-16 16:00:00+00:00,0.0,0.0,0.416,0.423,25.4,95,1000.5,4.7
JRB_IRL_04,2023-06-16 17:00:00+00:00,0.0,0.0,0.414,0.422,25.5,94,1000.4,2.6
JRB_IRL_04,2023-06-16 18:00:00+00:00,0.0,0.0,0.413,0.422,24.9,97,999.7,1.5
JRB_IRL_04,2023-06-16 19:00:00+00:00,0.0,0.0,0.412,0.421,24.7,98,998.9,1.5
JRB_IRL_04,2023-06-16 20:00:00+00:00,0.0,0.0,0.41,0.421,24.6,98,998.7,2.3
JRB_IRL_04,2023-06-16 21:00:00+00:00,0.0,0.0,0.409,0.42,24.5,98,998.8,2.2
JRB_IRL_04,2023-06-16 22:00:00+00:00,0.0,0.0,0.408,0.42,24.6,98,998.9,2.5
JRB_IRL_04,2023-06-16 23:00:00+00:00,0.0,0.0,0.407,0.419,24.5,96,999.4,4.3
JRB_IRL_04,2023-06-17 00:00:00+00:00,0.0,0.0,0.414,0.42,25.2,96,1000.8,4.5
JRB_IRL_04,2023-06-17 01:00:00+00:00,1.8,1.8,0.435,0.42,25.3,100,1001.8,2.9
JRB_IRL_04,2023-06-17 02:00:00+00:00,3.0,3.0,0.435,0.432,25.5,100,1002.3,1.1
JRB_IRL_04,2023-06-17 03:00:00+00:00,1.8,1.8,0.436,0.436,25.9,100,1002.1,4.0
JRB_IRL_04,2023-06-17 04:00:00+00:00,0.5,0.5,0.432,0.435,26.6,93,1002.0,4.8
JRB_IRL_04,2023-06-17 05:00:00+00:00,0.0,0.0,0.427,0.434,27.3,88,1001.7,6.7
JRB_IRL_04,2023-06-17 06:00:00+00:00,0.3,0.3,0.424,0.432,27.0,89,1001.5,10.2
JRB_IRL_04,2023-06-17 07:00:00+00:00,0.9,0.9,0.427,0.431,28.0,85,1000.3,1.5
JRB_IRL_04,2023-06-17 08:00:00+00:00,0.1,0.1,0.423,0.43,29.0,83,999.3,1.3
JRB_IRL_04,2023-06-17 09:00:00+00:00,0.1,0.1,0.42,0.429,29.9,78,998.3,4.3
JRB_IRL_04,2023-06-17 10:00:00+00:00,0.3,0.3,0.419,0.428,28.5,85,997.3,1.5
JRB_IRL_04,2023-06-17 11:00:00+00:00,0.2,0.2,0.418,0.427,28.1,89,997.7,5.6
JRB_IRL_04,2023-06-17 12:00:00+00:00,0.9,0.9,0.424,0.431,24.6,99,1000.9,6.1
JRB_IRL_04,2023-06-17 13:00:00+00:00,0.0,0.0,0.421,0.431,24.5,98,1001.5,5.4
JRB_IRL_04,2023-06-17 14:00:00+00:00,0.0,0.0,0.419,0.43,24.4,98,1002.4,4.9
JRB_IRL_04,2023-06-17 15:00:00+00:00,0.0,0.0,0.417,0.429,24.7,95,1002.9,5.5
JRB_IRL_04,2023-06-17 16:00:00+00:00,0.0,0.0,0.415,0.428,24.2,96,1003.0,3.1
JRB_IRL_04,2023-06-17 17:00:00+00:00,0.0,0.0,0.414,0.427,24.4,96,1003.0,2.2
JRB_IRL_04,2023-06-17 18:00:00+00:00,0.0,0.0,0.412,0.426,24.1,97,1002.5,1.3
JRB_IRL_04,2023-06-17 19:00:00+00:00,0.0,0.0,0.411,0.425,23.9,99,1001.7,4.0
JRB_IRL_04,2023-06-17 20:00:00+00:00,0.0,0.0,0.41,0.424,23.6,99,1001.4,2.5
JRB_IRL_04,2023-06-17 21:00:00+00:00,0.0,0.0,0.409,0.424,23.8,98,1000.6,3.9
JRB_IRL_04,2023-06-17 22:00:00+00:00,0.0,0.0,0.408,0.423,23.8,98,1000.4,4.1
JRB_IRL_04,2023-06-17 23:00:00+00:00,0.0,0.0,0.408,0.422,23.4,98,1001.2,1.9
JRB_IRL_04,2023-06-18 00:00:00+00:00,0.0,0.0,0.408,0.423,25.1,92,1003.0,2.7
JRB_IRL_04,2023-06-18 01:00:00+00:00,0.0,0.0,0.407,0.422,26.3,92,1003.4,3.1
JRB_IRL_04,2023-06-18 02:00:00+00:00,0.0,0.0,0.406,0.421,27.0,90,1003.9,2.9
JRB_IRL_04,2023-06-18 03:00:00+00:00,0.0,0.0,0.405,0.42,28.1,84,1003.6,2.9
JRB_IRL_04,2023-06-18 04:00:00+00:00,0.3,0.3,0.406,0.419,29.2,79,1003.2,1.6
JRB_IRL_04,2023-06-18 05:00:00+00:00,0.1,0.1,0.405,0.418,30.7,71,1002.1,1.3
JRB_IRL_04,2023-06-18 06:00:00+00:00,0.1,0.1,0.403,0.417,31.7,67,1001.2,4.2
JRB_IRL_04,2023-06-18 07:00:00+00:00,0.1,0.1,0.401,0.416,32.7,63,1000.0,5.5
JRB_IRL_04,2023-06-18 08:00:00+00:00,0.3,0.3,0.401,0.414,32.6,65,998.7,7.8
JRB_IRL_04,2023-06-18 09:00:00+00:00,0.3,0.3,0.401,0.413,30.9,74,998.1,1.0
JRB_IRL_04,2023-06-18 10:00:00+00:00,3.4,3.4,0.432,0.413,28.4,87,998.2,10.4
JRB_IRL_04,2023-06-18 11:00:00+00:00,0.1,0.1,0.426,0.415,26.9,94,998.3,8.4
JRB_IRL_04,2023-06-18 12:00:00+00:00,0.0,0.0,0.421,0.417,26.9,92,1000.6,3.9
JRB_IRL_04,2023-06-18 13:00:00+00:00,0.6,0.6,0.425,0.417,25.8,100,1001.8,2.1
JRB_IRL_04,2023-06-18 14:00:00+00:00,0.8,0.8,0.428,0.419,25.3,99,1002.7,3.9
JRB_IRL_04,2023-06-18 15:00:00+00:00,0.0,0.0,0.424,0.42,24.8,100,1003.2,2.5
JRB_IRL_04,2023-06-18 16:00:00+00:00,0.1,0.1,0.422,0.42,24.9,100,1003.2,1.9
JRB_IRL_04,2023-06-18 17:00:00+00:00,0.0,0.0,0.42,0.42,24.8,100,1002.8,2.5
JRB_IRL_04,2023-06-18 18:00:00+00:00,0.0,0.0,0.417,0.42,25.1,96,1002.2,2.5
JRB_IRL_04,2023-06-18 19:00:00+00:00,0.0,0.0,0.416,0.42,25.1,96,1001.4,1.8
JRB_IRL_04,2023-06-18 20:00:00+00:00,0.0,0.0,0.414,0.419,24.6,98,1000.5,1.9
JRB_IRL_04,2023-06-18 21:00:00+00:00,0.0,0.0,0.412,0.419,24.2,98,1000.3,2.7
JRB_IRL_04,2023-06-18 22:00:00+00:00,0.0,0.0,0.411,0.419,24.6,97,1000.8,0.8
JRB_IRL_04,2023-06-18 23:00:00+00:00,0.0,0.0,0.41,0.419,24.3,97,1001.1,1.3
JRB_IRL_04,2023-06-19 00:00:00+00:00,0.1,0.1,0.419,0.423,24.6,97,1002.0,0.7
JRB_IRL_04,2023-06-19 01:00:00+00:00,0.1,0.1,0.418,0.423,25.5,96,1002.7,2.2
JRB_IRL_04,2023-06-19 02:00:00+00:00,0.1,0.1,0.416,0.422,26.1,93,1003.0,3.7
JRB_IRL_04,2023-06-19 03:00:00+00:00,0.0,0.0,0.415,0.422,26.7,89,1003.2,4.6
JRB_IRL_04,2023-06-19 04:00:00+00:00,0.0,0.0,0.413,0.421,27.1,89,1003.3,3.1
JRB_IRL_04,2023-06-19 05:00:00+00:00,0.0,0.0,0.411,0.421,27.5,86,1002.4,4.6
JRB_IRL_04,2023-06-19 06:00:00+00:00,0.0,0.0,0.41,0.42,28.0,83,1000.9,3.4
JRB_IRL_04,2023-06-19 07:00:00+00:00,0.0,0.0,0.407,0.419,29.9,74,1000.0,3.1
JRB_IRL_04,2023-06-19 08:00:00+00:00,0.0,0.0,0.406,0.418,29.5,77,998.8,3.2
JRB_IRL_04,2023-06-19 09:00:00+00:00,0.0,0.0,0.404,0.417,30.1,76,998.5,3.3
JRB_IRL_04,2023-06-19 10:00:00+00:00,0.0,0.0,0.402,0.416,30.9,72,997.6,3.0
JRB_IRL_04,2023-06-19 11:00:00+00:00,0.9,0.9,0.407,0.415,29.3,86,997.7,4.0
JRB_IRL_04,2023-06-19 12:00:00+00:00,3.1,3.1,0.432,0.43,25.4,99,1001.0,3.7
JRB_IRL_04,2023-06-19 13:00:00+00:00,0.1,0.1,0.429,0.43,25.1,100,1001.2,1.5
JRB_IRL_04,2023-06-19 14:00:00+00:00,0.0,0.0,0.425,0.43,24.9,99,1001.6,3.4
JRB_IRL_04,2023-06-19 15:00:00+00:00,0.0,0.0,0.422,0.429,24.7,99,1001.7,2.0
JRB_IRL_04,2023-06-19 16:00:00+00:00,0.0,0.0,0.42,0.428,24.6,99,1001.9,3.8
JRB_IRL_04,2023-06-19 17:00:00+00:00,0.0,0.0,0.417,0.428,24.6,98,1001.9,4.7
JRB_IRL_04,2023-06-19 18:00:00+00:00,0.0,0.0,0.416,0.427,24.3,98,1001.3,4.1
JRB_IRL_04,2023-06-19 19:00:00+00:00,0.0,0.0,0.414,0.426,24.2,98,1000.8,0.7
JRB_IRL_04,2023-06-19 20:00:00+00:00,0.0,0.0,0.413,0.425,24.2,98,1000.4,1.5
JRB_IRL_04,2023-06-19 21:00:00+00:00,0.0,0.0,0.411,0.425,24.0,99,1000.2,2.8
JRB_IRL_04,2023-06-19 22:00:00+00:00,0.0,0.0,0.41,0.424,23.8,99,1000.1,1.3
JRB_IRL_04,2023-06-19 23:00:00+00:00,0.0,0.0,0.409,0.423,24.1,97,1000.5,2.6
JRB_IRL_04,2023-06-20 00:00:00+00:00,0.0,0.0,0.41,0.423,24.4,98,1001.8,2.9
JRB_IRL_04,2023-06-20 01:00:00+00:00,0.0,0.0,0.409,0.423,25.6,99,1002.6,0.0
JRB_IRL_04,2023-06-20 02:00:00+00:00,0.0,0.0,0.408,0.422,26.5,94,1003.0,1.9
JRB_IRL_04,2023-06-20 03:00:00+00:00,0.0,0.0,0.408,0.421,26.3,93,1003.3,2.9
JRB_IRL_04,2023-06-20 04:00:00+00:00,0.1,0.1,0.407,0.421,27.7,85,1003.0,3.8
JRB_IRL_04,2023-06-20 05:00:00+00:00,0.0,0.0,0.405,0.42,29.2,75,1001.9,3.1
JRB_IRL_04,2023-06-20 06:00:00+00:00,0.0,0.0,0.403,0.418,31.3,66,1000.5,0.8
JRB_IRL_04,2023-06-20 07:00:00+00:00,0.0,0.0,0.401,0.417,32.6,60,998.6,2.4
JRB_IRL_04,2023-06-20 08:00:00+00:00,0.0,0.0,0.398,0.415,32.9,61,997.6,4.9
JRB_IRL_04,2023-06-20 09:00:00+00:00,0.0,0.0,0.396,0.414,32.7,63,996.7,6.8
JRB_IRL_04,2023-06-20 10:00:00+00:00,0.0,0.0,0.395,0.413,32.4,65,996.3,5.9
JRB_IRL_04,2023-06-20 11:00:00+00:00,0.0,0.0,0.394,0.412,31.7,72,996.9,4.6
JRB_IRL_04,2023-06-20 12:00:00+00:00,0.0,0.0,0.405,0.411,27.1,90,1000.2,6.9
JRB_IRL_04,2023-06-20 13:00:00+00:00,0.4,0.4,0.407,0.411,26.5,94,1001.0,3.5
JRB_IRL_04,2023-06-20 14:00:00+00:00,0.1,0.1,0.407,0.411,26.0,98,1002.2,3.8
JRB_IRL_04,2023-06-20 15:00:00+00:00,0.0,0.0,0.406,0.411,25.8,98,1002.4,5.2
JRB_IRL_04,2023-06-20 16:00:00+00:00,0.0,0.0,0.405,0.41,25.5,98,1002.3,4.0
JRB_IRL_04,2023-06-20 17:00:00+00:00,0.0,0.0,0.404,0.41,25.1,99,1001.7,4.3
JRB_IRL_04,2023-06-20 18:00:00+00:00,0.0,0.0,0.403,0.41,24.7,99,1001.4,3.9
JRB_IRL_04,2023-06-20 19:00:00+00:00,0.0,0.0,0.402,0.41,24.9,98,1001.0,2.5
JRB_IRL_04,2023-06-20 20:00:00+00:00,0.0,0.0,0.401,0.409,24.7,99,1000.7,3.1
JRB_IRL_04,2023-06-20 21:00:00+00:00,0.0,0.0,0.4,0.409,24.4,99,1000.6,1.8
JRB_IRL_04,2023-06-20 22:00:00+00:00,0.0,0.0,0.4,0.409,24.0,99,1000.7,1.0
JRB_IRL_04,2023-06-20 23:00:00+00:00,0.0,0.0,0.399,0.408,24.3,97,1000.7,2.8
JRB_IRL_04,2023-06-21 00:00:00+00:00,0.0,0.0,0.408,0.413,25.6,95,1002.2,2.1
JRB_IRL_04,2023-06-21 01:00:00+00:00,0.1,0.1,0.408,0.413,26.3,93,1002.7,2.5
JRB_IRL_04,2023-06-21 02:00:00+00:00,0.2,0.2,0.407,0.413,26.8,90,1002.8,2.6
JRB_IRL_04,2023-06-21 03:00:00+00:00,0.1,0.1,0.406,0.412,28.0,85,1002.7,2.9
JRB_IRL_04,2023-06-21 04:00:00+00:00,0.4,0.4,0.407,0.412,29.1,80,1002.8,4.0
JRB_IRL_04,2023-06-21 05:00:00+00:00,0.2,0.2,0.406,0.411,30.2,74,1001.9,3.3
JRB_IRL_04,2023-06-21 06:00:00+00:00,0.1,0.1,0.404,0.41,31.7,68,1000.8,4.2
JRB_IRL_04,2023-06-21 07:00:00+00:00,0.0,0.0,0.401,0.409,32.5,64,999.4,5.7
JRB_IRL_04,2023-06-21 08:00:00+00:00,0.0,0.0,0.399,0.408,32.6,64,998.4,6.6
JRB_IRL_04,2023-06-21 09:00:00+00:00,0.0,0.0,0.397,0.407,32.7,65,997.7,6.8
JRB_IRL_04,2023-06-21 10:00:00+00:00,0.0,0.0,0.395,0.406,32.0,68,997.3,5.9
JRB_IRL_04,2023-06-21 11:00:00+00:00,0.0,0.0,0.394,0.405,31.1,76,997.8,5.5
JRB_IRL_04,2023-06-21 12:00:00+00:00,1.4,1.4,0.401,0.406,28.1,93,999.8,4.1
JRB_IRL_04,2023-06-21 13:00:00+00:00,0.0,0.0,0.4,0.405,27.4,95,1000.5,4.3
JRB_IRL_04,2023-06-21 14:00:00+00:00,0.0,0.0,0.4,0.405,26.8,97,1001.3,5.1
JRB_IRL_04,2023-06-21 15:00:00+00:00,4.4,4.4,0.433,0.41,25.8,98,1002.7,5.9
JRB_IRL_04,2023-06-21 16:00:00+00:00,0.7,0.7,0.431,0.413,25.8,100,1002.9,1.5
JRB_IRL_04,2023-06-21 17:00:00+00:00,1.2,1.2,0.435,0.416,25.4,100,1003.0,3.8
JRB_IRL_04,2023-06-21 18:00:00+00:00,2.6,2.6,0.433,0.428,24.9,100,1002.6,3.3
JRB_IRL_04,2023-06-21 19:00:00+00:00,0.4,0.4,0.432,0.428,24.9,100,1002.0,1.0
JRB_IRL_04,2023-06-21 20:00:00+00:00,5.1,5.1,0.439,0.437,24.8,100,1001.9,1.5
JRB_IRL_04,2023-06-21 21:00:00+00:00,3.7,3.7,0.432,0.438,24.6,100,1001.3,3.0
JRB_IRL_04,2023-06-21 22:00:00+00:00,0.5,0.5,0.431,0.436,24.4,100,1001.4,2.9
JRB_IRL_04,2023-06-21 23:00:00+00:00,0.1,0.1,0.427,0.435,24.4,99,1001.5,4.6
JRB_IRL_04,2023-06-22 00:00:00+00:00,0.0,0.0,0.429,0.432,24.6,98,1002.7,6.5
JRB_IRL_04,2023-06-22 01:00:00+00:00,0.1,0.1,0.426,0.431,25.5,96,1002.9,3.5
JRB_IRL_04,2023-06-22 02:00:00+00:00,0.0,0.0,0.423,0.431,26.2,94,1003.0,4.0
JRB_IRL_04,2023-06-22 03:00:00+00:00,0.0,0.0,0.42,0.43,27.0,90,1003.3,4.1
JRB_IRL_04,2023-06-22 04:00:00+00:00,0.1,0.1,0.418,0.428,28.1,85,1003.1,1.8
JRB_IRL_04,2023-06-22 05:00:00+00:00,0.3,0.3,0.417,0.427,29.8,75,1002.3,2.1
JRB_IRL_04,2023-06-22 06:00:00+00:00,0.3,0.3,0.416,0.426,30.6,71,1001.4,2.2
JRB_IRL_04,2023-06-22 07:00:00+00:00,0.4,0.4,0.415,0.425,31.1,70,1000.2,4.5
JRB_IRL_04,2023-06-22 08:00:00+00:00,0.0,0.0,0.413,0.423,31.4,71,999.4,7.7
JRB_IRL_04,2023-06-22 09:00:00+00:00,0.1,0.1,0.41,0.422,31.4,71,998.7,3.3
JRB_IRL_04,2023-06-22 10:00:00+00:00,0.1,0.1,0.409,0.421,30.9,74,998.2,4.4
JRB_IRL_04,2023-06-22 11:00:00+00:00,1.7,1.7,0.419,0.421,28.2,90,998.6,7.6
JRB_IRL_04,2023-06-22 12:00:00+00:00,1.6,1.6,0.409,0.42,28.0,89,1000.1,4.0
JRB_IRL_04,2023-06-22 13:00:00+00:00,0.1,0.1,0.408,0.419,27.1,94,1000.9,2.3
JRB_IRL_04,2023-06-22 14:00:00+00:00,0.1,0.1,0.408,0.419,27.0,93,1001.3,1.5
JRB_IRL_04,2023-06-22 15:00:00+00:00,0.0,0.0,0.407,0.419,26.1,98,1002.1,1.8
JRB_IRL_04,2023-06-22 16:00:00+00:00,4.6,4.6,0.439,0.423,25.6,100,1002.7,2.5
JRB_IRL_04,2023-06-22 17:00:00+00:00,6.4,6.4,0.439,0.439,25.2,100,1003.0,1.8
JRB_IRL_04,2023-06-22 18:00:00+00:00,9.6,9.6,0.433,0.439,25.0,100,1002.9,1.3
JRB_IRL_04,2023-06-22 19:00:00+00:00,1.4,1.4,0.439,0.438,24.9,100,1002.4,4.0
JRB_IRL_04,2023-06-22 20:00:00+00:00,1.6,1.6,0.438,0.438,24.8,100,1002.0,3.6
JRB_IRL_04,2023-06-22 21:00:00+00:00,1.5,1.5,0.435,0.438,24.7,100,1001.6,2.9
JRB_IRL_04,2023-06-22 22:00:00+00:00,3.6,3.6,0.432,0.438,24.5,100,1001.9,3.5
JRB_IRL_04,2023-06-22 23:00:00+00:00,2.0,2.0,0.428,0.438,24.4,100,1002.2,3.2
JRB_IRL_04,2023-06-23 00:00:00+00:00,1.5,1.5,0.43,0.438,24.9,100,1002.3,5.1
JRB_IRL_04,2023-06-23 01:00:00+00:00,0.4,0.4,0.427,0.436,25.5,98,1002.3,2.3
JRB_IRL_04,2023-06-23 02:00:00+00:00,0.3,0.3,0.425,0.435,26.4,95,1002.7,2.4
JRB_IRL_04,2023-06-23 03:00:00+00:00,0.4,0.4,0.424,0.434,27.0,93,1002.9,3.0
JRB_IRL_04,2023-06-23 04:00:00+00:00,0.2,0.2,0.422,0.433,27.5,94,1002.9,1.3
JRB_IRL_04,2023-06-23 05:00:00+00:00,0.1,0.1,0.42,0.432,27.8,90,1002.6,3.1
JRB_IRL_04,2023-06-23 06:00:00+00:00,0.0,0.0,0.418,0.43,29.5,79,1001.0,2.9
JRB_IRL_04,2023-06-23 07:00:00+00:00,0.1,0.1,0.415,0.429,31.5,69,999.7,2.2
JRB_IRL_04,2023-06-23 08:00:00+00:00,0.1,0.1,0.413,0.427,31.9,69,998.8,3.0
JRB_IRL_04,2023-06-23 09:00:00+00:00,0.0,0.0,0.41,0.425,31.9,69,997.9,4.9
JRB_IRL_04,2023-06-23 10:00:00+00:00,0.0,0.0,0.408,0.423,31.2,72,997.2,6.3
JRB_IRL_04,2023-06-23 11:00:00+00:00,0.0,0.0,0.407,0.422,30.1,78,997.3,2.3
JRB_IRL_04,2023-06-23 12:00:00+00:00,1.9,1.9,0.41,0.423,30.1,81,997.9,3.6
JRB_IRL_04,2023-06-23 13:00:00+00:00,0.0,0.0,0.409,0.421,29.4,80,998.8,2.6
JRB_IRL_04,2023-06-23 14:00:00+00:00,0.0,0.0,0.408,0.42,27.5,90,999.8,2.4
JRB_IRL_04,2023-06-23 15:00:00+00:00,0.4,0.4,0.409,0.419,27.2,88,1000.7,2.7
JRB_IRL_04,2023-06-23 16:00:00+00:00,1.3,1.3,0.417,0.418,25.8,95,1001.5,8.6
JRB_IRL_04,2023-06-23 17:00:00+00:00,0.1,0.1,0.415,0.417,25.6,95,1001.4,0.8
JRB_IRL_04,2023-06-23 18:00:00+00:00,0.0,0.0,0.414,0.416,25.5,97,1001.3,4.8
JRB_IRL_04,2023-06-23 19:00:00+00:00,0.1,0.1,0.413,0.416,25.2,97,1000.9,4.6
JRB_IRL_04,2023-06-23 20:00:00+00:00,0.1,0.1,0.412,0.415,25.3,95,1000.6,9.0
JRB_IRL_04,2023-06-23 21:00:00+00:00,0.0,0.0,0.41,0.414,24.8,96,1000.4,4.8
JRB_IRL_04,2023-06-23 22:00:00+00:00,0.0,0.0,0.409,0.413,24.9,94,1000.1,3.7
JRB_IRL_04,2023-06-23 23:00:00+00:00,0.0,0.0,0.408,0.413,24.8,96,1000.3,4.1
JRB_IRL_04,2023-06-24 00:00:00+00:00,0.0,0.0,0.41,0.412,25.2,97,1000.8,3.6
JRB_IRL_04,2023-06-24 01:00:00+00:00,0.0,0.0,0.408,0.411,27.0,92,1001.2,2.3
JRB_IRL_04,2023-06-24 02:00:00+00:00,0.0,0.0,0.407,0.41,28.4,84,1001.0,2.5
JRB_IRL_04,2023-06-24 03:00:00+00:00,0.0,0.0,0.405,0.409,30.0,74,1000.9,2.2
JRB_IRL_04,2023-06-24 04:00:00+00:00,0.0,0.0,0.402,0.408,31.5,66,1000.5,2.9
JRB_IRL_04,2023-06-24 05:00:00+00:00,0.1,0.1,0.4,0.406,32.6,62,999.6,4.1
JRB_IRL_04,2023-06-24 06:00:00+00:00,0.1,0.1,0.398,0.405,32.8,63,998.8,4.7
JRB_IRL_04,2023-06-24 07:00:00+00:00,0.0,0.0,0.396,0.403,33.8,61,997.4,5.8
JRB_IRL_04,2023-06-24 08:00:00+00:00,0.0,0.0,0.393,0.402,34.0,62,996.7,5.1
JRB_IRL_04,2023-06-24 09:00:00+00:00,0.0,0.0,0.391,0.4,33.3,64,996.2,6.5
JRB_IRL_04,2023-06-24 10:00:00+00:00,0.3,0.3,0.391,0.399,32.5,71,996.0,3.9
JRB_IRL_04,2023-06-24 11:00:00+00:00,5.1,5.1,0.43,0.404,27.5,95,997.2,12.4
JRB_IRL_04,2023-06-24 12:00:00+00:00,3.9,3.9,0.389,0.38,29.5,86,997.6,6.1
JRB_IRL_04,2023-06-24 13:00:00+00:00,0.0,0.0,0.388,0.38,28.2,92,999.0,4.7
JRB_IRL_04,2023-06-24 14:00:00+00:00,1.0,1.0,0.395,0.38,26.3,100,1000.4,4.8
JRB_IRL_04,2023-06-24 15:00:00+00:00,0.5,0.5,0.397,0.38,26.2,98,1001.0,3.8
JRB_IRL_04,2023-06-24 16:00:00+00:00,0.0,0.0,0.395,0.381,25.7,99,1001.4,2.3
JRB_IRL_04,2023-06-24 17:00:00+00:00,0.0,0.0,0.394,0.381,25.8,99,1001.5,4.3
JRB_IRL_04,2023-06-24 18:00:00+00:00,0.0,0.0,0.393,0.381,25.4,99,1001.5,1.5
JRB_IRL_04,2023-06-24 19:00:00+00:00,0.4,0.4,0.395,0.381,25.3,100,1001.1,4.3
JRB_IRL_04,2023-06-24 20:00:00+00:00,0.2,0.2,0.396,0.381,25.2,98,1000.5,5.7
JRB_IRL_04,2023-06-24 21:00:00+00:00,0.0,0.0,0.394,0.381,25.1,97,1000.5,6.4
JRB_IRL_04,2023-06-24 22:00:00+00:00,0.0,0.0,0.393,0.381,25.5,96,1000.7,5.4
JRB_IRL_04,2023-06-24 23:00:00+00:00,0.0,0.0,0.392,0.381,25.4,97,1000.7,4.9
JRB_IRL_04,2023-06-25 00:00:00+00:00,0.0,0.0,0.394,0.394,25.6,98,1000.8,5.1
JRB_IRL_04,2023-06-25 01:00:00+00:00,0.0,0.0,0.394,0.394,27.5,95,1001.8,0.7
JRB_IRL_04,2023-06-25 02:00:00+00:00,0.7,0.7,0.398,0.394,28.0,93,1002.4,4.1
JRB_IRL_04,2023-06-25 03:00:00+00:00,0.2,0.2,0.398,0.394,28.6,87,1002.7,4.6
JRB_IRL_04,2023-06-25 04:00:00+00:00,0.0,0.0,0.397,0.393,30.1,75,1002.3,4.5
JRB_IRL_04,2023-06-25 05:00:00+00:00,0.0,0.0,0.394,0.392,31.0,70,1001.3,3.8
JRB_IRL_04,2023-06-25 06:00:00+00:00,0.0,0.0,0.392,0.391,32.5,62,1000.2,3.1
JRB_IRL_04,2023-06-25 07:00:00+00:00,0.0,0.0,0.389,0.39,33.0,61,999.3,3.6
JRB_IRL_04,2023-06-25 08:00:00+00:00,0.0,0.0,0.387,0.389,33.4,60,997.9,4.2
JRB_IRL_04,2023-06-25 09:00:00+00:00,0.0,0.0,0.385,0.388,33.3,61,997.2,6.2
JRB_IRL_04,2023-06-25 10:00:00+00:00,0.0,0.0,0.383,0.387,32.6,65,997.0,5.8
JRB_IRL_04,2023-06-25 11:00:00+00:00,0.8,0.8,0.387,0.387,30.3,77,997.8,13.3
JRB_IRL_04,2023-06-25 12:00:00+00:00,7.6,7.6,0.395,0.377,31.2,75,998.2,4.7
JRB_IRL_04,2023-06-25 13:00:00+00:00,0.0,0.0,0.394,0.378,29.0,85,999.3,7.6
JRB_IRL_04,2023-06-25 14:00:00+00:00,0.0,0.0,0.392,0.378,28.0,89,1000.1,6.9
JRB_IRL_04,2023-06-25 15:00:00+00:00,0.0,0.0,0.391,0.378,27.7,89,1001.0,5.2
JRB_IRL_04,2023-06-25 16:00:00+00:00,7.6,7.6,0.439,0.386,26.2,95,1002.0,4.3
JRB_IRL_04,2023-06-25 17:00:00+00:00,1.7,1.7,0.424,0.396,25.8,100,1002.2,6.5
JRB_IRL_04,2023-06-25 18:00:00+00:00,0.0,0.0,0.419,0.398,25.6,98,1001.5,8.1
JRB_IRL_04,2023-06-25 19:00:00+00:00,0.0,0.0,0.415,0.398,25.3,97,1000.6,5.9
JRB_IRL_04,2023-06-25 20:00:00+00:00,0.0,0.0,0.412,0.399,25.1,97,1000.3,4.7
JRB_IRL_04,2023-06-25 21:00:00+00:00,0.1,0.1,0.41,0.399,24.9,98,1000.7,6.1
JRB_IRL_04,2023-06-25 22:00:00+00:00,0.1,0.1,0.41,0.4,24.7,100,1000.6,2.0
JRB_IRL_04,2023-06-25 23:00:00+00:00,0.0,0.0,0.408,0.4,24.6,99,1001.0,2.3
JRB_IRL_04,2023-06-26 00:00:00+00:00,0.0,0.0,0.403,0.389,25.5,96,1001.3,5.4
JRB_IRL_04,2023-06-26 01:00:00+00:00,0.0,0.0,0.401,0.389,27.3,94,1001.5,3.0
JRB_IRL_04,2023-06-26 02:00:00+00:00,0.0,0.0,0.399,0.389,28.7,88,1001.7,0.0
JRB_IRL_04,2023-06-26 03:00:00+00:00,0.0,0.0,0.397,0.389,30.6,74,1002.0,1.3
JRB_IRL_04,2023-06-26 04:00:00+00:00,0.0,0.0,0.394,0.388,31.7,67,1001.8,3.5
JRB_IRL_04,2023-06-26 05:00:00+00:00,0.0,0.0,0.391,0.387,33.0,62,1000.7,4.6
JRB_IRL_04,2023-06-26 06:00:00+00:00,0.0,0.0,0.388,0.386,33.7,60,999.6,4.3
JRB_IRL_04,2023-06-26 07:00:00+00:00,0.0,0.0,0.386,0.385,33.5,61,998.4,4.0
JRB_IRL_04,2023-06-26 08:00:00+00:00,1.0,1.0,0.391,0.385,31.4,75,998.0,7.5
JRB_IRL_04,2023-06-26 09:00:00+00:00,0.1,0.1,0.39,0.384,31.4,77,997.7,4.3
JRB_IRL_04,2023-06-26 10:00:00+00:00,0.1,0.1,0.389,0.384,30.4,78,997.4,11.6
JRB_IRL_04,2023-06-26 11:00:00+00:00,1.7,1.7,0.4,0.384,28.3,85,998.2,9.8
JRB_IRL_04,2023-06-26 12:00:00+00:00,0.2,0.2,0.432,0.402,27.5,90,999.1,9.5
JRB_IRL_04,2023-06-26 13:00:00+00:00,0.3,0.3,0.426,0.404,26.5,100,1000.1,2.3
JRB_IRL_04,2023-06-26 14:00:00+00:00,0.2,0.2,0.422,0.406,26.1,100,1000.8,5.4
JRB_IRL_04,2023-06-26 15:00:00+00:00,0.1,0.1,0.419,0.407,25.8,100,1001.4,5.3
JRB_IRL_04,2023-06-26 16:00:00+00:00,0.0,0.0,0.416,0.407,25.9,97,1001.9,6.6
JRB_IRL_04,2023-06-26 17:00:00+00:00,0.0,0.0,0.414,0.408,25.7,96,1002.0,4.9
JRB_IRL_04,2023-06-26 18:00:00+00:00,0.0,0.0,0.412,0.408,25.5,97,1001.8,3.9
JRB_IRL_04,2023-06-26 19:00:00+00:00,0.0,0.0,0.41,0.408,25.1,98,1001.2,3.1
JRB_IRL_04,2023-06-26 20:00:00+00:00,0.1,0.1,0.41,0.408,25.1,100,1000.9,2.5
JRB_IRL_04,2023-06-26 21:00:00+00:00,0.0,0.0,0.409,0.408,25.1,96,1000.6,4.3
JRB_IRL_04,2023-06-26 22:00:00+00:00,0.0,0.0,0.408,0.408,24.9,96,1000.4,2.1
JRB_IRL_04,2023-06-26 23:00:00+00:00,0.0,0.0,0.407,0.408,24.4,100,1000.8,2.4
JRB_IRL_04,2023-06-27 00:00:00+00:00,0.0,0.0,0.409,0.41,26.5,92,1001.0,4.8
JRB_IRL_04,2023-06-27 01:00:00+00:00,0.0,0.0,0.408,0.41,27.2,94,1001.3,3.3
JRB_IRL_04,2023-06-27 02:00:00+00:00,0.0,0.0,0.407,0.41,28.3,94,1002.0,2.3
JRB_IRL_04,2023-06-27 03:00:00+00:00,0.0,0.0,0.405,0.409,30.1,76,1002.5,2.5
JRB_IRL_04,2023-06-27 04:00:00+00:00,0.1,0.1,0.403,0.409,31.4,70,1002.3,2.5
JRB_IRL_04,2023-06-27 05:00:00+00:00,0.0,0.0,0.401,0.408,32.7,65,1001.5,2.5
JRB_IRL_04,2023-06-27 06:00:00+00:00,0.0,0.0,0.398,0.406,33.1,64,1000.9,6.1
JRB_IRL_04,2023-06-27 07:00:00+00:00,0.0,0.0,0.396,0.405,32.9,65,1000.0,7.1
JRB_IRL_04,2023-06-27 08:00:00+00:00,21.5,21.5,0.436,0.428,27.9,92,1000.2,9.0
JRB_IRL_04,2023-06-27 09:00:00+00:00,1.3,1.3,0.439,0.429,28.9,92,1000.6,3.6
JRB_IRL_04,2023-06-27 10:00:00+00:00,10.9,10.9,0.431,0.437,27.5,90,1000.2,6.4
JRB_IRL_04,2023-06-27 11:00:00+00:00,2.1,2.1,0.439,0.436,27.0,95,1000.5,3.1
JRB_IRL_04,2023-06-27 12:00:00+00:00,0.3,0.3,0.418,0.387,27.7,94,1001.4,3.8
JRB_IRL_04,2023-06-27 13:00:00+00:00,1.9,1.9,0.435,0.388,27.0,93,1001.8,2.3
JRB_IRL_04,2023-06-27 14:00:00+00:00,0.8,0.8,0.427,0.394,26.4,97,1002.8,6.3
JRB_IRL_04,2023-06-27 15:00:00+00:00,6.5,6.5,0.439,0.413,25.4,100,1003.8,4.4
JRB_IRL_04,2023-06-27 16:00:00+00:00,2.4,2.4,0.432,0.424,25.0,100,1004.3,5.2
JRB_IRL_04,2023-06-27 17:00:00+00:00,0.0,0.0,0.427,0.425,25.0,99,1004.7,3.6
JRB_IRL_04,2023-06-27 18:00:00+00:00,0.0,0.0,0.424,0.425,24.8,98,1004.4,3.3
JRB_IRL_04,2023-06-27 19:00:00+00:00,0.0,0.0,0.421,0.424,25.0,97,1003.9,4.0
JRB_IRL_04,2023-06-27 20:00:00+00:00,0.7,0.7,0.427,0.424,25.1,97,1003.5,4.6
JRB_IRL_04,2023-06-27 21:00:00+00:00,0.1,0.1,0.424,0.424,25.1,100,1002.9,3.5
JRB_IRL_04,2023-06-27 22:00:00+00:00,0.1,0.1,0.423,0.424,24.9,100,1003.0,1.1
JRB_IRL_04,2023-06-27 23:00:00+00:00,0.0,0.0,0.42,0.423,24.7,100,1003.6,1.8
JRB_IRL_04,2023-06-28 00:00:00+00:00,0.3,0.3,0.397,0.392,26.0,96,1003.2,4.0
JRB_IRL_04,2023-06-28 01:00:00+00:00,0.0,0.0,0.396,0.392,27.4,92,1003.9,1.3
JRB_IRL_04,2023-06-28 02:00:00+00:00,0.0,0.0,0.395,0.392,28.3,88,1004.9,2.5
JRB_IRL_04,2023-06-28 03:00:00+00:00,0.6,0.6,0.398,0.391,28.3,86,1005.3,2.6
JRB_IRL_04,2023-06-28 04:00:00+00:00,0.1,0.1,0.397,0.391,29.8,79,1005.3,3.1
JRB_IRL_04,2023-06-28 05:00:00+00:00,0.1,0.1,0.395,0.391,30.9,74,1004.4,5.6
JRB_IRL_04,2023-06-28 06:00:00+00:00,0.0,0.0,0.392,0.39,32.1,69,1002.8,2.6
JRB_IRL_04,2023-06-28 07:00:00+00:00,9.3,9.3,0.439,0.396,29.2,90,1002.6,6.9
JRB_IRL_04,2023-06-28 08:00:00+00:00,10.5,10.5,0.43,0.421,27.1,96,1002.0,5.3
JRB_IRL_04,2023-06-28 09:00:00+00:00,0.9,0.9,0.433,0.422,28.3,91,1001.5,0.4
JRB_IRL_04,2023-06-28 10:00:00+00:00,5.6,5.6,0.432,0.436,27.9,87,1001.8,4.1
JRB_IRL_04,2023-06-28 11:00:00+00:00,2.8,2.8,0.434,0.437,27.0,96,1002.0,4.0
JRB_IRL_04,2023-06-28 12:00:00+00:00,1.4,1.4,0.428,0.398,26.7,98,1002.8,6.2
JRB_IRL_04,2023-06-28 13:00:00+00:00,1.5,1.5,0.43,0.403,25.3,100,1003.4,6.6
JRB_IRL_04,2023-06-28 14:00:00+00:00,0.6,0.6,0.429,0.405,25.4,100,1004.5,2.2
JRB_IRL_04,2023-06-28 15:00:00+00:00,0.2,0.2,0.425,0.407,25.3,100,1004.7,4.8
JRB_IRL_04,2023-06-28 16:00:00+00:00,0.9,0.9,0.428,0.41,25.2,99,1005.3,4.7
JRB_IRL_04,2023-06-28 17:00:00+00:00,0.1,0.1,0.424,0.411,24.9,100,1005.3,2.7
JRB_IRL_04,2023-06-28 18:00:00+00:00,0.1,0.1,0.421,0.412,24.9,100,1005.0,3.1
JRB_IRL_04,2023-06-28 19:00:00+00:00,0.0,0.0,0.418,0.412,25.1,97,1004.0,4.1
JRB_IRL_04,2023-06-28 20:00:00+00:00,0.0,0.0,0.416,0.413,25.5,93,1003.5,1.8
JRB_IRL_04,2023-06-28 21:00:00+00:00,0.2,0.2,0.416,0.413,24.8,100,1003.2,4.0
JRB_IRL_04,2023-06-28 22:00:00+00:00,0.1,0.1,0.415,0.413,24.5,100,1003.1,4.4
JRB_IRL_04,2023-06-28 23:00:00+00:00,0.0,0.0,0.413,0.413,24.7,95,1003.1,3.7
JRB_IRL_04,2023-06-29 00:00:00+00:00,0.0,0.0,0.408,0.406,25.6,98,1003.7,4.3
JRB_IRL_04,2023-06-29 01:00:00+00:00,0.0,0.0,0.407,0.406,26.6,95,1003.9,4.0
JRB_IRL_04,2023-06-29 02:00:00+00:00,0.0,0.0,0.405,0.406,28.0,88,1004.5,2.5
JRB_IRL_04,2023-06-29 03:00:00+00:00,0.0,0.0,0.404,0.406,29.2,82,1004.8,2.8
JRB_IRL_04,2023-06-29 04:00:00+00:00,0.0,0.0,0.402,0.405,30.7,75,1004.5,2.1
JRB_IRL_04,2023-06-29 05:00:00+00:00,0.0,0.0,0.399,0.404,32.3,67,1003.7,0.4
JRB_IRL_04,2023-06-29 06:00:00+00:00,0.0,0.0,0.396,0.403,33.4,62,1002.7,5.2
JRB_IRL_04,2023-06-29 07:00:00+00:00,0.0,0.0,0.394,0.402,33.7,61,1001.3,5.2
JRB_IRL_04,2023-06-29 08:00:00+00:00,0.0,0.0,0.391,0.401,33.5,62,1000.1,8.3
JRB_IRL_04,2023-06-29 09:00:00+00:00,7.0,7.0,0.439,0.405,29.8,82,999.8,12.2
JRB_IRL_04,2023-06-29 10:00:00+00:00,2.6,2.6,0.425,0.414,29.0,91,999.4,7.2
JRB_IRL_04,2023-06-29 11:00:00+00:00,1.0,1.0,0.43,0.414,28.2,86,999.5,0.5
JRB_IRL_04,2023-06-29 12:00:00+00:00,0.9,0.9,0.403,0.4,27.1,85,1001.4,5.1
JRB_IRL_04,2023-06-29 13:00:00+00:00,0.3,0.3,0.405,0.4,26.2,98,1001.8,5.2
JRB_IRL_04,2023-06-29 14:00:00+00:00,0.0,0.0,0.403,0.4,25.9,96,1002.7,4.9
JRB_IRL_04,2023-06-29 15:00:00+00:00,0.0,0.0,0.402,0.4,25.7,95,1003.5,4.6
JRB_IRL_04,2023-06-29 16:00:00+00:00,0.0,0.0,0.401,0.4,25.7,96,1004.1,4.8
JRB_IRL_04,2023-06-29 17:00:00+00:00,0.3,0.3,0.402,0.4,25.4,95,1004.1,5.4
JRB_IRL_04,2023-06-29 18:00:00+00:00,0.6,0.6,0.408,0.401,25.3,93,1004.0,6.3
JRB_IRL_04,2023-06-29 19:00:00+00:00,0.0,0.0,0.406,0.401,25.2,92,1003.2,4.6
JRB_IRL_04,2023-06-29 20:00:00+00:00,0.0,0.0,0.405,0.401,24.5,96,1002.4,3.8
JRB_IRL_04,2023-06-29 21:00:00+00:00,0.0,0.0,0.404,0.401,24.1,98,1001.8,5.0
JRB_IRL_04,2023-06-29 22:00:00+00:00,0.0,0.0,0.403,0.401,24.5,96,1002.1,1.5
JRB_IRL_04,2023-06-29 23:00:00+00:00,0.0,0.0,0.402,0.401,24.2,97,1002.4,2.1
JRB_IRL_04,2023-06-30 00:00:00+00:00,0.0,0.0,0.4,0.401,25.6,98,1002.7,3.0
JRB_IRL_04,2023-06-30 01:00:00+00:00,0.1,0.1,0.4,0.401,27.2,92,1003.2,2.3
JRB_IRL_04,2023-06-30 02:00:00+00:00,0.6,0.6,0.403,0.401,27.5,93,1003.7,1.8
JRB_IRL_04,2023-06-30 03:00:00+00:00,1.3,1.3,0.414,0.401,27.6,95,1004.2,1.8
JRB_IRL_04,2023-06-30 04:00:00+00:00,2.6,2.6,0.429,0.407,27.1,96,1004.3,2.1
JRB_IRL_04,2023-06-30 05:00:00+00:00,0.1,0.1,0.423,0.408,29.3,83,1003.3,4.2
JRB_IRL_04,2023-06-30 06:00:00+00:00,0.0,0.0,0.418,0.409,31.2,74,1002.2,2.6
JRB_IRL_04,2023-06-30 07:00:00+00:00,0.2,0.2,0.416,0.409,30.3,79,1001.2,1.5
JRB_IRL_04,2023-06-30 08:00:00+00:00,0.2,0.2,0.413,0.408,32.3,71,1000.0,3.0
JRB_IRL_04,2023-06-30 09:00:00+00:00,1.1,1.1,0.418,0.408,30.4,76,998.9,10.9
JRB_IRL_04,2023-06-30 10:00:00+00:00,0.7,0.7,0.419,0.408,28.9,84,998.4,6.9
JRB_IRL_04,2023-06-30 11:00:00+00:00,0.1,0.1,0.416,0.408,28.6,87,998.3,2.5
JRB_IRL_04,2023-06-30 12:00:00+00:00,2.3,2.3,0.39,0.395,28.3,88,1000.1,5.8
JRB_IRL_04,2023-06-30 13:00:00+00:00,0.6,0.6,0.394,0.395,26.7,95,1000.9,2.9
JRB_IRL_04,2023-06-30 14:00:00+00:00,0.2,0.2,0.394,0.395,26.2,97,1001.1,2.9
JRB_IRL_04,2023-06-30 15:00:00+00:00,0.2,0.2,0.395,0.395,26.1,96,1002.2,5.1
JRB_IRL_04,2023-06-30 16:00:00+00:00,0.1,0.1,0.395,0.395,26.0,95,1002.4,5.5
JRB_IRL_04,2023-06-30 17:00:00+00:00,0.6,0.6,0.398,0.395,25.7,96,1002.4,4.1
JRB_IRL_04,2023-06-30 18:00:00+00:00,0.1,0.1,0.397,0.395,25.5,96,1001.9,3.6
JRB_IRL_04,2023-06-30 19:00:00+00:00,0.1,0.1,0.397,0.395,25.2,98,1001.2,3.1
JRB_IRL_04,2023-06-30 20:00:00+00:00,0.2,0.2,0.398,0.395,25.3,97,1000.8,2.4
JRB_IRL_04,2023-06-30 21:00:00+00:00,0.0,0.0,0.397,0.396,25.0,97,1000.2,3.3
JRB_IRL_04,2023-06-30 22:00:00+00:00,0.0,0.0,0.396,0.396,24.5,100,1000.5,3.2
JRB_IRL_04,2023-06-30 23:00:00+00:00,0.0,0.0,0.396,0.396,24.8,94,1001.2,3.0
JRB_IRL_04,2023-07-01 00:00:00+00:00,0.0,0.0,0.399,0.396,26.1,97,1001.7,1.8
JRB_IRL_04,2023-07-01 01:00:00+00:00,1.9,1.9,0.421,0.397,26.0,100,1002.4,1.9
JRB_IRL_04,2023-07-01 02:00:00+00:00,0.2,0.2,0.417,0.398,26.7,95,1002.8,5.2
JRB_IRL_04,2023-07-01 03:00:00+00:00,0.0,0.0,0.414,0.399,27.4,91,1003.2,3.9
JRB_IRL_04,2023-07-01 04:00:00+00:00,0.0,0.0,0.411,0.4,28.5,85,1003.3,2.9
JRB_IRL_04,2023-07-01 05:00:00+00:00,0.0,0.0,0.408,0.4,30.2,77,1002.7,1.9
JRB_IRL_04,2023-07-01 06:00:00+00:00,0.0,0.0,0.405,0.399,31.3,71,1001.6,5.5
JRB_IRL_04,2023-07-01 07:00:00+00:00,0.1,0.1,0.402,0.398,32.3,65,1000.5,7.6
JRB_IRL_04,2023-07-01 08:00:00+00:00,0.0,0.0,0.4,0.398,32.0,66,999.6,9.0
JRB_IRL_04,2023-07-01 09:00:00+00:00,0.1,0.1,0.398,0.397,31.8,69,998.9,5.5
JRB_IRL_04,2023-07-01 10:00:00+00:00,5.0,5.0,0.439,0.398,27.7,90,999.5,11.0
JRB_IRL_04,2023-07-01 11:00:00+00:00,0.8,0.8,0.427,0.405,27.0,95,999.6,3.8
JRB_IRL_04,2023-07-01 12:00:00+00:00,0.3,0.3,0.394,0.391,28.3,91,1000.3,4.3
JRB_IRL_04,2023-07-01 13:00:00+00:00,0.1,0.1,0.394,0.391,27.7,89,1000.7,8.3
JRB_IRL_04,2023-07-01 14:00:00+00:00,0.0,0.0,0.393,0.391,27.1,88,1001.6,8.4
JRB_IRL_04,2023-07-01 15:00:00+00:00,0.0,0.0,0.393,0.391,26.8,88,1002.5,4.5
JRB_IRL_04,2023-07-01 16:00:00+00:00,0.0,0.0,0.392,0.391,26.2,92,1003.5,2.6
JRB_IRL_04,2023-07-01 17:00:00+00:00,0.0,0.0,0.392,0.391,26.0,94,1003.2,2.8
JRB_IRL_04,2023-07-01 18:00:00+00:00,0.0,0.0,0.391,0.391,25.8,95,1002.8,1.8
JRB_IRL_04,2023-07-01 19:00:00+00:00,0.0,0.0,0.39,0.391,25.7,97,1002.2,1.8
JRB_IRL_04,2023-07-01 20:00:00+00:00,0.0,0.0,0.39,0.391,25.4,98,1001.5,1.5
JRB_IRL_04,2023-07-01 21:00:00+00:00,0.0,0.0,0.39,0.391,25.4,99,1000.9,1.6
JRB_IRL_04,2023-07-01 22:00:00+00:00,0.0,0.0,0.389,0.391,25.4,99,1001.0,0.7
JRB_IRL_04,2023-07-01 23:00:00+00:00,0.1,0.1,0.39,0.391,25.2,100,1001.4,1.5
JRB_IRL_04,2023-07-02 00:00:00+00:00,0.1,0.1,0.403,0.394,26.5,97,1001.4,4.3
JRB_IRL_04,2023-07-02 01:00:00+00:00,1.0,1.0,0.408,0.394,26.9,90,1002.0,5.0
JRB_IRL_04,2023-07-02 02:00:00+00:00,1.5,1.5,0.422,0.395,26.3,100,1002.9,2.1
JRB_IRL_04,2023-07-02 03:00:00+00:00,0.7,0.7,0.423,0.397,26.8,100,1003.2,3.1
JRB_IRL_04,2023-07-02 04:00:00+00:00,0.2,0.2,0.419,0.399,27.7,93,1002.8,3.2
JRB_IRL_04,2023-07-02 05:00:00+00:00,0.0,0.0,0.415,0.399,28.6,88,1002.1,4.1
JRB_IRL_04,2023-07-02 06:00:00+00:00,0.0,0.0,0.411,0.4,30.7,75,1000.9,2.9
JRB_IRL_04,2023-07-02 07:00:00+00:00,0.0,0.0,0.408,0.399,32.2,68,999.5,3.4
JRB_IRL_04,2023-07-02 08:00:00+00:00,0.0,0.0,0.405,0.399,32.3,69,998.2,4.8
JRB_IRL_04,2023-07-02 09:00:00+00:00,0.0,0.0,0.402,0.398,32.7,69,997.4,5.4
JRB_IRL_04,2023-07-02 10:00:00+00:00,0.6,0.6,0.403,0.397,30.4,77,997.5,8.6
JRB_IRL_04,2023-07-02 11:00:00+00:00,0.5,0.5,0.405,0.398,29.1,89,997.6,3.9
JRB_IRL_04,2023-07-02 12:00:00+00:00,0.0,0.0,0.39,0.391,30.1,80,998.8,3.7
JRB_IRL_04,2023-07-02 13:00:00+00:00,0.0,0.0,0.389,0.391,28.4,88,999.5,4.9
JRB_IRL_04,2023-07-02 14:00:00+00:00,0.1,0.1,0.39,0.391,28.0,89,1000.6,7.9
JRB_IRL_04,2023-07-02 15:00:00+00:00,4.4,4.4,0.438,0.392,25.8,97,1002.2,9.7
JRB_IRL_04,2023-07-02 16:00:00+00:00,1.5,1.5,0.427,0.4,25.7,96,1002.5,6.2
JRB_IRL_04,2023-07-02 17:00:00+00:00,1.2,1.2,0.431,0.404,24.8,100,1002.1,7.7
JRB_IRL_04,2023-07-02 18:00:00+00:00,1.5,1.5,0.439,0.407,25.0,100,1002.2,2.6
JRB_IRL_04,2023-07-02 19:00:00+00:00,1.1,1.1,0.431,0.414,24.9,100,1001.9,2.5
JRB_IRL_04,2023-07-02 20:00:00+00:00,5.4,5.4,0.434,0.428,24.7,100,1001.7,3.6
JRB_IRL_04,2023-07-02 21:00:00+00:00,0.5,0.5,0.432,0.429,24.6,100,1001.1,2.5
JRB_IRL_04,2023-07-02 22:00:00+00:00,0.1,0.1,0.428,0.429,24.6,100,1001.1,2.3
JRB_IRL_04,2023-07-02 23:00:00+00:00,0.0,0.0,0.425,0.428,24.4,100,1001.7,2.4
JRB_IRL_04,2023-07-03 00:00:00+00:00,0.0,0.0,0.424,0.432,25.4,98,1001.9,4.0
JRB_IRL_04,2023-07-03 01:00:00+00:00,0.3,0.3,0.423,0.43,26.1,97,1002.3,3.7
JRB_IRL_04,2023-07-03 02:00:00+00:00,0.1,0.1,0.421,0.429,27.1,91,1002.7,2.3
JRB_IRL_04,2023-07-03 03:00:00+00:00,0.0,0.0,0.418,0.428,27.4,91,1003.2,1.8
JRB_IRL_04,2023-07-03 04:00:00+00:00,0.1,0.1,0.417,0.427,27.9,89,1003.2,4.1
JRB_IRL_04,2023-07-03 05:00:00+00:00,0.1,0.1,0.415,0.426,28.6,86,1002.4,4.0
JRB_IRL_04,2023-07-03 06:00:00+00:00,0.1,0.1,0.413,0.425,30.8,74,1001.1,3.9
JRB_IRL_04,2023-07-03 07:00:00+00:00,0.1,0.1,0.41,0.423,32.1,67,999.8,5.2
JRB_IRL_04,2023-07-03 08:00:00+00:00,0.0,0.0,0.408,0.422,32.4,65,998.8,6.3
JRB_IRL_04,2023-07-03 09:00:00+00:00,0.0,0.0,0.405,0.42,32.4,66,997.7,5.9
JRB_IRL_04,2023-07-03 10:00:00+00:00,0.0,0.0,0.403,0.419,31.9,68,997.5,4.1
JRB_IRL_04,2023-07-03 11:00:00+00:00,0.0,0.0,0.402,0.418,31.2,72,997.6,6.1
JRB_IRL_04,2023-07-03 12:00:00+00:00,3.2,3.2,0.399,0.416,30.4,78,999.0,3.1
JRB_IRL_04,2023-07-03 13:00:00+00:00,0.0,0.0,0.399,0.416,28.4,87,999.8,2.1
JRB_IRL_04,2023-07-03 14:00:00+00:00,0.0,0.0,0.399,0.415,28.5,81,1000.7,2.4
JRB_IRL_04,2023-07-03 15:00:00+00:00,0.0,0.0,0.398,0.415,28.1,81,1001.2,3.7
JRB_IRL_04,2023-07-03 16:00:00+00:00,0.1,0.1,0.399,0.414,26.8,88,1002.0,12.1
JRB_IRL_04,2023-07-03 17:00:00+00:00,5.0,5.0,0.436,0.418,25.3,100,1002.2,8.1
JRB_IRL_04,2023-07-03 18:00:00+00:00,1.1,1.1,0.433,0.423,25.2,100,1001.4,4.6
JRB_IRL_04,2023-07-03 19:00:00+00:00,0.5,0.5,0.433,0.424,25.4,100,1000.7,2.3
JRB_IRL_04,2023-07-03 20:00:00+00:00,0.2,0.2,0.429,0.425,25.3,100,1000.2,3.1
JRB_IRL_04,2023-07-03 21:00:00+00:00,0.1,0.1,0.425,0.425,25.2,100,1000.3,4.4
JRB_IRL_04,2023-07-03 22:00:00+00:00,0.0,0.0,0.423,0.425,25.1,100,1000.2,2.6
JRB_IRL_04,2023-07-03 23:00:00+00:00,0.0,0.0,0.421,0.425,25.1,100,1000.4,1.4
JRB_IRL_04,2023-07-04 00:00:00+00:00,0.0,0.0,0.401,0.411,26.1,97,1000.7,0.7
JRB_IRL_04,2023-07-04 01:00:00+00:00,0.0,0.0,0.401,0.411,27.2,92,1001.4,1.0
JRB_IRL_04,2023-07-04 02:00:00+00:00,0.1,0.1,0.4,0.41,27.2,90,1002.0,1.5
JRB_IRL_04,2023-07-04 03:00:00+00:00,0.0,0.0,0.399,0.41,28.9,83,1001.9,3.0
JRB_IRL_04,2023-07-04 04:00:00+00:00,0.0,0.0,0.397,0.409,30.4,76,1001.8,4.0
JRB_IRL_04,2023-07-04 05:00:00+00:00,0.1,0.1,0.396,0.408,31.8,71,1001.0,7.2
JRB_IRL_04,2023-07-04 06:00:00+00:00,0.2,0.2,0.395,0.407,32.4,69,999.7,8.0
JRB_IRL_04,2023-07-04 07:00:00+00:00,0.0,0.0,0.393,0.406,32.7,67,998.4,8.3
JRB_IRL_04,2023-07-04 08:00:00+00:00,0.0,0.0,0.391,0.404,32.5,68,997.5,7.1
JRB_IRL_04,2023-07-04 09:00:00+00:00,0.0,0.0,0.389,0.403,32.8,67,996.5,5.9
JRB_IRL_04,2023-07-04 10:00:00+00:00,0.2,0.2,0.389,0.402,32.0,74,995.9,4.7
JRB_IRL_04,2023-07-04 11:00:00+00:00,0.2,0.2,0.389,0.402,31.4,76,995.7,3.4
JRB_IRL_04,2023-07-04 12:00:00+00:00,0.0,0.0,0.38,0.398,29.6,86,997.5,6.3
JRB_IRL_04,2023-07-04 13:00:00+00:00,0.0,0.0,0.38,0.397,28.5,90,998.1,4.5
JRB_IRL_04,2023-07-04 14:00:00+00:00,0.0,0.0,0.38,0.397,27.9,93,999.0,3.8
JRB_IRL_04,2023-07-04 15:00:00+00:00,0.0,0.0,0.38,0.397,27.5,95,999.4,3.1
JRB_IRL_04,2023-07-04 16:00:00+00:00,0.0,0.0,0.38,0.396,27.0,97,1000.1,4.1
JRB_IRL_04,2023-07-04 17:00:00+00:00,0.0,0.0,0.38,0.396,26.6,99,1000.0,2.0
JRB_IRL_04,2023-07-04 18:00:00+00:00,0.0,0.0,0.38,0.395,26.3,99,999.8,3.6
JRB_IRL_04,2023-07-04 19:00:00+00:00,0.0,0.0,0.38,0.395,26.1,98,999.3,2.1
JRB_IRL_04,2023-07-04 20:00:00+00:00,0.0,0.0,0.38,0.395,26.0,97,999.2,6.1
JRB_IRL_04,2023-07-04 21:00:00+00:00,0.5,0.5,0.383,0.395,25.8,99,1000.1,5.4
JRB_IRL_04,2023-07-04 22:00:00+00:00,2.8,2.8,0.411,0.395,25.5,100,999.9,1.4
JRB_IRL_04,2023-07-04 23:00:00+00:00,0.6,0.6,0.416,0.396,25.6,100,999.7,1.8
JRB_IRL_04,2023-07-05 00:00:00+00:00,0.2,0.2,0.429,0.428,25.9,99,1000.1,1.8
JRB_IRL_04,2023-07-05 01:00:00+00:00,0.2,0.2,0.427,0.428,26.4,96,1000.2,1.6
JRB_IRL_04,2023-07-05 02:00:00+00:00,0.1,0.1,0.424,0.428,27.5,91,1000.6,2.0
JRB_IRL_04,2023-07-05 03:00:00+00:00,0.1,0.1,0.421,0.427,28.6,86,1000.6,1.8
JRB_IRL_04,2023-07-05 04:00:00+00:00,0.1,0.1,0.418,0.426,30.5,78,1000.1,2.5
JRB_IRL_04,2023-07-05 05:00:00+00:00,0.1,0.1,0.415,0.424,31.9,72,999.6,4.2
JRB_IRL_04,2023-07-05 06:00:00+00:00,0.0,0.0,0.412,0.423,33.2,68,998.3,5.3
JRB_IRL_04,2023-07-05 07:00:00+00:00,0.1,0.1,0.41,0.422,32.7,69,997.6,2.8
JRB_IRL_04,2023-07-05 08:00:00+00:00,0.1,0.1,0.408,0.42,32.2,72,996.8,3.4
JRB_IRL_04,2023-07-05 09:00:00+00:00,3.5,3.5,0.431,0.422,30.4,83,996.5,5.2
JRB_IRL_04,2023-07-05 10:00:00+00:00,0.2,0.2,0.427,0.423,29.8,85,996.1,4.0
JRB_IRL_04,2023-07-05 11:00:00+00:00,0.1,0.1,0.424,0.423,29.2,92,996.3,0.4
JRB_IRL_04,2023-07-05 12:00:00+00:00,1.5,1.5,0.389,0.408,29.9,90,996.8,5.2
JRB_IRL_04,2023-07-05 13:00:00+00:00,0.1,0.1,0.389,0.408,28.8,95,997.9,4.4
JRB_IRL_04,2023-07-05 14:00:00+00:00,4.8,4.8,0.439,0.408,27.5,97,999.2,8.8
JRB_IRL_04,2023-07-05 15:00:00+00:00,4.8,4.8,0.432,0.426,26.5,100,1000.7,5.4
JRB_IRL_04,2023-07-05 16:00:00+00:00,1.9,1.9,0.433,0.432,26.3,95,1001.8,1.6
JRB_IRL_04,2023-07-05 17:00:00+00:00,0.5,0.5,0.434,0.432,26.1,100,1001.8,2.5
JRB_IRL_04,2023-07-05 18:00:00+00:00,0.6,0.6,0.435,0.432,25.9,100,1001.7,2.5
JRB_IRL_04,2023-07-05 19:00:00+00:00,2.8,2.8,0.437,0.437,25.7,100,1001.3,1.1
JRB_IRL_04,2023-07-05 20:00:00+00:00,1.3,1.3,0.438,0.437,25.8,100,1000.9,2.6
JRB_IRL_04,2023-07-05 21:00:00+00:00,0.7,0.7,0.436,0.436,25.6,100,1001.2,3.5
JRB_IRL_04,2023-07-05 22:00:00+00:00,0.1,0.1,0.431,0.435,25.7,97,1001.2,6.3
JRB_IRL_04,2023-07-05 23:00:00+00:00,0.0,0.0,0.426,0.433,25.4,97,1001.1,3.4
JRB_IRL_04,2023-07-06 00:00:00+00:00,0.0,0.0,0.427,0.433,26.2,95,1001.8,4.3
JRB_IRL_04,2023-07-06 01:00:00+00:00,0.3,0.3,0.427,0.432,26.7,99,1002.5,1.1
JRB_IRL_04,2023-07-06 02:00:00+00:00,0.0,0.0,0.423,0.431,27.2,95,1003.0,6.9
JRB_IRL_04,2023-07-06 03:00:00+00:00,0.0,0.0,0.42,0.43,27.9,92,1002.9,2.6
JRB_IRL_04,2023-07-06 04:00:00+00:00,0.0,0.0,0.418,0.429,29.7,81,1002.6,3.0
JRB_IRL_04,2023-07-06 05:00:00+00:00,0.1,0.1,0.415,0.427,31.5,72,1002.2,3.4
JRB_IRL_04,2023-07-06 06:00:00+00:00,0.1,0.1,0.412,0.425,32.8,67,1001.1,5.1
JRB_IRL_04,2023-07-06 07:00:00+00:00,0.0,0.0,0.409,0.424,32.6,67,1000.3,7.3
JRB_IRL_04,2023-07-06 08:00:00+00:00,7.4,7.4,0.439,0.427,30.8,82,999.8,7.8
JRB_IRL_04,2023-07-06 09:00:00+00:00,0.2,0.2,0.428,0.429,29.9,84,999.7,7.4
JRB_IRL_04,2023-07-06 10:00:00+00:00,2.0,2.0,0.439,0.429,28.1,88,999.8,3.7
JRB_IRL_04,2023-07-06 11:00:00+00:00,2.9,2.9,0.431,0.437,27.3,92,999.9,5.8
JRB_IRL_04,2023-07-06 12:00:00+00:00,1.4,1.4,0.427,0.432,26.7,97,1001.2,2.9
JRB_IRL_04,2023-07-06 13:00:00+00:00,0.3,0.3,0.426,0.431,26.3,94,1002.3,5.2
JRB_IRL_04,2023-07-06 14:00:00+00:00,0.8,0.8,0.431,0.431,25.5,100,1002.9,6.1
JRB_IRL_04,2023-07-06 15:00:00+00:00,2.0,2.0,0.439,0.434,25.5,100,1003.9,4.1
JRB_IRL_04,2023-07-06 16:00:00+00:00,1.0,1.0,0.431,0.436,25.7,100,1004.4,1.5
JRB_IRL_04,2023-07-06 17:00:00+00:00,0.2,0.2,0.428,0.434,25.4,100,1004.3,1.5
JRB_IRL_04,2023-07-06 18:00:00+00:00,0.4,0.4,0.428,0.433,25.4,99,1004.1,1.4
JRB_IRL_04,2023-07-06 19:00:00+00:00,0.7,0.7,0.432,0.432,25.2,100,1003.8,4.8
JRB_IRL_04,2023-07-06 20:00:00+00:00,1.5,1.5,0.435,0.435,25.4,100,1003.3,1.1
JRB_IRL_04,2023-07-06 21:00:00+00:00,0.1,0.1,0.429,0.434,25.1,100,1003.1,2.3
JRB_IRL_04,2023-07-06 22:00:00+00:00,0.0,0.0,0.425,0.433,25.1,99,1002.9,2.7
JRB_IRL_04,2023-07-06 23:00:00+00:00,0.0,0.0,0.422,0.432,25.0,99,1003.0,3.4
JRB_IRL_04,2023-07-07 00:00:00+00:00,0.0,0.0,0.423,0.432,25.6,98,1003.6,3.1
JRB_IRL_04,2023-07-07 01:00:00+00:00,0.0,0.0,0.42,0.431,26.6,97,1004.6,1.3
JRB_IRL_04,2023-07-07 02:00:00+00:00,0.0,0.0,0.418,0.43,26.9,98,1004.9,1.9
JRB_IRL_04,2023-07-07 03:00:00+00:00,0.0,0.0,0.416,0.429,27.9,90,1005.0,2.3
JRB_IRL_04,2023-07-07 04:00:00+00:00,0.0,0.0,0.414,0.428,29.2,84,1004.9,2.3
JRB_IRL_04,2023-07-07 05:00:00+00:00,0.0,0.0,0.412,0.426,30.8,75,1004.1,1.6
JRB_IRL_04,2023-07-07 06:00:00+00:00,0.0,0.0,0.409,0.424,32.4,68,1002.7,0.8
JRB_IRL_04,2023-07-07 07:00:00+00:00,0.0,0.0,0.406,0.423,33.0,66,1001.5,5.0
JRB_IRL_04,2023-07-07 08:00:00+00:00,3.8,3.8,0.431,0.425,30.4,81,1001.2,9.8
JRB_IRL_04,2023-07-07 09:00:00+00:00,0.1,0.1,0.427,0.425,30.4,84,1000.3,1.9
JRB_IRL_04,2023-07-07 10:00:00+00:00,3.9,3.9,0.439,0.425,29.5,84,1000.2,9.2
JRB_IRL_04,2023-07-07 11:00:00+00:00,5.7,5.7,0.427,0.438,27.6,100,1000.8,2.5
JRB_IRL_04,2023-07-07 12:00:00+00:00,0.4,0.4,0.432,0.436,29.7,91,1001.1,5.6
JRB_IRL_04,2023-07-07 13:00:00+00:00,0.9,0.9,0.433,0.435,28.2,88,1002.3,7.4
JRB_IRL_04,2023-07-07 14:00:00+00:00,8.7,8.7,0.436,0.438,26.2,100,1003.5,4.6
JRB_IRL_04,2023-07-07 15:00:00+00:00,0.6,0.6,0.434,0.436,25.8,100,1004.3,5.6
JRB_IRL_04,2023-07-07 16:00:00+00:00,0.3,0.3,0.431,0.435,25.8,100,1005.1,4.0
JRB_IRL_04,2023-07-07 17:00:00+00:00,1.0,1.0,0.438,0.434,25.7,100,1005.7,3.8
JRB_IRL_04,2023-07-07 18:00:00+00:00,0.8,0.8,0.431,0.436,25.6,100,1005.5,3.1
JRB_IRL_04,2023-07-07 19:00:00+00:00,0.7,0.7,0.433,0.435,25.3,100,1005.0,2.1
JRB_IRL_04,2023-07-07 20:00:00+00:00,0.3,0.3,0.43,0.434,25.3,100,1004.3,3.7
JRB_IRL_04,2023-07-07 21:00:00+00:00,0.1,0.1,0.427,0.433,25.2,100,1003.9,2.1
JRB_IRL_04,2023-07-07 22:00:00+00:00,0.0,0.0,0.424,0.432,25.1,100,1003.9,3.4
JRB_IRL_04,2023-07-07 23:00:00+00:00,0.1,0.1,0.421,0.431,25.1,100,1003.6,2.8
JRB_IRL_04,2023-07-08 00:00:00+00:00,0.0,0.0,0.423,0.43,26.0,97,1004.2,3.2
JRB_IRL_04,2023-07-08 01:00:00+00:00,0.0,0.0,0.42,0.429,27.4,95,1005.0,0.4
JRB_IRL_04,2023-07-08 02:00:00+00:00,0.1,0.1,0.418,0.428,28.3,89,1005.7,1.5
JRB_IRL_04,2023-07-08 03:00:00+00:00,0.3,0.3,0.418,0.427,28.7,85,1005.6,0.7
JRB_IRL_04,2023-07-08 04:00:00+00:00,0.1,0.1,0.416,0.426,30.0,81,1005.1,1.3
JRB_IRL_04,2023-07-08 05:00:00+00:00,0.0,0.0,0.413,0.425,31.8,72,1004.1,1.8
JRB_IRL_04,2023-07-08 06:00:00+00:00,0.0,0.0,0.41,0.423,33.3,64,1002.9,4.9
JRB_IRL_04,2023-07-08 07:00:00+00:00,0.0,0.0,0.407,0.422,33.7,63,1001.9,7.8
JRB_IRL_04,2023-07-08 08:00:00+00:00,3.3,3.3,0.435,0.422,31.2,77,1000.7,6.8
JRB_IRL_04,2023-07-08 09:00:00+00:00,0.1,0.1,0.428,0.423,32.4,72,999.7,4.0
JRB_IRL_04,2023-07-08 10:00:00+00:00,3.1,3.1,0.436,0.427,30.8,83,999.5,3.0
JRB_IRL_04,2023-07-08 11:00:00+00:00,0.8,0.8,0.434,0.428,30.0,88,999.7,4.7
JRB_IRL_04,2023-07-08 12:00:00+00:00,8.3,8.3,0.406,0.408,30.1,91,1001.0,2.1
JRB_IRL_04,2023-07-08 13:00:00+00:00,0.0,0.0,0.405,0.408,28.6,97,1001.7,3.1
JRB_IRL_04,2023-07-08 14:00:00+00:00,6.5,6.5,0.439,0.414,26.6,95,1003.5,13.3
JRB_IRL_04,2023-07-08 15:00:00+00:00,5.4,5.4,0.433,0.43,25.6,100,1004.4,6.8
JRB_IRL_04,2023-07-08 16:00:00+00:00,0.1,0.1,0.429,0.43,25.7,96,1004.9,6.7
JRB_IRL_04,2023-07-08 17:00:00+00:00,0.1,0.1,0.426,0.43,25.5,100,1004.7,3.3
JRB_IRL_04,2023-07-08 18:00:00+00:00,1.0,1.0,0.434,0.43,25.4,100,1004.4,2.3
JRB_IRL_04,2023-07-08 19:00:00+00:00,0.2,0.2,0.43,0.43,25.5,97,1003.6,6.0
JRB_IRL_04,2023-07-08 20:00:00+00:00,0.1,0.1,0.427,0.43,25.3,100,1003.0,3.1
JRB_IRL_04,2023-07-08 21:00:00+00:00,0.0,0.0,0.424,0.429,25.6,96,1002.8,2.6
JRB_IRL_04,2023-07-08 22:00:00+00:00,0.0,0.0,0.421,0.429,25.6,95,1002.8,3.2
JRB_IRL_04,2023-07-08 23:00:00+00:00,0.3,0.3,0.423,0.428,25.2,100,1003.1,4.7
JRB_IRL_04,2023-07-09 00:00:00+00:00,0.3,0.3,0.406,0.42,26.7,93,1003.1,2.5
JRB_IRL_04,2023-07-09 01:00:00+00:00,0.0,0.0,0.405,0.419,26.9,97,1003.2,3.1
JRB_IRL_04,2023-07-09 02:00:00+00:00,0.0,0.0,0.405,0.419,28.2,91,1003.5,1.9
JRB_IRL_04,2023-07-09 03:00:00+00:00,0.3,0.3,0.406,0.418,29.3,80,1003.6,0.8
JRB_IRL_04,2023-07-09 04:00:00+00:00,0.1,0.1,0.404,0.417,30.5,76,1003.2,1.1
JRB_IRL_04,2023-07-09 05:00:00+00:00,0.0,0.0,0.402,0.415,32.1,70,1002.6,2.5
JRB_IRL_04,2023-07-09 06:00:00+00:00,0.0,0.0,0.4,0.414,33.2,65,1001.6,4.8
JRB_IRL_04,2023-07-09 07:00:00+00:00,0.0,0.0,0.397,0.413,33.6,62,1000.0,4.4
JRB_IRL_04,2023-07-09 08:00:00+00:00,0.1,0.1,0.396,0.411,33.6,64,998.7,5.8
JRB_IRL_04,2023-07-09 09:00:00+00:00,0.2,0.2,0.396,0.41,32.7,70,998.1,5.4
JRB_IRL_04,2023-07-09 10:00:00+00:00,0.3,0.3,0.396,0.409,32.1,74,998.1,5.8
JRB_IRL_04,2023-07-09 11:00:00+00:00,0.5,0.5,0.398,0.408,30.8,84,998.4,2.5
JRB_IRL_04,2023-07-09 12:00:00+00:00,1.5,1.5,0.394,0.408,30.3,87,1000.1,2.6
JRB_IRL_04,2023-07-09 13:00:00+00:00,2.1,2.1,0.415,0.407,29.1,92,1000.6,1.1
JRB_IRL_04,2023-07-09 14:00:00+00:00,7.9,7.9,0.432,0.423,26.4,100,1002.3,5.8
JRB_IRL_04,2023-07-09 15:00:00+00:00,2.5,2.5,0.439,0.428,26.4,100,1003.1,3.3
JRB_IRL_04,2023-07-09 16:00:00+00:00,1.8,1.8,0.435,0.434,26.0,100,1003.4,4.9
JRB_IRL_04,2023-07-09 17:00:00+00:00,0.1,0.1,0.43,0.433,26.0,100,1003.1,4.8
JRB_IRL_04,2023-07-09 18:00:00+00:00,0.0,0.0,0.426,0.432,25.9,99,1002.7,5.2
JRB_IRL_04,2023-07-09 19:00:00+00:00,0.0,0.0,0.422,0.432,25.8,98,1002.1,3.4
JRB_IRL_04,2023-07-09 20:00:00+00:00,0.0,0.0,0.42,0.431,25.8,97,1001.6,2.6
JRB_IRL_04,2023-07-09 21:00:00+00:00,0.0,0.0,0.418,0.43,25.9,95,1001.7,2.0
JRB_IRL_04,2023-07-09 22:00:00+00:00,0.0,0.0,0.416,0.429,25.8,97,1001.7,0.8
JRB_IRL_04,2023-07-09 23:00:00+00:00,0.0,0.0,0.415,0.428,25.8,98,1001.5,0.4
JRB_IRL_04,2023-07-10 00:00:00+00:00,0.0,0.0,0.436,0.437,25.7,99,1002.1,0.8
JRB_IRL_04,2023-07-10 01:00:00+00:00,6.6,6.6,0.439,0.439,26.1,100,1002.8,3.1
JRB_IRL_04,2023-07-10 02:00:00+00:00,12.4,12.4,0.439,0.439,25.9,100,1003.1,4.7
JRB_IRL_04,2023-07-10 03:00:00+00:00,15.6,15.6,0.436,0.439,26.0,100,1003.5,4.7
JRB_IRL_04,2023-07-10 04:00:00+00:00,4.1,4.1,0.435,0.436,26.0,100,1003.3,4.3
JRB_IRL_04,2023-07-10 05:00:00+00:00,2.3,2.3,0.438,0.436,26.6,100,1003.0,3.5
JRB_IRL_04,2023-07-10 06:00:00+00:00,1.1,1.1,0.437,0.436,27.8,96,1002.2,3.5
JRB_IRL_04,2023-07-10 07:00:00+00:00,2.4,2.4,0.425,0.437,27.9,92,1001.2,3.9
JRB_IRL_04,2023-07-10 08:00:00+00:00,0.2,0.2,0.423,0.434,29.5,79,1000.3,0.4
JRB_IRL_04,2023-07-10 09:00:00+00:00,2.1,2.1,0.437,0.432,28.4,87,999.7,1.1
JRB_IRL_04,2023-07-10 10:00:00+00:00,1.0,1.0,0.432,0.434,28.7,86,999.2,3.4
JRB_IRL_04,2023-07-10 11:00:00+00:00,0.7,0.7,0.431,0.433,28.2,95,999.0,3.7
JRB_IRL_04,2023-07-10 12:00:00+00:00,0.4,0.4,0.423,0.433,27.1,97,1000.4,4.0
JRB_IRL_04,2023-07-10 13:00:00+00:00,0.1,0.1,0.421,0.432,26.7,99,1001.2,4.9
JRB_IRL_04,2023-07-10 14:00:00+00:00,0.1,0.1,0.419,0.43,26.3,100,1001.8,3.1
JRB_IRL_04,2023-07-10 15:00:00+00:00,0.0,0.0,0.418,0.428,26.1,100,1002.7,4.0
JRB_IRL_04,2023-07-10 16:00:00+00:00,3.4,3.4,0.439,0.43,25.6,100,1003.4,2.7
JRB_IRL_04,2023-07-10 17:00:00+00:00,10.8,10.8,0.439,0.439,25.5,100,1003.5,1.8
JRB_IRL_04,2023-07-10 18:00:00+00:00,2.2,2.2,0.431,0.435,25.3,100,1003.0,3.4
JRB_IRL_04,2023-07-10 19:00:00+00:00,0.3,0.3,0.43,0.433,25.2,100,1002.6,4.4
JRB_IRL_04,2023-07-10 20:00:00+00:00,0.2,0.2,0.427,0.431,25.1,100,1002.3,4.7
JRB_IRL_04,2023-07-10 21:00:00+00:00,0.0,0.0,0.424,0.43,25.0,99,1002.2,5.4
JRB_IRL_04,2023-07-10 22:00:00+00:00,0.0,0.0,0.421,0.428,25.2,97,1002.2,4.0
JRB_IRL_04,2023-07-10 23:00:00+00:00,0.0,0.0,0.419,0.426,25.2,98,1002.4,3.9
JRB_IRL_04,2023-07-11 00:00:00+00:00,0.0,0.0,0.411,0.419,25.8,97,1002.4,4.3
JRB_IRL_04,2023-07-11 01:00:00+00:00,0.6,0.6,0.416,0.418,26.3,100,1002.5,2.3
JRB_IRL_04,2023-07-11 02:00:00+00:00,0.1,0.1,0.415,0.418,27.2,94,1003.0,0.5
JRB_IRL_04,2023-07-11 03:00:00+00:00,0.4,0.4,0.416,0.417,28.2,95,1003.2,1.1
JRB_IRL_04,2023-07-11 04:00:00+00:00,0.4,0.4,0.417,0.416,28.0,91,1003.2,2.1
JRB_IRL_04,2023-07-11 05:00:00+00:00,0.4,0.4,0.417,0.416,28.2,89,1002.7,1.0
JRB_IRL_04,2023-07-11 06:00:00+00:00,1.3,1.3,0.424,0.415,28.1,88,1001.6,3.0
JRB_IRL_04,2023-07-11 07:00:00+00:00,0.5,0.5,0.423,0.415,29.1,87,1000.4,0.7
JRB_IRL_04,2023-07-11 08:00:00+00:00,0.2,0.2,0.42,0.415,29.9,82,999.5,3.6
JRB_IRL_04,2023-07-11 09:00:00+00:00,3.2,3.2,0.439,0.415,29.3,85,999.1,4.8
JRB_IRL_04,2023-07-11 10:00:00+00:00,4.9,4.9,0.429,0.426,28.1,91,998.8,5.4
JRB_IRL_04,2023-07-11 11:00:00+00:00,0.0,0.0,0.425,0.426,28.5,91,998.8,3.1
JRB_IRL_04,2023-07-11 12:00:00+00:00,0.1,0.1,0.422,0.408,27.3,99,1000.3,2.5
JRB_IRL_04,2023-07-11 13:00:00+00:00,0.2,0.2,0.42,0.408,26.8,99,1000.8,0.7
JRB_IRL_04,2023-07-11 14:00:00+00:00,0.8,0.8,0.422,0.409,26.6,97,1001.7,5.5
JRB_IRL_04,2023-07-11 15:00:00+00:00,1.4,1.4,0.433,0.411,26.0,100,1002.7,3.6
JRB_IRL_04,2023-07-11 16:00:00+00:00,0.6,0.6,0.431,0.413,26.0,100,1003.5,2.3
JRB_IRL_04,2023-07-11 17:00:00+00:00,0.2,0.2,0.427,0.414,26.0,100,1003.4,1.8
JRB_IRL_04,2023-07-11 18:00:00+00:00,0.1,0.1,0.423,0.415,25.9,100,1003.0,2.6
JRB_IRL_04,2023-07-11 19:00:00+00:00,0.1,0.1,0.421,0.415,25.4,100,1002.6,3.5
JRB_IRL_04,2023-07-11 20:00:00+00:00,0.1,0.1,0.42,0.415,25.3,100,1002.3,3.9
JRB_IRL_04,2023-07-11 21:00:00+00:00,0.2,0.2,0.419,0.415,25.3,100,1002.3,2.5
JRB_IRL_04,2023-07-11 22:00:00+00:00,0.6,0.6,0.423,0.415,25.4,100,1002.5,1.1
JRB_IRL_04,2023-07-11 23:00:00+00:00,0.3,0.3,0.424,0.416,25.0,100,1002.4,1.5
JRB_IRL_04,2023-07-12 00:00:00+00:00,0.5,0.5,0.413,0.416,25.9,95,1002.2,4.3
JRB_IRL_04,2023-07-12 01:00:00+00:00,0.4,0.4,0.414,0.415,26.0,95,1003.1,4.9
JRB_IRL_04,2023-07-12 02:00:00+00:00,0.7,0.7,0.419,0.415,26.0,93,1003.9,2.9
JRB_IRL_04,2023-07-12 03:00:00+00:00,0.1,0.1,0.418,0.415,27.2,93,1004.2,3.2
JRB_IRL_04,2023-07-12 04:00:00+00:00,0.1,0.1,0.415,0.415,29.1,84,1003.5,1.1
JRB_IRL_04,2023-07-12 05:00:00+00:00,0.1,0.1,0.413,0.414,30.3,78,1002.8,2.2
JRB_IRL_04,2023-07-12 06:00:00+00:00,0.1,0.1,0.41,0.413,31.6,70,1001.9,6.4
JRB_IRL_04,2023-07-12 07:00:00+00:00,0.0,0.0,0.407,0.412,31.9,68,1000.6,7.2
JRB_IRL_04,2023-07-12 08:00:00+00:00,0.0,0.0,0.405,0.411,31.8,70,999.8,6.8
JRB_IRL_04,2023-07-12 09:00:00+00:00,0.2,0.2,0.404,0.41,30.9,75,999.4,5.4
JRB_IRL_04,2023-07-12 10:00:00+00:00,6.4,6.4,0.429,0.418,27.5,91,999.8,5.6
JRB_IRL_04,2023-07-12 11:00:00+00:00,0.0,0.0,0.424,0.418,27.1,94,999.6,5.5
JRB_IRL_04,2023-07-12 12:00:00+00:00,0.0,0.0,0.435,0.426,28.6,85,1000.2,8.7
JRB_IRL_04,2023-07-12 13:00:00+00:00,5.9,5.9,0.439,0.438,25.9,100,1001.7,5.2
JRB_IRL_04,2023-07-12 14:00:00+00:00,0.3,0.3,0.426,0.436,26.1,98,1002.1,7.7
JRB_IRL_04,2023-07-12 15:00:00+00:00,3.1,3.1,0.43,0.438,25.6,100,1003.7,4.5
JRB_IRL_04,2023-07-12 16:00:00+00:00,0.6,0.6,0.431,0.436,25.4,100,1004.2,2.6
JRB_IRL_04,2023-07-12 17:00:00+00:00,3.3,3.3,0.434,0.438,25.3,100,1004.1,2.1
JRB_IRL_04,2023-07-12 18:00:00+00:00,2.2,2.2,0.432,0.438,25.2,100,1003.9,2.6
JRB_IRL_04,2023-07-12 19:00:00+00:00,1.8,1.8,0.433,0.438,25.1,100,1003.2,3.9
JRB_IRL_04,2023-07-12 20:00:00+00:00,2.2,2.2,0.434,0.439,25.1,100,1002.7,2.1
JRB_IRL_04,2023-07-12 21:00:00+00:00,0.9,0.9,0.432,0.437,25.1,100,1002.3,1.3
JRB_IRL_04,2023-07-12 22:00:00+00:00,0.3,0.3,0.429,0.436,24.9,100,1002.1,2.9
JRB_IRL_04,2023-07-12 23:00:00+00:00,0.1,0.1,0.426,0.435,24.6,100,1002.2,3.7
JRB_IRL_04,2023-07-13 00:00:00+00:00,0.1,0.1,0.419,0.431,25.4,98,1002.9,4.8
JRB_IRL_04,2023-07-13 01:00:00+00:00,0.1,0.1,0.417,0.43,26.3,95,1003.3,4.1
JRB_IRL_04,2023-07-13 02:00:00+00:00,0.1,0.1,0.416,0.429,27.0,93,1003.6,3.9
JRB_IRL_04,2023-07-13 03:00:00+00:00,0.1,0.1,0.414,0.428,28.3,87,1003.8,2.5
JRB_IRL_04,2023-07-13 04:00:00+00:00,0.1,0.1,0.413,0.427,29.4,82,1003.7,1.1
JRB_IRL_04,2023-07-13 05:00:00+00:00,0.0,0.0,0.411,0.426,30.5,74,1003.3,1.5
JRB_IRL_04,2023-07-13 06:00:00+00:00,0.0,0.0,0.408,0.424,31.4,67,1002.2,5.5
JRB_IRL_04,2023-07-13 07:00:00+00:00,0.1,0.1,0.407,0.423,30.4,73,1001.3,5.5
JRB_IRL_04,2023-07-13 08:00:00+00:00,1.1,1.1,0.413,0.422,29.0,80,1000.8,6.3
JRB_IRL_04,2023-07-13 09:00:00+00:00,0.5,0.5,0.414,0.421,29.2,81,1000.4,3.0
JRB_IRL_04,2023-07-13 10:00:00+00:00,0.0,0.0,0.412,0.42,29.3,82,1000.0,3.7
JRB_IRL_04,2023-07-13 11:00:00+00:00,0.1,0.1,0.411,0.419,28.9,84,1000.0,3.1
JRB_IRL_04,2023-07-13 12:00:00+00:00,3.9,3.9,0.43,0.424,28.7,97,999.9,2.0
JRB_IRL_04,2023-07-13 13:00:00+00:00,12.9,12.9,0.439,0.439,26.3,95,1001.6,11.2
JRB_IRL_04,2023-07-13 14:00:00+00:00,1.6,1.6,0.437,0.437,26.1,100,1002.4,3.1
JRB_IRL_04,2023-07-13 15:00:00+00:00,2.3,2.3,0.428,0.438,25.9,100,1003.4,4.5
JRB_IRL_04,2023-07-13 16:00:00+00:00,0.6,0.6,0.429,0.436,25.6,100,1003.7,4.4
JRB_IRL_04,2023-07-13 17:00:00+00:00,0.6,0.6,0.432,0.435,25.4,100,1003.6,3.2
JRB_IRL_04,2023-07-13 18:00:00+00:00,3.6,3.6,0.439,0.439,25.1,100,1003.5,4.1
JRB_IRL_04,2023-07-13 19:00:00+00:00,3.5,3.5,0.43,0.438,24.9,100,1002.8,3.5
JRB_IRL_04,2023-07-13 20:00:00+00:00,0.4,0.4,0.428,0.436,24.7,100,1002.0,3.0
JRB_IRL_04,2023-07-13 21:00:00+00:00,0.1,0.1,0.425,0.435,24.7,100,1001.9,3.2
JRB_IRL_04,2023-07-13 22:00:00+00:00,0.1,0.1,0.422,0.433,24.6,100,1001.9,2.5
JRB_IRL_04,2023-07-13 23:00:00+00:00,0.2,0.2,0.422,0.431,24.7,98,1002.0,4.5
JRB_IRL_04,2023-07-14 00:00:00+00:00,0.0,0.0,0.415,0.425,25.3,97,1002.8,4.1
JRB_IRL_04,2023-07-14 01:00:00+00:00,0.0,0.0,0.414,0.424,26.5,96,1002.8,2.1
JRB_IRL_04,2023-07-14 02:00:00+00:00,0.0,0.0,0.412,0.423,27.6,91,1003.2,3.3
JRB_IRL_04,2023-07-14 03:00:00+00:00,0.0,0.0,0.41,0.422,28.8,84,1003.7,1.8
JRB_IRL_04,2023-07-14 04:00:00+00:00,0.6,0.6,0.412,0.421,29.6,79,1003.9,1.5
JRB_IRL_04,2023-07-14 05:00:00+00:00,1.7,1.7,0.421,0.421,30.4,76,1003.3,0.8
JRB_IRL_04,2023-07-14 06:00:00+00:00,1.4,1.4,0.427,0.421,30.5,77,1002.3,1.3
JRB_IRL_04,2023-07-14 07:00:00+00:00,0.1,0.1,0.423,0.421,31.9,69,1001.0,1.6
JRB_IRL_04,2023-07-14 08:00:00+00:00,0.0,0.0,0.419,0.42,32.4,67,999.9,2.1
JRB_IRL_04,2023-07-14 09:00:00+00:00,0.0,0.0,0.415,0.419,32.7,66,998.6,2.9
JRB_IRL_04,2023-07-14 10:00:00+00:00,0.3,0.3,0.414,0.418,31.5,68,998.4,6.0
JRB_IRL_04,2023-07-14 11:00:00+00:00,0.2,0.2,0.414,0.417,29.7,82,999.2,8.2
JRB_IRL_04,2023-07-14 12:00:00+00:00,0.7,0.7,0.439,0.413,30.5,88,999.4,3.8
JRB_IRL_04,2023-07-14 13:00:00+00:00,0.0,0.0,0.425,0.417,29.3,83,1000.1,8.7
JRB_IRL_04,2023-07-14 14:00:00+00:00,0.0,0.0,0.421,0.418,28.5,86,1001.4,5.6
JRB_IRL_04,2023-07-14 15:00:00+00:00,3.4,3.4,0.437,0.422,26.5,96,1003.1,8.2
JRB_IRL_04,2023-07-14 16:00:00+00:00,0.8,0.8,0.43,0.426,25.9,100,1003.4,4.9
JRB_IRL_04,2023-07-14 17:00:00+00:00,2.3,2.3,0.439,0.43,25.4,100,1003.8,4.4
JRB_IRL_04,2023-07-14 18:00:00+00:00,0.7,0.7,0.433,0.433,25.3,100,1003.3,6.9
JRB_IRL_04,2023-07-14 19:00:00+00:00,0.7,0.7,0.437,0.433,25.1,100,1002.7,2.9
JRB_IRL_04,2023-07-14 20:00:00+00:00,3.0,3.0,0.439,0.439,24.9,100,1002.5,1.4
JRB_IRL_04,2023-07-14 21:00:00+00:00,13.6,13.6,0.439,0.439,24.5,100,1002.5,6.6
JRB_IRL_04,2023-07-14 22:00:00+00:00,0.9,0.9,0.43,0.437,24.2,100,1001.9,4.3
JRB_IRL_04,2023-07-14 23:00:00+00:00,0.1,0.1,0.426,0.436,24.2,100,1001.9,2.7
JRB_IRL_04,2023-07-15 00:00:00+00:00,0.0,0.0,0.424,0.434,25.1,98,1001.8,4.0
JRB_IRL_04,2023-07-15 01:00:00+00:00,0.0,0.0,0.421,0.433,26.5,95,1002.3,2.3
JRB_IRL_04,2023-07-15 02:00:00+00:00,0.0,0.0,0.419,0.432,28.1,88,1002.6,2.4
JRB_IRL_04,2023-07-15 03:00:00+00:00,0.0,0.0,0.416,0.43,29.5,80,1002.7,3.0
JRB_IRL_04,2023-07-15 04:00:00+00:00,0.2,0.2,0.415,0.429,30.9,73,1002.6,2.5
JRB_IRL_04,2023-07-15 05:00:00+00:00,0.0,0.0,0.412,0.427,32.2,68,1002.1,3.8
JRB_IRL_04,2023-07-15 06:00:00+00:00,0.0,0.0,0.409,0.425,33.1,66,1000.8,6.0
JRB_IRL_04,2023-07-15 07:00:00+00:00,0.1,0.1,0.407,0.423,33.7,63,999.2,6.5
JRB_IRL_04,2023-07-15 08:00:00+00:00,0.5,0.5,0.408,0.422,31.6,70,998.1,6.6
JRB_IRL_04,2023-07-15 09:00:00+00:00,0.1,0.1,0.407,0.42,32.3,69,997.3,1.5
JRB_IRL_04,2023-07-15 10:00:00+00:00,0.1,0.1,0.406,0.419,31.8,73,997.3,4.7
JRB_IRL_04,2023-07-15 11:00:00+00:00,0.0,0.0,0.404,0.418,30.4,79,997.7,1.6
JRB_IRL_04,2023-07-15 12:00:00+00:00,4.2,4.2,0.4,0.419,29.5,91,998.5,5.2
JRB_IRL_04,2023-07-15 13:00:00+00:00,0.0,0.0,0.4,0.418,28.5,94,999.0,5.8
JRB_IRL_04,2023-07-15 14:00:00+00:00,0.0,0.0,0.4,0.418,27.7,97,1000.1,5.9
JRB_IRL_04,2023-07-15 15:00:00+00:00,0.0,0.0,0.4,0.417,27.2,99,1000.9,1.5
JRB_IRL_04,2023-07-15 16:00:00+00:00,8.5,8.5,0.439,0.427,25.9,100,1002.6,5.1
JRB_IRL_04,2023-07-15 17:00:00+00:00,4.3,4.3,0.436,0.437,25.8,100,1002.8,4.9
JRB_IRL_04,2023-07-15 18:00:00+00:00,0.9,0.9,0.438,0.437,25.6,100,1002.6,5.9
JRB_IRL_04,2023-07-15 19:00:00+00:00,0.6,0.6,0.435,0.437,25.7,100,1001.6,2.6
JRB_IRL_04,2023-07-15 20:00:00+00:00,0.3,0.3,0.432,0.436,25.6,100,1001.4,4.1
JRB_IRL_04,2023-07-15 21:00:00+00:00,0.1,0.1,0.427,0.435,25.4,100,1001.0,3.8
JRB_IRL_04,2023-07-15 22:00:00+00:00,0.1,0.1,0.424,0.434,25.3,100,1001.1,3.6
JRB_IRL_04,2023-07-15 23:00:00+00:00,0.0,0.0,0.421,0.432,25.5,97,1001.0,3.7
JRB_IRL_04,2023-07-16 00:00:00+00:00,0.0,0.0,0.42,0.432,26.3,94,1001.2,4.9
JRB_IRL_04,2023-07-16 01:00:00+00:00,0.0,0.0,0.418,0.431,27.2,93,1001.7,3.3
JRB_IRL_04,2023-07-16 02:00:00+00:00,0.0,0.0,0.416,0.43,28.1,90,1002.1,4.0
JRB_IRL_04,2023-07-16 03:00:00+00:00,0.1,0.1,0.414,0.429,29.2,81,1002.1,3.2
JRB_IRL_04,2023-07-16 04:00:00+00:00,0.1,0.1,0.412,0.427,30.1,74,1001.9,3.4
JRB_IRL_04,2023-07-16 05:00:00+00:00,0.0,0.0,0.41,0.426,31.5,68,1001.3,3.6
JRB_IRL_04,2023-07-16 06:00:00+00:00,0.0,0.0,0.407,0.424,32.3,65,1000.4,3.9
JRB_IRL_04,2023-07-16 07:00:00+00:00,0.0,0.0,0.405,0.422,31.8,66,999.3,2.8
JRB_IRL_04,2023-07-16 08:00:00+00:00,0.2,0.2,0.405,0.421,31.3,70,998.8,3.2
JRB_IRL_04,2023-07-16 09:00:00+00:00,0.3,0.3,0.406,0.419,30.7,76,998.0,4.3
JRB_IRL_04,2023-07-16 10:00:00+00:00,0.1,0.1,0.405,0.418,29.9,85,997.3,2.5
JRB_IRL_04,2023-07-16 11:00:00+00:00,0.1,0.1,0.405,0.418,29.5,87,997.4,2.9
JRB_IRL_04,2023-07-16 12:00:00+00:00,0.1,0.1,0.402,0.418,28.3,97,998.5,3.3
JRB_IRL_04,2023-07-16 13:00:00+00:00,0.0,0.0,0.401,0.417,27.3,99,999.0,3.0
JRB_IRL_04,2023-07-16 14:00:00+00:00,0.0,0.0,0.401,0.417,27.1,99,999.5,2.6
JRB_IRL_04,2023-07-16 15:00:00+00:00,0.0,0.0,0.401,0.416,27.3,99,1000.3,5.1
JRB_IRL_04,2023-07-16 16:00:00+00:00,0.0,0.0,0.4,0.415,27.0,98,1000.9,6.1
JRB_IRL_04,2023-07-16 17:00:00+00:00,0.0,0.0,0.4,0.415,26.6,94,1001.3,7.2
JRB_IRL_04,2023-07-16 18:00:00+00:00,2.6,2.6,0.426,0.414,25.5,93,1001.1,8.9
JRB_IRL_04,2023-07-16 19:00:00+00:00,0.8,0.8,0.43,0.416,24.9,100,1000.7,4.0
JRB_IRL_04,2023-07-16 20:00:00+00:00,0.8,0.8,0.432,0.418,25.1,100,1000.3,3.1
JRB_IRL_04,2023-07-16 21:00:00+00:00,0.9,0.9,0.433,0.421,25.1,100,1000.0,2.8
JRB_IRL_04,2023-07-16 22:00:00+00:00,0.7,0.7,0.433,0.423,25.3,100,999.7,3.1
JRB_IRL_04,2023-07-16 23:00:00+00:00,1.1,1.1,0.436,0.426,25.3,100,999.8,2.6
JRB_IRL_04,2023-07-17 00:00:00+00:00,0.9,0.9,0.424,0.412,25.8,97,1000.5,4.4
JRB_IRL_04,2023-07-17 01:00:00+00:00,0.0,0.0,0.42,0.412,26.9,95,1000.9,3.5
JRB_IRL_04,2023-07-17 02:00:00+00:00,0.0,0.0,0.417,0.412,27.2,96,1001.2,2.5
JRB_IRL_04,2023-07-17 03:00:00+00:00,0.1,0.1,0.416,0.412,27.3,96,1001.2,0.5
JRB_IRL_04,2023-07-17 04:00:00+00:00,0.4,0.4,0.416,0.412,27.6,97,1001.2,1.0
JRB_IRL_04,2023-07-17 05:00:00+00:00,0.2,0.2,0.415,0.412,27.8,93,1000.6,1.9
JRB_IRL_04,2023-07-17 06:00:00+00:00,0.1,0.1,0.413,0.412,28.4,87,999.7,1.9
JRB_IRL_04,2023-07-17 07:00:00+00:00,0.0,0.0,0.41,0.411,30.4,76,998.4,2.6
JRB_IRL_04,2023-07-17 08:00:00+00:00,0.0,0.0,0.408,0.41,30.7,74,997.5,5.4
JRB_IRL_04,2023-07-17 09:00:00+00:00,0.0,0.0,0.405,0.409,30.6,74,996.4,6.9
JRB_IRL_04,2023-07-17 10:00:00+00:00,0.0,0.0,0.403,0.409,30.5,76,996.2,5.4
JRB_IRL_04,2023-07-17 11:00:00+00:00,0.0,0.0,0.401,0.408,29.8,81,995.8,3.4
JRB_IRL_04,2023-07-17 12:00:00+00:00,0.0,0.0,0.398,0.408,29.8,81,996.4,3.5
JRB_IRL_04,2023-07-17 13:00:00+00:00,0.0,0.0,0.397,0.408,28.0,87,997.1,3.4
JRB_IRL_04,2023-07-17 14:00:00+00:00,0.0,0.0,0.397,0.407,27.7,89,997.7,3.9
JRB_IRL_04,2023-07-17 15:00:00+00:00,0.0,0.0,0.396,0.407,27.3,92,998.7,5.4
JRB_IRL_04,2023-07-17 16:00:00+00:00,0.0,0.0,0.396,0.406,26.9,95,999.5,5.2
JRB_IRL_04,2023-07-17 17:00:00+00:00,0.0,0.0,0.395,0.406,26.7,97,999.8,4.7
JRB_IRL_04,2023-07-17 18:00:00+00:00,0.0,0.0,0.395,0.405,26.5,98,999.8,4.7
JRB_IRL_04,2023-07-17 19:00:00+00:00,0.0,0.0,0.394,0.405,26.3,98,999.4,4.0
JRB_IRL_04,2023-07-17 20:00:00+00:00,0.0,0.0,0.394,0.405,26.2,98,999.3,3.8
JRB_IRL_04,2023-07-17 21:00:00+00:00,0.0,0.0,0.393,0.404,26.3,98,999.3,2.2
JRB_IRL_04,2023-07-17 22:00:00+00:00,0.0,0.0,0.393,0.404,26.0,99,998.9,3.1
JRB_IRL_04,2023-07-17 23:00:00+00:00,0.8,0.8,0.398,0.403,25.6,99,999.5,4.3
JRB_IRL_04,2023-07-18 00:00:00+00:00,0.1,0.1,0.392,0.403,26.4,97,1000.1,2.4
JRB_IRL_04,2023-07-18 01:00:00+00:00,0.0,0.0,0.391,0.402,27.8,89,1000.5,4.3
JRB_IRL_04,2023-07-18 02:00:00+00:00,0.0,0.0,0.39,0.402,28.6,86,1000.4,3.7
JRB_IRL_04,2023-07-18 03:00:00+00:00,0.1,0.1,0.389,0.401,31.0,75,1000.1,4.1
JRB_IRL_04,2023-07-18 04:00:00+00:00,0.0,0.0,0.388,0.4,32.0,71,999.8,4.1
JRB_IRL_04,2023-07-18 05:00:00+00:00,0.0,0.0,0.385,0.398,33.3,67,998.8,3.3
JRB_IRL_04,2023-07-18 06:00:00+00:00,0.0,0.0,0.383,0.397,34.2,64,997.7,5.0
JRB_IRL_04,2023-07-18 07:00:00+00:00,0.0,0.0,0.381,0.396,35.1,60,996.0,5.7
JRB_IRL_04,2023-07-18 08:00:00+00:00,0.0,0.0,0.379,0.394,35.6,58,994.6,6.4
JRB_IRL_04,2023-07-18 09:00:00+00:00,0.0,0.0,0.377,0.393,35.4,61,993.9,6.5
JRB_IRL_04,2023-07-18 10:00:00+00:00,0.0,0.0,0.375,0.392,34.9,64,993.7,8.0
JRB_IRL_04,2023-07-18 11:00:00+00:00,0.0,0.0,0.374,0.391,33.3,77,993.9,4.2
JRB_IRL_04,2023-07-18 12:00:00+00:00,9.0,9.0,0.365,0.387,32.0,86,994.3,1.5
JRB_IRL_04,2023-07-18 13:00:00+00:00,0.0,0.0,0.365,0.387,31.0,87,995.3,2.9
JRB_IRL_04,2023-07-18 14:00:00+00:00,0.0,0.0,0.365,0.386,30.5,84,996.4,7.2
JRB_IRL_04,2023-07-18 15:00:00+00:00,0.0,0.0,0.366,0.386,29.8,86,997.4,6.8
JRB_IRL_04,2023-07-18 16:00:00+00:00,0.1,0.1,0.367,0.385,28.9,89,998.6,4.0
JRB_IRL_04,2023-07-18 17:00:00+00:00,2.0,2.0,0.383,0.385,27.9,93,999.5,5.4
JRB_IRL_04,2023-07-18 18:00:00+00:00,0.1,0.1,0.383,0.385,27.0,99,999.9,2.2
JRB_IRL_04,2023-07-18 19:00:00+00:00,0.0,0.0,0.383,0.385,26.7,100,999.4,0.8
JRB_IRL_04,2023-07-18 20:00:00+00:00,0.0,0.0,0.383,0.385,26.4,100,998.9,2.4
JRB_IRL_04,2023-07-18 21:00:00+00:00,0.0,0.0,0.382,0.384,26.7,98,998.7,3.7
JRB_IRL_04,2023-07-18 22:00:00+00:00,0.0,0.0,0.382,0.384,26.4,98,998.4,3.7
JRB_IRL_04,2023-07-18 23:00:00+00:00,0.0,0.0,0.382,0.384,26.0,98,998.3,3.1
JRB_IRL_04,2023-07-19 00:00:00+00:00,0.0,0.0,0.409,0.412,26.4,93,998.6,4.2
JRB_IRL_04,2023-07-19 01:00:00+00:00,0.0,0.0,0.407,0.412,27.4,95,999.1,2.2
JRB_IRL_04,2023-07-19 02:00:00+00:00,0.0,0.0,0.406,0.412,28.9,87,999.5,0.5
JRB_IRL_04,2023-07-19 03:00:00+00:00,0.0,0.0,0.404,0.411,30.4,79,999.4,1.6
JRB_IRL_04,2023-07-19 04:00:00+00:00,0.0,0.0,0.402,0.411,31.9,72,999.0,2.3
JRB_IRL_04,2023-07-19 05:00:00+00:00,0.0,0.0,0.399,0.409,33.3,65,997.9,1.3
JRB_IRL_04,2023-07-19 06:00:00+00:00,0.0,0.0,0.397,0.408,34.2,62,996.9,4.0
JRB_IRL_04,2023-07-19 07:00:00+00:00,0.0,0.0,0.394,0.407,35.1,60,995.3,5.5
JRB_IRL_04,2023-07-19 08:00:00+00:00,0.0,0.0,0.391,0.406,35.7,58,993.8,6.7
JRB_IRL_04,2023-07-19 09:00:00+00:00,0.0,0.0,0.389,0.404,35.5,60,992.9,8.0
JRB_IRL_04,2023-07-19 10:00:00+00:00,0.0,0.0,0.387,0.403,34.7,64,992.7,8.3
JRB_IRL_04,2023-07-19 11:00:00+00:00,0.0,0.0,0.386,0.402,33.7,72,993.2,5.4
JRB_IRL_04,2023-07-19 12:00:00+00:00,0.0,0.0,0.38,0.399,31.9,80,994.5,1.3
JRB_IRL_04,2023-07-19 13:00:00+00:00,0.0,0.0,0.38,0.398,30.1,89,995.5,2.1
JRB_IRL_04,2023-07-19 14:00:00+00:00,0.0,0.0,0.38,0.398,29.0,94,996.2,3.3
JRB_IRL_04,2023-07-19 15:00:00+00:00,0.0,0.0,0.38,0.398,28.5,95,997.4,3.4
JRB_IRL_04,2023-07-19 16:00:00+00:00,0.0,0.0,0.38,0.397,28.8,91,998.4,4.2
JRB_IRL_04,2023-07-19 17:00:00+00:00,0.0,0.0,0.38,0.397,28.5,92,998.7,1.8
JRB_IRL_04,2023-07-19 18:00:00+00:00,0.0,0.0,0.38,0.397,28.3,91,998.4,2.1
JRB_IRL_04,2023-07-19 19:00:00+00:00,0.0,0.0,0.381,0.396,28.6,87,997.8,3.3
JRB_IRL_04,2023-07-19 20:00:00+00:00,0.0,0.0,0.381,0.396,28.0,92,997.8,2.3
JRB_IRL_04,2023-07-19 21:00:00+00:00,0.2,0.2,0.382,0.396,27.8,93,998.0,1.9
JRB_IRL_04,2023-07-19 22:00:00+00:00,0.1,0.1,0.383,0.395,27.4,95,997.8,3.1
JRB_IRL_04,2023-07-19 23:00:00+00:00,0.0,0.0,0.383,0.395,27.3,95,998.3,3.3
JRB_IRL_04,2023-07-20 00:00:00+00:00,0.0,0.0,0.389,0.396,27.6,97,998.7,3.2
JRB_IRL_04,2023-07-20 01:00:00+00:00,0.0,0.0,0.389,0.395,28.8,88,999.2,2.4
JRB_IRL_04,2023-07-20 02:00:00+00:00,0.1,0.1,0.388,0.395,29.8,81,999.3,2.7
JRB_IRL_04,2023-07-20 03:00:00+00:00,0.0,0.0,0.387,0.394,31.2,75,999.4,2.6
JRB_IRL_04,2023-07-20 04:00:00+00:00,0.0,0.0,0.385,0.393,32.4,70,998.8,4.7
JRB_IRL_04,2023-07-20 05:00:00+00:00,0.0,0.0,0.382,0.392,33.7,64,998.0,3.8
JRB_IRL_04,2023-07-20 06:00:00+00:00,0.0,0.0,0.38,0.391,34.8,61,996.5,2.9
JRB_IRL_04,2023-07-20 07:00:00+00:00,0.0,0.0,0.378,0.389,35.6,59,995.2,1.8
JRB_IRL_04,2023-07-20 08:00:00+00:00,0.1,0.1,0.376,0.388,34.9,61,995.0,5.3
JRB_IRL_04,2023-07-20 09:00:00+00:00,0.4,0.4,0.377,0.387,31.8,74,994.4,11.3
JRB_IRL_04,2023-07-20 10:00:00+00:00,0.0,0.0,0.376,0.387,31.1,83,994.7,4.4
JRB_IRL_04,2023-07-20 11:00:00+00:00,0.0,0.0,0.376,0.386,30.6,84,994.7,6.7
JRB_IRL_04,2023-07-20 12:00:00+00:00,0.0,0.0,0.403,0.394,30.0,87,996.1,3.9
JRB_IRL_04,2023-07-20 13:00:00+00:00,0.0,0.0,0.402,0.394,28.9,94,997.2,2.2
JRB_IRL_04,2023-07-20 14:00:00+00:00,5.8,5.8,0.428,0.403,27.9,95,998.4,1.3
JRB_IRL_04,2023-07-20 15:00:00+00:00,0.1,0.1,0.423,0.405,27.4,100,999.3,2.9
JRB_IRL_04,2023-07-20 16:00:00+00:00,0.0,0.0,0.419,0.406,27.2,98,1000.3,6.9
JRB_IRL_04,2023-07-20 17:00:00+00:00,0.0,0.0,0.416,0.407,26.9,98,1000.0,3.1
JRB_IRL_04,2023-07-20 18:00:00+00:00,0.0,0.0,0.414,0.407,26.6,99,1000.6,5.8
JRB_IRL_04,2023-07-20 19:00:00+00:00,2.0,2.0,0.432,0.41,26.0,98,1000.3,4.8
JRB_IRL_04,2023-07-20 20:00:00+00:00,0.1,0.1,0.425,0.412,25.9,99,1000.1,2.1
JRB_IRL_04,2023-07-20 21:00:00+00:00,0.1,0.1,0.421,0.412,25.6,99,999.6,4.3
JRB_IRL_04,2023-07-20 22:00:00+00:00,0.0,0.0,0.418,0.413,25.5,99,1000.0,4.2
JRB_IRL_04,2023-07-20 23:00:00+00:00,0.0,0.0,0.416,0.413,25.3,99,1000.7,4.4
JRB_IRL_04,2023-07-21 00:00:00+00:00,1.4,1.4,0.396,0.394,25.9,97,1001.7,3.3
JRB_IRL_04,2023-07-21 01:00:00+00:00,0.0,0.0,0.396,0.394,26.6,96,1002.2,2.5
JRB_IRL_04,2023-07-21 02:00:00+00:00,0.0,0.0,0.395,0.394,27.6,91,1002.6,3.4
JRB_IRL_04,2023-07-21 03:00:00+00:00,0.0,0.0,0.394,0.394,28.3,88,1002.6,1.8
JRB_IRL_04,2023-07-21 04:00:00+00:00,0.0,0.0,0.392,0.393,30.6,77,1002.3,2.3
JRB_IRL_04,2023-07-21 05:00:00+00:00,0.0,0.0,0.39,0.392,32.4,69,1001.8,3.9
JRB_IRL_04,2023-07-21 06:00:00+00:00,0.0,0.0,0.387,0.391,32.7,68,1000.3,4.9
JRB_IRL_04,2023-07-21 07:00:00+00:00,0.4,0.4,0.388,0.39,32.5,69,1000.1,5.1
JRB_IRL_04,2023-07-21 08:00:00+00:00,0.1,0.1,0.388,0.39,29.8,86,999.5,5.9
JRB_IRL_04,2023-07-21 09:00:00+00:00,0.0,0.0,0.387,0.39,30.2,84,998.9,3.3
JRB_IRL_04,2023-07-21 10:00:00+00:00,0.0,0.0,0.386,0.389,30.8,79,998.6,2.7
JRB_IRL_04,2023-07-21 11:00:00+00:00,0.1,0.1,0.385,0.389,30.5,83,999.1,0.5
JRB_IRL_04,2023-07-21 12:00:00+00:00,0.0,0.0,0.359,0.382,31.1,87,1000.1,5.5
JRB_IRL_04,2023-07-21 13:00:00+00:00,0.0,0.0,0.359,0.381,29.8,88,1000.8,13.0
JRB_IRL_04,2023-07-21 14:00:00+00:00,0.1,0.1,0.36,0.381,28.5,87,1002.4,4.8
JRB_IRL_04,2023-07-21 15:00:00+00:00,0.1,0.1,0.361,0.381,27.8,93,1003.9,1.8
JRB_IRL_04,2023-07-21 16:00:00+00:00,3.5,3.5,0.4,0.38,27.1,95,1005.5,3.6
JRB_IRL_04,2023-07-21 17:00:00+00:00,8.9,8.9,0.438,0.398,26.4,100,1005.8,3.9
JRB_IRL_04,2023-07-21 18:00:00+00:00,5.4,5.4,0.439,0.417,26.1,100,1005.2,1.5
JRB_IRL_04,2023-07-21 19:00:00+00:00,2.5,2.5,0.436,0.427,25.8,100,1004.9,3.1
JRB_IRL_04,2023-07-21 20:00:00+00:00,7.7,7.7,0.439,0.439,25.5,100,1004.6,3.3
JRB_IRL_04,2023-07-21 21:00:00+00:00,0.1,0.1,0.427,0.435,25.3,99,1003.6,5.6
JRB_IRL_04,2023-07-21 22:00:00+00:00,0.0,0.0,0.423,0.433,25.4,99,1003.7,2.6
JRB_IRL_04,2023-07-21 23:00:00+00:00,0.0,0.0,0.421,0.432,25.4,98,1004.2,2.3
JRB_IRL_04,2023-07-22 00:00:00+00:00,0.0,0.0,0.418,0.425,26.2,98,1005.2,5.2
JRB_IRL_04,2023-07-22 01:00:00+00:00,0.1,0.1,0.417,0.424,27.2,97,1005.8,5.4
JRB_IRL_04,2023-07-22 02:00:00+00:00,0.0,0.0,0.415,0.423,28.2,92,1005.6,3.5
JRB_IRL_04,2023-07-22 03:00:00+00:00,0.0,0.0,0.413,0.422,30.0,84,1005.7,1.3
JRB_IRL_04,2023-07-22 04:00:00+00:00,0.0,0.0,0.411,0.421,31.0,75,1005.5,2.9
JRB_IRL_04,2023-07-22 05:00:00+00:00,0.0,0.0,0.408,0.42,32.4,65,1005.0,2.3
JRB_IRL_04,2023-07-22 06:00:00+00:00,0.0,0.0,0.405,0.418,33.1,62,1004.1,4.0
JRB_IRL_04,2023-07-22 07:00:00+00:00,0.0,0.0,0.402,0.417,34.0,59,1002.9,4.7
JRB_IRL_04,2023-07-22 08:00:00+00:00,0.0,0.0,0.4,0.415,33.9,61,1001.8,3.1
JRB_IRL_04,2023-07-22 09:00:00+00:00,0.0,0.0,0.398,0.414,32.7,69,1001.0,5.5
JRB_IRL_04,2023-07-22 10:00:00+00:00,0.0,0.0,0.397,0.413,32.5,71,1000.8,4.0
JRB_IRL_04,2023-07-22 11:00:00+00:00,0.0,0.0,0.396,0.412,32.1,76,1000.8,3.8
JRB_IRL_04,2023-07-22 12:00:00+00:00,0.0,0.0,0.399,0.412,31.0,87,1002.2,3.7
JRB_IRL_04,2023-07-22 13:00:00+00:00,0.0,0.0,0.398,0.412,29.5,94,1002.6,7.2
JRB_IRL_04,2023-07-22 14:00:00+00:00,0.0,0.0,0.398,0.411,29.0,93,1003.6,7.9
JRB_IRL_04,2023-07-22 15:00:00+00:00,0.0,0.0,0.397,0.411,28.9,90,1004.3,7.9
JRB_IRL_04,2023-07-22 16:00:00+00:00,0.1,0.1,0.398,0.41,28.1,94,1004.9,1.4
JRB_IRL_04,2023-07-22 17:00:00+00:00,0.1,0.1,0.398,0.41,27.0,97,1005.6,2.7
JRB_IRL_04,2023-07-22 18:00:00+00:00,7.0,7.0,0.437,0.421,26.1,100,1005.9,6.0
JRB_IRL_04,2023-07-22 19:00:00+00:00,3.4,3.4,0.439,0.434,26.0,100,1005.6,6.2
JRB_IRL_04,2023-07-22 20:00:00+00:00,7.2,7.2,0.439,0.439,25.8,100,1005.4,4.1
JRB_IRL_04,2023-07-22 21:00:00+00:00,3.5,3.5,0.432,0.437,25.7,100,1005.4,3.1
JRB_IRL_04,2023-07-22 22:00:00+00:00,0.4,0.4,0.43,0.435,25.7,100,1004.7,3.3
JRB_IRL_04,2023-07-22 23:00:00+00:00,0.3,0.3,0.429,0.434,25.8,100,1005.1,1.9
JRB_IRL_04,2023-07-23 00:00:00+00:00,0.3,0.3,0.427,0.433,26.4,97,1005.4,1.5
JRB_IRL_04,2023-07-23 01:00:00+00:00,0.1,0.1,0.424,0.432,27.1,97,1005.7,1.5
JRB_IRL_04,2023-07-23 02:00:00+00:00,0.0,0.0,0.421,0.431,27.9,93,1005.4,3.1
JRB_IRL_04,2023-07-23 03:00:00+00:00,0.0,0.0,0.418,0.43,29.1,87,1005.3,0.0
JRB_IRL_04,2023-07-23 04:00:00+00:00,0.1,0.1,0.416,0.428,31.0,75,1005.1,1.3
JRB_IRL_04,2023-07-23 05:00:00+00:00,0.0,0.0,0.413,0.427,32.4,70,1004.8,3.1
JRB_IRL_04,2023-07-23 06:00:00+00:00,0.0,0.0,0.41,0.425,33.8,66,1003.4,4.2
JRB_IRL_04,2023-07-23 07:00:00+00:00,0.0,0.0,0.407,0.423,34.4,63,1001.9,4.8
JRB_IRL_04,2023-07-23 08:00:00+00:00,0.1,0.1,0.405,0.422,33.4,66,1000.8,6.4
JRB_IRL_04,2023-07-23 09:00:00+00:00,0.1,0.1,0.404,0.42,32.8,67,1000.0,5.6
JRB_IRL_04,2023-07-23 10:00:00+00:00,0.2,0.2,0.404,0.419,32.1,76,999.4,2.6
JRB_IRL_04,2023-07-23 11:00:00+00:00,0.0,0.0,0.403,0.418,31.7,80,999.2,1.1
JRB_IRL_04,2023-07-23 12:00:00+00:00,0.0,0.0,0.408,0.42,30.4,90,1000.1,3.2
JRB_IRL_04,2023-07-23 13:00:00+00:00,0.0,0.0,0.407,0.419,29.2,95,1000.5,5.8
JRB_IRL_04,2023-07-23 14:00:00+00:00,0.0,0.0,0.407,0.419,28.6,94,1001.5,5.9
JRB_IRL_04,2023-07-23 15:00:00+00:00,0.0,0.0,0.406,0.418,27.9,98,1002.0,4.4
JRB_IRL_04,2023-07-23 16:00:00+00:00,0.8,0.8,0.41,0.418,27.2,96,1003.0,6.6
JRB_IRL_04,2023-07-23 17:00:00+00:00,7.9,7.9,0.433,0.431,25.8,100,1003.9,7.7
JRB_IRL_04,2023-07-23 18:00:00+00:00,3.7,3.7,0.439,0.437,25.6,100,1003.5,5.2
JRB_IRL_04,2023-07-23 19:00:00+00:00,8.5,8.5,0.435,0.438,25.5,100,1003.2,1.5
JRB_IRL_04,2023-07-23 20:00:00+00:00,9.0,9.0,0.439,0.439,25.3,100,1002.9,3.4
JRB_IRL_04,2023-07-23 21:00:00+00:00,4.4,4.4,0.433,0.438,25.2,100,1002.4,0.4
JRB_IRL_04,2023-07-23 22:00:00+00:00,0.5,0.5,0.432,0.437,25.3,100,1002.5,0.8
JRB_IRL_04,2023-07-23 23:00:00+00:00,0.3,0.3,0.43,0.436,25.1,100,1002.7,2.4
JRB_IRL_04,2023-07-24 00:00:00+00:00,0.3,0.3,0.418,0.431,25.9,96,1003.0,3.2
JRB_IRL_04,2023-07-24 01:00:00+00:00,0.7,0.7,0.423,0.43,26.6,95,1004.1,1.5
JRB_IRL_04,2023-07-24 02:00:00+00:00,0.2,0.2,0.422,0.43,27.2,92,1004.2,3.1
JRB_IRL_04,2023-07-24 03:00:00+00:00,0.0,0.0,0.419,0.429,27.7,89,1003.4,3.3
JRB_IRL_04,2023-07-24 04:00:00+00:00,0.0,0.0,0.417,0.428,28.7,83,1003.5,2.9
JRB_IRL_04,2023-07-24 05:00:00+00:00,0.0,0.0,0.414,0.427,30.7,74,1002.6,2.4
JRB_IRL_04,2023-07-24 06:00:00+00:00,0.1,0.1,0.411,0.425,32.2,67,1001.3,2.3
JRB_IRL_04,2023-07-24 07:00:00+00:00,0.0,0.0,0.409,0.423,32.6,68,1000.4,4.1
JRB_IRL_04,2023-07-24 08:00:00+00:00,0.0,0.0,0.406,0.422,33.4,66,999.4,5.4
JRB_IRL_04,2023-07-24 09:00:00+00:00,0.0,0.0,0.404,0.42,33.2,66,998.4,4.1
JRB_IRL_04,2023-07-24 10:00:00+00:00,0.1,0.1,0.403,0.418,32.8,68,998.0,3.4
JRB_IRL_04,2023-07-24 11:00:00+00:00,0.3,0.3,0.403,0.417,31.9,76,997.7,3.3
JRB_IRL_04,2023-07-24 12:00:00+00:00,0.0,0.0,0.397,0.42,29.5,85,999.1,4.0
JRB_IRL_04,2023-07-24 13:00:00+00:00,0.0,0.0,0.397,0.419,28.2,92,999.5,3.1
JRB_IRL_04,2023-07-24 14:00:00+00:00,0.0,0.0,0.397,0.418,27.7,93,1000.2,2.0
JRB_IRL_04,2023-07-24 15:00:00+00:00,0.0,0.0,0.397,0.417,27.0,95,1000.9,2.6
JRB_IRL_04,2023-07-24 16:00:00+00:00,0.0,0.0,0.397,0.416,26.6,95,1001.8,2.3
JRB_IRL_04,2023-07-24 17:00:00+00:00,0.0,0.0,0.397,0.415,26.2,97,1001.9,3.1
JRB_IRL_04,2023-07-24 18:00:00+00:00,0.0,0.0,0.397,0.414,25.9,97,1001.9,2.9
JRB_IRL_04,2023-07-24 19:00:00+00:00,0.0,0.0,0.396,0.413,25.5,98,1001.4,4.5
JRB_IRL_04,2023-07-24 20:00:00+00:00,0.0,0.0,0.396,0.412,25.3,98,1001.1,3.5
JRB_IRL_04,2023-07-24 21:00:00+00:00,0.0,0.0,0.396,0.412,25.0,99,1001.0,2.3
JRB_IRL_04,2023-07-24 22:00:00+00:00,0.0,0.0,0.396,0.411,25.2,98,1001.3,1.8
JRB_IRL_04,2023-07-24 23:00:00+00:00,0.0,0.0,0.395,0.41,25.7,95,1002.1,7.1
JRB_IRL_04,2023-07-25 00:00:00+00:00,0.0,0.0,0.391,0.409,26.6,94,1002.4,5.5
JRB_IRL_04,2023-07-25 01:00:00+00:00,0.0,0.0,0.391,0.408,27.9,87,1003.1,7.4
JRB_IRL_04,2023-07-25 02:00:00+00:00,0.0,0.0,0.39,0.407,29.0,80,1003.6,5.0
JRB_IRL_04,2023-07-25 03:00:00+00:00,0.0,0.0,0.389,0.405,30.2,74,1003.5,2.9
JRB_IRL_04,2023-07-25 04:00:00+00:00,0.0,0.0,0.387,0.404,31.7,70,1002.8,2.1
JRB_IRL_04,2023-07-25 05:00:00+00:00,0.0,0.0,0.386,0.402,32.8,67,1002.0,2.7
JRB_IRL_04,2023-07-25 06:00:00+00:00,0.0,0.0,0.383,0.401,33.7,64,1001.0,3.1
JRB_IRL_04,2023-07-25 07:00:00+00:00,0.0,0.0,0.381,0.399,34.3,62,999.4,4.8
JRB_IRL_04,2023-07-25 08:00:00+00:00,0.0,0.0,0.379,0.398,35.3,57,998.5,4.6
JRB_IRL_04,2023-07-25 09:00:00+00:00,0.0,0.0,0.377,0.396,34.8,59,997.9,4.0
JRB_IRL_04,2023-07-25 10:00:00+00:00,0.0,0.0,0.376,0.395,33.9,63,998.0,6.0
JRB_IRL_04,2023-07-25 11:00:00+00:00,0.0,0.0,0.375,0.394,31.3,79,997.8,9.7
JRB_IRL_04,2023-07-25 12:00:00+00:00,0.0,0.0,0.373,0.393,31.1,80,998.8,5.0
JRB_IRL_04,2023-07-25 13:00:00+00:00,0.0,0.0,0.373,0.392,29.7,85,999.6,7.6
JRB_IRL_04,2023-07-25 14:00:00+00:00,0.0,0.0,0.373,0.392,28.7,89,1000.2,5.1
JRB_IRL_04,2023-07-25 15:00:00+00:00,0.6,0.6,0.377,0.391,27.7,93,1001.4,3.5
JRB_IRL_04,2023-07-25 16:00:00+00:00,11.1,11.1,0.438,0.406,26.5,100,1003.4,1.5
JRB_IRL_04,2023-07-25 17:00:00+00:00,2.8,2.8,0.433,0.419,26.2,100,1003.6,8.3
JRB_IRL_04,2023-07-25 18:00:00+00:00,5.9,5.9,0.439,0.433,25.7,100,1003.2,5.0
JRB_IRL_04,2023-07-25 19:00:00+00:00,5.3,5.3,0.439,0.438,25.7,100,1003.0,1.8
JRB_IRL_04,2023-07-25 20:00:00+00:00,10.8,10.8,0.439,0.439,25.4,100,1002.6,4.4
JRB_IRL_04,2023-07-25 21:00:00+00:00,25.2,25.2,0.439,0.439,25.2,100,1002.7,4.8
JRB_IRL_04,2023-07-25 22:00:00+00:00,37.2,37.2,0.435,0.439,25.3,100,1002.6,4.9
JRB_IRL_04,2023-07-25 23:00:00+00:00,33.4,33.4,0.439,0.438,25.3,100,1003.0,3.3
JRB_IRL_04,2023-07-26 00:00:00+00:00,29.0,29.0,0.434,0.437,25.5,98,1003.7,3.5
JRB_IRL_04,2023-07-26 01:00:00+00:00,0.1,0.1,0.428,0.436,26.2,97,1004.1,4.2
JRB_IRL_04,2023-07-26 02:00:00+00:00,0.0,0.0,0.424,0.435,26.5,98,1004.4,1.5
JRB_IRL_04,2023-07-26 03:00:00+00:00,0.0,0.0,0.421,0.433,27.9,89,1004.6,3.1
JRB_IRL_04,2023-07-26 04:00:00+00:00,0.0,0.0,0.418,0.432,28.7,84,1004.5,4.1
JRB_IRL_04,2023-07-26 05:00:00+00:00,0.0,0.0,0.415,0.43,30.2,75,1003.6,3.6
JRB_IRL_04,2023-07-26 06:00:00+00:00,0.0,0.0,0.412,0.428,31.6,69,1002.6,3.7
JRB_IRL_04,2023-07-26 07:00:00+00:00,0.1,0.1,0.41,0.425,32.8,63,1001.4,4.1
JRB_IRL_04,2023-07-26 08:00:00+00:00,0.1,0.1,0.407,0.423,33.2,61,1000.1,4.7
JRB_IRL_04,2023-07-26 09:00:00+00:00,0.0,0.0,0.405,0.421,33.3,61,999.3,4.7
JRB_IRL_04,2023-07-26 10:00:00+00:00,0.0,0.0,0.403,0.419,32.9,64,999.0,5.4
JRB_IRL_04,2023-07-26 11:00:00+00:00,0.0,0.0,0.401,0.417,32.0,71,999.3,4.7
JRB_IRL_04,2023-07-26 12:00:00+00:00,0.0,0.0,0.403,0.418,30.3,90,1000.4,1.8
JRB_IRL_04,2023-07-26 13:00:00+00:00,0.2,0.2,0.404,0.417,29.1,88,1001.7,14.6
JRB_IRL_04,2023-07-26 14:00:00+00:00,0.4,0.4,0.406,0.416,27.5,88,1002.9,10.7
JRB_IRL_04,2023-07-26 15:00:00+00:00,10.1,10.1,0.439,0.43,25.9,100,1004.2,2.4
JRB_IRL_04,2023-07-26 16:00:00+00:00,10.1,10.1,0.439,0.439,25.8,100,1004.6,4.7
JRB_IRL_04,2023-07-26 17:00:00+00:00,5.6,5.6,0.439,0.439,25.5,100,1004.6,5.4
JRB_IRL_04,2023-07-26 18:00:00+00:00,4.5,4.5,0.438,0.435,25.4,100,1004.0,3.2
JRB_IRL_04,2023-07-26 19:00:00+00:00,5.6,5.6,0.435,0.439,25.3,100,1003.5,3.6
JRB_IRL_04,2023-07-26 20:00:00+00:00,2.9,2.9,0.431,0.43,25.1,100,1003.1,5.0
JRB_IRL_04,2023-07-26 21:00:00+00:00,0.1,0.1,0.428,0.428,25.1,100,1002.8,2.2
JRB_IRL_04,2023-07-26 22:00:00+00:00,0.1,0.1,0.425,0.426,25.1,100,1002.6,1.4
JRB_IRL_04,2023-07-26 23:00:00+00:00,0.0,0.0,0.422,0.424,25.1,100,1002.8,1.8
JRB_IRL_04,2023-07-27 00:00:00+00:00,0.0,0.0,0.41,0.427,26.1,96,1003.3,4.8
JRB_IRL_04,2023-07-27 01:00:00+00:00,0.0,0.0,0.409,0.426,27.2,94,1003.8,3.6
JRB_IRL_04,2023-07-27 02:00:00+00:00,0.0,0.0,0.409,0.424,27.7,92,1004.1,3.2
JRB_IRL_04,2023-07-27 03:00:00+00:00,0.0,0.0,0.407,0.422,28.7,85,1004.0,2.6
JRB_IRL_04,2023-07-27 04:00:00+00:00,0.1,0.1,0.406,0.42,30.1,77,1003.4,1.0
JRB_IRL_04,2023-07-27 05:00:00+00:00,0.1,0.1,0.404,0.418,31.2,73,1002.6,1.8
JRB_IRL_04,2023-07-27 06:00:00+00:00,0.0,0.0,0.402,0.416,32.4,70,1001.6,4.7
JRB_IRL_04,2023-07-27 07:00:00+00:00,0.0,0.0,0.4,0.414,32.7,69,1000.1,5.8
JRB_IRL_04,2023-07-27 08:00:00+00:00,0.0,0.0,0.398,0.412,32.7,69,999.2,7.2
JRB_IRL_04,2023-07-27 09:00:00+00:00,0.1,0.1,0.397,0.41,32.0,73,998.2,5.5
JRB_IRL_04,2023-07-27 10:00:00+00:00,2.0,2.0,0.415,0.408,30.6,76,998.4,9.9
JRB_IRL_04,2023-07-27 11:00:00+00:00,7.8,7.8,0.437,0.422,27.0,94,999.3,1.8
JRB_IRL_04,2023-07-27 12:00:00+00:00,0.1,0.1,0.415,0.401,28.7,89,999.6,5.8
JRB_IRL_04,2023-07-27 13:00:00+00:00,0.9,0.9,0.419,0.401,27.3,97,1000.2,2.1
JRB_IRL_04,2023-07-27 14:00:00+00:00,1.5,1.5,0.426,0.404,26.4,100,1000.8,6.3
JRB_IRL_04,2023-07-27 15:00:00+00:00,0.2,0.2,0.423,0.405,26.6,100,1001.5,2.9
JRB_IRL_04,2023-07-27 16:00:00+00:00,5.4,5.4,0.439,0.417,25.7,100,1002.6,4.3
JRB_IRL_04,2023-07-27 17:00:00+00:00,1.0,1.0,0.431,0.422,25.8,100,1001.9,2.3
JRB_IRL_04,2023-07-27 18:00:00+00:00,3.0,3.0,0.435,0.429,25.2,100,1001.7,4.6
JRB_IRL_04,2023-07-27 19:00:00+00:00,0.3,0.3,0.431,0.43,25.3,100,1000.9,3.1
JRB_IRL_04,2023-07-27 20:00:00+00:00,0.3,0.3,0.43,0.43,25.1,100,1000.6,3.0
JRB_IRL_04,2023-07-27 21:00:00+00:00,0.4,0.4,0.43,0.43,25.0,100,1000.0,2.9
JRB_IRL_04,2023-07-27 22:00:00+00:00,0.4,0.4,0.43,0.43,25.1,97,999.9,2.9
JRB_IRL_04,2023-07-27 23:00:00+00:00,0.1,0.1,0.427,0.43,25.0,98,1000.0,2.0
JRB_IRL_04,2023-07-28 00:00:00+00:00,0.0,0.0,0.413,0.42,25.9,97,1000.5,3.6
JRB_IRL_04,2023-07-28 01:00:00+00:00,0.0,0.0,0.412,0.42,26.8,95,1000.6,3.4
JRB_IRL_04,2023-07-28 02:00:00+00:00,0.0,0.0,0.411,0.419,28.2,89,1001.1,2.7
JRB_IRL_04,2023-07-28 03:00:00+00:00,0.0,0.0,0.409,0.418,29.2,85,1000.9,2.8
JRB_IRL_04,2023-07-28 04:00:00+00:00,0.1,0.1,0.407,0.417,30.9,77,1000.6,2.9
JRB_IRL_04,2023-07-28 05:00:00+00:00,0.0,0.0,0.405,0.415,32.2,68,999.7,6.9
JRB_IRL_04,2023-07-28 06:00:00+00:00,0.0,0.0,0.403,0.414,31.8,69,998.7,7.3
JRB_IRL_04,2023-07-28 07:00:00+00:00,0.0,0.0,0.4,0.413,32.3,69,997.4,6.0
JRB_IRL_04,2023-07-28 08:00:00+00:00,2.9,2.9,0.426,0.411,30.5,80,996.6,5.1
JRB_IRL_04,2023-07-28 09:00:00+00:00,0.4,0.4,0.424,0.412,31.3,76,995.9,3.4
JRB_IRL_04,2023-07-28 10:00:00+00:00,12.0,12.0,0.439,0.43,28.3,90,995.9,2.5
JRB_IRL_04,2023-07-28 11:00:00+00:00,0.8,0.8,0.433,0.432,27.1,100,996.5,7.7
JRB_IRL_04,2023-07-28 12:00:00+00:00,0.2,0.2,0.43,0.424,26.5,98,997.8,7.1
JRB_IRL_04,2023-07-28 13:00:00+00:00,0.0,0.0,0.426,0.425,26.2,97,998.6,5.6
JRB_IRL_04,2023-07-28 14:00:00+00:00,0.0,0.0,0.423,0.425,25.9,98,999.1,4.1
JRB_IRL_04,2023-07-28 15:00:00+00:00,0.0,0.0,0.42,0.424,25.6,98,999.5,3.5
JRB_IRL_04,2023-07-28 16:00:00+00:00,0.0,0.0,0.418,0.424,25.7,98,1000.0,3.2
JRB_IRL_04,2023-07-28 17:00:00+00:00,0.4,0.4,0.419,0.424,25.6,99,999.9,3.9
JRB_IRL_04,2023-07-28 18:00:00+00:00,0.1,0.1,0.418,0.423,25.8,97,999.5,2.4
JRB_IRL_04,2023-07-28 19:00:00+00:00,0.1,0.1,0.416,0.423,25.5,100,999.2,3.2
JRB_IRL_04,2023-07-28 20:00:00+00:00,0.0,0.0,0.415,0.423,25.4,98,998.3,3.3
JRB_IRL_04,2023-07-28 21:00:00+00:00,0.0,0.0,0.413,0.422,25.0,98,998.2,3.2
JRB_IRL_04,2023-07-28 22:00:00+00:00,0.0,0.0,0.412,0.422,24.9,97,997.9,4.2
JRB_IRL_04,2023-07-28 23:00:00+00:00,0.0,0.0,0.41,0.421,25.3,94,998.1,4.0
JRB_IRL_04,2023-07-29 00:00:00+00:00,0.0,0.0,0.416,0.421,26.1,96,998.7,4.9
JRB_IRL_04,2023-07-29 01:00:00+00:00,0.0,0.0,0.414,0.42,27.4,95,999.3,3.3
JRB_IRL_04,2023-07-29 02:00:00+00:00,0.0,0.0,0.413,0.42,28.7,88,1000.1,3.5
JRB_IRL_04,2023-07-29 03:00:00+00:00,0.0,0.0,0.41,0.419,30.3,78,1000.0,3.5
JRB_IRL_04,2023-07-29 04:00:00+00:00,0.0,0.0,0.408,0.418,31.6,72,1000.0,3.2
JRB_IRL_04,2023-07-29 05:00:00+00:00,0.0,0.0,0.405,0.416,32.7,67,999.2,3.1
JRB_IRL_04,2023-07-29 06:00:00+00:00,0.0,0.0,0.402,0.415,33.4,65,997.9,5.6
JRB_IRL_04,2023-07-29 07:00:00+00:00,0.0,0.0,0.4,0.413,33.7,64,996.5,6.7
JRB_IRL_04,2023-07-29 08:00:00+00:00,0.1,0.1,0.398,0.412,33.4,65,995.3,7.2
JRB_IRL_04,2023-07-29 09:00:00+00:00,0.0,0.0,0.396,0.41,33.3,66,994.6,4.4
JRB_IRL_04,2023-07-29 10:00:00+00:00,0.0,0.0,0.394,0.409,33.5,65,994.2,2.1
JRB_IRL_04,2023-07-29 11:00:00+00:00,0.0,0.0,0.393,0.408,32.6,75,994.6,2.2
JRB_IRL_04,2023-07-29 12:00:00+00:00,0.0,0.0,0.39,0.406,31.6,77,995.1,4.6
JRB_IRL_04,2023-07-29 13:00:00+00:00,0.0,0.0,0.39,0.406,29.6,87,995.8,6.6
JRB_IRL_04,2023-07-29 14:00:00+00:00,0.0,0.0,0.39,0.405,28.6,92,996.7,5.3
JRB_IRL_04,2023-07-29 15:00:00+00:00,0.0,0.0,0.39,0.404,28.0,94,997.3,5.1
JRB_IRL_04,2023-07-29 16:00:00+00:00,0.0,0.0,0.389,0.404,27.4,95,997.9,3.4
JRB_IRL_04,2023-07-29 17:00:00+00:00,0.0,0.0,0.389,0.403,27.0,96,997.9,2.1
JRB_IRL_04,2023-07-29 18:00:00+00:00,1.4,1.4,0.399,0.403,27.0,96,997.8,3.6
JRB_IRL_04,2023-07-29 19:00:00+00:00,1.8,1.8,0.419,0.402,26.7,100,997.5,6.2
JRB_IRL_04,2023-07-29 20:00:00+00:00,2.5,2.5,0.43,0.409,26.3,100,996.8,2.5
JRB_IRL_04,2023-07-29 21:00:00+00:00,1.8,1.8,0.435,0.415,25.9,100,996.9,5.6
JRB_IRL_04,2023-07-29 22:00:00+00:00,0.1,0.1,0.428,0.417,25.9,100,996.4,4.3
JRB_IRL_04,2023-07-29 23:00:00+00:00,0.1,0.1,0.424,0.418,25.7,100,996.2,2.6
JRB_IRL_04,2023-07-30 00:00:00+00:00,0.0,0.0,0.434,0.433,26.4,97,997.4,6.2
JRB_IRL_04,2023-07-30 01:00:00+00:00,0.1,0.1,0.429,0.432,27.4,94,997.7,3.9
JRB_IRL_04,2023-07-30 02:00:00+00:00,0.1,0.1,0.425,0.432,28.4,92,998.1,2.0
JRB_IRL_04,2023-07-30 03:00:00+00:00,0.0,0.0,0.422,0.431,30.0,82,998.1,0.8
JRB_IRL_04,2023-07-30 04:00:00+00:00,0.0,0.0,0.418,0.429,31.7,73,997.6,1.5
JRB_IRL_04,2023-07-30 05:00:00+00:00,0.0,0.0,0.414,0.428,33.3,66,996.5,3.1
JRB_IRL_04,2023-07-30 06:00:00+00:00,0.0,0.0,0.411,0.426,34.4,61,995.4,4.1
JRB_IRL_04,2023-07-30 07:00:00+00:00,0.0,0.0,0.408,0.424,34.4,62,993.9,6.4
JRB_IRL_04,2023-07-30 08:00:00+00:00,0.0,0.0,0.406,0.422,33.8,64,992.7,7.2
JRB_IRL_04,2023-07-30 09:00:00+00:00,0.0,0.0,0.404,0.421,34.2,62,991.9,6.6
JRB_IRL_04,2023-07-30 10:00:00+00:00,0.0,0.0,0.402,0.419,33.7,65,991.5,3.6
JRB_IRL_04,2023-07-30 11:00:00+00:00,0.0,0.0,0.4,0.418,32.9,76,991.7,1.4
JRB_IRL_04,2023-07-30 12:00:00+00:00,0.0,0.0,0.392,0.413,31.0,88,992.3,3.9
JRB_IRL_04,2023-07-30 13:00:00+00:00,0.0,0.0,0.392,0.412,29.7,95,993.5,2.7
JRB_IRL_04,2023-07-30 14:00:00+00:00,0.0,0.0,0.392,0.411,29.7,94,994.2,2.1
JRB_IRL_04,2023-07-30 15:00:00+00:00,0.5,0.5,0.396,0.411,29.1,96,995.5,7.9
JRB_IRL_04,2023-07-30 16:00:00+00:00,0.1,0.1,0.396,0.41,28.7,97,996.0,4.3
JRB_IRL_04,2023-07-30 17:00:00+00:00,0.2,0.2,0.397,0.409,28.1,99,995.7,4.5
JRB_IRL_04,2023-07-30 18:00:00+00:00,0.0,0.0,0.397,0.409,28.0,99,994.9,3.4
JRB_IRL_04,2023-07-30 19:00:00+00:00,0.0,0.0,0.396,0.408,27.6,100,994.2,5.4
JRB_IRL_04,2023-07-30 20:00:00+00:00,0.0,0.0,0.396,0.408,27.5,98,994.2,6.4
JRB_IRL_04,2023-07-30 21:00:00+00:00,0.0,0.0,0.396,0.407,27.0,99,993.8,2.1
JRB_IRL_04,2023-07-30 22:00:00+00:00,0.0,0.0,0.396,0.406,26.8,99,994.4,9.2
JRB_IRL_04,2023-07-30 23:00:00+00:00,0.0,0.0,0.395,0.406,26.3,99,994.3,7.3
JRB_IRL_04,2023-07-31 00:00:00+00:00,0.0,0.0,0.409,0.408,26.7,100,994.7,1.0
JRB_IRL_04,2023-07-31 01:00:00+00:00,0.0,0.0,0.408,0.408,28.3,95,995.4,0.4
JRB_IRL_04,2023-07-31 02:00:00+00:00,0.0,0.0,0.406,0.407,29.4,91,995.9,0.4
JRB_IRL_04,2023-07-31 03:00:00+00:00,0.0,0.0,0.404,0.407,31.1,83,995.7,1.8
JRB_IRL_04,2023-07-31 04:00:00+00:00,0.0,0.0,0.402,0.406,33.1,72,995.0,4.0
JRB_IRL_04,2023-07-31 05:00:00+00:00,0.0,0.0,0.399,0.404,34.5,65,994.1,3.6
JRB_IRL_04,2023-07-31 06:00:00+00:00,0.0,0.0,0.396,0.403,36.1,59,993.1,3.6
JRB_IRL_04,2023-07-31 07:00:00+00:00,0.0,0.0,0.393,0.401,37.0,55,991.6,4.3
JRB_IRL_04,2023-07-31 08:00:00+00:00,0.2,0.2,0.392,0.4,35.7,56,990.9,7.6
JRB_IRL_04,2023-07-31 09:00:00+00:00,0.0,0.0,0.39,0.399,36.2,54,989.4,6.5
JRB_IRL_04,2023-07-31 10:00:00+00:00,0.0,0.0,0.387,0.398,36.5,55,989.1,4.5
JRB_IRL_04,2023-07-31 11:00:00+00:00,0.0,0.0,0.386,0.397,35.4,64,989.9,6.0
JRB_IRL_04,2023-07-31 12:00:00+00:00,0.0,0.0,0.376,0.396,33.0,73,990.5,10.1
JRB_IRL_04,2023-07-31 13:00:00+00:00,0.0,0.0,0.376,0.396,31.7,67,991.7,7.9
JRB_IRL_04,2023-07-31 14:00:00+00:00,0.0,0.0,0.376,0.395,30.7,69,993.0,6.2
JRB_IRL_04,2023-07-31 15:00:00+00:00,0.0,0.0,0.376,0.395,30.7,67,994.1,8.8
JRB_IRL_04,2023-07-31 16:00:00+00:00,0.0,0.0,0.376,0.394,29.9,70,994.6,5.8
JRB_IRL_04,2023-07-31 17:00:00+00:00,0.0,0.0,0.376,0.394,29.4,71,994.7,4.8
JRB_IRL_04,2023-07-31 18:00:00+00:00,0.0,0.0,0.377,0.393,29.1,73,994.5,4.1
JRB_IRL_04,2023-07-31 19:00:00+00:00,0.3,0.3,0.378,0.393,27.8,82,994.2,2.3
JRB_IRL_04,2023-07-31 20:00:00+00:00,0.0,0.0,0.379,0.392,27.2,88,994.0,4.5
JRB_IRL_04,2023-07-31 21:00:00+00:00,0.0,0.0,0.379,0.392,26.9,90,993.7,4.7
JRB_IRL_04,2023-07-31 22:00:00+00:00,0.0,0.0,0.379,0.391,26.5,96,993.2,0.4
JRB_IRL_04,2023-07-31 23:00:00+00:00,0.0,0.0,0.379,0.391,26.1,98,993.0,1.9
JRB_IRL_04,2023-08-01 00:00:00+00:00,0.0,0.0,0.372,0.389,27.4,87,993.1,7.6
JRB_IRL_04,2023-08-01 01:00:00+00:00,0.0,0.0,0.372,0.389,29.3,83,993.4,6.7
JRB_IRL_04,2023-08-01 02:00:00+00:00,0.0,0.0,0.371,0.388,31.7,73,993.9,5.4
JRB_IRL_04,2023-08-01 03:00:00+00:00,0.0,0.0,0.369,0.387,32.4,68,993.6,9.8
JRB_IRL_04,2023-08-01 04:00:00+00:00,0.0,0.0,0.368,0.386,33.7,62,993.4,10.7
JRB_IRL_04,2023-08-01 05:00:00+00:00,0.0,0.0,0.366,0.384,35.8,53,992.8,13.4
JRB_IRL_04,2023-08-01 06:00:00+00:00,0.0,0.0,0.364,0.383,36.0,50,992.0,14.2
JRB_IRL_04,2023-08-01 07:00:00+00:00,0.0,0.0,0.362,0.382,36.8,48,990.7,13.0
JRB_IRL_04,2023-08-01 08:00:00+00:00,0.0,0.0,0.36,0.38,37.2,46,989.7,15.5
JRB_IRL_04,2023-08-01 09:00:00+00:00,0.2,0.2,0.36,0.379,36.5,50,989.1,13.7
JRB_IRL_04,2023-08-01 10:00:00+00:00,0.0,0.0,0.359,0.378,35.7,52,989.4,13.1
JRB_IRL_04,2023-08-01 11:00:00+00:00,0.0,0.0,0.357,0.377,34.4,61,990.4,7.2
JRB_IRL_04,2023-08-01 12:00:00+00:00,0.0,0.0,0.342,0.372,32.9,64,991.5,10.1
JRB_IRL_04,2023-08-01 13:00:00+00:00,0.0,0.0,0.343,0.371,31.9,62,992.5,8.5
JRB_IRL_04,2023-08-01 14:00:00+00:00,0.0,0.0,0.343,0.371,30.4,70,993.9,5.0
JRB_IRL_04,2023-08-01 15:00:00+00:00,0.0,0.0,0.344,0.371,29.7,75,994.7,5.4
JRB_IRL_04,2023-08-01 16:00:00+00:00,0.0,0.0,0.344,0.37,29.4,74,995.1,5.1
JRB_IRL_04,2023-08-01 17:00:00+00:00,0.0,0.0,0.345,0.37,29.5,72,995.1,5.1
JRB_IRL_04,2023-08-01 18:00:00+00:00,0.0,0.0,0.345,0.37,28.8,78,994.8,5.4
JRB_IRL_04,2023-08-01 19:00:00+00:00,0.0,0.0,0.345,0.369,28.4,78,994.5,4.5
JRB_IRL_04,2023-08-01 20:00:00+00:00,0.0,0.0,0.346,0.369,27.9,80,994.2,3.3
JRB_IRL_04,2023-08-01 21:00:00+00:00,0.0,0.0,0.346,0.369,27.6,81,994.3,4.0
JRB_IRL_04,2023-08-01 22:00:00+00:00,0.0,0.0,0.346,0.369,27.3,83,994.5,2.3
JRB_IRL_04,2023-08-01 23:00:00+00:00,0.0,0.0,0.347,0.368,27.1,84,994.5,5.4
JRB_IRL_04,2023-08-02 00:00:00+00:00,0.0,0.0,0.364,0.368,27.2,99,995.5,3.5
JRB_IRL_04,2023-08-02 01:00:00+00:00,0.0,0.0,0.364,0.368,28.7,96,996.0,1.9
JRB_IRL_04,2023-08-02 02:00:00+00:00,0.0,0.0,0.363,0.368,30.1,91,997.1,1.5
JRB_IRL_04,2023-08-02 03:00:00+00:00,0.0,0.0,0.363,0.368,31.0,87,997.2,1.8
JRB_IRL_04,2023-08-02 04:00:00+00:00,0.4,0.4,0.365,0.367,32.7,75,997.2,0.7
JRB_IRL_04,2023-08-02 05:00:00+00:00,0.4,0.4,0.366,0.366,32.4,76,996.5,4.7
JRB_IRL_04,2023-08-02 06:00:00+00:00,12.8,12.8,0.427,0.384,28.8,94,996.7,8.7
JRB_IRL_04,2023-08-02 07:00:00+00:00,0.6,0.6,0.422,0.387,29.3,92,995.9,4.8
JRB_IRL_04,2023-08-02 08:00:00+00:00,0.8,0.8,0.423,0.389,29.3,90,995.4,6.4
JRB_IRL_04,2023-08-02 09:00:00+00:00,4.0,4.0,0.428,0.399,28.4,92,995.4,5.4
JRB_IRL_04,2023-08-02 10:00:00+00:00,0.3,0.3,0.423,0.401,29.2,86,995.3,4.3
JRB_IRL_04,2023-08-02 11:00:00+00:00,0.5,0.5,0.421,0.402,28.4,90,995.5,3.4
JRB_IRL_04,2023-08-02 12:00:00+00:00,0.1,0.1,0.419,0.436,27.3,96,996.6,2.8
JRB_IRL_04,2023-08-02 13:00:00+00:00,0.0,0.0,0.417,0.433,27.1,98,997.3,3.1
JRB_IRL_04,2023-08-02 14:00:00+00:00,0.0,0.0,0.416,0.431,26.8,98,997.9,4.3
JRB_IRL_04,2023-08-02 15:00:00+00:00,0.0,0.0,0.415,0.43,26.9,97,998.4,5.0
JRB_IRL_04,2023-08-02 16:00:00+00:00,0.0,0.0,0.413,0.429,26.5,98,998.7,4.5
JRB_IRL_04,2023-08-02 17:00:00+00:00,0.0,0.0,0.412,0.427,26.7,96,999.2,2.9
JRB_IRL_04,2023-08-02 18:00:00+00:00,0.0,0.0,0.411,0.426,26.3,97,999.1,2.9
JRB_IRL_04,2023-08-02 19:00:00+00:00,0.0,0.0,0.41,0.425,26.3,98,998.5,3.9
JRB_IRL_04,2023-08-02 20:00:00+00:00,0.0,0.0,0.409,0.424,26.1,99,998.2,3.7
JRB_IRL_04,2023-08-02 21:00:00+00:00,0.0,0.0,0.408,0.424,25.8,99,998.0,1.5
JRB_IRL_04,2023-08-02 22:00:00+00:00,0.0,0.0,0.408,0.423,25.9,97,998.1,1.6
JRB_IRL_04,2023-08-02 23:00:00+00:00,0.1,0.1,0.408,0.422,25.9,95,998.1,2.4
JRB_IRL_04,2023-08-03 00:00:00+00:00,0.1,0.1,0.407,0.421,27.1,92,998.2,3.6
JRB_IRL_04,2023-08-03 01:00:00+00:00,0.0,0.0,0.406,0.42,27.8,96,998.5,1.9
JRB_IRL_04,2023-08-03 02:00:00+00:00,0.0,0.0,0.405,0.42,29.1,93,999.2,0.8
JRB_IRL_04,2023-08-03 03:00:00+00:00,0.4,0.4,0.406,0.419,29.8,85,999.4,2.2
JRB_IRL_04,2023-08-03 04:00:00+00:00,0.8,0.8,0.41,0.418,30.6,79,999.4,2.3
JRB_IRL_04,2023-08-03 05:00:00+00:00,2.6,2.6,0.431,0.418,31.4,75,998.7,3.1
JRB_IRL_04,2023-08-03 06:00:00+00:00,5.1,5.1,0.439,0.426,31.9,74,998.0,2.6
JRB_IRL_04,2023-08-03 07:00:00+00:00,4.8,4.8,0.437,0.436,32.7,71,996.6,0.5
JRB_IRL_04,2023-08-03 08:00:00+00:00,7.1,7.1,0.439,0.439,31.6,78,996.1,8.4
JRB_IRL_04,2023-08-03 09:00:00+00:00,7.1,7.1,0.428,0.437,30.3,82,995.9,5.9
JRB_IRL_04,2023-08-03 10:00:00+00:00,1.5,1.5,0.436,0.435,29.3,87,996.0,7.6
JRB_IRL_04,2023-08-03 11:00:00+00:00,1.8,1.8,0.431,0.436,27.5,93,996.5,2.8
JRB_IRL_04,2023-08-03 12:00:00+00:00,0.1,0.1,0.42,0.429,27.2,97,997.9,2.1
JRB_IRL_04,2023-08-03 13:00:00+00:00,1.6,1.6,0.436,0.429,26.3,100,999.1,1.5
JRB_IRL_04,2023-08-03 14:00:00+00:00,1.1,1.1,0.434,0.432,25.8,100,999.9,6.4
JRB_IRL_04,2023-08-03 15:00:00+00:00,0.3,0.3,0.431,0.432,25.9,100,1000.7,3.3
JRB_IRL_04,2023-08-03 16:00:00+00:00,0.5,0.5,0.433,0.432,25.7,100,1001.2,5.4
JRB_IRL_04,2023-08-03 17:00:00+00:00,0.6,0.6,0.433,0.432,25.6,100,1001.4,3.1
JRB_IRL_04,2023-08-03 18:00:00+00:00,0.0,0.0,0.428,0.432,25.8,98,1001.0,3.6
JRB_IRL_04,2023-08-03 19:00:00+00:00,0.0,0.0,0.424,0.431,25.5,98,1000.7,4.2
JRB_IRL_04,2023-08-03 20:00:00+00:00,0.0,0.0,0.421,0.43,25.7,96,1000.4,2.9
JRB_IRL_04,2023-08-03 21:00:00+00:00,0.0,0.0,0.419,0.429,25.5,96,999.9,3.7
JRB_IRL_04,2023-08-03 22:00:00+00:00,0.0,0.0,0.417,0.429,25.3,96,1000.0,4.5
JRB_IRL_04,2023-08-03 23:00:00+00:00,0.0,0.0,0.415,0.428,25.5,94,1000.3,1.3
JRB_IRL_04,2023-08-04 00:00:00+00:00,0.0,0.0,0.407,0.422,26.4,97,1000.4,1.3
JRB_IRL_04,2023-08-04 01:00:00+00:00,0.0,0.0,0.406,0.421,27.6,96,1000.8,0.4
JRB_IRL_04,2023-08-04 02:00:00+00:00,0.1,0.1,0.406,0.421,28.7,90,1001.3,0.7
JRB_IRL_04,2023-08-04 03:00:00+00:00,2.7,2.7,0.433,0.421,28.6,93,1001.6,1.1
JRB_IRL_04,2023-08-04 04:00:00+00:00,2.7,2.7,0.439,0.425,28.8,88,1001.7,2.1
JRB_IRL_04,2023-08-04 05:00:00+00:00,1.8,1.8,0.432,0.43,29.1,91,1001.2,1.8
JRB_IRL_04,2023-08-04 06:00:00+00:00,1.7,1.7,0.432,0.432,29.4,92,1000.5,2.3
JRB_IRL_04,2023-08-04 07:00:00+00:00,1.4,1.4,0.432,0.434,30.5,83,999.6,1.9
JRB_IRL_04,2023-08-04 08:00:00+00:00,11.5,11.5,0.439,0.439,30.6,80,998.9,3.4
JRB_IRL_04,2023-08-04 09:00:00+00:00,21.6,21.6,0.439,0.439,28.0,93,998.7,7.2
JRB_IRL_04,2023-08-04 10:00:00+00:00,5.0,5.0,0.43,0.439,27.2,100,999.0,8.3
JRB_IRL_04,2023-08-04 11:00:00+00:00,1.1,1.1,0.435,0.437,27.5,100,999.3,3.6
JRB_IRL_04,2023-08-04 12:00:00+00:00,3.8,3.8,0.438,0.435,26.9,99,1000.5,3.7
JRB_IRL_04,2023-08-04 13:00:00+00:00,4.4,4.4,0.432,0.438,26.3,100,1001.1,3.8
JRB_IRL_04,2023-08-04 14:00:00+00:00,1.2,1.2,0.433,0.439,25.9,100,1002.1,6.2
JRB_IRL_04,2023-08-04 15:00:00+00:00,2.2,2.2,0.439,0.439,25.7,100,1003.1,2.9
JRB_IRL_04,2023-08-04 16:00:00+00:00,1.2,1.2,0.429,0.437,25.8,97,1003.5,4.0
JRB_IRL_04,2023-08-04 17:00:00+00:00,0.0,0.0,0.424,0.435,25.7,98,1003.5,4.2
JRB_IRL_04,2023-08-04 18:00:00+00:00,0.0,0.0,0.421,0.434,25.7,98,1003.1,3.3
JRB_IRL_04,2023-08-04 19:00:00+00:00,0.0,0.0,0.419,0.433,25.6,98,1002.7,2.2
JRB_IRL_04,2023-08-04 20:00:00+00:00,0.3,0.3,0.42,0.431,25.5,100,1002.3,1.1
JRB_IRL_04,2023-08-04 21:00:00+00:00,0.0,0.0,0.418,0.43,25.4,100,1001.8,1.1
JRB_IRL_04,2023-08-04 22:00:00+00:00,0.2,0.2,0.418,0.428,25.3,100,1001.9,1.5
JRB_IRL_04,2023-08-04 23:00:00+00:00,0.1,0.1,0.417,0.427,25.5,96,1001.9,1.3
JRB_IRL_04,2023-08-05 00:00:00+00:00,0.0,0.0,0.422,0.427,25.5,98,1002.6,5.0
JRB_IRL_04,2023-08-05 01:00:00+00:00,0.1,0.1,0.42,0.426,26.6,95,1003.0,3.8
JRB_IRL_04,2023-08-05 02:00:00+00:00,0.1,0.1,0.418,0.426,27.5,87,1003.5,2.8
JRB_IRL_04,2023-08-05 03:00:00+00:00,0.3,0.3,0.418,0.425,28.1,85,1003.6,3.3
JRB_IRL_04,2023-08-05 04:00:00+00:00,0.3,0.3,0.417,0.423,29.4,80,1003.2,2.6
JRB_IRL_04,2023-08-05 05:00:00+00:00,0.7,0.7,0.419,0.422,30.7,77,1002.4,3.4
JRB_IRL_04,2023-08-05 06:00:00+00:00,0.6,0.6,0.42,0.421,29.0,88,1001.7,4.7
JRB_IRL_04,2023-08-05 07:00:00+00:00,0.3,0.3,0.419,0.42,30.7,80,1000.4,4.1
JRB_IRL_04,2023-08-05 08:00:00+00:00,6.2,6.2,0.439,0.424,29.4,84,999.7,12.0
JRB_IRL_04,2023-08-05 09:00:00+00:00,1.4,1.4,0.429,0.429,28.2,87,998.8,6.5
JRB_IRL_04,2023-08-05 10:00:00+00:00,0.0,0.0,0.425,0.429,29.0,87,998.6,3.2
JRB_IRL_04,2023-08-05 11:00:00+00:00,3.4,3.4,0.439,0.433,27.1,100,998.8,4.6
JRB_IRL_04,2023-08-05 12:00:00+00:00,4.0,4.0,0.42,0.421,26.9,93,1000.6,6.4
JRB_IRL_04,2023-08-05 13:00:00+00:00,1.6,1.6,0.433,0.422,26.2,100,1000.9,4.0
JRB_IRL_04,2023-08-05 14:00:00+00:00,6.8,6.8,0.439,0.438,25.9,100,1001.7,2.1
JRB_IRL_04,2023-08-05 15:00:00+00:00,4.6,4.6,0.437,0.438,25.5,100,1002.5,2.9
JRB_IRL_04,2023-08-05 16:00:00+00:00,0.6,0.6,0.433,0.437,25.6,100,1002.4,2.6
JRB_IRL_04,2023-08-05 17:00:00+00:00,0.5,0.5,0.431,0.436,25.7,98,1001.9,4.8
JRB_IRL_04,2023-08-05 18:00:00+00:00,0.1,0.1,0.427,0.435,25.7,100,1001.2,1.5
JRB_IRL_04,2023-08-05 19:00:00+00:00,0.0,0.0,0.423,0.434,25.7,99,1000.4,2.7
JRB_IRL_04,2023-08-05 20:00:00+00:00,0.0,0.0,0.421,0.433,25.7,99,999.8,3.6
JRB_IRL_04,2023-08-05 21:00:00+00:00,0.0,0.0,0.418,0.432,25.4,99,999.3,3.3
JRB_IRL_04,2023-08-05 22:00:00+00:00,0.0,0.0,0.417,0.43,25.6,97,998.9,3.9
JRB_IRL_04,2023-08-05 23:00:00+00:00,0.1,0.1,0.416,0.429,25.3,100,999.0,3.5
JRB_IRL_04,2023-08-06 00:00:00+00:00,0.1,0.1,0.413,0.427,25.7,99,999.7,4.9
JRB_IRL_04,2023-08-06 01:00:00+00:00,0.0,0.0,0.412,0.426,26.3,98,1000.0,3.4
JRB_IRL_04,2023-08-06 02:00:00+00:00,0.0,0.0,0.411,0.425,26.8,95,1000.2,3.1
JRB_IRL_04,2023-08-06 03:00:00+00:00,0.0,0.0,0.409,0.423,28.2,90,999.9,1.4
JRB_IRL_04,2023-08-06 04:00:00+00:00,0.5,0.5,0.411,0.422,29.6,82,999.5,1.0
JRB_IRL_04,2023-08-06 05:00:00+00:00,0.1,0.1,0.409,0.421,31.3,75,998.4,2.0
JRB_IRL_04,2023-08-06 06:00:00+00:00,2.2,2.2,0.424,0.42,28.9,87,997.7,14.3
JRB_IRL_04,2023-08-06 07:00:00+00:00,1.0,1.0,0.427,0.42,28.4,86,997.2,13.8
JRB_IRL_04,2023-08-06 08:00:00+00:00,4.3,4.3,0.434,0.427,27.5,98,996.2,2.2
JRB_IRL_04,2023-08-06 09:00:00+00:00,4.7,4.7,0.439,0.434,27.6,95,995.5,6.5
JRB_IRL_04,2023-08-06 10:00:00+00:00,4.9,4.9,0.433,0.438,27.2,96,995.6,1.8
JRB_IRL_04,2023-08-06 11:00:00+00:00,0.7,0.7,0.432,0.436,26.7,100,995.7,5.2
JRB_IRL_04,2023-08-06 12:00:00+00:00,0.2,0.2,0.428,0.436,27.2,96,996.6,5.0
JRB_IRL_04,2023-08-06 13:00:00+00:00,0.2,0.2,0.425,0.435,27.1,94,997.1,4.7
JRB_IRL_04,2023-08-06 14:00:00+00:00,0.4,0.4,0.426,0.433,26.5,100,997.6,3.6
JRB_IRL_04,2023-08-06 15:00:00+00:00,1.1,1.1,0.435,0.433,26.4,100,998.3,1.9
JRB_IRL_04,2023-08-06 16:00:00+00:00,0.1,0.1,0.43,0.433,26.4,97,998.6,2.3
JRB_IRL_04,2023-08-06 17:00:00+00:00,0.1,0.1,0.427,0.433,26.0,100,998.3,4.5
JRB_IRL_04,2023-08-06 18:00:00+00:00,0.1,0.1,0.425,0.432,25.8,100,997.6,5.1
JRB_IRL_04,2023-08-06 19:00:00+00:00,0.1,0.1,0.422,0.431,25.6,100,996.5,4.4
JRB_IRL_04,2023-08-06 20:00:00+00:00,0.1,0.1,0.42,0.431,25.5,100,995.9,3.4
JRB_IRL_04,2023-08-06 21:00:00+00:00,0.0,0.0,0.418,0.43,25.5,98,995.6,5.6
JRB_IRL_04,2023-08-06 22:00:00+00:00,0.0,0.0,0.416,0.429,25.3,98,995.6,4.2
JRB_IRL_04,2023-08-06 23:00:00+00:00,0.0,0.0,0.415,0.428,25.6,98,995.5,1.5
JRB_IRL_04,2023-08-07 00:00:00+00:00,0.0,0.0,0.409,0.424,26.1,98,995.8,2.5
JRB_IRL_04,2023-08-07 01:00:00+00:00,0.0,0.0,0.408,0.423,27.4,96,995.9,2.3
JRB_IRL_04,2023-08-07 02:00:00+00:00,0.0,0.0,0.407,0.422,28.4,91,996.4,2.9
JRB_IRL_04,2023-08-07 03:00:00+00:00,0.7,0.7,0.411,0.421,28.1,93,996.6,1.1
JRB_IRL_04,2023-08-07 04:00:00+00:00,1.7,1.7,0.424,0.42,27.9,98,996.6,1.8
JRB_IRL_04,2023-08-07 05:00:00+00:00,0.6,0.6,0.424,0.42,28.6,96,995.8,4.7
JRB_IRL_04,2023-08-07 06:00:00+00:00,0.3,0.3,0.422,0.42,30.4,81,995.0,3.2
JRB_IRL_04,2023-08-07 07:00:00+00:00,0.2,0.2,0.42,0.419,31.3,73,993.9,7.8
JRB_IRL_04,2023-08-07 08:00:00+00:00,10.5,10.5,0.433,0.435,28.0,91,993.6,6.5
JRB_IRL_04,2023-08-07 09:00:00+00:00,0.5,0.5,0.43,0.434,28.1,97,992.9,4.5
JRB_IRL_04,2023-08-07 10:00:00+00:00,0.4,0.4,0.428,0.434,28.6,92,993.0,1.6
JRB_IRL_04,2023-08-07 11:00:00+00:00,1.8,1.8,0.431,0.436,27.9,95,993.3,3.3
JRB_IRL_04,2023-08-07 12:00:00+00:00,0.4,0.4,0.423,0.43,26.6,97,994.6,2.9
JRB_IRL_04,2023-08-07 13:00:00+00:00,0.8,0.8,0.43,0.429,26.1,100,995.4,3.8
JRB_IRL_04,2023-08-07 14:00:00+00:00,0.1,0.1,0.427,0.429,26.1,98,996.2,5.7
JRB_IRL_04,2023-08-07 15:00:00+00:00,0.1,0.1,0.424,0.429,26.0,97,996.8,4.0
JRB_IRL_04,2023-08-07 16:00:00+00:00,2.6,2.6,0.434,0.433,25.3,100,997.4,2.5
JRB_IRL_04,2023-08-07 17:00:00+00:00,0.7,0.7,0.436,0.433,25.1,100,997.2,5.6
JRB_IRL_04,2023-08-07 18:00:00+00:00,0.8,0.8,0.432,0.436,25.1,100,996.7,3.5
JRB_IRL_04,2023-08-07 19:00:00+00:00,0.0,0.0,0.427,0.435,25.3,98,996.0,4.0
JRB_IRL_04,2023-08-07 20:00:00+00:00,0.1,0.1,0.423,0.433,25.4,98,995.7,3.2
JRB_IRL_04,2023-08-07 21:00:00+00:00,0.1,0.1,0.421,0.432,25.4,99,995.4,2.1
JRB_IRL_04,2023-08-07 22:00:00+00:00,0.0,0.0,0.419,0.431,25.4,99,995.6,0.8
JRB_IRL_04,2023-08-07 23:00:00+00:00,0.0,0.0,0.417,0.43,25.4,100,995.7,0.0
JRB_IRL_04,2023-08-08 00:00:00+00:00,0.0,0.0,0.407,0.426,26.5,95,995.8,3.1
JRB_IRL_04,2023-08-08 01:00:00+00:00,0.0,0.0,0.407,0.425,27.4,93,996.4,2.9
JRB_IRL_04,2023-08-08 02:00:00+00:00,0.0,0.0,0.406,0.424,28.1,90,997.1,0.7
JRB_IRL_04,2023-08-08 03:00:00+00:00,0.0,0.0,0.405,0.423,29.2,83,997.5,1.8
JRB_IRL_04,2023-08-08 04:00:00+00:00,0.1,0.1,0.405,0.421,29.3,82,997.9,0.5
JRB_IRL_04,2023-08-08 05:00:00+00:00,0.4,0.4,0.406,0.42,29.3,83,997.5,3.1
JRB_IRL_04,2023-08-08 06:00:00+00:00,6.6,6.6,0.432,0.429,28.2,88,997.1,5.2
JRB_IRL_04,2023-08-08 07:00:00+00:00,1.8,1.8,0.438,0.432,28.0,88,996.7,1.1
JRB_IRL_04,2023-08-08 08:00:00+00:00,0.7,0.7,0.433,0.434,28.9,86,995.7,1.9
JRB_IRL_04,2023-08-08 09:00:00+00:00,6.0,6.0,0.43,0.438,27.8,100,995.6,8.6
JRB_IRL_04,2023-08-08 10:00:00+00:00,0.6,0.6,0.429,0.436,27.9,93,995.9,6.3
JRB_IRL_04,2023-08-08 11:00:00+00:00,1.8,1.8,0.433,0.438,27.2,94,996.6,7.9
JRB_IRL_04,2023-08-08 12:00:00+00:00,0.4,0.4,0.426,0.435,27.1,97,998.0,2.2
JRB_IRL_04,2023-08-08 13:00:00+00:00,0.2,0.2,0.425,0.434,26.4,100,998.7,1.1
JRB_IRL_04,2023-08-08 14:00:00+00:00,0.9,0.9,0.432,0.433,25.5,100,999.9,4.1
JRB_IRL_04,2023-08-08 15:00:00+00:00,2.3,2.3,0.438,0.436,25.3,100,1000.8,6.0
JRB_IRL_04,2023-08-08 16:00:00+00:00,0.7,0.7,0.436,0.436,25.1,100,1001.0,4.7
JRB_IRL_04,2023-08-08 17:00:00+00:00,0.2,0.2,0.431,0.436,25.1,100,1001.1,3.2
JRB_IRL_04,2023-08-08 18:00:00+00:00,0.2,0.2,0.428,0.435,25.1,100,1001.0,2.6
JRB_IRL_04,2023-08-08 19:00:00+00:00,0.7,0.7,0.432,0.434,24.9,100,1000.7,2.4
JRB_IRL_04,2023-08-08 20:00:00+00:00,0.3,0.3,0.43,0.434,25.2,94,1000.2,4.6
JRB_IRL_04,2023-08-08 21:00:00+00:00,0.0,0.0,0.425,0.433,24.9,96,1000.0,3.6
JRB_IRL_04,2023-08-08 22:00:00+00:00,0.0,0.0,0.422,0.432,24.7,97,1000.3,4.0
JRB_IRL_04,2023-08-08 23:00:00+00:00,0.0,0.0,0.42,0.431,24.7,100,1000.6,2.6
JRB_IRL_04,2023-08-09 00:00:00+00:00,0.1,0.1,0.417,0.43,25.4,99,1001.3,4.3
JRB_IRL_04,2023-08-09 01:00:00+00:00,0.0,0.0,0.415,0.429,26.4,96,1001.8,3.1
JRB_IRL_04,2023-08-09 02:00:00+00:00,0.0,0.0,0.414,0.428,27.2,90,1002.6,2.6
JRB_IRL_04,2023-08-09 03:00:00+00:00,0.2,0.2,0.414,0.427,27.2,88,1002.9,3.4
JRB_IRL_04,2023-08-09 04:00:00+00:00,0.1,0.1,0.413,0.425,27.6,90,1003.1,2.9
JRB_IRL_04,2023-08-09 05:00:00+00:00,0.1,0.1,0.412,0.424,29.1,83,1002.5,1.8
JRB_IRL_04,2023-08-09 06:00:00+00:00,0.1,0.1,0.41,0.422,29.2,82,1001.6,0.0
JRB_IRL_04,2023-08-09 07:00:00+00:00,0.1,0.1,0.408,0.421,29.6,82,1000.4,2.2
JRB_IRL_04,2023-08-09 08:00:00+00:00,0.1,0.1,0.407,0.419,30.6,77,999.5,1.0
JRB_IRL_04,2023-08-09 09:00:00+00:00,0.1,0.1,0.405,0.418,30.3,77,998.8,1.9
JRB_IRL_04,2023-08-09 10:00:00+00:00,0.0,0.0,0.403,0.416,30.6,76,998.2,1.3
JRB_IRL_04,2023-08-09 11:00:00+00:00,0.1,0.1,0.402,0.415,29.7,80,998.6,1.8
JRB_IRL_04,2023-08-09 12:00:00+00:00,1.1,1.1,0.411,0.417,28.3,84,999.5,7.0
JRB_IRL_04,2023-08-09 13:00:00+00:00,0.3,0.3,0.411,0.417,27.2,89,1000.7,4.2
JRB_IRL_04,2023-08-09 14:00:00+00:00,0.7,0.7,0.415,0.416,26.7,94,1001.5,7.2
JRB_IRL_04,2023-08-09 15:00:00+00:00,4.1,4.1,0.432,0.425,25.3,100,1002.5,6.2
JRB_IRL_04,2023-08-09 16:00:00+00:00,3.6,3.6,0.439,0.434,25.7,100,1002.9,3.6
JRB_IRL_04,2023-08-09 17:00:00+00:00,7.2,7.2,0.439,0.439,25.3,100,1003.2,3.8
JRB_IRL_04,2023-08-09 18:00:00+00:00,2.6,2.6,0.436,0.438,25.3,100,1002.9,5.0
JRB_IRL_04,2023-08-09 19:00:00+00:00,0.3,0.3,0.43,0.437,25.1,100,1002.3,3.4
JRB_IRL_04,2023-08-09 20:00:00+00:00,0.1,0.1,0.426,0.436,25.3,100,1001.9,2.5
JRB_IRL_04,2023-08-09 21:00:00+00:00,0.0,0.0,0.423,0.434,25.5,100,1001.5,2.5
JRB_IRL_04,2023-08-09 22:00:00+00:00,0.1,0.1,0.422,0.432,25.2,100,1001.7,1.5
JRB_IRL_04,2023-08-09 23:00:00+00:00,0.2,0.2,0.421,0.43,25.2,100,1002.0,2.6
JRB_IRL_04,2023-08-10 00:00:00+00:00,0.1,0.1,0.433,0.427,25.6,98,1002.4,4.1
JRB_IRL_04,2023-08-10 01:00:00+00:00,0.3,0.3,0.43,0.428,26.1,100,1003.1,2.5
JRB_IRL_04,2023-08-10 02:00:00+00:00,0.2,0.2,0.427,0.428,26.9,95,1003.6,2.6
JRB_IRL_04,2023-08-10 03:00:00+00:00,0.0,0.0,0.424,0.428,27.7,92,1003.8,3.2
JRB_IRL_04,2023-08-10 04:00:00+00:00,0.0,0.0,0.421,0.427,29.0,85,1003.7,1.9
JRB_IRL_04,2023-08-10 05:00:00+00:00,0.1,0.1,0.418,0.426,29.9,79,1003.2,1.6
JRB_IRL_04,2023-08-10 06:00:00+00:00,0.1,0.1,0.415,0.425,31.0,75,1002.1,4.6
JRB_IRL_04,2023-08-10 07:00:00+00:00,0.0,0.0,0.412,0.424,31.1,75,1000.9,6.5
JRB_IRL_04,2023-08-10 08:00:00+00:00,0.0,0.0,0.41,0.422,31.7,71,999.7,5.7
JRB_IRL_04,2023-08-10 09:00:00+00:00,0.1,0.1,0.408,0.421,31.3,72,998.9,4.7
JRB_IRL_04,2023-08-10 10:00:00+00:00,0.1,0.1,0.406,0.419,30.6,76,998.8,1.4
JRB_IRL_04,2023-08-10 11:00:00+00:00,0.2,0.2,0.406,0.418,29.8,84,999.2,4.8
JRB_IRL_04,2023-08-10 12:00:00+00:00,4.1,4.1,0.406,0.42,28.7,87,1001.2,2.5
JRB_IRL_04,2023-08-10 13:00:00+00:00,0.1,0.1,0.406,0.419,27.5,93,1002.0,1.3
JRB_IRL_04,2023-08-10 14:00:00+00:00,1.3,1.3,0.415,0.418,26.7,95,1003.4,6.9
JRB_IRL_04,2023-08-10 15:00:00+00:00,3.5,3.5,0.436,0.424,25.8,100,1004.3,5.9
JRB_IRL_04,2023-08-10 16:00:00+00:00,0.3,0.3,0.431,0.426,25.7,100,1004.6,4.6
JRB_IRL_04,2023-08-10 17:00:00+00:00,0.2,0.2,0.428,0.426,25.5,100,1004.2,3.5
JRB_IRL_04,2023-08-10 18:00:00+00:00,0.7,0.7,0.433,0.426,25.3,100,1004.0,4.1
JRB_IRL_04,2023-08-10 19:00:00+00:00,4.1,4.1,0.439,0.438,25.2,100,1003.4,2.3
JRB_IRL_04,2023-08-10 20:00:00+00:00,1.1,1.1,0.434,0.437,25.4,100,1002.8,1.0
JRB_IRL_04,2023-08-10 21:00:00+00:00,0.3,0.3,0.431,0.436,25.2,100,1002.8,2.6
JRB_IRL_04,2023-08-10 22:00:00+00:00,0.2,0.2,0.428,0.435,25.4,97,1002.5,3.2
JRB_IRL_04,2023-08-10 23:00:00+00:00,0.0,0.0,0.424,0.434,25.5,96,1002.6,2.9
JRB_IRL_04,2023-08-11 00:00:00+00:00,0.2,0.2,0.435,0.435,25.2,98,1002.7,1.0
JRB_IRL_04,2023-08-11 01:00:00+00:00,0.2,0.2,0.43,0.433,26.0,97,1003.4,1.3
JRB_IRL_04,2023-08-11 02:00:00+00:00,0.1,0.1,0.426,0.431,26.8,94,1003.9,2.3
JRB_IRL_04,2023-08-11 03:00:00+00:00,0.7,0.7,0.427,0.43,27.6,88,1003.7,3.1
JRB_IRL_04,2023-08-11 04:00:00+00:00,0.2,0.2,0.424,0.428,29.0,85,1003.2,0.8
JRB_IRL_04,2023-08-11 05:00:00+00:00,0.2,0.2,0.422,0.425,30.7,75,1002.3,4.7
JRB_IRL_04,2023-08-11 06:00:00+00:00,0.0,0.0,0.418,0.423,30.5,74,1001.0,5.5
JRB_IRL_04,2023-08-11 07:00:00+00:00,0.4,0.4,0.418,0.421,30.7,76,999.7,4.7
JRB_IRL_04,2023-08-11 08:00:00+00:00,0.1,0.1,0.415,0.419,31.4,75,998.6,3.4
JRB_IRL_04,2023-08-11 09:00:00+00:00,0.1,0.1,0.412,0.417,31.0,76,997.8,4.7
JRB_IRL_04,2023-08-11 10:00:00+00:00,4.8,4.8,0.434,0.423,28.0,91,997.6,6.2
JRB_IRL_04,2023-08-11 11:00:00+00:00,0.1,0.1,0.428,0.423,28.1,92,998.0,1.8
JRB_IRL_04,2023-08-11 12:00:00+00:00,0.1,0.1,0.428,0.409,28.0,91,999.4,2.7
JRB_IRL_04,2023-08-11 13:00:00+00:00,0.0,0.0,0.422,0.409,27.1,97,1000.0,4.6
JRB_IRL_04,2023-08-11 14:00:00+00:00,0.0,0.0,0.418,0.409,26.8,97,1001.0,5.4
JRB_IRL_04,2023-08-11 15:00:00+00:00,2.5,2.5,0.438,0.41,26.2,100,1002.4,6.9
JRB_IRL_04,2023-08-11 16:00:00+00:00,3.4,3.4,0.439,0.422,26.0,100,1003.2,2.4
JRB_IRL_04,2023-08-11 17:00:00+00:00,3.9,3.9,0.438,0.431,26.0,100,1003.2,1.3
JRB_IRL_04,2023-08-11 18:00:00+00:00,0.5,0.5,0.434,0.433,25.6,100,1002.3,4.2
JRB_IRL_04,2023-08-11 19:00:00+00:00,0.2,0.2,0.431,0.432,25.5,100,1001.7,3.3
JRB_IRL_04,2023-08-11 20:00:00+00:00,0.1,0.1,0.427,0.432,25.4,100,1001.0,3.8
JRB_IRL_04,2023-08-11 21:00:00+00:00,0.0,0.0,0.424,0.431,25.4,99,1000.8,3.1
JRB_IRL_04,2023-08-11 22:00:00+00:00,0.0,0.0,0.421,0.43,25.3,99,1000.8,2.7
JRB_IRL_04,2023-08-11 23:00:00+00:00,0.0,0.0,0.418,0.429,25.2,99,1000.9,4.2
JRB_IRL_04,2023-08-12 00:00:00+00:00,0.0,0.0,0.411,0.408,25.8,99,1000.6,4.6
JRB_IRL_04,2023-08-12 01:00:00+00:00,0.0,0.0,0.41,0.407,26.5,97,1001.1,3.6
JRB_IRL_04,2023-08-12 02:00:00+00:00,0.0,0.0,0.409,0.407,27.3,94,1001.5,2.8
JRB_IRL_04,2023-08-12 03:00:00+00:00,0.1,0.1,0.408,0.406,28.0,92,1001.6,3.3
JRB_IRL_04,2023-08-12 04:00:00+00:00,0.2,0.2,0.407,0.405,28.8,87,1001.6,2.0
JRB_IRL_04,2023-08-12 05:00:00+00:00,3.3,3.3,0.436,0.405,28.6,87,1001.5,2.5
JRB_IRL_04,2023-08-12 06:00:00+00:00,2.4,2.4,0.428,0.411,28.8,87,1000.3,4.7
JRB_IRL_04,2023-08-12 07:00:00+00:00,0.4,0.4,0.425,0.412,29.3,86,999.0,3.1
JRB_IRL_04,2023-08-12 08:00:00+00:00,9.8,9.8,0.439,0.427,28.6,85,998.1,6.6
JRB_IRL_04,2023-08-12 09:00:00+00:00,1.1,1.1,0.434,0.431,27.5,96,997.3,4.4
JRB_IRL_04,2023-08-12 10:00:00+00:00,0.2,0.2,0.43,0.431,27.6,95,997.0,5.4
JRB_IRL_04,2023-08-12 11:00:00+00:00,0.0,0.0,0.426,0.431,27.5,97,997.3,5.2
JRB_IRL_04,2023-08-12 12:00:00+00:00,0.0,0.0,0.424,0.4,27.4,94,998.5,1.1
JRB_IRL_04,2023-08-12 13:00:00+00:00,0.8,0.8,0.424,0.401,26.6,100,999.0,4.6
JRB_IRL_04,2023-08-12 14:00:00+00:00,0.1,0.1,0.421,0.402,26.5,100,999.7,2.2
JRB_IRL_04,2023-08-12 15:00:00+00:00,0.9,0.9,0.428,0.403,26.3,100,1000.9,3.8
JRB_IRL_04,2023-08-12 16:00:00+00:00,0.4,0.4,0.425,0.405,26.2,100,1001.2,2.9
JRB_IRL_04,2023-08-12 17:00:00+00:00,0.1,0.1,0.421,0.406,26.1,100,1001.2,2.5
JRB_IRL_04,2023-08-12 18:00:00+00:00,0.0,0.0,0.418,0.406,26.1,99,1001.0,3.4
JRB_IRL_04,2023-08-12 19:00:00+00:00,0.0,0.0,0.415,0.406,25.9,99,1000.4,4.0
JRB_IRL_04,2023-08-12 20:00:00+00:00,0.0,0.0,0.413,0.406,25.7,100,999.8,2.6
JRB_IRL_04,2023-08-12 21:00:00+00:00,0.1,0.1,0.411,0.406,25.7,100,999.4,2.6
JRB_IRL_04,2023-08-12 22:00:00+00:00,0.1,0.1,0.41,0.406,25.6,100,999.5,2.6
JRB_IRL_04,2023-08-12 23:00:00+00:00,0.1,0.1,0.409,0.405,26.1,94,999.6,1.8
JRB_IRL_04,2023-08-13 00:00:00+00:00,0.2,0.2,0.407,0.405,26.2,97,1000.7,3.7
JRB_IRL_04,2023-08-13 01:00:00+00:00,0.3,0.3,0.409,0.404,26.4,100,1001.7,2.9
JRB_IRL_04,2023-08-13 02:00:00+00:00,0.3,0.3,0.41,0.404,26.7,100,1002.4,3.6
JRB_IRL_04,2023-08-13 03:00:00+00:00,0.4,0.4,0.412,0.404,26.8,100,1002.6,2.8
JRB_IRL_04,2023-08-13 04:00:00+00:00,0.2,0.2,0.411,0.404,27.6,94,1002.7,4.0
JRB_IRL_04,2023-08-13 05:00:00+00:00,0.1,0.1,0.409,0.404,29.0,84,1002.3,4.3
JRB_IRL_04,2023-08-13 06:00:00+00:00,0.1,0.1,0.407,0.403,30.8,73,1001.4,4.6
JRB_IRL_04,2023-08-13 07:00:00+00:00,0.0,0.0,0.404,0.402,31.5,69,999.9,6.6
JRB_IRL_04,2023-08-13 08:00:00+00:00,0.0,0.0,0.401,0.401,32.0,67,998.3,6.4
JRB_IRL_04,2023-08-13 09:00:00+00:00,0.0,0.0,0.398,0.4,32.1,67,997.4,6.6
JRB_IRL_04,2023-08-13 10:00:00+00:00,0.0,0.0,0.396,0.399,31.5,71,996.9,5.4
JRB_IRL_04,2023-08-13 11:00:00+00:00,0.0,0.0,0.394,0.398,30.9,76,997.0,5.1
JRB_IRL_04,2023-08-13 12:00:00+00:00,0.0,0.0,0.394,0.399,30.0,81,998.8,5.1
JRB_IRL_04,2023-08-13 13:00:00+00:00,0.0,0.0,0.394,0.399,28.9,84,999.7,4.7
JRB_IRL_04,2023-08-13 14:00:00+00:00,1.7,1.7,0.408,0.399,26.8,90,1001.3,13.5
JRB_IRL_04,2023-08-13 15:00:00+00:00,7.7,7.7,0.438,0.415,25.5,100,1002.5,8.0
JRB_IRL_04,2023-08-13 16:00:00+00:00,7.3,7.3,0.439,0.437,25.4,100,1003.2,5.4
JRB_IRL_04,2023-08-13 17:00:00+00:00,7.2,7.2,0.439,0.439,25.2,100,1003.4,4.2
JRB_IRL_04,2023-08-13 18:00:00+00:00,4.2,4.2,0.434,0.438,25.0,100,1003.2,1.8
JRB_IRL_04,2023-08-13 19:00:00+00:00,5.1,5.1,0.439,0.439,24.8,100,1002.9,1.8
JRB_IRL_04,2023-08-13 20:00:00+00:00,1.7,1.7,0.427,0.437,24.5,100,1002.1,4.6
JRB_IRL_04,2023-08-13 21:00:00+00:00,0.3,0.3,0.426,0.434,24.5,100,1001.6,2.8
JRB_IRL_04,2023-08-13 22:00:00+00:00,0.1,0.1,0.424,0.431,24.6,100,1001.5,2.5
JRB_IRL_04,2023-08-13 23:00:00+00:00,0.1,0.1,0.422,0.429,24.4,100,1001.7,2.9
JRB_IRL_04,2023-08-14 00:00:00+00:00,0.1,0.1,0.42,0.413,25.8,99,1001.8,2.5
JRB_IRL_04,2023-08-14 01:00:00+00:00,0.0,0.0,0.417,0.413,26.8,97,1002.3,1.5
JRB_IRL_04,2023-08-14 02:00:00+00:00,0.0,0.0,0.415,0.413,28.1,85,1002.9,0.7
JRB_IRL_04,2023-08-14 03:00:00+00:00,1.5,1.5,0.426,0.413,28.5,84,1003.1,1.8
JRB_IRL_04,2023-08-14 04:00:00+00:00,0.4,0.4,0.423,0.414,29.4,81,1002.9,1.5
JRB_IRL_04,2023-08-14 05:00:00+00:00,0.3,0.3,0.421,0.414,30.8,78,1002.4,2.9
JRB_IRL_04,2023-08-14 06:00:00+00:00,0.1,0.1,0.417,0.413,31.4,73,1001.5,4.3
JRB_IRL_04,2023-08-14 07:00:00+00:00,0.1,0.1,0.415,0.413,31.5,74,999.9,3.7
JRB_IRL_04,2023-08-14 08:00:00+00:00,0.1,0.1,0.412,0.412,31.4,76,998.8,4.1
JRB_IRL_04,2023-08-14 09:00:00+00:00,0.1,0.1,0.41,0.411,31.9,74,997.7,4.4
JRB_IRL_04,2023-08-14 10:00:00+00:00,0.1,0.1,0.408,0.41,31.2,78,997.3,3.3
JRB_IRL_04,2023-08-14 11:00:00+00:00,2.4,2.4,0.423,0.411,28.3,94,997.8,9.6
JRB_IRL_04,2023-08-14 12:00:00+00:00,3.0,3.0,0.403,0.406,28.0,97,999.2,5.0
JRB_IRL_04,2023-08-14 13:00:00+00:00,0.1,0.1,0.403,0.406,27.2,94,1000.1,5.7
JRB_IRL_04,2023-08-14 14:00:00+00:00,0.3,0.3,0.404,0.405,26.8,94,1000.9,4.2
JRB_IRL_04,2023-08-14 15:00:00+00:00,0.2,0.2,0.405,0.405,26.8,95,1001.7,3.9
JRB_IRL_04,2023-08-14 16:00:00+00:00,0.2,0.2,0.405,0.405,26.8,95,1002.5,2.9
JRB_IRL_04,2023-08-14 17:00:00+00:00,0.3,0.3,0.407,0.405,26.5,100,1002.7,2.3
JRB_IRL_04,2023-08-14 18:00:00+00:00,1.1,1.1,0.42,0.405,26.0,100,1002.6,5.4
JRB_IRL_04,2023-08-14 19:00:00+00:00,0.2,0.2,0.42,0.406,26.0,100,1001.9,2.3
JRB_IRL_04,2023-08-14 20:00:00+00:00,0.2,0.2,0.418,0.407,25.7,100,1001.4,3.3
JRB_IRL_04,2023-08-14 21:00:00+00:00,0.5,0.5,0.422,0.408,25.4,100,1001.5,2.1
JRB_IRL_04,2023-08-14 22:00:00+00:00,4.1,4.1,0.429,0.42,25.2,100,1001.9,1.9
JRB_IRL_04,2023-08-14 23:00:00+00:00,0.3,0.3,0.428,0.421,25.5,100,1002.1,0.5
JRB_IRL_04,2023-08-15 00:00:00+00:00,0.3,0.3,0.432,0.437,25.1,100,1002.2,1.1
JRB_IRL_04,2023-08-15 01:00:00+00:00,4.9,4.9,0.434,0.439,25.2,100,1003.3,7.4
JRB_IRL_04,2023-08-15 02:00:00+00:00,0.4,0.4,0.429,0.436,26.1,96,1003.2,3.6
JRB_IRL_04,2023-08-15 03:00:00+00:00,0.2,0.2,0.425,0.434,27.3,90,1003.3,3.8
JRB_IRL_04,2023-08-15 04:00:00+00:00,0.0,0.0,0.422,0.433,27.1,91,1003.0,4.7
JRB_IRL_04,2023-08-15 05:00:00+00:00,0.1,0.1,0.42,0.431,28.5,84,1002.6,4.0
JRB_IRL_04,2023-08-15 06:00:00+00:00,0.1,0.1,0.417,0.43,29.9,78,1001.6,2.6
JRB_IRL_04,2023-08-15 07:00:00+00:00,0.1,0.1,0.415,0.428,31.4,73,1000.1,2.2
JRB_IRL_04,2023-08-15 08:00:00+00:00,0.1,0.1,0.412,0.427,32.1,70,998.7,3.6
JRB_IRL_04,2023-08-15 09:00:00+00:00,0.1,0.1,0.41,0.425,31.7,73,997.8,4.1
JRB_IRL_04,2023-08-15 10:00:00+00:00,0.1,0.1,0.409,0.424,31.4,74,997.1,3.0
JRB_IRL_04,2023-08-15 11:00:00+00:00,0.1,0.1,0.408,0.423,30.1,84,997.4,0.8
JRB_IRL_04,2023-08-15 12:00:00+00:00,0.1,0.1,0.408,0.422,29.3,83,999.2,6.6
JRB_IRL_04,2023-08-15 13:00:00+00:00,0.0,0.0,0.407,0.421,28.1,88,1000.3,5.4
JRB_IRL_04,2023-08-15 14:00:00+00:00,0.1,0.1,0.407,0.421,27.5,92,1001.3,5.2
JRB_IRL_04,2023-08-15 15:00:00+00:00,0.0,0.0,0.407,0.42,26.7,96,1002.4,3.0
JRB_IRL_04,2023-08-15 16:00:00+00:00,0.0,0.0,0.406,0.42,26.8,95,1002.7,1.8
JRB_IRL_04,2023-08-15 17:00:00+00:00,0.1,0.1,0.406,0.419,26.5,95,1002.3,3.5
JRB_IRL_04,2023-08-15 18:00:00+00:00,0.1,0.1,0.405,0.419,26.1,97,1002.2,2.5
JRB_IRL_04,2023-08-15 19:00:00+00:00,0.5,0.5,0.408,0.418,25.9,98,1001.8,6.3
JRB_IRL_04,2023-08-15 20:00:00+00:00,1.5,1.5,0.418,0.418,25.5,100,1001.7,3.1
JRB_IRL_04,2023-08-15 21:00:00+00:00,0.9,0.9,0.426,0.419,25.5,100,1001.2,2.6
JRB_IRL_04,2023-08-15 22:00:00+00:00,0.2,0.2,0.424,0.419,25.5,100,1001.2,2.6
JRB_IRL_04,2023-08-15 23:00:00+00:00,0.2,0.2,0.424,0.42,25.6,100,1001.7,1.9
JRB_IRL_04,2023-08-16 00:00:00+00:00,0.9,0.9,0.42,0.431,25.8,96,1002.1,3.7
JRB_IRL_04,2023-08-16 01:00:00+00:00,0.0,0.0,0.418,0.429,26.7,95,1002.4,3.1
JRB_IRL_04,2023-08-16 02:00:00+00:00,0.1,0.1,0.416,0.428,27.6,90,1003.0,4.0
JRB_IRL_04,2023-08-16 03:00:00+00:00,0.0,0.0,0.415,0.427,27.8,89,1002.9,3.8
JRB_IRL_04,2023-08-16 04:00:00+00:00,0.0,0.0,0.413,0.425,28.5,86,1002.6,4.6
JRB_IRL_04,2023-08-16 05:00:00+00:00,0.1,0.1,0.41,0.423,31.0,73,1001.9,1.9
JRB_IRL_04,2023-08-16 06:00:00+00:00,0.0,0.0,0.408,0.421,32.1,67,1000.6,2.9
JRB_IRL_04,2023-08-16 07:00:00+00:00,0.0,0.0,0.405,0.419,32.5,66,998.3,4.7
JRB_IRL_04,2023-08-16 08:00:00+00:00,0.0,0.0,0.402,0.417,33.2,64,997.4,6.3
JRB_IRL_04,2023-08-16 09:00:00+00:00,0.1,0.1,0.401,0.415,32.8,65,996.9,6.3
JRB_IRL_04,2023-08-16 10:00:00+00:00,0.0,0.0,0.399,0.413,32.7,66,996.4,1.1
JRB_IRL_04,2023-08-16 11:00:00+00:00,0.0,0.0,0.398,0.412,31.5,75,996.4,3.4
JRB_IRL_04,2023-08-16 12:00:00+00:00,0.0,0.0,0.4,0.414,29.4,86,998.1,2.3
JRB_IRL_04,2023-08-16 13:00:00+00:00,0.0,0.0,0.4,0.412,28.1,91,999.4,2.5
JRB_IRL_04,2023-08-16 14:00:00+00:00,0.0,0.0,0.399,0.411,27.6,91,1000.2,4.4
JRB_IRL_04,2023-08-16 15:00:00+00:00,0.0,0.0,0.399,0.41,26.7,94,1001.4,4.1
JRB_IRL_04,2023-08-16 16:00:00+00:00,0.0,0.0,0.398,0.41,26.2,96,1002.0,2.3
JRB_IRL_04,2023-08-16 17:00:00+00:00,0.2,0.2,0.399,0.409,26.0,97,1001.7,3.9
JRB_IRL_04,2023-08-16 18:00:00+00:00,0.3,0.3,0.4,0.408,25.7,96,1001.4,7.0
JRB_IRL_04,2023-08-16 19:00:00+00:00,0.5,0.5,0.403,0.407,25.7,93,1000.7,6.8
JRB_IRL_04,2023-08-16 20:00:00+00:00,0.1,0.1,0.402,0.407,25.3,95,1000.5,3.3
JRB_IRL_04,2023-08-16 21:00:00+00:00,0.0,0.0,0.401,0.406,25.1,97,1000.5,6.0
JRB_IRL_04,2023-08-16 22:00:00+00:00,0.0,0.0,0.4,0.405,24.9,98,1000.2,4.3
JRB_IRL_04,2023-08-16 23:00:00+00:00,0.0,0.0,0.4,0.405,24.8,99,1000.4,2.5
JRB_IRL_04,2023-08-17 00:00:00+00:00,0.0,0.0,0.405,0.405,25.7,98,1000.1,4.9
JRB_IRL_04,2023-08-17 01:00:00+00:00,0.0,0.0,0.404,0.405,27.8,95,1000.8,3.3
JRB_IRL_04,2023-08-17 02:00:00+00:00,0.0,0.0,0.403,0.404,29.0,90,1001.0,0.8
JRB_IRL_04,2023-08-17 03:00:00+00:00,0.0,0.0,0.401,0.403,30.7,80,1001.2,1.4
JRB_IRL_04,2023-08-17 04:00:00+00:00,0.0,0.0,0.399,0.402,32.3,72,1000.4,3.1
JRB_IRL_04,2023-08-17 05:00:00+00:00,0.0,0.0,0.396,0.401,33.5,68,999.8,4.6
JRB_IRL_04,2023-08-17 06:00:00+00:00,0.1,0.1,0.394,0.399,33.3,68,998.8,3.3
JRB_IRL_04,2023-08-17 07:00:00+00:00,0.0,0.0,0.392,0.398,33.3,68,997.7,3.1
JRB_IRL_04,2023-08-17 08:00:00+00:00,0.0,0.0,0.389,0.397,34.7,63,996.7,5.0
JRB_IRL_04,2023-08-17 09:00:00+00:00,1.5,1.5,0.399,0.396,31.9,78,996.4,5.5
JRB_IRL_04,2023-08-17 10:00:00+00:00,0.2,0.2,0.399,0.395,31.1,86,995.8,2.8
JRB_IRL_04,2023-08-17 11:00:00+00:00,0.0,0.0,0.397,0.395,31.1,88,995.5,0.7
JRB_IRL_04,2023-08-17 12:00:00+00:00,0.0,0.0,0.381,0.391,31.1,79,997.6,7.3
JRB_IRL_04,2023-08-17 13:00:00+00:00,3.2,3.2,0.412,0.391,29.9,85,999.0,6.6
JRB_IRL_04,2023-08-17 14:00:00+00:00,0.0,0.0,0.409,0.391,29.4,91,999.8,5.6
JRB_IRL_04,2023-08-17 15:00:00+00:00,0.0,0.0,0.407,0.392,28.7,95,1000.6,4.7
JRB_IRL_04,2023-08-17 16:00:00+00:00,5.7,5.7,0.439,0.398,27.9,97,1001.7,3.1
JRB_IRL_04,2023-08-17 17:00:00+00:00,15.0,15.0,0.437,0.43,26.6,96,1002.6,5.7
JRB_IRL_04,2023-08-17 18:00:00+00:00,0.1,0.1,0.431,0.43,26.3,100,1002.2,3.2
JRB_IRL_04,2023-08-17 19:00:00+00:00,0.1,0.1,0.427,0.43,26.3,100,1001.5,1.1
JRB_IRL_04,2023-08-17 20:00:00+00:00,0.0,0.0,0.424,0.43,26.2,99,1001.4,2.4
JRB_IRL_04,2023-08-17 21:00:00+00:00,0.1,0.1,0.422,0.429,25.8,99,1001.2,3.2
JRB_IRL_04,2023-08-17 22:00:00+00:00,0.0,0.0,0.419,0.428,25.5,100,1001.4,1.8
JRB_IRL_04,2023-08-17 23:00:00+00:00,0.0,0.0,0.417,0.428,25.5,100,1001.6,0.8
JRB_IRL_04,2023-08-18 00:00:00+00:00,0.0,0.0,0.425,0.423,26.2,98,1002.2,5.1
JRB_IRL_04,2023-08-18 01:00:00+00:00,0.0,0.0,0.422,0.423,26.9,97,1002.5,5.1
JRB_IRL_04,2023-08-18 02:00:00+00:00,0.0,0.0,0.42,0.423,28.0,92,1002.6,3.1
JRB_IRL_04,2023-08-18 03:00:00+00:00,0.0,0.0,0.417,0.423,28.8,88,1002.8,1.3
JRB_IRL_04,2023-08-18 04:00:00+00:00,0.0,0.0,0.415,0.422,30.1,79,1002.6,1.1
JRB_IRL_04,2023-08-18 05:00:00+00:00,0.0,0.0,0.412,0.421,31.7,72,1002.2,3.6
JRB_IRL_04,2023-08-18 06:00:00+00:00,0.0,0.0,0.409,0.42,32.1,72,1001.0,2.8
JRB_IRL_04,2023-08-18 07:00:00+00:00,0.0,0.0,0.406,0.418,32.6,68,1000.0,3.3
JRB_IRL_04,2023-08-18 08:00:00+00:00,0.0,0.0,0.403,0.417,33.2,65,998.9,2.5
JRB_IRL_04,2023-08-18 09:00:00+00:00,0.0,0.0,0.401,0.416,33.0,67,997.9,1.8
JRB_IRL_04,2023-08-18 10:00:00+00:00,0.5,0.5,0.403,0.415,31.0,84,998.0,3.1
JRB_IRL_04,2023-08-18 11:00:00+00:00,0.0,0.0,0.402,0.414,30.6,82,998.3,6.0
JRB_IRL_04,2023-08-18 12:00:00+00:00,0.0,0.0,0.387,0.409,30.5,89,998.8,5.9
JRB_IRL_04,2023-08-18 13:00:00+00:00,0.7,0.7,0.392,0.409,29.1,90,999.7,10.7
JRB_IRL_04,2023-08-18 14:00:00+00:00,3.5,3.5,0.427,0.41,27.9,94,1000.8,2.3
JRB_IRL_04,2023-08-18 15:00:00+00:00,0.1,0.1,0.422,0.411,27.2,97,1002.2,3.6
JRB_IRL_04,2023-08-18 16:00:00+00:00,4.9,4.9,0.439,0.424,26.4,100,1003.5,5.2
JRB_IRL_04,2023-08-18 17:00:00+00:00,2.4,2.4,0.436,0.433,26.2,100,1003.6,1.6
JRB_IRL_04,2023-08-18 18:00:00+00:00,0.5,0.5,0.435,0.433,26.4,100,1003.6,1.6
JRB_IRL_04,2023-08-18 19:00:00+00:00,0.9,0.9,0.437,0.433,25.9,100,1003.4,3.9
JRB_IRL_04,2023-08-18 20:00:00+00:00,1.4,1.4,0.439,0.434,25.9,100,1003.1,4.5
JRB_IRL_04,2023-08-18 21:00:00+00:00,2.4,2.4,0.433,0.438,25.7,100,1003.0,0.8
JRB_IRL_04,2023-08-18 22:00:00+00:00,1.8,1.8,0.435,0.437,25.6,100,1003.3,2.8
JRB_IRL_04,2023-08-18 23:00:00+00:00,0.4,0.4,0.432,0.436,25.7,100,1003.4,2.4
JRB_IRL_04,2023-08-19 00:00:00+00:00,0.1,0.1,0.421,0.432,25.8,100,1003.9,2.8
JRB_IRL_04,2023-08-19 01:00:00+00:00,0.1,0.1,0.419,0.431,26.5,98,1004.5,3.9
JRB_IRL_04,2023-08-19 02:00:00+00:00,0.0,0.0,0.417,0.43,27.1,95,1004.5,3.9
JRB_IRL_04,2023-08-19 03:00:00+00:00,0.0,0.0,0.415,0.429,28.3,89,1005.0,3.5
JRB_IRL_04,2023-08-19 04:00:00+00:00,0.0,0.0,0.413,0.427,30.1,79,1004.5,1.9
JRB_IRL_04,2023-08-19 05:00:00+00:00,0.0,0.0,0.411,0.426,31.2,75,1003.8,1.8
JRB_IRL_04,2023-08-19 06:00:00+00:00,0.0,0.0,0.409,0.424,31.0,75,1003.1,0.5
JRB_IRL_04,2023-08-19 07:00:00+00:00,0.0,0.0,0.406,0.423,31.7,72,1002.0,2.6
JRB_IRL_04,2023-08-19 08:00:00+00:00,0.0,0.0,0.404,0.421,32.8,69,1000.7,5.0
JRB_IRL_04,2023-08-19 09:00:00+00:00,0.0,0.0,0.402,0.419,32.7,69,999.7,3.2
JRB_IRL_04,2023-08-19 10:00:00+00:00,0.2,0.2,0.401,0.418,31.7,73,999.1,2.3
JRB_IRL_04,2023-08-19 11:00:00+00:00,0.1,0.1,0.401,0.417,29.7,86,999.5,5.6
JRB_IRL_04,2023-08-19 12:00:00+00:00,1.9,1.9,0.404,0.418,29.5,94,1001.0,2.7
JRB_IRL_04,2023-08-19 13:00:00+00:00,0.0,0.0,0.403,0.417,28.4,96,1001.8,3.8
JRB_IRL_04,2023-08-19 14:00:00+00:00,0.1,0.1,0.403,0.417,27.8,97,1002.7,3.9
JRB_IRL_04,2023-08-19 15:00:00+00:00,0.0,0.0,0.403,0.416,27.5,96,1003.5,2.3
JRB_IRL_04,2023-08-19 16:00:00+00:00,0.1,0.1,0.403,0.416,27.0,96,1003.9,7.7
JRB_IRL_04,2023-08-19 17:00:00+00:00,0.5,0.5,0.406,0.415,26.5,91,1004.1,4.7
JRB_IRL_04,2023-08-19 18:00:00+00:00,1.4,1.4,0.414,0.415,25.0,100,1003.7,6.8
JRB_IRL_04,2023-08-19 19:00:00+00:00,0.1,0.1,0.413,0.415,25.6,95,1003.3,5.2
JRB_IRL_04,2023-08-19 20:00:00+00:00,0.0,0.0,0.412,0.415,25.5,97,1003.4,1.8
JRB_IRL_04,2023-08-19 21:00:00+00:00,0.3,0.3,0.414,0.415,25.4,100,1003.2,1.5
JRB_IRL_04,2023-08-19 22:00:00+00:00,0.6,0.6,0.419,0.415,25.6,100,1003.3,2.2
JRB_IRL_04,2023-08-19 23:00:00+00:00,0.2,0.2,0.419,0.416,25.7,100,1003.6,2.8
JRB_IRL_04,2023-08-20 00:00:00+00:00,0.1,0.1,0.41,0.415,26.4,97,1004.0,3.3
JRB_IRL_04,2023-08-20 01:00:00+00:00,0.0,0.0,0.409,0.414,27.4,94,1004.7,3.1
JRB_IRL_04,2023-08-20 02:00:00+00:00,0.0,0.0,0.407,0.414,27.7,95,1005.1,2.9
JRB_IRL_04,2023-08-20 03:00:00+00:00,0.0,0.0,0.406,0.414,28.0,92,1005.3,3.1
JRB_IRL_04,2023-08-20 04:00:00+00:00,0.0,0.0,0.405,0.413,28.5,85,1005.2,3.6
JRB_IRL_04,2023-08-20 05:00:00+00:00,0.1,0.1,0.404,0.413,28.8,82,1004.6,2.3
JRB_IRL_04,2023-08-20 06:00:00+00:00,0.1,0.1,0.403,0.412,31.2,71,1003.3,1.3
JRB_IRL_04,2023-08-20 07:00:00+00:00,0.1,0.1,0.401,0.411,31.9,68,1002.1,4.6
JRB_IRL_04,2023-08-20 08:00:00+00:00,0.1,0.1,0.399,0.41,31.8,69,1000.6,4.0
JRB_IRL_04,2023-08-20 09:00:00+00:00,0.2,0.2,0.398,0.409,31.7,70,999.5,3.7
JRB_IRL_04,2023-08-20 10:00:00+00:00,0.0,0.0,0.397,0.408,30.8,77,999.1,1.5
JRB_IRL_04,2023-08-20 11:00:00+00:00,0.0,0.0,0.396,0.407,30.5,80,999.2,1.1
JRB_IRL_04,2023-08-20 12:00:00+00:00,0.0,0.0,0.391,0.406,29.4,93,1000.5,2.7
JRB_IRL_04,2023-08-20 13:00:00+00:00,0.0,0.0,0.391,0.406,28.5,96,1001.4,3.1
JRB_IRL_04,2023-08-20 14:00:00+00:00,0.0,0.0,0.391,0.405,28.1,93,1001.8,6.4
JRB_IRL_04,2023-08-20 15:00:00+00:00,0.0,0.0,0.391,0.405,27.7,91,1002.6,3.9
JRB_IRL_04,2023-08-20 16:00:00+00:00,0.0,0.0,0.39,0.405,27.0,95,1003.0,2.2
JRB_IRL_04,2023-08-20 17:00:00+00:00,0.0,0.0,0.39,0.404,26.6,96,1002.7,2.2
JRB_IRL_04,2023-08-20 18:00:00+00:00,0.0,0.0,0.39,0.404,26.5,96,1002.4,1.8
JRB_IRL_04,2023-08-20 19:00:00+00:00,0.0,0.0,0.39,0.404,26.6,94,1002.1,4.7
JRB_IRL_04,2023-08-20 20:00:00+00:00,0.7,0.7,0.395,0.404,26.6,95,1001.7,1.0
JRB_IRL_04,2023-08-20 21:00:00+00:00,0.3,0.3,0.396,0.403,26.2,96,1001.6,0.4
JRB_IRL_04,2023-08-20 22:00:00+00:00,2.7,2.7,0.426,0.404,25.5,100,1001.6,4.7
JRB_IRL_04,2023-08-20 23:00:00+00:00,5.0,5.0,0.431,0.42,25.0,100,1001.8,5.8
JRB_IRL_04,2023-08-21 00:00:00+00:00,0.4,0.4,0.395,0.401,26.7,92,1002.0,4.4
JRB_IRL_04,2023-08-21 01:00:00+00:00,0.4,0.4,0.397,0.401,27.1,94,1002.7,3.8
JRB_IRL_04,2023-08-21 02:00:00+00:00,0.1,0.1,0.397,0.401,27.8,91,1003.1,0.5
JRB_IRL_04,2023-08-21 03:00:00+00:00,0.1,0.1,0.397,0.401,29.1,85,1003.3,1.3
JRB_IRL_04,2023-08-21 04:00:00+00:00,0.2,0.2,0.396,0.4,29.3,85,1003.4,1.4
JRB_IRL_04,2023-08-21 05:00:00+00:00,0.3,0.3,0.397,0.4,29.5,85,1002.8,1.9
JRB_IRL_04,2023-08-21 06:00:00+00:00,0.2,0.2,0.396,0.399,29.9,83,1002.0,1.3
JRB_IRL_04,2023-08-21 07:00:00+00:00,0.2,0.2,0.397,0.399,29.6,86,1001.0,1.6
JRB_IRL_04,2023-08-21 08:00:00+00:00,0.2,0.2,0.396,0.398,29.8,85,999.5,5.2
JRB_IRL_04,2023-08-21 09:00:00+00:00,0.2,0.2,0.396,0.398,29.2,88,998.8,4.0
JRB_IRL_04,2023-08-21 10:00:00+00:00,14.4,14.4,0.433,0.413,27.5,92,999.4,6.9
JRB_IRL_04,2023-08-21 11:00:00+00:00,0.8,0.8,0.43,0.417,26.6,97,999.5,4.0
JRB_IRL_04,2023-08-21 12:00:00+00:00,2.3,2.3,0.431,0.412,25.8,99,1001.2,5.4
JRB_IRL_04,2023-08-21 13:00:00+00:00,0.7,0.7,0.431,0.415,25.7,100,1001.8,4.7
JRB_IRL_04,2023-08-21 14:00:00+00:00,0.2,0.2,0.427,0.416,25.8,100,1002.4,3.2
JRB_IRL_04,2023-08-21 15:00:00+00:00,0.0,0.0,0.423,0.417,25.7,100,1002.9,3.1
JRB_IRL_04,2023-08-21 16:00:00+00:00,2.0,2.0,0.439,0.418,25.5,100,1003.3,3.7
JRB_IRL_04,2023-08-21 17:00:00+00:00,1.6,1.6,0.434,0.426,25.3,100,1003.3,3.9
JRB_IRL_04,2023-08-21 18:00:00+00:00,2.5,2.5,0.435,0.435,25.2,100,1003.2,5.5
JRB_IRL_04,2023-08-21 19:00:00+00:00,1.8,1.8,0.435,0.437,25.4,100,1002.9,2.1
JRB_IRL_04,2023-08-21 20:00:00+00:00,0.9,0.9,0.436,0.436,25.3,100,1002.4,1.8
JRB_IRL_04,2023-08-21 21:00:00+00:00,0.3,0.3,0.433,0.435,25.3,100,1001.9,2.3
JRB_IRL_04,2023-08-21 22:00:00+00:00,0.2,0.2,0.43,0.433,25.2,100,1001.8,3.4
JRB_IRL_04,2023-08-21 23:00:00+00:00,0.1,0.1,0.427,0.432,25.0,100,1001.9,2.9
JRB_IRL_04,2023-08-22 00:00:00+00:00,0.0,0.0,0.425,0.428,25.6,97,1002.6,7.2
JRB_IRL_04,2023-08-22 01:00:00+00:00,0.0,0.0,0.422,0.428,26.3,94,1003.0,6.2
JRB_IRL_04,2023-08-22 02:00:00+00:00,0.0,0.0,0.419,0.427,26.7,94,1003.6,5.3
JRB_IRL_04,2023-08-22 03:00:00+00:00,0.0,0.0,0.417,0.426,27.1,92,1003.8,3.0
JRB_IRL_04,2023-08-22 04:00:00+00:00,0.0,0.0,0.415,0.425,27.9,89,1004.0,2.3
JRB_IRL_04,2023-08-22 05:00:00+00:00,0.1,0.1,0.414,0.424,28.2,75,1003.7,1.8
JRB_IRL_04,2023-08-22 06:00:00+00:00,0.1,0.1,0.413,0.423,27.6,88,1003.0,1.6
JRB_IRL_04,2023-08-22 07:00:00+00:00,0.1,0.1,0.411,0.422,27.9,83,1002.2,3.0
JRB_IRL_04,2023-08-22 08:00:00+00:00,0.0,0.0,0.409,0.421,28.6,76,1001.1,3.8
JRB_IRL_04,2023-08-22 09:00:00+00:00,0.0,0.0,0.407,0.419,28.5,76,1000.6,3.4
JRB_IRL_04,2023-08-22 10:00:00+00:00,0.0,0.0,0.405,0.418,29.2,72,1000.2,2.4
JRB_IRL_04,2023-08-22 11:00:00+00:00,0.0,0.0,0.403,0.417,28.6,80,1000.2,1.5
JRB_IRL_04,2023-08-22 12:00:00+00:00,0.0,0.0,0.406,0.418,27.0,96,1001.8,1.9
JRB_IRL_04,2023-08-22 13:00:00+00:00,0.1,0.1,0.406,0.417,26.5,94,1002.2,3.6
JRB_IRL_04,2023-08-22 14:00:00+00:00,0.2,0.2,0.407,0.416,26.2,94,1003.1,3.6
JRB_IRL_04,2023-08-22 15:00:00+00:00,0.9,0.9,0.411,0.416,25.8,96,1003.8,3.1
JRB_IRL_04,2023-08-22 16:00:00+00:00,0.8,0.8,0.417,0.416,25.5,97,1004.1,3.2
JRB_IRL_04,2023-08-22 17:00:00+00:00,0.7,0.7,0.423,0.416,25.3,100,1004.1,2.1
JRB_IRL_04,2023-08-22 18:00:00+00:00,1.3,1.3,0.433,0.418,25.1,100,1003.7,2.3
JRB_IRL_04,2023-08-22 19:00:00+00:00,1.0,1.0,0.436,0.42,25.0,100,1003.4,3.5
JRB_IRL_04,2023-08-22 20:00:00+00:00,2.2,2.2,0.437,0.429,24.8,100,1002.8,1.6
JRB_IRL_04,2023-08-22 21:00:00+00:00,2.3,2.3,0.436,0.437,24.6,100,1002.4,3.1
JRB_IRL_04,2023-08-22 22:00:00+00:00,2.4,2.4,0.436,0.438,24.6,100,1002.0,2.8
JRB_IRL_04,2023-08-22 23:00:00+00:00,2.2,2.2,0.432,0.438,24.6,100,1001.9,1.5
JRB_IRL_04,2023-08-23 00:00:00+00:00,1.6,1.6,0.433,0.431,25.0,95,1002.3,4.3
JRB_IRL_04,2023-08-23 01:00:00+00:00,0.2,0.2,0.429,0.431,25.7,96,1002.8,2.3
JRB_IRL_04,2023-08-23 02:00:00+00:00,0.0,0.0,0.426,0.43,26.8,90,1003.3,1.8
JRB_IRL_04,2023-08-23 03:00:00+00:00,0.0,0.0,0.422,0.429,27.3,89,1003.4,2.6
JRB_IRL_04,2023-08-23 04:00:00+00:00,0.0,0.0,0.419,0.428,28.2,84,1003.3,2.9
JRB_IRL_04,2023-08-23 05:00:00+00:00,0.0,0.0,0.417,0.426,28.6,82,1002.8,3.6
JRB_IRL_04,2023-08-23 06:00:00+00:00,0.0,0.0,0.414,0.425,29.0,80,1001.7,1.8
JRB_IRL_04,2023-08-23 07:00:00+00:00,0.1,0.1,0.412,0.423,29.5,78,1000.3,2.3
JRB_IRL_04,2023-08-23 08:00:00+00:00,0.1,0.1,0.41,0.422,30.1,75,998.7,1.5
JRB_IRL_04,2023-08-23 09:00:00+00:00,0.1,0.1,0.408,0.42,30.3,72,997.5,3.3
JRB_IRL_04,2023-08-23 10:00:00+00:00,0.2,0.2,0.407,0.419,30.1,71,997.2,6.8
JRB_IRL_04,2023-08-23 11:00:00+00:00,0.4,0.4,0.408,0.418,28.0,86,997.6,4.2
JRB_IRL_04,2023-08-23 12:00:00+00:00,0.1,0.1,0.404,0.418,28.2,87,998.7,2.9
JRB_IRL_04,2023-08-23 13:00:00+00:00,0.0,0.0,0.403,0.418,27.4,89,999.6,5.5
JRB_IRL_04,2023-08-23 14:00:00+00:00,0.0,0.0,0.403,0.417,26.7,93,1000.2,4.7
JRB_IRL_04,2023-08-23 15:00:00+00:00,0.1,0.1,0.402,0.416,26.3,95,1001.0,2.3
JRB_IRL_04,2023-08-23 16:00:00+00:00,1.0,1.0,0.409,0.416,25.6,96,1001.4,5.2
JRB_IRL_04,2023-08-23 17:00:00+00:00,4.6,4.6,0.439,0.42,25.0,100,1001.3,4.5
JRB_IRL_04,2023-08-23 18:00:00+00:00,1.6,1.6,0.433,0.427,24.6,100,1000.8,4.4
JRB_IRL_04,2023-08-23 19:00:00+00:00,0.4,0.4,0.431,0.428,24.7,100,1000.2,2.2
JRB_IRL_04,2023-08-23 20:00:00+00:00,0.1,0.1,0.427,0.427,24.7,100,999.6,2.9
JRB_IRL_04,2023-08-23 21:00:00+00:00,0.0,0.0,0.424,0.427,24.6,98,999.3,5.1
JRB_IRL_04,2023-08-23 22:00:00+00:00,0.0,0.0,0.421,0.426,24.4,98,999.2,4.3
JRB_IRL_04,2023-08-23 23:00:00+00:00,0.0,0.0,0.419,0.425,24.1,99,999.3,2.7
JRB_IRL_04,2023-08-24 00:00:00+00:00,0.0,0.0,0.424,0.424,24.7,98,999.7,1.8
JRB_IRL_04,2023-08-24 01:00:00+00:00,0.1,0.1,0.422,0.424,26.0,97,1000.1,2.1
JRB_IRL_04,2023-08-24 02:00:00+00:00,0.0,0.0,0.419,0.423,27.5,95,1000.5,3.6
JRB_IRL_04,2023-08-24 03:00:00+00:00,0.0,0.0,0.417,0.423,28.5,86,1000.6,2.9
JRB_IRL_04,2023-08-24 04:00:00+00:00,0.0,0.0,0.414,0.422,30.0,79,1000.3,1.6
JRB_IRL_04,2023-08-24 05:00:00+00:00,0.1,0.1,0.412,0.42,31.1,75,999.8,1.6
JRB_IRL_04,2023-08-24 06:00:00+00:00,0.1,0.1,0.409,0.419,32.1,69,998.2,2.1
JRB_IRL_04,2023-08-24 07:00:00+00:00,0.0,0.0,0.406,0.417,33.0,65,997.0,3.4
JRB_IRL_04,2023-08-24 08:00:00+00:00,0.0,0.0,0.403,0.416,33.3,63,995.9,6.0
JRB_IRL_04,2023-08-24 09:00:00+00:00,0.2,0.2,0.402,0.414,32.4,65,995.2,5.2
JRB_IRL_04,2023-08-24 10:00:00+00:00,1.2,1.2,0.409,0.413,31.3,72,995.4,7.9
JRB_IRL_04,2023-08-24 11:00:00+00:00,0.4,0.4,0.41,0.413,28.0,88,996.9,10.9
JRB_IRL_04,2023-08-24 12:00:00+00:00,8.1,8.1,0.409,0.413,27.1,99,997.7,1.5
JRB_IRL_04,2023-08-24 13:00:00+00:00,1.0,1.0,0.418,0.413,26.3,100,998.4,3.1
JRB_IRL_04,2023-08-24 14:00:00+00:00,0.1,0.1,0.417,0.413,26.5,99,999.2,3.2
JRB_IRL_04,2023-08-24 15:00:00+00:00,0.0,0.0,0.415,0.413,26.3,99,999.7,2.9
JRB_IRL_04,2023-08-24 16:00:00+00:00,0.1,0.1,0.414,0.413,26.2,100,999.8,3.3
JRB_IRL_04,2023-08-24 17:00:00+00:00,0.2,0.2,0.414,0.413,25.8,100,999.7,6.7
JRB_IRL_04,2023-08-24 18:00:00+00:00,0.3,0.3,0.416,0.413,25.5,99,999.6,3.3
JRB_IRL_04,2023-08-24 19:00:00+00:00,1.5,1.5,0.432,0.414,25.1,100,999.0,1.8
JRB_IRL_04,2023-08-24 20:00:00+00:00,0.4,0.4,0.429,0.416,25.0,100,998.3,1.8
JRB_IRL_04,2023-08-24 21:00:00+00:00,0.1,0.1,0.425,0.417,25.0,100,998.2,2.2
JRB_IRL_04,2023-08-24 22:00:00+00:00,0.1,0.1,0.423,0.417,24.8,100,998.5,2.9
JRB_IRL_04,2023-08-24 23:00:00+00:00,0.1,0.1,0.42,0.417,25.1,98,998.6,4.3
JRB_IRL_04,2023-08-25 00:00:00+00:00,0.0,0.0,0.409,0.42,25.8,98,998.9,1.5
JRB_IRL_04,2023-08-25 01:00:00+00:00,0.0,0.0,0.408,0.419,26.8,97,999.4,1.8
JRB_IRL_04,2023-08-25 02:00:00+00:00,0.1,0.1,0.408,0.419,27.7,96,1000.0,2.9
JRB_IRL_04,2023-08-25 03:00:00+00:00,0.1,0.1,0.407,0.418,28.8,87,1000.0,3.7
JRB_IRL_04,2023-08-25 04:00:00+00:00,0.1,0.1,0.406,0.417,30.3,79,999.7,3.3
JRB_IRL_04,2023-08-25 05:00:00+00:00,0.1,0.1,0.404,0.416,31.2,75,999.0,0.5
JRB_IRL_04,2023-08-25 06:00:00+00:00,0.1,0.1,0.402,0.414,32.4,69,997.7,1.8
JRB_IRL_04,2023-08-25 07:00:00+00:00,0.0,0.0,0.399,0.413,32.9,67,996.7,4.0
JRB_IRL_04,2023-08-25 08:00:00+00:00,0.0,0.0,0.397,0.411,33.1,66,995.5,3.9
JRB_IRL_04,2023-08-25 09:00:00+00:00,0.0,0.0,0.395,0.41,32.5,67,994.7,2.6
JRB_IRL_04,2023-08-25 10:00:00+00:00,8.1,8.1,0.439,0.418,28.3,94,995.7,10.7
JRB_IRL_04,2023-08-25 11:00:00+00:00,4.0,4.0,0.434,0.429,27.2,100,996.4,2.5
JRB_IRL_04,2023-08-25 12:00:00+00:00,1.6,1.6,0.426,0.425,27.3,97,997.4,5.5
JRB_IRL_04,2023-08-25 13:00:00+00:00,0.7,0.7,0.431,0.425,26.1,100,998.6,6.6
JRB_IRL_04,2023-08-25 14:00:00+00:00,1.6,1.6,0.438,0.428,26.4,100,999.1,3.7
JRB_IRL_04,2023-08-25 15:00:00+00:00,2.1,2.1,0.434,0.436,26.0,100,999.9,2.9
JRB_IRL_04,2023-08-25 16:00:00+00:00,0.5,0.5,0.433,0.435,26.0,99,1000.1,4.9
JRB_IRL_04,2023-08-25 17:00:00+00:00,0.0,0.0,0.427,0.433,25.8,99,1000.0,5.5
JRB_IRL_04,2023-08-25 18:00:00+00:00,0.0,0.0,0.423,0.432,25.5,99,999.6,4.7
JRB_IRL_04,2023-08-25 19:00:00+00:00,0.0,0.0,0.421,0.431,25.4,98,998.8,4.3
JRB_IRL_04,2023-08-25 20:00:00+00:00,0.0,0.0,0.418,0.429,25.2,98,997.6,4.5
JRB_IRL_04,2023-08-25 21:00:00+00:00,0.0,0.0,0.416,0.428,24.7,98,997.2,4.8
JRB_IRL_04,2023-08-25 22:00:00+00:00,0.0,0.0,0.415,0.427,24.8,98,997.0,2.9
JRB_IRL_04,2023-08-25 23:00:00+00:00,0.0,0.0,0.413,0.426,24.9,98,997.3,5.5
JRB_IRL_04,2023-08-26 00:00:00+00:00,0.1,0.1,0.408,0.42,25.8,97,998.2,6.5
JRB_IRL_04,2023-08-26 01:00:00+00:00,0.9,0.9,0.418,0.42,26.2,100,998.7,4.1
JRB_IRL_04,2023-08-26 02:00:00+00:00,2.6,2.6,0.435,0.423,26.7,100,999.7,3.8
JRB_IRL_04,2023-08-26 03:00:00+00:00,3.4,3.4,0.439,0.432,26.6,100,999.9,4.5
JRB_IRL_04,2023-08-26 04:00:00+00:00,0.9,0.9,0.434,0.434,27.4,92,1000.1,7.4
JRB_IRL_04,2023-08-26 05:00:00+00:00,0.4,0.4,0.431,0.433,29.1,84,999.6,12.2
JRB_IRL_04,2023-08-26 06:00:00+00:00,2.8,2.8,0.434,0.435,28.2,95,998.7,10.0
JRB_IRL_04,2023-08-26 07:00:00+00:00,2.7,2.7,0.43,0.437,28.0,92,997.8,4.2
JRB_IRL_04,2023-08-26 08:00:00+00:00,7.1,7.1,0.434,0.438,27.2,100,997.2,4.9
JRB_IRL_04,2023-08-26 09:00:00+00:00,0.6,0.6,0.424,0.436,28.3,90,996.8,5.4
JRB_IRL_04,2023-08-26 10:00:00+00:00,0.2,0.2,0.422,0.434,28.6,89,996.5,3.1
JRB_IRL_04,2023-08-26 11:00:00+00:00,4.5,4.5,0.432,0.437,26.9,100,997.2,3.6
JRB_IRL_04,2023-08-26 12:00:00+00:00,0.1,0.1,0.43,0.428,26.4,98,997.9,2.7
JRB_IRL_04,2023-08-26 13:00:00+00:00,2.8,2.8,0.439,0.434,25.8,100,998.9,5.3
JRB_IRL_04,2023-08-26 14:00:00+00:00,1.4,1.4,0.432,0.437,25.4,100,1000.0,2.4
JRB_IRL_04,2023-08-26 15:00:00+00:00,0.7,0.7,0.434,0.436,25.3,100,1000.6,3.0
JRB_IRL_04,2023-08-26 16:00:00+00:00,0.3,0.3,0.431,0.435,25.1,100,1000.6,5.3
JRB_IRL_04,2023-08-26 17:00:00+00:00,0.2,0.2,0.429,0.434,24.9,100,1000.7,3.4
JRB_IRL_04,2023-08-26 18:00:00+00:00,0.3,0.3,0.428,0.433,25.0,100,1000.1,3.3
JRB_IRL_04,2023-08-26 19:00:00+00:00,0.1,0.1,0.425,0.433,24.9,100,999.4,2.1
JRB_IRL_04,2023-08-26 20:00:00+00:00,0.2,0.2,0.425,0.432,24.9,100,998.5,3.6
JRB_IRL_04,2023-08-26 21:00:00+00:00,0.3,0.3,0.426,0.431,24.6,100,998.5,3.7
JRB_IRL_04,2023-08-26 22:00:00+00:00,0.1,0.1,0.423,0.431,24.7,100,998.7,2.6
JRB_IRL_04,2023-08-26 23:00:00+00:00,0.0,0.0,0.421,0.43,24.8,100,998.7,2.1
JRB_IRL_04,2023-08-27 00:00:00+00:00,0.0,0.0,0.417,0.427,25.0,99,999.9,3.7
JRB_IRL_04,2023-08-27 01:00:00+00:00,0.5,0.5,0.42,0.426,26.0,97,1000.1,2.9
JRB_IRL_04,2023-08-27 02:00:00+00:00,0.1,0.1,0.418,0.426,26.9,93,1000.1,3.3
JRB_IRL_04,2023-08-27 03:00:00+00:00,0.0,0.0,0.416,0.425,28.6,87,1000.1,1.0
JRB_IRL_04,2023-08-27 04:00:00+00:00,0.1,0.1,0.414,0.424,30.2,82,999.8,1.3
JRB_IRL_04,2023-08-27 05:00:00+00:00,0.3,0.3,0.413,0.423,32.0,70,999.2,8.4
JRB_IRL_04,2023-08-27 06:00:00+00:00,0.2,0.2,0.412,0.422,29.9,79,998.1,4.1
JRB_IRL_04,2023-08-27 07:00:00+00:00,0.2,0.2,0.41,0.421,31.3,74,997.6,2.9
JRB_IRL_04,2023-08-27 08:00:00+00:00,1.2,1.2,0.416,0.42,28.9,85,996.3,6.8
JRB_IRL_04,2023-08-27 09:00:00+00:00,0.2,0.2,0.415,0.42,27.8,89,995.9,6.6
JRB_IRL_04,2023-08-27 10:00:00+00:00,0.4,0.4,0.416,0.419,27.8,91,995.9,2.6
JRB_IRL_04,2023-08-27 11:00:00+00:00,0.1,0.1,0.415,0.419,27.5,92,996.1,8.0
JRB_IRL_04,2023-08-27 12:00:00+00:00,0.0,0.0,0.434,0.429,26.7,100,997.8,6.2
JRB_IRL_04,2023-08-27 13:00:00+00:00,0.2,0.2,0.429,0.429,26.3,99,998.3,5.0
JRB_IRL_04,2023-08-27 14:00:00+00:00,0.0,0.0,0.426,0.429,26.0,99,999.1,4.6
JRB_IRL_04,2023-08-27 15:00:00+00:00,0.0,0.0,0.422,0.429,25.6,99,999.7,3.5
JRB_IRL_04,2023-08-27 16:00:00+00:00,0.0,0.0,0.42,0.428,25.9,97,1000.2,2.0
JRB_IRL_04,2023-08-27 17:00:00+00:00,0.1,0.1,0.419,0.427,25.6,100,1000.6,5.1
JRB_IRL_04,2023-08-27 18:00:00+00:00,0.8,0.8,0.426,0.427,25.2,100,1000.7,2.5
JRB_IRL_04,2023-08-27 19:00:00+00:00,0.3,0.3,0.427,0.427,25.0,100,1000.1,2.5
JRB_IRL_04,2023-08-27 20:00:00+00:00,0.2,0.2,0.425,0.427,24.9,100,999.6,5.4
JRB_IRL_04,2023-08-27 21:00:00+00:00,0.0,0.0,0.423,0.427,24.7,99,999.1,2.5
JRB_IRL_04,2023-08-27 22:00:00+00:00,0.0,0.0,0.42,0.426,24.9,98,999.1,3.9
JRB_IRL_04,2023-08-27 23:00:00+00:00,0.0,0.0,0.418,0.426,24.8,98,999.2,4.5
JRB_IRL_04,2023-08-28 00:00:00+00:00,0.0,0.0,0.419,0.426,25.1,97,999.8,5.1
JRB_IRL_04,2023-08-28 01:00:00+00:00,0.0,0.0,0.417,0.425,25.8,96,1000.6,4.1
JRB_IRL_04,2023-08-28 02:00:00+00:00,0.0,0.0,0.415,0.425,26.7,94,1000.9,4.3
JRB_IRL_04,2023-08-28 03:00:00+00:00,0.0,0.0,0.414,0.424,27.5,90,1001.7,3.9
JRB_IRL_04,2023-08-28 04:00:00+00:00,0.0,0.0,0.412,0.423,28.4,85,1001.7,2.3
JRB_IRL_04,2023-08-28 05:00:00+00:00,0.1,0.1,0.41,0.422,30.2,77,1001.2,2.5
JRB_IRL_04,2023-08-28 06:00:00+00:00,5.4,5.4,0.439,0.426,27.3,90,1000.5,9.1
JRB_IRL_04,2023-08-28 07:00:00+00:00,0.6,0.6,0.43,0.428,27.3,88,999.8,1.0
JRB_IRL_04,2023-08-28 08:00:00+00:00,0.1,0.1,0.426,0.428,29.0,85,998.3,2.2
JRB_IRL_04,2023-08-28 09:00:00+00:00,0.1,0.1,0.423,0.427,28.8,85,997.5,4.4
JRB_IRL_04,2023-08-28 10:00:00+00:00,0.0,0.0,0.42,0.427,28.9,83,997.0,4.7
JRB_IRL_04,2023-08-28 11:00:00+00:00,0.0,0.0,0.417,0.426,28.7,85,996.9,5.2
JRB_IRL_04,2023-08-28 12:00:00+00:00,0.0,0.0,0.406,0.42,27.7,93,998.4,6.8
JRB_IRL_04,2023-08-28 13:00:00+00:00,0.0,0.0,0.405,0.42,26.7,96,998.8,6.4
JRB_IRL_04,2023-08-28 14:00:00+00:00,0.0,0.0,0.405,0.419,26.3,96,999.7,3.8
JRB_IRL_04,2023-08-28 15:00:00+00:00,0.0,0.0,0.404,0.418,25.9,96,1000.6,1.9
JRB_IRL_04,2023-08-28 16:00:00+00:00,0.0,0.0,0.403,0.418,25.4,97,1000.9,2.4
JRB_IRL_04,2023-08-28 17:00:00+00:00,0.0,0.0,0.403,0.417,25.0,98,1001.0,3.5
JRB_IRL_04,2023-08-28 18:00:00+00:00,0.0,0.0,0.402,0.417,24.6,99,1001.1,3.8
JRB_IRL_04,2023-08-28 19:00:00+00:00,0.0,0.0,0.402,0.416,24.3,99,1000.5,4.1
JRB_IRL_04,2023-08-28 20:00:00+00:00,0.0,0.0,0.401,0.415,24.3,98,1000.3,2.6
JRB_IRL_04,2023-08-28 21:00:00+00:00,0.0,0.0,0.401,0.415,24.4,98,1000.3,3.4
JRB_IRL_04,2023-08-28 22:00:00+00:00,0.0,0.0,0.401,0.414,24.5,97,1000.4,2.2
JRB_IRL_04,2023-08-28 23:00:00+00:00,0.0,0.0,0.4,0.414,24.3,97,1000.6,3.5
JRB_IRL_04,2023-08-29 00:00:00+00:00,0.0,0.0,0.397,0.412,25.5,92,1000.6,3.1
JRB_IRL_04,2023-08-29 01:00:00+00:00,0.0,0.0,0.396,0.412,27.1,89,1001.4,2.5
JRB_IRL_04,2023-08-29 02:00:00+00:00,0.0,0.0,0.395,0.411,28.7,81,1001.8,1.9
JRB_IRL_04,2023-08-29 03:00:00+00:00,0.0,0.0,0.393,0.409,30.3,73,1001.9,0.8
JRB_IRL_04,2023-08-29 04:00:00+00:00,0.0,0.0,0.391,0.408,31.8,65,1001.6,1.3
JRB_IRL_04,2023-08-29 05:00:00+00:00,0.0,0.0,0.389,0.406,32.8,61,1000.8,3.4
JRB_IRL_04,2023-08-29 06:00:00+00:00,0.0,0.0,0.387,0.405,33.5,60,999.3,5.2
JRB_IRL_04,2023-08-29 07:00:00+00:00,0.0,0.0,0.384,0.403,33.9,58,997.6,4.8
JRB_IRL_04,2023-08-29 08:00:00+00:00,0.0,0.0,0.382,0.401,34.0,58,996.5,4.6
JRB_IRL_04,2023-08-29 09:00:00+00:00,0.0,0.0,0.38,0.4,33.8,59,995.8,5.9
JRB_IRL_04,2023-08-29 10:00:00+00:00,0.0,0.0,0.379,0.398,33.2,64,995.5,6.5
JRB_IRL_04,2023-08-29 11:00:00+00:00,0.0,0.0,0.378,0.397,32.4,74,995.8,4.3
JRB_IRL_04,2023-08-29 12:00:00+00:00,0.0,0.0,0.38,0.398,30.7,78,997.1,5.4
JRB_IRL_04,2023-08-29 13:00:00+00:00,0.0,0.0,0.38,0.398,30.0,78,998.2,5.1
JRB_IRL_04,2023-08-29 14:00:00+00:00,0.0,0.0,0.381,0.397,28.3,87,999.5,3.6
JRB_IRL_04,2023-08-29 15:00:00+00:00,0.0,0.0,0.381,0.397,27.7,88,1000.5,3.4
JRB_IRL_04,2023-08-29 16:00:00+00:00,0.0,0.0,0.381,0.396,27.2,90,1001.2,3.6
JRB_IRL_04,2023-08-29 17:00:00+00:00,0.0,0.0,0.381,0.396,26.8,90,1001.4,3.1
JRB_IRL_04,2023-08-29 18:00:00+00:00,0.0,0.0,0.381,0.395,26.9,89,1001.2,2.0
JRB_IRL_04,2023-08-29 19:00:00+00:00,0.0,0.0,0.381,0.395,26.5,89,1001.0,2.4
JRB_IRL_04,2023-08-29 20:00:00+00:00,0.0,0.0,0.38,0.395,26.5,89,1000.6,1.8
JRB_IRL_04,2023-08-29 21:00:00+00:00,0.0,0.0,0.38,0.394,25.4,93,1000.5,5.0
JRB_IRL_04,2023-08-29 22:00:00+00:00,0.0,0.0,0.38,0.394,26.0,89,1000.4,4.0
JRB_IRL_04,2023-08-29 23:00:00+00:00,0.0,0.0,0.38,0.393,25.4,90,1000.6,4.5
JRB_IRL_04,2023-08-30 00:00:00+00:00,0.0,0.0,0.382,0.394,26.5,85,1001.0,3.2
JRB_IRL_04,2023-08-30 01:00:00+00:00,0.0,0.0,0.382,0.394,28.0,85,1001.6,2.2
JRB_IRL_04,2023-08-30 02:00:00+00:00,0.0,0.0,0.381,0.393,29.6,79,1001.7,2.6
JRB_IRL_04,2023-08-30 03:00:00+00:00,0.0,0.0,0.379,0.392,31.4,72,1001.9,2.2
JRB_IRL_04,2023-08-30 04:00:00+00:00,0.0,0.0,0.377,0.391,32.9,65,1001.7,3.4
JRB_IRL_04,2023-08-30 05:00:00+00:00,0.0,0.0,0.375,0.389,34.1,60,1000.9,3.1
JRB_IRL_04,2023-08-30 06:00:00+00:00,0.0,0.0,0.372,0.388,35.0,56,999.7,3.8
JRB_IRL_04,2023-08-30 07:00:00+00:00,0.0,0.0,0.37,0.386,35.5,52,998.4,3.7
JRB_IRL_04,2023-08-30 08:00:00+00:00,0.0,0.0,0.368,0.385,35.8,50,997.3,2.0
JRB_IRL_04,2023-08-30 09:00:00+00:00,0.0,0.0,0.366,0.384,35.9,51,996.4,3.7
JRB_IRL_04,2023-08-30 10:00:00+00:00,0.0,0.0,0.364,0.383,34.6,61,996.7,6.2
JRB_IRL_04,2023-08-30 11:00:00+00:00,0.0,0.0,0.364,0.382,32.9,77,997.2,2.5
JRB_IRL_04,2023-08-30 12:00:00+00:00,0.0,0.0,0.376,0.391,31.4,78,998.3,5.6
JRB_IRL_04,2023-08-30 13:00:00+00:00,0.0,0.0,0.376,0.391,30.5,81,999.2,6.4
JRB_IRL_04,2023-08-30 14:00:00+00:00,0.0,0.0,0.376,0.391,29.4,87,1000.6,10.2
JRB_IRL_04,2023-08-30 15:00:00+00:00,0.0,0.0,0.376,0.39,29.0,76,1001.8,10.7
JRB_IRL_04,2023-08-30 16:00:00+00:00,0.0,0.0,0.376,0.39,27.9,80,1002.7,6.3
JRB_IRL_04,2023-08-30 17:00:00+00:00,1.0,1.0,0.383,0.39,26.8,88,1003.2,8.2
JRB_IRL_04,2023-08-30 18:00:00+00:00,0.1,0.1,0.384,0.39,26.2,94,1003.1,5.9
JRB_IRL_04,2023-08-30 19:00:00+00:00,0.0,0.0,0.383,0.39,26.0,96,1002.3,5.1
JRB_IRL_04,2023-08-30 20:00:00+00:00,0.0,0.0,0.383,0.389,25.9,96,1001.9,5.0
JRB_IRL_04,2023-08-30 21:00:00+00:00,0.0,0.0,0.383,0.389,25.6,98,1002.1,5.4
JRB_IRL_04,2023-08-30 22:00:00+00:00,0.0,0.0,0.382,0.389,25.5,98,1002.2,4.8
JRB_IRL_04,2023-08-30 23:00:00+00:00,0.0,0.0,0.382,0.389,25.4,98,1002.4,3.0
JRB_IRL_04,2023-08-31 00:00:00+00:00,0.0,0.0,0.381,0.387,25.8,100,1003.4,3.3
JRB_IRL_04,2023-08-31 01:00:00+00:00,0.1,0.1,0.381,0.387,27.0,97,1004.0,1.1
JRB_IRL_04,2023-08-31 02:00:00+00:00,0.3,0.3,0.384,0.387,27.3,94,1004.5,1.5
JRB_IRL_04,2023-08-31 03:00:00+00:00,0.0,0.0,0.383,0.387,28.5,88,1004.6,0.4
JRB_IRL_04,2023-08-31 04:00:00+00:00,0.1,0.1,0.382,0.386,29.9,80,1004.2,1.1
JRB_IRL_04,2023-08-31 05:00:00+00:00,0.0,0.0,0.381,0.385,31.4,73,1003.4,3.4
JRB_IRL_04,2023-08-31 06:00:00+00:00,0.1,0.1,0.379,0.384,32.9,67,1002.4,5.2
JRB_IRL_04,2023-08-31 07:00:00+00:00,0.1,0.1,0.377,0.383,33.0,66,1000.7,5.1
JRB_IRL_04,2023-08-31 08:00:00+00:00,0.0,0.0,0.375,0.382,32.9,67,999.4,4.5
JRB_IRL_04,2023-08-31 09:00:00+00:00,0.0,0.0,0.373,0.381,32.5,70,998.6,3.9
JRB_IRL_04,2023-08-31 10:00:00+00:00,0.0,0.0,0.372,0.381,32.2,72,998.4,3.1
JRB_IRL_04,2023-08-31 11:00:00+00:00,0.2,0.2,0.372,0.38,30.9,86,999.0,1.8
JRB_IRL_04,2023-08-31 12:00:00+00:00,0.0,0.0,0.367,0.381,30.4,84,999.5,4.7
JRB_IRL_04,2023-08-31 13:00:00+00:00,0.0,0.0,0.367,0.381,29.1,91,1000.3,7.1
JRB_IRL_04,2023-08-31 14:00:00+00:00,0.0,0.0,0.368,0.381,28.5,90,1001.1,7.4
JRB_IRL_04,2023-08-31 15:00:00+00:00,0.0,0.0,0.368,0.381,28.1,90,1002.0,6.9
JRB_IRL_04,2023-08-31 16:00:00+00:00,0.0,0.0,0.368,0.38,27.8,92,1002.6,5.3
JRB_IRL_04,2023-08-31 17:00:00+00:00,4.2,4.2,0.413,0.38,27.0,96,1003.0,1.5
JRB_IRL_04,2023-08-31 18:00:00+00:00,3.3,3.3,0.438,0.387,26.4,100,1003.4,2.7
JRB_IRL_04,2023-08-31 19:00:00+00:00,0.9,0.9,0.427,0.394,26.1,100,1003.0,2.4
JRB_IRL_04,2023-08-31 20:00:00+00:00,0.1,0.1,0.421,0.397,25.9,100,1002.5,1.1
JRB_IRL_04,2023-08-31 21:00:00+00:00,0.6,0.6,0.423,0.398,25.6,100,1002.4,2.3
JRB_IRL_04,2023-08-31 22:00:00+00:00,3.3,3.3,0.433,0.409,25.2,100,1002.9,3.1
JRB_IRL_04,2023-08-31 23:00:00+00:00,0.3,0.3,0.428,0.411,25.2,100,1002.9,1.1
