station_id,datetime_utc,precipitation,rain,soil_moisture_0_to_7cm,soil_moisture_7_to_28cm,temperature_2m,relative_humidity_2m,surface_pressure,wind_speed_10m
JMU_TWI_04,2023-06-01 00:00:00+00:00,3.3,3.3,0.28,0.115,19.2,91,971.6,3.6
JMU_TWI_04,2023-06-01 01:00:00+00:00,0.0,0.0,0.27,0.119,20.3,87,972.9,1.5
JMU_TWI_04,2023-06-01 02:00:00+00:00,0.0,0.0,0.263,0.121,21.1,80,973.5,4.7
JMU_TWI_04,2023-06-01 03:00:00+00:00,0.8,0.8,0.265,0.124,21.2,77,974.2,14.7
JMU_TWI_04,2023-06-01 04:00:00+00:00,0.7,0.7,0.265,0.126,20.7,80,974.3,11.5
JMU_TWI_04,2023-06-01 05:00:00+00:00,0.9,0.9,0.268,0.128,21.0,87,974.2,8.4
JMU_TWI_04,2023-06-01 06:00:00+00:00,0.5,0.5,0.265,0.131,21.2,84,974.0,11.6
JMU_TWI_04,2023-06-01 07:00:00+00:00,0.4,0.4,0.262,0.133,24.7,62,974.0,10.6
JMU_TWI_04,2023-06-01 08:00:00+00:00,0.0,0.0,0.255,0.135,26.6,53,972.8,10.7
JMU_TWI_04,2023-06-01 09:00:00+00:00,0.0,0.0,0.248,0.136,28.0,49,972.4,8.2
JMU_TWI_04,2023-06-01 10:00:00+00:00,1.1,1.1,0.254,0.137,24.3,63,973.2,15.9
JMU_TWI_04,2023-06-01 11:00:00+00:00,0.6,0.6,0.255,0.138,21.8,87,972.4,7.9
JMU_TWI_04,2023-06-01 12:00:00+00:00,1.0,1.0,0.264,0.161,22.9,77,972.4,6.2
JMU_TWI_04,2023-06-01 13:00:00+00:00,0.9,0.9,0.268,0.163,21.1,86,973.4,13.3
JMU_TWI_04,2023-06-01 14:00:00+00:00,5.8,5.8,0.33,0.169,19.3,95,973.6,13.2
JMU_TWI_04,2023-06-01 15:00:00+00:00,0.2,0.2,0.305,0.178,20.0,91,973.8,4.0
JMU_TWI_04,2023-06-01 16:00:00+00:00,0.0,0.0,0.291,0.183,19.6,90,973.2,7.3
JMU_TWI_04,2023-06-01 17:00:00+00:00,0.0,0.0,0.282,0.186,20.6,79,972.4,6.7
JMU_TWI_04,2023-06-01 18:00:00+00:00,0.0,0.0,0.275,0.188,21.1,75,972.0,3.4
JMU_TWI_04,2023-06-01 19:00:00+00:00,0.0,0.0,0.269,0.19,19.1,85,971.5,5.6
JMU_TWI_04,2023-06-01 20:00:00+00:00,0.0,0.0,0.265,0.191,17.8,90,970.5,6.9
JMU_TWI_04,2023-06-01 21:00:00+00:00,0.0,0.0,0.261,0.193,17.3,90,970.2,6.2
JMU_TWI_04,2023-06-01 22:00:00+00:00,0.0,0.0,0.258,0.194,18.2,82,970.0,5.4
JMU_TWI_04,2023-06-01 23:00:00+00:00,0.0,0.0,0.255,0.194,19.3,74,970.4,6.1
JMU_TWI_04,2023-06-02 00:00:00+00:00,0.0,0.0,0.231,0.172,18.1,82,970.7,6.6
JMU_TWI_04,2023-06-02 01:00:00+00:00,0.0,0.0,0.23,0.172,20.0,74,971.9,9.4
JMU_TWI_04,2023-06-02 02:00:00+00:00,0.0,0.0,0.228,0.172,21.5,72,972.8,9.4
JMU_TWI_04,2023-06-02 03:00:00+00:00,0.0,0.0,0.226,0.172,23.2,68,973.2,7.7
JMU_TWI_04,2023-06-02 04:00:00+00:00,0.0,0.0,0.223,0.172,24.7,63,973.6,5.6
JMU_TWI_04,2023-06-02 05:00:00+00:00,0.0,0.0,0.22,0.172,26.1,59,973.6,6.1
JMU_TWI_04,2023-06-02 06:00:00+00:00,0.0,0.0,0.217,0.171,27.5,53,973.2,9.0
JMU_TWI_04,2023-06-02 07:00:00+00:00,0.0,0.0,0.213,0.171,28.3,48,973.1,8.3
JMU_TWI_04,2023-06-02 08:00:00+00:00,0.0,0.0,0.209,0.17,28.9,45,972.6,9.2
JMU_TWI_04,2023-06-02 09:00:00+00:00,0.0,0.0,0.205,0.169,29.5,44,972.0,5.1
JMU_TWI_04,2023-06-02 10:00:00+00:00,0.0,0.0,0.202,0.168,29.5,45,971.8,7.7
JMU_TWI_04,2023-06-02 11:00:00+00:00,0.0,0.0,0.2,0.168,28.8,49,971.7,8.9
JMU_TWI_04,2023-06-02 12:00:00+00:00,0.0,0.0,0.201,0.169,28.8,45,971.2,4.4
JMU_TWI_04,2023-06-02 13:00:00+00:00,0.0,0.0,0.2,0.168,27.6,55,971.2,4.3
JMU_TWI_04,2023-06-02 14:00:00+00:00,0.0,0.0,0.199,0.169,25.0,64,971.3,6.6
JMU_TWI_04,2023-06-02 15:00:00+00:00,0.0,0.0,0.199,0.169,23.6,69,971.3,8.1
JMU_TWI_04,2023-06-02 16:00:00+00:00,0.0,0.0,0.199,0.169,23.1,69,971.7,7.9
JMU_TWI_04,2023-06-02 17:00:00+00:00,0.0,0.0,0.198,0.169,22.4,72,971.8,6.2
JMU_TWI_04,2023-06-02 18:00:00+00:00,0.0,0.0,0.198,0.169,21.5,77,971.6,5.0
JMU_TWI_04,2023-06-02 19:00:00+00:00,0.0,0.0,0.198,0.169,21.2,78,971.4,3.6
JMU_TWI_04,2023-06-02 20:00:00+00:00,0.0,0.0,0.197,0.169,20.5,81,971.2,3.1
JMU_TWI_04,2023-06-02 21:00:00+00:00,0.0,0.0,0.197,0.169,20.2,81,970.8,3.6
JMU_TWI_04,2023-06-02 22:00:00+00:00,0.0,0.0,0.197,0.169,19.8,81,970.7,3.8
JMU_TWI_04,2023-06-02 23:00:00+00:00,0.0,0.0,0.197,0.169,19.3,81,970.6,3.3
JMU_TWI_04,2023-06-03 00:00:00+00:00,0.0,0.0,0.194,0.168,19.9,73,970.7,6.1
JMU_TWI_04,2023-06-03 01:00:00+00:00,0.0,0.0,0.194,0.168,20.9,73,971.2,6.9
JMU_TWI_04,2023-06-03 02:00:00+00:00,0.0,0.0,0.193,0.168,23.7,70,972.1,3.8
JMU_TWI_04,2023-06-03 03:00:00+00:00,0.0,0.0,0.192,0.168,26.4,55,972.8,1.9
JMU_TWI_04,2023-06-03 04:00:00+00:00,0.0,0.0,0.19,0.167,28.1,48,973.2,3.6
JMU_TWI_04,2023-06-03 05:00:00+00:00,0.0,0.0,0.188,0.167,29.7,42,973.3,4.7
JMU_TWI_04,2023-06-03 06:00:00+00:00,0.0,0.0,0.184,0.166,31.1,38,973.0,5.8
JMU_TWI_04,2023-06-03 07:00:00+00:00,0.0,0.0,0.181,0.164,32.0,36,972.9,7.0
JMU_TWI_04,2023-06-03 08:00:00+00:00,0.0,0.0,0.178,0.163,32.6,33,972.3,7.6
JMU_TWI_04,2023-06-03 09:00:00+00:00,0.0,0.0,0.174,0.162,32.9,32,972.0,7.1
JMU_TWI_04,2023-06-03 10:00:00+00:00,0.0,0.0,0.172,0.161,32.8,32,971.6,5.2
JMU_TWI_04,2023-06-03 11:00:00+00:00,0.0,0.0,0.169,0.161,32.6,32,971.1,4.0
JMU_TWI_04,2023-06-03 12:00:00+00:00,0.0,0.0,0.167,0.16,32.4,32,971.6,3.4
JMU_TWI_04,2023-06-03 13:00:00+00:00,0.0,0.0,0.166,0.159,31.1,42,971.6,2.3
JMU_TWI_04,2023-06-03 14:00:00+00:00,0.0,0.0,0.166,0.159,27.6,49,971.2,7.6
JMU_TWI_04,2023-06-03 15:00:00+00:00,0.0,0.0,0.166,0.159,26.6,53,971.3,7.0
JMU_TWI_04,2023-06-03 16:00:00+00:00,0.0,0.0,0.166,0.159,25.5,58,971.4,7.9
JMU_TWI_04,2023-06-03 17:00:00+00:00,0.0,0.0,0.165,0.159,23.3,68,971.2,7.6
JMU_TWI_04,2023-06-03 18:00:00+00:00,0.0,0.0,0.165,0.159,21.5,78,971.1,4.4
JMU_TWI_04,2023-06-03 19:00:00+00:00,0.0,0.0,0.165,0.159,20.9,79,970.9,2.0
JMU_TWI_04,2023-06-03 20:00:00+00:00,0.0,0.0,0.165,0.159,20.2,80,970.6,4.1
JMU_TWI_04,2023-06-03 21:00:00+00:00,0.0,0.0,0.165,0.159,19.4,82,970.2,4.4
JMU_TWI_04,2023-06-03 22:00:00+00:00,0.0,0.0,0.165,0.159,19.0,82,970.0,3.9
JMU_TWI_04,2023-06-03 23:00:00+00:00,0.0,0.0,0.165,0.159,18.9,81,970.3,4.9
JMU_TWI_04,2023-06-04 00:00:00+00:00,0.0,0.0,0.163,0.158,22.1,66,971.8,21.4
JMU_TWI_04,2023-06-04 01:00:00+00:00,0.0,0.0,0.163,0.158,23.8,61,971.8,10.3
JMU_TWI_04,2023-06-04 02:00:00+00:00,0.0,0.0,0.162,0.158,25.5,62,972.5,6.7
JMU_TWI_04,2023-06-04 03:00:00+00:00,0.0,0.0,0.161,0.158,28.1,57,973.1,1.8
JMU_TWI_04,2023-06-04 04:00:00+00:00,0.0,0.0,0.16,0.157,30.6,48,973.4,3.1
JMU_TWI_04,2023-06-04 05:00:00+00:00,0.0,0.0,0.158,0.156,32.0,44,973.1,4.8
JMU_TWI_04,2023-06-04 06:00:00+00:00,0.0,0.0,0.155,0.155,33.3,38,972.7,5.8
JMU_TWI_04,2023-06-04 07:00:00+00:00,0.0,0.0,0.152,0.154,34.3,31,972.2,6.5
JMU_TWI_04,2023-06-04 08:00:00+00:00,0.0,0.0,0.149,0.153,34.7,28,971.6,8.6
JMU_TWI_04,2023-06-04 09:00:00+00:00,0.0,0.0,0.146,0.152,34.7,28,971.0,10.5
JMU_TWI_04,2023-06-04 10:00:00+00:00,0.0,0.0,0.144,0.151,34.5,27,970.5,11.2
JMU_TWI_04,2023-06-04 11:00:00+00:00,0.0,0.0,0.142,0.15,34.2,27,970.1,11.2
JMU_TWI_04,2023-06-04 12:00:00+00:00,0.0,0.0,0.138,0.149,33.8,32,969.9,6.1
JMU_TWI_04,2023-06-04 13:00:00+00:00,0.0,0.0,0.137,0.148,31.4,43,969.6,5.6
JMU_TWI_04,2023-06-04 14:00:00+00:00,0.0,0.0,0.137,0.148,29.1,46,969.4,5.9
JMU_TWI_04,2023-06-04 15:00:00+00:00,0.0,0.0,0.137,0.148,27.3,48,969.4,4.6
JMU_TWI_04,2023-06-04 16:00:00+00:00,0.0,0.0,0.137,0.148,25.2,61,969.9,4.8
JMU_TWI_04,2023-06-04 17:00:00+00:00,0.0,0.0,0.137,0.148,25.0,58,969.9,3.2
JMU_TWI_04,2023-06-04 18:00:00+00:00,0.0,0.0,0.137,0.148,24.2,60,969.4,5.2
JMU_TWI_04,2023-06-04 19:00:00+00:00,0.0,0.0,0.137,0.148,23.8,61,968.9,3.2
JMU_TWI_04,2023-06-04 20:00:00+00:00,0.0,0.0,0.137,0.148,22.7,65,968.2,2.6
JMU_TWI_04,2023-06-04 21:00:00+00:00,0.0,0.0,0.137,0.148,22.3,64,968.1,3.4
JMU_TWI_04,2023-06-04 22:00:00+00:00,0.0,0.0,0.137,0.148,21.9,64,968.1,5.0
JMU_TWI_04,2023-06-04 23:00:00+00:00,0.0,0.0,0.136,0.148,21.2,66,968.3,5.8
JMU_TWI_04,2023-06-05 00:00:00+00:00,0.0,0.0,0.136,0.148,22.4,60,968.4,9.2
JMU_TWI_04,2023-06-05 01:00:00+00:00,0.0,0.0,0.136,0.148,23.8,57,968.8,8.4
JMU_TWI_04,2023-06-05 02:00:00+00:00,0.0,0.0,0.135,0.147,26.5,55,969.7,5.8
JMU_TWI_04,2023-06-05 03:00:00+00:00,0.0,0.0,0.134,0.147,29.4,47,970.5,3.3
JMU_TWI_04,2023-06-05 04:00:00+00:00,0.0,0.0,0.133,0.146,31.2,44,971.0,5.6
JMU_TWI_04,2023-06-05 05:00:00+00:00,0.0,0.0,0.131,0.146,32.7,41,971.0,5.8
JMU_TWI_04,2023-06-05 06:00:00+00:00,0.0,0.0,0.129,0.145,33.8,38,970.7,6.0
JMU_TWI_04,2023-06-05 07:00:00+00:00,0.0,0.0,0.126,0.143,34.4,30,970.5,4.5
JMU_TWI_04,2023-06-05 08:00:00+00:00,0.0,0.0,0.124,0.142,34.0,30,970.2,11.4
JMU_TWI_04,2023-06-05 09:00:00+00:00,0.0,0.0,0.123,0.142,31.2,46,969.8,12.6
JMU_TWI_04,2023-06-05 10:00:00+00:00,0.0,0.0,0.121,0.141,32.6,37,970.0,7.1
JMU_TWI_04,2023-06-05 11:00:00+00:00,0.0,0.0,0.12,0.14,32.1,39,969.7,8.5
JMU_TWI_04,2023-06-05 12:00:00+00:00,0.0,0.0,0.107,0.139,33.6,26,968.6,2.1
JMU_TWI_04,2023-06-05 13:00:00+00:00,0.0,0.0,0.107,0.139,31.3,39,968.6,5.4
JMU_TWI_04,2023-06-05 14:00:00+00:00,0.0,0.0,0.106,0.139,28.0,49,968.5,9.4
JMU_TWI_04,2023-06-05 15:00:00+00:00,0.0,0.0,0.106,0.139,27.2,50,968.4,6.5
JMU_TWI_04,2023-06-05 16:00:00+00:00,0.0,0.0,0.106,0.139,26.3,55,968.7,5.4
JMU_TWI_04,2023-06-05 17:00:00+00:00,0.0,0.0,0.106,0.138,25.0,60,969.1,5.4
JMU_TWI_04,2023-06-05 18:00:00+00:00,0.0,0.0,0.106,0.138,23.3,63,968.9,6.0
JMU_TWI_04,2023-06-05 19:00:00+00:00,0.0,0.0,0.106,0.138,22.0,66,968.5,5.7
JMU_TWI_04,2023-06-05 20:00:00+00:00,0.0,0.0,0.106,0.138,21.1,70,967.9,7.1
JMU_TWI_04,2023-06-05 21:00:00+00:00,0.0,0.0,0.106,0.138,20.5,72,967.8,6.5
JMU_TWI_04,2023-06-05 22:00:00+00:00,0.0,0.0,0.106,0.138,20.3,72,968.1,4.1
JMU_TWI_04,2023-06-05 23:00:00+00:00,0.0,0.0,0.106,0.138,20.2,71,968.4,3.6
JMU_TWI_04,2023-06-06 00:00:00+00:00,0.0,0.0,0.094,0.134,21.6,62,969.6,9.6
JMU_TWI_04,2023-06-06 01:00:00+00:00,0.0,0.0,0.094,0.134,23.7,55,970.2,10.5
JMU_TWI_04,2023-06-06 02:00:00+00:00,0.0,0.0,0.094,0.134,26.7,48,971.1,8.5
JMU_TWI_04,2023-06-06 03:00:00+00:00,0.0,0.0,0.093,0.134,30.3,38,971.8,6.5
JMU_TWI_04,2023-06-06 04:00:00+00:00,0.0,0.0,0.093,0.133,32.1,32,972.1,9.0
JMU_TWI_04,2023-06-06 05:00:00+00:00,0.0,0.0,0.091,0.132,33.6,29,972.0,10.2
JMU_TWI_04,2023-06-06 06:00:00+00:00,0.0,0.0,0.09,0.131,34.6,27,971.7,9.4
JMU_TWI_04,2023-06-06 07:00:00+00:00,0.0,0.0,0.088,0.13,34.2,27,971.5,9.0
JMU_TWI_04,2023-06-06 08:00:00+00:00,0.0,0.0,0.087,0.129,34.1,27,970.8,3.6
JMU_TWI_04,2023-06-06 09:00:00+00:00,0.0,0.0,0.086,0.128,33.1,27,970.3,7.3
JMU_TWI_04,2023-06-06 10:00:00+00:00,0.0,0.0,0.085,0.128,33.1,29,969.8,6.9
JMU_TWI_04,2023-06-06 11:00:00+00:00,0.0,0.0,0.084,0.127,32.9,30,969.7,12.3
JMU_TWI_04,2023-06-06 12:00:00+00:00,0.0,0.0,0.103,0.124,32.8,33,968.4,6.8
JMU_TWI_04,2023-06-06 13:00:00+00:00,0.0,0.0,0.103,0.124,31.6,39,968.8,5.8
JMU_TWI_04,2023-06-06 14:00:00+00:00,0.0,0.0,0.102,0.124,28.4,52,968.8,7.8
JMU_TWI_04,2023-06-06 15:00:00+00:00,0.0,0.0,0.102,0.124,27.2,51,969.2,7.4
JMU_TWI_04,2023-06-06 16:00:00+00:00,0.0,0.0,0.102,0.124,26.6,53,969.4,6.5
JMU_TWI_04,2023-06-06 17:00:00+00:00,0.0,0.0,0.102,0.124,25.0,61,969.6,6.2
JMU_TWI_04,2023-06-06 18:00:00+00:00,0.0,0.0,0.102,0.124,24.5,65,969.5,3.7
JMU_TWI_04,2023-06-06 19:00:00+00:00,0.0,0.0,0.102,0.124,23.7,69,969.1,4.3
JMU_TWI_04,2023-06-06 20:00:00+00:00,0.0,0.0,0.102,0.124,23.1,71,968.5,3.6
JMU_TWI_04,2023-06-06 21:00:00+00:00,0.0,0.0,0.102,0.124,22.7,71,968.2,3.6
JMU_TWI_04,2023-06-06 22:00:00+00:00,0.0,0.0,0.102,0.124,22.3,71,968.4,3.3
JMU_TWI_04,2023-06-06 23:00:00+00:00,0.0,0.0,0.102,0.124,21.9,71,968.6,4.7
JMU_TWI_04,2023-06-07 00:00:00+00:00,0.0,0.0,0.101,0.123,23.1,64,969.5,9.5
JMU_TWI_04,2023-06-07 01:00:00+00:00,0.0,0.0,0.101,0.123,25.8,51,970.1,10.5
JMU_TWI_04,2023-06-07 02:00:00+00:00,3.9,3.9,0.151,0.123,21.9,79,972.7,13.8
JMU_TWI_04,2023-06-07 03:00:00+00:00,0.0,0.0,0.151,0.123,22.6,80,972.3,14.5
JMU_TWI_04,2023-06-07 04:00:00+00:00,0.0,0.0,0.15,0.123,24.5,71,973.5,8.2
JMU_TWI_04,2023-06-07 05:00:00+00:00,0.0,0.0,0.149,0.123,27.9,51,973.3,10.6
JMU_TWI_04,2023-06-07 06:00:00+00:00,0.0,0.0,0.147,0.122,28.0,53,972.7,5.2
JMU_TWI_04,2023-06-07 07:00:00+00:00,0.0,0.0,0.144,0.122,30.9,42,972.1,4.0
JMU_TWI_04,2023-06-07 08:00:00+00:00,0.0,0.0,0.142,0.121,32.5,38,971.3,4.3
JMU_TWI_04,2023-06-07 09:00:00+00:00,0.0,0.0,0.139,0.12,33.4,36,970.0,5.9
JMU_TWI_04,2023-06-07 10:00:00+00:00,0.0,0.0,0.136,0.119,34.0,33,969.3,3.8
JMU_TWI_04,2023-06-07 11:00:00+00:00,0.0,0.0,0.134,0.119,33.9,34,969.1,6.5
JMU_TWI_04,2023-06-07 12:00:00+00:00,0.0,0.0,0.104,0.125,32.4,37,969.8,4.3
JMU_TWI_04,2023-06-07 13:00:00+00:00,0.0,0.0,0.104,0.125,31.5,42,970.0,3.6
JMU_TWI_04,2023-06-07 14:00:00+00:00,0.0,0.0,0.104,0.125,28.7,52,969.6,6.0
JMU_TWI_04,2023-06-07 15:00:00+00:00,0.0,0.0,0.103,0.125,27.4,57,969.6,7.0
JMU_TWI_04,2023-06-07 16:00:00+00:00,0.0,0.0,0.103,0.125,26.9,57,969.8,6.5
JMU_TWI_04,2023-06-07 17:00:00+00:00,0.0,0.0,0.103,0.125,26.1,59,969.9,5.7
JMU_TWI_04,2023-06-07 18:00:00+00:00,0.0,0.0,0.103,0.125,24.8,64,969.5,6.9
JMU_TWI_04,2023-06-07 19:00:00+00:00,0.0,0.0,0.103,0.125,24.9,61,969.3,6.6
JMU_TWI_04,2023-06-07 20:00:00+00:00,0.0,0.0,0.103,0.125,23.8,64,968.5,5.8
JMU_TWI_04,2023-06-07 21:00:00+00:00,0.0,0.0,0.103,0.125,22.9,67,968.3,3.6
JMU_TWI_04,2023-06-07 22:00:00+00:00,0.0,0.0,0.103,0.125,22.1,70,968.2,2.3
JMU_TWI_04,2023-06-07 23:00:00+00:00,0.0,0.0,0.103,0.125,21.3,72,968.4,3.4
JMU_TWI_04,2023-06-08 00:00:00+00:00,0.0,0.0,0.107,0.128,23.2,62,969.5,7.4
JMU_TWI_04,2023-06-08 01:00:00+00:00,0.0,0.0,0.107,0.128,24.0,60,969.7,8.2
JMU_TWI_04,2023-06-08 02:00:00+00:00,0.0,0.0,0.107,0.128,26.6,56,970.5,2.5
JMU_TWI_04,2023-06-08 03:00:00+00:00,0.0,0.0,0.106,0.128,28.8,48,971.1,3.3
JMU_TWI_04,2023-06-08 04:00:00+00:00,0.0,0.0,0.105,0.127,30.6,44,971.3,3.6
JMU_TWI_04,2023-06-08 05:00:00+00:00,0.0,0.0,0.104,0.126,32.3,41,971.4,5.4
JMU_TWI_04,2023-06-08 06:00:00+00:00,0.0,0.0,0.102,0.125,33.9,36,971.0,8.3
JMU_TWI_04,2023-06-08 07:00:00+00:00,0.0,0.0,0.1,0.124,35.2,31,970.5,11.2
JMU_TWI_04,2023-06-08 08:00:00+00:00,0.0,0.0,0.098,0.124,35.3,31,969.9,10.0
JMU_TWI_04,2023-06-08 09:00:00+00:00,0.0,0.0,0.097,0.123,35.0,27,969.7,15.2
JMU_TWI_04,2023-06-08 10:00:00+00:00,0.0,0.0,0.096,0.122,33.2,32,969.3,14.8
JMU_TWI_04,2023-06-08 11:00:00+00:00,0.0,0.0,0.095,0.122,33.7,31,968.4,12.8
JMU_TWI_04,2023-06-08 12:00:00+00:00,0.0,0.0,0.094,0.121,33.7,32,968.0,11.1
JMU_TWI_04,2023-06-08 13:00:00+00:00,0.0,0.0,0.091,0.119,33.5,37,967.4,6.6
JMU_TWI_04,2023-06-08 14:00:00+00:00,0.0,0.0,0.09,0.119,30.4,48,966.9,6.5
JMU_TWI_04,2023-06-08 15:00:00+00:00,0.0,0.0,0.09,0.119,29.1,50,966.7,6.9
JMU_TWI_04,2023-06-08 16:00:00+00:00,0.0,0.0,0.09,0.119,27.6,56,966.7,8.3
JMU_TWI_04,2023-06-08 17:00:00+00:00,0.0,0.0,0.09,0.119,27.1,52,966.5,5.2
JMU_TWI_04,2023-06-08 18:00:00+00:00,0.0,0.0,0.09,0.119,26.7,49,966.1,3.1
JMU_TWI_04,2023-06-08 19:00:00+00:00,0.0,0.0,0.09,0.119,25.6,53,965.9,4.9
JMU_TWI_04,2023-06-08 20:00:00+00:00,0.0,0.0,0.09,0.119,24.5,57,965.5,8.0
JMU_TWI_04,2023-06-08 21:00:00+00:00,0.0,0.0,0.09,0.119,24.7,57,965.6,6.9
JMU_TWI_04,2023-06-08 22:00:00+00:00,0.0,0.0,0.09,0.119,24.9,57,966.0,7.6
JMU_TWI_04,2023-06-08 23:00:00+00:00,0.0,0.0,0.09,0.119,24.8,57,966.3,8.5
JMU_TWI_04,2023-06-09 00:00:00+00:00,0.0,0.0,0.09,0.119,24.5,57,966.3,7.4
JMU_TWI_04,2023-06-09 01:00:00+00:00,0.0,0.0,0.09,0.119,26.9,54,967.8,8.4
JMU_TWI_04,2023-06-09 02:00:00+00:00,0.0,0.0,0.09,0.119,29.2,49,968.5,4.7
JMU_TWI_04,2023-06-09 03:00:00+00:00,0.0,0.0,0.089,0.118,31.5,44,968.7,4.3
JMU_TWI_04,2023-06-09 04:00:00+00:00,0.0,0.0,0.088,0.118,33.5,39,968.9,6.1
JMU_TWI_04,2023-06-09 05:00:00+00:00,0.0,0.0,0.087,0.117,35.1,35,968.6,5.5
JMU_TWI_04,2023-06-09 06:00:00+00:00,0.0,0.0,0.086,0.116,36.4,32,968.0,5.4
JMU_TWI_04,2023-06-09 07:00:00+00:00,0.0,0.0,0.084,0.115,36.4,32,967.9,9.1
JMU_TWI_04,2023-06-09 08:00:00+00:00,0.0,0.0,0.083,0.114,35.1,34,967.0,9.5
JMU_TWI_04,2023-06-09 09:00:00+00:00,0.0,0.0,0.082,0.114,36.3,31,966.4,10.8
JMU_TWI_04,2023-06-09 10:00:00+00:00,0.0,0.0,0.081,0.113,36.3,31,965.8,7.6
JMU_TWI_04,2023-06-09 11:00:00+00:00,0.0,0.0,0.08,0.112,36.4,30,964.9,8.1
JMU_TWI_04,2023-06-09 12:00:00+00:00,0.0,0.0,0.08,0.112,36.0,30,964.5,8.6
JMU_TWI_04,2023-06-09 13:00:00+00:00,0.0,0.0,0.077,0.11,35.3,31,964.2,10.5
JMU_TWI_04,2023-06-09 14:00:00+00:00,0.0,0.0,0.076,0.11,33.4,33,964.0,9.7
JMU_TWI_04,2023-06-09 15:00:00+00:00,0.0,0.0,0.076,0.11,32.3,34,963.8,7.6
JMU_TWI_04,2023-06-09 16:00:00+00:00,0.0,0.0,0.076,0.11,29.9,42,963.6,8.9
JMU_TWI_04,2023-06-09 17:00:00+00:00,0.0,0.0,0.076,0.11,29.7,41,963.6,6.2
JMU_TWI_04,2023-06-09 18:00:00+00:00,0.0,0.0,0.076,0.11,28.1,48,963.2,5.4
JMU_TWI_04,2023-06-09 19:00:00+00:00,0.0,0.0,0.076,0.11,26.9,53,962.9,6.6
JMU_TWI_04,2023-06-09 20:00:00+00:00,0.0,0.0,0.076,0.11,26.0,57,962.4,7.4
JMU_TWI_04,2023-06-09 21:00:00+00:00,0.0,0.0,0.076,0.11,25.1,60,963.1,5.4
JMU_TWI_04,2023-06-09 22:00:00+00:00,0.0,0.0,0.076,0.11,25.8,56,963.4,7.5
JMU_TWI_04,2023-06-09 23:00:00+00:00,0.0,0.0,0.076,0.11,25.9,53,963.5,8.2
JMU_TWI_04,2023-06-10 00:00:00+00:00,0.0,0.0,0.072,0.108,27.6,50,964.2,8.2
JMU_TWI_04,2023-06-10 01:00:00+00:00,0.0,0.0,0.072,0.108,29.4,46,965.0,6.4
JMU_TWI_04,2023-06-10 02:00:00+00:00,0.0,0.0,0.071,0.108,32.0,42,965.6,5.8
JMU_TWI_04,2023-06-10 03:00:00+00:00,0.0,0.0,0.071,0.108,34.6,36,966.0,4.5
JMU_TWI_04,2023-06-10 04:00:00+00:00,0.0,0.0,0.07,0.107,36.2,34,966.3,5.5
JMU_TWI_04,2023-06-10 05:00:00+00:00,0.0,0.0,0.07,0.106,37.2,32,966.4,5.5
JMU_TWI_04,2023-06-10 06:00:00+00:00,0.0,0.0,0.069,0.105,38.4,28,966.1,2.3
JMU_TWI_04,2023-06-10 07:00:00+00:00,0.2,0.2,0.07,0.105,36.5,32,966.1,14.5
JMU_TWI_04,2023-06-10 08:00:00+00:00,0.0,0.0,0.069,0.104,37.1,30,965.3,3.6
JMU_TWI_04,2023-06-10 09:00:00+00:00,0.0,0.0,0.068,0.103,37.5,27,965.1,7.1
JMU_TWI_04,2023-06-10 10:00:00+00:00,0.0,0.0,0.068,0.102,37.1,28,964.9,4.2
JMU_TWI_04,2023-06-10 11:00:00+00:00,0.0,0.0,0.067,0.102,36.0,31,964.4,9.2
JMU_TWI_04,2023-06-10 12:00:00+00:00,0.0,0.0,0.088,0.108,36.5,36,962.6,3.8
JMU_TWI_04,2023-06-10 13:00:00+00:00,0.0,0.0,0.088,0.108,35.2,40,963.3,7.7
JMU_TWI_04,2023-06-10 14:00:00+00:00,0.0,0.0,0.087,0.108,33.3,46,963.8,7.3
JMU_TWI_04,2023-06-10 15:00:00+00:00,0.6,0.6,0.094,0.108,30.3,56,965.2,18.3
JMU_TWI_04,2023-06-10 16:00:00+00:00,6.2,6.2,0.179,0.108,25.0,85,967.4,19.1
JMU_TWI_04,2023-06-10 17:00:00+00:00,0.0,0.0,0.179,0.108,25.2,81,966.4,23.2
JMU_TWI_04,2023-06-10 18:00:00+00:00,0.1,0.1,0.179,0.108,26.3,68,965.3,18.3
JMU_TWI_04,2023-06-10 19:00:00+00:00,0.1,0.1,0.18,0.108,26.5,66,964.2,10.2
JMU_TWI_04,2023-06-10 20:00:00+00:00,0.0,0.0,0.179,0.109,26.1,68,963.5,4.9
JMU_TWI_04,2023-06-10 21:00:00+00:00,0.0,0.0,0.179,0.109,26.7,65,963.7,0.7
JMU_TWI_04,2023-06-10 22:00:00+00:00,0.0,0.0,0.178,0.109,25.3,74,963.7,4.3
JMU_TWI_04,2023-06-10 23:00:00+00:00,0.0,0.0,0.178,0.109,25.5,73,963.9,5.4
JMU_TWI_04,2023-06-11 00:00:00+00:00,0.0,0.0,0.088,0.109,25.4,80,965.8,4.7
JMU_TWI_04,2023-06-11 01:00:00+00:00,0.0,0.0,0.088,0.109,26.1,76,966.4,0.8
JMU_TWI_04,2023-06-11 02:00:00+00:00,0.0,0.0,0.088,0.109,26.6,73,967.4,3.0
JMU_TWI_04,2023-06-11 03:00:00+00:00,0.0,0.0,0.088,0.109,26.9,70,967.8,9.2
JMU_TWI_04,2023-06-11 04:00:00+00:00,0.0,0.0,0.088,0.109,29.2,61,967.3,7.6
JMU_TWI_04,2023-06-11 05:00:00+00:00,0.0,0.0,0.087,0.108,31.5,52,967.2,7.5
JMU_TWI_04,2023-06-11 06:00:00+00:00,0.0,0.0,0.086,0.107,34.2,42,966.9,0.8
JMU_TWI_04,2023-06-11 07:00:00+00:00,0.0,0.0,0.084,0.107,35.3,38,966.6,4.2
JMU_TWI_04,2023-06-11 08:00:00+00:00,0.0,0.0,0.083,0.106,36.4,35,965.8,2.8
JMU_TWI_04,2023-06-11 09:00:00+00:00,0.0,0.0,0.081,0.105,35.8,36,965.1,8.4
JMU_TWI_04,2023-06-11 10:00:00+00:00,0.0,0.0,0.08,0.104,35.6,37,964.5,11.3
JMU_TWI_04,2023-06-11 11:00:00+00:00,0.0,0.0,0.08,0.104,35.1,40,964.0,13.6
JMU_TWI_04,2023-06-11 12:00:00+00:00,0.0,0.0,0.086,0.11,34.5,38,964.6,2.3
JMU_TWI_04,2023-06-11 13:00:00+00:00,0.0,0.0,0.086,0.11,34.0,40,964.7,4.1
JMU_TWI_04,2023-06-11 14:00:00+00:00,0.0,0.0,0.085,0.11,31.5,52,964.5,6.1
JMU_TWI_04,2023-06-11 15:00:00+00:00,0.0,0.0,0.085,0.11,32.7,44,964.4,4.6
JMU_TWI_04,2023-06-11 16:00:00+00:00,0.0,0.0,0.085,0.11,29.8,54,964.3,5.6
JMU_TWI_04,2023-06-11 17:00:00+00:00,0.0,0.0,0.085,0.11,29.2,57,964.3,5.4
JMU_TWI_04,2023-06-11 18:00:00+00:00,0.0,0.0,0.085,0.11,27.9,63,964.2,5.1
JMU_TWI_04,2023-06-11 19:00:00+00:00,0.0,0.0,0.085,0.11,26.6,67,963.9,6.1
JMU_TWI_04,2023-06-11 20:00:00+00:00,0.0,0.0,0.085,0.11,27.2,58,963.5,5.9
JMU_TWI_04,2023-06-11 21:00:00+00:00,0.0,0.0,0.085,0.11,26.8,55,963.6,8.3
JMU_TWI_04,2023-06-11 22:00:00+00:00,0.0,0.0,0.085,0.11,26.1,57,963.6,6.7
JMU_TWI_04,2023-06-11 23:00:00+00:00,0.0,0.0,0.085,0.11,25.8,58,963.9,7.6
JMU_TWI_04,2023-06-12 00:00:00+00:00,0.0,0.0,0.09,0.114,25.4,59,964.1,7.0
JMU_TWI_04,2023-06-12 01:00:00+00:00,0.0,0.0,0.089,0.114,26.9,55,964.5,9.4
JMU_TWI_04,2023-06-12 02:00:00+00:00,0.0,0.0,0.089,0.114,29.4,50,964.9,6.8
JMU_TWI_04,2023-06-12 03:00:00+00:00,0.0,0.0,0.089,0.113,31.8,45,965.7,4.4
JMU_TWI_04,2023-06-12 04:00:00+00:00,0.0,0.0,0.088,0.113,33.7,41,965.9,4.6
JMU_TWI_04,2023-06-12 05:00:00+00:00,0.0,0.0,0.086,0.112,35.2,38,965.8,5.1
JMU_TWI_04,2023-06-12 06:00:00+00:00,0.0,0.0,0.085,0.111,36.4,36,965.4,6.2
JMU_TWI_04,2023-06-12 07:00:00+00:00,0.0,0.0,0.084,0.11,37.3,34,964.8,8.7
JMU_TWI_04,2023-06-12 08:00:00+00:00,0.0,0.0,0.082,0.11,37.1,31,964.8,17.4
JMU_TWI_04,2023-06-12 09:00:00+00:00,0.0,0.0,0.081,0.109,36.2,32,964.6,17.4
JMU_TWI_04,2023-06-12 10:00:00+00:00,0.0,0.0,0.08,0.108,37.0,32,964.6,10.1
JMU_TWI_04,2023-06-12 11:00:00+00:00,0.0,0.0,0.079,0.108,36.9,31,964.3,7.6
JMU_TWI_04,2023-06-12 12:00:00+00:00,0.0,0.0,0.075,0.105,36.9,30,963.8,7.2
JMU_TWI_04,2023-06-12 13:00:00+00:00,0.0,0.0,0.075,0.105,35.9,34,963.8,6.3
JMU_TWI_04,2023-06-12 14:00:00+00:00,0.0,0.0,0.075,0.105,33.7,37,963.7,10.2
JMU_TWI_04,2023-06-12 15:00:00+00:00,0.0,0.0,0.075,0.105,32.0,40,964.0,6.4
JMU_TWI_04,2023-06-12 16:00:00+00:00,0.0,0.0,0.074,0.105,30.2,48,964.3,8.5
JMU_TWI_04,2023-06-12 17:00:00+00:00,0.0,0.0,0.074,0.105,30.2,48,964.6,5.2
JMU_TWI_04,2023-06-12 18:00:00+00:00,0.0,0.0,0.074,0.105,31.5,42,965.2,5.2
JMU_TWI_04,2023-06-12 19:00:00+00:00,0.0,0.0,0.074,0.105,31.6,42,964.9,2.9
JMU_TWI_04,2023-06-12 20:00:00+00:00,0.0,0.0,0.074,0.105,28.6,52,964.2,3.4
JMU_TWI_04,2023-06-12 21:00:00+00:00,0.0,0.0,0.074,0.105,27.4,56,963.8,4.3
JMU_TWI_04,2023-06-12 22:00:00+00:00,0.0,0.0,0.074,0.105,26.2,61,963.9,4.7
JMU_TWI_04,2023-06-12 23:00:00+00:00,0.0,0.0,0.074,0.105,25.3,63,964.2,4.2
JMU_TWI_04,2023-06-13 00:00:00+00:00,0.0,0.0,0.075,0.106,26.1,62,964.2,5.7
JMU_TWI_04,2023-06-13 01:00:00+00:00,0.0,0.0,0.075,0.106,27.6,58,964.5,5.8
JMU_TWI_04,2023-06-13 02:00:00+00:00,0.0,0.0,0.075,0.106,30.4,53,965.4,3.7
JMU_TWI_04,2023-06-13 03:00:00+00:00,0.0,0.0,0.075,0.105,32.9,49,966.1,3.6
JMU_TWI_04,2023-06-13 04:00:00+00:00,0.0,0.0,0.074,0.105,34.8,46,966.4,6.1
JMU_TWI_04,2023-06-13 05:00:00+00:00,0.0,0.0,0.073,0.104,36.3,42,966.2,5.1
JMU_TWI_04,2023-06-13 06:00:00+00:00,0.0,0.0,0.072,0.103,37.8,34,965.9,2.1
JMU_TWI_04,2023-06-13 07:00:00+00:00,0.0,0.0,0.071,0.103,38.4,27,965.4,4.8
JMU_TWI_04,2023-06-13 08:00:00+00:00,0.0,0.0,0.071,0.102,38.0,26,964.5,9.0
JMU_TWI_04,2023-06-13 09:00:00+00:00,0.0,0.0,0.07,0.101,38.4,24,964.5,16.2
JMU_TWI_04,2023-06-13 10:00:00+00:00,0.1,0.1,0.07,0.101,37.2,32,963.9,12.6
JMU_TWI_04,2023-06-13 11:00:00+00:00,0.0,0.0,0.069,0.1,37.4,29,963.6,13.6
JMU_TWI_04,2023-06-13 12:00:00+00:00,0.0,0.0,0.066,0.098,37.7,26,962.2,12.8
JMU_TWI_04,2023-06-13 13:00:00+00:00,0.0,0.0,0.066,0.098,36.5,30,962.2,7.0
JMU_TWI_04,2023-06-13 14:00:00+00:00,0.0,0.0,0.066,0.098,34.6,34,962.6,7.2
JMU_TWI_04,2023-06-13 15:00:00+00:00,0.0,0.0,0.066,0.098,33.2,42,963.3,7.6
JMU_TWI_04,2023-06-13 16:00:00+00:00,0.0,0.0,0.066,0.098,31.5,50,963.9,6.6
JMU_TWI_04,2023-06-13 17:00:00+00:00,0.0,0.0,0.066,0.098,30.9,50,963.9,5.1
JMU_TWI_04,2023-06-13 18:00:00+00:00,0.0,0.0,0.066,0.098,29.9,54,963.7,6.2
JMU_TWI_04,2023-06-13 19:00:00+00:00,0.0,0.0,0.066,0.098,29.3,55,963.4,5.6
JMU_TWI_04,2023-06-13 20:00:00+00:00,0.0,0.0,0.066,0.098,29.1,55,963.1,6.8
JMU_TWI_04,2023-06-13 21:00:00+00:00,0.0,0.0,0.066,0.098,29.3,53,963.0,5.5
JMU_TWI_04,2023-06-13 22:00:00+00:00,0.0,0.0,0.066,0.098,29.3,52,963.2,5.0
JMU_TWI_04,2023-06-13 23:00:00+00:00,0.0,0.0,0.066,0.098,28.0,55,963.4,6.2
JMU_TWI_04,2023-06-14 00:00:00+00:00,0.0,0.0,0.067,0.099,27.1,57,964.1,14.6
JMU_TWI_04,2023-06-14 01:00:00+00:00,0.1,0.1,0.068,0.099,27.4,58,964.7,5.1
JMU_TWI_04,2023-06-14 02:00:00+00:00,2.6,2.6,0.1,0.099,25.4,78,967.4,10.0
JMU_TWI_04,2023-06-14 03:00:00+00:00,0.0,0.0,0.101,0.099,25.4,70,966.1,14.7
JMU_TWI_04,2023-06-14 04:00:00+00:00,0.0,0.0,0.101,0.099,27.8,67,966.7,9.9
JMU_TWI_04,2023-06-14 05:00:00+00:00,0.1,0.1,0.101,0.099,29.8,61,966.6,13.8
JMU_TWI_04,2023-06-14 06:00:00+00:00,0.7,0.7,0.107,0.098,30.3,63,967.9,16.8
JMU_TWI_04,2023-06-14 07:00:00+00:00,0.0,0.0,0.105,0.098,33.5,44,967.1,14.4
JMU_TWI_04,2023-06-14 08:00:00+00:00,0.0,0.0,0.103,0.097,34.9,39,966.5,11.8
JMU_TWI_04,2023-06-14 09:00:00+00:00,0.0,0.0,0.102,0.097,34.8,38,965.9,5.9
JMU_TWI_04,2023-06-14 10:00:00+00:00,0.0,0.0,0.101,0.097,32.7,46,965.4,13.6
JMU_TWI_04,2023-06-14 11:00:00+00:00,0.1,0.1,0.101,0.097,31.5,51,964.9,11.1
JMU_TWI_04,2023-06-14 12:00:00+00:00,0.0,0.0,0.073,0.1,36.3,29,963.9,4.1
JMU_TWI_04,2023-06-14 13:00:00+00:00,0.0,0.0,0.072,0.099,35.1,36,964.1,4.7
JMU_TWI_04,2023-06-14 14:00:00+00:00,0.0,0.0,0.072,0.099,32.6,46,964.2,5.4
JMU_TWI_04,2023-06-14 15:00:00+00:00,0.0,0.0,0.072,0.099,30.6,56,964.9,6.6
JMU_TWI_04,2023-06-14 16:00:00+00:00,0.0,0.0,0.072,0.099,29.8,57,965.6,9.7
JMU_TWI_04,2023-06-14 17:00:00+00:00,0.0,0.0,0.072,0.099,28.7,60,965.5,6.2
JMU_TWI_04,2023-06-14 18:00:00+00:00,0.0,0.0,0.072,0.099,28.5,61,965.5,7.0
JMU_TWI_04,2023-06-14 19:00:00+00:00,0.0,0.0,0.072,0.099,27.8,64,965.0,6.7
JMU_TWI_04,2023-06-14 20:00:00+00:00,0.0,0.0,0.072,0.099,27.3,66,964.7,7.1
JMU_TWI_04,2023-06-14 21:00:00+00:00,0.0,0.0,0.072,0.099,27.2,65,964.4,2.6
JMU_TWI_04,2023-06-14 22:00:00+00:00,0.0,0.0,0.072,0.099,26.7,63,964.3,3.9
JMU_TWI_04,2023-06-14 23:00:00+00:00,0.0,0.0,0.072,0.099,27.7,58,964.8,5.2
JMU_TWI_04,2023-06-15 00:00:00+00:00,0.0,0.0,0.075,0.101,23.9,85,967.5,3.8
JMU_TWI_04,2023-06-15 01:00:00+00:00,0.0,0.0,0.075,0.101,24.2,84,967.6,4.8
JMU_TWI_04,2023-06-15 02:00:00+00:00,0.0,0.0,0.075,0.101,25.6,76,967.9,2.8
JMU_TWI_04,2023-06-15 03:00:00+00:00,0.0,0.0,0.075,0.101,27.4,70,968.5,5.1
JMU_TWI_04,2023-06-15 04:00:00+00:00,0.0,0.0,0.074,0.101,29.5,61,968.6,4.7
JMU_TWI_04,2023-06-15 05:00:00+00:00,0.0,0.0,0.074,0.101,31.6,51,968.6,6.1
JMU_TWI_04,2023-06-15 06:00:00+00:00,0.0,0.0,0.073,0.1,33.0,45,968.2,8.5
JMU_TWI_04,2023-06-15 07:00:00+00:00,0.0,0.0,0.072,0.099,34.1,42,967.8,6.1
JMU_TWI_04,2023-06-15 08:00:00+00:00,0.0,0.0,0.071,0.099,35.4,39,967.1,7.1
JMU_TWI_04,2023-06-15 09:00:00+00:00,0.0,0.0,0.071,0.098,35.2,40,966.5,10.9
JMU_TWI_04,2023-06-15 10:00:00+00:00,0.9,0.9,0.078,0.098,34.5,40,966.7,9.1
JMU_TWI_04,2023-06-15 11:00:00+00:00,0.0,0.0,0.078,0.097,33.3,43,966.4,4.3
JMU_TWI_04,2023-06-15 12:00:00+00:00,0.0,0.0,0.092,0.108,32.4,44,966.6,6.1
JMU_TWI_04,2023-06-15 13:00:00+00:00,0.0,0.0,0.091,0.108,31.7,46,966.8,8.1
JMU_TWI_04,2023-06-15 14:00:00+00:00,0.0,0.0,0.091,0.108,30.5,52,967.0,3.8
JMU_TWI_04,2023-06-15 15:00:00+00:00,0.0,0.0,0.091,0.108,29.2,58,967.2,4.3
JMU_TWI_04,2023-06-15 16:00:00+00:00,0.0,0.0,0.091,0.108,28.7,64,967.5,5.2
JMU_TWI_04,2023-06-15 17:00:00+00:00,0.0,0.0,0.091,0.108,29.1,57,967.5,1.8
JMU_TWI_04,2023-06-15 18:00:00+00:00,0.0,0.0,0.091,0.108,28.8,58,967.1,1.8
JMU_TWI_04,2023-06-15 19:00:00+00:00,0.0,0.0,0.091,0.108,28.6,59,966.7,1.8
JMU_TWI_04,2023-06-15 20:00:00+00:00,0.0,0.0,0.091,0.108,26.0,72,966.1,6.4
JMU_TWI_04,2023-06-15 21:00:00+00:00,0.0,0.0,0.091,0.108,25.6,75,965.8,6.4
JMU_TWI_04,2023-06-15 22:00:00+00:00,0.0,0.0,0.091,0.108,25.2,77,965.6,3.0
JMU_TWI_04,2023-06-15 23:00:00+00:00,0.0,0.0,0.091,0.108,24.4,79,965.7,6.5
JMU_TWI_04,2023-06-16 00:00:00+00:00,0.0,0.0,0.092,0.108,25.4,72,966.0,6.1
JMU_TWI_04,2023-06-16 01:00:00+00:00,0.0,0.0,0.092,0.108,26.5,69,966.5,3.2
JMU_TWI_04,2023-06-16 02:00:00+00:00,0.0,0.0,0.091,0.108,28.7,61,966.9,3.6
JMU_TWI_04,2023-06-16 03:00:00+00:00,0.0,0.0,0.091,0.108,30.6,52,967.1,6.3
JMU_TWI_04,2023-06-16 04:00:00+00:00,0.0,0.0,0.09,0.108,32.1,49,967.6,10.2
JMU_TWI_04,2023-06-16 05:00:00+00:00,0.0,0.0,0.089,0.107,33.0,47,967.3,11.6
JMU_TWI_04,2023-06-16 06:00:00+00:00,0.2,0.2,0.089,0.107,33.7,44,967.0,10.9
JMU_TWI_04,2023-06-16 07:00:00+00:00,0.0,0.0,0.088,0.106,34.7,39,966.6,8.7
JMU_TWI_04,2023-06-16 08:00:00+00:00,0.0,0.0,0.086,0.105,35.3,36,966.0,8.4
JMU_TWI_04,2023-06-16 09:00:00+00:00,0.0,0.0,0.085,0.105,35.7,34,965.3,6.9
JMU_TWI_04,2023-06-16 10:00:00+00:00,0.0,0.0,0.084,0.104,36.2,31,965.1,6.2
JMU_TWI_04,2023-06-16 11:00:00+00:00,0.0,0.0,0.083,0.103,36.0,31,965.0,4.3
JMU_TWI_04,2023-06-16 12:00:00+00:00,0.0,0.0,0.084,0.106,33.5,43,965.0,8.1
JMU_TWI_04,2023-06-16 13:00:00+00:00,0.0,0.0,0.084,0.106,33.1,43,965.1,6.1
JMU_TWI_04,2023-06-16 14:00:00+00:00,0.0,0.0,0.084,0.106,30.8,53,965.3,4.7
JMU_TWI_04,2023-06-16 15:00:00+00:00,0.0,0.0,0.084,0.106,29.1,61,965.7,5.7
JMU_TWI_04,2023-06-16 16:00:00+00:00,0.0,0.0,0.084,0.106,30.3,53,966.5,4.2
JMU_TWI_04,2023-06-16 17:00:00+00:00,0.0,0.0,0.084,0.106,28.1,62,966.5,3.8
JMU_TWI_04,2023-06-16 18:00:00+00:00,0.0,0.0,0.084,0.106,27.1,66,966.2,3.6
JMU_TWI_04,2023-06-16 19:00:00+00:00,0.0,0.0,0.084,0.106,26.8,66,965.9,2.8
JMU_TWI_04,2023-06-16 20:00:00+00:00,0.0,0.0,0.083,0.106,26.3,69,965.5,2.5
JMU_TWI_04,2023-06-16 21:00:00+00:00,0.0,0.0,0.083,0.106,25.9,70,965.2,2.5
JMU_TWI_04,2023-06-16 22:00:00+00:00,0.0,0.0,0.083,0.106,25.3,72,965.2,3.1
JMU_TWI_04,2023-06-16 23:00:00+00:00,0.0,0.0,0.083,0.106,24.9,72,965.5,3.1
JMU_TWI_04,2023-06-17 00:00:00+00:00,0.0,0.0,0.083,0.105,26.6,66,965.6,6.6
JMU_TWI_04,2023-06-17 01:00:00+00:00,0.0,0.0,0.082,0.105,27.8,63,966.2,5.2
JMU_TWI_04,2023-06-17 02:00:00+00:00,0.0,0.0,0.082,0.105,30.1,57,966.8,2.2
JMU_TWI_04,2023-06-17 03:00:00+00:00,0.0,0.0,0.082,0.105,32.4,48,967.5,1.1
JMU_TWI_04,2023-06-17 04:00:00+00:00,0.0,0.0,0.081,0.104,33.8,46,967.8,4.2
JMU_TWI_04,2023-06-17 05:00:00+00:00,0.0,0.0,0.08,0.104,35.2,38,967.6,4.6
JMU_TWI_04,2023-06-17 06:00:00+00:00,0.0,0.0,0.079,0.103,36.3,36,967.4,6.2
JMU_TWI_04,2023-06-17 07:00:00+00:00,0.0,0.0,0.078,0.102,37.4,30,967.3,6.6
JMU_TWI_04,2023-06-17 08:00:00+00:00,0.0,0.0,0.077,0.102,37.9,29,966.4,7.4
JMU_TWI_04,2023-06-17 09:00:00+00:00,0.0,0.0,0.076,0.101,38.5,28,965.8,7.7
JMU_TWI_04,2023-06-17 10:00:00+00:00,0.0,0.0,0.075,0.1,38.6,27,965.0,8.7
JMU_TWI_04,2023-06-17 11:00:00+00:00,0.0,0.0,0.074,0.1,38.1,28,964.7,5.9
JMU_TWI_04,2023-06-17 12:00:00+00:00,0.0,0.0,0.077,0.101,34.7,40,964.9,11.0
JMU_TWI_04,2023-06-17 13:00:00+00:00,0.0,0.0,0.077,0.1,34.2,39,965.0,5.8
JMU_TWI_04,2023-06-17 14:00:00+00:00,0.0,0.0,0.077,0.1,32.6,50,964.6,4.1
JMU_TWI_04,2023-06-17 15:00:00+00:00,0.0,0.0,0.077,0.1,32.8,44,964.9,3.4
JMU_TWI_04,2023-06-17 16:00:00+00:00,0.0,0.0,0.077,0.1,30.7,52,965.5,5.5
JMU_TWI_04,2023-06-17 17:00:00+00:00,0.0,0.0,0.077,0.1,29.4,56,965.8,6.2
JMU_TWI_04,2023-06-17 18:00:00+00:00,0.0,0.0,0.077,0.1,28.6,59,966.3,6.5
JMU_TWI_04,2023-06-17 19:00:00+00:00,0.0,0.0,0.077,0.1,28.6,56,966.4,5.8
JMU_TWI_04,2023-06-17 20:00:00+00:00,0.0,0.0,0.076,0.1,28.5,56,966.5,6.5
JMU_TWI_04,2023-06-17 21:00:00+00:00,0.0,0.0,0.076,0.1,28.0,58,966.5,6.2
JMU_TWI_04,2023-06-17 22:00:00+00:00,0.0,0.0,0.076,0.1,27.4,60,966.6,5.8
JMU_TWI_04,2023-06-17 23:00:00+00:00,0.0,0.0,0.076,0.1,27.1,59,966.5,5.6
JMU_TWI_04,2023-06-18 00:00:00+00:00,0.0,0.0,0.077,0.101,27.2,60,966.4,5.9
JMU_TWI_04,2023-06-18 01:00:00+00:00,0.0,0.0,0.077,0.101,28.9,57,966.7,5.5
JMU_TWI_04,2023-06-18 02:00:00+00:00,0.0,0.0,0.077,0.101,31.4,52,967.3,3.6
JMU_TWI_04,2023-06-18 03:00:00+00:00,0.0,0.0,0.077,0.101,33.7,45,967.7,1.5
JMU_TWI_04,2023-06-18 04:00:00+00:00,0.0,0.0,0.076,0.1,35.1,42,968.0,4.9
JMU_TWI_04,2023-06-18 05:00:00+00:00,0.4,0.4,0.079,0.1,36.0,40,967.9,7.9
JMU_TWI_04,2023-06-18 06:00:00+00:00,0.0,0.0,0.078,0.099,37.2,34,967.4,8.9
JMU_TWI_04,2023-06-18 07:00:00+00:00,0.0,0.0,0.076,0.098,37.8,31,967.2,9.3
JMU_TWI_04,2023-06-18 08:00:00+00:00,0.0,0.0,0.075,0.098,38.4,30,966.2,7.2
JMU_TWI_04,2023-06-18 09:00:00+00:00,0.0,0.0,0.075,0.097,38.6,29,965.4,6.8
JMU_TWI_04,2023-06-18 10:00:00+00:00,0.0,0.0,0.074,0.096,38.7,29,964.8,6.8
JMU_TWI_04,2023-06-18 11:00:00+00:00,0.2,0.2,0.074,0.096,37.5,32,964.7,7.6
JMU_TWI_04,2023-06-18 12:00:00+00:00,0.0,0.0,0.078,0.097,36.6,36,964.4,5.8
JMU_TWI_04,2023-06-18 13:00:00+00:00,0.0,0.0,0.077,0.097,35.7,39,964.7,4.3
JMU_TWI_04,2023-06-18 14:00:00+00:00,0.0,0.0,0.077,0.097,33.5,48,964.9,7.6
JMU_TWI_04,2023-06-18 15:00:00+00:00,0.0,0.0,0.077,0.097,32.0,55,965.4,11.0
JMU_TWI_04,2023-06-18 16:00:00+00:00,0.0,0.0,0.077,0.097,31.6,56,966.0,10.9
JMU_TWI_04,2023-06-18 17:00:00+00:00,0.0,0.0,0.077,0.097,31.3,57,966.4,10.8
JMU_TWI_04,2023-06-18 18:00:00+00:00,0.0,0.0,0.077,0.097,30.9,59,966.6,11.1
JMU_TWI_04,2023-06-18 19:00:00+00:00,0.0,0.0,0.077,0.097,30.5,61,966.8,9.2
JMU_TWI_04,2023-06-18 20:00:00+00:00,0.0,0.0,0.077,0.097,29.7,65,966.6,5.8
JMU_TWI_04,2023-06-18 21:00:00+00:00,0.0,0.0,0.076,0.097,28.8,70,966.5,6.5
JMU_TWI_04,2023-06-18 22:00:00+00:00,0.0,0.0,0.076,0.097,28.6,69,966.7,3.8
JMU_TWI_04,2023-06-18 23:00:00+00:00,0.0,0.0,0.076,0.097,28.1,71,966.7,2.6
JMU_TWI_04,2023-06-19 00:00:00+00:00,0.0,0.0,0.083,0.101,25.9,87,966.3,4.9
JMU_TWI_04,2023-06-19 01:00:00+00:00,0.0,0.0,0.083,0.101,27.1,83,966.5,7.3
JMU_TWI_04,2023-06-19 02:00:00+00:00,0.0,0.0,0.082,0.101,30.5,66,967.2,7.3
JMU_TWI_04,2023-06-19 03:00:00+00:00,0.0,0.0,0.082,0.101,32.9,52,967.5,6.6
JMU_TWI_04,2023-06-19 04:00:00+00:00,0.0,0.0,0.081,0.1,34.7,45,967.6,8.9
JMU_TWI_04,2023-06-19 05:00:00+00:00,0.0,0.0,0.08,0.1,35.8,42,967.4,10.2
JMU_TWI_04,2023-06-19 06:00:00+00:00,0.0,0.0,0.079,0.099,36.5,41,967.1,11.4
JMU_TWI_04,2023-06-19 07:00:00+00:00,0.5,0.5,0.083,0.099,36.4,41,966.8,8.7
JMU_TWI_04,2023-06-19 08:00:00+00:00,0.0,0.0,0.081,0.098,37.2,39,965.9,5.3
JMU_TWI_04,2023-06-19 09:00:00+00:00,0.0,0.0,0.08,0.097,37.6,38,965.1,5.9
JMU_TWI_04,2023-06-19 10:00:00+00:00,0.0,0.0,0.079,0.097,37.5,38,964.5,5.9
JMU_TWI_04,2023-06-19 11:00:00+00:00,0.3,0.3,0.081,0.096,37.3,38,964.0,7.7
JMU_TWI_04,2023-06-19 12:00:00+00:00,0.0,0.0,0.087,0.1,36.0,39,964.0,12.0
JMU_TWI_04,2023-06-19 13:00:00+00:00,0.0,0.0,0.086,0.1,35.2,42,964.0,10.8
JMU_TWI_04,2023-06-19 14:00:00+00:00,0.0,0.0,0.086,0.1,33.4,49,963.8,4.8
JMU_TWI_04,2023-06-19 15:00:00+00:00,0.0,0.0,0.086,0.1,33.2,51,964.0,5.2
JMU_TWI_04,2023-06-19 16:00:00+00:00,0.0,0.0,0.086,0.1,31.1,58,964.2,2.9
JMU_TWI_04,2023-06-19 17:00:00+00:00,0.0,0.0,0.086,0.1,30.3,59,964.5,4.0
JMU_TWI_04,2023-06-19 18:00:00+00:00,0.0,0.0,0.086,0.1,29.5,61,964.7,4.6
JMU_TWI_04,2023-06-19 19:00:00+00:00,0.0,0.0,0.086,0.1,28.9,64,964.7,4.5
JMU_TWI_04,2023-06-19 20:00:00+00:00,0.0,0.0,0.085,0.1,28.5,65,964.4,3.2
JMU_TWI_04,2023-06-19 21:00:00+00:00,0.0,0.0,0.085,0.1,28.6,63,964.2,3.6
JMU_TWI_04,2023-06-19 22:00:00+00:00,0.0,0.0,0.085,0.1,28.2,64,964.2,4.2
JMU_TWI_04,2023-06-19 23:00:00+00:00,0.0,0.0,0.085,0.1,27.7,67,964.6,4.5
JMU_TWI_04,2023-06-20 00:00:00+00:00,0.0,0.0,0.09,0.103,27.6,71,965.0,5.2
JMU_TWI_04,2023-06-20 01:00:00+00:00,0.0,0.0,0.09,0.103,29.5,64,965.7,5.9
JMU_TWI_04,2023-06-20 02:00:00+00:00,0.0,0.0,0.09,0.103,31.4,58,966.4,4.7
JMU_TWI_04,2023-06-20 03:00:00+00:00,0.0,0.0,0.089,0.103,32.9,53,966.7,2.9
JMU_TWI_04,2023-06-20 04:00:00+00:00,0.0,0.0,0.088,0.103,34.4,49,966.5,4.0
JMU_TWI_04,2023-06-20 05:00:00+00:00,0.0,0.0,0.087,0.102,35.8,46,966.1,5.9
JMU_TWI_04,2023-06-20 06:00:00+00:00,0.0,0.0,0.086,0.101,36.9,43,965.7,9.1
JMU_TWI_04,2023-06-20 07:00:00+00:00,0.0,0.0,0.084,0.101,37.7,40,965.0,12.6
JMU_TWI_04,2023-06-20 08:00:00+00:00,0.0,0.0,0.083,0.1,37.9,39,964.4,13.8
JMU_TWI_04,2023-06-20 09:00:00+00:00,0.0,0.0,0.081,0.099,38.3,38,963.5,11.4
JMU_TWI_04,2023-06-20 10:00:00+00:00,0.0,0.0,0.08,0.099,38.4,38,962.8,10.1
JMU_TWI_04,2023-06-20 11:00:00+00:00,0.0,0.0,0.079,0.098,38.2,37,962.1,7.6
JMU_TWI_04,2023-06-20 12:00:00+00:00,0.0,0.0,0.081,0.102,37.1,41,963.0,10.1
JMU_TWI_04,2023-06-20 13:00:00+00:00,0.0,0.0,0.081,0.102,36.6,42,962.9,4.4
JMU_TWI_04,2023-06-20 14:00:00+00:00,0.0,0.0,0.081,0.102,34.8,47,962.7,3.8
JMU_TWI_04,2023-06-20 15:00:00+00:00,0.0,0.0,0.08,0.102,33.8,53,963.2,5.6
JMU_TWI_04,2023-06-20 16:00:00+00:00,0.0,0.0,0.08,0.102,32.6,56,963.8,6.6
JMU_TWI_04,2023-06-20 17:00:00+00:00,0.0,0.0,0.08,0.102,32.3,54,964.5,5.6
JMU_TWI_04,2023-06-20 18:00:00+00:00,0.0,0.0,0.08,0.102,31.7,57,964.6,6.3
JMU_TWI_04,2023-06-20 19:00:00+00:00,0.0,0.0,0.08,0.102,31.6,58,965.1,10.4
JMU_TWI_04,2023-06-20 20:00:00+00:00,0.0,0.0,0.08,0.102,31.3,60,964.9,12.0
JMU_TWI_04,2023-06-20 21:00:00+00:00,0.0,0.0,0.08,0.102,30.5,63,965.0,10.7
JMU_TWI_04,2023-06-20 22:00:00+00:00,0.0,0.0,0.08,0.102,29.6,65,965.1,13.4
JMU_TWI_04,2023-06-20 23:00:00+00:00,0.0,0.0,0.08,0.102,28.1,71,965.4,16.6
JMU_TWI_04,2023-06-21 00:00:00+00:00,0.0,0.0,0.081,0.103,28.3,71,965.2,10.1
JMU_TWI_04,2023-06-21 01:00:00+00:00,0.2,0.2,0.082,0.103,29.3,70,966.1,7.9
JMU_TWI_04,2023-06-21 02:00:00+00:00,0.0,0.0,0.082,0.103,30.2,69,967.1,1.5
JMU_TWI_04,2023-06-21 03:00:00+00:00,0.0,0.0,0.082,0.103,30.8,66,967.2,6.9
JMU_TWI_04,2023-06-21 04:00:00+00:00,0.0,0.0,0.082,0.102,33.0,57,967.1,7.9
JMU_TWI_04,2023-06-21 05:00:00+00:00,0.0,0.0,0.081,0.102,34.5,51,966.9,10.6
JMU_TWI_04,2023-06-21 06:00:00+00:00,0.0,0.0,0.08,0.101,35.7,48,966.7,11.7
JMU_TWI_04,2023-06-21 07:00:00+00:00,0.0,0.0,0.079,0.101,36.3,47,966.3,10.1
JMU_TWI_04,2023-06-21 08:00:00+00:00,0.0,0.0,0.077,0.1,36.8,46,965.6,6.8
JMU_TWI_04,2023-06-21 09:00:00+00:00,0.0,0.0,0.076,0.099,37.2,45,964.8,4.0
JMU_TWI_04,2023-06-21 10:00:00+00:00,0.0,0.0,0.075,0.099,37.6,44,964.1,2.6
JMU_TWI_04,2023-06-21 11:00:00+00:00,0.0,0.0,0.075,0.098,37.6,42,963.4,3.1
JMU_TWI_04,2023-06-21 12:00:00+00:00,0.0,0.0,0.074,0.101,36.9,45,964.0,6.5
JMU_TWI_04,2023-06-21 13:00:00+00:00,0.0,0.0,0.074,0.1,36.5,45,963.9,5.8
JMU_TWI_04,2023-06-21 14:00:00+00:00,0.0,0.0,0.073,0.1,34.9,54,963.8,4.3
JMU_TWI_04,2023-06-21 15:00:00+00:00,0.0,0.0,0.073,0.1,35.4,48,964.0,0.8
JMU_TWI_04,2023-06-21 16:00:00+00:00,0.0,0.0,0.073,0.1,33.6,55,964.2,3.9
JMU_TWI_04,2023-06-21 17:00:00+00:00,0.0,0.0,0.073,0.1,33.0,58,964.5,5.0
JMU_TWI_04,2023-06-21 18:00:00+00:00,0.0,0.0,0.073,0.1,32.0,63,964.7,6.8
JMU_TWI_04,2023-06-21 19:00:00+00:00,0.0,0.0,0.073,0.1,32.0,61,964.7,6.4
JMU_TWI_04,2023-06-21 20:00:00+00:00,0.0,0.0,0.073,0.1,32.4,59,964.9,7.8
JMU_TWI_04,2023-06-21 21:00:00+00:00,0.0,0.0,0.073,0.1,31.5,63,965.0,8.7
JMU_TWI_04,2023-06-21 22:00:00+00:00,0.0,0.0,0.073,0.1,31.1,65,965.0,10.5
JMU_TWI_04,2023-06-21 23:00:00+00:00,0.0,0.0,0.073,0.1,30.4,68,965.2,9.7
JMU_TWI_04,2023-06-22 00:00:00+00:00,0.0,0.0,0.074,0.1,29.8,73,965.3,4.6
JMU_TWI_04,2023-06-22 01:00:00+00:00,0.0,0.0,0.074,0.1,31.3,67,965.7,7.0
JMU_TWI_04,2023-06-22 02:00:00+00:00,0.0,0.0,0.074,0.1,32.8,62,966.4,7.3
JMU_TWI_04,2023-06-22 03:00:00+00:00,0.0,0.0,0.073,0.1,33.8,58,967.0,12.1
JMU_TWI_04,2023-06-22 04:00:00+00:00,0.0,0.0,0.073,0.099,34.0,56,967.1,15.6
JMU_TWI_04,2023-06-22 05:00:00+00:00,0.0,0.0,0.072,0.099,35.1,52,967.0,14.6
JMU_TWI_04,2023-06-22 06:00:00+00:00,0.0,0.0,0.072,0.098,36.3,50,966.8,13.2
JMU_TWI_04,2023-06-22 07:00:00+00:00,0.0,0.0,0.071,0.098,37.2,48,966.4,12.0
JMU_TWI_04,2023-06-22 08:00:00+00:00,0.0,0.0,0.07,0.097,37.5,47,965.7,9.9
JMU_TWI_04,2023-06-22 09:00:00+00:00,0.0,0.0,0.069,0.096,38.1,44,964.7,6.4
JMU_TWI_04,2023-06-22 10:00:00+00:00,0.0,0.0,0.069,0.096,38.3,43,964.0,4.0
JMU_TWI_04,2023-06-22 11:00:00+00:00,0.0,0.0,0.068,0.095,38.4,42,963.3,4.0
JMU_TWI_04,2023-06-22 12:00:00+00:00,0.0,0.0,0.075,0.102,35.9,55,964.5,9.4
JMU_TWI_04,2023-06-22 13:00:00+00:00,0.0,0.0,0.075,0.102,35.9,54,964.2,5.1
JMU_TWI_04,2023-06-22 14:00:00+00:00,0.0,0.0,0.075,0.102,35.3,56,963.9,3.6
JMU_TWI_04,2023-06-22 15:00:00+00:00,0.0,0.0,0.075,0.102,34.0,63,963.7,3.6
JMU_TWI_04,2023-06-22 16:00:00+00:00,0.0,0.0,0.075,0.102,33.5,63,963.8,4.5
JMU_TWI_04,2023-06-22 17:00:00+00:00,0.0,0.0,0.075,0.102,33.2,63,964.2,6.2
JMU_TWI_04,2023-06-22 18:00:00+00:00,0.0,0.0,0.075,0.102,33.0,62,964.5,6.2
JMU_TWI_04,2023-06-22 19:00:00+00:00,0.0,0.0,0.074,0.102,32.9,62,964.5,8.2
JMU_TWI_04,2023-06-22 20:00:00+00:00,0.0,0.0,0.074,0.101,32.2,66,964.6,11.0
JMU_TWI_04,2023-06-22 21:00:00+00:00,0.0,0.0,0.074,0.101,31.4,70,964.6,12.7
JMU_TWI_04,2023-06-22 22:00:00+00:00,0.0,0.0,0.074,0.101,30.7,71,964.8,14.2
JMU_TWI_04,2023-06-22 23:00:00+00:00,3.1,3.1,0.114,0.101,27.4,83,965.5,19.2
JMU_TWI_04,2023-06-23 00:00:00+00:00,0.1,0.1,0.071,0.101,28.2,76,965.7,18.6
JMU_TWI_04,2023-06-23 01:00:00+00:00,0.0,0.0,0.071,0.1,28.7,71,965.3,15.4
JMU_TWI_04,2023-06-23 02:00:00+00:00,0.0,0.0,0.071,0.1,31.3,63,965.8,6.4
JMU_TWI_04,2023-06-23 03:00:00+00:00,0.0,0.0,0.071,0.1,33.6,57,966.5,5.5
JMU_TWI_04,2023-06-23 04:00:00+00:00,0.0,0.0,0.07,0.1,34.9,56,966.7,9.0
JMU_TWI_04,2023-06-23 05:00:00+00:00,0.0,0.0,0.07,0.099,36.0,54,966.7,11.6
JMU_TWI_04,2023-06-23 06:00:00+00:00,0.0,0.0,0.069,0.099,36.9,51,966.7,12.0
JMU_TWI_04,2023-06-23 07:00:00+00:00,0.0,0.0,0.068,0.098,37.9,48,966.1,9.0
JMU_TWI_04,2023-06-23 08:00:00+00:00,0.0,0.0,0.068,0.097,38.7,44,965.7,6.3
JMU_TWI_04,2023-06-23 09:00:00+00:00,0.0,0.0,0.067,0.097,39.0,43,965.1,5.5
JMU_TWI_04,2023-06-23 10:00:00+00:00,0.0,0.0,0.067,0.096,38.5,44,964.4,6.1
JMU_TWI_04,2023-06-23 11:00:00+00:00,0.0,0.0,0.066,0.096,37.3,51,963.7,16.8
JMU_TWI_04,2023-06-23 12:00:00+00:00,0.0,0.0,0.085,0.1,35.7,57,964.1,8.3
JMU_TWI_04,2023-06-23 13:00:00+00:00,0.0,0.0,0.085,0.1,35.3,58,964.2,3.6
JMU_TWI_04,2023-06-23 14:00:00+00:00,0.0,0.0,0.085,0.1,34.0,65,963.9,2.8
JMU_TWI_04,2023-06-23 15:00:00+00:00,0.0,0.0,0.085,0.1,33.3,66,963.9,5.4
JMU_TWI_04,2023-06-23 16:00:00+00:00,0.0,0.0,0.085,0.1,32.7,68,964.2,8.1
JMU_TWI_04,2023-06-23 17:00:00+00:00,0.0,0.0,0.084,0.1,31.9,70,964.6,12.5
JMU_TWI_04,2023-06-23 18:00:00+00:00,0.0,0.0,0.084,0.1,31.3,72,964.9,11.3
JMU_TWI_04,2023-06-23 19:00:00+00:00,0.0,0.0,0.084,0.1,31.0,73,964.9,11.0
JMU_TWI_04,2023-06-23 20:00:00+00:00,0.0,0.0,0.084,0.1,30.9,73,965.3,14.9
JMU_TWI_04,2023-06-23 21:00:00+00:00,0.8,0.8,0.094,0.1,29.7,70,965.5,16.2
JMU_TWI_04,2023-06-23 22:00:00+00:00,1.3,1.3,0.11,0.1,27.8,81,965.1,13.4
JMU_TWI_04,2023-06-23 23:00:00+00:00,0.3,0.3,0.113,0.1,27.1,84,965.5,14.8
JMU_TWI_04,2023-06-24 00:00:00+00:00,0.0,0.0,0.096,0.098,26.9,78,965.0,12.3
JMU_TWI_04,2023-06-24 01:00:00+00:00,0.0,0.0,0.096,0.098,28.6,74,965.9,10.5
JMU_TWI_04,2023-06-24 02:00:00+00:00,0.4,0.4,0.099,0.098,28.8,76,966.5,7.9
JMU_TWI_04,2023-06-24 03:00:00+00:00,0.2,0.2,0.1,0.098,29.0,77,966.9,8.2
JMU_TWI_04,2023-06-24 04:00:00+00:00,0.0,0.0,0.1,0.098,29.7,73,967.7,14.2
JMU_TWI_04,2023-06-24 05:00:00+00:00,0.1,0.1,0.1,0.097,30.2,71,968.2,22.0
JMU_TWI_04,2023-06-24 06:00:00+00:00,0.0,0.0,0.099,0.097,32.0,62,967.2,12.5
JMU_TWI_04,2023-06-24 07:00:00+00:00,0.0,0.0,0.097,0.097,33.7,57,966.5,6.9
JMU_TWI_04,2023-06-24 08:00:00+00:00,0.0,0.0,0.096,0.096,34.9,54,965.2,2.3
JMU_TWI_04,2023-06-24 09:00:00+00:00,0.0,0.0,0.094,0.096,35.7,52,964.4,2.6
JMU_TWI_04,2023-06-24 10:00:00+00:00,0.0,0.0,0.092,0.095,36.2,51,963.5,5.5
JMU_TWI_04,2023-06-24 11:00:00+00:00,0.0,0.0,0.091,0.095,36.2,50,963.3,4.7
JMU_TWI_04,2023-06-24 12:00:00+00:00,0.0,0.0,0.089,0.097,37.5,45,963.5,5.6
JMU_TWI_04,2023-06-24 13:00:00+00:00,0.0,0.0,0.089,0.097,33.7,58,964.0,10.7
JMU_TWI_04,2023-06-24 14:00:00+00:00,0.0,0.0,0.089,0.097,32.7,63,963.8,7.3
JMU_TWI_04,2023-06-24 15:00:00+00:00,0.0,0.0,0.088,0.097,31.9,67,964.0,7.3
JMU_TWI_04,2023-06-24 16:00:00+00:00,0.2,0.2,0.09,0.097,30.9,71,964.9,9.4
JMU_TWI_04,2023-06-24 17:00:00+00:00,0.4,0.4,0.095,0.097,30.3,76,964.8,12.6
JMU_TWI_04,2023-06-24 18:00:00+00:00,3.3,3.3,0.138,0.097,28.5,85,965.2,12.8
JMU_TWI_04,2023-06-24 19:00:00+00:00,2.1,2.1,0.167,0.097,26.8,87,964.0,14.8
JMU_TWI_04,2023-06-24 20:00:00+00:00,3.5,3.5,0.214,0.097,26.5,88,964.0,13.1
JMU_TWI_04,2023-06-24 21:00:00+00:00,2.8,2.8,0.25,0.098,26.1,90,964.9,4.5
JMU_TWI_04,2023-06-24 22:00:00+00:00,10.0,10.0,0.342,0.115,25.0,93,965.6,15.6
JMU_TWI_04,2023-06-24 23:00:00+00:00,0.0,0.0,0.302,0.128,25.5,91,964.0,12.3
JMU_TWI_04,2023-06-25 00:00:00+00:00,0.2,0.2,0.177,0.098,26.5,90,964.4,1.9
JMU_TWI_04,2023-06-25 01:00:00+00:00,0.3,0.3,0.18,0.098,26.2,91,964.4,7.8
JMU_TWI_04,2023-06-25 02:00:00+00:00,0.1,0.1,0.18,0.098,27.9,84,965.1,7.5
JMU_TWI_04,2023-06-25 03:00:00+00:00,0.0,0.0,0.179,0.098,30.3,76,966.2,12.5
JMU_TWI_04,2023-06-25 04:00:00+00:00,0.0,0.0,0.177,0.098,32.0,64,966.5,18.6
JMU_TWI_04,2023-06-25 05:00:00+00:00,8.2,8.2,0.285,0.098,30.3,71,967.1,18.2
JMU_TWI_04,2023-06-25 06:00:00+00:00,2.8,2.8,0.295,0.107,29.0,77,966.9,9.0
JMU_TWI_04,2023-06-25 07:00:00+00:00,1.9,1.9,0.299,0.113,28.0,83,967.1,14.4
JMU_TWI_04,2023-06-25 08:00:00+00:00,0.2,0.2,0.283,0.118,30.2,72,966.4,16.7
JMU_TWI_04,2023-06-25 09:00:00+00:00,0.1,0.1,0.27,0.121,32.7,63,965.7,17.5
JMU_TWI_04,2023-06-25 10:00:00+00:00,0.0,0.0,0.259,0.123,33.5,60,965.0,16.3
JMU_TWI_04,2023-06-25 11:00:00+00:00,0.0,0.0,0.251,0.125,33.3,61,964.6,14.4
JMU_TWI_04,2023-06-25 12:00:00+00:00,0.0,0.0,0.277,0.199,32.4,64,964.5,15.3
JMU_TWI_04,2023-06-25 13:00:00+00:00,0.0,0.0,0.271,0.2,30.4,71,965.2,17.0
JMU_TWI_04,2023-06-25 14:00:00+00:00,0.0,0.0,0.266,0.202,29.0,76,965.5,13.8
JMU_TWI_04,2023-06-25 15:00:00+00:00,0.0,0.0,0.263,0.203,28.3,76,966.4,15.5
JMU_TWI_04,2023-06-25 16:00:00+00:00,0.0,0.0,0.259,0.204,27.9,75,967.4,13.7
JMU_TWI_04,2023-06-25 17:00:00+00:00,0.0,0.0,0.257,0.204,27.5,77,967.9,13.2
JMU_TWI_04,2023-06-25 18:00:00+00:00,1.3,1.3,0.269,0.205,26.5,84,968.4,16.6
JMU_TWI_04,2023-06-25 19:00:00+00:00,0.9,0.9,0.275,0.207,26.0,86,968.0,17.3
JMU_TWI_04,2023-06-25 20:00:00+00:00,0.4,0.4,0.275,0.208,25.6,88,967.6,12.7
JMU_TWI_04,2023-06-25 21:00:00+00:00,4.4,4.4,0.324,0.212,24.9,94,968.0,6.8
JMU_TWI_04,2023-06-25 22:00:00+00:00,0.1,0.1,0.306,0.218,25.1,91,967.7,9.9
JMU_TWI_04,2023-06-25 23:00:00+00:00,0.6,0.6,0.301,0.222,24.9,91,967.9,9.9
JMU_TWI_04,2023-06-26 00:00:00+00:00,1.8,1.8,0.355,0.316,24.4,93,969.2,5.4
JMU_TWI_04,2023-06-26 01:00:00+00:00,1.2,1.2,0.347,0.319,24.5,95,969.4,7.5
JMU_TWI_04,2023-06-26 02:00:00+00:00,3.4,3.4,0.367,0.323,24.7,95,970.1,2.3
JMU_TWI_04,2023-06-26 03:00:00+00:00,2.1,2.1,0.356,0.33,25.1,93,970.5,4.2
JMU_TWI_04,2023-06-26 04:00:00+00:00,2.5,2.5,0.361,0.332,25.3,93,970.7,5.4
JMU_TWI_04,2023-06-26 05:00:00+00:00,1.2,1.2,0.351,0.333,25.7,93,970.4,6.9
JMU_TWI_04,2023-06-26 06:00:00+00:00,1.1,1.1,0.346,0.332,25.8,93,970.7,4.3
JMU_TWI_04,2023-06-26 07:00:00+00:00,0.8,0.8,0.339,0.329,27.0,83,969.4,11.4
JMU_TWI_04,2023-06-26 08:00:00+00:00,0.2,0.2,0.331,0.326,27.8,79,968.1,7.6
JMU_TWI_04,2023-06-26 09:00:00+00:00,0.0,0.0,0.322,0.322,30.2,69,967.0,4.8
JMU_TWI_04,2023-06-26 10:00:00+00:00,0.0,0.0,0.316,0.317,30.8,69,966.2,5.4
JMU_TWI_04,2023-06-26 11:00:00+00:00,0.0,0.0,0.31,0.314,31.1,68,965.5,6.7
JMU_TWI_04,2023-06-26 12:00:00+00:00,0.0,0.0,0.305,0.306,29.1,66,966.6,2.2
JMU_TWI_04,2023-06-26 13:00:00+00:00,0.0,0.0,0.301,0.303,28.9,68,966.7,1.6
JMU_TWI_04,2023-06-26 14:00:00+00:00,0.0,0.0,0.299,0.301,27.3,82,966.5,3.9
JMU_TWI_04,2023-06-26 15:00:00+00:00,0.0,0.0,0.297,0.299,26.2,83,966.9,4.8
JMU_TWI_04,2023-06-26 16:00:00+00:00,0.0,0.0,0.295,0.298,25.9,83,967.5,3.3
JMU_TWI_04,2023-06-26 17:00:00+00:00,0.0,0.0,0.293,0.296,25.5,84,967.7,4.3
JMU_TWI_04,2023-06-26 18:00:00+00:00,0.0,0.0,0.291,0.294,25.2,86,967.8,3.1
JMU_TWI_04,2023-06-26 19:00:00+00:00,0.0,0.0,0.29,0.293,24.8,91,967.7,2.1
JMU_TWI_04,2023-06-26 20:00:00+00:00,0.0,0.0,0.288,0.291,24.4,94,967.2,0.5
JMU_TWI_04,2023-06-26 21:00:00+00:00,0.0,0.0,0.287,0.29,24.5,92,966.8,0.5
JMU_TWI_04,2023-06-26 22:00:00+00:00,0.0,0.0,0.285,0.288,24.6,90,966.6,0.0
JMU_TWI_04,2023-06-26 23:00:00+00:00,0.0,0.0,0.284,0.287,24.7,89,966.7,1.5
JMU_TWI_04,2023-06-27 00:00:00+00:00,0.0,0.0,0.282,0.285,24.2,89,967.0,5.6
JMU_TWI_04,2023-06-27 01:00:00+00:00,0.2,0.2,0.282,0.284,25.2,87,966.8,7.3
JMU_TWI_04,2023-06-27 02:00:00+00:00,0.0,0.0,0.281,0.283,26.8,85,967.3,4.6
JMU_TWI_04,2023-06-27 03:00:00+00:00,0.0,0.0,0.28,0.282,28.6,77,967.3,1.5
JMU_TWI_04,2023-06-27 04:00:00+00:00,0.0,0.0,0.277,0.28,30.4,68,967.2,4.4
JMU_TWI_04,2023-06-27 05:00:00+00:00,0.0,0.0,0.274,0.278,31.5,66,967.4,8.1
JMU_TWI_04,2023-06-27 06:00:00+00:00,0.0,0.0,0.27,0.276,32.5,61,967.4,7.4
JMU_TWI_04,2023-06-27 07:00:00+00:00,0.0,0.0,0.267,0.274,33.0,58,967.2,2.3
JMU_TWI_04,2023-06-27 08:00:00+00:00,0.0,0.0,0.263,0.272,33.5,55,966.3,1.1
JMU_TWI_04,2023-06-27 09:00:00+00:00,0.0,0.0,0.259,0.27,33.9,55,965.4,4.3
JMU_TWI_04,2023-06-27 10:00:00+00:00,0.0,0.0,0.256,0.268,34.2,55,964.8,6.6
JMU_TWI_04,2023-06-27 11:00:00+00:00,0.5,0.5,0.259,0.266,33.5,56,964.4,7.1
JMU_TWI_04,2023-06-27 12:00:00+00:00,0.0,0.0,0.255,0.263,32.2,64,965.1,5.6
JMU_TWI_04,2023-06-27 13:00:00+00:00,0.0,0.0,0.254,0.262,31.5,68,965.1,3.8
JMU_TWI_04,2023-06-27 14:00:00+00:00,0.0,0.0,0.254,0.261,29.9,80,965.4,4.9
JMU_TWI_04,2023-06-27 15:00:00+00:00,0.0,0.0,0.253,0.261,28.7,79,965.9,5.6
JMU_TWI_04,2023-06-27 16:00:00+00:00,0.0,0.0,0.253,0.26,28.5,78,967.4,5.4
JMU_TWI_04,2023-06-27 17:00:00+00:00,0.0,0.0,0.253,0.259,28.0,80,968.1,5.2
JMU_TWI_04,2023-06-27 18:00:00+00:00,0.0,0.0,0.252,0.259,27.8,81,968.6,5.4
JMU_TWI_04,2023-06-27 19:00:00+00:00,0.0,0.0,0.252,0.258,27.8,80,968.9,8.7
JMU_TWI_04,2023-06-27 20:00:00+00:00,0.0,0.0,0.252,0.257,27.7,75,968.7,9.8
JMU_TWI_04,2023-06-27 21:00:00+00:00,0.0,0.0,0.251,0.257,27.1,74,968.0,7.6
JMU_TWI_04,2023-06-27 22:00:00+00:00,0.0,0.0,0.251,0.256,26.5,76,967.6,5.5
JMU_TWI_04,2023-06-27 23:00:00+00:00,0.0,0.0,0.251,0.256,26.2,77,967.8,6.6
JMU_TWI_04,2023-06-28 00:00:00+00:00,0.0,0.0,0.249,0.255,27.5,71,968.0,12.0
JMU_TWI_04,2023-06-28 01:00:00+00:00,0.0,0.0,0.248,0.254,27.7,66,968.0,7.2
JMU_TWI_04,2023-06-28 02:00:00+00:00,0.0,0.0,0.247,0.253,28.2,71,969.0,6.8
JMU_TWI_04,2023-06-28 03:00:00+00:00,0.0,0.0,0.246,0.252,28.7,72,969.4,5.0
JMU_TWI_04,2023-06-28 04:00:00+00:00,0.0,0.0,0.244,0.251,30.5,63,969.2,2.6
JMU_TWI_04,2023-06-28 05:00:00+00:00,0.0,0.0,0.242,0.25,32.1,60,968.9,1.8
JMU_TWI_04,2023-06-28 06:00:00+00:00,0.0,0.0,0.238,0.248,33.1,59,968.7,6.3
JMU_TWI_04,2023-06-28 07:00:00+00:00,0.5,0.5,0.24,0.246,32.7,62,968.5,6.4
JMU_TWI_04,2023-06-28 08:00:00+00:00,0.0,0.0,0.237,0.245,33.5,57,967.8,1.9
JMU_TWI_04,2023-06-28 09:00:00+00:00,1.0,1.0,0.245,0.243,32.3,65,967.5,11.3
JMU_TWI_04,2023-06-28 10:00:00+00:00,0.3,0.3,0.245,0.242,31.0,68,967.0,1.1
JMU_TWI_04,2023-06-28 11:00:00+00:00,0.0,0.0,0.243,0.241,32.2,65,966.3,10.0
JMU_TWI_04,2023-06-28 12:00:00+00:00,0.0,0.0,0.235,0.239,31.4,66,967.0,10.7
JMU_TWI_04,2023-06-28 13:00:00+00:00,0.0,0.0,0.234,0.238,30.6,70,967.1,10.7
JMU_TWI_04,2023-06-28 14:00:00+00:00,0.0,0.0,0.234,0.238,29.1,77,967.0,6.6
JMU_TWI_04,2023-06-28 15:00:00+00:00,0.0,0.0,0.233,0.238,28.0,82,967.4,4.3
JMU_TWI_04,2023-06-28 16:00:00+00:00,0.0,0.0,0.233,0.237,27.2,88,968.0,4.0
JMU_TWI_04,2023-06-28 17:00:00+00:00,0.0,0.0,0.233,0.237,26.9,88,968.6,3.7
JMU_TWI_04,2023-06-28 18:00:00+00:00,0.0,0.0,0.233,0.237,26.9,88,969.1,5.4
JMU_TWI_04,2023-06-28 19:00:00+00:00,0.0,0.0,0.233,0.236,26.7,89,969.1,4.8
JMU_TWI_04,2023-06-28 20:00:00+00:00,0.0,0.0,0.232,0.236,26.5,90,968.6,4.5
JMU_TWI_04,2023-06-28 21:00:00+00:00,0.0,0.0,0.232,0.236,26.2,92,968.1,3.4
JMU_TWI_04,2023-06-28 22:00:00+00:00,0.0,0.0,0.232,0.236,25.9,93,967.9,5.5
JMU_TWI_04,2023-06-28 23:00:00+00:00,0.0,0.0,0.232,0.235,26.0,91,968.0,7.1
JMU_TWI_04,2023-06-29 00:00:00+00:00,0.0,0.0,0.228,0.234,25.9,87,968.6,8.8
JMU_TWI_04,2023-06-29 01:00:00+00:00,0.3,0.3,0.231,0.234,25.8,87,968.8,10.8
JMU_TWI_04,2023-06-29 02:00:00+00:00,0.0,0.0,0.231,0.234,27.3,81,968.4,5.6
JMU_TWI_04,2023-06-29 03:00:00+00:00,0.0,0.0,0.23,0.233,29.1,74,968.3,2.9
JMU_TWI_04,2023-06-29 04:00:00+00:00,0.0,0.0,0.228,0.232,30.9,63,967.8,3.3
JMU_TWI_04,2023-06-29 05:00:00+00:00,0.0,0.0,0.226,0.231,32.0,60,967.8,5.5
JMU_TWI_04,2023-06-29 06:00:00+00:00,0.0,0.0,0.223,0.23,32.7,58,967.8,7.6
JMU_TWI_04,2023-06-29 07:00:00+00:00,0.0,0.0,0.219,0.228,33.1,57,967.4,6.6
JMU_TWI_04,2023-06-29 08:00:00+00:00,0.0,0.0,0.216,0.226,33.6,54,966.6,2.5
JMU_TWI_04,2023-06-29 09:00:00+00:00,0.0,0.0,0.214,0.225,33.5,54,966.0,6.5
JMU_TWI_04,2023-06-29 10:00:00+00:00,0.4,0.4,0.215,0.224,32.8,57,965.3,10.2
JMU_TWI_04,2023-06-29 11:00:00+00:00,0.0,0.0,0.213,0.223,32.2,61,964.8,9.6
JMU_TWI_04,2023-06-29 12:00:00+00:00,0.0,0.0,0.228,0.225,31.0,68,964.0,4.8
JMU_TWI_04,2023-06-29 13:00:00+00:00,0.0,0.0,0.227,0.225,30.7,70,964.0,1.8
JMU_TWI_04,2023-06-29 14:00:00+00:00,0.0,0.0,0.227,0.224,29.2,83,964.0,2.9
JMU_TWI_04,2023-06-29 15:00:00+00:00,0.0,0.0,0.226,0.224,28.5,80,964.4,4.4
JMU_TWI_04,2023-06-29 16:00:00+00:00,0.0,0.0,0.226,0.224,28.3,80,965.4,6.8
JMU_TWI_04,2023-06-29 17:00:00+00:00,0.0,0.0,0.226,0.224,28.5,78,966.1,9.8
JMU_TWI_04,2023-06-29 18:00:00+00:00,0.0,0.0,0.226,0.224,26.8,74,966.6,12.4
JMU_TWI_04,2023-06-29 19:00:00+00:00,0.0,0.0,0.225,0.223,26.4,76,966.7,11.9
JMU_TWI_04,2023-06-29 20:00:00+00:00,0.0,0.0,0.225,0.223,26.3,78,966.3,7.8
JMU_TWI_04,2023-06-29 21:00:00+00:00,0.4,0.4,0.228,0.223,25.8,83,966.2,8.0
JMU_TWI_04,2023-06-29 22:00:00+00:00,3.7,3.7,0.276,0.223,22.0,91,966.8,15.9
JMU_TWI_04,2023-06-29 23:00:00+00:00,0.8,0.8,0.281,0.225,23.1,91,966.3,8.2
JMU_TWI_04,2023-06-30 00:00:00+00:00,0.0,0.0,0.22,0.222,25.5,89,965.4,5.6
JMU_TWI_04,2023-06-30 01:00:00+00:00,0.0,0.0,0.219,0.222,26.7,86,966.2,6.8
JMU_TWI_04,2023-06-30 02:00:00+00:00,0.0,0.0,0.219,0.221,28.1,81,966.9,9.7
JMU_TWI_04,2023-06-30 03:00:00+00:00,0.0,0.0,0.219,0.221,28.6,74,966.2,6.6
JMU_TWI_04,2023-06-30 04:00:00+00:00,0.0,0.0,0.217,0.22,30.6,67,966.4,2.0
JMU_TWI_04,2023-06-30 05:00:00+00:00,0.0,0.0,0.215,0.219,31.7,64,966.7,6.0
JMU_TWI_04,2023-06-30 06:00:00+00:00,0.0,0.0,0.212,0.218,32.5,61,966.6,6.3
JMU_TWI_04,2023-06-30 07:00:00+00:00,0.3,0.3,0.212,0.217,32.9,58,966.4,6.2
JMU_TWI_04,2023-06-30 08:00:00+00:00,0.0,0.0,0.209,0.216,33.2,58,965.6,6.4
JMU_TWI_04,2023-06-30 09:00:00+00:00,0.0,0.0,0.207,0.214,33.5,55,964.6,6.1
JMU_TWI_04,2023-06-30 10:00:00+00:00,0.0,0.0,0.204,0.213,33.6,53,963.7,8.4
JMU_TWI_04,2023-06-30 11:00:00+00:00,0.0,0.0,0.202,0.212,33.5,52,962.7,8.2
JMU_TWI_04,2023-06-30 12:00:00+00:00,0.0,0.0,0.212,0.215,31.3,65,963.0,8.4
JMU_TWI_04,2023-06-30 13:00:00+00:00,0.0,0.0,0.211,0.215,30.4,70,962.7,6.4
JMU_TWI_04,2023-06-30 14:00:00+00:00,0.0,0.0,0.21,0.215,29.2,77,963.0,3.5
JMU_TWI_04,2023-06-30 15:00:00+00:00,0.0,0.0,0.21,0.215,28.5,75,963.6,2.9
JMU_TWI_04,2023-06-30 16:00:00+00:00,0.0,0.0,0.21,0.214,27.4,81,964.4,4.3
JMU_TWI_04,2023-06-30 17:00:00+00:00,0.0,0.0,0.21,0.214,27.1,84,965.1,6.9
JMU_TWI_04,2023-06-30 18:00:00+00:00,0.0,0.0,0.21,0.214,26.8,85,965.3,7.8
JMU_TWI_04,2023-06-30 19:00:00+00:00,0.0,0.0,0.21,0.214,26.4,88,965.6,5.7
JMU_TWI_04,2023-06-30 20:00:00+00:00,0.0,0.0,0.21,0.214,26.1,89,965.4,4.8
JMU_TWI_04,2023-06-30 21:00:00+00:00,0.0,0.0,0.21,0.214,25.8,90,965.5,3.6
JMU_TWI_04,2023-06-30 22:00:00+00:00,0.0,0.0,0.21,0.214,25.4,92,965.5,2.1
JMU_TWI_04,2023-06-30 23:00:00+00:00,0.0,0.0,0.21,0.214,25.1,92,965.8,2.0
JMU_TWI_04,2023-07-01 00:00:00+00:00,0.0,0.0,0.209,0.213,25.0,90,965.5,5.8
JMU_TWI_04,2023-07-01 01:00:00+00:00,0.0,0.0,0.209,0.213,26.0,86,965.5,7.8
JMU_TWI_04,2023-07-01 02:00:00+00:00,0.0,0.0,0.209,0.213,27.7,82,966.0,10.0
JMU_TWI_04,2023-07-01 03:00:00+00:00,0.0,0.0,0.208,0.213,28.2,75,966.7,9.6
JMU_TWI_04,2023-07-01 04:00:00+00:00,0.0,0.0,0.206,0.212,29.5,70,967.4,9.4
JMU_TWI_04,2023-07-01 05:00:00+00:00,0.0,0.0,0.204,0.211,30.8,66,967.3,8.8
JMU_TWI_04,2023-07-01 06:00:00+00:00,0.0,0.0,0.202,0.21,31.9,63,967.1,8.3
JMU_TWI_04,2023-07-01 07:00:00+00:00,0.0,0.0,0.199,0.208,32.5,61,966.8,6.8
JMU_TWI_04,2023-07-01 08:00:00+00:00,0.0,0.0,0.196,0.207,33.2,58,966.0,2.3
JMU_TWI_04,2023-07-01 09:00:00+00:00,0.0,0.0,0.193,0.206,33.7,54,965.2,2.1
JMU_TWI_04,2023-07-01 10:00:00+00:00,0.0,0.0,0.191,0.205,34.0,53,964.7,4.6
JMU_TWI_04,2023-07-01 11:00:00+00:00,0.0,0.0,0.189,0.204,34.0,54,964.3,6.2
JMU_TWI_04,2023-07-01 12:00:00+00:00,0.0,0.0,0.189,0.204,32.9,57,964.7,4.7
JMU_TWI_04,2023-07-01 13:00:00+00:00,0.0,0.0,0.188,0.204,32.2,62,964.8,2.2
JMU_TWI_04,2023-07-01 14:00:00+00:00,0.0,0.0,0.188,0.203,31.3,63,964.8,1.5
JMU_TWI_04,2023-07-01 15:00:00+00:00,0.0,0.0,0.188,0.203,29.1,77,964.8,4.9
JMU_TWI_04,2023-07-01 16:00:00+00:00,0.0,0.0,0.188,0.203,28.5,78,966.0,4.3
JMU_TWI_04,2023-07-01 17:00:00+00:00,0.0,0.0,0.188,0.203,28.4,77,966.7,7.0
JMU_TWI_04,2023-07-01 18:00:00+00:00,0.0,0.0,0.188,0.203,28.1,78,967.1,7.6
JMU_TWI_04,2023-07-01 19:00:00+00:00,0.0,0.0,0.188,0.203,27.7,79,967.6,6.4
JMU_TWI_04,2023-07-01 20:00:00+00:00,0.0,0.0,0.188,0.203,27.6,79,967.4,7.2
JMU_TWI_04,2023-07-01 21:00:00+00:00,1.0,1.0,0.199,0.202,25.9,87,968.2,19.9
JMU_TWI_04,2023-07-01 22:00:00+00:00,0.1,0.1,0.2,0.202,25.0,81,967.4,9.4
JMU_TWI_04,2023-07-01 23:00:00+00:00,0.2,0.2,0.202,0.202,24.6,84,967.6,6.8
JMU_TWI_04,2023-07-02 00:00:00+00:00,0.0,0.0,0.206,0.202,24.3,89,968.2,5.4
JMU_TWI_04,2023-07-02 01:00:00+00:00,0.0,0.0,0.206,0.202,25.1,83,967.8,8.3
JMU_TWI_04,2023-07-02 02:00:00+00:00,0.0,0.0,0.206,0.202,26.5,78,967.9,6.1
JMU_TWI_04,2023-07-02 03:00:00+00:00,0.0,0.0,0.205,0.202,28.2,73,968.5,5.0
JMU_TWI_04,2023-07-02 04:00:00+00:00,0.0,0.0,0.203,0.201,29.6,66,968.1,5.1
JMU_TWI_04,2023-07-02 05:00:00+00:00,0.0,0.0,0.201,0.2,31.0,62,967.6,6.5
JMU_TWI_04,2023-07-02 06:00:00+00:00,0.0,0.0,0.198,0.199,32.1,60,967.1,8.9
JMU_TWI_04,2023-07-02 07:00:00+00:00,0.0,0.0,0.195,0.198,33.0,58,966.5,9.2
JMU_TWI_04,2023-07-02 08:00:00+00:00,0.0,0.0,0.192,0.196,33.7,55,965.6,8.8
JMU_TWI_04,2023-07-02 09:00:00+00:00,0.0,0.0,0.189,0.195,34.1,52,965.0,8.4
JMU_TWI_04,2023-07-02 10:00:00+00:00,0.0,0.0,0.186,0.194,34.2,52,964.3,7.2
JMU_TWI_04,2023-07-02 11:00:00+00:00,0.0,0.0,0.184,0.193,34.1,52,964.0,5.2
JMU_TWI_04,2023-07-02 12:00:00+00:00,0.0,0.0,0.182,0.193,33.7,56,964.8,6.5
JMU_TWI_04,2023-07-02 13:00:00+00:00,0.0,0.0,0.181,0.192,32.1,65,964.6,12.1
JMU_TWI_04,2023-07-02 14:00:00+00:00,0.0,0.0,0.181,0.192,30.7,67,964.6,10.9
JMU_TWI_04,2023-07-02 15:00:00+00:00,0.0,0.0,0.181,0.192,29.9,69,964.8,9.6
JMU_TWI_04,2023-07-02 16:00:00+00:00,0.0,0.0,0.181,0.192,29.4,71,965.3,7.6
JMU_TWI_04,2023-07-02 17:00:00+00:00,0.0,0.0,0.181,0.192,29.1,73,966.1,7.3
JMU_TWI_04,2023-07-02 18:00:00+00:00,0.0,0.0,0.181,0.192,28.7,76,966.2,6.2
JMU_TWI_04,2023-07-02 19:00:00+00:00,0.0,0.0,0.18,0.192,28.3,79,966.6,5.8
JMU_TWI_04,2023-07-02 20:00:00+00:00,0.0,0.0,0.18,0.192,28.1,80,966.4,7.1
JMU_TWI_04,2023-07-02 21:00:00+00:00,0.0,0.0,0.18,0.191,27.8,80,966.6,6.9
JMU_TWI_04,2023-07-02 22:00:00+00:00,0.0,0.0,0.18,0.191,27.2,81,966.8,8.9
JMU_TWI_04,2023-07-02 23:00:00+00:00,0.7,0.7,0.186,0.191,26.0,85,967.1,12.5
JMU_TWI_04,2023-07-03 00:00:00+00:00,0.6,0.6,0.215,0.19,25.8,94,966.8,8.1
JMU_TWI_04,2023-07-03 01:00:00+00:00,0.0,0.0,0.215,0.19,26.9,84,967.2,8.3
JMU_TWI_04,2023-07-03 02:00:00+00:00,0.0,0.0,0.214,0.19,27.7,82,967.4,3.7
JMU_TWI_04,2023-07-03 03:00:00+00:00,0.0,0.0,0.213,0.19,29.4,73,967.4,4.4
JMU_TWI_04,2023-07-03 04:00:00+00:00,0.0,0.0,0.211,0.189,31.4,64,967.7,2.9
JMU_TWI_04,2023-07-03 05:00:00+00:00,0.0,0.0,0.208,0.188,32.9,60,967.5,7.6
JMU_TWI_04,2023-07-03 06:00:00+00:00,0.0,0.0,0.205,0.187,33.9,59,966.9,7.8
JMU_TWI_04,2023-07-03 07:00:00+00:00,0.0,0.0,0.202,0.186,34.5,59,966.5,5.4
JMU_TWI_04,2023-07-03 08:00:00+00:00,0.0,0.0,0.198,0.185,35.2,57,965.6,4.4
JMU_TWI_04,2023-07-03 09:00:00+00:00,0.0,0.0,0.195,0.184,35.6,55,964.8,8.4
JMU_TWI_04,2023-07-03 10:00:00+00:00,0.0,0.0,0.192,0.183,35.6,54,964.1,7.1
JMU_TWI_04,2023-07-03 11:00:00+00:00,0.0,0.0,0.19,0.182,35.5,54,963.6,4.0
JMU_TWI_04,2023-07-03 12:00:00+00:00,0.0,0.0,0.213,0.185,29.0,83,964.4,12.3
JMU_TWI_04,2023-07-03 13:00:00+00:00,0.1,0.1,0.213,0.185,29.3,81,964.2,4.0
JMU_TWI_04,2023-07-03 14:00:00+00:00,0.0,0.0,0.212,0.185,29.1,84,963.9,5.0
JMU_TWI_04,2023-07-03 15:00:00+00:00,0.0,0.0,0.212,0.185,29.0,86,964.3,6.2
JMU_TWI_04,2023-07-03 16:00:00+00:00,0.0,0.0,0.211,0.185,28.9,86,964.6,4.8
JMU_TWI_04,2023-07-03 17:00:00+00:00,0.0,0.0,0.211,0.185,28.9,85,964.9,6.7
JMU_TWI_04,2023-07-03 18:00:00+00:00,0.0,0.0,0.21,0.185,28.7,84,964.9,5.2
JMU_TWI_04,2023-07-03 19:00:00+00:00,0.0,0.0,0.21,0.185,28.1,85,965.0,10.5
JMU_TWI_04,2023-07-03 20:00:00+00:00,0.0,0.0,0.21,0.185,27.6,80,964.8,12.7
JMU_TWI_04,2023-07-03 21:00:00+00:00,1.4,1.4,0.226,0.185,27.0,79,964.4,6.6
JMU_TWI_04,2023-07-03 22:00:00+00:00,2.3,2.3,0.254,0.186,24.5,92,964.7,12.5
JMU_TWI_04,2023-07-03 23:00:00+00:00,0.0,0.0,0.251,0.187,25.1,85,965.1,7.7
JMU_TWI_04,2023-07-04 00:00:00+00:00,0.5,0.5,0.316,0.207,24.6,89,964.6,10.4
JMU_TWI_04,2023-07-04 01:00:00+00:00,0.0,0.0,0.3,0.212,25.0,87,964.4,10.1
JMU_TWI_04,2023-07-04 02:00:00+00:00,0.0,0.0,0.29,0.215,26.7,85,964.8,9.4
JMU_TWI_04,2023-07-04 03:00:00+00:00,0.0,0.0,0.282,0.217,29.3,74,964.9,6.2
JMU_TWI_04,2023-07-04 04:00:00+00:00,0.0,0.0,0.276,0.218,31.3,67,965.0,10.5
JMU_TWI_04,2023-07-04 05:00:00+00:00,0.0,0.0,0.269,0.218,32.3,64,965.6,10.3
JMU_TWI_04,2023-07-04 06:00:00+00:00,0.0,0.0,0.264,0.218,32.4,64,965.9,8.1
JMU_TWI_04,2023-07-04 07:00:00+00:00,0.1,0.1,0.259,0.217,33.4,61,965.8,6.0
JMU_TWI_04,2023-07-04 08:00:00+00:00,0.5,0.5,0.259,0.218,31.4,69,965.2,6.8
JMU_TWI_04,2023-07-04 09:00:00+00:00,0.1,0.1,0.256,0.218,31.4,69,963.6,5.5
JMU_TWI_04,2023-07-04 10:00:00+00:00,0.0,0.0,0.252,0.217,32.4,66,962.9,7.6
JMU_TWI_04,2023-07-04 11:00:00+00:00,0.0,0.0,0.249,0.217,32.2,67,962.8,5.8
JMU_TWI_04,2023-07-04 12:00:00+00:00,0.0,0.0,0.277,0.238,31.4,70,963.0,5.1
JMU_TWI_04,2023-07-04 13:00:00+00:00,0.0,0.0,0.273,0.238,30.4,73,963.5,11.8
JMU_TWI_04,2023-07-04 14:00:00+00:00,0.0,0.0,0.27,0.239,28.5,77,963.1,10.6
JMU_TWI_04,2023-07-04 15:00:00+00:00,0.0,0.0,0.268,0.239,27.8,75,963.2,10.7
JMU_TWI_04,2023-07-04 16:00:00+00:00,0.0,0.0,0.266,0.239,27.4,77,963.7,7.6
JMU_TWI_04,2023-07-04 17:00:00+00:00,0.0,0.0,0.264,0.24,27.3,79,964.0,7.6
JMU_TWI_04,2023-07-04 18:00:00+00:00,0.0,0.0,0.262,0.24,27.4,81,964.3,9.1
JMU_TWI_04,2023-07-04 19:00:00+00:00,0.0,0.0,0.26,0.24,27.9,81,964.0,13.1
JMU_TWI_04,2023-07-04 20:00:00+00:00,2.1,2.1,0.284,0.24,26.7,85,964.1,14.8
JMU_TWI_04,2023-07-04 21:00:00+00:00,3.4,3.4,0.323,0.242,25.6,95,964.3,11.0
JMU_TWI_04,2023-07-04 22:00:00+00:00,9.1,9.1,0.36,0.271,25.2,96,964.1,5.8
JMU_TWI_04,2023-07-04 23:00:00+00:00,4.9,4.9,0.366,0.291,25.4,95,963.9,3.3
JMU_TWI_04,2023-07-05 00:00:00+00:00,7.3,7.3,0.377,0.325,24.4,95,964.7,3.6
JMU_TWI_04,2023-07-05 01:00:00+00:00,1.6,1.6,0.357,0.333,24.7,97,965.2,8.0
JMU_TWI_04,2023-07-05 02:00:00+00:00,5.8,5.8,0.38,0.344,24.0,97,966.3,10.7
JMU_TWI_04,2023-07-05 03:00:00+00:00,5.5,5.5,0.378,0.357,24.2,95,966.5,13.8
JMU_TWI_04,2023-07-05 04:00:00+00:00,6.5,6.5,0.391,0.366,24.4,94,966.3,14.6
JMU_TWI_04,2023-07-05 05:00:00+00:00,5.4,5.4,0.378,0.37,24.7,93,966.7,9.7
JMU_TWI_04,2023-07-05 06:00:00+00:00,0.4,0.4,0.356,0.359,26.1,83,966.4,16.0
JMU_TWI_04,2023-07-05 07:00:00+00:00,0.2,0.2,0.343,0.349,27.6,75,966.6,21.0
JMU_TWI_04,2023-07-05 08:00:00+00:00,0.7,0.7,0.338,0.342,26.5,81,966.3,15.2
JMU_TWI_04,2023-07-05 09:00:00+00:00,4.7,4.7,0.383,0.34,25.5,93,966.1,11.0
JMU_TWI_04,2023-07-05 10:00:00+00:00,3.9,3.9,0.366,0.352,25.9,93,965.0,10.1
JMU_TWI_04,2023-07-05 11:00:00+00:00,0.5,0.5,0.35,0.348,26.9,88,964.0,8.3
JMU_TWI_04,2023-07-05 12:00:00+00:00,0.0,0.0,0.32,0.338,26.9,81,964.8,6.9
JMU_TWI_04,2023-07-05 13:00:00+00:00,0.0,0.0,0.316,0.334,26.5,82,964.8,4.5
JMU_TWI_04,2023-07-05 14:00:00+00:00,0.0,0.0,0.313,0.331,26.1,88,964.6,2.3
JMU_TWI_04,2023-07-05 15:00:00+00:00,0.0,0.0,0.311,0.328,25.2,90,965.0,3.3
JMU_TWI_04,2023-07-05 16:00:00+00:00,0.0,0.0,0.308,0.325,24.8,91,965.9,6.1
JMU_TWI_04,2023-07-05 17:00:00+00:00,0.0,0.0,0.306,0.323,24.6,91,966.5,7.7
JMU_TWI_04,2023-07-05 18:00:00+00:00,0.0,0.0,0.304,0.321,24.3,92,966.9,8.4
JMU_TWI_04,2023-07-05 19:00:00+00:00,0.0,0.0,0.302,0.319,24.0,94,967.3,7.8
JMU_TWI_04,2023-07-05 20:00:00+00:00,0.0,0.0,0.301,0.317,24.2,94,967.3,8.0
JMU_TWI_04,2023-07-05 21:00:00+00:00,0.0,0.0,0.299,0.315,24.7,89,967.1,8.2
JMU_TWI_04,2023-07-05 22:00:00+00:00,0.0,0.0,0.298,0.314,25.0,85,966.8,6.8
JMU_TWI_04,2023-07-05 23:00:00+00:00,0.0,0.0,0.296,0.312,24.5,86,967.2,5.5
JMU_TWI_04,2023-07-06 00:00:00+00:00,0.0,0.0,0.299,0.306,24.4,85,967.8,9.1
JMU_TWI_04,2023-07-06 01:00:00+00:00,0.3,0.3,0.299,0.305,24.1,87,967.8,14.3
JMU_TWI_04,2023-07-06 02:00:00+00:00,0.3,0.3,0.299,0.304,24.9,84,967.9,3.6
JMU_TWI_04,2023-07-06 03:00:00+00:00,0.0,0.0,0.297,0.303,26.8,79,968.6,1.1
JMU_TWI_04,2023-07-06 04:00:00+00:00,0.0,0.0,0.294,0.302,28.4,73,969.1,5.1
JMU_TWI_04,2023-07-06 05:00:00+00:00,0.0,0.0,0.291,0.301,29.5,72,969.3,7.7
JMU_TWI_04,2023-07-06 06:00:00+00:00,0.0,0.0,0.288,0.299,29.9,72,968.9,11.0
JMU_TWI_04,2023-07-06 07:00:00+00:00,0.0,0.0,0.285,0.298,30.3,71,968.4,8.6
JMU_TWI_04,2023-07-06 08:00:00+00:00,0.0,0.0,0.283,0.297,30.1,71,967.9,7.3
JMU_TWI_04,2023-07-06 09:00:00+00:00,0.0,0.0,0.282,0.296,30.2,71,967.3,4.0
JMU_TWI_04,2023-07-06 10:00:00+00:00,0.0,0.0,0.28,0.294,30.1,72,966.8,1.6
JMU_TWI_04,2023-07-06 11:00:00+00:00,0.0,0.0,0.278,0.293,30.7,69,966.1,0.8
JMU_TWI_04,2023-07-06 12:00:00+00:00,0.0,0.0,0.288,0.296,30.2,68,966.4,14.4
JMU_TWI_04,2023-07-06 13:00:00+00:00,0.0,0.0,0.286,0.296,28.8,75,966.9,10.4
JMU_TWI_04,2023-07-06 14:00:00+00:00,0.0,0.0,0.285,0.295,27.4,87,967.3,3.3
JMU_TWI_04,2023-07-06 15:00:00+00:00,0.0,0.0,0.284,0.294,26.6,85,967.7,8.0
JMU_TWI_04,2023-07-06 16:00:00+00:00,0.0,0.0,0.283,0.294,26.1,86,968.3,7.9
JMU_TWI_04,2023-07-06 17:00:00+00:00,0.0,0.0,0.282,0.293,26.0,86,968.6,7.4
JMU_TWI_04,2023-07-06 18:00:00+00:00,0.0,0.0,0.281,0.293,26.0,86,968.5,6.5
JMU_TWI_04,2023-07-06 19:00:00+00:00,0.0,0.0,0.281,0.292,25.6,88,968.6,4.7
JMU_TWI_04,2023-07-06 20:00:00+00:00,0.0,0.0,0.28,0.291,25.3,90,968.2,4.0
JMU_TWI_04,2023-07-06 21:00:00+00:00,0.0,0.0,0.279,0.291,25.0,91,967.8,3.6
JMU_TWI_04,2023-07-06 22:00:00+00:00,0.0,0.0,0.279,0.29,24.5,93,967.1,3.4
JMU_TWI_04,2023-07-06 23:00:00+00:00,0.0,0.0,0.278,0.29,24.7,91,966.6,6.2
JMU_TWI_04,2023-07-07 00:00:00+00:00,1.4,1.4,0.276,0.287,25.3,84,968.9,11.9
JMU_TWI_04,2023-07-07 01:00:00+00:00,0.5,0.5,0.279,0.287,25.4,79,969.6,7.7
JMU_TWI_04,2023-07-07 02:00:00+00:00,3.5,3.5,0.318,0.289,23.6,88,970.3,15.6
JMU_TWI_04,2023-07-07 03:00:00+00:00,0.7,0.7,0.316,0.291,24.6,90,969.4,11.3
JMU_TWI_04,2023-07-07 04:00:00+00:00,1.3,1.3,0.319,0.293,27.7,81,970.2,3.9
JMU_TWI_04,2023-07-07 05:00:00+00:00,1.5,1.5,0.325,0.295,25.9,78,970.7,26.0
JMU_TWI_04,2023-07-07 06:00:00+00:00,0.0,0.0,0.315,0.296,29.9,58,969.9,15.6
JMU_TWI_04,2023-07-07 07:00:00+00:00,0.0,0.0,0.307,0.296,31.3,53,969.4,11.4
JMU_TWI_04,2023-07-07 08:00:00+00:00,0.0,0.0,0.301,0.295,32.5,50,968.3,5.2
JMU_TWI_04,2023-07-07 09:00:00+00:00,0.0,0.0,0.297,0.295,31.9,53,967.3,5.7
JMU_TWI_04,2023-07-07 10:00:00+00:00,0.0,0.0,0.292,0.294,32.4,52,966.7,7.1
JMU_TWI_04,2023-07-07 11:00:00+00:00,0.0,0.0,0.289,0.293,32.4,51,966.3,8.1
JMU_TWI_04,2023-07-07 12:00:00+00:00,0.0,0.0,0.303,0.32,31.1,60,966.3,10.1
JMU_TWI_04,2023-07-07 13:00:00+00:00,0.0,0.0,0.301,0.318,30.4,71,965.4,3.0
JMU_TWI_04,2023-07-07 14:00:00+00:00,0.0,0.0,0.299,0.317,28.5,77,965.7,4.3
JMU_TWI_04,2023-07-07 15:00:00+00:00,0.0,0.0,0.298,0.315,27.7,77,967.0,4.3
JMU_TWI_04,2023-07-07 16:00:00+00:00,0.0,0.0,0.297,0.314,26.5,82,968.0,3.8
JMU_TWI_04,2023-07-07 17:00:00+00:00,0.0,0.0,0.295,0.312,26.7,80,968.9,5.1
JMU_TWI_04,2023-07-07 18:00:00+00:00,0.0,0.0,0.294,0.311,26.6,79,969.4,6.2
JMU_TWI_04,2023-07-07 19:00:00+00:00,0.0,0.0,0.293,0.31,26.7,79,969.1,6.5
JMU_TWI_04,2023-07-07 20:00:00+00:00,0.0,0.0,0.292,0.309,26.5,79,969.0,6.8
JMU_TWI_04,2023-07-07 21:00:00+00:00,0.0,0.0,0.291,0.308,26.3,79,968.4,6.5
JMU_TWI_04,2023-07-07 22:00:00+00:00,0.0,0.0,0.29,0.306,26.0,81,968.6,9.7
JMU_TWI_04,2023-07-07 23:00:00+00:00,0.0,0.0,0.289,0.305,25.1,86,967.6,4.9
JMU_TWI_04,2023-07-08 00:00:00+00:00,0.0,0.0,0.351,0.362,24.4,94,968.5,5.4
JMU_TWI_04,2023-07-08 01:00:00+00:00,11.1,11.1,0.401,0.384,24.1,97,969.4,13.4
JMU_TWI_04,2023-07-08 02:00:00+00:00,3.8,3.8,0.363,0.38,24.9,95,969.6,4.3
JMU_TWI_04,2023-07-08 03:00:00+00:00,0.0,0.0,0.347,0.368,25.8,89,969.4,10.1
JMU_TWI_04,2023-07-08 04:00:00+00:00,0.0,0.0,0.337,0.36,27.8,77,970.0,9.0
JMU_TWI_04,2023-07-08 05:00:00+00:00,0.1,0.1,0.331,0.354,26.2,81,970.5,13.9
JMU_TWI_04,2023-07-08 06:00:00+00:00,0.3,0.3,0.328,0.349,27.5,77,969.9,14.8
JMU_TWI_04,2023-07-08 07:00:00+00:00,0.3,0.3,0.325,0.345,27.6,76,969.6,11.2
JMU_TWI_04,2023-07-08 08:00:00+00:00,1.8,1.8,0.337,0.343,27.0,90,968.7,9.3
JMU_TWI_04,2023-07-08 09:00:00+00:00,4.9,4.9,0.375,0.347,26.3,92,969.0,12.6
JMU_TWI_04,2023-07-08 10:00:00+00:00,3.6,3.6,0.379,0.356,25.7,85,968.8,7.1
JMU_TWI_04,2023-07-08 11:00:00+00:00,0.5,0.5,0.355,0.357,25.5,93,968.3,6.6
JMU_TWI_04,2023-07-08 12:00:00+00:00,0.6,0.6,0.363,0.363,25.5,90,968.3,5.7
JMU_TWI_04,2023-07-08 13:00:00+00:00,1.3,1.3,0.36,0.361,25.2,94,968.4,4.3
JMU_TWI_04,2023-07-08 14:00:00+00:00,0.9,0.9,0.355,0.358,24.6,94,968.1,6.4
JMU_TWI_04,2023-07-08 15:00:00+00:00,0.4,0.4,0.346,0.356,24.4,95,968.4,5.1
JMU_TWI_04,2023-07-08 16:00:00+00:00,0.1,0.1,0.337,0.352,24.4,96,969.5,4.3
JMU_TWI_04,2023-07-08 17:00:00+00:00,0.0,0.0,0.33,0.349,24.5,91,969.5,5.6
JMU_TWI_04,2023-07-08 18:00:00+00:00,0.0,0.0,0.325,0.346,24.3,90,969.4,7.5
JMU_TWI_04,2023-07-08 19:00:00+00:00,0.0,0.0,0.322,0.343,24.3,89,968.4,5.2
JMU_TWI_04,2023-07-08 20:00:00+00:00,0.0,0.0,0.318,0.34,24.2,90,967.1,4.8
JMU_TWI_04,2023-07-08 21:00:00+00:00,0.0,0.0,0.316,0.338,23.9,92,966.2,3.8
JMU_TWI_04,2023-07-08 22:00:00+00:00,0.0,0.0,0.313,0.335,23.5,96,966.5,3.4
JMU_TWI_04,2023-07-08 23:00:00+00:00,0.0,0.0,0.311,0.333,22.9,99,967.2,4.5
JMU_TWI_04,2023-07-09 00:00:00+00:00,0.0,0.0,0.309,0.332,23.3,95,966.7,5.8
JMU_TWI_04,2023-07-09 01:00:00+00:00,0.0,0.0,0.308,0.33,24.2,92,966.8,8.2
JMU_TWI_04,2023-07-09 02:00:00+00:00,0.0,0.0,0.306,0.328,25.1,88,967.3,7.1
JMU_TWI_04,2023-07-09 03:00:00+00:00,0.0,0.0,0.304,0.327,26.0,82,967.8,8.1
JMU_TWI_04,2023-07-09 04:00:00+00:00,0.0,0.0,0.302,0.325,27.1,77,968.0,4.3
JMU_TWI_04,2023-07-09 05:00:00+00:00,0.0,0.0,0.3,0.323,28.7,71,967.9,1.8
JMU_TWI_04,2023-07-09 06:00:00+00:00,0.0,0.0,0.297,0.32,29.1,69,968.2,11.5
JMU_TWI_04,2023-07-09 07:00:00+00:00,0.0,0.0,0.294,0.318,30.3,61,967.6,4.9
JMU_TWI_04,2023-07-09 08:00:00+00:00,0.0,0.0,0.291,0.316,31.0,53,967.4,13.0
JMU_TWI_04,2023-07-09 09:00:00+00:00,0.0,0.0,0.289,0.313,29.7,55,966.9,14.5
JMU_TWI_04,2023-07-09 10:00:00+00:00,0.0,0.0,0.287,0.311,28.5,61,966.6,13.2
JMU_TWI_04,2023-07-09 11:00:00+00:00,0.0,0.0,0.285,0.309,28.1,67,966.1,14.6
JMU_TWI_04,2023-07-09 12:00:00+00:00,0.0,0.0,0.282,0.306,28.1,64,966.9,12.4
JMU_TWI_04,2023-07-09 13:00:00+00:00,0.0,0.0,0.281,0.304,26.9,66,967.0,14.8
JMU_TWI_04,2023-07-09 14:00:00+00:00,0.0,0.0,0.281,0.303,25.7,67,967.4,11.2
JMU_TWI_04,2023-07-09 15:00:00+00:00,0.0,0.0,0.281,0.302,24.4,72,967.9,5.9
JMU_TWI_04,2023-07-09 16:00:00+00:00,0.0,0.0,0.28,0.301,24.6,74,968.8,5.1
JMU_TWI_04,2023-07-09 17:00:00+00:00,0.0,0.0,0.28,0.299,25.0,77,968.8,4.3
JMU_TWI_04,2023-07-09 18:00:00+00:00,0.0,0.0,0.28,0.298,24.5,82,968.7,6.8
JMU_TWI_04,2023-07-09 19:00:00+00:00,0.0,0.0,0.279,0.297,24.6,79,968.8,8.3
JMU_TWI_04,2023-07-09 20:00:00+00:00,0.0,0.0,0.279,0.296,24.8,80,968.3,9.3
JMU_TWI_04,2023-07-09 21:00:00+00:00,0.0,0.0,0.279,0.295,24.4,81,968.0,6.6
JMU_TWI_04,2023-07-09 22:00:00+00:00,0.0,0.0,0.278,0.295,24.1,82,967.8,5.2
JMU_TWI_04,2023-07-09 23:00:00+00:00,0.0,0.0,0.278,0.294,23.6,85,968.6,1.5
JMU_TWI_04,2023-07-10 00:00:00+00:00,0.0,0.0,0.272,0.288,22.8,95,968.6,3.2
JMU_TWI_04,2023-07-10 01:00:00+00:00,0.2,0.2,0.274,0.288,23.5,93,968.5,8.7
JMU_TWI_04,2023-07-10 02:00:00+00:00,0.1,0.1,0.274,0.287,24.3,89,968.5,7.8
JMU_TWI_04,2023-07-10 03:00:00+00:00,0.0,0.0,0.273,0.286,26.0,85,968.4,3.6
JMU_TWI_04,2023-07-10 04:00:00+00:00,0.0,0.0,0.271,0.285,27.4,79,968.9,2.2
JMU_TWI_04,2023-07-10 05:00:00+00:00,0.0,0.0,0.269,0.283,28.6,74,968.5,6.5
JMU_TWI_04,2023-07-10 06:00:00+00:00,0.0,0.0,0.267,0.282,29.4,72,968.8,5.6
JMU_TWI_04,2023-07-10 07:00:00+00:00,0.0,0.0,0.264,0.28,30.7,67,968.7,4.3
JMU_TWI_04,2023-07-10 08:00:00+00:00,0.0,0.0,0.261,0.278,31.6,63,968.3,3.3
JMU_TWI_04,2023-07-10 09:00:00+00:00,1.3,1.3,0.27,0.277,30.6,69,968.2,8.3
JMU_TWI_04,2023-07-10 10:00:00+00:00,0.0,0.0,0.267,0.276,31.0,67,967.5,8.5
JMU_TWI_04,2023-07-10 11:00:00+00:00,0.0,0.0,0.265,0.275,30.7,69,966.7,8.4
JMU_TWI_04,2023-07-10 12:00:00+00:00,0.0,0.0,0.257,0.271,30.5,70,966.7,4.3
JMU_TWI_04,2023-07-10 13:00:00+00:00,0.0,0.0,0.256,0.27,29.9,73,967.0,5.0
JMU_TWI_04,2023-07-10 14:00:00+00:00,0.0,0.0,0.255,0.27,28.3,79,967.3,8.7
JMU_TWI_04,2023-07-10 15:00:00+00:00,0.0,0.0,0.255,0.269,27.2,82,967.6,8.4
JMU_TWI_04,2023-07-10 16:00:00+00:00,0.0,0.0,0.255,0.269,26.4,86,968.1,6.0
JMU_TWI_04,2023-07-10 17:00:00+00:00,0.0,0.0,0.255,0.268,25.8,90,968.0,5.1
JMU_TWI_04,2023-07-10 18:00:00+00:00,0.0,0.0,0.255,0.268,25.3,92,967.9,4.0
JMU_TWI_04,2023-07-10 19:00:00+00:00,0.0,0.0,0.255,0.267,24.7,95,968.0,4.2
JMU_TWI_04,2023-07-10 20:00:00+00:00,0.0,0.0,0.255,0.267,25.0,94,968.1,1.4
JMU_TWI_04,2023-07-10 21:00:00+00:00,0.0,0.0,0.255,0.266,24.3,96,967.7,4.3
JMU_TWI_04,2023-07-10 22:00:00+00:00,0.0,0.0,0.255,0.266,24.1,97,967.4,5.2
JMU_TWI_04,2023-07-10 23:00:00+00:00,0.0,0.0,0.254,0.265,24.1,97,967.2,4.3
JMU_TWI_04,2023-07-11 00:00:00+00:00,0.0,0.0,0.25,0.262,25.3,91,967.8,4.8
JMU_TWI_04,2023-07-11 01:00:00+00:00,0.0,0.0,0.25,0.261,26.4,87,967.9,3.1
JMU_TWI_04,2023-07-11 02:00:00+00:00,0.0,0.0,0.25,0.261,27.5,85,968.1,2.1
JMU_TWI_04,2023-07-11 03:00:00+00:00,0.0,0.0,0.249,0.26,28.6,81,968.2,5.4
JMU_TWI_04,2023-07-11 04:00:00+00:00,0.0,0.0,0.247,0.259,29.8,76,968.3,8.7
JMU_TWI_04,2023-07-11 05:00:00+00:00,0.0,0.0,0.246,0.258,30.6,74,968.1,10.1
JMU_TWI_04,2023-07-11 06:00:00+00:00,0.0,0.0,0.244,0.257,31.4,70,968.2,9.8
JMU_TWI_04,2023-07-11 07:00:00+00:00,0.0,0.0,0.241,0.256,31.9,69,968.0,9.1
JMU_TWI_04,2023-07-11 08:00:00+00:00,0.0,0.0,0.239,0.254,32.5,66,967.5,7.6
JMU_TWI_04,2023-07-11 09:00:00+00:00,0.0,0.0,0.236,0.253,33.1,61,966.8,5.0
JMU_TWI_04,2023-07-11 10:00:00+00:00,0.0,0.0,0.234,0.251,33.7,57,966.1,3.8
JMU_TWI_04,2023-07-11 11:00:00+00:00,0.0,0.0,0.232,0.25,33.9,55,965.3,2.6
JMU_TWI_04,2023-07-11 12:00:00+00:00,0.0,0.0,0.229,0.249,33.1,56,965.9,1.9
JMU_TWI_04,2023-07-11 13:00:00+00:00,0.0,0.0,0.229,0.249,31.8,71,965.7,3.3
JMU_TWI_04,2023-07-11 14:00:00+00:00,0.0,0.0,0.229,0.248,30.0,77,965.8,6.9
JMU_TWI_04,2023-07-11 15:00:00+00:00,0.0,0.0,0.229,0.248,28.8,79,965.9,9.4
JMU_TWI_04,2023-07-11 16:00:00+00:00,0.0,0.0,0.229,0.248,28.0,81,966.5,8.4
JMU_TWI_04,2023-07-11 17:00:00+00:00,0.0,0.0,0.229,0.247,27.5,82,966.8,6.6
JMU_TWI_04,2023-07-11 18:00:00+00:00,0.0,0.0,0.23,0.247,26.8,86,967.0,3.2
JMU_TWI_04,2023-07-11 19:00:00+00:00,0.0,0.0,0.23,0.247,26.3,89,967.1,3.5
JMU_TWI_04,2023-07-11 20:00:00+00:00,0.0,0.0,0.23,0.247,26.4,88,966.9,4.7
JMU_TWI_04,2023-07-11 21:00:00+00:00,0.0,0.0,0.23,0.246,26.3,89,966.8,4.3
JMU_TWI_04,2023-07-11 22:00:00+00:00,0.0,0.0,0.23,0.246,25.9,90,966.5,3.7
JMU_TWI_04,2023-07-11 23:00:00+00:00,0.0,0.0,0.23,0.246,26.0,88,966.6,4.7
JMU_TWI_04,2023-07-12 00:00:00+00:00,0.0,0.0,0.232,0.243,24.2,90,967.1,7.4
JMU_TWI_04,2023-07-12 01:00:00+00:00,0.0,0.0,0.232,0.243,25.3,90,967.3,5.6
JMU_TWI_04,2023-07-12 02:00:00+00:00,0.0,0.0,0.232,0.243,26.5,86,967.5,1.1
JMU_TWI_04,2023-07-12 03:00:00+00:00,0.0,0.0,0.231,0.242,28.1,78,967.7,2.8
JMU_TWI_04,2023-07-12 04:00:00+00:00,0.0,0.0,0.23,0.241,29.4,74,967.7,4.8
JMU_TWI_04,2023-07-12 05:00:00+00:00,0.0,0.0,0.228,0.241,30.7,70,967.4,5.0
JMU_TWI_04,2023-07-12 06:00:00+00:00,0.0,0.0,0.225,0.239,31.9,66,967.0,8.5
JMU_TWI_04,2023-07-12 07:00:00+00:00,0.0,0.0,0.223,0.238,32.6,65,966.6,8.9
JMU_TWI_04,2023-07-12 08:00:00+00:00,0.0,0.0,0.22,0.237,33.0,64,965.9,9.4
JMU_TWI_04,2023-07-12 09:00:00+00:00,0.0,0.0,0.218,0.236,33.2,64,965.4,8.9
JMU_TWI_04,2023-07-12 10:00:00+00:00,0.0,0.0,0.216,0.235,33.1,65,965.0,8.0
JMU_TWI_04,2023-07-12 11:00:00+00:00,0.0,0.0,0.215,0.234,33.1,64,964.7,7.1
JMU_TWI_04,2023-07-12 12:00:00+00:00,0.8,0.8,0.244,0.236,32.4,68,965.2,6.5
JMU_TWI_04,2023-07-12 13:00:00+00:00,1.9,1.9,0.265,0.236,28.2,81,965.4,18.5
JMU_TWI_04,2023-07-12 14:00:00+00:00,0.0,0.0,0.263,0.236,27.2,84,965.8,10.5
JMU_TWI_04,2023-07-12 15:00:00+00:00,0.0,0.0,0.261,0.237,26.6,85,966.2,8.7
JMU_TWI_04,2023-07-12 16:00:00+00:00,0.0,0.0,0.259,0.237,26.1,85,967.2,10.6
JMU_TWI_04,2023-07-12 17:00:00+00:00,0.0,0.0,0.258,0.238,25.8,86,967.9,9.8
JMU_TWI_04,2023-07-12 18:00:00+00:00,0.0,0.0,0.257,0.238,25.8,85,968.0,8.8
JMU_TWI_04,2023-07-12 19:00:00+00:00,4.9,4.9,0.314,0.24,24.6,92,968.2,12.0
JMU_TWI_04,2023-07-12 20:00:00+00:00,3.6,3.6,0.348,0.246,24.7,90,967.6,4.5
JMU_TWI_04,2023-07-12 21:00:00+00:00,0.1,0.1,0.321,0.255,24.6,93,966.7,7.0
JMU_TWI_04,2023-07-12 22:00:00+00:00,0.0,0.0,0.308,0.258,24.4,95,966.7,6.2
JMU_TWI_04,2023-07-12 23:00:00+00:00,0.0,0.0,0.301,0.261,24.1,97,966.6,3.6
JMU_TWI_04,2023-07-13 00:00:00+00:00,0.0,0.0,0.245,0.235,24.5,90,966.2,7.9
JMU_TWI_04,2023-07-13 01:00:00+00:00,0.1,0.1,0.245,0.235,25.5,89,966.7,3.3
JMU_TWI_04,2023-07-13 02:00:00+00:00,0.0,0.0,0.244,0.235,26.9,88,967.2,0.7
JMU_TWI_04,2023-07-13 03:00:00+00:00,0.0,0.0,0.243,0.235,28.7,78,967.7,2.3
JMU_TWI_04,2023-07-13 04:00:00+00:00,0.0,0.0,0.242,0.235,30.0,72,968.3,3.9
JMU_TWI_04,2023-07-13 05:00:00+00:00,0.0,0.0,0.239,0.234,31.0,69,968.1,4.5
JMU_TWI_04,2023-07-13 06:00:00+00:00,0.0,0.0,0.236,0.233,31.8,66,968.1,6.3
JMU_TWI_04,2023-07-13 07:00:00+00:00,0.0,0.0,0.233,0.232,32.3,64,967.7,4.1
JMU_TWI_04,2023-07-13 08:00:00+00:00,0.0,0.0,0.23,0.231,32.6,62,966.8,2.6
JMU_TWI_04,2023-07-13 09:00:00+00:00,0.0,0.0,0.227,0.23,32.9,61,966.2,3.6
JMU_TWI_04,2023-07-13 10:00:00+00:00,0.0,0.0,0.225,0.229,33.1,60,965.4,4.6
JMU_TWI_04,2023-07-13 11:00:00+00:00,0.0,0.0,0.223,0.228,32.8,61,965.3,4.6
JMU_TWI_04,2023-07-13 12:00:00+00:00,0.0,0.0,0.236,0.228,31.7,62,965.8,3.9
JMU_TWI_04,2023-07-13 13:00:00+00:00,0.0,0.0,0.235,0.228,30.8,70,965.8,3.8
JMU_TWI_04,2023-07-13 14:00:00+00:00,0.0,0.0,0.235,0.228,29.2,81,965.6,5.4
JMU_TWI_04,2023-07-13 15:00:00+00:00,0.0,0.0,0.234,0.228,28.9,75,966.1,5.8
JMU_TWI_04,2023-07-13 16:00:00+00:00,0.0,0.0,0.234,0.228,27.7,80,966.9,5.0
JMU_TWI_04,2023-07-13 17:00:00+00:00,0.0,0.0,0.234,0.228,27.2,83,967.7,4.5
JMU_TWI_04,2023-07-13 18:00:00+00:00,0.0,0.0,0.233,0.228,26.7,86,968.0,5.6
JMU_TWI_04,2023-07-13 19:00:00+00:00,0.0,0.0,0.233,0.228,26.5,88,968.3,3.8
JMU_TWI_04,2023-07-13 20:00:00+00:00,0.0,0.0,0.233,0.228,26.2,89,968.2,3.3
JMU_TWI_04,2023-07-13 21:00:00+00:00,0.0,0.0,0.232,0.228,26.3,87,968.0,2.9
JMU_TWI_04,2023-07-13 22:00:00+00:00,0.0,0.0,0.232,0.228,26.4,86,967.9,9.8
JMU_TWI_04,2023-07-13 23:00:00+00:00,0.0,0.0,0.232,0.228,26.0,83,967.8,8.1
JMU_TWI_04,2023-07-14 00:00:00+00:00,0.0,0.0,0.229,0.229,24.1,92,968.8,10.0
JMU_TWI_04,2023-07-14 01:00:00+00:00,0.2,0.2,0.23,0.229,25.5,88,968.8,6.5
JMU_TWI_04,2023-07-14 02:00:00+00:00,0.1,0.1,0.23,0.229,26.9,88,968.6,6.7
JMU_TWI_04,2023-07-14 03:00:00+00:00,0.0,0.0,0.23,0.229,28.6,80,969.0,2.8
JMU_TWI_04,2023-07-14 04:00:00+00:00,0.0,0.0,0.228,0.228,30.2,72,969.3,2.1
JMU_TWI_04,2023-07-14 05:00:00+00:00,0.1,0.1,0.227,0.227,31.1,70,969.4,3.3
JMU_TWI_04,2023-07-14 06:00:00+00:00,0.1,0.1,0.225,0.227,31.9,67,969.3,6.1
JMU_TWI_04,2023-07-14 07:00:00+00:00,0.1,0.1,0.223,0.226,32.2,66,968.6,5.6
JMU_TWI_04,2023-07-14 08:00:00+00:00,0.1,0.1,0.221,0.225,32.7,64,968.0,3.6
JMU_TWI_04,2023-07-14 09:00:00+00:00,0.0,0.0,0.219,0.224,33.3,61,967.1,3.1
JMU_TWI_04,2023-07-14 10:00:00+00:00,0.0,0.0,0.217,0.223,33.2,60,966.1,2.9
JMU_TWI_04,2023-07-14 11:00:00+00:00,0.0,0.0,0.215,0.222,32.9,61,965.4,1.8
JMU_TWI_04,2023-07-14 12:00:00+00:00,0.0,0.0,0.213,0.222,32.2,63,966.0,2.9
JMU_TWI_04,2023-07-14 13:00:00+00:00,0.0,0.0,0.212,0.222,31.4,69,965.6,1.8
JMU_TWI_04,2023-07-14 14:00:00+00:00,0.0,0.0,0.212,0.222,29.9,82,965.7,5.0
JMU_TWI_04,2023-07-14 15:00:00+00:00,0.0,0.0,0.212,0.222,29.9,73,965.9,5.1
JMU_TWI_04,2023-07-14 16:00:00+00:00,0.0,0.0,0.212,0.222,29.9,70,966.5,2.7
JMU_TWI_04,2023-07-14 17:00:00+00:00,0.0,0.0,0.212,0.222,28.0,84,966.8,4.1
JMU_TWI_04,2023-07-14 18:00:00+00:00,0.0,0.0,0.212,0.222,27.9,83,967.5,6.4
JMU_TWI_04,2023-07-14 19:00:00+00:00,0.0,0.0,0.212,0.222,27.6,87,967.8,7.8
JMU_TWI_04,2023-07-14 20:00:00+00:00,0.5,0.5,0.216,0.222,27.3,88,967.7,6.2
JMU_TWI_04,2023-07-14 21:00:00+00:00,4.7,4.7,0.277,0.222,25.3,94,967.8,10.3
JMU_TWI_04,2023-07-14 22:00:00+00:00,0.1,0.1,0.274,0.224,25.2,95,967.1,9.6
JMU_TWI_04,2023-07-14 23:00:00+00:00,0.0,0.0,0.27,0.225,25.2,94,966.3,6.9
JMU_TWI_04,2023-07-15 00:00:00+00:00,0.0,0.0,0.287,0.225,24.5,92,967.2,13.1
JMU_TWI_04,2023-07-15 01:00:00+00:00,2.2,2.2,0.308,0.228,24.5,94,967.9,8.3
JMU_TWI_04,2023-07-15 02:00:00+00:00,0.1,0.1,0.298,0.231,25.6,90,968.0,7.9
JMU_TWI_04,2023-07-15 03:00:00+00:00,0.1,0.1,0.291,0.234,27.4,85,967.9,6.5
JMU_TWI_04,2023-07-15 04:00:00+00:00,0.0,0.0,0.284,0.235,29.4,77,967.8,6.0
JMU_TWI_04,2023-07-15 05:00:00+00:00,0.0,0.0,0.278,0.236,30.8,73,967.8,5.2
JMU_TWI_04,2023-07-15 06:00:00+00:00,0.0,0.0,0.272,0.236,31.9,70,967.1,6.5
JMU_TWI_04,2023-07-15 07:00:00+00:00,0.4,0.4,0.27,0.236,32.7,65,966.6,8.0
JMU_TWI_04,2023-07-15 08:00:00+00:00,0.4,0.4,0.269,0.236,32.5,68,965.8,7.3
JMU_TWI_04,2023-07-15 09:00:00+00:00,0.0,0.0,0.264,0.235,32.9,68,965.0,3.7
JMU_TWI_04,2023-07-15 10:00:00+00:00,0.4,0.4,0.263,0.235,33.2,64,964.2,2.5
JMU_TWI_04,2023-07-15 11:00:00+00:00,0.0,0.0,0.26,0.235,33.3,62,963.6,1.6
JMU_TWI_04,2023-07-15 12:00:00+00:00,0.0,0.0,0.279,0.239,30.9,76,964.5,3.3
JMU_TWI_04,2023-07-15 13:00:00+00:00,0.0,0.0,0.275,0.24,30.5,79,965.0,4.0
JMU_TWI_04,2023-07-15 14:00:00+00:00,0.0,0.0,0.272,0.241,29.2,86,965.1,4.8
JMU_TWI_04,2023-07-15 15:00:00+00:00,0.0,0.0,0.27,0.241,28.3,89,965.6,4.8
JMU_TWI_04,2023-07-15 16:00:00+00:00,0.0,0.0,0.268,0.242,27.8,91,966.3,4.5
JMU_TWI_04,2023-07-15 17:00:00+00:00,0.0,0.0,0.266,0.242,27.7,90,966.9,5.5
JMU_TWI_04,2023-07-15 18:00:00+00:00,0.0,0.0,0.264,0.243,27.6,90,967.4,6.5
JMU_TWI_04,2023-07-15 19:00:00+00:00,1.7,1.7,0.281,0.243,26.9,91,967.3,8.9
JMU_TWI_04,2023-07-15 20:00:00+00:00,6.7,6.7,0.347,0.252,25.2,98,967.3,6.8
JMU_TWI_04,2023-07-15 21:00:00+00:00,0.3,0.3,0.324,0.261,25.1,99,967.2,5.4
JMU_TWI_04,2023-07-15 22:00:00+00:00,1.5,1.5,0.33,0.266,24.7,97,967.5,3.7
JMU_TWI_04,2023-07-15 23:00:00+00:00,1.4,1.4,0.326,0.273,24.3,96,967.6,10.2
JMU_TWI_04,2023-07-16 00:00:00+00:00,0.2,0.2,0.302,0.269,25.4,94,967.1,7.1
JMU_TWI_04,2023-07-16 01:00:00+00:00,5.4,5.4,0.354,0.276,25.1,95,967.6,11.9
JMU_TWI_04,2023-07-16 02:00:00+00:00,5.4,5.4,0.37,0.295,25.7,92,968.3,12.4
JMU_TWI_04,2023-07-16 03:00:00+00:00,0.2,0.2,0.337,0.306,26.6,89,968.4,7.4
JMU_TWI_04,2023-07-16 04:00:00+00:00,0.1,0.1,0.325,0.308,28.5,79,968.7,8.6
JMU_TWI_04,2023-07-16 05:00:00+00:00,0.1,0.1,0.317,0.308,30.0,76,969.0,9.5
JMU_TWI_04,2023-07-16 06:00:00+00:00,0.2,0.2,0.312,0.308,31.1,73,968.4,10.2
JMU_TWI_04,2023-07-16 07:00:00+00:00,0.1,0.1,0.307,0.306,31.9,71,967.9,9.0
JMU_TWI_04,2023-07-16 08:00:00+00:00,9.1,9.1,0.393,0.315,31.2,73,967.4,9.7
JMU_TWI_04,2023-07-16 09:00:00+00:00,1.8,1.8,0.348,0.333,31.5,74,966.6,7.4
JMU_TWI_04,2023-07-16 10:00:00+00:00,0.2,0.2,0.336,0.333,32.3,69,966.1,4.2
JMU_TWI_04,2023-07-16 11:00:00+00:00,5.7,5.7,0.36,0.345,27.7,88,966.5,12.0
JMU_TWI_04,2023-07-16 12:00:00+00:00,0.1,0.1,0.308,0.306,30.6,72,966.3,5.7
JMU_TWI_04,2023-07-16 13:00:00+00:00,0.0,0.0,0.305,0.306,30.3,75,966.3,1.8
JMU_TWI_04,2023-07-16 14:00:00+00:00,0.0,0.0,0.302,0.305,28.6,86,965.7,3.6
JMU_TWI_04,2023-07-16 15:00:00+00:00,0.0,0.0,0.3,0.305,28.3,84,966.0,2.1
JMU_TWI_04,2023-07-16 16:00:00+00:00,0.0,0.0,0.298,0.304,27.5,89,966.5,2.3
JMU_TWI_04,2023-07-16 17:00:00+00:00,0.0,0.0,0.296,0.303,27.3,88,966.9,2.3
JMU_TWI_04,2023-07-16 18:00:00+00:00,0.0,0.0,0.294,0.303,27.0,89,967.6,3.9
JMU_TWI_04,2023-07-16 19:00:00+00:00,0.0,0.0,0.293,0.302,26.7,90,967.7,3.3
JMU_TWI_04,2023-07-16 20:00:00+00:00,0.0,0.0,0.291,0.301,26.4,90,967.4,3.8
JMU_TWI_04,2023-07-16 21:00:00+00:00,0.0,0.0,0.29,0.301,26.1,91,967.1,3.8
JMU_TWI_04,2023-07-16 22:00:00+00:00,0.0,0.0,0.289,0.3,25.8,92,966.8,3.3
JMU_TWI_04,2023-07-16 23:00:00+00:00,0.0,0.0,0.288,0.299,25.6,92,966.4,3.4
JMU_TWI_04,2023-07-17 00:00:00+00:00,0.0,0.0,0.282,0.297,26.3,90,966.3,4.3
JMU_TWI_04,2023-07-17 01:00:00+00:00,0.0,0.0,0.282,0.296,27.7,86,966.3,4.7
JMU_TWI_04,2023-07-17 02:00:00+00:00,0.0,0.0,0.281,0.296,29.5,81,967.3,3.4
JMU_TWI_04,2023-07-17 03:00:00+00:00,2.1,2.1,0.304,0.295,30.4,75,967.5,3.3
JMU_TWI_04,2023-07-17 04:00:00+00:00,1.2,1.2,0.312,0.296,30.6,73,967.5,5.6
JMU_TWI_04,2023-07-17 05:00:00+00:00,0.1,0.1,0.306,0.296,31.7,71,967.4,6.1
JMU_TWI_04,2023-07-17 06:00:00+00:00,0.1,0.1,0.3,0.295,32.5,68,966.9,8.1
JMU_TWI_04,2023-07-17 07:00:00+00:00,0.1,0.1,0.296,0.294,32.9,68,966.7,7.2
JMU_TWI_04,2023-07-17 08:00:00+00:00,0.0,0.0,0.291,0.293,33.0,69,966.1,6.1
JMU_TWI_04,2023-07-17 09:00:00+00:00,0.0,0.0,0.287,0.292,33.0,69,965.1,3.9
JMU_TWI_04,2023-07-17 10:00:00+00:00,0.1,0.1,0.284,0.291,33.3,67,964.7,2.7
JMU_TWI_04,2023-07-17 11:00:00+00:00,1.5,1.5,0.297,0.29,32.4,72,963.9,2.9
JMU_TWI_04,2023-07-17 12:00:00+00:00,0.0,0.0,0.307,0.296,31.8,75,964.4,5.8
JMU_TWI_04,2023-07-17 13:00:00+00:00,0.0,0.0,0.303,0.296,31.2,77,964.3,2.5
JMU_TWI_04,2023-07-17 14:00:00+00:00,0.0,0.0,0.299,0.296,29.7,89,964.0,3.4
JMU_TWI_04,2023-07-17 15:00:00+00:00,0.0,0.0,0.297,0.296,28.9,89,964.4,4.8
JMU_TWI_04,2023-07-17 16:00:00+00:00,0.0,0.0,0.295,0.296,28.8,89,965.1,4.8
JMU_TWI_04,2023-07-17 17:00:00+00:00,0.0,0.0,0.293,0.295,28.5,90,965.9,5.7
JMU_TWI_04,2023-07-17 18:00:00+00:00,1.0,1.0,0.302,0.295,27.7,89,966.6,9.0
JMU_TWI_04,2023-07-17 19:00:00+00:00,0.9,0.9,0.307,0.296,26.6,93,966.6,12.2
JMU_TWI_04,2023-07-17 20:00:00+00:00,2.8,2.8,0.337,0.298,25.7,93,966.6,13.3
JMU_TWI_04,2023-07-17 21:00:00+00:00,0.5,0.5,0.327,0.302,25.3,93,966.5,12.2
JMU_TWI_04,2023-07-17 22:00:00+00:00,0.0,0.0,0.319,0.304,25.5,91,966.3,12.5
JMU_TWI_04,2023-07-17 23:00:00+00:00,0.8,0.8,0.322,0.305,25.4,90,966.2,14.8
JMU_TWI_04,2023-07-18 00:00:00+00:00,0.1,0.1,0.329,0.315,25.7,97,966.1,7.8
JMU_TWI_04,2023-07-18 01:00:00+00:00,5.0,5.0,0.363,0.325,25.9,95,966.4,6.5
JMU_TWI_04,2023-07-18 02:00:00+00:00,1.6,1.6,0.356,0.331,26.0,96,966.9,4.2
JMU_TWI_04,2023-07-18 03:00:00+00:00,1.0,1.0,0.347,0.335,26.4,95,967.1,5.9
JMU_TWI_04,2023-07-18 04:00:00+00:00,1.2,1.2,0.345,0.336,26.4,91,967.7,11.7
JMU_TWI_04,2023-07-18 05:00:00+00:00,0.1,0.1,0.335,0.335,27.4,87,967.8,11.4
JMU_TWI_04,2023-07-18 06:00:00+00:00,0.0,0.0,0.328,0.333,28.5,81,967.4,9.3
JMU_TWI_04,2023-07-18 07:00:00+00:00,0.0,0.0,0.321,0.331,29.6,78,967.0,7.9
JMU_TWI_04,2023-07-18 08:00:00+00:00,0.0,0.0,0.315,0.328,30.8,73,966.2,7.9
JMU_TWI_04,2023-07-18 09:00:00+00:00,0.0,0.0,0.31,0.326,31.7,69,965.2,3.6
JMU_TWI_04,2023-07-18 10:00:00+00:00,0.0,0.0,0.306,0.323,32.3,66,964.6,2.1
JMU_TWI_04,2023-07-18 11:00:00+00:00,0.0,0.0,0.303,0.321,32.4,66,963.9,2.6
JMU_TWI_04,2023-07-18 12:00:00+00:00,0.0,0.0,0.291,0.307,31.0,73,964.8,6.4
JMU_TWI_04,2023-07-18 13:00:00+00:00,0.1,0.1,0.291,0.306,29.9,81,964.3,6.8
JMU_TWI_04,2023-07-18 14:00:00+00:00,0.0,0.0,0.29,0.305,29.0,86,964.4,5.4
JMU_TWI_04,2023-07-18 15:00:00+00:00,0.0,0.0,0.289,0.304,28.1,88,965.1,8.6
JMU_TWI_04,2023-07-18 16:00:00+00:00,0.0,0.0,0.288,0.303,27.8,84,966.0,11.3
JMU_TWI_04,2023-07-18 17:00:00+00:00,3.8,3.8,0.333,0.303,25.9,95,966.9,6.7
JMU_TWI_04,2023-07-18 18:00:00+00:00,4.5,4.5,0.356,0.315,25.1,97,967.0,10.0
JMU_TWI_04,2023-07-18 19:00:00+00:00,3.4,3.4,0.367,0.325,25.3,96,967.1,9.0
JMU_TWI_04,2023-07-18 20:00:00+00:00,6.8,6.8,0.368,0.351,24.9,97,966.6,7.2
JMU_TWI_04,2023-07-18 21:00:00+00:00,0.5,0.5,0.352,0.351,25.2,95,966.1,7.8
JMU_TWI_04,2023-07-18 22:00:00+00:00,3.0,3.0,0.362,0.355,25.0,96,966.0,6.6
JMU_TWI_04,2023-07-18 23:00:00+00:00,2.4,2.4,0.376,0.353,25.2,97,966.3,3.9
JMU_TWI_04,2023-07-19 00:00:00+00:00,4.3,4.3,0.388,0.367,25.5,95,966.6,10.5
JMU_TWI_04,2023-07-19 01:00:00+00:00,9.7,9.7,0.399,0.388,25.5,96,967.1,11.1
JMU_TWI_04,2023-07-19 02:00:00+00:00,7.6,7.6,0.394,0.387,25.7,95,967.7,10.2
JMU_TWI_04,2023-07-19 03:00:00+00:00,7.1,7.1,0.395,0.388,25.6,95,968.2,10.3
JMU_TWI_04,2023-07-19 04:00:00+00:00,6.8,6.8,0.396,0.388,25.5,95,968.0,11.5
JMU_TWI_04,2023-07-19 05:00:00+00:00,6.2,6.2,0.386,0.387,25.8,95,968.2,8.4
JMU_TWI_04,2023-07-19 06:00:00+00:00,1.4,1.4,0.366,0.378,26.2,94,967.6,9.1
JMU_TWI_04,2023-07-19 07:00:00+00:00,0.3,0.3,0.35,0.37,28.0,86,967.6,6.2
JMU_TWI_04,2023-07-19 08:00:00+00:00,0.2,0.2,0.34,0.364,28.5,83,967.2,6.0
JMU_TWI_04,2023-07-19 09:00:00+00:00,0.1,0.1,0.333,0.358,29.4,78,966.5,5.7
JMU_TWI_04,2023-07-19 10:00:00+00:00,0.1,0.1,0.328,0.353,29.8,76,965.9,4.0
JMU_TWI_04,2023-07-19 11:00:00+00:00,0.2,0.2,0.325,0.349,29.8,77,965.0,6.8
JMU_TWI_04,2023-07-19 12:00:00+00:00,0.0,0.0,0.331,0.35,30.2,72,965.8,7.5
JMU_TWI_04,2023-07-19 13:00:00+00:00,0.0,0.0,0.326,0.348,29.1,80,965.3,6.0
JMU_TWI_04,2023-07-19 14:00:00+00:00,0.0,0.0,0.322,0.345,28.0,89,965.3,3.1
JMU_TWI_04,2023-07-19 15:00:00+00:00,0.0,0.0,0.319,0.342,27.2,91,966.1,3.3
JMU_TWI_04,2023-07-19 16:00:00+00:00,0.0,0.0,0.316,0.34,26.8,92,966.6,3.8
JMU_TWI_04,2023-07-19 17:00:00+00:00,0.0,0.0,0.314,0.337,26.5,93,966.9,5.5
JMU_TWI_04,2023-07-19 18:00:00+00:00,0.0,0.0,0.312,0.334,26.6,91,967.2,5.5
JMU_TWI_04,2023-07-19 19:00:00+00:00,0.0,0.0,0.31,0.332,26.4,91,967.1,6.0
JMU_TWI_04,2023-07-19 20:00:00+00:00,0.0,0.0,0.308,0.33,26.4,91,966.8,5.2
JMU_TWI_04,2023-07-19 21:00:00+00:00,0.0,0.0,0.306,0.327,26.2,92,966.5,5.4
JMU_TWI_04,2023-07-19 22:00:00+00:00,0.0,0.0,0.305,0.325,25.8,94,966.0,5.4
JMU_TWI_04,2023-07-19 23:00:00+00:00,0.0,0.0,0.303,0.323,25.6,94,966.2,3.7
JMU_TWI_04,2023-07-20 00:00:00+00:00,0.0,0.0,0.3,0.319,26.3,87,967.1,5.8
JMU_TWI_04,2023-07-20 01:00:00+00:00,0.1,0.1,0.299,0.317,27.1,86,967.8,5.2
JMU_TWI_04,2023-07-20 02:00:00+00:00,0.0,0.0,0.297,0.315,28.3,83,968.4,6.1
JMU_TWI_04,2023-07-20 03:00:00+00:00,0.0,0.0,0.296,0.312,29.5,77,968.8,4.7
JMU_TWI_04,2023-07-20 04:00:00+00:00,0.1,0.1,0.294,0.31,30.5,72,968.8,3.6
JMU_TWI_04,2023-07-20 05:00:00+00:00,0.1,0.1,0.292,0.308,31.2,69,968.1,4.4
JMU_TWI_04,2023-07-20 06:00:00+00:00,0.0,0.0,0.288,0.305,32.1,66,967.3,4.1
JMU_TWI_04,2023-07-20 07:00:00+00:00,0.0,0.0,0.285,0.302,33.0,63,966.8,5.5
JMU_TWI_04,2023-07-20 08:00:00+00:00,0.0,0.0,0.282,0.3,33.2,63,966.1,6.1
JMU_TWI_04,2023-07-20 09:00:00+00:00,0.3,0.3,0.281,0.297,33.3,62,965.4,6.0
JMU_TWI_04,2023-07-20 10:00:00+00:00,0.1,0.1,0.279,0.295,33.2,63,964.7,5.5
JMU_TWI_04,2023-07-20 11:00:00+00:00,0.0,0.0,0.276,0.293,32.8,65,964.4,4.4
JMU_TWI_04,2023-07-20 12:00:00+00:00,0.2,0.2,0.293,0.294,31.7,72,964.9,7.9
JMU_TWI_04,2023-07-20 13:00:00+00:00,0.0,0.0,0.291,0.293,30.6,78,964.9,3.1
JMU_TWI_04,2023-07-20 14:00:00+00:00,0.0,0.0,0.289,0.292,29.3,85,965.2,3.6
JMU_TWI_04,2023-07-20 15:00:00+00:00,0.0,0.0,0.288,0.291,28.3,88,966.0,5.4
JMU_TWI_04,2023-07-20 16:00:00+00:00,0.0,0.0,0.286,0.29,27.8,88,966.6,5.6
JMU_TWI_04,2023-07-20 17:00:00+00:00,0.0,0.0,0.285,0.289,27.7,88,966.9,6.5
JMU_TWI_04,2023-07-20 18:00:00+00:00,0.0,0.0,0.284,0.288,27.7,87,967.0,5.6
JMU_TWI_04,2023-07-20 19:00:00+00:00,0.0,0.0,0.283,0.288,27.4,89,966.8,4.3
JMU_TWI_04,2023-07-20 20:00:00+00:00,0.0,0.0,0.281,0.287,27.2,91,966.5,3.8
JMU_TWI_04,2023-07-20 21:00:00+00:00,0.0,0.0,0.28,0.286,26.9,91,966.3,3.6
JMU_TWI_04,2023-07-20 22:00:00+00:00,0.0,0.0,0.279,0.285,26.8,90,966.8,2.3
JMU_TWI_04,2023-07-20 23:00:00+00:00,0.0,0.0,0.278,0.284,26.7,90,967.2,1.3
JMU_TWI_04,2023-07-21 00:00:00+00:00,0.0,0.0,0.27,0.276,26.8,92,967.5,2.1
JMU_TWI_04,2023-07-21 01:00:00+00:00,4.3,4.3,0.32,0.276,27.2,89,968.3,12.3
JMU_TWI_04,2023-07-21 02:00:00+00:00,2.1,2.1,0.328,0.282,27.3,87,968.7,6.9
JMU_TWI_04,2023-07-21 03:00:00+00:00,0.0,0.0,0.316,0.285,28.1,86,968.7,5.6
JMU_TWI_04,2023-07-21 04:00:00+00:00,0.0,0.0,0.309,0.286,29.8,78,969.2,4.2
JMU_TWI_04,2023-07-21 05:00:00+00:00,0.0,0.0,0.302,0.286,31.5,71,969.1,1.5
JMU_TWI_04,2023-07-21 06:00:00+00:00,0.0,0.0,0.296,0.286,32.4,69,968.8,1.3
JMU_TWI_04,2023-07-21 07:00:00+00:00,0.1,0.1,0.292,0.285,32.9,67,968.7,0.8
JMU_TWI_04,2023-07-21 08:00:00+00:00,0.5,0.5,0.292,0.284,32.6,67,967.5,2.1
JMU_TWI_04,2023-07-21 09:00:00+00:00,0.0,0.0,0.288,0.283,32.7,67,967.1,1.5
JMU_TWI_04,2023-07-21 10:00:00+00:00,0.0,0.0,0.285,0.282,32.9,67,966.7,2.2
JMU_TWI_04,2023-07-21 11:00:00+00:00,0.2,0.2,0.284,0.281,33.2,64,966.5,3.7
JMU_TWI_04,2023-07-21 12:00:00+00:00,0.0,0.0,0.302,0.31,31.3,70,967.2,3.7
JMU_TWI_04,2023-07-21 13:00:00+00:00,0.0,0.0,0.3,0.309,30.7,77,967.2,3.6
JMU_TWI_04,2023-07-21 14:00:00+00:00,0.0,0.0,0.298,0.308,29.3,86,967.5,3.3
JMU_TWI_04,2023-07-21 15:00:00+00:00,0.0,0.0,0.296,0.307,29.2,84,967.7,2.4
JMU_TWI_04,2023-07-21 16:00:00+00:00,0.0,0.0,0.295,0.306,27.9,92,968.2,2.5
JMU_TWI_04,2023-07-21 17:00:00+00:00,0.0,0.0,0.293,0.305,27.7,89,968.7,2.1
JMU_TWI_04,2023-07-21 18:00:00+00:00,0.0,0.0,0.292,0.304,27.5,89,969.3,2.4
JMU_TWI_04,2023-07-21 19:00:00+00:00,0.0,0.0,0.291,0.303,27.3,89,969.4,1.8
JMU_TWI_04,2023-07-21 20:00:00+00:00,0.0,0.0,0.289,0.302,27.2,88,969.3,5.4
JMU_TWI_04,2023-07-21 21:00:00+00:00,0.0,0.0,0.288,0.301,27.2,86,969.1,7.7
JMU_TWI_04,2023-07-21 22:00:00+00:00,0.0,0.0,0.287,0.3,27.6,82,969.3,6.1
JMU_TWI_04,2023-07-21 23:00:00+00:00,0.0,0.0,0.286,0.299,27.5,80,969.3,10.4
JMU_TWI_04,2023-07-22 00:00:00+00:00,0.0,0.0,0.29,0.297,26.2,91,969.6,9.0
JMU_TWI_04,2023-07-22 01:00:00+00:00,0.0,0.0,0.289,0.296,27.0,89,971.1,13.0
JMU_TWI_04,2023-07-22 02:00:00+00:00,0.0,0.0,0.287,0.295,27.0,85,971.2,17.0
JMU_TWI_04,2023-07-22 03:00:00+00:00,0.0,0.0,0.286,0.294,27.5,82,971.8,13.9
JMU_TWI_04,2023-07-22 04:00:00+00:00,0.0,0.0,0.284,0.293,28.7,78,971.9,17.9
JMU_TWI_04,2023-07-22 05:00:00+00:00,0.0,0.0,0.281,0.292,27.2,80,973.1,28.0
JMU_TWI_04,2023-07-22 06:00:00+00:00,1.2,1.2,0.291,0.291,27.9,81,972.7,17.2
JMU_TWI_04,2023-07-22 07:00:00+00:00,4.6,4.6,0.336,0.293,28.1,81,972.8,20.2
JMU_TWI_04,2023-07-22 08:00:00+00:00,0.6,0.6,0.326,0.297,27.5,85,972.3,11.5
JMU_TWI_04,2023-07-22 09:00:00+00:00,3.9,3.9,0.352,0.304,27.1,92,972.0,6.8
JMU_TWI_04,2023-07-22 10:00:00+00:00,1.5,1.5,0.347,0.31,27.0,91,971.5,2.5
JMU_TWI_04,2023-07-22 11:00:00+00:00,3.0,3.0,0.351,0.32,26.6,94,970.7,9.5
JMU_TWI_04,2023-07-22 12:00:00+00:00,0.5,0.5,0.297,0.297,28.5,82,972.0,6.0
JMU_TWI_04,2023-07-22 13:00:00+00:00,0.2,0.2,0.296,0.297,28.4,81,970.5,7.6
JMU_TWI_04,2023-07-22 14:00:00+00:00,0.1,0.1,0.295,0.296,27.1,87,969.8,5.7
JMU_TWI_04,2023-07-22 15:00:00+00:00,0.0,0.0,0.293,0.296,26.1,90,969.6,3.7
JMU_TWI_04,2023-07-22 16:00:00+00:00,0.0,0.0,0.291,0.295,25.8,93,970.8,3.9
JMU_TWI_04,2023-07-22 17:00:00+00:00,0.0,0.0,0.29,0.295,25.7,93,971.7,5.5
JMU_TWI_04,2023-07-22 18:00:00+00:00,0.0,0.0,0.288,0.294,25.8,91,972.5,5.2
JMU_TWI_04,2023-07-22 19:00:00+00:00,0.0,0.0,0.287,0.294,26.0,89,972.6,5.8
JMU_TWI_04,2023-07-22 20:00:00+00:00,0.0,0.0,0.286,0.293,26.1,89,972.3,5.6
JMU_TWI_04,2023-07-22 21:00:00+00:00,1.9,1.9,0.307,0.293,25.7,90,972.3,9.5
JMU_TWI_04,2023-07-22 22:00:00+00:00,8.6,8.6,0.374,0.309,25.1,89,972.2,14.3
JMU_TWI_04,2023-07-22 23:00:00+00:00,0.1,0.1,0.341,0.319,24.8,87,972.1,19.4
JMU_TWI_04,2023-07-23 00:00:00+00:00,0.0,0.0,0.33,0.294,25.2,91,971.6,7.6
JMU_TWI_04,2023-07-23 01:00:00+00:00,0.0,0.0,0.319,0.297,25.9,91,972.4,6.9
JMU_TWI_04,2023-07-23 02:00:00+00:00,0.0,0.0,0.312,0.298,27.0,85,972.8,12.5
JMU_TWI_04,2023-07-23 03:00:00+00:00,0.0,0.0,0.307,0.298,27.5,75,972.8,14.8
JMU_TWI_04,2023-07-23 04:00:00+00:00,0.0,0.0,0.302,0.298,30.1,69,973.1,10.3
JMU_TWI_04,2023-07-23 05:00:00+00:00,0.0,0.0,0.298,0.297,32.7,58,973.2,7.9
JMU_TWI_04,2023-07-23 06:00:00+00:00,0.0,0.0,0.293,0.296,33.3,58,973.1,8.4
JMU_TWI_04,2023-07-23 07:00:00+00:00,0.0,0.0,0.288,0.294,33.5,58,972.4,6.2
JMU_TWI_04,2023-07-23 08:00:00+00:00,1.1,1.1,0.296,0.293,32.5,64,971.8,6.7
JMU_TWI_04,2023-07-23 09:00:00+00:00,0.5,0.5,0.296,0.292,32.6,62,970.8,5.6
JMU_TWI_04,2023-07-23 10:00:00+00:00,0.0,0.0,0.292,0.291,32.8,63,969.8,4.5
JMU_TWI_04,2023-07-23 11:00:00+00:00,0.2,0.2,0.29,0.29,32.5,62,969.2,2.4
JMU_TWI_04,2023-07-23 12:00:00+00:00,0.0,0.0,0.309,0.34,32.8,60,969.3,3.6
JMU_TWI_04,2023-07-23 13:00:00+00:00,0.0,0.0,0.308,0.337,31.5,77,968.5,1.8
JMU_TWI_04,2023-07-23 14:00:00+00:00,0.0,0.0,0.307,0.334,29.6,79,967.9,5.6
JMU_TWI_04,2023-07-23 15:00:00+00:00,0.0,0.0,0.306,0.332,30.5,67,968.2,5.4
JMU_TWI_04,2023-07-23 16:00:00+00:00,0.0,0.0,0.305,0.33,29.8,69,969.0,2.3
JMU_TWI_04,2023-07-23 17:00:00+00:00,0.0,0.0,0.304,0.328,27.7,81,969.6,3.6
JMU_TWI_04,2023-07-23 18:00:00+00:00,0.0,0.0,0.303,0.326,26.8,87,969.9,5.3
JMU_TWI_04,2023-07-23 19:00:00+00:00,0.0,0.0,0.302,0.324,26.4,88,970.0,4.6
JMU_TWI_04,2023-07-23 20:00:00+00:00,0.0,0.0,0.301,0.322,26.2,87,969.8,4.3
JMU_TWI_04,2023-07-23 21:00:00+00:00,0.0,0.0,0.299,0.321,26.0,87,969.7,4.9
JMU_TWI_04,2023-07-23 22:00:00+00:00,0.0,0.0,0.298,0.319,25.8,87,969.4,5.4
JMU_TWI_04,2023-07-23 23:00:00+00:00,0.0,0.0,0.297,0.317,25.7,87,969.2,3.6
JMU_TWI_04,2023-07-24 00:00:00+00:00,0.0,0.0,0.294,0.314,25.7,86,969.1,4.0
JMU_TWI_04,2023-07-24 01:00:00+00:00,0.0,0.0,0.293,0.312,27.1,80,969.4,4.5
JMU_TWI_04,2023-07-24 02:00:00+00:00,0.0,0.0,0.292,0.311,28.8,77,969.7,5.8
JMU_TWI_04,2023-07-24 03:00:00+00:00,0.0,0.0,0.29,0.309,30.4,69,970.2,2.6
JMU_TWI_04,2023-07-24 04:00:00+00:00,0.0,0.0,0.288,0.307,31.3,68,970.0,0.8
JMU_TWI_04,2023-07-24 05:00:00+00:00,0.0,0.0,0.285,0.304,32.2,65,969.7,3.0
JMU_TWI_04,2023-07-24 06:00:00+00:00,0.0,0.0,0.282,0.302,33.1,59,969.6,6.6
JMU_TWI_04,2023-07-24 07:00:00+00:00,0.0,0.0,0.279,0.299,32.0,67,969.2,11.1
JMU_TWI_04,2023-07-24 08:00:00+00:00,0.0,0.0,0.277,0.297,32.6,64,968.9,7.9
JMU_TWI_04,2023-07-24 09:00:00+00:00,0.0,0.0,0.274,0.295,32.2,65,968.1,7.7
JMU_TWI_04,2023-07-24 10:00:00+00:00,0.0,0.0,0.272,0.293,32.1,65,967.1,4.7
JMU_TWI_04,2023-07-24 11:00:00+00:00,0.0,0.0,0.271,0.291,32.4,61,966.0,2.9
JMU_TWI_04,2023-07-24 12:00:00+00:00,0.0,0.0,0.264,0.288,31.5,68,966.0,8.2
JMU_TWI_04,2023-07-24 13:00:00+00:00,0.0,0.0,0.264,0.286,30.4,76,966.0,5.9
JMU_TWI_04,2023-07-24 14:00:00+00:00,0.0,0.0,0.264,0.285,29.2,85,966.5,5.0
JMU_TWI_04,2023-07-24 15:00:00+00:00,0.0,0.0,0.264,0.284,29.1,82,967.0,3.2
JMU_TWI_04,2023-07-24 16:00:00+00:00,0.0,0.0,0.264,0.283,28.3,86,967.8,2.3
JMU_TWI_04,2023-07-24 17:00:00+00:00,0.0,0.0,0.264,0.282,28.1,86,968.6,3.6
JMU_TWI_04,2023-07-24 18:00:00+00:00,0.0,0.0,0.264,0.281,27.7,88,969.1,5.2
JMU_TWI_04,2023-07-24 19:00:00+00:00,0.0,0.0,0.264,0.28,27.6,89,969.0,5.1
JMU_TWI_04,2023-07-24 20:00:00+00:00,0.0,0.0,0.264,0.279,27.2,90,968.6,4.6
JMU_TWI_04,2023-07-24 21:00:00+00:00,0.0,0.0,0.264,0.278,26.8,90,967.6,6.7
JMU_TWI_04,2023-07-24 22:00:00+00:00,0.0,0.0,0.264,0.277,26.4,89,966.7,4.4
JMU_TWI_04,2023-07-24 23:00:00+00:00,0.0,0.0,0.263,0.276,26.6,85,966.9,4.1
JMU_TWI_04,2023-07-25 00:00:00+00:00,0.0,0.0,0.259,0.273,25.3,96,967.6,1.0
JMU_TWI_04,2023-07-25 01:00:00+00:00,0.5,0.5,0.265,0.273,25.8,95,968.0,3.6
JMU_TWI_04,2023-07-25 02:00:00+00:00,0.0,0.0,0.265,0.272,26.7,90,968.8,5.8
JMU_TWI_04,2023-07-25 03:00:00+00:00,0.0,0.0,0.264,0.271,27.5,89,969.6,4.8
JMU_TWI_04,2023-07-25 04:00:00+00:00,0.0,0.0,0.263,0.27,29.1,81,970.0,4.0
JMU_TWI_04,2023-07-25 05:00:00+00:00,0.0,0.0,0.261,0.269,31.0,74,970.0,1.8
JMU_TWI_04,2023-07-25 06:00:00+00:00,0.1,0.1,0.26,0.268,31.4,74,969.8,3.2
JMU_TWI_04,2023-07-25 07:00:00+00:00,0.2,0.2,0.259,0.266,32.0,72,969.0,1.3
JMU_TWI_04,2023-07-25 08:00:00+00:00,0.2,0.2,0.258,0.265,32.1,70,968.1,5.2
JMU_TWI_04,2023-07-25 09:00:00+00:00,0.5,0.5,0.262,0.264,32.1,72,967.5,4.8
JMU_TWI_04,2023-07-25 10:00:00+00:00,0.4,0.4,0.262,0.263,32.8,66,966.8,7.7
JMU_TWI_04,2023-07-25 11:00:00+00:00,0.0,0.0,0.26,0.262,32.0,70,966.2,8.2
JMU_TWI_04,2023-07-25 12:00:00+00:00,0.0,0.0,0.286,0.268,30.3,76,966.9,5.3
JMU_TWI_04,2023-07-25 13:00:00+00:00,0.0,0.0,0.283,0.268,30.0,79,966.7,4.7
JMU_TWI_04,2023-07-25 14:00:00+00:00,0.0,0.0,0.28,0.268,28.8,88,967.3,3.3
JMU_TWI_04,2023-07-25 15:00:00+00:00,0.0,0.0,0.279,0.268,28.1,89,968.2,3.4
JMU_TWI_04,2023-07-25 16:00:00+00:00,0.0,0.0,0.277,0.268,28.5,86,969.0,3.1
JMU_TWI_04,2023-07-25 17:00:00+00:00,0.0,0.0,0.275,0.268,27.7,90,969.1,3.2
JMU_TWI_04,2023-07-25 18:00:00+00:00,0.0,0.0,0.274,0.267,27.3,91,968.9,6.8
JMU_TWI_04,2023-07-25 19:00:00+00:00,0.0,0.0,0.273,0.267,27.0,89,969.0,5.9
JMU_TWI_04,2023-07-25 20:00:00+00:00,0.0,0.0,0.272,0.267,26.8,88,968.8,6.7
JMU_TWI_04,2023-07-25 21:00:00+00:00,0.0,0.0,0.27,0.267,26.4,87,968.6,7.1
JMU_TWI_04,2023-07-25 22:00:00+00:00,1.5,1.5,0.284,0.267,25.5,93,968.3,7.6
JMU_TWI_04,2023-07-25 23:00:00+00:00,0.2,0.2,0.284,0.267,25.4,96,967.7,3.1
JMU_TWI_04,2023-07-26 00:00:00+00:00,0.0,0.0,0.266,0.265,25.2,94,968.6,11.8
JMU_TWI_04,2023-07-26 01:00:00+00:00,0.2,0.2,0.267,0.265,25.0,94,969.5,12.5
JMU_TWI_04,2023-07-26 02:00:00+00:00,0.1,0.1,0.266,0.264,25.9,90,970.1,12.5
JMU_TWI_04,2023-07-26 03:00:00+00:00,0.1,0.1,0.266,0.264,27.2,85,970.5,11.2
JMU_TWI_04,2023-07-26 04:00:00+00:00,0.0,0.0,0.264,0.263,28.3,81,970.7,12.1
JMU_TWI_04,2023-07-26 05:00:00+00:00,0.1,0.1,0.263,0.263,29.3,77,970.5,11.0
JMU_TWI_04,2023-07-26 06:00:00+00:00,0.1,0.1,0.261,0.262,30.2,74,970.4,8.3
JMU_TWI_04,2023-07-26 07:00:00+00:00,0.1,0.1,0.259,0.26,31.2,73,970.2,6.6
JMU_TWI_04,2023-07-26 08:00:00+00:00,0.1,0.1,0.257,0.259,32.0,70,969.6,7.4
JMU_TWI_04,2023-07-26 09:00:00+00:00,6.3,6.3,0.33,0.26,29.4,79,969.2,9.2
JMU_TWI_04,2023-07-26 10:00:00+00:00,1.4,1.4,0.325,0.265,27.3,91,968.7,8.3
JMU_TWI_04,2023-07-26 11:00:00+00:00,1.2,1.2,0.321,0.271,28.5,83,967.7,3.9
JMU_TWI_04,2023-07-26 12:00:00+00:00,0.1,0.1,0.288,0.274,28.4,81,968.0,5.9
JMU_TWI_04,2023-07-26 13:00:00+00:00,0.1,0.1,0.286,0.274,28.3,83,967.9,2.9
JMU_TWI_04,2023-07-26 14:00:00+00:00,0.0,0.0,0.284,0.275,27.6,89,968.6,2.7
JMU_TWI_04,2023-07-26 15:00:00+00:00,0.0,0.0,0.282,0.275,27.3,91,969.2,3.6
JMU_TWI_04,2023-07-26 16:00:00+00:00,0.0,0.0,0.28,0.274,26.9,91,970.0,5.2
JMU_TWI_04,2023-07-26 17:00:00+00:00,0.0,0.0,0.279,0.274,26.7,91,970.4,7.9
JMU_TWI_04,2023-07-26 18:00:00+00:00,0.0,0.0,0.277,0.274,26.4,92,970.3,6.1
JMU_TWI_04,2023-07-26 19:00:00+00:00,0.0,0.0,0.276,0.274,26.1,93,969.8,5.8
JMU_TWI_04,2023-07-26 20:00:00+00:00,0.0,0.0,0.275,0.274,25.6,94,969.3,6.1
JMU_TWI_04,2023-07-26 21:00:00+00:00,0.0,0.0,0.274,0.273,25.4,94,969.0,5.0
JMU_TWI_04,2023-07-26 22:00:00+00:00,0.0,0.0,0.273,0.273,25.2,94,968.9,3.9
JMU_TWI_04,2023-07-26 23:00:00+00:00,0.2,0.2,0.274,0.273,25.1,94,969.7,3.9
JMU_TWI_04,2023-07-27 00:00:00+00:00,0.0,0.0,0.316,0.283,24.6,94,970.0,2.4
JMU_TWI_04,2023-07-27 01:00:00+00:00,0.3,0.3,0.312,0.285,24.9,96,969.9,4.7
JMU_TWI_04,2023-07-27 02:00:00+00:00,0.1,0.1,0.306,0.287,25.6,93,969.7,3.7
JMU_TWI_04,2023-07-27 03:00:00+00:00,0.1,0.1,0.302,0.287,26.7,85,970.4,8.7
JMU_TWI_04,2023-07-27 04:00:00+00:00,0.4,0.4,0.301,0.288,26.9,85,971.0,9.2
JMU_TWI_04,2023-07-27 05:00:00+00:00,0.2,0.2,0.298,0.288,28.1,83,971.4,6.9
JMU_TWI_04,2023-07-27 06:00:00+00:00,0.2,0.2,0.296,0.288,29.1,78,970.4,5.1
JMU_TWI_04,2023-07-27 07:00:00+00:00,0.5,0.5,0.295,0.287,30.0,75,969.8,2.8
JMU_TWI_04,2023-07-27 08:00:00+00:00,0.3,0.3,0.293,0.287,30.8,73,969.1,3.6
JMU_TWI_04,2023-07-27 09:00:00+00:00,10.3,10.3,0.377,0.303,29.9,76,968.1,5.9
JMU_TWI_04,2023-07-27 10:00:00+00:00,0.8,0.8,0.341,0.316,30.3,74,967.5,4.7
JMU_TWI_04,2023-07-27 11:00:00+00:00,0.0,0.0,0.328,0.317,30.9,72,966.5,1.3
JMU_TWI_04,2023-07-27 12:00:00+00:00,0.0,0.0,0.297,0.302,30.1,74,966.3,4.4
JMU_TWI_04,2023-07-27 13:00:00+00:00,0.0,0.0,0.295,0.301,29.6,77,966.0,3.6
JMU_TWI_04,2023-07-27 14:00:00+00:00,0.0,0.0,0.293,0.301,27.9,88,966.1,3.9
JMU_TWI_04,2023-07-27 15:00:00+00:00,0.0,0.0,0.292,0.301,27.9,85,966.9,0.8
JMU_TWI_04,2023-07-27 16:00:00+00:00,0.0,0.0,0.29,0.3,27.2,90,968.0,1.9
JMU_TWI_04,2023-07-27 17:00:00+00:00,0.0,0.0,0.289,0.3,27.0,90,968.5,5.4
JMU_TWI_04,2023-07-27 18:00:00+00:00,7.7,7.7,0.373,0.305,25.2,93,968.9,11.4
JMU_TWI_04,2023-07-27 19:00:00+00:00,3.3,3.3,0.351,0.326,24.9,92,968.6,9.3
JMU_TWI_04,2023-07-27 20:00:00+00:00,0.2,0.2,0.337,0.328,24.7,95,967.6,4.3
JMU_TWI_04,2023-07-27 21:00:00+00:00,0.1,0.1,0.33,0.329,24.8,93,966.9,6.4
JMU_TWI_04,2023-07-27 22:00:00+00:00,0.0,0.0,0.324,0.328,24.5,95,966.6,3.8
JMU_TWI_04,2023-07-27 23:00:00+00:00,0.0,0.0,0.32,0.327,24.2,97,966.4,2.3
JMU_TWI_04,2023-07-28 00:00:00+00:00,0.0,0.0,0.31,0.312,24.9,98,966.1,2.3
JMU_TWI_04,2023-07-28 01:00:00+00:00,0.0,0.0,0.307,0.312,25.6,94,966.8,0.7
JMU_TWI_04,2023-07-28 02:00:00+00:00,0.0,0.0,0.305,0.311,26.0,91,967.3,9.2
JMU_TWI_04,2023-07-28 03:00:00+00:00,0.0,0.0,0.302,0.311,27.2,82,967.4,8.9
JMU_TWI_04,2023-07-28 04:00:00+00:00,0.0,0.0,0.299,0.31,28.9,78,967.3,7.2
JMU_TWI_04,2023-07-28 05:00:00+00:00,0.1,0.1,0.297,0.308,29.8,79,967.8,7.7
JMU_TWI_04,2023-07-28 06:00:00+00:00,0.3,0.3,0.295,0.307,29.9,77,967.6,6.0
JMU_TWI_04,2023-07-28 07:00:00+00:00,0.2,0.2,0.293,0.306,30.7,74,967.0,5.4
JMU_TWI_04,2023-07-28 08:00:00+00:00,0.2,0.2,0.291,0.304,31.6,70,966.1,3.2
JMU_TWI_04,2023-07-28 09:00:00+00:00,5.2,5.2,0.351,0.304,30.2,73,965.4,5.8
JMU_TWI_04,2023-07-28 10:00:00+00:00,1.5,1.5,0.339,0.313,29.6,76,964.9,4.4
JMU_TWI_04,2023-07-28 11:00:00+00:00,0.1,0.1,0.327,0.315,28.9,80,964.0,4.3
JMU_TWI_04,2023-07-28 12:00:00+00:00,0.0,0.0,0.347,0.351,27.6,83,964.3,7.0
JMU_TWI_04,2023-07-28 13:00:00+00:00,0.0,0.0,0.337,0.348,27.1,84,964.5,4.6
JMU_TWI_04,2023-07-28 14:00:00+00:00,0.0,0.0,0.33,0.345,26.2,91,964.4,2.3
JMU_TWI_04,2023-07-28 15:00:00+00:00,0.0,0.0,0.325,0.342,25.6,93,964.9,4.3
JMU_TWI_04,2023-07-28 16:00:00+00:00,0.0,0.0,0.32,0.34,25.4,94,965.7,5.2
JMU_TWI_04,2023-07-28 17:00:00+00:00,0.0,0.0,0.317,0.337,25.2,95,966.3,4.7
JMU_TWI_04,2023-07-28 18:00:00+00:00,0.0,0.0,0.314,0.335,25.2,94,966.5,4.0
JMU_TWI_04,2023-07-28 19:00:00+00:00,2.2,2.2,0.336,0.333,24.6,95,966.1,8.4
JMU_TWI_04,2023-07-28 20:00:00+00:00,0.3,0.3,0.331,0.333,24.8,94,964.7,9.2
JMU_TWI_04,2023-07-28 21:00:00+00:00,0.0,0.0,0.325,0.332,24.8,93,963.7,5.9
JMU_TWI_04,2023-07-28 22:00:00+00:00,0.0,0.0,0.321,0.331,24.8,95,964.3,7.5
JMU_TWI_04,2023-07-28 23:00:00+00:00,9.0,9.0,0.364,0.352,22.6,98,965.3,13.5
JMU_TWI_04,2023-07-29 00:00:00+00:00,1.1,1.1,0.321,0.34,24.8,94,964.8,5.5
JMU_TWI_04,2023-07-29 01:00:00+00:00,3.5,3.5,0.356,0.34,23.4,96,966.4,8.9
JMU_TWI_04,2023-07-29 02:00:00+00:00,1.3,1.3,0.353,0.343,24.0,95,965.6,9.4
JMU_TWI_04,2023-07-29 03:00:00+00:00,0.4,0.4,0.343,0.344,25.1,89,966.1,5.9
JMU_TWI_04,2023-07-29 04:00:00+00:00,0.1,0.1,0.335,0.342,26.0,88,966.9,0.5
JMU_TWI_04,2023-07-29 05:00:00+00:00,0.0,0.0,0.328,0.34,26.6,85,967.1,2.3
JMU_TWI_04,2023-07-29 06:00:00+00:00,0.0,0.0,0.322,0.338,29.0,77,967.0,6.3
JMU_TWI_04,2023-07-29 07:00:00+00:00,0.0,0.0,0.315,0.335,30.6,70,966.6,5.9
JMU_TWI_04,2023-07-29 08:00:00+00:00,0.0,0.0,0.31,0.332,31.2,67,966.1,5.8
JMU_TWI_04,2023-07-29 09:00:00+00:00,0.0,0.0,0.306,0.329,31.7,64,965.4,2.9
JMU_TWI_04,2023-07-29 10:00:00+00:00,0.0,0.0,0.302,0.326,32.0,62,964.6,2.6
JMU_TWI_04,2023-07-29 11:00:00+00:00,0.0,0.0,0.3,0.324,31.9,61,963.7,2.8
JMU_TWI_04,2023-07-29 12:00:00+00:00,0.0,0.0,0.29,0.314,29.7,71,965.2,2.6
JMU_TWI_04,2023-07-29 13:00:00+00:00,0.0,0.0,0.29,0.313,29.1,76,965.4,2.2
JMU_TWI_04,2023-07-29 14:00:00+00:00,0.0,0.0,0.289,0.312,28.4,79,965.2,2.1
JMU_TWI_04,2023-07-29 15:00:00+00:00,0.0,0.0,0.289,0.31,26.7,89,965.7,2.1
JMU_TWI_04,2023-07-29 16:00:00+00:00,0.0,0.0,0.289,0.309,26.6,87,966.2,1.6
JMU_TWI_04,2023-07-29 17:00:00+00:00,0.0,0.0,0.288,0.308,25.8,91,966.4,3.0
JMU_TWI_04,2023-07-29 18:00:00+00:00,0.0,0.0,0.288,0.307,25.5,92,966.2,2.4
JMU_TWI_04,2023-07-29 19:00:00+00:00,0.0,0.0,0.287,0.306,25.2,92,965.7,2.4
JMU_TWI_04,2023-07-29 20:00:00+00:00,0.0,0.0,0.287,0.305,25.6,89,965.8,5.0
JMU_TWI_04,2023-07-29 21:00:00+00:00,0.0,0.0,0.286,0.304,25.5,91,965.6,4.2
JMU_TWI_04,2023-07-29 22:00:00+00:00,0.0,0.0,0.286,0.303,24.4,96,965.5,4.3
JMU_TWI_04,2023-07-29 23:00:00+00:00,0.0,0.0,0.285,0.302,24.1,97,965.7,3.6
JMU_TWI_04,2023-07-30 00:00:00+00:00,0.0,0.0,0.283,0.301,25.5,91,964.9,4.5
JMU_TWI_04,2023-07-30 01:00:00+00:00,0.0,0.0,0.283,0.301,26.3,89,965.6,1.6
JMU_TWI_04,2023-07-30 02:00:00+00:00,0.0,0.0,0.282,0.3,28.1,84,966.1,1.3
JMU_TWI_04,2023-07-30 03:00:00+00:00,0.0,0.0,0.281,0.298,29.4,77,966.4,1.1
JMU_TWI_04,2023-07-30 04:00:00+00:00,0.1,0.1,0.28,0.297,30.3,72,966.5,5.8
JMU_TWI_04,2023-07-30 05:00:00+00:00,0.0,0.0,0.277,0.295,31.0,70,966.5,7.0
JMU_TWI_04,2023-07-30 06:00:00+00:00,0.0,0.0,0.275,0.294,31.6,67,966.1,8.1
JMU_TWI_04,2023-07-30 07:00:00+00:00,0.0,0.0,0.272,0.292,32.2,64,965.6,8.5
JMU_TWI_04,2023-07-30 08:00:00+00:00,0.0,0.0,0.269,0.289,32.8,61,964.9,8.8
JMU_TWI_04,2023-07-30 09:00:00+00:00,0.0,0.0,0.266,0.287,32.8,61,964.2,8.0
JMU_TWI_04,2023-07-30 10:00:00+00:00,0.0,0.0,0.264,0.286,33.2,59,963.2,6.9
JMU_TWI_04,2023-07-30 11:00:00+00:00,0.0,0.0,0.262,0.284,33.0,59,962.6,7.6
JMU_TWI_04,2023-07-30 12:00:00+00:00,0.0,0.0,0.259,0.283,32.4,60,963.4,6.2
JMU_TWI_04,2023-07-30 13:00:00+00:00,0.0,0.0,0.259,0.282,32.0,64,963.5,1.1
JMU_TWI_04,2023-07-30 14:00:00+00:00,0.0,0.0,0.259,0.281,29.4,82,963.3,4.0
JMU_TWI_04,2023-07-30 15:00:00+00:00,0.0,0.0,0.259,0.28,28.4,82,963.8,7.2
JMU_TWI_04,2023-07-30 16:00:00+00:00,0.0,0.0,0.259,0.279,27.3,84,964.1,5.8
JMU_TWI_04,2023-07-30 17:00:00+00:00,0.0,0.0,0.259,0.279,26.7,86,964.4,3.0
JMU_TWI_04,2023-07-30 18:00:00+00:00,0.0,0.0,0.26,0.278,26.4,87,964.5,1.8
JMU_TWI_04,2023-07-30 19:00:00+00:00,0.0,0.0,0.26,0.277,26.2,88,964.4,2.2
JMU_TWI_04,2023-07-30 20:00:00+00:00,0.0,0.0,0.26,0.277,26.2,87,964.2,2.6
JMU_TWI_04,2023-07-30 21:00:00+00:00,0.0,0.0,0.26,0.276,26.1,87,964.2,4.2
JMU_TWI_04,2023-07-30 22:00:00+00:00,2.4,2.4,0.288,0.275,25.3,86,964.9,13.8
JMU_TWI_04,2023-07-30 23:00:00+00:00,0.6,0.6,0.292,0.276,25.1,89,964.5,5.2
JMU_TWI_04,2023-07-31 00:00:00+00:00,0.0,0.0,0.255,0.274,25.1,97,964.7,4.4
JMU_TWI_04,2023-07-31 01:00:00+00:00,3.1,3.1,0.297,0.273,23.7,98,965.6,5.4
JMU_TWI_04,2023-07-31 02:00:00+00:00,2.5,2.5,0.318,0.277,24.3,92,965.3,6.3
JMU_TWI_04,2023-07-31 03:00:00+00:00,0.2,0.2,0.31,0.279,25.8,88,965.4,8.6
JMU_TWI_04,2023-07-31 04:00:00+00:00,0.0,0.0,0.303,0.28,27.8,82,965.8,3.8
JMU_TWI_04,2023-07-31 05:00:00+00:00,0.0,0.0,0.297,0.281,29.5,76,966.0,4.9
JMU_TWI_04,2023-07-31 06:00:00+00:00,0.0,0.0,0.291,0.28,30.7,73,966.1,6.4
JMU_TWI_04,2023-07-31 07:00:00+00:00,0.1,0.1,0.287,0.279,31.6,69,966.0,6.8
JMU_TWI_04,2023-07-31 08:00:00+00:00,0.1,0.1,0.283,0.278,31.9,69,965.3,7.2
JMU_TWI_04,2023-07-31 09:00:00+00:00,0.0,0.0,0.279,0.277,32.4,67,964.6,5.8
JMU_TWI_04,2023-07-31 10:00:00+00:00,0.0,0.0,0.275,0.276,32.5,65,963.9,7.7
JMU_TWI_04,2023-07-31 11:00:00+00:00,0.0,0.0,0.272,0.275,32.6,64,963.4,8.0
JMU_TWI_04,2023-07-31 12:00:00+00:00,0.0,0.0,0.246,0.259,31.9,67,963.5,6.4
JMU_TWI_04,2023-07-31 13:00:00+00:00,0.0,0.0,0.245,0.258,30.3,74,963.4,8.6
JMU_TWI_04,2023-07-31 14:00:00+00:00,0.0,0.0,0.245,0.258,29.2,80,963.4,4.3
JMU_TWI_04,2023-07-31 15:00:00+00:00,0.0,0.0,0.245,0.257,28.4,85,963.5,5.3
JMU_TWI_04,2023-07-31 16:00:00+00:00,0.0,0.0,0.245,0.257,27.9,88,963.8,3.9
JMU_TWI_04,2023-07-31 17:00:00+00:00,0.0,0.0,0.245,0.257,27.6,88,963.6,4.0
JMU_TWI_04,2023-07-31 18:00:00+00:00,0.0,0.0,0.244,0.256,27.0,91,963.8,3.7
JMU_TWI_04,2023-07-31 19:00:00+00:00,0.0,0.0,0.244,0.256,26.8,90,963.6,3.0
JMU_TWI_04,2023-07-31 20:00:00+00:00,0.0,0.0,0.244,0.256,26.7,89,963.5,4.3
JMU_TWI_04,2023-07-31 21:00:00+00:00,0.0,0.0,0.244,0.255,26.4,89,963.3,4.3
JMU_TWI_04,2023-07-31 22:00:00+00:00,0.0,0.0,0.244,0.255,26.1,89,963.4,4.3
JMU_TWI_04,2023-07-31 23:00:00+00:00,0.0,0.0,0.244,0.255,26.2,88,963.7,4.7
JMU_TWI_04,2023-08-01 00:00:00+00:00,0.0,0.0,0.241,0.252,26.0,90,963.5,5.1
JMU_TWI_04,2023-08-01 01:00:00+00:00,0.0,0.0,0.241,0.252,26.8,89,963.8,5.9
JMU_TWI_04,2023-08-01 02:00:00+00:00,0.0,0.0,0.241,0.252,28.5,83,964.1,4.0
JMU_TWI_04,2023-08-01 03:00:00+00:00,0.0,0.0,0.24,0.251,29.8,79,964.3,3.6
JMU_TWI_04,2023-08-01 04:00:00+00:00,0.0,0.0,0.239,0.25,30.9,75,964.4,4.7
JMU_TWI_04,2023-08-01 05:00:00+00:00,0.0,0.0,0.237,0.249,31.6,72,964.3,5.4
JMU_TWI_04,2023-08-01 06:00:00+00:00,0.0,0.0,0.234,0.248,32.2,69,964.1,5.5
JMU_TWI_04,2023-08-01 07:00:00+00:00,0.0,0.0,0.232,0.246,33.0,66,964.0,6.6
JMU_TWI_04,2023-08-01 08:00:00+00:00,0.1,0.1,0.23,0.245,33.3,64,963.4,7.2
JMU_TWI_04,2023-08-01 09:00:00+00:00,0.0,0.0,0.227,0.244,33.3,64,962.9,5.4
JMU_TWI_04,2023-08-01 10:00:00+00:00,0.0,0.0,0.225,0.243,33.9,61,962.5,5.0
JMU_TWI_04,2023-08-01 11:00:00+00:00,0.0,0.0,0.223,0.242,33.7,61,961.8,6.0
JMU_TWI_04,2023-08-01 12:00:00+00:00,0.0,0.0,0.212,0.238,33.2,62,962.3,6.8
JMU_TWI_04,2023-08-01 13:00:00+00:00,0.0,0.0,0.212,0.237,32.3,71,962.0,4.4
JMU_TWI_04,2023-08-01 14:00:00+00:00,0.0,0.0,0.212,0.237,30.6,77,961.8,7.0
JMU_TWI_04,2023-08-01 15:00:00+00:00,0.0,0.0,0.213,0.237,29.2,84,962.1,4.9
JMU_TWI_04,2023-08-01 16:00:00+00:00,0.0,0.0,0.213,0.237,28.2,91,962.6,5.1
JMU_TWI_04,2023-08-01 17:00:00+00:00,0.0,0.0,0.213,0.237,28.6,85,962.9,2.6
JMU_TWI_04,2023-08-01 18:00:00+00:00,0.0,0.0,0.214,0.236,27.7,91,963.1,1.3
JMU_TWI_04,2023-08-01 19:00:00+00:00,0.0,0.0,0.214,0.236,27.6,90,963.4,1.5
JMU_TWI_04,2023-08-01 20:00:00+00:00,0.0,0.0,0.214,0.236,27.3,92,963.2,3.7
JMU_TWI_04,2023-08-01 21:00:00+00:00,0.0,0.0,0.214,0.236,27.2,87,963.1,10.0
JMU_TWI_04,2023-08-01 22:00:00+00:00,0.0,0.0,0.214,0.236,27.2,81,963.2,6.6
JMU_TWI_04,2023-08-01 23:00:00+00:00,0.0,0.0,0.215,0.235,26.4,89,963.4,4.5
JMU_TWI_04,2023-08-02 00:00:00+00:00,2.5,2.5,0.241,0.23,27.4,92,963.1,3.5
JMU_TWI_04,2023-08-02 01:00:00+00:00,0.0,0.0,0.241,0.231,28.2,91,963.5,2.7
JMU_TWI_04,2023-08-02 02:00:00+00:00,0.0,0.0,0.24,0.231,29.1,86,964.1,4.2
JMU_TWI_04,2023-08-02 03:00:00+00:00,0.0,0.0,0.239,0.231,30.1,81,964.2,4.3
JMU_TWI_04,2023-08-02 04:00:00+00:00,0.0,0.0,0.237,0.23,31.4,76,964.4,5.4
JMU_TWI_04,2023-08-02 05:00:00+00:00,0.0,0.0,0.235,0.23,32.4,73,964.4,7.3
JMU_TWI_04,2023-08-02 06:00:00+00:00,0.0,0.0,0.232,0.229,33.1,70,964.3,7.0
JMU_TWI_04,2023-08-02 07:00:00+00:00,0.0,0.0,0.229,0.228,33.4,70,963.7,6.6
JMU_TWI_04,2023-08-02 08:00:00+00:00,0.0,0.0,0.226,0.227,33.4,71,963.4,5.0
JMU_TWI_04,2023-08-02 09:00:00+00:00,0.0,0.0,0.224,0.226,34.3,63,962.7,4.7
JMU_TWI_04,2023-08-02 10:00:00+00:00,0.3,0.3,0.223,0.225,33.7,64,962.1,4.5
JMU_TWI_04,2023-08-02 11:00:00+00:00,0.5,0.5,0.227,0.225,31.9,71,962.3,7.8
JMU_TWI_04,2023-08-02 12:00:00+00:00,0.0,0.0,0.262,0.225,30.4,78,963.0,5.1
JMU_TWI_04,2023-08-02 13:00:00+00:00,0.0,0.0,0.26,0.226,29.9,80,963.5,8.4
JMU_TWI_04,2023-08-02 14:00:00+00:00,0.0,0.0,0.258,0.226,28.8,76,963.4,9.4
JMU_TWI_04,2023-08-02 15:00:00+00:00,0.0,0.0,0.256,0.227,27.9,78,963.7,4.2
JMU_TWI_04,2023-08-02 16:00:00+00:00,0.0,0.0,0.255,0.227,27.4,81,963.8,5.4
JMU_TWI_04,2023-08-02 17:00:00+00:00,0.0,0.0,0.253,0.228,27.2,84,964.3,3.9
JMU_TWI_04,2023-08-02 18:00:00+00:00,0.0,0.0,0.252,0.228,27.2,86,964.6,4.8
JMU_TWI_04,2023-08-02 19:00:00+00:00,0.0,0.0,0.251,0.229,27.1,89,964.7,4.7
JMU_TWI_04,2023-08-02 20:00:00+00:00,0.0,0.0,0.249,0.229,27.0,91,964.3,4.5
JMU_TWI_04,2023-08-02 21:00:00+00:00,4.1,4.1,0.297,0.23,26.2,92,964.0,8.4
JMU_TWI_04,2023-08-02 22:00:00+00:00,3.4,3.4,0.335,0.234,25.8,95,964.2,2.9
JMU_TWI_04,2023-08-02 23:00:00+00:00,3.3,3.3,0.331,0.25,25.2,99,963.8,4.3
JMU_TWI_04,2023-08-03 00:00:00+00:00,11.7,11.7,0.314,0.237,25.2,97,964.7,1.8
JMU_TWI_04,2023-08-03 01:00:00+00:00,0.0,0.0,0.302,0.241,25.6,97,965.0,3.3
JMU_TWI_04,2023-08-03 02:00:00+00:00,0.0,0.0,0.294,0.244,26.7,90,965.1,7.5
JMU_TWI_04,2023-08-03 03:00:00+00:00,0.0,0.0,0.288,0.245,28.0,85,965.3,3.4
JMU_TWI_04,2023-08-03 04:00:00+00:00,0.0,0.0,0.283,0.246,29.6,78,965.1,2.0
JMU_TWI_04,2023-08-03 05:00:00+00:00,0.0,0.0,0.277,0.246,30.8,73,965.0,5.8
JMU_TWI_04,2023-08-03 06:00:00+00:00,0.0,0.0,0.272,0.246,31.7,71,965.0,6.5
JMU_TWI_04,2023-08-03 07:00:00+00:00,0.0,0.0,0.267,0.245,32.4,69,964.4,6.2
JMU_TWI_04,2023-08-03 08:00:00+00:00,0.0,0.0,0.263,0.244,32.6,69,964.1,8.4
JMU_TWI_04,2023-08-03 09:00:00+00:00,0.0,0.0,0.259,0.244,33.0,69,963.6,6.1
JMU_TWI_04,2023-08-03 10:00:00+00:00,0.3,0.3,0.258,0.243,32.9,69,963.1,5.7
JMU_TWI_04,2023-08-03 11:00:00+00:00,0.1,0.1,0.255,0.242,32.7,69,962.5,6.0
JMU_TWI_04,2023-08-03 12:00:00+00:00,0.1,0.1,0.257,0.256,32.7,65,963.1,7.2
JMU_TWI_04,2023-08-03 13:00:00+00:00,0.0,0.0,0.256,0.255,31.8,74,962.9,3.8
JMU_TWI_04,2023-08-03 14:00:00+00:00,0.0,0.0,0.256,0.255,31.4,71,963.1,4.3
JMU_TWI_04,2023-08-03 15:00:00+00:00,0.0,0.0,0.255,0.255,29.4,84,963.5,5.2
JMU_TWI_04,2023-08-03 16:00:00+00:00,0.0,0.0,0.255,0.255,28.8,84,964.1,2.6
JMU_TWI_04,2023-08-03 17:00:00+00:00,0.0,0.0,0.254,0.255,28.7,83,964.5,2.4
JMU_TWI_04,2023-08-03 18:00:00+00:00,0.5,0.5,0.258,0.254,27.8,87,965.2,13.1
JMU_TWI_04,2023-08-03 19:00:00+00:00,0.0,0.0,0.257,0.254,27.9,85,965.3,9.7
JMU_TWI_04,2023-08-03 20:00:00+00:00,0.0,0.0,0.257,0.254,27.5,87,965.0,6.8
JMU_TWI_04,2023-08-03 21:00:00+00:00,0.0,0.0,0.256,0.254,27.1,89,964.5,4.7
JMU_TWI_04,2023-08-03 22:00:00+00:00,4.6,4.6,0.314,0.255,25.9,91,964.9,2.5
JMU_TWI_04,2023-08-03 23:00:00+00:00,0.1,0.1,0.305,0.258,25.6,97,964.9,1.8
JMU_TWI_04,2023-08-04 00:00:00+00:00,0.0,0.0,0.258,0.252,26.2,90,964.3,10.4
JMU_TWI_04,2023-08-04 01:00:00+00:00,0.0,0.0,0.258,0.252,26.7,87,964.5,6.1
JMU_TWI_04,2023-08-04 02:00:00+00:00,0.0,0.0,0.257,0.252,27.7,85,965.3,4.1
JMU_TWI_04,2023-08-04 03:00:00+00:00,0.0,0.0,0.255,0.252,29.0,81,965.9,3.2
JMU_TWI_04,2023-08-04 04:00:00+00:00,0.0,0.0,0.253,0.251,30.7,75,966.5,5.6
JMU_TWI_04,2023-08-04 05:00:00+00:00,0.0,0.0,0.251,0.25,31.9,72,966.9,6.9
JMU_TWI_04,2023-08-04 06:00:00+00:00,0.0,0.0,0.248,0.249,32.7,71,966.8,6.1
JMU_TWI_04,2023-08-04 07:00:00+00:00,0.1,0.1,0.245,0.248,33.1,68,966.6,5.4
JMU_TWI_04,2023-08-04 08:00:00+00:00,0.0,0.0,0.242,0.247,33.6,67,966.2,4.7
JMU_TWI_04,2023-08-04 09:00:00+00:00,0.1,0.1,0.24,0.246,33.9,67,965.5,6.7
JMU_TWI_04,2023-08-04 10:00:00+00:00,0.5,0.5,0.242,0.245,32.6,69,965.2,8.4
JMU_TWI_04,2023-08-04 11:00:00+00:00,0.0,0.0,0.241,0.244,30.4,77,965.3,5.1
JMU_TWI_04,2023-08-04 12:00:00+00:00,0.1,0.1,0.239,0.244,29.5,81,966.5,7.1
JMU_TWI_04,2023-08-04 13:00:00+00:00,0.4,0.4,0.241,0.244,27.7,85,966.9,8.1
JMU_TWI_04,2023-08-04 14:00:00+00:00,0.0,0.0,0.241,0.244,27.4,86,966.8,9.7
JMU_TWI_04,2023-08-04 15:00:00+00:00,0.0,0.0,0.241,0.244,26.8,88,967.6,6.5
JMU_TWI_04,2023-08-04 16:00:00+00:00,0.0,0.0,0.241,0.243,26.8,89,968.1,7.2
JMU_TWI_04,2023-08-04 17:00:00+00:00,0.0,0.0,0.241,0.243,26.8,90,968.6,5.6
JMU_TWI_04,2023-08-04 18:00:00+00:00,0.0,0.0,0.24,0.243,26.5,93,968.8,5.7
JMU_TWI_04,2023-08-04 19:00:00+00:00,0.0,0.0,0.24,0.243,26.3,94,968.5,4.2
JMU_TWI_04,2023-08-04 20:00:00+00:00,0.0,0.0,0.24,0.243,26.0,96,967.9,3.8
JMU_TWI_04,2023-08-04 21:00:00+00:00,0.0,0.0,0.24,0.243,25.8,96,967.7,1.1
JMU_TWI_04,2023-08-04 22:00:00+00:00,0.0,0.0,0.24,0.243,25.7,97,967.6,2.5
JMU_TWI_04,2023-08-04 23:00:00+00:00,1.0,1.0,0.25,0.243,25.3,99,968.1,6.2
JMU_TWI_04,2023-08-05 00:00:00+00:00,0.4,0.4,0.329,0.262,25.0,98,968.3,6.6
JMU_TWI_04,2023-08-05 01:00:00+00:00,0.1,0.1,0.315,0.267,25.6,95,968.8,7.2
JMU_TWI_04,2023-08-05 02:00:00+00:00,0.1,0.1,0.307,0.27,26.3,91,969.5,5.4
JMU_TWI_04,2023-08-05 03:00:00+00:00,0.0,0.0,0.3,0.271,27.0,88,970.0,3.3
JMU_TWI_04,2023-08-05 04:00:00+00:00,0.1,0.1,0.296,0.273,27.3,89,970.2,3.6
JMU_TWI_04,2023-08-05 05:00:00+00:00,0.1,0.1,0.292,0.273,28.6,82,970.1,4.5
JMU_TWI_04,2023-08-05 06:00:00+00:00,0.0,0.0,0.287,0.273,30.1,77,969.5,2.3
JMU_TWI_04,2023-08-05 07:00:00+00:00,0.1,0.1,0.283,0.272,31.3,72,968.7,3.1
JMU_TWI_04,2023-08-05 08:00:00+00:00,0.1,0.1,0.279,0.272,31.8,71,968.0,5.6
JMU_TWI_04,2023-08-05 09:00:00+00:00,0.1,0.1,0.275,0.271,31.4,73,967.3,4.0
JMU_TWI_04,2023-08-05 10:00:00+00:00,0.0,0.0,0.272,0.27,32.3,68,966.5,1.1
JMU_TWI_04,2023-08-05 11:00:00+00:00,0.1,0.1,0.27,0.269,32.2,67,965.3,2.8
JMU_TWI_04,2023-08-05 12:00:00+00:00,0.3,0.3,0.259,0.266,31.8,67,966.3,8.0
JMU_TWI_04,2023-08-05 13:00:00+00:00,0.0,0.0,0.259,0.266,30.2,77,966.5,8.0
JMU_TWI_04,2023-08-05 14:00:00+00:00,0.0,0.0,0.258,0.266,28.7,85,966.6,3.6
JMU_TWI_04,2023-08-05 15:00:00+00:00,0.0,0.0,0.258,0.265,28.4,85,967.0,2.1
JMU_TWI_04,2023-08-05 16:00:00+00:00,0.0,0.0,0.257,0.265,27.5,90,967.4,1.8
JMU_TWI_04,2023-08-05 17:00:00+00:00,0.0,0.0,0.257,0.265,27.4,89,967.4,2.4
JMU_TWI_04,2023-08-05 18:00:00+00:00,0.0,0.0,0.257,0.265,27.2,90,967.6,2.4
JMU_TWI_04,2023-08-05 19:00:00+00:00,0.0,0.0,0.257,0.265,26.9,92,967.2,3.2
JMU_TWI_04,2023-08-05 20:00:00+00:00,0.0,0.0,0.256,0.264,26.6,93,966.6,3.5
JMU_TWI_04,2023-08-05 21:00:00+00:00,0.0,0.0,0.256,0.264,26.5,93,966.1,3.3
JMU_TWI_04,2023-08-05 22:00:00+00:00,0.0,0.0,0.256,0.264,26.2,94,965.7,4.9
JMU_TWI_04,2023-08-05 23:00:00+00:00,0.7,0.7,0.26,0.264,24.9,98,965.9,4.3
JMU_TWI_04,2023-08-06 00:00:00+00:00,0.1,0.1,0.292,0.262,25.4,96,965.7,2.2
JMU_TWI_04,2023-08-06 01:00:00+00:00,4.9,4.9,0.34,0.269,25.6,95,966.1,5.1
JMU_TWI_04,2023-08-06 02:00:00+00:00,0.8,0.8,0.33,0.275,26.0,91,966.4,5.2
JMU_TWI_04,2023-08-06 03:00:00+00:00,0.0,0.0,0.316,0.279,27.0,88,966.2,5.8
JMU_TWI_04,2023-08-06 04:00:00+00:00,0.0,0.0,0.307,0.281,29.0,78,966.2,2.5
JMU_TWI_04,2023-08-06 05:00:00+00:00,0.0,0.0,0.3,0.282,30.3,72,965.9,4.7
JMU_TWI_04,2023-08-06 06:00:00+00:00,0.0,0.0,0.294,0.281,31.3,71,965.6,6.7
JMU_TWI_04,2023-08-06 07:00:00+00:00,0.0,0.0,0.289,0.281,31.5,74,965.2,6.9
JMU_TWI_04,2023-08-06 08:00:00+00:00,0.0,0.0,0.284,0.28,32.0,72,964.5,3.4
JMU_TWI_04,2023-08-06 09:00:00+00:00,0.0,0.0,0.281,0.279,32.2,71,963.4,4.4
JMU_TWI_04,2023-08-06 10:00:00+00:00,1.3,1.3,0.29,0.279,30.8,76,962.7,11.0
JMU_TWI_04,2023-08-06 11:00:00+00:00,0.2,0.2,0.289,0.279,30.0,77,962.0,2.2
JMU_TWI_04,2023-08-06 12:00:00+00:00,0.1,0.1,0.274,0.261,30.6,76,962.1,6.6
JMU_TWI_04,2023-08-06 13:00:00+00:00,0.0,0.0,0.272,0.261,30.1,82,962.4,4.2
JMU_TWI_04,2023-08-06 14:00:00+00:00,1.8,1.8,0.292,0.261,28.6,85,962.6,3.0
JMU_TWI_04,2023-08-06 15:00:00+00:00,3.3,3.3,0.32,0.266,25.8,94,963.3,6.9
JMU_TWI_04,2023-08-06 16:00:00+00:00,3.3,3.3,0.336,0.276,25.2,97,964.0,1.1
JMU_TWI_04,2023-08-06 17:00:00+00:00,0.2,0.2,0.322,0.281,25.2,98,964.3,3.5
JMU_TWI_04,2023-08-06 18:00:00+00:00,3.1,3.1,0.338,0.29,24.5,96,963.6,5.6
JMU_TWI_04,2023-08-06 19:00:00+00:00,0.0,0.0,0.323,0.294,24.7,95,963.3,6.3
JMU_TWI_04,2023-08-06 20:00:00+00:00,0.0,0.0,0.315,0.296,24.9,96,962.6,5.9
JMU_TWI_04,2023-08-06 21:00:00+00:00,0.0,0.0,0.309,0.297,24.7,97,963.0,6.4
JMU_TWI_04,2023-08-06 22:00:00+00:00,1.3,1.3,0.318,0.299,24.3,97,963.1,4.7
JMU_TWI_04,2023-08-06 23:00:00+00:00,0.2,0.2,0.314,0.3,24.2,99,962.8,4.3
JMU_TWI_04,2023-08-07 00:00:00+00:00,0.2,0.2,0.284,0.27,24.6,97,961.6,7.0
JMU_TWI_04,2023-08-07 01:00:00+00:00,0.0,0.0,0.282,0.27,25.3,94,961.8,8.7
JMU_TWI_04,2023-08-07 02:00:00+00:00,0.0,0.0,0.28,0.27,26.3,94,962.9,1.8
JMU_TWI_04,2023-08-07 03:00:00+00:00,0.0,0.0,0.278,0.271,28.0,87,963.3,4.2
JMU_TWI_04,2023-08-07 04:00:00+00:00,0.0,0.0,0.276,0.27,29.2,82,963.6,10.0
JMU_TWI_04,2023-08-07 05:00:00+00:00,0.0,0.0,0.273,0.27,30.3,77,963.5,7.5
JMU_TWI_04,2023-08-07 06:00:00+00:00,0.0,0.0,0.269,0.269,30.9,75,963.2,4.0
JMU_TWI_04,2023-08-07 07:00:00+00:00,0.0,0.0,0.266,0.268,31.5,72,962.8,3.9
JMU_TWI_04,2023-08-07 08:00:00+00:00,0.0,0.0,0.263,0.267,32.0,72,962.3,5.2
JMU_TWI_04,2023-08-07 09:00:00+00:00,0.0,0.0,0.26,0.265,32.4,67,961.7,3.9
JMU_TWI_04,2023-08-07 10:00:00+00:00,0.0,0.0,0.258,0.264,32.6,65,961.2,5.1
JMU_TWI_04,2023-08-07 11:00:00+00:00,0.0,0.0,0.256,0.263,32.3,66,961.0,4.7
JMU_TWI_04,2023-08-07 12:00:00+00:00,0.0,0.0,0.255,0.264,31.5,68,961.5,4.2
JMU_TWI_04,2023-08-07 13:00:00+00:00,0.0,0.0,0.254,0.263,30.6,76,961.5,3.7
JMU_TWI_04,2023-08-07 14:00:00+00:00,0.0,0.0,0.254,0.263,28.5,86,961.6,6.5
JMU_TWI_04,2023-08-07 15:00:00+00:00,0.0,0.0,0.254,0.263,29.3,75,962.0,3.6
JMU_TWI_04,2023-08-07 16:00:00+00:00,0.0,0.0,0.253,0.263,29.1,74,962.8,2.9
JMU_TWI_04,2023-08-07 17:00:00+00:00,0.0,0.0,0.253,0.263,27.3,85,962.8,2.2
JMU_TWI_04,2023-08-07 18:00:00+00:00,0.0,0.0,0.253,0.262,26.9,88,962.9,2.9
JMU_TWI_04,2023-08-07 19:00:00+00:00,0.0,0.0,0.253,0.262,26.8,87,963.0,9.3
JMU_TWI_04,2023-08-07 20:00:00+00:00,1.5,1.5,0.267,0.262,24.2,92,962.8,13.4
JMU_TWI_04,2023-08-07 21:00:00+00:00,0.0,0.0,0.267,0.262,24.8,93,962.2,8.3
JMU_TWI_04,2023-08-07 22:00:00+00:00,0.8,0.8,0.276,0.262,24.2,94,963.4,12.3
JMU_TWI_04,2023-08-07 23:00:00+00:00,1.6,1.6,0.293,0.263,23.3,97,962.7,6.7
JMU_TWI_04,2023-08-08 00:00:00+00:00,0.2,0.2,0.24,0.255,25.5,96,961.8,3.9
JMU_TWI_04,2023-08-08 01:00:00+00:00,0.0,0.0,0.24,0.255,25.9,95,962.5,4.3
JMU_TWI_04,2023-08-08 02:00:00+00:00,0.0,0.0,0.24,0.255,26.7,91,962.9,2.1
JMU_TWI_04,2023-08-08 03:00:00+00:00,0.0,0.0,0.24,0.254,28.0,86,963.0,3.3
JMU_TWI_04,2023-08-08 04:00:00+00:00,0.0,0.0,0.239,0.254,29.5,81,963.4,0.0
JMU_TWI_04,2023-08-08 05:00:00+00:00,0.0,0.0,0.237,0.253,30.7,75,963.8,3.6
JMU_TWI_04,2023-08-08 06:00:00+00:00,0.0,0.0,0.235,0.252,31.7,70,963.9,6.7
JMU_TWI_04,2023-08-08 07:00:00+00:00,0.0,0.0,0.232,0.25,32.3,68,963.6,9.0
JMU_TWI_04,2023-08-08 08:00:00+00:00,0.0,0.0,0.23,0.249,32.9,65,963.4,8.4
JMU_TWI_04,2023-08-08 09:00:00+00:00,0.2,0.2,0.229,0.248,33.0,63,963.4,7.7
JMU_TWI_04,2023-08-08 10:00:00+00:00,0.0,0.0,0.227,0.246,33.0,64,963.1,6.4
JMU_TWI_04,2023-08-08 11:00:00+00:00,0.2,0.2,0.227,0.245,33.1,63,962.9,6.1
JMU_TWI_04,2023-08-08 12:00:00+00:00,0.0,0.0,0.22,0.243,32.5,64,963.5,6.9
JMU_TWI_04,2023-08-08 13:00:00+00:00,0.0,0.0,0.22,0.242,31.5,75,963.5,3.4
JMU_TWI_04,2023-08-08 14:00:00+00:00,0.0,0.0,0.22,0.242,31.3,69,963.9,2.3
JMU_TWI_04,2023-08-08 15:00:00+00:00,0.0,0.0,0.22,0.242,29.1,83,964.3,2.3
JMU_TWI_04,2023-08-08 16:00:00+00:00,0.0,0.0,0.221,0.242,28.3,86,965.0,2.9
JMU_TWI_04,2023-08-08 17:00:00+00:00,0.0,0.0,0.221,0.242,27.7,88,965.5,3.7
JMU_TWI_04,2023-08-08 18:00:00+00:00,0.0,0.0,0.221,0.241,27.5,87,965.9,4.0
JMU_TWI_04,2023-08-08 19:00:00+00:00,0.0,0.0,0.221,0.241,27.1,90,966.1,1.5
JMU_TWI_04,2023-08-08 20:00:00+00:00,0.1,0.1,0.222,0.241,27.3,85,966.0,10.8
JMU_TWI_04,2023-08-08 21:00:00+00:00,0.0,0.0,0.222,0.241,27.1,82,965.6,6.0
JMU_TWI_04,2023-08-08 22:00:00+00:00,0.0,0.0,0.223,0.241,26.6,86,965.4,4.5
JMU_TWI_04,2023-08-08 23:00:00+00:00,0.0,0.0,0.223,0.24,26.3,88,965.4,4.3
JMU_TWI_04,2023-08-09 00:00:00+00:00,0.0,0.0,0.23,0.239,26.0,92,966.0,6.9
JMU_TWI_04,2023-08-09 01:00:00+00:00,0.0,0.0,0.23,0.238,26.1,88,966.6,7.0
JMU_TWI_04,2023-08-09 02:00:00+00:00,0.6,0.6,0.235,0.238,26.6,87,967.3,6.2
JMU_TWI_04,2023-08-09 03:00:00+00:00,0.0,0.0,0.235,0.238,27.9,84,967.9,5.4
JMU_TWI_04,2023-08-09 04:00:00+00:00,0.0,0.0,0.234,0.238,29.5,76,968.4,4.0
JMU_TWI_04,2023-08-09 05:00:00+00:00,0.0,0.0,0.232,0.237,30.7,72,968.3,2.9
JMU_TWI_04,2023-08-09 06:00:00+00:00,0.0,0.0,0.23,0.236,31.9,69,968.3,5.1
JMU_TWI_04,2023-08-09 07:00:00+00:00,0.0,0.0,0.227,0.235,32.5,67,968.2,7.9
JMU_TWI_04,2023-08-09 08:00:00+00:00,0.0,0.0,0.224,0.234,32.5,70,967.4,6.9
JMU_TWI_04,2023-08-09 09:00:00+00:00,0.1,0.1,0.223,0.233,32.2,74,966.9,4.7
JMU_TWI_04,2023-08-09 10:00:00+00:00,0.1,0.1,0.222,0.232,32.3,74,966.5,4.2
JMU_TWI_04,2023-08-09 11:00:00+00:00,0.7,0.7,0.227,0.231,32.1,74,966.1,5.4
JMU_TWI_04,2023-08-09 12:00:00+00:00,1.4,1.4,0.258,0.232,29.4,80,966.9,10.8
JMU_TWI_04,2023-08-09 13:00:00+00:00,0.1,0.1,0.257,0.232,28.4,85,967.0,8.8
JMU_TWI_04,2023-08-09 14:00:00+00:00,0.0,0.0,0.256,0.233,27.7,88,967.2,4.8
JMU_TWI_04,2023-08-09 15:00:00+00:00,0.0,0.0,0.255,0.233,27.2,90,967.6,5.4
JMU_TWI_04,2023-08-09 16:00:00+00:00,0.0,0.0,0.253,0.233,27.0,91,968.4,4.3
JMU_TWI_04,2023-08-09 17:00:00+00:00,0.0,0.0,0.252,0.234,27.2,90,968.5,7.9
JMU_TWI_04,2023-08-09 18:00:00+00:00,1.9,1.9,0.273,0.234,26.3,90,968.8,2.3
JMU_TWI_04,2023-08-09 19:00:00+00:00,0.3,0.3,0.273,0.235,25.4,97,968.3,7.1
JMU_TWI_04,2023-08-09 20:00:00+00:00,0.1,0.1,0.271,0.236,25.5,95,968.1,4.4
JMU_TWI_04,2023-08-09 21:00:00+00:00,0.0,0.0,0.268,0.237,25.7,94,967.6,5.2
JMU_TWI_04,2023-08-09 22:00:00+00:00,2.8,2.8,0.303,0.238,24.1,99,968.4,2.0
JMU_TWI_04,2023-08-09 23:00:00+00:00,1.0,1.0,0.306,0.241,24.6,96,967.9,5.4
JMU_TWI_04,2023-08-10 00:00:00+00:00,3.9,3.9,0.252,0.233,25.7,96,967.9,4.8
JMU_TWI_04,2023-08-10 01:00:00+00:00,1.8,1.8,0.276,0.233,25.9,96,967.9,7.4
JMU_TWI_04,2023-08-10 02:00:00+00:00,1.9,1.9,0.294,0.235,25.7,95,968.8,2.9
JMU_TWI_04,2023-08-10 03:00:00+00:00,0.1,0.1,0.288,0.237,26.6,89,969.7,4.7
JMU_TWI_04,2023-08-10 04:00:00+00:00,0.1,0.1,0.283,0.239,26.6,88,969.9,12.9
JMU_TWI_04,2023-08-10 05:00:00+00:00,0.0,0.0,0.279,0.24,27.6,83,970.3,13.3
JMU_TWI_04,2023-08-10 06:00:00+00:00,0.0,0.0,0.274,0.24,29.4,75,970.2,9.9
JMU_TWI_04,2023-08-10 07:00:00+00:00,0.0,0.0,0.269,0.24,30.9,69,969.8,8.4
JMU_TWI_04,2023-08-10 08:00:00+00:00,0.0,0.0,0.264,0.239,31.3,69,969.3,7.4
JMU_TWI_04,2023-08-10 09:00:00+00:00,0.0,0.0,0.261,0.239,31.5,69,968.5,5.9
JMU_TWI_04,2023-08-10 10:00:00+00:00,0.0,0.0,0.257,0.239,32.1,67,967.9,4.1
JMU_TWI_04,2023-08-10 11:00:00+00:00,0.0,0.0,0.254,0.238,32.2,67,967.4,4.6
JMU_TWI_04,2023-08-10 12:00:00+00:00,0.0,0.0,0.221,0.226,30.7,75,968.5,4.7
JMU_TWI_04,2023-08-10 13:00:00+00:00,0.0,0.0,0.221,0.226,30.6,78,968.4,2.6
JMU_TWI_04,2023-08-10 14:00:00+00:00,0.0,0.0,0.221,0.226,29.8,82,968.5,1.8
JMU_TWI_04,2023-08-10 15:00:00+00:00,0.0,0.0,0.221,0.226,29.3,84,969.3,2.3
JMU_TWI_04,2023-08-10 16:00:00+00:00,0.0,0.0,0.221,0.226,27.7,90,969.9,8.0
JMU_TWI_04,2023-08-10 17:00:00+00:00,0.0,0.0,0.221,0.226,27.4,88,969.7,2.3
JMU_TWI_04,2023-08-10 18:00:00+00:00,0.0,0.0,0.221,0.226,26.8,94,969.6,5.6
JMU_TWI_04,2023-08-10 19:00:00+00:00,0.0,0.0,0.221,0.226,26.6,97,969.4,2.8
JMU_TWI_04,2023-08-10 20:00:00+00:00,0.0,0.0,0.221,0.226,26.3,98,969.1,4.1
JMU_TWI_04,2023-08-10 21:00:00+00:00,0.0,0.0,0.221,0.226,26.1,97,968.8,6.7
JMU_TWI_04,2023-08-10 22:00:00+00:00,0.4,0.4,0.224,0.226,25.6,95,969.2,10.1
JMU_TWI_04,2023-08-10 23:00:00+00:00,0.2,0.2,0.225,0.226,25.2,96,970.1,9.9
JMU_TWI_04,2023-08-11 00:00:00+00:00,1.0,1.0,0.263,0.223,25.0,97,969.0,6.4
JMU_TWI_04,2023-08-11 01:00:00+00:00,0.0,0.0,0.261,0.223,25.5,89,969.9,7.1
JMU_TWI_04,2023-08-11 02:00:00+00:00,0.0,0.0,0.259,0.224,26.2,88,970.0,7.1
JMU_TWI_04,2023-08-11 03:00:00+00:00,0.0,0.0,0.256,0.224,27.6,82,970.2,8.1
JMU_TWI_04,2023-08-11 04:00:00+00:00,0.0,0.0,0.253,0.224,29.1,78,970.6,7.5
JMU_TWI_04,2023-08-11 05:00:00+00:00,0.0,0.0,0.251,0.224,30.1,75,970.6,8.0
JMU_TWI_04,2023-08-11 06:00:00+00:00,0.1,0.1,0.249,0.224,30.4,74,970.2,7.4
JMU_TWI_04,2023-08-11 07:00:00+00:00,0.1,0.1,0.245,0.223,31.5,70,969.7,7.0
JMU_TWI_04,2023-08-11 08:00:00+00:00,0.1,0.1,0.242,0.223,32.1,68,968.9,5.4
JMU_TWI_04,2023-08-11 09:00:00+00:00,0.0,0.0,0.239,0.222,32.4,66,968.0,4.3
JMU_TWI_04,2023-08-11 10:00:00+00:00,0.0,0.0,0.237,0.221,32.3,67,967.2,5.6
JMU_TWI_04,2023-08-11 11:00:00+00:00,0.0,0.0,0.234,0.221,32.2,68,966.6,5.5
JMU_TWI_04,2023-08-11 12:00:00+00:00,0.0,0.0,0.24,0.224,31.5,71,968.0,5.4
JMU_TWI_04,2023-08-11 13:00:00+00:00,0.0,0.0,0.239,0.224,30.7,77,967.9,4.2
JMU_TWI_04,2023-08-11 14:00:00+00:00,0.0,0.0,0.239,0.225,29.1,84,967.8,4.5
JMU_TWI_04,2023-08-11 15:00:00+00:00,0.0,0.0,0.238,0.225,28.5,87,968.2,6.5
JMU_TWI_04,2023-08-11 16:00:00+00:00,0.0,0.0,0.237,0.225,28.3,86,968.5,2.6
JMU_TWI_04,2023-08-11 17:00:00+00:00,0.1,0.1,0.237,0.225,27.9,86,968.4,7.1
JMU_TWI_04,2023-08-11 18:00:00+00:00,0.2,0.2,0.238,0.225,27.3,89,968.1,6.6
JMU_TWI_04,2023-08-11 19:00:00+00:00,0.4,0.4,0.241,0.225,25.9,93,968.0,12.1
JMU_TWI_04,2023-08-11 20:00:00+00:00,0.0,0.0,0.241,0.225,25.8,90,967.4,8.0
JMU_TWI_04,2023-08-11 21:00:00+00:00,0.3,0.3,0.242,0.226,25.4,89,967.5,16.9
JMU_TWI_04,2023-08-11 22:00:00+00:00,2.2,2.2,0.269,0.226,25.1,93,967.2,3.3
JMU_TWI_04,2023-08-11 23:00:00+00:00,0.1,0.1,0.267,0.227,25.2,90,967.1,2.9
JMU_TWI_04,2023-08-12 00:00:00+00:00,0.1,0.1,0.265,0.225,25.6,94,966.9,9.9
JMU_TWI_04,2023-08-12 01:00:00+00:00,0.3,0.3,0.266,0.226,25.9,91,966.9,7.3
JMU_TWI_04,2023-08-12 02:00:00+00:00,0.0,0.0,0.263,0.226,26.1,89,967.5,11.3
JMU_TWI_04,2023-08-12 03:00:00+00:00,0.0,0.0,0.261,0.227,27.3,85,967.8,7.0
JMU_TWI_04,2023-08-12 04:00:00+00:00,0.0,0.0,0.258,0.227,29.1,78,968.3,4.0
JMU_TWI_04,2023-08-12 05:00:00+00:00,0.0,0.0,0.255,0.227,30.3,74,968.3,6.8
JMU_TWI_04,2023-08-12 06:00:00+00:00,0.1,0.1,0.252,0.227,31.2,72,967.9,6.0
JMU_TWI_04,2023-08-12 07:00:00+00:00,0.0,0.0,0.249,0.226,31.5,73,967.5,6.2
JMU_TWI_04,2023-08-12 08:00:00+00:00,0.1,0.1,0.245,0.226,31.8,73,966.7,6.1
JMU_TWI_04,2023-08-12 09:00:00+00:00,0.1,0.1,0.243,0.225,32.1,73,965.8,3.8
JMU_TWI_04,2023-08-12 10:00:00+00:00,0.2,0.2,0.242,0.225,32.1,73,965.0,5.8
JMU_TWI_04,2023-08-12 11:00:00+00:00,0.4,0.4,0.243,0.224,30.3,78,964.5,4.9
JMU_TWI_04,2023-08-12 12:00:00+00:00,0.0,0.0,0.229,0.225,31.8,73,964.7,9.3
JMU_TWI_04,2023-08-12 13:00:00+00:00,0.0,0.0,0.228,0.225,30.9,78,964.4,5.8
JMU_TWI_04,2023-08-12 14:00:00+00:00,0.0,0.0,0.228,0.225,29.8,81,964.5,6.1
JMU_TWI_04,2023-08-12 15:00:00+00:00,0.0,0.0,0.228,0.225,28.7,81,965.1,12.8
JMU_TWI_04,2023-08-12 16:00:00+00:00,0.0,0.0,0.227,0.225,27.8,79,965.0,9.9
JMU_TWI_04,2023-08-12 17:00:00+00:00,0.0,0.0,0.227,0.225,27.5,83,965.1,9.5
JMU_TWI_04,2023-08-12 18:00:00+00:00,0.0,0.0,0.227,0.225,27.3,85,964.9,6.4
JMU_TWI_04,2023-08-12 19:00:00+00:00,0.0,0.0,0.226,0.225,27.1,86,964.7,6.2
JMU_TWI_04,2023-08-12 20:00:00+00:00,0.1,0.1,0.227,0.225,26.9,87,964.3,4.6
JMU_TWI_04,2023-08-12 21:00:00+00:00,0.1,0.1,0.227,0.225,26.4,90,964.0,3.3
JMU_TWI_04,2023-08-12 22:00:00+00:00,0.0,0.0,0.227,0.225,26.0,91,963.7,4.6
JMU_TWI_04,2023-08-12 23:00:00+00:00,0.0,0.0,0.227,0.225,25.8,91,963.6,4.0
JMU_TWI_04,2023-08-13 00:00:00+00:00,0.0,0.0,0.219,0.226,26.3,87,963.1,5.3
JMU_TWI_04,2023-08-13 01:00:00+00:00,0.0,0.0,0.219,0.226,26.9,86,963.2,6.7
JMU_TWI_04,2023-08-13 02:00:00+00:00,0.0,0.0,0.219,0.226,27.6,84,963.6,6.6
JMU_TWI_04,2023-08-13 03:00:00+00:00,0.0,0.0,0.218,0.225,29.0,79,963.9,6.6
JMU_TWI_04,2023-08-13 04:00:00+00:00,0.0,0.0,0.217,0.225,30.2,74,964.4,9.2
JMU_TWI_04,2023-08-13 05:00:00+00:00,0.0,0.0,0.215,0.224,31.0,74,964.3,10.1
JMU_TWI_04,2023-08-13 06:00:00+00:00,0.0,0.0,0.213,0.223,31.8,74,964.3,10.1
JMU_TWI_04,2023-08-13 07:00:00+00:00,0.2,0.2,0.212,0.222,31.6,76,964.2,6.5
JMU_TWI_04,2023-08-13 08:00:00+00:00,0.1,0.1,0.21,0.221,32.2,75,963.7,6.0
JMU_TWI_04,2023-08-13 09:00:00+00:00,1.5,1.5,0.225,0.22,31.4,75,963.1,7.3
JMU_TWI_04,2023-08-13 10:00:00+00:00,0.6,0.6,0.23,0.22,30.9,79,962.7,2.4
JMU_TWI_04,2023-08-13 11:00:00+00:00,0.1,0.1,0.229,0.22,31.3,77,962.6,4.1
JMU_TWI_04,2023-08-13 12:00:00+00:00,0.4,0.4,0.222,0.211,31.4,76,962.4,5.8
JMU_TWI_04,2023-08-13 13:00:00+00:00,0.0,0.0,0.221,0.211,30.5,82,962.8,7.6
JMU_TWI_04,2023-08-13 14:00:00+00:00,0.0,0.0,0.221,0.211,29.1,86,963.6,10.1
JMU_TWI_04,2023-08-13 15:00:00+00:00,0.9,0.9,0.228,0.211,27.9,90,964.5,7.0
JMU_TWI_04,2023-08-13 16:00:00+00:00,0.1,0.1,0.229,0.211,27.3,95,965.3,4.8
JMU_TWI_04,2023-08-13 17:00:00+00:00,0.0,0.0,0.229,0.212,26.9,96,965.2,5.1
JMU_TWI_04,2023-08-13 18:00:00+00:00,2.1,2.1,0.256,0.212,26.2,97,965.8,15.0
JMU_TWI_04,2023-08-13 19:00:00+00:00,0.4,0.4,0.258,0.213,25.8,94,966.1,10.2
JMU_TWI_04,2023-08-13 20:00:00+00:00,7.2,7.2,0.343,0.218,25.0,98,966.6,6.6
JMU_TWI_04,2023-08-13 21:00:00+00:00,3.2,3.2,0.351,0.23,24.8,98,966.2,8.4
JMU_TWI_04,2023-08-13 22:00:00+00:00,18.7,18.7,0.362,0.312,24.4,98,966.0,11.4
JMU_TWI_04,2023-08-13 23:00:00+00:00,5.3,5.3,0.394,0.324,24.4,97,966.7,6.9
JMU_TWI_04,2023-08-14 00:00:00+00:00,5.2,5.2,0.37,0.367,25.3,98,966.0,5.8
JMU_TWI_04,2023-08-14 01:00:00+00:00,7.4,7.4,0.395,0.377,25.3,99,967.1,5.8
JMU_TWI_04,2023-08-14 02:00:00+00:00,0.4,0.4,0.36,0.369,25.7,95,967.7,11.4
JMU_TWI_04,2023-08-14 03:00:00+00:00,0.2,0.2,0.346,0.361,26.8,90,968.3,10.2
JMU_TWI_04,2023-08-14 04:00:00+00:00,0.4,0.4,0.339,0.354,27.5,85,969.0,16.1
JMU_TWI_04,2023-08-14 05:00:00+00:00,0.2,0.2,0.332,0.349,27.9,85,968.9,13.5
JMU_TWI_04,2023-08-14 06:00:00+00:00,0.0,0.0,0.325,0.344,29.3,79,969.4,14.8
JMU_TWI_04,2023-08-14 07:00:00+00:00,0.0,0.0,0.319,0.339,30.5,73,969.2,10.0
JMU_TWI_04,2023-08-14 08:00:00+00:00,0.1,0.1,0.314,0.334,31.5,71,968.8,8.8
JMU_TWI_04,2023-08-14 09:00:00+00:00,1.1,1.1,0.319,0.331,28.8,79,968.2,4.5
JMU_TWI_04,2023-08-14 10:00:00+00:00,0.5,0.5,0.317,0.329,29.1,78,968.1,8.2
JMU_TWI_04,2023-08-14 11:00:00+00:00,0.1,0.1,0.314,0.327,29.0,81,967.9,8.2
JMU_TWI_04,2023-08-14 12:00:00+00:00,0.0,0.0,0.298,0.319,29.1,77,968.3,13.6
JMU_TWI_04,2023-08-14 13:00:00+00:00,0.3,0.3,0.299,0.317,27.9,82,969.2,2.8
JMU_TWI_04,2023-08-14 14:00:00+00:00,0.3,0.3,0.299,0.316,26.8,86,969.8,13.4
JMU_TWI_04,2023-08-14 15:00:00+00:00,2.2,2.2,0.323,0.315,25.2,95,970.6,3.4
JMU_TWI_04,2023-08-14 16:00:00+00:00,0.2,0.2,0.32,0.315,25.1,95,970.6,3.6
JMU_TWI_04,2023-08-14 17:00:00+00:00,0.9,0.9,0.324,0.316,24.9,97,970.4,4.1
JMU_TWI_04,2023-08-14 18:00:00+00:00,0.0,0.0,0.318,0.316,25.1,95,970.5,5.9
JMU_TWI_04,2023-08-14 19:00:00+00:00,0.0,0.0,0.314,0.315,25.2,95,970.3,3.5
JMU_TWI_04,2023-08-14 20:00:00+00:00,0.6,0.6,0.317,0.315,24.3,98,970.1,9.0
JMU_TWI_04,2023-08-14 21:00:00+00:00,0.1,0.1,0.315,0.315,23.9,99,969.4,2.3
JMU_TWI_04,2023-08-14 22:00:00+00:00,0.7,0.7,0.32,0.314,23.8,99,969.8,4.9
JMU_TWI_04,2023-08-14 23:00:00+00:00,3.2,3.2,0.357,0.315,23.4,98,970.2,6.9
JMU_TWI_04,2023-08-15 00:00:00+00:00,0.3,0.3,0.307,0.307,24.2,99,970.4,1.5
JMU_TWI_04,2023-08-15 01:00:00+00:00,0.0,0.0,0.304,0.307,24.6,98,970.9,3.3
JMU_TWI_04,2023-08-15 02:00:00+00:00,0.0,0.0,0.302,0.306,25.7,93,971.1,3.1
JMU_TWI_04,2023-08-15 03:00:00+00:00,0.0,0.0,0.3,0.306,26.8,87,971.0,2.5
JMU_TWI_04,2023-08-15 04:00:00+00:00,0.0,0.0,0.297,0.305,28.0,81,971.4,5.3
JMU_TWI_04,2023-08-15 05:00:00+00:00,0.0,0.0,0.294,0.304,29.2,77,971.3,6.2
JMU_TWI_04,2023-08-15 06:00:00+00:00,0.1,0.1,0.291,0.302,30.0,74,970.9,7.1
JMU_TWI_04,2023-08-15 07:00:00+00:00,0.1,0.1,0.288,0.301,30.5,71,970.4,7.2
JMU_TWI_04,2023-08-15 08:00:00+00:00,0.0,0.0,0.285,0.299,31.2,67,969.8,7.6
JMU_TWI_04,2023-08-15 09:00:00+00:00,0.0,0.0,0.281,0.297,31.6,65,968.8,7.3
JMU_TWI_04,2023-08-15 10:00:00+00:00,0.0,0.0,0.279,0.296,31.7,65,968.0,7.2
JMU_TWI_04,2023-08-15 11:00:00+00:00,0.2,0.2,0.278,0.294,31.5,65,967.7,7.6
JMU_TWI_04,2023-08-15 12:00:00+00:00,0.0,0.0,0.281,0.295,30.2,72,969.2,3.3
JMU_TWI_04,2023-08-15 13:00:00+00:00,0.0,0.0,0.28,0.295,29.5,78,969.2,1.1
JMU_TWI_04,2023-08-15 14:00:00+00:00,0.0,0.0,0.279,0.294,28.1,85,969.0,1.8
JMU_TWI_04,2023-08-15 15:00:00+00:00,0.0,0.0,0.279,0.293,26.6,93,969.1,3.9
JMU_TWI_04,2023-08-15 16:00:00+00:00,0.0,0.0,0.278,0.293,26.1,93,969.2,2.0
JMU_TWI_04,2023-08-15 17:00:00+00:00,0.0,0.0,0.278,0.292,25.9,93,969.5,1.9
JMU_TWI_04,2023-08-15 18:00:00+00:00,0.0,0.0,0.277,0.292,25.9,92,969.8,3.5
JMU_TWI_04,2023-08-15 19:00:00+00:00,0.0,0.0,0.277,0.291,25.7,93,969.6,4.0
JMU_TWI_04,2023-08-15 20:00:00+00:00,0.0,0.0,0.277,0.291,25.3,94,969.2,2.9
JMU_TWI_04,2023-08-15 21:00:00+00:00,0.0,0.0,0.276,0.29,25.1,94,969.0,2.3
JMU_TWI_04,2023-08-15 22:00:00+00:00,0.0,0.0,0.276,0.29,24.9,94,969.1,3.0
JMU_TWI_04,2023-08-15 23:00:00+00:00,0.0,0.0,0.275,0.29,25.1,91,969.5,2.3
JMU_TWI_04,2023-08-16 00:00:00+00:00,0.1,0.1,0.265,0.285,24.5,90,969.8,13.6
JMU_TWI_04,2023-08-16 01:00:00+00:00,0.1,0.1,0.266,0.284,25.1,88,970.3,5.6
JMU_TWI_04,2023-08-16 02:00:00+00:00,0.0,0.0,0.266,0.284,26.1,85,970.2,2.3
JMU_TWI_04,2023-08-16 03:00:00+00:00,0.0,0.0,0.265,0.283,27.2,84,971.0,2.8
JMU_TWI_04,2023-08-16 04:00:00+00:00,0.0,0.0,0.264,0.282,28.6,76,971.5,4.2
JMU_TWI_04,2023-08-16 05:00:00+00:00,0.0,0.0,0.262,0.281,29.9,72,971.2,2.5
JMU_TWI_04,2023-08-16 06:00:00+00:00,0.0,0.0,0.26,0.28,31.0,69,970.8,3.7
JMU_TWI_04,2023-08-16 07:00:00+00:00,0.0,0.0,0.257,0.278,31.7,67,970.3,5.2
JMU_TWI_04,2023-08-16 08:00:00+00:00,0.0,0.0,0.255,0.276,32.5,65,969.4,5.8
JMU_TWI_04,2023-08-16 09:00:00+00:00,0.0,0.0,0.252,0.275,32.6,65,968.6,6.9
JMU_TWI_04,2023-08-16 10:00:00+00:00,0.2,0.2,0.252,0.273,32.5,63,967.7,9.0
JMU_TWI_04,2023-08-16 11:00:00+00:00,0.0,0.0,0.25,0.272,32.1,66,967.4,8.6
JMU_TWI_04,2023-08-16 12:00:00+00:00,0.0,0.0,0.244,0.27,30.8,73,968.2,7.2
JMU_TWI_04,2023-08-16 13:00:00+00:00,0.0,0.0,0.244,0.269,29.8,78,968.3,7.4
JMU_TWI_04,2023-08-16 14:00:00+00:00,0.0,0.0,0.245,0.269,28.4,80,967.8,4.4
JMU_TWI_04,2023-08-16 15:00:00+00:00,0.0,0.0,0.245,0.268,27.4,85,967.5,5.4
JMU_TWI_04,2023-08-16 16:00:00+00:00,0.0,0.0,0.245,0.268,27.1,85,967.5,5.1
JMU_TWI_04,2023-08-16 17:00:00+00:00,0.0,0.0,0.246,0.267,26.5,87,967.6,3.2
JMU_TWI_04,2023-08-16 18:00:00+00:00,0.0,0.0,0.246,0.267,26.6,85,967.5,2.5
JMU_TWI_04,2023-08-16 19:00:00+00:00,0.0,0.0,0.246,0.267,26.1,90,967.8,3.1
JMU_TWI_04,2023-08-16 20:00:00+00:00,0.0,0.0,0.247,0.266,25.8,92,967.5,3.9
JMU_TWI_04,2023-08-16 21:00:00+00:00,0.0,0.0,0.247,0.266,25.5,94,967.5,4.2
JMU_TWI_04,2023-08-16 22:00:00+00:00,0.0,0.0,0.247,0.265,25.5,93,967.6,4.3
JMU_TWI_04,2023-08-16 23:00:00+00:00,0.1,0.1,0.248,0.265,25.8,88,967.8,6.8
JMU_TWI_04,2023-08-17 00:00:00+00:00,0.1,0.1,0.292,0.264,23.8,92,968.3,6.2
JMU_TWI_04,2023-08-17 01:00:00+00:00,0.0,0.0,0.289,0.265,24.5,92,968.8,8.4
JMU_TWI_04,2023-08-17 02:00:00+00:00,0.0,0.0,0.285,0.265,25.7,91,969.3,7.4
JMU_TWI_04,2023-08-17 03:00:00+00:00,0.0,0.0,0.282,0.266,27.3,83,969.8,2.7
JMU_TWI_04,2023-08-17 04:00:00+00:00,0.0,0.0,0.279,0.266,29.1,75,969.9,4.3
JMU_TWI_04,2023-08-17 05:00:00+00:00,0.1,0.1,0.276,0.265,30.3,72,970.2,6.4
JMU_TWI_04,2023-08-17 06:00:00+00:00,0.0,0.0,0.272,0.265,30.9,72,969.8,6.9
JMU_TWI_04,2023-08-17 07:00:00+00:00,0.0,0.0,0.269,0.264,31.5,72,969.5,5.9
JMU_TWI_04,2023-08-17 08:00:00+00:00,0.8,0.8,0.271,0.263,30.9,74,969.1,6.3
JMU_TWI_04,2023-08-17 09:00:00+00:00,0.0,0.0,0.268,0.262,31.9,70,968.0,5.6
JMU_TWI_04,2023-08-17 10:00:00+00:00,0.0,0.0,0.265,0.261,32.3,68,967.1,5.7
JMU_TWI_04,2023-08-17 11:00:00+00:00,0.0,0.0,0.262,0.261,32.3,68,966.8,5.7
JMU_TWI_04,2023-08-17 12:00:00+00:00,0.0,0.0,0.262,0.265,32.0,68,967.8,5.1
JMU_TWI_04,2023-08-17 13:00:00+00:00,0.0,0.0,0.26,0.264,30.9,77,967.5,3.4
JMU_TWI_04,2023-08-17 14:00:00+00:00,0.0,0.0,0.26,0.264,29.0,86,967.4,6.4
JMU_TWI_04,2023-08-17 15:00:00+00:00,0.0,0.0,0.26,0.264,28.2,89,967.5,6.5
JMU_TWI_04,2023-08-17 16:00:00+00:00,0.0,0.0,0.259,0.264,29.0,83,968.0,2.5
JMU_TWI_04,2023-08-17 17:00:00+00:00,0.0,0.0,0.259,0.264,27.5,91,967.8,2.8
JMU_TWI_04,2023-08-17 18:00:00+00:00,0.0,0.0,0.258,0.264,26.9,92,967.7,2.3
JMU_TWI_04,2023-08-17 19:00:00+00:00,0.0,0.0,0.258,0.264,26.6,92,967.9,2.9
JMU_TWI_04,2023-08-17 20:00:00+00:00,0.0,0.0,0.258,0.263,26.5,92,967.7,4.0
JMU_TWI_04,2023-08-17 21:00:00+00:00,0.0,0.0,0.257,0.263,26.6,90,967.7,5.4
JMU_TWI_04,2023-08-17 22:00:00+00:00,0.0,0.0,0.257,0.263,26.5,90,967.8,5.4
JMU_TWI_04,2023-08-17 23:00:00+00:00,0.0,0.0,0.257,0.263,26.2,91,967.9,5.1
JMU_TWI_04,2023-08-18 00:00:00+00:00,0.0,0.0,0.29,0.26,24.7,97,968.8,4.7
JMU_TWI_04,2023-08-18 01:00:00+00:00,0.1,0.1,0.287,0.261,25.7,95,969.4,6.3
JMU_TWI_04,2023-08-18 02:00:00+00:00,0.0,0.0,0.284,0.262,26.5,91,969.7,4.6
JMU_TWI_04,2023-08-18 03:00:00+00:00,0.0,0.0,0.281,0.263,27.9,86,970.4,5.6
JMU_TWI_04,2023-08-18 04:00:00+00:00,0.0,0.0,0.278,0.263,29.5,80,970.5,6.4
JMU_TWI_04,2023-08-18 05:00:00+00:00,0.0,0.0,0.274,0.262,31.0,74,970.7,5.4
JMU_TWI_04,2023-08-18 06:00:00+00:00,0.1,0.1,0.271,0.262,31.9,71,970.6,4.7
JMU_TWI_04,2023-08-18 07:00:00+00:00,0.1,0.1,0.268,0.261,32.5,69,970.0,5.0
JMU_TWI_04,2023-08-18 08:00:00+00:00,0.1,0.1,0.264,0.26,32.9,67,969.2,5.8
JMU_TWI_04,2023-08-18 09:00:00+00:00,0.0,0.0,0.261,0.259,32.7,67,968.3,7.3
JMU_TWI_04,2023-08-18 10:00:00+00:00,0.0,0.0,0.258,0.258,32.9,65,967.5,8.3
JMU_TWI_04,2023-08-18 11:00:00+00:00,0.0,0.0,0.255,0.257,32.6,67,967.3,7.9
JMU_TWI_04,2023-08-18 12:00:00+00:00,0.0,0.0,0.255,0.258,32.3,67,968.0,5.5
JMU_TWI_04,2023-08-18 13:00:00+00:00,0.0,0.0,0.254,0.257,31.3,80,967.9,2.5
JMU_TWI_04,2023-08-18 14:00:00+00:00,0.0,0.0,0.254,0.257,30.8,71,968.0,1.5
JMU_TWI_04,2023-08-18 15:00:00+00:00,0.0,0.0,0.253,0.257,30.7,69,968.5,2.2
JMU_TWI_04,2023-08-18 16:00:00+00:00,0.0,0.0,0.253,0.257,30.7,69,969.2,3.1
JMU_TWI_04,2023-08-18 17:00:00+00:00,0.0,0.0,0.253,0.257,28.4,84,969.4,3.1
JMU_TWI_04,2023-08-18 18:00:00+00:00,0.0,0.0,0.252,0.257,27.7,85,969.8,11.8
JMU_TWI_04,2023-08-18 19:00:00+00:00,0.0,0.0,0.252,0.257,27.8,79,969.5,9.3
JMU_TWI_04,2023-08-18 20:00:00+00:00,0.0,0.0,0.252,0.256,27.5,82,969.0,6.8
JMU_TWI_04,2023-08-18 21:00:00+00:00,0.0,0.0,0.251,0.256,26.9,86,968.5,5.1
JMU_TWI_04,2023-08-18 22:00:00+00:00,0.0,0.0,0.251,0.256,26.4,91,968.4,3.3
JMU_TWI_04,2023-08-18 23:00:00+00:00,0.0,0.0,0.251,0.256,26.0,93,968.6,3.2
JMU_TWI_04,2023-08-19 00:00:00+00:00,0.0,0.0,0.253,0.255,27.3,87,968.9,4.6
JMU_TWI_04,2023-08-19 01:00:00+00:00,0.0,0.0,0.252,0.255,28.0,88,969.4,3.1
JMU_TWI_04,2023-08-19 02:00:00+00:00,0.0,0.0,0.252,0.255,29.1,83,969.7,5.4
JMU_TWI_04,2023-08-19 03:00:00+00:00,0.0,0.0,0.251,0.254,30.7,77,970.5,4.3
JMU_TWI_04,2023-08-19 04:00:00+00:00,0.7,0.7,0.255,0.254,27.1,90,971.9,10.1
JMU_TWI_04,2023-08-19 05:00:00+00:00,0.1,0.1,0.254,0.254,28.9,82,972.0,1.4
JMU_TWI_04,2023-08-19 06:00:00+00:00,0.0,0.0,0.251,0.253,30.9,75,971.4,0.7
JMU_TWI_04,2023-08-19 07:00:00+00:00,0.0,0.0,0.248,0.252,32.0,70,970.9,4.0
JMU_TWI_04,2023-08-19 08:00:00+00:00,0.0,0.0,0.245,0.25,32.7,67,970.5,4.7
JMU_TWI_04,2023-08-19 09:00:00+00:00,0.0,0.0,0.242,0.249,33.1,64,969.6,2.7
JMU_TWI_04,2023-08-19 10:00:00+00:00,0.0,0.0,0.239,0.248,33.6,61,968.7,1.8
JMU_TWI_04,2023-08-19 11:00:00+00:00,0.0,0.0,0.238,0.247,33.3,62,968.3,3.6
JMU_TWI_04,2023-08-19 12:00:00+00:00,0.0,0.0,0.244,0.25,31.4,76,969.5,5.2
JMU_TWI_04,2023-08-19 13:00:00+00:00,0.0,0.0,0.243,0.25,30.5,81,969.1,3.6
JMU_TWI_04,2023-08-19 14:00:00+00:00,0.0,0.0,0.243,0.25,29.0,89,968.9,5.1
JMU_TWI_04,2023-08-19 15:00:00+00:00,0.0,0.0,0.243,0.249,29.1,81,969.1,3.3
JMU_TWI_04,2023-08-19 16:00:00+00:00,0.0,0.0,0.243,0.249,28.0,89,969.6,4.7
JMU_TWI_04,2023-08-19 17:00:00+00:00,0.0,0.0,0.243,0.249,27.9,88,970.0,4.0
JMU_TWI_04,2023-08-19 18:00:00+00:00,0.0,0.0,0.242,0.249,27.9,90,970.4,4.0
JMU_TWI_04,2023-08-19 19:00:00+00:00,0.0,0.0,0.242,0.249,27.5,92,970.2,4.2
JMU_TWI_04,2023-08-19 20:00:00+00:00,0.0,0.0,0.242,0.249,27.2,94,970.0,4.0
JMU_TWI_04,2023-08-19 21:00:00+00:00,0.0,0.0,0.242,0.249,27.1,93,969.9,5.0
JMU_TWI_04,2023-08-19 22:00:00+00:00,0.0,0.0,0.242,0.249,26.6,94,969.8,3.9
JMU_TWI_04,2023-08-19 23:00:00+00:00,0.0,0.0,0.242,0.249,26.3,95,970.2,4.8
JMU_TWI_04,2023-08-20 00:00:00+00:00,0.0,0.0,0.239,0.247,27.0,90,970.1,4.8
JMU_TWI_04,2023-08-20 01:00:00+00:00,0.0,0.0,0.239,0.247,27.2,88,970.5,4.1
JMU_TWI_04,2023-08-20 02:00:00+00:00,0.0,0.0,0.239,0.247,28.9,85,970.9,4.3
JMU_TWI_04,2023-08-20 03:00:00+00:00,0.0,0.0,0.238,0.246,30.8,75,971.5,1.5
JMU_TWI_04,2023-08-20 04:00:00+00:00,0.0,0.0,0.236,0.245,31.8,73,971.8,2.4
JMU_TWI_04,2023-08-20 05:00:00+00:00,1.2,1.2,0.247,0.245,32.3,69,972.1,4.6
JMU_TWI_04,2023-08-20 06:00:00+00:00,0.0,0.0,0.244,0.244,33.1,65,971.7,4.6
JMU_TWI_04,2023-08-20 07:00:00+00:00,0.4,0.4,0.245,0.243,33.3,62,971.3,3.8
JMU_TWI_04,2023-08-20 08:00:00+00:00,0.0,0.0,0.243,0.242,33.2,63,970.8,4.6
JMU_TWI_04,2023-08-20 09:00:00+00:00,0.0,0.0,0.24,0.241,33.4,62,969.7,4.9
JMU_TWI_04,2023-08-20 10:00:00+00:00,0.0,0.0,0.238,0.24,33.6,62,969.1,5.1
JMU_TWI_04,2023-08-20 11:00:00+00:00,0.0,0.0,0.236,0.24,33.6,63,968.4,4.0
JMU_TWI_04,2023-08-20 12:00:00+00:00,0.0,0.0,0.222,0.237,32.9,66,968.8,5.8
JMU_TWI_04,2023-08-20 13:00:00+00:00,0.0,0.0,0.222,0.237,31.8,75,968.8,4.2
JMU_TWI_04,2023-08-20 14:00:00+00:00,0.0,0.0,0.222,0.237,30.4,80,968.8,5.5
JMU_TWI_04,2023-08-20 15:00:00+00:00,0.0,0.0,0.222,0.237,30.5,75,969.0,2.2
JMU_TWI_04,2023-08-20 16:00:00+00:00,0.0,0.0,0.222,0.237,30.1,77,969.5,0.8
JMU_TWI_04,2023-08-20 17:00:00+00:00,0.0,0.0,0.222,0.237,29.0,85,969.5,3.6
JMU_TWI_04,2023-08-20 18:00:00+00:00,0.0,0.0,0.222,0.236,28.6,86,969.7,3.6
JMU_TWI_04,2023-08-20 19:00:00+00:00,0.0,0.0,0.222,0.236,28.2,89,969.4,4.7
JMU_TWI_04,2023-08-20 20:00:00+00:00,0.1,0.1,0.223,0.236,27.9,86,969.1,10.5
JMU_TWI_04,2023-08-20 21:00:00+00:00,0.0,0.0,0.223,0.236,27.5,86,968.6,6.1
JMU_TWI_04,2023-08-20 22:00:00+00:00,0.0,0.0,0.224,0.236,27.2,86,968.2,5.9
JMU_TWI_04,2023-08-20 23:00:00+00:00,0.4,0.4,0.226,0.236,26.6,90,968.2,6.4
JMU_TWI_04,2023-08-21 00:00:00+00:00,0.2,0.2,0.233,0.236,26.6,91,968.8,5.7
JMU_TWI_04,2023-08-21 01:00:00+00:00,0.1,0.1,0.233,0.236,27.2,89,969.2,5.1
JMU_TWI_04,2023-08-21 02:00:00+00:00,0.8,0.8,0.241,0.236,27.6,87,969.9,7.8
JMU_TWI_04,2023-08-21 03:00:00+00:00,0.1,0.1,0.241,0.236,28.8,84,970.4,3.1
JMU_TWI_04,2023-08-21 04:00:00+00:00,0.1,0.1,0.241,0.236,30.0,78,970.2,0.0
JMU_TWI_04,2023-08-21 05:00:00+00:00,0.0,0.0,0.239,0.235,31.2,73,970.1,4.3
JMU_TWI_04,2023-08-21 06:00:00+00:00,0.0,0.0,0.236,0.234,32.2,70,969.4,5.6
JMU_TWI_04,2023-08-21 07:00:00+00:00,0.0,0.0,0.234,0.233,32.6,69,968.6,8.6
JMU_TWI_04,2023-08-21 08:00:00+00:00,0.0,0.0,0.231,0.232,33.0,68,967.9,10.1
JMU_TWI_04,2023-08-21 09:00:00+00:00,0.0,0.0,0.228,0.231,33.7,66,967.0,9.8
JMU_TWI_04,2023-08-21 10:00:00+00:00,0.0,0.0,0.226,0.23,33.9,65,966.2,8.4
JMU_TWI_04,2023-08-21 11:00:00+00:00,0.0,0.0,0.224,0.23,33.8,65,965.6,7.4
JMU_TWI_04,2023-08-21 12:00:00+00:00,0.0,0.0,0.224,0.228,31.7,80,966.6,14.1
JMU_TWI_04,2023-08-21 13:00:00+00:00,0.2,0.2,0.225,0.228,30.8,84,966.3,10.2
JMU_TWI_04,2023-08-21 14:00:00+00:00,0.1,0.1,0.225,0.228,30.2,84,966.7,8.6
JMU_TWI_04,2023-08-21 15:00:00+00:00,0.0,0.0,0.225,0.228,29.2,86,966.6,7.8
JMU_TWI_04,2023-08-21 16:00:00+00:00,0.0,0.0,0.225,0.228,28.7,88,967.1,5.1
JMU_TWI_04,2023-08-21 17:00:00+00:00,0.0,0.0,0.225,0.228,28.2,90,967.5,7.6
JMU_TWI_04,2023-08-21 18:00:00+00:00,0.0,0.0,0.225,0.228,28.0,89,967.8,7.3
JMU_TWI_04,2023-08-21 19:00:00+00:00,0.0,0.0,0.225,0.228,27.8,88,967.8,12.3
JMU_TWI_04,2023-08-21 20:00:00+00:00,0.0,0.0,0.225,0.228,27.1,88,967.6,14.6
JMU_TWI_04,2023-08-21 21:00:00+00:00,0.0,0.0,0.225,0.228,26.8,85,967.0,8.0
JMU_TWI_04,2023-08-21 22:00:00+00:00,0.1,0.1,0.225,0.228,26.2,88,966.5,10.7
JMU_TWI_04,2023-08-21 23:00:00+00:00,0.0,0.0,0.225,0.228,26.0,91,966.6,4.7
JMU_TWI_04,2023-08-22 00:00:00+00:00,0.0,0.0,0.218,0.226,26.7,84,966.8,11.5
JMU_TWI_04,2023-08-22 01:00:00+00:00,0.0,0.0,0.218,0.226,27.5,82,966.4,7.9
JMU_TWI_04,2023-08-22 02:00:00+00:00,0.0,0.0,0.218,0.226,28.7,82,966.7,2.3
JMU_TWI_04,2023-08-22 03:00:00+00:00,0.0,0.0,0.217,0.226,29.8,79,966.8,4.3
JMU_TWI_04,2023-08-22 04:00:00+00:00,0.0,0.0,0.216,0.225,31.0,76,966.9,6.4
JMU_TWI_04,2023-08-22 05:00:00+00:00,0.0,0.0,0.214,0.224,32.0,73,967.0,8.0
JMU_TWI_04,2023-08-22 06:00:00+00:00,0.0,0.0,0.211,0.223,32.9,71,966.4,9.4
JMU_TWI_04,2023-08-22 07:00:00+00:00,0.0,0.0,0.209,0.222,33.4,69,965.9,9.0
JMU_TWI_04,2023-08-22 08:00:00+00:00,0.0,0.0,0.206,0.221,34.1,66,965.4,8.9
JMU_TWI_04,2023-08-22 09:00:00+00:00,0.0,0.0,0.204,0.22,34.9,63,964.4,10.1
JMU_TWI_04,2023-08-22 10:00:00+00:00,0.0,0.0,0.202,0.219,34.8,63,963.4,9.3
JMU_TWI_04,2023-08-22 11:00:00+00:00,0.0,0.0,0.201,0.218,34.7,64,962.7,7.3
JMU_TWI_04,2023-08-22 12:00:00+00:00,0.0,0.0,0.199,0.218,33.0,74,964.0,8.5
JMU_TWI_04,2023-08-22 13:00:00+00:00,0.0,0.0,0.199,0.217,31.3,80,963.5,10.9
JMU_TWI_04,2023-08-22 14:00:00+00:00,0.0,0.0,0.199,0.217,30.3,82,963.6,7.7
JMU_TWI_04,2023-08-22 15:00:00+00:00,0.0,0.0,0.199,0.217,29.8,83,963.8,7.9
JMU_TWI_04,2023-08-22 16:00:00+00:00,0.0,0.0,0.199,0.217,29.3,83,964.4,11.2
JMU_TWI_04,2023-08-22 17:00:00+00:00,0.0,0.0,0.199,0.217,28.5,82,964.7,12.0
JMU_TWI_04,2023-08-22 18:00:00+00:00,0.0,0.0,0.199,0.217,27.7,80,965.2,16.3
JMU_TWI_04,2023-08-22 19:00:00+00:00,0.0,0.0,0.199,0.217,27.4,80,964.7,9.3
JMU_TWI_04,2023-08-22 20:00:00+00:00,0.1,0.1,0.201,0.217,26.8,84,964.8,14.2
JMU_TWI_04,2023-08-22 21:00:00+00:00,0.7,0.7,0.206,0.217,25.7,88,965.2,13.0
JMU_TWI_04,2023-08-22 22:00:00+00:00,0.4,0.4,0.209,0.217,26.0,90,963.5,10.5
JMU_TWI_04,2023-08-22 23:00:00+00:00,0.0,0.0,0.21,0.217,26.1,91,963.6,4.1
JMU_TWI_04,2023-08-23 00:00:00+00:00,0.0,0.0,0.203,0.217,26.9,86,963.1,9.4
JMU_TWI_04,2023-08-23 01:00:00+00:00,0.0,0.0,0.203,0.217,27.5,84,963.5,6.4
JMU_TWI_04,2023-08-23 02:00:00+00:00,0.6,0.6,0.21,0.217,27.6,87,964.8,11.7
JMU_TWI_04,2023-08-23 03:00:00+00:00,0.6,0.6,0.216,0.217,27.7,84,964.8,4.9
JMU_TWI_04,2023-08-23 04:00:00+00:00,0.4,0.4,0.219,0.216,28.2,82,965.2,10.7
JMU_TWI_04,2023-08-23 05:00:00+00:00,2.1,2.1,0.241,0.216,28.9,81,965.5,6.6
JMU_TWI_04,2023-08-23 06:00:00+00:00,3.4,3.4,0.28,0.217,27.1,84,965.8,13.5
JMU_TWI_04,2023-08-23 07:00:00+00:00,0.1,0.1,0.275,0.219,28.7,80,965.5,13.5
JMU_TWI_04,2023-08-23 08:00:00+00:00,0.0,0.0,0.269,0.219,30.6,74,964.8,9.9
JMU_TWI_04,2023-08-23 09:00:00+00:00,0.0,0.0,0.263,0.219,31.6,70,964.1,14.8
JMU_TWI_04,2023-08-23 10:00:00+00:00,0.0,0.0,0.259,0.219,30.8,74,963.4,12.7
JMU_TWI_04,2023-08-23 11:00:00+00:00,0.0,0.0,0.256,0.219,30.5,75,963.7,12.1
JMU_TWI_04,2023-08-23 12:00:00+00:00,0.0,0.0,0.242,0.208,28.9,87,964.4,4.7
JMU_TWI_04,2023-08-23 13:00:00+00:00,0.2,0.2,0.243,0.208,28.5,88,964.8,11.0
JMU_TWI_04,2023-08-23 14:00:00+00:00,0.0,0.0,0.242,0.208,27.7,87,964.8,13.3
JMU_TWI_04,2023-08-23 15:00:00+00:00,0.0,0.0,0.241,0.209,27.2,88,964.9,14.2
JMU_TWI_04,2023-08-23 16:00:00+00:00,0.6,0.6,0.245,0.209,26.0,93,966.0,9.5
JMU_TWI_04,2023-08-23 17:00:00+00:00,5.5,5.5,0.312,0.212,24.6,97,966.1,10.3
JMU_TWI_04,2023-08-23 18:00:00+00:00,1.2,1.2,0.313,0.218,24.7,97,966.0,4.6
JMU_TWI_04,2023-08-23 19:00:00+00:00,1.2,1.2,0.314,0.222,24.8,96,965.1,6.8
JMU_TWI_04,2023-08-23 20:00:00+00:00,2.4,2.4,0.321,0.231,24.3,96,964.6,9.4
JMU_TWI_04,2023-08-23 21:00:00+00:00,5.1,5.1,0.363,0.241,23.7,97,964.5,10.8
JMU_TWI_04,2023-08-23 22:00:00+00:00,27.9,27.9,0.386,0.361,23.4,97,964.6,8.6
JMU_TWI_04,2023-08-23 23:00:00+00:00,7.1,7.1,0.371,0.371,23.8,96,964.5,7.9
JMU_TWI_04,2023-08-24 00:00:00+00:00,0.7,0.7,0.32,0.287,23.4,96,964.8,9.1
JMU_TWI_04,2023-08-24 01:00:00+00:00,0.2,0.2,0.313,0.289,24.1,93,964.9,11.5
JMU_TWI_04,2023-08-24 02:00:00+00:00,0.2,0.2,0.308,0.29,24.5,92,965.4,12.9
JMU_TWI_04,2023-08-24 03:00:00+00:00,0.0,0.0,0.303,0.291,25.5,88,965.6,9.2
JMU_TWI_04,2023-08-24 04:00:00+00:00,0.2,0.2,0.301,0.291,26.7,83,965.8,6.8
JMU_TWI_04,2023-08-24 05:00:00+00:00,0.1,0.1,0.297,0.29,28.8,73,965.5,6.6
JMU_TWI_04,2023-08-24 06:00:00+00:00,0.4,0.4,0.295,0.29,29.3,74,965.6,5.1
JMU_TWI_04,2023-08-24 07:00:00+00:00,0.2,0.2,0.292,0.289,30.0,74,965.0,6.2
JMU_TWI_04,2023-08-24 08:00:00+00:00,0.3,0.3,0.29,0.288,30.5,73,964.9,3.0
JMU_TWI_04,2023-08-24 09:00:00+00:00,0.1,0.1,0.287,0.287,30.9,72,963.8,3.9
JMU_TWI_04,2023-08-24 10:00:00+00:00,0.1,0.1,0.284,0.286,31.1,71,963.1,4.5
JMU_TWI_04,2023-08-24 11:00:00+00:00,3.5,3.5,0.323,0.285,28.7,77,963.4,1.8
JMU_TWI_04,2023-08-24 12:00:00+00:00,0.6,0.6,0.288,0.284,31.1,70,963.3,5.4
JMU_TWI_04,2023-08-24 13:00:00+00:00,0.0,0.0,0.286,0.284,30.6,74,963.5,1.8
JMU_TWI_04,2023-08-24 14:00:00+00:00,0.0,0.0,0.284,0.283,28.6,83,963.4,4.7
JMU_TWI_04,2023-08-24 15:00:00+00:00,0.0,0.0,0.283,0.283,27.2,89,963.9,6.3
JMU_TWI_04,2023-08-24 16:00:00+00:00,0.0,0.0,0.282,0.283,26.0,86,964.5,12.2
JMU_TWI_04,2023-08-24 17:00:00+00:00,0.0,0.0,0.28,0.283,25.6,88,964.3,5.5
JMU_TWI_04,2023-08-24 18:00:00+00:00,0.0,0.0,0.279,0.282,25.3,92,964.0,6.2
JMU_TWI_04,2023-08-24 19:00:00+00:00,0.0,0.0,0.278,0.282,25.2,91,963.9,7.9
JMU_TWI_04,2023-08-24 20:00:00+00:00,2.3,2.3,0.304,0.282,24.0,93,964.7,2.6
JMU_TWI_04,2023-08-24 21:00:00+00:00,0.3,0.3,0.303,0.283,24.1,93,965.0,4.2
JMU_TWI_04,2023-08-24 22:00:00+00:00,2.5,2.5,0.327,0.286,23.5,97,964.1,13.0
JMU_TWI_04,2023-08-24 23:00:00+00:00,2.1,2.1,0.336,0.291,23.3,98,964.5,11.0
JMU_TWI_04,2023-08-25 00:00:00+00:00,0.1,0.1,0.341,0.295,23.6,96,963.7,6.1
JMU_TWI_04,2023-08-25 01:00:00+00:00,0.1,0.1,0.327,0.3,23.9,93,964.0,4.6
JMU_TWI_04,2023-08-25 02:00:00+00:00,0.0,0.0,0.318,0.301,24.8,92,965.2,2.7
JMU_TWI_04,2023-08-25 03:00:00+00:00,0.0,0.0,0.312,0.302,26.2,86,965.5,8.9
JMU_TWI_04,2023-08-25 04:00:00+00:00,0.0,0.0,0.307,0.301,27.5,81,965.9,10.7
JMU_TWI_04,2023-08-25 05:00:00+00:00,0.0,0.0,0.302,0.3,29.0,74,965.9,4.3
JMU_TWI_04,2023-08-25 06:00:00+00:00,0.0,0.0,0.297,0.299,30.0,69,965.5,2.0
JMU_TWI_04,2023-08-25 07:00:00+00:00,0.0,0.0,0.293,0.297,31.2,65,964.9,2.5
JMU_TWI_04,2023-08-25 08:00:00+00:00,0.0,0.0,0.288,0.296,31.7,64,964.2,4.1
JMU_TWI_04,2023-08-25 09:00:00+00:00,0.0,0.0,0.285,0.294,32.0,63,963.8,8.1
JMU_TWI_04,2023-08-25 10:00:00+00:00,0.0,0.0,0.281,0.292,31.9,63,963.5,9.8
JMU_TWI_04,2023-08-25 11:00:00+00:00,0.0,0.0,0.279,0.291,31.4,65,963.5,10.9
JMU_TWI_04,2023-08-25 12:00:00+00:00,0.0,0.0,0.279,0.292,31.1,71,964.2,7.1
JMU_TWI_04,2023-08-25 13:00:00+00:00,0.0,0.0,0.278,0.291,30.8,71,964.5,2.4
JMU_TWI_04,2023-08-25 14:00:00+00:00,0.0,0.0,0.277,0.291,28.6,82,964.9,3.3
JMU_TWI_04,2023-08-25 15:00:00+00:00,0.0,0.0,0.277,0.29,28.3,80,965.6,6.6
JMU_TWI_04,2023-08-25 16:00:00+00:00,0.0,0.0,0.276,0.289,27.5,85,966.3,3.9
JMU_TWI_04,2023-08-25 17:00:00+00:00,0.0,0.0,0.276,0.289,26.6,89,966.4,4.8
JMU_TWI_04,2023-08-25 18:00:00+00:00,0.0,0.0,0.275,0.288,26.8,87,966.2,5.5
JMU_TWI_04,2023-08-25 19:00:00+00:00,0.0,0.0,0.275,0.287,26.3,87,966.1,7.1
JMU_TWI_04,2023-08-25 20:00:00+00:00,0.0,0.0,0.274,0.287,25.2,87,966.1,11.0
JMU_TWI_04,2023-08-25 21:00:00+00:00,0.0,0.0,0.274,0.286,24.6,87,966.3,6.3
JMU_TWI_04,2023-08-25 22:00:00+00:00,0.0,0.0,0.273,0.286,24.5,87,966.6,3.8
JMU_TWI_04,2023-08-25 23:00:00+00:00,0.0,0.0,0.273,0.285,24.4,88,966.6,5.9
JMU_TWI_04,2023-08-26 00:00:00+00:00,0.0,0.0,0.269,0.283,23.2,92,966.8,17.2
JMU_TWI_04,2023-08-26 01:00:00+00:00,0.2,0.2,0.271,0.283,23.7,91,966.6,10.7
JMU_TWI_04,2023-08-26 02:00:00+00:00,0.0,0.0,0.27,0.282,24.5,90,966.9,4.0
JMU_TWI_04,2023-08-26 03:00:00+00:00,0.0,0.0,0.27,0.282,25.3,90,967.7,3.0
JMU_TWI_04,2023-08-26 04:00:00+00:00,0.0,0.0,0.269,0.281,26.1,86,968.2,2.1
JMU_TWI_04,2023-08-26 05:00:00+00:00,0.1,0.1,0.268,0.281,27.2,79,968.3,3.6
JMU_TWI_04,2023-08-26 06:00:00+00:00,0.0,0.0,0.267,0.28,27.6,79,967.8,1.3
JMU_TWI_04,2023-08-26 07:00:00+00:00,0.0,0.0,0.265,0.279,29.3,74,967.4,3.4
JMU_TWI_04,2023-08-26 08:00:00+00:00,0.0,0.0,0.263,0.278,29.0,75,967.0,5.4
JMU_TWI_04,2023-08-26 09:00:00+00:00,0.4,0.4,0.265,0.277,29.2,73,966.7,1.8
JMU_TWI_04,2023-08-26 10:00:00+00:00,0.5,0.5,0.269,0.276,28.7,76,966.5,4.0
JMU_TWI_04,2023-08-26 11:00:00+00:00,0.0,0.0,0.267,0.276,28.5,78,966.2,10.3
JMU_TWI_04,2023-08-26 12:00:00+00:00,0.0,0.0,0.242,0.266,30.9,59,966.1,0.4
JMU_TWI_04,2023-08-26 13:00:00+00:00,0.0,0.0,0.242,0.266,29.3,73,966.2,6.1
JMU_TWI_04,2023-08-26 14:00:00+00:00,0.0,0.0,0.242,0.265,27.5,78,966.5,5.9
JMU_TWI_04,2023-08-26 15:00:00+00:00,0.0,0.0,0.243,0.265,26.5,84,967.2,4.0
JMU_TWI_04,2023-08-26 16:00:00+00:00,0.0,0.0,0.243,0.264,26.2,83,967.8,6.4
JMU_TWI_04,2023-08-26 17:00:00+00:00,0.0,0.0,0.243,0.264,25.5,87,967.5,4.0
JMU_TWI_04,2023-08-26 18:00:00+00:00,0.0,0.0,0.243,0.264,24.9,90,967.3,2.5
JMU_TWI_04,2023-08-26 19:00:00+00:00,0.0,0.0,0.244,0.263,24.4,91,967.5,4.5
JMU_TWI_04,2023-08-26 20:00:00+00:00,0.0,0.0,0.244,0.263,24.0,92,967.3,1.3
JMU_TWI_04,2023-08-26 21:00:00+00:00,0.0,0.0,0.244,0.263,23.8,92,967.1,1.9
JMU_TWI_04,2023-08-26 22:00:00+00:00,0.0,0.0,0.244,0.262,23.5,93,966.9,1.9
JMU_TWI_04,2023-08-26 23:00:00+00:00,0.0,0.0,0.245,0.262,23.4,92,967.0,2.6
JMU_TWI_04,2023-08-27 00:00:00+00:00,0.0,0.0,0.239,0.259,23.8,87,966.8,5.2
JMU_TWI_04,2023-08-27 01:00:00+00:00,0.0,0.0,0.239,0.259,23.9,88,967.0,3.7
JMU_TWI_04,2023-08-27 02:00:00+00:00,0.0,0.0,0.239,0.258,25.9,87,967.4,3.6
JMU_TWI_04,2023-08-27 03:00:00+00:00,0.0,0.0,0.239,0.258,28.1,73,967.9,1.1
JMU_TWI_04,2023-08-27 04:00:00+00:00,0.0,0.0,0.237,0.257,29.2,71,967.9,2.1
JMU_TWI_04,2023-08-27 05:00:00+00:00,0.0,0.0,0.236,0.256,30.3,69,967.5,5.4
JMU_TWI_04,2023-08-27 06:00:00+00:00,0.0,0.0,0.233,0.255,31.2,64,967.0,8.0
JMU_TWI_04,2023-08-27 07:00:00+00:00,0.0,0.0,0.231,0.253,31.6,60,966.7,9.8
JMU_TWI_04,2023-08-27 08:00:00+00:00,0.0,0.0,0.228,0.252,31.8,57,966.3,8.4
JMU_TWI_04,2023-08-27 09:00:00+00:00,0.0,0.0,0.226,0.25,32.2,54,965.5,6.4
JMU_TWI_04,2023-08-27 10:00:00+00:00,0.0,0.0,0.224,0.249,32.1,54,964.9,5.3
JMU_TWI_04,2023-08-27 11:00:00+00:00,0.0,0.0,0.223,0.248,32.1,55,964.5,4.1
JMU_TWI_04,2023-08-27 12:00:00+00:00,0.0,0.0,0.219,0.247,31.3,61,965.2,5.2
JMU_TWI_04,2023-08-27 13:00:00+00:00,0.0,0.0,0.219,0.247,29.6,78,965.0,3.6
JMU_TWI_04,2023-08-27 14:00:00+00:00,0.0,0.0,0.219,0.247,27.9,85,965.2,6.4
JMU_TWI_04,2023-08-27 15:00:00+00:00,0.0,0.0,0.22,0.246,27.7,84,965.9,5.4
JMU_TWI_04,2023-08-27 16:00:00+00:00,0.0,0.0,0.22,0.246,27.9,80,966.5,2.2
JMU_TWI_04,2023-08-27 17:00:00+00:00,0.0,0.0,0.221,0.246,27.3,82,966.5,2.9
JMU_TWI_04,2023-08-27 18:00:00+00:00,0.0,0.0,0.221,0.245,26.0,89,966.2,4.1
JMU_TWI_04,2023-08-27 19:00:00+00:00,0.0,0.0,0.222,0.245,25.6,88,966.1,2.8
JMU_TWI_04,2023-08-27 20:00:00+00:00,0.0,0.0,0.222,0.245,25.2,88,965.6,3.1
JMU_TWI_04,2023-08-27 21:00:00+00:00,0.9,0.9,0.23,0.245,24.6,88,965.6,3.7
JMU_TWI_04,2023-08-27 22:00:00+00:00,2.3,2.3,0.261,0.245,23.7,90,965.8,5.9
JMU_TWI_04,2023-08-27 23:00:00+00:00,2.3,2.3,0.291,0.245,22.7,87,966.6,11.3
JMU_TWI_04,2023-08-28 00:00:00+00:00,0.2,0.2,0.271,0.249,21.7,91,966.2,9.2
JMU_TWI_04,2023-08-28 01:00:00+00:00,0.0,0.0,0.269,0.25,22.1,90,966.3,11.6
JMU_TWI_04,2023-08-28 02:00:00+00:00,0.0,0.0,0.268,0.25,23.5,86,965.9,9.1
JMU_TWI_04,2023-08-28 03:00:00+00:00,0.0,0.0,0.266,0.251,25.6,82,966.7,3.9
JMU_TWI_04,2023-08-28 04:00:00+00:00,0.0,0.0,0.263,0.25,27.0,78,967.7,11.9
JMU_TWI_04,2023-08-28 05:00:00+00:00,0.0,0.0,0.26,0.25,28.0,74,967.9,8.7
JMU_TWI_04,2023-08-28 06:00:00+00:00,0.0,0.0,0.257,0.249,29.0,72,967.6,4.3
JMU_TWI_04,2023-08-28 07:00:00+00:00,0.0,0.0,0.254,0.248,30.0,69,967.1,2.3
JMU_TWI_04,2023-08-28 08:00:00+00:00,0.0,0.0,0.25,0.247,30.6,66,966.5,3.1
JMU_TWI_04,2023-08-28 09:00:00+00:00,0.0,0.0,0.247,0.246,31.1,63,965.9,5.4
JMU_TWI_04,2023-08-28 10:00:00+00:00,0.0,0.0,0.245,0.245,31.1,61,965.4,2.8
JMU_TWI_04,2023-08-28 11:00:00+00:00,0.0,0.0,0.243,0.245,31.2,58,965.2,1.1
JMU_TWI_04,2023-08-28 12:00:00+00:00,0.0,0.0,0.244,0.245,29.9,63,966.2,2.5
JMU_TWI_04,2023-08-28 13:00:00+00:00,0.0,0.0,0.244,0.245,28.8,72,966.0,2.3
JMU_TWI_04,2023-08-28 14:00:00+00:00,0.0,0.0,0.244,0.245,27.8,72,966.3,2.9
JMU_TWI_04,2023-08-28 15:00:00+00:00,0.0,0.0,0.243,0.245,26.5,77,966.6,2.9
JMU_TWI_04,2023-08-28 16:00:00+00:00,0.0,0.0,0.243,0.245,25.7,79,967.0,2.5
JMU_TWI_04,2023-08-28 17:00:00+00:00,0.0,0.0,0.243,0.245,24.8,83,967.1,3.1
JMU_TWI_04,2023-08-28 18:00:00+00:00,0.0,0.0,0.242,0.245,24.3,86,967.3,3.1
JMU_TWI_04,2023-08-28 19:00:00+00:00,0.0,0.0,0.242,0.245,23.8,89,967.5,4.3
JMU_TWI_04,2023-08-28 20:00:00+00:00,0.0,0.0,0.242,0.245,23.4,90,967.6,4.5
JMU_TWI_04,2023-08-28 21:00:00+00:00,0.0,0.0,0.242,0.245,23.1,91,968.0,4.2
JMU_TWI_04,2023-08-28 22:00:00+00:00,0.0,0.0,0.242,0.245,22.9,91,967.9,6.1
JMU_TWI_04,2023-08-28 23:00:00+00:00,0.0,0.0,0.241,0.245,23.1,87,967.8,7.1
JMU_TWI_04,2023-08-29 00:00:00+00:00,0.0,0.0,0.24,0.244,23.9,83,968.4,7.4
JMU_TWI_04,2023-08-29 01:00:00+00:00,0.0,0.0,0.239,0.244,24.2,82,969.4,5.1
JMU_TWI_04,2023-08-29 02:00:00+00:00,0.0,0.0,0.239,0.244,25.2,87,970.6,2.2
JMU_TWI_04,2023-08-29 03:00:00+00:00,0.0,0.0,0.238,0.244,27.1,75,970.9,1.1
JMU_TWI_04,2023-08-29 04:00:00+00:00,0.0,0.0,0.237,0.243,28.4,71,970.4,2.8
JMU_TWI_04,2023-08-29 05:00:00+00:00,0.0,0.0,0.235,0.242,29.8,67,970.4,3.1
JMU_TWI_04,2023-08-29 06:00:00+00:00,0.0,0.0,0.232,0.241,30.9,63,970.1,6.9
JMU_TWI_04,2023-08-29 07:00:00+00:00,0.0,0.0,0.229,0.24,31.5,61,969.5,10.2
JMU_TWI_04,2023-08-29 08:00:00+00:00,0.0,0.0,0.226,0.239,31.8,59,969.3,10.5
JMU_TWI_04,2023-08-29 09:00:00+00:00,0.0,0.0,0.223,0.237,32.2,56,968.6,9.8
JMU_TWI_04,2023-08-29 10:00:00+00:00,0.0,0.0,0.221,0.236,32.1,56,968.0,9.2
JMU_TWI_04,2023-08-29 11:00:00+00:00,0.0,0.0,0.219,0.235,32.0,57,967.8,8.5
JMU_TWI_04,2023-08-29 12:00:00+00:00,0.0,0.0,0.219,0.235,31.6,70,968.6,3.1
JMU_TWI_04,2023-08-29 13:00:00+00:00,0.0,0.0,0.219,0.235,31.2,68,968.7,1.5
JMU_TWI_04,2023-08-29 14:00:00+00:00,0.0,0.0,0.219,0.235,28.2,86,968.7,4.7
JMU_TWI_04,2023-08-29 15:00:00+00:00,0.0,0.0,0.219,0.235,27.7,86,969.2,4.6
JMU_TWI_04,2023-08-29 16:00:00+00:00,0.0,0.0,0.219,0.235,27.5,84,969.6,7.3
JMU_TWI_04,2023-08-29 17:00:00+00:00,0.0,0.0,0.22,0.235,26.6,86,969.5,5.4
JMU_TWI_04,2023-08-29 18:00:00+00:00,0.0,0.0,0.22,0.235,26.0,86,969.4,5.2
JMU_TWI_04,2023-08-29 19:00:00+00:00,0.0,0.0,0.22,0.235,25.7,86,969.3,6.9
JMU_TWI_04,2023-08-29 20:00:00+00:00,0.0,0.0,0.22,0.234,25.5,85,969.1,6.6
JMU_TWI_04,2023-08-29 21:00:00+00:00,0.0,0.0,0.22,0.234,25.2,86,969.0,5.6
JMU_TWI_04,2023-08-29 22:00:00+00:00,0.0,0.0,0.22,0.234,24.9,88,969.4,6.2
JMU_TWI_04,2023-08-29 23:00:00+00:00,0.0,0.0,0.22,0.234,24.8,91,969.8,7.3
JMU_TWI_04,2023-08-30 00:00:00+00:00,0.0,0.0,0.22,0.233,24.6,97,970.5,7.7
JMU_TWI_04,2023-08-30 01:00:00+00:00,0.0,0.0,0.22,0.233,24.8,96,971.0,6.5
JMU_TWI_04,2023-08-30 02:00:00+00:00,0.0,0.0,0.22,0.233,26.1,93,971.3,4.6
JMU_TWI_04,2023-08-30 03:00:00+00:00,0.0,0.0,0.22,0.233,27.7,85,971.9,3.6
JMU_TWI_04,2023-08-30 04:00:00+00:00,0.0,0.0,0.218,0.232,28.9,80,972.1,4.5
JMU_TWI_04,2023-08-30 05:00:00+00:00,0.0,0.0,0.217,0.231,30.1,75,972.3,6.5
JMU_TWI_04,2023-08-30 06:00:00+00:00,0.0,0.0,0.215,0.23,31.1,70,971.9,7.6
JMU_TWI_04,2023-08-30 07:00:00+00:00,0.0,0.0,0.212,0.229,31.9,64,971.4,8.1
JMU_TWI_04,2023-08-30 08:00:00+00:00,0.0,0.0,0.209,0.228,32.5,58,970.9,9.0
JMU_TWI_04,2023-08-30 09:00:00+00:00,0.0,0.0,0.207,0.227,32.8,55,970.3,9.4
JMU_TWI_04,2023-08-30 10:00:00+00:00,0.0,0.0,0.205,0.225,32.7,56,969.7,8.8
JMU_TWI_04,2023-08-30 11:00:00+00:00,0.0,0.0,0.203,0.225,32.4,57,969.5,6.3
JMU_TWI_04,2023-08-30 12:00:00+00:00,0.0,0.0,0.203,0.224,31.3,61,970.3,4.8
JMU_TWI_04,2023-08-30 13:00:00+00:00,0.0,0.0,0.202,0.224,29.7,72,970.2,2.6
JMU_TWI_04,2023-08-30 14:00:00+00:00,0.0,0.0,0.203,0.224,28.6,69,970.0,3.9
JMU_TWI_04,2023-08-30 15:00:00+00:00,0.0,0.0,0.203,0.223,29.6,60,970.5,2.7
JMU_TWI_04,2023-08-30 16:00:00+00:00,0.0,0.0,0.203,0.223,27.5,73,970.6,1.8
JMU_TWI_04,2023-08-30 17:00:00+00:00,0.0,0.0,0.203,0.223,26.6,77,970.5,3.2
JMU_TWI_04,2023-08-30 18:00:00+00:00,0.0,0.0,0.203,0.223,26.1,80,970.5,3.6
JMU_TWI_04,2023-08-30 19:00:00+00:00,0.0,0.0,0.203,0.223,25.6,84,970.3,3.7
JMU_TWI_04,2023-08-30 20:00:00+00:00,0.0,0.0,0.204,0.223,25.3,85,970.1,3.8
JMU_TWI_04,2023-08-30 21:00:00+00:00,0.0,0.0,0.204,0.223,25.0,86,969.9,4.2
JMU_TWI_04,2023-08-30 22:00:00+00:00,0.0,0.0,0.204,0.223,24.7,87,969.8,4.8
JMU_TWI_04,2023-08-30 23:00:00+00:00,0.0,0.0,0.204,0.222,24.3,87,970.2,3.9
JMU_TWI_04,2023-08-31 00:00:00+00:00,0.0,0.0,0.205,0.223,24.9,86,970.8,3.1
JMU_TWI_04,2023-08-31 01:00:00+00:00,0.0,0.0,0.205,0.223,25.5,85,971.4,6.0
JMU_TWI_04,2023-08-31 02:00:00+00:00,0.0,0.0,0.205,0.223,27.0,84,971.9,4.5
JMU_TWI_04,2023-08-31 03:00:00+00:00,0.0,0.0,0.205,0.222,29.1,76,972.4,2.1
JMU_TWI_04,2023-08-31 04:00:00+00:00,0.0,0.0,0.203,0.222,30.2,72,972.9,4.5
JMU_TWI_04,2023-08-31 05:00:00+00:00,0.0,0.0,0.202,0.221,31.0,71,973.0,5.1
JMU_TWI_04,2023-08-31 06:00:00+00:00,0.1,0.1,0.2,0.22,31.8,68,972.6,5.1
JMU_TWI_04,2023-08-31 07:00:00+00:00,0.1,0.1,0.199,0.219,32.5,66,972.2,7.6
JMU_TWI_04,2023-08-31 08:00:00+00:00,0.0,0.0,0.197,0.218,32.9,64,971.5,7.6
JMU_TWI_04,2023-08-31 09:00:00+00:00,0.0,0.0,0.194,0.217,33.2,61,970.9,7.6
JMU_TWI_04,2023-08-31 10:00:00+00:00,0.0,0.0,0.192,0.216,33.3,61,970.4,6.9
JMU_TWI_04,2023-08-31 11:00:00+00:00,0.0,0.0,0.191,0.215,33.0,61,970.1,6.2
JMU_TWI_04,2023-08-31 12:00:00+00:00,0.0,0.0,0.189,0.214,32.1,66,970.7,6.3
JMU_TWI_04,2023-08-31 13:00:00+00:00,0.0,0.0,0.189,0.214,30.5,79,970.6,3.8
JMU_TWI_04,2023-08-31 14:00:00+00:00,0.0,0.0,0.189,0.214,31.0,63,970.8,5.9
JMU_TWI_04,2023-08-31 15:00:00+00:00,0.0,0.0,0.189,0.214,31.1,62,971.1,4.2
JMU_TWI_04,2023-08-31 16:00:00+00:00,0.0,0.0,0.189,0.214,30.4,65,971.3,1.3
JMU_TWI_04,2023-08-31 17:00:00+00:00,0.0,0.0,0.19,0.214,27.8,80,971.2,2.7
JMU_TWI_04,2023-08-31 18:00:00+00:00,0.0,0.0,0.19,0.214,27.4,81,971.2,2.5
JMU_TWI_04,2023-08-31 19:00:00+00:00,0.0,0.0,0.19,0.214,26.7,86,970.8,2.9
JMU_TWI_04,2023-08-31 20:00:00+00:00,0.0,0.0,0.19,0.213,26.7,85,970.2,2.1
JMU_TWI_04,2023-08-31 21:00:00+00:00,0.0,0.0,0.19,0.213,26.3,87,969.8,3.4
JMU_TWI_04,2023-08-31 22:00:00+00:00,0.0,0.0,0.191,0.213,26.0,88,969.7,2.4
JMU_TWI_04,2023-08-31 23:00:00+00:00,0.0,0.0,0.191,0.213,25.8,88,969.8,3.1
