station_id,datetime_utc,precipitation,rain,soil_moisture_0_to_7cm,soil_moisture_7_to_28cm,temperature_2m,relative_humidity_2m,surface_pressure,wind_speed_10m
CHL_LEH_05,2023-06-01 00:00:00+00:00,1.1,0.2,0.431,0.43,4.8,75,685.6,2.9
CHL_LEH_05,2023-06-01 01:00:00+00:00,0.3,0.1,0.429,0.429,5.5,69,686.3,3.9
CHL_LEH_05,2023-06-01 02:00:00+00:00,0.4,0.1,0.429,0.429,5.0,72,686.5,4.4
CHL_LEH_05,2023-06-01 03:00:00+00:00,1.0,0.2,0.436,0.429,6.0,64,687.5,2.5
CHL_LEH_05,2023-06-01 04:00:00+00:00,1.1,0.1,0.439,0.431,6.0,64,687.3,3.9
CHL_LEH_05,2023-06-01 05:00:00+00:00,0.5,0.1,0.439,0.435,8.0,52,687.9,1.5
CHL_LEH_05,2023-06-01 06:00:00+00:00,0.0,0.0,0.439,0.439,10.2,36,688.3,1.9
CHL_LEH_05,2023-06-01 07:00:00+00:00,0.0,0.0,0.439,0.439,11.8,28,688.5,4.0
CHL_LEH_05,2023-06-01 08:00:00+00:00,0.0,0.0,0.439,0.439,12.7,27,688.1,4.3
CHL_LEH_05,2023-06-01 09:00:00+00:00,0.0,0.0,0.439,0.438,12.6,27,687.6,2.9
CHL_LEH_05,2023-06-01 10:00:00+00:00,0.0,0.0,0.439,0.438,9.4,50,684.9,7.8
CHL_LEH_05,2023-06-01 11:00:00+00:00,0.5,0.4,0.438,0.439,10.6,51,687.2,3.3
CHL_LEH_05,2023-06-01 12:00:00+00:00,1.5,1.0,0.438,0.438,9.3,51,686.8,3.9
CHL_LEH_05,2023-06-01 13:00:00+00:00,1.7,0.5,0.439,0.437,7.0,69,686.5,1.8
CHL_LEH_05,2023-06-01 14:00:00+00:00,1.8,0.6,0.439,0.437,6.2,75,686.6,2.2
CHL_LEH_05,2023-06-01 15:00:00+00:00,1.9,0.5,0.438,0.437,4.6,78,686.1,5.5
CHL_LEH_05,2023-06-01 16:00:00+00:00,0.3,0.2,0.436,0.436,5.8,67,687.4,3.7
CHL_LEH_05,2023-06-01 17:00:00+00:00,0.3,0.2,0.434,0.435,5.0,71,686.9,3.2
CHL_LEH_05,2023-06-01 18:00:00+00:00,1.0,0.2,0.432,0.434,4.8,69,686.7,3.1
CHL_LEH_05,2023-06-01 19:00:00+00:00,0.4,0.1,0.43,0.434,4.9,66,686.5,3.1
CHL_LEH_05,2023-06-01 20:00:00+00:00,0.4,0.1,0.429,0.433,4.7,66,686.0,3.3
CHL_LEH_05,2023-06-01 21:00:00+00:00,1.0,0.0,0.427,0.432,4.4,67,685.6,2.2
CHL_LEH_05,2023-06-01 22:00:00+00:00,0.4,0.0,0.426,0.432,3.5,72,684.8,2.4
CHL_LEH_05,2023-06-01 23:00:00+00:00,0.4,0.0,0.425,0.431,3.4,71,685.0,2.0
CHL_LEH_05,2023-06-02 00:00:00+00:00,0.1,0.0,0.425,0.431,3.7,73,685.2,3.8
CHL_LEH_05,2023-06-02 01:00:00+00:00,0.0,0.0,0.424,0.431,4.0,70,685.7,2.3
CHL_LEH_05,2023-06-02 02:00:00+00:00,0.0,0.0,0.423,0.43,3.9,69,685.9,2.2
CHL_LEH_05,2023-06-02 03:00:00+00:00,0.0,0.0,0.422,0.43,4.8,55,686.8,2.2
CHL_LEH_05,2023-06-02 04:00:00+00:00,0.0,0.0,0.421,0.429,5.7,49,687.3,3.1
CHL_LEH_05,2023-06-02 05:00:00+00:00,0.0,0.0,0.425,0.429,6.4,47,687.5,3.7
CHL_LEH_05,2023-06-02 06:00:00+00:00,0.0,0.0,0.439,0.43,6.7,50,687.0,4.6
CHL_LEH_05,2023-06-02 07:00:00+00:00,0.0,0.0,0.439,0.435,7.5,52,687.0,4.6
CHL_LEH_05,2023-06-02 08:00:00+00:00,0.1,0.1,0.439,0.438,6.4,65,685.5,7.6
CHL_LEH_05,2023-06-02 09:00:00+00:00,0.4,0.1,0.439,0.439,6.7,67,685.5,7.0
CHL_LEH_05,2023-06-02 10:00:00+00:00,0.0,0.0,0.438,0.439,7.8,57,685.6,6.5
CHL_LEH_05,2023-06-02 11:00:00+00:00,0.0,0.0,0.439,0.438,7.2,59,685.0,7.2
CHL_LEH_05,2023-06-02 12:00:00+00:00,0.0,0.0,0.437,0.437,7.4,53,685.2,6.9
CHL_LEH_05,2023-06-02 13:00:00+00:00,0.0,0.0,0.434,0.436,8.7,42,687.1,4.0
CHL_LEH_05,2023-06-02 14:00:00+00:00,0.0,0.0,0.432,0.435,8.0,43,687.2,2.4
CHL_LEH_05,2023-06-02 15:00:00+00:00,0.0,0.0,0.43,0.435,7.2,48,687.3,2.9
CHL_LEH_05,2023-06-02 16:00:00+00:00,0.1,0.1,0.429,0.434,6.6,52,687.5,2.1
CHL_LEH_05,2023-06-02 17:00:00+00:00,0.1,0.0,0.427,0.433,5.8,53,687.4,2.2
CHL_LEH_05,2023-06-02 18:00:00+00:00,0.4,0.0,0.426,0.433,5.0,59,687.0,1.8
CHL_LEH_05,2023-06-02 19:00:00+00:00,0.7,0.0,0.425,0.432,4.5,64,686.6,1.5
CHL_LEH_05,2023-06-02 20:00:00+00:00,0.1,0.0,0.424,0.432,4.1,65,686.0,1.9
CHL_LEH_05,2023-06-02 21:00:00+00:00,0.1,0.0,0.423,0.431,3.6,69,685.6,2.6
CHL_LEH_05,2023-06-02 22:00:00+00:00,0.1,0.0,0.422,0.43,3.4,70,685.4,3.1
CHL_LEH_05,2023-06-02 23:00:00+00:00,0.0,0.0,0.421,0.43,3.1,70,685.2,2.2
CHL_LEH_05,2023-06-03 00:00:00+00:00,0.0,0.0,0.42,0.429,3.3,62,686.0,1.6
CHL_LEH_05,2023-06-03 01:00:00+00:00,0.2,0.0,0.42,0.429,3.1,63,686.5,3.3
CHL_LEH_05,2023-06-03 02:00:00+00:00,0.1,0.0,0.419,0.428,2.1,81,686.2,4.4
CHL_LEH_05,2023-06-03 03:00:00+00:00,0.1,0.0,0.418,0.428,2.6,78,687.0,5.8
CHL_LEH_05,2023-06-03 04:00:00+00:00,0.2,0.0,0.418,0.428,3.4,74,687.6,6.0
CHL_LEH_05,2023-06-03 05:00:00+00:00,0.2,0.0,0.417,0.427,4.3,69,688.2,6.4
CHL_LEH_05,2023-06-03 06:00:00+00:00,0.0,0.0,0.418,0.427,5.1,71,688.5,5.3
CHL_LEH_05,2023-06-03 07:00:00+00:00,0.3,0.1,0.439,0.427,5.7,72,688.5,5.5
CHL_LEH_05,2023-06-03 08:00:00+00:00,0.1,0.0,0.439,0.433,7.5,50,689.7,2.3
CHL_LEH_05,2023-06-03 09:00:00+00:00,0.8,0.2,0.439,0.438,6.0,68,689.0,4.2
CHL_LEH_05,2023-06-03 10:00:00+00:00,0.2,0.0,0.438,0.439,6.6,60,688.9,5.1
CHL_LEH_05,2023-06-03 11:00:00+00:00,1.5,0.1,0.438,0.438,5.6,67,688.7,5.2
CHL_LEH_05,2023-06-03 12:00:00+00:00,1.6,0.1,0.437,0.437,7.5,44,690.2,4.0
CHL_LEH_05,2023-06-03 13:00:00+00:00,0.4,0.0,0.434,0.436,6.6,49,690.3,4.3
CHL_LEH_05,2023-06-03 14:00:00+00:00,0.1,0.0,0.432,0.436,6.6,45,690.6,4.5
CHL_LEH_05,2023-06-03 15:00:00+00:00,0.1,0.0,0.43,0.435,6.6,43,691.0,4.9
CHL_LEH_05,2023-06-03 16:00:00+00:00,0.1,0.0,0.428,0.434,6.3,43,691.3,2.4
CHL_LEH_05,2023-06-03 17:00:00+00:00,0.0,0.0,0.427,0.434,5.4,47,690.6,3.5
CHL_LEH_05,2023-06-03 18:00:00+00:00,0.0,0.0,0.426,0.433,4.4,49,689.8,4.8
CHL_LEH_05,2023-06-03 19:00:00+00:00,0.0,0.0,0.424,0.432,3.1,50,688.4,3.6
CHL_LEH_05,2023-06-03 20:00:00+00:00,0.0,0.0,0.423,0.432,2.4,51,687.7,2.6
CHL_LEH_05,2023-06-03 21:00:00+00:00,0.0,0.0,0.422,0.431,1.8,51,687.0,2.5
CHL_LEH_05,2023-06-03 22:00:00+00:00,0.0,0.0,0.421,0.431,1.9,49,687.2,2.3
CHL_LEH_05,2023-06-03 23:00:00+00:00,0.0,0.0,0.421,0.43,1.9,48,687.5,1.5
CHL_LEH_05,2023-06-04 00:00:00+00:00,0.0,0.0,0.42,0.43,2.1,58,688.4,0.4
CHL_LEH_05,2023-06-04 01:00:00+00:00,0.1,0.0,0.419,0.429,3.3,54,690.0,2.3
CHL_LEH_05,2023-06-04 02:00:00+00:00,0.0,0.0,0.419,0.429,4.5,52,691.1,2.1
CHL_LEH_05,2023-06-04 03:00:00+00:00,0.0,0.0,0.418,0.428,4.5,65,690.7,5.4
CHL_LEH_05,2023-06-04 04:00:00+00:00,0.0,0.0,0.417,0.428,7.0,44,692.5,2.9
CHL_LEH_05,2023-06-04 05:00:00+00:00,0.0,0.0,0.417,0.428,8.3,37,692.7,3.2
CHL_LEH_05,2023-06-04 06:00:00+00:00,0.0,0.0,0.416,0.427,9.2,32,692.8,3.4
CHL_LEH_05,2023-06-04 07:00:00+00:00,0.0,0.0,0.416,0.427,10.5,27,692.8,2.6
CHL_LEH_05,2023-06-04 08:00:00+00:00,0.1,0.1,0.434,0.427,11.4,26,692.7,1.9
CHL_LEH_05,2023-06-04 09:00:00+00:00,0.0,0.0,0.439,0.432,11.9,26,692.5,3.1
CHL_LEH_05,2023-06-04 10:00:00+00:00,0.0,0.0,0.439,0.437,12.3,26,692.3,2.7
CHL_LEH_05,2023-06-04 11:00:00+00:00,0.0,0.0,0.438,0.438,11.7,27,692.1,1.6
CHL_LEH_05,2023-06-04 12:00:00+00:00,0.0,0.0,0.436,0.438,7.1,57,689.8,8.2
CHL_LEH_05,2023-06-04 13:00:00+00:00,0.0,0.0,0.433,0.437,6.0,61,689.4,8.4
CHL_LEH_05,2023-06-04 14:00:00+00:00,0.0,0.0,0.431,0.436,7.4,54,690.4,7.4
CHL_LEH_05,2023-06-04 15:00:00+00:00,0.0,0.0,0.429,0.435,9.0,45,691.7,6.4
CHL_LEH_05,2023-06-04 16:00:00+00:00,0.0,0.0,0.427,0.435,9.3,42,692.3,4.8
CHL_LEH_05,2023-06-04 17:00:00+00:00,0.0,0.0,0.426,0.434,8.7,41,691.9,3.1
CHL_LEH_05,2023-06-04 18:00:00+00:00,0.0,0.0,0.425,0.433,7.7,42,690.9,6.0
CHL_LEH_05,2023-06-04 19:00:00+00:00,0.0,0.0,0.423,0.433,6.9,43,690.0,6.5
CHL_LEH_05,2023-06-04 20:00:00+00:00,0.0,0.0,0.422,0.432,6.5,43,689.4,3.3
CHL_LEH_05,2023-06-04 21:00:00+00:00,0.0,0.0,0.422,0.432,6.3,43,689.2,4.4
CHL_LEH_05,2023-06-04 22:00:00+00:00,0.0,0.0,0.421,0.431,5.7,43,688.7,4.6
CHL_LEH_05,2023-06-04 23:00:00+00:00,0.0,0.0,0.42,0.431,5.4,44,688.7,3.1
CHL_LEH_05,2023-06-05 00:00:00+00:00,0.0,0.0,0.419,0.43,5.6,41,689.3,4.6
CHL_LEH_05,2023-06-05 01:00:00+00:00,0.0,0.0,0.418,0.43,5.5,43,689.7,1.6
CHL_LEH_05,2023-06-05 02:00:00+00:00,0.0,0.0,0.418,0.429,6.4,40,690.7,2.7
CHL_LEH_05,2023-06-05 03:00:00+00:00,0.0,0.0,0.417,0.429,7.4,37,691.3,0.7
CHL_LEH_05,2023-06-05 04:00:00+00:00,0.0,0.0,0.417,0.428,8.7,32,691.8,1.1
CHL_LEH_05,2023-06-05 05:00:00+00:00,0.0,0.0,0.416,0.428,9.9,28,692.1,2.3
CHL_LEH_05,2023-06-05 06:00:00+00:00,0.0,0.0,0.415,0.427,10.9,25,692.2,2.9
CHL_LEH_05,2023-06-05 07:00:00+00:00,0.0,0.0,0.427,0.427,11.7,24,692.1,3.6
CHL_LEH_05,2023-06-05 08:00:00+00:00,0.0,0.0,0.439,0.431,12.2,23,691.8,4.2
CHL_LEH_05,2023-06-05 09:00:00+00:00,0.0,0.0,0.439,0.437,10.1,41,689.6,6.6
CHL_LEH_05,2023-06-05 10:00:00+00:00,0.0,0.0,0.439,0.439,11.6,32,690.2,5.8
CHL_LEH_05,2023-06-05 11:00:00+00:00,0.1,0.1,0.439,0.438,12.6,29,690.9,4.0
CHL_LEH_05,2023-06-05 12:00:00+00:00,0.0,0.0,0.438,0.438,13.6,23,691.2,2.2
CHL_LEH_05,2023-06-05 13:00:00+00:00,0.0,0.0,0.434,0.437,13.5,22,691.0,4.7
CHL_LEH_05,2023-06-05 14:00:00+00:00,0.0,0.0,0.432,0.436,13.1,23,691.1,4.7
CHL_LEH_05,2023-06-05 15:00:00+00:00,0.0,0.0,0.43,0.436,12.0,25,690.6,5.6
CHL_LEH_05,2023-06-05 16:00:00+00:00,0.0,0.0,0.428,0.435,11.0,28,690.5,4.1
CHL_LEH_05,2023-06-05 17:00:00+00:00,0.0,0.0,0.426,0.434,10.1,30,690.5,2.0
CHL_LEH_05,2023-06-05 18:00:00+00:00,0.0,0.0,0.425,0.434,9.8,31,690.4,3.5
CHL_LEH_05,2023-06-05 19:00:00+00:00,0.0,0.0,0.424,0.433,8.7,32,689.2,6.1
CHL_LEH_05,2023-06-05 20:00:00+00:00,0.0,0.0,0.423,0.433,8.0,33,688.3,3.6
CHL_LEH_05,2023-06-05 21:00:00+00:00,0.0,0.0,0.422,0.432,7.7,34,688.1,2.3
CHL_LEH_05,2023-06-05 22:00:00+00:00,0.0,0.0,0.421,0.432,6.9,36,687.6,5.6
CHL_LEH_05,2023-06-05 23:00:00+00:00,0.0,0.0,0.42,0.431,6.4,38,687.6,3.8
CHL_LEH_05,2023-06-06 00:00:00+00:00,0.0,0.0,0.419,0.431,6.1,39,687.9,5.6
CHL_LEH_05,2023-06-06 01:00:00+00:00,0.0,0.0,0.419,0.43,4.6,48,686.8,6.5
CHL_LEH_05,2023-06-06 02:00:00+00:00,0.0,0.0,0.418,0.43,6.5,39,689.2,4.5
CHL_LEH_05,2023-06-06 03:00:00+00:00,0.0,0.0,0.417,0.429,6.6,44,689.1,4.5
CHL_LEH_05,2023-06-06 04:00:00+00:00,0.0,0.0,0.417,0.429,7.9,41,689.8,4.0
CHL_LEH_05,2023-06-06 05:00:00+00:00,0.0,0.0,0.416,0.428,9.9,29,690.9,3.1
CHL_LEH_05,2023-06-06 06:00:00+00:00,0.0,0.0,0.436,0.428,11.3,26,691.1,2.9
CHL_LEH_05,2023-06-06 07:00:00+00:00,0.0,0.0,0.439,0.434,12.7,24,691.1,1.9
CHL_LEH_05,2023-06-06 08:00:00+00:00,0.0,0.0,0.439,0.439,10.8,44,689.1,5.7
CHL_LEH_05,2023-06-06 09:00:00+00:00,0.0,0.0,0.439,0.439,9.9,50,687.6,6.9
CHL_LEH_05,2023-06-06 10:00:00+00:00,0.0,0.0,0.439,0.439,9.9,45,687.2,7.6
CHL_LEH_05,2023-06-06 11:00:00+00:00,0.0,0.0,0.438,0.439,8.4,56,686.0,9.4
CHL_LEH_05,2023-06-06 12:00:00+00:00,0.0,0.0,0.436,0.438,10.3,47,688.0,6.4
CHL_LEH_05,2023-06-06 13:00:00+00:00,0.0,0.0,0.434,0.437,11.3,41,689.4,3.6
CHL_LEH_05,2023-06-06 14:00:00+00:00,0.0,0.0,0.431,0.437,11.1,40,689.6,0.0
CHL_LEH_05,2023-06-06 15:00:00+00:00,0.0,0.0,0.429,0.436,10.5,40,689.9,3.1
CHL_LEH_05,2023-06-06 16:00:00+00:00,0.0,0.0,0.427,0.435,9.5,42,690.1,4.3
CHL_LEH_05,2023-06-06 17:00:00+00:00,0.0,0.0,0.426,0.435,7.9,48,689.4,6.5
CHL_LEH_05,2023-06-06 18:00:00+00:00,0.0,0.0,0.425,0.434,6.4,53,688.6,6.6
CHL_LEH_05,2023-06-06 19:00:00+00:00,0.0,0.0,0.423,0.434,4.2,63,686.9,6.9
CHL_LEH_05,2023-06-06 20:00:00+00:00,0.0,0.0,0.422,0.433,4.5,61,687.1,3.8
CHL_LEH_05,2023-06-06 21:00:00+00:00,0.3,0.0,0.421,0.433,4.1,62,687.1,4.5
CHL_LEH_05,2023-06-06 22:00:00+00:00,1.1,0.0,0.42,0.432,3.2,65,686.9,3.1
CHL_LEH_05,2023-06-06 23:00:00+00:00,1.0,0.0,0.42,0.432,2.8,67,687.0,1.6
CHL_LEH_05,2023-06-07 00:00:00+00:00,0.0,0.0,0.419,0.431,4.6,65,687.8,2.3
CHL_LEH_05,2023-06-07 01:00:00+00:00,0.0,0.0,0.418,0.431,3.7,69,686.9,5.6
CHL_LEH_05,2023-06-07 02:00:00+00:00,0.0,0.0,0.418,0.43,5.8,56,689.1,0.4
CHL_LEH_05,2023-06-07 03:00:00+00:00,0.0,0.0,0.417,0.43,6.4,55,689.6,0.8
CHL_LEH_05,2023-06-07 04:00:00+00:00,0.0,0.0,0.416,0.429,7.1,54,690.1,0.8
CHL_LEH_05,2023-06-07 05:00:00+00:00,0.0,0.0,0.417,0.429,7.7,59,690.0,3.0
CHL_LEH_05,2023-06-07 06:00:00+00:00,0.0,0.0,0.439,0.431,9.1,50,690.3,3.4
CHL_LEH_05,2023-06-07 07:00:00+00:00,0.0,0.0,0.439,0.438,9.7,53,689.9,4.6
CHL_LEH_05,2023-06-07 08:00:00+00:00,0.0,0.0,0.439,0.439,10.0,48,689.7,4.7
CHL_LEH_05,2023-06-07 09:00:00+00:00,0.1,0.1,0.439,0.439,9.8,51,688.9,5.4
CHL_LEH_05,2023-06-07 10:00:00+00:00,0.0,0.0,0.439,0.439,11.3,33,689.8,5.2
CHL_LEH_05,2023-06-07 11:00:00+00:00,0.3,0.1,0.436,0.438,7.0,62,687.3,8.0
CHL_LEH_05,2023-06-07 12:00:00+00:00,0.5,0.2,0.434,0.438,9.5,58,690.2,4.6
CHL_LEH_05,2023-06-07 13:00:00+00:00,0.0,0.0,0.432,0.438,8.9,60,690.3,1.8
CHL_LEH_05,2023-06-07 14:00:00+00:00,0.0,0.0,0.43,0.437,8.2,63,690.3,3.7
CHL_LEH_05,2023-06-07 15:00:00+00:00,0.0,0.0,0.428,0.436,7.1,66,690.3,2.5
CHL_LEH_05,2023-06-07 16:00:00+00:00,0.0,0.0,0.426,0.436,5.2,71,689.2,4.7
CHL_LEH_05,2023-06-07 17:00:00+00:00,0.0,0.0,0.425,0.435,4.6,71,689.3,4.4
CHL_LEH_05,2023-06-07 18:00:00+00:00,0.0,0.0,0.424,0.435,4.6,68,689.6,3.1
CHL_LEH_05,2023-06-07 19:00:00+00:00,0.0,0.0,0.422,0.434,3.7,69,688.7,2.4
CHL_LEH_05,2023-06-07 20:00:00+00:00,0.0,0.0,0.421,0.433,3.0,68,688.0,3.3
CHL_LEH_05,2023-06-07 21:00:00+00:00,0.0,0.0,0.421,0.433,2.7,65,688.0,3.1
CHL_LEH_05,2023-06-07 22:00:00+00:00,0.0,0.0,0.42,0.432,2.7,65,688.1,3.1
CHL_LEH_05,2023-06-07 23:00:00+00:00,0.0,0.0,0.419,0.432,2.7,66,688.4,3.5
CHL_LEH_05,2023-06-08 00:00:00+00:00,0.0,0.0,0.418,0.432,1.5,76,688.8,4.4
CHL_LEH_05,2023-06-08 01:00:00+00:00,0.0,0.0,0.417,0.431,1.5,80,688.9,3.5
CHL_LEH_05,2023-06-08 02:00:00+00:00,0.0,0.0,0.417,0.431,2.6,76,690.0,4.5
CHL_LEH_05,2023-06-08 03:00:00+00:00,0.0,0.0,0.416,0.43,3.8,68,690.7,4.7
CHL_LEH_05,2023-06-08 04:00:00+00:00,0.0,0.0,0.416,0.43,4.8,64,691.1,5.3
CHL_LEH_05,2023-06-08 05:00:00+00:00,0.0,0.0,0.427,0.43,5.8,61,691.5,6.0
CHL_LEH_05,2023-06-08 06:00:00+00:00,0.0,0.0,0.439,0.434,7.5,56,692.1,6.0
CHL_LEH_05,2023-06-08 07:00:00+00:00,0.0,0.0,0.439,0.439,8.4,57,691.9,7.0
CHL_LEH_05,2023-06-08 08:00:00+00:00,0.0,0.0,0.439,0.439,8.9,60,691.2,7.0
CHL_LEH_05,2023-06-08 09:00:00+00:00,0.0,0.0,0.439,0.439,8.8,63,690.4,6.9
CHL_LEH_05,2023-06-08 10:00:00+00:00,0.0,0.0,0.439,0.439,9.1,59,689.9,7.2
CHL_LEH_05,2023-06-08 11:00:00+00:00,0.0,0.0,0.438,0.439,12.0,41,691.9,4.4
CHL_LEH_05,2023-06-08 12:00:00+00:00,0.0,0.0,0.431,0.439,12.2,41,691.7,5.4
CHL_LEH_05,2023-06-08 13:00:00+00:00,0.0,0.0,0.43,0.438,11.1,45,690.9,6.3
CHL_LEH_05,2023-06-08 14:00:00+00:00,0.0,0.0,0.428,0.437,11.0,44,691.4,6.6
CHL_LEH_05,2023-06-08 15:00:00+00:00,0.0,0.0,0.426,0.436,9.8,48,691.6,5.4
CHL_LEH_05,2023-06-08 16:00:00+00:00,0.0,0.0,0.425,0.436,9.1,47,691.8,5.0
CHL_LEH_05,2023-06-08 17:00:00+00:00,0.0,0.0,0.423,0.435,8.3,48,691.7,5.1
CHL_LEH_05,2023-06-08 18:00:00+00:00,0.0,0.0,0.422,0.435,6.0,54,689.4,7.0
CHL_LEH_05,2023-06-08 19:00:00+00:00,0.0,0.0,0.421,0.434,7.1,48,690.3,6.2
CHL_LEH_05,2023-06-08 20:00:00+00:00,0.0,0.0,0.42,0.434,7.3,44,689.9,5.3
CHL_LEH_05,2023-06-08 21:00:00+00:00,0.0,0.0,0.419,0.433,7.2,43,689.5,4.9
CHL_LEH_05,2023-06-08 22:00:00+00:00,0.0,0.0,0.419,0.433,6.8,42,689.1,3.4
CHL_LEH_05,2023-06-08 23:00:00+00:00,0.0,0.0,0.418,0.432,6.7,42,689.1,1.1
CHL_LEH_05,2023-06-09 00:00:00+00:00,0.0,0.0,0.417,0.432,6.3,45,688.9,2.4
CHL_LEH_05,2023-06-09 01:00:00+00:00,0.0,0.0,0.417,0.431,7.3,45,690.8,2.6
CHL_LEH_05,2023-06-09 02:00:00+00:00,0.0,0.0,0.416,0.431,8.0,44,692.0,3.0
CHL_LEH_05,2023-06-09 03:00:00+00:00,0.0,0.0,0.415,0.431,8.7,41,692.5,4.0
CHL_LEH_05,2023-06-09 04:00:00+00:00,0.0,0.0,0.415,0.43,8.3,52,692.2,4.7
CHL_LEH_05,2023-06-09 05:00:00+00:00,0.0,0.0,0.431,0.43,8.6,59,692.1,4.9
CHL_LEH_05,2023-06-09 06:00:00+00:00,0.0,0.0,0.439,0.436,9.2,59,691.8,5.8
CHL_LEH_05,2023-06-09 07:00:00+00:00,0.0,0.0,0.439,0.439,10.1,59,691.8,6.9
CHL_LEH_05,2023-06-09 08:00:00+00:00,0.0,0.0,0.439,0.439,10.6,55,691.1,6.2
CHL_LEH_05,2023-06-09 09:00:00+00:00,0.0,0.0,0.439,0.439,10.7,51,690.2,6.9
CHL_LEH_05,2023-06-09 10:00:00+00:00,0.0,0.0,0.439,0.439,11.7,40,690.3,6.5
CHL_LEH_05,2023-06-09 11:00:00+00:00,0.0,0.0,0.438,0.439,13.9,27,691.8,5.4
CHL_LEH_05,2023-06-09 12:00:00+00:00,0.0,0.0,0.431,0.439,14.0,26,691.6,5.6
CHL_LEH_05,2023-06-09 13:00:00+00:00,0.0,0.0,0.426,0.438,13.8,26,691.6,4.9
CHL_LEH_05,2023-06-09 14:00:00+00:00,0.0,0.0,0.424,0.437,12.6,28,691.1,4.6
CHL_LEH_05,2023-06-09 15:00:00+00:00,0.0,0.0,0.423,0.436,11.5,30,690.7,1.1
CHL_LEH_05,2023-06-09 16:00:00+00:00,0.0,0.0,0.422,0.435,10.2,32,690.3,1.8
CHL_LEH_05,2023-06-09 17:00:00+00:00,0.0,0.0,0.421,0.434,9.3,34,689.9,2.9
CHL_LEH_05,2023-06-09 18:00:00+00:00,0.0,0.0,0.42,0.434,8.7,35,689.2,3.0
CHL_LEH_05,2023-06-09 19:00:00+00:00,0.0,0.0,0.419,0.433,8.4,35,688.9,1.5
CHL_LEH_05,2023-06-09 20:00:00+00:00,0.0,0.0,0.419,0.432,7.9,36,688.1,1.3
CHL_LEH_05,2023-06-09 21:00:00+00:00,0.0,0.0,0.418,0.432,7.6,36,687.8,1.1
CHL_LEH_05,2023-06-09 22:00:00+00:00,0.0,0.0,0.417,0.431,7.2,36,687.8,1.4
CHL_LEH_05,2023-06-09 23:00:00+00:00,0.0,0.0,0.416,0.43,6.8,36,687.8,1.1
CHL_LEH_05,2023-06-10 00:00:00+00:00,0.0,0.0,0.416,0.43,7.3,36,688.3,1.1
CHL_LEH_05,2023-06-10 01:00:00+00:00,0.0,0.0,0.415,0.429,8.2,33,689.7,1.1
CHL_LEH_05,2023-06-10 02:00:00+00:00,0.0,0.0,0.415,0.429,10.1,30,691.6,2.8
CHL_LEH_05,2023-06-10 03:00:00+00:00,0.0,0.0,0.414,0.428,11.1,28,692.5,3.0
CHL_LEH_05,2023-06-10 04:00:00+00:00,0.0,0.0,0.414,0.428,11.8,25,692.7,3.3
CHL_LEH_05,2023-06-10 05:00:00+00:00,0.0,0.0,0.418,0.427,12.6,24,693.0,2.8
CHL_LEH_05,2023-06-10 06:00:00+00:00,0.0,0.0,0.439,0.431,13.4,22,693.1,2.3
CHL_LEH_05,2023-06-10 07:00:00+00:00,0.0,0.0,0.439,0.439,14.1,21,692.8,2.8
CHL_LEH_05,2023-06-10 08:00:00+00:00,0.0,0.0,0.439,0.439,14.8,21,692.4,3.8
CHL_LEH_05,2023-06-10 09:00:00+00:00,0.0,0.0,0.439,0.439,15.1,20,692.0,4.1
CHL_LEH_05,2023-06-10 10:00:00+00:00,0.0,0.0,0.436,0.439,15.4,20,691.6,4.0
CHL_LEH_05,2023-06-10 11:00:00+00:00,0.0,0.0,0.434,0.439,15.5,20,691.2,2.5
CHL_LEH_05,2023-06-10 12:00:00+00:00,0.0,0.0,0.431,0.438,15.6,23,691.0,2.4
CHL_LEH_05,2023-06-10 13:00:00+00:00,0.0,0.0,0.431,0.438,15.3,24,691.5,0.7
CHL_LEH_05,2023-06-10 14:00:00+00:00,0.0,0.0,0.429,0.437,14.8,25,691.5,1.6
CHL_LEH_05,2023-06-10 15:00:00+00:00,0.0,0.0,0.426,0.437,14.0,26,691.6,2.2
CHL_LEH_05,2023-06-10 16:00:00+00:00,0.0,0.0,0.425,0.436,12.8,29,691.4,4.0
CHL_LEH_05,2023-06-10 17:00:00+00:00,0.0,0.0,0.423,0.435,11.6,32,690.3,2.6
CHL_LEH_05,2023-06-10 18:00:00+00:00,0.0,0.0,0.422,0.435,11.1,33,689.8,1.1
CHL_LEH_05,2023-06-10 19:00:00+00:00,0.0,0.0,0.421,0.434,10.7,33,689.3,0.5
CHL_LEH_05,2023-06-10 20:00:00+00:00,0.0,0.0,0.42,0.433,10.5,34,689.4,2.3
CHL_LEH_05,2023-06-10 21:00:00+00:00,0.0,0.0,0.419,0.433,9.9,35,689.2,0.8
CHL_LEH_05,2023-06-10 22:00:00+00:00,0.0,0.0,0.419,0.432,9.7,36,689.3,0.8
CHL_LEH_05,2023-06-10 23:00:00+00:00,0.0,0.0,0.418,0.431,9.2,37,689.1,1.1
CHL_LEH_05,2023-06-11 00:00:00+00:00,0.0,0.0,0.417,0.431,10.1,36,689.4,2.6
CHL_LEH_05,2023-06-11 01:00:00+00:00,0.0,0.0,0.416,0.43,10.2,36,689.9,0.4
CHL_LEH_05,2023-06-11 02:00:00+00:00,0.0,0.0,0.416,0.43,10.9,35,690.7,2.9
CHL_LEH_05,2023-06-11 03:00:00+00:00,0.0,0.0,0.415,0.429,11.5,33,691.1,3.6
CHL_LEH_05,2023-06-11 04:00:00+00:00,0.0,0.0,0.415,0.428,12.2,32,691.3,2.6
CHL_LEH_05,2023-06-11 05:00:00+00:00,0.0,0.0,0.433,0.428,13.6,29,691.6,1.8
CHL_LEH_05,2023-06-11 06:00:00+00:00,0.0,0.0,0.439,0.435,14.8,27,691.6,2.5
CHL_LEH_05,2023-06-11 07:00:00+00:00,0.0,0.0,0.439,0.439,15.8,25,691.5,3.0
CHL_LEH_05,2023-06-11 08:00:00+00:00,0.0,0.0,0.439,0.439,16.4,24,691.2,2.3
CHL_LEH_05,2023-06-11 09:00:00+00:00,0.0,0.0,0.437,0.439,16.8,24,690.7,0.5
CHL_LEH_05,2023-06-11 10:00:00+00:00,0.0,0.0,0.434,0.439,16.4,27,690.4,5.8
CHL_LEH_05,2023-06-11 11:00:00+00:00,0.0,0.0,0.433,0.439,16.3,30,690.3,2.8
CHL_LEH_05,2023-06-11 12:00:00+00:00,0.0,0.0,0.436,0.437,12.5,50,688.7,7.1
CHL_LEH_05,2023-06-11 13:00:00+00:00,0.1,0.1,0.438,0.437,10.7,60,688.2,7.2
CHL_LEH_05,2023-06-11 14:00:00+00:00,0.1,0.1,0.435,0.437,11.8,57,690.0,4.7
CHL_LEH_05,2023-06-11 15:00:00+00:00,0.1,0.1,0.432,0.437,11.4,57,690.2,2.9
CHL_LEH_05,2023-06-11 16:00:00+00:00,0.0,0.0,0.429,0.437,10.6,60,690.4,3.6
CHL_LEH_05,2023-06-11 17:00:00+00:00,0.0,0.0,0.427,0.436,9.9,62,690.2,4.2
CHL_LEH_05,2023-06-11 18:00:00+00:00,0.0,0.0,0.425,0.436,9.6,60,689.7,3.3
CHL_LEH_05,2023-06-11 19:00:00+00:00,0.0,0.0,0.424,0.435,8.9,60,688.6,3.1
CHL_LEH_05,2023-06-11 20:00:00+00:00,0.0,0.0,0.422,0.435,8.7,62,687.9,2.6
CHL_LEH_05,2023-06-11 21:00:00+00:00,0.0,0.0,0.421,0.434,8.1,65,687.5,1.8
CHL_LEH_05,2023-06-11 22:00:00+00:00,0.2,0.2,0.42,0.433,7.6,68,687.5,2.3
CHL_LEH_05,2023-06-11 23:00:00+00:00,0.2,0.2,0.419,0.433,7.2,70,687.4,2.9
CHL_LEH_05,2023-06-12 00:00:00+00:00,0.4,0.4,0.419,0.432,6.3,76,687.7,3.3
CHL_LEH_05,2023-06-12 01:00:00+00:00,0.4,0.4,0.422,0.432,6.6,73,688.4,2.7
CHL_LEH_05,2023-06-12 02:00:00+00:00,0.3,0.3,0.432,0.431,6.9,70,688.5,1.8
CHL_LEH_05,2023-06-12 03:00:00+00:00,0.1,0.1,0.439,0.436,8.3,62,689.5,1.0
CHL_LEH_05,2023-06-12 04:00:00+00:00,0.0,0.0,0.439,0.439,9.5,58,689.9,2.0
CHL_LEH_05,2023-06-12 05:00:00+00:00,0.0,0.0,0.438,0.439,11.1,53,690.3,1.9
CHL_LEH_05,2023-06-12 06:00:00+00:00,0.0,0.0,0.435,0.439,12.5,49,690.5,2.9
CHL_LEH_05,2023-06-12 07:00:00+00:00,0.0,0.0,0.434,0.439,13.6,46,690.5,2.7
CHL_LEH_05,2023-06-12 08:00:00+00:00,0.0,0.0,0.434,0.439,13.7,44,690.2,3.2
CHL_LEH_05,2023-06-12 09:00:00+00:00,2.4,2.4,0.434,0.439,8.8,80,687.1,7.6
CHL_LEH_05,2023-06-12 10:00:00+00:00,0.1,0.1,0.438,0.438,12.4,62,689.7,4.8
CHL_LEH_05,2023-06-12 11:00:00+00:00,0.1,0.1,0.434,0.439,13.8,49,690.0,5.0
CHL_LEH_05,2023-06-12 12:00:00+00:00,0.0,0.0,0.433,0.438,13.1,51,690.1,1.3
CHL_LEH_05,2023-06-12 13:00:00+00:00,0.3,0.3,0.435,0.438,12.7,55,690.2,2.3
CHL_LEH_05,2023-06-12 14:00:00+00:00,0.5,0.5,0.437,0.438,9.3,68,688.2,8.4
CHL_LEH_05,2023-06-12 15:00:00+00:00,0.2,0.2,0.433,0.438,9.8,63,689.4,7.1
CHL_LEH_05,2023-06-12 16:00:00+00:00,0.0,0.0,0.43,0.437,8.0,70,688.4,7.6
CHL_LEH_05,2023-06-12 17:00:00+00:00,0.0,0.0,0.427,0.437,9.2,65,690.2,2.7
CHL_LEH_05,2023-06-12 18:00:00+00:00,0.0,0.0,0.425,0.436,9.0,68,690.4,1.1
CHL_LEH_05,2023-06-12 19:00:00+00:00,0.0,0.0,0.424,0.435,8.0,75,689.7,5.2
CHL_LEH_05,2023-06-12 20:00:00+00:00,0.0,0.0,0.422,0.435,7.5,78,689.3,0.0
CHL_LEH_05,2023-06-12 21:00:00+00:00,1.8,1.8,0.424,0.434,6.9,83,688.8,4.8
CHL_LEH_05,2023-06-12 22:00:00+00:00,1.9,1.9,0.436,0.434,7.0,77,689.1,1.8
CHL_LEH_05,2023-06-12 23:00:00+00:00,2.3,1.7,0.438,0.437,6.2,77,688.8,4.4
CHL_LEH_05,2023-06-13 00:00:00+00:00,2.0,1.5,0.431,0.431,5.6,71,688.6,3.1
CHL_LEH_05,2023-06-13 01:00:00+00:00,0.7,0.4,0.433,0.431,6.5,68,689.9,3.3
CHL_LEH_05,2023-06-13 02:00:00+00:00,0.1,0.1,0.437,0.431,6.8,68,690.5,2.6
CHL_LEH_05,2023-06-13 03:00:00+00:00,0.0,0.0,0.439,0.433,7.3,67,690.8,3.1
CHL_LEH_05,2023-06-13 04:00:00+00:00,0.0,0.0,0.439,0.437,8.4,62,691.2,3.0
CHL_LEH_05,2023-06-13 05:00:00+00:00,0.0,0.0,0.439,0.439,9.9,57,691.5,3.0
CHL_LEH_05,2023-06-13 06:00:00+00:00,0.0,0.0,0.436,0.439,11.2,54,691.5,3.4
CHL_LEH_05,2023-06-13 07:00:00+00:00,0.0,0.0,0.434,0.439,12.9,50,691.5,3.0
CHL_LEH_05,2023-06-13 08:00:00+00:00,0.0,0.0,0.434,0.439,13.9,46,691.1,2.5
CHL_LEH_05,2023-06-13 09:00:00+00:00,0.0,0.0,0.434,0.439,14.9,41,690.9,1.5
CHL_LEH_05,2023-06-13 10:00:00+00:00,0.0,0.0,0.434,0.439,15.1,38,690.5,4.0
CHL_LEH_05,2023-06-13 11:00:00+00:00,0.0,0.0,0.439,0.439,15.1,41,690.1,4.7
CHL_LEH_05,2023-06-13 12:00:00+00:00,0.0,0.0,0.438,0.438,12.3,51,687.0,8.9
CHL_LEH_05,2023-06-13 13:00:00+00:00,0.0,0.0,0.436,0.438,14.9,44,689.5,6.9
CHL_LEH_05,2023-06-13 14:00:00+00:00,0.0,0.0,0.431,0.438,13.5,46,689.1,6.9
CHL_LEH_05,2023-06-13 15:00:00+00:00,0.0,0.0,0.428,0.437,13.2,46,689.7,4.0
CHL_LEH_05,2023-06-13 16:00:00+00:00,0.0,0.0,0.426,0.436,12.1,49,689.8,6.6
CHL_LEH_05,2023-06-13 17:00:00+00:00,0.0,0.0,0.424,0.436,11.0,52,689.1,5.4
CHL_LEH_05,2023-06-13 18:00:00+00:00,1.0,1.0,0.427,0.435,5.1,80,685.4,9.4
CHL_LEH_05,2023-06-13 19:00:00+00:00,1.9,1.6,0.439,0.435,7.0,84,688.2,1.8
CHL_LEH_05,2023-06-13 20:00:00+00:00,2.1,1.6,0.439,0.438,5.4,83,686.8,6.9
CHL_LEH_05,2023-06-13 21:00:00+00:00,2.8,2.1,0.435,0.439,6.4,84,688.2,2.8
CHL_LEH_05,2023-06-13 22:00:00+00:00,2.2,1.4,0.426,0.439,5.7,82,687.4,5.9
CHL_LEH_05,2023-06-13 23:00:00+00:00,2.3,0.8,0.431,0.436,5.9,79,687.7,5.4
CHL_LEH_05,2023-06-14 00:00:00+00:00,2.5,0.8,0.435,0.438,5.6,73,688.2,4.4
CHL_LEH_05,2023-06-14 01:00:00+00:00,2.2,0.8,0.437,0.438,4.0,81,687.1,5.4
CHL_LEH_05,2023-06-14 02:00:00+00:00,0.4,0.4,0.433,0.439,5.9,73,688.7,4.7
CHL_LEH_05,2023-06-14 03:00:00+00:00,0.0,0.0,0.437,0.438,6.9,67,688.9,4.6
CHL_LEH_05,2023-06-14 04:00:00+00:00,0.0,0.0,0.433,0.439,8.3,61,689.2,4.3
CHL_LEH_05,2023-06-14 05:00:00+00:00,0.0,0.0,0.433,0.439,10.2,52,689.9,4.4
CHL_LEH_05,2023-06-14 06:00:00+00:00,0.2,0.2,0.434,0.439,11.1,48,690.1,4.7
CHL_LEH_05,2023-06-14 07:00:00+00:00,0.1,0.1,0.434,0.439,12.3,43,690.0,3.4
CHL_LEH_05,2023-06-14 08:00:00+00:00,0.0,0.0,0.434,0.439,13.6,40,689.8,1.6
CHL_LEH_05,2023-06-14 09:00:00+00:00,1.0,1.0,0.435,0.439,11.7,56,689.0,4.0
CHL_LEH_05,2023-06-14 10:00:00+00:00,2.8,2.8,0.434,0.439,10.7,66,688.4,4.8
CHL_LEH_05,2023-06-14 11:00:00+00:00,1.0,1.0,0.437,0.438,11.1,64,688.8,1.9
CHL_LEH_05,2023-06-14 12:00:00+00:00,0.8,0.8,0.434,0.439,11.0,64,688.4,3.0
CHL_LEH_05,2023-06-14 13:00:00+00:00,0.0,0.0,0.43,0.438,11.0,62,688.6,4.1
CHL_LEH_05,2023-06-14 14:00:00+00:00,0.0,0.0,0.427,0.437,9.9,68,688.5,5.8
CHL_LEH_05,2023-06-14 15:00:00+00:00,1.0,1.0,0.433,0.436,8.3,76,688.8,6.5
CHL_LEH_05,2023-06-14 16:00:00+00:00,0.1,0.1,0.43,0.435,8.6,68,689.3,3.4
CHL_LEH_05,2023-06-14 17:00:00+00:00,1.1,1.0,0.433,0.435,7.4,75,688.5,6.6
CHL_LEH_05,2023-06-14 18:00:00+00:00,0.2,0.2,0.43,0.434,7.1,76,688.3,4.5
CHL_LEH_05,2023-06-14 19:00:00+00:00,0.0,0.0,0.428,0.434,7.2,73,688.3,4.8
CHL_LEH_05,2023-06-14 20:00:00+00:00,0.1,0.1,0.426,0.433,7.0,74,687.9,5.6
CHL_LEH_05,2023-06-14 21:00:00+00:00,0.4,0.4,0.424,0.432,6.6,78,687.6,3.6
CHL_LEH_05,2023-06-14 22:00:00+00:00,1.8,1.0,0.424,0.432,5.7,81,687.1,4.9
CHL_LEH_05,2023-06-14 23:00:00+00:00,1.3,0.8,0.426,0.431,5.6,85,687.2,1.8
CHL_LEH_05,2023-06-15 00:00:00+00:00,0.2,0.2,0.417,0.427,7.0,74,688.0,0.8
CHL_LEH_05,2023-06-15 01:00:00+00:00,0.4,0.3,0.417,0.426,6.8,76,688.2,1.1
CHL_LEH_05,2023-06-15 02:00:00+00:00,0.0,0.0,0.416,0.426,7.2,74,688.5,1.9
CHL_LEH_05,2023-06-15 03:00:00+00:00,0.1,0.1,0.422,0.425,7.9,67,689.4,3.7
CHL_LEH_05,2023-06-15 04:00:00+00:00,0.6,0.4,0.439,0.425,8.6,62,689.5,2.4
CHL_LEH_05,2023-06-15 05:00:00+00:00,1.1,0.6,0.438,0.432,9.2,61,689.6,2.0
CHL_LEH_05,2023-06-15 06:00:00+00:00,0.3,0.3,0.439,0.438,10.4,57,689.7,3.0
CHL_LEH_05,2023-06-15 07:00:00+00:00,0.7,0.6,0.438,0.439,9.0,70,687.9,6.2
CHL_LEH_05,2023-06-15 08:00:00+00:00,0.0,0.0,0.434,0.439,9.9,68,687.9,6.1
CHL_LEH_05,2023-06-15 09:00:00+00:00,0.0,0.0,0.434,0.439,11.8,55,689.2,3.4
CHL_LEH_05,2023-06-15 10:00:00+00:00,0.4,0.4,0.436,0.438,12.4,53,689.5,4.0
CHL_LEH_05,2023-06-15 11:00:00+00:00,0.0,0.0,0.432,0.439,12.5,50,689.3,2.5
CHL_LEH_05,2023-06-15 12:00:00+00:00,0.0,0.0,0.43,0.437,12.6,48,688.8,2.9
CHL_LEH_05,2023-06-15 13:00:00+00:00,0.0,0.0,0.429,0.436,12.4,50,688.7,5.1
CHL_LEH_05,2023-06-15 14:00:00+00:00,0.0,0.0,0.426,0.435,12.0,51,688.9,3.4
CHL_LEH_05,2023-06-15 15:00:00+00:00,0.0,0.0,0.425,0.434,11.7,51,689.5,3.2
CHL_LEH_05,2023-06-15 16:00:00+00:00,0.0,0.0,0.423,0.433,10.5,55,689.2,5.3
CHL_LEH_05,2023-06-15 17:00:00+00:00,0.0,0.0,0.422,0.432,10.1,55,689.3,1.8
CHL_LEH_05,2023-06-15 18:00:00+00:00,0.0,0.0,0.42,0.431,9.4,55,688.6,2.3
CHL_LEH_05,2023-06-15 19:00:00+00:00,0.0,0.0,0.419,0.43,7.6,61,687.2,1.5
CHL_LEH_05,2023-06-15 20:00:00+00:00,0.0,0.0,0.418,0.429,6.2,64,685.9,1.1
CHL_LEH_05,2023-06-15 21:00:00+00:00,0.0,0.0,0.417,0.428,4.9,67,685.0,2.2
CHL_LEH_05,2023-06-15 22:00:00+00:00,0.0,0.0,0.417,0.427,4.6,65,685.1,2.4
CHL_LEH_05,2023-06-15 23:00:00+00:00,0.0,0.0,0.416,0.426,4.9,62,685.8,3.3
CHL_LEH_05,2023-06-16 00:00:00+00:00,0.1,0.1,0.415,0.425,4.6,72,686.6,6.2
CHL_LEH_05,2023-06-16 01:00:00+00:00,0.3,0.3,0.414,0.425,5.9,71,688.2,3.1
CHL_LEH_05,2023-06-16 02:00:00+00:00,0.0,0.0,0.413,0.424,6.5,70,688.8,5.0
CHL_LEH_05,2023-06-16 03:00:00+00:00,0.0,0.0,0.413,0.423,8.2,63,689.6,4.3
CHL_LEH_05,2023-06-16 04:00:00+00:00,0.0,0.0,0.412,0.422,8.2,67,688.7,5.9
CHL_LEH_05,2023-06-16 05:00:00+00:00,0.0,0.0,0.427,0.422,11.3,49,690.5,4.0
CHL_LEH_05,2023-06-16 06:00:00+00:00,0.0,0.0,0.439,0.427,12.9,40,690.6,2.4
CHL_LEH_05,2023-06-16 07:00:00+00:00,0.0,0.0,0.439,0.437,14.0,35,690.5,2.4
CHL_LEH_05,2023-06-16 08:00:00+00:00,0.0,0.0,0.439,0.439,14.7,32,690.3,0.0
CHL_LEH_05,2023-06-16 09:00:00+00:00,0.0,0.0,0.435,0.439,15.1,29,690.2,1.5
CHL_LEH_05,2023-06-16 10:00:00+00:00,0.0,0.0,0.433,0.439,15.2,30,690.0,1.3
CHL_LEH_05,2023-06-16 11:00:00+00:00,0.0,0.0,0.437,0.439,14.9,32,689.8,4.6
CHL_LEH_05,2023-06-16 12:00:00+00:00,0.0,0.0,0.429,0.437,14.3,42,689.8,2.9
CHL_LEH_05,2023-06-16 13:00:00+00:00,0.0,0.0,0.429,0.436,14.1,42,689.8,1.8
CHL_LEH_05,2023-06-16 14:00:00+00:00,0.0,0.0,0.426,0.435,13.6,44,690.1,2.3
CHL_LEH_05,2023-06-16 15:00:00+00:00,0.0,0.0,0.424,0.434,11.6,49,689.3,8.2
CHL_LEH_05,2023-06-16 16:00:00+00:00,0.0,0.0,0.423,0.433,10.6,53,689.3,5.5
CHL_LEH_05,2023-06-16 17:00:00+00:00,0.0,0.0,0.421,0.432,9.6,57,689.1,4.6
CHL_LEH_05,2023-06-16 18:00:00+00:00,0.0,0.0,0.42,0.431,8.5,58,688.6,5.5
CHL_LEH_05,2023-06-16 19:00:00+00:00,0.0,0.0,0.419,0.43,7.8,58,688.1,6.0
CHL_LEH_05,2023-06-16 20:00:00+00:00,0.0,0.0,0.418,0.429,7.6,58,688.1,3.8
CHL_LEH_05,2023-06-16 21:00:00+00:00,0.0,0.0,0.417,0.428,7.7,59,688.4,1.8
CHL_LEH_05,2023-06-16 22:00:00+00:00,0.0,0.0,0.416,0.427,7.7,61,688.6,5.9
CHL_LEH_05,2023-06-16 23:00:00+00:00,0.1,0.1,0.415,0.426,7.9,65,689.2,5.7
CHL_LEH_05,2023-06-17 00:00:00+00:00,0.3,0.3,0.415,0.425,5.5,74,688.5,4.4
CHL_LEH_05,2023-06-17 01:00:00+00:00,0.1,0.1,0.414,0.424,4.3,82,687.4,5.7
CHL_LEH_05,2023-06-17 02:00:00+00:00,0.0,0.0,0.413,0.423,7.2,66,690.4,2.9
CHL_LEH_05,2023-06-17 03:00:00+00:00,0.0,0.0,0.413,0.422,8.3,60,691.1,4.0
CHL_LEH_05,2023-06-17 04:00:00+00:00,0.0,0.0,0.422,0.422,9.5,57,691.6,4.3
CHL_LEH_05,2023-06-17 05:00:00+00:00,0.0,0.0,0.439,0.424,11.1,51,691.8,4.6
CHL_LEH_05,2023-06-17 06:00:00+00:00,0.0,0.0,0.439,0.433,12.7,45,692.1,4.7
CHL_LEH_05,2023-06-17 07:00:00+00:00,0.0,0.0,0.439,0.439,13.7,40,692.1,2.3
CHL_LEH_05,2023-06-17 08:00:00+00:00,0.1,0.1,0.436,0.439,14.1,37,691.9,0.4
CHL_LEH_05,2023-06-17 09:00:00+00:00,0.0,0.0,0.434,0.439,13.9,41,691.7,3.5
CHL_LEH_05,2023-06-17 10:00:00+00:00,1.2,1.2,0.434,0.439,12.6,58,691.1,1.3
CHL_LEH_05,2023-06-17 11:00:00+00:00,1.3,1.3,0.438,0.437,12.5,62,690.9,2.9
CHL_LEH_05,2023-06-17 12:00:00+00:00,0.0,0.0,0.438,0.438,11.4,69,690.6,2.3
CHL_LEH_05,2023-06-17 13:00:00+00:00,0.5,0.5,0.431,0.436,10.1,73,690.0,6.7
CHL_LEH_05,2023-06-17 14:00:00+00:00,0.0,0.0,0.428,0.434,11.0,68,691.0,5.6
CHL_LEH_05,2023-06-17 15:00:00+00:00,2.2,2.2,0.436,0.436,8.7,81,691.0,5.2
CHL_LEH_05,2023-06-17 16:00:00+00:00,3.1,2.9,0.43,0.439,7.6,89,691.3,3.6
CHL_LEH_05,2023-06-17 17:00:00+00:00,2.7,2.6,0.439,0.437,7.1,94,691.2,2.3
CHL_LEH_05,2023-06-17 18:00:00+00:00,0.6,0.6,0.43,0.436,7.4,91,691.2,1.8
CHL_LEH_05,2023-06-17 19:00:00+00:00,0.0,0.0,0.427,0.435,7.8,86,691.1,4.1
CHL_LEH_05,2023-06-17 20:00:00+00:00,0.0,0.0,0.425,0.434,7.8,82,690.6,4.3
CHL_LEH_05,2023-06-17 21:00:00+00:00,0.2,0.2,0.424,0.432,4.8,85,688.1,7.5
CHL_LEH_05,2023-06-17 22:00:00+00:00,0.6,0.6,0.422,0.431,5.6,79,689.2,5.3
CHL_LEH_05,2023-06-17 23:00:00+00:00,0.0,0.0,0.421,0.43,4.0,75,687.9,6.8
CHL_LEH_05,2023-06-18 00:00:00+00:00,0.0,0.0,0.416,0.427,6.5,71,690.7,2.7
CHL_LEH_05,2023-06-18 01:00:00+00:00,0.4,0.4,0.415,0.426,4.6,81,689.2,6.6
CHL_LEH_05,2023-06-18 02:00:00+00:00,0.0,0.0,0.414,0.425,8.1,65,692.1,4.6
CHL_LEH_05,2023-06-18 03:00:00+00:00,0.0,0.0,0.414,0.424,9.3,57,692.8,4.2
CHL_LEH_05,2023-06-18 04:00:00+00:00,0.0,0.0,0.427,0.423,9.5,59,692.2,5.4
CHL_LEH_05,2023-06-18 05:00:00+00:00,0.0,0.0,0.439,0.428,12.0,46,693.4,4.6
CHL_LEH_05,2023-06-18 06:00:00+00:00,0.0,0.0,0.439,0.437,13.7,38,693.9,4.2
CHL_LEH_05,2023-06-18 07:00:00+00:00,0.0,0.0,0.437,0.439,14.7,35,693.6,3.3
CHL_LEH_05,2023-06-18 08:00:00+00:00,0.0,0.0,0.433,0.439,15.5,33,693.1,1.0
CHL_LEH_05,2023-06-18 09:00:00+00:00,0.0,0.0,0.434,0.439,15.7,36,692.6,1.8
CHL_LEH_05,2023-06-18 10:00:00+00:00,0.1,0.1,0.434,0.439,16.2,35,692.3,0.5
CHL_LEH_05,2023-06-18 11:00:00+00:00,0.0,0.0,0.436,0.439,16.3,34,692.1,3.1
CHL_LEH_05,2023-06-18 12:00:00+00:00,0.0,0.0,0.428,0.438,15.6,37,691.8,3.1
CHL_LEH_05,2023-06-18 13:00:00+00:00,0.0,0.0,0.428,0.437,15.5,38,691.7,4.7
CHL_LEH_05,2023-06-18 14:00:00+00:00,0.0,0.0,0.426,0.436,14.5,40,691.3,8.2
CHL_LEH_05,2023-06-18 15:00:00+00:00,0.0,0.0,0.424,0.434,14.1,40,691.5,7.9
CHL_LEH_05,2023-06-18 16:00:00+00:00,0.0,0.0,0.422,0.433,14.0,39,691.9,4.2
CHL_LEH_05,2023-06-18 17:00:00+00:00,0.0,0.0,0.421,0.431,13.3,41,691.9,1.1
CHL_LEH_05,2023-06-18 18:00:00+00:00,0.0,0.0,0.42,0.43,12.1,44,691.1,7.4
CHL_LEH_05,2023-06-18 19:00:00+00:00,0.0,0.0,0.418,0.429,10.2,49,689.7,6.9
CHL_LEH_05,2023-06-18 20:00:00+00:00,0.0,0.0,0.417,0.428,9.0,53,688.7,6.4
CHL_LEH_05,2023-06-18 21:00:00+00:00,0.0,0.0,0.416,0.426,7.0,57,687.4,7.6
CHL_LEH_05,2023-06-18 22:00:00+00:00,0.0,0.0,0.416,0.425,5.1,59,686.3,7.9
CHL_LEH_05,2023-06-18 23:00:00+00:00,0.0,0.0,0.415,0.424,5.0,56,687.0,7.4
CHL_LEH_05,2023-06-19 00:00:00+00:00,0.0,0.0,0.414,0.423,6.6,68,689.0,7.2
CHL_LEH_05,2023-06-19 01:00:00+00:00,0.0,0.0,0.413,0.422,5.7,77,688.5,7.5
CHL_LEH_05,2023-06-19 02:00:00+00:00,0.0,0.0,0.412,0.421,8.2,65,691.0,5.7
CHL_LEH_05,2023-06-19 03:00:00+00:00,0.0,0.0,0.412,0.42,10.2,54,692.5,4.7
CHL_LEH_05,2023-06-19 04:00:00+00:00,0.0,0.0,0.411,0.42,11.2,50,692.6,5.0
CHL_LEH_05,2023-06-19 05:00:00+00:00,0.0,0.0,0.438,0.419,12.3,46,692.6,4.8
CHL_LEH_05,2023-06-19 06:00:00+00:00,0.0,0.0,0.439,0.429,13.5,42,692.7,5.0
CHL_LEH_05,2023-06-19 07:00:00+00:00,0.0,0.0,0.439,0.439,15.0,36,693.1,3.1
CHL_LEH_05,2023-06-19 08:00:00+00:00,0.0,0.0,0.435,0.439,16.0,33,692.7,2.3
CHL_LEH_05,2023-06-19 09:00:00+00:00,0.0,0.0,0.434,0.439,17.0,30,692.5,1.9
CHL_LEH_05,2023-06-19 10:00:00+00:00,0.0,0.0,0.434,0.439,17.5,28,692.3,1.1
CHL_LEH_05,2023-06-19 11:00:00+00:00,0.0,0.0,0.439,0.436,17.8,26,692.2,1.6
CHL_LEH_05,2023-06-19 12:00:00+00:00,0.0,0.0,0.438,0.438,17.7,26,692.0,1.4
CHL_LEH_05,2023-06-19 13:00:00+00:00,0.0,0.0,0.434,0.438,17.6,25,692.0,2.6
CHL_LEH_05,2023-06-19 14:00:00+00:00,0.0,0.0,0.43,0.437,16.9,26,691.8,3.9
CHL_LEH_05,2023-06-19 15:00:00+00:00,0.0,0.0,0.427,0.436,16.2,28,691.8,2.9
CHL_LEH_05,2023-06-19 16:00:00+00:00,0.0,0.0,0.425,0.434,15.4,29,691.9,1.8
CHL_LEH_05,2023-06-19 17:00:00+00:00,0.0,0.0,0.423,0.433,14.4,30,691.6,1.5
CHL_LEH_05,2023-06-19 18:00:00+00:00,0.0,0.0,0.422,0.431,13.5,31,691.3,0.0
CHL_LEH_05,2023-06-19 19:00:00+00:00,0.0,0.0,0.42,0.43,12.4,33,690.7,5.2
CHL_LEH_05,2023-06-19 20:00:00+00:00,0.0,0.0,0.419,0.429,11.3,34,689.7,3.1
CHL_LEH_05,2023-06-19 21:00:00+00:00,0.0,0.0,0.418,0.428,11.0,34,689.7,1.3
CHL_LEH_05,2023-06-19 22:00:00+00:00,0.0,0.0,0.417,0.426,10.6,34,689.6,3.2
CHL_LEH_05,2023-06-19 23:00:00+00:00,0.0,0.0,0.416,0.425,10.1,34,689.6,5.2
CHL_LEH_05,2023-06-20 00:00:00+00:00,0.0,0.0,0.415,0.424,10.0,37,690.5,1.5
CHL_LEH_05,2023-06-20 01:00:00+00:00,0.0,0.0,0.414,0.423,10.5,36,691.6,1.8
CHL_LEH_05,2023-06-20 02:00:00+00:00,0.0,0.0,0.414,0.422,11.3,35,692.7,5.9
CHL_LEH_05,2023-06-20 03:00:00+00:00,0.0,0.0,0.413,0.421,12.0,33,693.3,3.1
CHL_LEH_05,2023-06-20 04:00:00+00:00,0.0,0.0,0.412,0.42,13.1,31,693.6,3.6
CHL_LEH_05,2023-06-20 05:00:00+00:00,0.0,0.0,0.422,0.419,14.4,28,693.7,4.3
CHL_LEH_05,2023-06-20 06:00:00+00:00,0.0,0.0,0.439,0.425,15.7,26,693.9,4.0
CHL_LEH_05,2023-06-20 07:00:00+00:00,0.0,0.0,0.439,0.435,16.8,21,693.8,3.7
CHL_LEH_05,2023-06-20 08:00:00+00:00,0.0,0.0,0.437,0.439,17.7,18,693.7,2.9
CHL_LEH_05,2023-06-20 09:00:00+00:00,0.0,0.0,0.434,0.439,18.2,17,693.2,2.5
CHL_LEH_05,2023-06-20 10:00:00+00:00,0.0,0.0,0.437,0.438,18.7,17,692.9,3.3
CHL_LEH_05,2023-06-20 11:00:00+00:00,0.0,0.0,0.438,0.435,19.1,17,692.7,4.3
CHL_LEH_05,2023-06-20 12:00:00+00:00,0.0,0.0,0.437,0.436,19.5,16,692.6,3.6
CHL_LEH_05,2023-06-20 13:00:00+00:00,0.0,0.0,0.435,0.435,19.3,16,692.6,6.0
CHL_LEH_05,2023-06-20 14:00:00+00:00,0.0,0.0,0.432,0.434,18.4,19,692.4,8.3
CHL_LEH_05,2023-06-20 15:00:00+00:00,0.0,0.0,0.429,0.433,17.9,21,692.9,4.5
CHL_LEH_05,2023-06-20 16:00:00+00:00,0.0,0.0,0.427,0.431,17.0,20,693.2,3.9
CHL_LEH_05,2023-06-20 17:00:00+00:00,0.0,0.0,0.425,0.43,15.8,18,692.8,3.3
CHL_LEH_05,2023-06-20 18:00:00+00:00,0.0,0.0,0.423,0.429,14.8,19,692.4,1.5
CHL_LEH_05,2023-06-20 19:00:00+00:00,0.0,0.0,0.422,0.428,13.9,22,692.1,2.1
CHL_LEH_05,2023-06-20 20:00:00+00:00,0.0,0.0,0.42,0.426,12.9,24,691.3,1.8
CHL_LEH_05,2023-06-20 21:00:00+00:00,0.0,0.0,0.419,0.425,11.9,24,690.8,1.6
CHL_LEH_05,2023-06-20 22:00:00+00:00,0.0,0.0,0.418,0.424,11.7,24,690.8,0.8
CHL_LEH_05,2023-06-20 23:00:00+00:00,0.0,0.0,0.417,0.423,11.3,25,691.2,1.5
CHL_LEH_05,2023-06-21 00:00:00+00:00,0.0,0.0,0.416,0.422,11.0,33,691.1,1.1
CHL_LEH_05,2023-06-21 01:00:00+00:00,0.0,0.0,0.415,0.421,11.0,33,692.1,1.3
CHL_LEH_05,2023-06-21 02:00:00+00:00,0.0,0.0,0.414,0.42,9.6,51,691.2,7.7
CHL_LEH_05,2023-06-21 03:00:00+00:00,0.0,0.0,0.414,0.419,13.3,27,694.5,3.7
CHL_LEH_05,2023-06-21 04:00:00+00:00,0.0,0.0,0.413,0.418,13.8,28,694.1,5.8
CHL_LEH_05,2023-06-21 05:00:00+00:00,0.0,0.0,0.432,0.418,13.6,34,693.1,6.7
CHL_LEH_05,2023-06-21 06:00:00+00:00,0.0,0.0,0.439,0.426,17.2,15,695.4,5.1
CHL_LEH_05,2023-06-21 07:00:00+00:00,0.0,0.0,0.439,0.436,18.4,12,695.3,4.3
CHL_LEH_05,2023-06-21 08:00:00+00:00,0.0,0.0,0.436,0.439,19.5,10,695.1,2.6
CHL_LEH_05,2023-06-21 09:00:00+00:00,0.0,0.0,0.434,0.439,20.5,10,695.0,0.8
CHL_LEH_05,2023-06-21 10:00:00+00:00,0.0,0.0,0.439,0.437,20.8,13,694.7,2.9
CHL_LEH_05,2023-06-21 11:00:00+00:00,0.0,0.0,0.437,0.439,20.9,16,694.3,3.3
CHL_LEH_05,2023-06-21 12:00:00+00:00,0.0,0.0,0.434,0.435,20.7,17,694.5,1.8
CHL_LEH_05,2023-06-21 13:00:00+00:00,0.0,0.0,0.433,0.427,20.3,17,694.3,3.3
CHL_LEH_05,2023-06-21 14:00:00+00:00,0.0,0.0,0.43,0.426,18.9,19,693.8,7.4
CHL_LEH_05,2023-06-21 15:00:00+00:00,0.0,0.0,0.428,0.426,17.7,23,693.7,6.4
CHL_LEH_05,2023-06-21 16:00:00+00:00,0.0,0.0,0.426,0.425,16.9,24,693.8,3.0
CHL_LEH_05,2023-06-21 17:00:00+00:00,0.0,0.0,0.424,0.425,16.0,25,693.6,2.3
CHL_LEH_05,2023-06-21 18:00:00+00:00,0.0,0.0,0.422,0.425,15.1,27,693.2,3.4
CHL_LEH_05,2023-06-21 19:00:00+00:00,0.0,0.0,0.421,0.425,14.4,28,692.8,3.1
CHL_LEH_05,2023-06-21 20:00:00+00:00,0.0,0.0,0.42,0.425,13.6,30,692.4,3.8
CHL_LEH_05,2023-06-21 21:00:00+00:00,0.0,0.0,0.419,0.424,12.9,31,692.1,1.8
CHL_LEH_05,2023-06-21 22:00:00+00:00,0.0,0.0,0.418,0.424,12.4,32,692.0,2.1
CHL_LEH_05,2023-06-21 23:00:00+00:00,0.0,0.0,0.417,0.424,11.9,33,692.2,4.3
CHL_LEH_05,2023-06-22 00:00:00+00:00,0.0,0.0,0.416,0.424,12.4,31,692.6,3.3
CHL_LEH_05,2023-06-22 01:00:00+00:00,0.0,0.0,0.415,0.424,12.6,31,693.6,3.6
CHL_LEH_05,2023-06-22 02:00:00+00:00,0.0,0.0,0.414,0.423,13.8,30,695.0,5.6
CHL_LEH_05,2023-06-22 03:00:00+00:00,0.0,0.0,0.413,0.423,14.3,27,695.5,3.4
CHL_LEH_05,2023-06-22 04:00:00+00:00,0.0,0.0,0.413,0.423,15.4,24,695.7,4.3
CHL_LEH_05,2023-06-22 05:00:00+00:00,0.0,0.0,0.439,0.425,16.8,22,696.0,4.7
CHL_LEH_05,2023-06-22 06:00:00+00:00,0.0,0.0,0.439,0.435,18.1,20,696.1,4.7
CHL_LEH_05,2023-06-22 07:00:00+00:00,0.0,0.0,0.439,0.439,19.4,18,695.9,4.7
CHL_LEH_05,2023-06-22 08:00:00+00:00,0.0,0.0,0.439,0.439,20.7,16,695.9,3.3
CHL_LEH_05,2023-06-22 09:00:00+00:00,0.0,0.0,0.439,0.439,21.9,13,695.7,2.2
CHL_LEH_05,2023-06-22 10:00:00+00:00,0.0,0.0,0.439,0.439,22.6,12,695.4,2.3
CHL_LEH_05,2023-06-22 11:00:00+00:00,0.0,0.0,0.437,0.439,23.1,10,695.3,2.5
CHL_LEH_05,2023-06-22 12:00:00+00:00,0.0,0.0,0.427,0.438,23.0,9,695.7,3.3
CHL_LEH_05,2023-06-22 13:00:00+00:00,0.0,0.0,0.428,0.437,22.6,10,695.7,1.1
CHL_LEH_05,2023-06-22 14:00:00+00:00,0.0,0.0,0.426,0.437,21.5,10,695.5,1.5
CHL_LEH_05,2023-06-22 15:00:00+00:00,0.0,0.0,0.424,0.436,20.4,10,695.4,1.3
CHL_LEH_05,2023-06-22 16:00:00+00:00,0.0,0.0,0.422,0.435,18.8,12,694.9,1.6
CHL_LEH_05,2023-06-22 17:00:00+00:00,0.0,0.0,0.421,0.434,17.2,15,694.1,1.5
CHL_LEH_05,2023-06-22 18:00:00+00:00,0.0,0.0,0.419,0.434,16.0,17,693.5,1.0
CHL_LEH_05,2023-06-22 19:00:00+00:00,0.0,0.0,0.418,0.433,15.2,18,693.4,0.7
CHL_LEH_05,2023-06-22 20:00:00+00:00,0.0,0.0,0.418,0.432,15.1,19,693.3,0.4
CHL_LEH_05,2023-06-22 21:00:00+00:00,0.0,0.0,0.417,0.432,14.5,21,693.0,1.3
CHL_LEH_05,2023-06-22 22:00:00+00:00,0.0,0.0,0.416,0.431,14.0,23,692.9,2.8
CHL_LEH_05,2023-06-22 23:00:00+00:00,0.0,0.0,0.415,0.431,13.5,24,692.9,3.1
CHL_LEH_05,2023-06-23 00:00:00+00:00,0.0,0.0,0.415,0.43,13.1,29,692.8,2.3
CHL_LEH_05,2023-06-23 01:00:00+00:00,0.0,0.0,0.414,0.429,13.1,29,693.6,2.0
CHL_LEH_05,2023-06-23 02:00:00+00:00,0.0,0.0,0.414,0.429,14.4,27,695.2,5.4
CHL_LEH_05,2023-06-23 03:00:00+00:00,0.0,0.0,0.413,0.428,15.6,21,696.0,5.2
CHL_LEH_05,2023-06-23 04:00:00+00:00,0.0,0.0,0.417,0.428,17.0,18,696.3,4.9
CHL_LEH_05,2023-06-23 05:00:00+00:00,0.0,0.0,0.439,0.432,18.5,15,696.6,5.4
CHL_LEH_05,2023-06-23 06:00:00+00:00,0.0,0.0,0.439,0.439,20.1,13,696.6,5.4
CHL_LEH_05,2023-06-23 07:00:00+00:00,0.0,0.0,0.439,0.439,21.5,10,696.5,5.1
CHL_LEH_05,2023-06-23 08:00:00+00:00,0.0,0.0,0.439,0.439,22.8,8,696.2,3.9
CHL_LEH_05,2023-06-23 09:00:00+00:00,0.0,0.0,0.439,0.439,23.8,7,696.1,2.6
CHL_LEH_05,2023-06-23 10:00:00+00:00,0.0,0.0,0.437,0.439,24.3,7,695.7,1.8
CHL_LEH_05,2023-06-23 11:00:00+00:00,0.0,0.0,0.433,0.439,24.7,7,695.5,2.5
CHL_LEH_05,2023-06-23 12:00:00+00:00,0.0,0.0,0.428,0.438,24.6,7,695.5,3.6
CHL_LEH_05,2023-06-23 13:00:00+00:00,0.0,0.0,0.429,0.438,23.8,8,695.3,2.6
CHL_LEH_05,2023-06-23 14:00:00+00:00,0.0,0.0,0.426,0.437,22.4,10,694.9,2.9
CHL_LEH_05,2023-06-23 15:00:00+00:00,0.0,0.0,0.424,0.436,21.4,11,695.0,1.9
CHL_LEH_05,2023-06-23 16:00:00+00:00,0.0,0.0,0.423,0.435,20.1,13,694.6,1.5
CHL_LEH_05,2023-06-23 17:00:00+00:00,0.0,0.0,0.421,0.435,18.7,14,693.8,0.7
CHL_LEH_05,2023-06-23 18:00:00+00:00,0.0,0.0,0.42,0.434,17.5,15,692.9,0.0
CHL_LEH_05,2023-06-23 19:00:00+00:00,0.0,0.0,0.419,0.433,16.6,16,692.3,1.3
CHL_LEH_05,2023-06-23 20:00:00+00:00,0.0,0.0,0.418,0.433,15.9,16,691.9,1.1
CHL_LEH_05,2023-06-23 21:00:00+00:00,0.0,0.0,0.417,0.432,15.4,16,691.4,0.5
CHL_LEH_05,2023-06-23 22:00:00+00:00,0.0,0.0,0.417,0.431,15.2,17,691.3,0.7
CHL_LEH_05,2023-06-23 23:00:00+00:00,0.0,0.0,0.416,0.431,14.6,18,691.4,0.7
CHL_LEH_05,2023-06-24 00:00:00+00:00,0.0,0.0,0.415,0.43,14.4,19,691.2,2.2
CHL_LEH_05,2023-06-24 01:00:00+00:00,0.0,0.0,0.415,0.43,14.3,19,691.9,1.8
CHL_LEH_05,2023-06-24 02:00:00+00:00,0.0,0.0,0.414,0.429,12.3,37,690.5,6.9
CHL_LEH_05,2023-06-24 03:00:00+00:00,0.0,0.0,0.414,0.429,16.9,18,694.4,2.9
CHL_LEH_05,2023-06-24 04:00:00+00:00,0.0,0.0,0.435,0.429,18.0,15,694.7,5.0
CHL_LEH_05,2023-06-24 05:00:00+00:00,0.0,0.0,0.439,0.436,19.2,14,694.9,5.1
CHL_LEH_05,2023-06-24 06:00:00+00:00,0.0,0.0,0.439,0.439,20.5,11,695.0,3.8
CHL_LEH_05,2023-06-24 07:00:00+00:00,0.0,0.0,0.439,0.439,21.8,8,695.0,1.8
CHL_LEH_05,2023-06-24 08:00:00+00:00,0.0,0.0,0.439,0.439,23.0,9,694.6,2.2
CHL_LEH_05,2023-06-24 09:00:00+00:00,0.0,0.0,0.434,0.439,24.0,10,694.3,2.0
CHL_LEH_05,2023-06-24 10:00:00+00:00,0.0,0.0,0.421,0.439,24.9,11,693.9,1.3
CHL_LEH_05,2023-06-24 11:00:00+00:00,0.0,0.0,0.411,0.439,25.2,12,693.6,3.0
CHL_LEH_05,2023-06-24 12:00:00+00:00,0.0,0.0,0.415,0.437,25.0,12,693.1,3.1
CHL_LEH_05,2023-06-24 13:00:00+00:00,0.0,0.0,0.42,0.435,24.4,14,693.2,5.8
CHL_LEH_05,2023-06-24 14:00:00+00:00,0.0,0.0,0.419,0.435,23.4,13,692.9,3.0
CHL_LEH_05,2023-06-24 15:00:00+00:00,0.0,0.0,0.417,0.433,22.3,13,693.0,1.8
CHL_LEH_05,2023-06-24 16:00:00+00:00,0.0,0.0,0.416,0.432,20.7,13,692.6,1.8
CHL_LEH_05,2023-06-24 17:00:00+00:00,0.0,0.0,0.415,0.431,19.1,15,691.7,1.5
CHL_LEH_05,2023-06-24 18:00:00+00:00,0.0,0.0,0.414,0.43,17.8,16,690.9,0.7
CHL_LEH_05,2023-06-24 19:00:00+00:00,0.0,0.0,0.413,0.429,17.2,16,690.4,1.6
CHL_LEH_05,2023-06-24 20:00:00+00:00,0.0,0.0,0.412,0.428,16.7,16,689.8,1.0
CHL_LEH_05,2023-06-24 21:00:00+00:00,0.0,0.0,0.412,0.427,16.0,16,689.4,1.5
CHL_LEH_05,2023-06-24 22:00:00+00:00,0.0,0.0,0.411,0.426,15.5,16,689.1,1.4
CHL_LEH_05,2023-06-24 23:00:00+00:00,0.0,0.0,0.41,0.425,15.1,16,689.2,0.5
CHL_LEH_05,2023-06-25 00:00:00+00:00,0.0,0.0,0.409,0.423,15.3,16,689.9,0.5
CHL_LEH_05,2023-06-25 01:00:00+00:00,0.0,0.0,0.409,0.423,15.5,16,691.0,0.8
CHL_LEH_05,2023-06-25 02:00:00+00:00,0.0,0.0,0.408,0.422,17.0,15,692.8,2.1
CHL_LEH_05,2023-06-25 03:00:00+00:00,0.0,0.0,0.413,0.421,17.8,18,693.5,3.7
CHL_LEH_05,2023-06-25 04:00:00+00:00,0.0,0.0,0.431,0.422,18.7,19,693.8,5.1
CHL_LEH_05,2023-06-25 05:00:00+00:00,0.0,0.0,0.438,0.427,19.6,18,693.7,5.1
CHL_LEH_05,2023-06-25 06:00:00+00:00,0.0,0.0,0.435,0.436,20.8,18,693.4,3.4
CHL_LEH_05,2023-06-25 07:00:00+00:00,0.0,0.0,0.424,0.439,22.4,22,693.5,2.8
CHL_LEH_05,2023-06-25 08:00:00+00:00,0.0,0.0,0.435,0.437,23.4,22,693.0,3.3
CHL_LEH_05,2023-06-25 09:00:00+00:00,0.0,0.0,0.426,0.438,24.1,22,692.7,2.0
CHL_LEH_05,2023-06-25 10:00:00+00:00,0.0,0.0,0.433,0.437,23.8,24,692.1,2.9
CHL_LEH_05,2023-06-25 11:00:00+00:00,0.0,0.0,0.435,0.436,23.7,28,691.5,3.3
CHL_LEH_05,2023-06-25 12:00:00+00:00,0.0,0.0,0.444,0.438,21.7,33,689.3,6.8
CHL_LEH_05,2023-06-25 13:00:00+00:00,0.0,0.0,0.431,0.423,24.3,17,691.7,5.2
CHL_LEH_05,2023-06-25 14:00:00+00:00,0.0,0.0,0.426,0.409,23.9,17,691.4,3.9
CHL_LEH_05,2023-06-25 15:00:00+00:00,0.0,0.0,0.421,0.395,22.7,16,691.2,2.6
CHL_LEH_05,2023-06-25 16:00:00+00:00,0.0,0.0,0.416,0.382,21.6,17,691.0,2.3
CHL_LEH_05,2023-06-25 17:00:00+00:00,0.0,0.0,0.411,0.371,20.3,19,690.5,1.8
CHL_LEH_05,2023-06-25 18:00:00+00:00,0.0,0.0,0.406,0.361,19.3,20,690.3,1.0
CHL_LEH_05,2023-06-25 19:00:00+00:00,0.0,0.0,0.402,0.351,19.1,20,690.4,0.8
CHL_LEH_05,2023-06-25 20:00:00+00:00,0.0,0.0,0.398,0.343,18.6,22,690.1,1.0
CHL_LEH_05,2023-06-25 21:00:00+00:00,0.0,0.0,0.394,0.335,18.0,23,690.2,0.5
CHL_LEH_05,2023-06-25 22:00:00+00:00,0.0,0.0,0.391,0.333,17.4,25,690.4,2.3
CHL_LEH_05,2023-06-25 23:00:00+00:00,0.0,0.0,0.388,0.335,16.5,32,690.4,6.0
CHL_LEH_05,2023-06-26 00:00:00+00:00,0.0,0.0,0.398,0.35,16.3,38,690.4,4.7
CHL_LEH_05,2023-06-26 01:00:00+00:00,0.0,0.0,0.395,0.341,16.4,38,691.3,3.8
CHL_LEH_05,2023-06-26 02:00:00+00:00,0.0,0.0,0.394,0.334,15.4,60,690.8,5.8
CHL_LEH_05,2023-06-26 03:00:00+00:00,0.0,0.0,0.396,0.336,17.0,41,692.3,4.0
CHL_LEH_05,2023-06-26 04:00:00+00:00,0.0,0.0,0.4,0.338,17.9,41,692.8,3.1
CHL_LEH_05,2023-06-26 05:00:00+00:00,0.0,0.0,0.402,0.34,17.5,45,692.5,4.5
CHL_LEH_05,2023-06-26 06:00:00+00:00,0.7,0.7,0.413,0.343,18.8,44,693.0,2.7
CHL_LEH_05,2023-06-26 07:00:00+00:00,0.0,0.0,0.413,0.345,18.2,50,692.8,8.3
CHL_LEH_05,2023-06-26 08:00:00+00:00,0.2,0.2,0.413,0.348,17.6,50,692.0,3.3
CHL_LEH_05,2023-06-26 09:00:00+00:00,0.0,0.0,0.412,0.35,18.0,51,692.0,6.8
CHL_LEH_05,2023-06-26 10:00:00+00:00,0.6,0.6,0.417,0.352,16.9,61,691.7,3.7
CHL_LEH_05,2023-06-26 11:00:00+00:00,1.0,1.0,0.422,0.356,16.3,58,691.3,3.0
CHL_LEH_05,2023-06-26 12:00:00+00:00,0.4,0.4,0.412,0.357,13.8,73,689.5,4.8
CHL_LEH_05,2023-06-26 13:00:00+00:00,0.3,0.3,0.412,0.359,12.8,77,689.3,6.4
CHL_LEH_05,2023-06-26 14:00:00+00:00,0.1,0.1,0.41,0.36,13.4,67,690.0,4.3
CHL_LEH_05,2023-06-26 15:00:00+00:00,0.0,0.0,0.406,0.362,11.7,75,689.0,5.6
CHL_LEH_05,2023-06-26 16:00:00+00:00,0.0,0.0,0.403,0.363,10.7,80,689.1,6.1
CHL_LEH_05,2023-06-26 17:00:00+00:00,0.0,0.0,0.401,0.364,12.5,74,691.0,4.1
CHL_LEH_05,2023-06-26 18:00:00+00:00,0.0,0.0,0.399,0.365,11.9,76,690.8,3.2
CHL_LEH_05,2023-06-26 19:00:00+00:00,0.4,0.4,0.401,0.366,11.5,78,690.3,3.2
CHL_LEH_05,2023-06-26 20:00:00+00:00,1.0,1.0,0.413,0.367,11.6,76,690.4,1.6
CHL_LEH_05,2023-06-26 21:00:00+00:00,2.4,2.4,0.435,0.371,10.6,84,690.0,2.3
CHL_LEH_05,2023-06-26 22:00:00+00:00,1.3,1.3,0.427,0.379,10.3,84,689.8,4.0
CHL_LEH_05,2023-06-26 23:00:00+00:00,0.5,0.5,0.425,0.382,10.5,80,690.0,2.9
CHL_LEH_05,2023-06-27 00:00:00+00:00,0.0,0.0,0.422,0.393,10.0,73,690.0,5.9
CHL_LEH_05,2023-06-27 01:00:00+00:00,0.1,0.1,0.419,0.394,10.6,67,690.6,3.2
CHL_LEH_05,2023-06-27 02:00:00+00:00,0.1,0.1,0.417,0.395,10.6,66,691.1,4.1
CHL_LEH_05,2023-06-27 03:00:00+00:00,0.0,0.0,0.415,0.396,11.4,63,691.7,2.1
CHL_LEH_05,2023-06-27 04:00:00+00:00,0.0,0.0,0.414,0.397,12.5,60,692.2,2.7
CHL_LEH_05,2023-06-27 05:00:00+00:00,0.0,0.0,0.414,0.397,13.9,55,692.5,3.1
CHL_LEH_05,2023-06-27 06:00:00+00:00,0.0,0.0,0.414,0.398,15.9,53,693.0,1.1
CHL_LEH_05,2023-06-27 07:00:00+00:00,0.0,0.0,0.413,0.398,15.9,54,692.4,1.5
CHL_LEH_05,2023-06-27 08:00:00+00:00,0.0,0.0,0.411,0.399,17.2,54,692.2,1.9
CHL_LEH_05,2023-06-27 09:00:00+00:00,0.0,0.0,0.409,0.399,17.8,52,691.7,0.4
CHL_LEH_05,2023-06-27 10:00:00+00:00,0.4,0.4,0.413,0.399,16.0,61,691.1,3.3
CHL_LEH_05,2023-06-27 11:00:00+00:00,3.3,3.3,0.438,0.404,15.6,64,691.1,2.5
CHL_LEH_05,2023-06-27 12:00:00+00:00,2.7,2.7,0.427,0.414,13.9,66,690.6,8.0
CHL_LEH_05,2023-06-27 13:00:00+00:00,0.8,0.8,0.428,0.414,13.5,71,690.8,5.3
CHL_LEH_05,2023-06-27 14:00:00+00:00,0.2,0.2,0.425,0.415,10.5,83,688.2,7.8
CHL_LEH_05,2023-06-27 15:00:00+00:00,0.0,0.0,0.423,0.415,13.6,66,691.3,6.3
CHL_LEH_05,2023-06-27 16:00:00+00:00,0.0,0.0,0.42,0.414,13.8,62,692.1,3.2
CHL_LEH_05,2023-06-27 17:00:00+00:00,0.0,0.0,0.418,0.414,10.5,70,689.5,3.6
CHL_LEH_05,2023-06-27 18:00:00+00:00,0.0,0.0,0.416,0.413,13.1,60,692.3,4.7
CHL_LEH_05,2023-06-27 19:00:00+00:00,0.0,0.0,0.415,0.413,12.6,59,692.1,5.9
CHL_LEH_05,2023-06-27 20:00:00+00:00,0.0,0.0,0.413,0.412,11.6,62,691.4,3.0
CHL_LEH_05,2023-06-27 21:00:00+00:00,0.0,0.0,0.412,0.411,11.1,63,691.1,3.3
CHL_LEH_05,2023-06-27 22:00:00+00:00,0.0,0.0,0.411,0.41,10.7,65,691.2,2.1
CHL_LEH_05,2023-06-27 23:00:00+00:00,0.0,0.0,0.41,0.41,10.7,67,691.5,2.7
CHL_LEH_05,2023-06-28 00:00:00+00:00,0.0,0.0,0.406,0.405,11.7,63,692.1,2.9
CHL_LEH_05,2023-06-28 01:00:00+00:00,0.0,0.0,0.406,0.405,10.5,73,691.4,7.2
CHL_LEH_05,2023-06-28 02:00:00+00:00,0.0,0.0,0.405,0.404,11.9,69,693.0,2.3
CHL_LEH_05,2023-06-28 03:00:00+00:00,0.0,0.0,0.404,0.404,12.9,60,693.8,1.1
CHL_LEH_05,2023-06-28 04:00:00+00:00,0.0,0.0,0.403,0.403,14.3,52,694.2,3.4
CHL_LEH_05,2023-06-28 05:00:00+00:00,0.0,0.0,0.401,0.403,15.5,48,694.3,1.9
CHL_LEH_05,2023-06-28 06:00:00+00:00,0.0,0.0,0.398,0.402,17.2,41,694.5,0.7
CHL_LEH_05,2023-06-28 07:00:00+00:00,0.0,0.0,0.394,0.402,18.1,40,694.1,3.5
CHL_LEH_05,2023-06-28 08:00:00+00:00,0.0,0.0,0.391,0.401,19.2,37,693.6,2.0
CHL_LEH_05,2023-06-28 09:00:00+00:00,0.0,0.0,0.389,0.4,19.7,36,693.0,2.1
CHL_LEH_05,2023-06-28 10:00:00+00:00,0.0,0.0,0.386,0.4,19.8,40,692.9,9.0
CHL_LEH_05,2023-06-28 11:00:00+00:00,0.0,0.0,0.385,0.399,19.4,43,692.0,7.5
CHL_LEH_05,2023-06-28 12:00:00+00:00,0.0,0.0,0.384,0.398,18.9,44,692.4,6.3
CHL_LEH_05,2023-06-28 13:00:00+00:00,0.0,0.0,0.384,0.397,17.2,63,691.1,4.9
CHL_LEH_05,2023-06-28 14:00:00+00:00,0.0,0.0,0.385,0.397,18.1,39,692.1,0.0
CHL_LEH_05,2023-06-28 15:00:00+00:00,0.0,0.0,0.386,0.396,15.0,52,689.9,4.8
CHL_LEH_05,2023-06-28 16:00:00+00:00,0.0,0.0,0.386,0.396,12.0,68,687.7,8.7
CHL_LEH_05,2023-06-28 17:00:00+00:00,0.0,0.0,0.386,0.395,11.3,72,687.3,7.7
CHL_LEH_05,2023-06-28 18:00:00+00:00,0.0,0.0,0.386,0.395,11.8,65,688.4,6.1
CHL_LEH_05,2023-06-28 19:00:00+00:00,0.0,0.0,0.387,0.394,10.6,68,688.1,8.8
CHL_LEH_05,2023-06-28 20:00:00+00:00,0.3,0.3,0.389,0.394,11.0,71,689.0,7.6
CHL_LEH_05,2023-06-28 21:00:00+00:00,1.7,1.7,0.402,0.394,11.8,72,690.3,5.4
CHL_LEH_05,2023-06-28 22:00:00+00:00,2.1,2.1,0.416,0.394,11.7,70,690.2,4.0
CHL_LEH_05,2023-06-28 23:00:00+00:00,1.5,1.5,0.423,0.395,11.1,73,690.1,3.3
CHL_LEH_05,2023-06-29 00:00:00+00:00,1.5,1.5,0.43,0.404,11.5,69,690.9,4.5
CHL_LEH_05,2023-06-29 01:00:00+00:00,0.8,0.8,0.428,0.407,9.5,81,689.2,6.1
CHL_LEH_05,2023-06-29 02:00:00+00:00,0.3,0.3,0.424,0.408,11.7,63,691.0,4.6
CHL_LEH_05,2023-06-29 03:00:00+00:00,0.3,0.3,0.422,0.409,12.4,60,691.4,4.3
CHL_LEH_05,2023-06-29 04:00:00+00:00,0.4,0.4,0.421,0.41,13.2,59,691.6,4.0
CHL_LEH_05,2023-06-29 05:00:00+00:00,0.3,0.3,0.42,0.41,13.8,60,691.5,4.7
CHL_LEH_05,2023-06-29 06:00:00+00:00,0.1,0.1,0.415,0.41,15.5,59,692.1,7.1
CHL_LEH_05,2023-06-29 07:00:00+00:00,0.1,0.1,0.409,0.41,17.4,53,691.6,3.7
CHL_LEH_05,2023-06-29 08:00:00+00:00,0.0,0.0,0.405,0.41,16.9,53,690.5,3.6
CHL_LEH_05,2023-06-29 09:00:00+00:00,0.0,0.0,0.4,0.41,17.5,55,690.3,3.5
CHL_LEH_05,2023-06-29 10:00:00+00:00,0.0,0.0,0.396,0.409,17.3,57,689.9,5.1
CHL_LEH_05,2023-06-29 11:00:00+00:00,0.0,0.0,0.393,0.409,17.9,52,689.8,2.3
CHL_LEH_05,2023-06-29 12:00:00+00:00,0.1,0.1,0.399,0.413,17.0,50,689.6,9.2
CHL_LEH_05,2023-06-29 13:00:00+00:00,0.1,0.1,0.399,0.413,14.6,61,689.0,6.4
CHL_LEH_05,2023-06-29 14:00:00+00:00,0.0,0.0,0.398,0.412,14.3,56,689.1,1.9
CHL_LEH_05,2023-06-29 15:00:00+00:00,0.0,0.0,0.398,0.412,12.8,61,688.3,5.8
CHL_LEH_05,2023-06-29 16:00:00+00:00,0.0,0.0,0.398,0.411,11.0,67,687.6,5.7
CHL_LEH_05,2023-06-29 17:00:00+00:00,0.1,0.1,0.398,0.411,9.9,75,687.4,4.4
CHL_LEH_05,2023-06-29 18:00:00+00:00,0.6,0.6,0.402,0.411,11.3,69,689.8,3.0
CHL_LEH_05,2023-06-29 19:00:00+00:00,2.7,2.7,0.421,0.411,9.9,78,689.7,3.1
CHL_LEH_05,2023-06-29 20:00:00+00:00,5.1,4.8,0.437,0.417,6.6,89,686.9,7.2
CHL_LEH_05,2023-06-29 21:00:00+00:00,5.3,4.3,0.436,0.426,7.2,79,687.4,5.4
CHL_LEH_05,2023-06-29 22:00:00+00:00,2.2,2.1,0.433,0.431,6.1,83,686.4,7.5
CHL_LEH_05,2023-06-29 23:00:00+00:00,1.8,1.8,0.436,0.432,8.3,68,688.6,3.3
CHL_LEH_05,2023-06-30 00:00:00+00:00,0.5,0.5,0.428,0.42,9.7,66,689.5,3.3
CHL_LEH_05,2023-06-30 01:00:00+00:00,0.1,0.1,0.425,0.421,9.5,74,689.1,5.1
CHL_LEH_05,2023-06-30 02:00:00+00:00,0.0,0.0,0.422,0.421,10.8,54,690.0,3.6
CHL_LEH_05,2023-06-30 03:00:00+00:00,0.0,0.0,0.419,0.421,11.7,52,690.7,2.9
CHL_LEH_05,2023-06-30 04:00:00+00:00,0.0,0.0,0.417,0.42,12.4,53,690.8,1.8
CHL_LEH_05,2023-06-30 05:00:00+00:00,0.0,0.0,0.414,0.42,14.1,49,691.3,1.6
CHL_LEH_05,2023-06-30 06:00:00+00:00,0.0,0.0,0.408,0.419,15.8,45,691.7,2.9
CHL_LEH_05,2023-06-30 07:00:00+00:00,0.0,0.0,0.402,0.419,16.5,44,691.6,3.8
CHL_LEH_05,2023-06-30 08:00:00+00:00,0.0,0.0,0.396,0.418,17.8,41,691.2,4.3
CHL_LEH_05,2023-06-30 09:00:00+00:00,0.0,0.0,0.39,0.417,18.7,37,690.4,1.1
CHL_LEH_05,2023-06-30 10:00:00+00:00,0.0,0.0,0.386,0.416,19.4,35,689.7,1.3
CHL_LEH_05,2023-06-30 11:00:00+00:00,0.0,0.0,0.383,0.415,19.2,37,689.2,5.9
CHL_LEH_05,2023-06-30 12:00:00+00:00,0.0,0.0,0.386,0.416,18.2,33,689.3,4.8
CHL_LEH_05,2023-06-30 13:00:00+00:00,0.0,0.0,0.386,0.415,17.5,52,688.5,2.5
CHL_LEH_05,2023-06-30 14:00:00+00:00,0.0,0.0,0.386,0.414,14.6,58,686.5,8.5
CHL_LEH_05,2023-06-30 15:00:00+00:00,0.0,0.0,0.387,0.413,15.3,45,687.5,6.4
CHL_LEH_05,2023-06-30 16:00:00+00:00,0.0,0.0,0.387,0.412,16.4,36,689.3,4.0
CHL_LEH_05,2023-06-30 17:00:00+00:00,0.0,0.0,0.388,0.411,15.8,39,689.1,3.5
CHL_LEH_05,2023-06-30 18:00:00+00:00,0.0,0.0,0.388,0.411,12.8,56,687.2,2.6
CHL_LEH_05,2023-06-30 19:00:00+00:00,0.0,0.0,0.388,0.41,10.8,74,685.8,5.1
CHL_LEH_05,2023-06-30 20:00:00+00:00,0.9,0.9,0.396,0.409,12.5,65,688.4,1.0
CHL_LEH_05,2023-06-30 21:00:00+00:00,0.7,0.7,0.4,0.409,11.2,73,688.3,2.6
CHL_LEH_05,2023-06-30 22:00:00+00:00,0.5,0.5,0.403,0.409,10.1,80,688.0,1.8
CHL_LEH_05,2023-06-30 23:00:00+00:00,1.6,1.6,0.415,0.409,9.2,81,688.5,4.3
CHL_LEH_05,2023-07-01 00:00:00+00:00,1.5,1.4,0.411,0.41,8.7,80,688.5,2.6
CHL_LEH_05,2023-07-01 01:00:00+00:00,0.0,0.0,0.41,0.41,9.2,83,689.1,3.4
CHL_LEH_05,2023-07-01 02:00:00+00:00,0.0,0.0,0.408,0.41,10.4,60,690.1,3.4
CHL_LEH_05,2023-07-01 03:00:00+00:00,0.1,0.1,0.407,0.41,11.3,58,690.7,1.8
CHL_LEH_05,2023-07-01 04:00:00+00:00,0.0,0.0,0.404,0.409,12.9,56,691.3,1.5
CHL_LEH_05,2023-07-01 05:00:00+00:00,0.0,0.0,0.399,0.409,14.6,50,691.9,0.8
CHL_LEH_05,2023-07-01 06:00:00+00:00,0.0,0.0,0.393,0.409,16.1,43,692.1,1.8
CHL_LEH_05,2023-07-01 07:00:00+00:00,0.0,0.0,0.387,0.408,17.3,40,692.2,4.0
CHL_LEH_05,2023-07-01 08:00:00+00:00,0.0,0.0,0.381,0.407,18.4,35,691.9,7.6
CHL_LEH_05,2023-07-01 09:00:00+00:00,0.0,0.0,0.375,0.406,19.1,32,691.4,7.2
CHL_LEH_05,2023-07-01 10:00:00+00:00,0.0,0.0,0.371,0.406,19.5,30,691.1,7.5
CHL_LEH_05,2023-07-01 11:00:00+00:00,0.0,0.0,0.367,0.405,19.7,29,690.8,9.0
CHL_LEH_05,2023-07-01 12:00:00+00:00,0.0,0.0,0.368,0.404,18.7,26,690.5,1.8
CHL_LEH_05,2023-07-01 13:00:00+00:00,0.0,0.0,0.368,0.404,17.4,58,689.8,1.8
CHL_LEH_05,2023-07-01 14:00:00+00:00,0.0,0.0,0.369,0.403,17.5,26,690.3,0.5
CHL_LEH_05,2023-07-01 15:00:00+00:00,0.0,0.0,0.37,0.402,17.0,28,690.7,3.7
CHL_LEH_05,2023-07-01 16:00:00+00:00,0.0,0.0,0.371,0.401,14.7,39,689.8,3.6
CHL_LEH_05,2023-07-01 17:00:00+00:00,0.0,0.0,0.372,0.401,12.5,51,688.4,4.1
CHL_LEH_05,2023-07-01 18:00:00+00:00,0.0,0.0,0.372,0.4,11.2,56,687.7,3.8
CHL_LEH_05,2023-07-01 19:00:00+00:00,0.0,0.0,0.373,0.4,13.0,46,689.9,1.5
CHL_LEH_05,2023-07-01 20:00:00+00:00,0.0,0.0,0.373,0.399,14.9,37,691.7,1.8
CHL_LEH_05,2023-07-01 21:00:00+00:00,0.0,0.0,0.374,0.398,14.5,37,691.6,3.1
CHL_LEH_05,2023-07-01 22:00:00+00:00,0.0,0.0,0.374,0.398,13.7,38,691.2,1.8
CHL_LEH_05,2023-07-01 23:00:00+00:00,0.0,0.0,0.375,0.398,12.7,41,691.0,2.5
CHL_LEH_05,2023-07-02 00:00:00+00:00,0.0,0.0,0.374,0.397,12.8,44,691.9,3.3
CHL_LEH_05,2023-07-02 01:00:00+00:00,0.0,0.0,0.375,0.396,10.8,64,690.6,5.7
CHL_LEH_05,2023-07-02 02:00:00+00:00,0.0,0.0,0.374,0.396,12.7,51,692.7,5.4
CHL_LEH_05,2023-07-02 03:00:00+00:00,0.0,0.0,0.373,0.395,13.5,48,693.6,3.6
CHL_LEH_05,2023-07-02 04:00:00+00:00,0.0,0.0,0.37,0.395,14.8,47,694.0,5.2
CHL_LEH_05,2023-07-02 05:00:00+00:00,0.0,0.0,0.365,0.394,16.3,45,694.4,5.8
CHL_LEH_05,2023-07-02 06:00:00+00:00,0.0,0.0,0.36,0.394,17.9,41,694.6,5.5
CHL_LEH_05,2023-07-02 07:00:00+00:00,0.0,0.0,0.354,0.393,19.2,36,694.4,4.7
CHL_LEH_05,2023-07-02 08:00:00+00:00,0.0,0.0,0.348,0.392,20.3,34,693.9,8.2
CHL_LEH_05,2023-07-02 09:00:00+00:00,0.0,0.0,0.343,0.391,20.8,33,693.5,7.3
CHL_LEH_05,2023-07-02 10:00:00+00:00,0.0,0.0,0.338,0.391,21.3,30,693.0,4.3
CHL_LEH_05,2023-07-02 11:00:00+00:00,0.0,0.0,0.335,0.39,21.7,28,692.8,5.4
CHL_LEH_05,2023-07-02 12:00:00+00:00,0.0,0.0,0.333,0.388,20.8,27,692.7,8.2
CHL_LEH_05,2023-07-02 13:00:00+00:00,0.0,0.0,0.334,0.388,18.8,50,691.3,5.0
CHL_LEH_05,2023-07-02 14:00:00+00:00,0.0,0.0,0.335,0.387,19.8,27,692.6,4.0
CHL_LEH_05,2023-07-02 15:00:00+00:00,0.0,0.0,0.336,0.386,13.6,55,687.7,10.4
CHL_LEH_05,2023-07-02 16:00:00+00:00,0.0,0.0,0.338,0.385,13.5,53,688.3,6.5
CHL_LEH_05,2023-07-02 17:00:00+00:00,0.0,0.0,0.339,0.385,16.1,40,691.3,3.5
CHL_LEH_05,2023-07-02 18:00:00+00:00,0.0,0.0,0.34,0.384,12.1,51,688.1,6.9
CHL_LEH_05,2023-07-02 19:00:00+00:00,0.0,0.0,0.341,0.384,14.6,36,690.5,6.6
CHL_LEH_05,2023-07-02 20:00:00+00:00,0.0,0.0,0.342,0.383,15.9,30,691.6,2.2
CHL_LEH_05,2023-07-02 21:00:00+00:00,0.0,0.0,0.343,0.383,15.5,31,691.7,4.6
CHL_LEH_05,2023-07-02 22:00:00+00:00,0.0,0.0,0.344,0.382,10.1,48,687.2,8.9
CHL_LEH_05,2023-07-02 23:00:00+00:00,0.0,0.0,0.345,0.382,12.3,38,689.4,6.4
CHL_LEH_05,2023-07-03 00:00:00+00:00,0.0,0.0,0.341,0.373,14.5,35,691.8,4.3
CHL_LEH_05,2023-07-03 01:00:00+00:00,0.0,0.0,0.342,0.373,11.5,59,689.5,7.2
CHL_LEH_05,2023-07-03 02:00:00+00:00,0.0,0.0,0.342,0.372,15.4,44,693.2,4.1
CHL_LEH_05,2023-07-03 03:00:00+00:00,0.0,0.0,0.34,0.372,16.6,38,694.1,2.5
CHL_LEH_05,2023-07-03 04:00:00+00:00,0.0,0.0,0.338,0.372,18.0,37,694.6,2.9
CHL_LEH_05,2023-07-03 05:00:00+00:00,0.0,0.0,0.333,0.371,19.4,33,694.9,2.2
CHL_LEH_05,2023-07-03 06:00:00+00:00,0.0,0.0,0.327,0.371,20.4,30,694.8,0.0
CHL_LEH_05,2023-07-03 07:00:00+00:00,0.0,0.0,0.321,0.37,21.3,28,694.5,1.5
CHL_LEH_05,2023-07-03 08:00:00+00:00,0.0,0.0,0.314,0.37,21.9,26,694.0,3.3
CHL_LEH_05,2023-07-03 09:00:00+00:00,0.0,0.0,0.308,0.369,22.3,24,693.4,2.5
CHL_LEH_05,2023-07-03 10:00:00+00:00,0.0,0.0,0.303,0.368,22.7,22,692.7,4.1
CHL_LEH_05,2023-07-03 11:00:00+00:00,0.0,0.0,0.301,0.368,22.1,24,692.1,4.7
CHL_LEH_05,2023-07-03 12:00:00+00:00,0.0,0.0,0.299,0.367,22.0,27,691.6,7.6
CHL_LEH_05,2023-07-03 13:00:00+00:00,0.0,0.0,0.3,0.366,20.6,47,690.7,3.6
CHL_LEH_05,2023-07-03 14:00:00+00:00,0.0,0.0,0.301,0.366,19.3,32,689.7,6.6
CHL_LEH_05,2023-07-03 15:00:00+00:00,0.0,0.0,0.302,0.365,14.9,51,686.5,9.2
CHL_LEH_05,2023-07-03 16:00:00+00:00,0.0,0.0,0.304,0.365,14.4,52,686.6,4.6
CHL_LEH_05,2023-07-03 17:00:00+00:00,0.0,0.0,0.305,0.364,20.2,27,692.3,2.3
CHL_LEH_05,2023-07-03 18:00:00+00:00,0.0,0.0,0.306,0.364,20.1,26,692.6,3.6
CHL_LEH_05,2023-07-03 19:00:00+00:00,0.0,0.0,0.307,0.363,13.3,48,687.3,11.6
CHL_LEH_05,2023-07-03 20:00:00+00:00,0.0,0.0,0.308,0.363,15.3,38,689.2,8.6
CHL_LEH_05,2023-07-03 21:00:00+00:00,0.0,0.0,0.309,0.362,13.6,44,687.8,8.0
CHL_LEH_05,2023-07-03 22:00:00+00:00,0.0,0.0,0.31,0.362,12.9,46,687.2,7.1
CHL_LEH_05,2023-07-03 23:00:00+00:00,0.0,0.0,0.311,0.361,11.8,51,686.5,6.1
CHL_LEH_05,2023-07-04 00:00:00+00:00,0.0,0.0,0.313,0.361,15.7,35,689.8,3.3
CHL_LEH_05,2023-07-04 01:00:00+00:00,0.0,0.0,0.314,0.361,12.7,59,687.6,6.2
CHL_LEH_05,2023-07-04 02:00:00+00:00,0.0,0.0,0.314,0.361,16.3,46,690.9,2.4
CHL_LEH_05,2023-07-04 03:00:00+00:00,0.0,0.0,0.313,0.36,17.4,37,691.9,0.8
CHL_LEH_05,2023-07-04 04:00:00+00:00,0.0,0.0,0.311,0.36,18.3,35,692.2,0.8
CHL_LEH_05,2023-07-04 05:00:00+00:00,0.0,0.0,0.307,0.359,19.3,34,692.5,2.3
CHL_LEH_05,2023-07-04 06:00:00+00:00,0.0,0.0,0.302,0.359,20.0,33,692.3,4.0
CHL_LEH_05,2023-07-04 07:00:00+00:00,0.0,0.0,0.298,0.358,20.4,33,692.0,3.8
CHL_LEH_05,2023-07-04 08:00:00+00:00,0.0,0.0,0.293,0.358,20.7,33,691.5,7.6
CHL_LEH_05,2023-07-04 09:00:00+00:00,0.0,0.0,0.288,0.357,21.4,32,691.0,7.6
CHL_LEH_05,2023-07-04 10:00:00+00:00,0.0,0.0,0.283,0.357,21.3,31,690.1,6.9
CHL_LEH_05,2023-07-04 11:00:00+00:00,0.0,0.0,0.281,0.356,21.3,31,689.7,4.2
CHL_LEH_05,2023-07-04 12:00:00+00:00,0.0,0.0,0.278,0.356,21.6,30,689.2,5.6
CHL_LEH_05,2023-07-04 13:00:00+00:00,0.0,0.0,0.278,0.355,19.7,45,688.0,5.9
CHL_LEH_05,2023-07-04 14:00:00+00:00,0.0,0.0,0.279,0.355,16.2,55,685.8,10.2
CHL_LEH_05,2023-07-04 15:00:00+00:00,0.0,0.0,0.281,0.354,15.9,49,686.4,9.3
CHL_LEH_05,2023-07-04 16:00:00+00:00,0.0,0.0,0.282,0.354,18.9,31,689.9,4.2
CHL_LEH_05,2023-07-04 17:00:00+00:00,0.0,0.0,0.283,0.353,18.0,33,689.8,1.5
CHL_LEH_05,2023-07-04 18:00:00+00:00,0.0,0.0,0.285,0.353,15.2,47,687.9,6.5
CHL_LEH_05,2023-07-04 19:00:00+00:00,0.0,0.0,0.286,0.352,16.2,39,689.0,3.8
CHL_LEH_05,2023-07-04 20:00:00+00:00,0.0,0.0,0.287,0.352,16.3,38,689.1,1.9
CHL_LEH_05,2023-07-04 21:00:00+00:00,0.0,0.0,0.288,0.351,15.3,40,688.5,2.9
CHL_LEH_05,2023-07-04 22:00:00+00:00,0.0,0.0,0.289,0.351,14.6,44,688.3,2.3
CHL_LEH_05,2023-07-04 23:00:00+00:00,0.0,0.0,0.29,0.351,12.7,56,686.8,2.9
CHL_LEH_05,2023-07-05 00:00:00+00:00,0.0,0.0,0.291,0.351,13.1,66,688.2,2.0
CHL_LEH_05,2023-07-05 01:00:00+00:00,0.0,0.0,0.292,0.35,13.3,66,688.8,0.8
CHL_LEH_05,2023-07-05 02:00:00+00:00,0.0,0.0,0.293,0.35,13.3,62,689.2,2.5
CHL_LEH_05,2023-07-05 03:00:00+00:00,0.0,0.0,0.293,0.35,14.6,48,689.7,3.6
CHL_LEH_05,2023-07-05 04:00:00+00:00,0.5,0.5,0.298,0.349,14.3,48,689.7,5.0
CHL_LEH_05,2023-07-05 05:00:00+00:00,0.6,0.6,0.303,0.349,14.8,46,689.7,5.9
CHL_LEH_05,2023-07-05 06:00:00+00:00,0.4,0.4,0.306,0.349,15.1,47,690.0,5.7
CHL_LEH_05,2023-07-05 07:00:00+00:00,0.4,0.4,0.309,0.348,15.2,49,690.2,4.2
CHL_LEH_05,2023-07-05 08:00:00+00:00,0.4,0.4,0.312,0.348,14.8,51,689.8,4.4
CHL_LEH_05,2023-07-05 09:00:00+00:00,0.8,0.8,0.319,0.348,14.3,54,689.7,6.0
CHL_LEH_05,2023-07-05 10:00:00+00:00,0.6,0.6,0.324,0.348,14.3,55,689.6,5.4
CHL_LEH_05,2023-07-05 11:00:00+00:00,0.6,0.6,0.33,0.348,13.8,57,689.2,4.6
CHL_LEH_05,2023-07-05 12:00:00+00:00,0.2,0.2,0.305,0.348,14.5,52,689.1,5.6
CHL_LEH_05,2023-07-05 13:00:00+00:00,0.3,0.3,0.307,0.347,13.8,64,688.9,2.6
CHL_LEH_05,2023-07-05 14:00:00+00:00,0.0,0.0,0.308,0.347,14.2,48,689.4,3.1
CHL_LEH_05,2023-07-05 15:00:00+00:00,0.0,0.0,0.308,0.347,12.6,58,688.7,6.1
CHL_LEH_05,2023-07-05 16:00:00+00:00,0.0,0.0,0.309,0.347,11.4,71,688.4,6.9
CHL_LEH_05,2023-07-05 17:00:00+00:00,0.0,0.0,0.309,0.347,10.8,71,687.9,8.0
CHL_LEH_05,2023-07-05 18:00:00+00:00,0.0,0.0,0.31,0.346,12.6,56,689.8,5.5
CHL_LEH_05,2023-07-05 19:00:00+00:00,0.0,0.0,0.311,0.346,12.4,56,690.0,5.5
CHL_LEH_05,2023-07-05 20:00:00+00:00,0.0,0.0,0.311,0.346,10.3,69,688.3,7.1
CHL_LEH_05,2023-07-05 21:00:00+00:00,0.1,0.1,0.313,0.346,10.6,68,688.9,6.1
CHL_LEH_05,2023-07-05 22:00:00+00:00,0.0,0.0,0.313,0.345,9.6,73,688.1,6.7
CHL_LEH_05,2023-07-05 23:00:00+00:00,0.0,0.0,0.314,0.345,9.1,76,687.9,6.6
CHL_LEH_05,2023-07-06 00:00:00+00:00,0.5,0.5,0.317,0.346,11.1,62,689.0,3.2
CHL_LEH_05,2023-07-06 01:00:00+00:00,0.1,0.1,0.318,0.346,10.1,74,688.9,5.2
CHL_LEH_05,2023-07-06 02:00:00+00:00,0.1,0.1,0.319,0.346,10.7,63,689.8,6.5
CHL_LEH_05,2023-07-06 03:00:00+00:00,0.3,0.3,0.322,0.345,10.8,62,690.2,6.1
CHL_LEH_05,2023-07-06 04:00:00+00:00,0.0,0.0,0.321,0.345,12.0,59,691.0,8.6
CHL_LEH_05,2023-07-06 05:00:00+00:00,0.0,0.0,0.319,0.345,12.5,59,691.5,9.3
CHL_LEH_05,2023-07-06 06:00:00+00:00,0.0,0.0,0.315,0.345,13.9,56,692.0,7.3
CHL_LEH_05,2023-07-06 07:00:00+00:00,0.0,0.0,0.312,0.345,15.1,52,692.1,5.6
CHL_LEH_05,2023-07-06 08:00:00+00:00,0.0,0.0,0.307,0.344,16.2,49,692.2,6.9
CHL_LEH_05,2023-07-06 09:00:00+00:00,0.0,0.0,0.304,0.344,16.4,46,691.6,4.6
CHL_LEH_05,2023-07-06 10:00:00+00:00,0.0,0.0,0.301,0.344,17.1,44,691.4,4.1
CHL_LEH_05,2023-07-06 11:00:00+00:00,0.0,0.0,0.299,0.344,17.2,46,691.2,7.2
CHL_LEH_05,2023-07-06 12:00:00+00:00,4.2,4.2,0.414,0.351,14.7,58,690.9,3.4
CHL_LEH_05,2023-07-06 13:00:00+00:00,0.4,0.4,0.411,0.353,13.8,60,691.0,2.5
CHL_LEH_05,2023-07-06 14:00:00+00:00,0.3,0.3,0.408,0.355,12.8,74,690.6,2.6
CHL_LEH_05,2023-07-06 15:00:00+00:00,0.2,0.2,0.406,0.357,12.1,75,690.6,4.2
CHL_LEH_05,2023-07-06 16:00:00+00:00,0.4,0.4,0.405,0.358,12.6,60,691.6,2.4
CHL_LEH_05,2023-07-06 17:00:00+00:00,0.4,0.4,0.405,0.359,12.2,62,691.6,2.3
CHL_LEH_05,2023-07-06 18:00:00+00:00,2.2,2.2,0.42,0.362,10.3,74,690.3,4.0
CHL_LEH_05,2023-07-06 19:00:00+00:00,0.2,0.2,0.415,0.364,9.8,74,689.8,4.6
CHL_LEH_05,2023-07-06 20:00:00+00:00,0.0,0.0,0.409,0.366,7.7,83,687.6,8.4
CHL_LEH_05,2023-07-06 21:00:00+00:00,0.0,0.0,0.405,0.367,8.2,78,688.1,8.0
CHL_LEH_05,2023-07-06 22:00:00+00:00,0.0,0.0,0.402,0.368,9.4,66,689.2,8.0
CHL_LEH_05,2023-07-06 23:00:00+00:00,0.0,0.0,0.399,0.369,7.9,72,687.7,7.1
CHL_LEH_05,2023-07-07 00:00:00+00:00,0.0,0.0,0.407,0.393,9.9,71,689.7,7.7
CHL_LEH_05,2023-07-07 01:00:00+00:00,0.0,0.0,0.405,0.393,10.4,66,690.8,4.3
CHL_LEH_05,2023-07-07 02:00:00+00:00,0.0,0.0,0.403,0.393,11.2,55,691.1,4.1
CHL_LEH_05,2023-07-07 03:00:00+00:00,0.0,0.0,0.401,0.393,12.2,51,691.5,3.7
CHL_LEH_05,2023-07-07 04:00:00+00:00,0.0,0.0,0.398,0.393,13.2,50,691.6,3.6
CHL_LEH_05,2023-07-07 05:00:00+00:00,0.0,0.0,0.393,0.393,14.7,45,692.1,5.4
CHL_LEH_05,2023-07-07 06:00:00+00:00,0.0,0.0,0.387,0.393,16.6,40,692.3,4.1
CHL_LEH_05,2023-07-07 07:00:00+00:00,0.0,0.0,0.382,0.392,18.0,38,692.1,4.1
CHL_LEH_05,2023-07-07 08:00:00+00:00,0.0,0.0,0.377,0.392,19.2,36,691.9,3.3
CHL_LEH_05,2023-07-07 09:00:00+00:00,0.0,0.0,0.373,0.391,19.3,38,691.5,4.5
CHL_LEH_05,2023-07-07 10:00:00+00:00,0.0,0.0,0.369,0.391,18.6,44,691.1,8.2
CHL_LEH_05,2023-07-07 11:00:00+00:00,1.7,1.7,0.383,0.39,16.2,60,690.6,12.7
CHL_LEH_05,2023-07-07 12:00:00+00:00,1.7,1.7,0.376,0.392,18.4,41,691.6,6.8
CHL_LEH_05,2023-07-07 13:00:00+00:00,0.0,0.0,0.375,0.391,16.8,52,690.9,5.4
CHL_LEH_05,2023-07-07 14:00:00+00:00,0.0,0.0,0.375,0.391,14.1,59,689.7,7.1
CHL_LEH_05,2023-07-07 15:00:00+00:00,0.5,0.5,0.379,0.391,11.6,72,689.6,8.4
CHL_LEH_05,2023-07-07 16:00:00+00:00,1.6,1.6,0.393,0.39,11.6,72,691.3,4.4
CHL_LEH_05,2023-07-07 17:00:00+00:00,1.8,1.8,0.408,0.391,11.7,69,692.1,6.3
CHL_LEH_05,2023-07-07 18:00:00+00:00,0.9,0.9,0.414,0.391,11.4,70,692.3,3.3
CHL_LEH_05,2023-07-07 19:00:00+00:00,0.6,0.6,0.416,0.392,11.0,66,691.8,3.9
CHL_LEH_05,2023-07-07 20:00:00+00:00,0.0,0.0,0.412,0.393,11.4,55,691.6,6.0
CHL_LEH_05,2023-07-07 21:00:00+00:00,0.0,0.0,0.409,0.393,9.8,57,689.7,3.4
CHL_LEH_05,2023-07-07 22:00:00+00:00,0.0,0.0,0.407,0.393,11.6,49,691.3,6.4
CHL_LEH_05,2023-07-07 23:00:00+00:00,0.0,0.0,0.405,0.394,10.2,57,689.7,3.3
CHL_LEH_05,2023-07-08 00:00:00+00:00,0.0,0.0,0.411,0.408,12.0,66,689.7,4.4
CHL_LEH_05,2023-07-08 01:00:00+00:00,0.0,0.0,0.41,0.407,11.5,79,690.2,4.0
CHL_LEH_05,2023-07-08 02:00:00+00:00,0.0,0.0,0.408,0.407,12.6,56,691.8,4.4
CHL_LEH_05,2023-07-08 03:00:00+00:00,0.0,0.0,0.405,0.407,13.9,43,692.6,3.9
CHL_LEH_05,2023-07-08 04:00:00+00:00,0.0,0.0,0.403,0.406,14.7,43,692.7,3.9
CHL_LEH_05,2023-07-08 05:00:00+00:00,0.0,0.0,0.399,0.405,16.1,41,692.9,7.2
CHL_LEH_05,2023-07-08 06:00:00+00:00,0.0,0.0,0.394,0.405,17.2,40,693.2,6.0
CHL_LEH_05,2023-07-08 07:00:00+00:00,0.0,0.0,0.391,0.404,18.1,38,693.0,6.5
CHL_LEH_05,2023-07-08 08:00:00+00:00,0.0,0.0,0.387,0.403,17.3,45,692.2,10.1
CHL_LEH_05,2023-07-08 09:00:00+00:00,0.1,0.1,0.386,0.403,17.1,46,691.9,7.9
CHL_LEH_05,2023-07-08 10:00:00+00:00,0.2,0.2,0.386,0.402,16.9,45,691.8,5.5
CHL_LEH_05,2023-07-08 11:00:00+00:00,0.6,0.6,0.39,0.401,16.2,51,691.6,5.5
CHL_LEH_05,2023-07-08 12:00:00+00:00,1.2,1.2,0.427,0.403,12.2,62,691.3,3.7
CHL_LEH_05,2023-07-08 13:00:00+00:00,2.1,2.1,0.435,0.406,11.2,73,691.2,3.6
CHL_LEH_05,2023-07-08 14:00:00+00:00,2.1,2.1,0.436,0.411,10.7,78,691.1,1.8
CHL_LEH_05,2023-07-08 15:00:00+00:00,2.0,2.0,0.436,0.416,10.2,83,691.2,2.3
CHL_LEH_05,2023-07-08 16:00:00+00:00,1.8,1.8,0.436,0.42,9.7,86,691.4,3.1
CHL_LEH_05,2023-07-08 17:00:00+00:00,1.6,1.6,0.436,0.423,9.5,83,691.2,2.6
CHL_LEH_05,2023-07-08 18:00:00+00:00,1.5,1.5,0.436,0.426,9.3,84,690.9,2.9
CHL_LEH_05,2023-07-08 19:00:00+00:00,1.2,1.2,0.435,0.427,9.1,81,690.1,3.6
CHL_LEH_05,2023-07-08 20:00:00+00:00,1.0,1.0,0.434,0.428,9.0,81,689.6,5.2
CHL_LEH_05,2023-07-08 21:00:00+00:00,0.9,0.9,0.434,0.428,8.9,81,689.0,4.1
CHL_LEH_05,2023-07-08 22:00:00+00:00,1.2,1.2,0.435,0.428,8.6,81,688.6,5.0
CHL_LEH_05,2023-07-08 23:00:00+00:00,1.2,1.2,0.435,0.429,8.5,81,688.5,5.5
CHL_LEH_05,2023-07-09 00:00:00+00:00,1.1,1.1,0.436,0.432,9.7,72,688.8,4.1
CHL_LEH_05,2023-07-09 01:00:00+00:00,0.5,0.5,0.433,0.431,9.3,76,688.7,7.8
CHL_LEH_05,2023-07-09 02:00:00+00:00,1.1,1.1,0.435,0.43,9.0,77,689.1,8.0
CHL_LEH_05,2023-07-09 03:00:00+00:00,1.5,1.5,0.437,0.43,9.4,75,689.6,6.9
CHL_LEH_05,2023-07-09 04:00:00+00:00,1.3,1.3,0.436,0.431,9.5,76,690.5,9.4
CHL_LEH_05,2023-07-09 05:00:00+00:00,1.4,1.4,0.437,0.431,10.1,71,691.1,6.8
CHL_LEH_05,2023-07-09 06:00:00+00:00,1.5,1.5,0.437,0.432,10.8,69,691.0,6.6
CHL_LEH_05,2023-07-09 07:00:00+00:00,1.5,1.5,0.437,0.432,11.6,66,691.2,8.4
CHL_LEH_05,2023-07-09 08:00:00+00:00,1.8,1.8,0.438,0.433,10.6,73,691.1,10.9
CHL_LEH_05,2023-07-09 09:00:00+00:00,1.9,1.9,0.437,0.434,10.7,70,691.1,9.0
CHL_LEH_05,2023-07-09 10:00:00+00:00,1.7,1.7,0.438,0.434,10.3,74,691.1,6.2
CHL_LEH_05,2023-07-09 11:00:00+00:00,1.8,1.8,0.438,0.434,9.8,76,691.1,5.4
CHL_LEH_05,2023-07-09 12:00:00+00:00,1.9,1.9,0.434,0.433,10.5,71,692.1,2.5
CHL_LEH_05,2023-07-09 13:00:00+00:00,0.8,0.8,0.434,0.432,10.2,75,691.7,3.6
CHL_LEH_05,2023-07-09 14:00:00+00:00,0.7,0.7,0.433,0.431,9.7,77,691.2,4.1
CHL_LEH_05,2023-07-09 15:00:00+00:00,0.6,0.6,0.432,0.43,9.6,77,691.1,3.7
CHL_LEH_05,2023-07-09 16:00:00+00:00,0.3,0.3,0.429,0.429,9.5,76,691.0,4.5
CHL_LEH_05,2023-07-09 17:00:00+00:00,0.1,0.1,0.426,0.427,9.2,78,690.4,7.2
CHL_LEH_05,2023-07-09 18:00:00+00:00,0.2,0.2,0.424,0.426,9.6,74,690.4,6.0
CHL_LEH_05,2023-07-09 19:00:00+00:00,0.2,0.2,0.423,0.425,9.2,75,690.1,8.3
CHL_LEH_05,2023-07-09 20:00:00+00:00,0.5,0.5,0.424,0.424,9.3,73,689.9,6.7
CHL_LEH_05,2023-07-09 21:00:00+00:00,0.9,0.9,0.428,0.424,8.9,74,689.3,6.1
CHL_LEH_05,2023-07-09 22:00:00+00:00,0.9,0.9,0.43,0.424,8.6,77,688.9,6.8
CHL_LEH_05,2023-07-09 23:00:00+00:00,0.9,0.9,0.431,0.424,9.1,73,689.2,5.8
CHL_LEH_05,2023-07-10 00:00:00+00:00,0.6,0.6,0.433,0.426,11.5,60,690.4,2.9
CHL_LEH_05,2023-07-10 01:00:00+00:00,0.3,0.3,0.43,0.426,12.1,59,691.2,1.0
CHL_LEH_05,2023-07-10 02:00:00+00:00,0.4,0.4,0.428,0.426,11.5,67,691.0,5.2
CHL_LEH_05,2023-07-10 03:00:00+00:00,0.3,0.3,0.427,0.425,12.1,55,691.3,4.9
CHL_LEH_05,2023-07-10 04:00:00+00:00,0.3,0.3,0.425,0.424,12.8,48,692.0,5.0
CHL_LEH_05,2023-07-10 05:00:00+00:00,0.4,0.4,0.425,0.424,12.2,51,692.2,8.8
CHL_LEH_05,2023-07-10 06:00:00+00:00,0.8,0.8,0.428,0.423,11.8,56,692.5,8.1
CHL_LEH_05,2023-07-10 07:00:00+00:00,0.8,0.8,0.429,0.423,12.1,56,692.6,8.6
CHL_LEH_05,2023-07-10 08:00:00+00:00,0.6,0.6,0.428,0.423,12.4,58,692.4,7.5
CHL_LEH_05,2023-07-10 09:00:00+00:00,0.3,0.3,0.425,0.423,13.1,56,692.7,8.2
CHL_LEH_05,2023-07-10 10:00:00+00:00,0.1,0.1,0.422,0.422,13.2,55,692.6,7.9
CHL_LEH_05,2023-07-10 11:00:00+00:00,0.0,0.0,0.419,0.422,13.1,55,692.2,6.9
CHL_LEH_05,2023-07-10 12:00:00+00:00,0.0,0.0,0.415,0.419,13.3,53,692.2,3.2
CHL_LEH_05,2023-07-10 13:00:00+00:00,0.0,0.0,0.413,0.419,12.1,62,691.3,4.9
CHL_LEH_05,2023-07-10 14:00:00+00:00,0.0,0.0,0.412,0.418,11.1,63,690.6,6.5
CHL_LEH_05,2023-07-10 15:00:00+00:00,0.0,0.0,0.41,0.417,13.5,37,693.1,4.4
CHL_LEH_05,2023-07-10 16:00:00+00:00,0.0,0.0,0.409,0.416,10.4,62,690.5,7.6
CHL_LEH_05,2023-07-10 17:00:00+00:00,0.0,0.0,0.408,0.416,13.1,38,692.5,2.2
CHL_LEH_05,2023-07-10 18:00:00+00:00,0.0,0.0,0.407,0.415,10.1,60,689.2,0.0
CHL_LEH_05,2023-07-10 19:00:00+00:00,0.0,0.0,0.406,0.414,9.6,65,688.2,0.5
CHL_LEH_05,2023-07-10 20:00:00+00:00,0.0,0.0,0.405,0.414,9.3,61,687.8,1.6
CHL_LEH_05,2023-07-10 21:00:00+00:00,0.0,0.0,0.404,0.413,12.4,45,690.2,4.0
CHL_LEH_05,2023-07-10 22:00:00+00:00,0.0,0.0,0.403,0.412,9.1,58,687.1,1.5
CHL_LEH_05,2023-07-10 23:00:00+00:00,0.0,0.0,0.402,0.412,12.6,42,690.4,7.4
CHL_LEH_05,2023-07-11 00:00:00+00:00,0.0,0.0,0.401,0.411,10.6,47,689.2,4.3
CHL_LEH_05,2023-07-11 01:00:00+00:00,0.0,0.0,0.4,0.41,10.0,54,689.8,6.6
CHL_LEH_05,2023-07-11 02:00:00+00:00,0.0,0.0,0.399,0.41,12.9,38,693.0,4.8
CHL_LEH_05,2023-07-11 03:00:00+00:00,0.0,0.0,0.397,0.409,14.8,36,694.1,8.3
CHL_LEH_05,2023-07-11 04:00:00+00:00,0.0,0.0,0.393,0.408,16.5,37,694.8,8.5
CHL_LEH_05,2023-07-11 05:00:00+00:00,0.0,0.0,0.388,0.408,17.7,35,694.9,8.8
CHL_LEH_05,2023-07-11 06:00:00+00:00,0.0,0.0,0.383,0.407,18.6,32,694.8,8.4
CHL_LEH_05,2023-07-11 07:00:00+00:00,0.0,0.0,0.377,0.406,19.6,32,694.9,9.5
CHL_LEH_05,2023-07-11 08:00:00+00:00,0.0,0.0,0.371,0.405,20.4,32,694.6,7.2
CHL_LEH_05,2023-07-11 09:00:00+00:00,0.0,0.0,0.366,0.404,20.7,31,694.0,11.1
CHL_LEH_05,2023-07-11 10:00:00+00:00,0.0,0.0,0.361,0.403,20.7,31,693.6,12.6
CHL_LEH_05,2023-07-11 11:00:00+00:00,0.0,0.0,0.358,0.402,20.7,29,693.0,12.3
CHL_LEH_05,2023-07-11 12:00:00+00:00,0.0,0.0,0.355,0.4,20.6,28,693.2,8.0
CHL_LEH_05,2023-07-11 13:00:00+00:00,0.0,0.0,0.355,0.399,17.7,39,691.7,7.7
CHL_LEH_05,2023-07-11 14:00:00+00:00,0.0,0.0,0.356,0.398,16.0,33,691.4,7.9
CHL_LEH_05,2023-07-11 15:00:00+00:00,0.0,0.0,0.357,0.398,17.5,22,693.5,2.5
CHL_LEH_05,2023-07-11 16:00:00+00:00,0.0,0.0,0.358,0.397,13.2,41,690.5,2.0
CHL_LEH_05,2023-07-11 17:00:00+00:00,0.0,0.0,0.359,0.396,16.0,29,693.6,3.1
CHL_LEH_05,2023-07-11 18:00:00+00:00,0.0,0.0,0.36,0.395,15.2,29,693.2,2.5
CHL_LEH_05,2023-07-11 19:00:00+00:00,0.0,0.0,0.361,0.395,14.9,30,693.3,2.0
CHL_LEH_05,2023-07-11 20:00:00+00:00,0.0,0.0,0.362,0.394,14.2,30,693.0,4.0
CHL_LEH_05,2023-07-11 21:00:00+00:00,0.0,0.0,0.363,0.393,13.8,30,692.8,3.9
CHL_LEH_05,2023-07-11 22:00:00+00:00,0.0,0.0,0.364,0.393,13.0,32,692.6,1.5
CHL_LEH_05,2023-07-11 23:00:00+00:00,0.0,0.0,0.364,0.392,12.5,34,692.6,1.8
CHL_LEH_05,2023-07-12 00:00:00+00:00,0.0,0.0,0.365,0.392,13.2,34,692.4,0.7
CHL_LEH_05,2023-07-12 01:00:00+00:00,0.0,0.0,0.365,0.391,12.8,36,693.0,4.8
CHL_LEH_05,2023-07-12 02:00:00+00:00,0.0,0.0,0.366,0.391,12.3,45,693.6,2.7
CHL_LEH_05,2023-07-12 03:00:00+00:00,0.0,0.0,0.365,0.39,12.5,48,693.9,1.3
CHL_LEH_05,2023-07-12 04:00:00+00:00,0.0,0.0,0.364,0.39,13.6,48,694.4,0.5
CHL_LEH_05,2023-07-12 05:00:00+00:00,0.0,0.0,0.361,0.389,15.3,44,694.8,3.4
CHL_LEH_05,2023-07-12 06:00:00+00:00,0.0,0.0,0.356,0.389,17.2,39,695.1,5.9
CHL_LEH_05,2023-07-12 07:00:00+00:00,0.0,0.0,0.35,0.388,18.0,38,694.9,10.9
CHL_LEH_05,2023-07-12 08:00:00+00:00,0.0,0.0,0.343,0.387,18.1,39,694.7,12.8
CHL_LEH_05,2023-07-12 09:00:00+00:00,0.0,0.0,0.338,0.386,18.1,39,694.4,13.4
CHL_LEH_05,2023-07-12 10:00:00+00:00,0.0,0.0,0.334,0.386,17.9,39,694.0,9.7
CHL_LEH_05,2023-07-12 11:00:00+00:00,0.0,0.0,0.331,0.385,17.3,40,693.7,7.9
CHL_LEH_05,2023-07-12 12:00:00+00:00,0.0,0.0,0.335,0.385,19.3,30,693.9,3.7
CHL_LEH_05,2023-07-12 13:00:00+00:00,0.0,0.0,0.336,0.385,17.5,56,692.8,3.8
CHL_LEH_05,2023-07-12 14:00:00+00:00,0.0,0.0,0.337,0.384,16.8,37,692.7,7.9
CHL_LEH_05,2023-07-12 15:00:00+00:00,0.0,0.0,0.338,0.383,16.0,37,692.8,6.2
CHL_LEH_05,2023-07-12 16:00:00+00:00,0.0,0.0,0.339,0.383,12.8,55,690.8,7.9
CHL_LEH_05,2023-07-12 17:00:00+00:00,0.0,0.0,0.34,0.382,15.8,34,694.1,6.1
CHL_LEH_05,2023-07-12 18:00:00+00:00,0.0,0.0,0.341,0.382,15.1,36,694.1,6.3
CHL_LEH_05,2023-07-12 19:00:00+00:00,0.0,0.0,0.342,0.381,14.1,39,693.4,7.4
CHL_LEH_05,2023-07-12 20:00:00+00:00,0.0,0.0,0.343,0.381,12.8,45,692.1,8.2
CHL_LEH_05,2023-07-12 21:00:00+00:00,0.0,0.0,0.344,0.38,11.3,53,690.7,9.0
CHL_LEH_05,2023-07-12 22:00:00+00:00,0.0,0.0,0.345,0.38,9.9,60,689.5,9.4
CHL_LEH_05,2023-07-12 23:00:00+00:00,0.0,0.0,0.345,0.379,9.4,60,689.2,9.4
CHL_LEH_05,2023-07-13 00:00:00+00:00,0.0,0.0,0.343,0.377,13.7,41,692.6,2.4
CHL_LEH_05,2023-07-13 01:00:00+00:00,0.0,0.0,0.344,0.377,13.7,42,693.1,5.4
CHL_LEH_05,2023-07-13 02:00:00+00:00,0.0,0.0,0.344,0.377,15.0,42,694.8,6.2
CHL_LEH_05,2023-07-13 03:00:00+00:00,0.0,0.0,0.343,0.376,15.8,41,695.1,6.9
CHL_LEH_05,2023-07-13 04:00:00+00:00,0.0,0.0,0.34,0.376,17.0,40,695.7,7.1
CHL_LEH_05,2023-07-13 05:00:00+00:00,0.0,0.0,0.335,0.375,18.0,39,696.0,6.5
CHL_LEH_05,2023-07-13 06:00:00+00:00,0.0,0.0,0.33,0.375,19.0,37,696.1,4.6
CHL_LEH_05,2023-07-13 07:00:00+00:00,0.0,0.0,0.324,0.374,19.9,34,695.9,2.3
CHL_LEH_05,2023-07-13 08:00:00+00:00,0.0,0.0,0.318,0.373,20.8,33,695.6,1.8
CHL_LEH_05,2023-07-13 09:00:00+00:00,0.0,0.0,0.313,0.373,21.3,30,695.2,3.8
CHL_LEH_05,2023-07-13 10:00:00+00:00,0.0,0.0,0.308,0.372,21.5,30,694.7,6.1
CHL_LEH_05,2023-07-13 11:00:00+00:00,0.0,0.0,0.305,0.371,21.5,29,694.5,7.1
CHL_LEH_05,2023-07-13 12:00:00+00:00,0.0,0.0,0.306,0.37,21.9,27,694.4,4.0
CHL_LEH_05,2023-07-13 13:00:00+00:00,0.0,0.0,0.307,0.37,19.5,46,692.9,5.6
CHL_LEH_05,2023-07-13 14:00:00+00:00,0.0,0.0,0.308,0.369,17.0,50,691.3,8.7
CHL_LEH_05,2023-07-13 15:00:00+00:00,0.0,0.0,0.309,0.368,15.8,50,690.8,7.1
CHL_LEH_05,2023-07-13 16:00:00+00:00,0.0,0.0,0.31,0.368,14.4,53,690.5,8.7
CHL_LEH_05,2023-07-13 17:00:00+00:00,0.0,0.0,0.311,0.367,17.4,35,693.6,4.7
CHL_LEH_05,2023-07-13 18:00:00+00:00,0.0,0.0,0.312,0.367,16.2,38,693.0,4.0
CHL_LEH_05,2023-07-13 19:00:00+00:00,0.0,0.0,0.314,0.366,15.4,40,692.8,4.9
CHL_LEH_05,2023-07-13 20:00:00+00:00,0.0,0.0,0.315,0.366,15.0,41,692.5,5.4
CHL_LEH_05,2023-07-13 21:00:00+00:00,0.0,0.0,0.316,0.365,14.7,40,692.3,6.6
CHL_LEH_05,2023-07-13 22:00:00+00:00,0.0,0.0,0.317,0.365,14.6,38,692.3,6.7
CHL_LEH_05,2023-07-13 23:00:00+00:00,0.0,0.0,0.318,0.364,14.4,37,692.3,7.3
CHL_LEH_05,2023-07-14 00:00:00+00:00,0.0,0.0,0.315,0.361,15.1,37,692.0,3.1
CHL_LEH_05,2023-07-14 01:00:00+00:00,0.0,0.0,0.316,0.361,15.1,36,692.5,5.4
CHL_LEH_05,2023-07-14 02:00:00+00:00,0.0,0.0,0.316,0.361,16.3,43,693.8,5.7
CHL_LEH_05,2023-07-14 03:00:00+00:00,0.0,0.0,0.315,0.36,17.8,35,695.1,6.1
CHL_LEH_05,2023-07-14 04:00:00+00:00,0.0,0.0,0.312,0.36,19.1,33,695.5,6.6
CHL_LEH_05,2023-07-14 05:00:00+00:00,0.0,0.0,0.308,0.359,20.4,32,696.0,5.4
CHL_LEH_05,2023-07-14 06:00:00+00:00,0.0,0.0,0.302,0.359,21.5,31,696.3,3.4
CHL_LEH_05,2023-07-14 07:00:00+00:00,0.0,0.0,0.296,0.358,22.6,31,696.0,4.0
CHL_LEH_05,2023-07-14 08:00:00+00:00,0.0,0.0,0.289,0.358,23.7,28,695.5,4.8
CHL_LEH_05,2023-07-14 09:00:00+00:00,0.0,0.0,0.284,0.357,24.2,25,694.9,4.0
CHL_LEH_05,2023-07-14 10:00:00+00:00,0.0,0.0,0.28,0.357,24.6,24,694.2,5.1
CHL_LEH_05,2023-07-14 11:00:00+00:00,0.0,0.0,0.277,0.356,24.6,24,693.8,6.3
CHL_LEH_05,2023-07-14 12:00:00+00:00,0.0,0.0,0.274,0.355,24.4,26,693.6,7.7
CHL_LEH_05,2023-07-14 13:00:00+00:00,0.0,0.0,0.274,0.354,21.7,45,691.7,6.7
CHL_LEH_05,2023-07-14 14:00:00+00:00,0.0,0.0,0.275,0.353,22.1,26,692.6,7.2
CHL_LEH_05,2023-07-14 15:00:00+00:00,0.0,0.0,0.277,0.353,20.7,29,692.2,3.6
CHL_LEH_05,2023-07-14 16:00:00+00:00,0.0,0.0,0.278,0.352,18.1,39,690.8,3.3
CHL_LEH_05,2023-07-14 17:00:00+00:00,0.0,0.0,0.279,0.352,20.4,28,693.5,1.6
CHL_LEH_05,2023-07-14 18:00:00+00:00,0.0,0.0,0.281,0.351,19.4,30,693.2,1.8
CHL_LEH_05,2023-07-14 19:00:00+00:00,0.0,0.0,0.282,0.351,18.6,31,692.7,4.1
CHL_LEH_05,2023-07-14 20:00:00+00:00,0.0,0.0,0.283,0.351,18.2,33,692.1,5.7
CHL_LEH_05,2023-07-14 21:00:00+00:00,0.0,0.0,0.284,0.35,18.1,32,692.0,1.6
CHL_LEH_05,2023-07-14 22:00:00+00:00,0.0,0.0,0.285,0.35,17.9,33,691.9,1.8
CHL_LEH_05,2023-07-14 23:00:00+00:00,0.0,0.0,0.286,0.349,16.0,40,690.6,7.1
CHL_LEH_05,2023-07-15 00:00:00+00:00,0.0,0.0,0.285,0.346,18.0,34,692.2,2.8
CHL_LEH_05,2023-07-15 01:00:00+00:00,0.0,0.0,0.286,0.346,14.9,55,689.7,3.9
CHL_LEH_05,2023-07-15 02:00:00+00:00,0.0,0.0,0.286,0.345,18.1,47,692.7,6.6
CHL_LEH_05,2023-07-15 03:00:00+00:00,0.0,0.0,0.285,0.345,19.7,38,693.8,5.6
CHL_LEH_05,2023-07-15 04:00:00+00:00,0.0,0.0,0.283,0.345,20.7,35,694.3,3.9
CHL_LEH_05,2023-07-15 05:00:00+00:00,0.0,0.0,0.28,0.344,21.7,34,694.6,7.5
CHL_LEH_05,2023-07-15 06:00:00+00:00,0.0,0.0,0.275,0.344,23.0,33,694.9,8.8
CHL_LEH_05,2023-07-15 07:00:00+00:00,0.0,0.0,0.27,0.343,24.1,31,694.8,6.2
CHL_LEH_05,2023-07-15 08:00:00+00:00,0.0,0.0,0.265,0.343,23.4,35,694.1,8.0
CHL_LEH_05,2023-07-15 09:00:00+00:00,0.0,0.0,0.261,0.342,23.4,34,693.5,10.1
CHL_LEH_05,2023-07-15 10:00:00+00:00,0.0,0.0,0.257,0.342,23.7,33,692.9,5.9
CHL_LEH_05,2023-07-15 11:00:00+00:00,0.0,0.0,0.255,0.341,22.6,37,692.6,6.1
CHL_LEH_05,2023-07-15 12:00:00+00:00,0.0,0.0,0.254,0.34,22.2,44,692.6,10.0
CHL_LEH_05,2023-07-15 13:00:00+00:00,0.0,0.0,0.254,0.339,20.0,55,691.8,6.0
CHL_LEH_05,2023-07-15 14:00:00+00:00,0.0,0.0,0.255,0.339,18.1,54,691.0,7.4
CHL_LEH_05,2023-07-15 15:00:00+00:00,0.0,0.0,0.256,0.339,16.5,62,690.2,5.1
CHL_LEH_05,2023-07-15 16:00:00+00:00,0.0,0.0,0.257,0.338,15.2,64,689.7,6.4
CHL_LEH_05,2023-07-15 17:00:00+00:00,0.0,0.0,0.258,0.338,18.7,45,693.3,6.6
CHL_LEH_05,2023-07-15 18:00:00+00:00,0.0,0.0,0.259,0.337,18.6,46,693.7,3.6
CHL_LEH_05,2023-07-15 19:00:00+00:00,0.0,0.0,0.26,0.337,15.5,55,690.8,5.5
CHL_LEH_05,2023-07-15 20:00:00+00:00,0.3,0.3,0.264,0.337,17.1,48,692.5,2.1
CHL_LEH_05,2023-07-15 21:00:00+00:00,0.1,0.1,0.266,0.336,16.0,53,692.0,4.8
CHL_LEH_05,2023-07-15 22:00:00+00:00,0.0,0.0,0.267,0.336,11.8,72,688.4,7.2
CHL_LEH_05,2023-07-15 23:00:00+00:00,0.2,0.2,0.27,0.336,14.5,61,691.9,4.0
CHL_LEH_05,2023-07-16 00:00:00+00:00,0.0,0.0,0.259,0.335,16.7,46,691.8,2.4
CHL_LEH_05,2023-07-16 01:00:00+00:00,0.0,0.0,0.26,0.335,13.7,68,690.3,6.4
CHL_LEH_05,2023-07-16 02:00:00+00:00,0.3,0.3,0.264,0.334,14.8,62,692.2,7.8
CHL_LEH_05,2023-07-16 03:00:00+00:00,0.4,0.4,0.267,0.334,16.1,62,693.2,6.6
CHL_LEH_05,2023-07-16 04:00:00+00:00,0.0,0.0,0.265,0.334,17.3,63,693.6,5.5
CHL_LEH_05,2023-07-16 05:00:00+00:00,0.0,0.0,0.262,0.333,18.3,61,693.9,6.6
CHL_LEH_05,2023-07-16 06:00:00+00:00,0.8,0.8,0.267,0.333,17.9,63,693.3,7.6
CHL_LEH_05,2023-07-16 07:00:00+00:00,1.1,1.1,0.276,0.333,18.6,55,693.4,1.6
CHL_LEH_05,2023-07-16 08:00:00+00:00,0.5,0.5,0.279,0.332,18.5,62,692.9,6.9
CHL_LEH_05,2023-07-16 09:00:00+00:00,0.0,0.0,0.278,0.332,18.3,58,692.5,3.1
CHL_LEH_05,2023-07-16 10:00:00+00:00,0.4,0.4,0.28,0.332,19.2,52,692.4,6.5
CHL_LEH_05,2023-07-16 11:00:00+00:00,0.1,0.1,0.279,0.332,19.0,54,692.7,6.4
CHL_LEH_05,2023-07-16 12:00:00+00:00,0.3,0.3,0.253,0.33,18.9,55,693.5,7.9
CHL_LEH_05,2023-07-16 13:00:00+00:00,0.3,0.3,0.256,0.33,17.2,66,693.3,3.6
CHL_LEH_05,2023-07-16 14:00:00+00:00,0.1,0.1,0.258,0.33,15.0,76,692.0,4.8
CHL_LEH_05,2023-07-16 15:00:00+00:00,0.0,0.0,0.259,0.329,14.7,74,692.0,6.1
CHL_LEH_05,2023-07-16 16:00:00+00:00,0.0,0.0,0.26,0.329,15.4,64,693.3,4.0
CHL_LEH_05,2023-07-16 17:00:00+00:00,0.0,0.0,0.261,0.329,15.2,62,693.8,3.2
CHL_LEH_05,2023-07-16 18:00:00+00:00,0.0,0.0,0.262,0.328,14.5,63,693.6,4.4
CHL_LEH_05,2023-07-16 19:00:00+00:00,0.0,0.0,0.262,0.328,13.8,66,693.2,5.6
CHL_LEH_05,2023-07-16 20:00:00+00:00,0.0,0.0,0.263,0.328,14.0,64,693.0,3.5
CHL_LEH_05,2023-07-16 21:00:00+00:00,1.0,1.0,0.274,0.328,12.5,76,691.6,4.0
CHL_LEH_05,2023-07-16 22:00:00+00:00,0.6,0.6,0.281,0.327,12.8,71,692.1,3.6
CHL_LEH_05,2023-07-16 23:00:00+00:00,0.1,0.1,0.282,0.327,13.1,68,692.2,3.7
CHL_LEH_05,2023-07-17 00:00:00+00:00,0.3,0.3,0.275,0.327,12.8,76,692.2,1.8
CHL_LEH_05,2023-07-17 01:00:00+00:00,0.1,0.1,0.276,0.327,12.4,80,692.1,2.5
CHL_LEH_05,2023-07-17 02:00:00+00:00,0.0,0.0,0.276,0.327,13.7,68,693.5,2.6
CHL_LEH_05,2023-07-17 03:00:00+00:00,0.0,0.0,0.276,0.327,14.1,67,693.7,2.1
CHL_LEH_05,2023-07-17 04:00:00+00:00,0.0,0.0,0.275,0.326,15.2,63,693.9,0.5
CHL_LEH_05,2023-07-17 05:00:00+00:00,1.1,1.1,0.285,0.326,16.2,60,694.1,1.1
CHL_LEH_05,2023-07-17 06:00:00+00:00,0.0,0.0,0.282,0.326,17.6,56,694.4,0.8
CHL_LEH_05,2023-07-17 07:00:00+00:00,0.0,0.0,0.279,0.326,18.2,55,694.1,3.6
CHL_LEH_05,2023-07-17 08:00:00+00:00,0.5,0.5,0.278,0.326,20.3,51,694.1,4.1
CHL_LEH_05,2023-07-17 09:00:00+00:00,0.0,0.0,0.272,0.325,20.5,52,693.3,6.6
CHL_LEH_05,2023-07-17 10:00:00+00:00,0.0,0.0,0.268,0.325,21.1,52,692.8,8.4
CHL_LEH_05,2023-07-17 11:00:00+00:00,0.0,0.0,0.265,0.325,21.0,51,692.5,3.2
CHL_LEH_05,2023-07-17 12:00:00+00:00,0.0,0.0,0.244,0.324,22.6,39,693.0,5.2
CHL_LEH_05,2023-07-17 13:00:00+00:00,0.0,0.0,0.244,0.324,21.2,58,692.1,3.8
CHL_LEH_05,2023-07-17 14:00:00+00:00,0.0,0.0,0.245,0.324,21.5,38,693.0,3.6
CHL_LEH_05,2023-07-17 15:00:00+00:00,0.0,0.0,0.246,0.323,21.0,39,693.6,3.3
CHL_LEH_05,2023-07-17 16:00:00+00:00,0.0,0.0,0.247,0.323,20.4,39,693.9,1.6
CHL_LEH_05,2023-07-17 17:00:00+00:00,0.0,0.0,0.247,0.323,19.6,42,693.9,4.9
CHL_LEH_05,2023-07-17 18:00:00+00:00,0.0,0.0,0.248,0.322,18.5,45,693.8,4.0
CHL_LEH_05,2023-07-17 19:00:00+00:00,0.0,0.0,0.249,0.322,17.6,48,693.3,2.1
CHL_LEH_05,2023-07-17 20:00:00+00:00,0.0,0.0,0.25,0.322,16.7,51,692.6,4.0
CHL_LEH_05,2023-07-17 21:00:00+00:00,0.0,0.0,0.251,0.322,12.0,72,688.8,1.8
CHL_LEH_05,2023-07-17 22:00:00+00:00,0.0,0.0,0.252,0.321,14.9,56,691.8,5.1
CHL_LEH_05,2023-07-17 23:00:00+00:00,0.0,0.0,0.252,0.321,14.8,55,691.8,4.6
CHL_LEH_05,2023-07-18 00:00:00+00:00,0.0,0.0,0.253,0.319,15.5,51,692.1,5.1
CHL_LEH_05,2023-07-18 01:00:00+00:00,0.0,0.0,0.254,0.318,13.5,68,690.6,4.8
CHL_LEH_05,2023-07-18 02:00:00+00:00,0.0,0.0,0.254,0.318,16.1,52,693.6,6.8
CHL_LEH_05,2023-07-18 03:00:00+00:00,0.0,0.0,0.252,0.318,17.2,51,694.3,8.7
CHL_LEH_05,2023-07-18 04:00:00+00:00,0.0,0.0,0.249,0.318,18.7,49,694.6,9.5
CHL_LEH_05,2023-07-18 05:00:00+00:00,0.0,0.0,0.245,0.317,20.4,45,695.0,7.0
CHL_LEH_05,2023-07-18 06:00:00+00:00,0.0,0.0,0.239,0.317,22.0,42,695.0,4.0
CHL_LEH_05,2023-07-18 07:00:00+00:00,0.0,0.0,0.233,0.317,23.8,38,694.9,5.4
CHL_LEH_05,2023-07-18 08:00:00+00:00,0.0,0.0,0.227,0.316,24.8,34,694.3,5.4
CHL_LEH_05,2023-07-18 09:00:00+00:00,0.0,0.0,0.221,0.316,25.5,31,693.7,5.4
CHL_LEH_05,2023-07-18 10:00:00+00:00,0.0,0.0,0.216,0.316,25.8,29,693.3,6.5
CHL_LEH_05,2023-07-18 11:00:00+00:00,0.0,0.0,0.213,0.315,26.0,28,692.9,7.6
CHL_LEH_05,2023-07-18 12:00:00+00:00,0.0,0.0,0.211,0.314,25.7,27,692.9,7.5
CHL_LEH_05,2023-07-18 13:00:00+00:00,0.0,0.0,0.211,0.314,23.2,50,691.1,6.8
CHL_LEH_05,2023-07-18 14:00:00+00:00,0.0,0.0,0.212,0.314,19.9,46,689.2,9.4
CHL_LEH_05,2023-07-18 15:00:00+00:00,0.0,0.0,0.212,0.313,17.7,56,688.5,9.4
CHL_LEH_05,2023-07-18 16:00:00+00:00,0.0,0.0,0.213,0.313,17.6,55,689.6,7.1
CHL_LEH_05,2023-07-18 17:00:00+00:00,0.0,0.0,0.214,0.313,17.6,48,690.6,7.6
CHL_LEH_05,2023-07-18 18:00:00+00:00,0.0,0.0,0.215,0.312,16.1,53,689.6,8.2
CHL_LEH_05,2023-07-18 19:00:00+00:00,0.0,0.0,0.216,0.312,16.4,49,690.0,6.6
CHL_LEH_05,2023-07-18 20:00:00+00:00,0.0,0.0,0.217,0.312,16.4,48,689.8,7.1
CHL_LEH_05,2023-07-18 21:00:00+00:00,0.0,0.0,0.218,0.312,18.9,38,691.9,5.6
CHL_LEH_05,2023-07-18 22:00:00+00:00,0.0,0.0,0.219,0.311,18.4,39,691.6,3.7
CHL_LEH_05,2023-07-18 23:00:00+00:00,0.0,0.0,0.22,0.311,18.0,39,691.6,4.7
CHL_LEH_05,2023-07-19 00:00:00+00:00,0.0,0.0,0.22,0.311,18.0,41,691.4,1.5
CHL_LEH_05,2023-07-19 01:00:00+00:00,0.0,0.0,0.221,0.311,17.9,41,692.2,2.6
CHL_LEH_05,2023-07-19 02:00:00+00:00,0.0,0.0,0.222,0.31,19.4,46,693.7,4.2
CHL_LEH_05,2023-07-19 03:00:00+00:00,0.0,0.0,0.221,0.31,21.2,37,695.2,7.5
CHL_LEH_05,2023-07-19 04:00:00+00:00,0.0,0.0,0.218,0.31,22.4,35,695.5,7.5
CHL_LEH_05,2023-07-19 05:00:00+00:00,0.0,0.0,0.213,0.309,23.7,33,695.7,7.2
CHL_LEH_05,2023-07-19 06:00:00+00:00,0.0,0.0,0.208,0.309,24.8,31,695.4,4.7
CHL_LEH_05,2023-07-19 07:00:00+00:00,0.0,0.0,0.202,0.309,25.5,30,695.0,3.1
CHL_LEH_05,2023-07-19 08:00:00+00:00,0.0,0.0,0.197,0.308,26.2,28,694.9,1.0
CHL_LEH_05,2023-07-19 09:00:00+00:00,0.0,0.0,0.193,0.308,26.1,27,694.1,4.0
CHL_LEH_05,2023-07-19 10:00:00+00:00,0.0,0.0,0.189,0.308,26.5,25,693.4,2.2
CHL_LEH_05,2023-07-19 11:00:00+00:00,0.0,0.0,0.187,0.307,26.8,26,693.4,5.8
CHL_LEH_05,2023-07-19 12:00:00+00:00,0.0,0.0,0.185,0.306,25.9,29,693.7,5.6
CHL_LEH_05,2023-07-19 13:00:00+00:00,0.0,0.0,0.185,0.306,23.0,44,692.5,6.3
CHL_LEH_05,2023-07-19 14:00:00+00:00,0.0,0.0,0.185,0.306,23.6,29,693.8,3.6
CHL_LEH_05,2023-07-19 15:00:00+00:00,0.0,0.0,0.186,0.305,23.5,30,694.4,4.6
CHL_LEH_05,2023-07-19 16:00:00+00:00,0.0,0.0,0.187,0.305,22.4,35,694.5,2.8
CHL_LEH_05,2023-07-19 17:00:00+00:00,0.0,0.0,0.188,0.305,17.5,56,691.1,6.2
CHL_LEH_05,2023-07-19 18:00:00+00:00,0.0,0.0,0.189,0.304,16.4,55,690.7,7.3
CHL_LEH_05,2023-07-19 19:00:00+00:00,0.0,0.0,0.19,0.304,17.9,44,692.4,4.3
CHL_LEH_05,2023-07-19 20:00:00+00:00,0.0,0.0,0.191,0.304,17.5,44,692.2,6.0
CHL_LEH_05,2023-07-19 21:00:00+00:00,0.0,0.0,0.192,0.303,17.5,45,692.1,4.9
CHL_LEH_05,2023-07-19 22:00:00+00:00,0.0,0.0,0.193,0.303,17.6,44,692.4,3.1
CHL_LEH_05,2023-07-19 23:00:00+00:00,0.0,0.0,0.194,0.303,16.7,47,692.1,4.7
CHL_LEH_05,2023-07-20 00:00:00+00:00,0.0,0.0,0.187,0.299,18.2,39,692.7,1.8
CHL_LEH_05,2023-07-20 01:00:00+00:00,0.0,0.0,0.188,0.299,15.3,61,690.8,5.6
CHL_LEH_05,2023-07-20 02:00:00+00:00,0.0,0.0,0.189,0.299,18.7,43,694.0,3.8
CHL_LEH_05,2023-07-20 03:00:00+00:00,0.0,0.0,0.188,0.298,19.2,44,694.6,1.1
CHL_LEH_05,2023-07-20 04:00:00+00:00,0.0,0.0,0.185,0.298,20.3,45,695.1,2.3
CHL_LEH_05,2023-07-20 05:00:00+00:00,0.0,0.0,0.181,0.298,21.6,42,695.1,3.3
CHL_LEH_05,2023-07-20 06:00:00+00:00,0.0,0.0,0.177,0.297,23.5,35,695.3,3.3
CHL_LEH_05,2023-07-20 07:00:00+00:00,0.0,0.0,0.172,0.297,24.3,33,695.1,3.7
CHL_LEH_05,2023-07-20 08:00:00+00:00,0.0,0.0,0.166,0.297,24.8,33,694.3,4.4
CHL_LEH_05,2023-07-20 09:00:00+00:00,0.0,0.0,0.161,0.296,25.0,36,693.9,14.9
CHL_LEH_05,2023-07-20 10:00:00+00:00,0.0,0.0,0.157,0.296,25.2,34,693.5,8.2
CHL_LEH_05,2023-07-20 11:00:00+00:00,0.0,0.0,0.155,0.296,23.2,40,692.9,8.7
CHL_LEH_05,2023-07-20 12:00:00+00:00,0.0,0.0,0.166,0.296,23.0,41,693.7,6.9
CHL_LEH_05,2023-07-20 13:00:00+00:00,0.0,0.0,0.166,0.296,19.9,58,693.2,6.9
CHL_LEH_05,2023-07-20 14:00:00+00:00,0.0,0.0,0.166,0.296,19.3,56,693.5,3.7
CHL_LEH_05,2023-07-20 15:00:00+00:00,0.0,0.0,0.168,0.295,17.1,68,692.6,6.8
CHL_LEH_05,2023-07-20 16:00:00+00:00,0.0,0.0,0.168,0.295,16.4,67,692.6,7.1
CHL_LEH_05,2023-07-20 17:00:00+00:00,0.0,0.0,0.169,0.295,15.3,69,692.3,7.4
CHL_LEH_05,2023-07-20 18:00:00+00:00,0.0,0.0,0.17,0.294,15.1,66,692.3,6.8
CHL_LEH_05,2023-07-20 19:00:00+00:00,0.0,0.0,0.171,0.294,16.4,55,693.6,4.0
CHL_LEH_05,2023-07-20 20:00:00+00:00,0.7,0.7,0.18,0.294,13.6,74,691.6,4.4
CHL_LEH_05,2023-07-20 21:00:00+00:00,2.6,2.6,0.208,0.294,13.7,79,692.7,3.5
CHL_LEH_05,2023-07-20 22:00:00+00:00,2.4,2.4,0.235,0.294,14.3,75,693.2,2.6
CHL_LEH_05,2023-07-20 23:00:00+00:00,1.3,1.3,0.251,0.293,13.7,78,693.2,2.6
CHL_LEH_05,2023-07-21 00:00:00+00:00,0.4,0.4,0.277,0.294,14.1,77,693.5,3.3
CHL_LEH_05,2023-07-21 01:00:00+00:00,1.4,1.4,0.292,0.294,13.9,81,694.1,1.1
CHL_LEH_05,2023-07-21 02:00:00+00:00,1.9,1.9,0.312,0.294,14.3,74,694.7,1.8
CHL_LEH_05,2023-07-21 03:00:00+00:00,0.3,0.3,0.315,0.294,14.8,70,695.1,3.7
CHL_LEH_05,2023-07-21 04:00:00+00:00,0.7,0.7,0.321,0.294,16.4,68,695.8,2.7
CHL_LEH_05,2023-07-21 05:00:00+00:00,0.0,0.0,0.318,0.294,17.5,61,695.7,2.4
CHL_LEH_05,2023-07-21 06:00:00+00:00,0.3,0.3,0.317,0.295,17.7,62,695.5,1.6
CHL_LEH_05,2023-07-21 07:00:00+00:00,0.8,0.8,0.32,0.295,19.6,57,695.7,4.2
CHL_LEH_05,2023-07-21 08:00:00+00:00,0.0,0.0,0.313,0.295,21.6,50,695.4,4.3
CHL_LEH_05,2023-07-21 09:00:00+00:00,0.0,0.0,0.306,0.295,22.4,46,694.7,5.2
CHL_LEH_05,2023-07-21 10:00:00+00:00,0.0,0.0,0.301,0.295,21.8,52,694.1,8.3
CHL_LEH_05,2023-07-21 11:00:00+00:00,0.0,0.0,0.298,0.295,21.6,52,694.1,6.6
CHL_LEH_05,2023-07-21 12:00:00+00:00,0.0,0.0,0.294,0.292,19.5,57,694.4,9.7
CHL_LEH_05,2023-07-21 13:00:00+00:00,0.0,0.0,0.293,0.292,18.7,66,694.8,2.3
CHL_LEH_05,2023-07-21 14:00:00+00:00,0.0,0.0,0.293,0.292,18.0,58,694.9,2.9
CHL_LEH_05,2023-07-21 15:00:00+00:00,0.0,0.0,0.293,0.293,16.1,72,693.8,5.5
CHL_LEH_05,2023-07-21 16:00:00+00:00,0.0,0.0,0.293,0.293,15.5,68,693.9,6.1
CHL_LEH_05,2023-07-21 17:00:00+00:00,0.0,0.0,0.293,0.293,14.8,68,693.7,7.4
CHL_LEH_05,2023-07-21 18:00:00+00:00,0.0,0.0,0.292,0.293,15.0,65,694.5,4.7
CHL_LEH_05,2023-07-21 19:00:00+00:00,0.4,0.4,0.297,0.293,14.7,70,694.8,2.6
CHL_LEH_05,2023-07-21 20:00:00+00:00,0.1,0.1,0.298,0.293,13.4,82,693.7,4.3
CHL_LEH_05,2023-07-21 21:00:00+00:00,0.7,0.7,0.305,0.293,13.1,81,693.4,3.7
CHL_LEH_05,2023-07-21 22:00:00+00:00,0.9,0.9,0.314,0.293,12.8,77,693.4,4.3
CHL_LEH_05,2023-07-21 23:00:00+00:00,1.6,1.6,0.33,0.293,12.5,78,693.1,4.6
CHL_LEH_05,2023-07-22 00:00:00+00:00,1.2,1.2,0.35,0.293,13.2,76,693.7,4.6
CHL_LEH_05,2023-07-22 01:00:00+00:00,0.5,0.5,0.354,0.293,13.3,71,694.4,3.9
CHL_LEH_05,2023-07-22 02:00:00+00:00,0.2,0.2,0.354,0.294,13.8,65,695.2,4.1
CHL_LEH_05,2023-07-22 03:00:00+00:00,1.2,1.2,0.364,0.295,13.8,67,695.7,5.1
CHL_LEH_05,2023-07-22 04:00:00+00:00,0.8,0.8,0.369,0.295,14.4,64,696.0,4.9
CHL_LEH_05,2023-07-22 05:00:00+00:00,0.2,0.2,0.367,0.296,14.9,66,696.1,3.3
CHL_LEH_05,2023-07-22 06:00:00+00:00,0.3,0.3,0.365,0.297,16.4,63,696.2,3.6
CHL_LEH_05,2023-07-22 07:00:00+00:00,0.0,0.0,0.357,0.297,18.7,57,696.5,4.8
CHL_LEH_05,2023-07-22 08:00:00+00:00,0.0,0.0,0.35,0.298,20.0,53,696.1,3.7
CHL_LEH_05,2023-07-22 09:00:00+00:00,0.0,0.0,0.346,0.298,18.9,58,695.4,7.2
CHL_LEH_05,2023-07-22 10:00:00+00:00,0.0,0.0,0.342,0.298,19.7,55,695.3,6.5
CHL_LEH_05,2023-07-22 11:00:00+00:00,0.0,0.0,0.337,0.299,20.2,52,695.3,3.6
CHL_LEH_05,2023-07-22 12:00:00+00:00,2.2,2.2,0.369,0.307,17.8,64,695.6,5.4
CHL_LEH_05,2023-07-22 13:00:00+00:00,4.9,4.9,0.412,0.31,15.1,76,695.6,7.9
CHL_LEH_05,2023-07-22 14:00:00+00:00,0.7,0.7,0.41,0.313,14.8,80,695.0,4.7
CHL_LEH_05,2023-07-22 15:00:00+00:00,0.2,0.2,0.404,0.315,14.2,76,694.6,5.6
CHL_LEH_05,2023-07-22 16:00:00+00:00,0.0,0.0,0.398,0.317,15.6,64,696.3,3.8
CHL_LEH_05,2023-07-22 17:00:00+00:00,0.0,0.0,0.394,0.319,15.2,63,696.0,1.5
CHL_LEH_05,2023-07-22 18:00:00+00:00,0.0,0.0,0.39,0.32,15.0,63,696.0,4.4
CHL_LEH_05,2023-07-22 19:00:00+00:00,0.0,0.0,0.386,0.321,14.5,65,695.4,4.9
CHL_LEH_05,2023-07-22 20:00:00+00:00,2.3,2.3,0.407,0.323,14.2,67,695.4,3.3
CHL_LEH_05,2023-07-22 21:00:00+00:00,1.0,1.0,0.409,0.325,12.8,83,694.1,4.3
CHL_LEH_05,2023-07-22 22:00:00+00:00,0.3,0.3,0.406,0.328,13.2,76,694.2,4.4
CHL_LEH_05,2023-07-22 23:00:00+00:00,0.4,0.4,0.404,0.33,12.6,81,694.2,4.2
CHL_LEH_05,2023-07-23 00:00:00+00:00,0.2,0.2,0.389,0.33,12.5,77,694.1,6.3
CHL_LEH_05,2023-07-23 01:00:00+00:00,0.6,0.6,0.392,0.331,13.1,77,695.5,3.4
CHL_LEH_05,2023-07-23 02:00:00+00:00,0.5,0.5,0.393,0.332,13.0,70,695.5,6.5
CHL_LEH_05,2023-07-23 03:00:00+00:00,2.6,2.6,0.415,0.333,13.3,67,696.2,3.9
CHL_LEH_05,2023-07-23 04:00:00+00:00,1.2,1.2,0.417,0.336,13.7,66,696.6,5.2
CHL_LEH_05,2023-07-23 05:00:00+00:00,1.5,1.5,0.419,0.341,14.2,65,696.5,4.3
CHL_LEH_05,2023-07-23 06:00:00+00:00,0.1,0.1,0.41,0.343,15.5,63,696.8,2.6
CHL_LEH_05,2023-07-23 07:00:00+00:00,0.0,0.0,0.401,0.345,17.1,59,696.7,2.4
CHL_LEH_05,2023-07-23 08:00:00+00:00,0.0,0.0,0.392,0.346,18.7,56,696.1,0.5
CHL_LEH_05,2023-07-23 09:00:00+00:00,0.3,0.3,0.388,0.347,18.2,63,695.2,6.9
CHL_LEH_05,2023-07-23 10:00:00+00:00,0.0,0.0,0.382,0.347,19.5,57,695.1,8.9
CHL_LEH_05,2023-07-23 11:00:00+00:00,0.0,0.0,0.377,0.348,20.2,51,694.6,4.3
CHL_LEH_05,2023-07-23 12:00:00+00:00,0.0,0.0,0.366,0.338,19.1,54,695.2,6.8
CHL_LEH_05,2023-07-23 13:00:00+00:00,0.1,0.1,0.365,0.338,18.1,64,694.9,3.5
CHL_LEH_05,2023-07-23 14:00:00+00:00,0.0,0.0,0.364,0.339,16.6,64,694.0,5.2
CHL_LEH_05,2023-07-23 15:00:00+00:00,0.0,0.0,0.363,0.339,15.8,65,693.9,5.1
CHL_LEH_05,2023-07-23 16:00:00+00:00,0.0,0.0,0.362,0.339,13.9,73,692.9,6.3
CHL_LEH_05,2023-07-23 17:00:00+00:00,0.0,0.0,0.361,0.339,15.5,59,694.7,4.3
CHL_LEH_05,2023-07-23 18:00:00+00:00,0.0,0.0,0.361,0.339,14.8,60,694.4,2.4
CHL_LEH_05,2023-07-23 19:00:00+00:00,0.0,0.0,0.36,0.34,14.4,63,694.0,3.9
CHL_LEH_05,2023-07-23 20:00:00+00:00,0.0,0.0,0.359,0.34,13.4,70,693.2,1.6
CHL_LEH_05,2023-07-23 21:00:00+00:00,2.6,2.6,0.384,0.34,11.9,78,692.5,4.5
CHL_LEH_05,2023-07-23 22:00:00+00:00,3.9,3.9,0.419,0.342,10.6,86,692.0,5.8
CHL_LEH_05,2023-07-23 23:00:00+00:00,3.8,3.8,0.43,0.351,10.5,81,692.2,4.3
CHL_LEH_05,2023-07-24 00:00:00+00:00,2.6,2.6,0.411,0.343,10.9,87,692.3,5.5
CHL_LEH_05,2023-07-24 01:00:00+00:00,1.1,1.1,0.414,0.346,11.5,78,693.5,3.6
CHL_LEH_05,2023-07-24 02:00:00+00:00,0.2,0.2,0.409,0.348,11.9,69,694.2,4.5
CHL_LEH_05,2023-07-24 03:00:00+00:00,0.0,0.0,0.403,0.35,12.7,64,694.5,1.5
CHL_LEH_05,2023-07-24 04:00:00+00:00,0.0,0.0,0.398,0.351,13.5,63,694.6,1.6
CHL_LEH_05,2023-07-24 05:00:00+00:00,0.0,0.0,0.392,0.352,15.5,61,695.0,2.6
CHL_LEH_05,2023-07-24 06:00:00+00:00,0.0,0.0,0.385,0.352,17.3,57,695.2,1.6
CHL_LEH_05,2023-07-24 07:00:00+00:00,0.0,0.0,0.377,0.352,19.1,54,694.9,1.1
CHL_LEH_05,2023-07-24 08:00:00+00:00,0.0,0.0,0.369,0.353,19.3,56,694.6,2.9
CHL_LEH_05,2023-07-24 09:00:00+00:00,0.0,0.0,0.362,0.353,19.7,52,693.8,1.1
CHL_LEH_05,2023-07-24 10:00:00+00:00,0.0,0.0,0.358,0.353,18.4,59,692.9,6.2
CHL_LEH_05,2023-07-24 11:00:00+00:00,0.0,0.0,0.354,0.353,20.1,50,693.0,4.7
CHL_LEH_05,2023-07-24 12:00:00+00:00,0.0,0.0,0.357,0.358,19.6,48,693.3,4.8
CHL_LEH_05,2023-07-24 13:00:00+00:00,0.0,0.0,0.356,0.358,18.9,67,692.4,1.8
CHL_LEH_05,2023-07-24 14:00:00+00:00,0.0,0.0,0.356,0.358,18.4,50,692.6,4.3
CHL_LEH_05,2023-07-24 15:00:00+00:00,0.0,0.0,0.356,0.358,17.9,50,693.0,4.9
CHL_LEH_05,2023-07-24 16:00:00+00:00,0.0,0.0,0.356,0.358,14.4,70,691.1,6.3
CHL_LEH_05,2023-07-24 17:00:00+00:00,0.0,0.0,0.355,0.358,13.1,76,691.2,5.3
CHL_LEH_05,2023-07-24 18:00:00+00:00,0.0,0.0,0.355,0.358,12.6,81,691.5,1.3
CHL_LEH_05,2023-07-24 19:00:00+00:00,0.0,0.0,0.355,0.357,13.4,69,692.9,1.9
CHL_LEH_05,2023-07-24 20:00:00+00:00,1.7,1.7,0.371,0.357,10.4,85,690.8,5.1
CHL_LEH_05,2023-07-24 21:00:00+00:00,1.3,1.3,0.383,0.358,12.0,77,692.7,3.5
CHL_LEH_05,2023-07-24 22:00:00+00:00,4.3,4.3,0.422,0.359,11.1,78,691.8,4.1
CHL_LEH_05,2023-07-24 23:00:00+00:00,2.3,2.3,0.425,0.366,10.5,80,691.3,5.4
CHL_LEH_05,2023-07-25 00:00:00+00:00,0.1,0.1,0.39,0.358,11.1,85,692.0,5.4
CHL_LEH_05,2023-07-25 01:00:00+00:00,0.2,0.2,0.39,0.358,11.8,82,692.8,2.8
CHL_LEH_05,2023-07-25 02:00:00+00:00,0.0,0.0,0.389,0.359,12.8,69,693.9,5.1
CHL_LEH_05,2023-07-25 03:00:00+00:00,0.0,0.0,0.386,0.359,13.8,67,694.8,5.4
CHL_LEH_05,2023-07-25 04:00:00+00:00,0.0,0.0,0.383,0.359,14.2,66,694.9,5.4
CHL_LEH_05,2023-07-25 05:00:00+00:00,0.0,0.0,0.378,0.36,15.8,61,695.3,2.7
CHL_LEH_05,2023-07-25 06:00:00+00:00,0.0,0.0,0.372,0.36,17.8,55,695.6,3.2
CHL_LEH_05,2023-07-25 07:00:00+00:00,0.0,0.0,0.365,0.36,19.0,54,695.5,0.5
CHL_LEH_05,2023-07-25 08:00:00+00:00,0.0,0.0,0.362,0.36,18.8,53,694.6,1.4
CHL_LEH_05,2023-07-25 09:00:00+00:00,0.1,0.1,0.359,0.359,18.6,57,694.3,1.0
CHL_LEH_05,2023-07-25 10:00:00+00:00,0.1,0.1,0.354,0.359,18.7,58,693.9,4.6
CHL_LEH_05,2023-07-25 11:00:00+00:00,0.0,0.0,0.352,0.359,18.9,53,693.5,3.1
CHL_LEH_05,2023-07-25 12:00:00+00:00,0.0,0.0,0.339,0.36,20.0,45,693.7,3.8
CHL_LEH_05,2023-07-25 13:00:00+00:00,0.0,0.0,0.338,0.36,19.1,58,693.1,2.6
CHL_LEH_05,2023-07-25 14:00:00+00:00,0.0,0.0,0.339,0.36,18.8,46,693.6,1.8
CHL_LEH_05,2023-07-25 15:00:00+00:00,0.0,0.0,0.339,0.359,18.0,49,693.8,4.3
CHL_LEH_05,2023-07-25 16:00:00+00:00,0.0,0.0,0.339,0.359,14.8,69,691.7,5.9
CHL_LEH_05,2023-07-25 17:00:00+00:00,0.0,0.0,0.339,0.359,13.7,71,691.8,7.4
CHL_LEH_05,2023-07-25 18:00:00+00:00,0.0,0.0,0.339,0.359,14.9,61,693.1,5.4
CHL_LEH_05,2023-07-25 19:00:00+00:00,0.0,0.0,0.34,0.358,12.5,73,691.4,6.9
CHL_LEH_05,2023-07-25 20:00:00+00:00,0.0,0.0,0.34,0.358,11.9,76,691.5,6.6
CHL_LEH_05,2023-07-25 21:00:00+00:00,0.0,0.0,0.34,0.358,12.1,78,692.1,3.3
CHL_LEH_05,2023-07-25 22:00:00+00:00,0.0,0.0,0.34,0.358,12.9,69,693.3,2.5
CHL_LEH_05,2023-07-25 23:00:00+00:00,0.0,0.0,0.34,0.358,11.7,82,692.5,4.0
CHL_LEH_05,2023-07-26 00:00:00+00:00,0.0,0.0,0.339,0.36,12.3,74,692.9,3.2
CHL_LEH_05,2023-07-26 01:00:00+00:00,0.0,0.0,0.34,0.359,12.3,73,693.4,0.5
CHL_LEH_05,2023-07-26 02:00:00+00:00,0.0,0.0,0.34,0.359,13.0,73,694.2,3.9
CHL_LEH_05,2023-07-26 03:00:00+00:00,0.0,0.0,0.339,0.359,13.4,71,694.7,3.6
CHL_LEH_05,2023-07-26 04:00:00+00:00,0.0,0.0,0.336,0.359,14.6,67,695.2,3.6
CHL_LEH_05,2023-07-26 05:00:00+00:00,0.7,0.7,0.341,0.358,15.3,64,695.0,1.3
CHL_LEH_05,2023-07-26 06:00:00+00:00,0.0,0.0,0.336,0.358,17.3,61,695.4,2.6
CHL_LEH_05,2023-07-26 07:00:00+00:00,0.0,0.0,0.33,0.358,18.7,58,695.2,4.7
CHL_LEH_05,2023-07-26 08:00:00+00:00,0.0,0.0,0.326,0.357,19.1,56,694.7,5.1
CHL_LEH_05,2023-07-26 09:00:00+00:00,0.0,0.0,0.32,0.357,20.7,50,694.3,3.3
CHL_LEH_05,2023-07-26 10:00:00+00:00,0.0,0.0,0.317,0.357,21.0,47,693.5,8.3
CHL_LEH_05,2023-07-26 11:00:00+00:00,0.0,0.0,0.313,0.356,21.4,43,693.5,5.8
CHL_LEH_05,2023-07-26 12:00:00+00:00,0.0,0.0,0.313,0.356,21.3,40,693.4,5.0
CHL_LEH_05,2023-07-26 13:00:00+00:00,0.0,0.0,0.313,0.355,19.5,59,692.5,4.6
CHL_LEH_05,2023-07-26 14:00:00+00:00,0.0,0.0,0.313,0.355,17.7,58,691.7,6.2
CHL_LEH_05,2023-07-26 15:00:00+00:00,0.0,0.0,0.314,0.355,16.1,62,691.4,7.7
CHL_LEH_05,2023-07-26 16:00:00+00:00,0.0,0.0,0.314,0.354,17.9,50,693.7,5.6
CHL_LEH_05,2023-07-26 17:00:00+00:00,0.0,0.0,0.315,0.354,16.3,55,693.5,6.6
CHL_LEH_05,2023-07-26 18:00:00+00:00,0.1,0.1,0.316,0.354,12.7,77,691.5,9.4
CHL_LEH_05,2023-07-26 19:00:00+00:00,0.0,0.0,0.317,0.353,14.8,62,693.4,2.1
CHL_LEH_05,2023-07-26 20:00:00+00:00,0.0,0.0,0.318,0.353,14.6,62,693.1,1.3
CHL_LEH_05,2023-07-26 21:00:00+00:00,0.0,0.0,0.318,0.353,14.3,63,693.0,1.1
CHL_LEH_05,2023-07-26 22:00:00+00:00,0.3,0.3,0.322,0.352,13.5,68,692.7,1.5
CHL_LEH_05,2023-07-26 23:00:00+00:00,0.0,0.0,0.322,0.352,13.2,70,692.7,4.6
CHL_LEH_05,2023-07-27 00:00:00+00:00,0.0,0.0,0.323,0.352,12.7,73,692.9,0.8
CHL_LEH_05,2023-07-27 01:00:00+00:00,0.2,0.2,0.326,0.351,12.3,82,693.2,2.1
CHL_LEH_05,2023-07-27 02:00:00+00:00,0.0,0.0,0.326,0.351,13.3,75,693.7,5.1
CHL_LEH_05,2023-07-27 03:00:00+00:00,0.0,0.0,0.325,0.351,14.3,72,694.0,2.9
CHL_LEH_05,2023-07-27 04:00:00+00:00,0.0,0.0,0.323,0.351,15.7,65,694.5,2.2
CHL_LEH_05,2023-07-27 05:00:00+00:00,0.0,0.0,0.319,0.35,17.3,60,694.7,1.6
CHL_LEH_05,2023-07-27 06:00:00+00:00,0.0,0.0,0.314,0.35,18.9,54,694.7,3.2
CHL_LEH_05,2023-07-27 07:00:00+00:00,0.0,0.0,0.308,0.35,20.6,47,694.5,4.0
CHL_LEH_05,2023-07-27 08:00:00+00:00,0.0,0.0,0.303,0.349,20.3,48,693.5,5.4
CHL_LEH_05,2023-07-27 09:00:00+00:00,0.0,0.0,0.297,0.349,20.9,48,693.1,1.0
CHL_LEH_05,2023-07-27 10:00:00+00:00,0.0,0.0,0.293,0.348,21.7,44,692.8,3.2
CHL_LEH_05,2023-07-27 11:00:00+00:00,0.0,0.0,0.29,0.348,21.1,48,692.3,3.4
CHL_LEH_05,2023-07-27 12:00:00+00:00,0.0,0.0,0.284,0.347,20.4,46,692.4,8.3
CHL_LEH_05,2023-07-27 13:00:00+00:00,0.0,0.0,0.284,0.347,19.4,59,691.7,4.6
CHL_LEH_05,2023-07-27 14:00:00+00:00,0.0,0.0,0.285,0.346,19.6,45,692.4,2.4
CHL_LEH_05,2023-07-27 15:00:00+00:00,0.0,0.0,0.286,0.346,18.4,49,692.6,4.5
CHL_LEH_05,2023-07-27 16:00:00+00:00,0.0,0.0,0.287,0.345,17.4,51,693.0,3.6
CHL_LEH_05,2023-07-27 17:00:00+00:00,0.0,0.0,0.288,0.345,14.5,69,691.2,5.9
CHL_LEH_05,2023-07-27 18:00:00+00:00,0.0,0.0,0.288,0.344,13.3,75,691.2,6.4
CHL_LEH_05,2023-07-27 19:00:00+00:00,0.8,0.8,0.297,0.344,13.1,81,691.7,4.8
CHL_LEH_05,2023-07-27 20:00:00+00:00,2.8,2.8,0.326,0.344,12.0,86,691.0,2.9
CHL_LEH_05,2023-07-27 21:00:00+00:00,1.9,1.9,0.346,0.344,12.3,84,690.7,2.5
CHL_LEH_05,2023-07-27 22:00:00+00:00,0.6,0.6,0.352,0.344,12.3,85,690.3,1.8
CHL_LEH_05,2023-07-27 23:00:00+00:00,0.6,0.6,0.358,0.344,12.4,80,690.1,1.6
CHL_LEH_05,2023-07-28 00:00:00+00:00,0.5,0.5,0.332,0.343,12.5,76,690.3,0.7
CHL_LEH_05,2023-07-28 01:00:00+00:00,0.6,0.6,0.338,0.343,12.7,74,690.7,5.6
CHL_LEH_05,2023-07-28 02:00:00+00:00,0.2,0.2,0.34,0.343,13.3,66,691.0,2.2
CHL_LEH_05,2023-07-28 03:00:00+00:00,0.1,0.1,0.34,0.343,13.5,63,691.3,3.3
CHL_LEH_05,2023-07-28 04:00:00+00:00,0.0,0.0,0.34,0.343,14.6,60,691.4,4.0
CHL_LEH_05,2023-07-28 05:00:00+00:00,0.0,0.0,0.337,0.343,16.3,55,691.8,3.2
CHL_LEH_05,2023-07-28 06:00:00+00:00,0.0,0.0,0.332,0.343,17.9,50,691.8,1.8
CHL_LEH_05,2023-07-28 07:00:00+00:00,0.0,0.0,0.327,0.343,18.9,47,691.3,1.6
CHL_LEH_05,2023-07-28 08:00:00+00:00,0.3,0.3,0.325,0.343,19.8,45,690.7,2.7
CHL_LEH_05,2023-07-28 09:00:00+00:00,1.5,1.5,0.337,0.342,19.1,56,689.8,2.6
CHL_LEH_05,2023-07-28 10:00:00+00:00,0.0,0.0,0.333,0.342,20.2,51,689.6,7.5
CHL_LEH_05,2023-07-28 11:00:00+00:00,0.0,0.0,0.331,0.342,20.0,52,689.0,2.5
CHL_LEH_05,2023-07-28 12:00:00+00:00,4.3,4.3,0.317,0.342,19.0,54,689.5,9.1
CHL_LEH_05,2023-07-28 13:00:00+00:00,1.7,1.7,0.334,0.342,16.2,66,688.8,9.9
CHL_LEH_05,2023-07-28 14:00:00+00:00,0.3,0.3,0.337,0.342,13.8,76,688.4,5.5
CHL_LEH_05,2023-07-28 15:00:00+00:00,0.4,0.4,0.34,0.342,12.9,84,689.0,3.1
CHL_LEH_05,2023-07-28 16:00:00+00:00,1.1,1.1,0.351,0.342,12.2,77,688.7,5.6
CHL_LEH_05,2023-07-28 17:00:00+00:00,0.5,0.5,0.356,0.342,12.9,67,689.8,4.7
CHL_LEH_05,2023-07-28 18:00:00+00:00,1.7,1.7,0.372,0.342,11.3,83,688.7,5.2
CHL_LEH_05,2023-07-28 19:00:00+00:00,2.0,2.0,0.391,0.343,11.4,80,688.6,5.0
CHL_LEH_05,2023-07-28 20:00:00+00:00,1.8,1.8,0.406,0.344,11.8,75,688.3,5.1
CHL_LEH_05,2023-07-28 21:00:00+00:00,1.8,1.8,0.417,0.347,11.4,77,687.8,4.9
CHL_LEH_05,2023-07-28 22:00:00+00:00,0.7,0.7,0.416,0.35,11.5,69,687.5,5.6
CHL_LEH_05,2023-07-28 23:00:00+00:00,0.5,0.5,0.412,0.352,11.3,70,687.2,4.3
CHL_LEH_05,2023-07-29 00:00:00+00:00,0.5,0.5,0.422,0.386,11.3,77,688.2,4.0
CHL_LEH_05,2023-07-29 01:00:00+00:00,0.0,0.0,0.416,0.387,11.9,69,689.1,4.6
CHL_LEH_05,2023-07-29 02:00:00+00:00,0.1,0.1,0.413,0.388,12.4,60,689.4,2.9
CHL_LEH_05,2023-07-29 03:00:00+00:00,0.1,0.1,0.411,0.389,12.6,57,689.7,2.9
CHL_LEH_05,2023-07-29 04:00:00+00:00,0.1,0.1,0.408,0.389,13.7,56,690.0,2.3
CHL_LEH_05,2023-07-29 05:00:00+00:00,0.0,0.0,0.404,0.39,15.1,55,690.4,4.5
CHL_LEH_05,2023-07-29 06:00:00+00:00,0.0,0.0,0.399,0.39,16.5,53,690.6,6.4
CHL_LEH_05,2023-07-29 07:00:00+00:00,0.0,0.0,0.395,0.39,17.2,52,690.5,9.1
CHL_LEH_05,2023-07-29 08:00:00+00:00,0.2,0.2,0.393,0.389,17.3,51,690.2,6.5
CHL_LEH_05,2023-07-29 09:00:00+00:00,0.0,0.0,0.388,0.389,18.7,49,690.3,2.7
CHL_LEH_05,2023-07-29 10:00:00+00:00,0.0,0.0,0.385,0.389,17.3,55,689.6,11.0
CHL_LEH_05,2023-07-29 11:00:00+00:00,0.2,0.2,0.384,0.388,16.5,55,689.0,4.9
CHL_LEH_05,2023-07-29 12:00:00+00:00,0.5,0.5,0.391,0.389,16.1,56,689.5,3.3
CHL_LEH_05,2023-07-29 13:00:00+00:00,0.1,0.1,0.391,0.389,15.1,62,689.1,3.6
CHL_LEH_05,2023-07-29 14:00:00+00:00,0.3,0.3,0.392,0.388,14.2,57,689.3,3.1
CHL_LEH_05,2023-07-29 15:00:00+00:00,0.1,0.1,0.392,0.388,13.2,61,690.0,1.9
CHL_LEH_05,2023-07-29 16:00:00+00:00,0.2,0.2,0.393,0.388,12.2,66,690.5,2.5
CHL_LEH_05,2023-07-29 17:00:00+00:00,0.1,0.1,0.394,0.388,11.4,70,690.4,3.3
CHL_LEH_05,2023-07-29 18:00:00+00:00,0.7,0.7,0.398,0.388,10.4,75,689.9,3.4
CHL_LEH_05,2023-07-29 19:00:00+00:00,0.6,0.6,0.403,0.388,9.4,79,689.1,4.8
CHL_LEH_05,2023-07-29 20:00:00+00:00,1.1,1.1,0.411,0.388,9.2,81,688.9,5.0
CHL_LEH_05,2023-07-29 21:00:00+00:00,1.1,1.1,0.417,0.389,8.4,81,688.0,5.1
CHL_LEH_05,2023-07-29 22:00:00+00:00,1.0,1.0,0.421,0.391,8.8,81,688.3,5.2
CHL_LEH_05,2023-07-29 23:00:00+00:00,0.9,0.9,0.423,0.392,8.1,86,687.9,4.7
CHL_LEH_05,2023-07-30 00:00:00+00:00,0.6,0.6,0.409,0.392,9.8,73,689.9,2.4
CHL_LEH_05,2023-07-30 01:00:00+00:00,0.2,0.2,0.409,0.393,9.4,79,690.0,3.0
CHL_LEH_05,2023-07-30 02:00:00+00:00,0.0,0.0,0.407,0.393,10.7,70,691.1,0.7
CHL_LEH_05,2023-07-30 03:00:00+00:00,0.0,0.0,0.404,0.393,11.4,70,691.4,3.5
CHL_LEH_05,2023-07-30 04:00:00+00:00,0.0,0.0,0.401,0.393,12.9,65,691.7,2.4
CHL_LEH_05,2023-07-30 05:00:00+00:00,0.0,0.0,0.396,0.393,15.0,52,692.2,4.3
CHL_LEH_05,2023-07-30 06:00:00+00:00,0.0,0.0,0.39,0.392,16.8,45,692.4,6.1
CHL_LEH_05,2023-07-30 07:00:00+00:00,0.0,0.0,0.383,0.392,18.2,40,692.2,6.0
CHL_LEH_05,2023-07-30 08:00:00+00:00,0.0,0.0,0.377,0.391,18.9,39,691.7,6.1
CHL_LEH_05,2023-07-30 09:00:00+00:00,0.0,0.0,0.371,0.391,19.7,37,691.5,5.5
CHL_LEH_05,2023-07-30 10:00:00+00:00,0.0,0.0,0.366,0.39,20.2,34,690.9,6.1
CHL_LEH_05,2023-07-30 11:00:00+00:00,0.0,0.0,0.362,0.389,20.5,33,690.5,6.2
CHL_LEH_05,2023-07-30 12:00:00+00:00,0.0,0.0,0.357,0.388,19.7,29,690.1,3.6
CHL_LEH_05,2023-07-30 13:00:00+00:00,0.0,0.0,0.357,0.387,19.2,26,690.0,0.4
CHL_LEH_05,2023-07-30 14:00:00+00:00,0.0,0.0,0.358,0.386,18.8,27,690.1,2.1
CHL_LEH_05,2023-07-30 15:00:00+00:00,0.0,0.0,0.358,0.386,15.3,49,687.9,5.2
CHL_LEH_05,2023-07-30 16:00:00+00:00,0.0,0.0,0.359,0.385,13.9,56,687.4,7.7
CHL_LEH_05,2023-07-30 17:00:00+00:00,0.0,0.0,0.359,0.384,12.7,64,686.7,8.2
CHL_LEH_05,2023-07-30 18:00:00+00:00,0.0,0.0,0.359,0.384,16.2,46,690.1,5.2
CHL_LEH_05,2023-07-30 19:00:00+00:00,0.0,0.0,0.36,0.383,15.4,49,689.6,1.8
CHL_LEH_05,2023-07-30 20:00:00+00:00,0.0,0.0,0.36,0.383,14.8,50,689.3,3.1
CHL_LEH_05,2023-07-30 21:00:00+00:00,0.0,0.0,0.361,0.382,14.6,47,689.1,1.0
CHL_LEH_05,2023-07-30 22:00:00+00:00,0.0,0.0,0.361,0.382,14.7,45,689.5,1.8
CHL_LEH_05,2023-07-30 23:00:00+00:00,0.0,0.0,0.361,0.381,14.5,45,689.8,4.1
CHL_LEH_05,2023-07-31 00:00:00+00:00,0.0,0.0,0.363,0.382,14.7,48,689.9,1.5
CHL_LEH_05,2023-07-31 01:00:00+00:00,0.0,0.0,0.363,0.381,11.7,68,687.7,6.4
CHL_LEH_05,2023-07-31 02:00:00+00:00,0.0,0.0,0.363,0.381,15.1,52,691.1,2.9
CHL_LEH_05,2023-07-31 03:00:00+00:00,0.0,0.0,0.361,0.38,16.0,51,691.6,1.8
CHL_LEH_05,2023-07-31 04:00:00+00:00,0.0,0.0,0.358,0.38,17.3,48,692.0,2.2
CHL_LEH_05,2023-07-31 05:00:00+00:00,0.0,0.0,0.354,0.379,18.8,40,692.3,4.6
CHL_LEH_05,2023-07-31 06:00:00+00:00,0.0,0.0,0.348,0.379,20.1,37,692.4,7.1
CHL_LEH_05,2023-07-31 07:00:00+00:00,0.0,0.0,0.342,0.378,21.3,33,692.3,5.6
CHL_LEH_05,2023-07-31 08:00:00+00:00,0.0,0.0,0.336,0.377,22.0,32,691.9,6.1
CHL_LEH_05,2023-07-31 09:00:00+00:00,0.0,0.0,0.331,0.377,22.3,35,691.5,5.1
CHL_LEH_05,2023-07-31 10:00:00+00:00,0.0,0.0,0.326,0.376,22.8,33,691.3,2.7
CHL_LEH_05,2023-07-31 11:00:00+00:00,0.0,0.0,0.323,0.375,22.3,32,691.0,6.3
CHL_LEH_05,2023-07-31 12:00:00+00:00,0.0,0.0,0.321,0.374,21.8,33,690.7,8.1
CHL_LEH_05,2023-07-31 13:00:00+00:00,0.0,0.0,0.321,0.373,19.1,57,689.4,5.2
CHL_LEH_05,2023-07-31 14:00:00+00:00,0.0,0.0,0.322,0.373,19.7,36,690.6,4.7
CHL_LEH_05,2023-07-31 15:00:00+00:00,0.0,0.0,0.323,0.372,19.3,38,691.2,4.1
CHL_LEH_05,2023-07-31 16:00:00+00:00,0.0,0.0,0.324,0.371,15.2,58,688.4,4.8
CHL_LEH_05,2023-07-31 17:00:00+00:00,0.0,0.0,0.325,0.371,13.9,63,687.5,5.9
CHL_LEH_05,2023-07-31 18:00:00+00:00,0.0,0.0,0.326,0.37,13.6,62,687.7,5.4
CHL_LEH_05,2023-07-31 19:00:00+00:00,0.0,0.0,0.327,0.37,15.9,50,689.7,3.4
CHL_LEH_05,2023-07-31 20:00:00+00:00,0.0,0.0,0.328,0.369,16.8,45,690.6,4.7
CHL_LEH_05,2023-07-31 21:00:00+00:00,0.0,0.0,0.329,0.369,16.4,45,690.4,1.0
CHL_LEH_05,2023-07-31 22:00:00+00:00,0.0,0.0,0.329,0.368,12.2,61,686.8,6.9
CHL_LEH_05,2023-07-31 23:00:00+00:00,0.0,0.0,0.33,0.368,14.8,51,689.5,5.2
CHL_LEH_05,2023-08-01 00:00:00+00:00,0.0,0.0,0.328,0.365,15.3,50,690.1,3.6
CHL_LEH_05,2023-08-01 01:00:00+00:00,0.0,0.0,0.328,0.364,14.0,58,689.5,7.0
CHL_LEH_05,2023-08-01 02:00:00+00:00,0.0,0.0,0.329,0.364,15.8,54,691.4,6.0
CHL_LEH_05,2023-08-01 03:00:00+00:00,0.0,0.0,0.328,0.363,16.9,50,692.0,4.0
CHL_LEH_05,2023-08-01 04:00:00+00:00,0.0,0.0,0.325,0.363,18.3,49,692.5,4.0
CHL_LEH_05,2023-08-01 05:00:00+00:00,0.0,0.0,0.32,0.363,19.9,44,692.5,4.7
CHL_LEH_05,2023-08-01 06:00:00+00:00,0.0,0.0,0.315,0.362,21.1,40,692.5,3.8
CHL_LEH_05,2023-08-01 07:00:00+00:00,0.0,0.0,0.31,0.361,22.2,36,692.4,4.1
CHL_LEH_05,2023-08-01 08:00:00+00:00,0.0,0.0,0.304,0.361,22.7,34,692.0,7.5
CHL_LEH_05,2023-08-01 09:00:00+00:00,0.0,0.0,0.299,0.36,22.9,34,691.6,5.5
CHL_LEH_05,2023-08-01 10:00:00+00:00,0.0,0.0,0.295,0.36,23.1,32,691.3,5.2
CHL_LEH_05,2023-08-01 11:00:00+00:00,0.0,0.0,0.292,0.359,23.2,31,691.1,4.3
CHL_LEH_05,2023-08-01 12:00:00+00:00,0.0,0.0,0.288,0.358,22.9,27,690.9,5.7
CHL_LEH_05,2023-08-01 13:00:00+00:00,0.0,0.0,0.289,0.357,20.2,53,689.4,6.2
CHL_LEH_05,2023-08-01 14:00:00+00:00,0.0,0.0,0.29,0.357,20.0,39,689.9,7.6
CHL_LEH_05,2023-08-01 15:00:00+00:00,0.0,0.0,0.291,0.356,16.8,53,687.9,8.2
CHL_LEH_05,2023-08-01 16:00:00+00:00,0.0,0.0,0.292,0.356,14.8,63,687.0,9.2
CHL_LEH_05,2023-08-01 17:00:00+00:00,0.0,0.0,0.293,0.355,14.0,66,686.6,7.2
CHL_LEH_05,2023-08-01 18:00:00+00:00,0.0,0.0,0.294,0.355,15.2,57,688.2,4.8
CHL_LEH_05,2023-08-01 19:00:00+00:00,0.0,0.0,0.295,0.354,17.5,45,690.6,4.5
CHL_LEH_05,2023-08-01 20:00:00+00:00,0.0,0.0,0.296,0.354,17.8,42,690.8,3.6
CHL_LEH_05,2023-08-01 21:00:00+00:00,0.0,0.0,0.297,0.353,13.1,60,686.6,6.9
CHL_LEH_05,2023-08-01 22:00:00+00:00,0.0,0.0,0.298,0.353,13.0,58,686.8,5.6
CHL_LEH_05,2023-08-01 23:00:00+00:00,0.0,0.0,0.299,0.352,16.6,43,690.3,4.9
CHL_LEH_05,2023-08-02 00:00:00+00:00,0.0,0.0,0.299,0.351,16.8,47,690.5,2.2
CHL_LEH_05,2023-08-02 01:00:00+00:00,0.0,0.0,0.3,0.351,13.9,64,688.6,5.0
CHL_LEH_05,2023-08-02 02:00:00+00:00,0.0,0.0,0.3,0.351,16.9,53,691.8,5.7
CHL_LEH_05,2023-08-02 03:00:00+00:00,0.0,0.0,0.299,0.35,17.7,50,692.5,2.6
CHL_LEH_05,2023-08-02 04:00:00+00:00,0.0,0.0,0.297,0.35,18.9,49,692.7,2.5
CHL_LEH_05,2023-08-02 05:00:00+00:00,0.0,0.0,0.293,0.349,20.4,43,692.9,2.1
CHL_LEH_05,2023-08-02 06:00:00+00:00,0.0,0.0,0.288,0.349,21.4,40,692.9,4.9
CHL_LEH_05,2023-08-02 07:00:00+00:00,0.0,0.0,0.282,0.348,22.5,37,692.5,3.6
CHL_LEH_05,2023-08-02 08:00:00+00:00,0.1,0.1,0.278,0.348,22.7,37,692.1,5.9
CHL_LEH_05,2023-08-02 09:00:00+00:00,0.0,0.0,0.273,0.347,22.8,38,691.6,3.2
CHL_LEH_05,2023-08-02 10:00:00+00:00,0.0,0.0,0.268,0.347,23.4,34,691.4,5.7
CHL_LEH_05,2023-08-02 11:00:00+00:00,0.0,0.0,0.265,0.346,23.3,33,691.1,10.0
CHL_LEH_05,2023-08-02 12:00:00+00:00,0.0,0.0,0.264,0.345,23.5,29,690.7,9.0
CHL_LEH_05,2023-08-02 13:00:00+00:00,0.0,0.0,0.264,0.345,20.5,50,689.4,6.5
CHL_LEH_05,2023-08-02 14:00:00+00:00,0.0,0.0,0.265,0.344,17.2,60,687.5,12.1
CHL_LEH_05,2023-08-02 15:00:00+00:00,0.0,0.0,0.266,0.344,19.6,43,690.7,7.5
CHL_LEH_05,2023-08-02 16:00:00+00:00,0.0,0.0,0.268,0.343,20.1,41,691.8,5.4
CHL_LEH_05,2023-08-02 17:00:00+00:00,0.0,0.0,0.269,0.343,19.7,43,691.9,4.1
CHL_LEH_05,2023-08-02 18:00:00+00:00,0.0,0.0,0.27,0.342,19.2,44,692.1,2.1
CHL_LEH_05,2023-08-02 19:00:00+00:00,0.0,0.0,0.271,0.342,18.2,47,691.9,4.6
CHL_LEH_05,2023-08-02 20:00:00+00:00,0.0,0.0,0.272,0.342,17.1,49,691.3,5.2
CHL_LEH_05,2023-08-02 21:00:00+00:00,0.0,0.0,0.273,0.341,16.4,50,691.1,4.5
CHL_LEH_05,2023-08-02 22:00:00+00:00,0.0,0.0,0.274,0.341,14.8,55,690.0,3.5
CHL_LEH_05,2023-08-02 23:00:00+00:00,0.0,0.0,0.275,0.34,13.5,62,689.3,3.3
CHL_LEH_05,2023-08-03 00:00:00+00:00,0.0,0.0,0.269,0.337,14.7,56,690.1,1.6
CHL_LEH_05,2023-08-03 01:00:00+00:00,0.0,0.0,0.271,0.337,12.9,72,689.1,2.0
CHL_LEH_05,2023-08-03 02:00:00+00:00,0.1,0.1,0.273,0.336,14.7,60,691.2,1.1
CHL_LEH_05,2023-08-03 03:00:00+00:00,0.0,0.0,0.273,0.336,15.0,61,691.4,3.1
CHL_LEH_05,2023-08-03 04:00:00+00:00,0.0,0.0,0.272,0.336,16.2,60,691.7,1.8
CHL_LEH_05,2023-08-03 05:00:00+00:00,0.0,0.0,0.269,0.335,17.7,57,691.9,1.3
CHL_LEH_05,2023-08-03 06:00:00+00:00,0.0,0.0,0.265,0.335,19.7,50,692.3,3.3
CHL_LEH_05,2023-08-03 07:00:00+00:00,0.0,0.0,0.259,0.334,21.2,46,692.2,2.9
CHL_LEH_05,2023-08-03 08:00:00+00:00,0.0,0.0,0.254,0.334,22.2,45,692.1,3.6
CHL_LEH_05,2023-08-03 09:00:00+00:00,0.0,0.0,0.249,0.333,22.9,43,691.6,3.4
CHL_LEH_05,2023-08-03 10:00:00+00:00,0.0,0.0,0.244,0.333,23.2,40,691.4,6.0
CHL_LEH_05,2023-08-03 11:00:00+00:00,0.0,0.0,0.241,0.332,22.2,44,691.2,8.2
CHL_LEH_05,2023-08-03 12:00:00+00:00,0.0,0.0,0.236,0.333,22.2,38,691.1,6.8
CHL_LEH_05,2023-08-03 13:00:00+00:00,0.0,0.0,0.237,0.332,20.6,61,690.4,3.8
CHL_LEH_05,2023-08-03 14:00:00+00:00,0.0,0.0,0.238,0.332,20.9,39,691.4,4.2
CHL_LEH_05,2023-08-03 15:00:00+00:00,0.0,0.0,0.239,0.331,20.3,40,691.7,5.7
CHL_LEH_05,2023-08-03 16:00:00+00:00,0.0,0.0,0.24,0.331,16.1,63,688.6,8.9
CHL_LEH_05,2023-08-03 17:00:00+00:00,0.0,0.0,0.241,0.33,14.9,69,687.9,8.1
CHL_LEH_05,2023-08-03 18:00:00+00:00,0.0,0.0,0.242,0.33,15.6,62,689.3,3.6
CHL_LEH_05,2023-08-03 19:00:00+00:00,0.0,0.0,0.244,0.33,17.3,52,691.4,4.0
CHL_LEH_05,2023-08-03 20:00:00+00:00,0.0,0.0,0.245,0.329,17.8,48,692.1,3.8
CHL_LEH_05,2023-08-03 21:00:00+00:00,0.0,0.0,0.246,0.329,17.2,49,691.6,2.5
CHL_LEH_05,2023-08-03 22:00:00+00:00,0.0,0.0,0.247,0.328,16.3,52,691.2,2.9
CHL_LEH_05,2023-08-03 23:00:00+00:00,0.0,0.0,0.248,0.328,15.7,54,691.0,3.3
CHL_LEH_05,2023-08-04 00:00:00+00:00,0.0,0.0,0.252,0.331,15.7,55,690.8,1.8
CHL_LEH_05,2023-08-04 01:00:00+00:00,0.0,0.0,0.253,0.33,14.7,63,690.2,4.0
CHL_LEH_05,2023-08-04 02:00:00+00:00,0.0,0.0,0.254,0.33,16.3,58,692.2,5.5
CHL_LEH_05,2023-08-04 03:00:00+00:00,0.0,0.0,0.253,0.33,16.9,56,692.8,3.6
CHL_LEH_05,2023-08-04 04:00:00+00:00,0.0,0.0,0.251,0.329,18.3,55,693.4,1.1
CHL_LEH_05,2023-08-04 05:00:00+00:00,0.0,0.0,0.247,0.329,19.4,49,693.9,4.8
CHL_LEH_05,2023-08-04 06:00:00+00:00,0.0,0.0,0.243,0.328,20.8,42,694.1,4.9
CHL_LEH_05,2023-08-04 07:00:00+00:00,0.0,0.0,0.238,0.328,22.0,40,694.1,3.3
CHL_LEH_05,2023-08-04 08:00:00+00:00,0.0,0.0,0.232,0.327,22.7,41,693.9,4.0
CHL_LEH_05,2023-08-04 09:00:00+00:00,0.0,0.0,0.228,0.327,23.2,40,693.4,5.6
CHL_LEH_05,2023-08-04 10:00:00+00:00,0.0,0.0,0.223,0.326,23.7,35,693.2,6.3
CHL_LEH_05,2023-08-04 11:00:00+00:00,0.0,0.0,0.22,0.326,23.8,34,693.0,8.0
CHL_LEH_05,2023-08-04 12:00:00+00:00,0.0,0.0,0.222,0.327,23.5,31,692.3,7.3
CHL_LEH_05,2023-08-04 13:00:00+00:00,0.0,0.0,0.223,0.326,21.0,56,691.0,6.2
CHL_LEH_05,2023-08-04 14:00:00+00:00,0.0,0.0,0.224,0.326,19.5,47,690.7,8.7
CHL_LEH_05,2023-08-04 15:00:00+00:00,0.0,0.0,0.225,0.325,21.1,36,693.4,6.1
CHL_LEH_05,2023-08-04 16:00:00+00:00,0.0,0.0,0.226,0.325,20.7,37,693.9,2.1
CHL_LEH_05,2023-08-04 17:00:00+00:00,0.0,0.0,0.227,0.324,17.5,49,691.5,3.9
CHL_LEH_05,2023-08-04 18:00:00+00:00,0.0,0.0,0.228,0.324,19.8,40,694.0,3.1
CHL_LEH_05,2023-08-04 19:00:00+00:00,0.0,0.0,0.23,0.324,19.4,40,694.1,2.3
CHL_LEH_05,2023-08-04 20:00:00+00:00,0.0,0.0,0.231,0.323,18.8,42,693.7,2.5
CHL_LEH_05,2023-08-04 21:00:00+00:00,0.0,0.0,0.232,0.323,18.1,43,693.6,4.1
CHL_LEH_05,2023-08-04 22:00:00+00:00,0.0,0.0,0.233,0.322,16.9,46,692.6,1.8
CHL_LEH_05,2023-08-04 23:00:00+00:00,0.0,0.0,0.234,0.322,15.9,49,692.0,2.6
CHL_LEH_05,2023-08-05 00:00:00+00:00,0.0,0.0,0.234,0.325,16.4,48,692.9,2.9
CHL_LEH_05,2023-08-05 01:00:00+00:00,0.0,0.0,0.235,0.325,16.3,50,693.1,5.5
CHL_LEH_05,2023-08-05 02:00:00+00:00,0.0,0.0,0.236,0.324,17.0,54,694.1,5.5
CHL_LEH_05,2023-08-05 03:00:00+00:00,0.0,0.0,0.235,0.324,17.8,51,694.7,2.6
CHL_LEH_05,2023-08-05 04:00:00+00:00,0.0,0.0,0.233,0.323,19.1,50,695.2,4.3
CHL_LEH_05,2023-08-05 05:00:00+00:00,0.0,0.0,0.23,0.323,20.6,45,695.3,4.5
CHL_LEH_05,2023-08-05 06:00:00+00:00,0.0,0.0,0.225,0.323,22.1,39,695.2,4.3
CHL_LEH_05,2023-08-05 07:00:00+00:00,0.0,0.0,0.22,0.322,22.9,37,694.9,4.5
CHL_LEH_05,2023-08-05 08:00:00+00:00,0.0,0.0,0.214,0.322,23.6,37,694.3,5.8
CHL_LEH_05,2023-08-05 09:00:00+00:00,0.0,0.0,0.209,0.321,24.1,37,693.6,3.0
CHL_LEH_05,2023-08-05 10:00:00+00:00,0.0,0.0,0.205,0.321,24.2,37,693.1,3.9
CHL_LEH_05,2023-08-05 11:00:00+00:00,0.0,0.0,0.202,0.32,22.8,40,692.5,4.7
CHL_LEH_05,2023-08-05 12:00:00+00:00,0.0,0.0,0.208,0.323,22.0,43,692.9,4.0
CHL_LEH_05,2023-08-05 13:00:00+00:00,0.0,0.0,0.208,0.322,21.9,39,693.0,1.6
CHL_LEH_05,2023-08-05 14:00:00+00:00,0.0,0.0,0.21,0.322,21.4,40,693.0,3.6
CHL_LEH_05,2023-08-05 15:00:00+00:00,0.0,0.0,0.211,0.321,17.1,62,690.7,7.9
CHL_LEH_05,2023-08-05 16:00:00+00:00,0.0,0.0,0.212,0.321,16.1,71,690.7,5.9
CHL_LEH_05,2023-08-05 17:00:00+00:00,0.0,0.0,0.213,0.32,15.0,71,690.5,4.8
CHL_LEH_05,2023-08-05 18:00:00+00:00,0.0,0.0,0.214,0.32,14.9,69,690.9,2.6
CHL_LEH_05,2023-08-05 19:00:00+00:00,0.0,0.0,0.216,0.32,14.1,73,690.4,5.4
CHL_LEH_05,2023-08-05 20:00:00+00:00,0.0,0.0,0.217,0.319,13.9,72,690.5,5.9
CHL_LEH_05,2023-08-05 21:00:00+00:00,0.3,0.3,0.221,0.319,13.8,69,690.8,5.9
CHL_LEH_05,2023-08-05 22:00:00+00:00,0.2,0.2,0.224,0.318,12.2,79,690.0,5.9
CHL_LEH_05,2023-08-05 23:00:00+00:00,1.7,1.7,0.242,0.318,13.0,75,691.1,3.1
CHL_LEH_05,2023-08-06 00:00:00+00:00,1.4,1.4,0.225,0.318,11.8,87,690.0,6.0
CHL_LEH_05,2023-08-06 01:00:00+00:00,0.6,0.6,0.232,0.317,12.3,86,691.2,3.7
CHL_LEH_05,2023-08-06 02:00:00+00:00,0.0,0.0,0.233,0.317,13.5,76,691.8,5.2
CHL_LEH_05,2023-08-06 03:00:00+00:00,0.0,0.0,0.233,0.317,14.2,70,691.9,3.6
CHL_LEH_05,2023-08-06 04:00:00+00:00,0.0,0.0,0.232,0.316,15.9,62,692.3,3.3
CHL_LEH_05,2023-08-06 05:00:00+00:00,0.0,0.0,0.229,0.316,18.2,51,692.4,2.1
CHL_LEH_05,2023-08-06 06:00:00+00:00,0.0,0.0,0.224,0.316,20.1,46,692.2,2.6
CHL_LEH_05,2023-08-06 07:00:00+00:00,0.0,0.0,0.219,0.315,21.4,44,691.7,3.6
CHL_LEH_05,2023-08-06 08:00:00+00:00,0.0,0.0,0.216,0.315,20.9,46,690.4,3.3
CHL_LEH_05,2023-08-06 09:00:00+00:00,0.0,0.0,0.211,0.314,22.1,46,690.1,3.7
CHL_LEH_05,2023-08-06 10:00:00+00:00,0.0,0.0,0.208,0.314,21.2,48,689.6,7.2
CHL_LEH_05,2023-08-06 11:00:00+00:00,0.0,0.0,0.205,0.314,22.1,43,689.3,8.4
CHL_LEH_05,2023-08-06 12:00:00+00:00,0.0,0.0,0.233,0.314,21.6,42,689.3,5.9
CHL_LEH_05,2023-08-06 13:00:00+00:00,0.0,0.0,0.233,0.314,19.5,60,688.6,4.1
CHL_LEH_05,2023-08-06 14:00:00+00:00,0.0,0.0,0.234,0.313,16.3,69,687.4,5.7
CHL_LEH_05,2023-08-06 15:00:00+00:00,0.0,0.0,0.235,0.313,15.1,72,687.7,6.4
CHL_LEH_05,2023-08-06 16:00:00+00:00,0.0,0.0,0.236,0.313,16.2,61,689.2,4.5
CHL_LEH_05,2023-08-06 17:00:00+00:00,0.0,0.0,0.237,0.313,15.3,62,689.3,3.1
CHL_LEH_05,2023-08-06 18:00:00+00:00,0.0,0.0,0.238,0.312,12.7,79,687.4,6.0
CHL_LEH_05,2023-08-06 19:00:00+00:00,2.7,2.7,0.266,0.312,13.7,71,688.9,4.4
CHL_LEH_05,2023-08-06 20:00:00+00:00,1.9,1.9,0.287,0.312,12.8,77,688.3,3.8
CHL_LEH_05,2023-08-06 21:00:00+00:00,1.4,1.4,0.303,0.312,11.4,88,687.0,4.3
CHL_LEH_05,2023-08-06 22:00:00+00:00,0.9,0.9,0.313,0.312,10.9,85,686.4,4.7
CHL_LEH_05,2023-08-06 23:00:00+00:00,0.3,0.3,0.317,0.312,11.8,70,686.9,4.9
CHL_LEH_05,2023-08-07 00:00:00+00:00,0.1,0.1,0.264,0.309,12.6,68,686.8,1.4
CHL_LEH_05,2023-08-07 01:00:00+00:00,0.0,0.0,0.265,0.309,12.6,70,686.8,2.6
CHL_LEH_05,2023-08-07 02:00:00+00:00,0.0,0.0,0.265,0.309,13.5,60,687.9,1.8
CHL_LEH_05,2023-08-07 03:00:00+00:00,0.0,0.0,0.265,0.309,14.0,59,688.4,3.0
CHL_LEH_05,2023-08-07 04:00:00+00:00,0.0,0.0,0.263,0.309,15.4,54,689.3,4.0
CHL_LEH_05,2023-08-07 05:00:00+00:00,0.0,0.0,0.259,0.308,17.2,48,689.5,3.7
CHL_LEH_05,2023-08-07 06:00:00+00:00,0.0,0.0,0.254,0.308,18.5,45,689.5,3.2
CHL_LEH_05,2023-08-07 07:00:00+00:00,0.0,0.0,0.249,0.308,20.0,40,689.1,4.6
CHL_LEH_05,2023-08-07 08:00:00+00:00,0.0,0.0,0.244,0.308,21.2,38,688.9,6.2
CHL_LEH_05,2023-08-07 09:00:00+00:00,0.0,0.0,0.238,0.307,21.4,38,688.4,2.9
CHL_LEH_05,2023-08-07 10:00:00+00:00,0.0,0.0,0.233,0.307,21.5,37,687.9,4.5
CHL_LEH_05,2023-08-07 11:00:00+00:00,0.0,0.0,0.23,0.307,20.6,38,687.7,4.7
CHL_LEH_05,2023-08-07 12:00:00+00:00,0.0,0.0,0.239,0.307,20.3,38,687.7,7.8
CHL_LEH_05,2023-08-07 13:00:00+00:00,0.0,0.0,0.238,0.307,18.2,54,686.9,6.6
CHL_LEH_05,2023-08-07 14:00:00+00:00,0.0,0.0,0.238,0.307,15.3,67,685.5,8.8
CHL_LEH_05,2023-08-07 15:00:00+00:00,0.0,0.0,0.239,0.307,17.6,47,688.4,2.2
CHL_LEH_05,2023-08-07 16:00:00+00:00,0.0,0.0,0.239,0.306,13.8,69,686.3,8.7
CHL_LEH_05,2023-08-07 17:00:00+00:00,0.0,0.0,0.24,0.306,13.5,66,686.6,8.6
CHL_LEH_05,2023-08-07 18:00:00+00:00,0.0,0.0,0.24,0.306,15.4,50,688.3,6.4
CHL_LEH_05,2023-08-07 19:00:00+00:00,0.0,0.0,0.241,0.306,16.3,42,689.1,4.7
CHL_LEH_05,2023-08-07 20:00:00+00:00,0.0,0.0,0.241,0.306,16.2,40,688.9,4.2
CHL_LEH_05,2023-08-07 21:00:00+00:00,0.0,0.0,0.242,0.305,16.0,39,688.8,3.7
CHL_LEH_05,2023-08-07 22:00:00+00:00,0.0,0.0,0.243,0.305,15.9,39,688.9,1.1
CHL_LEH_05,2023-08-07 23:00:00+00:00,0.0,0.0,0.243,0.305,15.5,40,688.9,0.8
CHL_LEH_05,2023-08-08 00:00:00+00:00,0.0,0.0,0.246,0.308,16.2,43,688.7,3.9
CHL_LEH_05,2023-08-08 01:00:00+00:00,0.0,0.0,0.247,0.308,14.5,58,687.7,4.6
CHL_LEH_05,2023-08-08 02:00:00+00:00,0.0,0.0,0.247,0.307,15.9,48,689.3,1.1
CHL_LEH_05,2023-08-08 03:00:00+00:00,0.0,0.0,0.247,0.307,16.3,45,689.7,1.5
CHL_LEH_05,2023-08-08 04:00:00+00:00,0.0,0.0,0.245,0.307,17.8,37,690.5,0.8
CHL_LEH_05,2023-08-08 05:00:00+00:00,0.0,0.0,0.241,0.307,19.2,30,691.1,1.8
CHL_LEH_05,2023-08-08 06:00:00+00:00,0.0,0.0,0.236,0.306,20.1,30,691.2,3.3
CHL_LEH_05,2023-08-08 07:00:00+00:00,0.0,0.0,0.23,0.306,21.3,30,691.1,5.6
CHL_LEH_05,2023-08-08 08:00:00+00:00,0.0,0.0,0.224,0.306,22.2,29,690.9,8.5
CHL_LEH_05,2023-08-08 09:00:00+00:00,0.0,0.0,0.219,0.306,22.7,29,690.8,9.0
CHL_LEH_05,2023-08-08 10:00:00+00:00,0.0,0.0,0.215,0.305,23.0,28,690.5,7.9
CHL_LEH_05,2023-08-08 11:00:00+00:00,0.0,0.0,0.212,0.305,23.3,26,690.4,6.0
CHL_LEH_05,2023-08-08 12:00:00+00:00,0.0,0.0,0.209,0.304,22.7,25,689.8,6.8
CHL_LEH_05,2023-08-08 13:00:00+00:00,0.0,0.0,0.209,0.304,20.2,54,688.7,6.1
CHL_LEH_05,2023-08-08 14:00:00+00:00,0.0,0.0,0.21,0.303,20.8,26,690.3,5.2
CHL_LEH_05,2023-08-08 15:00:00+00:00,0.0,0.0,0.211,0.303,20.9,26,691.0,1.8
CHL_LEH_05,2023-08-08 16:00:00+00:00,0.0,0.0,0.211,0.303,17.5,40,688.9,4.1
CHL_LEH_05,2023-08-08 17:00:00+00:00,0.0,0.0,0.212,0.303,17.1,41,689.3,2.0
CHL_LEH_05,2023-08-08 18:00:00+00:00,0.0,0.0,0.213,0.302,19.8,29,692.2,0.8
CHL_LEH_05,2023-08-08 19:00:00+00:00,0.0,0.0,0.213,0.302,19.3,30,692.1,3.1
CHL_LEH_05,2023-08-08 20:00:00+00:00,0.0,0.0,0.214,0.302,18.5,31,691.5,1.8
CHL_LEH_05,2023-08-08 21:00:00+00:00,0.0,0.0,0.215,0.302,17.8,32,691.1,2.5
CHL_LEH_05,2023-08-08 22:00:00+00:00,0.0,0.0,0.216,0.301,17.4,33,691.2,2.8
CHL_LEH_05,2023-08-08 23:00:00+00:00,0.0,0.0,0.216,0.301,12.7,49,687.6,7.9
CHL_LEH_05,2023-08-09 00:00:00+00:00,0.0,0.0,0.217,0.301,16.6,37,690.8,2.0
CHL_LEH_05,2023-08-09 01:00:00+00:00,0.0,0.0,0.218,0.301,13.8,51,689.0,7.3
CHL_LEH_05,2023-08-09 02:00:00+00:00,0.0,0.0,0.218,0.301,16.9,48,692.3,3.4
CHL_LEH_05,2023-08-09 03:00:00+00:00,0.0,0.0,0.217,0.3,18.0,39,693.5,2.5
CHL_LEH_05,2023-08-09 04:00:00+00:00,0.0,0.0,0.215,0.3,19.0,39,694.2,3.0
CHL_LEH_05,2023-08-09 05:00:00+00:00,0.0,0.0,0.211,0.3,20.4,37,694.5,3.4
CHL_LEH_05,2023-08-09 06:00:00+00:00,0.0,0.0,0.205,0.3,22.1,30,694.9,4.1
CHL_LEH_05,2023-08-09 07:00:00+00:00,0.0,0.0,0.199,0.299,23.3,27,694.9,4.8
CHL_LEH_05,2023-08-09 08:00:00+00:00,0.0,0.0,0.193,0.299,24.0,25,694.6,4.7
CHL_LEH_05,2023-08-09 09:00:00+00:00,0.0,0.0,0.188,0.299,24.7,25,694.2,6.5
CHL_LEH_05,2023-08-09 10:00:00+00:00,0.0,0.0,0.183,0.298,24.9,24,693.8,6.3
CHL_LEH_05,2023-08-09 11:00:00+00:00,0.0,0.0,0.18,0.298,24.8,23,693.4,6.0
CHL_LEH_05,2023-08-09 12:00:00+00:00,0.0,0.0,0.177,0.298,24.0,23,693.5,2.2
CHL_LEH_05,2023-08-09 13:00:00+00:00,0.0,0.0,0.177,0.297,23.3,22,693.2,2.0
CHL_LEH_05,2023-08-09 14:00:00+00:00,0.0,0.0,0.178,0.297,22.6,24,693.3,4.2
CHL_LEH_05,2023-08-09 15:00:00+00:00,0.0,0.0,0.179,0.297,17.3,50,689.5,7.4
CHL_LEH_05,2023-08-09 16:00:00+00:00,0.0,0.0,0.18,0.296,15.6,59,688.8,7.7
CHL_LEH_05,2023-08-09 17:00:00+00:00,0.0,0.0,0.181,0.296,15.8,55,689.5,5.6
CHL_LEH_05,2023-08-09 18:00:00+00:00,0.0,0.0,0.182,0.296,17.1,44,691.3,3.8
CHL_LEH_05,2023-08-09 19:00:00+00:00,0.0,0.0,0.182,0.296,19.8,32,693.8,2.3
CHL_LEH_05,2023-08-09 20:00:00+00:00,0.0,0.0,0.183,0.295,18.3,35,692.5,5.6
CHL_LEH_05,2023-08-09 21:00:00+00:00,0.0,0.0,0.184,0.295,16.6,38,691.2,6.9
CHL_LEH_05,2023-08-09 22:00:00+00:00,0.0,0.0,0.185,0.295,17.6,33,692.1,6.4
CHL_LEH_05,2023-08-09 23:00:00+00:00,0.0,0.0,0.186,0.294,17.2,34,692.0,5.1
CHL_LEH_05,2023-08-10 00:00:00+00:00,0.0,0.0,0.186,0.294,17.8,34,692.4,2.8
CHL_LEH_05,2023-08-10 01:00:00+00:00,0.0,0.0,0.187,0.293,15.6,45,690.9,5.9
CHL_LEH_05,2023-08-10 02:00:00+00:00,0.0,0.0,0.188,0.293,18.1,46,693.6,3.1
CHL_LEH_05,2023-08-10 03:00:00+00:00,0.0,0.0,0.187,0.293,19.3,36,694.8,3.2
CHL_LEH_05,2023-08-10 04:00:00+00:00,0.0,0.0,0.184,0.293,20.5,37,695.3,3.8
CHL_LEH_05,2023-08-10 05:00:00+00:00,0.0,0.0,0.18,0.292,22.2,34,695.5,4.0
CHL_LEH_05,2023-08-10 06:00:00+00:00,0.0,0.0,0.175,0.292,23.8,30,695.5,4.7
CHL_LEH_05,2023-08-10 07:00:00+00:00,0.0,0.0,0.17,0.292,24.6,28,695.3,5.7
CHL_LEH_05,2023-08-10 08:00:00+00:00,0.0,0.0,0.164,0.291,25.3,27,694.9,7.2
CHL_LEH_05,2023-08-10 09:00:00+00:00,0.0,0.0,0.159,0.291,25.6,27,694.2,5.7
CHL_LEH_05,2023-08-10 10:00:00+00:00,0.0,0.0,0.155,0.291,25.9,28,694.1,9.5
CHL_LEH_05,2023-08-10 11:00:00+00:00,0.0,0.0,0.152,0.29,24.8,30,693.5,12.8
CHL_LEH_05,2023-08-10 12:00:00+00:00,0.0,0.0,0.151,0.29,25.3,28,694.4,5.7
CHL_LEH_05,2023-08-10 13:00:00+00:00,0.0,0.0,0.151,0.29,22.4,55,693.3,6.9
CHL_LEH_05,2023-08-10 14:00:00+00:00,0.0,0.0,0.152,0.29,21.0,47,693.0,8.7
CHL_LEH_05,2023-08-10 15:00:00+00:00,0.0,0.0,0.153,0.289,19.4,55,692.8,10.2
CHL_LEH_05,2023-08-10 16:00:00+00:00,0.0,0.0,0.154,0.289,18.6,50,692.7,9.5
CHL_LEH_05,2023-08-10 17:00:00+00:00,0.0,0.0,0.155,0.289,21.1,35,695.5,5.5
CHL_LEH_05,2023-08-10 18:00:00+00:00,0.0,0.0,0.156,0.289,20.5,37,695.1,0.8
CHL_LEH_05,2023-08-10 19:00:00+00:00,0.0,0.0,0.157,0.288,17.4,48,692.7,2.9
CHL_LEH_05,2023-08-10 20:00:00+00:00,0.0,0.0,0.157,0.288,19.3,40,694.4,2.9
CHL_LEH_05,2023-08-10 21:00:00+00:00,0.0,0.0,0.158,0.288,18.7,41,693.9,3.2
CHL_LEH_05,2023-08-10 22:00:00+00:00,0.0,0.0,0.159,0.287,16.2,50,692.1,3.4
CHL_LEH_05,2023-08-10 23:00:00+00:00,0.0,0.0,0.16,0.287,17.0,47,693.3,3.3
CHL_LEH_05,2023-08-11 00:00:00+00:00,0.0,0.0,0.16,0.287,17.9,45,693.9,0.7
CHL_LEH_05,2023-08-11 01:00:00+00:00,0.0,0.0,0.161,0.286,17.6,46,694.4,4.4
CHL_LEH_05,2023-08-11 02:00:00+00:00,0.0,0.0,0.161,0.286,17.5,51,694.7,3.3
CHL_LEH_05,2023-08-11 03:00:00+00:00,0.0,0.0,0.161,0.286,18.1,50,695.3,1.1
CHL_LEH_05,2023-08-11 04:00:00+00:00,0.0,0.0,0.159,0.286,19.3,48,695.7,0.7
CHL_LEH_05,2023-08-11 05:00:00+00:00,0.0,0.0,0.156,0.285,20.9,44,695.9,0.8
CHL_LEH_05,2023-08-11 06:00:00+00:00,0.0,0.0,0.152,0.285,22.2,41,695.9,2.7
CHL_LEH_05,2023-08-11 07:00:00+00:00,0.0,0.0,0.147,0.285,22.9,40,695.7,3.4
CHL_LEH_05,2023-08-11 08:00:00+00:00,0.0,0.0,0.142,0.284,24.0,35,695.1,5.4
CHL_LEH_05,2023-08-11 09:00:00+00:00,0.0,0.0,0.138,0.284,24.5,32,694.4,7.0
CHL_LEH_05,2023-08-11 10:00:00+00:00,0.0,0.0,0.134,0.284,24.7,30,694.0,7.6
CHL_LEH_05,2023-08-11 11:00:00+00:00,0.0,0.0,0.131,0.283,24.6,29,693.6,7.8
CHL_LEH_05,2023-08-11 12:00:00+00:00,0.0,0.0,0.129,0.283,23.4,30,694.0,4.9
CHL_LEH_05,2023-08-11 13:00:00+00:00,0.0,0.0,0.13,0.283,22.7,28,693.9,0.8
CHL_LEH_05,2023-08-11 14:00:00+00:00,0.0,0.0,0.13,0.282,21.9,29,694.0,4.1
CHL_LEH_05,2023-08-11 15:00:00+00:00,0.0,0.0,0.131,0.282,19.9,38,693.2,6.1
CHL_LEH_05,2023-08-11 16:00:00+00:00,0.0,0.0,0.132,0.282,18.2,45,692.1,3.5
CHL_LEH_05,2023-08-11 17:00:00+00:00,0.0,0.0,0.133,0.281,17.7,45,691.8,3.1
CHL_LEH_05,2023-08-11 18:00:00+00:00,0.0,0.0,0.134,0.281,19.2,38,693.3,1.0
CHL_LEH_05,2023-08-11 19:00:00+00:00,0.0,0.0,0.135,0.281,19.7,35,693.7,1.8
CHL_LEH_05,2023-08-11 20:00:00+00:00,0.0,0.0,0.136,0.281,19.3,36,693.4,4.7
CHL_LEH_05,2023-08-11 21:00:00+00:00,0.0,0.0,0.136,0.28,18.8,36,693.0,4.6
CHL_LEH_05,2023-08-11 22:00:00+00:00,0.0,0.0,0.137,0.28,18.2,37,692.5,1.0
CHL_LEH_05,2023-08-11 23:00:00+00:00,0.0,0.0,0.138,0.28,13.8,54,688.9,3.4
CHL_LEH_05,2023-08-12 00:00:00+00:00,0.0,0.0,0.138,0.278,17.1,42,692.0,1.9
CHL_LEH_05,2023-08-12 01:00:00+00:00,0.0,0.0,0.139,0.278,17.5,41,692.7,3.0
CHL_LEH_05,2023-08-12 02:00:00+00:00,0.0,0.0,0.139,0.278,17.8,48,693.2,2.1
CHL_LEH_05,2023-08-12 03:00:00+00:00,0.0,0.0,0.139,0.278,19.2,39,694.4,2.5
CHL_LEH_05,2023-08-12 04:00:00+00:00,0.0,0.0,0.137,0.277,20.3,36,694.9,3.1
CHL_LEH_05,2023-08-12 05:00:00+00:00,0.0,0.0,0.133,0.277,21.5,32,695.2,3.1
CHL_LEH_05,2023-08-12 06:00:00+00:00,0.0,0.0,0.129,0.277,22.6,31,694.9,3.3
CHL_LEH_05,2023-08-12 07:00:00+00:00,0.0,0.0,0.123,0.277,23.6,29,694.6,3.6
CHL_LEH_05,2023-08-12 08:00:00+00:00,0.0,0.0,0.118,0.276,24.0,29,694.0,6.1
CHL_LEH_05,2023-08-12 09:00:00+00:00,0.0,0.0,0.113,0.276,25.0,27,693.5,8.6
CHL_LEH_05,2023-08-12 10:00:00+00:00,0.0,0.0,0.109,0.276,25.3,25,692.9,11.6
CHL_LEH_05,2023-08-12 11:00:00+00:00,0.0,0.0,0.107,0.275,24.6,26,692.0,9.8
CHL_LEH_05,2023-08-12 12:00:00+00:00,0.0,0.0,0.107,0.276,24.5,23,692.0,2.3
CHL_LEH_05,2023-08-12 13:00:00+00:00,0.0,0.0,0.107,0.275,24.2,22,691.5,2.4
CHL_LEH_05,2023-08-12 14:00:00+00:00,0.0,0.0,0.108,0.275,22.4,28,690.9,5.5
CHL_LEH_05,2023-08-12 15:00:00+00:00,0.0,0.0,0.109,0.275,21.2,31,690.8,6.5
CHL_LEH_05,2023-08-12 16:00:00+00:00,0.0,0.0,0.109,0.275,22.0,24,692.3,5.6
CHL_LEH_05,2023-08-12 17:00:00+00:00,0.0,0.0,0.11,0.274,21.5,24,692.3,3.6
CHL_LEH_05,2023-08-12 18:00:00+00:00,0.0,0.0,0.111,0.274,21.1,25,692.2,1.5
CHL_LEH_05,2023-08-12 19:00:00+00:00,0.0,0.0,0.112,0.274,18.6,34,690.4,3.6
CHL_LEH_05,2023-08-12 20:00:00+00:00,0.0,0.0,0.113,0.273,19.8,30,691.4,2.1
CHL_LEH_05,2023-08-12 21:00:00+00:00,0.0,0.0,0.113,0.273,19.2,31,691.1,1.5
CHL_LEH_05,2023-08-12 22:00:00+00:00,0.0,0.0,0.114,0.273,18.7,33,690.8,1.4
CHL_LEH_05,2023-08-12 23:00:00+00:00,0.0,0.0,0.115,0.273,18.1,34,690.6,1.1
CHL_LEH_05,2023-08-13 00:00:00+00:00,0.0,0.0,0.115,0.272,17.9,38,690.6,1.5
CHL_LEH_05,2023-08-13 01:00:00+00:00,0.0,0.0,0.116,0.272,14.1,58,687.9,5.2
CHL_LEH_05,2023-08-13 02:00:00+00:00,0.0,0.0,0.117,0.271,17.7,46,691.4,1.1
CHL_LEH_05,2023-08-13 03:00:00+00:00,0.0,0.0,0.116,0.271,18.7,41,692.0,1.1
CHL_LEH_05,2023-08-13 04:00:00+00:00,0.0,0.0,0.115,0.271,19.9,40,692.6,0.8
CHL_LEH_05,2023-08-13 05:00:00+00:00,0.0,0.0,0.111,0.271,21.6,34,692.8,1.1
CHL_LEH_05,2023-08-13 06:00:00+00:00,0.0,0.0,0.107,0.27,23.3,28,692.8,3.0
CHL_LEH_05,2023-08-13 07:00:00+00:00,0.0,0.0,0.102,0.27,24.3,26,692.4,5.4
CHL_LEH_05,2023-08-13 08:00:00+00:00,0.0,0.0,0.097,0.27,25.0,27,692.1,8.0
CHL_LEH_05,2023-08-13 09:00:00+00:00,0.0,0.0,0.093,0.269,25.9,25,691.4,9.4
CHL_LEH_05,2023-08-13 10:00:00+00:00,0.0,0.0,0.089,0.269,26.1,24,690.8,13.4
CHL_LEH_05,2023-08-13 11:00:00+00:00,0.0,0.0,0.087,0.269,25.0,25,690.3,13.0
CHL_LEH_05,2023-08-13 12:00:00+00:00,0.0,0.0,0.086,0.268,24.7,24,690.6,4.2
CHL_LEH_05,2023-08-13 13:00:00+00:00,0.0,0.0,0.086,0.268,24.3,23,690.5,3.6
CHL_LEH_05,2023-08-13 14:00:00+00:00,0.0,0.0,0.087,0.268,23.6,23,690.9,2.4
CHL_LEH_05,2023-08-13 15:00:00+00:00,0.0,0.0,0.088,0.268,23.1,24,691.5,3.9
CHL_LEH_05,2023-08-13 16:00:00+00:00,0.0,0.0,0.088,0.267,22.7,25,691.9,2.6
CHL_LEH_05,2023-08-13 17:00:00+00:00,0.0,0.0,0.089,0.267,22.3,25,691.8,1.0
CHL_LEH_05,2023-08-13 18:00:00+00:00,0.0,0.0,0.09,0.267,21.7,27,691.8,1.0
CHL_LEH_05,2023-08-13 19:00:00+00:00,0.0,0.0,0.091,0.266,21.1,29,691.8,0.5
CHL_LEH_05,2023-08-13 20:00:00+00:00,0.0,0.0,0.092,0.266,19.0,36,690.2,0.0
CHL_LEH_05,2023-08-13 21:00:00+00:00,0.0,0.0,0.092,0.266,18.3,38,689.5,1.8
CHL_LEH_05,2023-08-13 22:00:00+00:00,0.0,0.0,0.093,0.266,17.5,41,689.1,3.1
CHL_LEH_05,2023-08-13 23:00:00+00:00,0.0,0.0,0.094,0.266,19.0,36,690.8,2.6
CHL_LEH_05,2023-08-14 00:00:00+00:00,0.0,0.0,0.092,0.263,18.2,37,690.3,2.2
CHL_LEH_05,2023-08-14 01:00:00+00:00,0.0,0.0,0.093,0.263,18.4,36,691.5,4.8
CHL_LEH_05,2023-08-14 02:00:00+00:00,0.0,0.0,0.093,0.262,18.7,56,692.2,2.1
CHL_LEH_05,2023-08-14 03:00:00+00:00,0.0,0.0,0.093,0.262,19.9,33,693.1,4.8
CHL_LEH_05,2023-08-14 04:00:00+00:00,0.0,0.0,0.092,0.262,21.2,32,694.2,5.8
CHL_LEH_05,2023-08-14 05:00:00+00:00,0.0,0.0,0.089,0.262,21.9,32,694.3,4.9
CHL_LEH_05,2023-08-14 06:00:00+00:00,0.0,0.0,0.086,0.261,22.6,30,694.2,5.0
CHL_LEH_05,2023-08-14 07:00:00+00:00,0.0,0.0,0.084,0.261,23.0,28,693.6,3.7
CHL_LEH_05,2023-08-14 08:00:00+00:00,0.0,0.0,0.081,0.261,22.6,28,693.2,4.5
CHL_LEH_05,2023-08-14 09:00:00+00:00,0.0,0.0,0.077,0.261,21.7,30,692.7,7.3
CHL_LEH_05,2023-08-14 10:00:00+00:00,0.0,0.0,0.075,0.26,21.5,29,692.6,8.0
CHL_LEH_05,2023-08-14 11:00:00+00:00,0.0,0.0,0.074,0.26,20.1,32,691.8,4.3
CHL_LEH_05,2023-08-14 12:00:00+00:00,0.2,0.2,0.072,0.261,21.9,28,691.8,8.0
CHL_LEH_05,2023-08-14 13:00:00+00:00,0.0,0.0,0.072,0.26,20.7,41,691.5,3.6
CHL_LEH_05,2023-08-14 14:00:00+00:00,0.0,0.0,0.073,0.26,18.2,56,690.3,7.7
CHL_LEH_05,2023-08-14 15:00:00+00:00,0.0,0.0,0.074,0.26,17.4,48,690.2,7.8
CHL_LEH_05,2023-08-14 16:00:00+00:00,0.0,0.0,0.074,0.26,17.5,42,690.8,7.4
CHL_LEH_05,2023-08-14 17:00:00+00:00,0.0,0.0,0.075,0.259,19.3,30,692.7,4.7
CHL_LEH_05,2023-08-14 18:00:00+00:00,0.0,0.0,0.076,0.259,19.2,31,693.1,3.6
CHL_LEH_05,2023-08-14 19:00:00+00:00,0.0,0.0,0.076,0.259,18.9,32,692.9,3.7
CHL_LEH_05,2023-08-14 20:00:00+00:00,0.0,0.0,0.077,0.259,18.6,34,692.7,1.9
CHL_LEH_05,2023-08-14 21:00:00+00:00,0.0,0.0,0.078,0.258,15.5,47,690.0,4.3
CHL_LEH_05,2023-08-14 22:00:00+00:00,0.0,0.0,0.079,0.258,14.8,50,689.6,3.1
CHL_LEH_05,2023-08-14 23:00:00+00:00,0.0,0.0,0.079,0.258,16.1,44,691.2,1.5
CHL_LEH_05,2023-08-15 00:00:00+00:00,0.0,0.0,0.081,0.257,16.2,46,692.6,4.1
CHL_LEH_05,2023-08-15 01:00:00+00:00,0.0,0.0,0.081,0.256,14.1,65,691.6,6.0
CHL_LEH_05,2023-08-15 02:00:00+00:00,0.0,0.0,0.082,0.256,15.2,53,693.4,4.8
CHL_LEH_05,2023-08-15 03:00:00+00:00,0.0,0.0,0.082,0.256,15.1,51,693.8,4.7
CHL_LEH_05,2023-08-15 04:00:00+00:00,0.0,0.0,0.081,0.256,16.1,48,694.6,2.2
CHL_LEH_05,2023-08-15 05:00:00+00:00,0.0,0.0,0.08,0.256,17.5,43,694.8,1.1
CHL_LEH_05,2023-08-15 06:00:00+00:00,0.0,0.0,0.077,0.255,19.4,39,695.2,2.7
CHL_LEH_05,2023-08-15 07:00:00+00:00,0.0,0.0,0.074,0.255,19.7,37,694.7,4.4
CHL_LEH_05,2023-08-15 08:00:00+00:00,0.0,0.0,0.071,0.255,20.2,34,694.1,3.9
CHL_LEH_05,2023-08-15 09:00:00+00:00,0.0,0.0,0.068,0.255,21.3,30,693.8,6.6
CHL_LEH_05,2023-08-15 10:00:00+00:00,0.0,0.0,0.066,0.254,21.5,27,693.3,3.4
CHL_LEH_05,2023-08-15 11:00:00+00:00,0.0,0.0,0.064,0.254,21.4,26,693.0,4.5
CHL_LEH_05,2023-08-15 12:00:00+00:00,0.0,0.0,0.064,0.254,21.3,25,693.1,4.2
CHL_LEH_05,2023-08-15 13:00:00+00:00,0.0,0.0,0.064,0.254,20.1,33,692.4,5.2
CHL_LEH_05,2023-08-15 14:00:00+00:00,0.0,0.0,0.065,0.254,18.1,46,691.2,6.5
CHL_LEH_05,2023-08-15 15:00:00+00:00,0.0,0.0,0.065,0.254,19.5,27,693.4,4.8
CHL_LEH_05,2023-08-15 16:00:00+00:00,0.0,0.0,0.066,0.254,16.4,49,691.1,4.7
CHL_LEH_05,2023-08-15 17:00:00+00:00,0.0,0.0,0.066,0.253,15.7,49,690.7,5.6
CHL_LEH_05,2023-08-15 18:00:00+00:00,0.0,0.0,0.067,0.253,16.0,45,691.5,3.8
CHL_LEH_05,2023-08-15 19:00:00+00:00,0.0,0.0,0.068,0.253,18.8,33,694.3,2.1
CHL_LEH_05,2023-08-15 20:00:00+00:00,0.0,0.0,0.068,0.253,18.1,34,693.6,2.3
CHL_LEH_05,2023-08-15 21:00:00+00:00,0.0,0.0,0.069,0.253,17.7,35,693.4,3.1
CHL_LEH_05,2023-08-15 22:00:00+00:00,0.0,0.0,0.07,0.252,17.2,35,693.1,3.3
CHL_LEH_05,2023-08-15 23:00:00+00:00,0.0,0.0,0.07,0.252,13.7,47,690.5,3.3
CHL_LEH_05,2023-08-16 00:00:00+00:00,0.0,0.0,0.076,0.256,16.2,38,692.8,3.2
CHL_LEH_05,2023-08-16 01:00:00+00:00,0.0,0.0,0.076,0.256,15.8,41,693.1,5.4
CHL_LEH_05,2023-08-16 02:00:00+00:00,0.0,0.0,0.077,0.256,16.4,45,693.7,5.2
CHL_LEH_05,2023-08-16 03:00:00+00:00,0.0,0.0,0.077,0.256,17.4,40,694.6,2.6
CHL_LEH_05,2023-08-16 04:00:00+00:00,0.0,0.0,0.075,0.255,18.7,36,695.3,2.6
CHL_LEH_05,2023-08-16 05:00:00+00:00,0.0,0.0,0.073,0.255,20.3,30,695.4,3.8
CHL_LEH_05,2023-08-16 06:00:00+00:00,0.0,0.0,0.07,0.255,21.3,28,695.4,5.5
CHL_LEH_05,2023-08-16 07:00:00+00:00,0.0,0.0,0.067,0.255,21.9,27,694.9,5.1
CHL_LEH_05,2023-08-16 08:00:00+00:00,0.0,0.0,0.064,0.255,22.5,27,694.5,2.6
CHL_LEH_05,2023-08-16 09:00:00+00:00,0.0,0.0,0.061,0.254,23.0,26,694.1,3.9
CHL_LEH_05,2023-08-16 10:00:00+00:00,0.0,0.0,0.059,0.254,23.1,25,693.5,4.4
CHL_LEH_05,2023-08-16 11:00:00+00:00,0.0,0.0,0.058,0.254,22.9,25,693.2,1.8
CHL_LEH_05,2023-08-16 12:00:00+00:00,0.0,0.0,0.058,0.255,22.1,26,693.2,3.6
CHL_LEH_05,2023-08-16 13:00:00+00:00,0.0,0.0,0.058,0.254,20.6,33,692.7,5.9
CHL_LEH_05,2023-08-16 14:00:00+00:00,0.0,0.0,0.058,0.254,17.9,56,690.8,7.1
CHL_LEH_05,2023-08-16 15:00:00+00:00,0.0,0.0,0.059,0.254,19.5,31,692.8,4.5
CHL_LEH_05,2023-08-16 16:00:00+00:00,0.0,0.0,0.06,0.254,17.0,49,691.0,3.1
CHL_LEH_05,2023-08-16 17:00:00+00:00,0.0,0.0,0.06,0.254,16.1,54,690.5,5.1
CHL_LEH_05,2023-08-16 18:00:00+00:00,0.0,0.0,0.061,0.253,15.3,60,689.7,4.3
CHL_LEH_05,2023-08-16 19:00:00+00:00,0.0,0.0,0.062,0.253,15.3,52,689.8,2.8
CHL_LEH_05,2023-08-16 20:00:00+00:00,0.0,0.0,0.062,0.253,14.6,52,688.9,4.1
CHL_LEH_05,2023-08-16 21:00:00+00:00,0.0,0.0,0.063,0.253,14.9,48,689.4,2.5
CHL_LEH_05,2023-08-16 22:00:00+00:00,0.0,0.0,0.064,0.253,16.8,39,691.3,1.5
CHL_LEH_05,2023-08-16 23:00:00+00:00,0.0,0.0,0.064,0.252,17.6,36,692.2,3.3
CHL_LEH_05,2023-08-17 00:00:00+00:00,0.0,0.0,0.067,0.251,17.0,40,691.4,1.6
CHL_LEH_05,2023-08-17 01:00:00+00:00,0.0,0.0,0.068,0.251,14.4,53,689.9,4.0
CHL_LEH_05,2023-08-17 02:00:00+00:00,0.0,0.0,0.069,0.251,17.5,46,693.3,1.1
CHL_LEH_05,2023-08-17 03:00:00+00:00,0.0,0.0,0.068,0.251,18.7,35,694.3,1.6
CHL_LEH_05,2023-08-17 04:00:00+00:00,0.0,0.0,0.067,0.25,19.8,31,694.8,2.7
CHL_LEH_05,2023-08-17 05:00:00+00:00,0.0,0.0,0.065,0.25,20.7,29,695.1,3.6
CHL_LEH_05,2023-08-17 06:00:00+00:00,0.0,0.0,0.063,0.25,21.5,27,694.9,5.2
CHL_LEH_05,2023-08-17 07:00:00+00:00,0.0,0.0,0.06,0.25,22.1,26,694.6,3.6
CHL_LEH_05,2023-08-17 08:00:00+00:00,0.0,0.0,0.057,0.25,23.4,25,694.4,4.2
CHL_LEH_05,2023-08-17 09:00:00+00:00,0.0,0.0,0.054,0.249,24.1,24,693.7,6.2
CHL_LEH_05,2023-08-17 10:00:00+00:00,0.0,0.0,0.052,0.249,24.5,22,693.1,7.2
CHL_LEH_05,2023-08-17 11:00:00+00:00,0.0,0.0,0.051,0.249,23.8,22,692.8,7.0
CHL_LEH_05,2023-08-17 12:00:00+00:00,0.0,0.0,0.05,0.249,23.3,21,693.6,3.7
CHL_LEH_05,2023-08-17 13:00:00+00:00,0.0,0.0,0.05,0.249,22.8,33,693.2,3.1
CHL_LEH_05,2023-08-17 14:00:00+00:00,0.0,0.0,0.051,0.248,22.0,21,693.3,4.7
CHL_LEH_05,2023-08-17 15:00:00+00:00,0.0,0.0,0.051,0.248,21.3,21,693.7,2.8
CHL_LEH_05,2023-08-17 16:00:00+00:00,0.0,0.0,0.052,0.248,20.7,22,693.9,0.7
CHL_LEH_05,2023-08-17 17:00:00+00:00,0.0,0.0,0.053,0.248,20.3,23,694.0,1.6
CHL_LEH_05,2023-08-17 18:00:00+00:00,0.0,0.0,0.053,0.248,19.8,24,694.1,2.1
CHL_LEH_05,2023-08-17 19:00:00+00:00,0.0,0.0,0.054,0.248,17.5,33,692.4,1.8
CHL_LEH_05,2023-08-17 20:00:00+00:00,0.0,0.0,0.054,0.247,16.0,39,691.0,1.8
CHL_LEH_05,2023-08-17 21:00:00+00:00,0.0,0.0,0.055,0.247,18.3,31,692.9,0.8
CHL_LEH_05,2023-08-17 22:00:00+00:00,0.0,0.0,0.056,0.247,15.7,39,690.9,2.1
CHL_LEH_05,2023-08-17 23:00:00+00:00,0.0,0.0,0.056,0.247,13.1,49,689.1,3.3
CHL_LEH_05,2023-08-18 00:00:00+00:00,0.0,0.0,0.057,0.247,16.1,39,691.8,1.5
CHL_LEH_05,2023-08-18 01:00:00+00:00,0.0,0.0,0.058,0.246,12.1,61,688.9,5.0
CHL_LEH_05,2023-08-18 02:00:00+00:00,0.0,0.0,0.058,0.246,16.8,45,693.4,1.6
CHL_LEH_05,2023-08-18 03:00:00+00:00,0.0,0.0,0.058,0.246,18.1,35,694.9,2.4
CHL_LEH_05,2023-08-18 04:00:00+00:00,0.0,0.0,0.057,0.246,19.3,31,695.8,3.5
CHL_LEH_05,2023-08-18 05:00:00+00:00,0.0,0.0,0.055,0.246,20.6,28,696.1,4.0
CHL_LEH_05,2023-08-18 06:00:00+00:00,0.0,0.0,0.053,0.245,21.4,26,696.2,4.3
CHL_LEH_05,2023-08-18 07:00:00+00:00,0.0,0.0,0.051,0.245,22.3,23,695.9,6.4
CHL_LEH_05,2023-08-18 08:00:00+00:00,0.0,0.0,0.049,0.245,23.0,24,695.3,7.7
CHL_LEH_05,2023-08-18 09:00:00+00:00,0.0,0.0,0.047,0.245,23.4,23,694.7,8.8
CHL_LEH_05,2023-08-18 10:00:00+00:00,0.0,0.0,0.045,0.245,23.5,21,694.0,4.9
CHL_LEH_05,2023-08-18 11:00:00+00:00,0.0,0.0,0.044,0.244,23.2,21,693.9,0.5
CHL_LEH_05,2023-08-18 12:00:00+00:00,0.0,0.0,0.046,0.245,22.6,20,694.2,2.3
CHL_LEH_05,2023-08-18 13:00:00+00:00,0.0,0.0,0.046,0.245,22.0,28,693.8,2.7
CHL_LEH_05,2023-08-18 14:00:00+00:00,0.0,0.0,0.047,0.245,19.5,39,691.9,6.8
CHL_LEH_05,2023-08-18 15:00:00+00:00,0.0,0.0,0.047,0.245,18.0,48,691.3,7.0
CHL_LEH_05,2023-08-18 16:00:00+00:00,0.0,0.0,0.048,0.245,18.5,39,692.5,1.8
CHL_LEH_05,2023-08-18 17:00:00+00:00,0.0,0.0,0.048,0.244,20.5,25,695.0,1.8
CHL_LEH_05,2023-08-18 18:00:00+00:00,0.0,0.0,0.049,0.244,19.9,26,695.1,3.1
CHL_LEH_05,2023-08-18 19:00:00+00:00,0.0,0.0,0.049,0.244,19.4,28,695.2,2.3
CHL_LEH_05,2023-08-18 20:00:00+00:00,0.0,0.0,0.05,0.244,16.0,42,692.4,1.3
CHL_LEH_05,2023-08-18 21:00:00+00:00,0.0,0.0,0.051,0.244,14.6,47,691.2,2.8
CHL_LEH_05,2023-08-18 22:00:00+00:00,0.0,0.0,0.051,0.244,13.6,50,690.6,2.5
CHL_LEH_05,2023-08-18 23:00:00+00:00,0.0,0.0,0.052,0.243,16.2,39,693.4,1.0
CHL_LEH_05,2023-08-19 00:00:00+00:00,0.0,0.0,0.053,0.244,16.7,33,693.7,1.6
CHL_LEH_05,2023-08-19 01:00:00+00:00,0.0,0.0,0.053,0.244,16.9,33,694.7,2.1
CHL_LEH_05,2023-08-19 02:00:00+00:00,0.0,0.0,0.054,0.243,16.9,43,695.1,1.1
CHL_LEH_05,2023-08-19 03:00:00+00:00,0.0,0.0,0.054,0.243,18.1,33,696.5,1.5
CHL_LEH_05,2023-08-19 04:00:00+00:00,0.0,0.0,0.053,0.243,19.1,33,697.2,0.0
CHL_LEH_05,2023-08-19 05:00:00+00:00,0.0,0.0,0.051,0.243,20.5,30,697.7,0.8
CHL_LEH_05,2023-08-19 06:00:00+00:00,0.0,0.0,0.05,0.243,21.6,25,697.5,0.7
CHL_LEH_05,2023-08-19 07:00:00+00:00,0.0,0.0,0.047,0.242,22.5,22,697.4,3.0
CHL_LEH_05,2023-08-19 08:00:00+00:00,0.0,0.0,0.045,0.242,23.2,22,697.2,5.0
CHL_LEH_05,2023-08-19 09:00:00+00:00,0.0,0.0,0.043,0.242,23.8,22,696.5,5.0
CHL_LEH_05,2023-08-19 10:00:00+00:00,0.0,0.0,0.042,0.242,24.3,19,695.8,2.2
CHL_LEH_05,2023-08-19 11:00:00+00:00,0.0,0.0,0.041,0.242,24.6,18,695.7,1.8
CHL_LEH_05,2023-08-19 12:00:00+00:00,0.0,0.0,0.04,0.242,23.5,19,695.5,1.3
CHL_LEH_05,2023-08-19 13:00:00+00:00,0.0,0.0,0.04,0.241,22.3,22,695.3,6.5
CHL_LEH_05,2023-08-19 14:00:00+00:00,0.0,0.0,0.04,0.241,20.6,29,694.4,5.2
CHL_LEH_05,2023-08-19 15:00:00+00:00,0.0,0.0,0.041,0.241,19.0,42,693.3,6.5
CHL_LEH_05,2023-08-19 16:00:00+00:00,0.0,0.0,0.041,0.241,21.1,22,695.9,3.4
CHL_LEH_05,2023-08-19 17:00:00+00:00,0.0,0.0,0.042,0.241,20.6,22,695.7,2.8
CHL_LEH_05,2023-08-19 18:00:00+00:00,0.0,0.0,0.043,0.241,20.3,23,695.9,4.1
CHL_LEH_05,2023-08-19 19:00:00+00:00,0.0,0.0,0.043,0.24,20.0,23,695.8,2.5
CHL_LEH_05,2023-08-19 20:00:00+00:00,0.0,0.0,0.044,0.24,19.7,24,695.7,1.8
CHL_LEH_05,2023-08-19 21:00:00+00:00,0.0,0.0,0.044,0.24,15.4,40,692.1,2.5
CHL_LEH_05,2023-08-19 22:00:00+00:00,0.0,0.0,0.045,0.24,15.1,41,692.1,2.3
CHL_LEH_05,2023-08-19 23:00:00+00:00,0.0,0.0,0.045,0.24,17.2,34,694.7,1.0
CHL_LEH_05,2023-08-20 00:00:00+00:00,0.0,0.0,0.046,0.24,18.0,33,695.5,0.5
CHL_LEH_05,2023-08-20 01:00:00+00:00,0.0,0.0,0.046,0.24,14.0,51,692.8,4.7
CHL_LEH_05,2023-08-20 02:00:00+00:00,0.0,0.0,0.047,0.239,18.1,40,696.8,1.9
CHL_LEH_05,2023-08-20 03:00:00+00:00,0.0,0.0,0.047,0.239,19.3,33,698.0,1.3
CHL_LEH_05,2023-08-20 04:00:00+00:00,0.0,0.0,0.046,0.239,20.4,32,698.4,0.8
CHL_LEH_05,2023-08-20 05:00:00+00:00,0.0,0.0,0.045,0.239,21.7,29,698.8,0.7
CHL_LEH_05,2023-08-20 06:00:00+00:00,0.0,0.0,0.043,0.239,22.8,26,698.7,0.4
CHL_LEH_05,2023-08-20 07:00:00+00:00,0.0,0.0,0.041,0.239,24.2,23,698.6,2.1
CHL_LEH_05,2023-08-20 08:00:00+00:00,0.0,0.0,0.039,0.238,25.1,22,698.2,2.3
CHL_LEH_05,2023-08-20 09:00:00+00:00,0.0,0.0,0.038,0.238,25.6,22,697.6,4.3
CHL_LEH_05,2023-08-20 10:00:00+00:00,0.0,0.0,0.037,0.238,25.7,22,697.2,3.2
CHL_LEH_05,2023-08-20 11:00:00+00:00,0.0,0.0,0.036,0.238,25.5,23,696.8,2.9
CHL_LEH_05,2023-08-20 12:00:00+00:00,0.0,0.0,0.036,0.238,24.2,24,696.7,4.1
CHL_LEH_05,2023-08-20 13:00:00+00:00,0.0,0.0,0.036,0.238,23.4,25,696.3,3.3
CHL_LEH_05,2023-08-20 14:00:00+00:00,0.0,0.0,0.036,0.237,21.5,34,695.3,5.2
CHL_LEH_05,2023-08-20 15:00:00+00:00,0.0,0.0,0.037,0.237,19.7,42,694.4,6.5
CHL_LEH_05,2023-08-20 16:00:00+00:00,0.0,0.0,0.037,0.237,18.8,43,693.8,5.1
CHL_LEH_05,2023-08-20 17:00:00+00:00,0.0,0.0,0.038,0.237,17.4,53,693.0,3.1
CHL_LEH_05,2023-08-20 18:00:00+00:00,0.0,0.0,0.038,0.237,16.7,50,692.7,5.0
CHL_LEH_05,2023-08-20 19:00:00+00:00,0.0,0.0,0.039,0.237,16.0,51,692.2,4.8
CHL_LEH_05,2023-08-20 20:00:00+00:00,0.0,0.0,0.039,0.237,17.9,41,693.9,1.5
CHL_LEH_05,2023-08-20 21:00:00+00:00,0.0,0.0,0.04,0.237,18.4,38,694.3,1.5
CHL_LEH_05,2023-08-20 22:00:00+00:00,0.0,0.0,0.04,0.236,15.7,47,691.9,5.6
CHL_LEH_05,2023-08-20 23:00:00+00:00,0.0,0.0,0.041,0.236,18.1,37,694.2,3.6
CHL_LEH_05,2023-08-21 00:00:00+00:00,0.0,0.0,0.041,0.236,18.2,39,694.7,1.3
CHL_LEH_05,2023-08-21 01:00:00+00:00,0.0,0.0,0.042,0.236,14.4,55,692.0,7.7
CHL_LEH_05,2023-08-21 02:00:00+00:00,0.0,0.0,0.042,0.236,18.5,41,695.9,3.8
CHL_LEH_05,2023-08-21 03:00:00+00:00,0.0,0.0,0.042,0.236,19.9,33,697.1,2.2
CHL_LEH_05,2023-08-21 04:00:00+00:00,0.0,0.0,0.042,0.236,21.2,31,697.6,2.2
CHL_LEH_05,2023-08-21 05:00:00+00:00,0.0,0.0,0.041,0.235,23.1,25,698.0,1.9
CHL_LEH_05,2023-08-21 06:00:00+00:00,0.0,0.0,0.039,0.235,24.7,19,697.8,0.4
CHL_LEH_05,2023-08-21 07:00:00+00:00,0.0,0.0,0.037,0.235,25.9,17,697.4,0.8
CHL_LEH_05,2023-08-21 08:00:00+00:00,0.0,0.0,0.036,0.235,26.9,16,697.1,3.3
CHL_LEH_05,2023-08-21 09:00:00+00:00,0.0,0.0,0.034,0.235,27.5,16,696.5,5.1
CHL_LEH_05,2023-08-21 10:00:00+00:00,0.0,0.0,0.034,0.235,27.8,17,696.0,7.6
CHL_LEH_05,2023-08-21 11:00:00+00:00,0.0,0.0,0.033,0.234,27.2,19,695.3,8.7
CHL_LEH_05,2023-08-21 12:00:00+00:00,0.0,0.0,0.033,0.234,27.5,19,695.4,6.1
CHL_LEH_05,2023-08-21 13:00:00+00:00,0.0,0.0,0.033,0.234,26.2,22,695.0,4.9
CHL_LEH_05,2023-08-21 14:00:00+00:00,0.0,0.0,0.034,0.234,25.1,21,695.1,3.4
CHL_LEH_05,2023-08-21 15:00:00+00:00,0.0,0.0,0.034,0.234,24.5,22,695.1,2.6
CHL_LEH_05,2023-08-21 16:00:00+00:00,0.0,0.0,0.035,0.234,21.4,36,693.2,4.8
CHL_LEH_05,2023-08-21 17:00:00+00:00,0.0,0.0,0.035,0.234,20.6,36,693.2,5.8
CHL_LEH_05,2023-08-21 18:00:00+00:00,0.0,0.0,0.036,0.234,19.5,38,692.6,4.9
CHL_LEH_05,2023-08-21 19:00:00+00:00,0.0,0.0,0.036,0.233,18.0,42,691.2,4.2
CHL_LEH_05,2023-08-21 20:00:00+00:00,0.0,0.0,0.036,0.233,18.2,40,691.6,3.1
CHL_LEH_05,2023-08-21 21:00:00+00:00,0.0,0.0,0.037,0.233,21.0,30,694.0,1.8
CHL_LEH_05,2023-08-21 22:00:00+00:00,0.0,0.0,0.037,0.233,20.5,31,693.9,3.3
CHL_LEH_05,2023-08-21 23:00:00+00:00,0.0,0.0,0.038,0.233,19.8,32,693.6,3.1
CHL_LEH_05,2023-08-22 00:00:00+00:00,0.0,0.0,0.038,0.233,19.3,35,693.6,2.9
CHL_LEH_05,2023-08-22 01:00:00+00:00,0.0,0.0,0.039,0.233,19.3,34,694.1,4.0
CHL_LEH_05,2023-08-22 02:00:00+00:00,0.0,0.0,0.039,0.233,19.3,41,694.5,2.8
CHL_LEH_05,2023-08-22 03:00:00+00:00,0.0,0.0,0.039,0.232,20.6,32,695.6,4.3
CHL_LEH_05,2023-08-22 04:00:00+00:00,0.0,0.0,0.039,0.232,21.9,31,696.0,3.1
CHL_LEH_05,2023-08-22 05:00:00+00:00,0.0,0.0,0.038,0.232,23.3,30,696.3,2.3
CHL_LEH_05,2023-08-22 06:00:00+00:00,0.0,0.0,0.037,0.232,24.7,26,696.0,1.9
CHL_LEH_05,2023-08-22 07:00:00+00:00,0.0,0.0,0.035,0.232,25.8,23,695.6,1.8
CHL_LEH_05,2023-08-22 08:00:00+00:00,0.0,0.0,0.034,0.232,27.0,21,695.2,5.4
CHL_LEH_05,2023-08-22 09:00:00+00:00,0.0,0.0,0.033,0.232,27.8,19,694.5,7.6
CHL_LEH_05,2023-08-22 10:00:00+00:00,0.0,0.0,0.033,0.231,27.6,19,693.6,3.9
CHL_LEH_05,2023-08-22 11:00:00+00:00,0.0,0.0,0.032,0.231,27.5,19,693.3,4.6
CHL_LEH_05,2023-08-22 12:00:00+00:00,0.0,0.0,0.032,0.231,26.2,19,693.4,5.5
CHL_LEH_05,2023-08-22 13:00:00+00:00,0.0,0.0,0.032,0.231,25.0,20,693.1,3.7
CHL_LEH_05,2023-08-22 14:00:00+00:00,0.0,0.0,0.033,0.231,22.7,30,692.1,5.4
CHL_LEH_05,2023-08-22 15:00:00+00:00,0.0,0.0,0.033,0.231,21.4,38,691.5,7.7
CHL_LEH_05,2023-08-22 16:00:00+00:00,0.0,0.0,0.033,0.231,23.2,24,693.4,3.6
CHL_LEH_05,2023-08-22 17:00:00+00:00,0.0,0.0,0.034,0.231,22.9,24,693.3,2.7
CHL_LEH_05,2023-08-22 18:00:00+00:00,0.0,0.0,0.034,0.231,21.9,27,692.9,1.8
CHL_LEH_05,2023-08-22 19:00:00+00:00,0.0,0.0,0.035,0.23,17.8,41,689.7,2.5
CHL_LEH_05,2023-08-22 20:00:00+00:00,0.0,0.0,0.035,0.23,17.5,41,689.4,1.8
CHL_LEH_05,2023-08-22 21:00:00+00:00,0.0,0.0,0.036,0.23,18.7,36,690.5,2.7
CHL_LEH_05,2023-08-22 22:00:00+00:00,0.0,0.0,0.036,0.23,16.4,43,688.7,1.5
CHL_LEH_05,2023-08-22 23:00:00+00:00,0.0,0.0,0.036,0.23,16.1,44,688.6,2.5
CHL_LEH_05,2023-08-23 00:00:00+00:00,0.0,0.0,0.037,0.23,18.9,34,690.9,1.9
CHL_LEH_05,2023-08-23 01:00:00+00:00,0.0,0.0,0.037,0.23,18.8,33,691.6,5.5
CHL_LEH_05,2023-08-23 02:00:00+00:00,0.0,0.0,0.038,0.23,19.1,46,692.2,0.8
CHL_LEH_05,2023-08-23 03:00:00+00:00,0.0,0.0,0.038,0.23,20.3,30,693.0,2.5
CHL_LEH_05,2023-08-23 04:00:00+00:00,0.0,0.0,0.038,0.229,21.6,29,693.2,1.4
CHL_LEH_05,2023-08-23 05:00:00+00:00,0.0,0.0,0.037,0.229,23.1,25,693.3,3.3
CHL_LEH_05,2023-08-23 06:00:00+00:00,0.0,0.0,0.036,0.229,24.2,23,693.4,2.5
CHL_LEH_05,2023-08-23 07:00:00+00:00,0.0,0.0,0.035,0.229,24.9,22,692.8,5.3
CHL_LEH_05,2023-08-23 08:00:00+00:00,0.0,0.0,0.033,0.229,26.5,19,692.6,8.7
CHL_LEH_05,2023-08-23 09:00:00+00:00,0.0,0.0,0.033,0.229,27.2,17,691.9,12.7
CHL_LEH_05,2023-08-23 10:00:00+00:00,0.0,0.0,0.032,0.229,27.3,16,691.1,13.7
CHL_LEH_05,2023-08-23 11:00:00+00:00,0.0,0.0,0.032,0.228,27.2,16,690.8,16.5
CHL_LEH_05,2023-08-23 12:00:00+00:00,0.0,0.0,0.032,0.228,25.7,15,690.5,9.8
CHL_LEH_05,2023-08-23 13:00:00+00:00,0.0,0.0,0.032,0.228,24.6,42,689.9,1.1
CHL_LEH_05,2023-08-23 14:00:00+00:00,0.0,0.0,0.032,0.228,21.7,28,687.9,7.5
CHL_LEH_05,2023-08-23 15:00:00+00:00,0.0,0.0,0.033,0.228,23.1,17,690.3,4.5
CHL_LEH_05,2023-08-23 16:00:00+00:00,0.0,0.0,0.033,0.228,19.2,34,688.1,9.8
CHL_LEH_05,2023-08-23 17:00:00+00:00,0.0,0.0,0.033,0.228,18.1,35,688.0,10.5
CHL_LEH_05,2023-08-23 18:00:00+00:00,0.0,0.0,0.034,0.228,17.1,40,687.8,10.7
CHL_LEH_05,2023-08-23 19:00:00+00:00,0.0,0.0,0.034,0.228,20.1,28,690.4,7.2
CHL_LEH_05,2023-08-23 20:00:00+00:00,0.0,0.0,0.035,0.228,19.5,30,689.8,3.2
CHL_LEH_05,2023-08-23 21:00:00+00:00,0.0,0.0,0.035,0.227,15.1,45,686.3,1.8
CHL_LEH_05,2023-08-23 22:00:00+00:00,0.0,0.0,0.036,0.227,14.2,46,685.9,2.6
CHL_LEH_05,2023-08-23 23:00:00+00:00,0.0,0.0,0.036,0.227,17.7,33,689.3,2.9
CHL_LEH_05,2023-08-24 00:00:00+00:00,0.0,0.0,0.036,0.227,17.0,38,688.6,0.8
CHL_LEH_05,2023-08-24 01:00:00+00:00,0.0,0.0,0.037,0.227,13.2,56,685.7,1.8
CHL_LEH_05,2023-08-24 02:00:00+00:00,0.0,0.0,0.037,0.227,17.5,37,689.9,3.9
CHL_LEH_05,2023-08-24 03:00:00+00:00,0.0,0.0,0.037,0.227,18.6,34,690.5,3.3
CHL_LEH_05,2023-08-24 04:00:00+00:00,0.0,0.0,0.037,0.227,19.8,30,690.9,5.5
CHL_LEH_05,2023-08-24 05:00:00+00:00,0.0,0.0,0.036,0.227,20.6,27,690.8,5.4
CHL_LEH_05,2023-08-24 06:00:00+00:00,0.0,0.0,0.036,0.227,21.4,26,690.4,5.0
CHL_LEH_05,2023-08-24 07:00:00+00:00,0.0,0.0,0.036,0.226,21.4,27,689.7,3.3
CHL_LEH_05,2023-08-24 08:00:00+00:00,0.0,0.0,0.035,0.226,22.2,27,689.4,2.2
CHL_LEH_05,2023-08-24 09:00:00+00:00,0.0,0.0,0.034,0.226,22.3,27,688.8,2.8
CHL_LEH_05,2023-08-24 10:00:00+00:00,0.0,0.0,0.034,0.226,22.9,26,688.3,4.0
CHL_LEH_05,2023-08-24 11:00:00+00:00,0.0,0.0,0.034,0.226,21.6,31,688.2,12.6
CHL_LEH_05,2023-08-24 12:00:00+00:00,0.0,0.0,0.033,0.226,21.3,26,688.7,8.9
CHL_LEH_05,2023-08-24 13:00:00+00:00,0.0,0.0,0.033,0.226,20.5,27,688.7,7.5
CHL_LEH_05,2023-08-24 14:00:00+00:00,0.0,0.0,0.034,0.226,19.0,32,688.7,9.2
CHL_LEH_05,2023-08-24 15:00:00+00:00,0.0,0.0,0.034,0.226,17.6,40,688.8,4.7
CHL_LEH_05,2023-08-24 16:00:00+00:00,0.0,0.0,0.034,0.225,16.7,48,689.1,2.8
CHL_LEH_05,2023-08-24 17:00:00+00:00,0.0,0.0,0.035,0.225,15.1,56,688.9,2.4
CHL_LEH_05,2023-08-24 18:00:00+00:00,0.0,0.0,0.035,0.225,13.9,64,688.6,2.6
CHL_LEH_05,2023-08-24 19:00:00+00:00,0.0,0.0,0.035,0.225,13.2,64,687.9,3.8
CHL_LEH_05,2023-08-24 20:00:00+00:00,0.0,0.0,0.036,0.225,13.3,57,688.0,2.7
CHL_LEH_05,2023-08-24 21:00:00+00:00,0.0,0.0,0.036,0.225,12.9,69,687.7,2.9
CHL_LEH_05,2023-08-24 22:00:00+00:00,0.1,0.1,0.038,0.225,12.0,64,687.4,2.3
CHL_LEH_05,2023-08-24 23:00:00+00:00,0.7,0.7,0.046,0.225,10.8,77,686.9,2.9
CHL_LEH_05,2023-08-25 00:00:00+00:00,0.2,0.2,0.069,0.224,12.0,69,686.6,5.1
CHL_LEH_05,2023-08-25 01:00:00+00:00,0.0,0.0,0.07,0.224,11.5,74,687.1,4.6
CHL_LEH_05,2023-08-25 02:00:00+00:00,0.0,0.0,0.07,0.224,12.6,65,688.6,4.8
CHL_LEH_05,2023-08-25 03:00:00+00:00,0.0,0.0,0.069,0.224,13.2,55,689.3,2.0
CHL_LEH_05,2023-08-25 04:00:00+00:00,0.0,0.0,0.069,0.224,14.3,50,689.5,2.6
CHL_LEH_05,2023-08-25 05:00:00+00:00,0.0,0.0,0.067,0.224,16.5,42,689.9,1.1
CHL_LEH_05,2023-08-25 06:00:00+00:00,0.7,0.7,0.072,0.224,17.3,41,689.7,2.5
CHL_LEH_05,2023-08-25 07:00:00+00:00,0.0,0.0,0.071,0.224,17.9,40,689.6,1.9
CHL_LEH_05,2023-08-25 08:00:00+00:00,0.0,0.0,0.069,0.224,19.0,36,689.3,3.4
CHL_LEH_05,2023-08-25 09:00:00+00:00,0.0,0.0,0.067,0.223,19.2,35,688.8,3.3
CHL_LEH_05,2023-08-25 10:00:00+00:00,0.2,0.2,0.067,0.223,19.4,37,688.6,4.0
CHL_LEH_05,2023-08-25 11:00:00+00:00,0.0,0.0,0.065,0.223,20.5,32,688.8,8.6
CHL_LEH_05,2023-08-25 12:00:00+00:00,0.0,0.0,0.061,0.222,17.1,41,689.2,1.1
CHL_LEH_05,2023-08-25 13:00:00+00:00,0.0,0.0,0.061,0.222,17.0,40,688.8,4.5
CHL_LEH_05,2023-08-25 14:00:00+00:00,0.0,0.0,0.061,0.222,14.0,55,688.6,7.2
CHL_LEH_05,2023-08-25 15:00:00+00:00,0.3,0.3,0.064,0.222,12.1,68,689.2,1.9
CHL_LEH_05,2023-08-25 16:00:00+00:00,0.1,0.1,0.065,0.222,11.0,71,689.3,0.4
CHL_LEH_05,2023-08-25 17:00:00+00:00,0.0,0.0,0.066,0.222,10.2,75,689.2,1.8
CHL_LEH_05,2023-08-25 18:00:00+00:00,0.1,0.1,0.067,0.222,10.1,71,689.2,3.3
CHL_LEH_05,2023-08-25 19:00:00+00:00,0.2,0.2,0.069,0.221,9.7,70,689.0,3.1
CHL_LEH_05,2023-08-25 20:00:00+00:00,0.2,0.2,0.072,0.221,8.9,80,688.2,3.4
CHL_LEH_05,2023-08-25 21:00:00+00:00,0.2,0.2,0.074,0.221,9.0,74,688.2,3.6
CHL_LEH_05,2023-08-25 22:00:00+00:00,0.0,0.0,0.075,0.221,9.4,75,688.2,3.2
CHL_LEH_05,2023-08-25 23:00:00+00:00,0.1,0.1,0.076,0.221,9.1,73,688.2,2.8
CHL_LEH_05,2023-08-26 00:00:00+00:00,0.0,0.0,0.105,0.231,11.4,59,688.8,1.9
CHL_LEH_05,2023-08-26 01:00:00+00:00,0.1,0.1,0.106,0.23,10.6,67,688.8,3.9
CHL_LEH_05,2023-08-26 02:00:00+00:00,0.0,0.0,0.106,0.23,11.7,55,689.7,1.8
CHL_LEH_05,2023-08-26 03:00:00+00:00,0.1,0.1,0.107,0.23,11.9,57,689.5,1.6
CHL_LEH_05,2023-08-26 04:00:00+00:00,0.1,0.1,0.107,0.23,13.4,55,690.3,3.3
CHL_LEH_05,2023-08-26 05:00:00+00:00,0.1,0.1,0.106,0.23,15.0,47,690.7,6.4
CHL_LEH_05,2023-08-26 06:00:00+00:00,0.0,0.0,0.104,0.23,15.2,44,690.2,9.2
CHL_LEH_05,2023-08-26 07:00:00+00:00,0.0,0.0,0.102,0.23,15.7,45,690.4,8.5
CHL_LEH_05,2023-08-26 08:00:00+00:00,0.1,0.1,0.101,0.23,15.7,43,689.9,6.8
CHL_LEH_05,2023-08-26 09:00:00+00:00,1.6,1.6,0.116,0.23,15.8,53,689.6,3.6
CHL_LEH_05,2023-08-26 10:00:00+00:00,0.5,0.5,0.119,0.23,17.3,45,689.6,4.8
CHL_LEH_05,2023-08-26 11:00:00+00:00,0.0,0.0,0.117,0.23,17.8,40,689.3,7.5
CHL_LEH_05,2023-08-26 12:00:00+00:00,0.0,0.0,0.119,0.231,12.9,65,689.0,3.6
CHL_LEH_05,2023-08-26 13:00:00+00:00,0.9,0.9,0.129,0.231,12.4,66,688.7,5.4
CHL_LEH_05,2023-08-26 14:00:00+00:00,1.0,1.0,0.14,0.231,12.1,67,689.1,0.8
CHL_LEH_05,2023-08-26 15:00:00+00:00,0.4,0.4,0.145,0.231,11.2,73,689.1,4.7
CHL_LEH_05,2023-08-26 16:00:00+00:00,0.0,0.0,0.145,0.231,10.1,79,689.1,3.3
CHL_LEH_05,2023-08-26 17:00:00+00:00,1.8,1.8,0.166,0.231,9.9,74,689.7,2.2
CHL_LEH_05,2023-08-26 18:00:00+00:00,0.2,0.2,0.168,0.231,9.6,66,689.5,1.9
CHL_LEH_05,2023-08-26 19:00:00+00:00,0.0,0.0,0.168,0.231,9.6,63,689.2,4.1
CHL_LEH_05,2023-08-26 20:00:00+00:00,0.0,0.0,0.169,0.231,10.1,57,689.2,3.1
CHL_LEH_05,2023-08-26 21:00:00+00:00,0.1,0.1,0.169,0.231,9.8,58,688.9,4.5
CHL_LEH_05,2023-08-26 22:00:00+00:00,1.0,1.0,0.182,0.231,9.3,61,688.6,4.1
CHL_LEH_05,2023-08-26 23:00:00+00:00,1.1,1.0,0.193,0.231,9.2,61,688.6,3.6
CHL_LEH_05,2023-08-27 00:00:00+00:00,1.0,1.0,0.184,0.232,9.5,61,688.6,2.9
CHL_LEH_05,2023-08-27 01:00:00+00:00,0.7,0.7,0.192,0.232,8.3,68,687.9,4.8
CHL_LEH_05,2023-08-27 02:00:00+00:00,0.3,0.3,0.196,0.233,9.7,60,689.4,3.9
CHL_LEH_05,2023-08-27 03:00:00+00:00,0.1,0.1,0.197,0.233,10.4,60,690.0,3.7
CHL_LEH_05,2023-08-27 04:00:00+00:00,0.2,0.2,0.199,0.233,10.7,61,690.1,2.8
CHL_LEH_05,2023-08-27 05:00:00+00:00,0.1,0.1,0.199,0.233,11.7,59,690.2,3.2
CHL_LEH_05,2023-08-27 06:00:00+00:00,0.0,0.0,0.195,0.233,13.3,57,690.2,3.4
CHL_LEH_05,2023-08-27 07:00:00+00:00,0.2,0.2,0.193,0.233,14.3,53,689.9,3.7
CHL_LEH_05,2023-08-27 08:00:00+00:00,0.0,0.0,0.188,0.233,15.6,45,689.6,4.2
CHL_LEH_05,2023-08-27 09:00:00+00:00,0.0,0.0,0.183,0.233,16.5,41,688.8,4.3
CHL_LEH_05,2023-08-27 10:00:00+00:00,0.0,0.0,0.179,0.233,17.1,38,688.2,3.4
CHL_LEH_05,2023-08-27 11:00:00+00:00,0.0,0.0,0.176,0.232,17.2,35,687.8,1.3
CHL_LEH_05,2023-08-27 12:00:00+00:00,0.0,0.0,0.178,0.23,16.1,36,688.1,2.9
CHL_LEH_05,2023-08-27 13:00:00+00:00,0.0,0.0,0.177,0.23,15.5,35,687.8,2.1
CHL_LEH_05,2023-08-27 14:00:00+00:00,0.0,0.0,0.177,0.23,12.1,63,685.9,6.5
CHL_LEH_05,2023-08-27 15:00:00+00:00,0.0,0.0,0.177,0.23,11.6,65,686.1,8.7
CHL_LEH_05,2023-08-27 16:00:00+00:00,0.0,0.0,0.177,0.23,13.9,39,688.5,6.1
CHL_LEH_05,2023-08-27 17:00:00+00:00,0.0,0.0,0.178,0.23,13.7,38,688.6,6.4
CHL_LEH_05,2023-08-27 18:00:00+00:00,0.0,0.0,0.178,0.23,13.5,38,688.3,2.3
CHL_LEH_05,2023-08-27 19:00:00+00:00,0.0,0.0,0.178,0.231,10.2,63,685.3,6.6
CHL_LEH_05,2023-08-27 20:00:00+00:00,0.1,0.1,0.179,0.231,9.5,74,684.7,5.6
CHL_LEH_05,2023-08-27 21:00:00+00:00,0.0,0.0,0.179,0.231,9.4,77,684.6,3.6
CHL_LEH_05,2023-08-27 22:00:00+00:00,0.0,0.0,0.179,0.231,8.9,80,684.0,2.3
CHL_LEH_05,2023-08-27 23:00:00+00:00,0.1,0.1,0.18,0.231,8.5,78,684.0,1.3
CHL_LEH_05,2023-08-28 00:00:00+00:00,0.0,0.0,0.19,0.233,9.4,73,686.2,4.2
CHL_LEH_05,2023-08-28 01:00:00+00:00,0.9,0.7,0.197,0.233,8.8,75,686.3,4.6
CHL_LEH_05,2023-08-28 02:00:00+00:00,0.0,0.0,0.197,0.233,9.8,71,687.3,1.5
CHL_LEH_05,2023-08-28 03:00:00+00:00,0.0,0.0,0.197,0.233,11.4,54,688.6,1.8
CHL_LEH_05,2023-08-28 04:00:00+00:00,0.4,0.4,0.202,0.233,11.6,54,689.0,2.5
CHL_LEH_05,2023-08-28 05:00:00+00:00,0.3,0.3,0.204,0.233,12.8,51,689.4,2.7
CHL_LEH_05,2023-08-28 06:00:00+00:00,0.0,0.0,0.2,0.233,14.9,46,689.8,3.4
CHL_LEH_05,2023-08-28 07:00:00+00:00,0.0,0.0,0.195,0.233,16.4,40,689.8,6.5
CHL_LEH_05,2023-08-28 08:00:00+00:00,0.2,0.2,0.193,0.233,16.6,35,689.2,10.4
CHL_LEH_05,2023-08-28 09:00:00+00:00,0.0,0.0,0.189,0.233,17.2,33,688.8,10.8
CHL_LEH_05,2023-08-28 10:00:00+00:00,0.0,0.0,0.184,0.233,17.3,31,688.3,10.6
CHL_LEH_05,2023-08-28 11:00:00+00:00,0.0,0.0,0.181,0.233,16.6,35,688.1,10.4
CHL_LEH_05,2023-08-28 12:00:00+00:00,0.0,0.0,0.203,0.231,16.2,37,688.6,13.7
CHL_LEH_05,2023-08-28 13:00:00+00:00,0.0,0.0,0.202,0.231,13.9,52,687.7,5.8
CHL_LEH_05,2023-08-28 14:00:00+00:00,0.0,0.0,0.202,0.231,12.1,61,687.2,5.2
CHL_LEH_05,2023-08-28 15:00:00+00:00,0.0,0.0,0.201,0.231,11.6,66,687.4,4.9
CHL_LEH_05,2023-08-28 16:00:00+00:00,0.0,0.0,0.201,0.231,10.6,70,686.9,6.1
CHL_LEH_05,2023-08-28 17:00:00+00:00,0.0,0.0,0.202,0.231,9.8,68,686.7,8.4
CHL_LEH_05,2023-08-28 18:00:00+00:00,0.0,0.0,0.202,0.232,10.1,62,687.1,4.2
CHL_LEH_05,2023-08-28 19:00:00+00:00,0.0,0.0,0.202,0.232,9.1,65,686.2,3.3
CHL_LEH_05,2023-08-28 20:00:00+00:00,0.0,0.0,0.202,0.232,11.7,50,688.9,1.5
CHL_LEH_05,2023-08-28 21:00:00+00:00,0.0,0.0,0.202,0.232,11.2,52,689.1,4.1
CHL_LEH_05,2023-08-28 22:00:00+00:00,1.6,1.6,0.219,0.232,6.8,79,686.6,3.1
CHL_LEH_05,2023-08-28 23:00:00+00:00,0.6,0.6,0.226,0.232,8.3,72,688.6,0.5
CHL_LEH_05,2023-08-29 00:00:00+00:00,0.1,0.1,0.206,0.232,8.1,76,688.9,4.0
CHL_LEH_05,2023-08-29 01:00:00+00:00,1.7,1.3,0.222,0.232,5.3,89,687.3,2.3
CHL_LEH_05,2023-08-29 02:00:00+00:00,0.2,0.2,0.224,0.232,8.5,73,690.6,5.0
CHL_LEH_05,2023-08-29 03:00:00+00:00,0.2,0.2,0.226,0.232,10.1,63,691.9,4.7
CHL_LEH_05,2023-08-29 04:00:00+00:00,0.0,0.0,0.226,0.232,10.5,66,692.1,3.6
CHL_LEH_05,2023-08-29 05:00:00+00:00,0.1,0.1,0.225,0.232,11.9,58,692.5,2.9
CHL_LEH_05,2023-08-29 06:00:00+00:00,0.0,0.0,0.22,0.232,14.2,48,693.0,4.3
CHL_LEH_05,2023-08-29 07:00:00+00:00,0.2,0.2,0.217,0.232,15.8,37,693.0,3.7
CHL_LEH_05,2023-08-29 08:00:00+00:00,0.0,0.0,0.212,0.232,16.6,33,692.9,8.0
CHL_LEH_05,2023-08-29 09:00:00+00:00,0.0,0.0,0.207,0.232,16.9,28,692.3,7.3
CHL_LEH_05,2023-08-29 10:00:00+00:00,0.0,0.0,0.202,0.232,17.0,27,692.1,4.1
CHL_LEH_05,2023-08-29 11:00:00+00:00,0.0,0.0,0.199,0.232,16.9,26,692.0,0.0
CHL_LEH_05,2023-08-29 12:00:00+00:00,0.0,0.0,0.181,0.234,16.6,26,692.1,3.3
CHL_LEH_05,2023-08-29 13:00:00+00:00,0.0,0.0,0.18,0.234,14.2,51,690.6,5.8
CHL_LEH_05,2023-08-29 14:00:00+00:00,0.0,0.0,0.18,0.234,12.0,52,689.3,10.2
CHL_LEH_05,2023-08-29 15:00:00+00:00,0.0,0.0,0.18,0.234,10.9,55,689.1,7.4
CHL_LEH_05,2023-08-29 16:00:00+00:00,0.0,0.0,0.18,0.234,10.3,56,689.2,7.0
CHL_LEH_05,2023-08-29 17:00:00+00:00,0.0,0.0,0.18,0.234,9.8,54,689.2,8.4
CHL_LEH_05,2023-08-29 18:00:00+00:00,0.0,0.0,0.18,0.234,9.7,49,689.4,9.2
CHL_LEH_05,2023-08-29 19:00:00+00:00,0.0,0.0,0.18,0.234,9.9,44,689.7,8.1
CHL_LEH_05,2023-08-29 20:00:00+00:00,0.0,0.0,0.18,0.234,10.5,39,690.4,6.9
CHL_LEH_05,2023-08-29 21:00:00+00:00,0.0,0.0,0.18,0.234,10.9,36,691.1,6.9
CHL_LEH_05,2023-08-29 22:00:00+00:00,0.0,0.0,0.181,0.234,11.8,31,692.4,7.7
CHL_LEH_05,2023-08-29 23:00:00+00:00,0.0,0.0,0.181,0.234,11.7,30,692.8,5.2
CHL_LEH_05,2023-08-30 00:00:00+00:00,0.0,0.0,0.18,0.235,11.1,33,693.1,3.7
CHL_LEH_05,2023-08-30 01:00:00+00:00,0.0,0.0,0.181,0.235,8.9,43,692.0,8.2
CHL_LEH_05,2023-08-30 02:00:00+00:00,0.0,0.0,0.18,0.235,11.2,45,694.5,5.4
CHL_LEH_05,2023-08-30 03:00:00+00:00,0.0,0.0,0.179,0.235,12.5,36,696.0,3.0
CHL_LEH_05,2023-08-30 04:00:00+00:00,0.0,0.0,0.177,0.235,13.8,36,696.7,4.2
CHL_LEH_05,2023-08-30 05:00:00+00:00,0.0,0.0,0.173,0.235,15.4,33,697.1,3.9
CHL_LEH_05,2023-08-30 06:00:00+00:00,0.0,0.0,0.168,0.234,16.9,29,697.2,3.7
CHL_LEH_05,2023-08-30 07:00:00+00:00,0.0,0.0,0.162,0.234,18.4,26,697.0,3.9
CHL_LEH_05,2023-08-30 08:00:00+00:00,0.0,0.0,0.156,0.234,19.7,21,696.8,3.8
CHL_LEH_05,2023-08-30 09:00:00+00:00,0.0,0.0,0.151,0.234,20.6,17,696.4,4.3
CHL_LEH_05,2023-08-30 10:00:00+00:00,0.0,0.0,0.146,0.234,21.1,15,696.0,5.1
CHL_LEH_05,2023-08-30 11:00:00+00:00,0.0,0.0,0.143,0.234,21.0,16,695.7,4.6
CHL_LEH_05,2023-08-30 12:00:00+00:00,0.0,0.0,0.14,0.235,19.8,16,695.2,5.9
CHL_LEH_05,2023-08-30 13:00:00+00:00,0.0,0.0,0.14,0.235,19.3,11,695.2,5.5
CHL_LEH_05,2023-08-30 14:00:00+00:00,0.0,0.0,0.14,0.235,12.9,40,690.3,11.0
CHL_LEH_05,2023-08-30 15:00:00+00:00,0.0,0.0,0.141,0.235,11.1,48,689.4,9.4
CHL_LEH_05,2023-08-30 16:00:00+00:00,0.0,0.0,0.141,0.235,13.3,35,692.0,7.1
CHL_LEH_05,2023-08-30 17:00:00+00:00,0.0,0.0,0.141,0.235,15.8,22,694.7,6.9
CHL_LEH_05,2023-08-30 18:00:00+00:00,0.0,0.0,0.141,0.235,16.1,17,695.0,4.7
CHL_LEH_05,2023-08-30 19:00:00+00:00,0.0,0.0,0.141,0.235,15.6,18,694.6,1.5
CHL_LEH_05,2023-08-30 20:00:00+00:00,0.0,0.0,0.142,0.235,15.0,21,694.4,0.8
CHL_LEH_05,2023-08-30 21:00:00+00:00,0.0,0.0,0.142,0.235,12.3,24,692.0,9.9
CHL_LEH_05,2023-08-30 22:00:00+00:00,0.0,0.0,0.142,0.234,14.1,15,693.6,4.6
CHL_LEH_05,2023-08-30 23:00:00+00:00,0.0,0.0,0.142,0.234,13.8,16,693.7,2.7
CHL_LEH_05,2023-08-31 00:00:00+00:00,0.0,0.0,0.14,0.234,13.4,21,694.0,2.9
CHL_LEH_05,2023-08-31 01:00:00+00:00,0.0,0.0,0.14,0.234,13.2,22,694.6,4.6
CHL_LEH_05,2023-08-31 02:00:00+00:00,0.0,0.0,0.14,0.234,13.0,44,695.1,3.6
CHL_LEH_05,2023-08-31 03:00:00+00:00,0.0,0.0,0.139,0.234,15.4,22,697.2,5.5
CHL_LEH_05,2023-08-31 04:00:00+00:00,0.0,0.0,0.137,0.234,16.5,22,697.9,4.3
CHL_LEH_05,2023-08-31 05:00:00+00:00,0.0,0.0,0.133,0.234,18.1,21,698.3,2.3
CHL_LEH_05,2023-08-31 06:00:00+00:00,0.0,0.0,0.129,0.234,19.7,17,698.2,0.7
CHL_LEH_05,2023-08-31 07:00:00+00:00,0.0,0.0,0.123,0.234,21.1,15,698.1,1.0
CHL_LEH_05,2023-08-31 08:00:00+00:00,0.0,0.0,0.118,0.234,22.2,13,697.7,1.6
CHL_LEH_05,2023-08-31 09:00:00+00:00,0.0,0.0,0.113,0.234,22.8,13,697.2,2.9
CHL_LEH_05,2023-08-31 10:00:00+00:00,0.0,0.0,0.109,0.234,22.9,13,696.7,3.7
CHL_LEH_05,2023-08-31 11:00:00+00:00,0.0,0.0,0.106,0.234,22.6,13,696.2,3.3
CHL_LEH_05,2023-08-31 12:00:00+00:00,0.0,0.0,0.102,0.233,21.9,13,696.0,2.3
CHL_LEH_05,2023-08-31 13:00:00+00:00,0.0,0.0,0.102,0.233,18.4,39,693.5,7.4
CHL_LEH_05,2023-08-31 14:00:00+00:00,0.0,0.0,0.102,0.232,19.3,18,694.8,7.9
CHL_LEH_05,2023-08-31 15:00:00+00:00,0.0,0.0,0.103,0.232,17.5,25,694.1,6.9
CHL_LEH_05,2023-08-31 16:00:00+00:00,0.0,0.0,0.103,0.232,15.0,36,692.2,6.1
CHL_LEH_05,2023-08-31 17:00:00+00:00,0.0,0.0,0.103,0.232,15.3,32,692.7,4.4
CHL_LEH_05,2023-08-31 18:00:00+00:00,0.0,0.0,0.103,0.232,17.0,24,694.6,2.3
CHL_LEH_05,2023-08-31 19:00:00+00:00,0.0,0.0,0.104,0.232,18.7,18,696.1,0.5
CHL_LEH_05,2023-08-31 20:00:00+00:00,0.0,0.0,0.104,0.232,18.4,19,695.7,2.1
CHL_LEH_05,2023-08-31 21:00:00+00:00,0.0,0.0,0.104,0.232,17.9,19,695.5,2.5
CHL_LEH_05,2023-08-31 22:00:00+00:00,0.0,0.0,0.104,0.232,17.4,20,695.4,2.3
CHL_LEH_05,2023-08-31 23:00:00+00:00,0.0,0.0,0.105,0.232,16.8,21,695.3,0.5
