station_id,datetime_utc,precipitation,rain,soil_moisture_0_to_7cm,soil_moisture_7_to_28cm,temperature_2m,relative_humidity_2m,surface_pressure,wind_speed_10m
KHL_ZAN_03,2023-06-01 00:00:00+00:00,0.0,0.0,0.384,0.321,6.6,75,693.3,1.1
KHL_ZAN_03,2023-06-01 01:00:00+00:00,0.0,0.0,0.381,0.322,7.1,70,694.0,1.1
KHL_ZAN_03,2023-06-01 02:00:00+00:00,0.0,0.0,0.38,0.322,8.0,60,694.8,2.1
KHL_ZAN_03,2023-06-01 03:00:00+00:00,0.0,0.0,0.382,0.323,9.4,53,695.5,2.9
KHL_ZAN_03,2023-06-01 04:00:00+00:00,0.0,0.0,0.385,0.324,10.3,48,695.9,4.0
KHL_ZAN_03,2023-06-01 05:00:00+00:00,0.0,0.0,0.388,0.325,11.1,49,696.1,4.5
KHL_ZAN_03,2023-06-01 06:00:00+00:00,0.0,0.0,0.391,0.325,11.5,52,696.3,5.2
KHL_ZAN_03,2023-06-01 07:00:00+00:00,0.0,0.0,0.393,0.326,12.1,55,696.2,4.0
KHL_ZAN_03,2023-06-01 08:00:00+00:00,0.1,0.1,0.394,0.328,12.8,55,696.0,4.7
KHL_ZAN_03,2023-06-01 09:00:00+00:00,0.0,0.0,0.391,0.329,12.6,49,695.4,3.3
KHL_ZAN_03,2023-06-01 10:00:00+00:00,0.0,0.0,0.389,0.329,11.3,58,695.1,6.1
KHL_ZAN_03,2023-06-01 11:00:00+00:00,2.7,0.7,0.396,0.33,8.2,78,694.8,5.8
KHL_ZAN_03,2023-06-01 12:00:00+00:00,0.9,0.7,0.4,0.331,7.5,80,694.3,4.6
KHL_ZAN_03,2023-06-01 13:00:00+00:00,1.5,0.7,0.405,0.333,6.6,87,694.2,3.6
KHL_ZAN_03,2023-06-01 14:00:00+00:00,1.5,0.6,0.407,0.335,5.9,90,694.4,2.2
KHL_ZAN_03,2023-06-01 15:00:00+00:00,1.5,0.8,0.41,0.337,5.4,91,694.4,1.6
KHL_ZAN_03,2023-06-01 16:00:00+00:00,3.3,0.7,0.412,0.339,5.0,95,694.3,1.8
KHL_ZAN_03,2023-06-01 17:00:00+00:00,2.4,0.5,0.412,0.341,4.8,97,694.3,1.0
KHL_ZAN_03,2023-06-01 18:00:00+00:00,1.4,0.5,0.411,0.343,4.8,95,694.2,0.7
KHL_ZAN_03,2023-06-01 19:00:00+00:00,0.9,0.2,0.408,0.345,3.9,91,693.1,4.0
KHL_ZAN_03,2023-06-01 20:00:00+00:00,0.3,0.1,0.403,0.346,3.6,89,692.1,4.7
KHL_ZAN_03,2023-06-01 21:00:00+00:00,0.1,0.0,0.399,0.348,3.3,82,691.5,6.5
KHL_ZAN_03,2023-06-01 22:00:00+00:00,0.1,0.0,0.396,0.348,3.3,77,691.3,6.5
KHL_ZAN_03,2023-06-01 23:00:00+00:00,1.0,0.0,0.393,0.349,2.5,84,691.2,6.8
KHL_ZAN_03,2023-06-02 00:00:00+00:00,0.1,0.0,0.391,0.349,0.4,78,689.6,7.2
KHL_ZAN_03,2023-06-02 01:00:00+00:00,0.0,0.0,0.388,0.35,1.3,74,690.8,7.6
KHL_ZAN_03,2023-06-02 02:00:00+00:00,0.0,0.0,0.386,0.35,3.1,71,692.5,6.5
KHL_ZAN_03,2023-06-02 03:00:00+00:00,0.0,0.0,0.384,0.351,4.1,78,693.4,3.3
KHL_ZAN_03,2023-06-02 04:00:00+00:00,0.0,0.0,0.388,0.351,5.1,77,694.3,1.8
KHL_ZAN_03,2023-06-02 05:00:00+00:00,0.1,0.0,0.398,0.351,5.7,66,694.8,1.4
KHL_ZAN_03,2023-06-02 06:00:00+00:00,0.2,0.0,0.41,0.352,5.8,79,694.6,2.7
KHL_ZAN_03,2023-06-02 07:00:00+00:00,0.2,0.0,0.418,0.354,5.8,80,694.5,2.6
KHL_ZAN_03,2023-06-02 08:00:00+00:00,0.1,0.0,0.423,0.357,5.8,83,694.2,2.9
KHL_ZAN_03,2023-06-02 09:00:00+00:00,0.3,0.1,0.424,0.361,5.5,87,694.0,3.6
KHL_ZAN_03,2023-06-02 10:00:00+00:00,0.5,0.2,0.424,0.364,5.8,82,694.1,2.3
KHL_ZAN_03,2023-06-02 11:00:00+00:00,0.2,0.1,0.423,0.367,5.7,84,693.7,3.3
KHL_ZAN_03,2023-06-02 12:00:00+00:00,0.0,0.0,0.418,0.37,7.4,70,694.4,3.4
KHL_ZAN_03,2023-06-02 13:00:00+00:00,0.0,0.0,0.412,0.372,7.3,67,694.4,3.9
KHL_ZAN_03,2023-06-02 14:00:00+00:00,0.0,0.0,0.408,0.372,6.7,69,694.4,3.7
KHL_ZAN_03,2023-06-02 15:00:00+00:00,0.0,0.0,0.404,0.373,5.7,71,693.7,5.7
KHL_ZAN_03,2023-06-02 16:00:00+00:00,0.0,0.0,0.402,0.373,4.2,75,692.9,6.3
KHL_ZAN_03,2023-06-02 17:00:00+00:00,0.2,0.0,0.399,0.373,5.3,75,694.6,4.5
KHL_ZAN_03,2023-06-02 18:00:00+00:00,0.0,0.0,0.397,0.374,5.0,76,694.4,2.1
KHL_ZAN_03,2023-06-02 19:00:00+00:00,0.0,0.0,0.395,0.374,4.4,81,694.1,1.8
KHL_ZAN_03,2023-06-02 20:00:00+00:00,0.1,0.0,0.393,0.373,3.8,86,693.3,1.8
KHL_ZAN_03,2023-06-02 21:00:00+00:00,0.1,0.0,0.392,0.373,3.7,86,692.8,2.3
KHL_ZAN_03,2023-06-02 22:00:00+00:00,1.0,0.0,0.39,0.373,3.4,86,692.7,2.9
KHL_ZAN_03,2023-06-02 23:00:00+00:00,0.6,0.0,0.389,0.373,3.1,80,692.7,3.8
KHL_ZAN_03,2023-06-03 00:00:00+00:00,0.0,0.0,0.388,0.372,3.1,74,693.2,4.3
KHL_ZAN_03,2023-06-03 01:00:00+00:00,0.6,0.0,0.387,0.372,3.1,72,693.8,4.1
KHL_ZAN_03,2023-06-03 02:00:00+00:00,0.1,0.0,0.385,0.372,3.5,72,694.3,2.8
KHL_ZAN_03,2023-06-03 03:00:00+00:00,0.0,0.0,0.384,0.372,4.6,78,695.3,1.9
KHL_ZAN_03,2023-06-03 04:00:00+00:00,0.1,0.0,0.392,0.371,5.6,80,695.7,2.7
KHL_ZAN_03,2023-06-03 05:00:00+00:00,0.0,0.0,0.404,0.372,6.4,80,696.1,3.2
KHL_ZAN_03,2023-06-03 06:00:00+00:00,0.0,0.0,0.414,0.372,7.1,76,696.3,4.5
KHL_ZAN_03,2023-06-03 07:00:00+00:00,0.0,0.0,0.421,0.374,7.4,75,696.5,4.2
KHL_ZAN_03,2023-06-03 08:00:00+00:00,0.0,0.0,0.425,0.376,7.8,72,696.4,5.0
KHL_ZAN_03,2023-06-03 09:00:00+00:00,0.0,0.0,0.424,0.379,9.7,57,698.2,4.5
KHL_ZAN_03,2023-06-03 10:00:00+00:00,0.0,0.0,0.422,0.381,9.8,53,698.1,2.9
KHL_ZAN_03,2023-06-03 11:00:00+00:00,0.2,0.1,0.419,0.383,9.1,54,698.0,4.6
KHL_ZAN_03,2023-06-03 12:00:00+00:00,0.0,0.0,0.414,0.382,9.1,51,697.9,4.5
KHL_ZAN_03,2023-06-03 13:00:00+00:00,0.0,0.0,0.409,0.382,8.6,53,698.2,3.8
KHL_ZAN_03,2023-06-03 14:00:00+00:00,0.0,0.0,0.406,0.383,7.1,71,697.0,5.6
KHL_ZAN_03,2023-06-03 15:00:00+00:00,0.0,0.0,0.403,0.383,6.2,72,696.7,6.4
KHL_ZAN_03,2023-06-03 16:00:00+00:00,0.0,0.0,0.401,0.383,5.4,74,696.5,7.0
KHL_ZAN_03,2023-06-03 17:00:00+00:00,0.0,0.0,0.399,0.382,4.6,77,695.9,6.5
KHL_ZAN_03,2023-06-03 18:00:00+00:00,0.0,0.0,0.398,0.382,3.7,78,695.4,6.1
KHL_ZAN_03,2023-06-03 19:00:00+00:00,0.0,0.0,0.396,0.382,3.0,77,695.0,6.1
KHL_ZAN_03,2023-06-03 20:00:00+00:00,0.0,0.0,0.395,0.382,2.6,77,694.7,5.8
KHL_ZAN_03,2023-06-03 21:00:00+00:00,0.0,0.0,0.393,0.381,2.3,75,694.6,5.1
KHL_ZAN_03,2023-06-03 22:00:00+00:00,0.0,0.0,0.392,0.381,1.8,75,694.5,5.1
KHL_ZAN_03,2023-06-03 23:00:00+00:00,0.0,0.0,0.391,0.38,1.3,73,694.3,5.8
KHL_ZAN_03,2023-06-04 00:00:00+00:00,0.0,0.0,0.39,0.38,1.4,66,695.4,5.4
KHL_ZAN_03,2023-06-04 01:00:00+00:00,0.0,0.0,0.389,0.379,3.1,65,697.6,3.6
KHL_ZAN_03,2023-06-04 02:00:00+00:00,0.0,0.0,0.387,0.379,4.3,66,698.9,2.5
KHL_ZAN_03,2023-06-04 03:00:00+00:00,0.0,0.0,0.385,0.378,5.6,68,699.7,1.5
KHL_ZAN_03,2023-06-04 04:00:00+00:00,0.0,0.0,0.388,0.378,7.3,65,700.4,1.1
KHL_ZAN_03,2023-06-04 05:00:00+00:00,0.1,0.0,0.392,0.378,8.6,58,700.6,1.1
KHL_ZAN_03,2023-06-04 06:00:00+00:00,0.3,0.1,0.395,0.377,9.7,51,700.7,1.8
KHL_ZAN_03,2023-06-04 07:00:00+00:00,0.6,0.1,0.398,0.377,10.4,49,700.6,1.5
KHL_ZAN_03,2023-06-04 08:00:00+00:00,0.5,0.1,0.401,0.377,11.1,47,700.5,2.6
KHL_ZAN_03,2023-06-04 09:00:00+00:00,0.1,0.0,0.401,0.377,11.5,45,700.4,3.6
KHL_ZAN_03,2023-06-04 10:00:00+00:00,0.0,0.0,0.399,0.377,11.7,44,700.1,3.5
KHL_ZAN_03,2023-06-04 11:00:00+00:00,0.0,0.0,0.397,0.377,11.5,46,699.8,3.7
KHL_ZAN_03,2023-06-04 12:00:00+00:00,0.0,0.0,0.399,0.377,11.0,42,699.9,2.5
KHL_ZAN_03,2023-06-04 13:00:00+00:00,0.0,0.0,0.397,0.377,10.8,42,699.8,2.7
KHL_ZAN_03,2023-06-04 14:00:00+00:00,0.0,0.0,0.395,0.377,10.7,38,699.7,2.6
KHL_ZAN_03,2023-06-04 15:00:00+00:00,0.0,0.0,0.394,0.377,10.3,38,699.6,0.8
KHL_ZAN_03,2023-06-04 16:00:00+00:00,0.0,0.0,0.392,0.377,9.0,41,699.1,1.0
KHL_ZAN_03,2023-06-04 17:00:00+00:00,0.0,0.0,0.391,0.377,6.7,52,697.5,3.6
KHL_ZAN_03,2023-06-04 18:00:00+00:00,0.0,0.0,0.39,0.376,5.2,59,696.7,3.3
KHL_ZAN_03,2023-06-04 19:00:00+00:00,0.0,0.0,0.388,0.376,5.0,55,696.9,2.2
KHL_ZAN_03,2023-06-04 20:00:00+00:00,0.0,0.0,0.387,0.376,4.5,56,696.4,2.2
KHL_ZAN_03,2023-06-04 21:00:00+00:00,0.0,0.0,0.386,0.375,4.2,56,696.2,2.2
KHL_ZAN_03,2023-06-04 22:00:00+00:00,0.0,0.0,0.385,0.375,4.0,56,696.1,2.9
KHL_ZAN_03,2023-06-04 23:00:00+00:00,0.0,0.0,0.384,0.375,2.4,68,694.8,4.7
KHL_ZAN_03,2023-06-05 00:00:00+00:00,0.0,0.0,0.383,0.372,3.9,57,695.9,4.3
KHL_ZAN_03,2023-06-05 01:00:00+00:00,0.0,0.0,0.382,0.372,4.1,61,696.6,2.9
KHL_ZAN_03,2023-06-05 02:00:00+00:00,0.0,0.0,0.381,0.371,5.4,62,698.0,1.6
KHL_ZAN_03,2023-06-05 03:00:00+00:00,0.0,0.0,0.379,0.371,7.2,62,698.9,1.8
KHL_ZAN_03,2023-06-05 04:00:00+00:00,0.0,0.0,0.379,0.371,9.1,57,699.7,2.2
KHL_ZAN_03,2023-06-05 05:00:00+00:00,0.0,0.0,0.38,0.37,10.4,53,700.0,2.3
KHL_ZAN_03,2023-06-05 06:00:00+00:00,0.0,0.0,0.382,0.37,11.3,54,700.2,2.2
KHL_ZAN_03,2023-06-05 07:00:00+00:00,0.0,0.0,0.382,0.37,11.8,54,699.9,1.8
KHL_ZAN_03,2023-06-05 08:00:00+00:00,0.0,0.0,0.381,0.369,12.3,52,699.7,2.2
KHL_ZAN_03,2023-06-05 09:00:00+00:00,0.0,0.0,0.379,0.369,12.7,48,699.2,2.8
KHL_ZAN_03,2023-06-05 10:00:00+00:00,0.0,0.0,0.377,0.368,12.7,45,698.6,2.8
KHL_ZAN_03,2023-06-05 11:00:00+00:00,0.0,0.0,0.375,0.368,11.9,48,698.3,6.1
KHL_ZAN_03,2023-06-05 12:00:00+00:00,0.1,0.1,0.373,0.367,11.6,43,698.4,4.5
KHL_ZAN_03,2023-06-05 13:00:00+00:00,0.0,0.0,0.371,0.367,11.3,43,698.0,4.3
KHL_ZAN_03,2023-06-05 14:00:00+00:00,0.0,0.0,0.371,0.367,9.1,66,696.4,5.6
KHL_ZAN_03,2023-06-05 15:00:00+00:00,0.0,0.0,0.37,0.366,8.2,67,695.8,6.6
KHL_ZAN_03,2023-06-05 16:00:00+00:00,0.0,0.0,0.37,0.366,7.2,68,695.6,6.9
KHL_ZAN_03,2023-06-05 17:00:00+00:00,0.0,0.0,0.369,0.365,6.4,70,695.3,7.0
KHL_ZAN_03,2023-06-05 18:00:00+00:00,0.0,0.0,0.369,0.365,6.1,71,695.3,7.4
KHL_ZAN_03,2023-06-05 19:00:00+00:00,0.0,0.0,0.368,0.365,5.8,73,695.2,7.5
KHL_ZAN_03,2023-06-05 20:00:00+00:00,0.0,0.0,0.368,0.364,5.2,74,694.6,7.0
KHL_ZAN_03,2023-06-05 21:00:00+00:00,0.0,0.0,0.368,0.364,5.4,71,694.8,6.6
KHL_ZAN_03,2023-06-05 22:00:00+00:00,0.0,0.0,0.367,0.363,5.0,71,694.5,6.8
KHL_ZAN_03,2023-06-05 23:00:00+00:00,0.0,0.0,0.367,0.363,4.2,71,694.1,6.5
KHL_ZAN_03,2023-06-06 00:00:00+00:00,0.0,0.0,0.366,0.362,4.2,71,694.6,5.4
KHL_ZAN_03,2023-06-06 01:00:00+00:00,0.0,0.0,0.366,0.362,5.8,64,696.4,4.3
KHL_ZAN_03,2023-06-06 02:00:00+00:00,0.0,0.0,0.365,0.361,6.4,67,697.2,3.4
KHL_ZAN_03,2023-06-06 03:00:00+00:00,0.0,0.0,0.364,0.361,7.7,65,698.0,2.9
KHL_ZAN_03,2023-06-06 04:00:00+00:00,0.0,0.0,0.362,0.361,9.4,61,698.7,2.9
KHL_ZAN_03,2023-06-06 05:00:00+00:00,0.0,0.0,0.359,0.36,10.4,57,699.0,3.3
KHL_ZAN_03,2023-06-06 06:00:00+00:00,0.0,0.0,0.357,0.36,11.4,56,699.1,3.3
KHL_ZAN_03,2023-06-06 07:00:00+00:00,0.1,0.1,0.354,0.359,11.9,54,698.9,2.5
KHL_ZAN_03,2023-06-06 08:00:00+00:00,0.1,0.1,0.352,0.359,11.9,56,698.3,3.6
KHL_ZAN_03,2023-06-06 09:00:00+00:00,1.3,0.2,0.352,0.358,10.2,59,697.5,4.0
KHL_ZAN_03,2023-06-06 10:00:00+00:00,0.0,0.0,0.351,0.358,10.8,54,697.7,5.7
KHL_ZAN_03,2023-06-06 11:00:00+00:00,0.0,0.0,0.35,0.358,11.0,54,697.3,3.7
KHL_ZAN_03,2023-06-06 12:00:00+00:00,0.0,0.0,0.348,0.357,10.8,54,696.9,7.3
KHL_ZAN_03,2023-06-06 13:00:00+00:00,0.0,0.0,0.347,0.356,10.3,56,696.7,6.2
KHL_ZAN_03,2023-06-06 14:00:00+00:00,0.0,0.0,0.346,0.356,9.2,67,696.1,6.1
KHL_ZAN_03,2023-06-06 15:00:00+00:00,0.0,0.0,0.346,0.355,8.1,69,695.6,6.8
KHL_ZAN_03,2023-06-06 16:00:00+00:00,0.0,0.0,0.346,0.355,7.0,75,695.0,7.2
KHL_ZAN_03,2023-06-06 17:00:00+00:00,0.0,0.0,0.346,0.355,5.7,80,694.1,7.2
KHL_ZAN_03,2023-06-06 18:00:00+00:00,0.1,0.0,0.346,0.354,4.3,83,693.2,7.9
KHL_ZAN_03,2023-06-06 19:00:00+00:00,0.9,0.0,0.346,0.354,3.7,85,693.4,8.3
KHL_ZAN_03,2023-06-06 20:00:00+00:00,0.5,0.0,0.346,0.353,3.1,86,693.1,7.2
KHL_ZAN_03,2023-06-06 21:00:00+00:00,1.4,0.0,0.346,0.353,2.7,86,692.8,7.2
KHL_ZAN_03,2023-06-06 22:00:00+00:00,1.1,0.0,0.346,0.353,2.1,83,692.8,7.6
KHL_ZAN_03,2023-06-06 23:00:00+00:00,1.4,0.0,0.346,0.352,1.7,78,693.1,7.2
KHL_ZAN_03,2023-06-07 00:00:00+00:00,1.4,0.0,0.346,0.351,4.4,82,694.3,5.0
KHL_ZAN_03,2023-06-07 01:00:00+00:00,0.0,0.0,0.346,0.351,5.6,73,695.9,4.1
KHL_ZAN_03,2023-06-07 02:00:00+00:00,0.0,0.0,0.345,0.35,6.5,72,696.9,0.8
KHL_ZAN_03,2023-06-07 03:00:00+00:00,0.0,0.0,0.345,0.35,7.8,71,697.8,1.6
KHL_ZAN_03,2023-06-07 04:00:00+00:00,0.1,0.1,0.344,0.35,9.0,69,698.6,1.9
KHL_ZAN_03,2023-06-07 05:00:00+00:00,0.3,0.3,0.345,0.349,10.3,69,698.9,2.5
KHL_ZAN_03,2023-06-07 06:00:00+00:00,0.2,0.2,0.345,0.349,11.2,64,699.0,2.2
KHL_ZAN_03,2023-06-07 07:00:00+00:00,0.3,0.3,0.346,0.349,11.2,64,698.7,5.0
KHL_ZAN_03,2023-06-07 08:00:00+00:00,3.3,0.8,0.353,0.348,8.6,73,697.9,6.4
KHL_ZAN_03,2023-06-07 09:00:00+00:00,1.1,0.7,0.362,0.348,8.7,77,698.0,1.1
KHL_ZAN_03,2023-06-07 10:00:00+00:00,0.5,0.5,0.368,0.348,9.5,75,698.1,3.3
KHL_ZAN_03,2023-06-07 11:00:00+00:00,0.0,0.0,0.368,0.348,10.6,69,698.0,3.8
KHL_ZAN_03,2023-06-07 12:00:00+00:00,0.1,0.1,0.368,0.349,10.4,61,697.8,0.5
KHL_ZAN_03,2023-06-07 13:00:00+00:00,0.0,0.0,0.367,0.348,8.8,69,698.0,2.3
KHL_ZAN_03,2023-06-07 14:00:00+00:00,0.0,0.0,0.366,0.348,8.4,70,698.2,3.9
KHL_ZAN_03,2023-06-07 15:00:00+00:00,0.0,0.0,0.365,0.348,8.4,73,698.5,5.0
KHL_ZAN_03,2023-06-07 16:00:00+00:00,0.0,0.0,0.364,0.348,7.4,78,698.0,4.7
KHL_ZAN_03,2023-06-07 17:00:00+00:00,0.0,0.0,0.364,0.348,7.0,79,698.1,4.3
KHL_ZAN_03,2023-06-07 18:00:00+00:00,0.0,0.0,0.363,0.348,6.2,81,697.5,4.7
KHL_ZAN_03,2023-06-07 19:00:00+00:00,0.0,0.0,0.363,0.348,5.4,82,697.0,3.6
KHL_ZAN_03,2023-06-07 20:00:00+00:00,0.2,0.0,0.362,0.348,4.7,84,696.5,3.2
KHL_ZAN_03,2023-06-07 21:00:00+00:00,0.0,0.0,0.361,0.347,4.1,83,696.5,4.3
KHL_ZAN_03,2023-06-07 22:00:00+00:00,0.0,0.0,0.361,0.347,3.9,84,696.5,4.7
KHL_ZAN_03,2023-06-07 23:00:00+00:00,0.0,0.0,0.36,0.347,4.2,82,697.1,4.3
KHL_ZAN_03,2023-06-08 00:00:00+00:00,0.0,0.0,0.361,0.346,4.5,79,697.7,2.2
KHL_ZAN_03,2023-06-08 01:00:00+00:00,0.0,0.0,0.36,0.346,4.8,76,698.7,1.8
KHL_ZAN_03,2023-06-08 02:00:00+00:00,0.0,0.0,0.359,0.346,5.3,76,699.3,1.8
KHL_ZAN_03,2023-06-08 03:00:00+00:00,0.0,0.0,0.359,0.346,6.2,77,699.6,1.0
KHL_ZAN_03,2023-06-08 04:00:00+00:00,0.0,0.0,0.36,0.346,7.6,75,700.3,0.5
KHL_ZAN_03,2023-06-08 05:00:00+00:00,0.0,0.0,0.362,0.346,9.4,70,701.0,1.0
KHL_ZAN_03,2023-06-08 06:00:00+00:00,0.0,0.0,0.364,0.345,10.8,64,701.2,0.5
KHL_ZAN_03,2023-06-08 07:00:00+00:00,0.0,0.0,0.364,0.345,11.8,59,701.2,0.8
KHL_ZAN_03,2023-06-08 08:00:00+00:00,0.0,0.0,0.363,0.345,12.7,57,701.2,1.5
KHL_ZAN_03,2023-06-08 09:00:00+00:00,0.1,0.1,0.362,0.345,13.2,56,700.9,3.6
KHL_ZAN_03,2023-06-08 10:00:00+00:00,0.1,0.1,0.36,0.345,13.1,56,700.6,4.6
KHL_ZAN_03,2023-06-08 11:00:00+00:00,0.1,0.1,0.36,0.345,12.4,54,700.0,2.1
KHL_ZAN_03,2023-06-08 12:00:00+00:00,0.0,0.0,0.358,0.345,12.4,54,699.6,1.8
KHL_ZAN_03,2023-06-08 13:00:00+00:00,0.0,0.0,0.357,0.344,11.7,57,699.4,4.8
KHL_ZAN_03,2023-06-08 14:00:00+00:00,0.0,0.0,0.356,0.344,10.9,69,698.8,5.8
KHL_ZAN_03,2023-06-08 15:00:00+00:00,0.0,0.0,0.356,0.344,9.4,73,697.9,6.1
KHL_ZAN_03,2023-06-08 16:00:00+00:00,0.0,0.0,0.355,0.344,8.5,75,697.8,6.5
KHL_ZAN_03,2023-06-08 17:00:00+00:00,0.0,0.0,0.355,0.344,7.4,79,697.1,6.8
KHL_ZAN_03,2023-06-08 18:00:00+00:00,0.0,0.0,0.355,0.344,6.5,81,696.5,7.6
KHL_ZAN_03,2023-06-08 19:00:00+00:00,0.0,0.0,0.354,0.343,5.3,82,695.4,8.3
KHL_ZAN_03,2023-06-08 20:00:00+00:00,0.0,0.0,0.354,0.343,3.0,91,693.4,7.2
KHL_ZAN_03,2023-06-08 21:00:00+00:00,0.0,0.0,0.353,0.343,3.1,89,694.0,7.3
KHL_ZAN_03,2023-06-08 22:00:00+00:00,0.0,0.0,0.353,0.343,3.7,86,695.1,8.0
KHL_ZAN_03,2023-06-08 23:00:00+00:00,0.0,0.0,0.352,0.343,3.0,85,695.0,8.0
KHL_ZAN_03,2023-06-09 00:00:00+00:00,0.0,0.0,0.352,0.342,2.2,86,694.7,8.0
KHL_ZAN_03,2023-06-09 01:00:00+00:00,0.0,0.0,0.351,0.343,3.6,94,696.3,6.9
KHL_ZAN_03,2023-06-09 02:00:00+00:00,0.0,0.0,0.349,0.342,6.3,77,699.2,6.0
KHL_ZAN_03,2023-06-09 03:00:00+00:00,0.0,0.0,0.349,0.342,8.4,71,700.4,3.1
KHL_ZAN_03,2023-06-09 04:00:00+00:00,0.0,0.0,0.347,0.342,10.4,69,701.2,1.4
KHL_ZAN_03,2023-06-09 05:00:00+00:00,0.2,0.2,0.347,0.342,12.3,56,701.6,2.2
KHL_ZAN_03,2023-06-09 06:00:00+00:00,0.1,0.1,0.345,0.342,13.5,51,701.6,1.5
KHL_ZAN_03,2023-06-09 07:00:00+00:00,0.0,0.0,0.341,0.341,14.4,50,701.6,1.8
KHL_ZAN_03,2023-06-09 08:00:00+00:00,0.0,0.0,0.337,0.341,15.0,48,701.2,2.2
KHL_ZAN_03,2023-06-09 09:00:00+00:00,0.0,0.0,0.332,0.341,15.3,45,700.7,1.6
KHL_ZAN_03,2023-06-09 10:00:00+00:00,0.0,0.0,0.328,0.34,15.4,39,700.2,2.4
KHL_ZAN_03,2023-06-09 11:00:00+00:00,0.0,0.0,0.324,0.34,15.2,38,699.8,2.9
KHL_ZAN_03,2023-06-09 12:00:00+00:00,0.0,0.0,0.322,0.34,14.8,39,699.4,1.1
KHL_ZAN_03,2023-06-09 13:00:00+00:00,0.0,0.0,0.322,0.339,12.9,49,699.1,6.9
KHL_ZAN_03,2023-06-09 14:00:00+00:00,0.0,0.0,0.322,0.339,11.3,63,697.8,6.8
KHL_ZAN_03,2023-06-09 15:00:00+00:00,0.0,0.0,0.322,0.339,9.8,68,697.0,7.2
KHL_ZAN_03,2023-06-09 16:00:00+00:00,0.0,0.0,0.322,0.338,8.8,73,696.6,6.8
KHL_ZAN_03,2023-06-09 17:00:00+00:00,0.0,0.0,0.322,0.338,7.7,75,695.9,6.1
KHL_ZAN_03,2023-06-09 18:00:00+00:00,0.0,0.0,0.322,0.338,6.8,74,695.1,6.5
KHL_ZAN_03,2023-06-09 19:00:00+00:00,0.0,0.0,0.322,0.338,6.4,70,694.7,5.8
KHL_ZAN_03,2023-06-09 20:00:00+00:00,0.0,0.0,0.322,0.337,6.1,65,694.1,5.9
KHL_ZAN_03,2023-06-09 21:00:00+00:00,0.0,0.0,0.322,0.337,5.5,64,693.9,6.2
KHL_ZAN_03,2023-06-09 22:00:00+00:00,0.0,0.0,0.323,0.337,5.1,62,693.8,6.2
KHL_ZAN_03,2023-06-09 23:00:00+00:00,0.0,0.0,0.323,0.336,4.8,61,693.8,5.8
KHL_ZAN_03,2023-06-10 00:00:00+00:00,0.0,0.0,0.324,0.335,6.6,52,695.5,5.4
KHL_ZAN_03,2023-06-10 01:00:00+00:00,0.0,0.0,0.324,0.334,8.0,52,697.4,4.3
KHL_ZAN_03,2023-06-10 02:00:00+00:00,0.0,0.0,0.323,0.334,9.7,49,699.1,4.6
KHL_ZAN_03,2023-06-10 03:00:00+00:00,0.0,0.0,0.321,0.334,11.0,52,699.8,0.8
KHL_ZAN_03,2023-06-10 04:00:00+00:00,0.0,0.0,0.319,0.333,12.7,49,700.4,1.8
KHL_ZAN_03,2023-06-10 05:00:00+00:00,0.0,0.0,0.314,0.333,14.2,43,700.9,3.1
KHL_ZAN_03,2023-06-10 06:00:00+00:00,0.0,0.0,0.308,0.333,15.2,40,701.0,3.4
KHL_ZAN_03,2023-06-10 07:00:00+00:00,0.0,0.0,0.302,0.333,15.9,42,700.9,2.9
KHL_ZAN_03,2023-06-10 08:00:00+00:00,0.0,0.0,0.295,0.332,16.6,41,700.6,2.9
KHL_ZAN_03,2023-06-10 09:00:00+00:00,0.2,0.2,0.291,0.332,16.4,36,700.1,3.0
KHL_ZAN_03,2023-06-10 10:00:00+00:00,0.0,0.0,0.287,0.331,16.3,33,699.6,2.7
KHL_ZAN_03,2023-06-10 11:00:00+00:00,0.0,0.0,0.283,0.331,16.3,32,699.2,0.7
KHL_ZAN_03,2023-06-10 12:00:00+00:00,0.0,0.0,0.286,0.331,14.3,50,698.6,4.8
KHL_ZAN_03,2023-06-10 13:00:00+00:00,0.0,0.0,0.286,0.331,14.0,50,698.8,5.4
KHL_ZAN_03,2023-06-10 14:00:00+00:00,0.0,0.0,0.286,0.331,12.5,65,697.9,4.5
KHL_ZAN_03,2023-06-10 15:00:00+00:00,0.0,0.0,0.286,0.33,11.6,62,697.7,5.6
KHL_ZAN_03,2023-06-10 16:00:00+00:00,0.0,0.0,0.287,0.33,11.2,60,698.1,5.2
KHL_ZAN_03,2023-06-10 17:00:00+00:00,0.0,0.0,0.287,0.329,10.6,61,697.5,5.2
KHL_ZAN_03,2023-06-10 18:00:00+00:00,0.0,0.0,0.288,0.329,9.1,66,696.2,5.9
KHL_ZAN_03,2023-06-10 19:00:00+00:00,0.0,0.0,0.288,0.329,9.4,60,696.6,4.8
KHL_ZAN_03,2023-06-10 20:00:00+00:00,0.0,0.0,0.289,0.328,8.2,65,695.5,5.5
KHL_ZAN_03,2023-06-10 21:00:00+00:00,0.0,0.0,0.289,0.328,7.8,64,695.5,5.4
KHL_ZAN_03,2023-06-10 22:00:00+00:00,0.0,0.0,0.29,0.328,7.3,65,695.4,5.2
KHL_ZAN_03,2023-06-10 23:00:00+00:00,0.0,0.0,0.29,0.327,6.9,65,695.3,5.1
KHL_ZAN_03,2023-06-11 00:00:00+00:00,0.0,0.0,0.29,0.327,8.3,60,696.4,4.4
KHL_ZAN_03,2023-06-11 01:00:00+00:00,0.0,0.0,0.291,0.327,8.8,61,697.1,3.4
KHL_ZAN_03,2023-06-11 02:00:00+00:00,0.0,0.0,0.29,0.326,9.4,64,697.7,1.9
KHL_ZAN_03,2023-06-11 03:00:00+00:00,0.0,0.0,0.289,0.326,11.0,66,698.7,2.4
KHL_ZAN_03,2023-06-11 04:00:00+00:00,0.0,0.0,0.286,0.326,12.9,60,699.2,2.2
KHL_ZAN_03,2023-06-11 05:00:00+00:00,0.1,0.1,0.282,0.325,14.5,50,699.7,1.9
KHL_ZAN_03,2023-06-11 06:00:00+00:00,0.2,0.2,0.279,0.325,15.4,45,699.6,1.4
KHL_ZAN_03,2023-06-11 07:00:00+00:00,0.2,0.2,0.276,0.325,15.5,51,699.5,1.1
KHL_ZAN_03,2023-06-11 08:00:00+00:00,0.1,0.1,0.27,0.324,15.5,55,699.3,1.1
KHL_ZAN_03,2023-06-11 09:00:00+00:00,0.0,0.0,0.267,0.324,15.8,51,698.5,1.1
KHL_ZAN_03,2023-06-11 10:00:00+00:00,0.0,0.0,0.263,0.323,15.9,48,698.2,1.4
KHL_ZAN_03,2023-06-11 11:00:00+00:00,0.0,0.0,0.261,0.323,16.3,45,698.2,0.7
KHL_ZAN_03,2023-06-11 12:00:00+00:00,0.0,0.0,0.295,0.325,10.0,78,697.3,6.2
KHL_ZAN_03,2023-06-11 13:00:00+00:00,0.5,0.5,0.301,0.325,9.9,76,697.3,6.5
KHL_ZAN_03,2023-06-11 14:00:00+00:00,0.1,0.1,0.303,0.325,10.0,71,697.2,5.8
KHL_ZAN_03,2023-06-11 15:00:00+00:00,0.0,0.0,0.303,0.324,10.3,71,697.4,5.1
KHL_ZAN_03,2023-06-11 16:00:00+00:00,0.0,0.0,0.303,0.324,10.9,58,698.0,1.3
KHL_ZAN_03,2023-06-11 17:00:00+00:00,0.0,0.0,0.303,0.324,10.3,61,697.9,1.8
KHL_ZAN_03,2023-06-11 18:00:00+00:00,0.0,0.0,0.303,0.324,9.5,65,697.3,0.4
KHL_ZAN_03,2023-06-11 19:00:00+00:00,0.0,0.0,0.303,0.323,8.6,75,696.4,2.2
KHL_ZAN_03,2023-06-11 20:00:00+00:00,0.0,0.0,0.303,0.323,8.3,83,695.9,3.2
KHL_ZAN_03,2023-06-11 21:00:00+00:00,0.4,0.3,0.307,0.323,8.0,80,695.6,3.3
KHL_ZAN_03,2023-06-11 22:00:00+00:00,0.2,0.2,0.31,0.323,7.6,79,695.5,4.0
KHL_ZAN_03,2023-06-11 23:00:00+00:00,1.4,0.6,0.317,0.322,6.8,84,695.2,4.0
KHL_ZAN_03,2023-06-12 00:00:00+00:00,1.1,0.3,0.307,0.324,6.9,85,695.2,4.4
KHL_ZAN_03,2023-06-12 01:00:00+00:00,0.1,0.1,0.308,0.323,7.5,80,696.2,4.1
KHL_ZAN_03,2023-06-12 02:00:00+00:00,0.1,0.1,0.308,0.323,8.5,79,696.7,1.3
KHL_ZAN_03,2023-06-12 03:00:00+00:00,0.0,0.0,0.307,0.323,9.7,77,697.6,1.5
KHL_ZAN_03,2023-06-12 04:00:00+00:00,0.0,0.0,0.305,0.323,11.6,70,698.3,2.3
KHL_ZAN_03,2023-06-12 05:00:00+00:00,0.0,0.0,0.301,0.323,13.2,67,698.8,1.9
KHL_ZAN_03,2023-06-12 06:00:00+00:00,0.1,0.1,0.298,0.322,14.3,64,699.0,2.5
KHL_ZAN_03,2023-06-12 07:00:00+00:00,0.2,0.2,0.296,0.322,14.9,61,698.8,4.0
KHL_ZAN_03,2023-06-12 08:00:00+00:00,0.1,0.1,0.295,0.322,14.4,54,698.1,3.4
KHL_ZAN_03,2023-06-12 09:00:00+00:00,0.4,0.4,0.297,0.322,13.7,62,697.9,7.9
KHL_ZAN_03,2023-06-12 10:00:00+00:00,4.2,3.4,0.337,0.321,9.8,92,697.2,3.2
KHL_ZAN_03,2023-06-12 11:00:00+00:00,0.1,0.1,0.336,0.321,11.9,73,697.6,4.7
KHL_ZAN_03,2023-06-12 12:00:00+00:00,0.0,0.0,0.33,0.322,12.1,68,697.7,3.3
KHL_ZAN_03,2023-06-12 13:00:00+00:00,0.0,0.0,0.329,0.322,12.5,63,697.9,2.4
KHL_ZAN_03,2023-06-12 14:00:00+00:00,0.0,0.0,0.328,0.322,11.7,75,697.5,4.6
KHL_ZAN_03,2023-06-12 15:00:00+00:00,0.0,0.0,0.328,0.322,12.4,59,698.6,0.8
KHL_ZAN_03,2023-06-12 16:00:00+00:00,0.0,0.0,0.328,0.322,11.5,63,698.5,0.8
KHL_ZAN_03,2023-06-12 17:00:00+00:00,0.0,0.0,0.328,0.322,10.2,69,697.8,1.1
KHL_ZAN_03,2023-06-12 18:00:00+00:00,0.0,0.0,0.328,0.322,9.0,75,697.6,1.4
KHL_ZAN_03,2023-06-12 19:00:00+00:00,0.0,0.0,0.328,0.322,7.5,83,696.4,2.5
KHL_ZAN_03,2023-06-12 20:00:00+00:00,0.0,0.0,0.327,0.321,6.9,86,695.9,2.9
KHL_ZAN_03,2023-06-12 21:00:00+00:00,0.0,0.0,0.327,0.321,6.3,88,695.5,3.6
KHL_ZAN_03,2023-06-12 22:00:00+00:00,0.0,0.0,0.327,0.321,6.9,81,696.3,2.6
KHL_ZAN_03,2023-06-12 23:00:00+00:00,0.0,0.0,0.327,0.321,5.6,89,695.3,3.3
KHL_ZAN_03,2023-06-13 00:00:00+00:00,0.0,0.0,0.328,0.322,5.2,93,696.0,3.7
KHL_ZAN_03,2023-06-13 01:00:00+00:00,0.0,0.0,0.327,0.322,5.8,92,696.8,4.1
KHL_ZAN_03,2023-06-13 02:00:00+00:00,0.0,0.0,0.327,0.322,7.6,84,698.4,4.0
KHL_ZAN_03,2023-06-13 03:00:00+00:00,0.0,0.0,0.325,0.322,9.0,79,699.1,1.5
KHL_ZAN_03,2023-06-13 04:00:00+00:00,0.0,0.0,0.322,0.321,10.7,73,699.6,0.8
KHL_ZAN_03,2023-06-13 05:00:00+00:00,0.1,0.1,0.32,0.321,12.3,64,699.8,1.5
KHL_ZAN_03,2023-06-13 06:00:00+00:00,0.2,0.2,0.317,0.321,13.3,62,699.9,1.9
KHL_ZAN_03,2023-06-13 07:00:00+00:00,0.1,0.1,0.313,0.321,14.3,62,700.0,1.5
KHL_ZAN_03,2023-06-13 08:00:00+00:00,0.1,0.1,0.308,0.321,14.9,61,699.5,1.8
KHL_ZAN_03,2023-06-13 09:00:00+00:00,0.1,0.1,0.305,0.32,15.1,59,698.8,1.9
KHL_ZAN_03,2023-06-13 10:00:00+00:00,0.1,0.1,0.301,0.32,15.5,59,698.7,5.8
KHL_ZAN_03,2023-06-13 11:00:00+00:00,0.0,0.0,0.298,0.32,15.8,55,698.2,4.6
KHL_ZAN_03,2023-06-13 12:00:00+00:00,0.0,0.0,0.295,0.32,15.8,49,697.5,5.6
KHL_ZAN_03,2023-06-13 13:00:00+00:00,0.3,0.3,0.298,0.32,14.9,49,697.2,4.8
KHL_ZAN_03,2023-06-13 14:00:00+00:00,0.0,0.0,0.298,0.32,13.5,69,696.5,3.8
KHL_ZAN_03,2023-06-13 15:00:00+00:00,0.0,0.0,0.298,0.32,12.6,68,696.2,5.1
KHL_ZAN_03,2023-06-13 16:00:00+00:00,0.0,0.0,0.298,0.319,13.7,50,697.7,1.8
KHL_ZAN_03,2023-06-13 17:00:00+00:00,0.0,0.0,0.298,0.319,11.8,58,696.5,2.5
KHL_ZAN_03,2023-06-13 18:00:00+00:00,0.0,0.0,0.298,0.319,9.0,76,694.5,3.3
KHL_ZAN_03,2023-06-13 19:00:00+00:00,0.0,0.0,0.299,0.319,7.7,84,693.9,3.8
KHL_ZAN_03,2023-06-13 20:00:00+00:00,0.1,0.1,0.3,0.318,6.5,87,693.4,5.2
KHL_ZAN_03,2023-06-13 21:00:00+00:00,0.2,0.2,0.302,0.318,5.9,90,693.7,6.4
KHL_ZAN_03,2023-06-13 22:00:00+00:00,0.1,0.1,0.303,0.318,4.8,93,693.1,7.3
KHL_ZAN_03,2023-06-13 23:00:00+00:00,0.0,0.0,0.303,0.318,4.5,94,693.2,6.4
KHL_ZAN_03,2023-06-14 00:00:00+00:00,0.4,0.2,0.323,0.318,6.1,89,696.0,3.7
KHL_ZAN_03,2023-06-14 01:00:00+00:00,0.0,0.0,0.323,0.318,6.7,85,696.8,1.6
KHL_ZAN_03,2023-06-14 02:00:00+00:00,0.0,0.0,0.323,0.318,7.8,81,697.0,1.8
KHL_ZAN_03,2023-06-14 03:00:00+00:00,0.0,0.0,0.321,0.318,9.5,75,697.6,2.0
KHL_ZAN_03,2023-06-14 04:00:00+00:00,0.1,0.1,0.32,0.318,11.4,66,698.1,2.5
KHL_ZAN_03,2023-06-14 05:00:00+00:00,0.1,0.1,0.316,0.318,12.9,66,698.5,3.1
KHL_ZAN_03,2023-06-14 06:00:00+00:00,0.2,0.2,0.314,0.317,13.9,65,698.6,2.5
KHL_ZAN_03,2023-06-14 07:00:00+00:00,0.3,0.3,0.312,0.317,15.1,60,698.5,3.4
KHL_ZAN_03,2023-06-14 08:00:00+00:00,0.1,0.1,0.31,0.317,15.3,53,697.9,5.2
KHL_ZAN_03,2023-06-14 09:00:00+00:00,1.2,1.2,0.321,0.317,11.1,76,696.7,8.8
KHL_ZAN_03,2023-06-14 10:00:00+00:00,2.1,1.7,0.34,0.317,9.5,90,696.7,1.3
KHL_ZAN_03,2023-06-14 11:00:00+00:00,0.3,0.3,0.341,0.317,11.1,76,697.2,4.0
KHL_ZAN_03,2023-06-14 12:00:00+00:00,0.0,0.0,0.342,0.317,11.8,67,696.6,4.1
KHL_ZAN_03,2023-06-14 13:00:00+00:00,0.1,0.1,0.341,0.317,12.3,62,696.9,2.8
KHL_ZAN_03,2023-06-14 14:00:00+00:00,0.0,0.0,0.34,0.317,10.9,76,696.2,4.4
KHL_ZAN_03,2023-06-14 15:00:00+00:00,0.0,0.0,0.34,0.317,10.0,76,696.0,5.5
KHL_ZAN_03,2023-06-14 16:00:00+00:00,0.0,0.0,0.339,0.317,9.2,76,695.5,5.4
KHL_ZAN_03,2023-06-14 17:00:00+00:00,0.0,0.0,0.339,0.317,8.5,77,695.1,6.8
KHL_ZAN_03,2023-06-14 18:00:00+00:00,0.0,0.0,0.339,0.317,7.4,81,694.5,7.6
KHL_ZAN_03,2023-06-14 19:00:00+00:00,0.2,0.2,0.341,0.317,6.9,81,694.8,6.4
KHL_ZAN_03,2023-06-14 20:00:00+00:00,0.9,0.5,0.346,0.317,7.0,84,695.3,5.1
KHL_ZAN_03,2023-06-14 21:00:00+00:00,0.4,0.3,0.349,0.317,6.1,84,694.4,5.4
KHL_ZAN_03,2023-06-14 22:00:00+00:00,0.3,0.2,0.351,0.318,6.1,81,694.9,5.0
KHL_ZAN_03,2023-06-14 23:00:00+00:00,0.3,0.1,0.35,0.318,5.4,78,694.6,7.2
KHL_ZAN_03,2023-06-15 00:00:00+00:00,0.3,0.0,0.346,0.319,7.5,67,695.6,0.5
KHL_ZAN_03,2023-06-15 01:00:00+00:00,0.0,0.0,0.346,0.319,7.8,71,696.1,1.3
KHL_ZAN_03,2023-06-15 02:00:00+00:00,0.0,0.0,0.345,0.319,8.4,69,696.4,1.5
KHL_ZAN_03,2023-06-15 03:00:00+00:00,0.0,0.0,0.343,0.319,9.7,67,697.4,2.1
KHL_ZAN_03,2023-06-15 04:00:00+00:00,0.1,0.1,0.341,0.319,11.3,59,697.9,2.6
KHL_ZAN_03,2023-06-15 05:00:00+00:00,0.1,0.1,0.339,0.319,12.6,54,698.1,3.0
KHL_ZAN_03,2023-06-15 06:00:00+00:00,0.4,0.4,0.339,0.319,13.1,56,698.2,3.4
KHL_ZAN_03,2023-06-15 07:00:00+00:00,0.0,0.0,0.334,0.319,13.3,63,698.1,1.8
KHL_ZAN_03,2023-06-15 08:00:00+00:00,0.1,0.1,0.331,0.319,14.7,57,698.0,4.2
KHL_ZAN_03,2023-06-15 09:00:00+00:00,0.5,0.5,0.332,0.319,13.3,59,697.2,7.1
KHL_ZAN_03,2023-06-15 10:00:00+00:00,1.4,1.1,0.343,0.319,12.2,65,697.4,1.9
KHL_ZAN_03,2023-06-15 11:00:00+00:00,0.0,0.0,0.34,0.319,13.1,63,697.5,0.4
KHL_ZAN_03,2023-06-15 12:00:00+00:00,0.0,0.0,0.335,0.318,13.8,49,696.9,3.3
KHL_ZAN_03,2023-06-15 13:00:00+00:00,0.0,0.0,0.333,0.318,13.7,44,696.8,1.9
KHL_ZAN_03,2023-06-15 14:00:00+00:00,0.0,0.0,0.333,0.318,13.5,40,697.0,0.5
KHL_ZAN_03,2023-06-15 15:00:00+00:00,0.0,0.0,0.332,0.318,13.1,41,697.2,0.7
KHL_ZAN_03,2023-06-15 16:00:00+00:00,0.0,0.0,0.332,0.318,10.0,66,695.0,6.1
KHL_ZAN_03,2023-06-15 17:00:00+00:00,0.0,0.0,0.332,0.318,9.4,70,694.8,5.8
KHL_ZAN_03,2023-06-15 18:00:00+00:00,0.0,0.0,0.332,0.318,10.2,62,695.9,4.0
KHL_ZAN_03,2023-06-15 19:00:00+00:00,0.0,0.0,0.331,0.318,8.8,68,695.1,3.6
KHL_ZAN_03,2023-06-15 20:00:00+00:00,0.0,0.0,0.331,0.318,6.8,79,693.6,4.0
KHL_ZAN_03,2023-06-15 21:00:00+00:00,0.0,0.0,0.331,0.318,5.2,87,692.6,4.1
KHL_ZAN_03,2023-06-15 22:00:00+00:00,0.0,0.0,0.331,0.318,4.9,88,692.7,4.0
KHL_ZAN_03,2023-06-15 23:00:00+00:00,0.0,0.0,0.33,0.318,4.7,86,693.3,3.7
KHL_ZAN_03,2023-06-16 00:00:00+00:00,0.0,0.0,0.331,0.318,5.9,80,694.5,4.4
KHL_ZAN_03,2023-06-16 01:00:00+00:00,0.0,0.0,0.331,0.318,7.3,73,696.4,3.1
KHL_ZAN_03,2023-06-16 02:00:00+00:00,0.0,0.0,0.33,0.318,8.2,69,697.1,0.8
KHL_ZAN_03,2023-06-16 03:00:00+00:00,0.0,0.0,0.328,0.318,9.8,67,697.8,2.7
KHL_ZAN_03,2023-06-16 04:00:00+00:00,0.1,0.1,0.326,0.318,11.6,62,698.3,3.5
KHL_ZAN_03,2023-06-16 05:00:00+00:00,0.2,0.2,0.324,0.318,12.8,59,698.7,3.6
KHL_ZAN_03,2023-06-16 06:00:00+00:00,0.4,0.4,0.325,0.317,13.3,60,698.5,3.6
KHL_ZAN_03,2023-06-16 07:00:00+00:00,0.1,0.1,0.32,0.317,14.1,63,698.4,2.7
KHL_ZAN_03,2023-06-16 08:00:00+00:00,0.1,0.1,0.316,0.317,14.6,60,698.3,1.9
KHL_ZAN_03,2023-06-16 09:00:00+00:00,0.1,0.1,0.312,0.317,15.2,55,698.3,3.9
KHL_ZAN_03,2023-06-16 10:00:00+00:00,0.1,0.1,0.309,0.317,14.5,52,698.1,4.2
KHL_ZAN_03,2023-06-16 11:00:00+00:00,0.1,0.1,0.306,0.317,14.0,56,698.0,3.6
KHL_ZAN_03,2023-06-16 12:00:00+00:00,0.1,0.1,0.296,0.316,14.6,52,697.7,4.0
KHL_ZAN_03,2023-06-16 13:00:00+00:00,0.1,0.1,0.296,0.316,14.0,51,697.6,3.0
KHL_ZAN_03,2023-06-16 14:00:00+00:00,0.0,0.0,0.296,0.316,13.7,48,697.8,0.8
KHL_ZAN_03,2023-06-16 15:00:00+00:00,0.0,0.0,0.296,0.316,13.5,48,698.4,1.3
KHL_ZAN_03,2023-06-16 16:00:00+00:00,0.0,0.0,0.296,0.316,11.3,66,697.2,5.2
KHL_ZAN_03,2023-06-16 17:00:00+00:00,0.0,0.0,0.296,0.315,10.3,69,696.7,5.4
KHL_ZAN_03,2023-06-16 18:00:00+00:00,0.0,0.0,0.297,0.315,11.4,59,697.7,3.2
KHL_ZAN_03,2023-06-16 19:00:00+00:00,0.0,0.0,0.297,0.315,8.4,74,695.1,4.3
KHL_ZAN_03,2023-06-16 20:00:00+00:00,0.0,0.0,0.297,0.315,6.8,83,693.9,4.7
KHL_ZAN_03,2023-06-16 21:00:00+00:00,0.0,0.0,0.297,0.315,6.2,84,693.7,4.7
KHL_ZAN_03,2023-06-16 22:00:00+00:00,0.0,0.0,0.297,0.314,6.6,79,694.7,4.3
KHL_ZAN_03,2023-06-16 23:00:00+00:00,0.0,0.0,0.297,0.314,6.6,78,695.3,4.0
KHL_ZAN_03,2023-06-17 00:00:00+00:00,0.0,0.0,0.296,0.313,5.8,83,696.2,5.4
KHL_ZAN_03,2023-06-17 01:00:00+00:00,0.0,0.0,0.295,0.313,6.5,83,697.0,3.6
KHL_ZAN_03,2023-06-17 02:00:00+00:00,0.0,0.0,0.295,0.313,8.2,75,698.6,1.5
KHL_ZAN_03,2023-06-17 03:00:00+00:00,0.0,0.0,0.294,0.313,10.2,71,699.5,1.5
KHL_ZAN_03,2023-06-17 04:00:00+00:00,0.0,0.0,0.291,0.313,12.1,67,700.2,1.8
KHL_ZAN_03,2023-06-17 05:00:00+00:00,0.0,0.0,0.287,0.312,13.5,68,700.3,2.1
KHL_ZAN_03,2023-06-17 06:00:00+00:00,0.1,0.1,0.283,0.312,14.6,67,700.6,2.1
KHL_ZAN_03,2023-06-17 07:00:00+00:00,0.2,0.2,0.279,0.312,15.1,63,700.5,2.2
KHL_ZAN_03,2023-06-17 08:00:00+00:00,0.2,0.2,0.276,0.312,15.5,59,700.2,2.6
KHL_ZAN_03,2023-06-17 09:00:00+00:00,0.1,0.1,0.275,0.311,15.4,56,699.7,1.5
KHL_ZAN_03,2023-06-17 10:00:00+00:00,1.9,1.8,0.296,0.311,14.2,59,699.5,3.2
KHL_ZAN_03,2023-06-17 11:00:00+00:00,0.0,0.0,0.293,0.311,15.2,56,699.5,1.8
KHL_ZAN_03,2023-06-17 12:00:00+00:00,0.0,0.0,0.289,0.311,13.3,63,699.1,3.4
KHL_ZAN_03,2023-06-17 13:00:00+00:00,0.0,0.0,0.289,0.311,13.1,64,699.4,2.5
KHL_ZAN_03,2023-06-17 14:00:00+00:00,0.0,0.0,0.289,0.31,12.0,75,698.4,5.1
KHL_ZAN_03,2023-06-17 15:00:00+00:00,0.0,0.0,0.289,0.31,11.5,69,698.5,4.0
KHL_ZAN_03,2023-06-17 16:00:00+00:00,0.0,0.0,0.289,0.31,12.5,56,699.8,2.3
KHL_ZAN_03,2023-06-17 17:00:00+00:00,0.0,0.0,0.289,0.31,11.7,59,699.6,1.5
KHL_ZAN_03,2023-06-17 18:00:00+00:00,0.0,0.0,0.289,0.31,10.1,66,698.6,0.5
KHL_ZAN_03,2023-06-17 19:00:00+00:00,0.0,0.0,0.289,0.31,8.5,73,697.4,2.5
KHL_ZAN_03,2023-06-17 20:00:00+00:00,0.0,0.0,0.289,0.309,8.4,73,697.7,2.9
KHL_ZAN_03,2023-06-17 21:00:00+00:00,0.0,0.0,0.29,0.309,7.5,77,697.2,3.6
KHL_ZAN_03,2023-06-17 22:00:00+00:00,0.0,0.0,0.29,0.309,6.9,80,697.0,4.0
KHL_ZAN_03,2023-06-17 23:00:00+00:00,0.0,0.0,0.29,0.309,6.4,84,697.0,5.0
KHL_ZAN_03,2023-06-18 00:00:00+00:00,0.0,0.0,0.296,0.311,5.2,86,696.9,7.2
KHL_ZAN_03,2023-06-18 01:00:00+00:00,0.0,0.0,0.295,0.311,6.5,86,698.3,6.5
KHL_ZAN_03,2023-06-18 02:00:00+00:00,0.0,0.0,0.295,0.31,8.8,76,700.4,4.3
KHL_ZAN_03,2023-06-18 03:00:00+00:00,0.0,0.0,0.293,0.31,10.4,73,701.1,0.0
KHL_ZAN_03,2023-06-18 04:00:00+00:00,0.0,0.0,0.29,0.31,12.4,65,701.6,1.0
KHL_ZAN_03,2023-06-18 05:00:00+00:00,0.0,0.0,0.286,0.31,14.3,56,702.0,1.6
KHL_ZAN_03,2023-06-18 06:00:00+00:00,0.0,0.0,0.28,0.31,15.6,54,702.1,1.8
KHL_ZAN_03,2023-06-18 07:00:00+00:00,0.2,0.2,0.276,0.309,16.3,56,702.1,3.5
KHL_ZAN_03,2023-06-18 08:00:00+00:00,0.0,0.0,0.27,0.309,16.6,55,701.4,4.5
KHL_ZAN_03,2023-06-18 09:00:00+00:00,0.0,0.0,0.263,0.309,17.2,52,701.1,4.7
KHL_ZAN_03,2023-06-18 10:00:00+00:00,0.0,0.0,0.258,0.309,17.1,49,700.7,5.8
KHL_ZAN_03,2023-06-18 11:00:00+00:00,0.1,0.1,0.255,0.308,17.0,41,700.3,5.1
KHL_ZAN_03,2023-06-18 12:00:00+00:00,0.0,0.0,0.258,0.308,16.4,40,699.9,4.1
KHL_ZAN_03,2023-06-18 13:00:00+00:00,0.0,0.0,0.257,0.308,16.0,40,699.6,3.2
KHL_ZAN_03,2023-06-18 14:00:00+00:00,0.0,0.0,0.257,0.307,15.3,43,699.4,3.3
KHL_ZAN_03,2023-06-18 15:00:00+00:00,0.0,0.0,0.258,0.307,14.2,49,699.0,5.0
KHL_ZAN_03,2023-06-18 16:00:00+00:00,0.0,0.0,0.258,0.307,15.0,35,700.2,2.2
KHL_ZAN_03,2023-06-18 17:00:00+00:00,0.0,0.0,0.258,0.307,12.5,42,698.6,2.1
KHL_ZAN_03,2023-06-18 18:00:00+00:00,0.0,0.0,0.259,0.306,11.7,46,698.5,2.2
KHL_ZAN_03,2023-06-18 19:00:00+00:00,0.0,0.0,0.259,0.306,10.5,50,698.1,2.5
KHL_ZAN_03,2023-06-18 20:00:00+00:00,0.0,0.0,0.26,0.306,10.0,52,698.0,3.3
KHL_ZAN_03,2023-06-18 21:00:00+00:00,0.0,0.0,0.26,0.306,9.0,58,697.5,4.0
KHL_ZAN_03,2023-06-18 22:00:00+00:00,0.0,0.0,0.26,0.305,8.1,62,697.1,4.8
KHL_ZAN_03,2023-06-18 23:00:00+00:00,0.0,0.0,0.261,0.305,7.4,63,696.9,4.9
KHL_ZAN_03,2023-06-19 00:00:00+00:00,0.0,0.0,0.261,0.305,7.9,66,697.7,4.8
KHL_ZAN_03,2023-06-19 01:00:00+00:00,0.0,0.0,0.261,0.304,8.9,64,698.9,3.7
KHL_ZAN_03,2023-06-19 02:00:00+00:00,0.0,0.0,0.26,0.304,10.4,63,700.3,1.8
KHL_ZAN_03,2023-06-19 03:00:00+00:00,0.0,0.0,0.259,0.304,11.9,61,701.0,2.2
KHL_ZAN_03,2023-06-19 04:00:00+00:00,0.0,0.0,0.255,0.304,13.5,58,701.4,2.8
KHL_ZAN_03,2023-06-19 05:00:00+00:00,0.0,0.0,0.251,0.303,14.7,56,701.5,3.6
KHL_ZAN_03,2023-06-19 06:00:00+00:00,0.1,0.1,0.246,0.303,15.5,51,701.6,4.6
KHL_ZAN_03,2023-06-19 07:00:00+00:00,0.0,0.0,0.24,0.303,16.6,46,701.6,5.3
KHL_ZAN_03,2023-06-19 08:00:00+00:00,0.0,0.0,0.233,0.303,17.4,42,701.2,4.6
KHL_ZAN_03,2023-06-19 09:00:00+00:00,0.0,0.0,0.226,0.302,18.1,37,701.0,5.4
KHL_ZAN_03,2023-06-19 10:00:00+00:00,0.0,0.0,0.22,0.302,18.4,34,700.7,5.4
KHL_ZAN_03,2023-06-19 11:00:00+00:00,0.0,0.0,0.216,0.301,18.2,31,700.5,5.1
KHL_ZAN_03,2023-06-19 12:00:00+00:00,0.0,0.0,0.216,0.301,17.9,30,700.1,4.8
KHL_ZAN_03,2023-06-19 13:00:00+00:00,0.0,0.0,0.214,0.301,17.0,31,699.8,3.2
KHL_ZAN_03,2023-06-19 14:00:00+00:00,0.0,0.0,0.215,0.3,16.5,26,699.7,1.3
KHL_ZAN_03,2023-06-19 15:00:00+00:00,0.0,0.0,0.215,0.3,16.3,25,700.0,2.5
KHL_ZAN_03,2023-06-19 16:00:00+00:00,0.0,0.0,0.216,0.3,15.9,25,700.3,4.6
KHL_ZAN_03,2023-06-19 17:00:00+00:00,0.0,0.0,0.217,0.299,14.0,34,699.2,5.2
KHL_ZAN_03,2023-06-19 18:00:00+00:00,0.0,0.0,0.217,0.299,11.2,49,697.3,6.5
KHL_ZAN_03,2023-06-19 19:00:00+00:00,0.0,0.0,0.218,0.299,9.3,60,696.1,7.2
KHL_ZAN_03,2023-06-19 20:00:00+00:00,0.0,0.0,0.219,0.298,9.0,58,696.0,6.1
KHL_ZAN_03,2023-06-19 21:00:00+00:00,0.0,0.0,0.219,0.298,8.2,60,695.6,6.6
KHL_ZAN_03,2023-06-19 22:00:00+00:00,0.0,0.0,0.22,0.298,8.4,55,696.1,5.9
KHL_ZAN_03,2023-06-19 23:00:00+00:00,0.0,0.0,0.22,0.297,9.1,47,697.1,5.2
KHL_ZAN_03,2023-06-20 00:00:00+00:00,0.0,0.0,0.219,0.296,9.8,43,698.5,3.8
KHL_ZAN_03,2023-06-20 01:00:00+00:00,0.0,0.0,0.219,0.295,9.5,68,698.7,2.1
KHL_ZAN_03,2023-06-20 02:00:00+00:00,0.0,0.0,0.219,0.295,11.1,45,700.4,2.5
KHL_ZAN_03,2023-06-20 03:00:00+00:00,0.0,0.0,0.218,0.295,12.7,46,701.3,1.5
KHL_ZAN_03,2023-06-20 04:00:00+00:00,0.0,0.0,0.215,0.295,14.3,47,701.8,2.2
KHL_ZAN_03,2023-06-20 05:00:00+00:00,0.0,0.0,0.21,0.294,15.8,46,702.0,2.5
KHL_ZAN_03,2023-06-20 06:00:00+00:00,0.0,0.0,0.204,0.294,17.1,39,702.2,3.4
KHL_ZAN_03,2023-06-20 07:00:00+00:00,0.0,0.0,0.197,0.294,18.2,35,702.0,4.3
KHL_ZAN_03,2023-06-20 08:00:00+00:00,0.0,0.0,0.19,0.293,18.8,33,701.9,4.4
KHL_ZAN_03,2023-06-20 09:00:00+00:00,0.0,0.0,0.183,0.293,19.3,31,701.5,5.6
KHL_ZAN_03,2023-06-20 10:00:00+00:00,0.0,0.0,0.178,0.293,19.4,28,701.2,6.5
KHL_ZAN_03,2023-06-20 11:00:00+00:00,0.0,0.0,0.173,0.292,19.3,26,700.9,4.7
KHL_ZAN_03,2023-06-20 12:00:00+00:00,0.0,0.0,0.17,0.291,19.3,23,700.7,5.2
KHL_ZAN_03,2023-06-20 13:00:00+00:00,0.0,0.0,0.169,0.291,18.5,32,700.4,3.6
KHL_ZAN_03,2023-06-20 14:00:00+00:00,0.0,0.0,0.17,0.291,18.2,19,700.6,3.4
KHL_ZAN_03,2023-06-20 15:00:00+00:00,0.0,0.0,0.171,0.29,16.2,32,699.7,5.4
KHL_ZAN_03,2023-06-20 16:00:00+00:00,0.0,0.0,0.171,0.29,14.2,39,698.8,6.6
KHL_ZAN_03,2023-06-20 17:00:00+00:00,0.0,0.0,0.172,0.289,12.7,43,698.2,7.6
KHL_ZAN_03,2023-06-20 18:00:00+00:00,0.0,0.0,0.173,0.289,11.7,45,698.0,7.5
KHL_ZAN_03,2023-06-20 19:00:00+00:00,0.0,0.0,0.174,0.289,10.6,48,697.6,7.8
KHL_ZAN_03,2023-06-20 20:00:00+00:00,0.0,0.0,0.174,0.288,10.1,45,697.4,7.4
KHL_ZAN_03,2023-06-20 21:00:00+00:00,0.0,0.0,0.175,0.288,9.9,42,697.5,6.6
KHL_ZAN_03,2023-06-20 22:00:00+00:00,0.0,0.0,0.176,0.288,9.7,38,697.7,6.0
KHL_ZAN_03,2023-06-20 23:00:00+00:00,0.0,0.0,0.176,0.287,9.5,36,698.0,5.6
KHL_ZAN_03,2023-06-21 00:00:00+00:00,0.0,0.0,0.174,0.285,10.9,36,699.2,5.4
KHL_ZAN_03,2023-06-21 01:00:00+00:00,0.0,0.0,0.175,0.285,10.1,61,699.3,4.0
KHL_ZAN_03,2023-06-21 02:00:00+00:00,0.0,0.0,0.175,0.285,12.0,39,701.2,1.9
KHL_ZAN_03,2023-06-21 03:00:00+00:00,0.0,0.0,0.174,0.284,13.5,42,702.3,1.3
KHL_ZAN_03,2023-06-21 04:00:00+00:00,0.0,0.0,0.171,0.284,15.2,42,702.7,1.9
KHL_ZAN_03,2023-06-21 05:00:00+00:00,0.0,0.0,0.166,0.284,16.8,39,703.1,1.9
KHL_ZAN_03,2023-06-21 06:00:00+00:00,0.0,0.0,0.16,0.283,18.4,34,703.4,2.6
KHL_ZAN_03,2023-06-21 07:00:00+00:00,0.0,0.0,0.154,0.283,19.6,30,703.5,3.3
KHL_ZAN_03,2023-06-21 08:00:00+00:00,0.0,0.0,0.147,0.283,20.5,27,703.3,4.7
KHL_ZAN_03,2023-06-21 09:00:00+00:00,0.0,0.0,0.141,0.282,21.1,25,703.1,5.2
KHL_ZAN_03,2023-06-21 10:00:00+00:00,0.0,0.0,0.135,0.282,21.3,26,702.8,5.4
KHL_ZAN_03,2023-06-21 11:00:00+00:00,0.0,0.0,0.131,0.281,21.3,27,702.3,5.4
KHL_ZAN_03,2023-06-21 12:00:00+00:00,0.0,0.0,0.129,0.281,20.9,23,702.1,4.7
KHL_ZAN_03,2023-06-21 13:00:00+00:00,0.0,0.0,0.128,0.28,20.3,35,701.8,4.0
KHL_ZAN_03,2023-06-21 14:00:00+00:00,0.0,0.0,0.129,0.28,19.6,24,702.0,4.0
KHL_ZAN_03,2023-06-21 15:00:00+00:00,0.0,0.0,0.13,0.28,17.6,32,701.3,5.5
KHL_ZAN_03,2023-06-21 16:00:00+00:00,0.0,0.0,0.13,0.279,16.0,36,700.9,6.4
KHL_ZAN_03,2023-06-21 17:00:00+00:00,0.0,0.0,0.131,0.279,14.7,39,700.5,6.8
KHL_ZAN_03,2023-06-21 18:00:00+00:00,0.0,0.0,0.132,0.279,14.2,38,700.6,6.4
KHL_ZAN_03,2023-06-21 19:00:00+00:00,0.0,0.0,0.133,0.278,13.6,39,700.3,5.8
KHL_ZAN_03,2023-06-21 20:00:00+00:00,0.0,0.0,0.133,0.278,12.7,41,700.0,5.8
KHL_ZAN_03,2023-06-21 21:00:00+00:00,0.0,0.0,0.134,0.278,11.8,42,699.5,5.7
KHL_ZAN_03,2023-06-21 22:00:00+00:00,0.0,0.0,0.135,0.277,12.7,34,700.6,4.7
KHL_ZAN_03,2023-06-21 23:00:00+00:00,0.0,0.0,0.136,0.277,12.1,34,700.5,4.3
KHL_ZAN_03,2023-06-22 00:00:00+00:00,0.0,0.0,0.132,0.273,12.1,34,700.6,4.3
KHL_ZAN_03,2023-06-22 01:00:00+00:00,0.0,0.0,0.133,0.273,10.8,60,700.1,4.5
KHL_ZAN_03,2023-06-22 02:00:00+00:00,0.0,0.0,0.133,0.272,13.4,37,702.6,3.5
KHL_ZAN_03,2023-06-22 03:00:00+00:00,0.0,0.0,0.132,0.272,14.9,40,703.5,3.6
KHL_ZAN_03,2023-06-22 04:00:00+00:00,0.0,0.0,0.129,0.272,16.6,40,704.0,3.5
KHL_ZAN_03,2023-06-22 05:00:00+00:00,0.0,0.0,0.125,0.271,18.4,35,704.4,3.9
KHL_ZAN_03,2023-06-22 06:00:00+00:00,0.0,0.0,0.119,0.271,19.8,32,704.6,4.5
KHL_ZAN_03,2023-06-22 07:00:00+00:00,0.0,0.0,0.113,0.271,21.0,29,704.6,5.6
KHL_ZAN_03,2023-06-22 08:00:00+00:00,0.0,0.0,0.107,0.27,21.9,27,704.4,5.8
KHL_ZAN_03,2023-06-22 09:00:00+00:00,0.0,0.0,0.101,0.27,22.5,25,704.1,5.8
KHL_ZAN_03,2023-06-22 10:00:00+00:00,0.0,0.0,0.096,0.27,23.0,22,703.7,6.2
KHL_ZAN_03,2023-06-22 11:00:00+00:00,0.0,0.0,0.093,0.269,23.1,20,703.5,6.1
KHL_ZAN_03,2023-06-22 12:00:00+00:00,0.0,0.0,0.091,0.269,22.7,19,703.7,5.8
KHL_ZAN_03,2023-06-22 13:00:00+00:00,0.0,0.0,0.09,0.269,21.8,30,703.2,5.1
KHL_ZAN_03,2023-06-22 14:00:00+00:00,0.0,0.0,0.09,0.269,19.6,35,701.9,5.5
KHL_ZAN_03,2023-06-22 15:00:00+00:00,0.0,0.0,0.091,0.268,17.9,35,701.0,6.9
KHL_ZAN_03,2023-06-22 16:00:00+00:00,0.0,0.0,0.092,0.268,16.7,34,700.9,7.4
KHL_ZAN_03,2023-06-22 17:00:00+00:00,0.0,0.0,0.093,0.268,15.8,32,700.8,7.6
KHL_ZAN_03,2023-06-22 18:00:00+00:00,0.0,0.0,0.093,0.267,14.8,33,700.5,7.3
KHL_ZAN_03,2023-06-22 19:00:00+00:00,0.0,0.0,0.094,0.267,14.8,30,700.9,6.5
KHL_ZAN_03,2023-06-22 20:00:00+00:00,0.0,0.0,0.095,0.267,14.5,29,700.9,6.0
KHL_ZAN_03,2023-06-22 21:00:00+00:00,0.0,0.0,0.096,0.266,14.3,28,700.7,5.7
KHL_ZAN_03,2023-06-22 22:00:00+00:00,0.0,0.0,0.096,0.266,14.7,24,701.4,4.7
KHL_ZAN_03,2023-06-22 23:00:00+00:00,0.0,0.0,0.097,0.266,14.3,24,701.5,3.5
KHL_ZAN_03,2023-06-23 00:00:00+00:00,0.0,0.0,0.098,0.266,14.2,28,701.6,5.0
KHL_ZAN_03,2023-06-23 01:00:00+00:00,0.0,0.0,0.099,0.265,13.6,35,701.6,3.5
KHL_ZAN_03,2023-06-23 02:00:00+00:00,0.0,0.0,0.099,0.265,15.0,33,703.0,1.8
KHL_ZAN_03,2023-06-23 03:00:00+00:00,0.0,0.0,0.098,0.265,16.4,36,703.8,2.1
KHL_ZAN_03,2023-06-23 04:00:00+00:00,0.0,0.0,0.096,0.264,18.2,35,704.4,2.5
KHL_ZAN_03,2023-06-23 05:00:00+00:00,0.0,0.0,0.092,0.264,20.0,31,704.8,3.0
KHL_ZAN_03,2023-06-23 06:00:00+00:00,0.0,0.0,0.087,0.264,21.6,28,705.0,3.7
KHL_ZAN_03,2023-06-23 07:00:00+00:00,0.0,0.0,0.081,0.264,23.0,25,705.0,4.6
KHL_ZAN_03,2023-06-23 08:00:00+00:00,0.0,0.0,0.076,0.263,23.9,23,704.6,6.0
KHL_ZAN_03,2023-06-23 09:00:00+00:00,0.0,0.0,0.071,0.263,24.4,24,704.5,6.4
KHL_ZAN_03,2023-06-23 10:00:00+00:00,0.0,0.0,0.066,0.262,24.7,22,704.2,6.4
KHL_ZAN_03,2023-06-23 11:00:00+00:00,0.0,0.0,0.063,0.262,24.8,18,703.7,5.2
KHL_ZAN_03,2023-06-23 12:00:00+00:00,0.0,0.0,0.061,0.261,24.3,15,703.5,5.2
KHL_ZAN_03,2023-06-23 13:00:00+00:00,0.0,0.0,0.06,0.261,23.5,17,703.2,4.6
KHL_ZAN_03,2023-06-23 14:00:00+00:00,0.0,0.0,0.061,0.261,22.8,11,703.2,3.6
KHL_ZAN_03,2023-06-23 15:00:00+00:00,0.0,0.0,0.062,0.26,21.3,18,702.6,5.5
KHL_ZAN_03,2023-06-23 16:00:00+00:00,0.0,0.0,0.062,0.26,19.9,21,701.9,6.1
KHL_ZAN_03,2023-06-23 17:00:00+00:00,0.0,0.0,0.063,0.26,18.6,24,701.4,6.8
KHL_ZAN_03,2023-06-23 18:00:00+00:00,0.0,0.0,0.064,0.259,18.9,20,702.1,6.0
KHL_ZAN_03,2023-06-23 19:00:00+00:00,0.0,0.0,0.065,0.259,18.4,21,701.9,5.4
KHL_ZAN_03,2023-06-23 20:00:00+00:00,0.0,0.0,0.065,0.259,17.6,22,701.3,4.2
KHL_ZAN_03,2023-06-23 21:00:00+00:00,0.0,0.0,0.066,0.259,16.9,23,700.7,3.9
KHL_ZAN_03,2023-06-23 22:00:00+00:00,0.0,0.0,0.067,0.258,16.0,24,700.0,4.7
KHL_ZAN_03,2023-06-23 23:00:00+00:00,0.0,0.0,0.068,0.258,15.4,24,699.9,3.9
KHL_ZAN_03,2023-06-24 00:00:00+00:00,0.0,0.0,0.068,0.257,15.3,28,699.7,3.5
KHL_ZAN_03,2023-06-24 01:00:00+00:00,0.0,0.0,0.069,0.257,15.1,28,700.1,1.9
KHL_ZAN_03,2023-06-24 02:00:00+00:00,0.0,0.0,0.069,0.257,16.3,31,701.3,3.3
KHL_ZAN_03,2023-06-24 03:00:00+00:00,0.0,0.0,0.068,0.256,18.0,28,702.5,3.1
KHL_ZAN_03,2023-06-24 04:00:00+00:00,0.0,0.0,0.066,0.256,19.6,26,702.9,3.1
KHL_ZAN_03,2023-06-24 05:00:00+00:00,0.0,0.0,0.063,0.256,21.1,25,703.3,4.1
KHL_ZAN_03,2023-06-24 06:00:00+00:00,0.0,0.0,0.059,0.255,22.6,24,703.6,5.9
KHL_ZAN_03,2023-06-24 07:00:00+00:00,0.0,0.0,0.055,0.255,23.7,23,703.7,7.1
KHL_ZAN_03,2023-06-24 08:00:00+00:00,0.0,0.0,0.05,0.255,24.3,24,703.3,7.4
KHL_ZAN_03,2023-06-24 09:00:00+00:00,0.0,0.0,0.046,0.255,24.7,23,702.9,6.6
KHL_ZAN_03,2023-06-24 10:00:00+00:00,0.0,0.0,0.043,0.254,25.1,21,702.5,6.1
KHL_ZAN_03,2023-06-24 11:00:00+00:00,0.0,0.0,0.041,0.254,25.1,19,702.0,6.1
KHL_ZAN_03,2023-06-24 12:00:00+00:00,0.0,0.0,0.04,0.254,24.7,15,701.3,5.1
KHL_ZAN_03,2023-06-24 13:00:00+00:00,0.0,0.0,0.039,0.253,23.9,14,701.3,4.6
KHL_ZAN_03,2023-06-24 14:00:00+00:00,0.0,0.0,0.04,0.253,22.2,32,700.4,3.4
KHL_ZAN_03,2023-06-24 15:00:00+00:00,0.0,0.0,0.04,0.253,21.5,26,700.4,4.7
KHL_ZAN_03,2023-06-24 16:00:00+00:00,0.0,0.0,0.041,0.252,19.7,36,699.6,6.2
KHL_ZAN_03,2023-06-24 17:00:00+00:00,0.0,0.0,0.042,0.252,18.8,37,699.3,6.3
KHL_ZAN_03,2023-06-24 18:00:00+00:00,0.0,0.0,0.042,0.252,18.1,36,699.2,6.2
KHL_ZAN_03,2023-06-24 19:00:00+00:00,0.0,0.0,0.043,0.252,17.4,36,698.6,5.8
KHL_ZAN_03,2023-06-24 20:00:00+00:00,0.0,0.0,0.044,0.251,16.3,38,697.7,6.2
KHL_ZAN_03,2023-06-24 21:00:00+00:00,0.0,0.0,0.044,0.251,16.2,37,697.8,5.7
KHL_ZAN_03,2023-06-24 22:00:00+00:00,0.0,0.0,0.045,0.251,16.5,34,698.1,5.2
KHL_ZAN_03,2023-06-24 23:00:00+00:00,0.0,0.0,0.046,0.25,15.4,38,697.7,5.4
KHL_ZAN_03,2023-06-25 00:00:00+00:00,0.0,0.0,0.044,0.248,13.3,50,696.7,6.8
KHL_ZAN_03,2023-06-25 01:00:00+00:00,0.0,0.0,0.044,0.248,14.2,59,698.4,5.9
KHL_ZAN_03,2023-06-25 02:00:00+00:00,0.0,0.0,0.045,0.247,16.6,44,700.4,1.9
KHL_ZAN_03,2023-06-25 03:00:00+00:00,0.0,0.0,0.044,0.247,18.2,43,701.4,3.3
KHL_ZAN_03,2023-06-25 04:00:00+00:00,0.0,0.0,0.043,0.247,19.9,38,702.0,4.1
KHL_ZAN_03,2023-06-25 05:00:00+00:00,0.0,0.0,0.041,0.246,21.4,33,702.2,5.6
KHL_ZAN_03,2023-06-25 06:00:00+00:00,0.0,0.0,0.038,0.246,22.6,31,702.1,6.9
KHL_ZAN_03,2023-06-25 07:00:00+00:00,0.0,0.0,0.036,0.246,23.4,29,701.9,7.9
KHL_ZAN_03,2023-06-25 08:00:00+00:00,0.0,0.0,0.033,0.246,23.7,29,701.4,6.6
KHL_ZAN_03,2023-06-25 09:00:00+00:00,0.0,0.0,0.031,0.245,24.2,27,701.2,6.1
KHL_ZAN_03,2023-06-25 10:00:00+00:00,0.0,0.0,0.03,0.245,24.3,27,700.8,5.9
KHL_ZAN_03,2023-06-25 11:00:00+00:00,0.0,0.0,0.029,0.245,24.0,26,700.3,7.4
KHL_ZAN_03,2023-06-25 12:00:00+00:00,0.0,0.0,0.028,0.245,24.1,24,699.7,6.1
KHL_ZAN_03,2023-06-25 13:00:00+00:00,0.0,0.0,0.028,0.244,23.9,23,699.7,7.4
KHL_ZAN_03,2023-06-25 14:00:00+00:00,0.0,0.0,0.028,0.244,21.8,33,699.1,7.5
KHL_ZAN_03,2023-06-25 15:00:00+00:00,0.0,0.0,0.029,0.244,20.1,43,698.8,6.4
KHL_ZAN_03,2023-06-25 16:00:00+00:00,0.0,0.0,0.029,0.244,18.6,51,698.4,6.4
KHL_ZAN_03,2023-06-25 17:00:00+00:00,0.0,0.0,0.03,0.243,17.6,54,698.0,6.6
KHL_ZAN_03,2023-06-25 18:00:00+00:00,0.0,0.0,0.03,0.243,16.5,55,697.6,7.4
KHL_ZAN_03,2023-06-25 19:00:00+00:00,0.0,0.0,0.031,0.243,15.2,58,696.7,7.6
KHL_ZAN_03,2023-06-25 20:00:00+00:00,0.0,0.0,0.032,0.243,14.2,62,696.1,6.9
KHL_ZAN_03,2023-06-25 21:00:00+00:00,0.0,0.0,0.032,0.243,13.4,63,695.9,6.1
KHL_ZAN_03,2023-06-25 22:00:00+00:00,0.0,0.0,0.033,0.242,13.4,59,696.6,5.6
KHL_ZAN_03,2023-06-25 23:00:00+00:00,0.0,0.0,0.033,0.242,12.9,60,696.8,5.6
KHL_ZAN_03,2023-06-26 00:00:00+00:00,0.0,0.0,0.034,0.24,15.1,51,698.3,4.9
KHL_ZAN_03,2023-06-26 01:00:00+00:00,0.0,0.0,0.035,0.239,14.9,59,698.8,4.6
KHL_ZAN_03,2023-06-26 02:00:00+00:00,0.0,0.0,0.035,0.239,15.5,53,699.6,4.0
KHL_ZAN_03,2023-06-26 03:00:00+00:00,0.8,0.8,0.046,0.239,14.4,69,700.0,4.4
KHL_ZAN_03,2023-06-26 04:00:00+00:00,0.9,0.9,0.057,0.239,14.9,69,700.5,4.0
KHL_ZAN_03,2023-06-26 05:00:00+00:00,1.5,1.5,0.076,0.239,15.1,70,700.4,2.9
KHL_ZAN_03,2023-06-26 06:00:00+00:00,0.0,0.0,0.075,0.238,17.2,59,700.9,1.6
KHL_ZAN_03,2023-06-26 07:00:00+00:00,0.1,0.1,0.074,0.238,18.2,56,700.8,4.8
KHL_ZAN_03,2023-06-26 08:00:00+00:00,0.4,0.4,0.077,0.238,17.4,56,700.3,5.8
KHL_ZAN_03,2023-06-26 09:00:00+00:00,0.2,0.2,0.078,0.238,17.3,58,700.1,1.5
KHL_ZAN_03,2023-06-26 10:00:00+00:00,0.4,0.4,0.082,0.238,17.4,58,700.1,5.4
KHL_ZAN_03,2023-06-26 11:00:00+00:00,0.6,0.6,0.088,0.238,15.9,61,699.6,2.6
KHL_ZAN_03,2023-06-26 12:00:00+00:00,0.1,0.1,0.055,0.238,16.7,54,698.8,2.7
KHL_ZAN_03,2023-06-26 13:00:00+00:00,0.2,0.2,0.057,0.238,16.6,54,698.8,1.9
KHL_ZAN_03,2023-06-26 14:00:00+00:00,0.0,0.0,0.057,0.238,16.2,55,698.7,2.8
KHL_ZAN_03,2023-06-26 15:00:00+00:00,0.0,0.0,0.057,0.238,15.8,68,698.7,3.9
KHL_ZAN_03,2023-06-26 16:00:00+00:00,0.0,0.0,0.057,0.238,14.8,71,698.6,5.5
KHL_ZAN_03,2023-06-26 17:00:00+00:00,0.0,0.0,0.058,0.238,13.9,74,698.3,5.5
KHL_ZAN_03,2023-06-26 18:00:00+00:00,0.0,0.0,0.058,0.237,13.5,73,698.2,4.7
KHL_ZAN_03,2023-06-26 19:00:00+00:00,1.7,1.7,0.081,0.237,12.4,81,698.2,3.1
KHL_ZAN_03,2023-06-26 20:00:00+00:00,1.0,1.0,0.095,0.237,11.5,88,698.1,2.9
KHL_ZAN_03,2023-06-26 21:00:00+00:00,0.8,0.8,0.106,0.237,11.6,85,698.1,3.9
KHL_ZAN_03,2023-06-26 22:00:00+00:00,0.1,0.1,0.108,0.237,11.8,80,698.0,5.2
KHL_ZAN_03,2023-06-26 23:00:00+00:00,0.0,0.0,0.109,0.237,10.8,83,697.3,4.8
KHL_ZAN_03,2023-06-27 00:00:00+00:00,0.1,0.1,0.073,0.237,12.0,81,698.4,2.7
KHL_ZAN_03,2023-06-27 01:00:00+00:00,0.2,0.2,0.075,0.236,12.1,76,698.7,2.4
KHL_ZAN_03,2023-06-27 02:00:00+00:00,0.1,0.1,0.077,0.236,12.6,73,699.3,2.6
KHL_ZAN_03,2023-06-27 03:00:00+00:00,0.1,0.1,0.078,0.236,13.5,68,700.0,3.4
KHL_ZAN_03,2023-06-27 04:00:00+00:00,0.0,0.0,0.077,0.236,15.0,60,700.5,3.1
KHL_ZAN_03,2023-06-27 05:00:00+00:00,0.0,0.0,0.074,0.236,15.9,56,700.9,3.6
KHL_ZAN_03,2023-06-27 06:00:00+00:00,0.0,0.0,0.071,0.236,17.3,51,701.1,2.1
KHL_ZAN_03,2023-06-27 07:00:00+00:00,0.0,0.0,0.068,0.235,18.0,49,700.5,2.1
KHL_ZAN_03,2023-06-27 08:00:00+00:00,0.0,0.0,0.065,0.235,19.5,46,700.4,2.9
KHL_ZAN_03,2023-06-27 09:00:00+00:00,0.0,0.0,0.062,0.235,18.8,46,699.9,9.8
KHL_ZAN_03,2023-06-27 10:00:00+00:00,1.9,1.9,0.085,0.235,16.0,59,699.2,5.0
KHL_ZAN_03,2023-06-27 11:00:00+00:00,0.0,0.0,0.082,0.235,18.1,50,699.4,2.5
KHL_ZAN_03,2023-06-27 12:00:00+00:00,0.5,0.5,0.036,0.245,16.6,57,699.2,4.4
KHL_ZAN_03,2023-06-27 13:00:00+00:00,0.0,0.0,0.036,0.245,17.1,53,699.5,3.4
KHL_ZAN_03,2023-06-27 14:00:00+00:00,0.0,0.0,0.037,0.245,16.5,56,699.3,6.8
KHL_ZAN_03,2023-06-27 15:00:00+00:00,0.0,0.0,0.037,0.245,15.9,59,699.2,6.6
KHL_ZAN_03,2023-06-27 16:00:00+00:00,0.0,0.0,0.037,0.245,15.3,64,699.5,6.7
KHL_ZAN_03,2023-06-27 17:00:00+00:00,0.0,0.0,0.038,0.245,14.4,74,699.0,4.8
KHL_ZAN_03,2023-06-27 18:00:00+00:00,0.0,0.0,0.039,0.244,14.8,62,699.7,1.1
KHL_ZAN_03,2023-06-27 19:00:00+00:00,0.0,0.0,0.039,0.244,14.0,65,699.4,1.0
KHL_ZAN_03,2023-06-27 20:00:00+00:00,0.0,0.0,0.04,0.244,12.7,70,698.5,0.8
KHL_ZAN_03,2023-06-27 21:00:00+00:00,0.2,0.2,0.043,0.244,12.0,75,698.4,0.8
KHL_ZAN_03,2023-06-27 22:00:00+00:00,0.0,0.0,0.044,0.244,11.2,80,698.4,0.5
KHL_ZAN_03,2023-06-27 23:00:00+00:00,0.1,0.1,0.045,0.244,10.8,81,698.5,1.1
KHL_ZAN_03,2023-06-28 00:00:00+00:00,0.1,0.1,0.041,0.244,10.7,80,698.3,2.2
KHL_ZAN_03,2023-06-28 01:00:00+00:00,0.0,0.0,0.041,0.244,11.7,76,699.5,0.4
KHL_ZAN_03,2023-06-28 02:00:00+00:00,0.0,0.0,0.041,0.244,13.5,65,701.0,1.0
KHL_ZAN_03,2023-06-28 03:00:00+00:00,0.0,0.0,0.041,0.243,14.9,59,701.9,1.5
KHL_ZAN_03,2023-06-28 04:00:00+00:00,0.0,0.0,0.04,0.243,16.4,52,702.2,1.8
KHL_ZAN_03,2023-06-28 05:00:00+00:00,0.0,0.0,0.039,0.243,17.8,46,702.4,2.6
KHL_ZAN_03,2023-06-28 06:00:00+00:00,0.1,0.1,0.038,0.243,18.7,43,702.5,2.9
KHL_ZAN_03,2023-06-28 07:00:00+00:00,0.0,0.0,0.036,0.243,19.6,39,702.2,2.4
KHL_ZAN_03,2023-06-28 08:00:00+00:00,0.0,0.0,0.034,0.243,21.2,34,701.9,4.6
KHL_ZAN_03,2023-06-28 09:00:00+00:00,0.0,0.0,0.033,0.243,21.3,35,701.5,7.9
KHL_ZAN_03,2023-06-28 10:00:00+00:00,0.0,0.0,0.031,0.243,21.3,39,701.1,6.2
KHL_ZAN_03,2023-06-28 11:00:00+00:00,0.0,0.0,0.031,0.242,20.7,39,700.3,7.8
KHL_ZAN_03,2023-06-28 12:00:00+00:00,0.6,0.6,0.034,0.241,20.3,38,700.8,7.8
KHL_ZAN_03,2023-06-28 13:00:00+00:00,0.0,0.0,0.034,0.241,19.5,40,700.3,5.7
KHL_ZAN_03,2023-06-28 14:00:00+00:00,0.0,0.0,0.034,0.241,18.9,43,700.2,3.6
KHL_ZAN_03,2023-06-28 15:00:00+00:00,0.0,0.0,0.035,0.241,17.9,60,700.1,3.3
KHL_ZAN_03,2023-06-28 16:00:00+00:00,0.0,0.0,0.035,0.24,17.1,63,700.2,3.2
KHL_ZAN_03,2023-06-28 17:00:00+00:00,0.0,0.0,0.036,0.24,17.3,55,700.5,2.3
KHL_ZAN_03,2023-06-28 18:00:00+00:00,0.0,0.0,0.036,0.24,17.1,49,700.6,1.1
KHL_ZAN_03,2023-06-28 19:00:00+00:00,0.0,0.0,0.037,0.24,16.4,51,700.0,0.8
KHL_ZAN_03,2023-06-28 20:00:00+00:00,0.0,0.0,0.037,0.24,15.5,53,699.3,1.1
KHL_ZAN_03,2023-06-28 21:00:00+00:00,0.0,0.0,0.038,0.24,14.6,56,698.8,1.5
KHL_ZAN_03,2023-06-28 22:00:00+00:00,0.0,0.0,0.039,0.24,13.3,63,698.5,3.1
KHL_ZAN_03,2023-06-28 23:00:00+00:00,0.0,0.0,0.039,0.24,12.9,63,698.7,1.5
KHL_ZAN_03,2023-06-29 00:00:00+00:00,0.0,0.0,0.067,0.241,12.6,77,698.7,0.4
KHL_ZAN_03,2023-06-29 01:00:00+00:00,0.6,0.6,0.075,0.241,12.1,80,698.8,4.1
KHL_ZAN_03,2023-06-29 02:00:00+00:00,0.1,0.1,0.076,0.241,12.6,76,699.3,3.6
KHL_ZAN_03,2023-06-29 03:00:00+00:00,0.0,0.0,0.076,0.241,13.6,71,699.7,2.9
KHL_ZAN_03,2023-06-29 04:00:00+00:00,0.0,0.0,0.076,0.241,14.9,67,699.9,3.7
KHL_ZAN_03,2023-06-29 05:00:00+00:00,0.0,0.0,0.074,0.241,16.0,61,699.9,4.1
KHL_ZAN_03,2023-06-29 06:00:00+00:00,0.0,0.0,0.072,0.24,16.8,59,700.0,6.6
KHL_ZAN_03,2023-06-29 07:00:00+00:00,0.0,0.0,0.07,0.24,17.4,54,699.3,6.6
KHL_ZAN_03,2023-06-29 08:00:00+00:00,0.0,0.0,0.066,0.24,19.4,51,699.5,3.4
KHL_ZAN_03,2023-06-29 09:00:00+00:00,0.0,0.0,0.064,0.24,19.1,47,698.5,3.8
KHL_ZAN_03,2023-06-29 10:00:00+00:00,0.0,0.0,0.061,0.24,17.3,55,698.3,5.5
KHL_ZAN_03,2023-06-29 11:00:00+00:00,0.0,0.0,0.06,0.24,17.8,52,698.3,5.8
KHL_ZAN_03,2023-06-29 12:00:00+00:00,0.0,0.0,0.072,0.24,17.2,51,697.6,3.1
KHL_ZAN_03,2023-06-29 13:00:00+00:00,0.1,0.1,0.073,0.24,17.3,50,697.4,2.9
KHL_ZAN_03,2023-06-29 14:00:00+00:00,0.0,0.0,0.072,0.239,16.7,55,697.2,6.2
KHL_ZAN_03,2023-06-29 15:00:00+00:00,0.6,0.6,0.08,0.239,14.9,66,696.9,7.6
KHL_ZAN_03,2023-06-29 16:00:00+00:00,1.0,1.0,0.092,0.239,14.0,71,697.3,5.9
KHL_ZAN_03,2023-06-29 17:00:00+00:00,0.4,0.4,0.097,0.239,13.3,79,697.3,4.7
KHL_ZAN_03,2023-06-29 18:00:00+00:00,0.4,0.4,0.103,0.239,12.7,79,697.4,5.0
KHL_ZAN_03,2023-06-29 19:00:00+00:00,0.1,0.1,0.104,0.239,12.6,78,697.6,4.3
KHL_ZAN_03,2023-06-29 20:00:00+00:00,0.4,0.4,0.109,0.239,11.2,85,696.8,3.6
KHL_ZAN_03,2023-06-29 21:00:00+00:00,1.4,1.4,0.126,0.239,10.8,81,697.0,2.7
KHL_ZAN_03,2023-06-29 22:00:00+00:00,0.7,0.7,0.135,0.239,10.5,83,697.0,2.3
KHL_ZAN_03,2023-06-29 23:00:00+00:00,0.1,0.1,0.136,0.239,10.6,82,697.0,1.3
KHL_ZAN_03,2023-06-30 00:00:00+00:00,0.2,0.2,0.135,0.241,9.9,82,697.1,2.6
KHL_ZAN_03,2023-06-30 01:00:00+00:00,0.0,0.0,0.135,0.241,10.6,79,697.2,2.2
KHL_ZAN_03,2023-06-30 02:00:00+00:00,0.1,0.1,0.136,0.241,11.8,71,698.0,2.6
KHL_ZAN_03,2023-06-30 03:00:00+00:00,0.0,0.0,0.135,0.241,13.3,63,699.0,2.2
KHL_ZAN_03,2023-06-30 04:00:00+00:00,0.1,0.1,0.134,0.241,14.8,56,699.3,2.2
KHL_ZAN_03,2023-06-30 05:00:00+00:00,0.1,0.1,0.132,0.241,16.2,49,699.5,3.6
KHL_ZAN_03,2023-06-30 06:00:00+00:00,0.0,0.0,0.127,0.241,17.3,45,699.5,4.3
KHL_ZAN_03,2023-06-30 07:00:00+00:00,0.0,0.0,0.122,0.241,18.1,42,699.5,6.2
KHL_ZAN_03,2023-06-30 08:00:00+00:00,0.0,0.0,0.117,0.241,18.3,42,698.7,4.0
KHL_ZAN_03,2023-06-30 09:00:00+00:00,0.0,0.0,0.111,0.241,18.8,41,698.2,4.7
KHL_ZAN_03,2023-06-30 10:00:00+00:00,0.0,0.0,0.107,0.241,19.0,43,698.0,7.7
KHL_ZAN_03,2023-06-30 11:00:00+00:00,0.0,0.0,0.104,0.241,19.3,41,697.4,3.3
KHL_ZAN_03,2023-06-30 12:00:00+00:00,0.0,0.0,0.113,0.242,16.8,43,697.0,1.8
KHL_ZAN_03,2023-06-30 13:00:00+00:00,0.0,0.0,0.112,0.242,16.4,45,696.5,2.8
KHL_ZAN_03,2023-06-30 14:00:00+00:00,0.0,0.0,0.112,0.242,16.1,53,696.2,4.8
KHL_ZAN_03,2023-06-30 15:00:00+00:00,0.0,0.0,0.112,0.242,15.2,66,695.4,4.0
KHL_ZAN_03,2023-06-30 16:00:00+00:00,0.0,0.0,0.113,0.242,15.8,52,696.5,3.7
KHL_ZAN_03,2023-06-30 17:00:00+00:00,0.1,0.1,0.114,0.241,15.7,49,697.0,2.5
KHL_ZAN_03,2023-06-30 18:00:00+00:00,0.1,0.1,0.115,0.241,14.8,53,697.3,1.0
KHL_ZAN_03,2023-06-30 19:00:00+00:00,0.1,0.1,0.116,0.241,14.0,54,697.1,1.3
KHL_ZAN_03,2023-06-30 20:00:00+00:00,0.1,0.1,0.118,0.241,11.0,73,694.6,5.8
KHL_ZAN_03,2023-06-30 21:00:00+00:00,0.2,0.2,0.12,0.241,11.4,68,695.6,4.5
KHL_ZAN_03,2023-06-30 22:00:00+00:00,0.1,0.1,0.122,0.241,12.0,59,696.6,1.5
KHL_ZAN_03,2023-06-30 23:00:00+00:00,0.2,0.2,0.125,0.241,11.1,64,696.6,3.1
KHL_ZAN_03,2023-07-01 00:00:00+00:00,0.1,0.1,0.142,0.237,9.6,84,696.6,3.0
KHL_ZAN_03,2023-07-01 01:00:00+00:00,0.3,0.3,0.145,0.237,10.1,80,697.3,5.1
KHL_ZAN_03,2023-07-01 02:00:00+00:00,0.2,0.2,0.148,0.237,10.9,77,698.0,4.1
KHL_ZAN_03,2023-07-01 03:00:00+00:00,0.4,0.4,0.152,0.237,12.0,71,698.8,3.7
KHL_ZAN_03,2023-07-01 04:00:00+00:00,0.2,0.2,0.152,0.237,13.2,63,699.2,4.0
KHL_ZAN_03,2023-07-01 05:00:00+00:00,0.2,0.2,0.151,0.237,14.9,54,699.5,3.4
KHL_ZAN_03,2023-07-01 06:00:00+00:00,0.5,0.5,0.152,0.237,16.3,50,699.8,3.6
KHL_ZAN_03,2023-07-01 07:00:00+00:00,0.2,0.2,0.148,0.237,17.3,44,700.0,3.8
KHL_ZAN_03,2023-07-01 08:00:00+00:00,0.0,0.0,0.143,0.237,17.9,38,699.5,2.3
KHL_ZAN_03,2023-07-01 09:00:00+00:00,0.0,0.0,0.136,0.237,18.9,36,699.2,3.4
KHL_ZAN_03,2023-07-01 10:00:00+00:00,0.0,0.0,0.131,0.237,19.4,34,699.0,4.4
KHL_ZAN_03,2023-07-01 11:00:00+00:00,0.0,0.0,0.127,0.237,19.8,33,698.9,6.6
KHL_ZAN_03,2023-07-01 12:00:00+00:00,0.0,0.0,0.114,0.237,18.9,33,698.8,7.6
KHL_ZAN_03,2023-07-01 13:00:00+00:00,0.0,0.0,0.112,0.237,18.2,35,698.7,5.8
KHL_ZAN_03,2023-07-01 14:00:00+00:00,0.0,0.0,0.112,0.237,16.7,60,698.0,4.3
KHL_ZAN_03,2023-07-01 15:00:00+00:00,0.0,0.0,0.112,0.237,16.7,41,698.8,3.1
KHL_ZAN_03,2023-07-01 16:00:00+00:00,0.0,0.0,0.112,0.237,15.4,52,698.6,4.4
KHL_ZAN_03,2023-07-01 17:00:00+00:00,0.0,0.0,0.113,0.237,13.8,62,697.8,6.1
KHL_ZAN_03,2023-07-01 18:00:00+00:00,0.0,0.0,0.113,0.237,12.9,63,697.3,6.0
KHL_ZAN_03,2023-07-01 19:00:00+00:00,0.0,0.0,0.113,0.237,12.5,61,697.5,5.6
KHL_ZAN_03,2023-07-01 20:00:00+00:00,0.0,0.0,0.114,0.237,13.9,48,698.9,4.1
KHL_ZAN_03,2023-07-01 21:00:00+00:00,0.0,0.0,0.114,0.237,13.3,50,698.5,2.3
KHL_ZAN_03,2023-07-01 22:00:00+00:00,0.0,0.0,0.114,0.237,12.5,54,698.2,1.6
KHL_ZAN_03,2023-07-01 23:00:00+00:00,0.0,0.0,0.115,0.237,11.7,57,697.9,1.1
KHL_ZAN_03,2023-07-02 00:00:00+00:00,0.0,0.0,0.116,0.237,11.0,61,698.1,1.9
KHL_ZAN_03,2023-07-02 01:00:00+00:00,0.0,0.0,0.116,0.237,11.5,60,698.9,1.6
KHL_ZAN_03,2023-07-02 02:00:00+00:00,0.0,0.0,0.116,0.237,13.1,58,700.4,3.8
KHL_ZAN_03,2023-07-02 03:00:00+00:00,0.0,0.0,0.114,0.237,14.3,55,701.4,1.8
KHL_ZAN_03,2023-07-02 04:00:00+00:00,0.0,0.0,0.111,0.237,15.7,51,701.8,2.4
KHL_ZAN_03,2023-07-02 05:00:00+00:00,0.0,0.0,0.107,0.237,16.8,48,702.1,4.0
KHL_ZAN_03,2023-07-02 06:00:00+00:00,0.0,0.0,0.103,0.237,18.2,44,702.4,5.1
KHL_ZAN_03,2023-07-02 07:00:00+00:00,0.0,0.0,0.097,0.237,19.4,39,702.2,6.1
KHL_ZAN_03,2023-07-02 08:00:00+00:00,0.0,0.0,0.092,0.237,20.3,37,701.8,6.0
KHL_ZAN_03,2023-07-02 09:00:00+00:00,0.0,0.0,0.086,0.237,21.2,35,701.6,5.6
KHL_ZAN_03,2023-07-02 10:00:00+00:00,0.0,0.0,0.082,0.237,21.5,32,701.1,3.2
KHL_ZAN_03,2023-07-02 11:00:00+00:00,0.0,0.0,0.078,0.237,21.8,29,700.9,5.5
KHL_ZAN_03,2023-07-02 12:00:00+00:00,0.0,0.0,0.078,0.237,21.0,26,700.9,6.0
KHL_ZAN_03,2023-07-02 13:00:00+00:00,0.0,0.0,0.077,0.237,20.7,25,700.6,5.4
KHL_ZAN_03,2023-07-02 14:00:00+00:00,0.0,0.0,0.077,0.237,18.5,53,699.2,5.5
KHL_ZAN_03,2023-07-02 15:00:00+00:00,0.0,0.0,0.077,0.237,17.1,48,698.5,7.8
KHL_ZAN_03,2023-07-02 16:00:00+00:00,0.0,0.0,0.077,0.237,15.8,50,698.1,9.3
KHL_ZAN_03,2023-07-02 17:00:00+00:00,0.0,0.0,0.078,0.237,14.5,56,697.4,8.4
KHL_ZAN_03,2023-07-02 18:00:00+00:00,0.0,0.0,0.078,0.237,13.7,58,697.1,6.6
KHL_ZAN_03,2023-07-02 19:00:00+00:00,0.0,0.0,0.078,0.237,16.3,37,699.8,3.9
KHL_ZAN_03,2023-07-02 20:00:00+00:00,0.0,0.0,0.079,0.237,15.9,37,699.7,2.9
KHL_ZAN_03,2023-07-02 21:00:00+00:00,0.0,0.0,0.079,0.236,15.2,37,699.5,4.7
KHL_ZAN_03,2023-07-02 22:00:00+00:00,0.0,0.0,0.08,0.236,12.7,48,697.6,5.8
KHL_ZAN_03,2023-07-02 23:00:00+00:00,0.0,0.0,0.08,0.236,12.7,45,698.0,5.2
KHL_ZAN_03,2023-07-03 00:00:00+00:00,0.0,0.0,0.08,0.236,13.7,41,699.0,3.7
KHL_ZAN_03,2023-07-03 01:00:00+00:00,0.0,0.0,0.08,0.236,12.7,64,698.4,4.5
KHL_ZAN_03,2023-07-03 02:00:00+00:00,0.0,0.0,0.08,0.236,15.4,42,700.9,5.4
KHL_ZAN_03,2023-07-03 03:00:00+00:00,0.0,0.0,0.078,0.235,16.9,38,701.9,1.5
KHL_ZAN_03,2023-07-03 04:00:00+00:00,0.0,0.0,0.076,0.235,18.4,33,702.4,2.6
KHL_ZAN_03,2023-07-03 05:00:00+00:00,0.0,0.0,0.072,0.235,19.7,31,702.7,3.0
KHL_ZAN_03,2023-07-03 06:00:00+00:00,0.0,0.0,0.068,0.235,21.0,28,702.6,4.0
KHL_ZAN_03,2023-07-03 07:00:00+00:00,0.0,0.0,0.062,0.235,22.1,26,702.5,4.8
KHL_ZAN_03,2023-07-03 08:00:00+00:00,0.0,0.0,0.057,0.235,22.9,24,702.1,3.5
KHL_ZAN_03,2023-07-03 09:00:00+00:00,0.0,0.0,0.053,0.235,23.6,20,701.6,5.1
KHL_ZAN_03,2023-07-03 10:00:00+00:00,0.0,0.0,0.05,0.235,23.8,19,700.9,4.6
KHL_ZAN_03,2023-07-03 11:00:00+00:00,0.0,0.0,0.047,0.235,24.2,18,700.4,4.8
KHL_ZAN_03,2023-07-03 12:00:00+00:00,0.0,0.0,0.047,0.235,23.2,18,699.9,3.9
KHL_ZAN_03,2023-07-03 13:00:00+00:00,0.0,0.0,0.047,0.235,23.0,19,699.8,2.9
KHL_ZAN_03,2023-07-03 14:00:00+00:00,0.0,0.0,0.047,0.235,22.5,39,699.2,5.5
KHL_ZAN_03,2023-07-03 15:00:00+00:00,0.0,0.0,0.047,0.235,20.7,30,699.5,10.9
KHL_ZAN_03,2023-07-03 16:00:00+00:00,0.0,0.0,0.047,0.235,17.5,50,698.8,7.5
KHL_ZAN_03,2023-07-03 17:00:00+00:00,0.0,0.0,0.047,0.235,17.2,57,699.3,5.9
KHL_ZAN_03,2023-07-03 18:00:00+00:00,0.0,0.0,0.047,0.235,16.2,58,698.6,6.4
KHL_ZAN_03,2023-07-03 19:00:00+00:00,0.0,0.0,0.048,0.235,14.3,62,697.0,7.4
KHL_ZAN_03,2023-07-03 20:00:00+00:00,0.0,0.0,0.048,0.235,13.5,63,696.3,7.6
KHL_ZAN_03,2023-07-03 21:00:00+00:00,0.0,0.0,0.049,0.235,12.7,64,695.6,8.2
KHL_ZAN_03,2023-07-03 22:00:00+00:00,0.0,0.0,0.049,0.235,11.8,67,694.6,7.8
KHL_ZAN_03,2023-07-03 23:00:00+00:00,0.0,0.0,0.05,0.235,13.2,56,696.1,4.7
KHL_ZAN_03,2023-07-04 00:00:00+00:00,0.0,0.0,0.051,0.235,14.4,47,697.1,3.7
KHL_ZAN_03,2023-07-04 01:00:00+00:00,0.0,0.0,0.051,0.234,13.8,63,697.0,3.1
KHL_ZAN_03,2023-07-04 02:00:00+00:00,0.0,0.0,0.051,0.234,16.0,48,698.8,3.4
KHL_ZAN_03,2023-07-04 03:00:00+00:00,0.0,0.0,0.05,0.234,17.3,46,699.6,4.7
KHL_ZAN_03,2023-07-04 04:00:00+00:00,0.0,0.0,0.049,0.234,18.3,40,700.1,6.5
KHL_ZAN_03,2023-07-04 05:00:00+00:00,0.0,0.0,0.047,0.234,18.9,38,700.4,6.5
KHL_ZAN_03,2023-07-04 06:00:00+00:00,0.0,0.0,0.045,0.234,19.5,37,700.2,5.4
KHL_ZAN_03,2023-07-04 07:00:00+00:00,0.0,0.0,0.043,0.234,20.4,35,700.0,5.8
KHL_ZAN_03,2023-07-04 08:00:00+00:00,0.0,0.0,0.04,0.234,20.5,35,699.6,5.3
KHL_ZAN_03,2023-07-04 09:00:00+00:00,0.0,0.0,0.037,0.234,21.4,35,699.1,6.4
KHL_ZAN_03,2023-07-04 10:00:00+00:00,0.5,0.5,0.042,0.234,21.8,32,698.4,5.0
KHL_ZAN_03,2023-07-04 11:00:00+00:00,1.4,1.4,0.057,0.234,20.8,40,697.7,1.8
KHL_ZAN_03,2023-07-04 12:00:00+00:00,0.2,0.2,0.049,0.234,20.7,34,697.4,5.5
KHL_ZAN_03,2023-07-04 13:00:00+00:00,0.0,0.0,0.049,0.234,19.9,36,697.4,5.4
KHL_ZAN_03,2023-07-04 14:00:00+00:00,0.0,0.0,0.048,0.234,19.0,39,697.1,2.2
KHL_ZAN_03,2023-07-04 15:00:00+00:00,0.0,0.0,0.049,0.234,18.3,65,697.1,1.9
KHL_ZAN_03,2023-07-04 16:00:00+00:00,0.0,0.0,0.049,0.234,18.3,38,697.7,1.6
KHL_ZAN_03,2023-07-04 17:00:00+00:00,0.0,0.0,0.049,0.234,18.0,37,697.8,2.3
KHL_ZAN_03,2023-07-04 18:00:00+00:00,0.0,0.0,0.05,0.234,17.4,37,697.6,2.8
KHL_ZAN_03,2023-07-04 19:00:00+00:00,0.0,0.0,0.05,0.234,16.5,46,697.0,3.3
KHL_ZAN_03,2023-07-04 20:00:00+00:00,0.0,0.0,0.051,0.234,16.1,48,696.5,2.9
KHL_ZAN_03,2023-07-04 21:00:00+00:00,0.0,0.0,0.051,0.233,16.2,37,696.6,1.8
KHL_ZAN_03,2023-07-04 22:00:00+00:00,0.0,0.0,0.052,0.233,15.9,39,696.2,2.2
KHL_ZAN_03,2023-07-04 23:00:00+00:00,0.0,0.0,0.052,0.233,15.1,47,695.7,3.4
KHL_ZAN_03,2023-07-05 00:00:00+00:00,0.0,0.0,0.049,0.235,14.2,47,696.4,1.5
KHL_ZAN_03,2023-07-05 01:00:00+00:00,0.0,0.0,0.049,0.235,14.3,49,696.7,1.1
KHL_ZAN_03,2023-07-05 02:00:00+00:00,0.0,0.0,0.05,0.235,14.7,48,696.9,2.3
KHL_ZAN_03,2023-07-05 03:00:00+00:00,0.0,0.0,0.049,0.235,16.2,45,697.5,2.9
KHL_ZAN_03,2023-07-05 04:00:00+00:00,0.0,0.0,0.049,0.235,15.5,47,697.3,4.3
KHL_ZAN_03,2023-07-05 05:00:00+00:00,0.2,0.2,0.051,0.235,15.3,49,697.7,5.9
KHL_ZAN_03,2023-07-05 06:00:00+00:00,0.4,0.4,0.056,0.235,14.6,54,697.8,5.2
KHL_ZAN_03,2023-07-05 07:00:00+00:00,0.2,0.2,0.058,0.235,14.8,55,698.0,4.7
KHL_ZAN_03,2023-07-05 08:00:00+00:00,0.3,0.3,0.06,0.235,15.1,56,697.8,4.0
KHL_ZAN_03,2023-07-05 09:00:00+00:00,0.4,0.4,0.065,0.235,14.7,58,697.5,3.3
KHL_ZAN_03,2023-07-05 10:00:00+00:00,0.5,0.5,0.07,0.235,14.8,58,697.3,0.8
KHL_ZAN_03,2023-07-05 11:00:00+00:00,0.1,0.1,0.071,0.235,15.0,59,696.9,2.2
KHL_ZAN_03,2023-07-05 12:00:00+00:00,0.3,0.3,0.073,0.233,14.4,61,696.8,1.6
KHL_ZAN_03,2023-07-05 13:00:00+00:00,0.1,0.1,0.074,0.233,14.2,63,696.9,1.8
KHL_ZAN_03,2023-07-05 14:00:00+00:00,0.2,0.2,0.077,0.233,13.7,66,696.8,1.3
KHL_ZAN_03,2023-07-05 15:00:00+00:00,0.1,0.1,0.077,0.233,13.3,71,696.9,3.4
KHL_ZAN_03,2023-07-05 16:00:00+00:00,0.0,0.0,0.078,0.233,13.3,74,697.3,3.1
KHL_ZAN_03,2023-07-05 17:00:00+00:00,0.0,0.0,0.078,0.233,12.7,70,697.3,1.8
KHL_ZAN_03,2023-07-05 18:00:00+00:00,0.2,0.2,0.081,0.233,11.9,81,697.3,1.5
KHL_ZAN_03,2023-07-05 19:00:00+00:00,0.2,0.2,0.084,0.232,11.4,77,697.1,1.4
KHL_ZAN_03,2023-07-05 20:00:00+00:00,0.1,0.1,0.085,0.232,11.4,77,697.1,1.5
KHL_ZAN_03,2023-07-05 21:00:00+00:00,0.1,0.1,0.086,0.232,11.3,76,697.0,0.8
KHL_ZAN_03,2023-07-05 22:00:00+00:00,0.1,0.1,0.087,0.232,10.9,76,696.7,0.7
KHL_ZAN_03,2023-07-05 23:00:00+00:00,1.2,1.2,0.102,0.232,10.2,81,696.7,1.5
KHL_ZAN_03,2023-07-06 00:00:00+00:00,1.0,1.0,0.118,0.235,11.2,84,697.0,2.6
KHL_ZAN_03,2023-07-06 01:00:00+00:00,0.3,0.3,0.122,0.235,11.2,81,697.3,3.3
KHL_ZAN_03,2023-07-06 02:00:00+00:00,1.0,1.0,0.133,0.235,11.5,77,697.7,2.2
KHL_ZAN_03,2023-07-06 03:00:00+00:00,0.2,0.2,0.135,0.235,12.0,73,698.2,2.6
KHL_ZAN_03,2023-07-06 04:00:00+00:00,0.0,0.0,0.134,0.235,13.3,66,699.2,1.9
KHL_ZAN_03,2023-07-06 05:00:00+00:00,0.0,0.0,0.132,0.235,14.8,59,699.5,2.1
KHL_ZAN_03,2023-07-06 06:00:00+00:00,0.0,0.0,0.13,0.235,15.1,58,699.6,4.0
KHL_ZAN_03,2023-07-06 07:00:00+00:00,0.0,0.0,0.126,0.234,15.7,60,699.9,5.4
KHL_ZAN_03,2023-07-06 08:00:00+00:00,0.0,0.0,0.122,0.234,16.7,56,699.8,2.1
KHL_ZAN_03,2023-07-06 09:00:00+00:00,0.1,0.1,0.119,0.234,16.5,58,699.4,2.2
KHL_ZAN_03,2023-07-06 10:00:00+00:00,0.1,0.1,0.117,0.234,16.5,57,699.0,0.8
KHL_ZAN_03,2023-07-06 11:00:00+00:00,0.1,0.1,0.116,0.234,16.1,59,698.9,3.3
KHL_ZAN_03,2023-07-06 12:00:00+00:00,0.0,0.0,0.12,0.234,15.0,60,698.8,5.4
KHL_ZAN_03,2023-07-06 13:00:00+00:00,0.5,0.5,0.126,0.234,14.6,62,699.1,1.8
KHL_ZAN_03,2023-07-06 14:00:00+00:00,0.5,0.5,0.131,0.234,14.1,65,699.0,2.5
KHL_ZAN_03,2023-07-06 15:00:00+00:00,0.1,0.1,0.132,0.234,13.9,68,699.3,6.5
KHL_ZAN_03,2023-07-06 16:00:00+00:00,0.0,0.0,0.132,0.234,13.7,70,699.1,5.1
KHL_ZAN_03,2023-07-06 17:00:00+00:00,0.0,0.0,0.132,0.234,13.5,69,699.1,0.8
KHL_ZAN_03,2023-07-06 18:00:00+00:00,0.2,0.2,0.135,0.234,12.7,79,698.8,3.6
KHL_ZAN_03,2023-07-06 19:00:00+00:00,1.0,1.0,0.147,0.234,11.6,80,698.7,4.1
KHL_ZAN_03,2023-07-06 20:00:00+00:00,1.5,1.5,0.166,0.234,10.8,78,698.4,2.9
KHL_ZAN_03,2023-07-06 21:00:00+00:00,1.3,1.2,0.181,0.234,10.1,76,697.9,1.5
KHL_ZAN_03,2023-07-06 22:00:00+00:00,0.4,0.4,0.186,0.234,9.8,80,697.6,1.1
KHL_ZAN_03,2023-07-06 23:00:00+00:00,0.9,0.9,0.198,0.234,9.9,80,697.8,3.0
KHL_ZAN_03,2023-07-07 00:00:00+00:00,1.0,1.0,0.163,0.233,10.6,85,697.8,1.5
KHL_ZAN_03,2023-07-07 01:00:00+00:00,0.0,0.0,0.163,0.233,10.6,80,698.3,3.4
KHL_ZAN_03,2023-07-07 02:00:00+00:00,0.0,0.0,0.163,0.233,11.2,76,698.6,4.5
KHL_ZAN_03,2023-07-07 03:00:00+00:00,0.0,0.0,0.162,0.233,13.5,62,699.2,4.2
KHL_ZAN_03,2023-07-07 04:00:00+00:00,0.0,0.0,0.159,0.233,15.5,54,699.5,3.8
KHL_ZAN_03,2023-07-07 05:00:00+00:00,0.0,0.0,0.156,0.233,17.0,51,699.7,4.9
KHL_ZAN_03,2023-07-07 06:00:00+00:00,0.0,0.0,0.152,0.233,17.3,53,699.5,5.0
KHL_ZAN_03,2023-07-07 07:00:00+00:00,0.6,0.6,0.155,0.233,16.6,59,699.7,8.8
KHL_ZAN_03,2023-07-07 08:00:00+00:00,0.0,0.0,0.15,0.233,17.5,55,699.7,8.2
KHL_ZAN_03,2023-07-07 09:00:00+00:00,0.0,0.0,0.147,0.233,16.7,58,699.0,8.1
KHL_ZAN_03,2023-07-07 10:00:00+00:00,0.3,0.3,0.148,0.233,14.9,70,698.8,3.0
KHL_ZAN_03,2023-07-07 11:00:00+00:00,3.3,3.3,0.185,0.233,14.1,76,698.5,2.5
KHL_ZAN_03,2023-07-07 12:00:00+00:00,2.4,2.4,0.209,0.233,13.5,72,698.8,1.3
KHL_ZAN_03,2023-07-07 13:00:00+00:00,0.7,0.7,0.216,0.233,12.9,79,698.8,4.0
KHL_ZAN_03,2023-07-07 14:00:00+00:00,0.1,0.1,0.217,0.233,12.7,80,698.9,5.1
KHL_ZAN_03,2023-07-07 15:00:00+00:00,0.1,0.1,0.218,0.233,11.9,86,698.9,6.5
KHL_ZAN_03,2023-07-07 16:00:00+00:00,0.0,0.0,0.218,0.233,11.5,88,698.7,4.5
KHL_ZAN_03,2023-07-07 17:00:00+00:00,0.0,0.0,0.218,0.234,12.3,77,699.8,2.1
KHL_ZAN_03,2023-07-07 18:00:00+00:00,0.0,0.0,0.218,0.234,12.2,77,700.0,2.2
KHL_ZAN_03,2023-07-07 19:00:00+00:00,0.0,0.0,0.218,0.234,11.3,86,699.1,2.6
KHL_ZAN_03,2023-07-07 20:00:00+00:00,0.1,0.1,0.219,0.234,11.4,76,699.0,1.5
KHL_ZAN_03,2023-07-07 21:00:00+00:00,0.0,0.0,0.219,0.234,11.0,76,698.5,1.1
KHL_ZAN_03,2023-07-07 22:00:00+00:00,0.0,0.0,0.219,0.234,10.7,76,698.4,0.8
KHL_ZAN_03,2023-07-07 23:00:00+00:00,0.0,0.0,0.219,0.234,10.3,78,697.8,0.8
KHL_ZAN_03,2023-07-08 00:00:00+00:00,0.0,0.0,0.249,0.235,11.1,75,696.8,1.5
KHL_ZAN_03,2023-07-08 01:00:00+00:00,0.0,0.0,0.249,0.235,11.8,72,697.7,1.3
KHL_ZAN_03,2023-07-08 02:00:00+00:00,0.0,0.0,0.248,0.235,13.6,68,699.2,2.2
KHL_ZAN_03,2023-07-08 03:00:00+00:00,0.0,0.0,0.247,0.236,15.4,57,700.2,4.7
KHL_ZAN_03,2023-07-08 04:00:00+00:00,0.0,0.0,0.243,0.236,16.7,51,700.5,4.7
KHL_ZAN_03,2023-07-08 05:00:00+00:00,0.0,0.0,0.24,0.236,17.1,50,700.8,3.7
KHL_ZAN_03,2023-07-08 06:00:00+00:00,0.2,0.2,0.239,0.236,16.5,52,700.7,5.0
KHL_ZAN_03,2023-07-08 07:00:00+00:00,0.1,0.1,0.234,0.236,17.1,55,700.9,5.4
KHL_ZAN_03,2023-07-08 08:00:00+00:00,0.6,0.6,0.238,0.236,16.5,57,699.9,5.4
KHL_ZAN_03,2023-07-08 09:00:00+00:00,0.6,0.6,0.242,0.236,15.6,65,699.6,5.8
KHL_ZAN_03,2023-07-08 10:00:00+00:00,0.2,0.2,0.242,0.236,15.8,61,699.3,2.9
KHL_ZAN_03,2023-07-08 11:00:00+00:00,0.4,0.4,0.245,0.236,15.9,61,699.3,3.8
KHL_ZAN_03,2023-07-08 12:00:00+00:00,0.6,0.6,0.298,0.237,13.1,66,700.0,4.0
KHL_ZAN_03,2023-07-08 13:00:00+00:00,2.3,2.3,0.324,0.237,11.8,74,699.9,3.6
KHL_ZAN_03,2023-07-08 14:00:00+00:00,2.5,2.5,0.352,0.238,10.2,81,699.0,6.6
KHL_ZAN_03,2023-07-08 15:00:00+00:00,2.1,2.1,0.373,0.239,9.5,83,699.1,5.8
KHL_ZAN_03,2023-07-08 16:00:00+00:00,1.9,1.9,0.39,0.241,9.0,86,699.3,3.7
KHL_ZAN_03,2023-07-08 17:00:00+00:00,1.9,1.9,0.403,0.244,8.5,89,698.9,3.2
KHL_ZAN_03,2023-07-08 18:00:00+00:00,2.1,2.1,0.415,0.249,7.9,91,698.6,3.8
KHL_ZAN_03,2023-07-08 19:00:00+00:00,2.6,2.6,0.424,0.256,7.1,95,697.6,3.1
KHL_ZAN_03,2023-07-08 20:00:00+00:00,2.8,2.8,0.427,0.265,6.7,96,697.1,3.8
KHL_ZAN_03,2023-07-08 21:00:00+00:00,2.6,2.6,0.427,0.275,6.4,95,696.4,2.6
KHL_ZAN_03,2023-07-08 22:00:00+00:00,2.4,2.4,0.427,0.284,6.2,96,695.9,1.3
KHL_ZAN_03,2023-07-08 23:00:00+00:00,2.6,2.6,0.428,0.293,5.8,98,695.7,3.1
KHL_ZAN_03,2023-07-09 00:00:00+00:00,3.7,2.5,0.427,0.287,7.5,90,696.6,1.4
KHL_ZAN_03,2023-07-09 01:00:00+00:00,2.5,2.5,0.429,0.296,6.5,96,696.3,3.1
KHL_ZAN_03,2023-07-09 02:00:00+00:00,2.3,2.3,0.427,0.305,6.3,95,696.3,3.5
KHL_ZAN_03,2023-07-09 03:00:00+00:00,1.8,1.8,0.425,0.312,6.6,92,697.0,4.1
KHL_ZAN_03,2023-07-09 04:00:00+00:00,1.6,1.6,0.424,0.319,7.0,92,697.6,4.1
KHL_ZAN_03,2023-07-09 05:00:00+00:00,1.0,1.0,0.42,0.324,8.7,85,698.4,4.8
KHL_ZAN_03,2023-07-09 06:00:00+00:00,0.7,0.7,0.415,0.328,8.9,87,698.3,5.0
KHL_ZAN_03,2023-07-09 07:00:00+00:00,1.3,1.3,0.419,0.331,8.8,88,698.6,4.0
KHL_ZAN_03,2023-07-09 08:00:00+00:00,2.3,2.3,0.428,0.336,7.8,92,698.1,4.7
KHL_ZAN_03,2023-07-09 09:00:00+00:00,2.4,2.4,0.432,0.344,7.3,95,698.0,4.0
KHL_ZAN_03,2023-07-09 10:00:00+00:00,3.4,3.4,0.435,0.355,6.6,95,698.0,3.3
KHL_ZAN_03,2023-07-09 11:00:00+00:00,3.1,3.1,0.435,0.366,6.6,94,698.1,1.3
KHL_ZAN_03,2023-07-09 12:00:00+00:00,2.1,2.1,0.433,0.407,7.4,92,698.5,2.2
KHL_ZAN_03,2023-07-09 13:00:00+00:00,0.5,0.5,0.428,0.409,8.0,92,698.6,2.6
KHL_ZAN_03,2023-07-09 14:00:00+00:00,0.1,0.1,0.424,0.41,8.5,89,698.2,2.4
KHL_ZAN_03,2023-07-09 15:00:00+00:00,0.1,0.1,0.421,0.411,8.8,92,698.0,1.6
KHL_ZAN_03,2023-07-09 16:00:00+00:00,0.0,0.0,0.419,0.41,9.2,89,698.2,1.4
KHL_ZAN_03,2023-07-09 17:00:00+00:00,0.0,0.0,0.416,0.41,9.6,88,698.2,1.0
KHL_ZAN_03,2023-07-09 18:00:00+00:00,0.0,0.0,0.415,0.41,10.0,84,698.3,0.7
KHL_ZAN_03,2023-07-09 19:00:00+00:00,0.0,0.0,0.413,0.409,10.2,82,698.2,1.1
KHL_ZAN_03,2023-07-09 20:00:00+00:00,0.0,0.0,0.412,0.409,10.1,81,697.7,2.3
KHL_ZAN_03,2023-07-09 21:00:00+00:00,0.0,0.0,0.41,0.408,10.1,79,697.4,1.5
KHL_ZAN_03,2023-07-09 22:00:00+00:00,0.0,0.0,0.409,0.408,10.0,78,697.4,2.4
KHL_ZAN_03,2023-07-09 23:00:00+00:00,0.0,0.0,0.408,0.407,10.1,76,697.7,0.8
KHL_ZAN_03,2023-07-10 00:00:00+00:00,0.0,0.0,0.408,0.408,9.8,76,697.5,3.3
KHL_ZAN_03,2023-07-10 01:00:00+00:00,0.0,0.0,0.407,0.407,10.2,70,697.7,6.6
KHL_ZAN_03,2023-07-10 02:00:00+00:00,0.0,0.0,0.405,0.406,10.4,77,697.8,3.8
KHL_ZAN_03,2023-07-10 03:00:00+00:00,0.0,0.0,0.404,0.406,12.0,71,699.0,4.3
KHL_ZAN_03,2023-07-10 04:00:00+00:00,0.0,0.0,0.4,0.405,13.7,68,699.9,5.2
KHL_ZAN_03,2023-07-10 05:00:00+00:00,0.1,0.1,0.397,0.405,14.8,63,700.3,4.3
KHL_ZAN_03,2023-07-10 06:00:00+00:00,0.0,0.0,0.39,0.404,16.1,57,700.9,2.9
KHL_ZAN_03,2023-07-10 07:00:00+00:00,0.0,0.0,0.385,0.403,16.7,54,700.8,3.1
KHL_ZAN_03,2023-07-10 08:00:00+00:00,0.0,0.0,0.381,0.402,16.4,53,700.6,3.6
KHL_ZAN_03,2023-07-10 09:00:00+00:00,0.1,0.1,0.38,0.401,15.9,52,700.7,3.9
KHL_ZAN_03,2023-07-10 10:00:00+00:00,0.2,0.2,0.38,0.4,15.6,54,700.7,4.1
KHL_ZAN_03,2023-07-10 11:00:00+00:00,0.2,0.2,0.38,0.4,15.3,53,700.2,2.2
KHL_ZAN_03,2023-07-10 12:00:00+00:00,0.1,0.1,0.381,0.4,15.6,50,700.1,3.1
KHL_ZAN_03,2023-07-10 13:00:00+00:00,0.0,0.0,0.38,0.399,15.5,53,700.2,2.8
KHL_ZAN_03,2023-07-10 14:00:00+00:00,0.0,0.0,0.38,0.398,15.1,50,699.9,2.1
KHL_ZAN_03,2023-07-10 15:00:00+00:00,0.0,0.0,0.38,0.397,13.9,64,699.3,2.9
KHL_ZAN_03,2023-07-10 16:00:00+00:00,0.0,0.0,0.38,0.397,13.1,62,699.0,3.8
KHL_ZAN_03,2023-07-10 17:00:00+00:00,0.0,0.0,0.38,0.396,12.0,64,698.0,4.0
KHL_ZAN_03,2023-07-10 18:00:00+00:00,0.0,0.0,0.38,0.395,11.0,65,697.1,4.0
KHL_ZAN_03,2023-07-10 19:00:00+00:00,0.0,0.0,0.38,0.395,7.8,81,694.6,6.5
KHL_ZAN_03,2023-07-10 20:00:00+00:00,0.0,0.0,0.38,0.394,5.8,83,693.3,6.5
KHL_ZAN_03,2023-07-10 21:00:00+00:00,0.0,0.0,0.38,0.394,4.8,85,693.1,6.1
KHL_ZAN_03,2023-07-10 22:00:00+00:00,0.0,0.0,0.38,0.393,4.0,84,692.6,6.8
KHL_ZAN_03,2023-07-10 23:00:00+00:00,0.0,0.0,0.379,0.393,3.0,86,692.1,6.5
KHL_ZAN_03,2023-07-11 00:00:00+00:00,0.0,0.0,0.381,0.392,4.1,84,695.1,5.2
KHL_ZAN_03,2023-07-11 01:00:00+00:00,0.0,0.0,0.381,0.392,5.4,80,696.2,6.8
KHL_ZAN_03,2023-07-11 02:00:00+00:00,0.0,0.0,0.38,0.391,7.9,81,698.8,5.7
KHL_ZAN_03,2023-07-11 03:00:00+00:00,0.0,0.0,0.378,0.391,10.5,69,700.6,5.2
KHL_ZAN_03,2023-07-11 04:00:00+00:00,0.0,0.0,0.374,0.39,12.9,61,701.6,5.2
KHL_ZAN_03,2023-07-11 05:00:00+00:00,0.0,0.0,0.369,0.39,14.8,56,701.8,3.6
KHL_ZAN_03,2023-07-11 06:00:00+00:00,0.1,0.1,0.363,0.389,16.5,53,702.3,4.7
KHL_ZAN_03,2023-07-11 07:00:00+00:00,0.3,0.3,0.359,0.389,17.6,48,702.4,4.8
KHL_ZAN_03,2023-07-11 08:00:00+00:00,0.2,0.2,0.353,0.388,18.7,43,702.2,5.0
KHL_ZAN_03,2023-07-11 09:00:00+00:00,0.0,0.0,0.347,0.387,19.1,40,701.7,4.7
KHL_ZAN_03,2023-07-11 10:00:00+00:00,0.0,0.0,0.341,0.386,19.1,40,701.4,4.7
KHL_ZAN_03,2023-07-11 11:00:00+00:00,0.0,0.0,0.337,0.385,19.1,37,700.9,5.3
KHL_ZAN_03,2023-07-11 12:00:00+00:00,0.0,0.0,0.333,0.384,18.6,36,700.8,4.3
KHL_ZAN_03,2023-07-11 13:00:00+00:00,0.0,0.0,0.332,0.383,16.1,63,699.0,9.2
KHL_ZAN_03,2023-07-11 14:00:00+00:00,0.0,0.0,0.333,0.382,13.5,68,698.0,9.3
KHL_ZAN_03,2023-07-11 15:00:00+00:00,0.0,0.0,0.334,0.382,10.7,68,696.9,10.5
KHL_ZAN_03,2023-07-11 16:00:00+00:00,0.0,0.0,0.335,0.381,8.9,75,696.2,9.4
KHL_ZAN_03,2023-07-11 17:00:00+00:00,0.0,0.0,0.336,0.38,8.3,78,696.2,7.9
KHL_ZAN_03,2023-07-11 18:00:00+00:00,0.0,0.0,0.336,0.38,8.0,79,696.5,6.1
KHL_ZAN_03,2023-07-11 19:00:00+00:00,0.0,0.0,0.337,0.379,7.7,79,696.5,6.8
KHL_ZAN_03,2023-07-11 20:00:00+00:00,0.0,0.0,0.338,0.378,7.2,80,696.0,7.6
KHL_ZAN_03,2023-07-11 21:00:00+00:00,0.0,0.0,0.339,0.378,6.6,81,695.7,7.2
KHL_ZAN_03,2023-07-11 22:00:00+00:00,0.0,0.0,0.34,0.377,6.1,83,695.5,6.9
KHL_ZAN_03,2023-07-11 23:00:00+00:00,0.0,0.0,0.341,0.377,5.8,85,695.9,7.2
KHL_ZAN_03,2023-07-12 00:00:00+00:00,0.0,0.0,0.341,0.375,10.0,57,699.0,2.4
KHL_ZAN_03,2023-07-12 01:00:00+00:00,0.0,0.0,0.342,0.375,10.3,63,699.5,4.7
KHL_ZAN_03,2023-07-12 02:00:00+00:00,0.0,0.0,0.341,0.374,11.4,67,700.9,4.9
KHL_ZAN_03,2023-07-12 03:00:00+00:00,0.0,0.0,0.34,0.374,12.6,67,701.7,1.9
KHL_ZAN_03,2023-07-12 04:00:00+00:00,0.0,0.0,0.337,0.374,13.7,67,702.2,3.8
KHL_ZAN_03,2023-07-12 05:00:00+00:00,0.0,0.0,0.333,0.373,14.5,64,702.4,4.1
KHL_ZAN_03,2023-07-12 06:00:00+00:00,0.0,0.0,0.329,0.372,14.9,65,702.4,1.1
KHL_ZAN_03,2023-07-12 07:00:00+00:00,0.1,0.1,0.324,0.372,15.4,67,702.4,0.4
KHL_ZAN_03,2023-07-12 08:00:00+00:00,0.0,0.0,0.317,0.371,17.0,60,702.4,2.3
KHL_ZAN_03,2023-07-12 09:00:00+00:00,0.0,0.0,0.312,0.371,17.2,59,702.0,4.0
KHL_ZAN_03,2023-07-12 10:00:00+00:00,0.0,0.0,0.308,0.37,17.5,56,701.7,3.1
KHL_ZAN_03,2023-07-12 11:00:00+00:00,0.1,0.1,0.305,0.369,17.7,54,701.6,5.5
KHL_ZAN_03,2023-07-12 12:00:00+00:00,0.1,0.1,0.304,0.369,18.3,42,701.7,5.7
KHL_ZAN_03,2023-07-12 13:00:00+00:00,0.0,0.0,0.304,0.368,17.6,45,701.3,6.9
KHL_ZAN_03,2023-07-12 14:00:00+00:00,0.0,0.0,0.304,0.368,15.4,64,700.1,6.3
KHL_ZAN_03,2023-07-12 15:00:00+00:00,0.0,0.0,0.306,0.367,14.0,66,699.5,6.9
KHL_ZAN_03,2023-07-12 16:00:00+00:00,0.0,0.0,0.307,0.366,12.7,71,699.3,7.3
KHL_ZAN_03,2023-07-12 17:00:00+00:00,0.0,0.0,0.308,0.366,11.5,73,698.8,5.1
KHL_ZAN_03,2023-07-12 18:00:00+00:00,0.0,0.0,0.309,0.365,11.5,67,699.4,4.5
KHL_ZAN_03,2023-07-12 19:00:00+00:00,0.0,0.0,0.311,0.365,11.6,63,699.8,4.2
KHL_ZAN_03,2023-07-12 20:00:00+00:00,0.0,0.0,0.312,0.364,11.3,61,699.5,4.2
KHL_ZAN_03,2023-07-12 21:00:00+00:00,0.0,0.0,0.313,0.364,11.6,54,699.8,4.2
KHL_ZAN_03,2023-07-12 22:00:00+00:00,0.0,0.0,0.314,0.363,11.7,50,700.0,4.1
KHL_ZAN_03,2023-07-12 23:00:00+00:00,0.0,0.0,0.315,0.363,11.6,49,700.1,4.1
KHL_ZAN_03,2023-07-13 00:00:00+00:00,0.0,0.0,0.315,0.362,12.0,54,700.3,3.6
KHL_ZAN_03,2023-07-13 01:00:00+00:00,0.0,0.0,0.316,0.362,11.3,70,700.0,3.4
KHL_ZAN_03,2023-07-13 02:00:00+00:00,0.0,0.0,0.316,0.361,13.3,53,701.9,4.5
KHL_ZAN_03,2023-07-13 03:00:00+00:00,0.0,0.0,0.315,0.361,14.4,54,702.4,5.1
KHL_ZAN_03,2023-07-13 04:00:00+00:00,0.0,0.0,0.312,0.36,15.9,51,703.0,4.7
KHL_ZAN_03,2023-07-13 05:00:00+00:00,0.0,0.0,0.307,0.36,17.5,47,703.2,4.3
KHL_ZAN_03,2023-07-13 06:00:00+00:00,0.0,0.0,0.301,0.359,18.7,43,703.4,3.1
KHL_ZAN_03,2023-07-13 07:00:00+00:00,0.0,0.0,0.295,0.359,19.4,41,703.4,0.7
KHL_ZAN_03,2023-07-13 08:00:00+00:00,0.0,0.0,0.289,0.358,20.1,39,703.1,0.5
KHL_ZAN_03,2023-07-13 09:00:00+00:00,0.0,0.0,0.282,0.358,20.9,35,702.9,1.6
KHL_ZAN_03,2023-07-13 10:00:00+00:00,0.0,0.0,0.277,0.357,21.4,31,702.5,2.9
KHL_ZAN_03,2023-07-13 11:00:00+00:00,0.0,0.0,0.273,0.356,21.5,28,702.3,4.3
KHL_ZAN_03,2023-07-13 12:00:00+00:00,0.0,0.0,0.271,0.354,20.8,30,702.2,1.9
KHL_ZAN_03,2023-07-13 13:00:00+00:00,0.0,0.0,0.271,0.354,20.5,32,702.0,1.8
KHL_ZAN_03,2023-07-13 14:00:00+00:00,0.0,0.0,0.272,0.353,20.2,26,702.0,1.8
KHL_ZAN_03,2023-07-13 15:00:00+00:00,0.0,0.0,0.274,0.353,19.4,28,701.9,1.5
KHL_ZAN_03,2023-07-13 16:00:00+00:00,0.0,0.0,0.275,0.352,17.8,31,701.4,0.8
KHL_ZAN_03,2023-07-13 17:00:00+00:00,0.0,0.0,0.276,0.351,16.2,36,700.7,2.2
KHL_ZAN_03,2023-07-13 18:00:00+00:00,0.0,0.0,0.278,0.351,15.0,42,700.2,2.5
KHL_ZAN_03,2023-07-13 19:00:00+00:00,0.0,0.0,0.279,0.35,14.8,43,700.5,2.3
KHL_ZAN_03,2023-07-13 20:00:00+00:00,0.0,0.0,0.28,0.35,14.4,44,700.3,2.3
KHL_ZAN_03,2023-07-13 21:00:00+00:00,0.0,0.0,0.281,0.349,14.3,41,700.4,3.2
KHL_ZAN_03,2023-07-13 22:00:00+00:00,0.0,0.0,0.282,0.349,14.1,39,700.2,2.9
KHL_ZAN_03,2023-07-13 23:00:00+00:00,0.0,0.0,0.284,0.348,13.7,38,700.1,2.9
KHL_ZAN_03,2023-07-14 00:00:00+00:00,0.0,0.0,0.286,0.349,14.2,36,699.9,2.9
KHL_ZAN_03,2023-07-14 01:00:00+00:00,0.0,0.0,0.287,0.349,13.2,46,699.4,3.0
KHL_ZAN_03,2023-07-14 02:00:00+00:00,0.0,0.0,0.287,0.348,15.3,40,701.3,2.8
KHL_ZAN_03,2023-07-14 03:00:00+00:00,0.0,0.0,0.286,0.348,16.5,39,702.2,2.6
KHL_ZAN_03,2023-07-14 04:00:00+00:00,0.0,0.0,0.282,0.347,17.9,40,702.7,2.5
KHL_ZAN_03,2023-07-14 05:00:00+00:00,0.0,0.0,0.277,0.347,19.4,38,703.3,2.4
KHL_ZAN_03,2023-07-14 06:00:00+00:00,0.0,0.0,0.271,0.346,20.9,36,703.6,2.9
KHL_ZAN_03,2023-07-14 07:00:00+00:00,0.0,0.0,0.264,0.346,22.1,35,703.5,4.3
KHL_ZAN_03,2023-07-14 08:00:00+00:00,0.0,0.0,0.257,0.345,22.6,34,703.0,3.3
KHL_ZAN_03,2023-07-14 09:00:00+00:00,0.0,0.0,0.25,0.345,23.2,34,702.6,6.8
KHL_ZAN_03,2023-07-14 10:00:00+00:00,0.0,0.0,0.244,0.344,23.9,32,702.1,9.7
KHL_ZAN_03,2023-07-14 11:00:00+00:00,0.0,0.0,0.24,0.343,23.6,32,701.4,10.4
KHL_ZAN_03,2023-07-14 12:00:00+00:00,0.0,0.0,0.237,0.341,24.3,26,701.2,1.1
KHL_ZAN_03,2023-07-14 13:00:00+00:00,0.0,0.0,0.237,0.341,23.4,51,700.5,3.3
KHL_ZAN_03,2023-07-14 14:00:00+00:00,0.0,0.0,0.239,0.34,23.7,23,701.3,2.5
KHL_ZAN_03,2023-07-14 15:00:00+00:00,0.0,0.0,0.24,0.34,22.2,27,701.2,2.0
KHL_ZAN_03,2023-07-14 16:00:00+00:00,0.0,0.0,0.242,0.339,20.5,32,700.9,1.1
KHL_ZAN_03,2023-07-14 17:00:00+00:00,0.0,0.0,0.243,0.339,19.2,35,700.5,1.1
KHL_ZAN_03,2023-07-14 18:00:00+00:00,0.0,0.0,0.245,0.338,18.3,38,700.3,1.9
KHL_ZAN_03,2023-07-14 19:00:00+00:00,0.0,0.0,0.246,0.338,17.5,41,699.9,2.6
KHL_ZAN_03,2023-07-14 20:00:00+00:00,0.0,0.0,0.247,0.337,17.1,43,699.6,3.2
KHL_ZAN_03,2023-07-14 21:00:00+00:00,0.0,0.0,0.249,0.337,16.6,46,699.2,4.5
KHL_ZAN_03,2023-07-14 22:00:00+00:00,0.0,0.0,0.25,0.336,14.3,60,697.4,6.0
KHL_ZAN_03,2023-07-14 23:00:00+00:00,0.0,0.0,0.251,0.336,15.1,54,698.1,4.7
KHL_ZAN_03,2023-07-15 00:00:00+00:00,0.0,0.0,0.246,0.329,16.2,50,699.5,2.6
KHL_ZAN_03,2023-07-15 01:00:00+00:00,0.0,0.0,0.247,0.328,15.7,64,699.2,3.1
KHL_ZAN_03,2023-07-15 02:00:00+00:00,0.0,0.0,0.247,0.328,17.0,52,700.5,4.6
KHL_ZAN_03,2023-07-15 03:00:00+00:00,0.0,0.0,0.246,0.328,18.1,52,701.2,3.7
KHL_ZAN_03,2023-07-15 04:00:00+00:00,0.0,0.0,0.245,0.327,18.4,50,701.4,3.2
KHL_ZAN_03,2023-07-15 05:00:00+00:00,0.0,0.0,0.243,0.327,19.2,47,701.9,3.2
KHL_ZAN_03,2023-07-15 06:00:00+00:00,0.0,0.0,0.24,0.326,20.7,45,702.5,5.6
KHL_ZAN_03,2023-07-15 07:00:00+00:00,0.0,0.0,0.236,0.326,20.8,44,702.3,5.6
KHL_ZAN_03,2023-07-15 08:00:00+00:00,0.0,0.0,0.232,0.326,21.1,44,701.6,6.0
KHL_ZAN_03,2023-07-15 09:00:00+00:00,0.0,0.0,0.227,0.325,21.7,45,701.3,6.4
KHL_ZAN_03,2023-07-15 10:00:00+00:00,0.0,0.0,0.222,0.325,21.8,45,700.7,6.1
KHL_ZAN_03,2023-07-15 11:00:00+00:00,0.0,0.0,0.218,0.324,22.0,43,700.5,5.1
KHL_ZAN_03,2023-07-15 12:00:00+00:00,0.0,0.0,0.207,0.324,22.2,41,700.4,4.7
KHL_ZAN_03,2023-07-15 13:00:00+00:00,0.0,0.0,0.206,0.323,22.0,48,700.5,4.8
KHL_ZAN_03,2023-07-15 14:00:00+00:00,0.0,0.0,0.207,0.323,19.6,65,698.9,5.5
KHL_ZAN_03,2023-07-15 15:00:00+00:00,0.0,0.0,0.208,0.322,18.1,67,698.6,6.2
KHL_ZAN_03,2023-07-15 16:00:00+00:00,0.0,0.0,0.21,0.322,17.2,68,698.7,5.7
KHL_ZAN_03,2023-07-15 17:00:00+00:00,0.0,0.0,0.211,0.321,16.8,65,699.0,5.7
KHL_ZAN_03,2023-07-15 18:00:00+00:00,0.0,0.0,0.212,0.321,16.2,65,698.8,5.6
KHL_ZAN_03,2023-07-15 19:00:00+00:00,0.0,0.0,0.213,0.321,17.5,54,699.8,3.9
KHL_ZAN_03,2023-07-15 20:00:00+00:00,0.2,0.2,0.217,0.32,15.1,69,698.1,4.7
KHL_ZAN_03,2023-07-15 21:00:00+00:00,1.1,1.1,0.231,0.32,14.5,75,698.6,3.4
KHL_ZAN_03,2023-07-15 22:00:00+00:00,1.1,1.1,0.244,0.32,13.2,82,697.7,4.7
KHL_ZAN_03,2023-07-15 23:00:00+00:00,0.0,0.0,0.245,0.319,14.1,72,698.6,3.8
KHL_ZAN_03,2023-07-16 00:00:00+00:00,0.0,0.0,0.238,0.32,14.2,75,697.8,1.9
KHL_ZAN_03,2023-07-16 01:00:00+00:00,0.0,0.0,0.239,0.319,14.7,72,698.4,2.2
KHL_ZAN_03,2023-07-16 02:00:00+00:00,0.0,0.0,0.239,0.319,16.1,71,700.0,1.5
KHL_ZAN_03,2023-07-16 03:00:00+00:00,0.0,0.0,0.238,0.319,17.4,67,700.9,1.6
KHL_ZAN_03,2023-07-16 04:00:00+00:00,0.0,0.0,0.236,0.318,18.9,62,701.4,1.6
KHL_ZAN_03,2023-07-16 05:00:00+00:00,0.0,0.0,0.232,0.318,19.4,61,701.7,3.3
KHL_ZAN_03,2023-07-16 06:00:00+00:00,0.0,0.0,0.229,0.318,19.2,64,701.3,7.4
KHL_ZAN_03,2023-07-16 07:00:00+00:00,0.0,0.0,0.225,0.317,19.9,59,701.3,7.6
KHL_ZAN_03,2023-07-16 08:00:00+00:00,0.4,0.4,0.227,0.317,18.4,67,700.6,4.4
KHL_ZAN_03,2023-07-16 09:00:00+00:00,0.6,0.6,0.231,0.317,17.6,72,700.3,5.5
KHL_ZAN_03,2023-07-16 10:00:00+00:00,0.1,0.1,0.231,0.316,18.2,67,700.2,4.4
KHL_ZAN_03,2023-07-16 11:00:00+00:00,2.0,2.0,0.253,0.316,16.5,75,700.0,5.8
KHL_ZAN_03,2023-07-16 12:00:00+00:00,4.0,4.0,0.25,0.316,16.9,68,700.9,3.6
KHL_ZAN_03,2023-07-16 13:00:00+00:00,0.0,0.0,0.25,0.316,16.7,70,701.0,4.3
KHL_ZAN_03,2023-07-16 14:00:00+00:00,0.0,0.0,0.25,0.316,16.2,78,700.5,4.9
KHL_ZAN_03,2023-07-16 15:00:00+00:00,0.0,0.0,0.251,0.316,15.9,79,700.5,5.3
KHL_ZAN_03,2023-07-16 16:00:00+00:00,0.0,0.0,0.252,0.316,15.3,82,700.5,3.8
KHL_ZAN_03,2023-07-16 17:00:00+00:00,0.0,0.0,0.252,0.315,16.0,71,701.3,1.8
KHL_ZAN_03,2023-07-16 18:00:00+00:00,0.0,0.0,0.253,0.315,15.6,74,701.2,2.3
KHL_ZAN_03,2023-07-16 19:00:00+00:00,0.0,0.0,0.254,0.315,15.2,74,700.9,1.5
KHL_ZAN_03,2023-07-16 20:00:00+00:00,0.1,0.1,0.255,0.315,14.4,80,700.2,1.8
KHL_ZAN_03,2023-07-16 21:00:00+00:00,0.1,0.1,0.256,0.314,14.4,76,700.2,1.3
KHL_ZAN_03,2023-07-16 22:00:00+00:00,0.0,0.0,0.257,0.314,14.2,77,699.9,0.7
KHL_ZAN_03,2023-07-16 23:00:00+00:00,0.0,0.0,0.258,0.314,14.3,78,699.7,1.8
KHL_ZAN_03,2023-07-17 00:00:00+00:00,0.0,0.0,0.26,0.313,14.3,78,699.5,1.1
KHL_ZAN_03,2023-07-17 01:00:00+00:00,0.0,0.0,0.261,0.313,14.7,75,700.2,0.0
KHL_ZAN_03,2023-07-17 02:00:00+00:00,0.0,0.0,0.261,0.313,15.4,74,701.2,1.8
KHL_ZAN_03,2023-07-17 03:00:00+00:00,0.0,0.0,0.26,0.313,16.1,71,701.7,1.5
KHL_ZAN_03,2023-07-17 04:00:00+00:00,0.0,0.0,0.258,0.313,17.0,68,702.0,0.8
KHL_ZAN_03,2023-07-17 05:00:00+00:00,0.0,0.0,0.254,0.312,18.4,63,702.3,1.8
KHL_ZAN_03,2023-07-17 06:00:00+00:00,0.0,0.0,0.249,0.312,19.3,60,702.4,2.5
KHL_ZAN_03,2023-07-17 07:00:00+00:00,0.0,0.0,0.243,0.312,19.5,59,702.0,2.3
KHL_ZAN_03,2023-07-17 08:00:00+00:00,0.0,0.0,0.239,0.312,19.6,57,701.4,6.6
KHL_ZAN_03,2023-07-17 09:00:00+00:00,0.0,0.0,0.235,0.311,19.1,65,701.0,7.9
KHL_ZAN_03,2023-07-17 10:00:00+00:00,0.0,0.0,0.232,0.311,18.9,65,700.2,2.8
KHL_ZAN_03,2023-07-17 11:00:00+00:00,0.0,0.0,0.229,0.311,20.3,58,700.6,2.5
KHL_ZAN_03,2023-07-17 12:00:00+00:00,0.2,0.2,0.223,0.311,21.7,44,700.9,5.4
KHL_ZAN_03,2023-07-17 13:00:00+00:00,0.0,0.0,0.222,0.31,21.1,47,700.5,3.8
KHL_ZAN_03,2023-07-17 14:00:00+00:00,0.0,0.0,0.223,0.31,20.4,45,700.3,3.1
KHL_ZAN_03,2023-07-17 15:00:00+00:00,0.0,0.0,0.223,0.31,17.8,64,698.8,5.5
KHL_ZAN_03,2023-07-17 16:00:00+00:00,0.0,0.0,0.224,0.309,19.3,48,700.7,4.0
KHL_ZAN_03,2023-07-17 17:00:00+00:00,0.0,0.0,0.225,0.309,17.8,53,700.1,0.8
KHL_ZAN_03,2023-07-17 18:00:00+00:00,0.0,0.0,0.226,0.309,16.5,58,699.6,0.7
KHL_ZAN_03,2023-07-17 19:00:00+00:00,0.0,0.0,0.227,0.309,15.2,64,699.0,0.0
KHL_ZAN_03,2023-07-17 20:00:00+00:00,0.0,0.0,0.227,0.308,14.6,67,698.6,0.5
KHL_ZAN_03,2023-07-17 21:00:00+00:00,0.0,0.0,0.228,0.308,14.0,69,698.4,0.5
KHL_ZAN_03,2023-07-17 22:00:00+00:00,0.0,0.0,0.229,0.308,13.5,72,698.2,0.7
KHL_ZAN_03,2023-07-17 23:00:00+00:00,0.0,0.0,0.23,0.308,13.1,73,698.1,0.0
KHL_ZAN_03,2023-07-18 00:00:00+00:00,0.0,0.0,0.23,0.307,12.5,72,697.8,1.5
KHL_ZAN_03,2023-07-18 01:00:00+00:00,0.0,0.0,0.23,0.307,12.8,72,698.7,0.0
KHL_ZAN_03,2023-07-18 02:00:00+00:00,0.0,0.0,0.23,0.307,14.6,72,700.6,2.1
KHL_ZAN_03,2023-07-18 03:00:00+00:00,0.0,0.0,0.229,0.306,16.2,68,701.5,3.4
KHL_ZAN_03,2023-07-18 04:00:00+00:00,0.0,0.0,0.226,0.306,17.9,64,702.1,3.7
KHL_ZAN_03,2023-07-18 05:00:00+00:00,0.0,0.0,0.221,0.306,19.7,59,702.6,2.5
KHL_ZAN_03,2023-07-18 06:00:00+00:00,0.0,0.0,0.214,0.306,21.1,54,702.6,1.8
KHL_ZAN_03,2023-07-18 07:00:00+00:00,0.0,0.0,0.207,0.305,22.2,50,702.4,2.4
KHL_ZAN_03,2023-07-18 08:00:00+00:00,0.0,0.0,0.2,0.305,23.0,47,702.0,4.7
KHL_ZAN_03,2023-07-18 09:00:00+00:00,0.0,0.0,0.193,0.305,23.7,42,701.6,6.8
KHL_ZAN_03,2023-07-18 10:00:00+00:00,0.0,0.0,0.187,0.304,24.2,39,701.2,6.6
KHL_ZAN_03,2023-07-18 11:00:00+00:00,0.0,0.0,0.183,0.304,24.0,39,700.7,7.1
KHL_ZAN_03,2023-07-18 12:00:00+00:00,0.0,0.0,0.179,0.303,23.9,38,700.7,6.5
KHL_ZAN_03,2023-07-18 13:00:00+00:00,0.0,0.0,0.178,0.303,23.1,47,700.2,5.9
KHL_ZAN_03,2023-07-18 14:00:00+00:00,0.0,0.0,0.179,0.302,20.8,55,698.8,5.2
KHL_ZAN_03,2023-07-18 15:00:00+00:00,0.0,0.0,0.18,0.302,18.9,62,697.9,5.9
KHL_ZAN_03,2023-07-18 16:00:00+00:00,0.0,0.0,0.181,0.302,17.4,68,697.2,7.0
KHL_ZAN_03,2023-07-18 17:00:00+00:00,0.0,0.0,0.182,0.301,16.8,67,697.4,6.6
KHL_ZAN_03,2023-07-18 18:00:00+00:00,0.0,0.0,0.183,0.301,17.5,59,698.5,5.2
KHL_ZAN_03,2023-07-18 19:00:00+00:00,0.0,0.0,0.184,0.301,18.9,49,699.9,3.4
KHL_ZAN_03,2023-07-18 20:00:00+00:00,0.0,0.0,0.185,0.3,18.6,49,699.8,3.1
KHL_ZAN_03,2023-07-18 21:00:00+00:00,0.0,0.0,0.186,0.3,18.4,48,699.6,4.2
KHL_ZAN_03,2023-07-18 22:00:00+00:00,0.0,0.0,0.187,0.3,17.5,50,698.9,4.9
KHL_ZAN_03,2023-07-18 23:00:00+00:00,0.0,0.0,0.188,0.299,17.1,50,698.9,4.9
KHL_ZAN_03,2023-07-19 00:00:00+00:00,0.0,0.0,0.184,0.298,17.5,50,699.1,1.9
KHL_ZAN_03,2023-07-19 01:00:00+00:00,0.0,0.0,0.185,0.298,17.2,51,699.7,2.6
KHL_ZAN_03,2023-07-19 02:00:00+00:00,0.0,0.0,0.186,0.297,18.4,54,701.0,4.8
KHL_ZAN_03,2023-07-19 03:00:00+00:00,0.0,0.0,0.184,0.297,19.9,50,702.1,5.2
KHL_ZAN_03,2023-07-19 04:00:00+00:00,0.0,0.0,0.181,0.297,21.5,49,702.5,2.9
KHL_ZAN_03,2023-07-19 05:00:00+00:00,0.0,0.0,0.177,0.296,23.0,46,702.7,2.3
KHL_ZAN_03,2023-07-19 06:00:00+00:00,0.0,0.0,0.171,0.296,24.5,39,702.8,2.3
KHL_ZAN_03,2023-07-19 07:00:00+00:00,0.0,0.0,0.166,0.296,25.2,35,702.5,2.9
KHL_ZAN_03,2023-07-19 08:00:00+00:00,0.0,0.0,0.159,0.295,25.6,34,702.4,4.2
KHL_ZAN_03,2023-07-19 09:00:00+00:00,0.0,0.0,0.153,0.295,25.3,37,701.8,8.2
KHL_ZAN_03,2023-07-19 10:00:00+00:00,0.0,0.0,0.148,0.295,23.7,46,701.2,8.7
KHL_ZAN_03,2023-07-19 11:00:00+00:00,0.0,0.0,0.145,0.294,23.4,44,701.1,6.4
KHL_ZAN_03,2023-07-19 12:00:00+00:00,0.0,0.0,0.155,0.296,22.1,47,701.5,5.3
KHL_ZAN_03,2023-07-19 13:00:00+00:00,0.0,0.0,0.155,0.296,21.8,51,701.4,6.1
KHL_ZAN_03,2023-07-19 14:00:00+00:00,0.0,0.0,0.155,0.295,20.0,70,700.3,4.3
KHL_ZAN_03,2023-07-19 15:00:00+00:00,0.0,0.0,0.156,0.295,19.7,63,700.8,3.9
KHL_ZAN_03,2023-07-19 16:00:00+00:00,0.0,0.0,0.157,0.295,18.7,64,700.5,4.1
KHL_ZAN_03,2023-07-19 17:00:00+00:00,0.0,0.0,0.158,0.294,17.8,63,699.9,4.7
KHL_ZAN_03,2023-07-19 18:00:00+00:00,0.0,0.0,0.159,0.294,16.8,67,699.6,5.0
KHL_ZAN_03,2023-07-19 19:00:00+00:00,0.0,0.0,0.16,0.294,16.4,68,699.4,5.2
KHL_ZAN_03,2023-07-19 20:00:00+00:00,0.0,0.0,0.161,0.293,16.2,68,699.2,4.5
KHL_ZAN_03,2023-07-19 21:00:00+00:00,0.0,0.0,0.162,0.293,15.7,68,698.8,4.7
KHL_ZAN_03,2023-07-19 22:00:00+00:00,0.0,0.0,0.163,0.293,16.5,62,699.7,3.7
KHL_ZAN_03,2023-07-19 23:00:00+00:00,0.0,0.0,0.164,0.292,14.2,73,697.8,5.8
KHL_ZAN_03,2023-07-20 00:00:00+00:00,0.0,0.0,0.163,0.279,17.2,59,700.1,1.8
KHL_ZAN_03,2023-07-20 01:00:00+00:00,0.0,0.0,0.164,0.279,16.1,73,699.9,5.2
KHL_ZAN_03,2023-07-20 02:00:00+00:00,0.0,0.0,0.164,0.279,17.6,60,701.6,3.2
KHL_ZAN_03,2023-07-20 03:00:00+00:00,0.0,0.0,0.162,0.279,18.8,62,702.5,3.8
KHL_ZAN_03,2023-07-20 04:00:00+00:00,0.0,0.0,0.159,0.279,19.9,58,702.8,4.0
KHL_ZAN_03,2023-07-20 05:00:00+00:00,0.0,0.0,0.156,0.278,21.0,54,702.8,4.3
KHL_ZAN_03,2023-07-20 06:00:00+00:00,0.0,0.0,0.15,0.278,22.4,50,703.0,4.4
KHL_ZAN_03,2023-07-20 07:00:00+00:00,0.0,0.0,0.143,0.278,23.0,48,702.8,6.3
KHL_ZAN_03,2023-07-20 08:00:00+00:00,0.0,0.0,0.137,0.278,24.2,44,702.2,7.6
KHL_ZAN_03,2023-07-20 09:00:00+00:00,0.0,0.0,0.135,0.278,21.4,54,700.8,6.1
KHL_ZAN_03,2023-07-20 10:00:00+00:00,0.0,0.0,0.132,0.277,22.5,51,701.0,5.2
KHL_ZAN_03,2023-07-20 11:00:00+00:00,0.0,0.0,0.129,0.277,22.2,50,700.8,5.0
KHL_ZAN_03,2023-07-20 12:00:00+00:00,0.0,0.0,0.132,0.279,21.4,50,701.5,4.7
KHL_ZAN_03,2023-07-20 13:00:00+00:00,0.0,0.0,0.131,0.278,20.8,54,701.4,5.4
KHL_ZAN_03,2023-07-20 14:00:00+00:00,0.0,0.0,0.132,0.278,19.4,73,701.0,3.3
KHL_ZAN_03,2023-07-20 15:00:00+00:00,0.0,0.0,0.133,0.278,18.6,66,701.4,3.1
KHL_ZAN_03,2023-07-20 16:00:00+00:00,0.0,0.0,0.133,0.278,17.1,77,700.5,5.7
KHL_ZAN_03,2023-07-20 17:00:00+00:00,0.0,0.0,0.134,0.277,17.0,72,700.7,4.2
KHL_ZAN_03,2023-07-20 18:00:00+00:00,0.0,0.0,0.135,0.277,17.8,64,701.7,2.6
KHL_ZAN_03,2023-07-20 19:00:00+00:00,0.0,0.0,0.136,0.277,16.5,70,700.7,4.2
KHL_ZAN_03,2023-07-20 20:00:00+00:00,0.0,0.0,0.137,0.277,16.8,68,701.2,2.5
KHL_ZAN_03,2023-07-20 21:00:00+00:00,0.0,0.0,0.137,0.276,16.0,72,700.6,3.4
KHL_ZAN_03,2023-07-20 22:00:00+00:00,0.0,0.0,0.138,0.276,15.5,73,700.5,3.3
KHL_ZAN_03,2023-07-20 23:00:00+00:00,0.0,0.0,0.139,0.276,15.1,74,700.7,3.6
KHL_ZAN_03,2023-07-21 00:00:00+00:00,0.6,0.6,0.163,0.275,14.4,78,700.9,3.1
KHL_ZAN_03,2023-07-21 01:00:00+00:00,0.0,0.0,0.163,0.275,14.6,79,701.5,4.4
KHL_ZAN_03,2023-07-21 02:00:00+00:00,0.0,0.0,0.163,0.275,15.3,78,702.4,1.8
KHL_ZAN_03,2023-07-21 03:00:00+00:00,0.0,0.0,0.162,0.274,16.7,74,703.1,1.9
KHL_ZAN_03,2023-07-21 04:00:00+00:00,0.1,0.1,0.161,0.274,17.6,72,703.6,2.5
KHL_ZAN_03,2023-07-21 05:00:00+00:00,0.1,0.1,0.16,0.274,18.4,70,703.4,3.9
KHL_ZAN_03,2023-07-21 06:00:00+00:00,0.1,0.1,0.156,0.274,19.8,64,703.6,5.6
KHL_ZAN_03,2023-07-21 07:00:00+00:00,0.0,0.0,0.151,0.274,19.8,63,703.3,7.1
KHL_ZAN_03,2023-07-21 08:00:00+00:00,0.0,0.0,0.145,0.273,19.6,64,702.7,7.6
KHL_ZAN_03,2023-07-21 09:00:00+00:00,0.0,0.0,0.141,0.273,20.5,59,702.2,1.5
KHL_ZAN_03,2023-07-21 10:00:00+00:00,0.1,0.1,0.139,0.273,21.4,54,702.3,4.7
KHL_ZAN_03,2023-07-21 11:00:00+00:00,1.5,1.5,0.154,0.273,17.9,72,701.9,8.6
KHL_ZAN_03,2023-07-21 12:00:00+00:00,0.2,0.2,0.156,0.272,17.8,68,702.0,6.4
KHL_ZAN_03,2023-07-21 13:00:00+00:00,0.0,0.0,0.156,0.272,18.3,63,702.6,2.7
KHL_ZAN_03,2023-07-21 14:00:00+00:00,0.6,0.6,0.163,0.272,17.3,76,702.2,3.1
KHL_ZAN_03,2023-07-21 15:00:00+00:00,1.1,1.1,0.177,0.272,16.6,78,702.3,5.8
KHL_ZAN_03,2023-07-21 16:00:00+00:00,1.5,1.5,0.196,0.272,15.5,84,702.6,4.7
KHL_ZAN_03,2023-07-21 17:00:00+00:00,0.8,0.8,0.206,0.272,15.0,84,702.8,4.2
KHL_ZAN_03,2023-07-21 18:00:00+00:00,1.0,1.0,0.217,0.272,14.7,88,702.6,2.9
KHL_ZAN_03,2023-07-21 19:00:00+00:00,0.1,0.1,0.218,0.272,14.7,87,702.2,3.3
KHL_ZAN_03,2023-07-21 20:00:00+00:00,0.1,0.1,0.22,0.272,14.4,89,702.0,2.7
KHL_ZAN_03,2023-07-21 21:00:00+00:00,0.3,0.3,0.224,0.272,14.3,91,701.4,2.7
KHL_ZAN_03,2023-07-21 22:00:00+00:00,1.5,1.5,0.242,0.272,14.2,92,701.5,2.7
KHL_ZAN_03,2023-07-21 23:00:00+00:00,1.9,1.9,0.265,0.272,14.0,90,701.6,2.3
KHL_ZAN_03,2023-07-22 00:00:00+00:00,1.7,1.7,0.27,0.271,14.0,93,701.5,1.8
KHL_ZAN_03,2023-07-22 01:00:00+00:00,2.3,2.3,0.296,0.272,14.2,86,702.4,1.8
KHL_ZAN_03,2023-07-22 02:00:00+00:00,3.5,3.5,0.337,0.272,14.2,82,702.8,1.8
KHL_ZAN_03,2023-07-22 03:00:00+00:00,4.0,4.0,0.38,0.273,14.6,84,703.2,2.2
KHL_ZAN_03,2023-07-22 04:00:00+00:00,0.0,0.0,0.375,0.274,15.5,65,703.7,3.2
KHL_ZAN_03,2023-07-22 05:00:00+00:00,0.0,0.0,0.369,0.275,16.4,67,704.1,4.3
KHL_ZAN_03,2023-07-22 06:00:00+00:00,0.1,0.1,0.364,0.276,17.1,71,703.9,4.9
KHL_ZAN_03,2023-07-22 07:00:00+00:00,0.1,0.1,0.359,0.277,18.1,66,703.7,4.7
KHL_ZAN_03,2023-07-22 08:00:00+00:00,0.0,0.0,0.35,0.278,19.5,64,703.9,2.3
KHL_ZAN_03,2023-07-22 09:00:00+00:00,0.0,0.0,0.345,0.278,19.0,65,703.3,1.5
KHL_ZAN_03,2023-07-22 10:00:00+00:00,0.1,0.1,0.34,0.278,19.1,70,703.3,4.6
KHL_ZAN_03,2023-07-22 11:00:00+00:00,0.3,0.3,0.339,0.279,17.7,73,702.7,8.0
KHL_ZAN_03,2023-07-22 12:00:00+00:00,0.1,0.1,0.316,0.272,16.3,76,703.6,5.4
KHL_ZAN_03,2023-07-22 13:00:00+00:00,0.1,0.1,0.316,0.272,16.8,72,703.7,3.6
KHL_ZAN_03,2023-07-22 14:00:00+00:00,0.1,0.1,0.316,0.273,15.9,77,703.4,4.3
KHL_ZAN_03,2023-07-22 15:00:00+00:00,0.0,0.0,0.315,0.273,15.0,85,702.7,5.4
KHL_ZAN_03,2023-07-22 16:00:00+00:00,0.0,0.0,0.315,0.273,14.8,86,703.0,4.5
KHL_ZAN_03,2023-07-22 17:00:00+00:00,0.0,0.0,0.314,0.273,14.7,83,702.8,3.8
KHL_ZAN_03,2023-07-22 18:00:00+00:00,0.0,0.0,0.314,0.273,15.5,72,703.4,1.8
KHL_ZAN_03,2023-07-22 19:00:00+00:00,0.0,0.0,0.313,0.274,14.9,78,703.1,2.2
KHL_ZAN_03,2023-07-22 20:00:00+00:00,0.1,0.1,0.314,0.274,14.3,88,702.8,2.4
KHL_ZAN_03,2023-07-22 21:00:00+00:00,0.7,0.7,0.321,0.274,13.8,89,702.5,2.9
KHL_ZAN_03,2023-07-22 22:00:00+00:00,0.6,0.6,0.328,0.274,13.5,88,702.4,2.2
KHL_ZAN_03,2023-07-22 23:00:00+00:00,0.3,0.3,0.331,0.275,13.5,85,702.5,2.0
KHL_ZAN_03,2023-07-23 00:00:00+00:00,2.3,2.3,0.34,0.277,13.7,89,702.4,2.5
KHL_ZAN_03,2023-07-23 01:00:00+00:00,1.3,1.3,0.353,0.277,13.8,83,703.2,3.8
KHL_ZAN_03,2023-07-23 02:00:00+00:00,0.3,0.3,0.355,0.278,14.1,80,703.4,2.1
KHL_ZAN_03,2023-07-23 03:00:00+00:00,1.4,1.4,0.368,0.278,14.5,81,704.1,2.9
KHL_ZAN_03,2023-07-23 04:00:00+00:00,0.4,0.4,0.37,0.279,15.0,78,704.3,1.9
KHL_ZAN_03,2023-07-23 05:00:00+00:00,0.1,0.1,0.365,0.28,16.4,73,704.8,3.3
KHL_ZAN_03,2023-07-23 06:00:00+00:00,0.1,0.1,0.36,0.281,17.1,72,704.6,2.1
KHL_ZAN_03,2023-07-23 07:00:00+00:00,0.1,0.1,0.355,0.282,18.4,67,704.6,6.4
KHL_ZAN_03,2023-07-23 08:00:00+00:00,0.1,0.1,0.351,0.282,18.5,66,703.8,5.7
KHL_ZAN_03,2023-07-23 09:00:00+00:00,0.2,0.2,0.346,0.283,19.1,66,703.3,4.2
KHL_ZAN_03,2023-07-23 10:00:00+00:00,0.0,0.0,0.34,0.283,19.4,64,703.0,6.0
KHL_ZAN_03,2023-07-23 11:00:00+00:00,0.7,0.7,0.343,0.284,19.4,64,702.4,5.5
KHL_ZAN_03,2023-07-23 12:00:00+00:00,0.5,0.5,0.329,0.281,16.2,72,703.1,4.6
KHL_ZAN_03,2023-07-23 13:00:00+00:00,0.0,0.0,0.327,0.281,16.6,68,702.8,3.3
KHL_ZAN_03,2023-07-23 14:00:00+00:00,0.0,0.0,0.326,0.281,16.1,67,702.2,0.4
KHL_ZAN_03,2023-07-23 15:00:00+00:00,0.0,0.0,0.326,0.282,15.6,69,702.1,1.4
KHL_ZAN_03,2023-07-23 16:00:00+00:00,0.0,0.0,0.325,0.282,13.9,82,700.6,4.7
KHL_ZAN_03,2023-07-23 17:00:00+00:00,0.0,0.0,0.325,0.282,15.2,69,702.1,3.2
KHL_ZAN_03,2023-07-23 18:00:00+00:00,0.0,0.0,0.324,0.282,15.0,70,702.1,2.2
KHL_ZAN_03,2023-07-23 19:00:00+00:00,0.0,0.0,0.324,0.283,14.6,72,701.7,2.6
KHL_ZAN_03,2023-07-23 20:00:00+00:00,0.0,0.0,0.323,0.283,12.0,86,700.0,4.5
KHL_ZAN_03,2023-07-23 21:00:00+00:00,0.7,0.7,0.331,0.283,11.7,88,699.5,4.6
KHL_ZAN_03,2023-07-23 22:00:00+00:00,1.3,1.3,0.345,0.283,12.0,87,700.0,6.2
KHL_ZAN_03,2023-07-23 23:00:00+00:00,0.8,0.8,0.353,0.284,11.8,91,699.9,2.9
KHL_ZAN_03,2023-07-24 00:00:00+00:00,0.9,0.9,0.358,0.283,11.4,89,699.9,3.2
KHL_ZAN_03,2023-07-24 01:00:00+00:00,0.1,0.1,0.356,0.284,12.8,83,701.4,3.8
KHL_ZAN_03,2023-07-24 02:00:00+00:00,0.1,0.1,0.355,0.285,13.3,82,701.9,1.5
KHL_ZAN_03,2023-07-24 03:00:00+00:00,0.0,0.0,0.353,0.285,13.9,80,702.3,1.5
KHL_ZAN_03,2023-07-24 04:00:00+00:00,0.0,0.0,0.35,0.286,14.8,77,702.4,2.3
KHL_ZAN_03,2023-07-24 05:00:00+00:00,0.0,0.0,0.345,0.286,16.7,76,702.9,2.6
KHL_ZAN_03,2023-07-24 06:00:00+00:00,0.0,0.0,0.337,0.287,18.3,67,703.0,2.6
KHL_ZAN_03,2023-07-24 07:00:00+00:00,0.0,0.0,0.329,0.287,19.5,62,702.6,3.8
KHL_ZAN_03,2023-07-24 08:00:00+00:00,0.0,0.0,0.321,0.287,20.2,57,702.5,4.2
KHL_ZAN_03,2023-07-24 09:00:00+00:00,0.0,0.0,0.314,0.287,20.2,58,701.7,7.1
KHL_ZAN_03,2023-07-24 10:00:00+00:00,0.2,0.2,0.31,0.287,19.4,63,700.9,4.9
KHL_ZAN_03,2023-07-24 11:00:00+00:00,0.0,0.0,0.306,0.287,19.1,61,700.7,4.9
KHL_ZAN_03,2023-07-24 12:00:00+00:00,0.2,0.2,0.314,0.289,18.6,63,700.8,5.0
KHL_ZAN_03,2023-07-24 13:00:00+00:00,0.0,0.0,0.312,0.289,18.5,60,700.6,4.1
KHL_ZAN_03,2023-07-24 14:00:00+00:00,0.6,0.6,0.318,0.289,16.5,79,700.0,3.8
KHL_ZAN_03,2023-07-24 15:00:00+00:00,0.0,0.0,0.317,0.289,15.9,76,700.1,2.7
KHL_ZAN_03,2023-07-24 16:00:00+00:00,0.0,0.0,0.317,0.289,16.0,69,700.7,1.6
KHL_ZAN_03,2023-07-24 17:00:00+00:00,0.0,0.0,0.317,0.289,14.4,79,699.8,4.0
KHL_ZAN_03,2023-07-24 18:00:00+00:00,0.0,0.0,0.316,0.289,13.3,83,699.0,5.1
KHL_ZAN_03,2023-07-24 19:00:00+00:00,0.1,0.1,0.317,0.289,13.0,83,699.0,5.8
KHL_ZAN_03,2023-07-24 20:00:00+00:00,0.8,0.8,0.325,0.29,12.8,84,699.4,4.7
KHL_ZAN_03,2023-07-24 21:00:00+00:00,0.8,0.8,0.334,0.29,13.1,79,700.0,3.3
KHL_ZAN_03,2023-07-24 22:00:00+00:00,0.8,0.8,0.342,0.29,13.3,77,700.2,2.1
KHL_ZAN_03,2023-07-24 23:00:00+00:00,0.3,0.3,0.344,0.291,12.7,87,699.7,1.8
KHL_ZAN_03,2023-07-25 00:00:00+00:00,0.4,0.4,0.324,0.291,11.9,81,699.5,1.8
KHL_ZAN_03,2023-07-25 01:00:00+00:00,0.0,0.0,0.323,0.291,11.8,83,699.7,0.4
KHL_ZAN_03,2023-07-25 02:00:00+00:00,0.0,0.0,0.322,0.291,13.3,79,701.5,2.7
KHL_ZAN_03,2023-07-25 03:00:00+00:00,0.0,0.0,0.32,0.291,14.9,75,702.5,2.0
KHL_ZAN_03,2023-07-25 04:00:00+00:00,0.0,0.0,0.316,0.292,16.2,69,702.9,1.5
KHL_ZAN_03,2023-07-25 05:00:00+00:00,0.0,0.0,0.312,0.292,17.3,64,703.3,3.8
KHL_ZAN_03,2023-07-25 06:00:00+00:00,0.0,0.0,0.305,0.292,17.0,67,703.1,1.1
KHL_ZAN_03,2023-07-25 07:00:00+00:00,0.1,0.1,0.302,0.292,17.8,64,703.2,7.9
KHL_ZAN_03,2023-07-25 08:00:00+00:00,0.9,0.9,0.309,0.292,16.2,71,702.1,4.7
KHL_ZAN_03,2023-07-25 09:00:00+00:00,0.4,0.4,0.308,0.292,17.8,66,702.3,6.3
KHL_ZAN_03,2023-07-25 10:00:00+00:00,0.0,0.0,0.304,0.292,18.4,61,701.6,4.9
KHL_ZAN_03,2023-07-25 11:00:00+00:00,0.0,0.0,0.299,0.292,19.4,58,701.6,2.7
KHL_ZAN_03,2023-07-25 12:00:00+00:00,0.0,0.0,0.27,0.292,19.2,54,701.3,2.6
KHL_ZAN_03,2023-07-25 13:00:00+00:00,0.0,0.0,0.269,0.292,18.7,57,701.2,4.8
KHL_ZAN_03,2023-07-25 14:00:00+00:00,0.0,0.0,0.269,0.292,17.6,72,700.7,4.4
KHL_ZAN_03,2023-07-25 15:00:00+00:00,0.0,0.0,0.269,0.292,16.0,76,700.2,5.2
KHL_ZAN_03,2023-07-25 16:00:00+00:00,0.0,0.0,0.269,0.292,15.6,77,700.3,4.7
KHL_ZAN_03,2023-07-25 17:00:00+00:00,0.0,0.0,0.269,0.292,16.8,61,701.8,3.3
KHL_ZAN_03,2023-07-25 18:00:00+00:00,0.0,0.0,0.269,0.292,16.0,63,701.5,2.2
KHL_ZAN_03,2023-07-25 19:00:00+00:00,0.0,0.0,0.269,0.292,14.7,69,700.5,1.1
KHL_ZAN_03,2023-07-25 20:00:00+00:00,0.0,0.0,0.269,0.292,13.6,74,699.6,0.8
KHL_ZAN_03,2023-07-25 21:00:00+00:00,0.0,0.0,0.269,0.292,12.8,78,699.1,0.8
KHL_ZAN_03,2023-07-25 22:00:00+00:00,0.1,0.1,0.27,0.292,11.8,91,699.1,1.5
KHL_ZAN_03,2023-07-25 23:00:00+00:00,0.0,0.0,0.27,0.292,12.1,82,699.6,0.7
KHL_ZAN_03,2023-07-26 00:00:00+00:00,0.0,0.0,0.275,0.292,13.3,71,700.4,1.6
KHL_ZAN_03,2023-07-26 01:00:00+00:00,0.0,0.0,0.275,0.292,13.0,75,700.8,1.8
KHL_ZAN_03,2023-07-26 02:00:00+00:00,0.0,0.0,0.274,0.292,14.0,74,702.0,1.6
KHL_ZAN_03,2023-07-26 03:00:00+00:00,0.0,0.0,0.272,0.292,15.2,73,702.8,1.6
KHL_ZAN_03,2023-07-26 04:00:00+00:00,0.0,0.0,0.269,0.292,16.5,69,703.3,3.3
KHL_ZAN_03,2023-07-26 05:00:00+00:00,0.0,0.0,0.265,0.292,16.4,71,703.1,1.8
KHL_ZAN_03,2023-07-26 06:00:00+00:00,0.0,0.0,0.259,0.292,17.3,67,703.0,1.3
KHL_ZAN_03,2023-07-26 07:00:00+00:00,0.0,0.0,0.254,0.292,18.6,62,703.0,10.1
KHL_ZAN_03,2023-07-26 08:00:00+00:00,0.0,0.0,0.248,0.291,18.7,63,702.4,3.3
KHL_ZAN_03,2023-07-26 09:00:00+00:00,0.0,0.0,0.242,0.291,20.0,59,701.9,0.4
KHL_ZAN_03,2023-07-26 10:00:00+00:00,0.0,0.0,0.236,0.291,20.9,56,702.0,7.4
KHL_ZAN_03,2023-07-26 11:00:00+00:00,0.1,0.1,0.234,0.291,19.6,58,701.1,4.4
KHL_ZAN_03,2023-07-26 12:00:00+00:00,0.0,0.0,0.228,0.291,20.1,55,701.2,4.0
KHL_ZAN_03,2023-07-26 13:00:00+00:00,0.0,0.0,0.227,0.291,19.9,53,701.2,4.6
KHL_ZAN_03,2023-07-26 14:00:00+00:00,0.0,0.0,0.227,0.291,18.0,68,700.2,4.3
KHL_ZAN_03,2023-07-26 15:00:00+00:00,0.0,0.0,0.228,0.291,16.8,70,699.8,5.4
KHL_ZAN_03,2023-07-26 16:00:00+00:00,0.0,0.0,0.228,0.291,16.3,68,700.1,5.2
KHL_ZAN_03,2023-07-26 17:00:00+00:00,0.0,0.0,0.228,0.291,15.0,74,699.5,6.3
KHL_ZAN_03,2023-07-26 18:00:00+00:00,0.0,0.0,0.229,0.291,16.8,57,701.2,3.1
KHL_ZAN_03,2023-07-26 19:00:00+00:00,0.0,0.0,0.229,0.29,16.0,60,700.6,1.0
KHL_ZAN_03,2023-07-26 20:00:00+00:00,0.0,0.0,0.23,0.29,14.1,68,699.2,1.8
KHL_ZAN_03,2023-07-26 21:00:00+00:00,0.0,0.0,0.23,0.29,11.8,84,697.5,5.8
KHL_ZAN_03,2023-07-26 22:00:00+00:00,0.0,0.0,0.23,0.29,10.8,86,697.0,6.8
KHL_ZAN_03,2023-07-26 23:00:00+00:00,0.0,0.0,0.231,0.29,10.2,87,697.2,7.2
KHL_ZAN_03,2023-07-27 00:00:00+00:00,0.0,0.0,0.231,0.288,10.3,90,697.8,4.0
KHL_ZAN_03,2023-07-27 01:00:00+00:00,0.0,0.0,0.232,0.288,11.3,87,699.7,5.1
KHL_ZAN_03,2023-07-27 02:00:00+00:00,0.0,0.0,0.232,0.288,12.8,81,701.1,3.3
KHL_ZAN_03,2023-07-27 03:00:00+00:00,0.0,0.0,0.231,0.287,13.9,77,701.7,1.8
KHL_ZAN_03,2023-07-27 04:00:00+00:00,0.1,0.1,0.231,0.287,15.1,74,701.9,2.3
KHL_ZAN_03,2023-07-27 05:00:00+00:00,0.1,0.1,0.23,0.287,15.7,72,701.8,1.8
KHL_ZAN_03,2023-07-27 06:00:00+00:00,0.1,0.1,0.229,0.287,16.7,69,701.6,0.7
KHL_ZAN_03,2023-07-27 07:00:00+00:00,0.0,0.0,0.224,0.287,18.6,61,701.7,1.1
KHL_ZAN_03,2023-07-27 08:00:00+00:00,0.0,0.0,0.217,0.287,20.0,55,701.4,1.6
KHL_ZAN_03,2023-07-27 09:00:00+00:00,0.0,0.0,0.211,0.287,20.3,52,700.8,7.1
KHL_ZAN_03,2023-07-27 10:00:00+00:00,0.0,0.0,0.206,0.287,18.7,62,700.2,6.6
KHL_ZAN_03,2023-07-27 11:00:00+00:00,0.0,0.0,0.204,0.286,19.6,57,700.0,3.9
KHL_ZAN_03,2023-07-27 12:00:00+00:00,0.1,0.1,0.195,0.285,18.8,59,700.2,2.8
KHL_ZAN_03,2023-07-27 13:00:00+00:00,0.0,0.0,0.194,0.285,17.8,63,700.1,5.1
KHL_ZAN_03,2023-07-27 14:00:00+00:00,0.0,0.0,0.195,0.285,16.7,78,699.0,3.6
KHL_ZAN_03,2023-07-27 15:00:00+00:00,0.0,0.0,0.195,0.285,17.1,61,700.0,1.1
KHL_ZAN_03,2023-07-27 16:00:00+00:00,0.0,0.0,0.196,0.285,16.4,63,700.1,1.8
KHL_ZAN_03,2023-07-27 17:00:00+00:00,0.0,0.0,0.196,0.284,16.1,64,700.3,1.8
KHL_ZAN_03,2023-07-27 18:00:00+00:00,0.0,0.0,0.197,0.284,14.5,81,698.9,4.4
KHL_ZAN_03,2023-07-27 19:00:00+00:00,2.0,2.0,0.222,0.284,14.0,86,699.1,2.7
KHL_ZAN_03,2023-07-27 20:00:00+00:00,2.0,2.0,0.246,0.284,13.1,88,698.8,3.1
KHL_ZAN_03,2023-07-27 21:00:00+00:00,0.8,0.8,0.255,0.284,12.5,93,698.0,1.5
KHL_ZAN_03,2023-07-27 22:00:00+00:00,0.1,0.1,0.256,0.284,12.4,90,697.9,2.7
KHL_ZAN_03,2023-07-27 23:00:00+00:00,1.3,1.3,0.271,0.284,11.7,94,697.7,2.3
KHL_ZAN_03,2023-07-28 00:00:00+00:00,0.2,0.2,0.225,0.283,12.3,92,697.2,2.4
KHL_ZAN_03,2023-07-28 01:00:00+00:00,0.0,0.0,0.226,0.282,13.0,87,698.0,2.9
KHL_ZAN_03,2023-07-28 02:00:00+00:00,0.0,0.0,0.226,0.282,13.7,83,698.5,2.7
KHL_ZAN_03,2023-07-28 03:00:00+00:00,0.0,0.0,0.226,0.282,14.5,79,699.0,2.6
KHL_ZAN_03,2023-07-28 04:00:00+00:00,0.0,0.0,0.224,0.282,16.3,70,699.4,2.9
KHL_ZAN_03,2023-07-28 05:00:00+00:00,0.0,0.0,0.221,0.282,17.7,64,699.6,3.1
KHL_ZAN_03,2023-07-28 06:00:00+00:00,0.0,0.0,0.215,0.282,19.0,62,699.5,3.1
KHL_ZAN_03,2023-07-28 07:00:00+00:00,0.0,0.0,0.209,0.282,20.4,57,699.3,5.0
KHL_ZAN_03,2023-07-28 08:00:00+00:00,0.1,0.1,0.207,0.282,19.8,54,698.3,5.8
KHL_ZAN_03,2023-07-28 09:00:00+00:00,0.0,0.0,0.203,0.282,18.9,61,697.5,6.4
KHL_ZAN_03,2023-07-28 10:00:00+00:00,0.1,0.1,0.2,0.281,18.3,65,697.4,7.1
KHL_ZAN_03,2023-07-28 11:00:00+00:00,0.0,0.0,0.197,0.281,18.1,64,697.0,4.9
KHL_ZAN_03,2023-07-28 12:00:00+00:00,3.3,3.3,0.211,0.281,16.8,67,697.0,6.8
KHL_ZAN_03,2023-07-28 13:00:00+00:00,0.5,0.5,0.217,0.281,15.2,77,696.8,7.3
KHL_ZAN_03,2023-07-28 14:00:00+00:00,0.7,0.7,0.225,0.281,14.2,81,696.7,2.9
KHL_ZAN_03,2023-07-28 15:00:00+00:00,0.2,0.2,0.227,0.281,13.6,83,697.2,5.3
KHL_ZAN_03,2023-07-28 16:00:00+00:00,0.2,0.2,0.23,0.281,13.2,84,697.4,3.1
KHL_ZAN_03,2023-07-28 17:00:00+00:00,0.3,0.3,0.234,0.281,12.9,84,697.6,1.8
KHL_ZAN_03,2023-07-28 18:00:00+00:00,0.1,0.1,0.235,0.281,12.5,85,697.2,1.0
KHL_ZAN_03,2023-07-28 19:00:00+00:00,0.6,0.6,0.242,0.28,12.6,85,697.0,1.0
KHL_ZAN_03,2023-07-28 20:00:00+00:00,0.3,0.3,0.246,0.28,12.7,84,696.7,1.4
KHL_ZAN_03,2023-07-28 21:00:00+00:00,0.1,0.1,0.247,0.28,12.7,82,696.1,1.1
KHL_ZAN_03,2023-07-28 22:00:00+00:00,0.1,0.1,0.249,0.28,13.0,78,695.5,1.1
KHL_ZAN_03,2023-07-28 23:00:00+00:00,0.1,0.1,0.25,0.28,13.0,78,695.7,1.3
KHL_ZAN_03,2023-07-29 00:00:00+00:00,0.1,0.1,0.244,0.28,12.7,86,696.2,1.3
KHL_ZAN_03,2023-07-29 01:00:00+00:00,0.1,0.1,0.245,0.28,12.9,84,696.9,1.1
KHL_ZAN_03,2023-07-29 02:00:00+00:00,0.1,0.1,0.247,0.28,13.4,81,697.2,3.3
KHL_ZAN_03,2023-07-29 03:00:00+00:00,0.1,0.1,0.247,0.28,14.1,78,697.5,4.6
KHL_ZAN_03,2023-07-29 04:00:00+00:00,0.0,0.0,0.245,0.28,15.0,72,697.9,5.3
KHL_ZAN_03,2023-07-29 05:00:00+00:00,0.0,0.0,0.243,0.28,15.6,68,698.1,4.6
KHL_ZAN_03,2023-07-29 06:00:00+00:00,1.1,1.1,0.254,0.28,14.7,72,697.9,5.4
KHL_ZAN_03,2023-07-29 07:00:00+00:00,0.2,0.2,0.254,0.28,14.4,68,697.7,3.5
KHL_ZAN_03,2023-07-29 08:00:00+00:00,0.2,0.2,0.253,0.28,14.3,68,697.5,2.8
KHL_ZAN_03,2023-07-29 09:00:00+00:00,0.1,0.1,0.251,0.28,16.1,63,697.6,3.0
KHL_ZAN_03,2023-07-29 10:00:00+00:00,0.0,0.0,0.249,0.28,16.1,63,697.1,1.5
KHL_ZAN_03,2023-07-29 11:00:00+00:00,0.0,0.0,0.246,0.28,16.6,61,697.0,4.2
KHL_ZAN_03,2023-07-29 12:00:00+00:00,0.3,0.3,0.248,0.28,15.2,65,697.3,5.5
KHL_ZAN_03,2023-07-29 13:00:00+00:00,0.0,0.0,0.247,0.28,14.5,69,697.1,4.4
KHL_ZAN_03,2023-07-29 14:00:00+00:00,0.1,0.1,0.247,0.28,12.9,81,696.9,5.6
KHL_ZAN_03,2023-07-29 15:00:00+00:00,0.2,0.2,0.25,0.28,12.4,81,697.6,5.7
KHL_ZAN_03,2023-07-29 16:00:00+00:00,0.8,0.8,0.259,0.28,11.6,87,697.8,6.8
KHL_ZAN_03,2023-07-29 17:00:00+00:00,1.6,1.6,0.277,0.28,11.8,82,698.4,5.4
KHL_ZAN_03,2023-07-29 18:00:00+00:00,0.6,0.6,0.284,0.28,11.8,81,698.5,1.6
KHL_ZAN_03,2023-07-29 19:00:00+00:00,0.5,0.5,0.291,0.28,11.5,83,697.9,0.8
KHL_ZAN_03,2023-07-29 20:00:00+00:00,0.4,0.4,0.295,0.28,11.5,82,697.5,0.8
KHL_ZAN_03,2023-07-29 21:00:00+00:00,0.1,0.1,0.297,0.28,11.3,84,697.1,1.1
KHL_ZAN_03,2023-07-29 22:00:00+00:00,0.1,0.1,0.298,0.28,10.9,88,696.6,1.4
KHL_ZAN_03,2023-07-29 23:00:00+00:00,0.1,0.1,0.299,0.28,11.3,82,697.2,1.5
KHL_ZAN_03,2023-07-30 00:00:00+00:00,0.3,0.3,0.293,0.28,10.7,86,697.1,3.2
KHL_ZAN_03,2023-07-30 01:00:00+00:00,0.0,0.0,0.293,0.281,10.9,80,697.8,3.8
KHL_ZAN_03,2023-07-30 02:00:00+00:00,0.0,0.0,0.292,0.281,11.7,73,698.5,4.7
KHL_ZAN_03,2023-07-30 03:00:00+00:00,0.0,0.0,0.291,0.281,12.9,72,699.2,1.3
KHL_ZAN_03,2023-07-30 04:00:00+00:00,0.1,0.1,0.288,0.281,14.6,63,699.7,2.5
KHL_ZAN_03,2023-07-30 05:00:00+00:00,0.1,0.1,0.285,0.281,16.1,56,700.0,3.7
KHL_ZAN_03,2023-07-30 06:00:00+00:00,0.3,0.3,0.283,0.281,17.2,51,700.0,4.0
KHL_ZAN_03,2023-07-30 07:00:00+00:00,0.3,0.3,0.28,0.281,18.1,48,699.9,4.3
KHL_ZAN_03,2023-07-30 08:00:00+00:00,0.0,0.0,0.273,0.281,18.3,49,699.4,5.9
KHL_ZAN_03,2023-07-30 09:00:00+00:00,0.0,0.0,0.266,0.281,18.5,46,699.0,4.3
KHL_ZAN_03,2023-07-30 10:00:00+00:00,0.0,0.0,0.261,0.281,18.9,45,698.4,6.5
KHL_ZAN_03,2023-07-30 11:00:00+00:00,0.0,0.0,0.256,0.281,18.9,48,698.2,7.7
KHL_ZAN_03,2023-07-30 12:00:00+00:00,0.0,0.0,0.245,0.281,19.5,43,698.2,5.8
KHL_ZAN_03,2023-07-30 13:00:00+00:00,0.0,0.0,0.243,0.281,18.7,48,697.9,6.5
KHL_ZAN_03,2023-07-30 14:00:00+00:00,0.0,0.0,0.243,0.281,17.7,53,697.5,3.4
KHL_ZAN_03,2023-07-30 15:00:00+00:00,0.0,0.0,0.243,0.281,17.8,44,698.5,3.3
KHL_ZAN_03,2023-07-30 16:00:00+00:00,0.0,0.0,0.244,0.281,15.0,65,696.8,5.4
KHL_ZAN_03,2023-07-30 17:00:00+00:00,0.0,0.0,0.244,0.281,13.3,73,695.6,7.0
KHL_ZAN_03,2023-07-30 18:00:00+00:00,0.0,0.0,0.244,0.281,13.1,72,695.6,5.4
KHL_ZAN_03,2023-07-30 19:00:00+00:00,0.0,0.0,0.244,0.281,14.6,60,697.0,0.7
KHL_ZAN_03,2023-07-30 20:00:00+00:00,0.0,0.0,0.244,0.28,13.3,65,695.9,0.7
KHL_ZAN_03,2023-07-30 21:00:00+00:00,0.0,0.0,0.244,0.28,11.8,71,694.9,0.7
KHL_ZAN_03,2023-07-30 22:00:00+00:00,0.0,0.0,0.245,0.28,11.4,73,695.2,0.8
KHL_ZAN_03,2023-07-30 23:00:00+00:00,0.0,0.0,0.245,0.28,11.2,74,695.7,0.5
KHL_ZAN_03,2023-07-31 00:00:00+00:00,0.0,0.0,0.223,0.273,12.1,70,696.3,1.6
KHL_ZAN_03,2023-07-31 01:00:00+00:00,0.0,0.0,0.223,0.273,11.6,81,696.3,4.3
KHL_ZAN_03,2023-07-31 02:00:00+00:00,0.0,0.0,0.223,0.273,13.7,67,698.2,3.1
KHL_ZAN_03,2023-07-31 03:00:00+00:00,0.0,0.0,0.221,0.273,15.2,65,698.9,3.3
KHL_ZAN_03,2023-07-31 04:00:00+00:00,0.0,0.0,0.218,0.273,17.1,59,699.6,3.4
KHL_ZAN_03,2023-07-31 05:00:00+00:00,0.2,0.2,0.215,0.273,18.4,53,700.0,2.8
KHL_ZAN_03,2023-07-31 06:00:00+00:00,0.6,0.6,0.216,0.273,19.5,46,700.1,3.4
KHL_ZAN_03,2023-07-31 07:00:00+00:00,0.3,0.3,0.214,0.273,20.5,42,700.2,4.7
KHL_ZAN_03,2023-07-31 08:00:00+00:00,0.0,0.0,0.207,0.273,21.0,46,699.9,4.9
KHL_ZAN_03,2023-07-31 09:00:00+00:00,0.0,0.0,0.2,0.273,21.0,49,699.4,4.8
KHL_ZAN_03,2023-07-31 10:00:00+00:00,0.0,0.0,0.195,0.273,20.1,54,699.1,6.6
KHL_ZAN_03,2023-07-31 11:00:00+00:00,0.0,0.0,0.191,0.272,20.0,52,698.9,6.3
KHL_ZAN_03,2023-07-31 12:00:00+00:00,0.0,0.0,0.175,0.272,20.1,47,698.8,5.1
KHL_ZAN_03,2023-07-31 13:00:00+00:00,0.0,0.0,0.174,0.272,19.7,49,698.5,4.4
KHL_ZAN_03,2023-07-31 14:00:00+00:00,0.0,0.0,0.174,0.271,18.6,54,698.1,3.4
KHL_ZAN_03,2023-07-31 15:00:00+00:00,0.0,0.0,0.175,0.271,17.7,57,697.9,4.2
KHL_ZAN_03,2023-07-31 16:00:00+00:00,0.0,0.0,0.175,0.271,16.6,61,697.7,4.8
KHL_ZAN_03,2023-07-31 17:00:00+00:00,0.0,0.0,0.176,0.271,16.8,56,698.1,4.0
KHL_ZAN_03,2023-07-31 18:00:00+00:00,0.0,0.0,0.176,0.271,16.6,55,698.3,1.6
KHL_ZAN_03,2023-07-31 19:00:00+00:00,0.0,0.0,0.177,0.271,15.4,59,697.5,1.1
KHL_ZAN_03,2023-07-31 20:00:00+00:00,0.0,0.0,0.177,0.271,14.1,65,696.5,0.5
KHL_ZAN_03,2023-07-31 21:00:00+00:00,0.0,0.0,0.178,0.271,13.3,68,696.0,0.5
KHL_ZAN_03,2023-07-31 22:00:00+00:00,0.0,0.0,0.178,0.27,12.7,71,695.8,0.4
KHL_ZAN_03,2023-07-31 23:00:00+00:00,0.0,0.0,0.179,0.27,12.5,72,696.1,0.5
KHL_ZAN_03,2023-08-01 00:00:00+00:00,0.0,0.0,0.176,0.269,12.2,70,696.2,1.6
KHL_ZAN_03,2023-08-01 01:00:00+00:00,0.0,0.0,0.176,0.269,12.3,69,696.9,0.4
KHL_ZAN_03,2023-08-01 02:00:00+00:00,0.0,0.0,0.176,0.269,14.0,67,698.6,1.4
KHL_ZAN_03,2023-08-01 03:00:00+00:00,0.0,0.0,0.175,0.269,15.4,65,699.4,1.8
KHL_ZAN_03,2023-08-01 04:00:00+00:00,0.0,0.0,0.172,0.268,17.2,62,700.0,2.3
KHL_ZAN_03,2023-08-01 05:00:00+00:00,0.0,0.0,0.167,0.268,18.9,56,700.1,2.6
KHL_ZAN_03,2023-08-01 06:00:00+00:00,0.0,0.0,0.162,0.268,20.2,51,700.1,3.9
KHL_ZAN_03,2023-08-01 07:00:00+00:00,0.3,0.3,0.159,0.268,21.1,48,700.1,4.4
KHL_ZAN_03,2023-08-01 08:00:00+00:00,0.0,0.0,0.152,0.268,21.7,46,699.9,4.7
KHL_ZAN_03,2023-08-01 09:00:00+00:00,0.0,0.0,0.146,0.268,21.2,50,699.5,4.6
KHL_ZAN_03,2023-08-01 10:00:00+00:00,0.0,0.0,0.141,0.268,21.7,49,699.3,4.6
KHL_ZAN_03,2023-08-01 11:00:00+00:00,0.0,0.0,0.137,0.267,22.1,46,699.2,6.9
KHL_ZAN_03,2023-08-01 12:00:00+00:00,0.0,0.0,0.134,0.267,21.7,41,699.2,6.2
KHL_ZAN_03,2023-08-01 13:00:00+00:00,0.0,0.0,0.133,0.267,20.8,44,698.9,4.8
KHL_ZAN_03,2023-08-01 14:00:00+00:00,0.0,0.0,0.133,0.267,20.0,45,698.6,3.1
KHL_ZAN_03,2023-08-01 15:00:00+00:00,0.0,0.0,0.133,0.267,19.8,41,699.0,2.8
KHL_ZAN_03,2023-08-01 16:00:00+00:00,0.0,0.0,0.134,0.266,19.1,44,698.9,3.5
KHL_ZAN_03,2023-08-01 17:00:00+00:00,0.0,0.0,0.135,0.266,17.2,55,697.6,4.6
KHL_ZAN_03,2023-08-01 18:00:00+00:00,0.0,0.0,0.135,0.266,17.7,49,698.5,1.5
KHL_ZAN_03,2023-08-01 19:00:00+00:00,0.0,0.0,0.136,0.266,16.5,53,697.9,1.1
KHL_ZAN_03,2023-08-01 20:00:00+00:00,0.0,0.0,0.136,0.266,15.4,58,697.1,0.8
KHL_ZAN_03,2023-08-01 21:00:00+00:00,0.0,0.0,0.137,0.266,14.5,62,696.5,0.4
KHL_ZAN_03,2023-08-01 22:00:00+00:00,0.0,0.0,0.138,0.265,14.0,63,696.5,0.4
KHL_ZAN_03,2023-08-01 23:00:00+00:00,0.0,0.0,0.138,0.265,13.8,64,696.6,0.8
KHL_ZAN_03,2023-08-02 00:00:00+00:00,0.0,0.0,0.136,0.264,13.8,66,697.0,2.4
KHL_ZAN_03,2023-08-02 01:00:00+00:00,0.0,0.0,0.137,0.263,13.5,67,697.1,0.7
KHL_ZAN_03,2023-08-02 02:00:00+00:00,0.0,0.0,0.137,0.263,15.1,65,698.9,1.3
KHL_ZAN_03,2023-08-02 03:00:00+00:00,0.0,0.0,0.136,0.263,16.7,62,699.7,1.8
KHL_ZAN_03,2023-08-02 04:00:00+00:00,0.0,0.0,0.133,0.263,18.6,57,700.3,3.3
KHL_ZAN_03,2023-08-02 05:00:00+00:00,0.0,0.0,0.129,0.263,19.9,53,700.6,3.6
KHL_ZAN_03,2023-08-02 06:00:00+00:00,0.2,0.2,0.127,0.263,20.7,50,700.6,4.6
KHL_ZAN_03,2023-08-02 07:00:00+00:00,0.0,0.0,0.121,0.262,21.6,48,700.1,4.6
KHL_ZAN_03,2023-08-02 08:00:00+00:00,0.0,0.0,0.115,0.262,22.3,47,700.0,5.1
KHL_ZAN_03,2023-08-02 09:00:00+00:00,0.0,0.0,0.11,0.262,22.1,50,699.6,5.7
KHL_ZAN_03,2023-08-02 10:00:00+00:00,0.0,0.0,0.105,0.262,21.6,52,699.3,5.5
KHL_ZAN_03,2023-08-02 11:00:00+00:00,0.0,0.0,0.102,0.262,22.3,49,699.3,7.4
KHL_ZAN_03,2023-08-02 12:00:00+00:00,1.2,1.2,0.127,0.263,20.9,54,698.9,4.6
KHL_ZAN_03,2023-08-02 13:00:00+00:00,0.0,0.0,0.126,0.263,20.9,51,699.0,3.5
KHL_ZAN_03,2023-08-02 14:00:00+00:00,0.0,0.0,0.126,0.263,19.6,64,698.3,4.0
KHL_ZAN_03,2023-08-02 15:00:00+00:00,0.0,0.0,0.127,0.263,19.7,49,699.4,3.3
KHL_ZAN_03,2023-08-02 16:00:00+00:00,0.0,0.0,0.127,0.262,18.0,59,698.6,4.5
KHL_ZAN_03,2023-08-02 17:00:00+00:00,0.0,0.0,0.128,0.262,16.9,64,698.0,5.2
KHL_ZAN_03,2023-08-02 18:00:00+00:00,0.0,0.0,0.129,0.262,16.8,61,698.1,4.8
KHL_ZAN_03,2023-08-02 19:00:00+00:00,0.0,0.0,0.129,0.262,17.5,54,699.1,3.9
KHL_ZAN_03,2023-08-02 20:00:00+00:00,0.0,0.0,0.13,0.262,16.7,56,698.2,3.5
KHL_ZAN_03,2023-08-02 21:00:00+00:00,0.0,0.0,0.13,0.262,16.1,58,697.8,1.5
KHL_ZAN_03,2023-08-02 22:00:00+00:00,0.0,0.0,0.131,0.262,15.0,63,697.1,1.1
KHL_ZAN_03,2023-08-02 23:00:00+00:00,0.0,0.0,0.131,0.261,13.9,67,696.5,0.7
KHL_ZAN_03,2023-08-03 00:00:00+00:00,0.0,0.0,0.13,0.259,13.3,69,696.8,1.9
KHL_ZAN_03,2023-08-03 01:00:00+00:00,0.0,0.0,0.13,0.259,13.3,81,697.4,1.5
KHL_ZAN_03,2023-08-03 02:00:00+00:00,0.0,0.0,0.13,0.259,14.5,69,698.6,1.8
KHL_ZAN_03,2023-08-03 03:00:00+00:00,0.0,0.0,0.129,0.259,16.0,66,699.4,2.5
KHL_ZAN_03,2023-08-03 04:00:00+00:00,0.0,0.0,0.127,0.259,17.3,64,699.8,3.1
KHL_ZAN_03,2023-08-03 05:00:00+00:00,0.1,0.1,0.124,0.258,18.9,55,700.0,1.8
KHL_ZAN_03,2023-08-03 06:00:00+00:00,0.1,0.1,0.12,0.258,20.2,51,700.3,2.3
KHL_ZAN_03,2023-08-03 07:00:00+00:00,0.0,0.0,0.115,0.258,21.4,49,700.2,3.8
KHL_ZAN_03,2023-08-03 08:00:00+00:00,0.0,0.0,0.109,0.258,22.5,44,700.0,6.7
KHL_ZAN_03,2023-08-03 09:00:00+00:00,0.3,0.3,0.108,0.258,20.4,55,699.5,7.5
KHL_ZAN_03,2023-08-03 10:00:00+00:00,0.3,0.3,0.107,0.258,21.6,49,699.5,6.0
KHL_ZAN_03,2023-08-03 11:00:00+00:00,0.2,0.2,0.106,0.257,21.3,51,698.9,2.5
KHL_ZAN_03,2023-08-03 12:00:00+00:00,0.0,0.0,0.105,0.257,21.6,43,699.3,5.6
KHL_ZAN_03,2023-08-03 13:00:00+00:00,0.0,0.0,0.104,0.256,20.7,48,699.2,4.0
KHL_ZAN_03,2023-08-03 14:00:00+00:00,0.0,0.0,0.104,0.256,20.1,48,699.3,1.8
KHL_ZAN_03,2023-08-03 15:00:00+00:00,0.0,0.0,0.105,0.256,19.2,58,699.0,3.4
KHL_ZAN_03,2023-08-03 16:00:00+00:00,0.0,0.0,0.105,0.256,18.0,63,698.6,4.2
KHL_ZAN_03,2023-08-03 17:00:00+00:00,0.0,0.0,0.106,0.256,17.1,65,698.3,4.7
KHL_ZAN_03,2023-08-03 18:00:00+00:00,0.0,0.0,0.106,0.256,18.0,56,699.6,3.5
KHL_ZAN_03,2023-08-03 19:00:00+00:00,0.0,0.0,0.107,0.255,17.1,59,699.2,1.1
KHL_ZAN_03,2023-08-03 20:00:00+00:00,0.0,0.0,0.108,0.255,15.9,63,698.4,1.3
KHL_ZAN_03,2023-08-03 21:00:00+00:00,0.0,0.0,0.108,0.255,14.7,68,697.4,0.8
KHL_ZAN_03,2023-08-03 22:00:00+00:00,0.0,0.0,0.109,0.255,13.8,72,696.9,0.4
KHL_ZAN_03,2023-08-03 23:00:00+00:00,0.0,0.0,0.109,0.255,13.5,73,697.1,0.4
KHL_ZAN_03,2023-08-04 00:00:00+00:00,0.0,0.0,0.11,0.254,14.2,69,697.5,1.6
KHL_ZAN_03,2023-08-04 01:00:00+00:00,0.0,0.0,0.111,0.254,14.2,69,697.7,0.5
KHL_ZAN_03,2023-08-04 02:00:00+00:00,0.0,0.0,0.111,0.254,15.7,67,699.4,1.9
KHL_ZAN_03,2023-08-04 03:00:00+00:00,0.0,0.0,0.11,0.254,17.3,64,700.4,2.8
KHL_ZAN_03,2023-08-04 04:00:00+00:00,0.0,0.0,0.108,0.254,18.5,60,701.1,3.1
KHL_ZAN_03,2023-08-04 05:00:00+00:00,0.0,0.0,0.105,0.253,19.5,57,701.8,4.1
KHL_ZAN_03,2023-08-04 06:00:00+00:00,0.1,0.1,0.101,0.253,20.3,54,702.0,2.9
KHL_ZAN_03,2023-08-04 07:00:00+00:00,0.1,0.1,0.097,0.253,20.7,53,702.0,5.3
KHL_ZAN_03,2023-08-04 08:00:00+00:00,0.0,0.0,0.092,0.253,21.8,50,702.1,5.1
KHL_ZAN_03,2023-08-04 09:00:00+00:00,0.0,0.0,0.086,0.253,21.9,51,701.6,5.1
KHL_ZAN_03,2023-08-04 10:00:00+00:00,0.0,0.0,0.082,0.253,22.1,52,701.4,8.4
KHL_ZAN_03,2023-08-04 11:00:00+00:00,0.0,0.0,0.079,0.252,22.3,51,701.2,6.3
KHL_ZAN_03,2023-08-04 12:00:00+00:00,1.1,1.1,0.088,0.253,22.9,38,700.9,6.2
KHL_ZAN_03,2023-08-04 13:00:00+00:00,0.0,0.0,0.087,0.253,22.2,39,700.8,4.8
KHL_ZAN_03,2023-08-04 14:00:00+00:00,0.0,0.0,0.087,0.253,20.9,53,700.2,3.6
KHL_ZAN_03,2023-08-04 15:00:00+00:00,0.0,0.0,0.088,0.253,20.8,43,701.3,3.7
KHL_ZAN_03,2023-08-04 16:00:00+00:00,0.0,0.0,0.088,0.253,20.0,46,701.5,4.2
KHL_ZAN_03,2023-08-04 17:00:00+00:00,0.0,0.0,0.089,0.253,19.4,47,701.4,4.3
KHL_ZAN_03,2023-08-04 18:00:00+00:00,0.0,0.0,0.089,0.252,18.0,52,700.7,4.8
KHL_ZAN_03,2023-08-04 19:00:00+00:00,0.0,0.0,0.09,0.252,16.7,58,699.8,5.2
KHL_ZAN_03,2023-08-04 20:00:00+00:00,0.0,0.0,0.091,0.252,16.0,60,699.2,5.2
KHL_ZAN_03,2023-08-04 21:00:00+00:00,0.0,0.0,0.091,0.252,15.8,59,699.2,5.0
KHL_ZAN_03,2023-08-04 22:00:00+00:00,0.0,0.0,0.092,0.252,16.5,54,700.1,2.1
KHL_ZAN_03,2023-08-04 23:00:00+00:00,0.0,0.0,0.092,0.252,15.3,58,699.5,0.7
KHL_ZAN_03,2023-08-05 00:00:00+00:00,0.0,0.0,0.095,0.252,14.5,63,699.1,1.6
KHL_ZAN_03,2023-08-05 01:00:00+00:00,0.0,0.0,0.095,0.251,14.5,64,699.7,0.8
KHL_ZAN_03,2023-08-05 02:00:00+00:00,0.0,0.0,0.096,0.251,15.9,63,701.5,2.7
KHL_ZAN_03,2023-08-05 03:00:00+00:00,0.0,0.0,0.095,0.251,17.3,61,702.4,1.3
KHL_ZAN_03,2023-08-05 04:00:00+00:00,0.0,0.0,0.092,0.251,18.9,56,702.8,3.6
KHL_ZAN_03,2023-08-05 05:00:00+00:00,0.0,0.0,0.089,0.251,20.5,52,703.1,4.1
KHL_ZAN_03,2023-08-05 06:00:00+00:00,0.0,0.0,0.084,0.251,21.7,48,703.2,5.3
KHL_ZAN_03,2023-08-05 07:00:00+00:00,0.0,0.0,0.079,0.25,22.2,47,702.9,4.6
KHL_ZAN_03,2023-08-05 08:00:00+00:00,0.0,0.0,0.075,0.25,22.5,44,702.1,5.2
KHL_ZAN_03,2023-08-05 09:00:00+00:00,1.7,1.7,0.093,0.25,20.0,58,700.9,8.3
KHL_ZAN_03,2023-08-05 10:00:00+00:00,1.4,1.4,0.108,0.25,20.1,58,700.7,5.3
KHL_ZAN_03,2023-08-05 11:00:00+00:00,2.2,2.2,0.132,0.25,18.8,65,700.5,6.4
KHL_ZAN_03,2023-08-05 12:00:00+00:00,0.0,0.0,0.09,0.25,18.6,62,700.8,8.3
KHL_ZAN_03,2023-08-05 13:00:00+00:00,0.0,0.0,0.089,0.249,18.8,58,700.8,3.6
KHL_ZAN_03,2023-08-05 14:00:00+00:00,0.0,0.0,0.089,0.249,18.6,65,700.6,1.5
KHL_ZAN_03,2023-08-05 15:00:00+00:00,0.0,0.0,0.09,0.249,18.6,56,700.9,1.1
KHL_ZAN_03,2023-08-05 16:00:00+00:00,0.0,0.0,0.09,0.249,18.1,59,701.0,3.1
KHL_ZAN_03,2023-08-05 17:00:00+00:00,0.0,0.0,0.091,0.249,16.7,69,700.1,4.3
KHL_ZAN_03,2023-08-05 18:00:00+00:00,0.0,0.0,0.091,0.249,15.8,72,699.4,5.0
KHL_ZAN_03,2023-08-05 19:00:00+00:00,0.0,0.0,0.092,0.249,17.2,61,700.3,3.0
KHL_ZAN_03,2023-08-05 20:00:00+00:00,0.0,0.0,0.093,0.248,16.4,64,699.6,1.3
KHL_ZAN_03,2023-08-05 21:00:00+00:00,0.2,0.2,0.095,0.248,14.0,82,698.3,4.1
KHL_ZAN_03,2023-08-05 22:00:00+00:00,0.2,0.2,0.099,0.248,14.8,73,698.9,1.8
KHL_ZAN_03,2023-08-05 23:00:00+00:00,0.4,0.4,0.104,0.248,13.9,78,698.6,1.8
KHL_ZAN_03,2023-08-06 00:00:00+00:00,0.4,0.4,0.118,0.251,14.5,72,699.0,1.6
KHL_ZAN_03,2023-08-06 01:00:00+00:00,0.1,0.1,0.12,0.251,14.2,76,699.0,2.2
KHL_ZAN_03,2023-08-06 02:00:00+00:00,0.0,0.0,0.12,0.25,14.8,75,699.4,2.3
KHL_ZAN_03,2023-08-06 03:00:00+00:00,0.0,0.0,0.12,0.25,15.6,73,699.7,1.6
KHL_ZAN_03,2023-08-06 04:00:00+00:00,0.0,0.0,0.118,0.25,17.5,65,700.2,3.0
KHL_ZAN_03,2023-08-06 05:00:00+00:00,0.0,0.0,0.114,0.25,19.1,58,700.4,4.3
KHL_ZAN_03,2023-08-06 06:00:00+00:00,0.0,0.0,0.109,0.25,20.4,53,700.1,5.4
KHL_ZAN_03,2023-08-06 07:00:00+00:00,0.0,0.0,0.104,0.25,21.7,48,699.6,6.3
KHL_ZAN_03,2023-08-06 08:00:00+00:00,0.7,0.7,0.111,0.25,18.1,64,698.0,10.9
KHL_ZAN_03,2023-08-06 09:00:00+00:00,0.3,0.3,0.11,0.249,19.9,59,697.8,1.9
KHL_ZAN_03,2023-08-06 10:00:00+00:00,0.0,0.0,0.106,0.249,20.5,57,697.6,8.2
KHL_ZAN_03,2023-08-06 11:00:00+00:00,0.1,0.1,0.103,0.249,20.3,56,697.1,5.5
KHL_ZAN_03,2023-08-06 12:00:00+00:00,0.1,0.1,0.12,0.25,18.2,63,697.1,5.9
KHL_ZAN_03,2023-08-06 13:00:00+00:00,0.4,0.4,0.123,0.25,18.3,62,697.1,4.7
KHL_ZAN_03,2023-08-06 14:00:00+00:00,0.1,0.1,0.124,0.25,17.4,66,696.8,7.2
KHL_ZAN_03,2023-08-06 15:00:00+00:00,0.0,0.0,0.125,0.25,16.9,70,696.6,6.2
KHL_ZAN_03,2023-08-06 16:00:00+00:00,0.1,0.1,0.126,0.25,15.9,75,696.3,5.4
KHL_ZAN_03,2023-08-06 17:00:00+00:00,0.2,0.2,0.129,0.25,14.6,80,696.4,4.7
KHL_ZAN_03,2023-08-06 18:00:00+00:00,1.2,1.2,0.144,0.25,13.5,85,696.3,3.2
KHL_ZAN_03,2023-08-06 19:00:00+00:00,1.1,1.1,0.157,0.25,12.9,86,695.9,5.2
KHL_ZAN_03,2023-08-06 20:00:00+00:00,0.2,0.2,0.16,0.249,13.3,76,695.7,0.0
KHL_ZAN_03,2023-08-06 21:00:00+00:00,0.3,0.3,0.164,0.249,13.0,77,695.4,1.1
KHL_ZAN_03,2023-08-06 22:00:00+00:00,0.1,0.1,0.165,0.249,12.9,86,695.2,1.6
KHL_ZAN_03,2023-08-06 23:00:00+00:00,0.1,0.1,0.167,0.249,12.1,87,694.4,3.3
KHL_ZAN_03,2023-08-07 00:00:00+00:00,0.1,0.1,0.168,0.249,13.0,82,693.9,1.3
KHL_ZAN_03,2023-08-07 01:00:00+00:00,0.1,0.1,0.169,0.249,13.3,81,694.5,0.8
KHL_ZAN_03,2023-08-07 02:00:00+00:00,0.0,0.0,0.17,0.249,14.2,78,695.5,3.6
KHL_ZAN_03,2023-08-07 03:00:00+00:00,0.1,0.1,0.17,0.249,15.2,73,696.4,3.2
KHL_ZAN_03,2023-08-07 04:00:00+00:00,0.0,0.0,0.168,0.249,16.6,69,696.9,4.0
KHL_ZAN_03,2023-08-07 05:00:00+00:00,0.1,0.1,0.165,0.249,17.6,67,697.1,3.8
KHL_ZAN_03,2023-08-07 06:00:00+00:00,0.0,0.0,0.161,0.249,18.3,63,697.0,4.8
KHL_ZAN_03,2023-08-07 07:00:00+00:00,0.0,0.0,0.156,0.249,18.8,58,696.6,1.6
KHL_ZAN_03,2023-08-07 08:00:00+00:00,0.0,0.0,0.151,0.249,19.0,51,696.1,2.2
KHL_ZAN_03,2023-08-07 09:00:00+00:00,0.0,0.0,0.146,0.249,19.3,51,696.0,3.4
KHL_ZAN_03,2023-08-07 10:00:00+00:00,0.0,0.0,0.141,0.249,20.0,51,696.0,2.9
KHL_ZAN_03,2023-08-07 11:00:00+00:00,0.0,0.0,0.139,0.249,19.2,52,695.9,4.4
KHL_ZAN_03,2023-08-07 12:00:00+00:00,0.0,0.0,0.153,0.249,18.2,58,695.8,3.2
KHL_ZAN_03,2023-08-07 13:00:00+00:00,0.0,0.0,0.152,0.249,17.6,59,695.7,5.5
KHL_ZAN_03,2023-08-07 14:00:00+00:00,0.0,0.0,0.151,0.249,16.4,68,695.4,7.7
KHL_ZAN_03,2023-08-07 15:00:00+00:00,0.0,0.0,0.151,0.249,15.7,72,695.3,7.9
KHL_ZAN_03,2023-08-07 16:00:00+00:00,0.0,0.0,0.152,0.249,14.7,76,695.1,7.6
KHL_ZAN_03,2023-08-07 17:00:00+00:00,0.0,0.0,0.152,0.249,13.9,79,694.6,5.8
KHL_ZAN_03,2023-08-07 18:00:00+00:00,0.0,0.0,0.152,0.249,13.5,80,694.4,5.4
KHL_ZAN_03,2023-08-07 19:00:00+00:00,0.0,0.0,0.152,0.249,13.5,76,694.4,4.8
KHL_ZAN_03,2023-08-07 20:00:00+00:00,0.0,0.0,0.153,0.249,14.0,68,694.8,4.2
KHL_ZAN_03,2023-08-07 21:00:00+00:00,0.0,0.0,0.153,0.248,14.6,61,695.3,2.7
KHL_ZAN_03,2023-08-07 22:00:00+00:00,0.0,0.0,0.153,0.248,14.1,60,695.2,3.4
KHL_ZAN_03,2023-08-07 23:00:00+00:00,0.0,0.0,0.154,0.248,11.1,74,692.9,6.0
KHL_ZAN_03,2023-08-08 00:00:00+00:00,0.0,0.0,0.154,0.248,13.4,63,694.9,3.0
KHL_ZAN_03,2023-08-08 01:00:00+00:00,0.0,0.0,0.155,0.248,11.9,78,694.1,5.0
KHL_ZAN_03,2023-08-08 02:00:00+00:00,0.0,0.0,0.154,0.248,14.3,60,696.4,4.1
KHL_ZAN_03,2023-08-08 03:00:00+00:00,0.0,0.0,0.153,0.247,15.8,54,697.6,4.2
KHL_ZAN_03,2023-08-08 04:00:00+00:00,0.0,0.0,0.15,0.247,17.2,49,698.3,5.0
KHL_ZAN_03,2023-08-08 05:00:00+00:00,0.0,0.0,0.145,0.247,18.5,46,698.8,5.4
KHL_ZAN_03,2023-08-08 06:00:00+00:00,0.0,0.0,0.139,0.247,19.8,44,699.1,5.6
KHL_ZAN_03,2023-08-08 07:00:00+00:00,0.0,0.0,0.133,0.247,20.6,42,698.9,5.6
KHL_ZAN_03,2023-08-08 08:00:00+00:00,0.0,0.0,0.127,0.247,21.3,38,698.7,6.6
KHL_ZAN_03,2023-08-08 09:00:00+00:00,0.0,0.0,0.121,0.247,21.3,37,698.6,6.2
KHL_ZAN_03,2023-08-08 10:00:00+00:00,0.0,0.0,0.116,0.247,21.8,38,698.6,7.1
KHL_ZAN_03,2023-08-08 11:00:00+00:00,0.0,0.0,0.113,0.247,22.6,35,698.5,6.1
KHL_ZAN_03,2023-08-08 12:00:00+00:00,0.0,0.0,0.109,0.247,22.5,29,698.4,4.1
KHL_ZAN_03,2023-08-08 13:00:00+00:00,0.0,0.0,0.108,0.246,21.7,48,698.1,3.4
KHL_ZAN_03,2023-08-08 14:00:00+00:00,0.0,0.0,0.108,0.246,21.2,26,698.5,3.7
KHL_ZAN_03,2023-08-08 15:00:00+00:00,0.0,0.0,0.109,0.246,20.5,25,699.1,2.4
KHL_ZAN_03,2023-08-08 16:00:00+00:00,0.0,0.0,0.109,0.246,17.8,42,697.6,5.4
KHL_ZAN_03,2023-08-08 17:00:00+00:00,0.0,0.0,0.11,0.246,16.4,48,697.1,5.9
KHL_ZAN_03,2023-08-08 18:00:00+00:00,0.0,0.0,0.11,0.246,16.0,48,697.1,5.5
KHL_ZAN_03,2023-08-08 19:00:00+00:00,0.0,0.0,0.11,0.246,16.1,45,697.6,5.2
KHL_ZAN_03,2023-08-08 20:00:00+00:00,0.0,0.0,0.111,0.246,15.2,49,697.0,5.2
KHL_ZAN_03,2023-08-08 21:00:00+00:00,0.0,0.0,0.111,0.246,15.6,45,697.7,4.7
KHL_ZAN_03,2023-08-08 22:00:00+00:00,0.0,0.0,0.112,0.245,14.8,49,697.3,4.9
KHL_ZAN_03,2023-08-08 23:00:00+00:00,0.0,0.0,0.112,0.245,14.0,52,697.0,5.0
KHL_ZAN_03,2023-08-09 00:00:00+00:00,0.0,0.0,0.112,0.245,14.4,51,697.8,3.3
KHL_ZAN_03,2023-08-09 01:00:00+00:00,0.0,0.0,0.113,0.245,12.3,72,696.4,5.2
KHL_ZAN_03,2023-08-09 02:00:00+00:00,0.0,0.0,0.113,0.245,15.6,57,699.8,5.0
KHL_ZAN_03,2023-08-09 03:00:00+00:00,0.0,0.0,0.111,0.245,17.3,51,701.1,2.9
KHL_ZAN_03,2023-08-09 04:00:00+00:00,0.0,0.0,0.109,0.245,18.8,46,702.0,3.7
KHL_ZAN_03,2023-08-09 05:00:00+00:00,0.0,0.0,0.104,0.244,20.2,41,702.5,4.2
KHL_ZAN_03,2023-08-09 06:00:00+00:00,0.0,0.0,0.099,0.244,21.4,38,702.8,5.4
KHL_ZAN_03,2023-08-09 07:00:00+00:00,0.0,0.0,0.094,0.244,22.1,35,702.7,6.6
KHL_ZAN_03,2023-08-09 08:00:00+00:00,0.0,0.0,0.088,0.244,23.2,34,702.6,6.6
KHL_ZAN_03,2023-08-09 09:00:00+00:00,0.0,0.0,0.083,0.244,23.9,33,702.2,5.8
KHL_ZAN_03,2023-08-09 10:00:00+00:00,0.0,0.0,0.078,0.244,24.5,30,701.9,5.8
KHL_ZAN_03,2023-08-09 11:00:00+00:00,0.0,0.0,0.075,0.244,24.2,30,701.5,4.3
KHL_ZAN_03,2023-08-09 12:00:00+00:00,0.0,0.0,0.073,0.243,23.4,26,701.5,3.4
KHL_ZAN_03,2023-08-09 13:00:00+00:00,0.0,0.0,0.072,0.243,23.0,42,701.2,2.5
KHL_ZAN_03,2023-08-09 14:00:00+00:00,0.0,0.0,0.072,0.243,22.8,22,701.4,2.9
KHL_ZAN_03,2023-08-09 15:00:00+00:00,0.0,0.0,0.073,0.243,21.8,27,701.4,4.3
KHL_ZAN_03,2023-08-09 16:00:00+00:00,0.0,0.0,0.073,0.243,18.5,47,699.5,6.6
KHL_ZAN_03,2023-08-09 17:00:00+00:00,0.0,0.0,0.074,0.243,17.2,51,698.7,6.8
KHL_ZAN_03,2023-08-09 18:00:00+00:00,0.0,0.0,0.074,0.243,16.1,53,698.1,6.5
KHL_ZAN_03,2023-08-09 19:00:00+00:00,0.0,0.0,0.074,0.243,15.9,51,698.2,6.2
KHL_ZAN_03,2023-08-09 20:00:00+00:00,0.0,0.0,0.075,0.242,15.4,51,698.1,6.0
KHL_ZAN_03,2023-08-09 21:00:00+00:00,0.0,0.0,0.075,0.242,15.0,51,697.8,6.0
KHL_ZAN_03,2023-08-09 22:00:00+00:00,0.0,0.0,0.076,0.242,13.9,55,697.2,6.4
KHL_ZAN_03,2023-08-09 23:00:00+00:00,0.0,0.0,0.076,0.242,13.2,57,696.9,6.4
KHL_ZAN_03,2023-08-10 00:00:00+00:00,0.0,0.0,0.077,0.242,16.0,46,699.4,3.8
KHL_ZAN_03,2023-08-10 01:00:00+00:00,0.0,0.0,0.078,0.242,13.3,68,697.5,6.3
KHL_ZAN_03,2023-08-10 02:00:00+00:00,0.0,0.0,0.078,0.242,16.8,51,700.9,3.9
KHL_ZAN_03,2023-08-10 03:00:00+00:00,0.0,0.0,0.077,0.242,18.5,48,702.2,2.8
KHL_ZAN_03,2023-08-10 04:00:00+00:00,0.0,0.0,0.075,0.242,20.4,45,703.0,4.1
KHL_ZAN_03,2023-08-10 05:00:00+00:00,0.0,0.0,0.071,0.242,22.1,38,703.5,4.9
KHL_ZAN_03,2023-08-10 06:00:00+00:00,0.0,0.0,0.067,0.241,23.2,36,703.5,4.2
KHL_ZAN_03,2023-08-10 07:00:00+00:00,0.0,0.0,0.062,0.241,23.8,35,703.3,6.1
KHL_ZAN_03,2023-08-10 08:00:00+00:00,0.0,0.0,0.058,0.241,24.1,36,703.1,7.5
KHL_ZAN_03,2023-08-10 09:00:00+00:00,0.0,0.0,0.054,0.241,24.6,34,702.7,7.2
KHL_ZAN_03,2023-08-10 10:00:00+00:00,0.0,0.0,0.051,0.241,25.0,32,702.6,7.6
KHL_ZAN_03,2023-08-10 11:00:00+00:00,0.0,0.0,0.049,0.241,24.8,31,702.3,7.3
KHL_ZAN_03,2023-08-10 12:00:00+00:00,0.0,0.0,0.048,0.241,23.5,33,702.8,8.3
KHL_ZAN_03,2023-08-10 13:00:00+00:00,0.0,0.0,0.048,0.241,22.3,38,703.0,5.4
KHL_ZAN_03,2023-08-10 14:00:00+00:00,0.0,0.0,0.048,0.241,21.7,51,702.9,3.6
KHL_ZAN_03,2023-08-10 15:00:00+00:00,0.0,0.0,0.048,0.241,20.6,60,702.7,3.8
KHL_ZAN_03,2023-08-10 16:00:00+00:00,0.0,0.0,0.049,0.241,18.9,64,701.8,5.5
KHL_ZAN_03,2023-08-10 17:00:00+00:00,0.0,0.0,0.049,0.241,17.9,66,701.1,6.5
KHL_ZAN_03,2023-08-10 18:00:00+00:00,0.0,0.0,0.05,0.241,16.8,68,700.3,6.7
KHL_ZAN_03,2023-08-10 19:00:00+00:00,0.0,0.0,0.05,0.24,16.0,71,699.8,6.7
KHL_ZAN_03,2023-08-10 20:00:00+00:00,0.0,0.0,0.051,0.24,15.1,72,698.9,6.2
KHL_ZAN_03,2023-08-10 21:00:00+00:00,0.0,0.0,0.051,0.24,17.5,54,701.0,2.6
KHL_ZAN_03,2023-08-10 22:00:00+00:00,0.0,0.0,0.052,0.24,16.7,57,700.8,1.4
KHL_ZAN_03,2023-08-10 23:00:00+00:00,0.0,0.0,0.052,0.24,15.7,61,700.3,1.1
KHL_ZAN_03,2023-08-11 00:00:00+00:00,0.0,0.0,0.045,0.237,15.8,63,700.6,2.3
KHL_ZAN_03,2023-08-11 01:00:00+00:00,0.0,0.0,0.046,0.237,15.5,64,700.9,1.3
KHL_ZAN_03,2023-08-11 02:00:00+00:00,0.0,0.0,0.046,0.237,16.8,61,702.3,2.9
KHL_ZAN_03,2023-08-11 03:00:00+00:00,0.0,0.0,0.046,0.237,18.2,57,703.0,3.9
KHL_ZAN_03,2023-08-11 04:00:00+00:00,0.0,0.0,0.045,0.237,20.0,51,703.8,5.3
KHL_ZAN_03,2023-08-11 05:00:00+00:00,0.1,0.1,0.043,0.236,21.2,46,704.0,5.4
KHL_ZAN_03,2023-08-11 06:00:00+00:00,0.3,0.3,0.044,0.236,22.1,43,704.0,5.8
KHL_ZAN_03,2023-08-11 07:00:00+00:00,0.8,0.8,0.051,0.236,22.8,41,703.9,5.6
KHL_ZAN_03,2023-08-11 08:00:00+00:00,0.3,0.3,0.05,0.236,23.3,39,703.5,6.8
KHL_ZAN_03,2023-08-11 09:00:00+00:00,0.1,0.1,0.048,0.236,23.8,37,702.9,6.1
KHL_ZAN_03,2023-08-11 10:00:00+00:00,0.2,0.2,0.047,0.236,24.4,35,702.7,7.6
KHL_ZAN_03,2023-08-11 11:00:00+00:00,0.0,0.0,0.045,0.236,24.5,33,702.3,6.5
KHL_ZAN_03,2023-08-11 12:00:00+00:00,0.0,0.0,0.048,0.235,23.4,34,702.5,5.5
KHL_ZAN_03,2023-08-11 13:00:00+00:00,0.0,0.0,0.048,0.235,23.1,33,702.2,2.9
KHL_ZAN_03,2023-08-11 14:00:00+00:00,0.0,0.0,0.048,0.235,22.1,40,702.0,2.3
KHL_ZAN_03,2023-08-11 15:00:00+00:00,0.0,0.0,0.048,0.235,20.1,57,701.2,4.8
KHL_ZAN_03,2023-08-11 16:00:00+00:00,0.0,0.0,0.049,0.235,18.8,57,700.7,6.6
KHL_ZAN_03,2023-08-11 17:00:00+00:00,0.0,0.0,0.049,0.234,17.5,61,699.7,7.0
KHL_ZAN_03,2023-08-11 18:00:00+00:00,0.0,0.0,0.049,0.234,16.7,61,699.3,6.0
KHL_ZAN_03,2023-08-11 19:00:00+00:00,0.0,0.0,0.05,0.234,15.9,62,698.6,5.9
KHL_ZAN_03,2023-08-11 20:00:00+00:00,0.0,0.0,0.05,0.234,14.8,66,697.6,6.6
KHL_ZAN_03,2023-08-11 21:00:00+00:00,0.0,0.0,0.051,0.234,14.1,67,697.0,6.4
KHL_ZAN_03,2023-08-11 22:00:00+00:00,0.0,0.0,0.051,0.234,13.8,66,696.8,6.0
KHL_ZAN_03,2023-08-11 23:00:00+00:00,0.0,0.0,0.052,0.234,14.4,60,697.6,5.0
KHL_ZAN_03,2023-08-12 00:00:00+00:00,0.0,0.0,0.052,0.234,15.7,55,699.0,3.2
KHL_ZAN_03,2023-08-12 01:00:00+00:00,0.0,0.0,0.052,0.233,14.3,65,698.3,4.1
KHL_ZAN_03,2023-08-12 02:00:00+00:00,0.0,0.0,0.052,0.233,16.8,55,700.5,3.6
KHL_ZAN_03,2023-08-12 03:00:00+00:00,0.0,0.0,0.052,0.233,18.7,50,702.0,3.9
KHL_ZAN_03,2023-08-12 04:00:00+00:00,0.0,0.0,0.05,0.233,20.1,44,702.6,5.5
KHL_ZAN_03,2023-08-12 05:00:00+00:00,0.0,0.0,0.048,0.233,21.4,40,703.1,6.1
KHL_ZAN_03,2023-08-12 06:00:00+00:00,0.0,0.0,0.045,0.233,22.1,38,702.8,5.9
KHL_ZAN_03,2023-08-12 07:00:00+00:00,0.0,0.0,0.041,0.233,22.8,37,702.6,4.7
KHL_ZAN_03,2023-08-12 08:00:00+00:00,0.0,0.0,0.038,0.233,23.6,35,702.1,4.4
KHL_ZAN_03,2023-08-12 09:00:00+00:00,0.0,0.0,0.035,0.233,24.1,32,701.6,4.7
KHL_ZAN_03,2023-08-12 10:00:00+00:00,0.0,0.0,0.033,0.232,24.7,29,701.2,7.0
KHL_ZAN_03,2023-08-12 11:00:00+00:00,0.0,0.0,0.031,0.232,25.1,26,700.7,8.1
KHL_ZAN_03,2023-08-12 12:00:00+00:00,0.0,0.0,0.03,0.232,25.3,20,700.4,3.2
KHL_ZAN_03,2023-08-12 13:00:00+00:00,0.0,0.0,0.03,0.231,24.7,20,699.7,1.5
KHL_ZAN_03,2023-08-12 14:00:00+00:00,0.0,0.0,0.03,0.231,22.7,41,698.9,4.8
KHL_ZAN_03,2023-08-12 15:00:00+00:00,0.0,0.0,0.03,0.231,21.1,47,698.7,5.7
KHL_ZAN_03,2023-08-12 16:00:00+00:00,0.0,0.0,0.03,0.231,19.9,50,699.1,6.0
KHL_ZAN_03,2023-08-12 17:00:00+00:00,0.0,0.0,0.031,0.231,18.7,53,698.5,5.9
KHL_ZAN_03,2023-08-12 18:00:00+00:00,0.0,0.0,0.031,0.231,17.4,56,697.6,6.2
KHL_ZAN_03,2023-08-12 19:00:00+00:00,0.0,0.0,0.032,0.231,16.3,60,696.8,6.5
KHL_ZAN_03,2023-08-12 20:00:00+00:00,0.0,0.0,0.032,0.231,15.3,63,695.7,6.7
KHL_ZAN_03,2023-08-12 21:00:00+00:00,0.0,0.0,0.033,0.231,14.5,65,695.2,6.4
KHL_ZAN_03,2023-08-12 22:00:00+00:00,0.0,0.0,0.033,0.23,14.0,65,694.9,6.0
KHL_ZAN_03,2023-08-12 23:00:00+00:00,0.0,0.0,0.034,0.23,13.2,67,694.5,6.5
KHL_ZAN_03,2023-08-13 00:00:00+00:00,0.0,0.0,0.034,0.23,15.9,55,697.2,3.2
KHL_ZAN_03,2023-08-13 01:00:00+00:00,0.0,0.0,0.035,0.23,14.0,68,696.0,6.7
KHL_ZAN_03,2023-08-13 02:00:00+00:00,0.0,0.0,0.035,0.23,17.1,54,698.8,5.0
KHL_ZAN_03,2023-08-13 03:00:00+00:00,0.0,0.0,0.035,0.23,18.7,49,699.7,3.9
KHL_ZAN_03,2023-08-13 04:00:00+00:00,0.0,0.0,0.034,0.23,20.3,44,700.6,4.7
KHL_ZAN_03,2023-08-13 05:00:00+00:00,0.0,0.0,0.032,0.23,21.7,39,700.8,5.0
KHL_ZAN_03,2023-08-13 06:00:00+00:00,0.0,0.0,0.03,0.23,23.0,35,700.9,4.7
KHL_ZAN_03,2023-08-13 07:00:00+00:00,0.0,0.0,0.028,0.229,23.8,33,700.5,5.0
KHL_ZAN_03,2023-08-13 08:00:00+00:00,0.0,0.0,0.026,0.229,24.7,32,700.4,6.5
KHL_ZAN_03,2023-08-13 09:00:00+00:00,0.0,0.0,0.024,0.229,25.2,29,699.7,7.0
KHL_ZAN_03,2023-08-13 10:00:00+00:00,0.0,0.0,0.023,0.229,25.6,27,699.3,7.2
KHL_ZAN_03,2023-08-13 11:00:00+00:00,0.0,0.0,0.022,0.229,26.1,23,698.9,3.8
KHL_ZAN_03,2023-08-13 12:00:00+00:00,0.0,0.0,0.023,0.229,25.6,22,699.1,5.3
KHL_ZAN_03,2023-08-13 13:00:00+00:00,0.0,0.0,0.023,0.229,24.1,26,698.8,5.7
KHL_ZAN_03,2023-08-13 14:00:00+00:00,0.0,0.0,0.023,0.229,23.1,33,699.1,3.3
KHL_ZAN_03,2023-08-13 15:00:00+00:00,0.0,0.0,0.023,0.229,21.8,38,698.9,5.8
KHL_ZAN_03,2023-08-13 16:00:00+00:00,0.0,0.0,0.024,0.229,20.5,42,698.6,7.4
KHL_ZAN_03,2023-08-13 17:00:00+00:00,0.0,0.0,0.024,0.229,19.2,48,697.9,7.4
KHL_ZAN_03,2023-08-13 18:00:00+00:00,0.0,0.0,0.024,0.229,18.1,52,697.3,6.8
KHL_ZAN_03,2023-08-13 19:00:00+00:00,0.0,0.0,0.025,0.229,17.2,52,697.1,7.8
KHL_ZAN_03,2023-08-13 20:00:00+00:00,0.0,0.0,0.025,0.229,16.3,57,696.5,7.0
KHL_ZAN_03,2023-08-13 21:00:00+00:00,0.0,0.0,0.026,0.228,15.6,60,695.8,6.5
KHL_ZAN_03,2023-08-13 22:00:00+00:00,0.0,0.0,0.026,0.228,15.2,59,696.0,6.2
KHL_ZAN_03,2023-08-13 23:00:00+00:00,0.0,0.0,0.026,0.228,14.9,58,696.0,5.4
KHL_ZAN_03,2023-08-14 00:00:00+00:00,0.0,0.0,0.027,0.228,17.1,46,698.3,3.1
KHL_ZAN_03,2023-08-14 01:00:00+00:00,0.0,0.0,0.027,0.228,15.2,59,697.5,4.5
KHL_ZAN_03,2023-08-14 02:00:00+00:00,0.0,0.0,0.028,0.228,17.3,48,699.9,4.7
KHL_ZAN_03,2023-08-14 03:00:00+00:00,0.0,0.0,0.027,0.227,18.9,45,701.1,4.7
KHL_ZAN_03,2023-08-14 04:00:00+00:00,0.0,0.0,0.027,0.227,20.5,39,702.1,5.1
KHL_ZAN_03,2023-08-14 05:00:00+00:00,0.0,0.0,0.026,0.227,21.4,36,702.3,5.5
KHL_ZAN_03,2023-08-14 06:00:00+00:00,0.0,0.0,0.025,0.227,22.0,33,702.3,5.5
KHL_ZAN_03,2023-08-14 07:00:00+00:00,0.0,0.0,0.023,0.227,22.5,31,702.0,3.3
KHL_ZAN_03,2023-08-14 08:00:00+00:00,0.0,0.0,0.022,0.227,23.1,28,701.7,3.8
KHL_ZAN_03,2023-08-14 09:00:00+00:00,0.0,0.0,0.021,0.227,23.5,29,701.6,6.2
KHL_ZAN_03,2023-08-14 10:00:00+00:00,0.0,0.0,0.021,0.227,22.9,30,701.0,3.2
KHL_ZAN_03,2023-08-14 11:00:00+00:00,0.0,0.0,0.02,0.227,23.8,26,700.8,3.3
KHL_ZAN_03,2023-08-14 12:00:00+00:00,0.0,0.0,0.021,0.228,22.7,25,699.9,4.0
KHL_ZAN_03,2023-08-14 13:00:00+00:00,0.0,0.0,0.021,0.227,22.4,25,700.3,0.0
KHL_ZAN_03,2023-08-14 14:00:00+00:00,0.0,0.0,0.022,0.227,21.4,28,700.5,2.0
KHL_ZAN_03,2023-08-14 15:00:00+00:00,0.0,0.0,0.022,0.227,20.7,32,701.1,3.8
KHL_ZAN_03,2023-08-14 16:00:00+00:00,0.0,0.0,0.022,0.227,19.7,58,701.1,1.5
KHL_ZAN_03,2023-08-14 17:00:00+00:00,0.0,0.0,0.023,0.227,19.3,35,701.2,1.9
KHL_ZAN_03,2023-08-14 18:00:00+00:00,0.0,0.0,0.023,0.227,18.7,37,701.3,2.4
KHL_ZAN_03,2023-08-14 19:00:00+00:00,0.0,0.0,0.023,0.227,18.1,39,701.0,2.4
KHL_ZAN_03,2023-08-14 20:00:00+00:00,0.0,0.0,0.024,0.227,17.1,45,700.3,3.8
KHL_ZAN_03,2023-08-14 21:00:00+00:00,0.0,0.0,0.024,0.227,15.9,51,699.2,4.3
KHL_ZAN_03,2023-08-14 22:00:00+00:00,0.0,0.0,0.025,0.227,14.5,58,698.1,5.4
KHL_ZAN_03,2023-08-14 23:00:00+00:00,0.0,0.0,0.025,0.227,14.0,60,698.3,5.2
KHL_ZAN_03,2023-08-15 00:00:00+00:00,0.0,0.0,0.026,0.226,14.5,58,699.5,4.1
KHL_ZAN_03,2023-08-15 01:00:00+00:00,0.0,0.0,0.026,0.226,14.5,60,700.1,6.4
KHL_ZAN_03,2023-08-15 02:00:00+00:00,0.0,0.0,0.026,0.226,15.7,53,701.2,6.4
KHL_ZAN_03,2023-08-15 03:00:00+00:00,0.0,0.0,0.026,0.226,16.6,49,702.0,4.3
KHL_ZAN_03,2023-08-15 04:00:00+00:00,0.0,0.0,0.026,0.226,17.6,45,702.9,5.1
KHL_ZAN_03,2023-08-15 05:00:00+00:00,0.0,0.0,0.025,0.226,18.7,41,703.1,4.5
KHL_ZAN_03,2023-08-15 06:00:00+00:00,0.0,0.0,0.024,0.226,19.8,37,703.1,4.7
KHL_ZAN_03,2023-08-15 07:00:00+00:00,0.0,0.0,0.023,0.225,20.9,34,703.0,4.6
KHL_ZAN_03,2023-08-15 08:00:00+00:00,0.0,0.0,0.022,0.225,21.9,30,702.7,4.5
KHL_ZAN_03,2023-08-15 09:00:00+00:00,0.0,0.0,0.021,0.225,22.4,28,702.1,4.9
KHL_ZAN_03,2023-08-15 10:00:00+00:00,0.0,0.0,0.02,0.225,23.2,26,701.8,6.6
KHL_ZAN_03,2023-08-15 11:00:00+00:00,0.0,0.0,0.02,0.225,23.3,25,701.4,6.3
KHL_ZAN_03,2023-08-15 12:00:00+00:00,0.0,0.0,0.02,0.224,23.2,22,701.5,4.5
KHL_ZAN_03,2023-08-15 13:00:00+00:00,0.0,0.0,0.02,0.224,22.3,23,701.5,6.4
KHL_ZAN_03,2023-08-15 14:00:00+00:00,0.0,0.0,0.02,0.224,20.9,27,701.7,5.4
KHL_ZAN_03,2023-08-15 15:00:00+00:00,0.0,0.0,0.021,0.224,20.3,30,702.2,5.4
KHL_ZAN_03,2023-08-15 16:00:00+00:00,0.0,0.0,0.021,0.224,19.2,36,702.0,5.6
KHL_ZAN_03,2023-08-15 17:00:00+00:00,0.0,0.0,0.021,0.224,17.9,40,701.2,7.2
KHL_ZAN_03,2023-08-15 18:00:00+00:00,0.0,0.0,0.022,0.224,16.5,47,700.3,7.4
KHL_ZAN_03,2023-08-15 19:00:00+00:00,0.0,0.0,0.022,0.224,15.2,53,699.6,6.7
KHL_ZAN_03,2023-08-15 20:00:00+00:00,0.0,0.0,0.022,0.224,14.5,58,698.9,4.8
KHL_ZAN_03,2023-08-15 21:00:00+00:00,0.0,0.0,0.023,0.224,15.6,47,699.9,1.0
KHL_ZAN_03,2023-08-15 22:00:00+00:00,0.0,0.0,0.023,0.223,14.9,50,699.5,1.1
KHL_ZAN_03,2023-08-15 23:00:00+00:00,0.0,0.0,0.024,0.223,14.0,53,699.4,0.8
KHL_ZAN_03,2023-08-16 00:00:00+00:00,0.0,0.0,0.024,0.223,14.3,54,699.8,1.5
KHL_ZAN_03,2023-08-16 01:00:00+00:00,0.0,0.0,0.024,0.223,13.8,56,700.0,0.8
KHL_ZAN_03,2023-08-16 02:00:00+00:00,0.0,0.0,0.024,0.223,15.5,51,701.3,3.0
KHL_ZAN_03,2023-08-16 03:00:00+00:00,0.0,0.0,0.025,0.223,17.1,47,702.3,3.7
KHL_ZAN_03,2023-08-16 04:00:00+00:00,0.0,0.0,0.024,0.223,18.6,42,703.3,5.0
KHL_ZAN_03,2023-08-16 05:00:00+00:00,0.0,0.0,0.023,0.222,20.0,37,703.4,5.3
KHL_ZAN_03,2023-08-16 06:00:00+00:00,0.0,0.0,0.023,0.222,21.2,34,703.5,5.1
KHL_ZAN_03,2023-08-16 07:00:00+00:00,0.0,0.0,0.022,0.222,21.9,32,703.3,6.2
KHL_ZAN_03,2023-08-16 08:00:00+00:00,0.0,0.0,0.021,0.222,22.7,30,703.0,6.5
KHL_ZAN_03,2023-08-16 09:00:00+00:00,0.0,0.0,0.02,0.222,23.3,28,702.7,7.6
KHL_ZAN_03,2023-08-16 10:00:00+00:00,0.0,0.0,0.02,0.222,23.6,27,701.9,6.0
KHL_ZAN_03,2023-08-16 11:00:00+00:00,0.0,0.0,0.019,0.222,24.1,24,701.6,4.7
KHL_ZAN_03,2023-08-16 12:00:00+00:00,0.0,0.0,0.02,0.223,24.0,21,701.5,4.8
KHL_ZAN_03,2023-08-16 13:00:00+00:00,0.0,0.0,0.02,0.223,23.0,23,701.4,7.1
KHL_ZAN_03,2023-08-16 14:00:00+00:00,0.0,0.0,0.021,0.223,21.6,27,701.3,3.8
KHL_ZAN_03,2023-08-16 15:00:00+00:00,0.0,0.0,0.021,0.223,20.8,46,701.1,2.9
KHL_ZAN_03,2023-08-16 16:00:00+00:00,0.0,0.0,0.021,0.223,19.8,41,700.7,5.4
KHL_ZAN_03,2023-08-16 17:00:00+00:00,0.0,0.0,0.022,0.223,19.2,38,700.7,6.8
KHL_ZAN_03,2023-08-16 18:00:00+00:00,0.0,0.0,0.022,0.223,18.0,44,699.9,6.4
KHL_ZAN_03,2023-08-16 19:00:00+00:00,0.0,0.0,0.022,0.223,16.8,48,699.1,6.6
KHL_ZAN_03,2023-08-16 20:00:00+00:00,0.0,0.0,0.023,0.223,15.6,49,698.0,7.5
KHL_ZAN_03,2023-08-16 21:00:00+00:00,0.0,0.0,0.023,0.223,14.4,54,697.2,7.1
KHL_ZAN_03,2023-08-16 22:00:00+00:00,0.0,0.0,0.023,0.222,13.6,59,696.8,6.0
KHL_ZAN_03,2023-08-16 23:00:00+00:00,0.0,0.0,0.024,0.222,13.5,57,697.1,5.7
KHL_ZAN_03,2023-08-17 00:00:00+00:00,0.0,0.0,0.024,0.222,15.5,47,699.0,3.5
KHL_ZAN_03,2023-08-17 01:00:00+00:00,0.0,0.0,0.025,0.222,13.8,59,698.2,6.0
KHL_ZAN_03,2023-08-17 02:00:00+00:00,0.0,0.0,0.025,0.222,16.4,46,700.9,3.8
KHL_ZAN_03,2023-08-17 03:00:00+00:00,0.0,0.0,0.025,0.222,17.8,45,701.9,4.3
KHL_ZAN_03,2023-08-17 04:00:00+00:00,0.0,0.0,0.024,0.222,19.4,39,702.8,5.2
KHL_ZAN_03,2023-08-17 05:00:00+00:00,0.0,0.0,0.024,0.222,20.5,34,703.1,5.9
KHL_ZAN_03,2023-08-17 06:00:00+00:00,0.0,0.0,0.023,0.222,21.2,34,703.0,5.4
KHL_ZAN_03,2023-08-17 07:00:00+00:00,0.0,0.0,0.022,0.222,22.0,32,702.7,5.1
KHL_ZAN_03,2023-08-17 08:00:00+00:00,0.0,0.0,0.021,0.222,22.5,30,702.5,4.5
KHL_ZAN_03,2023-08-17 09:00:00+00:00,0.0,0.0,0.02,0.221,23.0,28,701.8,3.6
KHL_ZAN_03,2023-08-17 10:00:00+00:00,0.0,0.0,0.02,0.221,23.3,27,701.2,5.1
KHL_ZAN_03,2023-08-17 11:00:00+00:00,0.0,0.0,0.019,0.221,23.8,25,701.3,5.1
KHL_ZAN_03,2023-08-17 12:00:00+00:00,0.0,0.0,0.019,0.222,23.3,21,702.0,4.4
KHL_ZAN_03,2023-08-17 13:00:00+00:00,0.0,0.0,0.019,0.221,22.4,23,701.7,4.8
KHL_ZAN_03,2023-08-17 14:00:00+00:00,0.0,0.0,0.02,0.221,21.3,27,701.6,5.1
KHL_ZAN_03,2023-08-17 15:00:00+00:00,0.0,0.0,0.02,0.221,20.5,30,701.7,5.9
KHL_ZAN_03,2023-08-17 16:00:00+00:00,0.0,0.0,0.02,0.221,19.3,34,701.3,7.9
KHL_ZAN_03,2023-08-17 17:00:00+00:00,0.0,0.0,0.02,0.221,18.0,39,700.6,7.6
KHL_ZAN_03,2023-08-17 18:00:00+00:00,0.0,0.0,0.021,0.221,16.7,45,699.7,7.2
KHL_ZAN_03,2023-08-17 19:00:00+00:00,0.0,0.0,0.021,0.221,15.7,47,699.1,8.0
KHL_ZAN_03,2023-08-17 20:00:00+00:00,0.0,0.0,0.021,0.221,14.8,51,698.3,8.0
KHL_ZAN_03,2023-08-17 21:00:00+00:00,0.0,0.0,0.022,0.221,13.8,56,697.5,6.8
KHL_ZAN_03,2023-08-17 22:00:00+00:00,0.0,0.0,0.022,0.221,13.6,57,697.5,5.1
KHL_ZAN_03,2023-08-17 23:00:00+00:00,0.0,0.0,0.023,0.221,15.0,47,699.1,2.5
KHL_ZAN_03,2023-08-18 00:00:00+00:00,0.0,0.0,0.022,0.221,14.6,51,699.3,1.8
KHL_ZAN_03,2023-08-18 01:00:00+00:00,0.0,0.0,0.023,0.221,14.0,53,699.5,0.7
KHL_ZAN_03,2023-08-18 02:00:00+00:00,0.0,0.0,0.023,0.22,15.8,49,701.3,2.2
KHL_ZAN_03,2023-08-18 03:00:00+00:00,0.0,0.0,0.023,0.22,17.5,44,702.7,3.3
KHL_ZAN_03,2023-08-18 04:00:00+00:00,0.0,0.0,0.023,0.22,19.1,41,703.5,4.3
KHL_ZAN_03,2023-08-18 05:00:00+00:00,0.0,0.0,0.022,0.22,20.5,36,703.9,5.5
KHL_ZAN_03,2023-08-18 06:00:00+00:00,0.0,0.0,0.021,0.22,21.4,33,704.1,5.0
KHL_ZAN_03,2023-08-18 07:00:00+00:00,0.0,0.0,0.021,0.22,22.1,31,703.8,4.6
KHL_ZAN_03,2023-08-18 08:00:00+00:00,0.0,0.0,0.02,0.22,22.8,28,703.5,4.3
KHL_ZAN_03,2023-08-18 09:00:00+00:00,0.0,0.0,0.019,0.22,23.4,26,703.0,4.5
KHL_ZAN_03,2023-08-18 10:00:00+00:00,0.0,0.0,0.019,0.22,24.0,24,702.5,5.4
KHL_ZAN_03,2023-08-18 11:00:00+00:00,0.0,0.0,0.019,0.22,24.5,20,702.3,3.6
KHL_ZAN_03,2023-08-18 12:00:00+00:00,0.0,0.0,0.021,0.222,23.9,22,702.2,5.1
KHL_ZAN_03,2023-08-18 13:00:00+00:00,0.0,0.0,0.021,0.222,24.3,21,702.2,4.3
KHL_ZAN_03,2023-08-18 14:00:00+00:00,0.0,0.0,0.021,0.222,21.9,28,702.2,7.1
KHL_ZAN_03,2023-08-18 15:00:00+00:00,0.0,0.0,0.021,0.222,20.7,32,702.6,4.2
KHL_ZAN_03,2023-08-18 16:00:00+00:00,0.0,0.0,0.021,0.222,20.0,37,702.6,6.4
KHL_ZAN_03,2023-08-18 17:00:00+00:00,0.0,0.0,0.022,0.222,19.1,40,702.2,7.6
KHL_ZAN_03,2023-08-18 18:00:00+00:00,0.0,0.0,0.022,0.222,17.6,46,701.4,7.3
KHL_ZAN_03,2023-08-18 19:00:00+00:00,0.0,0.0,0.022,0.221,16.4,50,700.7,7.6
KHL_ZAN_03,2023-08-18 20:00:00+00:00,0.0,0.0,0.023,0.221,15.5,53,700.1,8.0
KHL_ZAN_03,2023-08-18 21:00:00+00:00,0.0,0.0,0.023,0.221,14.6,55,699.5,8.0
KHL_ZAN_03,2023-08-18 22:00:00+00:00,0.0,0.0,0.023,0.221,13.8,58,699.1,7.3
KHL_ZAN_03,2023-08-18 23:00:00+00:00,0.0,0.0,0.024,0.221,13.5,60,699.2,5.8
KHL_ZAN_03,2023-08-19 00:00:00+00:00,0.0,0.0,0.024,0.221,15.7,47,701.3,3.7
KHL_ZAN_03,2023-08-19 01:00:00+00:00,0.0,0.0,0.025,0.221,14.1,57,700.5,7.1
KHL_ZAN_03,2023-08-19 02:00:00+00:00,0.0,0.0,0.025,0.221,16.6,45,703.1,5.6
KHL_ZAN_03,2023-08-19 03:00:00+00:00,0.0,0.0,0.025,0.221,18.0,43,704.2,3.6
KHL_ZAN_03,2023-08-19 04:00:00+00:00,0.0,0.0,0.025,0.22,19.5,39,705.1,4.8
KHL_ZAN_03,2023-08-19 05:00:00+00:00,0.0,0.0,0.024,0.22,20.8,35,705.6,5.2
KHL_ZAN_03,2023-08-19 06:00:00+00:00,0.0,0.0,0.023,0.22,21.6,32,705.3,5.4
KHL_ZAN_03,2023-08-19 07:00:00+00:00,0.0,0.0,0.022,0.22,22.4,30,705.3,4.3
KHL_ZAN_03,2023-08-19 08:00:00+00:00,0.0,0.0,0.021,0.22,22.8,28,705.2,4.1
KHL_ZAN_03,2023-08-19 09:00:00+00:00,0.0,0.0,0.02,0.22,23.7,25,704.6,3.3
KHL_ZAN_03,2023-08-19 10:00:00+00:00,0.0,0.0,0.02,0.22,24.8,23,704.4,6.6
KHL_ZAN_03,2023-08-19 11:00:00+00:00,0.0,0.0,0.019,0.22,24.9,21,703.9,7.2
KHL_ZAN_03,2023-08-19 12:00:00+00:00,0.0,0.0,0.019,0.22,25.2,18,703.6,7.2
KHL_ZAN_03,2023-08-19 13:00:00+00:00,0.0,0.0,0.019,0.22,24.8,20,703.4,8.0
KHL_ZAN_03,2023-08-19 14:00:00+00:00,0.0,0.0,0.019,0.22,23.3,23,703.6,7.1
KHL_ZAN_03,2023-08-19 15:00:00+00:00,0.0,0.0,0.019,0.22,22.2,27,703.8,4.7
KHL_ZAN_03,2023-08-19 16:00:00+00:00,0.0,0.0,0.02,0.22,20.6,39,703.5,5.2
KHL_ZAN_03,2023-08-19 17:00:00+00:00,0.0,0.0,0.02,0.22,19.5,41,702.9,5.9
KHL_ZAN_03,2023-08-19 18:00:00+00:00,0.0,0.0,0.02,0.22,18.3,42,702.4,7.2
KHL_ZAN_03,2023-08-19 19:00:00+00:00,0.0,0.0,0.021,0.22,17.1,45,701.5,7.4
KHL_ZAN_03,2023-08-19 20:00:00+00:00,0.0,0.0,0.021,0.22,16.0,49,700.9,7.7
KHL_ZAN_03,2023-08-19 21:00:00+00:00,0.0,0.0,0.021,0.219,15.0,53,700.4,7.3
KHL_ZAN_03,2023-08-19 22:00:00+00:00,0.0,0.0,0.022,0.219,14.3,56,700.0,7.0
KHL_ZAN_03,2023-08-19 23:00:00+00:00,0.0,0.0,0.022,0.219,13.7,59,699.9,7.0
KHL_ZAN_03,2023-08-20 00:00:00+00:00,0.0,0.0,0.022,0.219,16.0,47,702.3,3.5
KHL_ZAN_03,2023-08-20 01:00:00+00:00,0.0,0.0,0.022,0.219,14.6,55,702.0,7.1
KHL_ZAN_03,2023-08-20 02:00:00+00:00,0.0,0.0,0.022,0.219,17.2,45,704.5,5.2
KHL_ZAN_03,2023-08-20 03:00:00+00:00,0.0,0.0,0.022,0.218,18.6,42,705.7,3.3
KHL_ZAN_03,2023-08-20 04:00:00+00:00,0.0,0.0,0.022,0.218,20.1,38,706.2,4.4
KHL_ZAN_03,2023-08-20 05:00:00+00:00,0.0,0.0,0.021,0.218,21.7,33,706.7,4.7
KHL_ZAN_03,2023-08-20 06:00:00+00:00,0.0,0.0,0.021,0.218,23.0,29,706.8,6.8
KHL_ZAN_03,2023-08-20 07:00:00+00:00,0.0,0.0,0.02,0.218,23.6,29,706.6,5.6
KHL_ZAN_03,2023-08-20 08:00:00+00:00,0.0,0.0,0.019,0.218,24.4,29,706.4,6.7
KHL_ZAN_03,2023-08-20 09:00:00+00:00,0.0,0.0,0.019,0.218,25.0,28,705.8,7.4
KHL_ZAN_03,2023-08-20 10:00:00+00:00,0.0,0.0,0.018,0.218,25.6,27,705.6,8.7
KHL_ZAN_03,2023-08-20 11:00:00+00:00,0.0,0.0,0.018,0.218,25.8,25,705.1,7.7
KHL_ZAN_03,2023-08-20 12:00:00+00:00,0.0,0.0,0.018,0.218,25.7,22,704.8,4.6
KHL_ZAN_03,2023-08-20 13:00:00+00:00,0.0,0.0,0.018,0.218,25.1,21,704.4,4.7
KHL_ZAN_03,2023-08-20 14:00:00+00:00,0.0,0.0,0.018,0.218,23.8,24,704.2,4.7
KHL_ZAN_03,2023-08-20 15:00:00+00:00,0.0,0.0,0.019,0.218,22.7,32,704.0,4.5
KHL_ZAN_03,2023-08-20 16:00:00+00:00,0.0,0.0,0.019,0.218,21.2,36,703.3,5.7
KHL_ZAN_03,2023-08-20 17:00:00+00:00,0.0,0.0,0.019,0.218,19.8,39,702.6,6.5
KHL_ZAN_03,2023-08-20 18:00:00+00:00,0.0,0.0,0.02,0.218,18.5,43,701.8,7.0
KHL_ZAN_03,2023-08-20 19:00:00+00:00,0.0,0.0,0.02,0.218,17.4,46,701.2,7.4
KHL_ZAN_03,2023-08-20 20:00:00+00:00,0.0,0.0,0.02,0.218,16.3,51,700.3,6.6
KHL_ZAN_03,2023-08-20 21:00:00+00:00,0.0,0.0,0.021,0.218,16.0,51,700.1,5.6
KHL_ZAN_03,2023-08-20 22:00:00+00:00,0.0,0.0,0.021,0.217,15.6,51,700.0,5.4
KHL_ZAN_03,2023-08-20 23:00:00+00:00,0.0,0.0,0.021,0.217,15.4,51,700.1,5.4
KHL_ZAN_03,2023-08-21 00:00:00+00:00,0.0,0.0,0.02,0.216,16.9,43,701.7,3.4
KHL_ZAN_03,2023-08-21 01:00:00+00:00,0.0,0.0,0.021,0.216,14.8,55,700.5,6.3
KHL_ZAN_03,2023-08-21 02:00:00+00:00,0.0,0.0,0.021,0.216,18.1,41,703.6,5.2
KHL_ZAN_03,2023-08-21 03:00:00+00:00,0.0,0.0,0.021,0.216,19.9,38,704.8,3.0
KHL_ZAN_03,2023-08-21 04:00:00+00:00,0.0,0.0,0.021,0.216,21.5,34,705.5,3.9
KHL_ZAN_03,2023-08-21 05:00:00+00:00,0.0,0.0,0.02,0.216,23.3,30,705.9,4.3
KHL_ZAN_03,2023-08-21 06:00:00+00:00,0.0,0.0,0.019,0.216,25.0,26,705.8,5.4
KHL_ZAN_03,2023-08-21 07:00:00+00:00,0.0,0.0,0.019,0.216,26.0,25,705.5,6.1
KHL_ZAN_03,2023-08-21 08:00:00+00:00,0.0,0.0,0.018,0.216,27.3,24,705.4,5.7
KHL_ZAN_03,2023-08-21 09:00:00+00:00,0.0,0.0,0.018,0.216,28.0,23,704.7,5.2
KHL_ZAN_03,2023-08-21 10:00:00+00:00,0.0,0.0,0.017,0.216,28.3,21,704.3,6.6
KHL_ZAN_03,2023-08-21 11:00:00+00:00,0.0,0.0,0.017,0.216,27.9,20,703.7,6.4
KHL_ZAN_03,2023-08-21 12:00:00+00:00,0.0,0.0,0.017,0.216,27.2,21,703.5,6.0
KHL_ZAN_03,2023-08-21 13:00:00+00:00,0.0,0.0,0.017,0.216,26.4,23,703.4,4.6
KHL_ZAN_03,2023-08-21 14:00:00+00:00,0.0,0.0,0.018,0.216,25.5,26,703.4,3.4
KHL_ZAN_03,2023-08-21 15:00:00+00:00,0.0,0.0,0.018,0.216,24.5,40,703.1,2.6
KHL_ZAN_03,2023-08-21 16:00:00+00:00,0.0,0.0,0.018,0.215,23.1,40,702.6,4.2
KHL_ZAN_03,2023-08-21 17:00:00+00:00,0.0,0.0,0.018,0.215,21.8,42,702.1,5.2
KHL_ZAN_03,2023-08-21 18:00:00+00:00,0.0,0.0,0.019,0.215,20.5,43,701.4,6.5
KHL_ZAN_03,2023-08-21 19:00:00+00:00,0.0,0.0,0.019,0.215,19.4,45,700.3,7.1
KHL_ZAN_03,2023-08-21 20:00:00+00:00,0.0,0.0,0.019,0.215,18.2,49,699.5,7.5
KHL_ZAN_03,2023-08-21 21:00:00+00:00,0.0,0.0,0.02,0.215,17.0,55,698.5,6.7
KHL_ZAN_03,2023-08-21 22:00:00+00:00,0.0,0.0,0.02,0.215,16.3,57,698.3,6.4
KHL_ZAN_03,2023-08-21 23:00:00+00:00,0.0,0.0,0.02,0.215,16.3,56,698.7,5.6
KHL_ZAN_03,2023-08-22 00:00:00+00:00,0.0,0.0,0.018,0.213,18.2,47,700.8,3.4
KHL_ZAN_03,2023-08-22 01:00:00+00:00,0.0,0.0,0.019,0.213,16.1,58,699.4,6.0
KHL_ZAN_03,2023-08-22 02:00:00+00:00,0.0,0.0,0.019,0.213,18.7,48,702.0,5.8
KHL_ZAN_03,2023-08-22 03:00:00+00:00,0.0,0.0,0.019,0.213,20.6,43,703.3,3.3
KHL_ZAN_03,2023-08-22 04:00:00+00:00,0.0,0.0,0.019,0.212,22.1,38,703.8,4.1
KHL_ZAN_03,2023-08-22 05:00:00+00:00,0.0,0.0,0.019,0.212,23.9,32,704.3,5.2
KHL_ZAN_03,2023-08-22 06:00:00+00:00,0.0,0.0,0.018,0.212,25.2,29,704.0,5.4
KHL_ZAN_03,2023-08-22 07:00:00+00:00,0.0,0.0,0.018,0.212,26.4,27,703.6,5.9
KHL_ZAN_03,2023-08-22 08:00:00+00:00,0.0,0.0,0.017,0.212,27.7,25,703.4,5.5
KHL_ZAN_03,2023-08-22 09:00:00+00:00,0.0,0.0,0.017,0.212,28.1,23,702.6,8.0
KHL_ZAN_03,2023-08-22 10:00:00+00:00,0.0,0.0,0.017,0.212,28.2,23,702.1,9.0
KHL_ZAN_03,2023-08-22 11:00:00+00:00,0.0,0.0,0.017,0.212,27.9,21,701.7,7.6
KHL_ZAN_03,2023-08-22 12:00:00+00:00,0.0,0.0,0.017,0.212,27.4,19,701.8,8.0
KHL_ZAN_03,2023-08-22 13:00:00+00:00,0.0,0.0,0.017,0.212,26.3,20,701.5,4.6
KHL_ZAN_03,2023-08-22 14:00:00+00:00,0.0,0.0,0.018,0.212,25.5,22,701.7,6.2
KHL_ZAN_03,2023-08-22 15:00:00+00:00,0.0,0.0,0.018,0.212,23.7,28,701.7,4.1
KHL_ZAN_03,2023-08-22 16:00:00+00:00,0.0,0.0,0.018,0.212,22.6,38,701.5,2.6
KHL_ZAN_03,2023-08-22 17:00:00+00:00,0.0,0.0,0.018,0.212,22.3,33,701.3,3.1
KHL_ZAN_03,2023-08-22 18:00:00+00:00,0.0,0.0,0.019,0.212,20.0,45,699.7,5.6
KHL_ZAN_03,2023-08-22 19:00:00+00:00,0.0,0.0,0.019,0.212,18.8,46,698.8,6.7
KHL_ZAN_03,2023-08-22 20:00:00+00:00,0.0,0.0,0.019,0.212,17.6,48,697.6,7.3
KHL_ZAN_03,2023-08-22 21:00:00+00:00,0.0,0.0,0.019,0.212,16.4,51,696.9,7.2
KHL_ZAN_03,2023-08-22 22:00:00+00:00,0.0,0.0,0.02,0.212,15.4,57,696.2,5.8
KHL_ZAN_03,2023-08-22 23:00:00+00:00,0.0,0.0,0.02,0.212,15.1,57,696.1,5.7
KHL_ZAN_03,2023-08-23 00:00:00+00:00,0.0,0.0,0.019,0.21,17.9,45,698.3,3.5
KHL_ZAN_03,2023-08-23 01:00:00+00:00,0.0,0.0,0.019,0.21,15.4,58,696.7,5.5
KHL_ZAN_03,2023-08-23 02:00:00+00:00,0.0,0.0,0.019,0.21,18.5,44,699.7,5.4
KHL_ZAN_03,2023-08-23 03:00:00+00:00,0.0,0.0,0.019,0.21,20.1,41,700.7,3.7
KHL_ZAN_03,2023-08-23 04:00:00+00:00,0.0,0.0,0.019,0.21,21.8,35,701.1,5.4
KHL_ZAN_03,2023-08-23 05:00:00+00:00,0.0,0.0,0.019,0.21,23.2,31,701.3,5.8
KHL_ZAN_03,2023-08-23 06:00:00+00:00,0.0,0.0,0.018,0.21,24.4,28,701.4,5.8
KHL_ZAN_03,2023-08-23 07:00:00+00:00,0.0,0.0,0.018,0.21,25.3,26,701.0,5.4
KHL_ZAN_03,2023-08-23 08:00:00+00:00,0.0,0.0,0.017,0.21,26.3,22,700.4,4.3
KHL_ZAN_03,2023-08-23 09:00:00+00:00,0.0,0.0,0.017,0.21,27.2,19,699.8,6.4
KHL_ZAN_03,2023-08-23 10:00:00+00:00,0.0,0.0,0.017,0.21,27.5,15,699.1,6.4
KHL_ZAN_03,2023-08-23 11:00:00+00:00,0.0,0.0,0.017,0.21,28.5,12,698.8,7.4
KHL_ZAN_03,2023-08-23 12:00:00+00:00,0.0,0.0,0.017,0.21,27.2,13,698.6,9.7
KHL_ZAN_03,2023-08-23 13:00:00+00:00,0.0,0.0,0.017,0.21,25.4,17,698.4,6.8
KHL_ZAN_03,2023-08-23 14:00:00+00:00,0.0,0.0,0.018,0.21,23.7,22,698.5,5.4
KHL_ZAN_03,2023-08-23 15:00:00+00:00,0.0,0.0,0.018,0.21,22.4,27,698.8,4.6
KHL_ZAN_03,2023-08-23 16:00:00+00:00,0.0,0.0,0.018,0.21,20.9,35,698.7,4.7
KHL_ZAN_03,2023-08-23 17:00:00+00:00,0.0,0.0,0.018,0.21,19.8,42,698.4,3.1
KHL_ZAN_03,2023-08-23 18:00:00+00:00,0.0,0.0,0.019,0.21,19.9,35,698.9,1.9
KHL_ZAN_03,2023-08-23 19:00:00+00:00,0.0,0.0,0.019,0.21,19.4,37,698.4,2.2
KHL_ZAN_03,2023-08-23 20:00:00+00:00,0.0,0.0,0.019,0.21,17.9,44,696.8,3.9
KHL_ZAN_03,2023-08-23 21:00:00+00:00,0.0,0.0,0.019,0.21,15.7,52,695.0,7.1
KHL_ZAN_03,2023-08-23 22:00:00+00:00,0.0,0.0,0.02,0.21,15.7,51,695.2,7.0
KHL_ZAN_03,2023-08-23 23:00:00+00:00,0.0,0.0,0.02,0.21,14.5,56,694.6,7.1
KHL_ZAN_03,2023-08-24 00:00:00+00:00,0.0,0.0,0.021,0.209,16.4,48,696.2,4.0
KHL_ZAN_03,2023-08-24 01:00:00+00:00,0.0,0.0,0.021,0.209,14.9,56,695.4,6.6
KHL_ZAN_03,2023-08-24 02:00:00+00:00,0.0,0.0,0.022,0.209,16.8,48,697.2,4.9
KHL_ZAN_03,2023-08-24 03:00:00+00:00,0.0,0.0,0.022,0.209,18.0,46,697.8,4.8
KHL_ZAN_03,2023-08-24 04:00:00+00:00,0.0,0.0,0.021,0.209,19.3,42,698.4,5.9
KHL_ZAN_03,2023-08-24 05:00:00+00:00,0.0,0.0,0.021,0.209,19.4,41,698.1,5.5
KHL_ZAN_03,2023-08-24 06:00:00+00:00,0.0,0.0,0.021,0.209,20.3,37,698.1,7.4
KHL_ZAN_03,2023-08-24 07:00:00+00:00,0.0,0.0,0.02,0.209,19.5,41,697.4,6.6
KHL_ZAN_03,2023-08-24 08:00:00+00:00,0.0,0.0,0.02,0.209,21.1,36,697.5,5.2
KHL_ZAN_03,2023-08-24 09:00:00+00:00,0.0,0.0,0.02,0.209,22.2,35,697.3,4.9
KHL_ZAN_03,2023-08-24 10:00:00+00:00,0.2,0.2,0.022,0.209,21.4,36,696.7,7.6
KHL_ZAN_03,2023-08-24 11:00:00+00:00,0.0,0.0,0.022,0.209,20.9,38,696.9,5.6
KHL_ZAN_03,2023-08-24 12:00:00+00:00,1.0,1.0,0.017,0.207,18.7,44,696.5,3.2
KHL_ZAN_03,2023-08-24 13:00:00+00:00,0.1,0.1,0.018,0.207,16.5,49,696.7,3.6
KHL_ZAN_03,2023-08-24 14:00:00+00:00,0.0,0.0,0.018,0.207,15.6,54,696.5,5.0
KHL_ZAN_03,2023-08-24 15:00:00+00:00,0.4,0.4,0.023,0.207,15.2,60,696.9,5.6
KHL_ZAN_03,2023-08-24 16:00:00+00:00,0.0,0.0,0.024,0.207,15.0,62,696.9,6.5
KHL_ZAN_03,2023-08-24 17:00:00+00:00,0.0,0.0,0.024,0.207,15.0,61,696.7,7.2
KHL_ZAN_03,2023-08-24 18:00:00+00:00,0.0,0.0,0.024,0.207,14.8,63,696.6,6.6
KHL_ZAN_03,2023-08-24 19:00:00+00:00,0.0,0.0,0.025,0.207,14.3,65,695.8,6.3
KHL_ZAN_03,2023-08-24 20:00:00+00:00,0.0,0.0,0.025,0.207,13.5,71,694.9,4.9
KHL_ZAN_03,2023-08-24 21:00:00+00:00,0.0,0.0,0.025,0.207,14.1,60,695.4,1.6
KHL_ZAN_03,2023-08-24 22:00:00+00:00,0.1,0.1,0.026,0.207,12.7,67,694.4,1.1
KHL_ZAN_03,2023-08-24 23:00:00+00:00,0.1,0.1,0.027,0.207,11.7,73,694.1,1.3
KHL_ZAN_03,2023-08-25 00:00:00+00:00,0.1,0.1,0.132,0.198,11.7,75,693.4,1.4
KHL_ZAN_03,2023-08-25 01:00:00+00:00,0.0,0.0,0.132,0.198,11.7,75,694.5,1.6
KHL_ZAN_03,2023-08-25 02:00:00+00:00,0.0,0.0,0.132,0.198,13.3,71,696.4,4.1
KHL_ZAN_03,2023-08-25 03:00:00+00:00,0.0,0.0,0.13,0.198,14.3,62,697.0,1.6
KHL_ZAN_03,2023-08-25 04:00:00+00:00,0.0,0.0,0.128,0.198,15.6,55,697.2,2.9
KHL_ZAN_03,2023-08-25 05:00:00+00:00,0.1,0.1,0.126,0.198,15.7,56,697.2,3.8
KHL_ZAN_03,2023-08-25 06:00:00+00:00,0.1,0.1,0.125,0.198,15.9,54,697.3,4.3
KHL_ZAN_03,2023-08-25 07:00:00+00:00,0.0,0.0,0.122,0.198,15.3,53,696.9,6.9
KHL_ZAN_03,2023-08-25 08:00:00+00:00,0.0,0.0,0.118,0.198,17.1,51,697.0,6.2
KHL_ZAN_03,2023-08-25 09:00:00+00:00,0.0,0.0,0.113,0.198,18.3,48,696.9,5.4
KHL_ZAN_03,2023-08-25 10:00:00+00:00,0.0,0.0,0.108,0.198,18.6,47,696.5,2.6
KHL_ZAN_03,2023-08-25 11:00:00+00:00,0.0,0.0,0.105,0.198,19.1,45,696.5,3.3
KHL_ZAN_03,2023-08-25 12:00:00+00:00,0.0,0.0,0.123,0.198,16.6,50,696.8,4.3
KHL_ZAN_03,2023-08-25 13:00:00+00:00,0.5,0.5,0.128,0.198,12.9,70,696.2,4.3
KHL_ZAN_03,2023-08-25 14:00:00+00:00,0.3,0.3,0.131,0.198,12.1,74,696.6,3.9
KHL_ZAN_03,2023-08-25 15:00:00+00:00,0.1,0.1,0.132,0.198,11.8,75,697.0,2.4
KHL_ZAN_03,2023-08-25 16:00:00+00:00,0.0,0.0,0.132,0.198,11.6,75,697.2,4.7
KHL_ZAN_03,2023-08-25 17:00:00+00:00,0.0,0.0,0.132,0.198,11.3,81,696.9,5.8
KHL_ZAN_03,2023-08-25 18:00:00+00:00,0.2,0.2,0.134,0.198,11.1,82,696.8,5.1
KHL_ZAN_03,2023-08-25 19:00:00+00:00,0.3,0.3,0.138,0.198,10.3,86,696.2,3.4
KHL_ZAN_03,2023-08-25 20:00:00+00:00,0.0,0.0,0.138,0.198,10.8,78,696.4,0.8
KHL_ZAN_03,2023-08-25 21:00:00+00:00,0.2,0.2,0.141,0.198,10.7,85,696.0,1.1
KHL_ZAN_03,2023-08-25 22:00:00+00:00,0.1,0.1,0.143,0.199,10.9,79,696.1,0.7
KHL_ZAN_03,2023-08-25 23:00:00+00:00,0.3,0.3,0.147,0.199,10.9,79,696.1,1.3
KHL_ZAN_03,2023-08-26 00:00:00+00:00,0.0,0.0,0.204,0.198,10.8,87,695.3,1.9
KHL_ZAN_03,2023-08-26 01:00:00+00:00,0.2,0.2,0.206,0.198,11.1,80,696.6,2.4
KHL_ZAN_03,2023-08-26 02:00:00+00:00,0.2,0.2,0.209,0.198,11.5,74,696.9,1.4
KHL_ZAN_03,2023-08-26 03:00:00+00:00,0.0,0.0,0.209,0.198,12.1,72,697.3,3.4
KHL_ZAN_03,2023-08-26 04:00:00+00:00,0.2,0.2,0.21,0.198,12.8,69,697.6,4.3
KHL_ZAN_03,2023-08-26 05:00:00+00:00,0.2,0.2,0.211,0.198,13.0,66,697.8,4.6
KHL_ZAN_03,2023-08-26 06:00:00+00:00,0.3,0.3,0.212,0.198,13.1,65,697.8,4.3
KHL_ZAN_03,2023-08-26 07:00:00+00:00,0.1,0.1,0.212,0.198,12.6,65,697.4,3.1
KHL_ZAN_03,2023-08-26 08:00:00+00:00,0.0,0.0,0.208,0.198,13.8,66,697.6,4.5
KHL_ZAN_03,2023-08-26 09:00:00+00:00,0.0,0.0,0.205,0.198,15.1,60,697.5,4.8
KHL_ZAN_03,2023-08-26 10:00:00+00:00,0.0,0.0,0.201,0.198,16.0,56,697.3,4.5
KHL_ZAN_03,2023-08-26 11:00:00+00:00,0.0,0.0,0.198,0.198,16.2,54,696.9,5.2
KHL_ZAN_03,2023-08-26 12:00:00+00:00,0.0,0.0,0.204,0.208,15.3,58,697.4,5.9
KHL_ZAN_03,2023-08-26 13:00:00+00:00,0.3,0.3,0.207,0.209,13.7,67,697.1,5.8
KHL_ZAN_03,2023-08-26 14:00:00+00:00,0.0,0.0,0.206,0.209,12.8,70,697.3,1.5
KHL_ZAN_03,2023-08-26 15:00:00+00:00,0.2,0.2,0.209,0.209,12.1,72,697.9,3.4
KHL_ZAN_03,2023-08-26 16:00:00+00:00,0.2,0.2,0.211,0.209,11.6,73,698.0,1.6
KHL_ZAN_03,2023-08-26 17:00:00+00:00,0.0,0.0,0.211,0.209,11.2,79,697.5,4.7
KHL_ZAN_03,2023-08-26 18:00:00+00:00,0.0,0.0,0.211,0.209,10.8,85,697.0,4.4
KHL_ZAN_03,2023-08-26 19:00:00+00:00,0.0,0.0,0.211,0.209,10.6,85,696.7,3.4
KHL_ZAN_03,2023-08-26 20:00:00+00:00,0.4,0.4,0.216,0.209,9.9,86,696.3,4.3
KHL_ZAN_03,2023-08-26 21:00:00+00:00,0.9,0.9,0.227,0.209,9.5,86,696.6,3.0
KHL_ZAN_03,2023-08-26 22:00:00+00:00,1.3,1.3,0.243,0.209,8.6,91,695.9,2.3
KHL_ZAN_03,2023-08-26 23:00:00+00:00,1.5,1.3,0.259,0.209,7.9,93,695.6,2.2
KHL_ZAN_03,2023-08-27 00:00:00+00:00,0.4,0.4,0.282,0.209,8.6,89,696.1,1.3
KHL_ZAN_03,2023-08-27 01:00:00+00:00,1.8,1.7,0.302,0.209,8.4,88,696.1,1.6
KHL_ZAN_03,2023-08-27 02:00:00+00:00,1.2,1.1,0.315,0.209,9.0,84,696.8,1.6
KHL_ZAN_03,2023-08-27 03:00:00+00:00,0.9,0.9,0.326,0.21,9.7,81,697.2,2.6
KHL_ZAN_03,2023-08-27 04:00:00+00:00,0.2,0.2,0.328,0.211,10.6,78,697.5,3.2
KHL_ZAN_03,2023-08-27 05:00:00+00:00,0.1,0.1,0.326,0.211,12.5,72,698.0,2.5
KHL_ZAN_03,2023-08-27 06:00:00+00:00,0.0,0.0,0.321,0.212,14.2,67,697.8,2.7
KHL_ZAN_03,2023-08-27 07:00:00+00:00,0.0,0.0,0.314,0.212,15.1,66,697.6,4.3
KHL_ZAN_03,2023-08-27 08:00:00+00:00,0.0,0.0,0.307,0.213,15.4,64,697.2,5.5
KHL_ZAN_03,2023-08-27 09:00:00+00:00,0.0,0.0,0.3,0.213,16.0,58,696.7,6.6
KHL_ZAN_03,2023-08-27 10:00:00+00:00,0.0,0.0,0.294,0.213,16.7,54,696.0,7.6
KHL_ZAN_03,2023-08-27 11:00:00+00:00,0.0,0.0,0.29,0.213,16.7,54,695.6,7.2
KHL_ZAN_03,2023-08-27 12:00:00+00:00,0.0,0.0,0.277,0.21,16.5,44,696.1,3.2
KHL_ZAN_03,2023-08-27 13:00:00+00:00,0.0,0.0,0.276,0.21,16.1,51,695.7,3.3
KHL_ZAN_03,2023-08-27 14:00:00+00:00,0.0,0.0,0.275,0.21,14.4,62,694.8,8.7
KHL_ZAN_03,2023-08-27 15:00:00+00:00,0.0,0.0,0.274,0.21,13.6,68,694.7,8.3
KHL_ZAN_03,2023-08-27 16:00:00+00:00,0.0,0.0,0.274,0.21,12.9,71,694.7,8.0
KHL_ZAN_03,2023-08-27 17:00:00+00:00,0.0,0.0,0.273,0.21,12.5,72,694.6,7.2
KHL_ZAN_03,2023-08-27 18:00:00+00:00,0.0,0.0,0.273,0.211,11.9,71,694.2,5.9
KHL_ZAN_03,2023-08-27 19:00:00+00:00,0.0,0.0,0.272,0.211,11.5,68,693.9,6.2
KHL_ZAN_03,2023-08-27 20:00:00+00:00,0.0,0.0,0.272,0.211,11.2,72,693.5,5.8
KHL_ZAN_03,2023-08-27 21:00:00+00:00,0.0,0.0,0.272,0.211,11.1,72,693.4,5.2
KHL_ZAN_03,2023-08-27 22:00:00+00:00,0.2,0.2,0.274,0.211,10.6,74,693.4,4.3
KHL_ZAN_03,2023-08-27 23:00:00+00:00,0.0,0.0,0.274,0.212,9.9,76,693.1,4.0
KHL_ZAN_03,2023-08-28 00:00:00+00:00,0.0,0.0,0.273,0.214,10.6,67,694.1,3.2
KHL_ZAN_03,2023-08-28 01:00:00+00:00,0.0,0.0,0.272,0.214,9.4,77,693.4,6.6
KHL_ZAN_03,2023-08-28 02:00:00+00:00,0.4,0.4,0.276,0.214,10.8,70,695.4,2.6
KHL_ZAN_03,2023-08-28 03:00:00+00:00,1.3,1.1,0.288,0.214,10.8,73,696.2,2.9
KHL_ZAN_03,2023-08-28 04:00:00+00:00,0.3,0.3,0.289,0.215,12.2,66,697.0,3.1
KHL_ZAN_03,2023-08-28 05:00:00+00:00,0.0,0.0,0.286,0.215,12.8,62,697.2,5.9
KHL_ZAN_03,2023-08-28 06:00:00+00:00,0.0,0.0,0.281,0.215,13.6,62,697.3,5.9
KHL_ZAN_03,2023-08-28 07:00:00+00:00,0.0,0.0,0.275,0.215,14.7,60,697.3,6.8
KHL_ZAN_03,2023-08-28 08:00:00+00:00,0.0,0.0,0.268,0.215,15.9,55,697.1,7.3
KHL_ZAN_03,2023-08-28 09:00:00+00:00,0.0,0.0,0.262,0.216,16.1,53,696.5,2.8
KHL_ZAN_03,2023-08-28 10:00:00+00:00,0.0,0.0,0.256,0.216,16.2,53,696.3,7.2
KHL_ZAN_03,2023-08-28 11:00:00+00:00,0.7,0.7,0.261,0.216,15.1,51,696.1,4.1
KHL_ZAN_03,2023-08-28 12:00:00+00:00,0.0,0.0,0.229,0.215,14.2,53,696.6,1.8
KHL_ZAN_03,2023-08-28 13:00:00+00:00,0.0,0.0,0.228,0.215,14.4,53,696.5,2.3
KHL_ZAN_03,2023-08-28 14:00:00+00:00,0.0,0.0,0.228,0.215,13.1,71,696.2,4.3
KHL_ZAN_03,2023-08-28 15:00:00+00:00,0.0,0.0,0.228,0.215,12.1,70,695.9,7.3
KHL_ZAN_03,2023-08-28 16:00:00+00:00,0.0,0.0,0.228,0.215,11.1,72,695.4,7.6
KHL_ZAN_03,2023-08-28 17:00:00+00:00,0.0,0.0,0.228,0.215,10.3,74,694.9,8.0
KHL_ZAN_03,2023-08-28 18:00:00+00:00,0.0,0.0,0.227,0.215,9.7,75,694.5,8.0
KHL_ZAN_03,2023-08-28 19:00:00+00:00,0.0,0.0,0.227,0.216,9.3,73,694.3,8.0
KHL_ZAN_03,2023-08-28 20:00:00+00:00,0.0,0.0,0.227,0.216,8.8,73,693.9,7.6
KHL_ZAN_03,2023-08-28 21:00:00+00:00,0.0,0.0,0.227,0.216,8.5,72,694.0,5.9
KHL_ZAN_03,2023-08-28 22:00:00+00:00,0.2,0.2,0.229,0.216,7.8,74,693.9,6.6
KHL_ZAN_03,2023-08-28 23:00:00+00:00,0.1,0.1,0.23,0.216,7.3,75,694.0,6.2
KHL_ZAN_03,2023-08-29 00:00:00+00:00,0.0,0.0,0.227,0.218,8.3,71,695.8,2.2
KHL_ZAN_03,2023-08-29 01:00:00+00:00,0.0,0.0,0.227,0.218,8.0,73,695.9,1.6
KHL_ZAN_03,2023-08-29 02:00:00+00:00,0.0,0.0,0.227,0.218,9.8,71,698.3,1.8
KHL_ZAN_03,2023-08-29 03:00:00+00:00,0.0,0.0,0.225,0.218,11.6,62,699.6,3.3
KHL_ZAN_03,2023-08-29 04:00:00+00:00,0.4,0.4,0.228,0.218,12.6,55,700.2,3.8
KHL_ZAN_03,2023-08-29 05:00:00+00:00,0.4,0.4,0.228,0.218,14.1,46,700.8,4.8
KHL_ZAN_03,2023-08-29 06:00:00+00:00,0.0,0.0,0.222,0.218,15.0,43,700.9,4.7
KHL_ZAN_03,2023-08-29 07:00:00+00:00,0.0,0.0,0.215,0.218,15.8,39,700.8,4.7
KHL_ZAN_03,2023-08-29 08:00:00+00:00,0.0,0.0,0.208,0.218,16.9,37,700.8,5.8
KHL_ZAN_03,2023-08-29 09:00:00+00:00,0.1,0.1,0.202,0.218,17.6,34,700.5,6.1
KHL_ZAN_03,2023-08-29 10:00:00+00:00,0.1,0.1,0.198,0.218,17.8,32,700.3,5.4
KHL_ZAN_03,2023-08-29 11:00:00+00:00,0.0,0.0,0.194,0.218,17.9,30,700.1,3.1
KHL_ZAN_03,2023-08-29 12:00:00+00:00,0.0,0.0,0.193,0.219,17.1,27,700.3,4.3
KHL_ZAN_03,2023-08-29 13:00:00+00:00,0.0,0.0,0.192,0.219,15.9,59,699.9,3.1
KHL_ZAN_03,2023-08-29 14:00:00+00:00,0.0,0.0,0.192,0.219,14.4,46,699.6,4.6
KHL_ZAN_03,2023-08-29 15:00:00+00:00,0.0,0.0,0.192,0.219,13.2,51,699.5,5.8
KHL_ZAN_03,2023-08-29 16:00:00+00:00,0.0,0.0,0.192,0.219,12.1,56,699.2,6.2
KHL_ZAN_03,2023-08-29 17:00:00+00:00,0.0,0.0,0.192,0.219,11.3,57,698.8,6.6
KHL_ZAN_03,2023-08-29 18:00:00+00:00,0.0,0.0,0.192,0.219,10.4,59,698.3,6.9
KHL_ZAN_03,2023-08-29 19:00:00+00:00,0.0,0.0,0.192,0.219,9.8,58,698.2,6.6
KHL_ZAN_03,2023-08-29 20:00:00+00:00,0.0,0.0,0.192,0.219,11.9,39,700.3,4.4
KHL_ZAN_03,2023-08-29 21:00:00+00:00,0.0,0.0,0.192,0.219,11.6,38,700.3,4.1
KHL_ZAN_03,2023-08-29 22:00:00+00:00,0.0,0.0,0.192,0.219,10.1,44,699.5,4.7
KHL_ZAN_03,2023-08-29 23:00:00+00:00,0.0,0.0,0.192,0.219,9.8,44,699.7,4.7
KHL_ZAN_03,2023-08-30 00:00:00+00:00,0.0,0.0,0.193,0.22,9.7,41,700.7,2.9
KHL_ZAN_03,2023-08-30 01:00:00+00:00,0.0,0.0,0.193,0.22,7.2,66,699.1,5.8
KHL_ZAN_03,2023-08-30 02:00:00+00:00,0.0,0.0,0.192,0.22,10.1,47,702.0,3.3
KHL_ZAN_03,2023-08-30 03:00:00+00:00,0.0,0.0,0.191,0.22,11.4,51,703.3,2.2
KHL_ZAN_03,2023-08-30 04:00:00+00:00,0.0,0.0,0.188,0.22,13.3,48,704.1,2.9
KHL_ZAN_03,2023-08-30 05:00:00+00:00,0.0,0.0,0.183,0.22,15.2,43,704.6,3.3
KHL_ZAN_03,2023-08-30 06:00:00+00:00,0.0,0.0,0.177,0.22,17.0,37,704.8,3.3
KHL_ZAN_03,2023-08-30 07:00:00+00:00,0.0,0.0,0.17,0.22,18.5,32,704.8,3.1
KHL_ZAN_03,2023-08-30 08:00:00+00:00,0.0,0.0,0.162,0.22,19.7,26,704.6,3.1
KHL_ZAN_03,2023-08-30 09:00:00+00:00,0.0,0.0,0.155,0.22,20.5,22,704.3,3.6
KHL_ZAN_03,2023-08-30 10:00:00+00:00,0.0,0.0,0.15,0.22,21.2,22,703.9,4.2
KHL_ZAN_03,2023-08-30 11:00:00+00:00,0.0,0.0,0.145,0.22,21.4,19,703.8,3.4
KHL_ZAN_03,2023-08-30 12:00:00+00:00,0.0,0.0,0.143,0.219,20.5,15,703.3,3.6
KHL_ZAN_03,2023-08-30 13:00:00+00:00,0.0,0.0,0.142,0.219,19.9,10,703.4,2.7
KHL_ZAN_03,2023-08-30 14:00:00+00:00,0.0,0.0,0.142,0.219,19.2,11,703.8,4.1
KHL_ZAN_03,2023-08-30 15:00:00+00:00,0.0,0.0,0.142,0.219,15.6,31,701.5,6.4
KHL_ZAN_03,2023-08-30 16:00:00+00:00,0.0,0.0,0.142,0.219,13.9,40,700.5,6.9
KHL_ZAN_03,2023-08-30 17:00:00+00:00,0.0,0.0,0.142,0.219,14.8,31,701.6,5.4
KHL_ZAN_03,2023-08-30 18:00:00+00:00,0.0,0.0,0.142,0.219,15.1,27,702.0,4.0
KHL_ZAN_03,2023-08-30 19:00:00+00:00,0.0,0.0,0.142,0.219,14.6,26,701.7,3.2
KHL_ZAN_03,2023-08-30 20:00:00+00:00,0.0,0.0,0.142,0.219,14.2,23,701.5,2.5
KHL_ZAN_03,2023-08-30 21:00:00+00:00,0.0,0.0,0.143,0.219,13.8,22,701.4,2.3
KHL_ZAN_03,2023-08-30 22:00:00+00:00,0.0,0.0,0.143,0.219,13.4,21,701.1,2.3
KHL_ZAN_03,2023-08-30 23:00:00+00:00,0.0,0.0,0.143,0.219,13.0,20,701.1,2.6
KHL_ZAN_03,2023-08-31 00:00:00+00:00,0.0,0.0,0.142,0.218,12.3,24,701.3,2.5
KHL_ZAN_03,2023-08-31 01:00:00+00:00,0.0,0.0,0.142,0.218,12.0,24,701.6,3.0
KHL_ZAN_03,2023-08-31 02:00:00+00:00,0.0,0.0,0.142,0.218,13.0,30,702.8,3.1
KHL_ZAN_03,2023-08-31 03:00:00+00:00,0.0,0.0,0.141,0.218,15.0,28,704.5,2.3
KHL_ZAN_03,2023-08-31 04:00:00+00:00,0.0,0.0,0.138,0.218,16.8,29,705.4,2.9
KHL_ZAN_03,2023-08-31 05:00:00+00:00,0.0,0.0,0.134,0.218,18.7,27,705.9,3.3
KHL_ZAN_03,2023-08-31 06:00:00+00:00,0.0,0.0,0.128,0.218,20.2,26,706.0,3.4
KHL_ZAN_03,2023-08-31 07:00:00+00:00,0.0,0.0,0.121,0.218,21.6,24,705.9,3.8
KHL_ZAN_03,2023-08-31 08:00:00+00:00,0.0,0.0,0.114,0.218,22.7,22,705.5,5.2
KHL_ZAN_03,2023-08-31 09:00:00+00:00,0.0,0.0,0.107,0.218,23.2,23,705.0,5.9
KHL_ZAN_03,2023-08-31 10:00:00+00:00,0.0,0.0,0.102,0.218,23.5,24,704.6,6.1
KHL_ZAN_03,2023-08-31 11:00:00+00:00,0.0,0.0,0.098,0.218,23.7,21,704.4,6.9
KHL_ZAN_03,2023-08-31 12:00:00+00:00,0.0,0.0,0.095,0.216,23.4,19,704.3,5.5
KHL_ZAN_03,2023-08-31 13:00:00+00:00,0.0,0.0,0.095,0.216,21.3,43,702.9,4.8
KHL_ZAN_03,2023-08-31 14:00:00+00:00,0.0,0.0,0.095,0.216,18.5,43,701.2,9.2
KHL_ZAN_03,2023-08-31 15:00:00+00:00,0.0,0.0,0.095,0.216,16.8,47,700.5,9.5
KHL_ZAN_03,2023-08-31 16:00:00+00:00,0.0,0.0,0.095,0.216,15.2,53,699.6,8.5
KHL_ZAN_03,2023-08-31 17:00:00+00:00,0.0,0.0,0.095,0.216,14.9,48,699.9,7.1
KHL_ZAN_03,2023-08-31 18:00:00+00:00,0.0,0.0,0.095,0.216,14.3,47,699.8,7.3
KHL_ZAN_03,2023-08-31 19:00:00+00:00,0.0,0.0,0.095,0.216,14.3,44,700.0,7.0
KHL_ZAN_03,2023-08-31 20:00:00+00:00,0.0,0.0,0.095,0.216,16.9,29,702.3,4.7
KHL_ZAN_03,2023-08-31 21:00:00+00:00,0.0,0.0,0.095,0.216,16.3,31,702.1,4.0
KHL_ZAN_03,2023-08-31 22:00:00+00:00,0.0,0.0,0.095,0.216,15.7,33,701.9,3.4
KHL_ZAN_03,2023-08-31 23:00:00+00:00,0.0,0.0,0.096,0.216,15.1,35,701.7,3.9
