station_id,datetime_utc,precipitation,rain,soil_moisture_0_to_7cm,soil_moisture_7_to_28cm,temperature_2m,relative_humidity_2m,surface_pressure,wind_speed_10m
KRU_SHY_02,2023-06-01 00:00:00+00:00,0.1,0.0,0.118,0.121,-0.7,83,611.5,2.5
KRU_SHY_02,2023-06-01 01:00:00+00:00,0.1,0.0,0.118,0.121,-0.4,81,611.7,1.3
KRU_SHY_02,2023-06-01 02:00:00+00:00,0.0,0.0,0.117,0.121,-0.4,75,612.9,1.5
KRU_SHY_02,2023-06-01 03:00:00+00:00,0.1,0.0,0.117,0.121,0.4,62,613.7,2.3
KRU_SHY_02,2023-06-01 04:00:00+00:00,0.1,0.0,0.118,0.121,1.2,61,614.3,3.2
KRU_SHY_02,2023-06-01 05:00:00+00:00,0.0,0.0,0.121,0.121,3.0,53,615.2,6.0
KRU_SHY_02,2023-06-01 06:00:00+00:00,0.0,0.0,0.125,0.121,4.4,49,615.7,7.4
KRU_SHY_02,2023-06-01 07:00:00+00:00,0.0,0.0,0.128,0.121,5.1,48,616.0,8.5
KRU_SHY_02,2023-06-01 08:00:00+00:00,0.0,0.0,0.131,0.121,5.6,47,615.7,8.4
KRU_SHY_02,2023-06-01 09:00:00+00:00,0.0,0.0,0.131,0.121,5.5,44,615.1,8.9
KRU_SHY_02,2023-06-01 10:00:00+00:00,0.0,0.0,0.131,0.121,5.5,46,615.1,10.3
KRU_SHY_02,2023-06-01 11:00:00+00:00,0.0,0.0,0.131,0.121,4.0,59,614.3,7.6
KRU_SHY_02,2023-06-01 12:00:00+00:00,0.0,0.0,0.132,0.12,2.4,66,613.3,3.7
KRU_SHY_02,2023-06-01 13:00:00+00:00,0.2,0.0,0.132,0.12,1.6,71,613.2,7.2
KRU_SHY_02,2023-06-01 14:00:00+00:00,0.1,0.0,0.131,0.12,0.2,81,612.6,3.2
KRU_SHY_02,2023-06-01 15:00:00+00:00,0.1,0.0,0.131,0.12,-0.4,84,612.9,5.0
KRU_SHY_02,2023-06-01 16:00:00+00:00,0.1,0.0,0.131,0.12,-0.4,78,612.9,1.1
KRU_SHY_02,2023-06-01 17:00:00+00:00,0.0,0.0,0.131,0.12,-1.1,79,612.6,4.0
KRU_SHY_02,2023-06-01 18:00:00+00:00,0.0,0.0,0.13,0.12,-1.3,79,612.2,3.0
KRU_SHY_02,2023-06-01 19:00:00+00:00,0.0,0.0,0.13,0.12,-1.7,82,611.5,3.8
KRU_SHY_02,2023-06-01 20:00:00+00:00,0.0,0.0,0.13,0.12,-2.0,81,611.0,5.2
KRU_SHY_02,2023-06-01 21:00:00+00:00,0.0,0.0,0.13,0.12,-2.1,81,610.7,2.9
KRU_SHY_02,2023-06-01 22:00:00+00:00,0.0,0.0,0.13,0.12,-2.7,82,610.2,3.2
KRU_SHY_02,2023-06-01 23:00:00+00:00,0.0,0.0,0.13,0.12,-2.4,79,610.5,3.5
KRU_SHY_02,2023-06-02 00:00:00+00:00,0.0,0.0,0.123,0.118,-3.0,84,610.1,2.1
KRU_SHY_02,2023-06-02 01:00:00+00:00,0.0,0.0,0.123,0.118,-2.5,80,610.5,1.5
KRU_SHY_02,2023-06-02 02:00:00+00:00,0.0,0.0,0.123,0.118,-2.2,72,611.4,5.1
KRU_SHY_02,2023-06-02 03:00:00+00:00,0.0,0.0,0.122,0.118,-1.2,64,612.4,6.1
KRU_SHY_02,2023-06-02 04:00:00+00:00,0.0,0.0,0.122,0.118,-0.2,59,613.5,6.9
KRU_SHY_02,2023-06-02 05:00:00+00:00,0.0,0.0,0.122,0.118,0.7,59,614.1,7.9
KRU_SHY_02,2023-06-02 06:00:00+00:00,0.0,0.0,0.122,0.118,1.3,56,614.3,8.4
KRU_SHY_02,2023-06-02 07:00:00+00:00,0.0,0.0,0.123,0.118,2.3,56,614.8,9.3
KRU_SHY_02,2023-06-02 08:00:00+00:00,0.0,0.0,0.122,0.118,1.9,61,614.1,8.0
KRU_SHY_02,2023-06-02 09:00:00+00:00,0.3,0.0,0.122,0.118,1.8,65,614.1,7.1
KRU_SHY_02,2023-06-02 10:00:00+00:00,0.2,0.0,0.121,0.118,2.4,66,614.0,7.3
KRU_SHY_02,2023-06-02 11:00:00+00:00,0.1,0.0,0.121,0.118,2.5,61,613.8,8.7
KRU_SHY_02,2023-06-02 12:00:00+00:00,0.0,0.0,0.119,0.118,2.0,56,613.3,7.6
KRU_SHY_02,2023-06-02 13:00:00+00:00,0.0,0.0,0.118,0.118,1.5,54,613.1,6.6
KRU_SHY_02,2023-06-02 14:00:00+00:00,0.0,0.0,0.118,0.118,0.6,59,612.8,6.4
KRU_SHY_02,2023-06-02 15:00:00+00:00,0.0,0.0,0.118,0.118,0.1,62,612.7,5.2
KRU_SHY_02,2023-06-02 16:00:00+00:00,0.0,0.0,0.117,0.118,-0.5,68,612.8,4.6
KRU_SHY_02,2023-06-02 17:00:00+00:00,0.0,0.0,0.117,0.118,-1.0,74,612.6,5.6
KRU_SHY_02,2023-06-02 18:00:00+00:00,0.0,0.0,0.117,0.118,-1.5,78,612.2,5.6
KRU_SHY_02,2023-06-02 19:00:00+00:00,0.0,0.0,0.117,0.118,-2.0,82,611.6,4.8
KRU_SHY_02,2023-06-02 20:00:00+00:00,0.1,0.0,0.116,0.118,-2.3,84,611.1,5.2
KRU_SHY_02,2023-06-02 21:00:00+00:00,0.0,0.0,0.116,0.118,-2.9,89,610.3,4.2
KRU_SHY_02,2023-06-02 22:00:00+00:00,0.1,0.0,0.116,0.118,-3.0,89,610.2,3.1
KRU_SHY_02,2023-06-02 23:00:00+00:00,0.1,0.0,0.116,0.118,-3.1,91,610.1,4.9
KRU_SHY_02,2023-06-03 00:00:00+00:00,0.1,0.0,0.115,0.117,-3.4,81,610.4,3.1
KRU_SHY_02,2023-06-03 01:00:00+00:00,0.1,0.0,0.115,0.117,-2.9,79,611.5,1.9
KRU_SHY_02,2023-06-03 02:00:00+00:00,0.3,0.0,0.115,0.117,-3.2,85,611.9,5.0
KRU_SHY_02,2023-06-03 03:00:00+00:00,0.3,0.0,0.114,0.117,-3.1,85,612.4,3.6
KRU_SHY_02,2023-06-03 04:00:00+00:00,1.0,0.0,0.115,0.117,-2.3,80,613.2,4.5
KRU_SHY_02,2023-06-03 05:00:00+00:00,0.6,0.0,0.117,0.117,-1.8,78,614.0,5.4
KRU_SHY_02,2023-06-03 06:00:00+00:00,0.2,0.0,0.12,0.117,-1.0,71,614.7,5.5
KRU_SHY_02,2023-06-03 07:00:00+00:00,0.2,0.0,0.124,0.117,0.3,63,615.4,5.9
KRU_SHY_02,2023-06-03 08:00:00+00:00,0.4,0.0,0.129,0.117,1.3,61,616.0,10.0
KRU_SHY_02,2023-06-03 09:00:00+00:00,0.1,0.0,0.13,0.117,0.4,72,615.8,6.6
KRU_SHY_02,2023-06-03 10:00:00+00:00,0.0,0.0,0.132,0.117,0.7,65,615.8,6.7
KRU_SHY_02,2023-06-03 11:00:00+00:00,0.0,0.0,0.132,0.117,0.1,68,615.6,5.1
KRU_SHY_02,2023-06-03 12:00:00+00:00,0.0,0.0,0.116,0.116,0.6,60,615.7,5.4
KRU_SHY_02,2023-06-03 13:00:00+00:00,0.0,0.0,0.115,0.116,-0.1,61,615.6,5.0
KRU_SHY_02,2023-06-03 14:00:00+00:00,0.0,0.0,0.115,0.116,-0.7,62,615.3,3.6
KRU_SHY_02,2023-06-03 15:00:00+00:00,0.0,0.0,0.115,0.116,-0.8,60,615.5,6.1
KRU_SHY_02,2023-06-03 16:00:00+00:00,0.0,0.0,0.114,0.116,-1.2,64,615.3,5.1
KRU_SHY_02,2023-06-03 17:00:00+00:00,0.0,0.0,0.114,0.116,-2.4,69,614.4,7.1
KRU_SHY_02,2023-06-03 18:00:00+00:00,0.0,0.0,0.114,0.116,-3.4,71,613.0,11.0
KRU_SHY_02,2023-06-03 19:00:00+00:00,0.0,0.0,0.114,0.116,-4.2,72,611.9,11.8
KRU_SHY_02,2023-06-03 20:00:00+00:00,0.0,0.0,0.114,0.116,-4.7,74,611.3,11.8
KRU_SHY_02,2023-06-03 21:00:00+00:00,0.0,0.0,0.114,0.116,-5.0,75,610.8,12.1
KRU_SHY_02,2023-06-03 22:00:00+00:00,0.0,0.0,0.114,0.116,-4.7,72,611.2,11.3
KRU_SHY_02,2023-06-03 23:00:00+00:00,0.0,0.0,0.114,0.116,-4.2,69,611.9,10.8
KRU_SHY_02,2023-06-04 00:00:00+00:00,0.0,0.0,0.114,0.117,-4.3,75,612.2,9.7
KRU_SHY_02,2023-06-04 01:00:00+00:00,0.0,0.0,0.114,0.117,-2.6,67,614.5,8.4
KRU_SHY_02,2023-06-04 02:00:00+00:00,0.0,0.0,0.114,0.117,-1.5,69,615.9,2.3
KRU_SHY_02,2023-06-04 03:00:00+00:00,0.0,0.0,0.113,0.117,-0.9,63,616.6,2.5
KRU_SHY_02,2023-06-04 04:00:00+00:00,0.0,0.0,0.113,0.117,0.6,53,617.9,4.2
KRU_SHY_02,2023-06-04 05:00:00+00:00,0.0,0.0,0.113,0.117,1.7,50,618.5,6.1
KRU_SHY_02,2023-06-04 06:00:00+00:00,0.0,0.0,0.113,0.117,2.8,48,619.1,6.6
KRU_SHY_02,2023-06-04 07:00:00+00:00,0.0,0.0,0.113,0.117,3.9,44,619.4,6.9
KRU_SHY_02,2023-06-04 08:00:00+00:00,0.1,0.0,0.112,0.117,4.6,42,619.5,8.4
KRU_SHY_02,2023-06-04 09:00:00+00:00,0.0,0.0,0.111,0.117,4.8,42,619.3,7.1
KRU_SHY_02,2023-06-04 10:00:00+00:00,0.1,0.0,0.11,0.117,4.8,42,618.9,6.5
KRU_SHY_02,2023-06-04 11:00:00+00:00,0.0,0.0,0.109,0.117,4.7,40,618.7,6.8
KRU_SHY_02,2023-06-04 12:00:00+00:00,0.0,0.0,0.106,0.115,3.3,50,618.3,7.2
KRU_SHY_02,2023-06-04 13:00:00+00:00,0.0,0.0,0.105,0.115,2.2,56,617.8,3.6
KRU_SHY_02,2023-06-04 14:00:00+00:00,0.0,0.0,0.105,0.115,2.0,58,617.4,1.5
KRU_SHY_02,2023-06-04 15:00:00+00:00,0.0,0.0,0.105,0.115,1.2,64,616.8,1.1
KRU_SHY_02,2023-06-04 16:00:00+00:00,0.0,0.0,0.105,0.115,0.4,76,616.2,2.9
KRU_SHY_02,2023-06-04 17:00:00+00:00,0.0,0.0,0.105,0.115,-0.5,74,615.2,4.3
KRU_SHY_02,2023-06-04 18:00:00+00:00,0.0,0.0,0.105,0.115,-0.6,61,615.0,3.1
KRU_SHY_02,2023-06-04 19:00:00+00:00,0.0,0.0,0.105,0.115,-1.4,61,613.9,4.2
KRU_SHY_02,2023-06-04 20:00:00+00:00,0.0,0.0,0.105,0.115,-2.3,63,612.5,6.3
KRU_SHY_02,2023-06-04 21:00:00+00:00,0.0,0.0,0.105,0.115,-1.3,50,613.4,4.7
KRU_SHY_02,2023-06-04 22:00:00+00:00,0.0,0.0,0.105,0.115,-1.5,47,613.3,4.3
KRU_SHY_02,2023-06-04 23:00:00+00:00,0.0,0.0,0.105,0.115,-2.4,51,612.3,5.2
KRU_SHY_02,2023-06-05 00:00:00+00:00,0.0,0.0,0.105,0.116,-1.1,42,614.1,2.9
KRU_SHY_02,2023-06-05 01:00:00+00:00,0.0,0.0,0.105,0.116,-1.0,45,614.7,3.1
KRU_SHY_02,2023-06-05 02:00:00+00:00,0.0,0.0,0.104,0.116,0.2,46,616.0,2.2
KRU_SHY_02,2023-06-05 03:00:00+00:00,0.0,0.0,0.103,0.116,1.2,47,617.0,2.5
KRU_SHY_02,2023-06-05 04:00:00+00:00,0.0,0.0,0.103,0.116,2.1,48,617.8,4.0
KRU_SHY_02,2023-06-05 05:00:00+00:00,0.0,0.0,0.101,0.116,3.2,45,618.5,6.8
KRU_SHY_02,2023-06-05 06:00:00+00:00,0.0,0.0,0.099,0.116,4.2,41,619.0,8.4
KRU_SHY_02,2023-06-05 07:00:00+00:00,0.0,0.0,0.097,0.116,4.8,39,618.9,9.0
KRU_SHY_02,2023-06-05 08:00:00+00:00,0.0,0.0,0.094,0.116,5.2,39,618.8,8.8
KRU_SHY_02,2023-06-05 09:00:00+00:00,0.1,0.0,0.092,0.116,4.9,42,618.4,9.0
KRU_SHY_02,2023-06-05 10:00:00+00:00,0.0,0.0,0.09,0.116,4.8,41,617.8,6.5
KRU_SHY_02,2023-06-05 11:00:00+00:00,0.0,0.0,0.088,0.116,4.9,40,617.5,5.4
KRU_SHY_02,2023-06-05 12:00:00+00:00,0.0,0.0,0.087,0.115,5.1,37,617.4,5.5
KRU_SHY_02,2023-06-05 13:00:00+00:00,0.0,0.0,0.086,0.115,4.8,38,617.1,5.1
KRU_SHY_02,2023-06-05 14:00:00+00:00,0.0,0.0,0.086,0.115,3.8,45,616.4,5.6
KRU_SHY_02,2023-06-05 15:00:00+00:00,0.0,0.0,0.085,0.115,3.1,54,615.8,3.7
KRU_SHY_02,2023-06-05 16:00:00+00:00,0.0,0.0,0.085,0.115,1.9,59,615.1,6.1
KRU_SHY_02,2023-06-05 17:00:00+00:00,0.0,0.0,0.085,0.115,1.2,56,614.7,8.8
KRU_SHY_02,2023-06-05 18:00:00+00:00,0.0,0.0,0.085,0.115,0.8,67,614.4,4.4
KRU_SHY_02,2023-06-05 19:00:00+00:00,0.0,0.0,0.085,0.115,0.5,55,614.0,3.6
KRU_SHY_02,2023-06-05 20:00:00+00:00,0.0,0.0,0.085,0.115,-0.9,60,612.1,5.5
KRU_SHY_02,2023-06-05 21:00:00+00:00,0.0,0.0,0.085,0.115,-1.0,54,611.9,6.0
KRU_SHY_02,2023-06-05 22:00:00+00:00,0.0,0.0,0.085,0.115,0.7,35,613.8,3.1
KRU_SHY_02,2023-06-05 23:00:00+00:00,0.0,0.0,0.085,0.115,-0.7,43,612.6,4.4
KRU_SHY_02,2023-06-06 00:00:00+00:00,0.0,0.0,0.084,0.113,-0.3,40,613.3,3.5
KRU_SHY_02,2023-06-06 01:00:00+00:00,0.0,0.0,0.084,0.113,-0.2,43,613.7,2.2
KRU_SHY_02,2023-06-06 02:00:00+00:00,0.0,0.0,0.083,0.113,0.9,42,615.3,2.5
KRU_SHY_02,2023-06-06 03:00:00+00:00,0.0,0.0,0.083,0.113,1.6,43,616.0,2.8
KRU_SHY_02,2023-06-06 04:00:00+00:00,0.0,0.0,0.081,0.113,2.7,46,616.9,4.7
KRU_SHY_02,2023-06-06 05:00:00+00:00,0.0,0.0,0.079,0.113,3.7,48,617.6,6.5
KRU_SHY_02,2023-06-06 06:00:00+00:00,0.0,0.0,0.077,0.113,4.7,49,618.0,6.6
KRU_SHY_02,2023-06-06 07:00:00+00:00,0.0,0.0,0.074,0.113,5.7,48,618.2,7.4
KRU_SHY_02,2023-06-06 08:00:00+00:00,0.1,0.0,0.071,0.113,5.8,48,617.9,9.1
KRU_SHY_02,2023-06-06 09:00:00+00:00,0.0,0.0,0.068,0.113,6.0,39,617.3,8.8
KRU_SHY_02,2023-06-06 10:00:00+00:00,0.3,0.0,0.067,0.113,6.3,33,617.3,9.6
KRU_SHY_02,2023-06-06 11:00:00+00:00,0.0,0.0,0.065,0.113,5.7,35,616.8,10.6
KRU_SHY_02,2023-06-06 12:00:00+00:00,0.0,0.0,0.064,0.113,4.9,47,616.2,8.3
KRU_SHY_02,2023-06-06 13:00:00+00:00,0.0,0.0,0.063,0.113,4.3,50,616.0,6.5
KRU_SHY_02,2023-06-06 14:00:00+00:00,0.0,0.0,0.063,0.113,3.3,57,615.5,3.9
KRU_SHY_02,2023-06-06 15:00:00+00:00,0.0,0.0,0.062,0.113,2.5,64,615.3,1.8
KRU_SHY_02,2023-06-06 16:00:00+00:00,0.0,0.0,0.062,0.113,0.9,74,614.3,6.5
KRU_SHY_02,2023-06-06 17:00:00+00:00,0.0,0.0,0.062,0.113,-0.9,73,612.7,10.8
KRU_SHY_02,2023-06-06 18:00:00+00:00,0.0,0.0,0.062,0.113,-2.4,73,611.4,12.0
KRU_SHY_02,2023-06-06 19:00:00+00:00,0.1,0.0,0.062,0.113,-2.7,68,610.9,11.8
KRU_SHY_02,2023-06-06 20:00:00+00:00,0.1,0.0,0.062,0.113,-2.4,62,611.2,10.5
KRU_SHY_02,2023-06-06 21:00:00+00:00,0.2,0.0,0.062,0.113,-2.0,60,611.6,8.5
KRU_SHY_02,2023-06-06 22:00:00+00:00,0.2,0.0,0.062,0.113,-2.0,63,612.0,6.9
KRU_SHY_02,2023-06-06 23:00:00+00:00,0.1,0.0,0.062,0.113,-1.8,64,612.6,3.1
KRU_SHY_02,2023-06-07 00:00:00+00:00,0.0,0.0,0.061,0.112,-1.7,69,612.1,5.0
KRU_SHY_02,2023-06-07 01:00:00+00:00,0.1,0.0,0.061,0.112,-0.7,61,613.6,1.6
KRU_SHY_02,2023-06-07 02:00:00+00:00,0.0,0.0,0.061,0.112,0.2,63,614.9,2.2
KRU_SHY_02,2023-06-07 03:00:00+00:00,0.0,0.0,0.061,0.112,1.0,62,615.7,2.4
KRU_SHY_02,2023-06-07 04:00:00+00:00,0.1,0.0,0.061,0.112,1.7,66,616.5,4.3
KRU_SHY_02,2023-06-07 05:00:00+00:00,0.0,0.0,0.062,0.112,2.4,67,617.0,4.6
KRU_SHY_02,2023-06-07 06:00:00+00:00,0.0,0.0,0.061,0.112,3.3,65,617.5,5.1
KRU_SHY_02,2023-06-07 07:00:00+00:00,0.0,0.0,0.061,0.112,4.4,58,617.9,6.6
KRU_SHY_02,2023-06-07 08:00:00+00:00,0.0,0.0,0.06,0.112,4.6,52,617.8,7.3
KRU_SHY_02,2023-06-07 09:00:00+00:00,0.0,0.0,0.059,0.112,4.8,45,617.5,4.9
KRU_SHY_02,2023-06-07 10:00:00+00:00,0.0,0.0,0.058,0.112,5.4,40,617.6,5.4
KRU_SHY_02,2023-06-07 11:00:00+00:00,0.0,0.0,0.057,0.112,4.7,48,617.3,10.0
KRU_SHY_02,2023-06-07 12:00:00+00:00,0.0,0.0,0.056,0.112,2.9,73,616.5,6.8
KRU_SHY_02,2023-06-07 13:00:00+00:00,1.2,0.0,0.055,0.112,1.9,78,616.1,2.5
KRU_SHY_02,2023-06-07 14:00:00+00:00,0.1,0.0,0.055,0.112,1.3,82,615.7,2.3
KRU_SHY_02,2023-06-07 15:00:00+00:00,0.2,0.0,0.055,0.112,-0.5,90,614.7,6.8
KRU_SHY_02,2023-06-07 16:00:00+00:00,0.1,0.0,0.055,0.112,-2.2,86,613.1,11.4
KRU_SHY_02,2023-06-07 17:00:00+00:00,0.0,0.0,0.055,0.112,-2.5,77,613.1,11.0
KRU_SHY_02,2023-06-07 18:00:00+00:00,0.0,0.0,0.055,0.112,-1.5,65,614.2,9.5
KRU_SHY_02,2023-06-07 19:00:00+00:00,0.0,0.0,0.055,0.112,-2.0,66,613.5,9.7
KRU_SHY_02,2023-06-07 20:00:00+00:00,0.0,0.0,0.055,0.112,-2.5,66,612.8,10.1
KRU_SHY_02,2023-06-07 21:00:00+00:00,0.0,0.0,0.055,0.112,-2.6,65,612.7,10.1
KRU_SHY_02,2023-06-07 22:00:00+00:00,0.0,0.0,0.055,0.112,-2.5,64,613.0,8.9
KRU_SHY_02,2023-06-07 23:00:00+00:00,0.0,0.0,0.055,0.112,-2.4,65,613.4,7.4
KRU_SHY_02,2023-06-08 00:00:00+00:00,0.0,0.0,0.054,0.111,-2.9,74,613.9,5.9
KRU_SHY_02,2023-06-08 01:00:00+00:00,0.0,0.0,0.053,0.111,-1.9,69,615.2,4.7
KRU_SHY_02,2023-06-08 02:00:00+00:00,0.0,0.0,0.053,0.111,-1.4,71,615.8,3.3
KRU_SHY_02,2023-06-08 03:00:00+00:00,0.0,0.0,0.054,0.111,-0.5,72,616.6,2.0
KRU_SHY_02,2023-06-08 04:00:00+00:00,0.0,0.0,0.056,0.111,0.8,68,617.9,2.3
KRU_SHY_02,2023-06-08 05:00:00+00:00,0.0,0.0,0.059,0.111,1.7,71,618.4,2.6
KRU_SHY_02,2023-06-08 06:00:00+00:00,0.0,0.0,0.062,0.111,2.8,73,619.2,2.7
KRU_SHY_02,2023-06-08 07:00:00+00:00,0.0,0.0,0.064,0.111,3.7,73,619.4,3.1
KRU_SHY_02,2023-06-08 08:00:00+00:00,0.1,0.0,0.066,0.111,4.4,72,619.4,3.1
KRU_SHY_02,2023-06-08 09:00:00+00:00,0.2,0.1,0.068,0.111,4.9,69,619.4,2.6
KRU_SHY_02,2023-06-08 10:00:00+00:00,0.1,0.1,0.069,0.111,5.4,62,619.4,2.6
KRU_SHY_02,2023-06-08 11:00:00+00:00,0.0,0.0,0.069,0.111,5.5,57,619.1,3.2
KRU_SHY_02,2023-06-08 12:00:00+00:00,0.0,0.0,0.069,0.111,5.2,55,618.6,1.8
KRU_SHY_02,2023-06-08 13:00:00+00:00,0.0,0.0,0.069,0.111,4.9,57,618.5,0.8
KRU_SHY_02,2023-06-08 14:00:00+00:00,0.0,0.0,0.068,0.111,3.6,63,617.7,3.8
KRU_SHY_02,2023-06-08 15:00:00+00:00,0.0,0.0,0.068,0.111,2.6,67,617.4,6.9
KRU_SHY_02,2023-06-08 16:00:00+00:00,0.0,0.0,0.068,0.111,2.3,68,617.5,6.8
KRU_SHY_02,2023-06-08 17:00:00+00:00,0.0,0.0,0.068,0.111,2.0,64,617.6,5.5
KRU_SHY_02,2023-06-08 18:00:00+00:00,0.0,0.0,0.068,0.111,1.5,68,616.9,4.6
KRU_SHY_02,2023-06-08 19:00:00+00:00,0.0,0.0,0.068,0.111,1.1,72,616.4,5.0
KRU_SHY_02,2023-06-08 20:00:00+00:00,0.0,0.0,0.067,0.111,0.9,74,615.7,5.0
KRU_SHY_02,2023-06-08 21:00:00+00:00,0.0,0.0,0.067,0.111,0.6,75,615.2,5.2
KRU_SHY_02,2023-06-08 22:00:00+00:00,0.0,0.0,0.067,0.111,-0.1,73,614.4,7.4
KRU_SHY_02,2023-06-08 23:00:00+00:00,0.0,0.0,0.067,0.111,-0.4,69,614.2,8.7
KRU_SHY_02,2023-06-09 00:00:00+00:00,0.0,0.0,0.067,0.111,-0.6,66,614.4,9.7
KRU_SHY_02,2023-06-09 01:00:00+00:00,0.0,0.0,0.068,0.111,0.5,62,616.5,5.2
KRU_SHY_02,2023-06-09 02:00:00+00:00,0.0,0.0,0.068,0.111,1.4,58,617.9,3.2
KRU_SHY_02,2023-06-09 03:00:00+00:00,0.0,0.0,0.067,0.111,2.5,52,619.0,1.3
KRU_SHY_02,2023-06-09 04:00:00+00:00,0.0,0.0,0.067,0.111,3.1,49,619.6,0.8
KRU_SHY_02,2023-06-09 05:00:00+00:00,0.0,0.0,0.067,0.111,3.8,47,620.0,0.8
KRU_SHY_02,2023-06-09 06:00:00+00:00,0.0,0.0,0.065,0.111,4.8,45,620.2,1.8
KRU_SHY_02,2023-06-09 07:00:00+00:00,0.0,0.0,0.064,0.111,5.6,45,620.5,2.0
KRU_SHY_02,2023-06-09 08:00:00+00:00,0.0,0.0,0.062,0.111,6.2,43,620.2,1.3
KRU_SHY_02,2023-06-09 09:00:00+00:00,0.0,0.0,0.059,0.111,6.6,42,619.9,1.1
KRU_SHY_02,2023-06-09 10:00:00+00:00,0.0,0.0,0.057,0.111,6.8,39,619.6,0.7
KRU_SHY_02,2023-06-09 11:00:00+00:00,0.0,0.0,0.055,0.111,6.8,38,619.2,1.1
KRU_SHY_02,2023-06-09 12:00:00+00:00,0.0,0.0,0.054,0.111,6.5,36,618.8,0.5
KRU_SHY_02,2023-06-09 13:00:00+00:00,0.0,0.0,0.054,0.111,5.9,36,618.6,1.9
KRU_SHY_02,2023-06-09 14:00:00+00:00,0.0,0.0,0.054,0.111,4.6,44,617.6,5.1
KRU_SHY_02,2023-06-09 15:00:00+00:00,0.0,0.0,0.054,0.111,3.7,52,617.1,9.8
KRU_SHY_02,2023-06-09 16:00:00+00:00,0.0,0.0,0.053,0.111,3.2,47,616.9,10.6
KRU_SHY_02,2023-06-09 17:00:00+00:00,0.0,0.0,0.053,0.111,2.7,49,616.5,9.5
KRU_SHY_02,2023-06-09 18:00:00+00:00,0.0,0.0,0.053,0.111,1.9,53,615.7,10.0
KRU_SHY_02,2023-06-09 19:00:00+00:00,0.0,0.0,0.053,0.111,1.3,52,615.0,11.1
KRU_SHY_02,2023-06-09 20:00:00+00:00,0.0,0.0,0.053,0.111,0.8,52,614.0,11.0
KRU_SHY_02,2023-06-09 21:00:00+00:00,0.0,0.0,0.053,0.111,0.2,54,613.4,11.2
KRU_SHY_02,2023-06-09 22:00:00+00:00,0.0,0.0,0.053,0.111,-0.3,55,612.9,11.5
KRU_SHY_02,2023-06-09 23:00:00+00:00,0.0,0.0,0.053,0.111,-0.8,56,612.6,11.4
KRU_SHY_02,2023-06-10 00:00:00+00:00,0.0,0.0,0.053,0.111,-0.8,57,612.8,11.4
KRU_SHY_02,2023-06-10 01:00:00+00:00,0.0,0.0,0.053,0.111,1.6,50,615.7,10.4
KRU_SHY_02,2023-06-10 02:00:00+00:00,0.0,0.0,0.052,0.111,3.1,45,617.8,3.3
KRU_SHY_02,2023-06-10 03:00:00+00:00,0.0,0.0,0.052,0.111,3.9,42,618.7,0.8
KRU_SHY_02,2023-06-10 04:00:00+00:00,0.0,0.0,0.051,0.111,4.6,40,619.3,1.0
KRU_SHY_02,2023-06-10 05:00:00+00:00,0.0,0.0,0.05,0.111,5.5,39,619.9,0.5
KRU_SHY_02,2023-06-10 06:00:00+00:00,0.0,0.0,0.048,0.111,6.2,38,620.2,1.1
KRU_SHY_02,2023-06-10 07:00:00+00:00,0.0,0.0,0.045,0.111,7.0,36,620.2,0.8
KRU_SHY_02,2023-06-10 08:00:00+00:00,0.0,0.0,0.043,0.111,7.6,34,620.1,1.1
KRU_SHY_02,2023-06-10 09:00:00+00:00,0.0,0.0,0.041,0.111,7.8,32,619.8,0.8
KRU_SHY_02,2023-06-10 10:00:00+00:00,0.0,0.0,0.039,0.111,8.2,32,619.6,0.5
KRU_SHY_02,2023-06-10 11:00:00+00:00,0.0,0.0,0.038,0.111,8.2,32,619.1,2.2
KRU_SHY_02,2023-06-10 12:00:00+00:00,0.0,0.0,0.036,0.11,7.7,37,618.5,1.8
KRU_SHY_02,2023-06-10 13:00:00+00:00,0.0,0.0,0.036,0.11,7.3,38,618.8,1.6
KRU_SHY_02,2023-06-10 14:00:00+00:00,0.0,0.0,0.036,0.11,6.3,43,618.2,3.1
KRU_SHY_02,2023-06-10 15:00:00+00:00,0.0,0.0,0.035,0.11,5.3,49,617.7,8.4
KRU_SHY_02,2023-06-10 16:00:00+00:00,0.0,0.0,0.035,0.11,4.6,49,617.4,10.3
KRU_SHY_02,2023-06-10 17:00:00+00:00,0.0,0.0,0.035,0.11,4.1,46,616.6,10.3
KRU_SHY_02,2023-06-10 18:00:00+00:00,0.0,0.0,0.035,0.11,3.6,45,616.0,8.9
KRU_SHY_02,2023-06-10 19:00:00+00:00,0.0,0.0,0.035,0.11,2.9,47,615.1,8.7
KRU_SHY_02,2023-06-10 20:00:00+00:00,0.0,0.0,0.035,0.11,2.3,50,614.5,8.7
KRU_SHY_02,2023-06-10 21:00:00+00:00,0.0,0.0,0.035,0.11,1.6,53,613.9,8.2
KRU_SHY_02,2023-06-10 22:00:00+00:00,0.0,0.0,0.035,0.11,0.6,59,613.1,7.1
KRU_SHY_02,2023-06-10 23:00:00+00:00,0.0,0.0,0.035,0.11,0.0,59,612.8,6.9
KRU_SHY_02,2023-06-11 00:00:00+00:00,0.0,0.0,0.035,0.11,1.2,55,613.5,8.9
KRU_SHY_02,2023-06-11 01:00:00+00:00,0.0,0.0,0.035,0.11,3.4,46,616.1,5.5
KRU_SHY_02,2023-06-11 02:00:00+00:00,0.0,0.0,0.035,0.11,4.1,44,617.1,1.6
KRU_SHY_02,2023-06-11 03:00:00+00:00,0.0,0.0,0.034,0.11,5.0,40,618.1,1.8
KRU_SHY_02,2023-06-11 04:00:00+00:00,0.0,0.0,0.034,0.11,5.8,39,618.8,0.8
KRU_SHY_02,2023-06-11 05:00:00+00:00,0.0,0.0,0.033,0.11,6.9,37,619.3,1.3
KRU_SHY_02,2023-06-11 06:00:00+00:00,0.0,0.0,0.032,0.11,7.7,36,619.5,1.0
KRU_SHY_02,2023-06-11 07:00:00+00:00,0.0,0.0,0.03,0.11,8.6,35,619.7,1.1
KRU_SHY_02,2023-06-11 08:00:00+00:00,0.0,0.0,0.029,0.11,9.1,34,619.6,1.1
KRU_SHY_02,2023-06-11 09:00:00+00:00,0.0,0.0,0.028,0.11,9.8,34,619.3,2.4
KRU_SHY_02,2023-06-11 10:00:00+00:00,0.0,0.0,0.027,0.11,9.4,36,619.0,5.3
KRU_SHY_02,2023-06-11 11:00:00+00:00,0.0,0.0,0.027,0.11,9.0,37,618.7,4.1
KRU_SHY_02,2023-06-11 12:00:00+00:00,0.0,0.0,0.024,0.107,7.1,47,617.6,7.3
KRU_SHY_02,2023-06-11 13:00:00+00:00,0.0,0.0,0.024,0.107,6.3,54,617.4,5.7
KRU_SHY_02,2023-06-11 14:00:00+00:00,0.0,0.0,0.024,0.107,5.4,60,617.1,2.2
KRU_SHY_02,2023-06-11 15:00:00+00:00,0.0,0.0,0.024,0.107,4.8,67,616.9,0.5
KRU_SHY_02,2023-06-11 16:00:00+00:00,0.0,0.0,0.024,0.107,4.2,73,616.9,2.1
KRU_SHY_02,2023-06-11 17:00:00+00:00,0.0,0.0,0.025,0.107,3.3,80,616.2,1.8
KRU_SHY_02,2023-06-11 18:00:00+00:00,0.0,0.0,0.025,0.107,2.6,82,615.3,2.6
KRU_SHY_02,2023-06-11 19:00:00+00:00,0.0,0.0,0.025,0.107,1.9,78,614.2,4.1
KRU_SHY_02,2023-06-11 20:00:00+00:00,0.0,0.0,0.025,0.107,1.4,72,613.3,5.0
KRU_SHY_02,2023-06-11 21:00:00+00:00,0.0,0.0,0.025,0.107,1.5,67,613.3,6.3
KRU_SHY_02,2023-06-11 22:00:00+00:00,0.1,0.0,0.025,0.107,1.9,66,613.9,4.6
KRU_SHY_02,2023-06-11 23:00:00+00:00,0.2,0.0,0.025,0.107,1.8,69,614.2,2.2
KRU_SHY_02,2023-06-12 00:00:00+00:00,0.2,0.0,0.028,0.108,0.5,68,613.4,6.3
KRU_SHY_02,2023-06-12 01:00:00+00:00,0.1,0.0,0.028,0.108,1.2,67,614.5,4.0
KRU_SHY_02,2023-06-12 02:00:00+00:00,0.1,0.0,0.028,0.108,2.0,67,615.3,1.8
KRU_SHY_02,2023-06-12 03:00:00+00:00,0.0,0.0,0.029,0.108,3.3,63,616.7,2.8
KRU_SHY_02,2023-06-12 04:00:00+00:00,0.0,0.0,0.029,0.108,4.6,58,617.5,3.5
KRU_SHY_02,2023-06-12 05:00:00+00:00,0.0,0.0,0.03,0.108,6.2,53,618.5,5.0
KRU_SHY_02,2023-06-12 06:00:00+00:00,0.0,0.0,0.03,0.108,7.1,49,618.8,5.4
KRU_SHY_02,2023-06-12 07:00:00+00:00,0.0,0.0,0.031,0.107,8.0,44,619.1,6.1
KRU_SHY_02,2023-06-12 08:00:00+00:00,0.0,0.0,0.031,0.107,8.4,44,619.0,7.4
KRU_SHY_02,2023-06-12 09:00:00+00:00,0.0,0.0,0.031,0.107,7.0,56,618.2,5.9
KRU_SHY_02,2023-06-12 10:00:00+00:00,0.2,0.2,0.033,0.107,6.2,61,617.8,4.6
KRU_SHY_02,2023-06-12 11:00:00+00:00,0.2,0.2,0.035,0.107,8.0,50,618.4,5.2
KRU_SHY_02,2023-06-12 12:00:00+00:00,0.1,0.1,0.039,0.107,7.0,57,617.9,7.9
KRU_SHY_02,2023-06-12 13:00:00+00:00,0.1,0.1,0.04,0.107,5.6,72,617.5,4.8
KRU_SHY_02,2023-06-12 14:00:00+00:00,0.0,0.0,0.04,0.107,4.8,80,617.1,1.8
KRU_SHY_02,2023-06-12 15:00:00+00:00,0.0,0.0,0.04,0.107,3.9,86,617.1,1.3
KRU_SHY_02,2023-06-12 16:00:00+00:00,0.0,0.0,0.04,0.107,3.9,86,617.3,0.8
KRU_SHY_02,2023-06-12 17:00:00+00:00,0.2,0.1,0.042,0.107,3.3,82,617.4,3.0
KRU_SHY_02,2023-06-12 18:00:00+00:00,0.1,0.1,0.043,0.107,3.6,77,617.3,4.6
KRU_SHY_02,2023-06-12 19:00:00+00:00,1.4,0.1,0.044,0.107,2.0,91,616.0,2.3
KRU_SHY_02,2023-06-12 20:00:00+00:00,0.8,0.1,0.045,0.107,2.0,81,615.5,5.2
KRU_SHY_02,2023-06-12 21:00:00+00:00,0.1,0.1,0.045,0.107,1.6,86,615.2,0.5
KRU_SHY_02,2023-06-12 22:00:00+00:00,0.0,0.0,0.045,0.107,1.1,87,614.8,4.7
KRU_SHY_02,2023-06-12 23:00:00+00:00,0.0,0.0,0.045,0.107,0.7,85,614.7,2.3
KRU_SHY_02,2023-06-13 00:00:00+00:00,0.0,0.0,0.039,0.108,0.2,85,614.4,7.8
KRU_SHY_02,2023-06-13 01:00:00+00:00,0.1,0.0,0.039,0.108,1.4,77,615.9,5.3
KRU_SHY_02,2023-06-13 02:00:00+00:00,0.2,0.0,0.039,0.108,1.6,80,616.7,2.7
KRU_SHY_02,2023-06-13 03:00:00+00:00,0.1,0.0,0.041,0.108,2.1,79,617.3,3.2
KRU_SHY_02,2023-06-13 04:00:00+00:00,0.0,0.0,0.043,0.108,2.8,75,617.8,3.6
KRU_SHY_02,2023-06-13 05:00:00+00:00,0.0,0.0,0.047,0.108,4.3,65,618.7,4.1
KRU_SHY_02,2023-06-13 06:00:00+00:00,0.0,0.0,0.051,0.108,5.3,61,619.0,3.8
KRU_SHY_02,2023-06-13 07:00:00+00:00,0.0,0.0,0.054,0.108,6.5,56,619.3,4.6
KRU_SHY_02,2023-06-13 08:00:00+00:00,0.0,0.0,0.057,0.108,7.2,51,619.0,5.1
KRU_SHY_02,2023-06-13 09:00:00+00:00,0.0,0.0,0.059,0.108,8.0,48,618.9,5.5
KRU_SHY_02,2023-06-13 10:00:00+00:00,0.0,0.0,0.06,0.108,8.2,46,618.5,5.9
KRU_SHY_02,2023-06-13 11:00:00+00:00,0.1,0.1,0.062,0.108,7.8,49,618.0,5.8
KRU_SHY_02,2023-06-13 12:00:00+00:00,0.0,0.0,0.059,0.105,8.0,48,617.6,5.6
KRU_SHY_02,2023-06-13 13:00:00+00:00,0.0,0.0,0.059,0.105,7.4,53,617.3,3.7
KRU_SHY_02,2023-06-13 14:00:00+00:00,0.0,0.0,0.059,0.105,6.2,62,616.9,2.3
KRU_SHY_02,2023-06-13 15:00:00+00:00,0.0,0.0,0.059,0.105,5.4,69,617.0,4.6
KRU_SHY_02,2023-06-13 16:00:00+00:00,0.0,0.0,0.058,0.105,5.4,68,617.1,4.7
KRU_SHY_02,2023-06-13 17:00:00+00:00,0.0,0.0,0.059,0.105,4.6,72,616.9,3.4
KRU_SHY_02,2023-06-13 18:00:00+00:00,0.0,0.0,0.059,0.105,3.7,76,616.4,1.6
KRU_SHY_02,2023-06-13 19:00:00+00:00,0.0,0.0,0.059,0.105,2.1,87,615.6,6.1
KRU_SHY_02,2023-06-13 20:00:00+00:00,0.1,0.1,0.059,0.105,2.3,84,615.3,2.7
KRU_SHY_02,2023-06-13 21:00:00+00:00,0.1,0.0,0.059,0.105,1.4,89,614.8,5.6
KRU_SHY_02,2023-06-13 22:00:00+00:00,0.1,0.0,0.059,0.105,1.2,90,614.4,1.1
KRU_SHY_02,2023-06-13 23:00:00+00:00,0.0,0.0,0.059,0.105,1.0,88,614.0,2.3
KRU_SHY_02,2023-06-14 00:00:00+00:00,0.0,0.0,0.057,0.103,0.4,90,614.2,4.0
KRU_SHY_02,2023-06-14 01:00:00+00:00,0.0,0.0,0.057,0.103,0.8,86,615.2,1.5
KRU_SHY_02,2023-06-14 02:00:00+00:00,0.0,0.0,0.057,0.103,1.9,77,616.2,3.3
KRU_SHY_02,2023-06-14 03:00:00+00:00,0.0,0.0,0.057,0.103,2.6,73,616.6,2.9
KRU_SHY_02,2023-06-14 04:00:00+00:00,0.0,0.0,0.058,0.103,3.8,69,617.2,5.6
KRU_SHY_02,2023-06-14 05:00:00+00:00,0.0,0.0,0.058,0.103,4.6,65,617.6,5.7
KRU_SHY_02,2023-06-14 06:00:00+00:00,0.0,0.0,0.059,0.103,5.2,58,617.9,5.2
KRU_SHY_02,2023-06-14 07:00:00+00:00,0.0,0.0,0.059,0.103,6.2,54,618.0,6.0
KRU_SHY_02,2023-06-14 08:00:00+00:00,0.0,0.0,0.058,0.103,7.4,51,618.3,6.4
KRU_SHY_02,2023-06-14 09:00:00+00:00,0.1,0.1,0.058,0.103,6.1,62,617.3,6.8
KRU_SHY_02,2023-06-14 10:00:00+00:00,0.0,0.0,0.057,0.103,6.0,62,616.9,5.8
KRU_SHY_02,2023-06-14 11:00:00+00:00,0.0,0.0,0.057,0.103,5.3,68,616.7,5.5
KRU_SHY_02,2023-06-14 12:00:00+00:00,0.2,0.1,0.061,0.105,4.4,73,615.7,3.8
KRU_SHY_02,2023-06-14 13:00:00+00:00,0.0,0.0,0.061,0.105,4.5,72,615.9,4.2
KRU_SHY_02,2023-06-14 14:00:00+00:00,0.0,0.0,0.061,0.105,3.6,78,615.6,2.9
KRU_SHY_02,2023-06-14 15:00:00+00:00,0.0,0.0,0.061,0.105,2.5,80,615.7,4.6
KRU_SHY_02,2023-06-14 16:00:00+00:00,0.0,0.0,0.06,0.105,2.4,76,616.0,5.9
KRU_SHY_02,2023-06-14 17:00:00+00:00,0.0,0.0,0.06,0.105,2.7,75,616.1,2.9
KRU_SHY_02,2023-06-14 18:00:00+00:00,0.0,0.0,0.06,0.105,1.5,84,615.3,2.5
KRU_SHY_02,2023-06-14 19:00:00+00:00,0.0,0.0,0.06,0.105,1.5,81,615.0,3.0
KRU_SHY_02,2023-06-14 20:00:00+00:00,0.0,0.0,0.06,0.105,1.2,80,614.5,4.0
KRU_SHY_02,2023-06-14 21:00:00+00:00,0.0,0.0,0.06,0.105,0.9,80,614.1,2.3
KRU_SHY_02,2023-06-14 22:00:00+00:00,0.0,0.0,0.06,0.105,0.1,88,613.5,0.8
KRU_SHY_02,2023-06-14 23:00:00+00:00,0.0,0.0,0.06,0.105,0.0,86,613.4,4.1
KRU_SHY_02,2023-06-15 00:00:00+00:00,0.0,0.0,0.06,0.104,0.3,82,613.5,4.5
KRU_SHY_02,2023-06-15 01:00:00+00:00,0.0,0.0,0.06,0.104,1.1,75,614.4,2.5
KRU_SHY_02,2023-06-15 02:00:00+00:00,0.0,0.0,0.06,0.104,1.4,78,615.0,5.5
KRU_SHY_02,2023-06-15 03:00:00+00:00,0.0,0.0,0.059,0.104,1.7,78,615.7,6.0
KRU_SHY_02,2023-06-15 04:00:00+00:00,0.0,0.0,0.059,0.104,2.3,73,616.1,5.4
KRU_SHY_02,2023-06-15 05:00:00+00:00,0.0,0.0,0.059,0.104,2.9,69,616.4,4.7
KRU_SHY_02,2023-06-15 06:00:00+00:00,0.0,0.0,0.058,0.104,4.6,62,617.4,5.9
KRU_SHY_02,2023-06-15 07:00:00+00:00,0.0,0.0,0.057,0.104,5.5,58,617.6,7.7
KRU_SHY_02,2023-06-15 08:00:00+00:00,0.1,0.0,0.056,0.104,5.8,57,617.5,6.1
KRU_SHY_02,2023-06-15 09:00:00+00:00,0.2,0.0,0.055,0.104,5.5,57,617.1,5.0
KRU_SHY_02,2023-06-15 10:00:00+00:00,0.1,0.0,0.054,0.104,6.0,54,617.4,3.8
KRU_SHY_02,2023-06-15 11:00:00+00:00,0.1,0.0,0.054,0.104,6.4,54,617.3,6.8
KRU_SHY_02,2023-06-15 12:00:00+00:00,0.0,0.0,0.053,0.104,5.5,60,616.2,4.8
KRU_SHY_02,2023-06-15 13:00:00+00:00,0.0,0.0,0.052,0.104,5.1,64,616.0,4.7
KRU_SHY_02,2023-06-15 14:00:00+00:00,0.0,0.0,0.052,0.104,4.3,67,615.8,4.2
KRU_SHY_02,2023-06-15 15:00:00+00:00,0.0,0.0,0.052,0.104,4.2,67,616.2,4.8
KRU_SHY_02,2023-06-15 16:00:00+00:00,0.0,0.0,0.052,0.104,3.4,66,616.1,2.4
KRU_SHY_02,2023-06-15 17:00:00+00:00,0.0,0.0,0.052,0.104,2.6,69,615.2,7.1
KRU_SHY_02,2023-06-15 18:00:00+00:00,0.0,0.0,0.052,0.104,1.9,72,614.3,9.2
KRU_SHY_02,2023-06-15 19:00:00+00:00,0.0,0.0,0.051,0.104,1.0,73,613.6,10.5
KRU_SHY_02,2023-06-15 20:00:00+00:00,0.0,0.0,0.051,0.103,0.2,75,612.6,11.8
KRU_SHY_02,2023-06-15 21:00:00+00:00,0.0,0.0,0.051,0.103,-0.2,75,612.0,11.2
KRU_SHY_02,2023-06-15 22:00:00+00:00,0.0,0.0,0.051,0.103,-0.1,74,612.2,9.4
KRU_SHY_02,2023-06-15 23:00:00+00:00,0.0,0.0,0.051,0.103,-0.6,76,612.0,7.7
KRU_SHY_02,2023-06-16 00:00:00+00:00,0.0,0.0,0.049,0.101,-0.1,81,613.3,3.4
KRU_SHY_02,2023-06-16 01:00:00+00:00,0.0,0.0,0.049,0.101,0.2,78,614.0,3.3
KRU_SHY_02,2023-06-16 02:00:00+00:00,0.0,0.0,0.049,0.101,1.8,69,615.8,1.8
KRU_SHY_02,2023-06-16 03:00:00+00:00,0.0,0.0,0.049,0.101,3.3,61,616.9,2.6
KRU_SHY_02,2023-06-16 04:00:00+00:00,0.0,0.0,0.048,0.101,4.4,57,617.5,2.6
KRU_SHY_02,2023-06-16 05:00:00+00:00,0.0,0.0,0.048,0.101,5.5,50,618.1,3.3
KRU_SHY_02,2023-06-16 06:00:00+00:00,0.0,0.0,0.047,0.101,6.9,43,618.6,4.0
KRU_SHY_02,2023-06-16 07:00:00+00:00,0.0,0.0,0.045,0.101,8.0,39,618.9,5.4
KRU_SHY_02,2023-06-16 08:00:00+00:00,0.0,0.0,0.044,0.101,8.8,37,619.0,6.3
KRU_SHY_02,2023-06-16 09:00:00+00:00,0.0,0.0,0.042,0.101,8.9,37,618.9,6.6
KRU_SHY_02,2023-06-16 10:00:00+00:00,0.0,0.0,0.041,0.101,8.8,39,618.7,6.2
KRU_SHY_02,2023-06-16 11:00:00+00:00,0.0,0.0,0.04,0.101,8.7,42,618.6,7.6
KRU_SHY_02,2023-06-16 12:00:00+00:00,0.0,0.0,0.042,0.103,7.6,49,618.0,7.9
KRU_SHY_02,2023-06-16 13:00:00+00:00,0.0,0.0,0.041,0.103,6.7,54,617.4,5.6
KRU_SHY_02,2023-06-16 14:00:00+00:00,0.0,0.0,0.041,0.103,5.9,61,617.1,4.2
KRU_SHY_02,2023-06-16 15:00:00+00:00,0.0,0.0,0.041,0.103,5.2,68,617.1,1.8
KRU_SHY_02,2023-06-16 16:00:00+00:00,0.0,0.0,0.04,0.103,4.5,72,617.5,6.0
KRU_SHY_02,2023-06-16 17:00:00+00:00,0.0,0.0,0.04,0.103,4.5,67,617.5,6.3
KRU_SHY_02,2023-06-16 18:00:00+00:00,0.0,0.0,0.04,0.103,3.7,70,616.7,6.0
KRU_SHY_02,2023-06-16 19:00:00+00:00,0.0,0.0,0.04,0.103,2.9,75,615.8,4.5
KRU_SHY_02,2023-06-16 20:00:00+00:00,0.0,0.0,0.04,0.103,1.9,76,614.7,4.6
KRU_SHY_02,2023-06-16 21:00:00+00:00,0.0,0.0,0.04,0.103,1.7,73,614.4,4.2
KRU_SHY_02,2023-06-16 22:00:00+00:00,0.0,0.0,0.04,0.103,2.4,64,615.2,2.1
KRU_SHY_02,2023-06-16 23:00:00+00:00,0.0,0.0,0.04,0.103,0.9,73,614.2,3.1
KRU_SHY_02,2023-06-17 00:00:00+00:00,0.0,0.0,0.04,0.103,-0.1,85,614.2,5.2
KRU_SHY_02,2023-06-17 01:00:00+00:00,0.0,0.0,0.04,0.103,1.3,75,615.7,2.6
KRU_SHY_02,2023-06-17 02:00:00+00:00,0.0,0.0,0.04,0.103,2.5,70,617.5,2.6
KRU_SHY_02,2023-06-17 03:00:00+00:00,0.0,0.0,0.04,0.103,3.5,68,618.4,3.8
KRU_SHY_02,2023-06-17 04:00:00+00:00,0.0,0.0,0.039,0.103,4.5,66,619.3,4.3
KRU_SHY_02,2023-06-17 05:00:00+00:00,0.0,0.0,0.038,0.103,5.7,60,619.7,4.6
KRU_SHY_02,2023-06-17 06:00:00+00:00,0.0,0.0,0.037,0.103,7.0,51,620.3,5.4
KRU_SHY_02,2023-06-17 07:00:00+00:00,0.0,0.0,0.035,0.103,8.2,42,620.7,6.9
KRU_SHY_02,2023-06-17 08:00:00+00:00,0.0,0.0,0.034,0.103,8.7,41,620.7,9.1
KRU_SHY_02,2023-06-17 09:00:00+00:00,0.0,0.0,0.032,0.103,8.1,49,620.4,7.3
KRU_SHY_02,2023-06-17 10:00:00+00:00,0.0,0.0,0.032,0.103,7.2,55,619.8,6.9
KRU_SHY_02,2023-06-17 11:00:00+00:00,0.0,0.0,0.031,0.103,7.2,52,619.4,2.3
KRU_SHY_02,2023-06-17 12:00:00+00:00,0.0,0.0,0.031,0.101,6.3,64,618.8,4.8
KRU_SHY_02,2023-06-17 13:00:00+00:00,0.0,0.0,0.031,0.101,5.6,71,618.7,4.4
KRU_SHY_02,2023-06-17 14:00:00+00:00,0.0,0.0,0.031,0.101,4.7,76,618.2,2.6
KRU_SHY_02,2023-06-17 15:00:00+00:00,0.0,0.0,0.031,0.101,3.1,85,617.9,2.6
KRU_SHY_02,2023-06-17 16:00:00+00:00,0.0,0.0,0.031,0.101,2.5,88,617.8,2.4
KRU_SHY_02,2023-06-17 17:00:00+00:00,0.0,0.0,0.031,0.101,2.3,89,618.0,0.0
KRU_SHY_02,2023-06-17 18:00:00+00:00,0.0,0.0,0.031,0.101,3.1,79,618.2,2.8
KRU_SHY_02,2023-06-17 19:00:00+00:00,0.0,0.0,0.031,0.101,2.6,80,617.7,1.9
KRU_SHY_02,2023-06-17 20:00:00+00:00,0.0,0.0,0.031,0.101,3.2,74,618.0,1.6
KRU_SHY_02,2023-06-17 21:00:00+00:00,0.0,0.0,0.031,0.101,2.5,75,617.4,0.8
KRU_SHY_02,2023-06-17 22:00:00+00:00,0.0,0.0,0.031,0.101,1.0,82,616.0,4.3
KRU_SHY_02,2023-06-17 23:00:00+00:00,0.0,0.0,0.031,0.101,1.7,73,617.0,3.0
KRU_SHY_02,2023-06-18 00:00:00+00:00,0.0,0.0,0.029,0.102,0.8,79,616.3,4.2
KRU_SHY_02,2023-06-18 01:00:00+00:00,0.0,0.0,0.029,0.102,1.7,73,617.7,2.6
KRU_SHY_02,2023-06-18 02:00:00+00:00,0.0,0.0,0.029,0.102,3.4,62,619.2,2.9
KRU_SHY_02,2023-06-18 03:00:00+00:00,0.0,0.0,0.029,0.102,4.3,56,620.2,5.0
KRU_SHY_02,2023-06-18 04:00:00+00:00,0.0,0.0,0.029,0.102,5.5,52,621.0,5.6
KRU_SHY_02,2023-06-18 05:00:00+00:00,0.0,0.0,0.028,0.102,6.7,46,621.7,6.4
KRU_SHY_02,2023-06-18 06:00:00+00:00,0.0,0.0,0.027,0.102,7.9,38,622.1,6.4
KRU_SHY_02,2023-06-18 07:00:00+00:00,0.0,0.0,0.027,0.102,9.1,34,622.3,7.4
KRU_SHY_02,2023-06-18 08:00:00+00:00,0.0,0.0,0.026,0.102,9.7,33,622.0,7.4
KRU_SHY_02,2023-06-18 09:00:00+00:00,0.0,0.0,0.025,0.102,10.2,34,621.8,7.6
KRU_SHY_02,2023-06-18 10:00:00+00:00,0.0,0.0,0.025,0.102,10.4,36,621.5,9.0
KRU_SHY_02,2023-06-18 11:00:00+00:00,0.0,0.0,0.024,0.102,10.1,37,621.0,7.7
KRU_SHY_02,2023-06-18 12:00:00+00:00,0.0,0.0,0.024,0.101,9.1,43,620.3,6.2
KRU_SHY_02,2023-06-18 13:00:00+00:00,0.0,0.0,0.023,0.101,8.6,44,619.9,2.2
KRU_SHY_02,2023-06-18 14:00:00+00:00,0.0,0.0,0.023,0.101,7.8,46,619.5,0.5
KRU_SHY_02,2023-06-18 15:00:00+00:00,0.0,0.0,0.023,0.101,6.8,48,619.1,3.4
KRU_SHY_02,2023-06-18 16:00:00+00:00,0.0,0.0,0.023,0.101,6.1,47,618.7,6.0
KRU_SHY_02,2023-06-18 17:00:00+00:00,0.0,0.0,0.023,0.101,6.0,41,618.8,7.7
KRU_SHY_02,2023-06-18 18:00:00+00:00,0.0,0.0,0.023,0.101,5.0,49,617.9,3.2
KRU_SHY_02,2023-06-18 19:00:00+00:00,0.0,0.0,0.023,0.101,3.9,46,617.0,5.2
KRU_SHY_02,2023-06-18 20:00:00+00:00,0.0,0.0,0.023,0.101,3.3,45,616.3,6.8
KRU_SHY_02,2023-06-18 21:00:00+00:00,0.0,0.0,0.023,0.101,2.6,49,615.6,6.0
KRU_SHY_02,2023-06-18 22:00:00+00:00,0.0,0.0,0.023,0.101,1.9,52,615.3,6.1
KRU_SHY_02,2023-06-18 23:00:00+00:00,0.0,0.0,0.023,0.101,1.6,54,615.6,5.3
KRU_SHY_02,2023-06-19 00:00:00+00:00,0.0,0.0,0.022,0.099,2.5,54,616.8,4.3
KRU_SHY_02,2023-06-19 01:00:00+00:00,0.0,0.0,0.022,0.099,3.4,50,618.1,2.9
KRU_SHY_02,2023-06-19 02:00:00+00:00,0.0,0.0,0.022,0.099,4.4,46,619.4,1.5
KRU_SHY_02,2023-06-19 03:00:00+00:00,0.0,0.0,0.022,0.099,5.3,44,620.3,2.7
KRU_SHY_02,2023-06-19 04:00:00+00:00,0.0,0.0,0.022,0.099,6.5,44,620.9,4.7
KRU_SHY_02,2023-06-19 05:00:00+00:00,0.0,0.0,0.022,0.099,7.8,40,621.5,5.1
KRU_SHY_02,2023-06-19 06:00:00+00:00,0.0,0.0,0.022,0.099,8.8,35,621.9,6.1
KRU_SHY_02,2023-06-19 07:00:00+00:00,0.0,0.0,0.022,0.099,9.8,31,622.3,7.4
KRU_SHY_02,2023-06-19 08:00:00+00:00,0.0,0.0,0.021,0.099,10.5,28,622.0,7.3
KRU_SHY_02,2023-06-19 09:00:00+00:00,0.0,0.0,0.021,0.099,11.2,25,622.0,7.1
KRU_SHY_02,2023-06-19 10:00:00+00:00,0.0,0.0,0.021,0.099,11.5,26,621.8,7.4
KRU_SHY_02,2023-06-19 11:00:00+00:00,0.0,0.0,0.021,0.099,10.6,32,621.2,4.0
KRU_SHY_02,2023-06-19 12:00:00+00:00,0.0,0.0,0.021,0.099,9.7,34,620.4,3.2
KRU_SHY_02,2023-06-19 13:00:00+00:00,0.0,0.0,0.021,0.099,9.4,37,620.3,1.5
KRU_SHY_02,2023-06-19 14:00:00+00:00,0.0,0.0,0.021,0.099,8.7,37,619.7,7.3
KRU_SHY_02,2023-06-19 15:00:00+00:00,0.0,0.0,0.021,0.099,8.0,36,619.2,7.6
KRU_SHY_02,2023-06-19 16:00:00+00:00,0.0,0.0,0.021,0.099,7.2,33,618.9,8.7
KRU_SHY_02,2023-06-19 17:00:00+00:00,0.0,0.0,0.021,0.099,6.5,33,618.5,8.6
KRU_SHY_02,2023-06-19 18:00:00+00:00,0.0,0.0,0.021,0.099,5.8,35,618.0,8.1
KRU_SHY_02,2023-06-19 19:00:00+00:00,0.0,0.0,0.021,0.099,4.5,39,617.0,4.5
KRU_SHY_02,2023-06-19 20:00:00+00:00,0.0,0.0,0.021,0.099,3.5,40,616.0,6.6
KRU_SHY_02,2023-06-19 21:00:00+00:00,0.0,0.0,0.021,0.099,3.2,39,615.6,9.1
KRU_SHY_02,2023-06-19 22:00:00+00:00,0.0,0.0,0.021,0.099,2.4,40,614.9,5.4
KRU_SHY_02,2023-06-19 23:00:00+00:00,0.0,0.0,0.021,0.099,2.4,39,615.4,4.7
KRU_SHY_02,2023-06-20 00:00:00+00:00,0.0,0.0,0.02,0.099,1.0,42,614.4,7.3
KRU_SHY_02,2023-06-20 01:00:00+00:00,0.0,0.0,0.02,0.099,3.9,33,618.0,3.9
KRU_SHY_02,2023-06-20 02:00:00+00:00,0.0,0.0,0.02,0.099,5.4,29,619.9,1.8
KRU_SHY_02,2023-06-20 03:00:00+00:00,0.0,0.0,0.02,0.099,6.6,28,621.0,2.0
KRU_SHY_02,2023-06-20 04:00:00+00:00,0.0,0.0,0.02,0.099,7.8,26,621.8,2.6
KRU_SHY_02,2023-06-20 05:00:00+00:00,0.0,0.0,0.02,0.099,9.0,25,622.3,3.4
KRU_SHY_02,2023-06-20 06:00:00+00:00,0.0,0.0,0.02,0.099,10.3,23,623.0,5.0
KRU_SHY_02,2023-06-20 07:00:00+00:00,0.0,0.0,0.02,0.099,11.4,21,623.2,6.3
KRU_SHY_02,2023-06-20 08:00:00+00:00,0.0,0.0,0.02,0.099,12.2,20,623.4,7.6
KRU_SHY_02,2023-06-20 09:00:00+00:00,0.0,0.0,0.02,0.099,12.7,20,623.1,7.6
KRU_SHY_02,2023-06-20 10:00:00+00:00,0.0,0.0,0.02,0.099,13.0,19,623.0,7.8
KRU_SHY_02,2023-06-20 11:00:00+00:00,0.0,0.0,0.02,0.099,12.8,19,622.5,6.6
KRU_SHY_02,2023-06-20 12:00:00+00:00,0.0,0.0,0.019,0.099,11.8,22,621.6,1.1
KRU_SHY_02,2023-06-20 13:00:00+00:00,0.0,0.0,0.019,0.099,11.5,22,621.6,2.1
KRU_SHY_02,2023-06-20 14:00:00+00:00,0.0,0.0,0.019,0.099,10.4,22,621.0,4.2
KRU_SHY_02,2023-06-20 15:00:00+00:00,0.0,0.0,0.019,0.099,9.5,19,620.7,7.1
KRU_SHY_02,2023-06-20 16:00:00+00:00,0.0,0.0,0.019,0.099,8.7,17,620.4,9.9
KRU_SHY_02,2023-06-20 17:00:00+00:00,0.0,0.0,0.019,0.099,8.0,19,620.0,10.1
KRU_SHY_02,2023-06-20 18:00:00+00:00,0.0,0.0,0.019,0.099,7.1,21,619.5,8.6
KRU_SHY_02,2023-06-20 19:00:00+00:00,0.0,0.0,0.019,0.099,5.8,23,618.7,7.8
KRU_SHY_02,2023-06-20 20:00:00+00:00,0.0,0.0,0.019,0.099,4.8,25,617.5,9.6
KRU_SHY_02,2023-06-20 21:00:00+00:00,0.0,0.0,0.019,0.099,3.9,26,616.5,10.9
KRU_SHY_02,2023-06-20 22:00:00+00:00,0.0,0.0,0.019,0.099,2.8,28,615.6,9.1
KRU_SHY_02,2023-06-20 23:00:00+00:00,0.0,0.0,0.019,0.099,1.8,30,615.0,8.1
KRU_SHY_02,2023-06-21 00:00:00+00:00,0.0,0.0,0.02,0.098,1.5,38,615.0,8.9
KRU_SHY_02,2023-06-21 01:00:00+00:00,0.0,0.0,0.02,0.098,4.9,28,619.0,8.1
KRU_SHY_02,2023-06-21 02:00:00+00:00,0.0,0.0,0.02,0.098,6.9,22,621.4,1.1
KRU_SHY_02,2023-06-21 03:00:00+00:00,0.0,0.0,0.02,0.098,8.0,22,622.5,2.2
KRU_SHY_02,2023-06-21 04:00:00+00:00,0.0,0.0,0.02,0.098,9.3,20,623.3,3.3
KRU_SHY_02,2023-06-21 05:00:00+00:00,0.0,0.0,0.02,0.098,10.5,18,624.0,3.0
KRU_SHY_02,2023-06-21 06:00:00+00:00,0.0,0.0,0.02,0.098,11.7,17,624.6,3.0
KRU_SHY_02,2023-06-21 07:00:00+00:00,0.0,0.0,0.02,0.098,12.9,15,625.0,3.7
KRU_SHY_02,2023-06-21 08:00:00+00:00,0.0,0.0,0.02,0.098,13.7,16,625.0,4.3
KRU_SHY_02,2023-06-21 09:00:00+00:00,0.0,0.0,0.02,0.098,14.0,21,624.8,5.2
KRU_SHY_02,2023-06-21 10:00:00+00:00,0.0,0.0,0.02,0.098,14.2,22,624.8,6.7
KRU_SHY_02,2023-06-21 11:00:00+00:00,0.0,0.0,0.02,0.098,13.9,19,624.3,7.0
KRU_SHY_02,2023-06-21 12:00:00+00:00,0.0,0.0,0.019,0.098,13.2,20,623.9,5.2
KRU_SHY_02,2023-06-21 13:00:00+00:00,0.0,0.0,0.019,0.098,12.7,18,623.5,3.4
KRU_SHY_02,2023-06-21 14:00:00+00:00,0.0,0.0,0.019,0.098,11.5,20,622.6,3.1
KRU_SHY_02,2023-06-21 15:00:00+00:00,0.0,0.0,0.019,0.098,10.5,23,622.3,4.2
KRU_SHY_02,2023-06-21 16:00:00+00:00,0.0,0.0,0.019,0.098,9.9,22,622.2,8.4
KRU_SHY_02,2023-06-21 17:00:00+00:00,0.0,0.0,0.019,0.098,9.4,21,622.1,8.4
KRU_SHY_02,2023-06-21 18:00:00+00:00,0.0,0.0,0.019,0.098,8.6,21,621.5,7.6
KRU_SHY_02,2023-06-21 19:00:00+00:00,0.0,0.0,0.019,0.098,7.5,22,620.3,7.5
KRU_SHY_02,2023-06-21 20:00:00+00:00,0.0,0.0,0.019,0.098,5.9,25,618.8,5.7
KRU_SHY_02,2023-06-21 21:00:00+00:00,0.0,0.0,0.019,0.098,5.2,24,618.2,7.6
KRU_SHY_02,2023-06-21 22:00:00+00:00,0.0,0.0,0.019,0.098,4.3,26,617.5,6.8
KRU_SHY_02,2023-06-21 23:00:00+00:00,0.0,0.0,0.019,0.098,5.1,24,618.8,5.2
KRU_SHY_02,2023-06-22 00:00:00+00:00,0.0,0.0,0.017,0.096,5.2,22,619.0,6.0
KRU_SHY_02,2023-06-22 01:00:00+00:00,0.0,0.0,0.017,0.096,6.3,21,620.6,4.7
KRU_SHY_02,2023-06-22 02:00:00+00:00,0.0,0.0,0.017,0.096,8.3,17,623.0,1.4
KRU_SHY_02,2023-06-22 03:00:00+00:00,0.0,0.0,0.017,0.096,9.3,18,624.0,1.3
KRU_SHY_02,2023-06-22 04:00:00+00:00,0.0,0.0,0.017,0.096,10.5,17,624.8,2.6
KRU_SHY_02,2023-06-22 05:00:00+00:00,0.0,0.0,0.017,0.096,12.0,16,625.6,3.6
KRU_SHY_02,2023-06-22 06:00:00+00:00,0.0,0.0,0.017,0.096,13.5,16,626.2,5.1
KRU_SHY_02,2023-06-22 07:00:00+00:00,0.0,0.0,0.017,0.096,14.8,16,626.5,6.0
KRU_SHY_02,2023-06-22 08:00:00+00:00,0.0,0.0,0.017,0.096,15.8,16,626.7,7.0
KRU_SHY_02,2023-06-22 09:00:00+00:00,0.0,0.0,0.017,0.096,16.4,15,626.6,7.2
KRU_SHY_02,2023-06-22 10:00:00+00:00,0.0,0.0,0.016,0.096,16.5,13,626.2,6.0
KRU_SHY_02,2023-06-22 11:00:00+00:00,0.0,0.0,0.016,0.096,16.1,14,625.8,4.8
KRU_SHY_02,2023-06-22 12:00:00+00:00,0.0,0.0,0.014,0.094,15.3,14,625.5,4.0
KRU_SHY_02,2023-06-22 13:00:00+00:00,0.0,0.0,0.014,0.094,14.7,11,625.3,6.1
KRU_SHY_02,2023-06-22 14:00:00+00:00,0.0,0.0,0.014,0.094,13.3,11,624.5,9.0
KRU_SHY_02,2023-06-22 15:00:00+00:00,0.0,0.0,0.014,0.094,12.3,12,623.8,8.3
KRU_SHY_02,2023-06-22 16:00:00+00:00,0.0,0.0,0.014,0.094,11.5,12,623.4,8.8
KRU_SHY_02,2023-06-22 17:00:00+00:00,0.0,0.0,0.014,0.094,10.5,11,622.8,9.3
KRU_SHY_02,2023-06-22 18:00:00+00:00,0.0,0.0,0.014,0.094,9.4,12,621.9,9.8
KRU_SHY_02,2023-06-22 19:00:00+00:00,0.0,0.0,0.014,0.094,8.4,14,621.1,9.5
KRU_SHY_02,2023-06-22 20:00:00+00:00,0.0,0.0,0.014,0.094,7.1,16,619.8,8.2
KRU_SHY_02,2023-06-22 21:00:00+00:00,0.0,0.0,0.014,0.094,5.9,18,618.5,7.5
KRU_SHY_02,2023-06-22 22:00:00+00:00,0.0,0.0,0.014,0.094,5.8,19,618.7,6.5
KRU_SHY_02,2023-06-22 23:00:00+00:00,0.0,0.0,0.014,0.094,5.5,19,618.7,6.5
KRU_SHY_02,2023-06-23 00:00:00+00:00,0.0,0.0,0.016,0.095,5.0,24,618.5,8.0
KRU_SHY_02,2023-06-23 01:00:00+00:00,0.0,0.0,0.016,0.095,7.2,21,621.2,6.0
KRU_SHY_02,2023-06-23 02:00:00+00:00,0.0,0.0,0.016,0.095,9.4,18,623.9,0.8
KRU_SHY_02,2023-06-23 03:00:00+00:00,0.0,0.0,0.015,0.095,10.7,16,624.9,1.5
KRU_SHY_02,2023-06-23 04:00:00+00:00,0.0,0.0,0.015,0.095,12.1,14,625.8,2.7
KRU_SHY_02,2023-06-23 05:00:00+00:00,0.0,0.0,0.015,0.095,13.6,12,626.5,3.1
KRU_SHY_02,2023-06-23 06:00:00+00:00,0.0,0.0,0.015,0.095,15.2,11,627.0,3.5
KRU_SHY_02,2023-06-23 07:00:00+00:00,0.0,0.0,0.015,0.095,16.5,10,627.4,5.5
KRU_SHY_02,2023-06-23 08:00:00+00:00,0.0,0.0,0.015,0.095,17.2,10,627.2,5.5
KRU_SHY_02,2023-06-23 09:00:00+00:00,0.0,0.0,0.015,0.095,17.6,12,627.1,5.8
KRU_SHY_02,2023-06-23 10:00:00+00:00,0.0,0.0,0.015,0.095,17.6,13,626.7,5.0
KRU_SHY_02,2023-06-23 11:00:00+00:00,0.0,0.0,0.015,0.095,17.3,14,626.2,3.9
KRU_SHY_02,2023-06-23 12:00:00+00:00,0.0,0.0,0.014,0.095,16.7,14,625.8,5.4
KRU_SHY_02,2023-06-23 13:00:00+00:00,0.0,0.0,0.014,0.095,15.9,15,625.4,6.1
KRU_SHY_02,2023-06-23 14:00:00+00:00,0.0,0.0,0.014,0.095,14.5,15,624.5,6.5
KRU_SHY_02,2023-06-23 15:00:00+00:00,0.0,0.0,0.014,0.095,13.4,16,623.9,8.9
KRU_SHY_02,2023-06-23 16:00:00+00:00,0.0,0.0,0.014,0.095,12.5,15,623.4,9.9
KRU_SHY_02,2023-06-23 17:00:00+00:00,0.0,0.0,0.014,0.095,11.8,15,622.8,9.0
KRU_SHY_02,2023-06-23 18:00:00+00:00,0.0,0.0,0.014,0.095,10.8,16,621.9,9.3
KRU_SHY_02,2023-06-23 19:00:00+00:00,0.0,0.0,0.014,0.095,9.7,18,620.8,10.2
KRU_SHY_02,2023-06-23 20:00:00+00:00,0.0,0.0,0.014,0.095,8.5,19,619.5,9.9
KRU_SHY_02,2023-06-23 21:00:00+00:00,0.0,0.0,0.014,0.095,7.4,20,618.3,9.4
KRU_SHY_02,2023-06-23 22:00:00+00:00,0.0,0.0,0.014,0.095,6.3,21,617.3,8.7
KRU_SHY_02,2023-06-23 23:00:00+00:00,0.0,0.0,0.014,0.095,5.3,22,616.5,8.2
KRU_SHY_02,2023-06-24 00:00:00+00:00,0.0,0.0,0.013,0.094,6.6,20,618.0,6.7
KRU_SHY_02,2023-06-24 01:00:00+00:00,0.0,0.0,0.013,0.094,8.3,17,620.2,7.5
KRU_SHY_02,2023-06-24 02:00:00+00:00,0.0,0.0,0.013,0.094,10.5,14,622.7,1.5
KRU_SHY_02,2023-06-24 03:00:00+00:00,0.0,0.0,0.013,0.094,11.4,13,623.5,1.8
KRU_SHY_02,2023-06-24 04:00:00+00:00,0.0,0.0,0.013,0.094,12.5,12,624.3,3.2
KRU_SHY_02,2023-06-24 05:00:00+00:00,0.0,0.0,0.013,0.094,13.8,11,625.0,5.3
KRU_SHY_02,2023-06-24 06:00:00+00:00,0.0,0.0,0.013,0.094,15.6,8,625.8,6.1
KRU_SHY_02,2023-06-24 07:00:00+00:00,0.0,0.0,0.013,0.094,16.9,8,626.3,9.2
KRU_SHY_02,2023-06-24 08:00:00+00:00,0.0,0.0,0.012,0.094,17.7,8,626.2,9.0
KRU_SHY_02,2023-06-24 09:00:00+00:00,0.0,0.0,0.012,0.094,18.4,10,625.9,8.9
KRU_SHY_02,2023-06-24 10:00:00+00:00,0.0,0.0,0.012,0.094,18.4,12,625.3,7.9
KRU_SHY_02,2023-06-24 11:00:00+00:00,0.0,0.0,0.012,0.094,18.0,14,624.7,6.9
KRU_SHY_02,2023-06-24 12:00:00+00:00,0.0,0.0,0.011,0.094,17.3,16,623.8,7.2
KRU_SHY_02,2023-06-24 13:00:00+00:00,0.0,0.0,0.011,0.094,16.5,15,623.7,7.3
KRU_SHY_02,2023-06-24 14:00:00+00:00,0.0,0.0,0.011,0.094,15.2,13,622.9,6.8
KRU_SHY_02,2023-06-24 15:00:00+00:00,0.0,0.0,0.011,0.094,14.0,14,622.3,9.6
KRU_SHY_02,2023-06-24 16:00:00+00:00,0.0,0.0,0.011,0.094,13.2,14,622.0,9.9
KRU_SHY_02,2023-06-24 17:00:00+00:00,0.0,0.0,0.011,0.094,12.2,14,621.3,9.8
KRU_SHY_02,2023-06-24 18:00:00+00:00,0.0,0.0,0.011,0.094,11.3,15,620.6,11.0
KRU_SHY_02,2023-06-24 19:00:00+00:00,0.0,0.0,0.011,0.094,10.3,17,619.5,11.0
KRU_SHY_02,2023-06-24 20:00:00+00:00,0.0,0.0,0.011,0.094,9.5,18,618.4,10.7
KRU_SHY_02,2023-06-24 21:00:00+00:00,0.0,0.0,0.011,0.094,8.7,19,617.8,11.0
KRU_SHY_02,2023-06-24 22:00:00+00:00,0.0,0.0,0.011,0.094,7.9,20,616.8,10.0
KRU_SHY_02,2023-06-24 23:00:00+00:00,0.0,0.0,0.011,0.094,6.9,23,616.1,8.9
KRU_SHY_02,2023-06-25 00:00:00+00:00,0.0,0.0,0.012,0.094,6.2,26,616.1,8.8
KRU_SHY_02,2023-06-25 01:00:00+00:00,0.0,0.0,0.012,0.094,9.2,22,619.7,6.4
KRU_SHY_02,2023-06-25 02:00:00+00:00,0.0,0.0,0.012,0.094,10.7,21,621.7,1.8
KRU_SHY_02,2023-06-25 03:00:00+00:00,0.0,0.0,0.012,0.094,11.5,21,622.6,3.0
KRU_SHY_02,2023-06-25 04:00:00+00:00,0.0,0.0,0.012,0.094,12.7,20,623.4,5.5
KRU_SHY_02,2023-06-25 05:00:00+00:00,0.0,0.0,0.012,0.094,13.9,18,624.0,6.1
KRU_SHY_02,2023-06-25 06:00:00+00:00,0.0,0.0,0.012,0.094,15.4,17,624.2,7.2
KRU_SHY_02,2023-06-25 07:00:00+00:00,0.0,0.0,0.012,0.094,16.7,17,624.4,8.2
KRU_SHY_02,2023-06-25 08:00:00+00:00,0.0,0.0,0.012,0.094,17.5,17,624.2,9.0
KRU_SHY_02,2023-06-25 09:00:00+00:00,0.0,0.0,0.012,0.094,17.9,17,624.1,9.0
KRU_SHY_02,2023-06-25 10:00:00+00:00,0.0,0.0,0.011,0.094,17.9,19,623.6,9.7
KRU_SHY_02,2023-06-25 11:00:00+00:00,0.0,0.0,0.011,0.094,17.1,21,622.8,9.0
KRU_SHY_02,2023-06-25 12:00:00+00:00,0.0,0.0,0.012,0.094,16.5,21,622.2,8.0
KRU_SHY_02,2023-06-25 13:00:00+00:00,0.0,0.0,0.012,0.094,15.9,20,622.0,6.5
KRU_SHY_02,2023-06-25 14:00:00+00:00,0.0,0.0,0.012,0.094,15.0,20,621.2,8.9
KRU_SHY_02,2023-06-25 15:00:00+00:00,0.0,0.0,0.012,0.094,14.2,22,620.8,9.6
KRU_SHY_02,2023-06-25 16:00:00+00:00,0.0,0.0,0.012,0.094,13.4,24,620.6,9.8
KRU_SHY_02,2023-06-25 17:00:00+00:00,0.0,0.0,0.012,0.094,12.5,27,620.0,10.0
KRU_SHY_02,2023-06-25 18:00:00+00:00,0.0,0.0,0.012,0.094,11.7,28,619.7,7.9
KRU_SHY_02,2023-06-25 19:00:00+00:00,0.0,0.0,0.012,0.094,11.2,29,619.4,4.1
KRU_SHY_02,2023-06-25 20:00:00+00:00,0.0,0.0,0.012,0.094,10.1,33,618.4,3.4
KRU_SHY_02,2023-06-25 21:00:00+00:00,0.0,0.0,0.012,0.094,9.3,37,617.9,3.3
KRU_SHY_02,2023-06-25 22:00:00+00:00,0.0,0.0,0.012,0.094,9.6,39,618.9,1.3
KRU_SHY_02,2023-06-25 23:00:00+00:00,0.0,0.0,0.012,0.094,8.9,43,618.9,1.9
KRU_SHY_02,2023-06-26 00:00:00+00:00,0.0,0.0,0.012,0.093,7.9,49,617.7,6.6
KRU_SHY_02,2023-06-26 01:00:00+00:00,0.0,0.0,0.012,0.093,9.3,48,619.8,4.0
KRU_SHY_02,2023-06-26 02:00:00+00:00,0.0,0.0,0.012,0.093,9.6,48,620.6,5.8
KRU_SHY_02,2023-06-26 03:00:00+00:00,0.0,0.0,0.012,0.093,10.0,48,621.1,5.6
KRU_SHY_02,2023-06-26 04:00:00+00:00,0.0,0.0,0.012,0.093,11.4,45,622.2,7.7
KRU_SHY_02,2023-06-26 05:00:00+00:00,0.1,0.1,0.013,0.093,11.7,45,622.2,8.0
KRU_SHY_02,2023-06-26 06:00:00+00:00,0.0,0.0,0.013,0.093,12.0,47,622.4,9.0
KRU_SHY_02,2023-06-26 07:00:00+00:00,0.6,0.6,0.021,0.093,12.4,50,622.7,11.2
KRU_SHY_02,2023-06-26 08:00:00+00:00,0.1,0.1,0.022,0.093,12.0,49,621.9,10.2
KRU_SHY_02,2023-06-26 09:00:00+00:00,0.0,0.0,0.023,0.093,12.5,48,621.9,10.1
KRU_SHY_02,2023-06-26 10:00:00+00:00,0.4,0.4,0.028,0.093,10.1,61,620.8,9.1
KRU_SHY_02,2023-06-26 11:00:00+00:00,0.8,0.8,0.038,0.093,8.8,69,619.9,4.1
KRU_SHY_02,2023-06-26 12:00:00+00:00,0.4,0.4,0.03,0.094,8.5,69,619.2,5.5
KRU_SHY_02,2023-06-26 13:00:00+00:00,0.2,0.2,0.033,0.094,7.8,72,619.0,4.4
KRU_SHY_02,2023-06-26 14:00:00+00:00,0.1,0.1,0.034,0.094,7.5,72,618.8,1.6
KRU_SHY_02,2023-06-26 15:00:00+00:00,0.1,0.1,0.035,0.094,7.1,75,618.7,1.3
KRU_SHY_02,2023-06-26 16:00:00+00:00,0.0,0.0,0.035,0.094,7.1,76,619.3,2.6
KRU_SHY_02,2023-06-26 17:00:00+00:00,0.0,0.0,0.035,0.094,6.5,80,619.1,1.4
KRU_SHY_02,2023-06-26 18:00:00+00:00,0.0,0.0,0.035,0.094,6.1,83,619.0,2.4
KRU_SHY_02,2023-06-26 19:00:00+00:00,0.0,0.0,0.035,0.094,5.5,86,618.2,1.6
KRU_SHY_02,2023-06-26 20:00:00+00:00,0.0,0.0,0.035,0.094,5.9,80,618.3,1.8
KRU_SHY_02,2023-06-26 21:00:00+00:00,0.2,0.2,0.038,0.094,4.7,90,617.4,3.6
KRU_SHY_02,2023-06-26 22:00:00+00:00,0.2,0.2,0.04,0.094,4.0,98,616.8,2.6
KRU_SHY_02,2023-06-26 23:00:00+00:00,0.1,0.1,0.042,0.094,4.6,92,617.4,2.2
KRU_SHY_02,2023-06-27 00:00:00+00:00,0.1,0.1,0.04,0.093,3.9,83,617.1,1.1
KRU_SHY_02,2023-06-27 01:00:00+00:00,0.0,0.0,0.041,0.093,4.7,77,618.0,3.1
KRU_SHY_02,2023-06-27 02:00:00+00:00,0.0,0.0,0.041,0.093,4.6,78,618.5,3.3
KRU_SHY_02,2023-06-27 03:00:00+00:00,0.1,0.1,0.042,0.093,5.3,75,619.1,5.7
KRU_SHY_02,2023-06-27 04:00:00+00:00,0.0,0.0,0.041,0.093,6.1,69,619.8,5.8
KRU_SHY_02,2023-06-27 05:00:00+00:00,0.0,0.0,0.041,0.093,7.3,62,620.4,4.6
KRU_SHY_02,2023-06-27 06:00:00+00:00,0.0,0.0,0.039,0.093,9.6,54,621.6,7.1
KRU_SHY_02,2023-06-27 07:00:00+00:00,0.1,0.1,0.039,0.093,10.2,51,621.6,8.7
KRU_SHY_02,2023-06-27 08:00:00+00:00,0.0,0.0,0.037,0.093,11.3,47,621.6,7.9
KRU_SHY_02,2023-06-27 09:00:00+00:00,0.0,0.0,0.035,0.093,11.9,44,621.5,8.7
KRU_SHY_02,2023-06-27 10:00:00+00:00,0.0,0.0,0.034,0.093,10.2,52,620.5,6.0
KRU_SHY_02,2023-06-27 11:00:00+00:00,0.0,0.0,0.033,0.093,10.7,48,620.5,7.1
KRU_SHY_02,2023-06-27 12:00:00+00:00,0.0,0.0,0.034,0.102,8.3,63,619.2,7.6
KRU_SHY_02,2023-06-27 13:00:00+00:00,0.1,0.1,0.035,0.102,7.2,71,619.0,3.4
KRU_SHY_02,2023-06-27 14:00:00+00:00,0.0,0.0,0.035,0.102,7.0,70,618.9,5.7
KRU_SHY_02,2023-06-27 15:00:00+00:00,0.0,0.0,0.035,0.102,6.0,79,618.6,1.9
KRU_SHY_02,2023-06-27 16:00:00+00:00,0.0,0.0,0.035,0.102,6.5,71,619.1,4.2
KRU_SHY_02,2023-06-27 17:00:00+00:00,0.0,0.0,0.035,0.102,6.0,73,619.4,3.0
KRU_SHY_02,2023-06-27 18:00:00+00:00,0.0,0.0,0.035,0.102,5.3,76,619.2,5.5
KRU_SHY_02,2023-06-27 19:00:00+00:00,0.0,0.0,0.034,0.102,5.1,73,618.8,7.2
KRU_SHY_02,2023-06-27 20:00:00+00:00,0.0,0.0,0.034,0.102,4.9,74,618.9,4.0
KRU_SHY_02,2023-06-27 21:00:00+00:00,0.0,0.0,0.034,0.102,4.3,76,617.9,5.8
KRU_SHY_02,2023-06-27 22:00:00+00:00,0.0,0.0,0.034,0.102,4.3,72,618.3,3.3
KRU_SHY_02,2023-06-27 23:00:00+00:00,0.0,0.0,0.034,0.102,3.0,77,617.1,7.0
KRU_SHY_02,2023-06-28 00:00:00+00:00,0.0,0.0,0.033,0.094,3.9,77,617.7,5.1
KRU_SHY_02,2023-06-28 01:00:00+00:00,0.0,0.0,0.033,0.094,4.6,71,618.9,2.2
KRU_SHY_02,2023-06-28 02:00:00+00:00,0.0,0.0,0.032,0.094,5.9,64,620.3,5.0
KRU_SHY_02,2023-06-28 03:00:00+00:00,0.0,0.0,0.032,0.094,6.9,57,621.3,7.7
KRU_SHY_02,2023-06-28 04:00:00+00:00,0.0,0.0,0.032,0.094,8.2,50,622.1,7.9
KRU_SHY_02,2023-06-28 05:00:00+00:00,0.0,0.0,0.031,0.094,9.5,43,622.7,8.7
KRU_SHY_02,2023-06-28 06:00:00+00:00,0.0,0.0,0.03,0.094,11.0,37,623.2,9.4
KRU_SHY_02,2023-06-28 07:00:00+00:00,0.0,0.0,0.029,0.094,11.7,36,623.2,10.0
KRU_SHY_02,2023-06-28 08:00:00+00:00,0.0,0.0,0.028,0.094,12.2,35,622.9,9.0
KRU_SHY_02,2023-06-28 09:00:00+00:00,0.0,0.0,0.027,0.094,12.8,35,622.6,9.2
KRU_SHY_02,2023-06-28 10:00:00+00:00,0.0,0.0,0.027,0.094,13.0,37,622.4,11.4
KRU_SHY_02,2023-06-28 11:00:00+00:00,0.0,0.0,0.026,0.094,11.9,44,621.4,7.2
KRU_SHY_02,2023-06-28 12:00:00+00:00,0.0,0.0,0.026,0.092,11.2,44,621.3,6.1
KRU_SHY_02,2023-06-28 13:00:00+00:00,0.0,0.0,0.026,0.092,10.4,48,620.9,6.0
KRU_SHY_02,2023-06-28 14:00:00+00:00,0.0,0.0,0.026,0.092,9.9,51,620.5,5.9
KRU_SHY_02,2023-06-28 15:00:00+00:00,0.0,0.0,0.025,0.092,9.4,53,620.4,4.0
KRU_SHY_02,2023-06-28 16:00:00+00:00,0.0,0.0,0.025,0.092,9.1,55,620.6,2.4
KRU_SHY_02,2023-06-28 17:00:00+00:00,0.0,0.0,0.025,0.092,8.7,57,620.5,3.6
KRU_SHY_02,2023-06-28 18:00:00+00:00,0.0,0.0,0.025,0.092,8.2,61,620.4,3.3
KRU_SHY_02,2023-06-28 19:00:00+00:00,0.0,0.0,0.025,0.092,7.6,63,619.9,5.6
KRU_SHY_02,2023-06-28 20:00:00+00:00,0.0,0.0,0.025,0.092,7.0,63,619.1,6.4
KRU_SHY_02,2023-06-28 21:00:00+00:00,0.0,0.0,0.025,0.092,5.7,68,618.1,2.2
KRU_SHY_02,2023-06-28 22:00:00+00:00,0.0,0.0,0.025,0.092,5.6,68,617.8,1.8
KRU_SHY_02,2023-06-28 23:00:00+00:00,0.0,0.0,0.025,0.092,4.5,75,617.2,2.6
KRU_SHY_02,2023-06-29 00:00:00+00:00,0.0,0.0,0.024,0.09,4.7,75,617.6,2.8
KRU_SHY_02,2023-06-29 01:00:00+00:00,0.0,0.0,0.024,0.09,4.6,72,618.0,2.2
KRU_SHY_02,2023-06-29 02:00:00+00:00,0.0,0.0,0.025,0.09,5.3,73,618.6,6.0
KRU_SHY_02,2023-06-29 03:00:00+00:00,0.0,0.0,0.025,0.09,5.7,70,618.9,5.9
KRU_SHY_02,2023-06-29 04:00:00+00:00,0.0,0.0,0.025,0.09,6.4,65,619.2,6.1
KRU_SHY_02,2023-06-29 05:00:00+00:00,0.0,0.0,0.026,0.09,7.5,60,619.8,6.3
KRU_SHY_02,2023-06-29 06:00:00+00:00,0.1,0.1,0.026,0.09,8.7,58,620.5,8.5
KRU_SHY_02,2023-06-29 07:00:00+00:00,0.0,0.0,0.026,0.09,10.4,53,620.6,9.8
KRU_SHY_02,2023-06-29 08:00:00+00:00,0.0,0.0,0.026,0.09,11.2,49,620.3,11.8
KRU_SHY_02,2023-06-29 09:00:00+00:00,0.0,0.0,0.026,0.09,11.1,53,619.8,9.2
KRU_SHY_02,2023-06-29 10:00:00+00:00,0.3,0.3,0.029,0.09,11.6,49,619.8,11.0
KRU_SHY_02,2023-06-29 11:00:00+00:00,0.1,0.1,0.029,0.09,11.0,51,619.1,9.7
KRU_SHY_02,2023-06-29 12:00:00+00:00,0.0,0.0,0.027,0.087,10.2,51,618.5,7.9
KRU_SHY_02,2023-06-29 13:00:00+00:00,0.0,0.0,0.027,0.087,8.5,58,617.9,8.9
KRU_SHY_02,2023-06-29 14:00:00+00:00,0.0,0.0,0.027,0.087,7.3,64,617.2,5.4
KRU_SHY_02,2023-06-29 15:00:00+00:00,0.0,0.0,0.027,0.087,6.9,66,617.2,4.1
KRU_SHY_02,2023-06-29 16:00:00+00:00,0.0,0.0,0.027,0.087,6.5,65,617.6,3.9
KRU_SHY_02,2023-06-29 17:00:00+00:00,0.0,0.0,0.026,0.087,5.6,67,617.3,4.3
KRU_SHY_02,2023-06-29 18:00:00+00:00,0.0,0.0,0.026,0.087,4.8,70,616.8,3.7
KRU_SHY_02,2023-06-29 19:00:00+00:00,0.0,0.0,0.027,0.087,3.9,75,616.5,0.5
KRU_SHY_02,2023-06-29 20:00:00+00:00,0.0,0.0,0.027,0.087,3.1,78,615.8,4.0
KRU_SHY_02,2023-06-29 21:00:00+00:00,0.0,0.0,0.027,0.087,3.0,74,615.3,3.0
KRU_SHY_02,2023-06-29 22:00:00+00:00,0.1,0.0,0.027,0.087,2.6,75,615.3,5.2
KRU_SHY_02,2023-06-29 23:00:00+00:00,0.0,0.0,0.027,0.087,2.3,77,615.2,3.2
KRU_SHY_02,2023-06-30 00:00:00+00:00,0.0,0.0,0.026,0.088,2.9,71,615.8,0.5
KRU_SHY_02,2023-06-30 01:00:00+00:00,0.0,0.0,0.026,0.088,3.3,71,616.4,1.0
KRU_SHY_02,2023-06-30 02:00:00+00:00,0.0,0.0,0.026,0.088,3.9,65,616.9,5.4
KRU_SHY_02,2023-06-30 03:00:00+00:00,0.0,0.0,0.026,0.088,5.0,55,617.9,5.4
KRU_SHY_02,2023-06-30 04:00:00+00:00,0.0,0.0,0.026,0.088,6.0,50,618.5,7.7
KRU_SHY_02,2023-06-30 05:00:00+00:00,0.0,0.0,0.026,0.088,7.6,43,619.4,8.4
KRU_SHY_02,2023-06-30 06:00:00+00:00,0.0,0.0,0.025,0.088,9.3,37,620.3,8.7
KRU_SHY_02,2023-06-30 07:00:00+00:00,0.0,0.0,0.025,0.088,10.4,34,620.7,8.8
KRU_SHY_02,2023-06-30 08:00:00+00:00,0.0,0.0,0.024,0.088,11.5,31,620.6,9.5
KRU_SHY_02,2023-06-30 09:00:00+00:00,0.0,0.0,0.024,0.088,12.5,30,620.3,9.5
KRU_SHY_02,2023-06-30 10:00:00+00:00,0.0,0.0,0.023,0.088,13.2,30,619.9,11.3
KRU_SHY_02,2023-06-30 11:00:00+00:00,0.0,0.0,0.023,0.088,12.9,32,619.2,11.6
KRU_SHY_02,2023-06-30 12:00:00+00:00,0.0,0.0,0.023,0.088,10.9,34,618.4,6.5
KRU_SHY_02,2023-06-30 13:00:00+00:00,0.0,0.0,0.023,0.088,10.1,37,617.8,6.9
KRU_SHY_02,2023-06-30 14:00:00+00:00,0.0,0.0,0.023,0.088,9.3,40,617.3,6.0
KRU_SHY_02,2023-06-30 15:00:00+00:00,0.0,0.0,0.023,0.088,8.6,44,617.0,4.0
KRU_SHY_02,2023-06-30 16:00:00+00:00,0.0,0.0,0.023,0.088,7.9,48,617.1,0.8
KRU_SHY_02,2023-06-30 17:00:00+00:00,0.0,0.0,0.023,0.088,7.6,50,617.1,1.1
KRU_SHY_02,2023-06-30 18:00:00+00:00,0.0,0.0,0.023,0.088,7.4,51,617.2,4.6
KRU_SHY_02,2023-06-30 19:00:00+00:00,0.0,0.0,0.023,0.088,6.9,54,616.9,4.8
KRU_SHY_02,2023-06-30 20:00:00+00:00,0.0,0.0,0.023,0.088,5.7,61,616.2,6.0
KRU_SHY_02,2023-06-30 21:00:00+00:00,0.0,0.0,0.023,0.088,4.4,70,615.7,5.1
KRU_SHY_02,2023-06-30 22:00:00+00:00,0.0,0.0,0.023,0.088,3.7,74,615.3,3.9
KRU_SHY_02,2023-06-30 23:00:00+00:00,0.0,0.0,0.023,0.088,2.9,76,615.3,2.9
KRU_SHY_02,2023-07-01 00:00:00+00:00,0.0,0.0,0.022,0.083,2.5,76,615.0,2.8
KRU_SHY_02,2023-07-01 01:00:00+00:00,0.0,0.0,0.022,0.083,3.3,66,616.2,1.8
KRU_SHY_02,2023-07-01 02:00:00+00:00,0.0,0.0,0.022,0.083,3.8,62,616.9,4.7
KRU_SHY_02,2023-07-01 03:00:00+00:00,0.0,0.0,0.022,0.083,5.0,55,618.1,6.1
KRU_SHY_02,2023-07-01 04:00:00+00:00,0.0,0.0,0.022,0.083,6.7,48,619.0,8.9
KRU_SHY_02,2023-07-01 05:00:00+00:00,0.0,0.0,0.022,0.083,8.5,41,620.2,10.0
KRU_SHY_02,2023-07-01 06:00:00+00:00,0.0,0.0,0.022,0.083,10.0,34,620.9,11.1
KRU_SHY_02,2023-07-01 07:00:00+00:00,0.0,0.0,0.022,0.083,10.8,31,621.1,11.5
KRU_SHY_02,2023-07-01 08:00:00+00:00,0.0,0.0,0.022,0.083,11.5,28,621.2,11.0
KRU_SHY_02,2023-07-01 09:00:00+00:00,0.0,0.0,0.022,0.083,12.3,26,620.9,11.5
KRU_SHY_02,2023-07-01 10:00:00+00:00,0.0,0.0,0.022,0.083,12.5,25,620.8,12.1
KRU_SHY_02,2023-07-01 11:00:00+00:00,0.0,0.0,0.022,0.083,12.5,25,620.4,10.8
KRU_SHY_02,2023-07-01 12:00:00+00:00,0.0,0.0,0.022,0.085,11.5,27,619.6,8.2
KRU_SHY_02,2023-07-01 13:00:00+00:00,0.0,0.0,0.022,0.085,10.6,31,619.3,8.9
KRU_SHY_02,2023-07-01 14:00:00+00:00,0.0,0.0,0.022,0.085,9.5,36,618.6,5.9
KRU_SHY_02,2023-07-01 15:00:00+00:00,0.0,0.0,0.022,0.085,9.0,38,618.7,4.2
KRU_SHY_02,2023-07-01 16:00:00+00:00,0.0,0.0,0.022,0.085,8.5,41,619.3,3.4
KRU_SHY_02,2023-07-01 17:00:00+00:00,0.0,0.0,0.022,0.085,8.0,43,619.4,2.6
KRU_SHY_02,2023-07-01 18:00:00+00:00,0.0,0.0,0.022,0.085,7.4,45,619.2,3.5
KRU_SHY_02,2023-07-01 19:00:00+00:00,0.0,0.0,0.022,0.085,6.7,47,618.9,4.1
KRU_SHY_02,2023-07-01 20:00:00+00:00,0.0,0.0,0.022,0.085,5.8,51,618.0,4.3
KRU_SHY_02,2023-07-01 21:00:00+00:00,0.0,0.0,0.022,0.085,5.1,55,617.3,5.6
KRU_SHY_02,2023-07-01 22:00:00+00:00,0.0,0.0,0.022,0.085,4.6,57,616.9,3.2
KRU_SHY_02,2023-07-01 23:00:00+00:00,0.0,0.0,0.022,0.085,4.5,56,617.2,2.3
KRU_SHY_02,2023-07-02 00:00:00+00:00,0.0,0.0,0.022,0.086,4.6,59,617.9,2.6
KRU_SHY_02,2023-07-02 01:00:00+00:00,0.0,0.0,0.022,0.086,4.9,58,618.4,0.4
KRU_SHY_02,2023-07-02 02:00:00+00:00,0.0,0.0,0.022,0.086,5.9,55,619.5,3.2
KRU_SHY_02,2023-07-02 03:00:00+00:00,0.0,0.0,0.022,0.086,7.1,50,620.7,4.3
KRU_SHY_02,2023-07-02 04:00:00+00:00,0.0,0.0,0.022,0.086,8.4,46,621.6,5.1
KRU_SHY_02,2023-07-02 05:00:00+00:00,0.0,0.0,0.022,0.086,9.5,44,622.3,5.1
KRU_SHY_02,2023-07-02 06:00:00+00:00,0.0,0.0,0.022,0.086,10.6,41,622.8,5.4
KRU_SHY_02,2023-07-02 07:00:00+00:00,0.0,0.0,0.022,0.086,11.9,35,623.0,5.3
KRU_SHY_02,2023-07-02 08:00:00+00:00,0.0,0.0,0.022,0.086,13.4,25,623.2,7.1
KRU_SHY_02,2023-07-02 09:00:00+00:00,0.0,0.0,0.021,0.086,14.1,23,623.1,8.4
KRU_SHY_02,2023-07-02 10:00:00+00:00,0.0,0.0,0.021,0.086,14.8,21,623.1,10.2
KRU_SHY_02,2023-07-02 11:00:00+00:00,0.0,0.0,0.021,0.086,15.0,20,622.8,10.9
KRU_SHY_02,2023-07-02 12:00:00+00:00,0.0,0.0,0.02,0.083,14.3,19,622.6,11.1
KRU_SHY_02,2023-07-02 13:00:00+00:00,0.0,0.0,0.02,0.083,13.1,27,621.9,9.8
KRU_SHY_02,2023-07-02 14:00:00+00:00,0.0,0.0,0.02,0.083,11.8,32,621.4,4.2
KRU_SHY_02,2023-07-02 15:00:00+00:00,0.0,0.0,0.02,0.083,10.9,35,621.3,1.9
KRU_SHY_02,2023-07-02 16:00:00+00:00,0.0,0.0,0.02,0.083,10.1,36,621.2,6.8
KRU_SHY_02,2023-07-02 17:00:00+00:00,0.0,0.0,0.02,0.083,9.7,36,620.9,6.5
KRU_SHY_02,2023-07-02 18:00:00+00:00,0.0,0.0,0.02,0.083,8.9,39,620.2,3.9
KRU_SHY_02,2023-07-02 19:00:00+00:00,0.0,0.0,0.02,0.083,7.8,42,619.2,5.7
KRU_SHY_02,2023-07-02 20:00:00+00:00,0.0,0.0,0.02,0.083,7.3,42,618.6,8.9
KRU_SHY_02,2023-07-02 21:00:00+00:00,0.0,0.0,0.02,0.083,6.4,44,617.8,7.1
KRU_SHY_02,2023-07-02 22:00:00+00:00,0.0,0.0,0.02,0.083,7.3,39,619.1,3.7
KRU_SHY_02,2023-07-02 23:00:00+00:00,0.0,0.0,0.02,0.083,4.6,45,616.5,6.8
KRU_SHY_02,2023-07-03 00:00:00+00:00,0.0,0.0,0.019,0.081,6.2,44,618.4,5.6
KRU_SHY_02,2023-07-03 01:00:00+00:00,0.0,0.0,0.019,0.081,7.2,42,619.7,2.5
KRU_SHY_02,2023-07-03 02:00:00+00:00,0.0,0.0,0.019,0.081,8.2,41,621.0,4.5
KRU_SHY_02,2023-07-03 03:00:00+00:00,0.0,0.0,0.019,0.081,9.4,39,622.0,5.8
KRU_SHY_02,2023-07-03 04:00:00+00:00,0.0,0.0,0.019,0.081,11.0,33,622.9,7.1
KRU_SHY_02,2023-07-03 05:00:00+00:00,0.0,0.0,0.019,0.081,12.3,28,623.7,9.6
KRU_SHY_02,2023-07-03 06:00:00+00:00,0.0,0.0,0.019,0.081,13.3,24,624.0,10.0
KRU_SHY_02,2023-07-03 07:00:00+00:00,0.0,0.0,0.019,0.081,14.4,20,624.3,11.2
KRU_SHY_02,2023-07-03 08:00:00+00:00,0.0,0.0,0.019,0.081,15.2,17,624.2,12.0
KRU_SHY_02,2023-07-03 09:00:00+00:00,0.0,0.0,0.019,0.081,15.8,15,623.8,13.1
KRU_SHY_02,2023-07-03 10:00:00+00:00,0.0,0.0,0.019,0.081,16.0,15,623.3,12.7
KRU_SHY_02,2023-07-03 11:00:00+00:00,0.0,0.0,0.019,0.081,15.8,19,622.7,13.3
KRU_SHY_02,2023-07-03 12:00:00+00:00,0.0,0.0,0.018,0.08,15.4,21,622.1,12.3
KRU_SHY_02,2023-07-03 13:00:00+00:00,0.0,0.0,0.018,0.08,14.5,23,621.6,7.9
KRU_SHY_02,2023-07-03 14:00:00+00:00,0.0,0.0,0.018,0.08,13.5,23,620.8,3.2
KRU_SHY_02,2023-07-03 15:00:00+00:00,0.0,0.0,0.018,0.08,12.4,26,620.7,2.7
KRU_SHY_02,2023-07-03 16:00:00+00:00,0.0,0.0,0.018,0.08,11.5,30,620.6,4.5
KRU_SHY_02,2023-07-03 17:00:00+00:00,0.0,0.0,0.018,0.08,10.9,31,620.4,4.9
KRU_SHY_02,2023-07-03 18:00:00+00:00,0.0,0.0,0.018,0.08,10.4,32,619.9,6.4
KRU_SHY_02,2023-07-03 19:00:00+00:00,0.0,0.0,0.018,0.08,9.5,36,619.2,3.0
KRU_SHY_02,2023-07-03 20:00:00+00:00,0.0,0.0,0.018,0.08,8.5,40,618.5,3.2
KRU_SHY_02,2023-07-03 21:00:00+00:00,0.0,0.0,0.018,0.08,7.2,44,617.2,3.8
KRU_SHY_02,2023-07-03 22:00:00+00:00,0.0,0.0,0.018,0.08,6.3,47,616.3,5.8
KRU_SHY_02,2023-07-03 23:00:00+00:00,0.0,0.0,0.018,0.08,5.6,50,615.7,5.5
KRU_SHY_02,2023-07-04 00:00:00+00:00,0.0,0.0,0.017,0.078,7.0,46,616.9,4.8
KRU_SHY_02,2023-07-04 01:00:00+00:00,0.0,0.0,0.017,0.078,7.7,44,617.9,2.2
KRU_SHY_02,2023-07-04 02:00:00+00:00,0.0,0.0,0.017,0.078,8.7,44,619.0,3.8
KRU_SHY_02,2023-07-04 03:00:00+00:00,0.0,0.0,0.017,0.078,9.9,39,620.1,7.9
KRU_SHY_02,2023-07-04 04:00:00+00:00,0.0,0.0,0.017,0.078,11.2,33,621.0,10.5
KRU_SHY_02,2023-07-04 05:00:00+00:00,0.0,0.0,0.017,0.078,12.3,30,621.7,11.5
KRU_SHY_02,2023-07-04 06:00:00+00:00,0.0,0.0,0.017,0.078,12.7,29,621.7,11.0
KRU_SHY_02,2023-07-04 07:00:00+00:00,0.0,0.0,0.017,0.078,13.4,28,621.8,11.4
KRU_SHY_02,2023-07-04 08:00:00+00:00,0.0,0.0,0.017,0.078,13.4,30,621.4,10.8
KRU_SHY_02,2023-07-04 09:00:00+00:00,0.0,0.0,0.017,0.078,14.1,29,621.1,10.0
KRU_SHY_02,2023-07-04 10:00:00+00:00,0.0,0.0,0.017,0.078,14.7,28,620.6,11.8
KRU_SHY_02,2023-07-04 11:00:00+00:00,0.0,0.0,0.017,0.078,14.8,29,620.2,13.0
KRU_SHY_02,2023-07-04 12:00:00+00:00,0.0,0.0,0.018,0.079,13.6,31,619.0,8.0
KRU_SHY_02,2023-07-04 13:00:00+00:00,0.0,0.0,0.018,0.079,12.8,32,618.8,9.5
KRU_SHY_02,2023-07-04 14:00:00+00:00,0.0,0.0,0.018,0.079,11.4,38,618.0,7.6
KRU_SHY_02,2023-07-04 15:00:00+00:00,0.0,0.0,0.018,0.079,10.6,42,617.9,5.4
KRU_SHY_02,2023-07-04 16:00:00+00:00,0.0,0.0,0.018,0.079,10.2,44,618.1,6.6
KRU_SHY_02,2023-07-04 17:00:00+00:00,0.0,0.0,0.018,0.079,9.8,44,618.2,6.4
KRU_SHY_02,2023-07-04 18:00:00+00:00,0.0,0.0,0.018,0.079,9.4,45,618.0,7.0
KRU_SHY_02,2023-07-04 19:00:00+00:00,0.0,0.0,0.018,0.079,8.7,48,617.5,6.9
KRU_SHY_02,2023-07-04 20:00:00+00:00,0.0,0.0,0.018,0.079,8.3,49,616.9,6.9
KRU_SHY_02,2023-07-04 21:00:00+00:00,0.0,0.0,0.018,0.079,7.9,51,616.5,7.6
KRU_SHY_02,2023-07-04 22:00:00+00:00,0.0,0.0,0.018,0.079,6.9,55,615.7,6.1
KRU_SHY_02,2023-07-04 23:00:00+00:00,0.0,0.0,0.018,0.079,6.3,58,615.5,6.0
KRU_SHY_02,2023-07-05 00:00:00+00:00,0.0,0.0,0.017,0.076,6.2,60,616.0,2.2
KRU_SHY_02,2023-07-05 01:00:00+00:00,0.0,0.0,0.017,0.076,6.2,58,616.5,6.0
KRU_SHY_02,2023-07-05 02:00:00+00:00,0.0,0.0,0.017,0.076,5.9,59,616.7,6.5
KRU_SHY_02,2023-07-05 03:00:00+00:00,0.0,0.0,0.017,0.076,6.8,54,617.2,8.3
KRU_SHY_02,2023-07-05 04:00:00+00:00,0.1,0.1,0.018,0.076,6.4,56,617.2,6.6
KRU_SHY_02,2023-07-05 05:00:00+00:00,0.3,0.2,0.021,0.076,6.8,56,617.3,3.5
KRU_SHY_02,2023-07-05 06:00:00+00:00,0.2,0.2,0.024,0.076,7.0,57,617.6,8.2
KRU_SHY_02,2023-07-05 07:00:00+00:00,0.2,0.2,0.027,0.076,7.0,60,617.7,8.4
KRU_SHY_02,2023-07-05 08:00:00+00:00,0.3,0.3,0.03,0.076,6.3,65,617.1,7.1
KRU_SHY_02,2023-07-05 09:00:00+00:00,0.6,0.6,0.037,0.076,6.1,69,617.0,6.4
KRU_SHY_02,2023-07-05 10:00:00+00:00,0.3,0.3,0.041,0.076,5.9,71,616.9,7.2
KRU_SHY_02,2023-07-05 11:00:00+00:00,0.3,0.3,0.045,0.076,5.8,72,616.5,4.8
KRU_SHY_02,2023-07-05 12:00:00+00:00,0.1,0.1,0.025,0.07,6.8,61,616.7,4.7
KRU_SHY_02,2023-07-05 13:00:00+00:00,0.1,0.1,0.027,0.07,6.4,64,616.9,6.0
KRU_SHY_02,2023-07-05 14:00:00+00:00,0.0,0.0,0.027,0.07,6.3,65,616.9,5.6
KRU_SHY_02,2023-07-05 15:00:00+00:00,0.0,0.0,0.027,0.07,5.6,70,616.7,4.1
KRU_SHY_02,2023-07-05 16:00:00+00:00,0.2,0.2,0.029,0.07,5.5,71,617.1,0.4
KRU_SHY_02,2023-07-05 17:00:00+00:00,0.1,0.1,0.03,0.07,5.4,72,616.9,0.5
KRU_SHY_02,2023-07-05 18:00:00+00:00,0.0,0.0,0.03,0.07,5.1,73,616.6,1.6
KRU_SHY_02,2023-07-05 19:00:00+00:00,0.0,0.0,0.03,0.07,4.8,74,616.6,1.3
KRU_SHY_02,2023-07-05 20:00:00+00:00,0.0,0.0,0.03,0.07,4.8,73,616.6,2.9
KRU_SHY_02,2023-07-05 21:00:00+00:00,0.0,0.0,0.03,0.07,4.1,79,616.2,2.7
KRU_SHY_02,2023-07-05 22:00:00+00:00,0.0,0.0,0.03,0.07,4.1,78,616.1,0.5
KRU_SHY_02,2023-07-05 23:00:00+00:00,0.0,0.0,0.03,0.07,3.3,80,615.7,0.8
KRU_SHY_02,2023-07-06 00:00:00+00:00,0.0,0.0,0.033,0.067,3.7,80,615.2,2.7
KRU_SHY_02,2023-07-06 01:00:00+00:00,0.0,0.0,0.033,0.067,3.9,71,616.3,3.2
KRU_SHY_02,2023-07-06 02:00:00+00:00,0.0,0.0,0.033,0.067,3.9,69,616.7,3.8
KRU_SHY_02,2023-07-06 03:00:00+00:00,0.1,0.0,0.034,0.067,4.3,68,617.3,4.1
KRU_SHY_02,2023-07-06 04:00:00+00:00,0.0,0.0,0.033,0.067,5.3,64,618.4,5.8
KRU_SHY_02,2023-07-06 05:00:00+00:00,0.0,0.0,0.033,0.067,6.5,58,619.3,7.1
KRU_SHY_02,2023-07-06 06:00:00+00:00,0.0,0.0,0.033,0.067,7.3,55,619.8,6.8
KRU_SHY_02,2023-07-06 07:00:00+00:00,0.0,0.0,0.032,0.067,8.9,49,620.5,8.7
KRU_SHY_02,2023-07-06 08:00:00+00:00,0.0,0.0,0.031,0.067,9.3,49,620.7,7.6
KRU_SHY_02,2023-07-06 09:00:00+00:00,0.0,0.0,0.03,0.067,9.8,49,620.5,8.3
KRU_SHY_02,2023-07-06 10:00:00+00:00,0.0,0.0,0.03,0.067,9.9,47,620.2,8.4
KRU_SHY_02,2023-07-06 11:00:00+00:00,0.0,0.0,0.03,0.067,10.1,48,619.9,10.0
KRU_SHY_02,2023-07-06 12:00:00+00:00,0.1,0.1,0.053,0.066,7.6,62,618.7,4.6
KRU_SHY_02,2023-07-06 13:00:00+00:00,0.3,0.3,0.058,0.066,6.9,67,618.8,6.9
KRU_SHY_02,2023-07-06 14:00:00+00:00,0.2,0.2,0.062,0.066,6.3,72,618.6,6.3
KRU_SHY_02,2023-07-06 15:00:00+00:00,0.2,0.2,0.065,0.066,5.8,77,618.7,6.9
KRU_SHY_02,2023-07-06 16:00:00+00:00,0.2,0.2,0.069,0.066,5.0,83,618.3,5.6
KRU_SHY_02,2023-07-06 17:00:00+00:00,0.2,0.2,0.072,0.066,4.6,88,618.1,3.8
KRU_SHY_02,2023-07-06 18:00:00+00:00,0.0,0.0,0.073,0.066,4.8,81,618.0,1.0
KRU_SHY_02,2023-07-06 19:00:00+00:00,0.0,0.0,0.074,0.066,4.0,83,617.3,2.3
KRU_SHY_02,2023-07-06 20:00:00+00:00,0.0,0.0,0.074,0.066,4.2,79,617.2,3.4
KRU_SHY_02,2023-07-06 21:00:00+00:00,0.0,0.0,0.074,0.066,3.7,77,616.7,2.9
KRU_SHY_02,2023-07-06 22:00:00+00:00,0.0,0.0,0.075,0.066,3.7,76,616.7,3.8
KRU_SHY_02,2023-07-06 23:00:00+00:00,0.0,0.0,0.075,0.066,3.7,75,616.6,3.0
KRU_SHY_02,2023-07-07 00:00:00+00:00,0.0,0.0,0.057,0.065,3.6,78,616.6,3.8
KRU_SHY_02,2023-07-07 01:00:00+00:00,0.0,0.0,0.057,0.065,4.0,72,617.6,1.1
KRU_SHY_02,2023-07-07 02:00:00+00:00,0.0,0.0,0.057,0.065,5.1,61,618.5,2.5
KRU_SHY_02,2023-07-07 03:00:00+00:00,0.0,0.0,0.056,0.065,5.9,58,619.0,7.2
KRU_SHY_02,2023-07-07 04:00:00+00:00,0.0,0.0,0.056,0.065,7.1,54,619.5,7.9
KRU_SHY_02,2023-07-07 05:00:00+00:00,0.0,0.0,0.055,0.065,8.0,52,620.1,7.9
KRU_SHY_02,2023-07-07 06:00:00+00:00,0.0,0.0,0.054,0.065,9.3,47,620.6,7.2
KRU_SHY_02,2023-07-07 07:00:00+00:00,0.0,0.0,0.052,0.065,10.6,43,620.8,7.1
KRU_SHY_02,2023-07-07 08:00:00+00:00,0.0,0.0,0.051,0.065,11.6,41,621.0,9.0
KRU_SHY_02,2023-07-07 09:00:00+00:00,0.0,0.0,0.05,0.065,11.4,43,620.5,8.4
KRU_SHY_02,2023-07-07 10:00:00+00:00,0.0,0.0,0.049,0.065,11.0,48,620.2,8.7
KRU_SHY_02,2023-07-07 11:00:00+00:00,0.0,0.0,0.049,0.065,9.9,56,619.7,10.1
KRU_SHY_02,2023-07-07 12:00:00+00:00,0.0,0.0,0.047,0.065,10.5,45,620.2,6.5
KRU_SHY_02,2023-07-07 13:00:00+00:00,0.0,0.0,0.047,0.065,9.8,49,619.9,6.1
KRU_SHY_02,2023-07-07 14:00:00+00:00,0.0,0.0,0.047,0.065,8.4,55,619.2,7.3
KRU_SHY_02,2023-07-07 15:00:00+00:00,0.0,0.0,0.047,0.065,6.7,63,619.1,2.9
KRU_SHY_02,2023-07-07 16:00:00+00:00,0.0,0.0,0.047,0.065,5.8,69,619.3,4.1
KRU_SHY_02,2023-07-07 17:00:00+00:00,0.0,0.0,0.047,0.065,5.3,67,619.5,5.8
KRU_SHY_02,2023-07-07 18:00:00+00:00,0.0,0.0,0.047,0.065,5.3,64,619.6,2.6
KRU_SHY_02,2023-07-07 19:00:00+00:00,0.0,0.0,0.047,0.065,5.0,63,618.8,4.6
KRU_SHY_02,2023-07-07 20:00:00+00:00,0.0,0.0,0.047,0.065,4.8,62,618.4,5.2
KRU_SHY_02,2023-07-07 21:00:00+00:00,0.0,0.0,0.047,0.065,5.1,59,618.5,1.1
KRU_SHY_02,2023-07-07 22:00:00+00:00,0.0,0.0,0.047,0.065,3.7,70,616.9,6.6
KRU_SHY_02,2023-07-07 23:00:00+00:00,0.0,0.0,0.047,0.065,4.9,57,618.3,1.6
KRU_SHY_02,2023-07-08 00:00:00+00:00,0.0,0.0,0.047,0.064,5.6,61,617.4,3.4
KRU_SHY_02,2023-07-08 01:00:00+00:00,0.0,0.0,0.047,0.064,5.7,57,618.5,1.5
KRU_SHY_02,2023-07-08 02:00:00+00:00,0.0,0.0,0.047,0.064,5.9,53,619.0,1.1
KRU_SHY_02,2023-07-08 03:00:00+00:00,0.0,0.0,0.047,0.064,6.2,54,619.7,5.9
KRU_SHY_02,2023-07-08 04:00:00+00:00,0.0,0.0,0.047,0.064,6.8,55,620.0,4.9
KRU_SHY_02,2023-07-08 05:00:00+00:00,0.0,0.0,0.046,0.064,8.4,50,620.9,7.6
KRU_SHY_02,2023-07-08 06:00:00+00:00,0.0,0.0,0.045,0.064,10.1,43,621.8,7.4
KRU_SHY_02,2023-07-08 07:00:00+00:00,0.0,0.0,0.044,0.064,10.1,43,621.3,4.6
KRU_SHY_02,2023-07-08 08:00:00+00:00,0.0,0.0,0.043,0.064,10.2,46,620.9,8.0
KRU_SHY_02,2023-07-08 09:00:00+00:00,0.1,0.1,0.044,0.064,9.0,54,620.1,5.8
KRU_SHY_02,2023-07-08 10:00:00+00:00,0.2,0.2,0.047,0.064,8.5,58,619.8,4.7
KRU_SHY_02,2023-07-08 11:00:00+00:00,0.4,0.4,0.051,0.064,7.9,61,619.4,1.3
KRU_SHY_02,2023-07-08 12:00:00+00:00,0.7,0.7,0.086,0.062,4.2,87,617.8,2.9
KRU_SHY_02,2023-07-08 13:00:00+00:00,1.2,0.7,0.095,0.062,3.9,88,617.8,3.9
KRU_SHY_02,2023-07-08 14:00:00+00:00,1.2,0.8,0.105,0.062,3.6,91,617.6,3.3
KRU_SHY_02,2023-07-08 15:00:00+00:00,1.3,0.8,0.116,0.062,3.0,98,617.5,4.0
KRU_SHY_02,2023-07-08 16:00:00+00:00,1.3,0.7,0.126,0.062,2.7,97,617.6,4.4
KRU_SHY_02,2023-07-08 17:00:00+00:00,1.1,0.6,0.135,0.062,2.8,97,617.4,3.7
KRU_SHY_02,2023-07-08 18:00:00+00:00,1.0,0.5,0.143,0.062,2.9,96,617.1,3.4
KRU_SHY_02,2023-07-08 19:00:00+00:00,0.8,0.4,0.15,0.062,2.9,97,616.5,1.3
KRU_SHY_02,2023-07-08 20:00:00+00:00,0.6,0.3,0.155,0.062,2.6,97,615.9,1.1
KRU_SHY_02,2023-07-08 21:00:00+00:00,0.5,0.2,0.16,0.062,2.5,96,615.4,0.0
KRU_SHY_02,2023-07-08 22:00:00+00:00,0.7,0.2,0.164,0.062,2.3,95,615.0,0.4
KRU_SHY_02,2023-07-08 23:00:00+00:00,0.5,0.2,0.169,0.062,2.2,98,614.8,1.5
KRU_SHY_02,2023-07-09 00:00:00+00:00,0.6,0.2,0.179,0.061,2.5,95,614.7,2.4
KRU_SHY_02,2023-07-09 01:00:00+00:00,0.3,0.3,0.184,0.061,2.6,91,615.1,4.0
KRU_SHY_02,2023-07-09 02:00:00+00:00,0.6,0.3,0.19,0.061,2.4,98,615.2,1.6
KRU_SHY_02,2023-07-09 03:00:00+00:00,0.8,0.3,0.196,0.061,2.6,97,615.6,1.8
KRU_SHY_02,2023-07-09 04:00:00+00:00,0.7,0.3,0.204,0.061,2.4,97,616.3,2.5
KRU_SHY_02,2023-07-09 05:00:00+00:00,0.9,0.3,0.21,0.061,2.5,96,616.6,1.9
KRU_SHY_02,2023-07-09 06:00:00+00:00,1.2,0.3,0.218,0.061,2.0,98,615.5,3.0
KRU_SHY_02,2023-07-09 07:00:00+00:00,1.0,0.4,0.228,0.061,2.6,100,616.0,1.6
KRU_SHY_02,2023-07-09 08:00:00+00:00,1.3,0.4,0.238,0.061,2.3,99,616.2,1.8
KRU_SHY_02,2023-07-09 09:00:00+00:00,1.2,0.4,0.247,0.062,2.2,99,616.0,2.3
KRU_SHY_02,2023-07-09 10:00:00+00:00,1.1,0.4,0.257,0.062,1.8,100,615.9,2.6
KRU_SHY_02,2023-07-09 11:00:00+00:00,1.4,0.3,0.265,0.062,1.4,100,615.7,3.5
KRU_SHY_02,2023-07-09 12:00:00+00:00,1.2,0.2,0.259,0.062,2.2,91,617.1,4.0
KRU_SHY_02,2023-07-09 13:00:00+00:00,0.5,0.1,0.264,0.062,2.0,88,616.6,8.6
KRU_SHY_02,2023-07-09 14:00:00+00:00,0.4,0.2,0.268,0.063,1.8,88,616.4,7.3
KRU_SHY_02,2023-07-09 15:00:00+00:00,0.3,0.1,0.27,0.063,1.8,88,616.3,7.1
KRU_SHY_02,2023-07-09 16:00:00+00:00,0.1,0.1,0.273,0.064,1.8,89,616.2,6.0
KRU_SHY_02,2023-07-09 17:00:00+00:00,0.1,0.1,0.275,0.064,1.7,88,616.2,5.8
KRU_SHY_02,2023-07-09 18:00:00+00:00,0.1,0.1,0.277,0.064,2.0,88,616.2,5.2
KRU_SHY_02,2023-07-09 19:00:00+00:00,0.1,0.1,0.278,0.065,3.1,79,617.6,2.8
KRU_SHY_02,2023-07-09 20:00:00+00:00,0.2,0.2,0.28,0.066,1.7,89,615.8,5.8
KRU_SHY_02,2023-07-09 21:00:00+00:00,0.2,0.1,0.281,0.066,1.5,89,615.2,7.9
KRU_SHY_02,2023-07-09 22:00:00+00:00,0.3,0.1,0.283,0.067,1.5,90,615.0,6.6
KRU_SHY_02,2023-07-09 23:00:00+00:00,0.4,0.1,0.284,0.067,1.8,88,615.4,7.6
KRU_SHY_02,2023-07-10 00:00:00+00:00,0.3,0.1,0.293,0.069,1.8,89,614.7,6.5
KRU_SHY_02,2023-07-10 01:00:00+00:00,0.2,0.1,0.295,0.069,2.2,87,615.7,7.8
KRU_SHY_02,2023-07-10 02:00:00+00:00,0.2,0.1,0.297,0.07,2.5,84,616.2,9.3
KRU_SHY_02,2023-07-10 03:00:00+00:00,0.2,0.1,0.3,0.071,2.7,83,616.1,9.8
KRU_SHY_02,2023-07-10 04:00:00+00:00,0.2,0.1,0.306,0.072,2.7,85,616.2,7.2
KRU_SHY_02,2023-07-10 05:00:00+00:00,0.4,0.2,0.311,0.073,2.4,85,616.8,7.3
KRU_SHY_02,2023-07-10 06:00:00+00:00,0.7,0.1,0.316,0.074,2.3,88,616.9,6.2
KRU_SHY_02,2023-07-10 07:00:00+00:00,0.6,0.1,0.323,0.075,2.5,88,617.0,6.6
KRU_SHY_02,2023-07-10 08:00:00+00:00,0.4,0.2,0.331,0.077,3.1,86,617.2,3.4
KRU_SHY_02,2023-07-10 09:00:00+00:00,0.3,0.3,0.339,0.078,3.6,82,617.8,3.1
KRU_SHY_02,2023-07-10 10:00:00+00:00,0.1,0.1,0.342,0.08,4.0,77,618.1,3.2
KRU_SHY_02,2023-07-10 11:00:00+00:00,0.1,0.1,0.343,0.082,3.2,80,616.9,4.2
KRU_SHY_02,2023-07-10 12:00:00+00:00,0.1,0.1,0.342,0.085,4.2,77,617.8,5.9
KRU_SHY_02,2023-07-10 13:00:00+00:00,0.1,0.1,0.34,0.087,4.8,73,618.3,7.8
KRU_SHY_02,2023-07-10 14:00:00+00:00,0.1,0.1,0.338,0.089,4.8,72,618.3,7.0
KRU_SHY_02,2023-07-10 15:00:00+00:00,0.0,0.0,0.335,0.091,4.9,58,618.9,1.1
KRU_SHY_02,2023-07-10 16:00:00+00:00,0.0,0.0,0.332,0.093,4.2,69,618.1,10.0
KRU_SHY_02,2023-07-10 17:00:00+00:00,0.0,0.0,0.33,0.094,4.2,71,617.6,7.4
KRU_SHY_02,2023-07-10 18:00:00+00:00,0.0,0.0,0.327,0.096,4.1,74,617.0,4.1
KRU_SHY_02,2023-07-10 19:00:00+00:00,0.0,0.0,0.324,0.097,5.7,54,618.4,0.8
KRU_SHY_02,2023-07-10 20:00:00+00:00,0.0,0.0,0.321,0.098,5.1,54,617.9,2.6
KRU_SHY_02,2023-07-10 21:00:00+00:00,0.0,0.0,0.318,0.099,2.6,70,614.7,6.6
KRU_SHY_02,2023-07-10 22:00:00+00:00,0.0,0.0,0.314,0.1,5.1,51,617.5,2.5
KRU_SHY_02,2023-07-10 23:00:00+00:00,0.0,0.0,0.312,0.101,1.3,68,613.5,8.7
KRU_SHY_02,2023-07-11 00:00:00+00:00,0.0,0.0,0.309,0.102,1.7,58,614.6,5.9
KRU_SHY_02,2023-07-11 01:00:00+00:00,0.0,0.0,0.307,0.103,2.9,62,616.5,6.5
KRU_SHY_02,2023-07-11 02:00:00+00:00,0.0,0.0,0.304,0.104,3.9,50,618.4,3.4
KRU_SHY_02,2023-07-11 03:00:00+00:00,0.0,0.0,0.3,0.105,4.7,55,618.8,6.0
KRU_SHY_02,2023-07-11 04:00:00+00:00,0.0,0.0,0.299,0.105,5.4,59,619.5,3.9
KRU_SHY_02,2023-07-11 05:00:00+00:00,0.0,0.0,0.299,0.106,6.2,67,619.9,4.5
KRU_SHY_02,2023-07-11 06:00:00+00:00,0.0,0.0,0.3,0.107,7.2,64,620.4,6.8
KRU_SHY_02,2023-07-11 07:00:00+00:00,0.0,0.0,0.299,0.107,8.4,58,620.9,5.4
KRU_SHY_02,2023-07-11 08:00:00+00:00,0.0,0.0,0.298,0.108,9.7,53,621.2,0.8
KRU_SHY_02,2023-07-11 09:00:00+00:00,0.0,0.0,0.296,0.109,10.0,52,621.0,5.5
KRU_SHY_02,2023-07-11 10:00:00+00:00,0.0,0.0,0.293,0.109,10.1,47,620.9,6.8
KRU_SHY_02,2023-07-11 11:00:00+00:00,0.0,0.0,0.291,0.11,9.8,48,620.2,4.9
KRU_SHY_02,2023-07-11 12:00:00+00:00,0.0,0.0,0.289,0.111,9.4,51,620.1,4.1
KRU_SHY_02,2023-07-11 13:00:00+00:00,0.0,0.0,0.288,0.111,8.6,52,619.4,9.8
KRU_SHY_02,2023-07-11 14:00:00+00:00,0.0,0.0,0.287,0.112,7.3,61,618.6,3.6
KRU_SHY_02,2023-07-11 15:00:00+00:00,0.0,0.0,0.286,0.112,7.5,38,619.6,2.3
KRU_SHY_02,2023-07-11 16:00:00+00:00,0.0,0.0,0.285,0.113,7.0,38,619.8,1.9
KRU_SHY_02,2023-07-11 17:00:00+00:00,0.0,0.0,0.284,0.113,6.4,40,619.5,3.3
KRU_SHY_02,2023-07-11 18:00:00+00:00,0.0,0.0,0.283,0.113,4.1,54,617.2,4.7
KRU_SHY_02,2023-07-11 19:00:00+00:00,0.0,0.0,0.282,0.114,4.1,52,617.3,4.6
KRU_SHY_02,2023-07-11 20:00:00+00:00,0.0,0.0,0.281,0.114,3.7,54,617.0,4.7
KRU_SHY_02,2023-07-11 21:00:00+00:00,0.0,0.0,0.279,0.115,3.0,58,616.3,5.2
KRU_SHY_02,2023-07-11 22:00:00+00:00,0.0,0.0,0.278,0.115,4.5,49,618.1,3.1
KRU_SHY_02,2023-07-11 23:00:00+00:00,0.0,0.0,0.277,0.115,3.8,52,617.5,3.6
KRU_SHY_02,2023-07-12 00:00:00+00:00,0.0,0.0,0.276,0.116,2.0,64,615.6,5.8
KRU_SHY_02,2023-07-12 01:00:00+00:00,0.0,0.0,0.275,0.116,3.7,55,617.8,0.4
KRU_SHY_02,2023-07-12 02:00:00+00:00,0.0,0.0,0.273,0.117,3.8,66,618.9,3.8
KRU_SHY_02,2023-07-12 03:00:00+00:00,0.0,0.0,0.271,0.117,4.6,66,619.9,4.1
KRU_SHY_02,2023-07-12 04:00:00+00:00,0.0,0.0,0.269,0.117,5.5,65,620.7,2.2
KRU_SHY_02,2023-07-12 05:00:00+00:00,0.0,0.0,0.265,0.118,6.8,63,621.1,3.3
KRU_SHY_02,2023-07-12 06:00:00+00:00,0.1,0.1,0.26,0.118,8.1,61,621.5,5.8
KRU_SHY_02,2023-07-12 07:00:00+00:00,0.3,0.3,0.258,0.118,8.9,55,621.7,6.4
KRU_SHY_02,2023-07-12 08:00:00+00:00,0.2,0.2,0.255,0.118,9.1,55,621.5,6.4
KRU_SHY_02,2023-07-12 09:00:00+00:00,0.0,0.0,0.249,0.118,9.9,51,621.6,7.7
KRU_SHY_02,2023-07-12 10:00:00+00:00,0.0,0.0,0.245,0.119,9.9,51,621.4,7.3
KRU_SHY_02,2023-07-12 11:00:00+00:00,0.2,0.2,0.243,0.119,9.5,52,621.2,6.1
KRU_SHY_02,2023-07-12 12:00:00+00:00,0.1,0.1,0.24,0.122,9.6,53,621.2,4.3
KRU_SHY_02,2023-07-12 13:00:00+00:00,0.0,0.0,0.238,0.122,9.2,55,621.0,1.8
KRU_SHY_02,2023-07-12 14:00:00+00:00,0.0,0.0,0.237,0.122,8.5,57,620.5,1.1
KRU_SHY_02,2023-07-12 15:00:00+00:00,0.0,0.0,0.237,0.122,6.7,76,619.2,4.2
KRU_SHY_02,2023-07-12 16:00:00+00:00,0.0,0.0,0.236,0.122,6.2,72,619.3,5.9
KRU_SHY_02,2023-07-12 17:00:00+00:00,0.0,0.0,0.236,0.122,5.0,72,618.5,6.8
KRU_SHY_02,2023-07-12 18:00:00+00:00,0.0,0.0,0.236,0.123,4.8,70,618.6,6.9
KRU_SHY_02,2023-07-12 19:00:00+00:00,0.0,0.0,0.235,0.123,4.3,70,618.3,6.9
KRU_SHY_02,2023-07-12 20:00:00+00:00,0.0,0.0,0.235,0.123,4.2,71,618.1,7.0
KRU_SHY_02,2023-07-12 21:00:00+00:00,0.0,0.0,0.234,0.123,4.4,72,618.2,6.4
KRU_SHY_02,2023-07-12 22:00:00+00:00,0.0,0.0,0.234,0.123,4.3,74,618.1,5.6
KRU_SHY_02,2023-07-12 23:00:00+00:00,0.0,0.0,0.234,0.123,3.7,74,617.5,6.1
KRU_SHY_02,2023-07-13 00:00:00+00:00,0.0,0.0,0.229,0.12,4.2,74,617.9,10.2
KRU_SHY_02,2023-07-13 01:00:00+00:00,0.0,0.0,0.228,0.12,4.5,76,618.4,8.9
KRU_SHY_02,2023-07-13 02:00:00+00:00,0.0,0.0,0.227,0.12,5.5,88,619.9,4.4
KRU_SHY_02,2023-07-13 03:00:00+00:00,0.0,0.0,0.226,0.12,7.3,58,621.8,1.0
KRU_SHY_02,2023-07-13 04:00:00+00:00,0.0,0.0,0.222,0.12,8.4,54,622.6,1.5
KRU_SHY_02,2023-07-13 05:00:00+00:00,0.0,0.0,0.217,0.12,9.3,52,623.0,2.1
KRU_SHY_02,2023-07-13 06:00:00+00:00,0.0,0.0,0.211,0.121,10.3,50,623.5,3.5
KRU_SHY_02,2023-07-13 07:00:00+00:00,0.0,0.0,0.205,0.121,11.2,47,623.6,3.7
KRU_SHY_02,2023-07-13 08:00:00+00:00,0.0,0.0,0.198,0.121,11.8,44,623.6,3.3
KRU_SHY_02,2023-07-13 09:00:00+00:00,0.0,0.0,0.192,0.121,12.5,41,623.5,4.8
KRU_SHY_02,2023-07-13 10:00:00+00:00,0.0,0.0,0.186,0.121,12.6,41,623.1,5.1
KRU_SHY_02,2023-07-13 11:00:00+00:00,0.0,0.0,0.181,0.121,12.7,38,623.0,5.4
KRU_SHY_02,2023-07-13 12:00:00+00:00,0.0,0.0,0.178,0.118,12.7,35,623.0,6.3
KRU_SHY_02,2023-07-13 13:00:00+00:00,0.0,0.0,0.177,0.118,12.3,36,622.7,5.4
KRU_SHY_02,2023-07-13 14:00:00+00:00,0.0,0.0,0.176,0.118,10.7,60,621.5,3.3
KRU_SHY_02,2023-07-13 15:00:00+00:00,0.0,0.0,0.176,0.118,10.0,45,621.5,1.5
KRU_SHY_02,2023-07-13 16:00:00+00:00,0.0,0.0,0.176,0.118,7.7,70,619.7,4.5
KRU_SHY_02,2023-07-13 17:00:00+00:00,0.0,0.0,0.176,0.118,6.9,64,619.1,7.2
KRU_SHY_02,2023-07-13 18:00:00+00:00,0.0,0.0,0.175,0.118,6.2,60,618.7,9.9
KRU_SHY_02,2023-07-13 19:00:00+00:00,0.0,0.0,0.175,0.118,5.5,59,618.2,10.5
KRU_SHY_02,2023-07-13 20:00:00+00:00,0.0,0.0,0.175,0.118,5.1,61,617.7,10.2
KRU_SHY_02,2023-07-13 21:00:00+00:00,0.0,0.0,0.175,0.118,4.5,63,617.2,9.2
KRU_SHY_02,2023-07-13 22:00:00+00:00,0.0,0.0,0.175,0.119,3.9,65,616.5,8.2
KRU_SHY_02,2023-07-13 23:00:00+00:00,0.0,0.0,0.175,0.119,3.6,64,616.3,7.1
KRU_SHY_02,2023-07-14 00:00:00+00:00,0.0,0.0,0.171,0.116,3.7,61,615.7,12.5
KRU_SHY_02,2023-07-14 01:00:00+00:00,0.0,0.0,0.171,0.116,6.5,56,618.9,10.9
KRU_SHY_02,2023-07-14 02:00:00+00:00,0.0,0.0,0.17,0.116,9.4,41,622.1,2.6
KRU_SHY_02,2023-07-14 03:00:00+00:00,0.0,0.0,0.169,0.116,10.4,38,623.1,1.9
KRU_SHY_02,2023-07-14 04:00:00+00:00,0.0,0.0,0.166,0.116,11.5,38,623.7,2.9
KRU_SHY_02,2023-07-14 05:00:00+00:00,0.0,0.0,0.161,0.116,12.6,39,624.4,4.0
KRU_SHY_02,2023-07-14 06:00:00+00:00,0.0,0.0,0.155,0.116,13.7,39,625.0,4.3
KRU_SHY_02,2023-07-14 07:00:00+00:00,0.0,0.0,0.149,0.116,14.9,37,625.1,4.7
KRU_SHY_02,2023-07-14 08:00:00+00:00,0.0,0.0,0.142,0.116,15.7,34,624.9,7.2
KRU_SHY_02,2023-07-14 09:00:00+00:00,0.0,0.0,0.137,0.116,16.0,33,624.4,8.8
KRU_SHY_02,2023-07-14 10:00:00+00:00,0.0,0.0,0.132,0.116,15.9,35,623.9,9.2
KRU_SHY_02,2023-07-14 11:00:00+00:00,0.0,0.0,0.128,0.116,15.2,38,623.3,7.2
KRU_SHY_02,2023-07-14 12:00:00+00:00,0.0,0.0,0.123,0.114,15.2,37,623.1,4.8
KRU_SHY_02,2023-07-14 13:00:00+00:00,0.0,0.0,0.121,0.114,14.6,39,622.7,5.7
KRU_SHY_02,2023-07-14 14:00:00+00:00,0.0,0.0,0.121,0.114,13.0,59,621.5,3.3
KRU_SHY_02,2023-07-14 15:00:00+00:00,0.0,0.0,0.121,0.114,13.0,41,622.2,1.9
KRU_SHY_02,2023-07-14 16:00:00+00:00,0.0,0.0,0.12,0.114,10.3,67,620.2,5.0
KRU_SHY_02,2023-07-14 17:00:00+00:00,0.0,0.0,0.12,0.114,10.2,64,620.3,6.1
KRU_SHY_02,2023-07-14 18:00:00+00:00,0.0,0.0,0.12,0.114,9.4,65,619.8,4.9
KRU_SHY_02,2023-07-14 19:00:00+00:00,0.0,0.0,0.12,0.114,8.8,66,619.2,5.4
KRU_SHY_02,2023-07-14 20:00:00+00:00,0.0,0.0,0.12,0.114,9.1,58,619.4,4.6
KRU_SHY_02,2023-07-14 21:00:00+00:00,0.0,0.0,0.12,0.114,8.8,57,619.0,4.6
KRU_SHY_02,2023-07-14 22:00:00+00:00,0.0,0.0,0.12,0.114,8.5,54,618.7,4.9
KRU_SHY_02,2023-07-14 23:00:00+00:00,0.0,0.0,0.12,0.114,9.0,48,619.3,4.1
KRU_SHY_02,2023-07-15 00:00:00+00:00,0.0,0.0,0.116,0.11,7.9,62,618.3,6.6
KRU_SHY_02,2023-07-15 01:00:00+00:00,0.0,0.0,0.116,0.11,9.5,61,619.9,4.8
KRU_SHY_02,2023-07-15 02:00:00+00:00,0.0,0.0,0.115,0.11,11.0,48,621.6,2.3
KRU_SHY_02,2023-07-15 03:00:00+00:00,0.0,0.0,0.114,0.11,12.2,44,622.7,2.2
KRU_SHY_02,2023-07-15 04:00:00+00:00,0.0,0.0,0.111,0.11,13.4,43,623.5,4.3
KRU_SHY_02,2023-07-15 05:00:00+00:00,0.0,0.0,0.108,0.11,14.1,43,623.8,7.6
KRU_SHY_02,2023-07-15 06:00:00+00:00,0.0,0.0,0.105,0.11,15.1,41,624.3,6.1
KRU_SHY_02,2023-07-15 07:00:00+00:00,0.0,0.0,0.101,0.11,15.6,40,624.2,6.7
KRU_SHY_02,2023-07-15 08:00:00+00:00,0.0,0.0,0.096,0.11,15.1,43,623.4,6.6
KRU_SHY_02,2023-07-15 09:00:00+00:00,0.0,0.0,0.093,0.11,15.2,42,623.3,8.9
KRU_SHY_02,2023-07-15 10:00:00+00:00,0.0,0.0,0.089,0.11,16.0,39,623.0,8.7
KRU_SHY_02,2023-07-15 11:00:00+00:00,0.0,0.0,0.086,0.11,15.1,42,622.5,6.0
KRU_SHY_02,2023-07-15 12:00:00+00:00,0.0,0.0,0.083,0.109,14.3,49,622.4,6.9
KRU_SHY_02,2023-07-15 13:00:00+00:00,0.0,0.0,0.082,0.109,13.2,57,622.1,5.6
KRU_SHY_02,2023-07-15 14:00:00+00:00,0.0,0.0,0.082,0.109,11.7,64,621.4,4.8
KRU_SHY_02,2023-07-15 15:00:00+00:00,0.0,0.0,0.081,0.109,11.5,68,621.5,2.9
KRU_SHY_02,2023-07-15 16:00:00+00:00,0.0,0.0,0.081,0.109,10.9,68,621.7,1.5
KRU_SHY_02,2023-07-15 17:00:00+00:00,1.6,1.6,0.102,0.109,9.6,75,621.1,7.7
KRU_SHY_02,2023-07-15 18:00:00+00:00,0.0,0.0,0.102,0.109,9.2,75,620.0,7.6
KRU_SHY_02,2023-07-15 19:00:00+00:00,0.1,0.1,0.103,0.109,10.5,62,621.3,3.4
KRU_SHY_02,2023-07-15 20:00:00+00:00,1.7,1.7,0.124,0.109,9.1,71,620.3,1.9
KRU_SHY_02,2023-07-15 21:00:00+00:00,0.4,0.4,0.13,0.109,6.2,84,617.3,6.4
KRU_SHY_02,2023-07-15 22:00:00+00:00,0.0,0.0,0.13,0.109,9.1,67,620.1,2.6
KRU_SHY_02,2023-07-15 23:00:00+00:00,0.0,0.0,0.13,0.109,8.0,72,619.9,1.8
KRU_SHY_02,2023-07-16 00:00:00+00:00,0.0,0.0,0.087,0.109,9.8,60,620.2,2.9
KRU_SHY_02,2023-07-16 01:00:00+00:00,0.0,0.0,0.087,0.109,8.8,77,619.9,1.3
KRU_SHY_02,2023-07-16 02:00:00+00:00,0.0,0.0,0.086,0.109,9.5,66,621.2,1.3
KRU_SHY_02,2023-07-16 03:00:00+00:00,0.0,0.0,0.085,0.109,10.7,64,622.1,3.1
KRU_SHY_02,2023-07-16 04:00:00+00:00,0.0,0.0,0.083,0.109,11.9,64,622.9,5.2
KRU_SHY_02,2023-07-16 05:00:00+00:00,0.3,0.3,0.085,0.109,12.9,58,623.4,7.9
KRU_SHY_02,2023-07-16 06:00:00+00:00,0.0,0.0,0.082,0.109,12.4,65,622.8,9.8
KRU_SHY_02,2023-07-16 07:00:00+00:00,0.0,0.0,0.081,0.109,11.6,71,622.3,6.8
KRU_SHY_02,2023-07-16 08:00:00+00:00,0.1,0.1,0.08,0.109,12.1,68,622.1,6.6
KRU_SHY_02,2023-07-16 09:00:00+00:00,0.0,0.0,0.079,0.109,12.2,66,622.1,8.2
KRU_SHY_02,2023-07-16 10:00:00+00:00,0.2,0.2,0.08,0.109,11.7,60,621.7,4.5
KRU_SHY_02,2023-07-16 11:00:00+00:00,0.1,0.1,0.079,0.109,11.9,60,621.8,9.6
KRU_SHY_02,2023-07-16 12:00:00+00:00,0.3,0.3,0.068,0.109,11.4,68,622.2,7.7
KRU_SHY_02,2023-07-16 13:00:00+00:00,0.2,0.2,0.07,0.109,9.3,81,621.5,6.0
KRU_SHY_02,2023-07-16 14:00:00+00:00,0.2,0.2,0.072,0.109,9.0,83,621.3,5.0
KRU_SHY_02,2023-07-16 15:00:00+00:00,0.0,0.0,0.072,0.109,8.6,83,621.2,4.3
KRU_SHY_02,2023-07-16 16:00:00+00:00,0.0,0.0,0.071,0.109,7.8,87,620.9,2.9
KRU_SHY_02,2023-07-16 17:00:00+00:00,0.0,0.0,0.071,0.109,8.0,82,621.4,3.9
KRU_SHY_02,2023-07-16 18:00:00+00:00,0.0,0.0,0.071,0.109,7.8,81,621.4,3.6
KRU_SHY_02,2023-07-16 19:00:00+00:00,0.0,0.0,0.071,0.109,7.1,83,620.8,3.3
KRU_SHY_02,2023-07-16 20:00:00+00:00,0.0,0.0,0.071,0.109,7.4,86,620.8,2.0
KRU_SHY_02,2023-07-16 21:00:00+00:00,0.0,0.0,0.071,0.109,6.6,87,619.7,3.7
KRU_SHY_02,2023-07-16 22:00:00+00:00,0.0,0.0,0.071,0.109,6.5,86,619.8,4.0
KRU_SHY_02,2023-07-16 23:00:00+00:00,0.0,0.0,0.072,0.109,6.9,80,619.9,2.3
KRU_SHY_02,2023-07-17 00:00:00+00:00,0.0,0.0,0.073,0.109,6.1,86,619.2,4.5
KRU_SHY_02,2023-07-17 01:00:00+00:00,0.0,0.0,0.074,0.109,6.2,83,619.7,5.4
KRU_SHY_02,2023-07-17 02:00:00+00:00,0.0,0.0,0.073,0.109,7.4,75,621.2,5.5
KRU_SHY_02,2023-07-17 03:00:00+00:00,0.0,0.0,0.072,0.109,8.3,73,621.7,5.2
KRU_SHY_02,2023-07-17 04:00:00+00:00,0.0,0.0,0.071,0.109,9.6,65,622.4,7.1
KRU_SHY_02,2023-07-17 05:00:00+00:00,0.0,0.0,0.07,0.109,10.3,63,622.8,8.5
KRU_SHY_02,2023-07-17 06:00:00+00:00,0.0,0.0,0.068,0.109,11.2,61,623.3,7.9
KRU_SHY_02,2023-07-17 07:00:00+00:00,0.0,0.0,0.065,0.109,12.6,57,623.5,9.0
KRU_SHY_02,2023-07-17 08:00:00+00:00,0.1,0.1,0.063,0.109,13.2,57,623.4,7.2
KRU_SHY_02,2023-07-17 09:00:00+00:00,0.0,0.0,0.06,0.109,14.3,51,623.2,8.4
KRU_SHY_02,2023-07-17 10:00:00+00:00,0.1,0.1,0.058,0.109,14.4,51,622.7,8.8
KRU_SHY_02,2023-07-17 11:00:00+00:00,0.6,0.6,0.064,0.109,13.4,57,622.2,8.3
KRU_SHY_02,2023-07-17 12:00:00+00:00,0.1,0.1,0.059,0.108,14.4,49,622.6,7.4
KRU_SHY_02,2023-07-17 13:00:00+00:00,0.0,0.0,0.058,0.108,13.9,51,622.3,6.8
KRU_SHY_02,2023-07-17 14:00:00+00:00,0.0,0.0,0.057,0.108,12.9,56,621.9,5.3
KRU_SHY_02,2023-07-17 15:00:00+00:00,0.0,0.0,0.057,0.108,11.8,63,621.5,4.7
KRU_SHY_02,2023-07-17 16:00:00+00:00,0.0,0.0,0.057,0.108,10.7,80,621.1,2.5
KRU_SHY_02,2023-07-17 17:00:00+00:00,0.0,0.0,0.057,0.108,9.9,73,620.8,5.1
KRU_SHY_02,2023-07-17 18:00:00+00:00,0.0,0.0,0.057,0.108,9.1,76,620.4,8.2
KRU_SHY_02,2023-07-17 19:00:00+00:00,0.0,0.0,0.056,0.108,8.4,76,619.6,7.5
KRU_SHY_02,2023-07-17 20:00:00+00:00,0.0,0.0,0.056,0.108,7.1,78,618.3,8.9
KRU_SHY_02,2023-07-17 21:00:00+00:00,0.0,0.0,0.057,0.108,6.5,76,617.7,11.8
KRU_SHY_02,2023-07-17 22:00:00+00:00,0.0,0.0,0.056,0.108,6.9,71,618.3,10.6
KRU_SHY_02,2023-07-17 23:00:00+00:00,0.0,0.0,0.056,0.108,6.7,70,618.3,9.7
KRU_SHY_02,2023-07-18 00:00:00+00:00,0.0,0.0,0.057,0.107,8.5,63,619.8,4.8
KRU_SHY_02,2023-07-18 01:00:00+00:00,0.0,0.0,0.057,0.107,8.8,64,620.7,2.0
KRU_SHY_02,2023-07-18 02:00:00+00:00,0.0,0.0,0.057,0.107,10.0,58,622.3,1.1
KRU_SHY_02,2023-07-18 03:00:00+00:00,0.0,0.0,0.056,0.107,11.3,54,623.2,1.9
KRU_SHY_02,2023-07-18 04:00:00+00:00,0.0,0.0,0.055,0.107,12.8,52,623.8,4.5
KRU_SHY_02,2023-07-18 05:00:00+00:00,0.1,0.1,0.053,0.107,14.1,50,624.6,4.9
KRU_SHY_02,2023-07-18 06:00:00+00:00,0.3,0.3,0.054,0.107,15.0,46,624.8,5.6
KRU_SHY_02,2023-07-18 07:00:00+00:00,0.1,0.1,0.052,0.107,16.3,40,624.9,5.3
KRU_SHY_02,2023-07-18 08:00:00+00:00,0.0,0.0,0.049,0.107,17.3,35,624.7,5.9
KRU_SHY_02,2023-07-18 09:00:00+00:00,0.0,0.0,0.046,0.107,17.8,35,624.4,6.8
KRU_SHY_02,2023-07-18 10:00:00+00:00,0.0,0.0,0.043,0.107,18.0,35,624.1,6.5
KRU_SHY_02,2023-07-18 11:00:00+00:00,0.0,0.0,0.041,0.107,18.5,33,623.8,7.2
KRU_SHY_02,2023-07-18 12:00:00+00:00,0.0,0.0,0.043,0.107,18.0,30,623.7,6.5
KRU_SHY_02,2023-07-18 13:00:00+00:00,0.0,0.0,0.042,0.107,17.3,32,623.2,6.6
KRU_SHY_02,2023-07-18 14:00:00+00:00,0.0,0.0,0.041,0.107,16.0,37,622.7,3.6
KRU_SHY_02,2023-07-18 15:00:00+00:00,0.0,0.0,0.041,0.107,14.7,51,622.5,0.8
KRU_SHY_02,2023-07-18 16:00:00+00:00,0.0,0.0,0.041,0.107,13.7,50,622.4,1.8
KRU_SHY_02,2023-07-18 17:00:00+00:00,0.0,0.0,0.041,0.107,13.1,50,622.5,2.2
KRU_SHY_02,2023-07-18 18:00:00+00:00,0.0,0.0,0.041,0.107,12.2,54,621.9,2.7
KRU_SHY_02,2023-07-18 19:00:00+00:00,0.0,0.0,0.041,0.107,11.1,57,620.8,3.9
KRU_SHY_02,2023-07-18 20:00:00+00:00,0.0,0.0,0.041,0.107,10.3,57,619.8,4.4
KRU_SHY_02,2023-07-18 21:00:00+00:00,0.0,0.0,0.041,0.107,8.9,61,618.3,5.7
KRU_SHY_02,2023-07-18 22:00:00+00:00,0.0,0.0,0.041,0.107,8.0,63,617.5,8.0
KRU_SHY_02,2023-07-18 23:00:00+00:00,0.0,0.0,0.041,0.107,7.4,64,617.2,8.4
KRU_SHY_02,2023-07-19 00:00:00+00:00,0.0,0.0,0.039,0.107,7.1,64,616.7,11.5
KRU_SHY_02,2023-07-19 01:00:00+00:00,0.0,0.0,0.039,0.107,9.6,55,620.1,10.8
KRU_SHY_02,2023-07-19 02:00:00+00:00,0.0,0.0,0.039,0.107,12.1,46,623.0,4.1
KRU_SHY_02,2023-07-19 03:00:00+00:00,0.0,0.0,0.038,0.107,13.2,41,624.2,1.9
KRU_SHY_02,2023-07-19 04:00:00+00:00,0.0,0.0,0.037,0.107,14.6,39,625.0,2.2
KRU_SHY_02,2023-07-19 05:00:00+00:00,0.1,0.1,0.036,0.107,16.0,35,625.5,2.7
KRU_SHY_02,2023-07-19 06:00:00+00:00,0.1,0.1,0.036,0.107,17.0,33,625.5,2.7
KRU_SHY_02,2023-07-19 07:00:00+00:00,0.6,0.6,0.041,0.107,17.3,31,625.3,3.2
KRU_SHY_02,2023-07-19 08:00:00+00:00,0.0,0.0,0.039,0.107,17.7,31,625.4,3.2
KRU_SHY_02,2023-07-19 09:00:00+00:00,0.1,0.1,0.038,0.107,18.3,29,624.9,4.8
KRU_SHY_02,2023-07-19 10:00:00+00:00,0.2,0.2,0.038,0.107,18.5,29,624.5,6.6
KRU_SHY_02,2023-07-19 11:00:00+00:00,0.1,0.1,0.039,0.107,17.1,37,623.7,5.1
KRU_SHY_02,2023-07-19 12:00:00+00:00,1.2,1.2,0.025,0.105,16.6,38,624.0,8.3
KRU_SHY_02,2023-07-19 13:00:00+00:00,1.9,1.9,0.05,0.105,14.1,52,623.2,6.9
KRU_SHY_02,2023-07-19 14:00:00+00:00,0.0,0.0,0.05,0.105,14.2,49,622.9,7.9
KRU_SHY_02,2023-07-19 15:00:00+00:00,0.0,0.0,0.049,0.105,14.0,51,623.1,1.5
KRU_SHY_02,2023-07-19 16:00:00+00:00,0.0,0.0,0.049,0.105,13.3,56,623.0,2.4
KRU_SHY_02,2023-07-19 17:00:00+00:00,0.0,0.0,0.049,0.105,12.7,60,622.7,3.8
KRU_SHY_02,2023-07-19 18:00:00+00:00,0.0,0.0,0.049,0.105,11.6,74,622.0,2.7
KRU_SHY_02,2023-07-19 19:00:00+00:00,0.0,0.0,0.049,0.105,11.5,56,622.0,2.0
KRU_SHY_02,2023-07-19 20:00:00+00:00,0.0,0.0,0.049,0.105,10.0,68,620.4,3.6
KRU_SHY_02,2023-07-19 21:00:00+00:00,0.0,0.0,0.049,0.105,10.3,59,620.6,2.5
KRU_SHY_02,2023-07-19 22:00:00+00:00,0.0,0.0,0.049,0.105,10.3,60,620.6,2.6
KRU_SHY_02,2023-07-19 23:00:00+00:00,0.0,0.0,0.049,0.105,10.4,56,621.0,1.6
KRU_SHY_02,2023-07-20 00:00:00+00:00,0.0,0.0,0.083,0.105,9.0,71,619.5,5.3
KRU_SHY_02,2023-07-20 01:00:00+00:00,0.0,0.0,0.083,0.105,10.6,60,621.5,1.4
KRU_SHY_02,2023-07-20 02:00:00+00:00,0.0,0.0,0.083,0.105,11.5,56,622.8,2.8
KRU_SHY_02,2023-07-20 03:00:00+00:00,0.0,0.0,0.082,0.105,12.6,54,623.8,5.1
KRU_SHY_02,2023-07-20 04:00:00+00:00,0.0,0.0,0.08,0.105,13.9,54,624.6,6.1
KRU_SHY_02,2023-07-20 05:00:00+00:00,0.1,0.1,0.078,0.105,14.7,52,624.9,7.6
KRU_SHY_02,2023-07-20 06:00:00+00:00,0.0,0.0,0.075,0.105,16.0,48,625.2,8.1
KRU_SHY_02,2023-07-20 07:00:00+00:00,0.7,0.7,0.079,0.105,15.9,49,624.9,6.4
KRU_SHY_02,2023-07-20 08:00:00+00:00,0.5,0.5,0.081,0.105,17.5,43,624.8,6.5
KRU_SHY_02,2023-07-20 09:00:00+00:00,0.1,0.1,0.078,0.105,17.8,39,624.3,7.4
KRU_SHY_02,2023-07-20 10:00:00+00:00,0.1,0.1,0.075,0.105,17.5,39,624.0,8.7
KRU_SHY_02,2023-07-20 11:00:00+00:00,0.0,0.0,0.073,0.105,15.7,45,623.1,10.8
KRU_SHY_02,2023-07-20 12:00:00+00:00,0.0,0.0,0.076,0.104,14.9,47,623.5,9.0
KRU_SHY_02,2023-07-20 13:00:00+00:00,0.0,0.0,0.074,0.104,13.5,57,623.1,9.4
KRU_SHY_02,2023-07-20 14:00:00+00:00,0.0,0.0,0.074,0.104,11.4,73,622.5,4.7
KRU_SHY_02,2023-07-20 15:00:00+00:00,0.1,0.1,0.074,0.104,11.0,75,622.9,5.2
KRU_SHY_02,2023-07-20 16:00:00+00:00,0.0,0.0,0.074,0.104,10.6,71,622.8,5.7
KRU_SHY_02,2023-07-20 17:00:00+00:00,0.0,0.0,0.074,0.104,10.0,68,622.6,7.7
KRU_SHY_02,2023-07-20 18:00:00+00:00,0.0,0.0,0.074,0.104,10.0,69,622.4,5.6
KRU_SHY_02,2023-07-20 19:00:00+00:00,0.0,0.0,0.074,0.104,8.9,75,621.6,5.9
KRU_SHY_02,2023-07-20 20:00:00+00:00,0.0,0.0,0.073,0.104,9.0,76,621.7,4.2
KRU_SHY_02,2023-07-20 21:00:00+00:00,0.0,0.0,0.073,0.104,7.7,84,621.0,1.9
KRU_SHY_02,2023-07-20 22:00:00+00:00,0.0,0.0,0.074,0.104,8.7,81,621.5,3.1
KRU_SHY_02,2023-07-20 23:00:00+00:00,0.0,0.0,0.074,0.104,7.7,86,621.3,2.4
KRU_SHY_02,2023-07-21 00:00:00+00:00,0.0,0.0,0.086,0.104,7.6,93,621.0,2.6
KRU_SHY_02,2023-07-21 01:00:00+00:00,0.1,0.1,0.087,0.104,7.5,87,621.9,4.0
KRU_SHY_02,2023-07-21 02:00:00+00:00,0.1,0.1,0.088,0.104,8.0,84,622.5,5.4
KRU_SHY_02,2023-07-21 03:00:00+00:00,0.1,0.1,0.088,0.104,8.4,82,623.0,3.7
KRU_SHY_02,2023-07-21 04:00:00+00:00,0.0,0.0,0.087,0.104,10.1,70,624.3,6.6
KRU_SHY_02,2023-07-21 05:00:00+00:00,0.0,0.0,0.085,0.104,11.3,63,624.6,8.4
KRU_SHY_02,2023-07-21 06:00:00+00:00,0.0,0.0,0.083,0.104,12.2,57,624.9,8.8
KRU_SHY_02,2023-07-21 07:00:00+00:00,0.0,0.0,0.079,0.104,13.0,57,625.0,6.8
KRU_SHY_02,2023-07-21 08:00:00+00:00,0.0,0.0,0.075,0.104,14.9,50,625.3,9.4
KRU_SHY_02,2023-07-21 09:00:00+00:00,0.0,0.0,0.071,0.104,15.6,47,624.7,9.4
KRU_SHY_02,2023-07-21 10:00:00+00:00,0.0,0.0,0.069,0.104,15.1,50,624.3,10.9
KRU_SHY_02,2023-07-21 11:00:00+00:00,0.9,0.9,0.078,0.104,13.0,64,623.2,7.5
KRU_SHY_02,2023-07-21 12:00:00+00:00,0.0,0.0,0.079,0.099,11.1,72,623.1,8.7
KRU_SHY_02,2023-07-21 13:00:00+00:00,0.1,0.1,0.079,0.099,11.6,69,623.7,3.4
KRU_SHY_02,2023-07-21 14:00:00+00:00,0.0,0.0,0.079,0.099,10.6,72,623.4,6.4
KRU_SHY_02,2023-07-21 15:00:00+00:00,0.0,0.0,0.079,0.099,10.1,74,623.4,4.2
KRU_SHY_02,2023-07-21 16:00:00+00:00,0.0,0.0,0.078,0.099,9.6,74,623.5,4.8
KRU_SHY_02,2023-07-21 17:00:00+00:00,0.0,0.0,0.078,0.099,9.6,72,623.6,5.8
KRU_SHY_02,2023-07-21 18:00:00+00:00,0.0,0.0,0.078,0.099,8.7,76,623.1,5.6
KRU_SHY_02,2023-07-21 19:00:00+00:00,0.0,0.0,0.078,0.099,8.1,81,622.8,5.5
KRU_SHY_02,2023-07-21 20:00:00+00:00,0.0,0.0,0.078,0.099,7.7,85,622.2,3.6
KRU_SHY_02,2023-07-21 21:00:00+00:00,0.0,0.0,0.078,0.099,7.3,89,621.6,2.5
KRU_SHY_02,2023-07-21 22:00:00+00:00,0.1,0.1,0.079,0.099,7.0,89,621.6,0.5
KRU_SHY_02,2023-07-21 23:00:00+00:00,0.2,0.2,0.081,0.099,7.4,82,621.9,1.9
KRU_SHY_02,2023-07-22 00:00:00+00:00,0.1,0.1,0.085,0.099,7.0,84,621.5,2.9
KRU_SHY_02,2023-07-22 01:00:00+00:00,0.1,0.1,0.086,0.099,6.6,85,621.9,2.1
KRU_SHY_02,2023-07-22 02:00:00+00:00,0.0,0.0,0.085,0.099,7.1,78,622.7,6.1
KRU_SHY_02,2023-07-22 03:00:00+00:00,0.1,0.1,0.086,0.099,7.4,77,623.3,3.3
KRU_SHY_02,2023-07-22 04:00:00+00:00,0.0,0.0,0.085,0.099,8.2,71,623.8,6.1
KRU_SHY_02,2023-07-22 05:00:00+00:00,0.0,0.0,0.084,0.099,9.8,65,624.8,8.1
KRU_SHY_02,2023-07-22 06:00:00+00:00,0.0,0.0,0.081,0.099,11.0,63,625.2,9.0
KRU_SHY_02,2023-07-22 07:00:00+00:00,0.0,0.0,0.078,0.099,11.3,65,625.1,6.9
KRU_SHY_02,2023-07-22 08:00:00+00:00,0.0,0.0,0.075,0.099,13.2,58,625.5,10.3
KRU_SHY_02,2023-07-22 09:00:00+00:00,0.0,0.0,0.073,0.099,12.7,60,624.7,11.9
KRU_SHY_02,2023-07-22 10:00:00+00:00,0.2,0.2,0.074,0.099,12.3,65,624.3,6.4
KRU_SHY_02,2023-07-22 11:00:00+00:00,0.0,0.0,0.072,0.099,12.8,60,624.3,10.3
KRU_SHY_02,2023-07-22 12:00:00+00:00,0.0,0.0,0.08,0.101,10.4,71,624.0,6.5
KRU_SHY_02,2023-07-22 13:00:00+00:00,0.3,0.3,0.083,0.101,8.9,87,623.8,8.5
KRU_SHY_02,2023-07-22 14:00:00+00:00,1.1,1.1,0.097,0.101,8.8,84,623.8,1.9
KRU_SHY_02,2023-07-22 15:00:00+00:00,0.4,0.4,0.102,0.101,8.9,77,624.0,5.2
KRU_SHY_02,2023-07-22 16:00:00+00:00,0.0,0.0,0.101,0.101,8.5,80,624.0,3.9
KRU_SHY_02,2023-07-22 17:00:00+00:00,0.0,0.0,0.101,0.101,7.7,86,623.3,4.2
KRU_SHY_02,2023-07-22 18:00:00+00:00,0.0,0.0,0.101,0.101,7.4,88,623.1,1.1
KRU_SHY_02,2023-07-22 19:00:00+00:00,0.0,0.0,0.101,0.101,7.6,83,623.0,4.0
KRU_SHY_02,2023-07-22 20:00:00+00:00,0.0,0.0,0.101,0.101,7.0,86,622.5,3.9
KRU_SHY_02,2023-07-22 21:00:00+00:00,0.2,0.2,0.103,0.101,6.6,90,621.9,2.9
KRU_SHY_02,2023-07-22 22:00:00+00:00,0.2,0.2,0.105,0.101,6.8,86,622.0,3.9
KRU_SHY_02,2023-07-22 23:00:00+00:00,0.3,0.3,0.108,0.101,6.2,88,621.8,4.4
KRU_SHY_02,2023-07-23 00:00:00+00:00,0.3,0.3,0.1,0.1,6.6,88,622.1,1.6
KRU_SHY_02,2023-07-23 01:00:00+00:00,0.5,0.5,0.106,0.1,6.3,87,622.6,5.5
KRU_SHY_02,2023-07-23 02:00:00+00:00,0.3,0.3,0.11,0.1,6.1,89,622.3,4.1
KRU_SHY_02,2023-07-23 03:00:00+00:00,0.1,0.1,0.112,0.1,6.3,87,623.0,6.9
KRU_SHY_02,2023-07-23 04:00:00+00:00,0.2,0.2,0.114,0.1,6.0,90,623.0,4.7
KRU_SHY_02,2023-07-23 05:00:00+00:00,0.3,0.3,0.118,0.1,7.1,86,623.6,5.4
KRU_SHY_02,2023-07-23 06:00:00+00:00,0.1,0.1,0.117,0.1,8.6,78,624.5,7.2
KRU_SHY_02,2023-07-23 07:00:00+00:00,0.0,0.0,0.115,0.1,10.7,68,625.1,9.2
KRU_SHY_02,2023-07-23 08:00:00+00:00,0.0,0.0,0.111,0.1,11.8,64,624.9,9.2
KRU_SHY_02,2023-07-23 09:00:00+00:00,0.0,0.0,0.108,0.1,12.1,64,624.2,11.1
KRU_SHY_02,2023-07-23 10:00:00+00:00,0.3,0.3,0.109,0.1,12.1,64,623.9,9.7
KRU_SHY_02,2023-07-23 11:00:00+00:00,0.2,0.2,0.109,0.1,12.2,62,623.4,7.5
KRU_SHY_02,2023-07-23 12:00:00+00:00,0.2,0.2,0.11,0.095,10.1,74,623.1,6.9
KRU_SHY_02,2023-07-23 13:00:00+00:00,0.1,0.1,0.111,0.095,10.4,74,623.4,7.8
KRU_SHY_02,2023-07-23 14:00:00+00:00,1.5,1.5,0.129,0.095,8.9,83,622.6,3.7
KRU_SHY_02,2023-07-23 15:00:00+00:00,0.1,0.1,0.13,0.095,9.1,83,622.6,4.3
KRU_SHY_02,2023-07-23 16:00:00+00:00,0.0,0.0,0.13,0.095,8.4,85,622.2,6.2
KRU_SHY_02,2023-07-23 17:00:00+00:00,0.1,0.1,0.131,0.095,7.6,91,621.7,4.2
KRU_SHY_02,2023-07-23 18:00:00+00:00,0.4,0.4,0.135,0.095,7.1,86,621.3,3.6
KRU_SHY_02,2023-07-23 19:00:00+00:00,0.5,0.5,0.141,0.095,7.1,84,621.1,2.4
KRU_SHY_02,2023-07-23 20:00:00+00:00,0.6,0.6,0.149,0.095,6.9,85,620.7,3.6
KRU_SHY_02,2023-07-23 21:00:00+00:00,0.0,0.0,0.149,0.095,6.2,96,620.1,6.5
KRU_SHY_02,2023-07-23 22:00:00+00:00,0.0,0.0,0.149,0.095,5.5,97,619.9,3.6
KRU_SHY_02,2023-07-23 23:00:00+00:00,0.0,0.0,0.149,0.095,5.2,94,619.6,5.4
KRU_SHY_02,2023-07-24 00:00:00+00:00,0.0,0.0,0.134,0.094,5.2,96,619.6,4.6
KRU_SHY_02,2023-07-24 01:00:00+00:00,0.0,0.0,0.135,0.094,5.1,88,620.4,4.3
KRU_SHY_02,2023-07-24 02:00:00+00:00,0.0,0.0,0.135,0.094,5.8,76,621.5,7.2
KRU_SHY_02,2023-07-24 03:00:00+00:00,0.0,0.0,0.134,0.094,6.6,74,621.9,6.2
KRU_SHY_02,2023-07-24 04:00:00+00:00,0.0,0.0,0.133,0.094,7.4,74,622.2,6.1
KRU_SHY_02,2023-07-24 05:00:00+00:00,0.0,0.0,0.13,0.094,9.0,71,623.0,7.1
KRU_SHY_02,2023-07-24 06:00:00+00:00,0.0,0.0,0.126,0.094,10.5,68,623.6,8.1
KRU_SHY_02,2023-07-24 07:00:00+00:00,0.0,0.0,0.121,0.094,11.8,60,623.6,9.7
KRU_SHY_02,2023-07-24 08:00:00+00:00,0.3,0.3,0.119,0.094,12.5,52,623.8,10.8
KRU_SHY_02,2023-07-24 09:00:00+00:00,0.0,0.0,0.114,0.094,13.0,55,623.1,9.3
KRU_SHY_02,2023-07-24 10:00:00+00:00,0.0,0.0,0.11,0.094,12.5,59,622.5,10.8
KRU_SHY_02,2023-07-24 11:00:00+00:00,0.0,0.0,0.108,0.094,12.6,59,622.1,8.4
KRU_SHY_02,2023-07-24 12:00:00+00:00,0.3,0.3,0.109,0.097,11.6,62,621.9,6.0
KRU_SHY_02,2023-07-24 13:00:00+00:00,0.0,0.0,0.108,0.097,11.1,65,621.4,6.9
KRU_SHY_02,2023-07-24 14:00:00+00:00,0.0,0.0,0.108,0.097,10.1,69,621.1,6.6
KRU_SHY_02,2023-07-24 15:00:00+00:00,0.0,0.0,0.107,0.097,9.5,73,621.0,5.4
KRU_SHY_02,2023-07-24 16:00:00+00:00,0.0,0.0,0.107,0.097,8.8,74,621.1,6.3
KRU_SHY_02,2023-07-24 17:00:00+00:00,0.0,0.0,0.107,0.097,7.8,77,620.7,5.6
KRU_SHY_02,2023-07-24 18:00:00+00:00,0.0,0.0,0.107,0.097,7.0,80,620.6,3.6
KRU_SHY_02,2023-07-24 19:00:00+00:00,0.0,0.0,0.107,0.097,6.6,83,620.5,4.7
KRU_SHY_02,2023-07-24 20:00:00+00:00,0.0,0.0,0.107,0.097,5.7,85,619.9,5.3
KRU_SHY_02,2023-07-24 21:00:00+00:00,0.0,0.0,0.107,0.097,5.8,79,619.9,3.5
KRU_SHY_02,2023-07-24 22:00:00+00:00,0.0,0.0,0.108,0.097,5.4,81,619.5,4.4
KRU_SHY_02,2023-07-24 23:00:00+00:00,0.0,0.0,0.108,0.097,5.2,81,619.0,3.5
KRU_SHY_02,2023-07-25 00:00:00+00:00,0.0,0.0,0.113,0.098,5.6,86,620.0,2.5
KRU_SHY_02,2023-07-25 01:00:00+00:00,0.0,0.0,0.113,0.098,5.6,84,620.1,3.9
KRU_SHY_02,2023-07-25 02:00:00+00:00,0.0,0.0,0.112,0.098,6.3,76,621.1,4.4
KRU_SHY_02,2023-07-25 03:00:00+00:00,0.0,0.0,0.111,0.098,7.7,73,622.5,7.9
KRU_SHY_02,2023-07-25 04:00:00+00:00,0.0,0.0,0.11,0.098,7.9,73,622.6,7.6
KRU_SHY_02,2023-07-25 05:00:00+00:00,0.0,0.0,0.107,0.098,8.9,70,623.2,6.9
KRU_SHY_02,2023-07-25 06:00:00+00:00,0.0,0.0,0.103,0.098,10.1,67,623.7,8.4
KRU_SHY_02,2023-07-25 07:00:00+00:00,0.1,0.1,0.1,0.098,11.7,57,624.3,9.4
KRU_SHY_02,2023-07-25 08:00:00+00:00,0.0,0.0,0.097,0.098,11.9,58,623.7,8.9
KRU_SHY_02,2023-07-25 09:00:00+00:00,0.1,0.1,0.094,0.098,12.1,58,623.4,11.3
KRU_SHY_02,2023-07-25 10:00:00+00:00,0.1,0.1,0.093,0.098,11.3,67,622.6,9.0
KRU_SHY_02,2023-07-25 11:00:00+00:00,0.0,0.0,0.091,0.098,11.1,67,622.2,7.6
KRU_SHY_02,2023-07-25 12:00:00+00:00,0.0,0.0,0.083,0.099,11.7,57,622.1,4.0
KRU_SHY_02,2023-07-25 13:00:00+00:00,0.0,0.0,0.082,0.099,11.5,59,622.1,7.1
KRU_SHY_02,2023-07-25 14:00:00+00:00,0.0,0.0,0.081,0.099,10.5,65,621.9,6.2
KRU_SHY_02,2023-07-25 15:00:00+00:00,0.0,0.0,0.081,0.099,9.5,71,621.8,2.2
KRU_SHY_02,2023-07-25 16:00:00+00:00,0.0,0.0,0.081,0.099,9.2,74,621.8,2.9
KRU_SHY_02,2023-07-25 17:00:00+00:00,0.1,0.1,0.081,0.099,8.7,77,622.0,2.3
KRU_SHY_02,2023-07-25 18:00:00+00:00,0.2,0.2,0.083,0.099,7.8,81,621.4,2.3
KRU_SHY_02,2023-07-25 19:00:00+00:00,0.0,0.0,0.083,0.099,7.6,82,621.0,3.7
KRU_SHY_02,2023-07-25 20:00:00+00:00,0.0,0.0,0.084,0.099,6.8,86,620.7,4.2
KRU_SHY_02,2023-07-25 21:00:00+00:00,0.0,0.0,0.084,0.099,6.3,89,620.2,3.1
KRU_SHY_02,2023-07-25 22:00:00+00:00,0.0,0.0,0.084,0.099,6.0,92,620.0,2.9
KRU_SHY_02,2023-07-25 23:00:00+00:00,0.0,0.0,0.084,0.099,5.9,92,620.2,3.6
KRU_SHY_02,2023-07-26 00:00:00+00:00,0.0,0.0,0.082,0.101,5.7,91,620.0,2.8
KRU_SHY_02,2023-07-26 01:00:00+00:00,0.0,0.0,0.082,0.101,6.0,87,620.6,3.2
KRU_SHY_02,2023-07-26 02:00:00+00:00,0.0,0.0,0.082,0.101,7.0,82,621.6,5.8
KRU_SHY_02,2023-07-26 03:00:00+00:00,0.0,0.0,0.081,0.101,7.4,85,622.3,6.5
KRU_SHY_02,2023-07-26 04:00:00+00:00,0.0,0.0,0.08,0.101,8.4,81,623.0,6.9
KRU_SHY_02,2023-07-26 05:00:00+00:00,0.0,0.0,0.078,0.101,9.5,70,623.5,7.1
KRU_SHY_02,2023-07-26 06:00:00+00:00,0.0,0.0,0.075,0.101,11.5,62,624.4,8.4
KRU_SHY_02,2023-07-26 07:00:00+00:00,0.1,0.1,0.073,0.101,12.9,57,624.4,9.9
KRU_SHY_02,2023-07-26 08:00:00+00:00,0.2,0.2,0.073,0.101,12.4,61,623.8,8.5
KRU_SHY_02,2023-07-26 09:00:00+00:00,0.1,0.1,0.071,0.101,13.7,58,623.7,8.3
KRU_SHY_02,2023-07-26 10:00:00+00:00,0.1,0.1,0.07,0.101,14.3,55,623.3,10.1
KRU_SHY_02,2023-07-26 11:00:00+00:00,0.1,0.1,0.069,0.101,13.0,57,622.5,8.6
KRU_SHY_02,2023-07-26 12:00:00+00:00,1.1,1.1,0.066,0.101,13.3,53,622.6,5.5
KRU_SHY_02,2023-07-26 13:00:00+00:00,0.0,0.0,0.065,0.101,12.7,56,622.3,4.8
KRU_SHY_02,2023-07-26 14:00:00+00:00,0.2,0.2,0.067,0.101,10.9,65,621.8,5.4
KRU_SHY_02,2023-07-26 15:00:00+00:00,0.5,0.5,0.073,0.101,9.5,75,621.1,3.1
KRU_SHY_02,2023-07-26 16:00:00+00:00,0.0,0.0,0.073,0.101,9.6,77,621.2,2.6
KRU_SHY_02,2023-07-26 17:00:00+00:00,2.0,2.0,0.098,0.101,8.4,80,621.3,1.9
KRU_SHY_02,2023-07-26 18:00:00+00:00,1.9,1.9,0.122,0.101,7.4,82,620.6,9.9
KRU_SHY_02,2023-07-26 19:00:00+00:00,0.1,0.1,0.123,0.101,7.4,81,620.4,6.6
KRU_SHY_02,2023-07-26 20:00:00+00:00,0.3,0.3,0.126,0.101,5.9,88,619.1,4.0
KRU_SHY_02,2023-07-26 21:00:00+00:00,0.1,0.1,0.127,0.101,5.4,90,618.2,5.4
KRU_SHY_02,2023-07-26 22:00:00+00:00,0.1,0.1,0.128,0.101,6.2,87,619.2,2.9
KRU_SHY_02,2023-07-26 23:00:00+00:00,0.6,0.6,0.135,0.101,6.0,88,619.4,2.9
KRU_SHY_02,2023-07-27 00:00:00+00:00,0.2,0.2,0.09,0.102,5.3,88,619.2,4.5
KRU_SHY_02,2023-07-27 01:00:00+00:00,0.0,0.0,0.09,0.102,6.4,83,620.8,3.4
KRU_SHY_02,2023-07-27 02:00:00+00:00,0.0,0.0,0.09,0.102,7.1,84,621.1,2.9
KRU_SHY_02,2023-07-27 03:00:00+00:00,0.0,0.0,0.089,0.102,8.3,81,622.1,4.9
KRU_SHY_02,2023-07-27 04:00:00+00:00,0.0,0.0,0.088,0.102,9.4,77,622.7,7.4
KRU_SHY_02,2023-07-27 05:00:00+00:00,0.1,0.1,0.086,0.102,10.2,74,623.0,6.8
KRU_SHY_02,2023-07-27 06:00:00+00:00,0.0,0.0,0.083,0.102,12.0,63,623.5,9.0
KRU_SHY_02,2023-07-27 07:00:00+00:00,0.0,0.0,0.079,0.102,13.6,55,623.8,9.2
KRU_SHY_02,2023-07-27 08:00:00+00:00,0.3,0.3,0.079,0.102,14.0,48,623.2,10.8
KRU_SHY_02,2023-07-27 09:00:00+00:00,0.1,0.1,0.076,0.102,14.1,52,623.0,11.2
KRU_SHY_02,2023-07-27 10:00:00+00:00,0.0,0.0,0.073,0.102,14.6,49,622.6,9.9
KRU_SHY_02,2023-07-27 11:00:00+00:00,0.0,0.0,0.071,0.102,13.7,52,622.0,9.2
KRU_SHY_02,2023-07-27 12:00:00+00:00,0.0,0.0,0.063,0.101,13.1,52,621.7,6.6
KRU_SHY_02,2023-07-27 13:00:00+00:00,0.0,0.0,0.062,0.101,11.9,58,621.3,6.4
KRU_SHY_02,2023-07-27 14:00:00+00:00,0.0,0.0,0.062,0.101,10.7,66,620.8,5.4
KRU_SHY_02,2023-07-27 15:00:00+00:00,0.0,0.0,0.062,0.101,9.9,70,620.8,5.2
KRU_SHY_02,2023-07-27 16:00:00+00:00,1.2,1.2,0.076,0.101,8.5,81,620.5,4.2
KRU_SHY_02,2023-07-27 17:00:00+00:00,0.9,0.9,0.088,0.101,8.0,85,620.5,5.9
KRU_SHY_02,2023-07-27 18:00:00+00:00,0.0,0.0,0.088,0.101,7.3,88,619.8,7.2
KRU_SHY_02,2023-07-27 19:00:00+00:00,0.0,0.0,0.088,0.101,6.8,93,619.5,6.2
KRU_SHY_02,2023-07-27 20:00:00+00:00,0.3,0.3,0.092,0.101,6.2,95,618.8,3.7
KRU_SHY_02,2023-07-27 21:00:00+00:00,0.8,0.8,0.102,0.101,6.2,91,618.4,1.6
KRU_SHY_02,2023-07-27 22:00:00+00:00,0.2,0.2,0.104,0.101,6.1,90,618.0,4.2
KRU_SHY_02,2023-07-27 23:00:00+00:00,0.0,0.0,0.104,0.101,5.8,88,617.6,4.7
KRU_SHY_02,2023-07-28 00:00:00+00:00,0.0,0.0,0.069,0.101,5.9,90,617.5,2.3
KRU_SHY_02,2023-07-28 01:00:00+00:00,0.0,0.0,0.069,0.101,5.9,91,617.9,1.4
KRU_SHY_02,2023-07-28 02:00:00+00:00,0.0,0.0,0.069,0.101,7.1,71,618.8,5.4
KRU_SHY_02,2023-07-28 03:00:00+00:00,0.0,0.0,0.069,0.101,7.5,68,619.3,5.8
KRU_SHY_02,2023-07-28 04:00:00+00:00,0.0,0.0,0.068,0.101,8.3,63,619.7,5.6
KRU_SHY_02,2023-07-28 05:00:00+00:00,0.0,0.0,0.066,0.101,9.5,59,620.4,7.4
KRU_SHY_02,2023-07-28 06:00:00+00:00,0.0,0.0,0.063,0.101,11.2,53,621.0,8.7
KRU_SHY_02,2023-07-28 07:00:00+00:00,0.0,0.0,0.06,0.101,12.7,47,621.1,9.4
KRU_SHY_02,2023-07-28 08:00:00+00:00,0.0,0.0,0.057,0.101,13.5,44,620.6,9.9
KRU_SHY_02,2023-07-28 09:00:00+00:00,0.0,0.0,0.055,0.101,12.4,52,619.7,7.6
KRU_SHY_02,2023-07-28 10:00:00+00:00,0.1,0.1,0.054,0.101,13.6,49,619.7,10.0
KRU_SHY_02,2023-07-28 11:00:00+00:00,0.4,0.4,0.057,0.101,12.1,61,618.5,8.6
KRU_SHY_02,2023-07-28 12:00:00+00:00,0.9,0.9,0.061,0.101,11.9,60,618.8,8.5
KRU_SHY_02,2023-07-28 13:00:00+00:00,0.2,0.2,0.063,0.101,9.2,75,617.8,5.1
KRU_SHY_02,2023-07-28 14:00:00+00:00,0.0,0.0,0.062,0.101,8.4,77,617.7,9.2
KRU_SHY_02,2023-07-28 15:00:00+00:00,0.0,0.0,0.062,0.101,6.9,84,617.6,3.1
KRU_SHY_02,2023-07-28 16:00:00+00:00,0.0,0.0,0.062,0.101,7.0,76,618.0,5.1
KRU_SHY_02,2023-07-28 17:00:00+00:00,0.0,0.0,0.062,0.101,6.3,78,617.6,4.4
KRU_SHY_02,2023-07-28 18:00:00+00:00,0.0,0.0,0.063,0.101,5.7,83,617.2,2.5
KRU_SHY_02,2023-07-28 19:00:00+00:00,0.0,0.0,0.063,0.101,5.7,83,617.0,4.0
KRU_SHY_02,2023-07-28 20:00:00+00:00,0.0,0.0,0.063,0.101,5.9,79,616.6,1.5
KRU_SHY_02,2023-07-28 21:00:00+00:00,0.0,0.0,0.064,0.101,5.2,83,615.8,2.2
KRU_SHY_02,2023-07-28 22:00:00+00:00,0.0,0.0,0.064,0.101,5.6,77,615.9,4.0
KRU_SHY_02,2023-07-28 23:00:00+00:00,0.0,0.0,0.064,0.101,5.0,75,615.4,3.8
KRU_SHY_02,2023-07-29 00:00:00+00:00,0.0,0.0,0.064,0.101,4.6,84,615.5,2.0
KRU_SHY_02,2023-07-29 01:00:00+00:00,0.0,0.0,0.064,0.101,4.9,79,616.2,0.7
KRU_SHY_02,2023-07-29 02:00:00+00:00,0.0,0.0,0.064,0.101,5.7,69,616.9,2.9
KRU_SHY_02,2023-07-29 03:00:00+00:00,0.0,0.0,0.064,0.101,6.1,67,617.4,4.5
KRU_SHY_02,2023-07-29 04:00:00+00:00,0.0,0.0,0.063,0.101,7.6,61,618.3,7.1
KRU_SHY_02,2023-07-29 05:00:00+00:00,0.0,0.0,0.062,0.101,8.6,56,618.9,7.3
KRU_SHY_02,2023-07-29 06:00:00+00:00,0.0,0.0,0.06,0.101,9.9,52,619.4,8.9
KRU_SHY_02,2023-07-29 07:00:00+00:00,0.0,0.0,0.058,0.101,9.8,54,619.1,8.0
KRU_SHY_02,2023-07-29 08:00:00+00:00,0.2,0.2,0.059,0.101,9.7,57,618.8,7.8
KRU_SHY_02,2023-07-29 09:00:00+00:00,0.1,0.1,0.058,0.101,11.1,54,619.3,9.2
KRU_SHY_02,2023-07-29 10:00:00+00:00,0.0,0.0,0.056,0.101,10.9,56,619.0,12.9
KRU_SHY_02,2023-07-29 11:00:00+00:00,0.0,0.0,0.055,0.101,9.6,61,618.1,7.4
KRU_SHY_02,2023-07-29 12:00:00+00:00,0.0,0.0,0.06,0.1,9.1,61,618.1,7.4
KRU_SHY_02,2023-07-29 13:00:00+00:00,0.0,0.0,0.06,0.1,7.8,67,617.4,5.9
KRU_SHY_02,2023-07-29 14:00:00+00:00,0.0,0.0,0.06,0.1,6.8,71,617.1,4.7
KRU_SHY_02,2023-07-29 15:00:00+00:00,0.0,0.0,0.06,0.1,5.9,76,617.2,5.4
KRU_SHY_02,2023-07-29 16:00:00+00:00,0.0,0.0,0.06,0.1,5.3,79,617.5,3.9
KRU_SHY_02,2023-07-29 17:00:00+00:00,0.0,0.0,0.06,0.1,4.6,82,617.2,2.2
KRU_SHY_02,2023-07-29 18:00:00+00:00,0.0,0.0,0.06,0.1,4.3,84,617.1,4.5
KRU_SHY_02,2023-07-29 19:00:00+00:00,0.0,0.0,0.06,0.1,3.9,83,616.7,5.5
KRU_SHY_02,2023-07-29 20:00:00+00:00,0.0,0.0,0.06,0.1,3.6,83,616.3,5.0
KRU_SHY_02,2023-07-29 21:00:00+00:00,0.0,0.0,0.061,0.1,3.4,83,615.9,5.7
KRU_SHY_02,2023-07-29 22:00:00+00:00,0.0,0.0,0.061,0.1,3.5,82,615.9,5.6
KRU_SHY_02,2023-07-29 23:00:00+00:00,0.0,0.0,0.061,0.1,2.8,88,615.5,3.8
KRU_SHY_02,2023-07-30 00:00:00+00:00,0.0,0.0,0.06,0.1,2.7,89,615.6,3.1
KRU_SHY_02,2023-07-30 01:00:00+00:00,0.0,0.0,0.06,0.1,3.4,79,616.9,3.8
KRU_SHY_02,2023-07-30 02:00:00+00:00,0.0,0.0,0.059,0.1,4.7,73,618.0,5.5
KRU_SHY_02,2023-07-30 03:00:00+00:00,0.0,0.0,0.059,0.1,5.3,73,618.4,5.6
KRU_SHY_02,2023-07-30 04:00:00+00:00,0.0,0.0,0.058,0.1,6.6,66,619.3,6.7
KRU_SHY_02,2023-07-30 05:00:00+00:00,0.0,0.0,0.056,0.1,8.5,50,620.2,8.7
KRU_SHY_02,2023-07-30 06:00:00+00:00,0.0,0.0,0.054,0.1,10.0,42,620.8,9.6
KRU_SHY_02,2023-07-30 07:00:00+00:00,0.0,0.0,0.051,0.1,11.3,38,621.2,10.1
KRU_SHY_02,2023-07-30 08:00:00+00:00,0.0,0.0,0.048,0.1,12.0,37,621.0,10.3
KRU_SHY_02,2023-07-30 09:00:00+00:00,0.0,0.0,0.046,0.1,12.4,37,620.8,10.5
KRU_SHY_02,2023-07-30 10:00:00+00:00,0.0,0.0,0.044,0.1,12.8,35,620.4,10.6
KRU_SHY_02,2023-07-30 11:00:00+00:00,0.0,0.0,0.042,0.1,12.5,33,620.0,9.9
KRU_SHY_02,2023-07-30 12:00:00+00:00,0.0,0.0,0.038,0.099,12.7,28,619.6,6.1
KRU_SHY_02,2023-07-30 13:00:00+00:00,0.0,0.0,0.038,0.099,11.7,32,619.1,7.7
KRU_SHY_02,2023-07-30 14:00:00+00:00,0.0,0.0,0.037,0.099,10.5,37,618.5,3.9
KRU_SHY_02,2023-07-30 15:00:00+00:00,0.0,0.0,0.037,0.099,10.4,39,618.9,0.7
KRU_SHY_02,2023-07-30 16:00:00+00:00,0.0,0.0,0.037,0.099,9.9,41,619.1,0.4
KRU_SHY_02,2023-07-30 17:00:00+00:00,0.0,0.0,0.037,0.099,8.4,63,618.0,3.0
KRU_SHY_02,2023-07-30 18:00:00+00:00,0.0,0.0,0.037,0.099,7.3,60,617.1,4.9
KRU_SHY_02,2023-07-30 19:00:00+00:00,0.0,0.0,0.037,0.099,6.0,68,615.9,4.0
KRU_SHY_02,2023-07-30 20:00:00+00:00,0.0,0.0,0.037,0.099,5.8,59,615.7,9.2
KRU_SHY_02,2023-07-30 21:00:00+00:00,0.0,0.0,0.037,0.099,5.3,64,614.9,9.0
KRU_SHY_02,2023-07-30 22:00:00+00:00,0.0,0.0,0.037,0.099,5.0,68,615.0,6.0
KRU_SHY_02,2023-07-30 23:00:00+00:00,0.0,0.0,0.037,0.099,6.9,57,617.3,3.1
KRU_SHY_02,2023-07-31 00:00:00+00:00,0.0,0.0,0.039,0.1,4.9,71,615.3,5.9
KRU_SHY_02,2023-07-31 01:00:00+00:00,0.0,0.0,0.039,0.1,5.7,74,616.2,3.4
KRU_SHY_02,2023-07-31 02:00:00+00:00,0.0,0.0,0.039,0.1,7.9,60,618.8,2.9
KRU_SHY_02,2023-07-31 03:00:00+00:00,0.0,0.0,0.039,0.1,9.2,56,619.7,4.1
KRU_SHY_02,2023-07-31 04:00:00+00:00,0.0,0.0,0.038,0.1,10.8,49,620.7,6.6
KRU_SHY_02,2023-07-31 05:00:00+00:00,0.0,0.0,0.037,0.1,12.4,40,621.6,9.7
KRU_SHY_02,2023-07-31 06:00:00+00:00,0.0,0.0,0.035,0.1,13.5,33,622.0,10.5
KRU_SHY_02,2023-07-31 07:00:00+00:00,0.0,0.0,0.034,0.1,14.2,32,622.2,10.8
KRU_SHY_02,2023-07-31 08:00:00+00:00,0.0,0.0,0.032,0.1,15.0,31,622.1,11.6
KRU_SHY_02,2023-07-31 09:00:00+00:00,0.0,0.0,0.031,0.1,15.4,32,622.0,11.8
KRU_SHY_02,2023-07-31 10:00:00+00:00,0.0,0.0,0.03,0.1,15.4,32,621.6,11.0
KRU_SHY_02,2023-07-31 11:00:00+00:00,0.0,0.0,0.029,0.1,15.0,32,621.3,11.9
KRU_SHY_02,2023-07-31 12:00:00+00:00,0.0,0.0,0.027,0.098,14.3,32,620.8,9.9
KRU_SHY_02,2023-07-31 13:00:00+00:00,0.0,0.0,0.027,0.098,13.1,39,620.2,9.4
KRU_SHY_02,2023-07-31 14:00:00+00:00,0.0,0.0,0.026,0.098,11.7,47,619.5,4.6
KRU_SHY_02,2023-07-31 15:00:00+00:00,0.0,0.0,0.026,0.098,11.0,51,619.6,3.4
KRU_SHY_02,2023-07-31 16:00:00+00:00,0.0,0.0,0.026,0.098,10.5,54,619.8,2.3
KRU_SHY_02,2023-07-31 17:00:00+00:00,0.0,0.0,0.026,0.098,9.9,66,619.4,1.5
KRU_SHY_02,2023-07-31 18:00:00+00:00,0.0,0.0,0.026,0.098,8.9,66,618.5,3.1
KRU_SHY_02,2023-07-31 19:00:00+00:00,0.0,0.0,0.026,0.098,7.8,69,617.5,4.1
KRU_SHY_02,2023-07-31 20:00:00+00:00,0.0,0.0,0.026,0.098,7.1,67,616.7,8.0
KRU_SHY_02,2023-07-31 21:00:00+00:00,0.0,0.0,0.026,0.098,6.6,71,616.1,5.2
KRU_SHY_02,2023-07-31 22:00:00+00:00,0.0,0.0,0.026,0.098,7.7,64,617.5,2.7
KRU_SHY_02,2023-07-31 23:00:00+00:00,0.0,0.0,0.026,0.098,6.0,71,615.9,4.2
KRU_SHY_02,2023-08-01 00:00:00+00:00,0.0,0.0,0.025,0.098,5.8,68,615.6,6.2
KRU_SHY_02,2023-08-01 01:00:00+00:00,0.0,0.0,0.025,0.098,6.8,67,617.1,3.8
KRU_SHY_02,2023-08-01 02:00:00+00:00,0.0,0.0,0.025,0.098,9.0,55,619.5,1.3
KRU_SHY_02,2023-08-01 03:00:00+00:00,0.0,0.0,0.025,0.098,10.2,53,620.5,3.2
KRU_SHY_02,2023-08-01 04:00:00+00:00,0.0,0.0,0.024,0.098,11.8,48,621.5,4.6
KRU_SHY_02,2023-08-01 05:00:00+00:00,0.0,0.0,0.024,0.098,13.2,44,622.0,6.6
KRU_SHY_02,2023-08-01 06:00:00+00:00,0.0,0.0,0.024,0.098,14.4,38,622.5,8.8
KRU_SHY_02,2023-08-01 07:00:00+00:00,0.0,0.0,0.024,0.098,15.5,34,622.8,9.5
KRU_SHY_02,2023-08-01 08:00:00+00:00,0.0,0.0,0.023,0.098,16.1,31,622.7,11.1
KRU_SHY_02,2023-08-01 09:00:00+00:00,0.0,0.0,0.023,0.098,16.3,31,622.5,11.6
KRU_SHY_02,2023-08-01 10:00:00+00:00,0.0,0.0,0.023,0.098,16.2,32,622.2,11.6
KRU_SHY_02,2023-08-01 11:00:00+00:00,0.0,0.0,0.022,0.098,16.3,30,622.0,11.3
KRU_SHY_02,2023-08-01 12:00:00+00:00,0.0,0.0,0.02,0.095,16.2,24,621.7,10.9
KRU_SHY_02,2023-08-01 13:00:00+00:00,0.0,0.0,0.02,0.095,14.6,32,620.9,9.0
KRU_SHY_02,2023-08-01 14:00:00+00:00,0.0,0.0,0.02,0.095,13.2,42,620.2,5.3
KRU_SHY_02,2023-08-01 15:00:00+00:00,0.0,0.0,0.02,0.095,12.5,46,620.1,0.4
KRU_SHY_02,2023-08-01 16:00:00+00:00,0.0,0.0,0.02,0.095,11.8,49,620.2,1.1
KRU_SHY_02,2023-08-01 17:00:00+00:00,0.0,0.0,0.02,0.095,11.2,50,619.9,1.1
KRU_SHY_02,2023-08-01 18:00:00+00:00,0.0,0.0,0.02,0.095,10.8,52,619.9,0.8
KRU_SHY_02,2023-08-01 19:00:00+00:00,0.0,0.0,0.02,0.095,10.1,56,619.5,2.2
KRU_SHY_02,2023-08-01 20:00:00+00:00,0.0,0.0,0.02,0.095,8.7,61,617.8,4.7
KRU_SHY_02,2023-08-01 21:00:00+00:00,0.0,0.0,0.02,0.095,9.7,55,618.8,0.7
KRU_SHY_02,2023-08-01 22:00:00+00:00,0.0,0.0,0.02,0.095,9.1,56,618.4,1.8
KRU_SHY_02,2023-08-01 23:00:00+00:00,0.0,0.0,0.02,0.095,8.6,56,618.0,2.6
KRU_SHY_02,2023-08-02 00:00:00+00:00,0.0,0.0,0.015,0.093,8.9,56,618.3,4.6
KRU_SHY_02,2023-08-02 01:00:00+00:00,0.0,0.0,0.015,0.093,8.8,57,618.7,1.5
KRU_SHY_02,2023-08-02 02:00:00+00:00,0.0,0.0,0.015,0.093,9.8,54,620.1,1.8
KRU_SHY_02,2023-08-02 03:00:00+00:00,0.0,0.0,0.015,0.093,10.9,53,621.1,3.8
KRU_SHY_02,2023-08-02 04:00:00+00:00,0.0,0.0,0.015,0.093,12.4,47,621.9,6.6
KRU_SHY_02,2023-08-02 05:00:00+00:00,0.0,0.0,0.015,0.093,14.0,39,622.8,10.0
KRU_SHY_02,2023-08-02 06:00:00+00:00,0.0,0.0,0.015,0.093,15.2,32,623.2,11.2
KRU_SHY_02,2023-08-02 07:00:00+00:00,0.0,0.0,0.015,0.093,16.4,28,623.2,12.3
KRU_SHY_02,2023-08-02 08:00:00+00:00,0.0,0.0,0.015,0.093,16.7,28,623.1,12.6
KRU_SHY_02,2023-08-02 09:00:00+00:00,0.0,0.0,0.015,0.093,16.5,31,622.6,12.9
KRU_SHY_02,2023-08-02 10:00:00+00:00,0.0,0.0,0.015,0.093,16.6,31,622.4,12.6
KRU_SHY_02,2023-08-02 11:00:00+00:00,0.0,0.0,0.015,0.093,16.2,31,622.0,12.7
KRU_SHY_02,2023-08-02 12:00:00+00:00,0.0,0.0,0.014,0.092,16.8,23,621.8,10.9
KRU_SHY_02,2023-08-02 13:00:00+00:00,0.0,0.0,0.014,0.092,15.4,34,621.2,10.8
KRU_SHY_02,2023-08-02 14:00:00+00:00,0.0,0.0,0.014,0.092,13.4,46,620.4,6.4
KRU_SHY_02,2023-08-02 15:00:00+00:00,0.0,0.0,0.014,0.092,12.4,54,620.5,5.6
KRU_SHY_02,2023-08-02 16:00:00+00:00,0.0,0.0,0.014,0.092,11.6,59,620.4,4.5
KRU_SHY_02,2023-08-02 17:00:00+00:00,0.0,0.0,0.014,0.092,10.7,64,620.0,3.2
KRU_SHY_02,2023-08-02 18:00:00+00:00,0.0,0.0,0.014,0.092,9.8,68,619.6,1.8
KRU_SHY_02,2023-08-02 19:00:00+00:00,0.0,0.0,0.014,0.092,9.0,71,619.2,3.6
KRU_SHY_02,2023-08-02 20:00:00+00:00,0.0,0.0,0.014,0.092,8.7,72,618.9,5.8
KRU_SHY_02,2023-08-02 21:00:00+00:00,0.0,0.0,0.014,0.092,8.5,72,618.6,6.2
KRU_SHY_02,2023-08-02 22:00:00+00:00,0.0,0.0,0.014,0.092,7.5,75,617.8,4.5
KRU_SHY_02,2023-08-02 23:00:00+00:00,0.0,0.0,0.014,0.092,6.4,78,617.0,8.2
KRU_SHY_02,2023-08-03 00:00:00+00:00,0.0,0.0,0.012,0.093,6.3,80,616.7,7.4
KRU_SHY_02,2023-08-03 01:00:00+00:00,0.0,0.0,0.012,0.093,6.8,78,617.6,8.0
KRU_SHY_02,2023-08-03 02:00:00+00:00,0.0,0.0,0.012,0.093,7.8,74,619.0,2.8
KRU_SHY_02,2023-08-03 03:00:00+00:00,0.0,0.0,0.012,0.093,8.8,69,619.8,4.6
KRU_SHY_02,2023-08-03 04:00:00+00:00,0.0,0.0,0.012,0.093,10.7,62,620.9,7.4
KRU_SHY_02,2023-08-03 05:00:00+00:00,0.0,0.0,0.012,0.093,12.3,50,621.7,9.3
KRU_SHY_02,2023-08-03 06:00:00+00:00,0.0,0.0,0.012,0.093,14.3,38,622.6,10.4
KRU_SHY_02,2023-08-03 07:00:00+00:00,0.0,0.0,0.012,0.093,15.2,35,622.7,10.7
KRU_SHY_02,2023-08-03 08:00:00+00:00,0.0,0.0,0.012,0.093,15.5,38,622.6,11.8
KRU_SHY_02,2023-08-03 09:00:00+00:00,0.1,0.1,0.012,0.093,16.2,38,622.5,11.3
KRU_SHY_02,2023-08-03 10:00:00+00:00,0.0,0.0,0.013,0.093,16.7,36,622.4,13.6
KRU_SHY_02,2023-08-03 11:00:00+00:00,0.1,0.1,0.014,0.093,15.6,41,621.8,13.1
KRU_SHY_02,2023-08-03 12:00:00+00:00,0.0,0.0,0.013,0.093,15.3,39,621.7,10.5
KRU_SHY_02,2023-08-03 13:00:00+00:00,0.0,0.0,0.013,0.093,14.5,43,621.3,9.8
KRU_SHY_02,2023-08-03 14:00:00+00:00,0.0,0.0,0.013,0.093,13.3,49,620.9,6.5
KRU_SHY_02,2023-08-03 15:00:00+00:00,0.0,0.0,0.013,0.093,12.7,51,621.1,4.3
KRU_SHY_02,2023-08-03 16:00:00+00:00,0.0,0.0,0.013,0.093,11.9,54,621.0,0.0
KRU_SHY_02,2023-08-03 17:00:00+00:00,0.0,0.0,0.013,0.093,11.2,57,620.7,2.3
KRU_SHY_02,2023-08-03 18:00:00+00:00,0.0,0.0,0.013,0.093,10.7,60,620.7,2.9
KRU_SHY_02,2023-08-03 19:00:00+00:00,0.0,0.0,0.013,0.093,9.6,67,620.0,2.2
KRU_SHY_02,2023-08-03 20:00:00+00:00,0.0,0.0,0.013,0.093,9.1,67,619.5,5.1
KRU_SHY_02,2023-08-03 21:00:00+00:00,0.0,0.0,0.013,0.093,8.3,71,618.7,3.6
KRU_SHY_02,2023-08-03 22:00:00+00:00,0.0,0.0,0.013,0.093,8.1,71,618.6,1.6
KRU_SHY_02,2023-08-03 23:00:00+00:00,0.0,0.0,0.013,0.093,6.9,77,617.7,4.6
KRU_SHY_02,2023-08-04 00:00:00+00:00,0.0,0.0,0.011,0.092,6.8,79,617.2,8.0
KRU_SHY_02,2023-08-04 01:00:00+00:00,0.0,0.0,0.011,0.092,7.7,74,618.2,8.7
KRU_SHY_02,2023-08-04 02:00:00+00:00,0.0,0.0,0.011,0.092,9.4,65,620.5,3.4
KRU_SHY_02,2023-08-04 03:00:00+00:00,0.0,0.0,0.011,0.092,10.3,61,621.5,6.0
KRU_SHY_02,2023-08-04 04:00:00+00:00,0.0,0.0,0.011,0.092,12.2,54,622.7,7.7
KRU_SHY_02,2023-08-04 05:00:00+00:00,0.0,0.0,0.011,0.092,13.8,41,623.8,11.2
KRU_SHY_02,2023-08-04 06:00:00+00:00,0.0,0.0,0.011,0.092,15.0,34,624.4,11.5
KRU_SHY_02,2023-08-04 07:00:00+00:00,0.0,0.0,0.011,0.092,16.2,28,624.8,11.2
KRU_SHY_02,2023-08-04 08:00:00+00:00,0.0,0.0,0.011,0.092,16.8,30,624.9,11.9
KRU_SHY_02,2023-08-04 09:00:00+00:00,0.0,0.0,0.011,0.092,16.7,34,624.3,12.1
KRU_SHY_02,2023-08-04 10:00:00+00:00,0.0,0.0,0.011,0.092,17.1,33,624.2,12.9
KRU_SHY_02,2023-08-04 11:00:00+00:00,0.0,0.0,0.011,0.092,17.0,33,623.9,13.5
KRU_SHY_02,2023-08-04 12:00:00+00:00,0.0,0.0,0.011,0.092,16.9,27,623.3,10.6
KRU_SHY_02,2023-08-04 13:00:00+00:00,0.0,0.0,0.011,0.092,15.3,37,622.6,10.6
KRU_SHY_02,2023-08-04 14:00:00+00:00,0.0,0.0,0.011,0.092,13.9,45,622.1,6.6
KRU_SHY_02,2023-08-04 15:00:00+00:00,0.0,0.0,0.011,0.092,13.1,50,622.6,5.5
KRU_SHY_02,2023-08-04 16:00:00+00:00,0.0,0.0,0.011,0.092,12.2,53,622.6,3.5
KRU_SHY_02,2023-08-04 17:00:00+00:00,0.0,0.0,0.011,0.092,11.6,55,622.3,1.8
KRU_SHY_02,2023-08-04 18:00:00+00:00,0.0,0.0,0.011,0.092,10.9,58,622.2,1.1
KRU_SHY_02,2023-08-04 19:00:00+00:00,0.0,0.0,0.011,0.092,10.4,60,621.8,2.3
KRU_SHY_02,2023-08-04 20:00:00+00:00,0.0,0.0,0.011,0.092,9.3,64,620.8,3.4
KRU_SHY_02,2023-08-04 21:00:00+00:00,0.0,0.0,0.011,0.092,8.6,65,620.2,7.3
KRU_SHY_02,2023-08-04 22:00:00+00:00,0.0,0.0,0.011,0.092,7.7,69,619.2,7.7
KRU_SHY_02,2023-08-04 23:00:00+00:00,0.0,0.0,0.011,0.092,6.8,74,618.4,3.8
KRU_SHY_02,2023-08-05 00:00:00+00:00,0.0,0.0,0.011,0.094,6.1,80,618.0,6.2
KRU_SHY_02,2023-08-05 01:00:00+00:00,0.0,0.0,0.011,0.094,7.9,70,620.0,3.5
KRU_SHY_02,2023-08-05 02:00:00+00:00,0.0,0.0,0.011,0.094,9.6,62,622.1,2.1
KRU_SHY_02,2023-08-05 03:00:00+00:00,0.0,0.0,0.011,0.094,11.0,58,623.2,4.6
KRU_SHY_02,2023-08-05 04:00:00+00:00,0.0,0.0,0.012,0.094,12.4,52,624.1,6.4
KRU_SHY_02,2023-08-05 05:00:00+00:00,0.0,0.0,0.012,0.094,13.4,48,624.5,9.0
KRU_SHY_02,2023-08-05 06:00:00+00:00,0.0,0.0,0.012,0.094,14.6,41,625.0,9.8
KRU_SHY_02,2023-08-05 07:00:00+00:00,0.0,0.0,0.012,0.094,15.6,34,625.1,10.5
KRU_SHY_02,2023-08-05 08:00:00+00:00,0.0,0.0,0.012,0.094,16.6,31,625.1,11.1
KRU_SHY_02,2023-08-05 09:00:00+00:00,0.0,0.0,0.012,0.094,17.3,32,624.6,10.7
KRU_SHY_02,2023-08-05 10:00:00+00:00,0.0,0.0,0.012,0.094,17.9,32,624.3,12.1
KRU_SHY_02,2023-08-05 11:00:00+00:00,0.5,0.5,0.019,0.094,16.5,37,623.4,11.3
KRU_SHY_02,2023-08-05 12:00:00+00:00,0.2,0.2,0.019,0.098,14.5,49,622.9,8.0
KRU_SHY_02,2023-08-05 13:00:00+00:00,0.0,0.0,0.019,0.098,13.8,53,622.6,8.2
KRU_SHY_02,2023-08-05 14:00:00+00:00,0.0,0.0,0.019,0.098,12.8,57,622.2,5.4
KRU_SHY_02,2023-08-05 15:00:00+00:00,0.0,0.0,0.019,0.098,12.3,59,622.5,3.6
KRU_SHY_02,2023-08-05 16:00:00+00:00,0.0,0.0,0.019,0.098,11.3,64,622.6,3.3
KRU_SHY_02,2023-08-05 17:00:00+00:00,0.0,0.0,0.019,0.098,10.6,68,622.0,4.5
KRU_SHY_02,2023-08-05 18:00:00+00:00,0.0,0.0,0.019,0.098,10.0,71,621.7,5.0
KRU_SHY_02,2023-08-05 19:00:00+00:00,0.0,0.0,0.019,0.098,9.5,74,621.2,5.0
KRU_SHY_02,2023-08-05 20:00:00+00:00,0.0,0.0,0.019,0.098,8.5,79,620.3,5.1
KRU_SHY_02,2023-08-05 21:00:00+00:00,0.0,0.0,0.019,0.098,7.9,81,619.7,4.7
KRU_SHY_02,2023-08-05 22:00:00+00:00,0.0,0.0,0.02,0.098,7.6,81,619.4,4.7
KRU_SHY_02,2023-08-05 23:00:00+00:00,0.0,0.0,0.02,0.098,7.1,86,619.0,5.2
KRU_SHY_02,2023-08-06 00:00:00+00:00,0.0,0.0,0.028,0.1,7.1,90,619.1,3.6
KRU_SHY_02,2023-08-06 01:00:00+00:00,0.0,0.0,0.029,0.1,6.7,94,619.1,4.5
KRU_SHY_02,2023-08-06 02:00:00+00:00,0.1,0.1,0.029,0.1,7.7,86,619.9,6.2
KRU_SHY_02,2023-08-06 03:00:00+00:00,0.0,0.0,0.03,0.1,8.4,78,620.3,7.0
KRU_SHY_02,2023-08-06 04:00:00+00:00,0.0,0.0,0.029,0.1,9.2,71,620.8,6.9
KRU_SHY_02,2023-08-06 05:00:00+00:00,0.0,0.0,0.029,0.1,11.2,52,621.5,7.9
KRU_SHY_02,2023-08-06 06:00:00+00:00,0.0,0.0,0.028,0.1,13.2,44,622.0,9.8
KRU_SHY_02,2023-08-06 07:00:00+00:00,0.0,0.0,0.027,0.1,14.5,41,622.0,9.9
KRU_SHY_02,2023-08-06 08:00:00+00:00,0.0,0.0,0.026,0.1,15.0,41,621.3,10.3
KRU_SHY_02,2023-08-06 09:00:00+00:00,0.6,0.6,0.033,0.1,14.9,45,620.7,10.1
KRU_SHY_02,2023-08-06 10:00:00+00:00,1.0,1.0,0.045,0.1,14.3,48,620.0,11.3
KRU_SHY_02,2023-08-06 11:00:00+00:00,0.2,0.2,0.045,0.1,14.3,49,619.6,11.4
KRU_SHY_02,2023-08-06 12:00:00+00:00,0.0,0.0,0.035,0.1,13.5,49,619.2,7.6
KRU_SHY_02,2023-08-06 13:00:00+00:00,0.0,0.0,0.034,0.1,12.5,54,618.9,10.4
KRU_SHY_02,2023-08-06 14:00:00+00:00,0.0,0.0,0.034,0.1,11.3,61,618.4,8.6
KRU_SHY_02,2023-08-06 15:00:00+00:00,0.0,0.0,0.034,0.1,9.6,69,618.1,5.8
KRU_SHY_02,2023-08-06 16:00:00+00:00,0.0,0.0,0.034,0.1,9.2,69,618.3,4.0
KRU_SHY_02,2023-08-06 17:00:00+00:00,0.0,0.0,0.033,0.1,8.6,72,617.9,4.5
KRU_SHY_02,2023-08-06 18:00:00+00:00,0.0,0.0,0.033,0.1,8.0,73,617.6,3.3
KRU_SHY_02,2023-08-06 19:00:00+00:00,0.0,0.0,0.034,0.1,6.9,79,617.0,5.1
KRU_SHY_02,2023-08-06 20:00:00+00:00,0.0,0.0,0.034,0.1,6.7,79,616.4,3.3
KRU_SHY_02,2023-08-06 21:00:00+00:00,0.0,0.0,0.034,0.1,6.0,77,615.9,3.3
KRU_SHY_02,2023-08-06 22:00:00+00:00,0.0,0.0,0.035,0.1,6.0,73,615.6,4.4
KRU_SHY_02,2023-08-06 23:00:00+00:00,0.0,0.0,0.035,0.1,6.0,73,615.4,4.2
KRU_SHY_02,2023-08-07 00:00:00+00:00,0.0,0.0,0.033,0.098,5.4,85,614.0,3.6
KRU_SHY_02,2023-08-07 01:00:00+00:00,0.0,0.0,0.033,0.098,6.2,74,615.2,3.1
KRU_SHY_02,2023-08-07 02:00:00+00:00,0.0,0.0,0.033,0.098,7.2,60,616.2,6.3
KRU_SHY_02,2023-08-07 03:00:00+00:00,0.0,0.0,0.032,0.098,7.5,59,616.8,7.2
KRU_SHY_02,2023-08-07 04:00:00+00:00,0.0,0.0,0.032,0.098,8.6,54,617.8,7.1
KRU_SHY_02,2023-08-07 05:00:00+00:00,0.0,0.0,0.031,0.098,10.4,46,618.7,8.9
KRU_SHY_02,2023-08-07 06:00:00+00:00,0.0,0.0,0.03,0.098,12.1,41,619.3,10.5
KRU_SHY_02,2023-08-07 07:00:00+00:00,0.0,0.0,0.029,0.098,12.9,38,619.1,10.2
KRU_SHY_02,2023-08-07 08:00:00+00:00,0.0,0.0,0.028,0.098,13.8,38,619.2,9.6
KRU_SHY_02,2023-08-07 09:00:00+00:00,0.0,0.0,0.027,0.098,14.7,36,619.1,11.7
KRU_SHY_02,2023-08-07 10:00:00+00:00,0.0,0.0,0.026,0.098,14.7,36,618.7,11.6
KRU_SHY_02,2023-08-07 11:00:00+00:00,0.0,0.0,0.026,0.098,14.2,38,618.4,11.2
KRU_SHY_02,2023-08-07 12:00:00+00:00,0.0,0.0,0.026,0.098,13.2,41,617.8,9.7
KRU_SHY_02,2023-08-07 13:00:00+00:00,0.0,0.0,0.026,0.098,11.7,51,617.3,10.8
KRU_SHY_02,2023-08-07 14:00:00+00:00,0.0,0.0,0.026,0.098,10.0,59,616.8,4.7
KRU_SHY_02,2023-08-07 15:00:00+00:00,0.0,0.0,0.026,0.098,9.6,60,617.3,5.7
KRU_SHY_02,2023-08-07 16:00:00+00:00,0.0,0.0,0.026,0.098,9.1,60,617.5,7.9
KRU_SHY_02,2023-08-07 17:00:00+00:00,0.0,0.0,0.025,0.098,8.2,59,617.2,5.9
KRU_SHY_02,2023-08-07 18:00:00+00:00,0.0,0.0,0.025,0.098,8.1,56,617.1,2.9
KRU_SHY_02,2023-08-07 19:00:00+00:00,0.0,0.0,0.025,0.098,7.4,59,616.4,1.0
KRU_SHY_02,2023-08-07 20:00:00+00:00,0.0,0.0,0.025,0.098,7.2,59,616.0,0.7
KRU_SHY_02,2023-08-07 21:00:00+00:00,0.0,0.0,0.025,0.098,6.9,59,615.8,1.6
KRU_SHY_02,2023-08-07 22:00:00+00:00,0.0,0.0,0.025,0.098,6.6,60,615.7,1.8
KRU_SHY_02,2023-08-07 23:00:00+00:00,0.0,0.0,0.025,0.098,6.6,60,616.0,1.8
KRU_SHY_02,2023-08-08 00:00:00+00:00,0.0,0.0,0.026,0.099,6.8,64,615.6,3.7
KRU_SHY_02,2023-08-08 01:00:00+00:00,0.0,0.0,0.026,0.099,7.2,62,616.3,2.3
KRU_SHY_02,2023-08-08 02:00:00+00:00,0.0,0.0,0.026,0.099,7.8,56,617.1,5.3
KRU_SHY_02,2023-08-08 03:00:00+00:00,0.0,0.0,0.026,0.099,8.6,51,618.0,6.6
KRU_SHY_02,2023-08-08 04:00:00+00:00,0.0,0.0,0.026,0.099,10.1,39,619.1,6.9
KRU_SHY_02,2023-08-08 05:00:00+00:00,0.0,0.0,0.026,0.099,12.0,29,620.3,8.7
KRU_SHY_02,2023-08-08 06:00:00+00:00,0.0,0.0,0.025,0.099,13.4,25,621.0,11.4
KRU_SHY_02,2023-08-08 07:00:00+00:00,0.0,0.0,0.024,0.099,14.6,23,621.3,11.6
KRU_SHY_02,2023-08-08 08:00:00+00:00,0.0,0.0,0.024,0.099,15.4,22,621.4,11.6
KRU_SHY_02,2023-08-08 09:00:00+00:00,0.0,0.0,0.023,0.099,15.7,24,621.5,11.9
KRU_SHY_02,2023-08-08 10:00:00+00:00,0.0,0.0,0.023,0.099,15.7,26,621.2,11.6
KRU_SHY_02,2023-08-08 11:00:00+00:00,0.0,0.0,0.023,0.099,15.8,26,621.1,10.9
KRU_SHY_02,2023-08-08 12:00:00+00:00,0.0,0.0,0.023,0.098,15.3,24,620.5,8.0
KRU_SHY_02,2023-08-08 13:00:00+00:00,0.0,0.0,0.022,0.098,14.3,27,620.2,9.7
KRU_SHY_02,2023-08-08 14:00:00+00:00,0.0,0.0,0.022,0.098,12.5,34,619.6,5.0
KRU_SHY_02,2023-08-08 15:00:00+00:00,0.0,0.0,0.022,0.098,12.1,36,619.9,3.4
KRU_SHY_02,2023-08-08 16:00:00+00:00,0.0,0.0,0.022,0.098,11.9,37,620.3,1.8
KRU_SHY_02,2023-08-08 17:00:00+00:00,0.0,0.0,0.022,0.098,11.3,39,620.5,1.1
KRU_SHY_02,2023-08-08 18:00:00+00:00,0.0,0.0,0.022,0.098,10.4,43,620.1,1.8
KRU_SHY_02,2023-08-08 19:00:00+00:00,0.0,0.0,0.022,0.098,9.2,45,619.1,7.6
KRU_SHY_02,2023-08-08 20:00:00+00:00,0.0,0.0,0.022,0.098,8.4,46,618.1,9.1
KRU_SHY_02,2023-08-08 21:00:00+00:00,0.0,0.0,0.022,0.098,7.7,47,617.3,9.2
KRU_SHY_02,2023-08-08 22:00:00+00:00,0.0,0.0,0.022,0.098,6.6,51,616.3,7.0
KRU_SHY_02,2023-08-08 23:00:00+00:00,0.0,0.0,0.022,0.098,7.6,46,617.8,4.1
KRU_SHY_02,2023-08-09 00:00:00+00:00,0.0,0.0,0.022,0.098,6.0,56,616.0,6.7
KRU_SHY_02,2023-08-09 01:00:00+00:00,0.0,0.0,0.022,0.098,7.1,53,617.8,4.3
KRU_SHY_02,2023-08-09 02:00:00+00:00,0.0,0.0,0.022,0.098,9.6,42,620.8,1.5
KRU_SHY_02,2023-08-09 03:00:00+00:00,0.0,0.0,0.022,0.098,10.8,42,621.9,5.6
KRU_SHY_02,2023-08-09 04:00:00+00:00,0.0,0.0,0.022,0.098,12.0,40,623.0,7.9
KRU_SHY_02,2023-08-09 05:00:00+00:00,0.0,0.0,0.022,0.098,13.6,35,624.0,9.9
KRU_SHY_02,2023-08-09 06:00:00+00:00,0.0,0.0,0.022,0.098,15.1,26,624.8,10.7
KRU_SHY_02,2023-08-09 07:00:00+00:00,0.0,0.0,0.022,0.098,16.4,21,625.3,11.6
KRU_SHY_02,2023-08-09 08:00:00+00:00,0.0,0.0,0.022,0.098,16.9,20,625.2,11.1
KRU_SHY_02,2023-08-09 09:00:00+00:00,0.0,0.0,0.021,0.098,17.2,20,624.9,11.2
KRU_SHY_02,2023-08-09 10:00:00+00:00,0.0,0.0,0.021,0.098,17.6,20,624.7,10.6
KRU_SHY_02,2023-08-09 11:00:00+00:00,0.0,0.0,0.021,0.098,17.6,20,624.4,11.6
KRU_SHY_02,2023-08-09 12:00:00+00:00,0.0,0.0,0.021,0.097,16.7,22,624.0,9.2
KRU_SHY_02,2023-08-09 13:00:00+00:00,0.0,0.0,0.021,0.097,15.8,25,623.5,7.2
KRU_SHY_02,2023-08-09 14:00:00+00:00,0.0,0.0,0.021,0.097,14.7,29,623.0,4.6
KRU_SHY_02,2023-08-09 15:00:00+00:00,0.0,0.0,0.021,0.097,13.9,32,622.9,1.4
KRU_SHY_02,2023-08-09 16:00:00+00:00,0.0,0.0,0.021,0.097,13.2,34,622.9,1.1
KRU_SHY_02,2023-08-09 17:00:00+00:00,0.0,0.0,0.021,0.097,12.1,39,622.3,2.3
KRU_SHY_02,2023-08-09 18:00:00+00:00,0.0,0.0,0.021,0.097,11.7,39,622.2,2.2
KRU_SHY_02,2023-08-09 19:00:00+00:00,0.0,0.0,0.021,0.097,10.4,43,621.0,3.6
KRU_SHY_02,2023-08-09 20:00:00+00:00,0.0,0.0,0.021,0.097,10.6,42,621.0,3.0
KRU_SHY_02,2023-08-09 21:00:00+00:00,0.0,0.0,0.021,0.097,9.0,47,619.5,3.9
KRU_SHY_02,2023-08-09 22:00:00+00:00,0.0,0.0,0.021,0.097,7.5,52,618.1,6.1
KRU_SHY_02,2023-08-09 23:00:00+00:00,0.0,0.0,0.021,0.097,7.1,53,617.8,7.4
KRU_SHY_02,2023-08-10 00:00:00+00:00,0.0,0.0,0.02,0.096,7.5,53,618.1,7.1
KRU_SHY_02,2023-08-10 01:00:00+00:00,0.0,0.0,0.02,0.096,8.8,49,619.8,4.7
KRU_SHY_02,2023-08-10 02:00:00+00:00,0.0,0.0,0.02,0.096,11.2,40,622.5,0.7
KRU_SHY_02,2023-08-10 03:00:00+00:00,0.0,0.0,0.02,0.096,12.6,36,623.8,3.1
KRU_SHY_02,2023-08-10 04:00:00+00:00,0.0,0.0,0.02,0.096,14.2,33,624.8,5.2
KRU_SHY_02,2023-08-10 05:00:00+00:00,0.0,0.0,0.02,0.096,15.9,29,625.7,8.8
KRU_SHY_02,2023-08-10 06:00:00+00:00,0.0,0.0,0.02,0.096,17.4,25,626.3,11.6
KRU_SHY_02,2023-08-10 07:00:00+00:00,0.0,0.0,0.02,0.096,18.3,23,626.4,11.9
KRU_SHY_02,2023-08-10 08:00:00+00:00,0.0,0.0,0.02,0.096,18.5,23,626.2,12.1
KRU_SHY_02,2023-08-10 09:00:00+00:00,0.0,0.0,0.02,0.096,18.8,24,625.6,12.3
KRU_SHY_02,2023-08-10 10:00:00+00:00,0.0,0.0,0.02,0.096,18.4,27,625.3,12.4
KRU_SHY_02,2023-08-10 11:00:00+00:00,0.0,0.0,0.02,0.096,17.7,29,624.8,12.2
KRU_SHY_02,2023-08-10 12:00:00+00:00,0.0,0.0,0.02,0.098,17.3,31,625.0,9.1
KRU_SHY_02,2023-08-10 13:00:00+00:00,0.0,0.0,0.02,0.098,16.1,34,624.9,10.6
KRU_SHY_02,2023-08-10 14:00:00+00:00,0.0,0.0,0.02,0.098,15.1,38,624.7,8.8
KRU_SHY_02,2023-08-10 15:00:00+00:00,0.0,0.0,0.02,0.098,14.3,41,624.9,8.3
KRU_SHY_02,2023-08-10 16:00:00+00:00,0.0,0.0,0.02,0.098,13.2,46,624.2,6.9
KRU_SHY_02,2023-08-10 17:00:00+00:00,0.0,0.0,0.02,0.098,12.3,50,623.9,5.7
KRU_SHY_02,2023-08-10 18:00:00+00:00,0.0,0.0,0.02,0.098,11.5,54,623.4,3.1
KRU_SHY_02,2023-08-10 19:00:00+00:00,0.0,0.0,0.02,0.098,10.5,60,622.5,2.8
KRU_SHY_02,2023-08-10 20:00:00+00:00,0.0,0.0,0.02,0.098,10.0,60,621.9,5.9
KRU_SHY_02,2023-08-10 21:00:00+00:00,0.0,0.0,0.02,0.098,9.2,63,620.8,5.8
KRU_SHY_02,2023-08-10 22:00:00+00:00,0.0,0.0,0.02,0.098,9.9,60,621.9,1.6
KRU_SHY_02,2023-08-10 23:00:00+00:00,0.0,0.0,0.02,0.098,8.4,66,620.7,3.8
KRU_SHY_02,2023-08-11 00:00:00+00:00,0.0,0.0,0.022,0.101,9.2,67,621.3,3.8
KRU_SHY_02,2023-08-11 01:00:00+00:00,0.0,0.0,0.022,0.101,9.2,68,621.9,4.2
KRU_SHY_02,2023-08-11 02:00:00+00:00,0.0,0.0,0.022,0.101,10.2,64,623.1,5.9
KRU_SHY_02,2023-08-11 03:00:00+00:00,0.0,0.0,0.022,0.101,11.1,57,624.0,6.9
KRU_SHY_02,2023-08-11 04:00:00+00:00,0.0,0.0,0.022,0.101,12.6,47,624.9,7.7
KRU_SHY_02,2023-08-11 05:00:00+00:00,0.0,0.0,0.022,0.101,14.2,41,625.6,9.3
KRU_SHY_02,2023-08-11 06:00:00+00:00,0.0,0.0,0.022,0.101,15.7,36,626.0,10.8
KRU_SHY_02,2023-08-11 07:00:00+00:00,0.0,0.0,0.022,0.101,16.3,37,626.1,11.9
KRU_SHY_02,2023-08-11 08:00:00+00:00,0.0,0.0,0.022,0.101,17.1,34,625.8,12.8
KRU_SHY_02,2023-08-11 09:00:00+00:00,0.0,0.0,0.021,0.101,17.8,31,625.6,13.2
KRU_SHY_02,2023-08-11 10:00:00+00:00,0.0,0.0,0.021,0.101,17.7,30,625.1,12.8
KRU_SHY_02,2023-08-11 11:00:00+00:00,0.0,0.0,0.021,0.101,17.5,28,624.6,12.4
KRU_SHY_02,2023-08-11 12:00:00+00:00,0.0,0.0,0.02,0.1,16.4,30,624.6,9.7
KRU_SHY_02,2023-08-11 13:00:00+00:00,0.0,0.0,0.02,0.1,15.1,34,624.0,8.7
KRU_SHY_02,2023-08-11 14:00:00+00:00,0.0,0.0,0.02,0.1,13.8,38,623.5,5.6
KRU_SHY_02,2023-08-11 15:00:00+00:00,0.0,0.0,0.02,0.1,13.2,39,623.7,4.5
KRU_SHY_02,2023-08-11 16:00:00+00:00,0.0,0.0,0.02,0.1,12.9,41,623.7,4.7
KRU_SHY_02,2023-08-11 17:00:00+00:00,0.0,0.0,0.02,0.1,12.3,44,623.1,3.2
KRU_SHY_02,2023-08-11 18:00:00+00:00,0.0,0.0,0.02,0.1,11.1,49,622.3,2.9
KRU_SHY_02,2023-08-11 19:00:00+00:00,0.0,0.0,0.02,0.1,10.8,48,622.1,1.8
KRU_SHY_02,2023-08-11 20:00:00+00:00,0.0,0.0,0.02,0.1,9.5,52,620.7,7.6
KRU_SHY_02,2023-08-11 21:00:00+00:00,0.0,0.0,0.02,0.1,8.8,55,619.6,6.8
KRU_SHY_02,2023-08-11 22:00:00+00:00,0.0,0.0,0.02,0.1,9.5,52,620.4,3.7
KRU_SHY_02,2023-08-11 23:00:00+00:00,0.0,0.0,0.02,0.1,9.5,51,620.5,1.4
KRU_SHY_02,2023-08-12 00:00:00+00:00,0.0,0.0,0.02,0.1,8.8,55,619.9,4.9
KRU_SHY_02,2023-08-12 01:00:00+00:00,0.0,0.0,0.02,0.1,8.3,57,619.5,5.0
KRU_SHY_02,2023-08-12 02:00:00+00:00,0.0,0.0,0.02,0.1,10.3,49,621.8,4.2
KRU_SHY_02,2023-08-12 03:00:00+00:00,0.0,0.0,0.02,0.1,11.2,43,622.9,7.6
KRU_SHY_02,2023-08-12 04:00:00+00:00,0.0,0.0,0.02,0.1,12.6,36,623.9,7.9
KRU_SHY_02,2023-08-12 05:00:00+00:00,0.0,0.0,0.02,0.1,14.5,30,624.9,9.6
KRU_SHY_02,2023-08-12 06:00:00+00:00,0.0,0.0,0.02,0.1,16.0,25,625.3,10.5
KRU_SHY_02,2023-08-12 07:00:00+00:00,0.0,0.0,0.02,0.1,17.2,22,625.5,11.9
KRU_SHY_02,2023-08-12 08:00:00+00:00,0.0,0.0,0.019,0.1,17.6,23,625.1,12.6
KRU_SHY_02,2023-08-12 09:00:00+00:00,0.0,0.0,0.019,0.1,17.8,24,624.6,11.4
KRU_SHY_02,2023-08-12 10:00:00+00:00,0.0,0.0,0.019,0.1,17.7,25,624.0,11.1
KRU_SHY_02,2023-08-12 11:00:00+00:00,0.0,0.0,0.019,0.1,17.7,26,623.4,12.0
KRU_SHY_02,2023-08-12 12:00:00+00:00,0.0,0.0,0.019,0.1,17.6,24,623.2,12.1
KRU_SHY_02,2023-08-12 13:00:00+00:00,0.0,0.0,0.019,0.1,16.3,27,622.2,8.9
KRU_SHY_02,2023-08-12 14:00:00+00:00,0.0,0.0,0.019,0.1,14.8,30,621.5,6.2
KRU_SHY_02,2023-08-12 15:00:00+00:00,0.0,0.0,0.019,0.1,14.0,31,621.6,5.4
KRU_SHY_02,2023-08-12 16:00:00+00:00,0.0,0.0,0.019,0.1,13.5,30,621.6,5.0
KRU_SHY_02,2023-08-12 17:00:00+00:00,0.0,0.0,0.019,0.1,12.6,32,620.9,4.9
KRU_SHY_02,2023-08-12 18:00:00+00:00,0.0,0.0,0.019,0.1,11.4,35,620.0,3.7
KRU_SHY_02,2023-08-12 19:00:00+00:00,0.0,0.0,0.019,0.1,11.0,35,619.9,3.3
KRU_SHY_02,2023-08-12 20:00:00+00:00,0.0,0.0,0.019,0.1,11.1,35,619.7,1.6
KRU_SHY_02,2023-08-12 21:00:00+00:00,0.0,0.0,0.019,0.1,10.2,37,618.9,3.3
KRU_SHY_02,2023-08-12 22:00:00+00:00,0.0,0.0,0.019,0.1,7.7,45,616.4,7.0
KRU_SHY_02,2023-08-12 23:00:00+00:00,0.0,0.0,0.019,0.1,7.3,49,616.0,7.1
KRU_SHY_02,2023-08-13 00:00:00+00:00,0.0,0.0,0.02,0.101,8.1,47,617.1,5.6
KRU_SHY_02,2023-08-13 01:00:00+00:00,0.0,0.0,0.02,0.101,9.5,44,618.8,2.2
KRU_SHY_02,2023-08-13 02:00:00+00:00,0.0,0.0,0.02,0.101,10.3,45,620.2,1.8
KRU_SHY_02,2023-08-13 03:00:00+00:00,0.0,0.0,0.02,0.101,11.5,48,621.0,6.7
KRU_SHY_02,2023-08-13 04:00:00+00:00,0.0,0.0,0.02,0.101,13.0,40,622.1,7.9
KRU_SHY_02,2023-08-13 05:00:00+00:00,0.0,0.0,0.02,0.101,14.8,30,623.0,9.6
KRU_SHY_02,2023-08-13 06:00:00+00:00,0.0,0.0,0.02,0.101,16.5,24,623.5,11.1
KRU_SHY_02,2023-08-13 07:00:00+00:00,0.0,0.0,0.02,0.101,17.6,22,623.5,12.6
KRU_SHY_02,2023-08-13 08:00:00+00:00,0.0,0.0,0.02,0.101,18.1,23,623.4,12.6
KRU_SHY_02,2023-08-13 09:00:00+00:00,0.0,0.0,0.02,0.101,18.3,24,622.8,12.0
KRU_SHY_02,2023-08-13 10:00:00+00:00,0.0,0.0,0.019,0.101,18.1,24,622.2,11.2
KRU_SHY_02,2023-08-13 11:00:00+00:00,0.0,0.0,0.019,0.101,18.0,25,621.9,13.7
KRU_SHY_02,2023-08-13 12:00:00+00:00,0.0,0.0,0.018,0.099,17.4,26,621.8,11.1
KRU_SHY_02,2023-08-13 13:00:00+00:00,0.0,0.0,0.018,0.099,16.3,28,621.3,8.5
KRU_SHY_02,2023-08-13 14:00:00+00:00,0.0,0.0,0.018,0.099,15.0,30,621.0,6.3
KRU_SHY_02,2023-08-13 15:00:00+00:00,0.0,0.0,0.018,0.099,14.1,32,621.1,5.6
KRU_SHY_02,2023-08-13 16:00:00+00:00,0.0,0.0,0.018,0.099,13.5,33,621.1,5.4
KRU_SHY_02,2023-08-13 17:00:00+00:00,0.0,0.0,0.018,0.099,12.9,35,620.8,2.6
KRU_SHY_02,2023-08-13 18:00:00+00:00,0.0,0.0,0.018,0.099,11.9,40,620.2,3.7
KRU_SHY_02,2023-08-13 19:00:00+00:00,0.0,0.0,0.018,0.099,11.1,43,619.9,4.2
KRU_SHY_02,2023-08-13 20:00:00+00:00,0.0,0.0,0.018,0.099,11.7,41,620.5,2.1
KRU_SHY_02,2023-08-13 21:00:00+00:00,0.0,0.0,0.018,0.099,11.3,43,619.9,3.4
KRU_SHY_02,2023-08-13 22:00:00+00:00,0.0,0.0,0.018,0.099,10.8,45,619.7,2.5
KRU_SHY_02,2023-08-13 23:00:00+00:00,0.0,0.0,0.018,0.099,9.9,48,619.3,2.2
KRU_SHY_02,2023-08-14 00:00:00+00:00,0.0,0.0,0.012,0.094,9.8,47,619.2,4.4
KRU_SHY_02,2023-08-14 01:00:00+00:00,0.0,0.0,0.012,0.094,9.0,49,618.9,6.0
KRU_SHY_02,2023-08-14 02:00:00+00:00,0.0,0.0,0.012,0.094,10.6,43,621.0,4.7
KRU_SHY_02,2023-08-14 03:00:00+00:00,0.0,0.0,0.012,0.094,11.5,40,621.8,7.6
KRU_SHY_02,2023-08-14 04:00:00+00:00,0.0,0.0,0.012,0.094,12.9,37,623.3,8.6
KRU_SHY_02,2023-08-14 05:00:00+00:00,0.0,0.0,0.012,0.094,14.3,34,624.0,10.3
KRU_SHY_02,2023-08-14 06:00:00+00:00,0.0,0.0,0.012,0.094,15.3,32,624.2,12.2
KRU_SHY_02,2023-08-14 07:00:00+00:00,0.0,0.0,0.012,0.094,15.7,31,624.0,12.9
KRU_SHY_02,2023-08-14 08:00:00+00:00,0.0,0.0,0.012,0.094,16.1,30,623.8,14.6
KRU_SHY_02,2023-08-14 09:00:00+00:00,0.0,0.0,0.012,0.094,16.4,28,623.8,15.4
KRU_SHY_02,2023-08-14 10:00:00+00:00,0.0,0.0,0.012,0.094,14.6,32,622.7,12.3
KRU_SHY_02,2023-08-14 11:00:00+00:00,0.0,0.0,0.012,0.094,14.4,34,622.3,11.7
KRU_SHY_02,2023-08-14 12:00:00+00:00,0.0,0.0,0.017,0.097,14.5,33,621.8,9.5
KRU_SHY_02,2023-08-14 13:00:00+00:00,0.0,0.0,0.017,0.097,13.4,35,621.7,9.1
KRU_SHY_02,2023-08-14 14:00:00+00:00,0.0,0.0,0.017,0.097,12.5,37,621.4,7.2
KRU_SHY_02,2023-08-14 15:00:00+00:00,0.0,0.0,0.017,0.097,11.8,38,621.4,6.5
KRU_SHY_02,2023-08-14 16:00:00+00:00,0.0,0.0,0.017,0.097,11.5,38,621.5,5.6
KRU_SHY_02,2023-08-14 17:00:00+00:00,0.0,0.0,0.017,0.097,11.1,39,621.4,5.8
KRU_SHY_02,2023-08-14 18:00:00+00:00,0.0,0.0,0.017,0.097,10.3,42,621.1,5.9
KRU_SHY_02,2023-08-14 19:00:00+00:00,0.0,0.0,0.017,0.097,9.4,45,620.2,5.1
KRU_SHY_02,2023-08-14 20:00:00+00:00,0.0,0.0,0.017,0.097,8.6,49,619.4,3.9
KRU_SHY_02,2023-08-14 21:00:00+00:00,0.0,0.0,0.017,0.097,8.3,51,618.9,4.0
KRU_SHY_02,2023-08-14 22:00:00+00:00,0.0,0.0,0.017,0.097,7.7,54,618.4,4.7
KRU_SHY_02,2023-08-14 23:00:00+00:00,0.0,0.0,0.017,0.097,6.6,59,617.8,5.3
KRU_SHY_02,2023-08-15 00:00:00+00:00,0.0,0.0,0.02,0.097,7.4,63,619.5,2.5
KRU_SHY_02,2023-08-15 01:00:00+00:00,0.0,0.0,0.02,0.097,7.3,64,620.3,5.5
KRU_SHY_02,2023-08-15 02:00:00+00:00,0.0,0.0,0.02,0.097,7.4,63,620.7,6.8
KRU_SHY_02,2023-08-15 03:00:00+00:00,0.0,0.0,0.02,0.097,7.9,59,621.5,7.5
KRU_SHY_02,2023-08-15 04:00:00+00:00,0.0,0.0,0.02,0.097,9.2,53,622.6,8.5
KRU_SHY_02,2023-08-15 05:00:00+00:00,0.0,0.0,0.02,0.097,10.8,44,623.4,9.6
KRU_SHY_02,2023-08-15 06:00:00+00:00,0.0,0.0,0.02,0.097,12.8,37,624.3,12.0
KRU_SHY_02,2023-08-15 07:00:00+00:00,0.0,0.0,0.02,0.097,13.2,36,624.3,12.7
KRU_SHY_02,2023-08-15 08:00:00+00:00,0.0,0.0,0.02,0.097,14.1,32,624.2,13.0
KRU_SHY_02,2023-08-15 09:00:00+00:00,0.0,0.0,0.02,0.097,14.8,29,623.9,12.5
KRU_SHY_02,2023-08-15 10:00:00+00:00,0.0,0.0,0.019,0.097,15.1,27,623.6,13.2
KRU_SHY_02,2023-08-15 11:00:00+00:00,0.0,0.0,0.019,0.097,14.7,28,623.0,11.6
KRU_SHY_02,2023-08-15 12:00:00+00:00,0.0,0.0,0.019,0.096,14.0,28,622.6,8.2
KRU_SHY_02,2023-08-15 13:00:00+00:00,0.0,0.0,0.019,0.096,13.2,29,622.3,7.8
KRU_SHY_02,2023-08-15 14:00:00+00:00,0.0,0.0,0.019,0.096,12.2,31,622.1,4.0
KRU_SHY_02,2023-08-15 15:00:00+00:00,0.0,0.0,0.019,0.096,11.9,32,622.4,3.4
KRU_SHY_02,2023-08-15 16:00:00+00:00,0.0,0.0,0.019,0.096,11.4,33,622.4,1.4
KRU_SHY_02,2023-08-15 17:00:00+00:00,0.0,0.0,0.019,0.096,10.8,35,622.0,0.8
KRU_SHY_02,2023-08-15 18:00:00+00:00,0.0,0.0,0.019,0.096,9.8,38,621.5,2.3
KRU_SHY_02,2023-08-15 19:00:00+00:00,0.0,0.0,0.019,0.096,9.6,38,621.7,2.0
KRU_SHY_02,2023-08-15 20:00:00+00:00,0.0,0.0,0.019,0.096,8.7,41,620.7,2.4
KRU_SHY_02,2023-08-15 21:00:00+00:00,0.0,0.0,0.019,0.096,7.1,46,618.7,8.4
KRU_SHY_02,2023-08-15 22:00:00+00:00,0.0,0.0,0.019,0.096,6.4,49,618.1,8.0
KRU_SHY_02,2023-08-15 23:00:00+00:00,0.0,0.0,0.019,0.096,7.7,45,620.1,3.3
KRU_SHY_02,2023-08-16 00:00:00+00:00,0.0,0.0,0.019,0.095,5.7,57,617.9,6.1
KRU_SHY_02,2023-08-16 01:00:00+00:00,0.0,0.0,0.019,0.095,6.8,53,619.5,6.8
KRU_SHY_02,2023-08-16 02:00:00+00:00,0.0,0.0,0.019,0.095,8.8,46,621.4,1.4
KRU_SHY_02,2023-08-16 03:00:00+00:00,0.0,0.0,0.019,0.095,10.2,46,622.6,6.1
KRU_SHY_02,2023-08-16 04:00:00+00:00,0.0,0.0,0.019,0.095,11.7,41,623.9,8.9
KRU_SHY_02,2023-08-16 05:00:00+00:00,0.0,0.0,0.019,0.095,13.3,32,624.5,10.7
KRU_SHY_02,2023-08-16 06:00:00+00:00,0.0,0.0,0.019,0.095,14.2,29,624.8,11.9
KRU_SHY_02,2023-08-16 07:00:00+00:00,0.0,0.0,0.019,0.095,15.4,27,625.1,13.2
KRU_SHY_02,2023-08-16 08:00:00+00:00,0.0,0.0,0.019,0.095,16.0,27,624.9,13.0
KRU_SHY_02,2023-08-16 09:00:00+00:00,0.0,0.0,0.019,0.095,16.0,28,624.4,12.5
KRU_SHY_02,2023-08-16 10:00:00+00:00,0.0,0.0,0.019,0.095,16.0,27,623.8,12.2
KRU_SHY_02,2023-08-16 11:00:00+00:00,0.0,0.0,0.019,0.095,16.0,27,623.6,12.7
KRU_SHY_02,2023-08-16 12:00:00+00:00,0.0,0.0,0.019,0.095,14.9,29,623.1,10.0
KRU_SHY_02,2023-08-16 13:00:00+00:00,0.0,0.0,0.019,0.095,14.0,32,622.8,8.1
KRU_SHY_02,2023-08-16 14:00:00+00:00,0.0,0.0,0.019,0.095,12.7,35,622.2,5.3
KRU_SHY_02,2023-08-16 15:00:00+00:00,0.0,0.0,0.019,0.095,12.0,36,622.1,1.8
KRU_SHY_02,2023-08-16 16:00:00+00:00,0.0,0.0,0.019,0.095,11.7,37,622.0,2.2
KRU_SHY_02,2023-08-16 17:00:00+00:00,0.0,0.0,0.019,0.095,11.3,38,622.0,2.6
KRU_SHY_02,2023-08-16 18:00:00+00:00,0.0,0.0,0.019,0.095,10.5,42,621.2,3.1
KRU_SHY_02,2023-08-16 19:00:00+00:00,0.0,0.0,0.019,0.095,10.0,42,620.8,2.9
KRU_SHY_02,2023-08-16 20:00:00+00:00,0.0,0.0,0.019,0.095,9.4,44,619.9,3.3
KRU_SHY_02,2023-08-16 21:00:00+00:00,0.0,0.0,0.019,0.095,9.1,44,619.9,3.4
KRU_SHY_02,2023-08-16 22:00:00+00:00,0.0,0.0,0.019,0.095,7.0,51,618.0,5.4
KRU_SHY_02,2023-08-16 23:00:00+00:00,0.0,0.0,0.019,0.095,6.3,54,617.2,7.7
KRU_SHY_02,2023-08-17 00:00:00+00:00,0.0,0.0,0.02,0.095,7.1,52,618.0,6.0
KRU_SHY_02,2023-08-17 01:00:00+00:00,0.0,0.0,0.02,0.095,7.5,52,619.0,5.0
KRU_SHY_02,2023-08-17 02:00:00+00:00,0.0,0.0,0.02,0.095,9.3,48,621.4,2.5
KRU_SHY_02,2023-08-17 03:00:00+00:00,0.0,0.0,0.02,0.095,10.5,44,622.5,6.9
KRU_SHY_02,2023-08-17 04:00:00+00:00,0.0,0.0,0.02,0.095,12.0,36,623.5,8.7
KRU_SHY_02,2023-08-17 05:00:00+00:00,0.0,0.0,0.02,0.095,13.5,30,624.4,9.9
KRU_SHY_02,2023-08-17 06:00:00+00:00,0.0,0.0,0.02,0.094,14.7,27,624.7,11.0
KRU_SHY_02,2023-08-17 07:00:00+00:00,0.0,0.0,0.02,0.094,15.8,25,624.8,12.3
KRU_SHY_02,2023-08-17 08:00:00+00:00,0.0,0.0,0.02,0.094,16.3,26,624.6,11.8
KRU_SHY_02,2023-08-17 09:00:00+00:00,0.0,0.0,0.02,0.094,16.8,26,624.2,12.1
KRU_SHY_02,2023-08-17 10:00:00+00:00,0.0,0.0,0.02,0.094,16.9,25,623.7,12.6
KRU_SHY_02,2023-08-17 11:00:00+00:00,0.0,0.0,0.02,0.094,17.0,23,623.6,13.1
KRU_SHY_02,2023-08-17 12:00:00+00:00,0.0,0.0,0.018,0.092,16.0,24,623.7,11.7
KRU_SHY_02,2023-08-17 13:00:00+00:00,0.0,0.0,0.018,0.092,15.0,26,623.2,9.0
KRU_SHY_02,2023-08-17 14:00:00+00:00,0.0,0.0,0.018,0.092,13.6,28,622.7,7.3
KRU_SHY_02,2023-08-17 15:00:00+00:00,0.0,0.0,0.018,0.092,12.7,30,622.7,5.6
KRU_SHY_02,2023-08-17 16:00:00+00:00,0.0,0.0,0.018,0.092,12.0,31,622.5,5.2
KRU_SHY_02,2023-08-17 17:00:00+00:00,0.0,0.0,0.018,0.092,11.1,34,621.9,3.8
KRU_SHY_02,2023-08-17 18:00:00+00:00,0.0,0.0,0.018,0.092,10.7,34,621.9,1.8
KRU_SHY_02,2023-08-17 19:00:00+00:00,0.0,0.0,0.018,0.092,10.2,36,621.8,0.5
KRU_SHY_02,2023-08-17 20:00:00+00:00,0.0,0.0,0.018,0.092,9.3,38,620.8,2.9
KRU_SHY_02,2023-08-17 21:00:00+00:00,0.0,0.0,0.018,0.092,7.2,45,618.4,6.8
KRU_SHY_02,2023-08-17 22:00:00+00:00,0.0,0.0,0.018,0.092,7.2,46,618.4,5.1
KRU_SHY_02,2023-08-17 23:00:00+00:00,0.0,0.0,0.018,0.092,8.3,43,620.1,3.8
KRU_SHY_02,2023-08-18 00:00:00+00:00,0.0,0.0,0.018,0.092,8.0,49,619.9,4.7
KRU_SHY_02,2023-08-18 01:00:00+00:00,0.0,0.0,0.018,0.092,8.2,49,620.6,2.7
KRU_SHY_02,2023-08-18 02:00:00+00:00,0.0,0.0,0.018,0.092,8.6,50,621.3,2.6
KRU_SHY_02,2023-08-18 03:00:00+00:00,0.0,0.0,0.018,0.092,9.9,43,622.9,7.4
KRU_SHY_02,2023-08-18 04:00:00+00:00,0.0,0.0,0.018,0.092,11.4,34,624.1,8.9
KRU_SHY_02,2023-08-18 05:00:00+00:00,0.0,0.0,0.018,0.092,13.1,28,625.1,10.2
KRU_SHY_02,2023-08-18 06:00:00+00:00,0.0,0.0,0.018,0.092,14.3,25,625.6,11.0
KRU_SHY_02,2023-08-18 07:00:00+00:00,0.0,0.0,0.018,0.092,15.1,24,625.6,11.3
KRU_SHY_02,2023-08-18 08:00:00+00:00,0.0,0.0,0.018,0.092,15.5,26,625.2,10.8
KRU_SHY_02,2023-08-18 09:00:00+00:00,0.0,0.0,0.018,0.092,15.9,26,624.9,11.3
KRU_SHY_02,2023-08-18 10:00:00+00:00,0.0,0.0,0.018,0.092,16.7,22,624.6,12.6
KRU_SHY_02,2023-08-18 11:00:00+00:00,0.0,0.0,0.018,0.092,16.7,22,624.6,13.0
KRU_SHY_02,2023-08-18 12:00:00+00:00,0.0,0.0,0.023,0.096,15.7,23,624.3,9.4
KRU_SHY_02,2023-08-18 13:00:00+00:00,0.0,0.0,0.023,0.096,14.4,26,623.7,7.0
KRU_SHY_02,2023-08-18 14:00:00+00:00,0.0,0.0,0.023,0.096,13.4,28,623.2,4.7
KRU_SHY_02,2023-08-18 15:00:00+00:00,0.0,0.0,0.023,0.096,13.2,29,623.6,4.6
KRU_SHY_02,2023-08-18 16:00:00+00:00,0.0,0.0,0.023,0.096,12.5,31,623.5,4.3
KRU_SHY_02,2023-08-18 17:00:00+00:00,0.0,0.0,0.023,0.096,11.1,35,622.9,4.7
KRU_SHY_02,2023-08-18 18:00:00+00:00,0.0,0.0,0.023,0.096,10.7,35,623.1,2.3
KRU_SHY_02,2023-08-18 19:00:00+00:00,0.0,0.0,0.023,0.096,10.3,37,623.0,1.1
KRU_SHY_02,2023-08-18 20:00:00+00:00,0.0,0.0,0.023,0.096,8.5,47,621.1,4.7
KRU_SHY_02,2023-08-18 21:00:00+00:00,0.0,0.0,0.023,0.096,8.9,44,621.5,3.8
KRU_SHY_02,2023-08-18 22:00:00+00:00,0.0,0.0,0.023,0.096,9.2,44,622.1,2.2
KRU_SHY_02,2023-08-18 23:00:00+00:00,0.0,0.0,0.023,0.096,6.5,56,619.8,5.4
KRU_SHY_02,2023-08-19 00:00:00+00:00,0.0,0.0,0.023,0.096,6.7,56,619.8,5.7
KRU_SHY_02,2023-08-19 01:00:00+00:00,0.0,0.0,0.023,0.096,6.6,59,620.1,5.5
KRU_SHY_02,2023-08-19 02:00:00+00:00,0.0,0.0,0.023,0.096,8.8,48,622.8,3.1
KRU_SHY_02,2023-08-19 03:00:00+00:00,0.0,0.0,0.023,0.096,9.9,45,624.2,7.2
KRU_SHY_02,2023-08-19 04:00:00+00:00,0.0,0.0,0.023,0.096,11.6,38,625.5,8.7
KRU_SHY_02,2023-08-19 05:00:00+00:00,0.0,0.0,0.023,0.096,13.2,32,626.5,9.4
KRU_SHY_02,2023-08-19 06:00:00+00:00,0.0,0.0,0.023,0.096,14.6,26,626.9,11.1
KRU_SHY_02,2023-08-19 07:00:00+00:00,0.0,0.0,0.023,0.096,15.9,23,627.3,12.0
KRU_SHY_02,2023-08-19 08:00:00+00:00,0.0,0.0,0.022,0.096,16.7,22,627.3,12.9
KRU_SHY_02,2023-08-19 09:00:00+00:00,0.0,0.0,0.022,0.096,17.3,22,627.0,14.4
KRU_SHY_02,2023-08-19 10:00:00+00:00,0.0,0.0,0.022,0.096,17.5,20,626.4,13.6
KRU_SHY_02,2023-08-19 11:00:00+00:00,0.0,0.0,0.022,0.096,17.4,20,626.2,11.8
KRU_SHY_02,2023-08-19 12:00:00+00:00,0.0,0.0,0.021,0.095,16.0,22,625.5,9.7
KRU_SHY_02,2023-08-19 13:00:00+00:00,0.0,0.0,0.021,0.095,15.2,24,625.3,8.7
KRU_SHY_02,2023-08-19 14:00:00+00:00,0.0,0.0,0.021,0.095,14.2,26,624.9,5.9
KRU_SHY_02,2023-08-19 15:00:00+00:00,0.0,0.0,0.021,0.095,13.7,26,624.9,4.2
KRU_SHY_02,2023-08-19 16:00:00+00:00,0.0,0.0,0.021,0.095,13.0,27,624.8,5.0
KRU_SHY_02,2023-08-19 17:00:00+00:00,0.0,0.0,0.021,0.095,12.0,29,624.1,3.6
KRU_SHY_02,2023-08-19 18:00:00+00:00,0.0,0.0,0.021,0.095,11.7,30,624.4,0.0
KRU_SHY_02,2023-08-19 19:00:00+00:00,0.0,0.0,0.021,0.095,10.2,34,622.9,6.1
KRU_SHY_02,2023-08-19 20:00:00+00:00,0.0,0.0,0.021,0.095,10.6,36,623.3,3.6
KRU_SHY_02,2023-08-19 21:00:00+00:00,0.0,0.0,0.021,0.095,10.6,37,623.6,1.5
KRU_SHY_02,2023-08-19 22:00:00+00:00,0.0,0.0,0.021,0.095,9.6,41,622.7,3.8
KRU_SHY_02,2023-08-19 23:00:00+00:00,0.0,0.0,0.021,0.095,9.5,42,623.2,3.4
KRU_SHY_02,2023-08-20 00:00:00+00:00,0.0,0.0,0.022,0.094,9.5,43,623.3,4.1
KRU_SHY_02,2023-08-20 01:00:00+00:00,0.0,0.0,0.022,0.094,9.3,44,623.6,2.5
KRU_SHY_02,2023-08-20 02:00:00+00:00,0.0,0.0,0.022,0.094,9.9,43,624.7,2.5
KRU_SHY_02,2023-08-20 03:00:00+00:00,0.0,0.0,0.022,0.094,11.3,41,626.1,7.5
KRU_SHY_02,2023-08-20 04:00:00+00:00,0.0,0.0,0.022,0.094,12.8,36,626.9,8.4
KRU_SHY_02,2023-08-20 05:00:00+00:00,0.0,0.0,0.022,0.094,14.4,32,627.8,9.7
KRU_SHY_02,2023-08-20 06:00:00+00:00,0.0,0.0,0.022,0.094,15.9,28,628.3,11.3
KRU_SHY_02,2023-08-20 07:00:00+00:00,0.0,0.0,0.022,0.094,16.9,26,628.5,11.4
KRU_SHY_02,2023-08-20 08:00:00+00:00,0.0,0.0,0.021,0.094,17.8,25,628.4,11.9
KRU_SHY_02,2023-08-20 09:00:00+00:00,0.0,0.0,0.021,0.094,18.1,26,627.9,13.3
KRU_SHY_02,2023-08-20 10:00:00+00:00,0.0,0.0,0.021,0.094,18.0,27,627.6,12.6
KRU_SHY_02,2023-08-20 11:00:00+00:00,0.0,0.0,0.021,0.094,17.7,28,627.2,12.5
KRU_SHY_02,2023-08-20 12:00:00+00:00,0.0,0.0,0.021,0.094,16.5,30,626.8,11.8
KRU_SHY_02,2023-08-20 13:00:00+00:00,0.0,0.0,0.021,0.094,15.5,32,626.1,8.4
KRU_SHY_02,2023-08-20 14:00:00+00:00,0.0,0.0,0.021,0.094,14.5,34,625.6,5.4
KRU_SHY_02,2023-08-20 15:00:00+00:00,0.0,0.0,0.021,0.094,14.0,36,625.4,3.1
KRU_SHY_02,2023-08-20 16:00:00+00:00,0.0,0.0,0.021,0.094,13.5,44,625.2,0.7
KRU_SHY_02,2023-08-20 17:00:00+00:00,0.0,0.0,0.021,0.094,13.1,38,625.2,1.3
KRU_SHY_02,2023-08-20 18:00:00+00:00,0.0,0.0,0.021,0.094,12.6,40,625.0,1.5
KRU_SHY_02,2023-08-20 19:00:00+00:00,0.0,0.0,0.021,0.094,11.4,44,623.8,3.3
KRU_SHY_02,2023-08-20 20:00:00+00:00,0.0,0.0,0.021,0.094,10.1,48,622.6,4.0
KRU_SHY_02,2023-08-20 21:00:00+00:00,0.0,0.0,0.021,0.094,8.9,52,621.0,4.7
KRU_SHY_02,2023-08-20 22:00:00+00:00,0.0,0.0,0.021,0.094,8.8,52,620.7,4.2
KRU_SHY_02,2023-08-20 23:00:00+00:00,0.0,0.0,0.021,0.094,7.1,58,619.2,6.3
KRU_SHY_02,2023-08-21 00:00:00+00:00,0.0,0.0,0.021,0.094,9.0,49,621.5,5.7
KRU_SHY_02,2023-08-21 01:00:00+00:00,0.0,0.0,0.021,0.094,9.3,47,622.1,3.8
KRU_SHY_02,2023-08-21 02:00:00+00:00,0.0,0.0,0.021,0.094,11.2,41,624.4,2.1
KRU_SHY_02,2023-08-21 03:00:00+00:00,0.0,0.0,0.021,0.094,12.6,40,625.8,5.8
KRU_SHY_02,2023-08-21 04:00:00+00:00,0.0,0.0,0.021,0.094,14.3,37,626.9,7.6
KRU_SHY_02,2023-08-21 05:00:00+00:00,0.0,0.0,0.021,0.094,16.1,28,627.7,9.5
KRU_SHY_02,2023-08-21 06:00:00+00:00,0.0,0.0,0.021,0.094,17.8,21,628.2,11.1
KRU_SHY_02,2023-08-21 07:00:00+00:00,0.0,0.0,0.021,0.094,19.0,18,628.2,11.6
KRU_SHY_02,2023-08-21 08:00:00+00:00,0.0,0.0,0.021,0.094,19.9,17,628.2,11.9
KRU_SHY_02,2023-08-21 09:00:00+00:00,0.0,0.0,0.021,0.094,20.4,16,627.7,12.9
KRU_SHY_02,2023-08-21 10:00:00+00:00,0.0,0.0,0.021,0.094,20.3,17,627.2,12.7
KRU_SHY_02,2023-08-21 11:00:00+00:00,0.0,0.0,0.021,0.094,19.9,22,626.7,14.8
KRU_SHY_02,2023-08-21 12:00:00+00:00,0.0,0.0,0.021,0.094,19.2,25,626.3,12.6
KRU_SHY_02,2023-08-21 13:00:00+00:00,0.0,0.0,0.021,0.094,18.1,28,625.8,11.2
KRU_SHY_02,2023-08-21 14:00:00+00:00,0.0,0.0,0.021,0.094,16.9,28,625.5,6.4
KRU_SHY_02,2023-08-21 15:00:00+00:00,0.0,0.0,0.021,0.094,16.1,29,625.1,5.1
KRU_SHY_02,2023-08-21 16:00:00+00:00,0.0,0.0,0.021,0.094,15.3,31,624.9,4.3
KRU_SHY_02,2023-08-21 17:00:00+00:00,0.0,0.0,0.021,0.094,14.2,34,624.4,5.6
KRU_SHY_02,2023-08-21 18:00:00+00:00,0.0,0.0,0.021,0.094,13.0,38,623.5,5.0
KRU_SHY_02,2023-08-21 19:00:00+00:00,0.0,0.0,0.021,0.094,12.4,40,622.8,4.3
KRU_SHY_02,2023-08-21 20:00:00+00:00,0.0,0.0,0.021,0.094,12.8,38,623.3,3.5
KRU_SHY_02,2023-08-21 21:00:00+00:00,0.0,0.0,0.021,0.094,12.4,40,623.1,2.0
KRU_SHY_02,2023-08-21 22:00:00+00:00,0.0,0.0,0.021,0.094,9.4,51,620.0,7.3
KRU_SHY_02,2023-08-21 23:00:00+00:00,0.0,0.0,0.021,0.094,9.1,53,619.8,8.4
KRU_SHY_02,2023-08-22 00:00:00+00:00,0.0,0.0,0.021,0.094,11.3,47,622.5,3.3
KRU_SHY_02,2023-08-22 01:00:00+00:00,0.0,0.0,0.021,0.094,9.8,51,621.1,7.8
KRU_SHY_02,2023-08-22 02:00:00+00:00,0.0,0.0,0.021,0.094,11.9,43,623.7,3.1
KRU_SHY_02,2023-08-22 03:00:00+00:00,0.0,0.0,0.021,0.094,12.8,42,624.6,6.6
KRU_SHY_02,2023-08-22 04:00:00+00:00,0.0,0.0,0.021,0.094,14.4,37,625.4,8.3
KRU_SHY_02,2023-08-22 05:00:00+00:00,0.0,0.0,0.021,0.094,16.2,31,626.2,9.9
KRU_SHY_02,2023-08-22 06:00:00+00:00,0.0,0.0,0.021,0.094,17.7,27,626.5,11.5
KRU_SHY_02,2023-08-22 07:00:00+00:00,0.0,0.0,0.021,0.094,18.8,24,626.5,12.3
KRU_SHY_02,2023-08-22 08:00:00+00:00,0.0,0.0,0.02,0.094,19.5,22,626.4,12.5
KRU_SHY_02,2023-08-22 09:00:00+00:00,0.0,0.0,0.02,0.094,20.0,22,625.9,12.9
KRU_SHY_02,2023-08-22 10:00:00+00:00,0.0,0.0,0.02,0.094,20.3,22,625.4,16.0
KRU_SHY_02,2023-08-22 11:00:00+00:00,0.0,0.0,0.02,0.094,19.9,23,624.8,15.9
KRU_SHY_02,2023-08-22 12:00:00+00:00,0.0,0.0,0.02,0.094,18.2,24,624.3,10.5
KRU_SHY_02,2023-08-22 13:00:00+00:00,0.0,0.0,0.02,0.094,17.1,26,623.7,9.7
KRU_SHY_02,2023-08-22 14:00:00+00:00,0.0,0.0,0.02,0.094,15.7,29,623.3,5.0
KRU_SHY_02,2023-08-22 15:00:00+00:00,0.0,0.0,0.02,0.094,15.2,30,623.3,6.3
KRU_SHY_02,2023-08-22 16:00:00+00:00,0.0,0.0,0.02,0.094,14.7,31,623.1,3.4
KRU_SHY_02,2023-08-22 17:00:00+00:00,0.0,0.0,0.02,0.094,13.3,36,621.9,3.8
KRU_SHY_02,2023-08-22 18:00:00+00:00,0.0,0.0,0.02,0.094,12.8,36,621.7,3.6
KRU_SHY_02,2023-08-22 19:00:00+00:00,0.0,0.0,0.02,0.094,12.8,38,622.1,3.6
KRU_SHY_02,2023-08-22 20:00:00+00:00,0.0,0.0,0.02,0.094,12.2,40,621.5,3.0
KRU_SHY_02,2023-08-22 21:00:00+00:00,0.0,0.0,0.02,0.094,10.0,48,619.2,4.9
KRU_SHY_02,2023-08-22 22:00:00+00:00,0.0,0.0,0.02,0.094,11.4,44,620.7,2.3
KRU_SHY_02,2023-08-22 23:00:00+00:00,0.0,0.0,0.02,0.094,10.5,47,619.8,3.0
KRU_SHY_02,2023-08-23 00:00:00+00:00,0.0,0.0,0.02,0.094,11.0,44,620.1,4.5
KRU_SHY_02,2023-08-23 01:00:00+00:00,0.0,0.0,0.02,0.094,9.0,48,618.6,7.3
KRU_SHY_02,2023-08-23 02:00:00+00:00,0.0,0.0,0.02,0.094,11.3,40,621.1,4.8
KRU_SHY_02,2023-08-23 03:00:00+00:00,0.0,0.0,0.02,0.094,12.1,39,621.8,6.7
KRU_SHY_02,2023-08-23 04:00:00+00:00,0.0,0.0,0.02,0.094,13.7,33,622.6,8.4
KRU_SHY_02,2023-08-23 05:00:00+00:00,0.0,0.0,0.02,0.094,15.2,29,623.2,10.2
KRU_SHY_02,2023-08-23 06:00:00+00:00,0.0,0.0,0.02,0.094,16.8,24,623.7,11.5
KRU_SHY_02,2023-08-23 07:00:00+00:00,0.0,0.0,0.02,0.094,17.4,23,623.4,12.4
KRU_SHY_02,2023-08-23 08:00:00+00:00,0.0,0.0,0.02,0.094,18.4,22,623.4,12.1
KRU_SHY_02,2023-08-23 09:00:00+00:00,0.0,0.0,0.02,0.094,18.8,20,623.0,14.5
KRU_SHY_02,2023-08-23 10:00:00+00:00,0.0,0.0,0.02,0.094,18.7,20,622.2,14.5
KRU_SHY_02,2023-08-23 11:00:00+00:00,0.0,0.0,0.02,0.094,18.6,20,622.0,15.5
KRU_SHY_02,2023-08-23 12:00:00+00:00,0.0,0.0,0.02,0.094,17.8,18,621.5,13.8
KRU_SHY_02,2023-08-23 13:00:00+00:00,0.0,0.0,0.02,0.094,16.9,17,620.8,10.9
KRU_SHY_02,2023-08-23 14:00:00+00:00,0.0,0.0,0.02,0.094,15.6,19,620.1,6.1
KRU_SHY_02,2023-08-23 15:00:00+00:00,0.0,0.0,0.02,0.094,14.7,21,620.3,7.2
KRU_SHY_02,2023-08-23 16:00:00+00:00,0.0,0.0,0.02,0.094,13.5,29,620.0,7.8
KRU_SHY_02,2023-08-23 17:00:00+00:00,0.0,0.0,0.02,0.094,12.1,34,619.5,6.8
KRU_SHY_02,2023-08-23 18:00:00+00:00,0.0,0.0,0.02,0.094,10.8,40,618.7,5.5
KRU_SHY_02,2023-08-23 19:00:00+00:00,0.0,0.0,0.02,0.094,9.7,45,617.6,4.4
KRU_SHY_02,2023-08-23 20:00:00+00:00,0.0,0.0,0.02,0.094,9.6,46,617.5,3.2
KRU_SHY_02,2023-08-23 21:00:00+00:00,0.0,0.0,0.02,0.094,8.7,50,616.7,4.1
KRU_SHY_02,2023-08-23 22:00:00+00:00,0.0,0.0,0.02,0.094,9.4,48,617.7,3.0
KRU_SHY_02,2023-08-23 23:00:00+00:00,0.0,0.0,0.02,0.094,9.2,49,617.7,2.5
KRU_SHY_02,2023-08-24 00:00:00+00:00,0.0,0.0,0.02,0.094,8.9,48,617.2,3.1
KRU_SHY_02,2023-08-24 01:00:00+00:00,0.0,0.0,0.02,0.094,8.4,49,617.3,1.8
KRU_SHY_02,2023-08-24 02:00:00+00:00,0.0,0.0,0.02,0.094,8.8,49,618.0,4.1
KRU_SHY_02,2023-08-24 03:00:00+00:00,0.0,0.0,0.02,0.094,10.0,44,618.8,6.9
KRU_SHY_02,2023-08-24 04:00:00+00:00,0.0,0.0,0.02,0.094,11.4,37,619.7,8.3
KRU_SHY_02,2023-08-24 05:00:00+00:00,0.0,0.0,0.02,0.094,12.8,32,620.2,9.7
KRU_SHY_02,2023-08-24 06:00:00+00:00,0.0,0.0,0.02,0.094,13.5,31,620.0,9.7
KRU_SHY_02,2023-08-24 07:00:00+00:00,0.0,0.0,0.02,0.094,13.2,34,619.3,9.2
KRU_SHY_02,2023-08-24 08:00:00+00:00,0.0,0.0,0.02,0.094,14.9,32,619.7,9.9
KRU_SHY_02,2023-08-24 09:00:00+00:00,0.0,0.0,0.02,0.094,14.5,34,618.9,10.7
KRU_SHY_02,2023-08-24 10:00:00+00:00,0.0,0.0,0.02,0.094,14.3,34,618.4,9.1
KRU_SHY_02,2023-08-24 11:00:00+00:00,0.0,0.0,0.02,0.094,13.4,40,618.1,12.3
KRU_SHY_02,2023-08-24 12:00:00+00:00,0.0,0.0,0.02,0.094,13.5,32,618.4,11.5
KRU_SHY_02,2023-08-24 13:00:00+00:00,0.0,0.0,0.02,0.094,12.6,34,618.3,11.1
KRU_SHY_02,2023-08-24 14:00:00+00:00,0.0,0.0,0.02,0.094,11.5,39,617.9,11.8
KRU_SHY_02,2023-08-24 15:00:00+00:00,0.0,0.0,0.02,0.094,10.2,47,617.8,10.0
KRU_SHY_02,2023-08-24 16:00:00+00:00,0.0,0.0,0.02,0.094,9.6,54,617.8,9.2
KRU_SHY_02,2023-08-24 17:00:00+00:00,0.0,0.0,0.02,0.094,8.5,59,617.4,8.8
KRU_SHY_02,2023-08-24 18:00:00+00:00,0.0,0.0,0.02,0.094,7.2,65,616.9,7.2
KRU_SHY_02,2023-08-24 19:00:00+00:00,0.0,0.0,0.02,0.094,6.7,64,616.4,5.5
KRU_SHY_02,2023-08-24 20:00:00+00:00,0.0,0.0,0.02,0.094,6.2,65,615.9,5.9
KRU_SHY_02,2023-08-24 21:00:00+00:00,0.0,0.0,0.02,0.094,5.7,66,615.4,4.3
KRU_SHY_02,2023-08-24 22:00:00+00:00,0.0,0.0,0.02,0.094,5.2,65,615.0,2.9
KRU_SHY_02,2023-08-24 23:00:00+00:00,0.0,0.0,0.02,0.094,4.7,67,614.8,1.8
KRU_SHY_02,2023-08-25 00:00:00+00:00,0.0,0.0,0.021,0.093,4.4,70,613.4,4.3
KRU_SHY_02,2023-08-25 01:00:00+00:00,0.0,0.0,0.021,0.093,5.1,63,614.9,1.9
KRU_SHY_02,2023-08-25 02:00:00+00:00,0.0,0.0,0.021,0.093,5.9,61,616.2,6.2
KRU_SHY_02,2023-08-25 03:00:00+00:00,0.0,0.0,0.021,0.093,6.7,56,617.1,7.7
KRU_SHY_02,2023-08-25 04:00:00+00:00,0.0,0.0,0.021,0.093,7.8,51,617.6,7.4
KRU_SHY_02,2023-08-25 05:00:00+00:00,0.0,0.0,0.021,0.093,9.7,43,618.5,9.4
KRU_SHY_02,2023-08-25 06:00:00+00:00,0.0,0.0,0.021,0.093,10.8,39,618.9,10.7
KRU_SHY_02,2023-08-25 07:00:00+00:00,0.0,0.0,0.021,0.093,11.1,38,618.9,9.7
KRU_SHY_02,2023-08-25 08:00:00+00:00,0.1,0.1,0.022,0.093,10.8,40,618.2,7.1
KRU_SHY_02,2023-08-25 09:00:00+00:00,0.0,0.0,0.022,0.093,11.8,39,618.3,8.9
KRU_SHY_02,2023-08-25 10:00:00+00:00,0.0,0.0,0.022,0.093,12.1,38,618.1,9.5
KRU_SHY_02,2023-08-25 11:00:00+00:00,0.0,0.0,0.022,0.093,12.3,37,618.1,10.9
KRU_SHY_02,2023-08-25 12:00:00+00:00,0.0,0.0,0.023,0.093,9.7,46,617.7,7.4
KRU_SHY_02,2023-08-25 13:00:00+00:00,0.0,0.0,0.023,0.093,9.2,47,617.3,7.2
KRU_SHY_02,2023-08-25 14:00:00+00:00,0.0,0.0,0.023,0.093,8.1,52,617.3,9.3
KRU_SHY_02,2023-08-25 15:00:00+00:00,0.0,0.0,0.023,0.093,6.5,60,617.3,7.8
KRU_SHY_02,2023-08-25 16:00:00+00:00,0.0,0.0,0.023,0.093,5.3,67,617.1,5.8
KRU_SHY_02,2023-08-25 17:00:00+00:00,0.0,0.0,0.023,0.093,4.4,73,616.7,5.4
KRU_SHY_02,2023-08-25 18:00:00+00:00,0.0,0.0,0.023,0.093,3.9,75,616.1,4.3
KRU_SHY_02,2023-08-25 19:00:00+00:00,0.0,0.0,0.023,0.093,3.4,75,615.7,4.3
KRU_SHY_02,2023-08-25 20:00:00+00:00,0.0,0.0,0.023,0.093,3.1,74,615.2,3.7
KRU_SHY_02,2023-08-25 21:00:00+00:00,0.0,0.0,0.023,0.093,2.5,75,614.7,5.1
KRU_SHY_02,2023-08-25 22:00:00+00:00,0.0,0.0,0.023,0.093,3.0,71,615.0,1.6
KRU_SHY_02,2023-08-25 23:00:00+00:00,0.0,0.0,0.023,0.093,2.2,76,614.5,1.5
KRU_SHY_02,2023-08-26 00:00:00+00:00,0.0,0.0,0.025,0.095,3.2,77,614.4,3.8
KRU_SHY_02,2023-08-26 01:00:00+00:00,0.0,0.0,0.025,0.095,3.6,72,615.6,2.2
KRU_SHY_02,2023-08-26 02:00:00+00:00,0.0,0.0,0.025,0.095,4.9,59,616.7,4.3
KRU_SHY_02,2023-08-26 03:00:00+00:00,0.0,0.0,0.025,0.095,5.3,59,616.7,5.2
KRU_SHY_02,2023-08-26 04:00:00+00:00,0.0,0.0,0.025,0.095,6.6,56,617.9,8.3
KRU_SHY_02,2023-08-26 05:00:00+00:00,0.0,0.0,0.025,0.095,8.6,45,618.9,10.0
KRU_SHY_02,2023-08-26 06:00:00+00:00,0.0,0.0,0.024,0.095,8.8,42,618.6,11.0
KRU_SHY_02,2023-08-26 07:00:00+00:00,0.0,0.0,0.024,0.095,8.9,44,618.6,11.3
KRU_SHY_02,2023-08-26 08:00:00+00:00,0.1,0.1,0.025,0.095,8.3,48,618.1,8.0
KRU_SHY_02,2023-08-26 09:00:00+00:00,0.0,0.0,0.025,0.095,9.5,45,618.5,9.7
KRU_SHY_02,2023-08-26 10:00:00+00:00,0.0,0.0,0.025,0.095,10.2,45,618.4,9.5
KRU_SHY_02,2023-08-26 11:00:00+00:00,0.0,0.0,0.024,0.095,10.3,45,618.0,10.2
KRU_SHY_02,2023-08-26 12:00:00+00:00,0.0,0.0,0.027,0.095,6.9,59,617.1,7.1
KRU_SHY_02,2023-08-26 13:00:00+00:00,0.0,0.0,0.027,0.095,6.2,62,616.7,2.6
KRU_SHY_02,2023-08-26 14:00:00+00:00,0.0,0.0,0.027,0.095,5.9,62,616.9,5.6
KRU_SHY_02,2023-08-26 15:00:00+00:00,0.0,0.0,0.027,0.095,5.3,67,617.2,3.4
KRU_SHY_02,2023-08-26 16:00:00+00:00,0.0,0.0,0.027,0.095,4.9,69,617.2,7.6
KRU_SHY_02,2023-08-26 17:00:00+00:00,0.0,0.0,0.027,0.095,3.8,74,616.7,4.0
KRU_SHY_02,2023-08-26 18:00:00+00:00,0.0,0.0,0.027,0.095,3.3,76,616.0,4.0
KRU_SHY_02,2023-08-26 19:00:00+00:00,0.0,0.0,0.027,0.095,2.8,78,615.6,1.8
KRU_SHY_02,2023-08-26 20:00:00+00:00,0.0,0.0,0.027,0.095,3.0,75,615.5,2.6
KRU_SHY_02,2023-08-26 21:00:00+00:00,0.0,0.0,0.027,0.095,2.5,77,614.7,1.8
KRU_SHY_02,2023-08-26 22:00:00+00:00,0.0,0.0,0.027,0.095,2.4,77,614.8,2.7
KRU_SHY_02,2023-08-26 23:00:00+00:00,0.0,0.0,0.027,0.095,2.4,77,614.8,2.6
KRU_SHY_02,2023-08-27 00:00:00+00:00,0.0,0.0,0.027,0.095,2.3,80,614.3,1.1
KRU_SHY_02,2023-08-27 01:00:00+00:00,0.0,0.0,0.027,0.095,1.8,80,614.5,1.5
KRU_SHY_02,2023-08-27 02:00:00+00:00,0.0,0.0,0.027,0.095,2.5,75,615.5,2.6
KRU_SHY_02,2023-08-27 03:00:00+00:00,0.0,0.0,0.027,0.095,3.1,72,616.2,5.6
KRU_SHY_02,2023-08-27 04:00:00+00:00,0.0,0.0,0.027,0.095,4.2,67,617.0,7.1
KRU_SHY_02,2023-08-27 05:00:00+00:00,0.0,0.0,0.027,0.095,5.5,58,617.7,7.9
KRU_SHY_02,2023-08-27 06:00:00+00:00,0.0,0.0,0.026,0.095,7.3,49,618.3,9.8
KRU_SHY_02,2023-08-27 07:00:00+00:00,0.0,0.0,0.026,0.095,8.5,43,618.6,10.5
KRU_SHY_02,2023-08-27 08:00:00+00:00,0.0,0.0,0.025,0.095,9.5,39,618.5,10.3
KRU_SHY_02,2023-08-27 09:00:00+00:00,0.0,0.0,0.025,0.095,10.2,37,618.1,11.2
KRU_SHY_02,2023-08-27 10:00:00+00:00,0.0,0.0,0.025,0.095,10.7,34,617.6,11.2
KRU_SHY_02,2023-08-27 11:00:00+00:00,0.0,0.0,0.024,0.095,10.8,33,617.2,10.7
KRU_SHY_02,2023-08-27 12:00:00+00:00,0.0,0.0,0.022,0.095,9.2,38,616.7,7.6
KRU_SHY_02,2023-08-27 13:00:00+00:00,0.0,0.0,0.022,0.095,8.2,41,616.1,7.6
KRU_SHY_02,2023-08-27 14:00:00+00:00,0.0,0.0,0.022,0.095,7.1,45,615.9,6.9
KRU_SHY_02,2023-08-27 15:00:00+00:00,0.0,0.0,0.022,0.095,6.6,47,616.1,4.9
KRU_SHY_02,2023-08-27 16:00:00+00:00,0.0,0.0,0.022,0.095,6.5,48,616.3,4.0
KRU_SHY_02,2023-08-27 17:00:00+00:00,0.0,0.0,0.022,0.095,5.7,52,615.9,3.7
KRU_SHY_02,2023-08-27 18:00:00+00:00,0.0,0.0,0.022,0.095,5.5,53,615.5,4.0
KRU_SHY_02,2023-08-27 19:00:00+00:00,0.0,0.0,0.022,0.095,4.8,56,614.8,3.4
KRU_SHY_02,2023-08-27 20:00:00+00:00,0.0,0.0,0.022,0.095,4.3,62,614.2,2.6
KRU_SHY_02,2023-08-27 21:00:00+00:00,0.0,0.0,0.022,0.095,4.0,61,613.9,2.3
KRU_SHY_02,2023-08-27 22:00:00+00:00,0.0,0.0,0.022,0.095,3.4,64,613.3,4.5
KRU_SHY_02,2023-08-27 23:00:00+00:00,0.0,0.0,0.022,0.095,3.1,64,613.0,5.2
KRU_SHY_02,2023-08-28 00:00:00+00:00,0.0,0.0,0.022,0.095,2.4,71,612.8,4.3
KRU_SHY_02,2023-08-28 01:00:00+00:00,0.0,0.0,0.022,0.095,2.6,68,613.5,2.2
KRU_SHY_02,2023-08-28 02:00:00+00:00,0.0,0.0,0.022,0.095,3.0,66,614.0,2.3
KRU_SHY_02,2023-08-28 03:00:00+00:00,0.0,0.0,0.022,0.095,4.4,53,615.4,7.4
KRU_SHY_02,2023-08-28 04:00:00+00:00,0.0,0.0,0.022,0.095,4.9,48,616.2,7.9
KRU_SHY_02,2023-08-28 05:00:00+00:00,0.0,0.0,0.022,0.095,6.1,44,617.0,8.4
KRU_SHY_02,2023-08-28 06:00:00+00:00,0.0,0.0,0.022,0.095,8.2,36,617.9,10.4
KRU_SHY_02,2023-08-28 07:00:00+00:00,0.0,0.0,0.022,0.095,9.0,32,618.0,10.6
KRU_SHY_02,2023-08-28 08:00:00+00:00,0.0,0.0,0.022,0.095,9.0,31,617.6,8.9
KRU_SHY_02,2023-08-28 09:00:00+00:00,0.0,0.0,0.022,0.095,9.9,30,617.6,8.8
KRU_SHY_02,2023-08-28 10:00:00+00:00,0.0,0.0,0.022,0.095,10.6,27,617.4,11.0
KRU_SHY_02,2023-08-28 11:00:00+00:00,0.0,0.0,0.022,0.095,10.7,29,617.2,13.2
KRU_SHY_02,2023-08-28 12:00:00+00:00,0.0,0.0,0.019,0.094,8.9,37,617.0,13.1
KRU_SHY_02,2023-08-28 13:00:00+00:00,0.0,0.0,0.019,0.094,7.7,40,616.5,10.2
KRU_SHY_02,2023-08-28 14:00:00+00:00,0.0,0.0,0.019,0.094,7.2,47,616.6,6.3
KRU_SHY_02,2023-08-28 15:00:00+00:00,0.0,0.0,0.019,0.094,6.2,52,616.8,4.4
KRU_SHY_02,2023-08-28 16:00:00+00:00,0.0,0.0,0.019,0.094,5.6,56,616.6,3.6
KRU_SHY_02,2023-08-28 17:00:00+00:00,0.0,0.0,0.019,0.094,5.1,60,616.5,6.5
KRU_SHY_02,2023-08-28 18:00:00+00:00,0.0,0.0,0.019,0.094,4.4,62,616.1,5.4
KRU_SHY_02,2023-08-28 19:00:00+00:00,0.0,0.0,0.019,0.094,3.7,66,615.6,4.5
KRU_SHY_02,2023-08-28 20:00:00+00:00,0.0,0.0,0.019,0.094,2.8,71,614.5,4.7
KRU_SHY_02,2023-08-28 21:00:00+00:00,0.0,0.0,0.019,0.094,2.3,69,614.2,6.5
KRU_SHY_02,2023-08-28 22:00:00+00:00,0.0,0.0,0.019,0.094,2.3,64,615.0,1.5
KRU_SHY_02,2023-08-28 23:00:00+00:00,0.0,0.0,0.019,0.094,1.4,67,614.1,2.5
KRU_SHY_02,2023-08-29 00:00:00+00:00,0.0,0.0,0.019,0.093,1.8,71,615.1,2.3
KRU_SHY_02,2023-08-29 01:00:00+00:00,0.0,0.0,0.019,0.093,0.4,77,614.6,3.0
KRU_SHY_02,2023-08-29 02:00:00+00:00,0.0,0.0,0.019,0.093,2.4,60,616.6,1.8
KRU_SHY_02,2023-08-29 03:00:00+00:00,0.0,0.0,0.019,0.093,3.0,59,617.8,5.0
KRU_SHY_02,2023-08-29 04:00:00+00:00,0.0,0.0,0.019,0.093,4.7,50,619.0,7.9
KRU_SHY_02,2023-08-29 05:00:00+00:00,0.0,0.0,0.019,0.093,5.8,43,619.8,8.2
KRU_SHY_02,2023-08-29 06:00:00+00:00,0.0,0.0,0.019,0.093,7.6,34,620.6,10.7
KRU_SHY_02,2023-08-29 07:00:00+00:00,0.0,0.0,0.019,0.093,8.9,27,621.0,10.5
KRU_SHY_02,2023-08-29 08:00:00+00:00,0.0,0.0,0.019,0.093,9.3,25,621.1,11.4
KRU_SHY_02,2023-08-29 09:00:00+00:00,0.0,0.0,0.019,0.093,10.1,22,621.0,11.7
KRU_SHY_02,2023-08-29 10:00:00+00:00,0.0,0.0,0.019,0.093,10.4,22,620.9,12.4
KRU_SHY_02,2023-08-29 11:00:00+00:00,0.0,0.0,0.019,0.093,10.1,23,620.6,10.0
KRU_SHY_02,2023-08-29 12:00:00+00:00,0.0,0.0,0.017,0.093,9.7,23,620.4,7.7
KRU_SHY_02,2023-08-29 13:00:00+00:00,0.0,0.0,0.017,0.093,8.8,25,620.2,3.8
KRU_SHY_02,2023-08-29 14:00:00+00:00,0.0,0.0,0.017,0.093,8.0,26,620.2,1.1
KRU_SHY_02,2023-08-29 15:00:00+00:00,0.0,0.0,0.017,0.093,7.5,27,620.6,0.8
KRU_SHY_02,2023-08-29 16:00:00+00:00,0.0,0.0,0.017,0.093,6.7,29,620.3,1.9
KRU_SHY_02,2023-08-29 17:00:00+00:00,0.0,0.0,0.017,0.093,5.9,33,619.6,2.5
KRU_SHY_02,2023-08-29 18:00:00+00:00,0.0,0.0,0.017,0.093,4.8,35,618.8,3.6
KRU_SHY_02,2023-08-29 19:00:00+00:00,0.0,0.0,0.017,0.092,3.6,39,617.6,4.7
KRU_SHY_02,2023-08-29 20:00:00+00:00,0.0,0.0,0.017,0.092,2.5,39,616.5,5.9
KRU_SHY_02,2023-08-29 21:00:00+00:00,0.0,0.0,0.017,0.092,1.7,40,615.8,6.5
KRU_SHY_02,2023-08-29 22:00:00+00:00,0.0,0.0,0.017,0.092,1.1,41,615.4,7.0
KRU_SHY_02,2023-08-29 23:00:00+00:00,0.0,0.0,0.017,0.092,0.6,43,615.2,7.8
KRU_SHY_02,2023-08-30 00:00:00+00:00,0.0,0.0,0.018,0.092,-0.3,53,614.9,8.5
KRU_SHY_02,2023-08-30 01:00:00+00:00,0.0,0.0,0.018,0.092,0.8,49,616.7,5.6
KRU_SHY_02,2023-08-30 02:00:00+00:00,0.0,0.0,0.018,0.092,4.2,35,620.7,2.9
KRU_SHY_02,2023-08-30 03:00:00+00:00,0.0,0.0,0.018,0.092,5.8,29,622.4,2.0
KRU_SHY_02,2023-08-30 04:00:00+00:00,0.0,0.0,0.018,0.092,7.6,25,623.7,4.0
KRU_SHY_02,2023-08-30 05:00:00+00:00,0.0,0.0,0.018,0.092,9.3,24,624.8,5.7
KRU_SHY_02,2023-08-30 06:00:00+00:00,0.0,0.0,0.018,0.092,10.9,22,625.4,7.8
KRU_SHY_02,2023-08-30 07:00:00+00:00,0.0,0.0,0.017,0.092,12.3,19,625.8,8.9
KRU_SHY_02,2023-08-30 08:00:00+00:00,0.0,0.0,0.017,0.092,13.4,15,625.9,9.7
KRU_SHY_02,2023-08-30 09:00:00+00:00,0.0,0.0,0.017,0.092,14.3,12,625.8,9.8
KRU_SHY_02,2023-08-30 10:00:00+00:00,0.0,0.0,0.017,0.092,14.6,10,625.5,9.1
KRU_SHY_02,2023-08-30 11:00:00+00:00,0.0,0.0,0.017,0.092,14.4,9,625.2,8.3
KRU_SHY_02,2023-08-30 12:00:00+00:00,0.0,0.0,0.016,0.093,12.9,6,624.2,5.7
KRU_SHY_02,2023-08-30 13:00:00+00:00,0.0,0.0,0.016,0.093,12.1,7,624.0,4.8
KRU_SHY_02,2023-08-30 14:00:00+00:00,0.0,0.0,0.016,0.093,11.0,10,623.9,1.9
KRU_SHY_02,2023-08-30 15:00:00+00:00,0.0,0.0,0.016,0.093,9.7,15,623.3,4.3
KRU_SHY_02,2023-08-30 16:00:00+00:00,0.0,0.0,0.016,0.093,8.6,22,622.6,6.9
KRU_SHY_02,2023-08-30 17:00:00+00:00,0.0,0.0,0.016,0.093,7.4,27,621.6,6.6
KRU_SHY_02,2023-08-30 18:00:00+00:00,0.0,0.0,0.016,0.093,6.3,29,620.6,7.2
KRU_SHY_02,2023-08-30 19:00:00+00:00,0.0,0.0,0.016,0.093,5.9,27,620.1,10.0
KRU_SHY_02,2023-08-30 20:00:00+00:00,0.0,0.0,0.016,0.093,5.1,24,618.9,9.7
KRU_SHY_02,2023-08-30 21:00:00+00:00,0.0,0.0,0.016,0.093,7.8,19,621.9,4.1
KRU_SHY_02,2023-08-30 22:00:00+00:00,0.0,0.0,0.016,0.093,4.1,24,618.1,7.0
KRU_SHY_02,2023-08-30 23:00:00+00:00,0.0,0.0,0.016,0.093,2.9,26,616.8,8.7
KRU_SHY_02,2023-08-31 00:00:00+00:00,0.0,0.0,0.015,0.092,4.5,28,619.1,6.9
KRU_SHY_02,2023-08-31 01:00:00+00:00,0.0,0.0,0.015,0.092,4.4,27,619.7,6.2
KRU_SHY_02,2023-08-31 02:00:00+00:00,0.0,0.0,0.015,0.092,7.3,21,623.2,2.4
KRU_SHY_02,2023-08-31 03:00:00+00:00,0.0,0.0,0.015,0.092,8.7,19,624.7,3.6
KRU_SHY_02,2023-08-31 04:00:00+00:00,0.0,0.0,0.015,0.092,10.2,15,625.9,6.1
KRU_SHY_02,2023-08-31 05:00:00+00:00,0.0,0.0,0.015,0.092,12.0,11,626.9,8.1
KRU_SHY_02,2023-08-31 06:00:00+00:00,0.0,0.0,0.015,0.092,13.8,8,627.5,9.3
KRU_SHY_02,2023-08-31 07:00:00+00:00,0.0,0.0,0.015,0.092,15.2,7,627.9,10.9
KRU_SHY_02,2023-08-31 08:00:00+00:00,0.0,0.0,0.015,0.092,16.1,6,627.8,11.5
KRU_SHY_02,2023-08-31 09:00:00+00:00,0.0,0.0,0.015,0.092,16.6,6,627.6,11.5
KRU_SHY_02,2023-08-31 10:00:00+00:00,0.0,0.0,0.015,0.092,16.5,7,627.1,11.8
KRU_SHY_02,2023-08-31 11:00:00+00:00,0.0,0.0,0.015,0.092,16.0,8,626.5,10.7
KRU_SHY_02,2023-08-31 12:00:00+00:00,0.0,0.0,0.012,0.091,15.0,9,625.8,7.1
KRU_SHY_02,2023-08-31 13:00:00+00:00,0.0,0.0,0.012,0.091,13.7,10,625.2,6.0
KRU_SHY_02,2023-08-31 14:00:00+00:00,0.0,0.0,0.012,0.091,13.0,11,625.0,5.9
KRU_SHY_02,2023-08-31 15:00:00+00:00,0.0,0.0,0.012,0.091,12.6,16,625.3,4.7
KRU_SHY_02,2023-08-31 16:00:00+00:00,0.0,0.0,0.012,0.091,11.3,21,624.1,3.8
KRU_SHY_02,2023-08-31 17:00:00+00:00,0.0,0.0,0.012,0.091,11.2,21,624.4,3.5
KRU_SHY_02,2023-08-31 18:00:00+00:00,0.0,0.0,0.012,0.091,11.2,20,624.7,3.1
KRU_SHY_02,2023-08-31 19:00:00+00:00,0.0,0.0,0.012,0.091,9.7,23,623.2,4.3
KRU_SHY_02,2023-08-31 20:00:00+00:00,0.0,0.0,0.012,0.091,7.5,26,620.7,6.3
KRU_SHY_02,2023-08-31 21:00:00+00:00,0.0,0.0,0.012,0.091,7.5,26,620.7,6.0
KRU_SHY_02,2023-08-31 22:00:00+00:00,0.0,0.0,0.012,0.091,8.2,25,621.7,5.6
KRU_SHY_02,2023-08-31 23:00:00+00:00,0.0,0.0,0.012,0.091,9.2,24,623.1,4.1
