station_id,datetime_utc,precipitation,rain,soil_moisture_0_to_7cm,soil_moisture_7_to_28cm,temperature_2m,relative_humidity_2m,surface_pressure,wind_speed_10m
LEH_IND_01,2023-06-01 00:00:00+00:00,0.1,0.0,0.286,0.277,3.8,81,676.9,3.2
LEH_IND_01,2023-06-01 01:00:00+00:00,0.1,0.0,0.286,0.277,4.9,69,677.8,4.3
LEH_IND_01,2023-06-01 02:00:00+00:00,0.1,0.0,0.285,0.277,5.4,63,679.1,3.4
LEH_IND_01,2023-06-01 03:00:00+00:00,0.1,0.0,0.287,0.277,5.7,56,679.4,3.3
LEH_IND_01,2023-06-01 04:00:00+00:00,0.1,0.0,0.29,0.277,6.4,56,679.7,3.8
LEH_IND_01,2023-06-01 05:00:00+00:00,0.0,0.0,0.295,0.277,8.0,49,680.1,2.1
LEH_IND_01,2023-06-01 06:00:00+00:00,0.0,0.0,0.301,0.277,9.7,45,680.4,1.5
LEH_IND_01,2023-06-01 07:00:00+00:00,0.0,0.0,0.305,0.277,11.1,43,680.6,2.6
LEH_IND_01,2023-06-01 08:00:00+00:00,0.0,0.0,0.309,0.277,11.8,41,680.2,2.6
LEH_IND_01,2023-06-01 09:00:00+00:00,0.0,0.0,0.309,0.277,11.5,39,679.5,1.8
LEH_IND_01,2023-06-01 10:00:00+00:00,0.0,0.0,0.31,0.277,11.2,48,679.5,9.5
LEH_IND_01,2023-06-01 11:00:00+00:00,0.0,0.0,0.309,0.277,10.4,49,679.3,6.3
LEH_IND_01,2023-06-01 12:00:00+00:00,0.0,0.0,0.313,0.277,8.8,51,678.6,3.7
LEH_IND_01,2023-06-01 13:00:00+00:00,0.1,0.1,0.313,0.278,7.0,60,678.4,3.2
LEH_IND_01,2023-06-01 14:00:00+00:00,0.1,0.1,0.313,0.278,5.6,67,678.3,1.9
LEH_IND_01,2023-06-01 15:00:00+00:00,0.5,0.1,0.313,0.278,4.9,75,678.7,3.7
LEH_IND_01,2023-06-01 16:00:00+00:00,0.1,0.0,0.312,0.278,5.2,69,678.9,4.6
LEH_IND_01,2023-06-01 17:00:00+00:00,0.0,0.0,0.311,0.278,4.7,69,678.7,3.1
LEH_IND_01,2023-06-01 18:00:00+00:00,0.0,0.0,0.311,0.278,4.3,69,678.4,1.3
LEH_IND_01,2023-06-01 19:00:00+00:00,0.1,0.0,0.31,0.278,4.3,69,678.1,2.5
LEH_IND_01,2023-06-01 20:00:00+00:00,0.1,0.0,0.31,0.278,4.0,74,677.5,3.1
LEH_IND_01,2023-06-01 21:00:00+00:00,0.1,0.0,0.309,0.278,3.6,75,677.1,1.5
LEH_IND_01,2023-06-01 22:00:00+00:00,0.0,0.0,0.309,0.278,3.1,73,676.7,1.5
LEH_IND_01,2023-06-01 23:00:00+00:00,0.0,0.0,0.308,0.279,2.9,80,676.7,2.8
LEH_IND_01,2023-06-02 00:00:00+00:00,0.0,0.0,0.309,0.277,2.5,77,676.2,4.0
LEH_IND_01,2023-06-02 01:00:00+00:00,0.0,0.0,0.308,0.277,3.6,64,677.4,2.2
LEH_IND_01,2023-06-02 02:00:00+00:00,0.0,0.0,0.307,0.277,3.7,66,677.9,1.8
LEH_IND_01,2023-06-02 03:00:00+00:00,0.0,0.0,0.307,0.278,4.3,65,678.6,1.8
LEH_IND_01,2023-06-02 04:00:00+00:00,0.0,0.0,0.307,0.278,5.5,61,679.5,1.8
LEH_IND_01,2023-06-02 05:00:00+00:00,0.0,0.0,0.307,0.278,6.3,61,679.8,3.1
LEH_IND_01,2023-06-02 06:00:00+00:00,0.0,0.0,0.307,0.278,6.9,59,679.8,2.0
LEH_IND_01,2023-06-02 07:00:00+00:00,0.0,0.0,0.306,0.278,7.9,55,680.0,2.2
LEH_IND_01,2023-06-02 08:00:00+00:00,0.0,0.0,0.304,0.278,7.7,59,679.5,4.3
LEH_IND_01,2023-06-02 09:00:00+00:00,0.0,0.0,0.302,0.278,8.3,58,679.5,3.7
LEH_IND_01,2023-06-02 10:00:00+00:00,0.0,0.0,0.3,0.278,9.1,52,679.4,5.4
LEH_IND_01,2023-06-02 11:00:00+00:00,0.0,0.0,0.298,0.278,8.8,48,679.1,8.4
LEH_IND_01,2023-06-02 12:00:00+00:00,0.0,0.0,0.299,0.278,8.1,48,678.6,6.9
LEH_IND_01,2023-06-02 13:00:00+00:00,0.0,0.0,0.298,0.278,7.6,49,678.6,4.6
LEH_IND_01,2023-06-02 14:00:00+00:00,0.0,0.0,0.298,0.278,7.0,49,678.7,0.7
LEH_IND_01,2023-06-02 15:00:00+00:00,0.0,0.0,0.298,0.278,5.6,69,678.2,2.9
LEH_IND_01,2023-06-02 16:00:00+00:00,0.0,0.0,0.297,0.278,5.3,60,678.8,1.0
LEH_IND_01,2023-06-02 17:00:00+00:00,0.0,0.0,0.297,0.278,4.7,64,678.8,1.5
LEH_IND_01,2023-06-02 18:00:00+00:00,0.0,0.0,0.297,0.278,4.0,67,678.5,1.9
LEH_IND_01,2023-06-02 19:00:00+00:00,0.0,0.0,0.296,0.278,3.4,72,678.0,1.9
LEH_IND_01,2023-06-02 20:00:00+00:00,0.1,0.0,0.296,0.278,3.0,75,677.4,0.4
LEH_IND_01,2023-06-02 21:00:00+00:00,0.1,0.0,0.295,0.278,2.6,77,676.9,0.8
LEH_IND_01,2023-06-02 22:00:00+00:00,0.2,0.0,0.295,0.278,2.3,78,676.7,1.3
LEH_IND_01,2023-06-02 23:00:00+00:00,0.1,0.0,0.295,0.278,2.0,78,676.5,0.7
LEH_IND_01,2023-06-03 00:00:00+00:00,0.1,0.0,0.295,0.278,2.4,69,677.4,1.5
LEH_IND_01,2023-06-03 01:00:00+00:00,0.5,0.0,0.294,0.278,2.3,73,678.1,1.5
LEH_IND_01,2023-06-03 02:00:00+00:00,0.9,0.0,0.294,0.278,2.0,77,678.4,0.5
LEH_IND_01,2023-06-03 03:00:00+00:00,0.9,0.0,0.294,0.278,2.2,77,679.0,2.9
LEH_IND_01,2023-06-03 04:00:00+00:00,0.5,0.0,0.296,0.278,3.1,71,679.7,2.6
LEH_IND_01,2023-06-03 05:00:00+00:00,0.1,0.0,0.3,0.278,4.2,66,680.5,2.9
LEH_IND_01,2023-06-03 06:00:00+00:00,0.0,0.0,0.304,0.278,5.2,66,681.0,1.4
LEH_IND_01,2023-06-03 07:00:00+00:00,0.0,0.0,0.308,0.278,6.5,64,681.6,4.5
LEH_IND_01,2023-06-03 08:00:00+00:00,0.4,0.0,0.312,0.278,7.4,60,681.8,4.9
LEH_IND_01,2023-06-03 09:00:00+00:00,0.5,0.0,0.314,0.278,6.6,61,681.8,1.3
LEH_IND_01,2023-06-03 10:00:00+00:00,0.3,0.0,0.316,0.278,7.3,55,681.9,2.5
LEH_IND_01,2023-06-03 11:00:00+00:00,0.0,0.0,0.317,0.278,6.4,61,681.7,3.5
LEH_IND_01,2023-06-03 12:00:00+00:00,0.0,0.0,0.302,0.278,6.9,56,681.8,2.4
LEH_IND_01,2023-06-03 13:00:00+00:00,0.0,0.0,0.301,0.278,6.3,58,682.0,5.2
LEH_IND_01,2023-06-03 14:00:00+00:00,0.0,0.0,0.301,0.278,5.6,67,681.8,4.1
LEH_IND_01,2023-06-03 15:00:00+00:00,0.0,0.0,0.3,0.278,4.7,66,681.4,6.0
LEH_IND_01,2023-06-03 16:00:00+00:00,0.0,0.0,0.3,0.278,3.6,67,680.8,6.9
LEH_IND_01,2023-06-03 17:00:00+00:00,0.0,0.0,0.3,0.278,2.0,70,679.7,9.1
LEH_IND_01,2023-06-03 18:00:00+00:00,0.0,0.0,0.299,0.278,1.5,70,679.2,8.7
LEH_IND_01,2023-06-03 19:00:00+00:00,0.0,0.0,0.299,0.278,1.1,70,678.5,7.7
LEH_IND_01,2023-06-03 20:00:00+00:00,0.0,0.0,0.299,0.278,0.3,70,677.8,7.9
LEH_IND_01,2023-06-03 21:00:00+00:00,0.0,0.0,0.298,0.278,0.1,69,677.4,7.6
LEH_IND_01,2023-06-03 22:00:00+00:00,0.0,0.0,0.298,0.278,0.0,70,677.3,7.3
LEH_IND_01,2023-06-03 23:00:00+00:00,0.0,0.0,0.298,0.278,0.2,70,677.7,6.8
LEH_IND_01,2023-06-04 00:00:00+00:00,0.0,0.0,0.297,0.277,0.9,63,679.1,5.0
LEH_IND_01,2023-06-04 01:00:00+00:00,0.0,0.0,0.296,0.277,2.9,60,681.5,4.1
LEH_IND_01,2023-06-04 02:00:00+00:00,0.0,0.0,0.296,0.277,4.3,56,682.8,2.3
LEH_IND_01,2023-06-04 03:00:00+00:00,0.0,0.0,0.295,0.277,5.5,56,683.7,2.8
LEH_IND_01,2023-06-04 04:00:00+00:00,0.0,0.0,0.295,0.277,6.7,52,684.4,3.2
LEH_IND_01,2023-06-04 05:00:00+00:00,0.0,0.0,0.295,0.277,7.9,48,684.8,3.9
LEH_IND_01,2023-06-04 06:00:00+00:00,0.0,0.0,0.294,0.277,9.0,43,684.9,3.8
LEH_IND_01,2023-06-04 07:00:00+00:00,0.0,0.0,0.293,0.277,10.1,41,684.9,2.8
LEH_IND_01,2023-06-04 08:00:00+00:00,0.0,0.0,0.291,0.277,10.8,41,684.8,0.8
LEH_IND_01,2023-06-04 09:00:00+00:00,0.0,0.0,0.288,0.277,11.3,38,684.6,2.3
LEH_IND_01,2023-06-04 10:00:00+00:00,0.0,0.0,0.286,0.277,11.6,36,684.3,2.3
LEH_IND_01,2023-06-04 11:00:00+00:00,0.0,0.0,0.284,0.277,11.4,34,684.1,1.6
LEH_IND_01,2023-06-04 12:00:00+00:00,0.0,0.0,0.291,0.276,10.1,40,684.2,6.1
LEH_IND_01,2023-06-04 13:00:00+00:00,0.0,0.0,0.29,0.276,8.8,56,683.7,6.2
LEH_IND_01,2023-06-04 14:00:00+00:00,0.0,0.0,0.29,0.276,7.8,67,683.0,2.6
LEH_IND_01,2023-06-04 15:00:00+00:00,0.0,0.0,0.289,0.276,7.7,58,683.0,1.1
LEH_IND_01,2023-06-04 16:00:00+00:00,0.0,0.0,0.289,0.276,7.1,60,682.7,1.0
LEH_IND_01,2023-06-04 17:00:00+00:00,0.0,0.0,0.289,0.276,4.4,71,680.2,5.5
LEH_IND_01,2023-06-04 18:00:00+00:00,0.0,0.0,0.289,0.276,5.7,52,681.4,3.7
LEH_IND_01,2023-06-04 19:00:00+00:00,0.0,0.0,0.289,0.276,5.3,48,680.7,3.2
LEH_IND_01,2023-06-04 20:00:00+00:00,0.0,0.0,0.289,0.276,5.1,44,680.4,3.3
LEH_IND_01,2023-06-04 21:00:00+00:00,0.0,0.0,0.289,0.276,5.0,40,680.2,3.6
LEH_IND_01,2023-06-04 22:00:00+00:00,0.0,0.0,0.288,0.276,4.6,37,679.8,3.3
LEH_IND_01,2023-06-04 23:00:00+00:00,0.0,0.0,0.288,0.276,3.5,39,678.9,4.8
LEH_IND_01,2023-06-05 00:00:00+00:00,0.0,0.0,0.288,0.276,4.4,36,680.1,2.7
LEH_IND_01,2023-06-05 01:00:00+00:00,0.0,0.0,0.288,0.276,4.0,57,680.3,5.0
LEH_IND_01,2023-06-05 02:00:00+00:00,0.0,0.0,0.287,0.276,6.2,40,682.4,2.2
LEH_IND_01,2023-06-05 03:00:00+00:00,0.0,0.0,0.286,0.276,7.3,40,683.3,1.9
LEH_IND_01,2023-06-05 04:00:00+00:00,0.0,0.0,0.284,0.276,8.4,40,683.8,3.2
LEH_IND_01,2023-06-05 05:00:00+00:00,0.0,0.0,0.283,0.275,9.4,39,684.2,1.6
LEH_IND_01,2023-06-05 06:00:00+00:00,0.0,0.0,0.28,0.275,10.4,38,684.2,1.6
LEH_IND_01,2023-06-05 07:00:00+00:00,0.0,0.0,0.277,0.275,11.3,37,684.2,3.5
LEH_IND_01,2023-06-05 08:00:00+00:00,0.0,0.0,0.273,0.275,11.7,38,683.9,4.7
LEH_IND_01,2023-06-05 09:00:00+00:00,0.1,0.1,0.271,0.275,11.4,42,683.5,4.8
LEH_IND_01,2023-06-05 10:00:00+00:00,0.0,0.0,0.269,0.275,11.7,35,683.0,3.7
LEH_IND_01,2023-06-05 11:00:00+00:00,0.0,0.0,0.266,0.275,11.8,32,682.7,3.4
LEH_IND_01,2023-06-05 12:00:00+00:00,0.0,0.0,0.266,0.275,12.4,28,682.9,2.4
LEH_IND_01,2023-06-05 13:00:00+00:00,0.0,0.0,0.265,0.275,11.6,43,682.1,6.2
LEH_IND_01,2023-06-05 14:00:00+00:00,0.0,0.0,0.265,0.275,8.7,56,679.9,7.5
LEH_IND_01,2023-06-05 15:00:00+00:00,0.0,0.0,0.265,0.275,8.3,55,679.9,4.7
LEH_IND_01,2023-06-05 16:00:00+00:00,0.0,0.0,0.265,0.275,6.1,66,678.7,5.4
LEH_IND_01,2023-06-05 17:00:00+00:00,0.0,0.0,0.265,0.275,5.0,65,678.3,8.9
LEH_IND_01,2023-06-05 18:00:00+00:00,0.0,0.0,0.265,0.275,5.1,67,678.6,5.6
LEH_IND_01,2023-06-05 19:00:00+00:00,0.0,0.0,0.265,0.274,5.7,51,678.9,4.3
LEH_IND_01,2023-06-05 20:00:00+00:00,0.0,0.0,0.265,0.274,4.9,49,677.8,4.6
LEH_IND_01,2023-06-05 21:00:00+00:00,0.0,0.0,0.265,0.274,4.6,47,677.5,5.0
LEH_IND_01,2023-06-05 22:00:00+00:00,0.0,0.0,0.265,0.274,5.5,36,678.5,3.7
LEH_IND_01,2023-06-05 23:00:00+00:00,0.0,0.0,0.265,0.274,4.8,38,678.1,4.7
LEH_IND_01,2023-06-06 00:00:00+00:00,0.0,0.0,0.266,0.276,5.2,37,679.0,0.7
LEH_IND_01,2023-06-06 01:00:00+00:00,0.0,0.0,0.266,0.276,5.4,38,679.6,1.5
LEH_IND_01,2023-06-06 02:00:00+00:00,0.0,0.0,0.266,0.276,6.7,43,681.3,3.4
LEH_IND_01,2023-06-06 03:00:00+00:00,0.0,0.0,0.265,0.276,7.5,44,682.0,4.7
LEH_IND_01,2023-06-06 04:00:00+00:00,0.0,0.0,0.263,0.276,8.6,46,682.5,4.7
LEH_IND_01,2023-06-06 05:00:00+00:00,0.0,0.0,0.259,0.276,9.7,47,682.9,4.3
LEH_IND_01,2023-06-06 06:00:00+00:00,0.0,0.0,0.255,0.276,10.9,46,683.1,3.9
LEH_IND_01,2023-06-06 07:00:00+00:00,0.0,0.0,0.25,0.275,11.9,47,683.0,4.1
LEH_IND_01,2023-06-06 08:00:00+00:00,0.9,0.2,0.248,0.275,11.3,45,682.5,8.4
LEH_IND_01,2023-06-06 09:00:00+00:00,0.1,0.1,0.246,0.275,12.1,35,682.0,6.4
LEH_IND_01,2023-06-06 10:00:00+00:00,0.0,0.0,0.243,0.275,12.2,35,681.9,10.2
LEH_IND_01,2023-06-06 11:00:00+00:00,0.0,0.0,0.24,0.275,11.4,42,681.6,11.9
LEH_IND_01,2023-06-06 12:00:00+00:00,0.0,0.0,0.239,0.275,10.6,50,680.9,8.5
LEH_IND_01,2023-06-06 13:00:00+00:00,0.0,0.0,0.238,0.275,10.3,51,680.9,5.9
LEH_IND_01,2023-06-06 14:00:00+00:00,0.0,0.0,0.238,0.275,9.8,46,681.0,2.8
LEH_IND_01,2023-06-06 15:00:00+00:00,0.0,0.0,0.238,0.275,9.1,48,681.0,2.3
LEH_IND_01,2023-06-06 16:00:00+00:00,0.0,0.0,0.238,0.275,6.1,66,679.1,5.2
LEH_IND_01,2023-06-06 17:00:00+00:00,0.0,0.0,0.239,0.274,4.7,71,678.4,7.9
LEH_IND_01,2023-06-06 18:00:00+00:00,0.0,0.0,0.239,0.274,4.1,70,678.2,8.2
LEH_IND_01,2023-06-06 19:00:00+00:00,0.1,0.0,0.239,0.274,3.2,69,677.8,9.4
LEH_IND_01,2023-06-06 20:00:00+00:00,0.0,0.0,0.239,0.274,2.1,72,676.6,6.6
LEH_IND_01,2023-06-06 21:00:00+00:00,0.0,0.0,0.239,0.274,1.7,73,676.5,5.9
LEH_IND_01,2023-06-06 22:00:00+00:00,0.2,0.0,0.239,0.274,1.3,74,676.7,5.2
LEH_IND_01,2023-06-06 23:00:00+00:00,0.1,0.0,0.24,0.274,2.3,60,678.2,3.1
LEH_IND_01,2023-06-07 00:00:00+00:00,0.0,0.0,0.24,0.273,3.6,69,678.6,3.8
LEH_IND_01,2023-06-07 01:00:00+00:00,0.0,0.0,0.24,0.273,4.4,66,679.6,1.4
LEH_IND_01,2023-06-07 02:00:00+00:00,0.0,0.0,0.24,0.273,5.4,66,680.9,2.2
LEH_IND_01,2023-06-07 03:00:00+00:00,0.0,0.0,0.24,0.273,6.4,64,681.7,2.7
LEH_IND_01,2023-06-07 04:00:00+00:00,0.0,0.0,0.239,0.273,7.4,60,682.3,3.4
LEH_IND_01,2023-06-07 05:00:00+00:00,0.0,0.0,0.236,0.273,8.6,57,682.8,3.4
LEH_IND_01,2023-06-07 06:00:00+00:00,0.0,0.0,0.233,0.272,9.8,54,683.0,3.6
LEH_IND_01,2023-06-07 07:00:00+00:00,0.0,0.0,0.229,0.272,10.8,50,683.2,4.8
LEH_IND_01,2023-06-07 08:00:00+00:00,0.4,0.3,0.23,0.272,10.8,49,682.8,4.9
LEH_IND_01,2023-06-07 09:00:00+00:00,0.1,0.1,0.227,0.272,11.3,47,682.6,6.4
LEH_IND_01,2023-06-07 10:00:00+00:00,0.0,0.0,0.225,0.272,11.8,41,682.5,2.3
LEH_IND_01,2023-06-07 11:00:00+00:00,0.0,0.0,0.223,0.272,9.2,62,682.0,11.6
LEH_IND_01,2023-06-07 12:00:00+00:00,0.0,0.0,0.222,0.272,8.9,65,682.0,5.8
LEH_IND_01,2023-06-07 13:00:00+00:00,0.0,0.0,0.221,0.272,8.3,66,682.0,2.5
LEH_IND_01,2023-06-07 14:00:00+00:00,0.0,0.0,0.222,0.272,7.5,69,681.9,2.0
LEH_IND_01,2023-06-07 15:00:00+00:00,0.0,0.0,0.222,0.271,6.7,70,682.0,1.8
LEH_IND_01,2023-06-07 16:00:00+00:00,0.0,0.0,0.222,0.271,4.8,82,680.9,7.1
LEH_IND_01,2023-06-07 17:00:00+00:00,0.0,0.0,0.222,0.271,3.7,85,680.4,6.3
LEH_IND_01,2023-06-07 18:00:00+00:00,0.0,0.0,0.223,0.271,3.3,85,680.1,4.3
LEH_IND_01,2023-06-07 19:00:00+00:00,0.0,0.0,0.223,0.271,3.0,82,679.9,3.6
LEH_IND_01,2023-06-07 20:00:00+00:00,0.0,0.0,0.223,0.271,1.9,86,678.6,4.4
LEH_IND_01,2023-06-07 21:00:00+00:00,0.1,0.0,0.224,0.271,1.8,82,678.7,3.9
LEH_IND_01,2023-06-07 22:00:00+00:00,0.1,0.0,0.224,0.27,2.2,73,679.2,3.3
LEH_IND_01,2023-06-07 23:00:00+00:00,0.0,0.0,0.224,0.27,2.9,64,680.1,3.0
LEH_IND_01,2023-06-08 00:00:00+00:00,0.0,0.0,0.225,0.27,1.7,79,680.3,3.6
LEH_IND_01,2023-06-08 01:00:00+00:00,0.0,0.0,0.225,0.27,2.9,75,681.6,2.9
LEH_IND_01,2023-06-08 02:00:00+00:00,0.0,0.0,0.225,0.27,4.1,73,682.8,4.7
LEH_IND_01,2023-06-08 03:00:00+00:00,0.0,0.0,0.224,0.27,5.3,74,683.5,5.4
LEH_IND_01,2023-06-08 04:00:00+00:00,0.0,0.0,0.222,0.27,6.6,71,684.3,6.1
LEH_IND_01,2023-06-08 05:00:00+00:00,0.0,0.0,0.219,0.27,8.0,67,684.9,7.2
LEH_IND_01,2023-06-08 06:00:00+00:00,0.0,0.0,0.215,0.27,9.2,63,685.2,7.2
LEH_IND_01,2023-06-08 07:00:00+00:00,0.0,0.0,0.211,0.269,10.3,60,685.2,7.2
LEH_IND_01,2023-06-08 08:00:00+00:00,0.0,0.0,0.206,0.269,11.2,57,684.9,7.2
LEH_IND_01,2023-06-08 09:00:00+00:00,0.1,0.1,0.203,0.269,12.0,54,684.9,6.6
LEH_IND_01,2023-06-08 10:00:00+00:00,0.1,0.1,0.2,0.269,12.3,55,684.7,6.6
LEH_IND_01,2023-06-08 11:00:00+00:00,0.1,0.1,0.198,0.269,12.4,52,684.2,5.3
LEH_IND_01,2023-06-08 12:00:00+00:00,0.0,0.0,0.197,0.268,12.4,47,683.9,5.6
LEH_IND_01,2023-06-08 13:00:00+00:00,0.0,0.0,0.198,0.268,11.9,49,683.7,6.1
LEH_IND_01,2023-06-08 14:00:00+00:00,0.0,0.0,0.198,0.268,10.1,59,682.7,4.0
LEH_IND_01,2023-06-08 15:00:00+00:00,0.0,0.0,0.198,0.268,8.6,66,682.3,4.6
LEH_IND_01,2023-06-08 16:00:00+00:00,0.0,0.0,0.199,0.268,7.8,68,682.5,4.7
LEH_IND_01,2023-06-08 17:00:00+00:00,0.0,0.0,0.199,0.268,7.1,71,682.3,4.8
LEH_IND_01,2023-06-08 18:00:00+00:00,0.0,0.0,0.199,0.267,7.2,61,682.4,3.5
LEH_IND_01,2023-06-08 19:00:00+00:00,0.0,0.0,0.2,0.267,7.3,56,682.5,3.1
LEH_IND_01,2023-06-08 20:00:00+00:00,0.0,0.0,0.2,0.267,7.0,56,681.8,2.1
LEH_IND_01,2023-06-08 21:00:00+00:00,0.0,0.0,0.2,0.267,6.7,58,681.2,1.6
LEH_IND_01,2023-06-08 22:00:00+00:00,0.0,0.0,0.201,0.267,6.3,59,680.8,2.7
LEH_IND_01,2023-06-08 23:00:00+00:00,0.0,0.0,0.201,0.266,5.5,61,680.2,4.2
LEH_IND_01,2023-06-09 00:00:00+00:00,0.0,0.0,0.201,0.266,3.7,70,678.6,6.9
LEH_IND_01,2023-06-09 01:00:00+00:00,0.0,0.0,0.203,0.266,6.3,67,682.1,2.2
LEH_IND_01,2023-06-09 02:00:00+00:00,0.0,0.0,0.203,0.266,7.8,56,684.0,3.4
LEH_IND_01,2023-06-09 03:00:00+00:00,0.0,0.0,0.202,0.266,9.2,49,685.1,5.4
LEH_IND_01,2023-06-09 04:00:00+00:00,0.0,0.0,0.199,0.266,10.0,44,685.7,6.1
LEH_IND_01,2023-06-09 05:00:00+00:00,0.0,0.0,0.196,0.265,10.6,43,685.8,6.4
LEH_IND_01,2023-06-09 06:00:00+00:00,0.0,0.0,0.192,0.265,11.5,42,685.9,6.0
LEH_IND_01,2023-06-09 07:00:00+00:00,0.0,0.0,0.187,0.265,12.6,40,685.9,6.2
LEH_IND_01,2023-06-09 08:00:00+00:00,0.0,0.0,0.181,0.265,13.3,38,685.4,6.3
LEH_IND_01,2023-06-09 09:00:00+00:00,0.0,0.0,0.176,0.265,13.8,36,685.0,5.8
LEH_IND_01,2023-06-09 10:00:00+00:00,0.0,0.0,0.172,0.264,14.1,32,684.6,4.9
LEH_IND_01,2023-06-09 11:00:00+00:00,0.0,0.0,0.168,0.264,14.2,29,684.2,4.0
LEH_IND_01,2023-06-09 12:00:00+00:00,0.0,0.0,0.167,0.264,14.0,26,683.9,3.1
LEH_IND_01,2023-06-09 13:00:00+00:00,0.0,0.0,0.168,0.264,13.5,30,683.7,2.1
LEH_IND_01,2023-06-09 14:00:00+00:00,0.0,0.0,0.168,0.264,12.9,24,683.6,2.5
LEH_IND_01,2023-06-09 15:00:00+00:00,0.0,0.0,0.169,0.263,9.6,50,681.4,5.4
LEH_IND_01,2023-06-09 16:00:00+00:00,0.0,0.0,0.169,0.263,9.0,47,681.4,5.0
LEH_IND_01,2023-06-09 17:00:00+00:00,0.0,0.0,0.169,0.263,9.7,35,682.5,3.0
LEH_IND_01,2023-06-09 18:00:00+00:00,0.0,0.0,0.17,0.263,8.9,37,681.8,3.1
LEH_IND_01,2023-06-09 19:00:00+00:00,0.0,0.0,0.17,0.263,7.2,45,680.2,5.0
LEH_IND_01,2023-06-09 20:00:00+00:00,0.0,0.0,0.171,0.262,7.4,40,680.0,5.0
LEH_IND_01,2023-06-09 21:00:00+00:00,0.0,0.0,0.171,0.262,7.8,37,680.3,4.5
LEH_IND_01,2023-06-09 22:00:00+00:00,0.0,0.0,0.172,0.262,5.3,47,678.3,6.0
LEH_IND_01,2023-06-09 23:00:00+00:00,0.0,0.0,0.172,0.262,4.1,51,677.5,6.6
LEH_IND_01,2023-06-10 00:00:00+00:00,0.0,0.0,0.173,0.261,4.2,54,677.7,7.4
LEH_IND_01,2023-06-10 01:00:00+00:00,0.0,0.0,0.174,0.261,6.5,59,680.4,6.1
LEH_IND_01,2023-06-10 02:00:00+00:00,0.0,0.0,0.174,0.261,9.4,44,683.3,3.5
LEH_IND_01,2023-06-10 03:00:00+00:00,0.0,0.0,0.173,0.261,10.8,36,684.4,3.9
LEH_IND_01,2023-06-10 04:00:00+00:00,0.0,0.0,0.17,0.261,11.5,36,684.8,4.9
LEH_IND_01,2023-06-10 05:00:00+00:00,0.0,0.0,0.167,0.26,12.3,37,685.3,4.9
LEH_IND_01,2023-06-10 06:00:00+00:00,0.0,0.0,0.162,0.26,13.2,36,685.4,4.5
LEH_IND_01,2023-06-10 07:00:00+00:00,0.0,0.0,0.157,0.26,14.1,33,685.2,4.2
LEH_IND_01,2023-06-10 08:00:00+00:00,0.0,0.0,0.152,0.26,14.8,32,684.8,4.2
LEH_IND_01,2023-06-10 09:00:00+00:00,0.0,0.0,0.148,0.259,15.1,30,684.4,3.9
LEH_IND_01,2023-06-10 10:00:00+00:00,0.0,0.0,0.144,0.259,15.3,30,684.1,3.2
LEH_IND_01,2023-06-10 11:00:00+00:00,0.0,0.0,0.141,0.259,15.2,28,683.5,2.1
LEH_IND_01,2023-06-10 12:00:00+00:00,0.0,0.0,0.14,0.259,14.8,28,683.1,0.7
LEH_IND_01,2023-06-10 13:00:00+00:00,0.0,0.0,0.14,0.258,14.6,29,683.5,1.4
LEH_IND_01,2023-06-10 14:00:00+00:00,0.0,0.0,0.14,0.258,13.0,45,682.4,4.1
LEH_IND_01,2023-06-10 15:00:00+00:00,0.0,0.0,0.14,0.258,10.8,52,681.3,8.1
LEH_IND_01,2023-06-10 16:00:00+00:00,0.0,0.0,0.141,0.258,9.8,54,681.0,8.7
LEH_IND_01,2023-06-10 17:00:00+00:00,0.0,0.0,0.141,0.258,8.2,59,679.5,8.2
LEH_IND_01,2023-06-10 18:00:00+00:00,0.0,0.0,0.142,0.257,6.7,61,678.1,7.1
LEH_IND_01,2023-06-10 19:00:00+00:00,0.0,0.0,0.142,0.257,6.4,57,677.7,6.7
LEH_IND_01,2023-06-10 20:00:00+00:00,0.0,0.0,0.143,0.257,5.9,56,677.4,7.0
LEH_IND_01,2023-06-10 21:00:00+00:00,0.0,0.0,0.143,0.257,6.0,52,677.6,6.4
LEH_IND_01,2023-06-10 22:00:00+00:00,0.0,0.0,0.144,0.256,6.0,50,678.0,6.1
LEH_IND_01,2023-06-10 23:00:00+00:00,0.0,0.0,0.144,0.256,5.4,52,677.7,6.1
LEH_IND_01,2023-06-11 00:00:00+00:00,0.0,0.0,0.145,0.256,5.9,57,677.7,7.8
LEH_IND_01,2023-06-11 01:00:00+00:00,0.0,0.0,0.145,0.256,7.8,62,679.7,6.1
LEH_IND_01,2023-06-11 02:00:00+00:00,0.0,0.0,0.145,0.256,10.3,42,682.3,0.8
LEH_IND_01,2023-06-11 03:00:00+00:00,0.0,0.0,0.145,0.255,11.5,37,683.4,3.9
LEH_IND_01,2023-06-11 04:00:00+00:00,0.0,0.0,0.143,0.255,12.3,38,683.7,4.0
LEH_IND_01,2023-06-11 05:00:00+00:00,0.0,0.0,0.14,0.255,13.5,37,683.9,2.6
LEH_IND_01,2023-06-11 06:00:00+00:00,0.0,0.0,0.136,0.255,14.6,35,684.1,2.8
LEH_IND_01,2023-06-11 07:00:00+00:00,0.0,0.0,0.132,0.254,15.7,33,684.0,2.1
LEH_IND_01,2023-06-11 08:00:00+00:00,0.0,0.0,0.127,0.254,16.3,33,683.7,0.4
LEH_IND_01,2023-06-11 09:00:00+00:00,0.0,0.0,0.123,0.254,16.7,33,683.2,4.0
LEH_IND_01,2023-06-11 10:00:00+00:00,0.0,0.0,0.12,0.254,16.1,33,682.9,6.6
LEH_IND_01,2023-06-11 11:00:00+00:00,0.0,0.0,0.119,0.253,15.9,34,682.6,4.7
LEH_IND_01,2023-06-11 12:00:00+00:00,0.0,0.0,0.116,0.253,12.9,51,681.8,8.7
LEH_IND_01,2023-06-11 13:00:00+00:00,0.1,0.1,0.117,0.253,11.7,62,681.8,8.7
LEH_IND_01,2023-06-11 14:00:00+00:00,0.1,0.1,0.118,0.252,10.9,67,681.7,6.9
LEH_IND_01,2023-06-11 15:00:00+00:00,0.0,0.0,0.119,0.252,10.3,73,681.7,4.8
LEH_IND_01,2023-06-11 16:00:00+00:00,0.0,0.0,0.12,0.252,9.6,78,681.8,3.4
LEH_IND_01,2023-06-11 17:00:00+00:00,0.0,0.0,0.12,0.252,9.0,70,681.5,1.1
LEH_IND_01,2023-06-11 18:00:00+00:00,0.0,0.0,0.121,0.252,7.4,85,679.9,3.2
LEH_IND_01,2023-06-11 19:00:00+00:00,0.0,0.0,0.121,0.251,6.1,81,678.2,6.0
LEH_IND_01,2023-06-11 20:00:00+00:00,0.0,0.0,0.122,0.251,5.7,76,677.3,5.7
LEH_IND_01,2023-06-11 21:00:00+00:00,0.0,0.0,0.122,0.251,5.6,71,677.1,6.4
LEH_IND_01,2023-06-11 22:00:00+00:00,0.0,0.0,0.123,0.251,5.6,77,677.5,4.3
LEH_IND_01,2023-06-11 23:00:00+00:00,0.1,0.1,0.125,0.25,6.7,62,678.9,1.6
LEH_IND_01,2023-06-12 00:00:00+00:00,0.2,0.2,0.13,0.251,5.2,84,678.4,4.7
LEH_IND_01,2023-06-12 01:00:00+00:00,0.1,0.1,0.132,0.251,6.5,75,680.2,3.9
LEH_IND_01,2023-06-12 02:00:00+00:00,0.1,0.1,0.134,0.251,7.1,74,680.8,4.0
LEH_IND_01,2023-06-12 03:00:00+00:00,0.0,0.0,0.133,0.25,8.5,72,681.9,3.7
LEH_IND_01,2023-06-12 04:00:00+00:00,0.0,0.0,0.132,0.25,10.1,67,682.6,3.8
LEH_IND_01,2023-06-12 05:00:00+00:00,0.0,0.0,0.129,0.25,11.7,60,683.0,4.0
LEH_IND_01,2023-06-12 06:00:00+00:00,0.0,0.0,0.125,0.25,13.2,52,683.3,3.9
LEH_IND_01,2023-06-12 07:00:00+00:00,0.0,0.0,0.121,0.25,14.5,47,683.4,4.1
LEH_IND_01,2023-06-12 08:00:00+00:00,0.1,0.1,0.118,0.249,14.9,41,683.1,5.4
LEH_IND_01,2023-06-12 09:00:00+00:00,0.2,0.2,0.119,0.249,12.7,57,682.4,9.7
LEH_IND_01,2023-06-12 10:00:00+00:00,0.1,0.1,0.119,0.249,12.1,61,682.1,6.4
LEH_IND_01,2023-06-12 11:00:00+00:00,0.1,0.1,0.119,0.249,14.1,49,682.4,6.3
LEH_IND_01,2023-06-12 12:00:00+00:00,0.2,0.2,0.117,0.248,13.0,55,682.3,5.4
LEH_IND_01,2023-06-12 13:00:00+00:00,0.0,0.0,0.117,0.248,12.3,58,682.4,3.3
LEH_IND_01,2023-06-12 14:00:00+00:00,0.0,0.0,0.117,0.247,10.9,69,681.9,5.8
LEH_IND_01,2023-06-12 15:00:00+00:00,0.1,0.1,0.118,0.247,9.8,80,682.2,2.9
LEH_IND_01,2023-06-12 16:00:00+00:00,0.0,0.0,0.119,0.247,9.2,77,682.2,2.9
LEH_IND_01,2023-06-12 17:00:00+00:00,0.6,0.6,0.128,0.247,8.8,75,682.4,1.3
LEH_IND_01,2023-06-12 18:00:00+00:00,0.9,0.9,0.14,0.247,8.1,79,682.3,2.9
LEH_IND_01,2023-06-12 19:00:00+00:00,1.6,1.3,0.156,0.246,6.9,86,681.2,1.9
LEH_IND_01,2023-06-12 20:00:00+00:00,1.4,0.9,0.168,0.246,6.5,90,680.7,1.8
LEH_IND_01,2023-06-12 21:00:00+00:00,0.7,0.7,0.177,0.246,6.0,92,680.1,2.3
LEH_IND_01,2023-06-12 22:00:00+00:00,0.3,0.3,0.181,0.246,5.8,91,680.0,2.2
LEH_IND_01,2023-06-12 23:00:00+00:00,1.1,0.9,0.193,0.246,5.0,91,679.7,1.3
LEH_IND_01,2023-06-13 00:00:00+00:00,0.7,0.6,0.173,0.245,3.3,81,678.3,6.1
LEH_IND_01,2023-06-13 01:00:00+00:00,1.7,0.4,0.177,0.245,5.8,72,681.2,5.1
LEH_IND_01,2023-06-13 02:00:00+00:00,0.7,0.5,0.182,0.245,6.8,73,682.5,2.5
LEH_IND_01,2023-06-13 03:00:00+00:00,0.3,0.3,0.189,0.245,6.9,75,682.5,3.3
LEH_IND_01,2023-06-13 04:00:00+00:00,0.0,0.0,0.194,0.245,7.8,74,682.9,2.3
LEH_IND_01,2023-06-13 05:00:00+00:00,0.0,0.0,0.199,0.245,10.0,67,683.8,2.5
LEH_IND_01,2023-06-13 06:00:00+00:00,0.0,0.0,0.204,0.245,11.5,59,684.0,3.6
LEH_IND_01,2023-06-13 07:00:00+00:00,0.0,0.0,0.209,0.245,12.9,53,683.9,2.0
LEH_IND_01,2023-06-13 08:00:00+00:00,0.0,0.0,0.213,0.245,13.8,48,683.5,2.2
LEH_IND_01,2023-06-13 09:00:00+00:00,0.0,0.0,0.216,0.245,14.4,45,683.2,2.6
LEH_IND_01,2023-06-13 10:00:00+00:00,0.0,0.0,0.218,0.244,14.9,44,682.8,5.1
LEH_IND_01,2023-06-13 11:00:00+00:00,0.3,0.3,0.222,0.244,14.5,43,682.2,4.7
LEH_IND_01,2023-06-13 12:00:00+00:00,0.0,0.0,0.201,0.243,14.8,42,681.7,6.2
LEH_IND_01,2023-06-13 13:00:00+00:00,0.0,0.0,0.201,0.243,14.1,49,681.5,5.2
LEH_IND_01,2023-06-13 14:00:00+00:00,0.0,0.0,0.201,0.243,12.4,59,680.8,3.1
LEH_IND_01,2023-06-13 15:00:00+00:00,0.0,0.0,0.201,0.243,12.5,49,681.8,1.9
LEH_IND_01,2023-06-13 16:00:00+00:00,0.0,0.0,0.202,0.243,11.6,52,681.7,3.4
LEH_IND_01,2023-06-13 17:00:00+00:00,0.0,0.0,0.202,0.243,10.4,56,681.4,1.0
LEH_IND_01,2023-06-13 18:00:00+00:00,0.7,0.5,0.208,0.243,7.4,80,679.5,6.1
LEH_IND_01,2023-06-13 19:00:00+00:00,2.2,1.5,0.223,0.243,6.2,91,679.9,3.8
LEH_IND_01,2023-06-13 20:00:00+00:00,0.3,0.3,0.227,0.243,5.9,90,679.2,5.3
LEH_IND_01,2023-06-13 21:00:00+00:00,1.5,1.1,0.24,0.243,5.0,93,679.1,5.0
LEH_IND_01,2023-06-13 22:00:00+00:00,0.0,0.0,0.24,0.243,5.1,90,678.8,3.3
LEH_IND_01,2023-06-13 23:00:00+00:00,0.0,0.0,0.241,0.243,5.3,88,679.3,1.8
LEH_IND_01,2023-06-14 00:00:00+00:00,0.0,0.0,0.234,0.242,5.2,87,679.8,0.7
LEH_IND_01,2023-06-14 01:00:00+00:00,0.0,0.0,0.234,0.242,5.3,89,680.2,1.9
LEH_IND_01,2023-06-14 02:00:00+00:00,0.0,0.0,0.234,0.242,6.8,78,681.7,3.6
LEH_IND_01,2023-06-14 03:00:00+00:00,0.0,0.0,0.237,0.242,7.8,71,681.9,4.6
LEH_IND_01,2023-06-14 04:00:00+00:00,0.0,0.0,0.239,0.242,9.1,62,682.2,4.1
LEH_IND_01,2023-06-14 05:00:00+00:00,0.0,0.0,0.243,0.242,10.7,57,682.5,5.4
LEH_IND_01,2023-06-14 06:00:00+00:00,0.0,0.0,0.245,0.242,11.5,54,682.7,5.0
LEH_IND_01,2023-06-14 07:00:00+00:00,0.0,0.0,0.246,0.242,12.6,51,682.5,4.1
LEH_IND_01,2023-06-14 08:00:00+00:00,0.4,0.4,0.253,0.242,13.2,49,682.2,0.7
LEH_IND_01,2023-06-14 09:00:00+00:00,1.5,1.3,0.27,0.242,11.9,64,681.6,4.0
LEH_IND_01,2023-06-14 10:00:00+00:00,0.2,0.2,0.272,0.242,11.9,60,681.1,5.4
LEH_IND_01,2023-06-14 11:00:00+00:00,0.0,0.0,0.273,0.242,11.3,65,681.1,2.9
LEH_IND_01,2023-06-14 12:00:00+00:00,0.2,0.2,0.26,0.244,10.7,64,680.4,2.8
LEH_IND_01,2023-06-14 13:00:00+00:00,0.0,0.0,0.26,0.244,11.0,62,680.7,3.5
LEH_IND_01,2023-06-14 14:00:00+00:00,0.0,0.0,0.26,0.244,9.8,75,680.5,3.2
LEH_IND_01,2023-06-14 15:00:00+00:00,0.0,0.0,0.26,0.244,8.2,79,680.7,5.7
LEH_IND_01,2023-06-14 16:00:00+00:00,0.0,0.0,0.26,0.244,7.8,78,681.0,5.1
LEH_IND_01,2023-06-14 17:00:00+00:00,0.0,0.0,0.259,0.244,7.3,79,680.6,4.7
LEH_IND_01,2023-06-14 18:00:00+00:00,0.1,0.1,0.26,0.244,6.4,84,680.1,2.5
LEH_IND_01,2023-06-14 19:00:00+00:00,0.0,0.0,0.26,0.244,6.9,77,680.2,2.2
LEH_IND_01,2023-06-14 20:00:00+00:00,0.1,0.1,0.261,0.244,5.9,84,679.3,2.5
LEH_IND_01,2023-06-14 21:00:00+00:00,0.6,0.4,0.265,0.244,5.1,89,678.8,2.4
LEH_IND_01,2023-06-14 22:00:00+00:00,0.9,0.4,0.27,0.244,4.7,92,678.6,1.0
LEH_IND_01,2023-06-14 23:00:00+00:00,2.3,0.5,0.275,0.244,3.6,97,677.8,3.7
LEH_IND_01,2023-06-15 00:00:00+00:00,0.3,0.2,0.264,0.244,3.6,89,677.2,5.9
LEH_IND_01,2023-06-15 01:00:00+00:00,0.0,0.0,0.264,0.244,5.7,76,679.4,4.2
LEH_IND_01,2023-06-15 02:00:00+00:00,0.1,0.1,0.264,0.244,6.9,77,680.6,2.6
LEH_IND_01,2023-06-15 03:00:00+00:00,0.0,0.0,0.265,0.244,7.5,73,681.3,3.8
LEH_IND_01,2023-06-15 04:00:00+00:00,0.0,0.0,0.265,0.244,7.9,68,681.4,1.3
LEH_IND_01,2023-06-15 05:00:00+00:00,0.0,0.0,0.266,0.244,9.0,63,681.6,0.8
LEH_IND_01,2023-06-15 06:00:00+00:00,0.0,0.0,0.265,0.244,10.9,57,682.3,2.7
LEH_IND_01,2023-06-15 07:00:00+00:00,0.2,0.2,0.266,0.244,11.6,59,682.2,5.4
LEH_IND_01,2023-06-15 08:00:00+00:00,0.5,0.5,0.27,0.244,12.5,53,682.1,5.3
LEH_IND_01,2023-06-15 09:00:00+00:00,2.1,1.5,0.287,0.244,11.4,62,681.6,0.7
LEH_IND_01,2023-06-15 10:00:00+00:00,0.7,0.7,0.294,0.244,12.2,55,681.9,1.1
LEH_IND_01,2023-06-15 11:00:00+00:00,0.1,0.1,0.293,0.244,12.8,53,681.7,4.2
LEH_IND_01,2023-06-15 12:00:00+00:00,1.2,1.2,0.315,0.246,12.4,51,680.9,2.9
LEH_IND_01,2023-06-15 13:00:00+00:00,0.0,0.0,0.314,0.246,11.9,55,680.7,4.3
LEH_IND_01,2023-06-15 14:00:00+00:00,0.0,0.0,0.313,0.247,10.0,72,679.8,4.1
LEH_IND_01,2023-06-15 15:00:00+00:00,0.0,0.0,0.312,0.247,9.7,66,680.3,4.0
LEH_IND_01,2023-06-15 16:00:00+00:00,0.0,0.0,0.311,0.247,9.9,57,681.3,2.6
LEH_IND_01,2023-06-15 17:00:00+00:00,0.0,0.0,0.31,0.247,6.6,76,678.6,6.4
LEH_IND_01,2023-06-15 18:00:00+00:00,0.0,0.0,0.309,0.248,6.3,74,678.3,8.5
LEH_IND_01,2023-06-15 19:00:00+00:00,0.0,0.0,0.308,0.248,5.5,75,677.6,7.7
LEH_IND_01,2023-06-15 20:00:00+00:00,0.0,0.0,0.308,0.248,4.4,74,676.4,7.5
LEH_IND_01,2023-06-15 21:00:00+00:00,0.0,0.0,0.307,0.248,3.4,76,675.5,5.2
LEH_IND_01,2023-06-15 22:00:00+00:00,0.0,0.0,0.306,0.249,4.5,62,677.0,3.2
LEH_IND_01,2023-06-15 23:00:00+00:00,0.0,0.0,0.305,0.249,4.1,62,676.9,2.7
LEH_IND_01,2023-06-16 00:00:00+00:00,0.0,0.0,0.305,0.248,4.9,69,678.6,0.0
LEH_IND_01,2023-06-16 01:00:00+00:00,0.0,0.0,0.304,0.248,4.9,74,679.3,2.5
LEH_IND_01,2023-06-16 02:00:00+00:00,0.0,0.0,0.303,0.248,7.0,72,681.3,2.7
LEH_IND_01,2023-06-16 03:00:00+00:00,0.0,0.0,0.302,0.248,8.7,66,682.1,3.7
LEH_IND_01,2023-06-16 04:00:00+00:00,0.0,0.0,0.302,0.248,10.1,60,682.5,4.0
LEH_IND_01,2023-06-16 05:00:00+00:00,0.0,0.0,0.301,0.249,11.4,52,682.9,2.6
LEH_IND_01,2023-06-16 06:00:00+00:00,0.0,0.0,0.3,0.249,13.0,45,683.0,1.8
LEH_IND_01,2023-06-16 07:00:00+00:00,0.0,0.0,0.298,0.249,14.2,41,683.0,1.8
LEH_IND_01,2023-06-16 08:00:00+00:00,0.0,0.0,0.295,0.249,14.8,40,682.8,2.7
LEH_IND_01,2023-06-16 09:00:00+00:00,0.0,0.0,0.292,0.249,15.1,40,682.6,3.1
LEH_IND_01,2023-06-16 10:00:00+00:00,0.1,0.1,0.29,0.249,14.9,42,682.3,2.5
LEH_IND_01,2023-06-16 11:00:00+00:00,0.2,0.2,0.291,0.249,14.3,44,682.1,4.9
LEH_IND_01,2023-06-16 12:00:00+00:00,0.0,0.0,0.322,0.252,13.9,44,681.9,5.8
LEH_IND_01,2023-06-16 13:00:00+00:00,0.0,0.0,0.32,0.252,13.3,48,681.7,3.8
LEH_IND_01,2023-06-16 14:00:00+00:00,0.0,0.0,0.319,0.253,13.0,44,682.1,2.6
LEH_IND_01,2023-06-16 15:00:00+00:00,0.0,0.0,0.318,0.253,12.4,46,682.4,3.3
LEH_IND_01,2023-06-16 16:00:00+00:00,0.0,0.0,0.317,0.253,11.2,50,682.5,2.5
LEH_IND_01,2023-06-16 17:00:00+00:00,0.0,0.0,0.316,0.253,10.2,55,682.1,2.1
LEH_IND_01,2023-06-16 18:00:00+00:00,0.0,0.0,0.315,0.254,8.9,60,681.2,0.7
LEH_IND_01,2023-06-16 19:00:00+00:00,0.0,0.0,0.314,0.254,8.4,62,680.9,1.1
LEH_IND_01,2023-06-16 20:00:00+00:00,0.0,0.0,0.313,0.254,7.8,63,680.5,2.7
LEH_IND_01,2023-06-16 21:00:00+00:00,0.0,0.0,0.312,0.254,6.7,65,679.6,4.1
LEH_IND_01,2023-06-16 22:00:00+00:00,0.0,0.0,0.312,0.255,7.1,61,680.1,0.8
LEH_IND_01,2023-06-16 23:00:00+00:00,0.0,0.0,0.311,0.255,6.7,63,680.2,0.7
LEH_IND_01,2023-06-17 00:00:00+00:00,0.0,0.0,0.309,0.254,5.6,74,680.5,2.2
LEH_IND_01,2023-06-17 01:00:00+00:00,0.0,0.0,0.308,0.254,5.7,77,680.9,0.5
LEH_IND_01,2023-06-17 02:00:00+00:00,0.0,0.0,0.307,0.254,7.1,75,682.6,2.6
LEH_IND_01,2023-06-17 03:00:00+00:00,0.0,0.0,0.305,0.254,8.6,70,683.5,4.3
LEH_IND_01,2023-06-17 04:00:00+00:00,0.0,0.0,0.303,0.254,10.1,65,684.2,4.9
LEH_IND_01,2023-06-17 05:00:00+00:00,0.0,0.0,0.301,0.255,11.5,59,684.3,4.6
LEH_IND_01,2023-06-17 06:00:00+00:00,0.0,0.0,0.297,0.255,13.0,51,684.6,4.7
LEH_IND_01,2023-06-17 07:00:00+00:00,0.0,0.0,0.293,0.255,13.9,45,684.6,3.6
LEH_IND_01,2023-06-17 08:00:00+00:00,0.0,0.0,0.289,0.255,14.4,48,684.5,4.3
LEH_IND_01,2023-06-17 09:00:00+00:00,0.5,0.5,0.291,0.255,13.7,56,684.2,3.3
LEH_IND_01,2023-06-17 10:00:00+00:00,1.5,1.5,0.307,0.255,13.0,56,683.7,2.3
LEH_IND_01,2023-06-17 11:00:00+00:00,1.0,1.0,0.317,0.255,13.3,55,683.6,4.8
LEH_IND_01,2023-06-17 12:00:00+00:00,0.0,0.0,0.291,0.254,11.8,66,683.0,4.4
LEH_IND_01,2023-06-17 13:00:00+00:00,0.0,0.0,0.29,0.254,11.7,70,683.4,5.8
LEH_IND_01,2023-06-17 14:00:00+00:00,0.4,0.4,0.295,0.254,10.4,82,682.8,3.8
LEH_IND_01,2023-06-17 15:00:00+00:00,2.0,1.9,0.318,0.254,7.6,87,682.2,6.0
LEH_IND_01,2023-06-17 16:00:00+00:00,1.4,1.3,0.333,0.255,6.7,94,682.8,1.5
LEH_IND_01,2023-06-17 17:00:00+00:00,0.2,0.2,0.334,0.255,6.5,93,682.9,1.3
LEH_IND_01,2023-06-17 18:00:00+00:00,0.0,0.0,0.333,0.256,6.2,91,682.4,3.3
LEH_IND_01,2023-06-17 19:00:00+00:00,0.0,0.0,0.331,0.256,7.0,85,682.6,2.2
LEH_IND_01,2023-06-17 20:00:00+00:00,0.0,0.0,0.33,0.257,7.4,80,682.5,1.8
LEH_IND_01,2023-06-17 21:00:00+00:00,0.0,0.0,0.328,0.257,7.0,82,682.1,1.1
LEH_IND_01,2023-06-17 22:00:00+00:00,0.0,0.0,0.327,0.258,6.4,81,681.9,1.9
LEH_IND_01,2023-06-17 23:00:00+00:00,0.0,0.0,0.326,0.258,6.2,79,681.8,1.6
LEH_IND_01,2023-06-18 00:00:00+00:00,0.0,0.0,0.286,0.256,5.9,82,682.0,2.3
LEH_IND_01,2023-06-18 01:00:00+00:00,0.0,0.0,0.286,0.256,6.1,78,682.5,1.6
LEH_IND_01,2023-06-18 02:00:00+00:00,0.0,0.0,0.286,0.256,8.2,72,684.4,4.4
LEH_IND_01,2023-06-18 03:00:00+00:00,0.0,0.0,0.285,0.256,9.4,69,685.2,5.1
LEH_IND_01,2023-06-18 04:00:00+00:00,0.0,0.0,0.282,0.256,11.0,60,685.8,6.0
LEH_IND_01,2023-06-18 05:00:00+00:00,0.0,0.0,0.279,0.256,12.3,54,686.1,6.1
LEH_IND_01,2023-06-18 06:00:00+00:00,0.0,0.0,0.274,0.256,13.9,47,686.4,5.3
LEH_IND_01,2023-06-18 07:00:00+00:00,0.1,0.1,0.269,0.256,14.9,44,686.1,4.4
LEH_IND_01,2023-06-18 08:00:00+00:00,0.0,0.0,0.263,0.256,15.4,45,685.5,2.8
LEH_IND_01,2023-06-18 09:00:00+00:00,0.1,0.1,0.259,0.256,16.1,44,685.2,5.0
LEH_IND_01,2023-06-18 10:00:00+00:00,0.1,0.1,0.255,0.256,16.4,40,684.9,5.0
LEH_IND_01,2023-06-18 11:00:00+00:00,0.1,0.1,0.252,0.256,16.6,36,684.5,4.8
LEH_IND_01,2023-06-18 12:00:00+00:00,0.0,0.0,0.249,0.256,15.6,39,684.2,5.4
LEH_IND_01,2023-06-18 13:00:00+00:00,0.0,0.0,0.248,0.256,15.2,47,683.8,4.6
LEH_IND_01,2023-06-18 14:00:00+00:00,0.0,0.0,0.247,0.256,13.3,54,682.7,4.6
LEH_IND_01,2023-06-18 15:00:00+00:00,0.0,0.0,0.247,0.256,13.8,42,683.8,1.6
LEH_IND_01,2023-06-18 16:00:00+00:00,0.0,0.0,0.247,0.256,12.9,45,683.6,1.8
LEH_IND_01,2023-06-18 17:00:00+00:00,0.0,0.0,0.248,0.256,9.2,60,680.7,6.1
LEH_IND_01,2023-06-18 18:00:00+00:00,0.0,0.0,0.248,0.256,11.0,43,682.6,2.2
LEH_IND_01,2023-06-18 19:00:00+00:00,0.0,0.0,0.248,0.256,10.2,45,682.0,2.2
LEH_IND_01,2023-06-18 20:00:00+00:00,0.0,0.0,0.248,0.256,9.9,45,681.8,1.1
LEH_IND_01,2023-06-18 21:00:00+00:00,0.0,0.0,0.248,0.256,9.4,48,681.7,1.5
LEH_IND_01,2023-06-18 22:00:00+00:00,0.0,0.0,0.248,0.256,8.6,53,681.5,1.5
LEH_IND_01,2023-06-18 23:00:00+00:00,0.0,0.0,0.248,0.256,7.9,56,681.6,1.5
LEH_IND_01,2023-06-19 00:00:00+00:00,0.0,0.0,0.248,0.255,8.0,48,682.1,1.0
LEH_IND_01,2023-06-19 01:00:00+00:00,0.0,0.0,0.248,0.255,7.9,65,682.5,1.8
LEH_IND_01,2023-06-19 02:00:00+00:00,0.0,0.0,0.247,0.255,9.3,62,684.1,3.4
LEH_IND_01,2023-06-19 03:00:00+00:00,0.0,0.0,0.245,0.255,10.6,59,685.0,4.6
LEH_IND_01,2023-06-19 04:00:00+00:00,0.0,0.0,0.242,0.255,12.1,56,685.4,4.3
LEH_IND_01,2023-06-19 05:00:00+00:00,0.0,0.0,0.238,0.255,13.4,51,685.6,3.7
LEH_IND_01,2023-06-19 06:00:00+00:00,0.0,0.0,0.234,0.255,14.5,47,685.7,4.1
LEH_IND_01,2023-06-19 07:00:00+00:00,0.0,0.0,0.228,0.255,15.4,43,685.8,4.0
LEH_IND_01,2023-06-19 08:00:00+00:00,0.0,0.0,0.222,0.255,16.2,39,685.3,4.1
LEH_IND_01,2023-06-19 09:00:00+00:00,0.0,0.0,0.217,0.255,17.0,35,685.1,5.1
LEH_IND_01,2023-06-19 10:00:00+00:00,0.0,0.0,0.212,0.254,17.4,33,684.8,4.7
LEH_IND_01,2023-06-19 11:00:00+00:00,0.0,0.0,0.208,0.254,17.6,29,684.6,1.3
LEH_IND_01,2023-06-19 12:00:00+00:00,0.0,0.0,0.207,0.255,17.2,26,684.2,0.5
LEH_IND_01,2023-06-19 13:00:00+00:00,0.0,0.0,0.206,0.254,16.5,58,683.7,1.8
LEH_IND_01,2023-06-19 14:00:00+00:00,0.0,0.0,0.206,0.254,16.6,22,684.1,3.1
LEH_IND_01,2023-06-19 15:00:00+00:00,0.0,0.0,0.206,0.254,15.5,26,683.9,3.2
LEH_IND_01,2023-06-19 16:00:00+00:00,0.0,0.0,0.206,0.254,10.1,57,679.7,8.2
LEH_IND_01,2023-06-19 17:00:00+00:00,0.0,0.0,0.206,0.254,8.8,59,679.1,7.8
LEH_IND_01,2023-06-19 18:00:00+00:00,0.0,0.0,0.206,0.254,8.2,56,679.0,7.3
LEH_IND_01,2023-06-19 19:00:00+00:00,0.0,0.0,0.207,0.254,11.0,35,681.9,4.1
LEH_IND_01,2023-06-19 20:00:00+00:00,0.0,0.0,0.207,0.254,9.1,40,680.3,5.2
LEH_IND_01,2023-06-19 21:00:00+00:00,0.0,0.0,0.207,0.254,6.4,51,677.9,6.8
LEH_IND_01,2023-06-19 22:00:00+00:00,0.0,0.0,0.207,0.254,9.2,31,680.8,4.7
LEH_IND_01,2023-06-19 23:00:00+00:00,0.0,0.0,0.207,0.253,8.8,32,680.9,3.0
LEH_IND_01,2023-06-20 00:00:00+00:00,0.0,0.0,0.206,0.252,8.6,31,681.5,4.7
LEH_IND_01,2023-06-20 01:00:00+00:00,0.0,0.0,0.206,0.252,7.6,59,681.2,5.2
LEH_IND_01,2023-06-20 02:00:00+00:00,0.0,0.0,0.206,0.252,11.0,37,684.7,3.1
LEH_IND_01,2023-06-20 03:00:00+00:00,0.0,0.0,0.204,0.252,12.2,39,685.6,3.9
LEH_IND_01,2023-06-20 04:00:00+00:00,0.0,0.0,0.201,0.252,13.5,38,686.2,4.8
LEH_IND_01,2023-06-20 05:00:00+00:00,0.0,0.0,0.197,0.252,14.8,36,686.4,5.6
LEH_IND_01,2023-06-20 06:00:00+00:00,0.0,0.0,0.191,0.252,16.1,33,686.6,5.6
LEH_IND_01,2023-06-20 07:00:00+00:00,0.0,0.0,0.185,0.251,17.2,31,686.5,5.5
LEH_IND_01,2023-06-20 08:00:00+00:00,0.0,0.0,0.179,0.251,17.9,29,686.3,5.4
LEH_IND_01,2023-06-20 09:00:00+00:00,0.0,0.0,0.173,0.251,18.5,27,685.9,4.9
LEH_IND_01,2023-06-20 10:00:00+00:00,0.0,0.0,0.168,0.251,19.2,25,685.7,5.9
LEH_IND_01,2023-06-20 11:00:00+00:00,0.0,0.0,0.164,0.251,19.4,22,685.4,4.8
LEH_IND_01,2023-06-20 12:00:00+00:00,0.0,0.0,0.161,0.25,19.4,17,685.1,2.3
LEH_IND_01,2023-06-20 13:00:00+00:00,0.0,0.0,0.16,0.25,18.3,52,684.3,2.6
LEH_IND_01,2023-06-20 14:00:00+00:00,0.0,0.0,0.16,0.25,18.4,16,685.0,2.8
LEH_IND_01,2023-06-20 15:00:00+00:00,0.0,0.0,0.161,0.25,17.1,17,685.0,1.9
LEH_IND_01,2023-06-20 16:00:00+00:00,0.0,0.0,0.161,0.25,11.2,45,680.7,9.2
LEH_IND_01,2023-06-20 17:00:00+00:00,0.0,0.0,0.161,0.25,9.5,48,679.7,8.5
LEH_IND_01,2023-06-20 18:00:00+00:00,0.0,0.0,0.162,0.249,9.3,41,680.0,6.8
LEH_IND_01,2023-06-20 19:00:00+00:00,0.0,0.0,0.162,0.249,8.9,38,680.0,6.6
LEH_IND_01,2023-06-20 20:00:00+00:00,0.0,0.0,0.162,0.249,6.6,47,678.0,9.1
LEH_IND_01,2023-06-20 21:00:00+00:00,0.0,0.0,0.162,0.249,5.7,48,677.3,8.8
LEH_IND_01,2023-06-20 22:00:00+00:00,0.0,0.0,0.163,0.249,5.6,45,677.5,8.0
LEH_IND_01,2023-06-20 23:00:00+00:00,0.0,0.0,0.163,0.249,5.6,41,678.1,7.2
LEH_IND_01,2023-06-21 00:00:00+00:00,0.0,0.0,0.164,0.249,6.7,42,679.4,7.2
LEH_IND_01,2023-06-21 01:00:00+00:00,0.0,0.0,0.164,0.249,8.1,52,681.5,6.9
LEH_IND_01,2023-06-21 02:00:00+00:00,0.0,0.0,0.164,0.249,12.2,34,685.7,2.8
LEH_IND_01,2023-06-21 03:00:00+00:00,0.0,0.0,0.163,0.249,13.8,31,687.0,4.1
LEH_IND_01,2023-06-21 04:00:00+00:00,0.0,0.0,0.16,0.249,15.2,29,687.5,5.0
LEH_IND_01,2023-06-21 05:00:00+00:00,0.0,0.0,0.156,0.248,16.6,28,687.8,5.9
LEH_IND_01,2023-06-21 06:00:00+00:00,0.0,0.0,0.151,0.248,17.7,26,688.1,5.9
LEH_IND_01,2023-06-21 07:00:00+00:00,0.0,0.0,0.145,0.248,18.8,23,688.1,4.8
LEH_IND_01,2023-06-21 08:00:00+00:00,0.0,0.0,0.139,0.248,19.7,23,687.9,3.8
LEH_IND_01,2023-06-21 09:00:00+00:00,0.0,0.0,0.134,0.248,20.3,22,687.6,2.7
LEH_IND_01,2023-06-21 10:00:00+00:00,0.0,0.0,0.129,0.247,20.6,22,687.4,3.4
LEH_IND_01,2023-06-21 11:00:00+00:00,0.0,0.0,0.126,0.247,20.6,21,686.9,2.9
LEH_IND_01,2023-06-21 12:00:00+00:00,0.0,0.0,0.124,0.247,20.3,21,687.0,3.7
LEH_IND_01,2023-06-21 13:00:00+00:00,0.0,0.0,0.123,0.247,19.2,53,686.2,2.5
LEH_IND_01,2023-06-21 14:00:00+00:00,0.0,0.0,0.123,0.247,19.0,15,686.7,1.0
LEH_IND_01,2023-06-21 15:00:00+00:00,0.0,0.0,0.124,0.247,17.7,16,686.5,2.8
LEH_IND_01,2023-06-21 16:00:00+00:00,0.0,0.0,0.124,0.247,14.3,29,684.1,5.9
LEH_IND_01,2023-06-21 17:00:00+00:00,0.0,0.0,0.124,0.246,13.2,28,683.7,5.9
LEH_IND_01,2023-06-21 18:00:00+00:00,0.0,0.0,0.125,0.246,14.2,17,684.9,4.5
LEH_IND_01,2023-06-21 19:00:00+00:00,0.0,0.0,0.125,0.246,13.4,18,684.3,4.3
LEH_IND_01,2023-06-21 20:00:00+00:00,0.0,0.0,0.126,0.246,12.5,18,683.8,4.6
LEH_IND_01,2023-06-21 21:00:00+00:00,0.0,0.0,0.126,0.246,10.1,26,681.8,5.6
LEH_IND_01,2023-06-21 22:00:00+00:00,0.0,0.0,0.126,0.245,9.9,24,682.0,5.6
LEH_IND_01,2023-06-21 23:00:00+00:00,0.0,0.0,0.127,0.245,10.8,18,683.5,4.5
LEH_IND_01,2023-06-22 00:00:00+00:00,0.0,0.0,0.129,0.248,11.4,18,684.0,4.1
LEH_IND_01,2023-06-22 01:00:00+00:00,0.0,0.0,0.13,0.248,11.6,18,684.9,3.4
LEH_IND_01,2023-06-22 02:00:00+00:00,0.0,0.0,0.13,0.248,13.5,25,687.1,3.1
LEH_IND_01,2023-06-22 03:00:00+00:00,0.0,0.0,0.129,0.248,14.7,29,688.1,3.6
LEH_IND_01,2023-06-22 04:00:00+00:00,0.0,0.0,0.126,0.248,16.0,29,688.5,4.7
LEH_IND_01,2023-06-22 05:00:00+00:00,0.0,0.0,0.123,0.247,17.5,28,688.9,5.3
LEH_IND_01,2023-06-22 06:00:00+00:00,0.0,0.0,0.118,0.247,19.0,26,689.1,6.2
LEH_IND_01,2023-06-22 07:00:00+00:00,0.0,0.0,0.113,0.247,20.4,23,689.1,6.4
LEH_IND_01,2023-06-22 08:00:00+00:00,0.0,0.0,0.108,0.247,21.6,20,689.0,5.7
LEH_IND_01,2023-06-22 09:00:00+00:00,0.0,0.0,0.102,0.246,22.5,17,688.8,4.9
LEH_IND_01,2023-06-22 10:00:00+00:00,0.0,0.0,0.098,0.246,23.1,15,688.4,4.0
LEH_IND_01,2023-06-22 11:00:00+00:00,0.0,0.0,0.095,0.246,23.2,13,688.1,1.9
LEH_IND_01,2023-06-22 12:00:00+00:00,0.0,0.0,0.093,0.245,22.7,13,688.2,1.5
LEH_IND_01,2023-06-22 13:00:00+00:00,0.0,0.0,0.092,0.245,21.2,38,687.4,5.1
LEH_IND_01,2023-06-22 14:00:00+00:00,0.0,0.0,0.092,0.245,17.2,38,684.7,7.9
LEH_IND_01,2023-06-22 15:00:00+00:00,0.0,0.0,0.093,0.245,15.3,36,683.8,7.7
LEH_IND_01,2023-06-22 16:00:00+00:00,0.0,0.0,0.093,0.244,13.7,35,683.1,7.5
LEH_IND_01,2023-06-22 17:00:00+00:00,0.0,0.0,0.094,0.244,12.1,35,682.2,7.3
LEH_IND_01,2023-06-22 18:00:00+00:00,0.0,0.0,0.094,0.244,10.5,38,681.1,8.0
LEH_IND_01,2023-06-22 19:00:00+00:00,0.0,0.0,0.095,0.244,9.6,37,680.7,8.1
LEH_IND_01,2023-06-22 20:00:00+00:00,0.0,0.0,0.095,0.244,10.0,31,681.2,7.3
LEH_IND_01,2023-06-22 21:00:00+00:00,0.0,0.0,0.095,0.243,11.3,22,682.4,6.3
LEH_IND_01,2023-06-22 22:00:00+00:00,0.0,0.0,0.096,0.243,12.7,15,684.1,5.5
LEH_IND_01,2023-06-22 23:00:00+00:00,0.0,0.0,0.096,0.243,12.1,16,683.9,5.2
LEH_IND_01,2023-06-23 00:00:00+00:00,0.0,0.0,0.098,0.243,11.8,19,683.9,5.6
LEH_IND_01,2023-06-23 01:00:00+00:00,0.0,0.0,0.098,0.243,10.3,39,683.2,4.8
LEH_IND_01,2023-06-23 02:00:00+00:00,0.0,0.0,0.098,0.243,14.3,24,687.4,1.9
LEH_IND_01,2023-06-23 03:00:00+00:00,0.0,0.0,0.097,0.243,15.9,24,688.6,4.6
LEH_IND_01,2023-06-23 04:00:00+00:00,0.0,0.0,0.095,0.242,17.6,23,689.2,5.0
LEH_IND_01,2023-06-23 05:00:00+00:00,0.0,0.0,0.092,0.242,19.3,21,689.6,5.9
LEH_IND_01,2023-06-23 06:00:00+00:00,0.0,0.0,0.088,0.242,21.0,18,689.8,5.7
LEH_IND_01,2023-06-23 07:00:00+00:00,0.0,0.0,0.083,0.242,22.3,16,689.7,5.2
LEH_IND_01,2023-06-23 08:00:00+00:00,0.0,0.0,0.079,0.241,23.4,15,689.3,3.5
LEH_IND_01,2023-06-23 09:00:00+00:00,0.0,0.0,0.074,0.241,24.1,13,689.2,2.6
LEH_IND_01,2023-06-23 10:00:00+00:00,0.0,0.0,0.071,0.241,24.5,11,688.7,1.6
LEH_IND_01,2023-06-23 11:00:00+00:00,0.0,0.0,0.068,0.241,24.8,10,688.4,2.5
LEH_IND_01,2023-06-23 12:00:00+00:00,0.0,0.0,0.066,0.241,24.3,11,688.1,6.8
LEH_IND_01,2023-06-23 13:00:00+00:00,0.0,0.0,0.066,0.24,22.4,26,687.1,7.4
LEH_IND_01,2023-06-23 14:00:00+00:00,0.0,0.0,0.066,0.24,19.4,30,685.4,6.1
LEH_IND_01,2023-06-23 15:00:00+00:00,0.0,0.0,0.066,0.24,16.3,39,683.5,8.4
LEH_IND_01,2023-06-23 16:00:00+00:00,0.0,0.0,0.067,0.24,14.3,41,682.3,8.4
LEH_IND_01,2023-06-23 17:00:00+00:00,0.0,0.0,0.067,0.239,12.9,40,681.4,8.0
LEH_IND_01,2023-06-23 18:00:00+00:00,0.0,0.0,0.068,0.239,11.7,39,680.4,7.8
LEH_IND_01,2023-06-23 19:00:00+00:00,0.0,0.0,0.068,0.239,10.3,41,679.3,8.7
LEH_IND_01,2023-06-23 20:00:00+00:00,0.0,0.0,0.069,0.239,9.5,39,678.5,8.4
LEH_IND_01,2023-06-23 21:00:00+00:00,0.0,0.0,0.069,0.239,9.5,35,678.5,7.7
LEH_IND_01,2023-06-23 22:00:00+00:00,0.0,0.0,0.069,0.238,8.8,35,678.0,8.2
LEH_IND_01,2023-06-23 23:00:00+00:00,0.0,0.0,0.07,0.238,8.4,34,678.1,8.2
LEH_IND_01,2023-06-24 00:00:00+00:00,0.0,0.0,0.07,0.238,11.1,21,680.6,6.6
LEH_IND_01,2023-06-24 01:00:00+00:00,0.0,0.0,0.071,0.238,10.2,43,680.6,7.2
LEH_IND_01,2023-06-24 02:00:00+00:00,0.0,0.0,0.071,0.238,15.3,20,685.5,2.3
LEH_IND_01,2023-06-24 03:00:00+00:00,0.0,0.0,0.07,0.237,17.0,19,687.0,3.4
LEH_IND_01,2023-06-24 04:00:00+00:00,0.0,0.0,0.069,0.237,18.5,19,687.5,4.8
LEH_IND_01,2023-06-24 05:00:00+00:00,0.0,0.0,0.066,0.237,19.9,17,687.9,4.7
LEH_IND_01,2023-06-24 06:00:00+00:00,0.0,0.0,0.063,0.237,21.3,14,688.1,4.3
LEH_IND_01,2023-06-24 07:00:00+00:00,0.0,0.0,0.059,0.236,22.5,14,688.2,4.1
LEH_IND_01,2023-06-24 08:00:00+00:00,0.0,0.0,0.055,0.236,23.7,13,687.8,4.2
LEH_IND_01,2023-06-24 09:00:00+00:00,0.0,0.0,0.052,0.236,24.8,14,687.6,5.6
LEH_IND_01,2023-06-24 10:00:00+00:00,0.0,0.0,0.049,0.236,25.1,14,687.0,5.7
LEH_IND_01,2023-06-24 11:00:00+00:00,0.0,0.0,0.047,0.235,25.3,13,686.6,6.9
LEH_IND_01,2023-06-24 12:00:00+00:00,0.0,0.0,0.046,0.235,24.6,15,685.8,7.1
LEH_IND_01,2023-06-24 13:00:00+00:00,0.0,0.0,0.045,0.235,23.5,17,685.6,7.4
LEH_IND_01,2023-06-24 14:00:00+00:00,0.0,0.0,0.046,0.235,20.0,37,683.2,6.9
LEH_IND_01,2023-06-24 15:00:00+00:00,0.0,0.0,0.046,0.235,17.8,35,682.2,8.3
LEH_IND_01,2023-06-24 16:00:00+00:00,0.0,0.0,0.046,0.234,15.9,35,681.3,8.8
LEH_IND_01,2023-06-24 17:00:00+00:00,0.0,0.0,0.047,0.234,14.2,36,680.2,8.5
LEH_IND_01,2023-06-24 18:00:00+00:00,0.0,0.0,0.047,0.234,12.6,39,679.1,8.3
LEH_IND_01,2023-06-24 19:00:00+00:00,0.0,0.0,0.048,0.234,11.5,39,678.1,8.3
LEH_IND_01,2023-06-24 20:00:00+00:00,0.0,0.0,0.048,0.234,10.9,39,677.4,8.1
LEH_IND_01,2023-06-24 21:00:00+00:00,0.0,0.0,0.049,0.233,10.2,39,676.9,8.1
LEH_IND_01,2023-06-24 22:00:00+00:00,0.0,0.0,0.049,0.233,9.8,37,676.6,7.5
LEH_IND_01,2023-06-24 23:00:00+00:00,0.0,0.0,0.049,0.233,9.3,38,676.4,7.6
LEH_IND_01,2023-06-25 00:00:00+00:00,0.0,0.0,0.05,0.233,10.2,33,678.0,7.8
LEH_IND_01,2023-06-25 01:00:00+00:00,0.0,0.0,0.051,0.233,11.6,43,680.0,6.9
LEH_IND_01,2023-06-25 02:00:00+00:00,0.0,0.0,0.051,0.232,16.3,23,684.8,2.0
LEH_IND_01,2023-06-25 03:00:00+00:00,0.0,0.0,0.051,0.232,18.0,18,686.2,3.2
LEH_IND_01,2023-06-25 04:00:00+00:00,0.0,0.0,0.05,0.232,19.3,18,686.7,4.7
LEH_IND_01,2023-06-25 05:00:00+00:00,0.0,0.0,0.048,0.232,20.5,19,686.9,4.3
LEH_IND_01,2023-06-25 06:00:00+00:00,0.0,0.0,0.045,0.232,21.6,19,686.6,4.2
LEH_IND_01,2023-06-25 07:00:00+00:00,0.0,0.0,0.043,0.231,23.0,19,686.5,4.3
LEH_IND_01,2023-06-25 08:00:00+00:00,0.0,0.0,0.04,0.231,24.0,19,686.2,5.8
LEH_IND_01,2023-06-25 09:00:00+00:00,0.0,0.0,0.038,0.231,24.7,19,685.9,5.2
LEH_IND_01,2023-06-25 10:00:00+00:00,0.0,0.0,0.036,0.231,24.5,19,685.4,8.0
LEH_IND_01,2023-06-25 11:00:00+00:00,0.0,0.0,0.036,0.23,24.2,20,684.8,7.1
LEH_IND_01,2023-06-25 12:00:00+00:00,0.0,0.0,0.035,0.23,23.9,17,684.3,7.4
LEH_IND_01,2023-06-25 13:00:00+00:00,0.0,0.0,0.035,0.23,23.6,19,684.2,6.5
LEH_IND_01,2023-06-25 14:00:00+00:00,0.0,0.0,0.035,0.23,21.4,32,682.5,6.7
LEH_IND_01,2023-06-25 15:00:00+00:00,0.0,0.0,0.036,0.23,19.3,35,681.5,7.4
LEH_IND_01,2023-06-25 16:00:00+00:00,0.0,0.0,0.036,0.23,17.5,38,680.6,7.9
LEH_IND_01,2023-06-25 17:00:00+00:00,0.0,0.0,0.037,0.229,15.9,40,679.9,8.0
LEH_IND_01,2023-06-25 18:00:00+00:00,0.0,0.0,0.037,0.229,15.3,38,680.0,6.6
LEH_IND_01,2023-06-25 19:00:00+00:00,0.0,0.0,0.037,0.229,15.3,38,680.3,6.3
LEH_IND_01,2023-06-25 20:00:00+00:00,0.0,0.0,0.038,0.229,14.3,42,679.6,7.0
LEH_IND_01,2023-06-25 21:00:00+00:00,0.0,0.0,0.038,0.229,14.0,39,679.6,6.6
LEH_IND_01,2023-06-25 22:00:00+00:00,0.0,0.0,0.039,0.228,16.5,29,682.6,3.8
LEH_IND_01,2023-06-25 23:00:00+00:00,0.0,0.0,0.039,0.228,15.9,32,682.9,1.1
LEH_IND_01,2023-06-26 00:00:00+00:00,0.0,0.0,0.04,0.228,15.9,30,682.6,2.3
LEH_IND_01,2023-06-26 01:00:00+00:00,0.0,0.0,0.04,0.228,15.0,42,682.6,3.6
LEH_IND_01,2023-06-26 02:00:00+00:00,0.0,0.0,0.04,0.228,16.4,36,684.2,5.1
LEH_IND_01,2023-06-26 03:00:00+00:00,0.0,0.0,0.04,0.228,16.8,39,684.8,2.5
LEH_IND_01,2023-06-26 04:00:00+00:00,0.0,0.0,0.04,0.227,17.6,40,685.3,3.0
LEH_IND_01,2023-06-26 05:00:00+00:00,0.0,0.0,0.04,0.227,17.9,41,685.3,6.2
LEH_IND_01,2023-06-26 06:00:00+00:00,0.0,0.0,0.039,0.227,18.8,40,685.7,6.5
LEH_IND_01,2023-06-26 07:00:00+00:00,2.4,2.4,0.068,0.227,18.8,43,685.8,9.6
LEH_IND_01,2023-06-26 08:00:00+00:00,0.0,0.0,0.068,0.227,18.6,43,684.8,7.1
LEH_IND_01,2023-06-26 09:00:00+00:00,0.4,0.4,0.071,0.226,19.3,43,685.0,10.1
LEH_IND_01,2023-06-26 10:00:00+00:00,0.5,0.5,0.077,0.226,17.4,48,684.4,7.2
LEH_IND_01,2023-06-26 11:00:00+00:00,0.6,0.6,0.084,0.226,16.5,51,684.0,2.8
LEH_IND_01,2023-06-26 12:00:00+00:00,0.6,0.6,0.055,0.226,15.5,52,683.2,5.4
LEH_IND_01,2023-06-26 13:00:00+00:00,0.2,0.2,0.058,0.226,14.3,61,683.0,5.8
LEH_IND_01,2023-06-26 14:00:00+00:00,0.2,0.2,0.06,0.226,13.5,66,682.8,3.9
LEH_IND_01,2023-06-26 15:00:00+00:00,0.0,0.0,0.061,0.225,13.3,67,682.9,3.2
LEH_IND_01,2023-06-26 16:00:00+00:00,0.0,0.0,0.061,0.225,12.8,70,683.4,4.0
LEH_IND_01,2023-06-26 17:00:00+00:00,0.0,0.0,0.062,0.225,11.9,81,683.0,2.9
LEH_IND_01,2023-06-26 18:00:00+00:00,0.0,0.0,0.062,0.225,11.6,77,683.0,3.4
LEH_IND_01,2023-06-26 19:00:00+00:00,0.1,0.1,0.063,0.225,11.0,80,682.4,3.3
LEH_IND_01,2023-06-26 20:00:00+00:00,0.1,0.1,0.066,0.225,10.7,83,682.2,1.6
LEH_IND_01,2023-06-26 21:00:00+00:00,0.7,0.7,0.075,0.225,9.9,89,681.7,0.5
LEH_IND_01,2023-06-26 22:00:00+00:00,0.8,0.8,0.086,0.224,9.6,91,681.5,1.3
LEH_IND_01,2023-06-26 23:00:00+00:00,0.2,0.2,0.089,0.224,9.6,90,681.7,1.5
LEH_IND_01,2023-06-27 00:00:00+00:00,0.0,0.0,0.088,0.224,9.3,80,681.9,4.0
LEH_IND_01,2023-06-27 01:00:00+00:00,0.0,0.0,0.088,0.224,10.0,71,682.6,2.0
LEH_IND_01,2023-06-27 02:00:00+00:00,0.1,0.1,0.089,0.223,9.8,72,683.0,1.0
LEH_IND_01,2023-06-27 03:00:00+00:00,0.1,0.1,0.09,0.223,10.5,69,683.5,0.8
LEH_IND_01,2023-06-27 04:00:00+00:00,0.1,0.1,0.09,0.223,11.8,64,684.2,0.7
LEH_IND_01,2023-06-27 05:00:00+00:00,0.0,0.0,0.089,0.223,13.4,57,684.6,1.3
LEH_IND_01,2023-06-27 06:00:00+00:00,0.1,0.1,0.087,0.223,15.8,52,685.4,3.5
LEH_IND_01,2023-06-27 07:00:00+00:00,0.2,0.2,0.087,0.223,16.3,47,684.9,4.8
LEH_IND_01,2023-06-27 08:00:00+00:00,0.6,0.6,0.092,0.223,17.5,45,684.8,5.2
LEH_IND_01,2023-06-27 09:00:00+00:00,0.8,0.8,0.098,0.222,18.0,46,684.3,4.1
LEH_IND_01,2023-06-27 10:00:00+00:00,4.4,4.4,0.153,0.222,16.3,54,683.6,1.8
LEH_IND_01,2023-06-27 11:00:00+00:00,1.0,1.0,0.164,0.222,16.5,54,683.6,6.4
LEH_IND_01,2023-06-27 12:00:00+00:00,0.0,0.0,0.092,0.119,13.5,60,682.8,9.0
LEH_IND_01,2023-06-27 13:00:00+00:00,0.2,0.2,0.094,0.119,13.2,70,683.0,5.0
LEH_IND_01,2023-06-27 14:00:00+00:00,0.0,0.0,0.094,0.119,12.7,74,682.9,5.9
LEH_IND_01,2023-06-27 15:00:00+00:00,0.0,0.0,0.094,0.119,12.4,74,683.1,4.3
LEH_IND_01,2023-06-27 16:00:00+00:00,0.0,0.0,0.093,0.119,12.2,81,683.5,2.9
LEH_IND_01,2023-06-27 17:00:00+00:00,0.0,0.0,0.093,0.119,12.1,69,683.9,1.8
LEH_IND_01,2023-06-27 18:00:00+00:00,0.0,0.0,0.093,0.119,10.4,81,682.7,4.3
LEH_IND_01,2023-06-27 19:00:00+00:00,0.0,0.0,0.093,0.119,10.0,76,682.7,6.9
LEH_IND_01,2023-06-27 20:00:00+00:00,0.0,0.0,0.093,0.119,9.3,78,682.1,5.5
LEH_IND_01,2023-06-27 21:00:00+00:00,0.0,0.0,0.093,0.119,10.1,66,682.7,2.2
LEH_IND_01,2023-06-27 22:00:00+00:00,0.0,0.0,0.093,0.119,10.0,66,683.2,1.0
LEH_IND_01,2023-06-27 23:00:00+00:00,0.0,0.0,0.093,0.119,8.7,74,682.2,6.7
LEH_IND_01,2023-06-28 00:00:00+00:00,0.0,0.0,0.098,0.115,9.0,75,682.2,4.7
LEH_IND_01,2023-06-28 01:00:00+00:00,0.0,0.0,0.098,0.115,10.0,66,683.4,4.3
LEH_IND_01,2023-06-28 02:00:00+00:00,0.0,0.0,0.097,0.115,11.1,67,684.7,3.6
LEH_IND_01,2023-06-28 03:00:00+00:00,0.0,0.0,0.096,0.115,12.3,61,685.7,4.1
LEH_IND_01,2023-06-28 04:00:00+00:00,0.0,0.0,0.094,0.115,13.9,52,686.1,4.0
LEH_IND_01,2023-06-28 05:00:00+00:00,0.0,0.0,0.091,0.115,15.2,46,686.5,4.0
LEH_IND_01,2023-06-28 06:00:00+00:00,0.0,0.0,0.088,0.115,16.7,40,686.6,4.3
LEH_IND_01,2023-06-28 07:00:00+00:00,0.0,0.0,0.084,0.115,17.3,39,686.3,3.6
LEH_IND_01,2023-06-28 08:00:00+00:00,0.0,0.0,0.08,0.115,18.3,36,685.8,2.9
LEH_IND_01,2023-06-28 09:00:00+00:00,0.0,0.0,0.077,0.115,18.9,36,685.3,3.6
LEH_IND_01,2023-06-28 10:00:00+00:00,0.0,0.0,0.074,0.115,18.7,40,685.1,8.5
LEH_IND_01,2023-06-28 11:00:00+00:00,0.0,0.0,0.072,0.115,18.5,41,684.3,4.4
LEH_IND_01,2023-06-28 12:00:00+00:00,0.0,0.0,0.068,0.113,17.5,42,684.5,5.2
LEH_IND_01,2023-06-28 13:00:00+00:00,0.0,0.0,0.067,0.113,17.1,42,684.2,4.1
LEH_IND_01,2023-06-28 14:00:00+00:00,0.0,0.0,0.067,0.113,16.7,56,683.8,4.2
LEH_IND_01,2023-06-28 15:00:00+00:00,0.0,0.0,0.067,0.113,15.4,64,683.2,5.0
LEH_IND_01,2023-06-28 16:00:00+00:00,0.0,0.0,0.067,0.113,14.7,66,683.1,4.6
LEH_IND_01,2023-06-28 17:00:00+00:00,0.0,0.0,0.067,0.113,14.9,59,683.6,3.3
LEH_IND_01,2023-06-28 18:00:00+00:00,0.0,0.0,0.067,0.113,14.8,56,684.1,3.3
LEH_IND_01,2023-06-28 19:00:00+00:00,0.0,0.0,0.066,0.113,12.3,71,682.1,5.8
LEH_IND_01,2023-06-28 20:00:00+00:00,0.0,0.0,0.066,0.113,11.9,70,682.3,6.6
LEH_IND_01,2023-06-28 21:00:00+00:00,0.5,0.5,0.072,0.113,10.4,78,681.5,5.0
LEH_IND_01,2023-06-28 22:00:00+00:00,0.1,0.1,0.073,0.113,10.8,64,682.0,0.5
LEH_IND_01,2023-06-28 23:00:00+00:00,0.0,0.0,0.073,0.113,10.3,67,681.9,1.5
LEH_IND_01,2023-06-29 00:00:00+00:00,0.0,0.0,0.071,0.113,10.2,80,682.1,3.3
LEH_IND_01,2023-06-29 01:00:00+00:00,0.1,0.1,0.073,0.113,10.3,69,682.6,4.1
LEH_IND_01,2023-06-29 02:00:00+00:00,0.1,0.1,0.073,0.113,10.7,67,682.9,1.3
LEH_IND_01,2023-06-29 03:00:00+00:00,0.0,0.0,0.073,0.113,11.3,64,683.1,1.1
LEH_IND_01,2023-06-29 04:00:00+00:00,0.0,0.0,0.073,0.113,12.1,61,683.3,0.4
LEH_IND_01,2023-06-29 05:00:00+00:00,0.1,0.1,0.073,0.113,13.0,57,683.5,1.6
LEH_IND_01,2023-06-29 06:00:00+00:00,0.1,0.1,0.071,0.113,14.5,56,684.1,3.9
LEH_IND_01,2023-06-29 07:00:00+00:00,0.0,0.0,0.068,0.113,16.8,48,683.8,4.6
LEH_IND_01,2023-06-29 08:00:00+00:00,0.0,0.0,0.066,0.113,17.4,44,683.1,6.0
LEH_IND_01,2023-06-29 09:00:00+00:00,0.0,0.0,0.063,0.113,17.6,46,682.8,3.7
LEH_IND_01,2023-06-29 10:00:00+00:00,0.0,0.0,0.06,0.113,17.9,45,682.6,5.9
LEH_IND_01,2023-06-29 11:00:00+00:00,0.0,0.0,0.058,0.113,17.7,44,682.3,5.0
LEH_IND_01,2023-06-29 12:00:00+00:00,2.3,2.3,0.061,0.111,15.9,46,681.8,9.2
LEH_IND_01,2023-06-29 13:00:00+00:00,0.0,0.0,0.06,0.111,14.0,55,681.2,6.6
LEH_IND_01,2023-06-29 14:00:00+00:00,0.0,0.0,0.059,0.111,13.2,60,680.9,2.1
LEH_IND_01,2023-06-29 15:00:00+00:00,0.0,0.0,0.059,0.111,12.9,65,681.1,4.2
LEH_IND_01,2023-06-29 16:00:00+00:00,0.0,0.0,0.059,0.111,11.8,76,681.2,3.6
LEH_IND_01,2023-06-29 17:00:00+00:00,0.0,0.0,0.059,0.111,11.0,72,681.1,2.3
LEH_IND_01,2023-06-29 18:00:00+00:00,0.1,0.1,0.059,0.111,10.2,71,681.3,0.7
LEH_IND_01,2023-06-29 19:00:00+00:00,0.4,0.4,0.064,0.111,9.2,72,681.2,2.5
LEH_IND_01,2023-06-29 20:00:00+00:00,0.6,0.6,0.071,0.111,8.1,75,680.5,5.8
LEH_IND_01,2023-06-29 21:00:00+00:00,0.8,0.8,0.081,0.111,7.8,72,680.1,5.0
LEH_IND_01,2023-06-29 22:00:00+00:00,1.6,1.0,0.094,0.111,7.0,76,679.8,5.5
LEH_IND_01,2023-06-29 23:00:00+00:00,0.0,0.0,0.095,0.111,7.5,72,680.2,1.8
LEH_IND_01,2023-06-30 00:00:00+00:00,0.0,0.0,0.068,0.111,8.6,69,680.9,2.5
LEH_IND_01,2023-06-30 01:00:00+00:00,0.0,0.0,0.068,0.111,9.2,60,681.4,2.7
LEH_IND_01,2023-06-30 02:00:00+00:00,0.0,0.0,0.068,0.111,9.7,59,681.7,1.8
LEH_IND_01,2023-06-30 03:00:00+00:00,0.0,0.0,0.067,0.111,10.8,55,682.4,1.1
LEH_IND_01,2023-06-30 04:00:00+00:00,0.0,0.0,0.066,0.111,11.7,52,682.7,2.2
LEH_IND_01,2023-06-30 05:00:00+00:00,0.0,0.0,0.065,0.111,13.5,45,683.3,3.2
LEH_IND_01,2023-06-30 06:00:00+00:00,0.0,0.0,0.062,0.111,15.1,41,683.8,2.9
LEH_IND_01,2023-06-30 07:00:00+00:00,0.0,0.0,0.059,0.111,16.2,38,683.9,2.5
LEH_IND_01,2023-06-30 08:00:00+00:00,0.0,0.0,0.055,0.111,17.4,34,683.5,3.5
LEH_IND_01,2023-06-30 09:00:00+00:00,0.0,0.0,0.052,0.111,18.7,31,683.0,5.3
LEH_IND_01,2023-06-30 10:00:00+00:00,0.0,0.0,0.05,0.111,19.1,31,682.2,6.2
LEH_IND_01,2023-06-30 11:00:00+00:00,0.0,0.0,0.048,0.111,19.2,29,681.8,9.7
LEH_IND_01,2023-06-30 12:00:00+00:00,0.0,0.0,0.047,0.112,17.8,28,681.6,1.3
LEH_IND_01,2023-06-30 13:00:00+00:00,0.0,0.0,0.047,0.112,17.3,30,681.3,6.8
LEH_IND_01,2023-06-30 14:00:00+00:00,0.0,0.0,0.046,0.112,16.2,35,680.9,7.8
LEH_IND_01,2023-06-30 15:00:00+00:00,0.0,0.0,0.046,0.112,15.5,39,680.7,6.1
LEH_IND_01,2023-06-30 16:00:00+00:00,0.0,0.0,0.045,0.112,14.6,51,680.8,4.4
LEH_IND_01,2023-06-30 17:00:00+00:00,0.0,0.0,0.045,0.112,13.4,56,680.0,3.8
LEH_IND_01,2023-06-30 18:00:00+00:00,0.0,0.0,0.045,0.112,13.5,58,680.5,4.9
LEH_IND_01,2023-06-30 19:00:00+00:00,0.0,0.0,0.045,0.112,12.4,61,680.0,5.5
LEH_IND_01,2023-06-30 20:00:00+00:00,0.1,0.1,0.046,0.112,11.0,70,679.7,4.0
LEH_IND_01,2023-06-30 21:00:00+00:00,0.2,0.2,0.049,0.112,10.5,59,680.2,1.8
LEH_IND_01,2023-06-30 22:00:00+00:00,0.1,0.1,0.05,0.112,9.4,63,679.9,2.0
LEH_IND_01,2023-06-30 23:00:00+00:00,0.1,0.1,0.051,0.112,8.3,71,679.9,1.8
LEH_IND_01,2023-07-01 00:00:00+00:00,0.2,0.2,0.049,0.121,8.1,69,680.3,1.8
LEH_IND_01,2023-07-01 01:00:00+00:00,0.0,0.0,0.049,0.121,8.9,61,681.1,2.5
LEH_IND_01,2023-07-01 02:00:00+00:00,0.0,0.0,0.049,0.121,9.7,54,681.8,3.3
LEH_IND_01,2023-07-01 03:00:00+00:00,0.0,0.0,0.048,0.121,10.7,51,682.5,1.4
LEH_IND_01,2023-07-01 04:00:00+00:00,0.0,0.0,0.047,0.121,12.3,46,683.2,3.2
LEH_IND_01,2023-07-01 05:00:00+00:00,0.0,0.0,0.046,0.121,14.2,40,684.0,4.4
LEH_IND_01,2023-07-01 06:00:00+00:00,0.0,0.0,0.044,0.121,15.6,36,684.3,4.4
LEH_IND_01,2023-07-01 07:00:00+00:00,0.0,0.0,0.041,0.121,16.8,31,684.5,5.4
LEH_IND_01,2023-07-01 08:00:00+00:00,0.0,0.0,0.039,0.121,17.9,28,684.3,6.5
LEH_IND_01,2023-07-01 09:00:00+00:00,0.0,0.0,0.037,0.121,18.8,25,683.9,6.5
LEH_IND_01,2023-07-01 10:00:00+00:00,0.0,0.0,0.035,0.121,19.1,23,683.7,9.7
LEH_IND_01,2023-07-01 11:00:00+00:00,0.0,0.0,0.034,0.121,19.2,23,683.3,10.4
LEH_IND_01,2023-07-01 12:00:00+00:00,0.0,0.0,0.034,0.12,18.0,25,682.8,6.4
LEH_IND_01,2023-07-01 13:00:00+00:00,0.0,0.0,0.033,0.12,17.3,28,682.6,5.8
LEH_IND_01,2023-07-01 14:00:00+00:00,0.0,0.0,0.033,0.12,16.5,31,682.3,5.3
LEH_IND_01,2023-07-01 15:00:00+00:00,0.0,0.0,0.033,0.12,15.9,35,682.5,5.5
LEH_IND_01,2023-07-01 16:00:00+00:00,0.0,0.0,0.033,0.12,14.8,50,682.7,4.4
LEH_IND_01,2023-07-01 17:00:00+00:00,0.0,0.0,0.033,0.12,14.1,51,682.7,4.8
LEH_IND_01,2023-07-01 18:00:00+00:00,0.0,0.0,0.033,0.12,12.9,54,682.1,5.3
LEH_IND_01,2023-07-01 19:00:00+00:00,0.0,0.0,0.033,0.12,13.1,47,682.9,3.8
LEH_IND_01,2023-07-01 20:00:00+00:00,0.0,0.0,0.033,0.12,13.2,42,683.1,2.5
LEH_IND_01,2023-07-01 21:00:00+00:00,0.0,0.0,0.033,0.12,12.5,44,682.7,1.5
LEH_IND_01,2023-07-01 22:00:00+00:00,0.0,0.0,0.033,0.12,8.8,62,679.7,6.8
LEH_IND_01,2023-07-01 23:00:00+00:00,0.0,0.0,0.032,0.12,8.3,61,679.8,5.4
LEH_IND_01,2023-07-02 00:00:00+00:00,0.0,0.0,0.031,0.119,11.0,46,683.2,1.6
LEH_IND_01,2023-07-02 01:00:00+00:00,0.0,0.0,0.031,0.119,10.6,51,683.1,3.3
LEH_IND_01,2023-07-02 02:00:00+00:00,0.0,0.0,0.031,0.119,11.8,47,684.2,4.4
LEH_IND_01,2023-07-02 03:00:00+00:00,0.0,0.0,0.031,0.118,13.1,42,685.4,5.3
LEH_IND_01,2023-07-02 04:00:00+00:00,0.0,0.0,0.03,0.118,14.6,39,686.1,6.2
LEH_IND_01,2023-07-02 05:00:00+00:00,0.0,0.0,0.03,0.118,16.2,36,686.6,6.3
LEH_IND_01,2023-07-02 06:00:00+00:00,0.0,0.0,0.029,0.118,17.4,33,686.8,5.7
LEH_IND_01,2023-07-02 07:00:00+00:00,0.0,0.0,0.028,0.118,18.9,27,686.7,6.9
LEH_IND_01,2023-07-02 08:00:00+00:00,0.0,0.0,0.027,0.118,20.0,24,686.4,8.0
LEH_IND_01,2023-07-02 09:00:00+00:00,0.0,0.0,0.026,0.118,20.6,22,686.0,7.7
LEH_IND_01,2023-07-02 10:00:00+00:00,0.0,0.0,0.025,0.118,21.2,20,685.7,8.7
LEH_IND_01,2023-07-02 11:00:00+00:00,0.0,0.0,0.025,0.118,21.6,16,685.4,9.1
LEH_IND_01,2023-07-02 12:00:00+00:00,0.0,0.0,0.024,0.119,20.8,21,685.4,12.8
LEH_IND_01,2023-07-02 13:00:00+00:00,0.0,0.0,0.024,0.119,19.7,26,684.9,10.1
LEH_IND_01,2023-07-02 14:00:00+00:00,0.0,0.0,0.024,0.119,19.2,23,684.8,5.5
LEH_IND_01,2023-07-02 15:00:00+00:00,0.0,0.0,0.024,0.119,18.0,28,684.3,5.4
LEH_IND_01,2023-07-02 16:00:00+00:00,0.0,0.0,0.024,0.119,17.1,32,684.5,1.8
LEH_IND_01,2023-07-02 17:00:00+00:00,0.0,0.0,0.024,0.119,16.8,33,684.8,2.2
LEH_IND_01,2023-07-02 18:00:00+00:00,0.0,0.0,0.024,0.119,16.1,35,684.5,2.3
LEH_IND_01,2023-07-02 19:00:00+00:00,0.0,0.0,0.024,0.119,15.2,37,683.8,0.5
LEH_IND_01,2023-07-02 20:00:00+00:00,0.0,0.0,0.024,0.119,12.0,48,681.0,6.1
LEH_IND_01,2023-07-02 21:00:00+00:00,0.0,0.0,0.024,0.119,12.7,42,682.0,5.2
LEH_IND_01,2023-07-02 22:00:00+00:00,0.0,0.0,0.024,0.119,13.6,38,683.1,0.8
LEH_IND_01,2023-07-02 23:00:00+00:00,0.0,0.0,0.024,0.119,12.9,40,682.7,1.1
LEH_IND_01,2023-07-03 00:00:00+00:00,0.0,0.0,0.025,0.118,13.5,38,683.7,2.3
LEH_IND_01,2023-07-03 01:00:00+00:00,0.0,0.0,0.025,0.118,13.4,39,684.0,2.6
LEH_IND_01,2023-07-03 02:00:00+00:00,0.0,0.0,0.025,0.118,14.7,36,685.3,4.3
LEH_IND_01,2023-07-03 03:00:00+00:00,0.0,0.0,0.025,0.118,16.0,33,686.1,4.8
LEH_IND_01,2023-07-03 04:00:00+00:00,0.0,0.0,0.024,0.118,17.6,28,686.8,5.6
LEH_IND_01,2023-07-03 05:00:00+00:00,0.0,0.0,0.024,0.118,19.0,23,687.3,6.8
LEH_IND_01,2023-07-03 06:00:00+00:00,0.0,0.0,0.024,0.118,20.1,19,687.3,6.4
LEH_IND_01,2023-07-03 07:00:00+00:00,0.0,0.0,0.023,0.118,21.0,17,687.1,6.0
LEH_IND_01,2023-07-03 08:00:00+00:00,0.0,0.0,0.023,0.118,21.7,16,686.8,5.1
LEH_IND_01,2023-07-03 09:00:00+00:00,0.0,0.0,0.023,0.118,22.3,14,686.2,5.8
LEH_IND_01,2023-07-03 10:00:00+00:00,0.0,0.0,0.022,0.118,22.5,15,685.6,6.9
LEH_IND_01,2023-07-03 11:00:00+00:00,0.0,0.0,0.022,0.118,22.1,19,685.0,10.6
LEH_IND_01,2023-07-03 12:00:00+00:00,0.0,0.0,0.022,0.118,22.1,18,684.5,10.9
LEH_IND_01,2023-07-03 13:00:00+00:00,0.0,0.0,0.022,0.118,21.7,17,684.2,7.7
LEH_IND_01,2023-07-03 14:00:00+00:00,0.0,0.0,0.022,0.118,21.1,16,683.8,4.8
LEH_IND_01,2023-07-03 15:00:00+00:00,0.0,0.0,0.022,0.118,19.9,19,683.4,4.1
LEH_IND_01,2023-07-03 16:00:00+00:00,0.0,0.0,0.022,0.118,19.3,21,683.9,2.0
LEH_IND_01,2023-07-03 17:00:00+00:00,0.0,0.0,0.022,0.118,19.1,21,684.4,0.0
LEH_IND_01,2023-07-03 18:00:00+00:00,0.0,0.0,0.022,0.118,16.6,27,682.7,5.0
LEH_IND_01,2023-07-03 19:00:00+00:00,0.0,0.0,0.022,0.118,15.1,35,681.9,8.2
LEH_IND_01,2023-07-03 20:00:00+00:00,0.0,0.0,0.022,0.118,13.5,39,680.6,6.1
LEH_IND_01,2023-07-03 21:00:00+00:00,0.0,0.0,0.022,0.118,14.3,36,681.3,4.7
LEH_IND_01,2023-07-03 22:00:00+00:00,0.0,0.0,0.022,0.118,14.7,34,681.8,2.6
LEH_IND_01,2023-07-03 23:00:00+00:00,0.0,0.0,0.022,0.118,14.0,36,681.4,2.3
LEH_IND_01,2023-07-04 00:00:00+00:00,0.0,0.0,0.023,0.119,14.6,34,681.7,3.6
LEH_IND_01,2023-07-04 01:00:00+00:00,0.0,0.0,0.023,0.119,13.6,42,681.3,2.9
LEH_IND_01,2023-07-04 02:00:00+00:00,0.0,0.0,0.023,0.119,15.5,35,683.1,4.7
LEH_IND_01,2023-07-04 03:00:00+00:00,0.0,0.0,0.023,0.119,16.6,31,683.9,4.5
LEH_IND_01,2023-07-04 04:00:00+00:00,0.0,0.0,0.023,0.119,17.6,28,684.4,5.5
LEH_IND_01,2023-07-04 05:00:00+00:00,0.0,0.0,0.023,0.119,18.8,26,684.9,5.8
LEH_IND_01,2023-07-04 06:00:00+00:00,0.0,0.0,0.023,0.119,19.2,27,684.7,4.7
LEH_IND_01,2023-07-04 07:00:00+00:00,0.0,0.0,0.022,0.119,19.7,27,684.5,5.4
LEH_IND_01,2023-07-04 08:00:00+00:00,0.0,0.0,0.022,0.119,20.1,26,684.2,4.7
LEH_IND_01,2023-07-04 09:00:00+00:00,0.0,0.0,0.022,0.119,21.1,24,683.8,5.4
LEH_IND_01,2023-07-04 10:00:00+00:00,0.0,0.0,0.022,0.119,21.2,24,682.9,8.0
LEH_IND_01,2023-07-04 11:00:00+00:00,0.0,0.0,0.022,0.119,21.5,24,682.6,8.4
LEH_IND_01,2023-07-04 12:00:00+00:00,0.0,0.0,0.023,0.121,20.8,24,681.7,7.6
LEH_IND_01,2023-07-04 13:00:00+00:00,0.0,0.0,0.023,0.121,19.9,27,681.5,10.7
LEH_IND_01,2023-07-04 14:00:00+00:00,0.0,0.0,0.023,0.121,18.7,30,681.2,9.2
LEH_IND_01,2023-07-04 15:00:00+00:00,0.0,0.0,0.023,0.121,17.9,33,681.3,6.9
LEH_IND_01,2023-07-04 16:00:00+00:00,0.0,0.0,0.023,0.121,17.3,34,681.6,5.5
LEH_IND_01,2023-07-04 17:00:00+00:00,0.0,0.0,0.023,0.121,16.3,40,681.3,3.9
LEH_IND_01,2023-07-04 18:00:00+00:00,0.0,0.0,0.023,0.121,16.3,36,681.6,4.4
LEH_IND_01,2023-07-04 19:00:00+00:00,0.0,0.0,0.023,0.121,14.9,41,680.6,4.6
LEH_IND_01,2023-07-04 20:00:00+00:00,0.0,0.0,0.023,0.121,14.8,44,680.4,3.2
LEH_IND_01,2023-07-04 21:00:00+00:00,0.0,0.0,0.023,0.121,13.7,46,679.7,3.9
LEH_IND_01,2023-07-04 22:00:00+00:00,0.0,0.0,0.023,0.121,12.9,50,679.4,3.7
LEH_IND_01,2023-07-04 23:00:00+00:00,0.0,0.0,0.023,0.121,12.6,51,679.4,3.3
LEH_IND_01,2023-07-05 00:00:00+00:00,0.0,0.0,0.022,0.119,12.5,52,680.3,1.8
LEH_IND_01,2023-07-05 01:00:00+00:00,0.0,0.0,0.022,0.119,12.6,47,680.8,2.6
LEH_IND_01,2023-07-05 02:00:00+00:00,0.0,0.0,0.022,0.119,12.6,46,681.2,1.0
LEH_IND_01,2023-07-05 03:00:00+00:00,0.0,0.0,0.022,0.119,13.6,43,681.5,1.9
LEH_IND_01,2023-07-05 04:00:00+00:00,0.1,0.1,0.023,0.119,13.4,44,681.7,2.4
LEH_IND_01,2023-07-05 05:00:00+00:00,0.3,0.3,0.027,0.119,13.6,45,681.7,1.3
LEH_IND_01,2023-07-05 06:00:00+00:00,0.2,0.2,0.029,0.119,13.8,46,681.9,2.3
LEH_IND_01,2023-07-05 07:00:00+00:00,0.2,0.2,0.032,0.119,14.1,47,682.2,2.4
LEH_IND_01,2023-07-05 08:00:00+00:00,0.3,0.3,0.035,0.119,13.7,50,681.8,1.3
LEH_IND_01,2023-07-05 09:00:00+00:00,0.6,0.6,0.042,0.119,13.3,53,681.6,3.1
LEH_IND_01,2023-07-05 10:00:00+00:00,0.3,0.3,0.046,0.119,13.1,55,681.5,3.1
LEH_IND_01,2023-07-05 11:00:00+00:00,0.3,0.3,0.049,0.119,12.6,58,681.0,3.1
LEH_IND_01,2023-07-05 12:00:00+00:00,0.1,0.1,0.034,0.116,14.0,48,681.2,3.6
LEH_IND_01,2023-07-05 13:00:00+00:00,0.2,0.2,0.036,0.116,13.2,52,681.2,2.7
LEH_IND_01,2023-07-05 14:00:00+00:00,0.0,0.0,0.036,0.116,12.9,54,681.2,1.8
LEH_IND_01,2023-07-05 15:00:00+00:00,0.0,0.0,0.037,0.116,12.1,58,681.2,1.8
LEH_IND_01,2023-07-05 16:00:00+00:00,0.2,0.2,0.039,0.116,11.7,61,681.6,3.2
LEH_IND_01,2023-07-05 17:00:00+00:00,0.1,0.1,0.04,0.116,11.4,62,681.3,3.7
LEH_IND_01,2023-07-05 18:00:00+00:00,0.0,0.0,0.04,0.116,10.7,72,680.8,4.0
LEH_IND_01,2023-07-05 19:00:00+00:00,0.0,0.0,0.04,0.116,10.4,76,681.0,3.2
LEH_IND_01,2023-07-05 20:00:00+00:00,0.0,0.0,0.04,0.116,10.4,70,681.0,4.6
LEH_IND_01,2023-07-05 21:00:00+00:00,0.1,0.1,0.041,0.116,10.0,69,681.1,3.7
LEH_IND_01,2023-07-05 22:00:00+00:00,0.2,0.2,0.043,0.116,9.5,69,680.7,3.4
LEH_IND_01,2023-07-05 23:00:00+00:00,0.2,0.2,0.046,0.116,9.2,69,680.6,4.8
LEH_IND_01,2023-07-06 00:00:00+00:00,0.2,0.2,0.039,0.112,9.0,72,680.1,3.3
LEH_IND_01,2023-07-06 01:00:00+00:00,0.0,0.0,0.039,0.112,9.2,66,680.9,3.7
LEH_IND_01,2023-07-06 02:00:00+00:00,0.2,0.2,0.041,0.112,9.6,61,681.4,1.5
LEH_IND_01,2023-07-06 03:00:00+00:00,0.4,0.4,0.046,0.112,9.5,62,681.8,2.7
LEH_IND_01,2023-07-06 04:00:00+00:00,0.0,0.0,0.046,0.112,11.0,57,682.9,4.8
LEH_IND_01,2023-07-06 05:00:00+00:00,0.0,0.0,0.045,0.112,11.4,56,683.2,5.0
LEH_IND_01,2023-07-06 06:00:00+00:00,0.0,0.0,0.044,0.112,12.9,53,683.8,1.8
LEH_IND_01,2023-07-06 07:00:00+00:00,0.0,0.0,0.042,0.112,14.5,48,684.2,4.3
LEH_IND_01,2023-07-06 08:00:00+00:00,0.0,0.0,0.04,0.112,15.2,45,684.2,2.3
LEH_IND_01,2023-07-06 09:00:00+00:00,0.0,0.0,0.039,0.112,16.0,43,684.0,4.1
LEH_IND_01,2023-07-06 10:00:00+00:00,0.0,0.0,0.038,0.112,16.3,43,683.6,3.1
LEH_IND_01,2023-07-06 11:00:00+00:00,0.0,0.0,0.037,0.112,16.2,43,683.4,7.8
LEH_IND_01,2023-07-06 12:00:00+00:00,0.0,0.0,0.063,0.112,14.2,49,683.0,4.7
LEH_IND_01,2023-07-06 13:00:00+00:00,0.1,0.1,0.065,0.112,13.3,54,683.1,6.0
LEH_IND_01,2023-07-06 14:00:00+00:00,0.1,0.1,0.065,0.112,12.9,58,683.1,5.0
LEH_IND_01,2023-07-06 15:00:00+00:00,0.1,0.1,0.066,0.112,12.2,62,683.2,4.5
LEH_IND_01,2023-07-06 16:00:00+00:00,0.3,0.3,0.069,0.112,11.3,67,683.2,2.9
LEH_IND_01,2023-07-06 17:00:00+00:00,0.4,0.4,0.074,0.112,10.9,69,683.2,2.1
LEH_IND_01,2023-07-06 18:00:00+00:00,0.2,0.2,0.076,0.112,10.2,71,682.6,1.0
LEH_IND_01,2023-07-06 19:00:00+00:00,0.0,0.0,0.076,0.112,9.3,79,681.9,1.3
LEH_IND_01,2023-07-06 20:00:00+00:00,0.1,0.1,0.077,0.112,9.1,76,681.6,5.8
LEH_IND_01,2023-07-06 21:00:00+00:00,0.0,0.0,0.077,0.112,9.0,74,681.4,4.7
LEH_IND_01,2023-07-06 22:00:00+00:00,0.0,0.0,0.077,0.112,8.5,78,680.9,4.5
LEH_IND_01,2023-07-06 23:00:00+00:00,0.0,0.0,0.077,0.112,8.7,73,681.1,2.5
LEH_IND_01,2023-07-07 00:00:00+00:00,0.0,0.0,0.065,0.112,8.8,71,681.7,6.3
LEH_IND_01,2023-07-07 01:00:00+00:00,0.0,0.0,0.064,0.112,9.5,60,682.5,6.9
LEH_IND_01,2023-07-07 02:00:00+00:00,0.0,0.0,0.064,0.112,10.5,51,682.9,2.3
LEH_IND_01,2023-07-07 03:00:00+00:00,0.0,0.0,0.064,0.112,11.5,48,683.3,0.8
LEH_IND_01,2023-07-07 04:00:00+00:00,0.0,0.0,0.062,0.112,12.8,44,683.6,1.8
LEH_IND_01,2023-07-07 05:00:00+00:00,0.0,0.0,0.06,0.112,14.2,41,684.2,1.6
LEH_IND_01,2023-07-07 06:00:00+00:00,0.0,0.0,0.057,0.112,15.9,38,684.3,1.8
LEH_IND_01,2023-07-07 07:00:00+00:00,0.0,0.0,0.055,0.112,17.3,36,684.3,1.6
LEH_IND_01,2023-07-07 08:00:00+00:00,0.0,0.0,0.052,0.112,18.6,35,684.2,3.3
LEH_IND_01,2023-07-07 09:00:00+00:00,0.0,0.0,0.05,0.112,18.2,38,683.8,7.1
LEH_IND_01,2023-07-07 10:00:00+00:00,0.4,0.4,0.053,0.112,17.6,43,683.4,8.0
LEH_IND_01,2023-07-07 11:00:00+00:00,0.1,0.1,0.053,0.112,15.5,51,683.0,11.5
LEH_IND_01,2023-07-07 12:00:00+00:00,0.0,0.0,0.047,0.115,17.1,38,683.7,5.6
LEH_IND_01,2023-07-07 13:00:00+00:00,0.0,0.0,0.046,0.115,16.4,40,683.5,8.4
LEH_IND_01,2023-07-07 14:00:00+00:00,0.0,0.0,0.046,0.115,14.6,45,683.2,9.2
LEH_IND_01,2023-07-07 15:00:00+00:00,0.0,0.0,0.046,0.115,12.9,52,683.5,6.1
LEH_IND_01,2023-07-07 16:00:00+00:00,0.0,0.0,0.045,0.115,12.1,58,684.0,3.0
LEH_IND_01,2023-07-07 17:00:00+00:00,0.0,0.0,0.045,0.115,11.0,66,683.9,5.3
LEH_IND_01,2023-07-07 18:00:00+00:00,0.0,0.0,0.045,0.115,10.4,68,683.7,3.0
LEH_IND_01,2023-07-07 19:00:00+00:00,0.0,0.0,0.045,0.115,10.8,52,683.8,2.2
LEH_IND_01,2023-07-07 20:00:00+00:00,0.0,0.0,0.045,0.115,9.8,63,682.6,3.4
LEH_IND_01,2023-07-07 21:00:00+00:00,0.0,0.0,0.045,0.115,10.7,50,682.9,1.8
LEH_IND_01,2023-07-07 22:00:00+00:00,0.0,0.0,0.045,0.115,9.0,62,681.7,4.5
LEH_IND_01,2023-07-07 23:00:00+00:00,0.0,0.0,0.045,0.115,10.7,50,682.8,2.2
LEH_IND_01,2023-07-08 00:00:00+00:00,0.0,0.0,0.044,0.114,11.0,53,681.8,3.5
LEH_IND_01,2023-07-08 01:00:00+00:00,0.0,0.0,0.044,0.114,11.7,51,682.9,4.7
LEH_IND_01,2023-07-08 02:00:00+00:00,0.0,0.0,0.044,0.114,12.0,42,683.8,1.8
LEH_IND_01,2023-07-08 03:00:00+00:00,0.0,0.0,0.043,0.114,13.2,40,684.5,1.5
LEH_IND_01,2023-07-08 04:00:00+00:00,0.0,0.0,0.043,0.114,13.8,40,684.7,1.5
LEH_IND_01,2023-07-08 05:00:00+00:00,0.0,0.0,0.042,0.114,14.8,39,684.8,2.3
LEH_IND_01,2023-07-08 06:00:00+00:00,0.0,0.0,0.04,0.114,16.2,37,685.3,3.0
LEH_IND_01,2023-07-08 07:00:00+00:00,0.0,0.0,0.039,0.114,16.9,38,685.0,5.8
LEH_IND_01,2023-07-08 08:00:00+00:00,0.0,0.0,0.038,0.114,16.1,44,684.4,8.4
LEH_IND_01,2023-07-08 09:00:00+00:00,0.1,0.1,0.039,0.114,15.8,44,683.9,3.3
LEH_IND_01,2023-07-08 10:00:00+00:00,0.3,0.3,0.043,0.114,15.6,45,683.8,1.6
LEH_IND_01,2023-07-08 11:00:00+00:00,0.8,0.8,0.053,0.114,14.9,49,683.6,0.0
LEH_IND_01,2023-07-08 12:00:00+00:00,1.6,1.6,0.096,0.113,11.4,63,683.3,3.6
LEH_IND_01,2023-07-08 13:00:00+00:00,2.0,2.0,0.121,0.113,10.3,70,683.0,1.8
LEH_IND_01,2023-07-08 14:00:00+00:00,1.7,1.7,0.142,0.113,9.7,75,682.8,2.4
LEH_IND_01,2023-07-08 15:00:00+00:00,1.7,1.7,0.164,0.113,9.1,81,682.8,1.5
LEH_IND_01,2023-07-08 16:00:00+00:00,1.6,1.6,0.185,0.113,8.7,83,683.0,1.5
LEH_IND_01,2023-07-08 17:00:00+00:00,1.5,1.5,0.203,0.113,8.5,83,682.8,1.3
LEH_IND_01,2023-07-08 18:00:00+00:00,1.4,1.4,0.22,0.113,8.3,83,682.5,1.3
LEH_IND_01,2023-07-08 19:00:00+00:00,1.2,1.2,0.234,0.113,8.2,81,681.7,3.7
LEH_IND_01,2023-07-08 20:00:00+00:00,0.9,0.9,0.245,0.113,8.0,81,681.2,5.8
LEH_IND_01,2023-07-08 21:00:00+00:00,0.8,0.8,0.255,0.114,8.0,81,680.6,5.4
LEH_IND_01,2023-07-08 22:00:00+00:00,1.0,1.0,0.267,0.114,7.6,81,680.2,5.2
LEH_IND_01,2023-07-08 23:00:00+00:00,1.2,1.2,0.28,0.114,7.6,81,680.1,6.0
LEH_IND_01,2023-07-09 00:00:00+00:00,1.2,1.2,0.307,0.113,7.9,80,680.1,3.6
LEH_IND_01,2023-07-09 01:00:00+00:00,0.5,0.5,0.311,0.114,8.2,75,680.4,9.4
LEH_IND_01,2023-07-09 02:00:00+00:00,0.9,0.9,0.319,0.115,8.0,75,680.6,7.7
LEH_IND_01,2023-07-09 03:00:00+00:00,1.5,1.5,0.333,0.116,8.4,77,681.2,5.7
LEH_IND_01,2023-07-09 04:00:00+00:00,1.5,1.5,0.347,0.118,8.2,80,681.8,5.5
LEH_IND_01,2023-07-09 05:00:00+00:00,1.6,1.6,0.36,0.12,8.8,76,682.3,3.9
LEH_IND_01,2023-07-09 06:00:00+00:00,1.4,1.4,0.367,0.123,9.5,73,682.2,5.9
LEH_IND_01,2023-07-09 07:00:00+00:00,1.3,1.3,0.373,0.127,10.1,71,682.5,6.5
LEH_IND_01,2023-07-09 08:00:00+00:00,1.7,1.7,0.381,0.131,9.3,74,682.5,6.4
LEH_IND_01,2023-07-09 09:00:00+00:00,1.7,1.7,0.386,0.136,9.1,76,682.4,5.9
LEH_IND_01,2023-07-09 10:00:00+00:00,1.4,1.4,0.387,0.141,9.0,76,682.5,1.4
LEH_IND_01,2023-07-09 11:00:00+00:00,1.3,1.3,0.386,0.146,8.6,79,682.5,0.0
LEH_IND_01,2023-07-09 12:00:00+00:00,1.3,1.3,0.382,0.159,8.5,78,683.1,3.0
LEH_IND_01,2023-07-09 13:00:00+00:00,0.5,0.5,0.376,0.163,9.0,73,683.3,6.1
LEH_IND_01,2023-07-09 14:00:00+00:00,0.3,0.3,0.37,0.166,8.8,72,683.0,6.8
LEH_IND_01,2023-07-09 15:00:00+00:00,0.4,0.4,0.366,0.169,8.7,74,682.9,8.4
LEH_IND_01,2023-07-09 16:00:00+00:00,0.2,0.2,0.361,0.171,8.7,70,682.8,6.1
LEH_IND_01,2023-07-09 17:00:00+00:00,0.1,0.1,0.356,0.173,8.8,68,682.6,6.1
LEH_IND_01,2023-07-09 18:00:00+00:00,0.2,0.2,0.352,0.175,9.0,70,682.6,6.9
LEH_IND_01,2023-07-09 19:00:00+00:00,0.3,0.3,0.351,0.177,8.6,71,682.2,4.9
LEH_IND_01,2023-07-09 20:00:00+00:00,0.5,0.5,0.352,0.178,8.6,68,682.0,7.1
LEH_IND_01,2023-07-09 21:00:00+00:00,0.7,0.7,0.355,0.18,8.3,72,681.4,7.9
LEH_IND_01,2023-07-09 22:00:00+00:00,0.5,0.5,0.355,0.182,8.1,74,681.0,6.3
LEH_IND_01,2023-07-09 23:00:00+00:00,0.6,0.6,0.356,0.184,8.1,74,681.0,4.8
LEH_IND_01,2023-07-10 00:00:00+00:00,0.3,0.3,0.361,0.188,8.9,72,680.8,3.4
LEH_IND_01,2023-07-10 01:00:00+00:00,0.3,0.3,0.358,0.19,9.7,71,681.9,6.9
LEH_IND_01,2023-07-10 02:00:00+00:00,0.3,0.3,0.356,0.192,10.7,57,683.0,8.4
LEH_IND_01,2023-07-10 03:00:00+00:00,0.2,0.2,0.353,0.194,10.8,54,682.8,7.2
LEH_IND_01,2023-07-10 04:00:00+00:00,0.2,0.2,0.35,0.195,11.2,56,683.3,5.6
LEH_IND_01,2023-07-10 05:00:00+00:00,0.3,0.3,0.35,0.197,10.6,59,683.5,7.9
LEH_IND_01,2023-07-10 06:00:00+00:00,0.8,0.8,0.353,0.198,10.2,64,683.6,7.6
LEH_IND_01,2023-07-10 07:00:00+00:00,0.5,0.5,0.354,0.2,10.2,66,683.6,7.2
LEH_IND_01,2023-07-10 08:00:00+00:00,0.2,0.2,0.351,0.201,10.5,66,683.6,6.4
LEH_IND_01,2023-07-10 09:00:00+00:00,0.1,0.1,0.347,0.202,11.1,62,683.8,6.2
LEH_IND_01,2023-07-10 10:00:00+00:00,0.0,0.0,0.342,0.204,11.3,61,683.9,6.5
LEH_IND_01,2023-07-10 11:00:00+00:00,0.0,0.0,0.338,0.205,11.1,60,683.6,6.3
LEH_IND_01,2023-07-10 12:00:00+00:00,0.0,0.0,0.328,0.203,11.8,55,683.6,6.5
LEH_IND_01,2023-07-10 13:00:00+00:00,0.0,0.0,0.326,0.204,11.4,62,683.4,6.6
LEH_IND_01,2023-07-10 14:00:00+00:00,0.0,0.0,0.324,0.205,10.6,65,682.9,6.5
LEH_IND_01,2023-07-10 15:00:00+00:00,0.0,0.0,0.322,0.205,10.3,64,683.0,4.3
LEH_IND_01,2023-07-10 16:00:00+00:00,0.0,0.0,0.32,0.206,10.1,63,682.8,7.2
LEH_IND_01,2023-07-10 17:00:00+00:00,0.0,0.0,0.319,0.206,9.8,67,681.9,4.8
LEH_IND_01,2023-07-10 18:00:00+00:00,0.0,0.0,0.317,0.207,11.7,46,683.0,1.3
LEH_IND_01,2023-07-10 19:00:00+00:00,0.0,0.0,0.315,0.207,11.8,45,682.8,1.3
LEH_IND_01,2023-07-10 20:00:00+00:00,0.0,0.0,0.314,0.208,11.4,46,682.2,1.1
LEH_IND_01,2023-07-10 21:00:00+00:00,0.0,0.0,0.312,0.208,11.3,43,681.7,1.3
LEH_IND_01,2023-07-10 22:00:00+00:00,0.0,0.0,0.311,0.209,10.9,43,681.4,1.1
LEH_IND_01,2023-07-10 23:00:00+00:00,0.0,0.0,0.31,0.209,10.9,39,681.6,3.9
LEH_IND_01,2023-07-11 00:00:00+00:00,0.0,0.0,0.308,0.209,8.6,39,680.6,5.0
LEH_IND_01,2023-07-11 01:00:00+00:00,0.0,0.0,0.307,0.21,8.0,60,681.0,4.7
LEH_IND_01,2023-07-11 02:00:00+00:00,0.0,0.0,0.306,0.21,11.2,37,684.5,3.3
LEH_IND_01,2023-07-11 03:00:00+00:00,0.0,0.0,0.303,0.21,12.6,41,685.1,7.3
LEH_IND_01,2023-07-11 04:00:00+00:00,0.0,0.0,0.298,0.211,14.2,40,685.7,6.7
LEH_IND_01,2023-07-11 05:00:00+00:00,0.0,0.0,0.293,0.211,15.4,38,686.0,7.5
LEH_IND_01,2023-07-11 06:00:00+00:00,0.0,0.0,0.287,0.211,16.4,35,686.1,7.2
LEH_IND_01,2023-07-11 07:00:00+00:00,0.0,0.0,0.28,0.211,17.5,34,686.3,8.0
LEH_IND_01,2023-07-11 08:00:00+00:00,0.0,0.0,0.273,0.212,18.6,34,686.2,9.3
LEH_IND_01,2023-07-11 09:00:00+00:00,0.0,0.0,0.267,0.212,18.4,33,685.5,13.2
LEH_IND_01,2023-07-11 10:00:00+00:00,0.0,0.0,0.261,0.212,18.7,32,685.3,12.2
LEH_IND_01,2023-07-11 11:00:00+00:00,0.0,0.0,0.256,0.212,18.6,30,684.7,11.9
LEH_IND_01,2023-07-11 12:00:00+00:00,0.0,0.0,0.252,0.212,18.4,29,684.8,9.0
LEH_IND_01,2023-07-11 13:00:00+00:00,0.0,0.0,0.25,0.212,16.0,38,683.6,10.8
LEH_IND_01,2023-07-11 14:00:00+00:00,0.0,0.0,0.249,0.212,13.8,44,682.5,5.4
LEH_IND_01,2023-07-11 15:00:00+00:00,0.0,0.0,0.249,0.212,15.3,25,684.5,1.8
LEH_IND_01,2023-07-11 16:00:00+00:00,0.0,0.0,0.249,0.212,14.6,27,684.8,0.7
LEH_IND_01,2023-07-11 17:00:00+00:00,0.0,0.0,0.248,0.212,10.5,49,681.6,6.6
LEH_IND_01,2023-07-11 18:00:00+00:00,0.0,0.0,0.248,0.212,9.2,53,680.7,9.8
LEH_IND_01,2023-07-11 19:00:00+00:00,0.0,0.0,0.248,0.212,8.5,55,680.3,8.7
LEH_IND_01,2023-07-11 20:00:00+00:00,0.0,0.0,0.248,0.212,7.9,56,680.0,8.5
LEH_IND_01,2023-07-11 21:00:00+00:00,0.0,0.0,0.247,0.212,7.6,58,679.9,7.9
LEH_IND_01,2023-07-11 22:00:00+00:00,0.0,0.0,0.247,0.212,9.8,42,682.2,5.2
LEH_IND_01,2023-07-11 23:00:00+00:00,0.0,0.0,0.247,0.212,9.2,45,682.1,5.4
LEH_IND_01,2023-07-12 00:00:00+00:00,0.0,0.0,0.247,0.212,10.8,37,683.0,4.0
LEH_IND_01,2023-07-12 01:00:00+00:00,0.0,0.0,0.247,0.212,9.4,62,682.6,5.4
LEH_IND_01,2023-07-12 02:00:00+00:00,0.0,0.0,0.246,0.212,10.7,50,684.7,2.1
LEH_IND_01,2023-07-12 03:00:00+00:00,0.0,0.0,0.245,0.212,11.4,53,685.3,3.5
LEH_IND_01,2023-07-12 04:00:00+00:00,0.0,0.0,0.243,0.212,12.4,53,685.8,3.7
LEH_IND_01,2023-07-12 05:00:00+00:00,0.0,0.0,0.24,0.212,13.8,50,686.2,3.4
LEH_IND_01,2023-07-12 06:00:00+00:00,0.0,0.0,0.234,0.212,15.3,44,686.5,5.8
LEH_IND_01,2023-07-12 07:00:00+00:00,0.0,0.0,0.228,0.212,16.1,43,686.5,10.4
LEH_IND_01,2023-07-12 08:00:00+00:00,0.0,0.0,0.222,0.212,16.4,42,686.2,10.4
LEH_IND_01,2023-07-12 09:00:00+00:00,0.1,0.1,0.217,0.212,16.7,41,686.0,12.3
LEH_IND_01,2023-07-12 10:00:00+00:00,0.0,0.0,0.212,0.212,16.5,43,685.6,9.4
LEH_IND_01,2023-07-12 11:00:00+00:00,0.0,0.0,0.209,0.212,16.4,44,685.5,8.7
LEH_IND_01,2023-07-12 12:00:00+00:00,0.0,0.0,0.21,0.214,17.5,34,685.5,3.0
LEH_IND_01,2023-07-12 13:00:00+00:00,0.0,0.0,0.209,0.214,16.8,47,685.2,4.7
LEH_IND_01,2023-07-12 14:00:00+00:00,0.0,0.0,0.209,0.214,13.9,58,683.1,6.1
LEH_IND_01,2023-07-12 15:00:00+00:00,0.0,0.0,0.209,0.214,15.5,36,685.2,4.1
LEH_IND_01,2023-07-12 16:00:00+00:00,0.0,0.0,0.209,0.214,14.4,38,685.1,2.8
LEH_IND_01,2023-07-12 17:00:00+00:00,0.0,0.0,0.209,0.214,11.4,56,683.0,5.0
LEH_IND_01,2023-07-12 18:00:00+00:00,0.0,0.0,0.208,0.214,9.9,65,682.1,7.9
LEH_IND_01,2023-07-12 19:00:00+00:00,0.0,0.0,0.208,0.214,9.0,68,681.4,7.1
LEH_IND_01,2023-07-12 20:00:00+00:00,0.0,0.0,0.208,0.214,8.6,69,681.0,6.2
LEH_IND_01,2023-07-12 21:00:00+00:00,0.0,0.0,0.208,0.214,9.3,62,681.5,5.2
LEH_IND_01,2023-07-12 22:00:00+00:00,0.0,0.0,0.208,0.214,11.0,50,683.1,4.0
LEH_IND_01,2023-07-12 23:00:00+00:00,0.0,0.0,0.208,0.214,10.8,49,683.0,4.0
LEH_IND_01,2023-07-13 00:00:00+00:00,0.0,0.0,0.204,0.212,11.7,50,683.7,3.4
LEH_IND_01,2023-07-13 01:00:00+00:00,0.0,0.0,0.204,0.212,10.7,70,683.1,4.4
LEH_IND_01,2023-07-13 02:00:00+00:00,0.0,0.0,0.203,0.212,13.7,49,686.3,2.9
LEH_IND_01,2023-07-13 03:00:00+00:00,0.0,0.0,0.202,0.212,14.7,44,686.7,4.2
LEH_IND_01,2023-07-13 04:00:00+00:00,0.0,0.0,0.198,0.212,15.8,41,687.3,3.8
LEH_IND_01,2023-07-13 05:00:00+00:00,0.0,0.0,0.194,0.212,16.8,39,687.6,3.3
LEH_IND_01,2023-07-13 06:00:00+00:00,0.0,0.0,0.188,0.212,17.6,37,687.7,2.2
LEH_IND_01,2023-07-13 07:00:00+00:00,0.0,0.0,0.182,0.212,18.5,35,687.7,1.3
LEH_IND_01,2023-07-13 08:00:00+00:00,0.0,0.0,0.176,0.211,19.2,33,687.4,1.1
LEH_IND_01,2023-07-13 09:00:00+00:00,0.0,0.0,0.17,0.211,19.8,31,687.1,3.6
LEH_IND_01,2023-07-13 10:00:00+00:00,0.0,0.0,0.164,0.211,20.0,30,686.6,4.1
LEH_IND_01,2023-07-13 11:00:00+00:00,0.0,0.0,0.16,0.211,20.1,28,686.5,4.3
LEH_IND_01,2023-07-13 12:00:00+00:00,0.0,0.0,0.159,0.21,20.1,28,686.4,6.7
LEH_IND_01,2023-07-13 13:00:00+00:00,0.0,0.0,0.157,0.21,19.1,41,685.8,6.2
LEH_IND_01,2023-07-13 14:00:00+00:00,0.0,0.0,0.157,0.21,16.7,54,684.1,6.5
LEH_IND_01,2023-07-13 15:00:00+00:00,0.0,0.0,0.157,0.21,18.2,28,686.0,3.6
LEH_IND_01,2023-07-13 16:00:00+00:00,0.0,0.0,0.157,0.21,16.9,31,685.7,1.9
LEH_IND_01,2023-07-13 17:00:00+00:00,0.0,0.0,0.157,0.21,12.3,59,681.9,7.2
LEH_IND_01,2023-07-13 18:00:00+00:00,0.0,0.0,0.157,0.21,11.2,58,681.2,9.2
LEH_IND_01,2023-07-13 19:00:00+00:00,0.0,0.0,0.157,0.209,10.3,59,680.8,9.7
LEH_IND_01,2023-07-13 20:00:00+00:00,0.0,0.0,0.157,0.209,9.6,60,680.2,9.5
LEH_IND_01,2023-07-13 21:00:00+00:00,0.0,0.0,0.157,0.209,8.9,62,679.5,8.5
LEH_IND_01,2023-07-13 22:00:00+00:00,0.0,0.0,0.157,0.209,8.3,62,679.1,7.4
LEH_IND_01,2023-07-13 23:00:00+00:00,0.0,0.0,0.157,0.209,8.5,58,679.4,6.8
LEH_IND_01,2023-07-14 00:00:00+00:00,0.0,0.0,0.154,0.207,9.4,50,679.7,7.6
LEH_IND_01,2023-07-14 01:00:00+00:00,0.0,0.0,0.154,0.207,10.8,54,681.3,8.9
LEH_IND_01,2023-07-14 02:00:00+00:00,0.0,0.0,0.154,0.207,15.0,43,685.2,1.8
LEH_IND_01,2023-07-14 03:00:00+00:00,0.0,0.0,0.152,0.207,17.0,32,686.9,4.2
LEH_IND_01,2023-07-14 04:00:00+00:00,0.0,0.0,0.149,0.207,18.3,31,687.5,4.5
LEH_IND_01,2023-07-14 05:00:00+00:00,0.0,0.0,0.145,0.207,19.6,31,688.1,5.4
LEH_IND_01,2023-07-14 06:00:00+00:00,0.0,0.0,0.139,0.207,20.7,30,688.4,5.4
LEH_IND_01,2023-07-14 07:00:00+00:00,0.0,0.0,0.133,0.207,21.8,28,688.2,5.7
LEH_IND_01,2023-07-14 08:00:00+00:00,0.0,0.0,0.127,0.207,22.7,26,687.7,6.1
LEH_IND_01,2023-07-14 09:00:00+00:00,0.0,0.0,0.121,0.206,23.1,25,687.1,4.8
LEH_IND_01,2023-07-14 10:00:00+00:00,0.0,0.0,0.116,0.206,23.3,24,686.5,4.8
LEH_IND_01,2023-07-14 11:00:00+00:00,0.0,0.0,0.113,0.206,23.4,24,686.1,4.9
LEH_IND_01,2023-07-14 12:00:00+00:00,0.0,0.0,0.108,0.205,22.9,25,685.9,8.2
LEH_IND_01,2023-07-14 13:00:00+00:00,0.0,0.0,0.107,0.205,21.5,36,685.0,7.7
LEH_IND_01,2023-07-14 14:00:00+00:00,0.0,0.0,0.107,0.205,19.9,38,684.0,5.4
LEH_IND_01,2023-07-14 15:00:00+00:00,0.0,0.0,0.107,0.205,20.8,24,685.4,2.2
LEH_IND_01,2023-07-14 16:00:00+00:00,0.0,0.0,0.107,0.205,19.0,30,684.7,3.4
LEH_IND_01,2023-07-14 17:00:00+00:00,0.0,0.0,0.107,0.205,14.6,60,681.3,7.3
LEH_IND_01,2023-07-14 18:00:00+00:00,0.0,0.0,0.107,0.205,13.7,61,680.9,6.8
LEH_IND_01,2023-07-14 19:00:00+00:00,0.0,0.0,0.107,0.205,13.6,58,680.9,6.0
LEH_IND_01,2023-07-14 20:00:00+00:00,0.0,0.0,0.107,0.205,14.1,51,681.4,5.5
LEH_IND_01,2023-07-14 21:00:00+00:00,0.0,0.0,0.107,0.205,13.3,52,680.6,5.8
LEH_IND_01,2023-07-14 22:00:00+00:00,0.0,0.0,0.107,0.204,13.5,48,680.8,5.5
LEH_IND_01,2023-07-14 23:00:00+00:00,0.0,0.0,0.107,0.204,15.1,37,682.4,3.7
LEH_IND_01,2023-07-15 00:00:00+00:00,0.0,0.0,0.105,0.202,15.7,37,683.1,4.5
LEH_IND_01,2023-07-15 01:00:00+00:00,0.0,0.0,0.105,0.202,13.5,62,681.2,5.5
LEH_IND_01,2023-07-15 02:00:00+00:00,0.0,0.0,0.105,0.202,17.4,41,684.7,2.6
LEH_IND_01,2023-07-15 03:00:00+00:00,0.0,0.0,0.104,0.202,19.0,36,686.0,4.6
LEH_IND_01,2023-07-15 04:00:00+00:00,0.0,0.0,0.102,0.202,19.9,35,686.4,5.2
LEH_IND_01,2023-07-15 05:00:00+00:00,0.0,0.0,0.099,0.202,20.8,33,686.7,7.6
LEH_IND_01,2023-07-15 06:00:00+00:00,0.0,0.0,0.096,0.201,22.2,30,687.2,9.0
LEH_IND_01,2023-07-15 07:00:00+00:00,0.0,0.0,0.092,0.201,22.8,29,687.0,9.0
LEH_IND_01,2023-07-15 08:00:00+00:00,0.0,0.0,0.088,0.201,22.6,31,686.5,10.9
LEH_IND_01,2023-07-15 09:00:00+00:00,0.0,0.0,0.084,0.201,22.5,32,685.9,9.4
LEH_IND_01,2023-07-15 10:00:00+00:00,0.0,0.0,0.081,0.201,23.1,31,685.4,9.7
LEH_IND_01,2023-07-15 11:00:00+00:00,0.0,0.0,0.078,0.201,22.6,32,685.1,8.6
LEH_IND_01,2023-07-15 12:00:00+00:00,0.0,0.0,0.074,0.2,22.1,35,685.1,7.6
LEH_IND_01,2023-07-15 13:00:00+00:00,0.0,0.0,0.074,0.2,20.3,46,684.8,8.7
LEH_IND_01,2023-07-15 14:00:00+00:00,0.0,0.0,0.073,0.2,17.9,61,683.8,6.7
LEH_IND_01,2023-07-15 15:00:00+00:00,0.0,0.0,0.073,0.2,16.9,67,683.7,5.2
LEH_IND_01,2023-07-15 16:00:00+00:00,0.0,0.0,0.073,0.2,17.7,49,685.0,2.8
LEH_IND_01,2023-07-15 17:00:00+00:00,0.0,0.0,0.074,0.2,14.9,71,683.1,6.1
LEH_IND_01,2023-07-15 18:00:00+00:00,0.0,0.0,0.074,0.2,14.5,67,682.8,5.5
LEH_IND_01,2023-07-15 19:00:00+00:00,0.0,0.0,0.074,0.2,16.5,52,684.6,3.1
LEH_IND_01,2023-07-15 20:00:00+00:00,0.0,0.0,0.074,0.2,15.4,56,683.9,3.1
LEH_IND_01,2023-07-15 21:00:00+00:00,0.0,0.0,0.074,0.2,14.1,62,683.0,4.3
LEH_IND_01,2023-07-15 22:00:00+00:00,0.0,0.0,0.074,0.2,14.5,59,683.3,3.5
LEH_IND_01,2023-07-15 23:00:00+00:00,0.0,0.0,0.074,0.2,13.5,65,683.6,2.7
LEH_IND_01,2023-07-16 00:00:00+00:00,0.0,0.0,0.068,0.201,15.1,58,683.2,0.4
LEH_IND_01,2023-07-16 01:00:00+00:00,0.0,0.0,0.068,0.201,13.8,71,682.7,3.6
LEH_IND_01,2023-07-16 02:00:00+00:00,0.0,0.0,0.068,0.201,14.9,57,684.5,7.1
LEH_IND_01,2023-07-16 03:00:00+00:00,0.0,0.0,0.067,0.201,16.0,56,685.4,6.7
LEH_IND_01,2023-07-16 04:00:00+00:00,0.0,0.0,0.066,0.201,17.4,55,686.0,6.9
LEH_IND_01,2023-07-16 05:00:00+00:00,0.0,0.0,0.064,0.201,18.4,53,686.3,7.8
LEH_IND_01,2023-07-16 06:00:00+00:00,0.0,0.0,0.062,0.201,18.1,52,685.8,9.6
LEH_IND_01,2023-07-16 07:00:00+00:00,0.0,0.0,0.06,0.201,18.1,53,685.7,4.7
LEH_IND_01,2023-07-16 08:00:00+00:00,0.0,0.0,0.059,0.201,18.6,50,685.4,7.9
LEH_IND_01,2023-07-16 09:00:00+00:00,0.0,0.0,0.058,0.201,18.3,51,685.0,7.1
LEH_IND_01,2023-07-16 10:00:00+00:00,0.1,0.1,0.058,0.201,18.5,49,684.7,4.1
LEH_IND_01,2023-07-16 11:00:00+00:00,0.1,0.1,0.058,0.2,17.7,57,684.7,8.3
LEH_IND_01,2023-07-16 12:00:00+00:00,0.4,0.4,0.06,0.2,17.7,55,685.5,10.4
LEH_IND_01,2023-07-16 13:00:00+00:00,0.2,0.2,0.062,0.2,15.9,62,685.3,3.2
LEH_IND_01,2023-07-16 14:00:00+00:00,0.1,0.1,0.063,0.2,15.6,65,685.2,4.4
LEH_IND_01,2023-07-16 15:00:00+00:00,0.0,0.0,0.063,0.2,14.7,76,684.9,3.3
LEH_IND_01,2023-07-16 16:00:00+00:00,0.0,0.0,0.063,0.2,14.2,75,685.2,3.0
LEH_IND_01,2023-07-16 17:00:00+00:00,0.0,0.0,0.063,0.2,13.3,82,684.9,3.1
LEH_IND_01,2023-07-16 18:00:00+00:00,0.0,0.0,0.063,0.199,12.7,82,684.8,3.8
LEH_IND_01,2023-07-16 19:00:00+00:00,0.0,0.0,0.064,0.199,12.4,77,684.6,2.8
LEH_IND_01,2023-07-16 20:00:00+00:00,0.0,0.0,0.064,0.199,13.0,70,684.8,2.1
LEH_IND_01,2023-07-16 21:00:00+00:00,0.0,0.0,0.064,0.199,12.2,83,683.9,2.4
LEH_IND_01,2023-07-16 22:00:00+00:00,0.0,0.0,0.065,0.199,11.4,82,683.5,2.7
LEH_IND_01,2023-07-16 23:00:00+00:00,0.0,0.0,0.065,0.199,11.8,85,683.7,1.6
LEH_IND_01,2023-07-17 00:00:00+00:00,0.0,0.0,0.064,0.199,11.9,79,684.0,0.5
LEH_IND_01,2023-07-17 01:00:00+00:00,0.1,0.1,0.065,0.199,11.8,78,684.3,3.2
LEH_IND_01,2023-07-17 02:00:00+00:00,0.0,0.0,0.065,0.199,12.8,71,685.2,2.9
LEH_IND_01,2023-07-17 03:00:00+00:00,0.0,0.0,0.065,0.199,13.6,67,685.6,5.1
LEH_IND_01,2023-07-17 04:00:00+00:00,0.0,0.0,0.064,0.198,14.7,63,686.1,4.3
LEH_IND_01,2023-07-17 05:00:00+00:00,0.0,0.0,0.063,0.198,15.8,59,686.3,4.6
LEH_IND_01,2023-07-17 06:00:00+00:00,0.0,0.0,0.061,0.198,17.3,55,686.6,5.4
LEH_IND_01,2023-07-17 07:00:00+00:00,0.0,0.0,0.059,0.198,18.4,51,686.5,7.5
LEH_IND_01,2023-07-17 08:00:00+00:00,0.0,0.0,0.056,0.198,19.7,47,686.4,3.6
LEH_IND_01,2023-07-17 09:00:00+00:00,0.0,0.0,0.053,0.198,21.0,42,686.0,8.4
LEH_IND_01,2023-07-17 10:00:00+00:00,0.0,0.0,0.051,0.198,21.1,43,685.4,11.6
LEH_IND_01,2023-07-17 11:00:00+00:00,0.4,0.4,0.055,0.198,20.0,49,684.9,5.8
LEH_IND_01,2023-07-17 12:00:00+00:00,0.0,0.0,0.049,0.197,21.5,37,685.3,8.2
LEH_IND_01,2023-07-17 13:00:00+00:00,0.0,0.0,0.048,0.197,20.9,40,684.9,8.1
LEH_IND_01,2023-07-17 14:00:00+00:00,0.0,0.0,0.048,0.197,19.3,54,684.3,5.8
LEH_IND_01,2023-07-17 15:00:00+00:00,0.0,0.0,0.048,0.197,18.1,63,684.1,4.5
LEH_IND_01,2023-07-17 16:00:00+00:00,0.0,0.0,0.048,0.197,18.9,43,685.5,2.2
LEH_IND_01,2023-07-17 17:00:00+00:00,0.0,0.0,0.049,0.197,17.4,48,684.9,2.7
LEH_IND_01,2023-07-17 18:00:00+00:00,0.0,0.0,0.049,0.197,14.7,64,683.3,10.2
LEH_IND_01,2023-07-17 19:00:00+00:00,0.0,0.0,0.049,0.197,13.6,69,682.7,7.9
LEH_IND_01,2023-07-17 20:00:00+00:00,0.0,0.0,0.049,0.197,12.7,71,681.9,8.0
LEH_IND_01,2023-07-17 21:00:00+00:00,0.0,0.0,0.049,0.197,12.3,69,681.7,9.7
LEH_IND_01,2023-07-17 22:00:00+00:00,0.0,0.0,0.049,0.196,11.7,74,681.5,5.2
LEH_IND_01,2023-07-17 23:00:00+00:00,0.0,0.0,0.049,0.196,12.0,68,681.8,4.8
LEH_IND_01,2023-07-18 00:00:00+00:00,0.0,0.0,0.065,0.195,14.2,57,683.3,1.9
LEH_IND_01,2023-07-18 01:00:00+00:00,0.0,0.0,0.065,0.195,14.3,58,684.0,1.9
LEH_IND_01,2023-07-18 02:00:00+00:00,0.0,0.0,0.065,0.195,15.6,56,685.6,3.5
LEH_IND_01,2023-07-18 03:00:00+00:00,0.0,0.0,0.064,0.195,17.1,50,686.4,6.6
LEH_IND_01,2023-07-18 04:00:00+00:00,0.0,0.0,0.062,0.195,18.6,47,686.8,7.4
LEH_IND_01,2023-07-18 05:00:00+00:00,0.0,0.0,0.06,0.195,20.3,43,687.4,7.2
LEH_IND_01,2023-07-18 06:00:00+00:00,0.1,0.1,0.058,0.195,21.6,40,687.5,5.1
LEH_IND_01,2023-07-18 07:00:00+00:00,0.0,0.0,0.055,0.195,23.2,32,687.4,5.7
LEH_IND_01,2023-07-18 08:00:00+00:00,0.0,0.0,0.051,0.195,24.3,28,686.9,7.0
LEH_IND_01,2023-07-18 09:00:00+00:00,0.0,0.0,0.048,0.195,25.2,27,686.4,7.6
LEH_IND_01,2023-07-18 10:00:00+00:00,0.0,0.0,0.046,0.195,25.3,26,685.9,9.6
LEH_IND_01,2023-07-18 11:00:00+00:00,0.0,0.0,0.044,0.194,25.5,25,685.6,11.0
LEH_IND_01,2023-07-18 12:00:00+00:00,0.0,0.0,0.042,0.194,24.9,24,685.5,10.6
LEH_IND_01,2023-07-18 13:00:00+00:00,0.0,0.0,0.041,0.194,24.0,27,685.0,10.6
LEH_IND_01,2023-07-18 14:00:00+00:00,0.0,0.0,0.041,0.194,21.9,35,684.0,9.7
LEH_IND_01,2023-07-18 15:00:00+00:00,0.0,0.0,0.041,0.194,19.8,50,683.5,4.9
LEH_IND_01,2023-07-18 16:00:00+00:00,0.0,0.0,0.041,0.194,20.6,36,685.2,2.9
LEH_IND_01,2023-07-18 17:00:00+00:00,0.0,0.0,0.041,0.194,20.0,38,685.5,2.3
LEH_IND_01,2023-07-18 18:00:00+00:00,0.0,0.0,0.041,0.194,19.2,40,685.2,1.8
LEH_IND_01,2023-07-18 19:00:00+00:00,0.0,0.0,0.041,0.194,18.4,42,684.5,0.7
LEH_IND_01,2023-07-18 20:00:00+00:00,0.0,0.0,0.042,0.193,17.7,44,683.8,0.4
LEH_IND_01,2023-07-18 21:00:00+00:00,0.0,0.0,0.042,0.193,17.3,45,683.4,2.5
LEH_IND_01,2023-07-18 22:00:00+00:00,0.0,0.0,0.042,0.193,13.2,59,680.0,7.2
LEH_IND_01,2023-07-18 23:00:00+00:00,0.0,0.0,0.042,0.193,12.0,60,679.1,8.8
LEH_IND_01,2023-07-19 00:00:00+00:00,0.0,0.0,0.041,0.193,13.3,53,680.2,6.8
LEH_IND_01,2023-07-19 01:00:00+00:00,0.0,0.0,0.041,0.193,14.4,49,681.9,11.2
LEH_IND_01,2023-07-19 02:00:00+00:00,0.0,0.0,0.041,0.193,18.4,40,685.7,3.6
LEH_IND_01,2023-07-19 03:00:00+00:00,0.0,0.0,0.041,0.193,20.3,32,687.4,3.4
LEH_IND_01,2023-07-19 04:00:00+00:00,0.0,0.0,0.04,0.193,21.6,30,687.8,3.6
LEH_IND_01,2023-07-19 05:00:00+00:00,0.0,0.0,0.038,0.193,23.0,28,688.0,3.7
LEH_IND_01,2023-07-19 06:00:00+00:00,0.0,0.0,0.036,0.193,23.9,26,687.8,3.3
LEH_IND_01,2023-07-19 07:00:00+00:00,0.0,0.0,0.034,0.193,24.5,25,687.5,2.6
LEH_IND_01,2023-07-19 08:00:00+00:00,0.0,0.0,0.032,0.193,25.5,23,687.6,2.7
LEH_IND_01,2023-07-19 09:00:00+00:00,0.0,0.0,0.031,0.193,25.4,22,686.8,2.6
LEH_IND_01,2023-07-19 10:00:00+00:00,0.0,0.0,0.03,0.193,25.5,23,686.1,5.5
LEH_IND_01,2023-07-19 11:00:00+00:00,0.0,0.0,0.029,0.192,25.7,25,686.0,4.2
LEH_IND_01,2023-07-19 12:00:00+00:00,0.1,0.1,0.033,0.192,24.5,25,686.3,6.1
LEH_IND_01,2023-07-19 13:00:00+00:00,0.0,0.0,0.033,0.192,23.2,28,686.1,2.4
LEH_IND_01,2023-07-19 14:00:00+00:00,0.0,0.0,0.033,0.192,22.1,38,685.7,3.6
LEH_IND_01,2023-07-19 15:00:00+00:00,0.0,0.0,0.033,0.192,21.4,40,686.0,6.5
LEH_IND_01,2023-07-19 16:00:00+00:00,0.0,0.0,0.033,0.192,19.6,53,685.4,5.4
LEH_IND_01,2023-07-19 17:00:00+00:00,0.0,0.0,0.033,0.192,19.1,52,685.3,3.4
LEH_IND_01,2023-07-19 18:00:00+00:00,0.0,0.0,0.033,0.192,17.9,54,684.9,3.7
LEH_IND_01,2023-07-19 19:00:00+00:00,0.0,0.0,0.033,0.192,18.0,46,685.4,3.3
LEH_IND_01,2023-07-19 20:00:00+00:00,0.0,0.0,0.033,0.192,17.3,46,684.7,3.1
LEH_IND_01,2023-07-19 21:00:00+00:00,0.0,0.0,0.033,0.192,16.6,48,684.1,1.8
LEH_IND_01,2023-07-19 22:00:00+00:00,0.0,0.0,0.034,0.192,16.2,49,683.8,1.5
LEH_IND_01,2023-07-19 23:00:00+00:00,0.0,0.0,0.034,0.191,15.6,51,683.7,1.8
LEH_IND_01,2023-07-20 00:00:00+00:00,0.0,0.0,0.033,0.193,16.4,57,684.2,2.5
LEH_IND_01,2023-07-20 01:00:00+00:00,0.0,0.0,0.033,0.192,16.3,56,684.7,2.1
LEH_IND_01,2023-07-20 02:00:00+00:00,0.0,0.0,0.033,0.192,17.6,49,686.1,4.7
LEH_IND_01,2023-07-20 03:00:00+00:00,0.0,0.0,0.033,0.192,18.7,45,686.9,5.1
LEH_IND_01,2023-07-20 04:00:00+00:00,0.0,0.0,0.032,0.192,20.3,40,687.7,6.9
LEH_IND_01,2023-07-20 05:00:00+00:00,0.0,0.0,0.031,0.192,21.9,35,687.9,7.7
LEH_IND_01,2023-07-20 06:00:00+00:00,0.0,0.0,0.03,0.192,23.7,29,688.2,9.0
LEH_IND_01,2023-07-20 07:00:00+00:00,0.0,0.0,0.029,0.192,24.4,26,687.9,7.4
LEH_IND_01,2023-07-20 08:00:00+00:00,0.0,0.0,0.028,0.192,25.6,24,687.5,8.4
LEH_IND_01,2023-07-20 09:00:00+00:00,0.0,0.0,0.027,0.192,25.4,26,686.8,13.5
LEH_IND_01,2023-07-20 10:00:00+00:00,0.0,0.0,0.027,0.192,25.3,27,686.4,11.7
LEH_IND_01,2023-07-20 11:00:00+00:00,0.0,0.0,0.026,0.192,22.3,39,685.5,8.6
LEH_IND_01,2023-07-20 12:00:00+00:00,0.0,0.0,0.033,0.191,21.7,39,686.2,8.4
LEH_IND_01,2023-07-20 13:00:00+00:00,0.0,0.0,0.032,0.191,19.7,50,685.8,9.2
LEH_IND_01,2023-07-20 14:00:00+00:00,0.0,0.0,0.032,0.191,18.2,59,685.7,0.4
LEH_IND_01,2023-07-20 15:00:00+00:00,0.0,0.0,0.033,0.191,18.4,57,686.5,4.9
LEH_IND_01,2023-07-20 16:00:00+00:00,0.0,0.0,0.033,0.191,17.6,57,686.5,5.1
LEH_IND_01,2023-07-20 17:00:00+00:00,0.0,0.0,0.033,0.19,16.8,56,686.4,6.1
LEH_IND_01,2023-07-20 18:00:00+00:00,0.0,0.0,0.033,0.19,16.5,55,686.3,4.6
LEH_IND_01,2023-07-20 19:00:00+00:00,0.0,0.0,0.033,0.19,15.6,61,685.8,3.3
LEH_IND_01,2023-07-20 20:00:00+00:00,0.0,0.0,0.033,0.19,14.8,63,685.4,3.8
LEH_IND_01,2023-07-20 21:00:00+00:00,0.2,0.2,0.036,0.19,13.4,72,685.0,4.3
LEH_IND_01,2023-07-20 22:00:00+00:00,0.0,0.0,0.036,0.19,13.6,71,685.2,3.6
LEH_IND_01,2023-07-20 23:00:00+00:00,0.0,0.0,0.036,0.19,12.9,76,685.1,2.9
LEH_IND_01,2023-07-21 00:00:00+00:00,0.0,0.0,0.052,0.191,12.7,85,685.0,1.1
LEH_IND_01,2023-07-21 01:00:00+00:00,0.4,0.4,0.058,0.19,12.7,83,685.9,1.8
LEH_IND_01,2023-07-21 02:00:00+00:00,0.6,0.6,0.066,0.19,13.0,78,686.4,1.1
LEH_IND_01,2023-07-21 03:00:00+00:00,0.1,0.1,0.067,0.19,13.8,72,686.9,1.1
LEH_IND_01,2023-07-21 04:00:00+00:00,0.0,0.0,0.066,0.19,15.9,62,688.0,2.7
LEH_IND_01,2023-07-21 05:00:00+00:00,0.0,0.0,0.065,0.19,17.2,57,688.0,5.1
LEH_IND_01,2023-07-21 06:00:00+00:00,0.0,0.0,0.062,0.19,18.0,55,688.1,6.5
LEH_IND_01,2023-07-21 07:00:00+00:00,0.0,0.0,0.059,0.19,19.4,51,688.1,6.6
LEH_IND_01,2023-07-21 08:00:00+00:00,0.0,0.0,0.056,0.19,21.0,44,687.8,6.2
LEH_IND_01,2023-07-21 09:00:00+00:00,0.0,0.0,0.053,0.19,22.0,41,687.2,5.6
LEH_IND_01,2023-07-21 10:00:00+00:00,0.9,0.9,0.062,0.19,20.6,51,686.5,10.8
LEH_IND_01,2023-07-21 11:00:00+00:00,0.0,0.0,0.061,0.19,20.6,50,686.4,8.0
LEH_IND_01,2023-07-21 12:00:00+00:00,0.8,0.8,0.071,0.188,17.6,61,686.4,9.2
LEH_IND_01,2023-07-21 13:00:00+00:00,0.0,0.0,0.071,0.188,18.0,58,687.1,4.2
LEH_IND_01,2023-07-21 14:00:00+00:00,0.0,0.0,0.07,0.187,16.7,64,686.8,4.5
LEH_IND_01,2023-07-21 15:00:00+00:00,0.0,0.0,0.07,0.187,16.4,65,687.0,3.4
LEH_IND_01,2023-07-21 16:00:00+00:00,0.0,0.0,0.07,0.187,16.0,67,687.2,3.9
LEH_IND_01,2023-07-21 17:00:00+00:00,0.0,0.0,0.07,0.187,15.4,71,687.0,4.7
LEH_IND_01,2023-07-21 18:00:00+00:00,0.0,0.0,0.07,0.187,14.9,72,687.2,2.4
LEH_IND_01,2023-07-21 19:00:00+00:00,0.0,0.0,0.07,0.187,14.1,67,686.9,1.9
LEH_IND_01,2023-07-21 20:00:00+00:00,0.0,0.0,0.07,0.187,13.5,71,686.4,3.8
LEH_IND_01,2023-07-21 21:00:00+00:00,0.0,0.0,0.07,0.187,12.7,75,685.8,3.4
LEH_IND_01,2023-07-21 22:00:00+00:00,0.1,0.1,0.071,0.187,12.5,77,685.8,4.4
LEH_IND_01,2023-07-21 23:00:00+00:00,0.2,0.2,0.073,0.187,12.4,77,685.7,4.0
LEH_IND_01,2023-07-22 00:00:00+00:00,0.2,0.2,0.073,0.187,12.2,77,685.7,2.5
LEH_IND_01,2023-07-22 01:00:00+00:00,0.3,0.3,0.077,0.187,12.4,74,686.4,4.8
LEH_IND_01,2023-07-22 02:00:00+00:00,1.0,1.0,0.089,0.187,12.3,74,686.8,2.0
LEH_IND_01,2023-07-22 03:00:00+00:00,0.2,0.2,0.092,0.187,12.4,73,687.3,4.0
LEH_IND_01,2023-07-22 04:00:00+00:00,0.0,0.0,0.091,0.187,13.2,66,687.7,2.8
LEH_IND_01,2023-07-22 05:00:00+00:00,0.0,0.0,0.09,0.187,14.7,63,688.3,2.8
LEH_IND_01,2023-07-22 06:00:00+00:00,0.0,0.0,0.087,0.187,16.3,60,688.5,5.8
LEH_IND_01,2023-07-22 07:00:00+00:00,0.0,0.0,0.084,0.187,17.4,59,688.5,0.4
LEH_IND_01,2023-07-22 08:00:00+00:00,0.0,0.0,0.081,0.187,19.0,52,688.3,3.1
LEH_IND_01,2023-07-22 09:00:00+00:00,0.0,0.0,0.079,0.186,18.5,55,687.7,10.1
LEH_IND_01,2023-07-22 10:00:00+00:00,0.1,0.1,0.078,0.186,19.1,50,687.6,6.6
LEH_IND_01,2023-07-22 11:00:00+00:00,0.0,0.0,0.076,0.186,19.4,49,687.5,7.6
LEH_IND_01,2023-07-22 12:00:00+00:00,0.0,0.0,0.081,0.187,15.7,71,687.4,7.4
LEH_IND_01,2023-07-22 13:00:00+00:00,4.5,4.5,0.136,0.187,14.5,74,687.6,4.4
LEH_IND_01,2023-07-22 14:00:00+00:00,2.1,2.1,0.162,0.187,14.6,74,687.6,1.5
LEH_IND_01,2023-07-22 15:00:00+00:00,0.1,0.1,0.164,0.187,14.3,77,687.6,4.0
LEH_IND_01,2023-07-22 16:00:00+00:00,0.0,0.0,0.163,0.187,14.0,77,687.9,2.6
LEH_IND_01,2023-07-22 17:00:00+00:00,0.0,0.0,0.163,0.187,13.5,77,687.6,1.8
LEH_IND_01,2023-07-22 18:00:00+00:00,0.0,0.0,0.163,0.187,13.1,84,687.3,3.4
LEH_IND_01,2023-07-22 19:00:00+00:00,0.0,0.0,0.163,0.187,12.7,84,686.6,3.8
LEH_IND_01,2023-07-22 20:00:00+00:00,0.0,0.0,0.163,0.187,12.7,75,687.0,0.4
LEH_IND_01,2023-07-22 21:00:00+00:00,0.1,0.1,0.165,0.187,12.4,77,686.5,2.9
LEH_IND_01,2023-07-22 22:00:00+00:00,0.2,0.2,0.167,0.187,12.4,75,686.4,1.1
LEH_IND_01,2023-07-22 23:00:00+00:00,0.4,0.4,0.171,0.187,11.9,77,686.4,0.0
LEH_IND_01,2023-07-23 00:00:00+00:00,0.3,0.3,0.142,0.187,12.2,80,686.5,2.2
LEH_IND_01,2023-07-23 01:00:00+00:00,0.6,0.6,0.148,0.187,12.0,79,687.3,3.1
LEH_IND_01,2023-07-23 02:00:00+00:00,0.4,0.4,0.153,0.187,11.9,75,687.2,5.1
LEH_IND_01,2023-07-23 03:00:00+00:00,0.3,0.3,0.156,0.187,12.1,73,687.8,2.3
LEH_IND_01,2023-07-23 04:00:00+00:00,0.6,0.6,0.163,0.187,12.2,74,688.0,3.2
LEH_IND_01,2023-07-23 05:00:00+00:00,1.0,1.0,0.174,0.187,13.1,72,688.2,1.6
LEH_IND_01,2023-07-23 06:00:00+00:00,0.6,0.6,0.179,0.187,14.7,68,688.7,2.0
LEH_IND_01,2023-07-23 07:00:00+00:00,0.0,0.0,0.177,0.187,16.6,61,688.7,3.5
LEH_IND_01,2023-07-23 08:00:00+00:00,0.3,0.3,0.175,0.186,17.9,56,688.2,5.8
LEH_IND_01,2023-07-23 09:00:00+00:00,0.0,0.0,0.172,0.186,17.8,59,687.4,9.0
LEH_IND_01,2023-07-23 10:00:00+00:00,0.3,0.3,0.171,0.186,18.5,55,687.2,9.4
LEH_IND_01,2023-07-23 11:00:00+00:00,0.0,0.0,0.168,0.186,18.6,55,686.5,6.5
LEH_IND_01,2023-07-23 12:00:00+00:00,0.0,0.0,0.145,0.182,17.0,59,687.0,8.0
LEH_IND_01,2023-07-23 13:00:00+00:00,0.0,0.0,0.144,0.182,17.1,61,687.1,7.3
LEH_IND_01,2023-07-23 14:00:00+00:00,0.0,0.0,0.143,0.182,15.6,72,686.3,4.7
LEH_IND_01,2023-07-23 15:00:00+00:00,0.0,0.0,0.143,0.182,15.9,62,686.8,2.0
LEH_IND_01,2023-07-23 16:00:00+00:00,0.0,0.0,0.143,0.182,13.8,80,685.6,4.3
LEH_IND_01,2023-07-23 17:00:00+00:00,0.0,0.0,0.143,0.182,13.4,78,685.7,3.6
LEH_IND_01,2023-07-23 18:00:00+00:00,0.1,0.1,0.144,0.182,13.4,72,686.1,2.3
LEH_IND_01,2023-07-23 19:00:00+00:00,0.0,0.0,0.145,0.182,13.1,72,685.7,1.9
LEH_IND_01,2023-07-23 20:00:00+00:00,0.0,0.0,0.145,0.182,12.1,85,684.7,3.6
LEH_IND_01,2023-07-23 21:00:00+00:00,0.0,0.0,0.145,0.182,11.7,82,684.7,3.7
LEH_IND_01,2023-07-23 22:00:00+00:00,0.0,0.0,0.145,0.182,10.8,83,684.6,4.4
LEH_IND_01,2023-07-23 23:00:00+00:00,0.1,0.1,0.145,0.182,10.4,81,684.6,3.6
LEH_IND_01,2023-07-24 00:00:00+00:00,0.9,0.9,0.148,0.181,10.4,88,684.4,2.4
LEH_IND_01,2023-07-24 01:00:00+00:00,0.0,0.0,0.148,0.181,10.3,85,685.0,1.8
LEH_IND_01,2023-07-24 02:00:00+00:00,0.0,0.0,0.148,0.181,10.7,80,685.8,3.3
LEH_IND_01,2023-07-24 03:00:00+00:00,0.0,0.0,0.148,0.181,11.8,70,686.2,2.9
LEH_IND_01,2023-07-24 04:00:00+00:00,0.0,0.0,0.147,0.181,12.8,66,686.3,4.0
LEH_IND_01,2023-07-24 05:00:00+00:00,0.0,0.0,0.144,0.181,14.8,61,686.9,4.0
LEH_IND_01,2023-07-24 06:00:00+00:00,0.0,0.0,0.14,0.181,16.6,57,687.2,4.2
LEH_IND_01,2023-07-24 07:00:00+00:00,0.0,0.0,0.134,0.181,18.1,50,686.9,4.9
LEH_IND_01,2023-07-24 08:00:00+00:00,0.3,0.3,0.132,0.181,18.5,51,686.7,5.6
LEH_IND_01,2023-07-24 09:00:00+00:00,0.1,0.1,0.128,0.181,19.2,46,686.0,6.6
LEH_IND_01,2023-07-24 10:00:00+00:00,0.0,0.0,0.125,0.181,17.3,61,685.0,7.0
LEH_IND_01,2023-07-24 11:00:00+00:00,0.0,0.0,0.122,0.181,19.3,49,685.1,6.6
LEH_IND_01,2023-07-24 12:00:00+00:00,0.3,0.3,0.133,0.182,18.5,50,685.3,6.0
LEH_IND_01,2023-07-24 13:00:00+00:00,0.0,0.0,0.132,0.182,18.1,50,684.8,5.0
LEH_IND_01,2023-07-24 14:00:00+00:00,0.0,0.0,0.131,0.182,16.5,71,684.1,3.4
LEH_IND_01,2023-07-24 15:00:00+00:00,0.0,0.0,0.131,0.182,15.6,67,684.0,4.0
LEH_IND_01,2023-07-24 16:00:00+00:00,0.0,0.0,0.131,0.182,14.4,74,683.9,5.5
LEH_IND_01,2023-07-24 17:00:00+00:00,0.0,0.0,0.131,0.182,13.4,75,684.1,6.2
LEH_IND_01,2023-07-24 18:00:00+00:00,0.0,0.0,0.131,0.182,12.8,80,684.7,3.5
LEH_IND_01,2023-07-24 19:00:00+00:00,0.0,0.0,0.131,0.182,12.3,74,684.7,1.9
LEH_IND_01,2023-07-24 20:00:00+00:00,0.1,0.1,0.132,0.182,11.1,83,683.9,5.9
LEH_IND_01,2023-07-24 21:00:00+00:00,0.2,0.2,0.134,0.182,10.9,78,684.3,2.7
LEH_IND_01,2023-07-24 22:00:00+00:00,0.2,0.2,0.137,0.182,10.8,78,684.0,5.2
LEH_IND_01,2023-07-24 23:00:00+00:00,0.0,0.0,0.137,0.182,10.5,78,683.7,4.3
LEH_IND_01,2023-07-25 00:00:00+00:00,0.1,0.1,0.142,0.183,11.0,82,684.5,2.3
LEH_IND_01,2023-07-25 01:00:00+00:00,0.0,0.0,0.142,0.183,10.9,81,684.4,3.4
LEH_IND_01,2023-07-25 02:00:00+00:00,0.0,0.0,0.142,0.183,11.9,72,685.6,4.6
LEH_IND_01,2023-07-25 03:00:00+00:00,0.0,0.0,0.141,0.183,13.3,67,686.7,6.0
LEH_IND_01,2023-07-25 04:00:00+00:00,0.0,0.0,0.139,0.183,13.7,67,686.8,5.5
LEH_IND_01,2023-07-25 05:00:00+00:00,0.0,0.0,0.136,0.183,14.9,65,687.1,3.8
LEH_IND_01,2023-07-25 06:00:00+00:00,0.1,0.1,0.133,0.183,16.9,54,687.6,4.1
LEH_IND_01,2023-07-25 07:00:00+00:00,0.4,0.4,0.132,0.183,18.3,50,687.7,4.8
LEH_IND_01,2023-07-25 08:00:00+00:00,0.0,0.0,0.129,0.183,18.2,51,686.8,4.1
LEH_IND_01,2023-07-25 09:00:00+00:00,0.5,0.5,0.132,0.183,17.8,54,686.3,6.0
LEH_IND_01,2023-07-25 10:00:00+00:00,1.6,1.6,0.148,0.183,17.7,55,685.9,6.5
LEH_IND_01,2023-07-25 11:00:00+00:00,0.1,0.1,0.146,0.183,17.8,53,685.5,5.4
LEH_IND_01,2023-07-25 12:00:00+00:00,0.0,0.0,0.109,0.184,18.7,45,685.6,5.8
LEH_IND_01,2023-07-25 13:00:00+00:00,0.0,0.0,0.108,0.184,18.0,50,685.3,7.2
LEH_IND_01,2023-07-25 14:00:00+00:00,0.0,0.0,0.107,0.183,16.6,71,684.7,4.0
LEH_IND_01,2023-07-25 15:00:00+00:00,0.0,0.0,0.107,0.183,16.6,56,685.5,2.9
LEH_IND_01,2023-07-25 16:00:00+00:00,0.0,0.0,0.107,0.183,15.5,65,685.1,3.8
LEH_IND_01,2023-07-25 17:00:00+00:00,0.0,0.0,0.107,0.183,14.5,68,685.2,3.4
LEH_IND_01,2023-07-25 18:00:00+00:00,0.0,0.0,0.107,0.183,14.0,70,685.2,3.4
LEH_IND_01,2023-07-25 19:00:00+00:00,0.0,0.0,0.107,0.183,12.9,77,684.3,5.5
LEH_IND_01,2023-07-25 20:00:00+00:00,0.0,0.0,0.107,0.183,12.0,79,684.2,5.4
LEH_IND_01,2023-07-25 21:00:00+00:00,0.0,0.0,0.107,0.183,11.6,82,684.4,3.8
LEH_IND_01,2023-07-25 22:00:00+00:00,0.0,0.0,0.107,0.183,11.6,79,684.6,2.8
LEH_IND_01,2023-07-25 23:00:00+00:00,0.0,0.0,0.108,0.183,11.5,79,684.8,3.4
LEH_IND_01,2023-07-26 00:00:00+00:00,0.0,0.0,0.102,0.187,11.2,78,684.6,1.5
LEH_IND_01,2023-07-26 01:00:00+00:00,0.0,0.0,0.102,0.186,11.4,78,685.0,1.5
LEH_IND_01,2023-07-26 02:00:00+00:00,0.0,0.0,0.102,0.186,12.5,75,686.1,4.4
LEH_IND_01,2023-07-26 03:00:00+00:00,0.0,0.0,0.101,0.186,12.8,74,686.6,4.7
LEH_IND_01,2023-07-26 04:00:00+00:00,0.0,0.0,0.1,0.186,14.0,71,687.1,4.7
LEH_IND_01,2023-07-26 05:00:00+00:00,0.0,0.0,0.098,0.186,15.1,66,687.2,4.9
LEH_IND_01,2023-07-26 06:00:00+00:00,0.1,0.1,0.096,0.186,17.2,57,687.6,6.7
LEH_IND_01,2023-07-26 07:00:00+00:00,0.2,0.2,0.095,0.186,18.5,52,687.5,9.3
LEH_IND_01,2023-07-26 08:00:00+00:00,0.0,0.0,0.091,0.186,18.6,54,686.9,7.4
LEH_IND_01,2023-07-26 09:00:00+00:00,0.3,0.3,0.091,0.186,20.4,46,686.6,6.9
LEH_IND_01,2023-07-26 10:00:00+00:00,0.0,0.0,0.088,0.186,20.3,44,685.8,10.9
LEH_IND_01,2023-07-26 11:00:00+00:00,0.0,0.0,0.086,0.186,20.4,42,685.7,8.8
LEH_IND_01,2023-07-26 12:00:00+00:00,0.0,0.0,0.075,0.186,20.0,41,685.5,7.4
LEH_IND_01,2023-07-26 13:00:00+00:00,0.0,0.0,0.074,0.186,19.1,47,685.3,8.8
LEH_IND_01,2023-07-26 14:00:00+00:00,0.0,0.0,0.074,0.186,16.9,67,684.4,4.3
LEH_IND_01,2023-07-26 15:00:00+00:00,0.0,0.0,0.074,0.186,15.8,69,684.0,5.9
LEH_IND_01,2023-07-26 16:00:00+00:00,0.0,0.0,0.074,0.186,17.0,54,685.6,2.7
LEH_IND_01,2023-07-26 17:00:00+00:00,0.0,0.0,0.075,0.185,13.9,73,684.3,4.7
LEH_IND_01,2023-07-26 18:00:00+00:00,0.2,0.2,0.077,0.185,12.9,74,684.3,8.5
LEH_IND_01,2023-07-26 19:00:00+00:00,0.0,0.0,0.077,0.185,12.5,75,684.2,7.6
LEH_IND_01,2023-07-26 20:00:00+00:00,0.0,0.0,0.078,0.185,11.9,75,683.6,3.8
LEH_IND_01,2023-07-26 21:00:00+00:00,0.0,0.0,0.078,0.185,10.9,80,682.6,6.6
LEH_IND_01,2023-07-26 22:00:00+00:00,0.0,0.0,0.078,0.185,10.8,81,682.8,4.4
LEH_IND_01,2023-07-26 23:00:00+00:00,0.0,0.0,0.078,0.185,10.0,83,682.4,5.1
LEH_IND_01,2023-07-27 00:00:00+00:00,0.0,0.0,0.127,0.184,11.6,73,684.3,2.4
LEH_IND_01,2023-07-27 01:00:00+00:00,0.0,0.0,0.127,0.184,11.4,77,684.7,6.1
LEH_IND_01,2023-07-27 02:00:00+00:00,0.0,0.0,0.127,0.184,12.8,73,685.5,4.0
LEH_IND_01,2023-07-27 03:00:00+00:00,0.0,0.0,0.126,0.184,13.9,71,686.1,4.1
LEH_IND_01,2023-07-27 04:00:00+00:00,0.0,0.0,0.124,0.184,15.1,69,686.5,5.6
LEH_IND_01,2023-07-27 05:00:00+00:00,0.0,0.0,0.121,0.184,16.5,63,686.7,4.2
LEH_IND_01,2023-07-27 06:00:00+00:00,0.0,0.0,0.117,0.184,18.1,54,686.7,6.3
LEH_IND_01,2023-07-27 07:00:00+00:00,0.0,0.0,0.113,0.184,20.0,45,686.8,9.0
LEH_IND_01,2023-07-27 08:00:00+00:00,0.0,0.0,0.109,0.184,19.8,44,685.8,9.7
LEH_IND_01,2023-07-27 09:00:00+00:00,0.0,0.0,0.104,0.184,20.4,44,685.5,7.7
LEH_IND_01,2023-07-27 10:00:00+00:00,0.0,0.0,0.099,0.184,21.3,40,685.2,9.0
LEH_IND_01,2023-07-27 11:00:00+00:00,0.0,0.0,0.096,0.184,20.6,44,684.6,7.1
LEH_IND_01,2023-07-27 12:00:00+00:00,0.0,0.0,0.095,0.183,20.2,40,684.7,10.0
LEH_IND_01,2023-07-27 13:00:00+00:00,0.0,0.0,0.093,0.183,19.0,47,684.3,7.1
LEH_IND_01,2023-07-27 14:00:00+00:00,0.0,0.0,0.093,0.183,17.6,67,683.8,2.5
LEH_IND_01,2023-07-27 15:00:00+00:00,0.0,0.0,0.093,0.183,16.3,67,683.7,5.6
LEH_IND_01,2023-07-27 16:00:00+00:00,0.0,0.0,0.093,0.183,15.8,58,684.6,0.8
LEH_IND_01,2023-07-27 17:00:00+00:00,0.0,0.0,0.093,0.183,14.4,77,684.0,3.3
LEH_IND_01,2023-07-27 18:00:00+00:00,0.0,0.0,0.093,0.183,13.6,76,684.0,4.6
LEH_IND_01,2023-07-27 19:00:00+00:00,0.0,0.0,0.093,0.183,12.7,76,683.9,4.6
LEH_IND_01,2023-07-27 20:00:00+00:00,0.2,0.2,0.095,0.183,11.6,82,683.1,3.8
LEH_IND_01,2023-07-27 21:00:00+00:00,0.5,0.5,0.101,0.182,11.5,80,682.7,2.5
LEH_IND_01,2023-07-27 22:00:00+00:00,0.1,0.1,0.102,0.182,11.6,77,682.3,0.8
LEH_IND_01,2023-07-27 23:00:00+00:00,0.0,0.0,0.102,0.182,11.4,77,682.0,1.8
LEH_IND_01,2023-07-28 00:00:00+00:00,0.0,0.0,0.094,0.183,11.1,83,681.8,1.1
LEH_IND_01,2023-07-28 01:00:00+00:00,0.0,0.0,0.095,0.183,11.7,73,682.4,5.0
LEH_IND_01,2023-07-28 02:00:00+00:00,0.0,0.0,0.095,0.183,12.2,67,682.6,1.1
LEH_IND_01,2023-07-28 03:00:00+00:00,0.0,0.0,0.095,0.183,12.7,65,683.0,1.6
LEH_IND_01,2023-07-28 04:00:00+00:00,0.0,0.0,0.094,0.183,13.9,59,683.3,1.1
LEH_IND_01,2023-07-28 05:00:00+00:00,0.0,0.0,0.092,0.183,15.8,52,683.9,2.3
LEH_IND_01,2023-07-28 06:00:00+00:00,0.0,0.0,0.089,0.183,17.5,48,684.0,4.1
LEH_IND_01,2023-07-28 07:00:00+00:00,0.0,0.0,0.085,0.183,18.6,46,683.6,4.2
LEH_IND_01,2023-07-28 08:00:00+00:00,0.0,0.0,0.081,0.182,19.2,46,683.0,7.2
LEH_IND_01,2023-07-28 09:00:00+00:00,0.0,0.0,0.079,0.182,18.0,54,681.9,2.6
LEH_IND_01,2023-07-28 10:00:00+00:00,0.6,0.6,0.083,0.182,20.0,46,682.1,9.8
LEH_IND_01,2023-07-28 11:00:00+00:00,0.0,0.0,0.081,0.182,18.3,56,681.0,4.7
LEH_IND_01,2023-07-28 12:00:00+00:00,0.2,0.2,0.075,0.182,17.6,54,681.5,12.7
LEH_IND_01,2023-07-28 13:00:00+00:00,0.0,0.0,0.074,0.182,15.0,62,680.9,7.9
LEH_IND_01,2023-07-28 14:00:00+00:00,0.0,0.0,0.073,0.182,13.3,73,680.8,8.0
LEH_IND_01,2023-07-28 15:00:00+00:00,0.0,0.0,0.074,0.182,12.6,78,681.3,2.9
LEH_IND_01,2023-07-28 16:00:00+00:00,0.0,0.0,0.074,0.182,12.2,77,681.5,3.8
LEH_IND_01,2023-07-28 17:00:00+00:00,0.0,0.0,0.074,0.182,11.7,76,681.6,3.5
LEH_IND_01,2023-07-28 18:00:00+00:00,0.2,0.2,0.077,0.182,11.3,76,681.4,4.0
LEH_IND_01,2023-07-28 19:00:00+00:00,0.2,0.2,0.079,0.182,11.3,75,681.1,5.9
LEH_IND_01,2023-07-28 20:00:00+00:00,0.2,0.2,0.081,0.182,11.5,73,680.8,4.2
LEH_IND_01,2023-07-28 21:00:00+00:00,0.1,0.1,0.082,0.182,11.1,75,680.1,4.5
LEH_IND_01,2023-07-28 22:00:00+00:00,0.0,0.0,0.082,0.182,11.1,73,679.9,5.1
LEH_IND_01,2023-07-28 23:00:00+00:00,0.0,0.0,0.082,0.182,10.8,72,679.5,4.7
LEH_IND_01,2023-07-29 00:00:00+00:00,0.0,0.0,0.105,0.182,10.1,75,680.0,5.4
LEH_IND_01,2023-07-29 01:00:00+00:00,0.0,0.0,0.106,0.182,10.7,67,680.7,5.9
LEH_IND_01,2023-07-29 02:00:00+00:00,0.1,0.1,0.106,0.182,11.3,62,681.0,2.2
LEH_IND_01,2023-07-29 03:00:00+00:00,0.1,0.1,0.106,0.182,11.8,60,681.5,1.8
LEH_IND_01,2023-07-29 04:00:00+00:00,0.0,0.0,0.105,0.182,12.9,57,681.9,2.2
LEH_IND_01,2023-07-29 05:00:00+00:00,0.0,0.0,0.104,0.182,14.3,54,682.3,1.8
LEH_IND_01,2023-07-29 06:00:00+00:00,0.0,0.0,0.101,0.182,15.8,50,682.7,6.2
LEH_IND_01,2023-07-29 07:00:00+00:00,0.1,0.1,0.101,0.182,16.0,50,682.4,7.1
LEH_IND_01,2023-07-29 08:00:00+00:00,0.2,0.2,0.101,0.182,16.3,48,682.2,4.9
LEH_IND_01,2023-07-29 09:00:00+00:00,0.0,0.0,0.098,0.182,17.8,45,682.5,6.0
LEH_IND_01,2023-07-29 10:00:00+00:00,0.1,0.1,0.097,0.182,16.3,52,681.8,10.8
LEH_IND_01,2023-07-29 11:00:00+00:00,0.1,0.1,0.097,0.182,15.7,52,681.0,3.7
LEH_IND_01,2023-07-29 12:00:00+00:00,0.0,0.0,0.1,0.181,15.1,52,681.4,3.5
LEH_IND_01,2023-07-29 13:00:00+00:00,0.0,0.0,0.1,0.181,14.2,53,681.1,3.3
LEH_IND_01,2023-07-29 14:00:00+00:00,0.0,0.0,0.099,0.181,12.6,72,680.8,2.7
LEH_IND_01,2023-07-29 15:00:00+00:00,0.0,0.0,0.099,0.181,11.6,69,681.3,2.1
LEH_IND_01,2023-07-29 16:00:00+00:00,0.0,0.0,0.1,0.181,10.6,73,681.6,2.3
LEH_IND_01,2023-07-29 17:00:00+00:00,0.0,0.0,0.1,0.181,9.8,78,681.5,2.6
LEH_IND_01,2023-07-29 18:00:00+00:00,0.0,0.0,0.1,0.181,9.4,82,681.5,3.2
LEH_IND_01,2023-07-29 19:00:00+00:00,0.0,0.0,0.101,0.181,9.6,75,681.7,4.6
LEH_IND_01,2023-07-29 20:00:00+00:00,0.0,0.0,0.101,0.181,9.3,73,681.4,4.7
LEH_IND_01,2023-07-29 21:00:00+00:00,0.0,0.0,0.101,0.181,8.6,77,680.7,6.1
LEH_IND_01,2023-07-29 22:00:00+00:00,0.0,0.0,0.101,0.181,8.3,76,680.3,6.9
LEH_IND_01,2023-07-29 23:00:00+00:00,0.0,0.0,0.101,0.181,7.1,80,679.4,7.4
LEH_IND_01,2023-07-30 00:00:00+00:00,0.0,0.0,0.102,0.182,7.6,83,680.5,4.1
LEH_IND_01,2023-07-30 01:00:00+00:00,0.0,0.0,0.102,0.182,8.4,75,681.4,7.2
LEH_IND_01,2023-07-30 02:00:00+00:00,0.0,0.0,0.102,0.182,10.1,66,682.7,3.3
LEH_IND_01,2023-07-30 03:00:00+00:00,0.0,0.0,0.101,0.182,10.8,67,683.0,4.6
LEH_IND_01,2023-07-30 04:00:00+00:00,0.0,0.0,0.099,0.182,12.3,60,683.6,2.9
LEH_IND_01,2023-07-30 05:00:00+00:00,0.0,0.0,0.097,0.182,14.3,48,684.1,3.7
LEH_IND_01,2023-07-30 06:00:00+00:00,0.0,0.0,0.093,0.182,15.8,41,684.2,5.1
LEH_IND_01,2023-07-30 07:00:00+00:00,0.0,0.0,0.089,0.182,17.2,39,684.2,5.1
LEH_IND_01,2023-07-30 08:00:00+00:00,0.0,0.0,0.085,0.182,17.9,37,683.8,5.1
LEH_IND_01,2023-07-30 09:00:00+00:00,0.0,0.0,0.081,0.182,18.7,35,683.5,5.0
LEH_IND_01,2023-07-30 10:00:00+00:00,0.0,0.0,0.077,0.181,19.1,32,683.0,5.4
LEH_IND_01,2023-07-30 11:00:00+00:00,0.0,0.0,0.074,0.181,19.0,31,682.5,4.0
LEH_IND_01,2023-07-30 12:00:00+00:00,0.0,0.0,0.071,0.181,18.9,28,682.3,4.0
LEH_IND_01,2023-07-30 13:00:00+00:00,0.0,0.0,0.07,0.181,18.1,32,682.0,5.1
LEH_IND_01,2023-07-30 14:00:00+00:00,0.0,0.0,0.07,0.181,16.2,57,680.8,4.8
LEH_IND_01,2023-07-30 15:00:00+00:00,0.0,0.0,0.07,0.181,15.2,59,680.7,6.0
LEH_IND_01,2023-07-30 16:00:00+00:00,0.0,0.0,0.07,0.181,15.1,53,681.4,4.9
LEH_IND_01,2023-07-30 17:00:00+00:00,0.0,0.0,0.07,0.181,15.4,44,682.2,1.9
LEH_IND_01,2023-07-30 18:00:00+00:00,0.0,0.0,0.07,0.181,11.7,68,679.2,6.7
LEH_IND_01,2023-07-30 19:00:00+00:00,0.0,0.0,0.07,0.181,10.8,65,678.5,8.4
LEH_IND_01,2023-07-30 20:00:00+00:00,0.0,0.0,0.07,0.181,10.1,64,677.7,8.9
LEH_IND_01,2023-07-30 21:00:00+00:00,0.0,0.0,0.07,0.181,9.3,66,677.1,7.2
LEH_IND_01,2023-07-30 22:00:00+00:00,0.0,0.0,0.07,0.181,10.6,56,678.7,5.6
LEH_IND_01,2023-07-30 23:00:00+00:00,0.0,0.0,0.07,0.181,12.5,44,680.9,4.3
LEH_IND_01,2023-07-31 00:00:00+00:00,0.0,0.0,0.072,0.181,12.9,46,681.2,3.3
LEH_IND_01,2023-07-31 01:00:00+00:00,0.0,0.0,0.072,0.181,12.5,48,681.2,3.5
LEH_IND_01,2023-07-31 02:00:00+00:00,0.0,0.0,0.072,0.181,14.0,46,682.8,2.9
LEH_IND_01,2023-07-31 03:00:00+00:00,0.0,0.0,0.071,0.181,15.3,45,683.5,4.4
LEH_IND_01,2023-07-31 04:00:00+00:00,0.0,0.0,0.069,0.181,16.8,42,684.0,4.6
LEH_IND_01,2023-07-31 05:00:00+00:00,0.0,0.0,0.066,0.181,18.6,33,684.6,5.6
LEH_IND_01,2023-07-31 06:00:00+00:00,0.0,0.0,0.063,0.181,19.7,31,684.7,7.2
LEH_IND_01,2023-07-31 07:00:00+00:00,0.0,0.0,0.06,0.181,20.7,30,684.8,7.7
LEH_IND_01,2023-07-31 08:00:00+00:00,0.0,0.0,0.056,0.181,21.4,29,684.4,9.7
LEH_IND_01,2023-07-31 09:00:00+00:00,0.0,0.0,0.053,0.181,22.0,28,684.2,9.0
LEH_IND_01,2023-07-31 10:00:00+00:00,0.0,0.0,0.051,0.18,22.1,27,683.7,8.0
LEH_IND_01,2023-07-31 11:00:00+00:00,0.0,0.0,0.049,0.18,21.6,28,683.5,9.4
LEH_IND_01,2023-07-31 12:00:00+00:00,0.0,0.0,0.047,0.179,20.5,31,683.0,8.2
LEH_IND_01,2023-07-31 13:00:00+00:00,0.0,0.0,0.046,0.179,19.2,36,682.6,8.3
LEH_IND_01,2023-07-31 14:00:00+00:00,0.0,0.0,0.046,0.179,17.8,51,681.9,6.5
LEH_IND_01,2023-07-31 15:00:00+00:00,0.0,0.0,0.046,0.179,16.5,62,681.7,5.0
LEH_IND_01,2023-07-31 16:00:00+00:00,0.0,0.0,0.046,0.179,15.6,63,681.8,5.7
LEH_IND_01,2023-07-31 17:00:00+00:00,0.0,0.0,0.046,0.179,15.1,60,681.6,5.2
LEH_IND_01,2023-07-31 18:00:00+00:00,0.0,0.0,0.046,0.179,16.3,49,683.0,3.5
LEH_IND_01,2023-07-31 19:00:00+00:00,0.0,0.0,0.046,0.179,15.7,51,682.5,1.3
LEH_IND_01,2023-07-31 20:00:00+00:00,0.0,0.0,0.046,0.179,14.7,54,681.6,4.0
LEH_IND_01,2023-07-31 21:00:00+00:00,0.0,0.0,0.046,0.179,13.4,57,680.6,4.6
LEH_IND_01,2023-07-31 22:00:00+00:00,0.0,0.0,0.047,0.179,13.6,53,680.9,2.6
LEH_IND_01,2023-07-31 23:00:00+00:00,0.0,0.0,0.047,0.179,13.2,51,680.9,3.6
LEH_IND_01,2023-08-01 00:00:00+00:00,0.0,0.0,0.047,0.179,13.2,48,681.1,4.0
LEH_IND_01,2023-08-01 01:00:00+00:00,0.0,0.0,0.047,0.179,12.7,54,681.1,3.6
LEH_IND_01,2023-08-01 02:00:00+00:00,0.0,0.0,0.047,0.179,14.9,47,683.2,4.2
LEH_IND_01,2023-08-01 03:00:00+00:00,0.0,0.0,0.046,0.179,16.3,46,684.0,5.5
LEH_IND_01,2023-08-01 04:00:00+00:00,0.0,0.0,0.045,0.179,17.9,43,684.7,6.2
LEH_IND_01,2023-08-01 05:00:00+00:00,0.0,0.0,0.044,0.179,19.6,37,685.0,6.6
LEH_IND_01,2023-08-01 06:00:00+00:00,0.0,0.0,0.042,0.179,20.9,33,685.1,7.1
LEH_IND_01,2023-08-01 07:00:00+00:00,0.0,0.0,0.04,0.179,21.8,30,684.9,7.1
LEH_IND_01,2023-08-01 08:00:00+00:00,0.0,0.0,0.037,0.179,22.4,29,684.7,9.8
LEH_IND_01,2023-08-01 09:00:00+00:00,0.0,0.0,0.036,0.179,22.7,28,684.4,9.2
LEH_IND_01,2023-08-01 10:00:00+00:00,0.0,0.0,0.034,0.179,22.7,27,684.0,8.1
LEH_IND_01,2023-08-01 11:00:00+00:00,0.0,0.0,0.033,0.179,22.7,25,683.8,7.8
LEH_IND_01,2023-08-01 12:00:00+00:00,0.0,0.0,0.031,0.178,22.3,23,683.6,9.4
LEH_IND_01,2023-08-01 13:00:00+00:00,0.0,0.0,0.031,0.178,21.0,32,683.1,9.8
LEH_IND_01,2023-08-01 14:00:00+00:00,0.0,0.0,0.031,0.178,19.6,40,682.6,8.0
LEH_IND_01,2023-08-01 15:00:00+00:00,0.0,0.0,0.03,0.178,18.5,44,682.4,8.0
LEH_IND_01,2023-08-01 16:00:00+00:00,0.0,0.0,0.031,0.178,16.7,57,681.7,4.9
LEH_IND_01,2023-08-01 17:00:00+00:00,0.0,0.0,0.031,0.178,16.3,55,681.8,4.2
LEH_IND_01,2023-08-01 18:00:00+00:00,0.0,0.0,0.031,0.177,16.5,51,682.3,4.2
LEH_IND_01,2023-08-01 19:00:00+00:00,0.0,0.0,0.031,0.177,16.7,48,682.8,2.4
LEH_IND_01,2023-08-01 20:00:00+00:00,0.0,0.0,0.031,0.177,16.2,49,682.5,2.3
LEH_IND_01,2023-08-01 21:00:00+00:00,0.0,0.0,0.031,0.177,15.7,51,681.8,2.3
LEH_IND_01,2023-08-01 22:00:00+00:00,0.0,0.0,0.031,0.177,15.1,52,681.7,1.5
LEH_IND_01,2023-08-01 23:00:00+00:00,0.0,0.0,0.031,0.177,14.7,54,681.6,1.0
LEH_IND_01,2023-08-02 00:00:00+00:00,0.0,0.0,0.03,0.176,14.9,46,681.7,2.5
LEH_IND_01,2023-08-02 01:00:00+00:00,0.0,0.0,0.03,0.176,14.7,48,682.1,2.5
LEH_IND_01,2023-08-02 02:00:00+00:00,0.0,0.0,0.03,0.176,16.0,47,683.7,5.0
LEH_IND_01,2023-08-02 03:00:00+00:00,0.0,0.0,0.029,0.176,17.1,46,684.5,5.1
LEH_IND_01,2023-08-02 04:00:00+00:00,0.0,0.0,0.029,0.176,18.5,42,685.0,5.1
LEH_IND_01,2023-08-02 05:00:00+00:00,0.0,0.0,0.028,0.176,20.2,34,685.5,4.7
LEH_IND_01,2023-08-02 06:00:00+00:00,0.0,0.0,0.028,0.176,21.4,31,685.6,6.4
LEH_IND_01,2023-08-02 07:00:00+00:00,0.0,0.0,0.027,0.176,22.4,29,685.2,7.8
LEH_IND_01,2023-08-02 08:00:00+00:00,0.0,0.0,0.026,0.176,22.5,29,684.9,7.6
LEH_IND_01,2023-08-02 09:00:00+00:00,0.0,0.0,0.025,0.176,22.9,28,684.5,7.9
LEH_IND_01,2023-08-02 10:00:00+00:00,0.0,0.0,0.025,0.176,23.2,26,684.2,8.6
LEH_IND_01,2023-08-02 11:00:00+00:00,0.0,0.0,0.025,0.176,22.6,28,683.9,9.8
LEH_IND_01,2023-08-02 12:00:00+00:00,0.0,0.0,0.024,0.176,23.0,24,683.5,8.9
LEH_IND_01,2023-08-02 13:00:00+00:00,0.0,0.0,0.024,0.175,21.6,32,683.2,12.2
LEH_IND_01,2023-08-02 14:00:00+00:00,0.0,0.0,0.024,0.175,19.9,40,682.9,10.8
LEH_IND_01,2023-08-02 15:00:00+00:00,0.0,0.0,0.024,0.175,18.9,46,683.3,7.3
LEH_IND_01,2023-08-02 16:00:00+00:00,0.0,0.0,0.024,0.175,18.0,50,683.2,5.9
LEH_IND_01,2023-08-02 17:00:00+00:00,0.0,0.0,0.024,0.175,17.0,55,682.7,4.5
LEH_IND_01,2023-08-02 18:00:00+00:00,0.0,0.0,0.025,0.175,17.4,48,683.6,1.9
LEH_IND_01,2023-08-02 19:00:00+00:00,0.0,0.0,0.025,0.175,14.4,62,681.5,5.1
LEH_IND_01,2023-08-02 20:00:00+00:00,0.0,0.0,0.025,0.175,13.7,63,681.1,6.1
LEH_IND_01,2023-08-02 21:00:00+00:00,0.0,0.0,0.025,0.175,13.2,66,681.0,5.1
LEH_IND_01,2023-08-02 22:00:00+00:00,0.0,0.0,0.025,0.175,14.1,58,682.1,2.3
LEH_IND_01,2023-08-02 23:00:00+00:00,0.0,0.0,0.025,0.175,11.3,73,680.0,5.5
LEH_IND_01,2023-08-03 00:00:00+00:00,0.0,0.0,0.024,0.175,12.2,68,680.6,4.8
LEH_IND_01,2023-08-03 01:00:00+00:00,0.0,0.0,0.024,0.175,13.1,61,682.1,7.9
LEH_IND_01,2023-08-03 02:00:00+00:00,0.0,0.0,0.024,0.175,13.8,60,683.1,1.5
LEH_IND_01,2023-08-03 03:00:00+00:00,0.0,0.0,0.024,0.175,14.5,58,683.3,3.6
LEH_IND_01,2023-08-03 04:00:00+00:00,0.0,0.0,0.024,0.175,16.1,54,684.1,4.8
LEH_IND_01,2023-08-03 05:00:00+00:00,0.0,0.0,0.024,0.175,17.7,49,684.5,4.3
LEH_IND_01,2023-08-03 06:00:00+00:00,0.0,0.0,0.024,0.175,20.0,38,685.1,5.2
LEH_IND_01,2023-08-03 07:00:00+00:00,0.0,0.0,0.024,0.175,21.2,35,684.9,6.4
LEH_IND_01,2023-08-03 08:00:00+00:00,0.0,0.0,0.024,0.175,21.7,36,684.7,6.9
LEH_IND_01,2023-08-03 09:00:00+00:00,0.0,0.0,0.024,0.174,22.7,34,684.4,6.5
LEH_IND_01,2023-08-03 10:00:00+00:00,0.0,0.0,0.024,0.174,23.0,33,684.3,11.2
LEH_IND_01,2023-08-03 11:00:00+00:00,0.0,0.0,0.024,0.174,21.9,36,684.0,10.6
LEH_IND_01,2023-08-03 12:00:00+00:00,0.0,0.0,0.023,0.174,21.7,34,683.8,8.7
LEH_IND_01,2023-08-03 13:00:00+00:00,0.0,0.0,0.023,0.174,21.1,36,683.7,8.7
LEH_IND_01,2023-08-03 14:00:00+00:00,0.0,0.0,0.023,0.174,20.0,40,683.6,6.5
LEH_IND_01,2023-08-03 15:00:00+00:00,0.0,0.0,0.023,0.174,19.4,42,683.9,5.4
LEH_IND_01,2023-08-03 16:00:00+00:00,0.0,0.0,0.023,0.174,18.5,45,683.7,5.8
LEH_IND_01,2023-08-03 17:00:00+00:00,0.0,0.0,0.023,0.174,16.9,54,682.8,4.8
LEH_IND_01,2023-08-03 18:00:00+00:00,0.0,0.0,0.023,0.174,17.5,49,684.1,3.2
LEH_IND_01,2023-08-03 19:00:00+00:00,0.0,0.0,0.023,0.174,17.2,50,684.2,2.5
LEH_IND_01,2023-08-03 20:00:00+00:00,0.0,0.0,0.023,0.174,16.4,53,683.8,2.1
LEH_IND_01,2023-08-03 21:00:00+00:00,0.0,0.0,0.024,0.174,15.2,57,682.9,0.5
LEH_IND_01,2023-08-03 22:00:00+00:00,0.0,0.0,0.024,0.174,12.5,68,680.7,5.2
LEH_IND_01,2023-08-03 23:00:00+00:00,0.0,0.0,0.024,0.174,12.6,64,681.0,6.3
LEH_IND_01,2023-08-04 00:00:00+00:00,0.0,0.0,0.024,0.174,13.9,57,681.8,4.4
LEH_IND_01,2023-08-04 01:00:00+00:00,0.0,0.0,0.025,0.174,13.7,60,681.9,4.2
LEH_IND_01,2023-08-04 02:00:00+00:00,0.0,0.0,0.025,0.174,15.5,54,684.1,3.7
LEH_IND_01,2023-08-04 03:00:00+00:00,0.0,0.0,0.025,0.174,16.4,52,684.9,4.7
LEH_IND_01,2023-08-04 04:00:00+00:00,0.0,0.0,0.025,0.174,18.0,47,685.7,3.9
LEH_IND_01,2023-08-04 05:00:00+00:00,0.0,0.0,0.024,0.174,19.4,38,686.5,6.5
LEH_IND_01,2023-08-04 06:00:00+00:00,0.0,0.0,0.024,0.174,20.9,30,686.8,6.4
LEH_IND_01,2023-08-04 07:00:00+00:00,0.0,0.0,0.024,0.174,22.1,30,686.9,7.3
LEH_IND_01,2023-08-04 08:00:00+00:00,0.0,0.0,0.023,0.174,22.7,32,686.9,8.1
LEH_IND_01,2023-08-04 09:00:00+00:00,0.0,0.0,0.023,0.174,23.3,29,686.4,9.0
LEH_IND_01,2023-08-04 10:00:00+00:00,0.0,0.0,0.023,0.174,23.6,27,686.1,9.8
LEH_IND_01,2023-08-04 11:00:00+00:00,0.0,0.0,0.023,0.174,23.2,30,685.8,11.2
LEH_IND_01,2023-08-04 12:00:00+00:00,0.0,0.0,0.023,0.174,22.9,27,685.0,8.7
LEH_IND_01,2023-08-04 13:00:00+00:00,0.0,0.0,0.023,0.174,21.6,33,684.8,9.5
LEH_IND_01,2023-08-04 14:00:00+00:00,0.0,0.0,0.023,0.174,20.5,38,684.6,8.4
LEH_IND_01,2023-08-04 15:00:00+00:00,0.0,0.0,0.023,0.174,19.8,40,685.3,6.5
LEH_IND_01,2023-08-04 16:00:00+00:00,0.0,0.0,0.023,0.174,18.7,46,685.2,3.7
LEH_IND_01,2023-08-04 17:00:00+00:00,0.0,0.0,0.023,0.174,19.1,39,685.9,3.1
LEH_IND_01,2023-08-04 18:00:00+00:00,0.0,0.0,0.023,0.173,18.4,41,686.0,1.6
LEH_IND_01,2023-08-04 19:00:00+00:00,0.0,0.0,0.024,0.173,18.1,42,686.0,3.1
LEH_IND_01,2023-08-04 20:00:00+00:00,0.0,0.0,0.024,0.173,17.3,45,685.5,2.6
LEH_IND_01,2023-08-04 21:00:00+00:00,0.0,0.0,0.024,0.173,13.6,59,682.6,6.6
LEH_IND_01,2023-08-04 22:00:00+00:00,0.0,0.0,0.024,0.173,12.8,61,682.0,9.9
LEH_IND_01,2023-08-04 23:00:00+00:00,0.0,0.0,0.024,0.173,11.6,65,681.1,8.8
LEH_IND_01,2023-08-05 00:00:00+00:00,0.0,0.0,0.025,0.175,13.3,60,682.9,4.6
LEH_IND_01,2023-08-05 01:00:00+00:00,0.0,0.0,0.025,0.175,13.4,61,683.3,5.5
LEH_IND_01,2023-08-05 02:00:00+00:00,0.0,0.0,0.025,0.175,15.8,51,686.0,3.9
LEH_IND_01,2023-08-05 03:00:00+00:00,0.0,0.0,0.025,0.175,16.9,49,686.8,4.9
LEH_IND_01,2023-08-05 04:00:00+00:00,0.0,0.0,0.025,0.175,18.5,45,687.4,5.8
LEH_IND_01,2023-08-05 05:00:00+00:00,0.0,0.0,0.024,0.175,20.0,39,687.6,5.7
LEH_IND_01,2023-08-05 06:00:00+00:00,0.0,0.0,0.024,0.175,21.5,31,687.8,5.2
LEH_IND_01,2023-08-05 07:00:00+00:00,0.0,0.0,0.024,0.175,22.3,31,687.6,5.6
LEH_IND_01,2023-08-05 08:00:00+00:00,0.0,0.0,0.023,0.175,23.1,32,687.1,7.3
LEH_IND_01,2023-08-05 09:00:00+00:00,0.0,0.0,0.023,0.175,23.9,29,686.5,6.5
LEH_IND_01,2023-08-05 10:00:00+00:00,0.0,0.0,0.023,0.175,24.6,28,686.2,8.9
LEH_IND_01,2023-08-05 11:00:00+00:00,0.5,0.5,0.029,0.175,22.7,34,685.4,10.9
LEH_IND_01,2023-08-05 12:00:00+00:00,0.0,0.0,0.033,0.179,21.4,40,685.4,7.8
LEH_IND_01,2023-08-05 13:00:00+00:00,0.0,0.0,0.032,0.179,20.9,41,685.3,6.9
LEH_IND_01,2023-08-05 14:00:00+00:00,0.0,0.0,0.032,0.179,19.8,44,685.1,5.5
LEH_IND_01,2023-08-05 15:00:00+00:00,0.0,0.0,0.032,0.179,19.2,47,685.5,6.1
LEH_IND_01,2023-08-05 16:00:00+00:00,0.0,0.0,0.032,0.179,17.8,52,685.5,4.6
LEH_IND_01,2023-08-05 17:00:00+00:00,0.0,0.0,0.032,0.179,17.1,56,685.3,5.6
LEH_IND_01,2023-08-05 18:00:00+00:00,0.0,0.0,0.032,0.179,16.2,63,685.1,3.8
LEH_IND_01,2023-08-05 19:00:00+00:00,0.0,0.0,0.032,0.179,15.9,61,684.9,4.4
LEH_IND_01,2023-08-05 20:00:00+00:00,0.0,0.0,0.032,0.179,15.0,64,684.2,4.5
LEH_IND_01,2023-08-05 21:00:00+00:00,0.0,0.0,0.032,0.179,14.0,68,683.6,4.5
LEH_IND_01,2023-08-05 22:00:00+00:00,0.0,0.0,0.032,0.179,13.1,71,683.2,4.0
LEH_IND_01,2023-08-05 23:00:00+00:00,0.0,0.0,0.032,0.179,12.5,74,683.1,2.5
LEH_IND_01,2023-08-06 00:00:00+00:00,0.0,0.0,0.035,0.18,12.3,82,683.0,3.1
LEH_IND_01,2023-08-06 01:00:00+00:00,0.0,0.0,0.036,0.18,12.2,83,683.4,5.0
LEH_IND_01,2023-08-06 02:00:00+00:00,0.0,0.0,0.036,0.18,12.8,78,683.6,4.4
LEH_IND_01,2023-08-06 03:00:00+00:00,0.0,0.0,0.036,0.18,13.7,72,684.0,5.4
LEH_IND_01,2023-08-06 04:00:00+00:00,0.0,0.0,0.036,0.18,15.2,62,684.4,4.0
LEH_IND_01,2023-08-06 05:00:00+00:00,0.0,0.0,0.035,0.18,17.0,51,684.5,2.2
LEH_IND_01,2023-08-06 06:00:00+00:00,0.0,0.0,0.034,0.18,19.0,45,684.5,1.9
LEH_IND_01,2023-08-06 07:00:00+00:00,0.0,0.0,0.032,0.18,20.5,40,684.1,3.6
LEH_IND_01,2023-08-06 08:00:00+00:00,0.0,0.0,0.031,0.18,20.7,39,683.1,5.5
LEH_IND_01,2023-08-06 09:00:00+00:00,0.1,0.1,0.031,0.179,21.9,37,682.8,4.3
LEH_IND_01,2023-08-06 10:00:00+00:00,0.8,0.8,0.04,0.179,20.9,42,682.2,9.7
LEH_IND_01,2023-08-06 11:00:00+00:00,0.0,0.0,0.039,0.179,21.1,39,681.8,7.6
LEH_IND_01,2023-08-06 12:00:00+00:00,0.0,0.0,0.033,0.179,20.6,39,681.7,7.3
LEH_IND_01,2023-08-06 13:00:00+00:00,0.0,0.0,0.033,0.179,19.0,45,681.4,8.5
LEH_IND_01,2023-08-06 14:00:00+00:00,0.0,0.0,0.033,0.179,17.8,51,681.2,5.2
LEH_IND_01,2023-08-06 15:00:00+00:00,0.0,0.0,0.033,0.179,16.1,58,681.2,6.2
LEH_IND_01,2023-08-06 16:00:00+00:00,0.0,0.0,0.032,0.179,15.3,60,681.5,4.6
LEH_IND_01,2023-08-06 17:00:00+00:00,0.0,0.0,0.032,0.179,14.4,62,681.4,3.9
LEH_IND_01,2023-08-06 18:00:00+00:00,0.0,0.0,0.033,0.179,14.0,62,681.3,3.1
LEH_IND_01,2023-08-06 19:00:00+00:00,0.3,0.3,0.036,0.179,12.6,71,680.9,2.5
LEH_IND_01,2023-08-06 20:00:00+00:00,0.0,0.0,0.036,0.179,12.1,72,680.2,1.6
LEH_IND_01,2023-08-06 21:00:00+00:00,0.0,0.0,0.037,0.179,11.5,74,679.7,4.0
LEH_IND_01,2023-08-06 22:00:00+00:00,0.0,0.0,0.037,0.179,11.2,71,679.3,4.7
LEH_IND_01,2023-08-06 23:00:00+00:00,0.0,0.0,0.037,0.179,10.8,72,678.6,5.1
LEH_IND_01,2023-08-07 00:00:00+00:00,0.0,0.0,0.035,0.18,10.3,80,677.3,4.6
LEH_IND_01,2023-08-07 01:00:00+00:00,0.0,0.0,0.035,0.18,12.0,64,679.0,7.5
LEH_IND_01,2023-08-07 02:00:00+00:00,0.0,0.0,0.035,0.18,12.9,58,679.9,3.0
LEH_IND_01,2023-08-07 03:00:00+00:00,0.0,0.0,0.035,0.18,13.4,54,680.5,4.4
LEH_IND_01,2023-08-07 04:00:00+00:00,0.0,0.0,0.034,0.18,14.6,49,681.3,2.2
LEH_IND_01,2023-08-07 05:00:00+00:00,0.0,0.0,0.033,0.18,16.5,43,681.7,2.6
LEH_IND_01,2023-08-07 06:00:00+00:00,0.0,0.0,0.032,0.18,18.0,40,681.9,3.1
LEH_IND_01,2023-08-07 07:00:00+00:00,0.0,0.0,0.031,0.18,19.3,35,681.6,2.1
LEH_IND_01,2023-08-07 08:00:00+00:00,0.0,0.0,0.03,0.18,20.3,32,681.3,3.3
LEH_IND_01,2023-08-07 09:00:00+00:00,0.0,0.0,0.029,0.18,21.0,31,681.0,3.6
LEH_IND_01,2023-08-07 10:00:00+00:00,0.0,0.0,0.028,0.18,21.0,30,680.6,3.9
LEH_IND_01,2023-08-07 11:00:00+00:00,0.0,0.0,0.027,0.18,20.3,32,680.4,6.0
LEH_IND_01,2023-08-07 12:00:00+00:00,0.0,0.0,0.028,0.18,19.2,37,680.1,8.6
LEH_IND_01,2023-08-07 13:00:00+00:00,0.0,0.0,0.028,0.18,17.9,44,679.9,11.0
LEH_IND_01,2023-08-07 14:00:00+00:00,0.0,0.0,0.028,0.18,16.5,50,679.7,6.3
LEH_IND_01,2023-08-07 15:00:00+00:00,0.0,0.0,0.028,0.18,16.3,51,680.3,2.5
LEH_IND_01,2023-08-07 16:00:00+00:00,0.0,0.0,0.028,0.18,15.7,56,680.7,3.6
LEH_IND_01,2023-08-07 17:00:00+00:00,0.0,0.0,0.028,0.18,14.6,58,680.5,5.3
LEH_IND_01,2023-08-07 18:00:00+00:00,0.0,0.0,0.028,0.179,13.8,60,680.0,5.5
LEH_IND_01,2023-08-07 19:00:00+00:00,0.0,0.0,0.028,0.179,13.1,63,679.4,4.4
LEH_IND_01,2023-08-07 20:00:00+00:00,0.0,0.0,0.028,0.179,12.6,60,678.8,4.7
LEH_IND_01,2023-08-07 21:00:00+00:00,0.0,0.0,0.028,0.179,13.9,46,680.1,3.5
LEH_IND_01,2023-08-07 22:00:00+00:00,0.0,0.0,0.029,0.179,13.3,48,679.7,3.8
LEH_IND_01,2023-08-07 23:00:00+00:00,0.0,0.0,0.029,0.179,12.0,55,678.7,4.8
LEH_IND_01,2023-08-08 00:00:00+00:00,0.0,0.0,0.031,0.18,14.0,45,680.1,3.7
LEH_IND_01,2023-08-08 01:00:00+00:00,0.0,0.0,0.031,0.18,13.0,55,679.3,5.2
LEH_IND_01,2023-08-08 02:00:00+00:00,0.0,0.0,0.031,0.18,14.7,41,681.1,3.1
LEH_IND_01,2023-08-08 03:00:00+00:00,0.0,0.0,0.031,0.18,15.4,40,681.8,4.4
LEH_IND_01,2023-08-08 04:00:00+00:00,0.0,0.0,0.031,0.18,16.9,34,682.6,4.0
LEH_IND_01,2023-08-08 05:00:00+00:00,0.0,0.0,0.03,0.18,18.4,27,683.3,3.9
LEH_IND_01,2023-08-08 06:00:00+00:00,0.0,0.0,0.029,0.18,19.5,25,683.5,5.3
LEH_IND_01,2023-08-08 07:00:00+00:00,0.0,0.0,0.028,0.18,20.7,24,683.7,6.1
LEH_IND_01,2023-08-08 08:00:00+00:00,0.0,0.0,0.027,0.18,21.6,23,683.5,6.9
LEH_IND_01,2023-08-08 09:00:00+00:00,0.0,0.0,0.026,0.179,22.1,23,683.4,6.6
LEH_IND_01,2023-08-08 10:00:00+00:00,0.0,0.0,0.026,0.179,22.3,22,683.1,5.2
LEH_IND_01,2023-08-08 11:00:00+00:00,0.0,0.0,0.026,0.179,22.7,20,682.9,4.0
LEH_IND_01,2023-08-08 12:00:00+00:00,0.0,0.0,0.025,0.179,22.1,20,682.5,5.4
LEH_IND_01,2023-08-08 13:00:00+00:00,0.0,0.0,0.025,0.179,20.7,24,682.4,8.3
LEH_IND_01,2023-08-08 14:00:00+00:00,0.0,0.0,0.025,0.179,19.6,29,682.3,3.7
LEH_IND_01,2023-08-08 15:00:00+00:00,0.0,0.0,0.025,0.179,18.9,39,682.5,3.3
LEH_IND_01,2023-08-08 16:00:00+00:00,0.0,0.0,0.026,0.179,18.1,37,682.5,4.2
LEH_IND_01,2023-08-08 17:00:00+00:00,0.0,0.0,0.026,0.179,18.7,28,683.8,3.3
LEH_IND_01,2023-08-08 18:00:00+00:00,0.0,0.0,0.026,0.179,18.2,29,684.0,1.8
LEH_IND_01,2023-08-08 19:00:00+00:00,0.0,0.0,0.026,0.179,17.5,30,683.8,0.4
LEH_IND_01,2023-08-08 20:00:00+00:00,0.0,0.0,0.026,0.179,16.7,32,683.1,1.1
LEH_IND_01,2023-08-08 21:00:00+00:00,0.0,0.0,0.026,0.179,15.1,38,681.9,4.7
LEH_IND_01,2023-08-08 22:00:00+00:00,0.0,0.0,0.026,0.179,15.4,36,682.4,3.7
LEH_IND_01,2023-08-08 23:00:00+00:00,0.0,0.0,0.026,0.179,14.6,38,682.2,0.8
LEH_IND_01,2023-08-09 00:00:00+00:00,0.0,0.0,0.026,0.178,14.7,40,682.1,3.4
LEH_IND_01,2023-08-09 01:00:00+00:00,0.0,0.0,0.026,0.178,14.3,41,682.4,1.8
LEH_IND_01,2023-08-09 02:00:00+00:00,0.0,0.0,0.026,0.178,15.8,38,684.4,2.2
LEH_IND_01,2023-08-09 03:00:00+00:00,0.0,0.0,0.026,0.178,17.2,36,685.6,5.6
LEH_IND_01,2023-08-09 04:00:00+00:00,0.0,0.0,0.026,0.178,18.4,34,686.4,6.7
LEH_IND_01,2023-08-09 05:00:00+00:00,0.0,0.0,0.026,0.178,20.0,31,686.9,6.4
LEH_IND_01,2023-08-09 06:00:00+00:00,0.0,0.0,0.025,0.178,21.7,23,687.5,7.3
LEH_IND_01,2023-08-09 07:00:00+00:00,0.0,0.0,0.025,0.178,22.9,20,687.7,8.1
LEH_IND_01,2023-08-09 08:00:00+00:00,0.0,0.0,0.024,0.178,23.6,18,687.3,6.5
LEH_IND_01,2023-08-09 09:00:00+00:00,0.0,0.0,0.024,0.178,24.1,18,686.9,6.5
LEH_IND_01,2023-08-09 10:00:00+00:00,0.0,0.0,0.023,0.178,24.6,17,686.6,7.3
LEH_IND_01,2023-08-09 11:00:00+00:00,0.0,0.0,0.023,0.178,24.3,18,686.2,9.0
LEH_IND_01,2023-08-09 12:00:00+00:00,0.0,0.0,0.023,0.178,23.4,20,686.1,6.4
LEH_IND_01,2023-08-09 13:00:00+00:00,0.0,0.0,0.023,0.178,22.5,22,685.7,5.6
LEH_IND_01,2023-08-09 14:00:00+00:00,0.0,0.0,0.023,0.177,21.6,24,685.5,5.5
LEH_IND_01,2023-08-09 15:00:00+00:00,0.0,0.0,0.023,0.177,20.3,28,685.2,5.7
LEH_IND_01,2023-08-09 16:00:00+00:00,0.0,0.0,0.023,0.177,18.5,37,684.4,4.2
LEH_IND_01,2023-08-09 17:00:00+00:00,0.0,0.0,0.023,0.177,19.2,30,685.5,3.0
LEH_IND_01,2023-08-09 18:00:00+00:00,0.0,0.0,0.024,0.177,18.7,31,685.7,1.6
LEH_IND_01,2023-08-09 19:00:00+00:00,0.0,0.0,0.024,0.177,18.2,32,685.4,0.5
LEH_IND_01,2023-08-09 20:00:00+00:00,0.0,0.0,0.024,0.177,17.5,34,684.8,0.5
LEH_IND_01,2023-08-09 21:00:00+00:00,0.0,0.0,0.024,0.177,16.7,35,684.1,1.1
LEH_IND_01,2023-08-09 22:00:00+00:00,0.0,0.0,0.024,0.177,15.9,38,683.6,2.8
LEH_IND_01,2023-08-09 23:00:00+00:00,0.0,0.0,0.024,0.177,15.4,40,683.3,4.3
LEH_IND_01,2023-08-10 00:00:00+00:00,0.0,0.0,0.024,0.176,15.8,40,683.7,3.5
LEH_IND_01,2023-08-10 01:00:00+00:00,0.0,0.0,0.024,0.176,15.7,40,683.9,2.6
LEH_IND_01,2023-08-10 02:00:00+00:00,0.0,0.0,0.024,0.176,17.2,37,685.7,2.0
LEH_IND_01,2023-08-10 03:00:00+00:00,0.0,0.0,0.024,0.176,18.8,33,687.1,5.0
LEH_IND_01,2023-08-10 04:00:00+00:00,0.0,0.0,0.024,0.176,20.4,30,687.8,6.1
LEH_IND_01,2023-08-10 05:00:00+00:00,0.0,0.0,0.024,0.176,22.0,25,688.1,6.1
LEH_IND_01,2023-08-10 06:00:00+00:00,0.0,0.0,0.024,0.176,23.6,21,688.4,7.5
LEH_IND_01,2023-08-10 07:00:00+00:00,0.0,0.0,0.023,0.176,24.6,20,688.2,7.5
LEH_IND_01,2023-08-10 08:00:00+00:00,0.0,0.0,0.023,0.176,24.9,20,687.9,8.3
LEH_IND_01,2023-08-10 09:00:00+00:00,0.0,0.0,0.023,0.176,25.4,22,687.3,9.7
LEH_IND_01,2023-08-10 10:00:00+00:00,0.0,0.0,0.023,0.176,25.1,23,687.0,10.7
LEH_IND_01,2023-08-10 11:00:00+00:00,0.0,0.0,0.023,0.176,24.6,24,686.6,12.6
LEH_IND_01,2023-08-10 12:00:00+00:00,0.0,0.0,0.023,0.176,24.4,25,687.1,9.4
LEH_IND_01,2023-08-10 13:00:00+00:00,0.0,0.0,0.023,0.176,23.2,27,687.2,8.7
LEH_IND_01,2023-08-10 14:00:00+00:00,0.0,0.0,0.023,0.176,22.1,29,687.2,9.1
LEH_IND_01,2023-08-10 15:00:00+00:00,0.0,0.0,0.023,0.176,21.0,34,687.5,9.0
LEH_IND_01,2023-08-10 16:00:00+00:00,0.0,0.0,0.023,0.176,19.9,38,687.2,7.7
LEH_IND_01,2023-08-10 17:00:00+00:00,0.0,0.0,0.023,0.176,18.5,45,686.5,5.2
LEH_IND_01,2023-08-10 18:00:00+00:00,0.0,0.0,0.023,0.176,19.1,40,687.1,2.5
LEH_IND_01,2023-08-10 19:00:00+00:00,0.0,0.0,0.024,0.176,18.4,42,686.8,2.4
LEH_IND_01,2023-08-10 20:00:00+00:00,0.0,0.0,0.024,0.176,17.4,45,685.9,1.0
LEH_IND_01,2023-08-10 21:00:00+00:00,0.0,0.0,0.024,0.176,14.3,59,683.2,5.6
LEH_IND_01,2023-08-10 22:00:00+00:00,0.0,0.0,0.024,0.176,13.9,58,683.3,4.7
LEH_IND_01,2023-08-10 23:00:00+00:00,0.0,0.0,0.024,0.176,12.5,63,682.4,5.8
LEH_IND_01,2023-08-11 00:00:00+00:00,0.0,0.0,0.023,0.175,15.8,51,685.3,3.2
LEH_IND_01,2023-08-11 01:00:00+00:00,0.0,0.0,0.023,0.175,14.3,59,684.8,4.3
LEH_IND_01,2023-08-11 02:00:00+00:00,0.0,0.0,0.023,0.174,16.2,49,686.6,2.5
LEH_IND_01,2023-08-11 03:00:00+00:00,0.0,0.0,0.023,0.174,17.3,46,687.4,3.1
LEH_IND_01,2023-08-11 04:00:00+00:00,0.0,0.0,0.023,0.174,18.6,41,688.1,3.3
LEH_IND_01,2023-08-11 05:00:00+00:00,0.0,0.0,0.023,0.174,20.4,36,688.4,4.6
LEH_IND_01,2023-08-11 06:00:00+00:00,0.0,0.0,0.023,0.174,22.0,33,688.6,6.8
LEH_IND_01,2023-08-11 07:00:00+00:00,0.0,0.0,0.023,0.174,22.5,32,688.3,6.9
LEH_IND_01,2023-08-11 08:00:00+00:00,0.0,0.0,0.023,0.174,23.5,29,687.9,7.6
LEH_IND_01,2023-08-11 09:00:00+00:00,0.0,0.0,0.023,0.174,24.4,26,687.4,10.1
LEH_IND_01,2023-08-11 10:00:00+00:00,0.0,0.0,0.023,0.174,24.1,25,686.8,9.4
LEH_IND_01,2023-08-11 11:00:00+00:00,0.0,0.0,0.023,0.174,24.1,24,686.3,9.4
LEH_IND_01,2023-08-11 12:00:00+00:00,0.0,0.0,0.022,0.173,22.8,26,686.6,7.2
LEH_IND_01,2023-08-11 13:00:00+00:00,0.0,0.0,0.022,0.173,21.9,29,686.3,5.2
LEH_IND_01,2023-08-11 14:00:00+00:00,0.0,0.0,0.022,0.173,20.8,33,686.2,3.1
LEH_IND_01,2023-08-11 15:00:00+00:00,0.0,0.0,0.022,0.173,20.1,36,686.4,2.6
LEH_IND_01,2023-08-11 16:00:00+00:00,0.0,0.0,0.022,0.173,19.0,39,686.0,4.0
LEH_IND_01,2023-08-11 17:00:00+00:00,0.0,0.0,0.022,0.173,18.8,37,686.0,3.4
LEH_IND_01,2023-08-11 18:00:00+00:00,0.0,0.0,0.022,0.173,18.8,36,686.3,2.6
LEH_IND_01,2023-08-11 19:00:00+00:00,0.0,0.0,0.023,0.173,18.2,38,685.8,0.7
LEH_IND_01,2023-08-11 20:00:00+00:00,0.0,0.0,0.023,0.173,17.6,39,685.3,3.1
LEH_IND_01,2023-08-11 21:00:00+00:00,0.0,0.0,0.023,0.173,17.0,40,684.7,3.8
LEH_IND_01,2023-08-11 22:00:00+00:00,0.0,0.0,0.023,0.173,16.4,42,684.3,0.8
LEH_IND_01,2023-08-11 23:00:00+00:00,0.0,0.0,0.023,0.173,15.6,44,683.8,1.5
LEH_IND_01,2023-08-12 00:00:00+00:00,0.0,0.0,0.023,0.173,15.8,43,684.1,3.0
LEH_IND_01,2023-08-12 01:00:00+00:00,0.0,0.0,0.023,0.173,15.7,43,684.3,2.5
LEH_IND_01,2023-08-12 02:00:00+00:00,0.0,0.0,0.023,0.173,16.5,42,685.1,2.8
LEH_IND_01,2023-08-12 03:00:00+00:00,0.0,0.0,0.024,0.173,17.8,39,686.3,2.6
LEH_IND_01,2023-08-12 04:00:00+00:00,0.0,0.0,0.023,0.173,19.2,32,687.0,3.1
LEH_IND_01,2023-08-12 05:00:00+00:00,0.0,0.0,0.023,0.173,20.9,27,687.5,4.9
LEH_IND_01,2023-08-12 06:00:00+00:00,0.0,0.0,0.023,0.173,22.3,24,687.5,5.9
LEH_IND_01,2023-08-12 07:00:00+00:00,0.0,0.0,0.023,0.173,23.3,23,687.4,6.9
LEH_IND_01,2023-08-12 08:00:00+00:00,0.0,0.0,0.023,0.173,23.6,23,686.7,6.5
LEH_IND_01,2023-08-12 09:00:00+00:00,0.0,0.0,0.023,0.173,24.3,22,686.2,5.9
LEH_IND_01,2023-08-12 10:00:00+00:00,0.0,0.0,0.022,0.173,24.4,22,685.6,8.7
LEH_IND_01,2023-08-12 11:00:00+00:00,0.0,0.0,0.022,0.173,24.6,21,685.0,10.5
LEH_IND_01,2023-08-12 12:00:00+00:00,0.0,0.0,0.023,0.174,24.5,20,684.8,8.6
LEH_IND_01,2023-08-12 13:00:00+00:00,0.0,0.0,0.023,0.174,23.5,20,684.0,5.1
LEH_IND_01,2023-08-12 14:00:00+00:00,0.0,0.0,0.023,0.174,22.1,23,683.8,3.7
LEH_IND_01,2023-08-12 15:00:00+00:00,0.0,0.0,0.023,0.174,20.6,31,683.5,4.4
LEH_IND_01,2023-08-12 16:00:00+00:00,0.0,0.0,0.023,0.174,19.9,30,683.6,3.6
LEH_IND_01,2023-08-12 17:00:00+00:00,0.0,0.0,0.023,0.174,20.1,26,684.3,1.3
LEH_IND_01,2023-08-12 18:00:00+00:00,0.0,0.0,0.023,0.174,19.5,28,684.1,2.2
LEH_IND_01,2023-08-12 19:00:00+00:00,0.0,0.0,0.023,0.173,18.8,30,683.9,2.9
LEH_IND_01,2023-08-12 20:00:00+00:00,0.0,0.0,0.024,0.173,18.1,33,683.3,2.1
LEH_IND_01,2023-08-12 21:00:00+00:00,0.0,0.0,0.024,0.173,17.4,35,682.7,1.3
LEH_IND_01,2023-08-12 22:00:00+00:00,0.0,0.0,0.024,0.173,16.6,37,682.2,0.5
LEH_IND_01,2023-08-12 23:00:00+00:00,0.0,0.0,0.024,0.173,16.0,37,681.9,4.2
LEH_IND_01,2023-08-13 00:00:00+00:00,0.0,0.0,0.023,0.173,16.3,37,682.3,2.9
LEH_IND_01,2023-08-13 01:00:00+00:00,0.0,0.0,0.024,0.173,15.8,39,682.5,1.4
LEH_IND_01,2023-08-13 02:00:00+00:00,0.0,0.0,0.024,0.173,16.5,40,683.4,0.4
LEH_IND_01,2023-08-13 03:00:00+00:00,0.0,0.0,0.024,0.173,17.8,41,684.1,4.5
LEH_IND_01,2023-08-13 04:00:00+00:00,0.0,0.0,0.024,0.173,19.2,37,684.8,4.5
LEH_IND_01,2023-08-13 05:00:00+00:00,0.0,0.0,0.023,0.173,21.0,30,685.3,4.8
LEH_IND_01,2023-08-13 06:00:00+00:00,0.0,0.0,0.023,0.172,22.8,23,685.5,6.0
LEH_IND_01,2023-08-13 07:00:00+00:00,0.0,0.0,0.023,0.172,23.7,22,685.2,6.8
LEH_IND_01,2023-08-13 08:00:00+00:00,0.0,0.0,0.023,0.172,24.4,22,684.8,7.6
LEH_IND_01,2023-08-13 09:00:00+00:00,0.0,0.0,0.023,0.172,25.1,20,684.1,8.2
LEH_IND_01,2023-08-13 10:00:00+00:00,0.0,0.0,0.023,0.172,25.0,21,683.6,10.8
LEH_IND_01,2023-08-13 11:00:00+00:00,0.0,0.0,0.022,0.172,24.8,20,683.3,12.4
LEH_IND_01,2023-08-13 12:00:00+00:00,0.0,0.0,0.022,0.171,24.5,21,683.4,9.4
LEH_IND_01,2023-08-13 13:00:00+00:00,0.0,0.0,0.022,0.171,23.4,21,683.0,5.8
LEH_IND_01,2023-08-13 14:00:00+00:00,0.0,0.0,0.022,0.171,22.3,23,683.2,2.3
LEH_IND_01,2023-08-13 15:00:00+00:00,0.0,0.0,0.022,0.171,21.6,25,683.5,2.3
LEH_IND_01,2023-08-13 16:00:00+00:00,0.0,0.0,0.022,0.171,21.2,25,684.0,2.3
LEH_IND_01,2023-08-13 17:00:00+00:00,0.0,0.0,0.022,0.171,20.4,29,683.6,3.4
LEH_IND_01,2023-08-13 18:00:00+00:00,0.0,0.0,0.022,0.171,20.3,29,684.1,3.3
LEH_IND_01,2023-08-13 19:00:00+00:00,0.0,0.0,0.022,0.171,19.8,31,684.1,3.5
LEH_IND_01,2023-08-13 20:00:00+00:00,0.0,0.0,0.022,0.171,19.2,32,683.7,3.8
LEH_IND_01,2023-08-13 21:00:00+00:00,0.0,0.0,0.022,0.171,18.5,35,683.0,3.6
LEH_IND_01,2023-08-13 22:00:00+00:00,0.0,0.0,0.023,0.171,17.6,38,682.6,2.9
LEH_IND_01,2023-08-13 23:00:00+00:00,0.0,0.0,0.023,0.171,17.0,40,682.5,0.8
LEH_IND_01,2023-08-14 00:00:00+00:00,0.0,0.0,0.02,0.168,16.7,38,682.4,4.0
LEH_IND_01,2023-08-14 01:00:00+00:00,0.0,0.0,0.02,0.168,16.6,37,683.1,2.0
LEH_IND_01,2023-08-14 02:00:00+00:00,0.0,0.0,0.02,0.168,17.3,36,684.3,1.8
LEH_IND_01,2023-08-14 03:00:00+00:00,0.0,0.0,0.02,0.168,18.4,32,685.0,2.5
LEH_IND_01,2023-08-14 04:00:00+00:00,0.0,0.0,0.02,0.168,19.9,30,686.4,4.8
LEH_IND_01,2023-08-14 05:00:00+00:00,0.0,0.0,0.02,0.168,20.9,29,686.6,4.7
LEH_IND_01,2023-08-14 06:00:00+00:00,0.0,0.0,0.02,0.168,21.9,26,686.6,5.4
LEH_IND_01,2023-08-14 07:00:00+00:00,0.0,0.0,0.02,0.168,22.5,24,686.3,5.8
LEH_IND_01,2023-08-14 08:00:00+00:00,0.0,0.0,0.02,0.168,22.4,24,685.9,6.6
LEH_IND_01,2023-08-14 09:00:00+00:00,0.0,0.0,0.02,0.168,22.4,24,685.7,9.7
LEH_IND_01,2023-08-14 10:00:00+00:00,0.0,0.0,0.02,0.168,21.3,27,685.2,8.5
LEH_IND_01,2023-08-14 11:00:00+00:00,0.0,0.0,0.02,0.168,20.3,30,684.6,8.3
LEH_IND_01,2023-08-14 12:00:00+00:00,0.0,0.0,0.021,0.168,21.0,26,683.9,2.3
LEH_IND_01,2023-08-14 13:00:00+00:00,0.0,0.0,0.021,0.168,20.2,27,684.3,1.9
LEH_IND_01,2023-08-14 14:00:00+00:00,0.0,0.0,0.021,0.168,19.2,28,684.2,3.2
LEH_IND_01,2023-08-14 15:00:00+00:00,0.0,0.0,0.021,0.168,18.9,29,684.4,2.3
LEH_IND_01,2023-08-14 16:00:00+00:00,0.0,0.0,0.022,0.168,18.5,31,684.5,2.5
LEH_IND_01,2023-08-14 17:00:00+00:00,0.0,0.0,0.022,0.168,17.4,34,683.9,4.4
LEH_IND_01,2023-08-14 18:00:00+00:00,0.0,0.0,0.022,0.168,17.4,34,684.5,3.7
LEH_IND_01,2023-08-14 19:00:00+00:00,0.0,0.0,0.022,0.168,17.7,34,684.9,2.9
LEH_IND_01,2023-08-14 20:00:00+00:00,0.0,0.0,0.022,0.168,17.1,36,684.4,3.6
LEH_IND_01,2023-08-14 21:00:00+00:00,0.0,0.0,0.022,0.168,15.2,40,682.6,4.8
LEH_IND_01,2023-08-14 22:00:00+00:00,0.0,0.0,0.022,0.168,14.9,41,682.6,4.7
LEH_IND_01,2023-08-14 23:00:00+00:00,0.0,0.0,0.022,0.168,15.5,39,683.7,3.4
LEH_IND_01,2023-08-15 00:00:00+00:00,0.0,0.0,0.022,0.166,14.4,51,684.1,1.6
LEH_IND_01,2023-08-15 01:00:00+00:00,0.0,0.0,0.022,0.166,14.0,54,684.4,2.8
LEH_IND_01,2023-08-15 02:00:00+00:00,0.0,0.0,0.023,0.166,14.0,50,685.1,4.6
LEH_IND_01,2023-08-15 03:00:00+00:00,0.0,0.0,0.023,0.166,14.2,49,685.6,4.9
LEH_IND_01,2023-08-15 04:00:00+00:00,0.0,0.0,0.023,0.166,15.3,43,686.5,3.6
LEH_IND_01,2023-08-15 05:00:00+00:00,0.0,0.0,0.023,0.166,16.9,36,687.0,4.1
LEH_IND_01,2023-08-15 06:00:00+00:00,0.0,0.0,0.023,0.166,18.6,34,687.4,5.0
LEH_IND_01,2023-08-15 07:00:00+00:00,0.0,0.0,0.022,0.166,19.1,33,687.0,4.9
LEH_IND_01,2023-08-15 08:00:00+00:00,0.0,0.0,0.022,0.166,20.1,29,686.7,5.6
LEH_IND_01,2023-08-15 09:00:00+00:00,0.0,0.0,0.022,0.166,20.9,25,686.2,5.6
LEH_IND_01,2023-08-15 10:00:00+00:00,0.0,0.0,0.022,0.166,21.3,23,685.8,7.4
LEH_IND_01,2023-08-15 11:00:00+00:00,0.0,0.0,0.022,0.166,21.1,24,685.4,7.4
LEH_IND_01,2023-08-15 12:00:00+00:00,0.0,0.0,0.022,0.166,21.0,22,685.3,4.9
LEH_IND_01,2023-08-15 13:00:00+00:00,0.0,0.0,0.023,0.166,20.2,24,685.1,6.5
LEH_IND_01,2023-08-15 14:00:00+00:00,0.0,0.0,0.023,0.166,19.0,26,685.0,3.8
LEH_IND_01,2023-08-15 15:00:00+00:00,0.0,0.0,0.023,0.166,18.5,29,685.5,2.5
LEH_IND_01,2023-08-15 16:00:00+00:00,0.0,0.0,0.023,0.166,17.8,35,685.2,3.8
LEH_IND_01,2023-08-15 17:00:00+00:00,0.0,0.0,0.023,0.166,17.2,34,685.0,3.8
LEH_IND_01,2023-08-15 18:00:00+00:00,0.0,0.0,0.023,0.166,17.6,31,685.9,2.9
LEH_IND_01,2023-08-15 19:00:00+00:00,0.0,0.0,0.023,0.166,17.0,33,685.9,2.5
LEH_IND_01,2023-08-15 20:00:00+00:00,0.0,0.0,0.023,0.166,16.3,35,685.1,2.0
LEH_IND_01,2023-08-15 21:00:00+00:00,0.0,0.0,0.023,0.166,15.7,37,684.6,1.5
LEH_IND_01,2023-08-15 22:00:00+00:00,0.0,0.0,0.023,0.166,15.1,37,684.3,3.4
LEH_IND_01,2023-08-15 23:00:00+00:00,0.0,0.0,0.023,0.166,14.6,39,684.2,0.4
LEH_IND_01,2023-08-16 00:00:00+00:00,0.0,0.0,0.023,0.165,14.5,38,684.4,4.0
LEH_IND_01,2023-08-16 01:00:00+00:00,0.0,0.0,0.023,0.165,12.3,47,682.9,6.0
LEH_IND_01,2023-08-16 02:00:00+00:00,0.0,0.0,0.023,0.165,15.3,38,685.6,4.0
LEH_IND_01,2023-08-16 03:00:00+00:00,0.0,0.0,0.023,0.165,16.5,37,686.5,5.6
LEH_IND_01,2023-08-16 04:00:00+00:00,0.0,0.0,0.023,0.165,18.0,32,687.4,4.7
LEH_IND_01,2023-08-16 05:00:00+00:00,0.0,0.0,0.023,0.165,19.6,25,687.6,5.5
LEH_IND_01,2023-08-16 06:00:00+00:00,0.0,0.0,0.023,0.165,20.6,24,687.7,6.3
LEH_IND_01,2023-08-16 07:00:00+00:00,0.0,0.0,0.023,0.164,21.3,24,687.4,5.0
LEH_IND_01,2023-08-16 08:00:00+00:00,0.0,0.0,0.022,0.164,22.1,23,686.9,4.6
LEH_IND_01,2023-08-16 09:00:00+00:00,0.0,0.0,0.022,0.164,22.3,23,686.5,5.1
LEH_IND_01,2023-08-16 10:00:00+00:00,0.0,0.0,0.022,0.164,22.5,23,685.9,6.3
LEH_IND_01,2023-08-16 11:00:00+00:00,0.0,0.0,0.022,0.164,22.6,22,685.8,7.4
LEH_IND_01,2023-08-16 12:00:00+00:00,0.0,0.0,0.024,0.165,21.8,24,685.6,8.0
LEH_IND_01,2023-08-16 13:00:00+00:00,0.0,0.0,0.024,0.165,20.6,26,685.3,7.1
LEH_IND_01,2023-08-16 14:00:00+00:00,0.0,0.0,0.024,0.165,19.2,29,684.9,5.3
LEH_IND_01,2023-08-16 15:00:00+00:00,0.0,0.0,0.024,0.165,18.6,31,685.0,3.2
LEH_IND_01,2023-08-16 16:00:00+00:00,0.0,0.0,0.024,0.165,17.9,41,684.8,2.7
LEH_IND_01,2023-08-16 17:00:00+00:00,0.0,0.0,0.024,0.165,17.7,38,685.0,2.9
LEH_IND_01,2023-08-16 18:00:00+00:00,0.0,0.0,0.024,0.165,17.4,39,684.6,3.3
LEH_IND_01,2023-08-16 19:00:00+00:00,0.0,0.0,0.024,0.165,17.5,37,684.8,2.1
LEH_IND_01,2023-08-16 20:00:00+00:00,0.0,0.0,0.024,0.165,17.1,38,684.3,1.8
LEH_IND_01,2023-08-16 21:00:00+00:00,0.0,0.0,0.024,0.165,16.6,39,684.0,1.3
LEH_IND_01,2023-08-16 22:00:00+00:00,0.0,0.0,0.024,0.165,16.1,40,683.8,1.1
LEH_IND_01,2023-08-16 23:00:00+00:00,0.0,0.0,0.024,0.165,15.5,40,683.4,4.4
LEH_IND_01,2023-08-17 00:00:00+00:00,0.0,0.0,0.025,0.164,15.7,37,683.5,3.8
LEH_IND_01,2023-08-17 01:00:00+00:00,0.0,0.0,0.025,0.164,15.4,37,683.9,2.2
LEH_IND_01,2023-08-17 02:00:00+00:00,0.0,0.0,0.025,0.164,16.2,36,685.3,0.7
LEH_IND_01,2023-08-17 03:00:00+00:00,0.0,0.0,0.025,0.164,17.4,34,686.1,2.3
LEH_IND_01,2023-08-17 04:00:00+00:00,0.0,0.0,0.025,0.164,18.5,30,686.7,2.8
LEH_IND_01,2023-08-17 05:00:00+00:00,0.0,0.0,0.024,0.164,19.7,27,687.3,3.7
LEH_IND_01,2023-08-17 06:00:00+00:00,0.0,0.0,0.024,0.164,20.6,26,687.2,4.7
LEH_IND_01,2023-08-17 07:00:00+00:00,0.0,0.0,0.024,0.164,21.5,25,687.0,5.0
LEH_IND_01,2023-08-17 08:00:00+00:00,0.0,0.0,0.023,0.164,22.5,24,686.6,4.1
LEH_IND_01,2023-08-17 09:00:00+00:00,0.0,0.0,0.023,0.164,23.2,22,686.1,5.4
LEH_IND_01,2023-08-17 10:00:00+00:00,0.0,0.0,0.023,0.164,23.4,20,685.4,7.3
LEH_IND_01,2023-08-17 11:00:00+00:00,0.0,0.0,0.023,0.164,23.4,20,685.4,9.8
LEH_IND_01,2023-08-17 12:00:00+00:00,0.0,0.0,0.022,0.164,22.9,20,686.0,9.2
LEH_IND_01,2023-08-17 13:00:00+00:00,0.0,0.0,0.022,0.164,22.0,20,685.7,8.0
LEH_IND_01,2023-08-17 14:00:00+00:00,0.0,0.0,0.022,0.164,20.4,22,685.4,4.5
LEH_IND_01,2023-08-17 15:00:00+00:00,0.0,0.0,0.022,0.164,19.4,26,685.4,1.8
LEH_IND_01,2023-08-17 16:00:00+00:00,0.0,0.0,0.022,0.164,19.2,24,685.8,2.3
LEH_IND_01,2023-08-17 17:00:00+00:00,0.0,0.0,0.023,0.164,17.8,29,685.0,4.1
LEH_IND_01,2023-08-17 18:00:00+00:00,0.0,0.0,0.023,0.163,18.1,29,685.8,3.7
LEH_IND_01,2023-08-17 19:00:00+00:00,0.0,0.0,0.023,0.163,17.6,31,685.7,3.0
LEH_IND_01,2023-08-17 20:00:00+00:00,0.0,0.0,0.023,0.163,16.9,32,684.9,2.3
LEH_IND_01,2023-08-17 21:00:00+00:00,0.0,0.0,0.023,0.163,16.4,34,684.4,0.8
LEH_IND_01,2023-08-17 22:00:00+00:00,0.0,0.0,0.023,0.163,15.9,35,684.2,0.7
LEH_IND_01,2023-08-17 23:00:00+00:00,0.0,0.0,0.023,0.163,15.3,37,684.1,1.3
LEH_IND_01,2023-08-18 00:00:00+00:00,0.0,0.0,0.023,0.162,15.1,39,684.2,3.3
LEH_IND_01,2023-08-18 01:00:00+00:00,0.0,0.0,0.023,0.162,14.8,40,684.5,2.6
LEH_IND_01,2023-08-18 02:00:00+00:00,0.0,0.0,0.023,0.162,15.7,38,685.5,1.8
LEH_IND_01,2023-08-18 03:00:00+00:00,0.0,0.0,0.023,0.162,16.8,34,686.8,2.7
LEH_IND_01,2023-08-18 04:00:00+00:00,0.0,0.0,0.023,0.162,18.1,29,687.7,3.4
LEH_IND_01,2023-08-18 05:00:00+00:00,0.0,0.0,0.023,0.162,19.4,27,688.1,4.2
LEH_IND_01,2023-08-18 06:00:00+00:00,0.0,0.0,0.023,0.162,20.4,25,688.3,3.1
LEH_IND_01,2023-08-18 07:00:00+00:00,0.0,0.0,0.023,0.162,21.0,25,687.9,2.4
LEH_IND_01,2023-08-18 08:00:00+00:00,0.0,0.0,0.022,0.162,21.8,24,687.5,2.1
LEH_IND_01,2023-08-18 09:00:00+00:00,0.0,0.0,0.022,0.162,22.5,21,687.0,2.7
LEH_IND_01,2023-08-18 10:00:00+00:00,0.0,0.0,0.022,0.162,23.1,19,686.5,6.8
LEH_IND_01,2023-08-18 11:00:00+00:00,0.0,0.0,0.022,0.162,23.2,18,686.6,9.1
LEH_IND_01,2023-08-18 12:00:00+00:00,0.0,0.0,0.022,0.162,22.2,19,686.7,7.2
LEH_IND_01,2023-08-18 13:00:00+00:00,0.0,0.0,0.022,0.162,21.7,22,686.3,5.6
LEH_IND_01,2023-08-18 14:00:00+00:00,0.0,0.0,0.022,0.162,20.6,24,685.9,5.2
LEH_IND_01,2023-08-18 15:00:00+00:00,0.0,0.0,0.022,0.162,19.5,27,685.8,4.7
LEH_IND_01,2023-08-18 16:00:00+00:00,0.0,0.0,0.022,0.162,18.3,31,685.6,4.8
LEH_IND_01,2023-08-18 17:00:00+00:00,0.0,0.0,0.022,0.162,19.1,27,687.0,3.1
LEH_IND_01,2023-08-18 18:00:00+00:00,0.0,0.0,0.023,0.162,18.5,31,687.2,2.5
LEH_IND_01,2023-08-18 19:00:00+00:00,0.0,0.0,0.023,0.162,17.9,33,687.1,2.3
LEH_IND_01,2023-08-18 20:00:00+00:00,0.0,0.0,0.023,0.162,17.3,35,686.7,1.8
LEH_IND_01,2023-08-18 21:00:00+00:00,0.0,0.0,0.023,0.162,16.8,37,686.4,2.3
LEH_IND_01,2023-08-18 22:00:00+00:00,0.0,0.0,0.023,0.162,16.2,39,686.2,1.8
LEH_IND_01,2023-08-18 23:00:00+00:00,0.0,0.0,0.023,0.162,15.6,40,686.1,0.4
LEH_IND_01,2023-08-19 00:00:00+00:00,0.0,0.0,0.023,0.162,15.4,34,685.8,3.4
LEH_IND_01,2023-08-19 01:00:00+00:00,0.0,0.0,0.023,0.162,15.0,37,686.2,2.3
LEH_IND_01,2023-08-19 02:00:00+00:00,0.0,0.0,0.023,0.162,15.5,37,687.1,1.3
LEH_IND_01,2023-08-19 03:00:00+00:00,0.0,0.0,0.023,0.162,16.7,35,688.2,2.9
LEH_IND_01,2023-08-19 04:00:00+00:00,0.0,0.0,0.023,0.162,18.0,32,689.1,4.6
LEH_IND_01,2023-08-19 05:00:00+00:00,0.0,0.0,0.023,0.162,19.6,28,689.8,5.1
LEH_IND_01,2023-08-19 06:00:00+00:00,0.0,0.0,0.023,0.161,20.8,25,689.8,5.7
LEH_IND_01,2023-08-19 07:00:00+00:00,0.0,0.0,0.023,0.161,21.6,23,689.8,5.4
LEH_IND_01,2023-08-19 08:00:00+00:00,0.0,0.0,0.022,0.161,22.7,22,689.6,6.3
LEH_IND_01,2023-08-19 09:00:00+00:00,0.0,0.0,0.022,0.161,23.6,19,689.1,6.9
LEH_IND_01,2023-08-19 10:00:00+00:00,0.0,0.0,0.022,0.161,24.1,16,688.4,8.3
LEH_IND_01,2023-08-19 11:00:00+00:00,0.0,0.0,0.022,0.161,24.0,17,688.2,9.0
LEH_IND_01,2023-08-19 12:00:00+00:00,0.0,0.0,0.022,0.161,22.8,19,687.8,6.3
LEH_IND_01,2023-08-19 13:00:00+00:00,0.0,0.0,0.022,0.161,21.9,20,687.7,5.7
LEH_IND_01,2023-08-19 14:00:00+00:00,0.0,0.0,0.022,0.161,20.6,22,687.3,7.1
LEH_IND_01,2023-08-19 15:00:00+00:00,0.0,0.0,0.022,0.161,19.7,23,687.2,4.7
LEH_IND_01,2023-08-19 16:00:00+00:00,0.0,0.0,0.022,0.161,19.2,25,687.6,2.4
LEH_IND_01,2023-08-19 17:00:00+00:00,0.0,0.0,0.022,0.161,19.2,23,687.7,1.9
LEH_IND_01,2023-08-19 18:00:00+00:00,0.0,0.0,0.022,0.161,19.1,24,688.1,2.3
LEH_IND_01,2023-08-19 19:00:00+00:00,0.0,0.0,0.023,0.161,18.9,25,688.0,1.8
LEH_IND_01,2023-08-19 20:00:00+00:00,0.0,0.0,0.023,0.161,18.3,26,687.8,1.8
LEH_IND_01,2023-08-19 21:00:00+00:00,0.0,0.0,0.023,0.161,17.7,28,687.4,2.6
LEH_IND_01,2023-08-19 22:00:00+00:00,0.0,0.0,0.023,0.161,17.1,30,687.2,2.3
LEH_IND_01,2023-08-19 23:00:00+00:00,0.0,0.0,0.023,0.161,16.6,32,687.5,1.1
LEH_IND_01,2023-08-20 00:00:00+00:00,0.0,0.0,0.023,0.161,16.7,32,687.6,1.8
LEH_IND_01,2023-08-20 01:00:00+00:00,0.0,0.0,0.023,0.161,16.3,33,688.0,2.5
LEH_IND_01,2023-08-20 02:00:00+00:00,0.0,0.0,0.023,0.161,16.8,33,688.8,2.3
LEH_IND_01,2023-08-20 03:00:00+00:00,0.0,0.0,0.023,0.161,18.1,33,689.9,3.7
LEH_IND_01,2023-08-20 04:00:00+00:00,0.0,0.0,0.023,0.161,19.4,30,690.4,4.5
LEH_IND_01,2023-08-20 05:00:00+00:00,0.0,0.0,0.023,0.161,20.9,26,690.9,5.6
LEH_IND_01,2023-08-20 06:00:00+00:00,0.0,0.0,0.023,0.161,22.2,24,691.0,6.1
LEH_IND_01,2023-08-20 07:00:00+00:00,0.0,0.0,0.022,0.161,23.4,22,691.0,4.9
LEH_IND_01,2023-08-20 08:00:00+00:00,0.0,0.0,0.022,0.161,24.3,22,690.6,4.6
LEH_IND_01,2023-08-20 09:00:00+00:00,0.0,0.0,0.022,0.161,24.8,22,689.9,5.6
LEH_IND_01,2023-08-20 10:00:00+00:00,0.0,0.0,0.022,0.161,24.9,23,689.5,5.9
LEH_IND_01,2023-08-20 11:00:00+00:00,0.0,0.0,0.022,0.161,24.7,23,689.2,8.0
LEH_IND_01,2023-08-20 12:00:00+00:00,0.0,0.0,0.022,0.161,23.4,24,689.1,8.4
LEH_IND_01,2023-08-20 13:00:00+00:00,0.0,0.0,0.022,0.161,22.6,25,688.6,4.4
LEH_IND_01,2023-08-20 14:00:00+00:00,0.0,0.0,0.022,0.161,21.7,26,688.2,4.8
LEH_IND_01,2023-08-20 15:00:00+00:00,0.0,0.0,0.022,0.161,20.6,29,688.1,5.0
LEH_IND_01,2023-08-20 16:00:00+00:00,0.0,0.0,0.022,0.16,19.4,36,687.5,3.5
LEH_IND_01,2023-08-20 17:00:00+00:00,0.0,0.0,0.022,0.16,19.7,33,688.2,2.3
LEH_IND_01,2023-08-20 18:00:00+00:00,0.0,0.0,0.022,0.16,19.4,34,688.1,2.4
LEH_IND_01,2023-08-20 19:00:00+00:00,0.0,0.0,0.022,0.16,18.8,36,687.6,2.6
LEH_IND_01,2023-08-20 20:00:00+00:00,0.0,0.0,0.023,0.16,18.1,38,687.1,0.8
LEH_IND_01,2023-08-20 21:00:00+00:00,0.0,0.0,0.023,0.16,17.6,39,686.6,0.4
LEH_IND_01,2023-08-20 22:00:00+00:00,0.0,0.0,0.023,0.16,16.9,41,686.0,1.5
LEH_IND_01,2023-08-20 23:00:00+00:00,0.0,0.0,0.023,0.16,13.9,49,683.5,5.8
LEH_IND_01,2023-08-21 00:00:00+00:00,0.0,0.0,0.023,0.16,16.8,40,686.6,3.3
LEH_IND_01,2023-08-21 01:00:00+00:00,0.0,0.0,0.023,0.16,16.3,40,686.6,0.7
LEH_IND_01,2023-08-21 02:00:00+00:00,0.0,0.0,0.023,0.16,17.5,38,687.9,1.8
LEH_IND_01,2023-08-21 03:00:00+00:00,0.0,0.0,0.023,0.16,19.0,34,689.1,4.6
LEH_IND_01,2023-08-21 04:00:00+00:00,0.0,0.0,0.023,0.16,20.6,31,689.8,5.2
LEH_IND_01,2023-08-21 05:00:00+00:00,0.0,0.0,0.023,0.16,22.4,24,690.3,5.7
LEH_IND_01,2023-08-21 06:00:00+00:00,0.0,0.0,0.023,0.16,23.9,20,690.1,5.4
LEH_IND_01,2023-08-21 07:00:00+00:00,0.0,0.0,0.022,0.16,25.3,17,689.9,6.1
LEH_IND_01,2023-08-21 08:00:00+00:00,0.0,0.0,0.022,0.16,26.2,16,689.6,6.0
LEH_IND_01,2023-08-21 09:00:00+00:00,0.0,0.0,0.022,0.16,26.7,15,689.0,7.2
LEH_IND_01,2023-08-21 10:00:00+00:00,0.0,0.0,0.022,0.16,26.8,16,688.5,8.3
LEH_IND_01,2023-08-21 11:00:00+00:00,0.0,0.0,0.022,0.16,26.5,20,687.9,9.9
LEH_IND_01,2023-08-21 12:00:00+00:00,0.0,0.0,0.022,0.16,26.4,20,687.9,10.3
LEH_IND_01,2023-08-21 13:00:00+00:00,0.0,0.0,0.022,0.16,24.8,21,687.4,7.2
LEH_IND_01,2023-08-21 14:00:00+00:00,0.0,0.0,0.022,0.16,23.6,22,687.3,3.1
LEH_IND_01,2023-08-21 15:00:00+00:00,0.0,0.0,0.022,0.16,22.8,26,686.9,2.9
LEH_IND_01,2023-08-21 16:00:00+00:00,0.0,0.0,0.022,0.16,21.9,28,686.8,3.8
LEH_IND_01,2023-08-21 17:00:00+00:00,0.0,0.0,0.022,0.16,22.3,26,687.8,3.3
LEH_IND_01,2023-08-21 18:00:00+00:00,0.0,0.0,0.022,0.16,21.6,27,687.6,3.6
LEH_IND_01,2023-08-21 19:00:00+00:00,0.0,0.0,0.022,0.16,20.9,29,687.0,3.6
LEH_IND_01,2023-08-21 20:00:00+00:00,0.0,0.0,0.022,0.16,20.3,30,686.7,2.9
LEH_IND_01,2023-08-21 21:00:00+00:00,0.0,0.0,0.023,0.16,19.5,32,686.0,2.8
LEH_IND_01,2023-08-21 22:00:00+00:00,0.0,0.0,0.023,0.16,19.0,32,685.8,2.5
LEH_IND_01,2023-08-21 23:00:00+00:00,0.0,0.0,0.023,0.16,18.4,33,685.7,3.4
LEH_IND_01,2023-08-22 00:00:00+00:00,0.0,0.0,0.023,0.16,18.2,35,686.0,3.2
LEH_IND_01,2023-08-22 01:00:00+00:00,0.0,0.0,0.023,0.16,18.0,35,686.1,3.9
LEH_IND_01,2023-08-22 02:00:00+00:00,0.0,0.0,0.023,0.16,18.4,35,686.8,2.9
LEH_IND_01,2023-08-22 03:00:00+00:00,0.0,0.0,0.023,0.16,19.6,34,687.6,4.2
LEH_IND_01,2023-08-22 04:00:00+00:00,0.0,0.0,0.023,0.16,21.1,31,688.2,4.9
LEH_IND_01,2023-08-22 05:00:00+00:00,0.0,0.0,0.023,0.159,22.7,28,688.5,6.4
LEH_IND_01,2023-08-22 06:00:00+00:00,0.0,0.0,0.023,0.159,24.2,23,688.4,7.1
LEH_IND_01,2023-08-22 07:00:00+00:00,0.0,0.0,0.022,0.159,25.2,21,688.1,5.9
LEH_IND_01,2023-08-22 08:00:00+00:00,0.0,0.0,0.022,0.159,26.0,20,687.7,4.5
LEH_IND_01,2023-08-22 09:00:00+00:00,0.0,0.0,0.022,0.159,26.7,19,687.0,7.6
LEH_IND_01,2023-08-22 10:00:00+00:00,0.0,0.0,0.022,0.159,27.3,18,686.4,10.1
LEH_IND_01,2023-08-22 11:00:00+00:00,0.0,0.0,0.022,0.159,26.8,18,685.9,11.0
LEH_IND_01,2023-08-22 12:00:00+00:00,0.0,0.0,0.022,0.159,25.2,19,685.9,6.6
LEH_IND_01,2023-08-22 13:00:00+00:00,0.0,0.0,0.022,0.159,24.0,21,685.5,4.9
LEH_IND_01,2023-08-22 14:00:00+00:00,0.0,0.0,0.022,0.159,23.0,22,685.4,4.3
LEH_IND_01,2023-08-22 15:00:00+00:00,0.0,0.0,0.022,0.159,21.7,29,684.9,3.9
LEH_IND_01,2023-08-22 16:00:00+00:00,0.0,0.0,0.022,0.159,21.7,26,685.3,3.2
LEH_IND_01,2023-08-22 17:00:00+00:00,0.0,0.0,0.022,0.159,21.8,25,685.7,3.0
LEH_IND_01,2023-08-22 18:00:00+00:00,0.0,0.0,0.022,0.159,21.0,28,685.5,4.0
LEH_IND_01,2023-08-22 19:00:00+00:00,0.0,0.0,0.022,0.159,19.1,33,684.3,4.8
LEH_IND_01,2023-08-22 20:00:00+00:00,0.0,0.0,0.022,0.159,19.6,32,684.5,3.1
LEH_IND_01,2023-08-22 21:00:00+00:00,0.0,0.0,0.022,0.159,18.8,34,684.0,2.5
LEH_IND_01,2023-08-22 22:00:00+00:00,0.0,0.0,0.023,0.159,18.1,36,683.5,1.5
LEH_IND_01,2023-08-22 23:00:00+00:00,0.0,0.0,0.023,0.159,17.4,37,683.0,0.7
LEH_IND_01,2023-08-23 00:00:00+00:00,0.0,0.0,0.023,0.159,17.5,35,683.1,2.4
LEH_IND_01,2023-08-23 01:00:00+00:00,0.0,0.0,0.023,0.159,16.2,39,682.6,4.6
LEH_IND_01,2023-08-23 02:00:00+00:00,0.0,0.0,0.023,0.159,17.5,35,684.1,2.5
LEH_IND_01,2023-08-23 03:00:00+00:00,0.0,0.0,0.023,0.159,18.7,34,684.8,2.3
LEH_IND_01,2023-08-23 04:00:00+00:00,0.0,0.0,0.023,0.159,20.2,30,685.2,3.1
LEH_IND_01,2023-08-23 05:00:00+00:00,0.0,0.0,0.023,0.159,21.9,24,685.5,4.6
LEH_IND_01,2023-08-23 06:00:00+00:00,0.0,0.0,0.022,0.159,23.3,22,685.7,5.2
LEH_IND_01,2023-08-23 07:00:00+00:00,0.0,0.0,0.022,0.159,23.9,22,685.1,5.6
LEH_IND_01,2023-08-23 08:00:00+00:00,0.0,0.0,0.022,0.159,25.2,18,684.8,7.5
LEH_IND_01,2023-08-23 09:00:00+00:00,0.0,0.0,0.022,0.159,25.7,17,684.3,11.4
LEH_IND_01,2023-08-23 10:00:00+00:00,0.0,0.0,0.022,0.159,26.0,16,683.5,11.8
LEH_IND_01,2023-08-23 11:00:00+00:00,0.0,0.0,0.022,0.159,25.7,16,683.2,14.1
LEH_IND_01,2023-08-23 12:00:00+00:00,0.0,0.0,0.022,0.159,24.8,14,683.0,10.8
LEH_IND_01,2023-08-23 13:00:00+00:00,0.0,0.0,0.022,0.159,24.2,13,682.3,7.7
LEH_IND_01,2023-08-23 14:00:00+00:00,0.0,0.0,0.022,0.159,22.8,15,681.8,4.5
LEH_IND_01,2023-08-23 15:00:00+00:00,0.0,0.0,0.022,0.159,21.1,20,682.0,8.1
LEH_IND_01,2023-08-23 16:00:00+00:00,0.0,0.0,0.022,0.158,19.8,25,681.9,9.0
LEH_IND_01,2023-08-23 17:00:00+00:00,0.0,0.0,0.022,0.158,18.5,29,681.8,9.7
LEH_IND_01,2023-08-23 18:00:00+00:00,0.0,0.0,0.022,0.158,17.3,33,681.1,8.6
LEH_IND_01,2023-08-23 19:00:00+00:00,0.0,0.0,0.022,0.158,15.9,38,680.0,6.6
LEH_IND_01,2023-08-23 20:00:00+00:00,0.0,0.0,0.022,0.158,18.0,33,681.9,3.9
LEH_IND_01,2023-08-23 21:00:00+00:00,0.0,0.0,0.022,0.158,16.5,38,680.8,4.7
LEH_IND_01,2023-08-23 22:00:00+00:00,0.0,0.0,0.023,0.158,16.5,38,681.1,4.1
LEH_IND_01,2023-08-23 23:00:00+00:00,0.0,0.0,0.023,0.158,16.0,39,681.2,2.7
LEH_IND_01,2023-08-24 00:00:00+00:00,0.0,0.0,0.023,0.158,15.6,40,680.6,1.5
LEH_IND_01,2023-08-24 01:00:00+00:00,0.0,0.0,0.023,0.158,15.1,43,680.6,1.8
LEH_IND_01,2023-08-24 02:00:00+00:00,0.0,0.0,0.023,0.158,15.7,40,681.6,3.8
LEH_IND_01,2023-08-24 03:00:00+00:00,0.0,0.0,0.023,0.158,16.7,37,682.2,0.8
LEH_IND_01,2023-08-24 04:00:00+00:00,0.0,0.0,0.023,0.158,18.1,30,682.8,1.1
LEH_IND_01,2023-08-24 05:00:00+00:00,0.0,0.0,0.023,0.158,19.3,28,682.8,2.9
LEH_IND_01,2023-08-24 06:00:00+00:00,0.0,0.0,0.023,0.158,20.2,27,682.5,3.7
LEH_IND_01,2023-08-24 07:00:00+00:00,0.0,0.0,0.023,0.158,20.4,28,681.9,2.6
LEH_IND_01,2023-08-24 08:00:00+00:00,0.0,0.0,0.022,0.158,21.8,26,681.8,4.8
LEH_IND_01,2023-08-24 09:00:00+00:00,0.0,0.0,0.022,0.158,21.9,25,681.2,6.3
LEH_IND_01,2023-08-24 10:00:00+00:00,0.0,0.0,0.022,0.158,21.5,27,680.6,6.2
LEH_IND_01,2023-08-24 11:00:00+00:00,0.0,0.0,0.023,0.158,20.4,32,680.5,11.9
LEH_IND_01,2023-08-24 12:00:00+00:00,0.0,0.0,0.022,0.158,20.3,26,681.0,9.4
LEH_IND_01,2023-08-24 13:00:00+00:00,0.0,0.0,0.022,0.158,19.6,28,680.9,10.2
LEH_IND_01,2023-08-24 14:00:00+00:00,0.0,0.0,0.022,0.158,18.0,33,680.7,10.1
LEH_IND_01,2023-08-24 15:00:00+00:00,0.0,0.0,0.022,0.158,16.4,40,680.9,9.1
LEH_IND_01,2023-08-24 16:00:00+00:00,0.0,0.0,0.022,0.158,15.8,45,681.1,7.1
LEH_IND_01,2023-08-24 17:00:00+00:00,0.0,0.0,0.023,0.158,14.2,51,680.9,5.1
LEH_IND_01,2023-08-24 18:00:00+00:00,0.0,0.0,0.023,0.158,13.1,56,680.6,4.0
LEH_IND_01,2023-08-24 19:00:00+00:00,0.0,0.0,0.023,0.158,12.3,59,680.1,3.4
LEH_IND_01,2023-08-24 20:00:00+00:00,0.0,0.0,0.023,0.158,12.1,59,679.8,3.8
LEH_IND_01,2023-08-24 21:00:00+00:00,0.0,0.0,0.023,0.158,11.8,59,679.7,1.8
LEH_IND_01,2023-08-24 22:00:00+00:00,0.0,0.0,0.023,0.158,10.7,62,678.9,1.1
LEH_IND_01,2023-08-24 23:00:00+00:00,0.0,0.0,0.023,0.158,10.0,64,678.7,3.2
LEH_IND_01,2023-08-25 00:00:00+00:00,0.0,0.0,0.03,0.155,11.4,54,679.0,1.8
LEH_IND_01,2023-08-25 01:00:00+00:00,0.0,0.0,0.03,0.155,10.5,60,678.9,2.5
LEH_IND_01,2023-08-25 02:00:00+00:00,0.0,0.0,0.03,0.155,11.7,59,680.3,4.0
LEH_IND_01,2023-08-25 03:00:00+00:00,0.0,0.0,0.03,0.155,12.3,54,681.1,3.7
LEH_IND_01,2023-08-25 04:00:00+00:00,0.0,0.0,0.03,0.155,13.5,48,681.3,3.6
LEH_IND_01,2023-08-25 05:00:00+00:00,0.0,0.0,0.029,0.155,15.6,39,681.9,4.1
LEH_IND_01,2023-08-25 06:00:00+00:00,0.0,0.0,0.028,0.155,16.6,35,681.9,3.8
LEH_IND_01,2023-08-25 07:00:00+00:00,0.0,0.0,0.028,0.155,17.4,34,681.9,4.0
LEH_IND_01,2023-08-25 08:00:00+00:00,0.0,0.0,0.027,0.155,17.8,33,681.4,1.9
LEH_IND_01,2023-08-25 09:00:00+00:00,0.0,0.0,0.027,0.155,18.7,31,681.1,4.3
LEH_IND_01,2023-08-25 10:00:00+00:00,0.0,0.0,0.026,0.155,18.9,31,680.8,7.1
LEH_IND_01,2023-08-25 11:00:00+00:00,0.0,0.0,0.026,0.155,18.9,32,680.8,10.1
LEH_IND_01,2023-08-25 12:00:00+00:00,0.0,0.0,0.029,0.154,16.4,37,681.1,2.3
LEH_IND_01,2023-08-25 13:00:00+00:00,0.0,0.0,0.028,0.154,16.0,38,680.7,1.8
LEH_IND_01,2023-08-25 14:00:00+00:00,0.0,0.0,0.028,0.154,14.5,42,681.0,5.0
LEH_IND_01,2023-08-25 15:00:00+00:00,0.0,0.0,0.028,0.154,11.8,55,681.2,5.0
LEH_IND_01,2023-08-25 16:00:00+00:00,0.0,0.0,0.028,0.154,10.6,64,681.3,4.2
LEH_IND_01,2023-08-25 17:00:00+00:00,0.0,0.0,0.028,0.154,9.6,70,681.1,2.2
LEH_IND_01,2023-08-25 18:00:00+00:00,0.0,0.0,0.028,0.154,9.2,71,680.8,3.1
LEH_IND_01,2023-08-25 19:00:00+00:00,0.0,0.0,0.028,0.154,8.7,70,680.6,2.6
LEH_IND_01,2023-08-25 20:00:00+00:00,0.0,0.0,0.028,0.154,8.7,68,680.4,3.7
LEH_IND_01,2023-08-25 21:00:00+00:00,0.0,0.0,0.028,0.154,8.2,68,680.0,5.1
LEH_IND_01,2023-08-25 22:00:00+00:00,0.0,0.0,0.028,0.154,8.5,63,680.0,3.6
LEH_IND_01,2023-08-25 23:00:00+00:00,0.0,0.0,0.029,0.154,8.1,65,679.6,4.8
LEH_IND_01,2023-08-26 00:00:00+00:00,0.0,0.0,0.029,0.155,8.9,70,679.5,4.1
LEH_IND_01,2023-08-26 01:00:00+00:00,0.0,0.0,0.029,0.155,9.2,63,680.2,7.7
LEH_IND_01,2023-08-26 02:00:00+00:00,0.0,0.0,0.029,0.155,10.7,52,681.3,2.6
LEH_IND_01,2023-08-26 03:00:00+00:00,0.0,0.0,0.029,0.155,11.1,53,681.3,3.6
LEH_IND_01,2023-08-26 04:00:00+00:00,0.0,0.0,0.029,0.155,12.6,49,682.0,2.3
LEH_IND_01,2023-08-26 05:00:00+00:00,0.0,0.0,0.028,0.155,14.4,41,682.6,5.5
LEH_IND_01,2023-08-26 06:00:00+00:00,0.0,0.0,0.028,0.155,14.5,39,682.2,7.9
LEH_IND_01,2023-08-26 07:00:00+00:00,0.0,0.0,0.028,0.155,15.1,38,682.4,8.3
LEH_IND_01,2023-08-26 08:00:00+00:00,0.0,0.0,0.028,0.155,14.8,39,681.9,4.2
LEH_IND_01,2023-08-26 09:00:00+00:00,0.0,0.0,0.027,0.155,15.8,38,682.0,4.8
LEH_IND_01,2023-08-26 10:00:00+00:00,0.0,0.0,0.027,0.155,16.7,37,681.8,6.9
LEH_IND_01,2023-08-26 11:00:00+00:00,0.0,0.0,0.026,0.155,16.9,35,681.3,8.5
LEH_IND_01,2023-08-26 12:00:00+00:00,0.0,0.0,0.027,0.155,13.1,49,681.2,5.2
LEH_IND_01,2023-08-26 13:00:00+00:00,0.0,0.0,0.027,0.155,12.5,54,680.9,4.3
LEH_IND_01,2023-08-26 14:00:00+00:00,0.0,0.0,0.027,0.155,11.7,57,681.2,4.0
LEH_IND_01,2023-08-26 15:00:00+00:00,0.0,0.0,0.027,0.155,11.5,55,681.8,4.8
LEH_IND_01,2023-08-26 16:00:00+00:00,0.0,0.0,0.027,0.155,11.1,53,682.0,4.2
LEH_IND_01,2023-08-26 17:00:00+00:00,0.0,0.0,0.027,0.155,9.4,62,681.7,2.1
LEH_IND_01,2023-08-26 18:00:00+00:00,0.0,0.0,0.027,0.155,8.8,64,681.2,1.0
LEH_IND_01,2023-08-26 19:00:00+00:00,0.0,0.0,0.027,0.155,8.5,65,680.6,1.1
LEH_IND_01,2023-08-26 20:00:00+00:00,0.0,0.0,0.027,0.155,8.7,63,680.5,1.1
LEH_IND_01,2023-08-26 21:00:00+00:00,0.0,0.0,0.027,0.155,8.4,63,680.2,0.0
LEH_IND_01,2023-08-26 22:00:00+00:00,0.0,0.0,0.027,0.155,8.2,63,680.0,0.8
LEH_IND_01,2023-08-26 23:00:00+00:00,0.0,0.0,0.027,0.155,7.9,64,679.9,0.8
LEH_IND_01,2023-08-27 00:00:00+00:00,0.0,0.0,0.026,0.155,7.9,63,679.7,1.3
LEH_IND_01,2023-08-27 01:00:00+00:00,0.0,0.0,0.026,0.155,7.8,64,680.0,5.6
LEH_IND_01,2023-08-27 02:00:00+00:00,0.0,0.0,0.026,0.155,8.3,62,680.6,1.1
LEH_IND_01,2023-08-27 03:00:00+00:00,0.0,0.0,0.026,0.154,8.9,60,681.4,0.7
LEH_IND_01,2023-08-27 04:00:00+00:00,0.0,0.0,0.026,0.154,9.8,58,681.8,1.8
LEH_IND_01,2023-08-27 05:00:00+00:00,0.0,0.0,0.026,0.154,10.9,54,682.0,2.0
LEH_IND_01,2023-08-27 06:00:00+00:00,0.0,0.0,0.026,0.154,12.8,47,682.3,2.9
LEH_IND_01,2023-08-27 07:00:00+00:00,0.0,0.0,0.025,0.154,13.7,42,682.1,3.7
LEH_IND_01,2023-08-27 08:00:00+00:00,0.0,0.0,0.025,0.154,15.0,37,681.9,3.7
LEH_IND_01,2023-08-27 09:00:00+00:00,0.0,0.0,0.025,0.154,16.2,33,681.2,4.2
LEH_IND_01,2023-08-27 10:00:00+00:00,0.0,0.0,0.024,0.154,16.9,30,680.6,5.2
LEH_IND_01,2023-08-27 11:00:00+00:00,0.0,0.0,0.024,0.154,16.9,31,680.2,6.4
LEH_IND_01,2023-08-27 12:00:00+00:00,0.0,0.0,0.023,0.153,15.3,34,680.2,5.1
LEH_IND_01,2023-08-27 13:00:00+00:00,0.0,0.0,0.023,0.153,14.5,36,679.7,4.0
LEH_IND_01,2023-08-27 14:00:00+00:00,0.0,0.0,0.023,0.153,13.6,38,679.8,4.3
LEH_IND_01,2023-08-27 15:00:00+00:00,0.0,0.0,0.023,0.153,13.0,40,680.0,5.6
LEH_IND_01,2023-08-27 16:00:00+00:00,0.0,0.0,0.023,0.153,12.5,41,680.1,4.1
LEH_IND_01,2023-08-27 17:00:00+00:00,0.0,0.0,0.023,0.153,11.7,44,679.7,4.3
LEH_IND_01,2023-08-27 18:00:00+00:00,0.0,0.0,0.023,0.153,11.6,46,679.5,3.3
LEH_IND_01,2023-08-27 19:00:00+00:00,0.0,0.0,0.023,0.153,10.5,50,678.4,4.7
LEH_IND_01,2023-08-27 20:00:00+00:00,0.0,0.0,0.023,0.153,11.0,49,678.9,2.6
LEH_IND_01,2023-08-27 21:00:00+00:00,0.0,0.0,0.023,0.153,10.3,56,678.1,1.8
LEH_IND_01,2023-08-27 22:00:00+00:00,0.0,0.0,0.023,0.153,10.0,60,678.0,1.8
LEH_IND_01,2023-08-27 23:00:00+00:00,0.0,0.0,0.023,0.153,10.2,56,678.3,1.9
LEH_IND_01,2023-08-28 00:00:00+00:00,0.0,0.0,0.023,0.161,8.6,63,678.1,2.9
LEH_IND_01,2023-08-28 01:00:00+00:00,0.0,0.0,0.023,0.161,8.6,61,678.3,3.3
LEH_IND_01,2023-08-28 02:00:00+00:00,0.0,0.0,0.023,0.161,9.2,58,679.1,3.7
LEH_IND_01,2023-08-28 03:00:00+00:00,0.0,0.0,0.023,0.161,10.6,47,680.3,1.5
LEH_IND_01,2023-08-28 04:00:00+00:00,0.0,0.0,0.023,0.161,11.2,44,680.9,2.5
LEH_IND_01,2023-08-28 05:00:00+00:00,0.0,0.0,0.023,0.161,12.4,39,681.4,2.5
LEH_IND_01,2023-08-28 06:00:00+00:00,0.0,0.0,0.023,0.161,14.2,35,681.8,3.1
LEH_IND_01,2023-08-28 07:00:00+00:00,0.0,0.0,0.023,0.161,15.3,29,681.9,3.8
LEH_IND_01,2023-08-28 08:00:00+00:00,0.0,0.0,0.023,0.161,15.2,27,681.2,4.6
LEH_IND_01,2023-08-28 09:00:00+00:00,0.0,0.0,0.023,0.161,16.2,25,681.1,6.8
LEH_IND_01,2023-08-28 10:00:00+00:00,0.0,0.0,0.023,0.161,16.9,23,680.8,10.2
LEH_IND_01,2023-08-28 11:00:00+00:00,0.0,0.0,0.023,0.161,16.8,27,680.6,12.6
LEH_IND_01,2023-08-28 12:00:00+00:00,0.0,0.0,0.022,0.16,15.1,31,680.7,12.1
LEH_IND_01,2023-08-28 13:00:00+00:00,0.0,0.0,0.022,0.16,14.0,36,680.5,9.7
LEH_IND_01,2023-08-28 14:00:00+00:00,0.0,0.0,0.022,0.16,13.4,41,680.6,6.4
LEH_IND_01,2023-08-28 15:00:00+00:00,0.0,0.0,0.022,0.16,12.7,43,681.0,4.2
LEH_IND_01,2023-08-28 16:00:00+00:00,0.0,0.0,0.022,0.16,12.1,47,681.0,3.6
LEH_IND_01,2023-08-28 17:00:00+00:00,0.0,0.0,0.022,0.16,11.0,54,680.3,4.3
LEH_IND_01,2023-08-28 18:00:00+00:00,0.0,0.0,0.022,0.16,10.7,55,680.4,3.3
LEH_IND_01,2023-08-28 19:00:00+00:00,0.0,0.0,0.022,0.16,10.6,54,680.7,1.5
LEH_IND_01,2023-08-28 20:00:00+00:00,0.0,0.0,0.022,0.16,10.2,54,680.3,0.5
LEH_IND_01,2023-08-28 21:00:00+00:00,0.0,0.0,0.022,0.16,8.8,58,679.5,3.6
LEH_IND_01,2023-08-28 22:00:00+00:00,0.0,0.0,0.023,0.16,7.7,66,679.9,2.4
LEH_IND_01,2023-08-28 23:00:00+00:00,0.1,0.1,0.024,0.16,7.2,66,679.7,1.8
LEH_IND_01,2023-08-29 00:00:00+00:00,0.0,0.0,0.027,0.16,7.3,66,680.6,1.9
LEH_IND_01,2023-08-29 01:00:00+00:00,0.0,0.0,0.027,0.16,5.9,75,680.1,3.2
LEH_IND_01,2023-08-29 02:00:00+00:00,0.0,0.0,0.028,0.16,8.0,59,682.1,4.5
LEH_IND_01,2023-08-29 03:00:00+00:00,0.0,0.0,0.028,0.16,9.4,52,683.4,4.3
LEH_IND_01,2023-08-29 04:00:00+00:00,0.0,0.0,0.028,0.16,10.7,47,684.1,6.2
LEH_IND_01,2023-08-29 05:00:00+00:00,0.0,0.0,0.027,0.16,12.0,43,684.6,4.7
LEH_IND_01,2023-08-29 06:00:00+00:00,0.0,0.0,0.027,0.16,13.8,34,685.1,4.0
LEH_IND_01,2023-08-29 07:00:00+00:00,0.0,0.0,0.026,0.16,15.3,26,685.1,4.7
LEH_IND_01,2023-08-29 08:00:00+00:00,0.0,0.0,0.026,0.16,15.8,23,685.0,6.3
LEH_IND_01,2023-08-29 09:00:00+00:00,0.0,0.0,0.025,0.16,16.5,20,684.7,7.3
LEH_IND_01,2023-08-29 10:00:00+00:00,0.0,0.0,0.025,0.16,16.7,20,684.5,7.5
LEH_IND_01,2023-08-29 11:00:00+00:00,0.0,0.0,0.025,0.16,16.8,20,684.3,6.9
LEH_IND_01,2023-08-29 12:00:00+00:00,0.0,0.0,0.025,0.16,16.7,18,684.4,8.2
LEH_IND_01,2023-08-29 13:00:00+00:00,0.0,0.0,0.025,0.16,15.7,20,684.3,6.4
LEH_IND_01,2023-08-29 14:00:00+00:00,0.0,0.0,0.025,0.16,14.8,25,684.4,5.0
LEH_IND_01,2023-08-29 15:00:00+00:00,0.0,0.0,0.025,0.16,13.5,37,684.1,4.4
LEH_IND_01,2023-08-29 16:00:00+00:00,0.0,0.0,0.025,0.16,12.7,40,684.1,3.8
LEH_IND_01,2023-08-29 17:00:00+00:00,0.0,0.0,0.025,0.16,13.2,33,684.9,2.9
LEH_IND_01,2023-08-29 18:00:00+00:00,0.0,0.0,0.025,0.16,12.6,34,684.7,2.0
LEH_IND_01,2023-08-29 19:00:00+00:00,0.0,0.0,0.025,0.16,12.0,35,684.4,1.0
LEH_IND_01,2023-08-29 20:00:00+00:00,0.0,0.0,0.025,0.16,11.4,37,684.0,0.5
LEH_IND_01,2023-08-29 21:00:00+00:00,0.0,0.0,0.025,0.16,10.8,39,683.8,0.5
LEH_IND_01,2023-08-29 22:00:00+00:00,0.0,0.0,0.025,0.16,10.2,40,683.6,1.6
LEH_IND_01,2023-08-29 23:00:00+00:00,0.0,0.0,0.025,0.16,9.7,39,683.6,4.1
LEH_IND_01,2023-08-30 00:00:00+00:00,0.0,0.0,0.025,0.159,9.1,39,683.9,4.1
LEH_IND_01,2023-08-30 01:00:00+00:00,0.0,0.0,0.025,0.159,8.9,38,684.4,2.3
LEH_IND_01,2023-08-30 02:00:00+00:00,0.0,0.0,0.025,0.159,10.2,36,686.0,2.3
LEH_IND_01,2023-08-30 03:00:00+00:00,0.0,0.0,0.025,0.159,11.9,32,687.7,4.5
LEH_IND_01,2023-08-30 04:00:00+00:00,0.0,0.0,0.025,0.159,13.5,29,688.6,5.7
LEH_IND_01,2023-08-30 05:00:00+00:00,0.0,0.0,0.025,0.159,15.3,24,689.3,6.6
LEH_IND_01,2023-08-30 06:00:00+00:00,0.0,0.0,0.025,0.158,17.0,20,689.5,7.4
LEH_IND_01,2023-08-30 07:00:00+00:00,0.0,0.0,0.024,0.158,18.5,17,689.5,8.3
LEH_IND_01,2023-08-30 08:00:00+00:00,0.0,0.0,0.024,0.158,19.8,13,689.4,8.4
LEH_IND_01,2023-08-30 09:00:00+00:00,0.0,0.0,0.024,0.158,20.7,10,689.0,9.0
LEH_IND_01,2023-08-30 10:00:00+00:00,0.0,0.0,0.023,0.158,21.2,9,688.6,9.2
LEH_IND_01,2023-08-30 11:00:00+00:00,0.0,0.0,0.023,0.158,21.1,8,688.3,8.5
LEH_IND_01,2023-08-30 12:00:00+00:00,0.0,0.0,0.022,0.159,19.5,8,687.6,8.0
LEH_IND_01,2023-08-30 13:00:00+00:00,0.0,0.0,0.022,0.159,18.5,7,687.4,5.9
LEH_IND_01,2023-08-30 14:00:00+00:00,0.0,0.0,0.022,0.159,16.1,13,686.2,4.3
LEH_IND_01,2023-08-30 15:00:00+00:00,0.0,0.0,0.022,0.159,16.2,10,687.0,1.9
LEH_IND_01,2023-08-30 16:00:00+00:00,0.0,0.0,0.022,0.159,15.5,12,686.9,0.8
LEH_IND_01,2023-08-30 17:00:00+00:00,0.0,0.0,0.022,0.159,15.1,13,686.9,0.4
LEH_IND_01,2023-08-30 18:00:00+00:00,0.0,0.0,0.023,0.159,14.6,15,686.7,1.6
LEH_IND_01,2023-08-30 19:00:00+00:00,0.0,0.0,0.023,0.159,10.7,28,683.2,7.0
LEH_IND_01,2023-08-30 20:00:00+00:00,0.0,0.0,0.023,0.159,11.6,28,684.1,5.8
LEH_IND_01,2023-08-30 21:00:00+00:00,0.0,0.0,0.023,0.159,13.1,25,685.5,1.1
LEH_IND_01,2023-08-30 22:00:00+00:00,0.0,0.0,0.023,0.159,12.3,26,684.8,4.2
LEH_IND_01,2023-08-30 23:00:00+00:00,0.0,0.0,0.023,0.159,9.6,29,682.6,6.5
LEH_IND_01,2023-08-31 00:00:00+00:00,0.0,0.0,0.022,0.159,11.8,25,685.2,4.0
LEH_IND_01,2023-08-31 01:00:00+00:00,0.0,0.0,0.022,0.158,11.5,25,685.7,4.0
LEH_IND_01,2023-08-31 02:00:00+00:00,0.0,0.0,0.022,0.158,12.7,23,687.3,1.3
LEH_IND_01,2023-08-31 03:00:00+00:00,0.0,0.0,0.022,0.158,14.6,19,689.0,4.7
LEH_IND_01,2023-08-31 04:00:00+00:00,0.0,0.0,0.022,0.158,16.3,16,690.0,5.0
LEH_IND_01,2023-08-31 05:00:00+00:00,0.0,0.0,0.022,0.158,18.0,13,690.6,5.4
LEH_IND_01,2023-08-31 06:00:00+00:00,0.0,0.0,0.022,0.158,19.6,10,690.8,5.5
LEH_IND_01,2023-08-31 07:00:00+00:00,0.0,0.0,0.022,0.158,21.1,9,690.8,6.4
LEH_IND_01,2023-08-31 08:00:00+00:00,0.0,0.0,0.022,0.158,21.9,8,690.3,5.4
LEH_IND_01,2023-08-31 09:00:00+00:00,0.0,0.0,0.022,0.158,22.5,8,689.9,5.3
LEH_IND_01,2023-08-31 10:00:00+00:00,0.0,0.0,0.022,0.158,22.6,8,689.3,4.7
LEH_IND_01,2023-08-31 11:00:00+00:00,0.0,0.0,0.022,0.158,22.5,7,688.9,4.2
LEH_IND_01,2023-08-31 12:00:00+00:00,0.0,0.0,0.02,0.157,21.9,9,688.6,6.2
LEH_IND_01,2023-08-31 13:00:00+00:00,0.0,0.0,0.02,0.157,20.7,11,688.2,5.8
LEH_IND_01,2023-08-31 14:00:00+00:00,0.0,0.0,0.02,0.157,19.4,11,687.8,5.2
LEH_IND_01,2023-08-31 15:00:00+00:00,0.0,0.0,0.02,0.157,18.2,12,687.6,4.1
LEH_IND_01,2023-08-31 16:00:00+00:00,0.0,0.0,0.02,0.157,18.3,12,687.9,3.7
LEH_IND_01,2023-08-31 17:00:00+00:00,0.0,0.0,0.02,0.157,18.2,14,688.4,2.5
LEH_IND_01,2023-08-31 18:00:00+00:00,0.0,0.0,0.02,0.157,17.7,15,688.3,1.5
LEH_IND_01,2023-08-31 19:00:00+00:00,0.0,0.0,0.02,0.157,17.2,16,687.9,1.1
LEH_IND_01,2023-08-31 20:00:00+00:00,0.0,0.0,0.02,0.157,16.6,17,687.2,2.3
LEH_IND_01,2023-08-31 21:00:00+00:00,0.0,0.0,0.021,0.157,16.0,17,686.8,2.6
LEH_IND_01,2023-08-31 22:00:00+00:00,0.0,0.0,0.021,0.157,15.5,18,686.6,3.1
LEH_IND_01,2023-08-31 23:00:00+00:00,0.0,0.0,0.021,0.157,15.0,19,686.6,3.9
