station_id,datetime_utc,precipitation,rain,soil_moisture_0_to_7cm,soil_moisture_7_to_28cm,temperature_2m,relative_humidity_2m,surface_pressure,wind_speed_10m
CHG_GLF_04,2023-06-01 00:00:00+00:00,0.0,0.0,0.38,0.376,12.4,92,761.0,4.5
CHG_GLF_04,2023-06-01 01:00:00+00:00,0.0,0.0,0.38,0.376,15.5,72,763.6,1.0
CHG_GLF_04,2023-06-01 02:00:00+00:00,0.0,0.0,0.379,0.375,15.8,83,764.4,3.1
CHG_GLF_04,2023-06-01 03:00:00+00:00,0.0,0.0,0.379,0.375,17.1,76,765.4,2.9
CHG_GLF_04,2023-06-01 04:00:00+00:00,0.0,0.0,0.377,0.375,18.9,69,766.1,4.4
CHG_GLF_04,2023-06-01 05:00:00+00:00,0.1,0.1,0.375,0.374,19.6,63,766.1,4.9
CHG_GLF_04,2023-06-01 06:00:00+00:00,0.1,0.1,0.374,0.374,20.2,58,766.0,4.2
CHG_GLF_04,2023-06-01 07:00:00+00:00,0.1,0.1,0.372,0.373,19.6,62,765.2,4.8
CHG_GLF_04,2023-06-01 08:00:00+00:00,0.2,0.2,0.371,0.372,18.9,66,764.1,3.7
CHG_GLF_04,2023-06-01 09:00:00+00:00,0.4,0.4,0.372,0.372,17.7,70,762.9,3.4
CHG_GLF_04,2023-06-01 10:00:00+00:00,0.1,0.1,0.371,0.372,17.3,74,761.9,3.2
CHG_GLF_04,2023-06-01 11:00:00+00:00,0.0,0.0,0.37,0.372,17.1,74,761.4,3.7
CHG_GLF_04,2023-06-01 12:00:00+00:00,0.0,0.0,0.38,0.373,15.0,85,761.3,2.7
CHG_GLF_04,2023-06-01 13:00:00+00:00,0.9,0.9,0.388,0.373,14.1,97,761.4,3.1
CHG_GLF_04,2023-06-01 14:00:00+00:00,0.4,0.4,0.39,0.373,13.5,98,761.7,1.8
CHG_GLF_04,2023-06-01 15:00:00+00:00,0.0,0.0,0.389,0.374,14.2,89,762.5,2.8
CHG_GLF_04,2023-06-01 16:00:00+00:00,0.0,0.0,0.388,0.374,14.6,85,762.7,1.5
CHG_GLF_04,2023-06-01 17:00:00+00:00,0.1,0.1,0.387,0.374,14.8,81,762.8,2.0
CHG_GLF_04,2023-06-01 18:00:00+00:00,0.5,0.5,0.391,0.374,14.2,84,762.3,1.6
CHG_GLF_04,2023-06-01 19:00:00+00:00,0.2,0.2,0.391,0.374,14.3,81,761.6,2.3
CHG_GLF_04,2023-06-01 20:00:00+00:00,0.2,0.2,0.392,0.375,14.1,82,761.2,0.7
CHG_GLF_04,2023-06-01 21:00:00+00:00,0.4,0.4,0.394,0.375,13.6,88,760.5,2.5
CHG_GLF_04,2023-06-01 22:00:00+00:00,0.1,0.1,0.394,0.375,11.5,94,758.9,3.7
CHG_GLF_04,2023-06-01 23:00:00+00:00,0.1,0.1,0.393,0.376,11.4,92,759.0,3.1
CHG_GLF_04,2023-06-02 00:00:00+00:00,0.0,0.0,0.38,0.37,14.3,74,762.0,3.3
CHG_GLF_04,2023-06-02 01:00:00+00:00,0.0,0.0,0.379,0.37,14.3,75,762.6,2.3
CHG_GLF_04,2023-06-02 02:00:00+00:00,0.1,0.1,0.379,0.37,14.2,77,763.3,2.6
CHG_GLF_04,2023-06-02 03:00:00+00:00,0.2,0.2,0.379,0.37,15.0,78,764.1,2.7
CHG_GLF_04,2023-06-02 04:00:00+00:00,0.1,0.1,0.378,0.369,16.5,75,765.0,3.4
CHG_GLF_04,2023-06-02 05:00:00+00:00,0.0,0.0,0.376,0.369,17.8,70,765.3,3.9
CHG_GLF_04,2023-06-02 06:00:00+00:00,0.0,0.0,0.374,0.369,18.4,67,765.3,4.7
CHG_GLF_04,2023-06-02 07:00:00+00:00,2.0,2.0,0.386,0.368,17.6,71,764.5,3.7
CHG_GLF_04,2023-06-02 08:00:00+00:00,1.0,1.0,0.39,0.368,16.5,74,763.5,2.9
CHG_GLF_04,2023-06-02 09:00:00+00:00,0.2,0.2,0.389,0.368,16.9,73,762.7,4.1
CHG_GLF_04,2023-06-02 10:00:00+00:00,0.4,0.4,0.389,0.369,16.7,78,762.2,4.4
CHG_GLF_04,2023-06-02 11:00:00+00:00,0.1,0.1,0.387,0.369,16.5,78,761.6,3.5
CHG_GLF_04,2023-06-02 12:00:00+00:00,0.0,0.0,0.393,0.371,14.6,89,761.3,2.3
CHG_GLF_04,2023-06-02 13:00:00+00:00,0.4,0.4,0.393,0.372,13.4,89,760.9,3.6
CHG_GLF_04,2023-06-02 14:00:00+00:00,0.7,0.7,0.397,0.372,12.8,94,760.9,3.8
CHG_GLF_04,2023-06-02 15:00:00+00:00,1.5,1.5,0.409,0.373,14.3,79,762.4,3.9
CHG_GLF_04,2023-06-02 16:00:00+00:00,2.8,2.8,0.427,0.375,11.7,95,761.4,5.2
CHG_GLF_04,2023-06-02 17:00:00+00:00,0.3,0.3,0.42,0.378,12.2,90,761.8,4.2
CHG_GLF_04,2023-06-02 18:00:00+00:00,0.1,0.1,0.415,0.38,13.7,70,762.8,3.1
CHG_GLF_04,2023-06-02 19:00:00+00:00,0.1,0.1,0.411,0.381,13.7,70,762.3,3.1
CHG_GLF_04,2023-06-02 20:00:00+00:00,0.0,0.0,0.408,0.382,13.6,70,761.9,3.3
CHG_GLF_04,2023-06-02 21:00:00+00:00,0.0,0.0,0.405,0.383,13.3,71,761.6,3.9
CHG_GLF_04,2023-06-02 22:00:00+00:00,0.0,0.0,0.403,0.383,13.3,69,761.6,2.6
CHG_GLF_04,2023-06-02 23:00:00+00:00,0.0,0.0,0.401,0.384,13.2,68,761.7,3.2
CHG_GLF_04,2023-06-03 00:00:00+00:00,0.0,0.0,0.383,0.374,13.1,76,762.5,1.8
CHG_GLF_04,2023-06-03 01:00:00+00:00,0.0,0.0,0.382,0.374,12.6,86,763.0,1.3
CHG_GLF_04,2023-06-03 02:00:00+00:00,0.0,0.0,0.382,0.374,13.4,88,764.1,2.8
CHG_GLF_04,2023-06-03 03:00:00+00:00,0.0,0.0,0.381,0.374,14.6,77,765.2,3.6
CHG_GLF_04,2023-06-03 04:00:00+00:00,0.0,0.0,0.379,0.374,16.3,62,766.1,3.9
CHG_GLF_04,2023-06-03 05:00:00+00:00,0.0,0.0,0.377,0.373,17.3,59,766.2,4.1
CHG_GLF_04,2023-06-03 06:00:00+00:00,0.1,0.1,0.375,0.373,17.6,60,766.0,4.5
CHG_GLF_04,2023-06-03 07:00:00+00:00,0.1,0.1,0.374,0.372,18.1,58,765.7,4.7
CHG_GLF_04,2023-06-03 08:00:00+00:00,0.0,0.0,0.372,0.372,18.2,56,765.0,4.5
CHG_GLF_04,2023-06-03 09:00:00+00:00,0.0,0.0,0.37,0.371,17.9,55,764.2,4.3
CHG_GLF_04,2023-06-03 10:00:00+00:00,0.0,0.0,0.368,0.371,17.4,56,763.3,4.3
CHG_GLF_04,2023-06-03 11:00:00+00:00,0.0,0.0,0.367,0.37,16.8,60,762.9,3.4
CHG_GLF_04,2023-06-03 12:00:00+00:00,0.0,0.0,0.38,0.372,14.1,86,762.6,2.4
CHG_GLF_04,2023-06-03 13:00:00+00:00,0.1,0.1,0.38,0.372,13.6,87,762.2,3.8
CHG_GLF_04,2023-06-03 14:00:00+00:00,0.0,0.0,0.38,0.372,14.2,81,763.2,3.4
CHG_GLF_04,2023-06-03 15:00:00+00:00,0.0,0.0,0.379,0.372,14.1,78,763.7,1.8
CHG_GLF_04,2023-06-03 16:00:00+00:00,0.0,0.0,0.378,0.372,14.1,75,764.2,1.9
CHG_GLF_04,2023-06-03 17:00:00+00:00,0.0,0.0,0.378,0.372,13.4,78,764.2,1.6
CHG_GLF_04,2023-06-03 18:00:00+00:00,0.2,0.2,0.379,0.372,13.4,77,763.7,1.0
CHG_GLF_04,2023-06-03 19:00:00+00:00,0.0,0.0,0.378,0.372,13.6,74,763.1,2.2
CHG_GLF_04,2023-06-03 20:00:00+00:00,0.0,0.0,0.378,0.372,13.7,73,762.7,2.6
CHG_GLF_04,2023-06-03 21:00:00+00:00,0.0,0.0,0.377,0.372,13.7,71,762.6,2.3
CHG_GLF_04,2023-06-03 22:00:00+00:00,0.0,0.0,0.377,0.372,13.7,70,762.5,1.9
CHG_GLF_04,2023-06-03 23:00:00+00:00,0.0,0.0,0.376,0.372,13.6,69,762.8,2.3
CHG_GLF_04,2023-06-04 00:00:00+00:00,0.0,0.0,0.374,0.372,13.5,73,763.5,3.8
CHG_GLF_04,2023-06-04 01:00:00+00:00,0.0,0.0,0.374,0.372,14.2,72,764.1,3.4
CHG_GLF_04,2023-06-04 02:00:00+00:00,0.0,0.0,0.373,0.372,14.9,79,765.0,2.6
CHG_GLF_04,2023-06-04 03:00:00+00:00,0.0,0.0,0.372,0.371,16.4,71,766.1,3.8
CHG_GLF_04,2023-06-04 04:00:00+00:00,0.3,0.3,0.373,0.371,16.4,70,766.5,3.2
CHG_GLF_04,2023-06-04 05:00:00+00:00,0.2,0.2,0.372,0.371,16.6,69,766.4,3.3
CHG_GLF_04,2023-06-04 06:00:00+00:00,0.1,0.1,0.371,0.37,17.9,66,766.4,3.3
CHG_GLF_04,2023-06-04 07:00:00+00:00,0.0,0.0,0.369,0.37,18.4,62,765.7,4.6
CHG_GLF_04,2023-06-04 08:00:00+00:00,0.0,0.0,0.367,0.369,17.8,67,764.9,3.8
CHG_GLF_04,2023-06-04 09:00:00+00:00,0.1,0.1,0.366,0.369,17.3,70,763.9,3.4
CHG_GLF_04,2023-06-04 10:00:00+00:00,0.0,0.0,0.365,0.368,17.4,72,763.2,4.2
CHG_GLF_04,2023-06-04 11:00:00+00:00,0.1,0.1,0.364,0.368,16.6,76,762.9,3.1
CHG_GLF_04,2023-06-04 12:00:00+00:00,0.1,0.1,0.405,0.375,13.8,94,762.2,2.3
CHG_GLF_04,2023-06-04 13:00:00+00:00,0.1,0.1,0.402,0.376,14.8,81,762.5,1.5
CHG_GLF_04,2023-06-04 14:00:00+00:00,0.0,0.0,0.4,0.377,15.0,81,762.6,2.5
CHG_GLF_04,2023-06-04 15:00:00+00:00,0.2,0.2,0.399,0.377,14.5,84,763.2,2.4
CHG_GLF_04,2023-06-04 16:00:00+00:00,0.7,0.7,0.404,0.378,13.6,92,763.4,1.6
CHG_GLF_04,2023-06-04 17:00:00+00:00,0.8,0.8,0.409,0.379,13.2,92,763.7,0.8
CHG_GLF_04,2023-06-04 18:00:00+00:00,0.8,0.8,0.412,0.38,13.0,81,763.4,2.1
CHG_GLF_04,2023-06-04 19:00:00+00:00,0.7,0.7,0.414,0.381,10.6,92,760.9,2.4
CHG_GLF_04,2023-06-04 20:00:00+00:00,0.0,0.0,0.41,0.382,13.4,76,762.4,1.1
CHG_GLF_04,2023-06-04 21:00:00+00:00,0.0,0.0,0.407,0.383,13.5,75,762.2,1.6
CHG_GLF_04,2023-06-04 22:00:00+00:00,0.0,0.0,0.404,0.384,13.4,76,761.9,1.8
CHG_GLF_04,2023-06-04 23:00:00+00:00,0.0,0.0,0.402,0.384,13.3,76,761.7,2.3
CHG_GLF_04,2023-06-05 00:00:00+00:00,0.1,0.1,0.4,0.382,11.9,93,761.4,1.6
CHG_GLF_04,2023-06-05 01:00:00+00:00,0.0,0.0,0.398,0.383,14.2,85,763.3,2.4
CHG_GLF_04,2023-06-05 02:00:00+00:00,0.4,0.4,0.4,0.383,14.7,84,764.2,2.5
CHG_GLF_04,2023-06-05 03:00:00+00:00,0.2,0.2,0.399,0.383,15.9,80,765.0,2.9
CHG_GLF_04,2023-06-05 04:00:00+00:00,0.0,0.0,0.397,0.383,17.4,74,765.5,3.5
CHG_GLF_04,2023-06-05 05:00:00+00:00,0.1,0.1,0.394,0.383,18.6,69,766.1,5.0
CHG_GLF_04,2023-06-05 06:00:00+00:00,0.1,0.1,0.392,0.383,19.3,61,766.3,5.2
CHG_GLF_04,2023-06-05 07:00:00+00:00,0.1,0.1,0.389,0.382,19.1,60,765.7,5.8
CHG_GLF_04,2023-06-05 08:00:00+00:00,0.7,0.7,0.391,0.382,16.8,73,764.4,3.6
CHG_GLF_04,2023-06-05 09:00:00+00:00,0.1,0.1,0.389,0.382,16.6,77,763.6,5.0
CHG_GLF_04,2023-06-05 10:00:00+00:00,0.1,0.1,0.388,0.381,16.7,76,762.9,2.9
CHG_GLF_04,2023-06-05 11:00:00+00:00,0.1,0.1,0.387,0.381,16.3,78,762.6,3.3
CHG_GLF_04,2023-06-05 12:00:00+00:00,0.0,0.0,0.389,0.381,14.3,87,761.8,1.1
CHG_GLF_04,2023-06-05 13:00:00+00:00,0.1,0.1,0.389,0.382,14.7,88,762.3,2.1
CHG_GLF_04,2023-06-05 14:00:00+00:00,0.1,0.1,0.388,0.382,14.7,87,763.1,2.1
CHG_GLF_04,2023-06-05 15:00:00+00:00,0.0,0.0,0.388,0.382,15.2,78,763.4,1.8
CHG_GLF_04,2023-06-05 16:00:00+00:00,0.0,0.0,0.387,0.382,15.4,73,764.0,1.5
CHG_GLF_04,2023-06-05 17:00:00+00:00,0.0,0.0,0.386,0.382,14.9,76,764.0,1.1
CHG_GLF_04,2023-06-05 18:00:00+00:00,0.0,0.0,0.385,0.382,14.3,74,763.1,1.9
CHG_GLF_04,2023-06-05 19:00:00+00:00,0.0,0.0,0.385,0.382,12.5,74,760.9,3.3
CHG_GLF_04,2023-06-05 20:00:00+00:00,0.0,0.0,0.384,0.382,13.1,66,761.0,3.2
CHG_GLF_04,2023-06-05 21:00:00+00:00,0.0,0.0,0.384,0.382,12.6,67,760.8,1.8
CHG_GLF_04,2023-06-05 22:00:00+00:00,0.0,0.0,0.383,0.382,10.0,78,758.7,3.1
CHG_GLF_04,2023-06-05 23:00:00+00:00,0.0,0.0,0.383,0.382,9.8,76,758.8,1.9
CHG_GLF_04,2023-06-06 00:00:00+00:00,0.0,0.0,0.381,0.381,12.2,76,760.6,2.7
CHG_GLF_04,2023-06-06 01:00:00+00:00,0.0,0.0,0.381,0.381,14.4,71,762.9,2.9
CHG_GLF_04,2023-06-06 02:00:00+00:00,0.0,0.0,0.38,0.381,15.7,83,764.4,2.5
CHG_GLF_04,2023-06-06 03:00:00+00:00,0.0,0.0,0.379,0.38,17.2,61,765.0,3.2
CHG_GLF_04,2023-06-06 04:00:00+00:00,0.0,0.0,0.377,0.38,18.9,55,765.6,4.9
CHG_GLF_04,2023-06-06 05:00:00+00:00,0.0,0.0,0.374,0.379,19.1,53,765.9,5.2
CHG_GLF_04,2023-06-06 06:00:00+00:00,0.4,0.4,0.374,0.378,18.9,51,765.8,7.0
CHG_GLF_04,2023-06-06 07:00:00+00:00,0.2,0.2,0.373,0.378,18.6,56,765.0,4.3
CHG_GLF_04,2023-06-06 08:00:00+00:00,0.2,0.2,0.372,0.377,18.1,59,764.3,4.0
CHG_GLF_04,2023-06-06 09:00:00+00:00,0.1,0.1,0.37,0.376,18.6,59,763.3,3.3
CHG_GLF_04,2023-06-06 10:00:00+00:00,0.0,0.0,0.369,0.376,18.3,61,762.3,2.9
CHG_GLF_04,2023-06-06 11:00:00+00:00,0.0,0.0,0.368,0.375,18.0,65,761.9,3.9
CHG_GLF_04,2023-06-06 12:00:00+00:00,0.0,0.0,0.375,0.376,15.7,79,761.4,0.4
CHG_GLF_04,2023-06-06 13:00:00+00:00,0.0,0.0,0.374,0.376,15.7,78,761.4,0.8
CHG_GLF_04,2023-06-06 14:00:00+00:00,0.0,0.0,0.374,0.376,15.4,75,762.1,1.8
CHG_GLF_04,2023-06-06 15:00:00+00:00,0.0,0.0,0.374,0.376,11.2,81,759.9,3.2
CHG_GLF_04,2023-06-06 16:00:00+00:00,0.0,0.0,0.374,0.376,11.2,77,760.2,2.6
CHG_GLF_04,2023-06-06 17:00:00+00:00,0.0,0.0,0.373,0.375,11.4,73,760.5,2.2
CHG_GLF_04,2023-06-06 18:00:00+00:00,0.0,0.0,0.373,0.375,13.4,60,762.1,0.7
CHG_GLF_04,2023-06-06 19:00:00+00:00,0.0,0.0,0.373,0.375,12.5,63,761.2,1.8
CHG_GLF_04,2023-06-06 20:00:00+00:00,0.0,0.0,0.372,0.375,12.5,62,760.7,1.8
CHG_GLF_04,2023-06-06 21:00:00+00:00,0.0,0.0,0.372,0.375,10.9,70,759.2,3.0
CHG_GLF_04,2023-06-06 22:00:00+00:00,0.0,0.0,0.372,0.375,10.5,70,758.4,4.0
CHG_GLF_04,2023-06-06 23:00:00+00:00,0.0,0.0,0.372,0.375,10.1,71,758.1,4.0
CHG_GLF_04,2023-06-07 00:00:00+00:00,0.0,0.0,0.374,0.375,11.2,75,759.3,3.7
CHG_GLF_04,2023-06-07 01:00:00+00:00,0.0,0.0,0.373,0.375,14.8,74,762.6,2.7
CHG_GLF_04,2023-06-07 02:00:00+00:00,0.0,0.0,0.372,0.374,17.3,56,764.5,2.9
CHG_GLF_04,2023-06-07 03:00:00+00:00,0.0,0.0,0.37,0.374,18.4,51,765.5,3.3
CHG_GLF_04,2023-06-07 04:00:00+00:00,0.0,0.0,0.368,0.373,19.3,50,765.8,3.7
CHG_GLF_04,2023-06-07 05:00:00+00:00,0.0,0.0,0.366,0.372,20.0,48,766.4,4.7
CHG_GLF_04,2023-06-07 06:00:00+00:00,0.0,0.0,0.363,0.371,20.4,49,766.1,4.9
CHG_GLF_04,2023-06-07 07:00:00+00:00,0.0,0.0,0.361,0.371,20.5,52,765.4,4.3
CHG_GLF_04,2023-06-07 08:00:00+00:00,0.0,0.0,0.358,0.37,20.5,54,764.3,5.2
CHG_GLF_04,2023-06-07 09:00:00+00:00,0.0,0.0,0.356,0.369,19.8,59,763.3,4.8
CHG_GLF_04,2023-06-07 10:00:00+00:00,0.0,0.0,0.355,0.368,19.0,64,762.5,4.3
CHG_GLF_04,2023-06-07 11:00:00+00:00,0.0,0.0,0.354,0.368,17.7,72,762.0,3.7
CHG_GLF_04,2023-06-07 12:00:00+00:00,0.0,0.0,0.354,0.37,15.7,86,762.0,1.1
CHG_GLF_04,2023-06-07 13:00:00+00:00,0.0,0.0,0.355,0.369,14.8,85,761.1,3.3
CHG_GLF_04,2023-06-07 14:00:00+00:00,0.0,0.0,0.355,0.369,16.2,74,762.6,2.6
CHG_GLF_04,2023-06-07 15:00:00+00:00,0.0,0.0,0.355,0.369,13.6,76,761.2,2.9
CHG_GLF_04,2023-06-07 16:00:00+00:00,0.0,0.0,0.355,0.369,11.3,80,760.0,4.6
CHG_GLF_04,2023-06-07 17:00:00+00:00,0.0,0.0,0.355,0.369,11.4,77,760.3,4.2
CHG_GLF_04,2023-06-07 18:00:00+00:00,0.0,0.0,0.355,0.368,11.2,75,759.6,3.2
CHG_GLF_04,2023-06-07 19:00:00+00:00,0.0,0.0,0.355,0.368,10.4,77,758.7,3.5
CHG_GLF_04,2023-06-07 20:00:00+00:00,0.0,0.0,0.355,0.368,10.6,75,758.5,1.9
CHG_GLF_04,2023-06-07 21:00:00+00:00,0.0,0.0,0.355,0.368,10.5,74,758.5,2.5
CHG_GLF_04,2023-06-07 22:00:00+00:00,0.0,0.0,0.355,0.368,9.3,75,757.1,3.8
CHG_GLF_04,2023-06-07 23:00:00+00:00,0.0,0.0,0.355,0.368,8.4,74,756.6,3.4
CHG_GLF_04,2023-06-08 00:00:00+00:00,0.0,0.0,0.356,0.368,11.7,71,760.6,4.9
CHG_GLF_04,2023-06-08 01:00:00+00:00,0.0,0.0,0.356,0.368,15.8,66,763.2,4.0
CHG_GLF_04,2023-06-08 02:00:00+00:00,0.0,0.0,0.356,0.367,17.2,55,764.8,2.4
CHG_GLF_04,2023-06-08 03:00:00+00:00,0.0,0.0,0.354,0.367,18.5,52,765.9,3.6
CHG_GLF_04,2023-06-08 04:00:00+00:00,0.0,0.0,0.352,0.366,19.5,51,766.2,3.1
CHG_GLF_04,2023-06-08 05:00:00+00:00,0.1,0.1,0.35,0.365,20.3,53,766.2,5.1
CHG_GLF_04,2023-06-08 06:00:00+00:00,0.2,0.2,0.35,0.364,20.5,55,765.9,5.4
CHG_GLF_04,2023-06-08 07:00:00+00:00,0.1,0.1,0.348,0.363,19.9,59,765.3,5.2
CHG_GLF_04,2023-06-08 08:00:00+00:00,1.1,1.1,0.353,0.363,19.3,58,764.4,4.0
CHG_GLF_04,2023-06-08 09:00:00+00:00,0.2,0.2,0.352,0.362,19.1,62,763.8,2.8
CHG_GLF_04,2023-06-08 10:00:00+00:00,0.1,0.1,0.351,0.362,19.1,63,762.8,3.2
CHG_GLF_04,2023-06-08 11:00:00+00:00,0.0,0.0,0.35,0.361,18.2,69,762.0,4.1
CHG_GLF_04,2023-06-08 12:00:00+00:00,0.0,0.0,0.35,0.361,17.0,76,761.5,1.8
CHG_GLF_04,2023-06-08 13:00:00+00:00,0.0,0.0,0.347,0.359,16.0,77,760.8,3.3
CHG_GLF_04,2023-06-08 14:00:00+00:00,0.0,0.0,0.347,0.359,16.6,72,762.6,3.3
CHG_GLF_04,2023-06-08 15:00:00+00:00,0.0,0.0,0.347,0.359,16.4,67,763.2,3.5
CHG_GLF_04,2023-06-08 16:00:00+00:00,0.0,0.0,0.347,0.359,13.7,72,760.8,4.2
CHG_GLF_04,2023-06-08 17:00:00+00:00,0.0,0.0,0.347,0.359,12.1,74,758.8,4.5
CHG_GLF_04,2023-06-08 18:00:00+00:00,0.0,0.0,0.347,0.359,10.8,78,758.0,1.6
CHG_GLF_04,2023-06-08 19:00:00+00:00,0.0,0.0,0.348,0.359,9.9,77,757.4,2.4
CHG_GLF_04,2023-06-08 20:00:00+00:00,0.0,0.0,0.348,0.358,10.0,76,757.4,3.8
CHG_GLF_04,2023-06-08 21:00:00+00:00,0.0,0.0,0.348,0.358,10.4,72,757.0,3.5
CHG_GLF_04,2023-06-08 22:00:00+00:00,0.0,0.0,0.348,0.358,11.0,68,756.7,5.8
CHG_GLF_04,2023-06-08 23:00:00+00:00,0.0,0.0,0.348,0.358,9.5,72,755.1,5.2
CHG_GLF_04,2023-06-09 00:00:00+00:00,0.0,0.0,0.348,0.358,11.2,70,757.0,2.1
CHG_GLF_04,2023-06-09 01:00:00+00:00,0.3,0.3,0.351,0.358,14.3,66,760.7,1.9
CHG_GLF_04,2023-06-09 02:00:00+00:00,0.3,0.3,0.352,0.358,15.7,62,762.8,1.0
CHG_GLF_04,2023-06-09 03:00:00+00:00,0.1,0.1,0.352,0.358,17.6,64,763.5,1.8
CHG_GLF_04,2023-06-09 04:00:00+00:00,0.0,0.0,0.35,0.357,20.0,56,764.6,4.5
CHG_GLF_04,2023-06-09 05:00:00+00:00,0.0,0.0,0.348,0.356,20.1,60,764.7,5.8
CHG_GLF_04,2023-06-09 06:00:00+00:00,0.2,0.2,0.347,0.356,19.4,68,763.9,4.6
CHG_GLF_04,2023-06-09 07:00:00+00:00,0.9,0.9,0.351,0.355,18.7,70,763.0,4.9
CHG_GLF_04,2023-06-09 08:00:00+00:00,0.6,0.6,0.353,0.355,18.5,70,761.9,2.1
CHG_GLF_04,2023-06-09 09:00:00+00:00,0.0,0.0,0.352,0.355,19.3,67,761.2,3.4
CHG_GLF_04,2023-06-09 10:00:00+00:00,0.0,0.0,0.351,0.354,18.7,69,760.3,3.9
CHG_GLF_04,2023-06-09 11:00:00+00:00,0.0,0.0,0.35,0.354,17.7,74,760.4,3.3
CHG_GLF_04,2023-06-09 12:00:00+00:00,0.1,0.1,0.35,0.354,16.0,82,760.5,2.3
CHG_GLF_04,2023-06-09 13:00:00+00:00,0.0,0.0,0.338,0.353,15.7,85,760.4,1.8
CHG_GLF_04,2023-06-09 14:00:00+00:00,0.0,0.0,0.338,0.353,15.3,87,761.0,3.6
CHG_GLF_04,2023-06-09 15:00:00+00:00,0.0,0.0,0.338,0.353,15.7,83,761.4,1.5
CHG_GLF_04,2023-06-09 16:00:00+00:00,0.0,0.0,0.338,0.352,15.5,83,761.5,0.7
CHG_GLF_04,2023-06-09 17:00:00+00:00,0.0,0.0,0.338,0.352,14.1,84,760.4,2.8
CHG_GLF_04,2023-06-09 18:00:00+00:00,0.0,0.0,0.338,0.352,15.5,76,761.1,0.8
CHG_GLF_04,2023-06-09 19:00:00+00:00,0.0,0.0,0.339,0.352,14.9,79,760.1,0.5
CHG_GLF_04,2023-06-09 20:00:00+00:00,0.0,0.0,0.339,0.352,13.6,80,758.6,2.3
CHG_GLF_04,2023-06-09 21:00:00+00:00,0.0,0.0,0.339,0.352,15.0,73,759.6,1.8
CHG_GLF_04,2023-06-09 22:00:00+00:00,0.0,0.0,0.339,0.352,15.1,75,759.6,1.4
CHG_GLF_04,2023-06-09 23:00:00+00:00,0.0,0.0,0.339,0.352,14.7,77,759.3,0.8
CHG_GLF_04,2023-06-10 00:00:00+00:00,0.0,0.0,0.341,0.35,13.6,82,758.9,5.6
CHG_GLF_04,2023-06-10 01:00:00+00:00,0.0,0.0,0.341,0.35,16.3,74,760.7,1.1
CHG_GLF_04,2023-06-10 02:00:00+00:00,0.0,0.0,0.34,0.349,17.3,70,761.6,2.5
CHG_GLF_04,2023-06-10 03:00:00+00:00,0.0,0.0,0.339,0.349,18.3,67,762.6,4.6
CHG_GLF_04,2023-06-10 04:00:00+00:00,0.2,0.2,0.339,0.348,18.9,66,763.1,4.0
CHG_GLF_04,2023-06-10 05:00:00+00:00,0.1,0.1,0.338,0.348,19.7,64,762.9,5.5
CHG_GLF_04,2023-06-10 06:00:00+00:00,0.2,0.2,0.337,0.347,19.4,70,762.5,5.0
CHG_GLF_04,2023-06-10 07:00:00+00:00,0.1,0.1,0.336,0.347,19.4,68,761.8,4.8
CHG_GLF_04,2023-06-10 08:00:00+00:00,0.1,0.1,0.335,0.346,18.7,74,761.3,3.5
CHG_GLF_04,2023-06-10 09:00:00+00:00,0.1,0.1,0.334,0.346,18.6,76,760.5,3.3
CHG_GLF_04,2023-06-10 10:00:00+00:00,0.1,0.1,0.334,0.345,17.9,79,759.7,3.6
CHG_GLF_04,2023-06-10 11:00:00+00:00,0.1,0.1,0.334,0.345,17.5,82,759.5,3.4
CHG_GLF_04,2023-06-10 12:00:00+00:00,0.0,0.0,0.341,0.349,15.8,91,759.3,1.9
CHG_GLF_04,2023-06-10 13:00:00+00:00,0.0,0.0,0.342,0.349,15.2,94,759.5,2.3
CHG_GLF_04,2023-06-10 14:00:00+00:00,0.1,0.1,0.342,0.349,15.0,95,760.0,0.8
CHG_GLF_04,2023-06-10 15:00:00+00:00,0.2,0.2,0.343,0.349,14.8,96,760.5,1.6
CHG_GLF_04,2023-06-10 16:00:00+00:00,0.1,0.1,0.344,0.349,15.0,94,760.5,1.1
CHG_GLF_04,2023-06-10 17:00:00+00:00,0.7,0.7,0.35,0.349,14.7,92,760.6,1.8
CHG_GLF_04,2023-06-10 18:00:00+00:00,0.1,0.1,0.351,0.349,14.7,93,760.0,1.3
CHG_GLF_04,2023-06-10 19:00:00+00:00,0.3,0.3,0.353,0.349,14.6,90,759.2,1.1
CHG_GLF_04,2023-06-10 20:00:00+00:00,1.4,1.4,0.368,0.349,14.4,91,758.7,1.5
CHG_GLF_04,2023-06-10 21:00:00+00:00,1.1,1.1,0.378,0.349,14.4,92,758.7,2.0
CHG_GLF_04,2023-06-10 22:00:00+00:00,0.2,0.2,0.379,0.35,14.3,94,758.4,1.5
CHG_GLF_04,2023-06-10 23:00:00+00:00,0.3,0.3,0.381,0.35,14.4,91,758.7,1.1
CHG_GLF_04,2023-06-11 00:00:00+00:00,0.3,0.3,0.402,0.359,14.8,94,759.1,1.9
CHG_GLF_04,2023-06-11 01:00:00+00:00,0.2,0.2,0.4,0.36,15.1,93,760.0,0.5
CHG_GLF_04,2023-06-11 02:00:00+00:00,0.2,0.2,0.398,0.361,16.1,90,760.8,1.8
CHG_GLF_04,2023-06-11 03:00:00+00:00,0.0,0.0,0.395,0.361,17.5,86,761.4,4.1
CHG_GLF_04,2023-06-11 04:00:00+00:00,0.0,0.0,0.392,0.362,18.3,79,761.6,4.2
CHG_GLF_04,2023-06-11 05:00:00+00:00,0.0,0.0,0.388,0.362,19.5,68,761.9,4.7
CHG_GLF_04,2023-06-11 06:00:00+00:00,0.0,0.0,0.385,0.362,20.0,66,761.8,3.9
CHG_GLF_04,2023-06-11 07:00:00+00:00,0.5,0.5,0.385,0.361,19.6,67,760.8,3.2
CHG_GLF_04,2023-06-11 08:00:00+00:00,0.7,0.7,0.386,0.362,18.3,73,759.9,4.1
CHG_GLF_04,2023-06-11 09:00:00+00:00,0.3,0.3,0.385,0.362,17.8,79,759.0,1.9
CHG_GLF_04,2023-06-11 10:00:00+00:00,0.1,0.1,0.383,0.362,18.1,78,759.1,2.8
CHG_GLF_04,2023-06-11 11:00:00+00:00,0.1,0.1,0.382,0.362,17.3,80,758.6,3.1
CHG_GLF_04,2023-06-11 12:00:00+00:00,0.1,0.1,0.381,0.363,16.2,87,758.6,2.9
CHG_GLF_04,2023-06-11 13:00:00+00:00,0.1,0.1,0.38,0.363,15.6,91,759.3,1.8
CHG_GLF_04,2023-06-11 14:00:00+00:00,0.1,0.1,0.38,0.364,15.2,93,759.5,0.8
CHG_GLF_04,2023-06-11 15:00:00+00:00,0.0,0.0,0.379,0.364,15.8,83,760.0,3.2
CHG_GLF_04,2023-06-11 16:00:00+00:00,0.0,0.0,0.378,0.364,15.7,83,760.8,0.4
CHG_GLF_04,2023-06-11 17:00:00+00:00,0.0,0.0,0.377,0.364,15.7,82,760.7,0.8
CHG_GLF_04,2023-06-11 18:00:00+00:00,0.1,0.1,0.377,0.364,15.1,86,759.7,1.1
CHG_GLF_04,2023-06-11 19:00:00+00:00,0.1,0.1,0.377,0.365,15.4,83,759.2,1.1
CHG_GLF_04,2023-06-11 20:00:00+00:00,0.0,0.0,0.376,0.365,15.3,81,759.1,1.8
CHG_GLF_04,2023-06-11 21:00:00+00:00,0.1,0.1,0.376,0.365,14.7,93,758.3,2.5
CHG_GLF_04,2023-06-11 22:00:00+00:00,0.5,0.5,0.378,0.365,14.3,92,758.4,0.4
CHG_GLF_04,2023-06-11 23:00:00+00:00,0.9,0.9,0.386,0.365,13.9,96,758.4,1.3
CHG_GLF_04,2023-06-12 00:00:00+00:00,0.4,0.4,0.397,0.375,14.3,90,759.4,2.4
CHG_GLF_04,2023-06-12 01:00:00+00:00,0.4,0.4,0.399,0.376,14.8,98,759.6,0.8
CHG_GLF_04,2023-06-12 02:00:00+00:00,0.1,0.1,0.398,0.376,15.9,94,760.1,0.4
CHG_GLF_04,2023-06-12 03:00:00+00:00,2.1,2.1,0.411,0.377,16.7,82,761.3,4.8
CHG_GLF_04,2023-06-12 04:00:00+00:00,0.7,0.7,0.411,0.378,17.0,79,761.7,3.6
CHG_GLF_04,2023-06-12 05:00:00+00:00,0.2,0.2,0.407,0.379,17.2,77,761.8,4.3
CHG_GLF_04,2023-06-12 06:00:00+00:00,0.0,0.0,0.404,0.379,17.1,76,761.9,3.4
CHG_GLF_04,2023-06-12 07:00:00+00:00,0.1,0.1,0.401,0.38,15.4,82,760.5,2.1
CHG_GLF_04,2023-06-12 08:00:00+00:00,0.1,0.1,0.399,0.38,15.8,80,759.7,2.1
CHG_GLF_04,2023-06-12 09:00:00+00:00,0.0,0.0,0.397,0.381,16.8,74,759.8,2.8
CHG_GLF_04,2023-06-12 10:00:00+00:00,0.0,0.0,0.394,0.381,17.5,68,759.6,2.1
CHG_GLF_04,2023-06-12 11:00:00+00:00,0.0,0.0,0.392,0.381,17.3,68,759.2,2.3
CHG_GLF_04,2023-06-12 12:00:00+00:00,0.0,0.0,0.395,0.385,15.4,87,758.6,1.8
CHG_GLF_04,2023-06-12 13:00:00+00:00,0.0,0.0,0.394,0.385,15.5,86,758.8,1.4
CHG_GLF_04,2023-06-12 14:00:00+00:00,0.0,0.0,0.393,0.385,15.4,88,759.5,2.3
CHG_GLF_04,2023-06-12 15:00:00+00:00,0.2,0.2,0.393,0.386,15.0,91,760.0,2.8
CHG_GLF_04,2023-06-12 16:00:00+00:00,0.5,0.5,0.394,0.386,14.5,89,760.3,1.5
CHG_GLF_04,2023-06-12 17:00:00+00:00,0.2,0.2,0.395,0.386,14.5,87,760.4,0.5
CHG_GLF_04,2023-06-12 18:00:00+00:00,0.4,0.4,0.397,0.386,14.4,88,759.8,1.1
CHG_GLF_04,2023-06-12 19:00:00+00:00,0.5,0.5,0.4,0.386,14.3,90,759.4,1.5
CHG_GLF_04,2023-06-12 20:00:00+00:00,0.4,0.4,0.402,0.387,14.2,89,758.6,1.3
CHG_GLF_04,2023-06-12 21:00:00+00:00,0.1,0.1,0.402,0.387,14.0,90,758.2,0.8
CHG_GLF_04,2023-06-12 22:00:00+00:00,0.1,0.1,0.4,0.388,13.9,90,757.8,1.3
CHG_GLF_04,2023-06-12 23:00:00+00:00,0.1,0.1,0.4,0.388,14.3,87,758.0,1.8
CHG_GLF_04,2023-06-13 00:00:00+00:00,0.2,0.2,0.405,0.389,13.6,92,757.7,2.6
CHG_GLF_04,2023-06-13 01:00:00+00:00,0.2,0.2,0.405,0.39,14.4,97,758.7,2.1
CHG_GLF_04,2023-06-13 02:00:00+00:00,0.2,0.2,0.404,0.39,14.4,94,759.3,2.6
CHG_GLF_04,2023-06-13 03:00:00+00:00,0.0,0.0,0.402,0.391,15.3,89,760.0,2.4
CHG_GLF_04,2023-06-13 04:00:00+00:00,0.1,0.1,0.4,0.391,17.4,80,760.9,4.2
CHG_GLF_04,2023-06-13 05:00:00+00:00,0.2,0.2,0.398,0.391,18.6,74,761.0,5.0
CHG_GLF_04,2023-06-13 06:00:00+00:00,0.1,0.1,0.396,0.39,19.3,70,760.8,5.1
CHG_GLF_04,2023-06-13 07:00:00+00:00,0.1,0.1,0.394,0.39,19.2,71,760.1,5.2
CHG_GLF_04,2023-06-13 08:00:00+00:00,0.2,0.2,0.392,0.389,18.6,74,759.3,3.9
CHG_GLF_04,2023-06-13 09:00:00+00:00,0.2,0.2,0.391,0.389,18.4,72,758.7,4.6
CHG_GLF_04,2023-06-13 10:00:00+00:00,0.3,0.3,0.391,0.389,17.5,78,757.9,4.1
CHG_GLF_04,2023-06-13 11:00:00+00:00,0.3,0.3,0.392,0.389,16.5,85,757.3,2.6
CHG_GLF_04,2023-06-13 12:00:00+00:00,0.1,0.1,0.406,0.391,15.0,97,757.3,2.3
CHG_GLF_04,2023-06-13 13:00:00+00:00,1.0,1.0,0.412,0.391,14.7,98,757.3,2.1
CHG_GLF_04,2023-06-13 14:00:00+00:00,1.3,1.3,0.419,0.393,14.9,92,758.0,1.8
CHG_GLF_04,2023-06-13 15:00:00+00:00,0.6,0.6,0.42,0.394,14.8,92,758.3,1.3
CHG_GLF_04,2023-06-13 16:00:00+00:00,1.1,1.1,0.424,0.396,14.7,91,758.7,2.3
CHG_GLF_04,2023-06-13 17:00:00+00:00,2.1,2.1,0.434,0.399,14.5,91,758.8,0.8
CHG_GLF_04,2023-06-13 18:00:00+00:00,2.8,2.8,0.436,0.406,14.3,92,758.3,1.3
CHG_GLF_04,2023-06-13 19:00:00+00:00,1.0,1.0,0.431,0.41,14.3,90,757.7,2.1
CHG_GLF_04,2023-06-13 20:00:00+00:00,0.8,0.8,0.431,0.412,14.4,89,757.1,0.5
CHG_GLF_04,2023-06-13 21:00:00+00:00,0.4,0.4,0.427,0.414,14.8,86,757.0,2.2
CHG_GLF_04,2023-06-13 22:00:00+00:00,0.0,0.0,0.423,0.415,14.7,85,756.8,2.5
CHG_GLF_04,2023-06-13 23:00:00+00:00,0.1,0.1,0.42,0.415,14.5,89,757.3,2.0
CHG_GLF_04,2023-06-14 00:00:00+00:00,0.1,0.1,0.411,0.401,14.4,81,758.3,1.8
CHG_GLF_04,2023-06-14 01:00:00+00:00,0.0,0.0,0.409,0.401,14.6,86,758.5,1.6
CHG_GLF_04,2023-06-14 02:00:00+00:00,0.0,0.0,0.408,0.401,15.5,86,759.1,1.4
CHG_GLF_04,2023-06-14 03:00:00+00:00,0.0,0.0,0.406,0.401,17.0,80,759.9,1.9
CHG_GLF_04,2023-06-14 04:00:00+00:00,0.1,0.1,0.404,0.401,18.5,71,760.4,4.9
CHG_GLF_04,2023-06-14 05:00:00+00:00,0.1,0.1,0.402,0.401,18.4,76,760.6,4.6
CHG_GLF_04,2023-06-14 06:00:00+00:00,0.2,0.2,0.4,0.4,18.4,75,760.1,3.8
CHG_GLF_04,2023-06-14 07:00:00+00:00,0.1,0.1,0.399,0.4,18.6,74,759.7,3.3
CHG_GLF_04,2023-06-14 08:00:00+00:00,0.3,0.3,0.398,0.399,17.3,78,758.7,2.3
CHG_GLF_04,2023-06-14 09:00:00+00:00,0.8,0.8,0.401,0.399,17.6,80,757.9,1.4
CHG_GLF_04,2023-06-14 10:00:00+00:00,2.8,2.8,0.42,0.399,15.8,95,757.0,2.3
CHG_GLF_04,2023-06-14 11:00:00+00:00,1.8,1.8,0.428,0.401,15.1,98,756.6,1.5
CHG_GLF_04,2023-06-14 12:00:00+00:00,2.0,2.0,0.424,0.404,15.1,98,757.0,1.9
CHG_GLF_04,2023-06-14 13:00:00+00:00,3.6,3.6,0.434,0.412,14.2,99,757.4,0.5
CHG_GLF_04,2023-06-14 14:00:00+00:00,4.8,4.8,0.439,0.423,15.1,91,757.9,2.3
CHG_GLF_04,2023-06-14 15:00:00+00:00,4.3,4.3,0.439,0.433,15.1,91,758.3,2.6
CHG_GLF_04,2023-06-14 16:00:00+00:00,5.4,5.4,0.437,0.439,14.6,94,758.5,2.5
CHG_GLF_04,2023-06-14 17:00:00+00:00,5.5,5.5,0.434,0.438,13.6,98,757.9,2.9
CHG_GLF_04,2023-06-14 18:00:00+00:00,1.8,1.8,0.436,0.436,13.2,99,757.2,3.6
CHG_GLF_04,2023-06-14 19:00:00+00:00,0.7,0.7,0.434,0.435,14.7,87,757.5,1.3
CHG_GLF_04,2023-06-14 20:00:00+00:00,0.3,0.3,0.43,0.433,14.8,83,756.8,2.5
CHG_GLF_04,2023-06-14 21:00:00+00:00,0.4,0.4,0.429,0.432,14.7,84,756.4,2.5
CHG_GLF_04,2023-06-14 22:00:00+00:00,0.7,0.7,0.43,0.431,13.3,93,755.2,3.4
CHG_GLF_04,2023-06-14 23:00:00+00:00,0.2,0.2,0.428,0.43,15.1,76,756.5,2.4
CHG_GLF_04,2023-06-15 00:00:00+00:00,0.1,0.1,0.435,0.435,13.5,96,756.4,3.0
CHG_GLF_04,2023-06-15 01:00:00+00:00,4.0,4.0,0.439,0.438,14.7,95,757.1,2.2
CHG_GLF_04,2023-06-15 02:00:00+00:00,6.9,6.9,0.439,0.438,14.7,97,757.6,2.4
CHG_GLF_04,2023-06-15 03:00:00+00:00,5.2,5.2,0.436,0.439,14.6,94,758.3,2.9
CHG_GLF_04,2023-06-15 04:00:00+00:00,1.3,1.3,0.431,0.436,15.3,94,759.2,3.1
CHG_GLF_04,2023-06-15 05:00:00+00:00,0.1,0.1,0.426,0.434,16.5,84,759.4,3.3
CHG_GLF_04,2023-06-15 06:00:00+00:00,0.4,0.4,0.424,0.433,16.3,88,759.0,3.0
CHG_GLF_04,2023-06-15 07:00:00+00:00,0.4,0.4,0.422,0.431,16.2,83,758.4,2.9
CHG_GLF_04,2023-06-15 08:00:00+00:00,0.6,0.6,0.422,0.43,16.1,85,757.8,3.1
CHG_GLF_04,2023-06-15 09:00:00+00:00,1.7,1.7,0.429,0.429,14.8,98,756.7,4.3
CHG_GLF_04,2023-06-15 10:00:00+00:00,2.3,2.3,0.437,0.431,14.9,98,756.5,3.3
CHG_GLF_04,2023-06-15 11:00:00+00:00,2.9,2.9,0.439,0.434,15.1,98,756.1,3.7
CHG_GLF_04,2023-06-15 12:00:00+00:00,4.4,4.4,0.44,0.437,15.3,95,756.6,1.8
CHG_GLF_04,2023-06-15 13:00:00+00:00,4.8,4.8,0.433,0.438,15.3,89,757.5,1.5
CHG_GLF_04,2023-06-15 14:00:00+00:00,3.7,3.7,0.438,0.437,14.7,93,758.2,2.1
CHG_GLF_04,2023-06-15 15:00:00+00:00,2.3,2.3,0.435,0.437,14.6,94,758.6,2.6
CHG_GLF_04,2023-06-15 16:00:00+00:00,2.6,2.6,0.438,0.438,14.6,93,759.2,2.1
CHG_GLF_04,2023-06-15 17:00:00+00:00,2.9,2.9,0.438,0.437,14.2,93,759.0,1.9
CHG_GLF_04,2023-06-15 18:00:00+00:00,2.3,2.3,0.434,0.439,14.4,91,758.8,3.9
CHG_GLF_04,2023-06-15 19:00:00+00:00,2.3,2.3,0.437,0.437,14.3,88,758.0,3.6
CHG_GLF_04,2023-06-15 20:00:00+00:00,1.7,1.7,0.437,0.437,14.6,83,757.9,1.8
CHG_GLF_04,2023-06-15 21:00:00+00:00,1.1,1.1,0.436,0.436,14.2,84,757.1,0.4
CHG_GLF_04,2023-06-15 22:00:00+00:00,0.3,0.3,0.43,0.435,14.1,85,757.0,1.3
CHG_GLF_04,2023-06-15 23:00:00+00:00,0.2,0.2,0.427,0.434,14.0,85,757.2,1.3
CHG_GLF_04,2023-06-16 00:00:00+00:00,0.2,0.2,0.421,0.433,14.6,85,757.9,0.8
CHG_GLF_04,2023-06-16 01:00:00+00:00,1.1,1.1,0.426,0.432,14.0,98,757.8,2.1
CHG_GLF_04,2023-06-16 02:00:00+00:00,0.8,0.8,0.427,0.432,14.2,98,758.4,1.9
CHG_GLF_04,2023-06-16 03:00:00+00:00,0.5,0.5,0.426,0.431,15.3,88,759.5,2.7
CHG_GLF_04,2023-06-16 04:00:00+00:00,0.2,0.2,0.423,0.431,16.1,86,760.3,4.6
CHG_GLF_04,2023-06-16 05:00:00+00:00,0.2,0.2,0.42,0.43,17.1,80,760.7,3.1
CHG_GLF_04,2023-06-16 06:00:00+00:00,0.1,0.1,0.417,0.429,17.1,77,760.3,2.5
CHG_GLF_04,2023-06-16 07:00:00+00:00,1.1,1.1,0.419,0.428,16.6,85,759.3,2.1
CHG_GLF_04,2023-06-16 08:00:00+00:00,1.7,1.7,0.425,0.427,17.2,84,758.9,3.1
CHG_GLF_04,2023-06-16 09:00:00+00:00,1.4,1.4,0.43,0.427,15.6,98,757.7,2.8
CHG_GLF_04,2023-06-16 10:00:00+00:00,1.7,1.7,0.434,0.428,15.5,99,757.0,3.4
CHG_GLF_04,2023-06-16 11:00:00+00:00,2.1,2.1,0.437,0.43,15.6,99,757.1,3.3
CHG_GLF_04,2023-06-16 12:00:00+00:00,4.8,4.8,0.437,0.438,15.5,86,757.7,1.1
CHG_GLF_04,2023-06-16 13:00:00+00:00,5.8,5.8,0.439,0.438,15.9,80,758.2,1.5
CHG_GLF_04,2023-06-16 14:00:00+00:00,7.8,7.8,0.432,0.438,15.9,81,758.8,2.5
CHG_GLF_04,2023-06-16 15:00:00+00:00,10.8,10.8,0.433,0.438,15.9,81,759.6,2.4
CHG_GLF_04,2023-06-16 16:00:00+00:00,10.4,10.4,0.435,0.439,15.4,86,760.1,1.8
CHG_GLF_04,2023-06-16 17:00:00+00:00,9.9,9.9,0.435,0.438,15.3,87,760.3,2.3
CHG_GLF_04,2023-06-16 18:00:00+00:00,8.5,8.5,0.439,0.437,15.3,87,759.8,1.8
CHG_GLF_04,2023-06-16 19:00:00+00:00,6.3,6.3,0.439,0.435,15.2,87,759.5,1.9
CHG_GLF_04,2023-06-16 20:00:00+00:00,2.8,2.8,0.437,0.436,15.1,88,759.0,1.0
CHG_GLF_04,2023-06-16 21:00:00+00:00,1.0,1.0,0.434,0.435,14.9,88,758.8,0.4
CHG_GLF_04,2023-06-16 22:00:00+00:00,0.3,0.3,0.43,0.433,15.1,88,758.6,1.1
CHG_GLF_04,2023-06-16 23:00:00+00:00,0.2,0.2,0.427,0.431,14.7,90,758.8,1.8
CHG_GLF_04,2023-06-17 00:00:00+00:00,0.4,0.4,0.426,0.436,14.6,79,759.8,0.4
CHG_GLF_04,2023-06-17 01:00:00+00:00,0.0,0.0,0.423,0.433,14.7,87,760.3,1.1
CHG_GLF_04,2023-06-17 02:00:00+00:00,0.0,0.0,0.42,0.431,16.0,87,761.4,2.4
CHG_GLF_04,2023-06-17 03:00:00+00:00,0.0,0.0,0.417,0.429,17.3,80,762.2,4.6
CHG_GLF_04,2023-06-17 04:00:00+00:00,0.0,0.0,0.414,0.426,18.4,74,763.1,6.2
CHG_GLF_04,2023-06-17 05:00:00+00:00,0.0,0.0,0.411,0.424,19.3,68,763.5,5.8
CHG_GLF_04,2023-06-17 06:00:00+00:00,0.0,0.0,0.408,0.421,19.7,62,763.3,4.8
CHG_GLF_04,2023-06-17 07:00:00+00:00,0.0,0.0,0.405,0.419,19.5,64,762.6,2.8
CHG_GLF_04,2023-06-17 08:00:00+00:00,0.0,0.0,0.403,0.417,19.8,64,761.7,2.6
CHG_GLF_04,2023-06-17 09:00:00+00:00,0.2,0.2,0.401,0.415,18.5,73,760.7,5.1
CHG_GLF_04,2023-06-17 10:00:00+00:00,0.5,0.5,0.402,0.413,18.0,78,760.0,2.3
CHG_GLF_04,2023-06-17 11:00:00+00:00,3.2,3.2,0.422,0.412,15.7,98,758.9,3.8
CHG_GLF_04,2023-06-17 12:00:00+00:00,9.6,9.6,0.439,0.427,15.1,97,759.6,1.5
CHG_GLF_04,2023-06-17 13:00:00+00:00,4.6,4.6,0.436,0.436,15.7,91,760.3,2.0
CHG_GLF_04,2023-06-17 14:00:00+00:00,7.8,7.8,0.439,0.439,15.2,91,761.1,2.4
CHG_GLF_04,2023-06-17 15:00:00+00:00,6.8,6.8,0.433,0.439,15.0,92,761.5,2.6
CHG_GLF_04,2023-06-17 16:00:00+00:00,5.3,5.3,0.431,0.439,15.1,91,762.0,1.8
CHG_GLF_04,2023-06-17 17:00:00+00:00,4.4,4.4,0.434,0.429,14.6,93,762.0,1.4
CHG_GLF_04,2023-06-17 18:00:00+00:00,5.1,5.1,0.439,0.433,14.7,92,761.7,1.1
CHG_GLF_04,2023-06-17 19:00:00+00:00,3.4,3.4,0.435,0.437,15.0,91,761.3,1.9
CHG_GLF_04,2023-06-17 20:00:00+00:00,1.4,1.4,0.434,0.436,14.8,90,760.8,2.8
CHG_GLF_04,2023-06-17 21:00:00+00:00,0.9,0.9,0.433,0.434,14.9,90,760.5,1.3
CHG_GLF_04,2023-06-17 22:00:00+00:00,0.4,0.4,0.43,0.433,15.0,89,760.4,2.1
CHG_GLF_04,2023-06-17 23:00:00+00:00,0.1,0.1,0.426,0.431,15.1,89,760.1,2.1
CHG_GLF_04,2023-06-18 00:00:00+00:00,0.1,0.1,0.426,0.426,14.2,93,760.8,2.9
CHG_GLF_04,2023-06-18 01:00:00+00:00,5.6,5.6,0.438,0.431,14.0,99,760.9,0.8
CHG_GLF_04,2023-06-18 02:00:00+00:00,0.4,0.4,0.431,0.431,14.6,94,762.1,2.3
CHG_GLF_04,2023-06-18 03:00:00+00:00,0.7,0.7,0.429,0.43,16.3,87,763.0,2.6
CHG_GLF_04,2023-06-18 04:00:00+00:00,0.8,0.8,0.428,0.429,17.2,85,763.5,4.3
CHG_GLF_04,2023-06-18 05:00:00+00:00,0.5,0.5,0.426,0.428,18.0,82,763.4,5.4
CHG_GLF_04,2023-06-18 06:00:00+00:00,0.1,0.1,0.422,0.426,18.4,76,763.5,4.5
CHG_GLF_04,2023-06-18 07:00:00+00:00,0.0,0.0,0.418,0.424,18.0,76,762.6,1.5
CHG_GLF_04,2023-06-18 08:00:00+00:00,0.6,0.6,0.417,0.422,17.8,75,761.3,2.3
CHG_GLF_04,2023-06-18 09:00:00+00:00,1.9,1.9,0.424,0.421,16.5,98,760.2,1.4
CHG_GLF_04,2023-06-18 10:00:00+00:00,4.0,4.0,0.438,0.424,15.8,99,759.5,1.1
CHG_GLF_04,2023-06-18 11:00:00+00:00,3.4,3.4,0.435,0.43,15.9,98,759.5,0.8
CHG_GLF_04,2023-06-18 12:00:00+00:00,8.3,8.3,0.438,0.439,14.6,99,759.8,3.4
CHG_GLF_04,2023-06-18 13:00:00+00:00,9.5,9.5,0.434,0.438,15.0,93,760.6,2.2
CHG_GLF_04,2023-06-18 14:00:00+00:00,10.9,10.9,0.438,0.435,15.4,90,761.4,2.6
CHG_GLF_04,2023-06-18 15:00:00+00:00,10.0,10.0,0.437,0.437,15.5,90,762.1,0.8
CHG_GLF_04,2023-06-18 16:00:00+00:00,7.4,7.4,0.436,0.433,15.2,92,762.2,1.1
CHG_GLF_04,2023-06-18 17:00:00+00:00,5.5,5.5,0.435,0.436,15.2,92,762.3,2.2
CHG_GLF_04,2023-06-18 18:00:00+00:00,4.3,4.3,0.43,0.438,15.3,91,761.9,1.1
CHG_GLF_04,2023-06-18 19:00:00+00:00,1.5,1.5,0.432,0.43,15.4,91,761.3,2.1
CHG_GLF_04,2023-06-18 20:00:00+00:00,0.2,0.2,0.429,0.428,15.0,95,760.1,1.8
CHG_GLF_04,2023-06-18 21:00:00+00:00,0.4,0.4,0.428,0.426,14.2,98,759.8,1.5
CHG_GLF_04,2023-06-18 22:00:00+00:00,1.3,1.3,0.431,0.425,14.2,94,760.1,2.2
CHG_GLF_04,2023-06-18 23:00:00+00:00,0.2,0.2,0.427,0.423,14.9,86,760.0,0.8
CHG_GLF_04,2023-06-19 00:00:00+00:00,0.0,0.0,0.425,0.427,15.0,87,760.4,3.4
CHG_GLF_04,2023-06-19 01:00:00+00:00,0.1,0.1,0.423,0.425,14.2,99,760.9,0.8
CHG_GLF_04,2023-06-19 02:00:00+00:00,1.8,1.8,0.432,0.424,14.3,99,761.4,1.5
CHG_GLF_04,2023-06-19 03:00:00+00:00,2.6,2.6,0.439,0.425,14.9,99,761.6,2.2
CHG_GLF_04,2023-06-19 04:00:00+00:00,5.3,5.3,0.439,0.434,15.1,98,762.0,2.3
CHG_GLF_04,2023-06-19 05:00:00+00:00,1.3,1.3,0.433,0.435,16.0,89,762.2,2.3
CHG_GLF_04,2023-06-19 06:00:00+00:00,0.2,0.2,0.428,0.434,17.7,78,762.6,3.5
CHG_GLF_04,2023-06-19 07:00:00+00:00,0.0,0.0,0.423,0.433,17.6,75,762.0,2.6
CHG_GLF_04,2023-06-19 08:00:00+00:00,0.0,0.0,0.419,0.431,17.6,75,761.3,2.1
CHG_GLF_04,2023-06-19 09:00:00+00:00,0.1,0.1,0.417,0.429,17.8,74,760.7,2.7
CHG_GLF_04,2023-06-19 10:00:00+00:00,0.5,0.5,0.416,0.427,16.8,84,760.1,2.9
CHG_GLF_04,2023-06-19 11:00:00+00:00,0.9,0.9,0.418,0.426,16.0,90,759.5,2.3
CHG_GLF_04,2023-06-19 12:00:00+00:00,1.6,1.6,0.418,0.413,15.1,97,760.1,1.6
CHG_GLF_04,2023-06-19 13:00:00+00:00,1.2,1.2,0.424,0.413,14.3,98,759.6,2.2
CHG_GLF_04,2023-06-19 14:00:00+00:00,1.2,1.2,0.429,0.413,14.9,94,760.8,2.3
CHG_GLF_04,2023-06-19 15:00:00+00:00,1.4,1.4,0.432,0.414,14.6,96,761.0,2.6
CHG_GLF_04,2023-06-19 16:00:00+00:00,2.2,2.2,0.436,0.417,14.5,96,761.3,2.3
CHG_GLF_04,2023-06-19 17:00:00+00:00,3.2,3.2,0.438,0.423,14.5,95,761.5,2.3
CHG_GLF_04,2023-06-19 18:00:00+00:00,1.5,1.5,0.434,0.426,14.6,93,761.0,0.0
CHG_GLF_04,2023-06-19 19:00:00+00:00,0.4,0.4,0.43,0.426,14.9,91,760.5,1.3
CHG_GLF_04,2023-06-19 20:00:00+00:00,0.7,0.7,0.43,0.426,15.1,90,760.2,1.6
CHG_GLF_04,2023-06-19 21:00:00+00:00,0.8,0.8,0.43,0.426,15.2,90,759.7,1.5
CHG_GLF_04,2023-06-19 22:00:00+00:00,0.5,0.5,0.429,0.426,15.1,90,759.4,1.6
CHG_GLF_04,2023-06-19 23:00:00+00:00,0.1,0.1,0.426,0.426,15.0,90,759.5,2.3
CHG_GLF_04,2023-06-20 00:00:00+00:00,0.2,0.2,0.417,0.414,14.8,88,760.6,2.2
CHG_GLF_04,2023-06-20 01:00:00+00:00,0.6,0.6,0.419,0.413,15.1,88,761.0,1.8
CHG_GLF_04,2023-06-20 02:00:00+00:00,0.2,0.2,0.417,0.413,15.2,94,762.0,2.8
CHG_GLF_04,2023-06-20 03:00:00+00:00,0.1,0.1,0.415,0.412,16.0,87,762.5,2.4
CHG_GLF_04,2023-06-20 04:00:00+00:00,0.0,0.0,0.412,0.411,18.5,75,763.4,4.7
CHG_GLF_04,2023-06-20 05:00:00+00:00,0.0,0.0,0.409,0.41,19.3,69,763.6,5.2
CHG_GLF_04,2023-06-20 06:00:00+00:00,0.0,0.0,0.406,0.409,19.1,68,763.1,4.7
CHG_GLF_04,2023-06-20 07:00:00+00:00,0.3,0.3,0.405,0.408,19.0,69,762.1,2.6
CHG_GLF_04,2023-06-20 08:00:00+00:00,2.0,2.0,0.414,0.407,17.4,85,761.0,4.1
CHG_GLF_04,2023-06-20 09:00:00+00:00,3.7,3.7,0.433,0.408,16.5,97,760.1,2.4
CHG_GLF_04,2023-06-20 10:00:00+00:00,1.0,1.0,0.429,0.411,16.3,100,759.4,0.5
CHG_GLF_04,2023-06-20 11:00:00+00:00,0.5,0.5,0.425,0.412,16.0,99,759.2,2.8
CHG_GLF_04,2023-06-20 12:00:00+00:00,0.8,0.8,0.426,0.418,15.4,100,760.1,1.8
CHG_GLF_04,2023-06-20 13:00:00+00:00,7.9,7.9,0.439,0.429,14.9,100,759.8,2.0
CHG_GLF_04,2023-06-20 14:00:00+00:00,9.9,9.9,0.436,0.439,15.8,91,761.3,2.9
CHG_GLF_04,2023-06-20 15:00:00+00:00,5.8,5.8,0.435,0.438,15.8,92,761.8,1.8
CHG_GLF_04,2023-06-20 16:00:00+00:00,3.6,3.6,0.429,0.438,15.8,93,762.2,2.2
CHG_GLF_04,2023-06-20 17:00:00+00:00,4.0,4.0,0.435,0.439,15.8,94,762.0,1.8
CHG_GLF_04,2023-06-20 18:00:00+00:00,5.1,5.1,0.435,0.439,15.6,93,761.9,2.0
CHG_GLF_04,2023-06-20 19:00:00+00:00,4.9,4.9,0.434,0.429,15.7,89,761.2,1.1
CHG_GLF_04,2023-06-20 20:00:00+00:00,3.1,3.1,0.437,0.426,15.5,91,761.0,1.6
CHG_GLF_04,2023-06-20 21:00:00+00:00,1.9,1.9,0.436,0.427,15.2,93,760.5,1.8
CHG_GLF_04,2023-06-20 22:00:00+00:00,2.2,2.2,0.437,0.428,15.0,94,760.2,1.3
CHG_GLF_04,2023-06-20 23:00:00+00:00,1.8,1.8,0.436,0.429,14.7,93,760.3,3.1
CHG_GLF_04,2023-06-21 00:00:00+00:00,1.9,1.9,0.426,0.424,15.1,87,761.9,2.5
CHG_GLF_04,2023-06-21 01:00:00+00:00,0.1,0.1,0.423,0.423,14.9,96,761.8,1.8
CHG_GLF_04,2023-06-21 02:00:00+00:00,0.0,0.0,0.421,0.421,15.4,97,762.6,2.8
CHG_GLF_04,2023-06-21 03:00:00+00:00,0.1,0.1,0.418,0.42,15.8,95,763.0,4.0
CHG_GLF_04,2023-06-21 04:00:00+00:00,0.1,0.1,0.416,0.418,16.0,89,763.6,1.9
CHG_GLF_04,2023-06-21 05:00:00+00:00,0.2,0.2,0.414,0.417,17.0,79,763.6,2.2
CHG_GLF_04,2023-06-21 06:00:00+00:00,0.0,0.0,0.411,0.415,19.0,67,764.0,4.3
CHG_GLF_04,2023-06-21 07:00:00+00:00,0.0,0.0,0.408,0.413,19.0,66,763.2,3.8
CHG_GLF_04,2023-06-21 08:00:00+00:00,0.0,0.0,0.406,0.412,18.1,71,762.3,4.1
CHG_GLF_04,2023-06-21 09:00:00+00:00,0.3,0.3,0.405,0.41,18.0,76,761.8,3.7
CHG_GLF_04,2023-06-21 10:00:00+00:00,2.0,2.0,0.415,0.409,16.9,93,761.1,3.2
CHG_GLF_04,2023-06-21 11:00:00+00:00,1.7,1.7,0.424,0.409,15.8,100,760.6,3.0
CHG_GLF_04,2023-06-21 12:00:00+00:00,2.1,2.1,0.404,0.407,15.4,93,760.7,2.3
CHG_GLF_04,2023-06-21 13:00:00+00:00,0.2,0.2,0.404,0.406,14.6,98,761.4,2.5
CHG_GLF_04,2023-06-21 14:00:00+00:00,0.5,0.5,0.406,0.406,14.4,97,761.7,3.2
CHG_GLF_04,2023-06-21 15:00:00+00:00,5.6,5.6,0.434,0.41,15.5,90,762.8,2.1
CHG_GLF_04,2023-06-21 16:00:00+00:00,4.8,4.8,0.43,0.421,15.9,86,763.0,0.0
CHG_GLF_04,2023-06-21 17:00:00+00:00,0.0,0.0,0.425,0.421,15.7,87,762.8,1.3
CHG_GLF_04,2023-06-21 18:00:00+00:00,0.0,0.0,0.422,0.421,15.5,88,762.0,0.4
CHG_GLF_04,2023-06-21 19:00:00+00:00,0.1,0.1,0.42,0.42,15.0,89,761.8,1.1
CHG_GLF_04,2023-06-21 20:00:00+00:00,0.1,0.1,0.419,0.419,14.6,91,761.3,1.3
CHG_GLF_04,2023-06-21 21:00:00+00:00,0.0,0.0,0.417,0.419,14.4,85,760.6,2.7
CHG_GLF_04,2023-06-21 22:00:00+00:00,0.1,0.1,0.416,0.418,13.8,82,760.0,0.5
CHG_GLF_04,2023-06-21 23:00:00+00:00,0.6,0.6,0.418,0.417,10.0,94,757.3,0.5
CHG_GLF_04,2023-06-22 00:00:00+00:00,0.0,0.0,0.418,0.43,15.5,88,762.1,0.0
CHG_GLF_04,2023-06-22 01:00:00+00:00,0.0,0.0,0.416,0.428,15.7,97,762.6,1.3
CHG_GLF_04,2023-06-22 02:00:00+00:00,0.0,0.0,0.414,0.427,16.9,87,763.6,3.6
CHG_GLF_04,2023-06-22 03:00:00+00:00,0.0,0.0,0.412,0.425,18.0,82,764.3,3.8
CHG_GLF_04,2023-06-22 04:00:00+00:00,0.0,0.0,0.41,0.424,18.8,75,765.1,3.3
CHG_GLF_04,2023-06-22 05:00:00+00:00,0.3,0.3,0.409,0.422,19.0,73,765.2,2.2
CHG_GLF_04,2023-06-22 06:00:00+00:00,0.0,0.0,0.407,0.42,19.5,71,764.5,3.3
CHG_GLF_04,2023-06-22 07:00:00+00:00,0.1,0.1,0.405,0.418,20.8,66,764.1,6.2
CHG_GLF_04,2023-06-22 08:00:00+00:00,0.3,0.3,0.404,0.417,19.3,76,763.1,5.8
CHG_GLF_04,2023-06-22 09:00:00+00:00,0.0,0.0,0.402,0.415,19.3,75,762.7,6.8
CHG_GLF_04,2023-06-22 10:00:00+00:00,0.5,0.5,0.403,0.414,18.2,82,762.2,5.5
CHG_GLF_04,2023-06-22 11:00:00+00:00,2.2,2.2,0.416,0.413,16.7,90,761.6,4.2
CHG_GLF_04,2023-06-22 12:00:00+00:00,3.2,3.2,0.439,0.434,15.2,100,761.1,2.6
CHG_GLF_04,2023-06-22 13:00:00+00:00,1.4,1.4,0.434,0.436,14.6,100,761.3,1.9
CHG_GLF_04,2023-06-22 14:00:00+00:00,0.5,0.5,0.43,0.435,14.5,99,761.9,1.5
CHG_GLF_04,2023-06-22 15:00:00+00:00,0.7,0.7,0.43,0.435,15.3,93,763.2,1.8
CHG_GLF_04,2023-06-22 16:00:00+00:00,0.2,0.2,0.426,0.434,15.4,92,763.7,0.7
CHG_GLF_04,2023-06-22 17:00:00+00:00,0.0,0.0,0.423,0.433,15.6,91,763.7,1.8
CHG_GLF_04,2023-06-22 18:00:00+00:00,0.0,0.0,0.42,0.432,14.9,96,763.3,2.3
CHG_GLF_04,2023-06-22 19:00:00+00:00,0.2,0.2,0.419,0.431,14.8,97,763.0,1.8
CHG_GLF_04,2023-06-22 20:00:00+00:00,0.5,0.5,0.42,0.43,14.8,96,762.7,2.0
CHG_GLF_04,2023-06-22 21:00:00+00:00,0.4,0.4,0.42,0.429,15.0,94,762.3,1.1
CHG_GLF_04,2023-06-22 22:00:00+00:00,0.0,0.0,0.418,0.428,15.2,92,762.0,1.8
CHG_GLF_04,2023-06-22 23:00:00+00:00,0.3,0.3,0.419,0.426,15.5,88,762.4,1.1
CHG_GLF_04,2023-06-23 00:00:00+00:00,0.0,0.0,0.424,0.426,14.8,95,763.1,2.3
CHG_GLF_04,2023-06-23 01:00:00+00:00,1.2,1.2,0.428,0.426,15.4,96,763.6,0.7
CHG_GLF_04,2023-06-23 02:00:00+00:00,0.2,0.2,0.425,0.425,15.4,100,764.0,1.6
CHG_GLF_04,2023-06-23 03:00:00+00:00,0.4,0.4,0.424,0.424,16.6,91,765.1,1.1
CHG_GLF_04,2023-06-23 04:00:00+00:00,0.2,0.2,0.421,0.423,18.5,80,765.5,3.3
CHG_GLF_04,2023-06-23 05:00:00+00:00,0.1,0.1,0.417,0.422,20.2,73,766.0,5.6
CHG_GLF_04,2023-06-23 06:00:00+00:00,0.0,0.0,0.414,0.42,20.5,71,765.3,6.0
CHG_GLF_04,2023-06-23 07:00:00+00:00,0.0,0.0,0.41,0.419,20.1,74,764.5,6.8
CHG_GLF_04,2023-06-23 08:00:00+00:00,0.0,0.0,0.407,0.417,19.7,74,764.0,4.6
CHG_GLF_04,2023-06-23 09:00:00+00:00,0.0,0.0,0.405,0.416,18.6,81,762.9,3.6
CHG_GLF_04,2023-06-23 10:00:00+00:00,0.0,0.0,0.404,0.414,18.3,80,762.0,3.6
CHG_GLF_04,2023-06-23 11:00:00+00:00,0.0,0.0,0.402,0.413,17.9,80,761.7,3.4
CHG_GLF_04,2023-06-23 12:00:00+00:00,0.0,0.0,0.4,0.409,16.8,80,761.8,2.9
CHG_GLF_04,2023-06-23 13:00:00+00:00,0.0,0.0,0.399,0.408,14.7,94,760.6,2.8
CHG_GLF_04,2023-06-23 14:00:00+00:00,0.0,0.0,0.398,0.407,15.8,87,762.2,0.8
CHG_GLF_04,2023-06-23 15:00:00+00:00,0.0,0.0,0.398,0.406,15.9,84,762.9,0.8
CHG_GLF_04,2023-06-23 16:00:00+00:00,0.0,0.0,0.397,0.406,16.1,82,763.7,1.8
CHG_GLF_04,2023-06-23 17:00:00+00:00,0.0,0.0,0.397,0.405,16.1,82,763.6,1.1
CHG_GLF_04,2023-06-23 18:00:00+00:00,0.0,0.0,0.396,0.404,16.5,81,763.4,2.6
CHG_GLF_04,2023-06-23 19:00:00+00:00,0.0,0.0,0.396,0.403,15.9,84,763.0,2.5
CHG_GLF_04,2023-06-23 20:00:00+00:00,2.0,2.0,0.408,0.403,13.5,96,760.9,4.0
CHG_GLF_04,2023-06-23 21:00:00+00:00,0.6,0.6,0.411,0.403,16.6,80,762.2,2.7
CHG_GLF_04,2023-06-23 22:00:00+00:00,0.7,0.7,0.415,0.402,15.6,88,762.5,3.2
CHG_GLF_04,2023-06-23 23:00:00+00:00,0.5,0.5,0.416,0.403,15.1,91,762.4,1.1
CHG_GLF_04,2023-06-24 00:00:00+00:00,0.5,0.5,0.426,0.423,16.1,84,762.8,2.6
CHG_GLF_04,2023-06-24 01:00:00+00:00,0.1,0.1,0.423,0.423,15.9,95,762.7,1.8
CHG_GLF_04,2023-06-24 02:00:00+00:00,0.0,0.0,0.42,0.423,17.9,86,764.2,3.6
CHG_GLF_04,2023-06-24 03:00:00+00:00,0.0,0.0,0.418,0.422,18.6,83,764.6,4.7
CHG_GLF_04,2023-06-24 04:00:00+00:00,0.0,0.0,0.415,0.422,19.3,79,764.8,4.2
CHG_GLF_04,2023-06-24 05:00:00+00:00,0.0,0.0,0.412,0.421,20.1,75,765.2,3.9
CHG_GLF_04,2023-06-24 06:00:00+00:00,0.9,0.9,0.413,0.42,19.0,81,764.6,4.0
CHG_GLF_04,2023-06-24 07:00:00+00:00,0.0,0.0,0.41,0.419,19.4,78,763.8,5.1
CHG_GLF_04,2023-06-24 08:00:00+00:00,0.0,0.0,0.408,0.418,18.6,82,763.5,5.5
CHG_GLF_04,2023-06-24 09:00:00+00:00,0.1,0.1,0.407,0.418,18.7,79,762.7,3.3
CHG_GLF_04,2023-06-24 10:00:00+00:00,0.0,0.0,0.405,0.417,18.3,84,762.1,6.1
CHG_GLF_04,2023-06-24 11:00:00+00:00,0.2,0.2,0.405,0.416,17.1,90,761.8,3.1
CHG_GLF_04,2023-06-24 12:00:00+00:00,0.0,0.0,0.401,0.411,16.8,88,762.2,3.1
CHG_GLF_04,2023-06-24 13:00:00+00:00,0.0,0.0,0.4,0.411,15.4,97,762.1,1.9
CHG_GLF_04,2023-06-24 14:00:00+00:00,0.0,0.0,0.4,0.411,15.6,96,762.7,2.6
CHG_GLF_04,2023-06-24 15:00:00+00:00,0.0,0.0,0.399,0.41,16.5,86,763.4,1.8
CHG_GLF_04,2023-06-24 16:00:00+00:00,0.0,0.0,0.399,0.41,15.8,89,763.7,2.6
CHG_GLF_04,2023-06-24 17:00:00+00:00,0.0,0.0,0.398,0.41,14.9,90,763.0,3.3
CHG_GLF_04,2023-06-24 18:00:00+00:00,0.0,0.0,0.398,0.409,16.7,77,763.8,2.3
CHG_GLF_04,2023-06-24 19:00:00+00:00,0.0,0.0,0.397,0.409,16.4,78,763.6,1.6
CHG_GLF_04,2023-06-24 20:00:00+00:00,0.0,0.0,0.397,0.409,15.9,82,762.8,1.4
CHG_GLF_04,2023-06-24 21:00:00+00:00,0.0,0.0,0.396,0.408,15.8,81,762.2,2.8
CHG_GLF_04,2023-06-24 22:00:00+00:00,0.4,0.4,0.398,0.408,16.7,74,762.3,2.5
CHG_GLF_04,2023-06-24 23:00:00+00:00,0.1,0.1,0.398,0.408,16.2,78,762.2,2.3
CHG_GLF_04,2023-06-25 00:00:00+00:00,0.0,0.0,0.395,0.407,15.4,95,763.6,2.1
CHG_GLF_04,2023-06-25 01:00:00+00:00,0.0,0.0,0.395,0.407,17.1,81,763.6,2.7
CHG_GLF_04,2023-06-25 02:00:00+00:00,0.0,0.0,0.394,0.407,18.2,86,764.5,3.1
CHG_GLF_04,2023-06-25 03:00:00+00:00,0.0,0.0,0.393,0.406,19.6,71,765.0,3.2
CHG_GLF_04,2023-06-25 04:00:00+00:00,0.0,0.0,0.391,0.405,19.5,74,765.6,5.5
CHG_GLF_04,2023-06-25 05:00:00+00:00,0.0,0.0,0.389,0.404,19.4,71,765.8,5.2
CHG_GLF_04,2023-06-25 06:00:00+00:00,0.0,0.0,0.387,0.403,18.7,75,765.0,3.2
CHG_GLF_04,2023-06-25 07:00:00+00:00,0.1,0.1,0.387,0.403,18.4,79,764.3,4.3
CHG_GLF_04,2023-06-25 08:00:00+00:00,0.8,0.8,0.39,0.402,17.3,85,763.6,2.2
CHG_GLF_04,2023-06-25 09:00:00+00:00,0.2,0.2,0.39,0.402,16.8,86,762.9,2.3
CHG_GLF_04,2023-06-25 10:00:00+00:00,0.1,0.1,0.389,0.401,16.5,89,762.6,1.8
CHG_GLF_04,2023-06-25 11:00:00+00:00,0.0,0.0,0.389,0.401,16.0,88,762.2,2.6
CHG_GLF_04,2023-06-25 12:00:00+00:00,0.0,0.0,0.405,0.401,15.7,96,762.6,0.8
CHG_GLF_04,2023-06-25 13:00:00+00:00,0.0,0.0,0.404,0.401,15.2,92,762.3,4.0
CHG_GLF_04,2023-06-25 14:00:00+00:00,0.0,0.0,0.403,0.401,16.7,80,763.9,0.4
CHG_GLF_04,2023-06-25 15:00:00+00:00,0.0,0.0,0.402,0.401,16.7,80,764.6,2.0
CHG_GLF_04,2023-06-25 16:00:00+00:00,0.0,0.0,0.401,0.401,16.3,80,764.9,2.1
CHG_GLF_04,2023-06-25 17:00:00+00:00,0.0,0.0,0.4,0.401,16.5,76,764.7,1.4
CHG_GLF_04,2023-06-25 18:00:00+00:00,0.0,0.0,0.399,0.401,15.0,80,763.1,1.5
CHG_GLF_04,2023-06-25 19:00:00+00:00,0.0,0.0,0.398,0.401,14.6,78,762.0,2.5
CHG_GLF_04,2023-06-25 20:00:00+00:00,0.0,0.0,0.397,0.4,16.0,70,762.6,2.1
CHG_GLF_04,2023-06-25 21:00:00+00:00,0.0,0.0,0.397,0.4,15.4,72,761.9,1.8
CHG_GLF_04,2023-06-25 22:00:00+00:00,0.1,0.1,0.396,0.4,14.7,74,762.1,1.9
CHG_GLF_04,2023-06-25 23:00:00+00:00,0.3,0.3,0.398,0.4,14.8,71,762.2,3.7
CHG_GLF_04,2023-06-26 00:00:00+00:00,0.0,0.0,0.401,0.404,14.2,87,762.3,4.0
CHG_GLF_04,2023-06-26 01:00:00+00:00,0.0,0.0,0.4,0.404,15.8,80,763.5,2.3
CHG_GLF_04,2023-06-26 02:00:00+00:00,0.0,0.0,0.399,0.404,16.6,82,764.1,2.3
CHG_GLF_04,2023-06-26 03:00:00+00:00,0.0,0.0,0.397,0.403,17.9,74,765.2,4.0
CHG_GLF_04,2023-06-26 04:00:00+00:00,0.1,0.1,0.396,0.403,18.2,76,765.8,4.3
CHG_GLF_04,2023-06-26 05:00:00+00:00,1.0,1.0,0.399,0.402,17.2,89,765.6,2.5
CHG_GLF_04,2023-06-26 06:00:00+00:00,1.3,1.3,0.404,0.402,16.8,92,764.9,1.8
CHG_GLF_04,2023-06-26 07:00:00+00:00,0.7,0.7,0.407,0.402,16.6,95,763.5,1.8
CHG_GLF_04,2023-06-26 08:00:00+00:00,0.1,0.1,0.405,0.402,17.3,84,763.1,2.8
CHG_GLF_04,2023-06-26 09:00:00+00:00,0.0,0.0,0.403,0.402,17.4,83,762.9,2.7
CHG_GLF_04,2023-06-26 10:00:00+00:00,0.3,0.3,0.403,0.402,16.9,84,762.2,0.8
CHG_GLF_04,2023-06-26 11:00:00+00:00,0.2,0.2,0.402,0.402,16.6,82,761.7,2.2
CHG_GLF_04,2023-06-26 12:00:00+00:00,0.1,0.1,0.41,0.402,15.0,98,762.0,1.6
CHG_GLF_04,2023-06-26 13:00:00+00:00,0.2,0.2,0.41,0.403,14.7,95,761.9,1.9
CHG_GLF_04,2023-06-26 14:00:00+00:00,0.7,0.7,0.413,0.403,14.2,95,762.3,3.3
CHG_GLF_04,2023-06-26 15:00:00+00:00,0.7,0.7,0.416,0.404,15.9,78,763.6,3.3
CHG_GLF_04,2023-06-26 16:00:00+00:00,0.2,0.2,0.415,0.404,15.6,77,763.8,3.2
CHG_GLF_04,2023-06-26 17:00:00+00:00,0.0,0.0,0.413,0.405,14.0,82,762.1,4.2
CHG_GLF_04,2023-06-26 18:00:00+00:00,0.0,0.0,0.411,0.405,15.6,69,762.6,2.6
CHG_GLF_04,2023-06-26 19:00:00+00:00,0.0,0.0,0.409,0.405,15.2,68,762.5,2.3
CHG_GLF_04,2023-06-26 20:00:00+00:00,0.0,0.0,0.407,0.405,15.1,66,761.9,4.7
CHG_GLF_04,2023-06-26 21:00:00+00:00,0.0,0.0,0.406,0.405,14.8,65,760.9,0.4
CHG_GLF_04,2023-06-26 22:00:00+00:00,0.0,0.0,0.405,0.405,11.5,76,758.2,2.7
CHG_GLF_04,2023-06-26 23:00:00+00:00,0.0,0.0,0.404,0.405,10.2,84,757.8,2.1
CHG_GLF_04,2023-06-27 00:00:00+00:00,0.0,0.0,0.411,0.417,15.1,70,761.7,1.5
CHG_GLF_04,2023-06-27 01:00:00+00:00,0.0,0.0,0.41,0.417,14.9,86,761.9,1.4
CHG_GLF_04,2023-06-27 02:00:00+00:00,0.0,0.0,0.409,0.416,16.3,80,763.0,2.2
CHG_GLF_04,2023-06-27 03:00:00+00:00,0.0,0.0,0.407,0.416,17.3,78,764.3,3.5
CHG_GLF_04,2023-06-27 04:00:00+00:00,0.2,0.2,0.405,0.415,17.7,80,765.0,3.7
CHG_GLF_04,2023-06-27 05:00:00+00:00,1.0,1.0,0.408,0.414,17.0,89,764.7,3.3
CHG_GLF_04,2023-06-27 06:00:00+00:00,4.7,4.7,0.434,0.417,16.0,100,763.7,2.1
CHG_GLF_04,2023-06-27 07:00:00+00:00,1.5,1.5,0.433,0.42,15.6,100,763.0,0.5
CHG_GLF_04,2023-06-27 08:00:00+00:00,0.5,0.5,0.429,0.422,16.7,94,762.7,0.8
CHG_GLF_04,2023-06-27 09:00:00+00:00,1.3,1.3,0.431,0.422,15.9,98,762.2,1.8
CHG_GLF_04,2023-06-27 10:00:00+00:00,1.5,1.5,0.434,0.423,15.6,98,761.9,1.8
CHG_GLF_04,2023-06-27 11:00:00+00:00,3.0,3.0,0.436,0.43,15.2,100,761.7,1.8
CHG_GLF_04,2023-06-27 12:00:00+00:00,2.3,2.3,0.39,0.381,14.7,94,762.2,0.4
CHG_GLF_04,2023-06-27 13:00:00+00:00,4.7,4.7,0.424,0.382,13.9,100,762.4,2.0
CHG_GLF_04,2023-06-27 14:00:00+00:00,4.8,4.8,0.436,0.39,13.8,99,762.9,2.5
CHG_GLF_04,2023-06-27 15:00:00+00:00,2.7,2.7,0.433,0.397,13.7,96,763.0,3.8
CHG_GLF_04,2023-06-27 16:00:00+00:00,1.1,1.1,0.429,0.4,15.7,74,764.5,2.2
CHG_GLF_04,2023-06-27 17:00:00+00:00,0.6,0.6,0.425,0.402,14.8,78,764.5,1.3
CHG_GLF_04,2023-06-27 18:00:00+00:00,0.2,0.2,0.421,0.404,12.8,92,762.7,4.7
CHG_GLF_04,2023-06-27 19:00:00+00:00,0.0,0.0,0.417,0.404,15.3,70,763.5,2.3
CHG_GLF_04,2023-06-27 20:00:00+00:00,0.0,0.0,0.414,0.405,14.7,74,763.1,2.5
CHG_GLF_04,2023-06-27 21:00:00+00:00,0.1,0.1,0.412,0.405,14.9,73,762.3,3.1
CHG_GLF_04,2023-06-27 22:00:00+00:00,0.0,0.0,0.41,0.405,14.5,74,762.6,2.9
CHG_GLF_04,2023-06-27 23:00:00+00:00,0.0,0.0,0.409,0.405,14.2,75,762.6,2.3
CHG_GLF_04,2023-06-28 00:00:00+00:00,0.0,0.0,0.425,0.407,14.4,75,763.1,0.8
CHG_GLF_04,2023-06-28 01:00:00+00:00,0.0,0.0,0.42,0.408,14.3,83,763.2,2.9
CHG_GLF_04,2023-06-28 02:00:00+00:00,0.1,0.1,0.417,0.408,14.8,81,764.3,4.0
CHG_GLF_04,2023-06-28 03:00:00+00:00,0.3,0.3,0.416,0.409,15.6,79,764.9,1.8
CHG_GLF_04,2023-06-28 04:00:00+00:00,0.4,0.4,0.414,0.409,15.2,80,765.5,1.6
CHG_GLF_04,2023-06-28 05:00:00+00:00,0.6,0.6,0.414,0.409,15.4,82,765.3,0.7
CHG_GLF_04,2023-06-28 06:00:00+00:00,1.1,1.1,0.416,0.409,15.2,88,765.1,1.5
CHG_GLF_04,2023-06-28 07:00:00+00:00,1.6,1.6,0.422,0.41,14.9,96,763.9,3.0
CHG_GLF_04,2023-06-28 08:00:00+00:00,0.4,0.4,0.42,0.411,16.2,83,763.6,1.1
CHG_GLF_04,2023-06-28 09:00:00+00:00,0.1,0.1,0.417,0.411,17.1,79,763.7,2.3
CHG_GLF_04,2023-06-28 10:00:00+00:00,0.2,0.2,0.415,0.411,16.5,82,763.1,1.3
CHG_GLF_04,2023-06-28 11:00:00+00:00,0.7,0.7,0.415,0.411,15.9,86,762.5,1.3
CHG_GLF_04,2023-06-28 12:00:00+00:00,0.7,0.7,0.414,0.403,14.9,94,763.0,2.3
CHG_GLF_04,2023-06-28 13:00:00+00:00,1.2,1.2,0.42,0.404,14.5,96,763.0,2.6
CHG_GLF_04,2023-06-28 14:00:00+00:00,1.0,1.0,0.422,0.405,15.0,85,764.3,1.0
CHG_GLF_04,2023-06-28 15:00:00+00:00,0.8,0.8,0.423,0.406,14.0,92,764.0,3.6
CHG_GLF_04,2023-06-28 16:00:00+00:00,1.0,1.0,0.425,0.407,15.4,75,765.1,1.9
CHG_GLF_04,2023-06-28 17:00:00+00:00,2.3,2.3,0.433,0.409,15.2,75,765.2,2.3
CHG_GLF_04,2023-06-28 18:00:00+00:00,1.7,1.7,0.432,0.413,15.0,74,764.7,2.2
CHG_GLF_04,2023-06-28 19:00:00+00:00,0.5,0.5,0.428,0.415,14.8,74,763.8,1.5
CHG_GLF_04,2023-06-28 20:00:00+00:00,0.5,0.5,0.426,0.416,14.6,74,763.1,4.0
CHG_GLF_04,2023-06-28 21:00:00+00:00,0.5,0.5,0.425,0.417,13.9,81,761.8,3.8
CHG_GLF_04,2023-06-28 22:00:00+00:00,0.1,0.1,0.422,0.418,15.4,67,762.4,1.3
CHG_GLF_04,2023-06-28 23:00:00+00:00,0.0,0.0,0.419,0.418,14.7,72,762.7,2.4
CHG_GLF_04,2023-06-29 00:00:00+00:00,0.2,0.2,0.424,0.411,13.9,84,762.6,1.8
CHG_GLF_04,2023-06-29 01:00:00+00:00,1.3,1.3,0.428,0.412,13.7,96,763.2,3.5
CHG_GLF_04,2023-06-29 02:00:00+00:00,1.6,1.6,0.431,0.414,14.7,96,764.0,1.9
CHG_GLF_04,2023-06-29 03:00:00+00:00,1.1,1.1,0.43,0.416,15.2,96,764.5,2.2
CHG_GLF_04,2023-06-29 04:00:00+00:00,0.4,0.4,0.425,0.417,15.2,90,764.6,1.5
CHG_GLF_04,2023-06-29 05:00:00+00:00,0.2,0.2,0.422,0.418,15.1,91,764.9,1.5
CHG_GLF_04,2023-06-29 06:00:00+00:00,0.2,0.2,0.42,0.418,14.8,90,764.2,2.9
CHG_GLF_04,2023-06-29 07:00:00+00:00,0.4,0.4,0.419,0.418,15.4,86,763.7,3.0
CHG_GLF_04,2023-06-29 08:00:00+00:00,0.0,0.0,0.416,0.418,16.3,76,763.2,0.7
CHG_GLF_04,2023-06-29 09:00:00+00:00,0.0,0.0,0.414,0.418,17.4,69,762.8,1.3
CHG_GLF_04,2023-06-29 10:00:00+00:00,0.0,0.0,0.411,0.417,16.9,72,762.2,1.9
CHG_GLF_04,2023-06-29 11:00:00+00:00,0.0,0.0,0.409,0.417,16.3,77,762.0,1.1
CHG_GLF_04,2023-06-29 12:00:00+00:00,0.0,0.0,0.41,0.415,15.2,90,762.0,2.4
CHG_GLF_04,2023-06-29 13:00:00+00:00,0.5,0.5,0.411,0.414,15.1,87,762.9,2.5
CHG_GLF_04,2023-06-29 14:00:00+00:00,0.5,0.5,0.413,0.414,14.8,88,763.4,1.8
CHG_GLF_04,2023-06-29 15:00:00+00:00,0.3,0.3,0.413,0.414,15.1,83,763.5,2.9
CHG_GLF_04,2023-06-29 16:00:00+00:00,0.1,0.1,0.412,0.414,15.5,79,763.8,1.5
CHG_GLF_04,2023-06-29 17:00:00+00:00,0.0,0.0,0.41,0.414,15.3,81,763.5,0.7
CHG_GLF_04,2023-06-29 18:00:00+00:00,0.2,0.2,0.411,0.414,14.7,86,763.2,1.8
CHG_GLF_04,2023-06-29 19:00:00+00:00,0.6,0.6,0.413,0.414,14.3,90,762.4,0.8
CHG_GLF_04,2023-06-29 20:00:00+00:00,0.5,0.5,0.415,0.414,14.7,86,761.9,0.7
CHG_GLF_04,2023-06-29 21:00:00+00:00,0.3,0.3,0.415,0.414,14.5,88,761.8,0.8
CHG_GLF_04,2023-06-29 22:00:00+00:00,0.1,0.1,0.414,0.414,14.4,87,761.6,2.2
CHG_GLF_04,2023-06-29 23:00:00+00:00,0.0,0.0,0.412,0.413,14.6,85,761.7,1.3
CHG_GLF_04,2023-06-30 00:00:00+00:00,0.0,0.0,0.4,0.409,14.6,91,762.1,1.8
CHG_GLF_04,2023-06-30 01:00:00+00:00,0.1,0.1,0.399,0.409,14.4,96,762.6,1.8
CHG_GLF_04,2023-06-30 02:00:00+00:00,0.0,0.0,0.399,0.408,15.1,93,763.4,1.8
CHG_GLF_04,2023-06-30 03:00:00+00:00,0.0,0.0,0.398,0.408,15.9,88,763.9,1.1
CHG_GLF_04,2023-06-30 04:00:00+00:00,0.0,0.0,0.397,0.407,16.6,83,764.3,3.7
CHG_GLF_04,2023-06-30 05:00:00+00:00,0.1,0.1,0.396,0.407,16.7,82,764.4,3.3
CHG_GLF_04,2023-06-30 06:00:00+00:00,0.2,0.2,0.395,0.406,16.8,81,764.4,4.1
CHG_GLF_04,2023-06-30 07:00:00+00:00,0.2,0.2,0.394,0.405,16.1,84,763.4,2.2
CHG_GLF_04,2023-06-30 08:00:00+00:00,0.2,0.2,0.394,0.405,16.4,83,762.9,1.5
CHG_GLF_04,2023-06-30 09:00:00+00:00,0.1,0.1,0.394,0.404,16.3,83,761.8,1.8
CHG_GLF_04,2023-06-30 10:00:00+00:00,0.0,0.0,0.392,0.404,17.9,72,761.4,0.8
CHG_GLF_04,2023-06-30 11:00:00+00:00,0.0,0.0,0.391,0.403,17.4,76,760.8,3.4
CHG_GLF_04,2023-06-30 12:00:00+00:00,0.0,0.0,0.398,0.406,15.4,88,761.2,0.8
CHG_GLF_04,2023-06-30 13:00:00+00:00,0.1,0.1,0.398,0.406,15.0,92,761.4,2.2
CHG_GLF_04,2023-06-30 14:00:00+00:00,0.2,0.2,0.398,0.406,14.9,93,761.9,0.8
CHG_GLF_04,2023-06-30 15:00:00+00:00,0.1,0.1,0.398,0.405,15.2,90,762.6,1.8
CHG_GLF_04,2023-06-30 16:00:00+00:00,0.1,0.1,0.398,0.405,15.6,85,762.9,1.1
CHG_GLF_04,2023-06-30 17:00:00+00:00,0.0,0.0,0.397,0.405,15.8,83,762.6,1.0
CHG_GLF_04,2023-06-30 18:00:00+00:00,0.0,0.0,0.397,0.404,15.0,89,762.5,2.4
CHG_GLF_04,2023-06-30 19:00:00+00:00,0.0,0.0,0.396,0.404,14.9,90,761.4,1.5
CHG_GLF_04,2023-06-30 20:00:00+00:00,0.0,0.0,0.396,0.404,15.2,86,760.9,0.4
CHG_GLF_04,2023-06-30 21:00:00+00:00,0.1,0.1,0.396,0.403,14.7,90,760.9,1.5
CHG_GLF_04,2023-06-30 22:00:00+00:00,0.1,0.1,0.395,0.403,14.6,90,760.9,3.1
CHG_GLF_04,2023-06-30 23:00:00+00:00,0.1,0.1,0.395,0.403,15.0,84,761.4,1.6
CHG_GLF_04,2023-07-01 00:00:00+00:00,0.0,0.0,0.396,0.403,14.4,93,761.3,1.1
CHG_GLF_04,2023-07-01 01:00:00+00:00,0.0,0.0,0.396,0.402,14.1,97,762.1,1.5
CHG_GLF_04,2023-07-01 02:00:00+00:00,0.2,0.2,0.396,0.402,15.1,93,763.1,2.6
CHG_GLF_04,2023-07-01 03:00:00+00:00,0.1,0.1,0.396,0.402,15.7,90,763.9,2.3
CHG_GLF_04,2023-07-01 04:00:00+00:00,0.1,0.1,0.395,0.401,16.1,89,764.3,3.1
CHG_GLF_04,2023-07-01 05:00:00+00:00,0.0,0.0,0.394,0.401,16.1,87,764.3,3.9
CHG_GLF_04,2023-07-01 06:00:00+00:00,0.0,0.0,0.393,0.4,16.6,84,764.3,3.4
CHG_GLF_04,2023-07-01 07:00:00+00:00,0.0,0.0,0.391,0.4,17.4,76,764.2,3.4
CHG_GLF_04,2023-07-01 08:00:00+00:00,0.0,0.0,0.39,0.399,17.6,73,763.2,1.0
CHG_GLF_04,2023-07-01 09:00:00+00:00,0.3,0.3,0.39,0.398,17.6,78,762.3,3.0
CHG_GLF_04,2023-07-01 10:00:00+00:00,0.2,0.2,0.389,0.398,17.6,82,761.9,1.8
CHG_GLF_04,2023-07-01 11:00:00+00:00,0.2,0.2,0.389,0.397,17.0,87,761.8,2.3
CHG_GLF_04,2023-07-01 12:00:00+00:00,0.2,0.2,0.383,0.396,15.9,91,761.8,0.0
CHG_GLF_04,2023-07-01 13:00:00+00:00,0.8,0.8,0.39,0.396,15.5,93,762.3,2.1
CHG_GLF_04,2023-07-01 14:00:00+00:00,0.3,0.3,0.391,0.396,15.9,89,763.0,1.8
CHG_GLF_04,2023-07-01 15:00:00+00:00,0.1,0.1,0.392,0.395,15.7,92,763.7,2.1
CHG_GLF_04,2023-07-01 16:00:00+00:00,0.0,0.0,0.391,0.395,15.6,92,763.8,0.0
CHG_GLF_04,2023-07-01 17:00:00+00:00,0.1,0.1,0.391,0.395,15.7,91,763.7,2.1
CHG_GLF_04,2023-07-01 18:00:00+00:00,0.4,0.4,0.394,0.395,15.3,93,763.2,1.5
CHG_GLF_04,2023-07-01 19:00:00+00:00,0.8,0.8,0.399,0.395,15.1,93,762.8,1.1
CHG_GLF_04,2023-07-01 20:00:00+00:00,0.8,0.8,0.404,0.395,15.1,93,761.9,0.5
CHG_GLF_04,2023-07-01 21:00:00+00:00,0.3,0.3,0.405,0.395,15.3,92,761.4,1.3
CHG_GLF_04,2023-07-01 22:00:00+00:00,0.1,0.1,0.404,0.395,15.1,93,761.1,2.3
CHG_GLF_04,2023-07-01 23:00:00+00:00,0.5,0.5,0.406,0.395,14.9,93,761.0,1.1
CHG_GLF_04,2023-07-02 00:00:00+00:00,0.4,0.4,0.411,0.398,15.7,90,761.6,1.1
CHG_GLF_04,2023-07-02 01:00:00+00:00,1.3,1.3,0.418,0.399,15.3,97,762.1,3.2
CHG_GLF_04,2023-07-02 02:00:00+00:00,2.0,2.0,0.426,0.4,15.1,98,762.5,3.4
CHG_GLF_04,2023-07-02 03:00:00+00:00,0.4,0.4,0.422,0.402,15.7,93,763.3,2.5
CHG_GLF_04,2023-07-02 04:00:00+00:00,0.2,0.2,0.418,0.403,17.0,84,763.9,2.6
CHG_GLF_04,2023-07-02 05:00:00+00:00,0.2,0.2,0.415,0.403,17.8,82,763.9,3.4
CHG_GLF_04,2023-07-02 06:00:00+00:00,0.3,0.3,0.413,0.404,17.5,85,763.3,4.5
CHG_GLF_04,2023-07-02 07:00:00+00:00,0.2,0.2,0.411,0.404,17.4,88,762.8,2.8
CHG_GLF_04,2023-07-02 08:00:00+00:00,0.4,0.4,0.41,0.404,17.6,84,762.0,3.6
CHG_GLF_04,2023-07-02 09:00:00+00:00,1.0,1.0,0.411,0.404,17.3,87,761.4,2.1
CHG_GLF_04,2023-07-02 10:00:00+00:00,1.4,1.4,0.417,0.404,16.5,96,760.6,2.6
CHG_GLF_04,2023-07-02 11:00:00+00:00,0.5,0.5,0.416,0.405,16.4,93,760.6,3.1
CHG_GLF_04,2023-07-02 12:00:00+00:00,0.8,0.8,0.432,0.409,15.8,99,761.2,2.9
CHG_GLF_04,2023-07-02 13:00:00+00:00,1.2,1.2,0.43,0.411,15.9,93,762.0,1.4
CHG_GLF_04,2023-07-02 14:00:00+00:00,0.6,0.6,0.427,0.413,15.3,95,762.8,2.2
CHG_GLF_04,2023-07-02 15:00:00+00:00,0.7,0.7,0.427,0.415,14.0,98,762.3,4.2
CHG_GLF_04,2023-07-02 16:00:00+00:00,0.8,0.8,0.427,0.416,15.8,85,763.5,1.5
CHG_GLF_04,2023-07-02 17:00:00+00:00,3.0,3.0,0.438,0.419,15.4,88,763.1,0.8
CHG_GLF_04,2023-07-02 18:00:00+00:00,4.0,4.0,0.438,0.426,15.3,90,762.9,1.3
CHG_GLF_04,2023-07-02 19:00:00+00:00,3.1,3.1,0.437,0.432,15.3,90,762.3,1.1
CHG_GLF_04,2023-07-02 20:00:00+00:00,1.1,1.1,0.434,0.433,15.6,86,762.0,0.4
CHG_GLF_04,2023-07-02 21:00:00+00:00,0.6,0.6,0.432,0.432,15.3,88,761.8,0.5
CHG_GLF_04,2023-07-02 22:00:00+00:00,1.7,1.7,0.435,0.432,15.5,86,761.7,2.4
CHG_GLF_04,2023-07-02 23:00:00+00:00,1.6,1.6,0.436,0.433,15.0,88,762.2,2.9
CHG_GLF_04,2023-07-03 00:00:00+00:00,0.9,0.9,0.429,0.429,15.2,95,761.7,2.2
CHG_GLF_04,2023-07-03 01:00:00+00:00,1.0,1.0,0.431,0.429,14.9,99,762.1,0.7
CHG_GLF_04,2023-07-03 02:00:00+00:00,1.0,1.0,0.432,0.429,15.4,98,762.5,2.3
CHG_GLF_04,2023-07-03 03:00:00+00:00,0.9,0.9,0.431,0.429,15.2,100,762.9,5.1
CHG_GLF_04,2023-07-03 04:00:00+00:00,1.1,1.1,0.432,0.429,15.0,100,763.2,1.8
CHG_GLF_04,2023-07-03 05:00:00+00:00,1.3,1.3,0.433,0.43,15.0,99,763.0,2.9
CHG_GLF_04,2023-07-03 06:00:00+00:00,0.2,0.2,0.428,0.43,16.5,89,763.6,1.6
CHG_GLF_04,2023-07-03 07:00:00+00:00,0.0,0.0,0.424,0.429,17.4,81,763.2,2.5
CHG_GLF_04,2023-07-03 08:00:00+00:00,0.1,0.1,0.421,0.428,17.6,83,762.7,3.4
CHG_GLF_04,2023-07-03 09:00:00+00:00,0.0,0.0,0.417,0.427,17.7,80,762.7,3.6
CHG_GLF_04,2023-07-03 10:00:00+00:00,0.0,0.0,0.415,0.426,16.6,85,761.7,2.6
CHG_GLF_04,2023-07-03 11:00:00+00:00,0.1,0.1,0.414,0.426,16.7,85,761.3,2.3
CHG_GLF_04,2023-07-03 12:00:00+00:00,0.0,0.0,0.416,0.426,16.1,93,762.0,0.7
CHG_GLF_04,2023-07-03 13:00:00+00:00,0.1,0.1,0.414,0.426,15.9,92,762.5,1.6
CHG_GLF_04,2023-07-03 14:00:00+00:00,0.1,0.1,0.413,0.425,15.6,93,763.0,1.1
CHG_GLF_04,2023-07-03 15:00:00+00:00,0.2,0.2,0.414,0.424,15.6,93,763.3,0.8
CHG_GLF_04,2023-07-03 16:00:00+00:00,1.0,1.0,0.419,0.424,15.5,94,763.7,2.6
CHG_GLF_04,2023-07-03 17:00:00+00:00,1.9,1.9,0.428,0.424,15.3,94,763.6,1.8
CHG_GLF_04,2023-07-03 18:00:00+00:00,0.7,0.7,0.428,0.424,15.3,93,763.1,0.4
CHG_GLF_04,2023-07-03 19:00:00+00:00,0.3,0.3,0.426,0.425,15.4,92,762.5,0.7
CHG_GLF_04,2023-07-03 20:00:00+00:00,0.2,0.2,0.424,0.425,15.4,92,761.8,1.5
CHG_GLF_04,2023-07-03 21:00:00+00:00,0.1,0.1,0.421,0.424,15.2,92,761.7,2.0
CHG_GLF_04,2023-07-03 22:00:00+00:00,0.1,0.1,0.42,0.424,15.0,92,761.5,2.5
CHG_GLF_04,2023-07-03 23:00:00+00:00,0.1,0.1,0.418,0.424,15.3,87,761.6,3.3
CHG_GLF_04,2023-07-04 00:00:00+00:00,0.0,0.0,0.414,0.422,14.8,93,761.9,1.1
CHG_GLF_04,2023-07-04 01:00:00+00:00,0.0,0.0,0.412,0.422,15.2,91,762.2,0.5
CHG_GLF_04,2023-07-04 02:00:00+00:00,0.0,0.0,0.411,0.422,15.5,92,762.7,1.1
CHG_GLF_04,2023-07-04 03:00:00+00:00,0.0,0.0,0.41,0.421,16.8,86,763.4,2.1
CHG_GLF_04,2023-07-04 04:00:00+00:00,0.0,0.0,0.408,0.42,16.5,87,764.0,3.1
CHG_GLF_04,2023-07-04 05:00:00+00:00,0.0,0.0,0.407,0.42,16.8,82,764.3,1.5
CHG_GLF_04,2023-07-04 06:00:00+00:00,0.0,0.0,0.405,0.419,17.3,76,763.9,1.8
CHG_GLF_04,2023-07-04 07:00:00+00:00,0.1,0.1,0.404,0.418,16.3,82,763.4,2.0
CHG_GLF_04,2023-07-04 08:00:00+00:00,0.4,0.4,0.405,0.417,15.8,85,762.4,0.4
CHG_GLF_04,2023-07-04 09:00:00+00:00,0.2,0.2,0.404,0.417,16.5,82,761.9,0.7
CHG_GLF_04,2023-07-04 10:00:00+00:00,0.0,0.0,0.403,0.416,17.2,77,760.8,1.3
CHG_GLF_04,2023-07-04 11:00:00+00:00,0.0,0.0,0.402,0.415,18.3,74,760.8,2.8
CHG_GLF_04,2023-07-04 12:00:00+00:00,0.0,0.0,0.4,0.415,16.4,89,761.8,2.2
CHG_GLF_04,2023-07-04 13:00:00+00:00,0.1,0.1,0.4,0.414,15.3,95,761.5,2.4
CHG_GLF_04,2023-07-04 14:00:00+00:00,0.1,0.1,0.4,0.413,15.4,95,762.4,1.3
CHG_GLF_04,2023-07-04 15:00:00+00:00,0.2,0.2,0.4,0.413,15.3,92,762.8,2.0
CHG_GLF_04,2023-07-04 16:00:00+00:00,0.6,0.6,0.402,0.412,15.1,93,763.2,1.5
CHG_GLF_04,2023-07-04 17:00:00+00:00,0.6,0.6,0.405,0.412,15.0,94,763.1,1.9
CHG_GLF_04,2023-07-04 18:00:00+00:00,0.3,0.3,0.407,0.412,14.8,96,762.5,1.0
CHG_GLF_04,2023-07-04 19:00:00+00:00,0.2,0.2,0.407,0.411,14.9,94,762.0,2.0
CHG_GLF_04,2023-07-04 20:00:00+00:00,0.2,0.2,0.407,0.411,14.8,94,761.6,1.8
CHG_GLF_04,2023-07-04 21:00:00+00:00,0.2,0.2,0.408,0.411,14.5,95,761.3,1.9
CHG_GLF_04,2023-07-04 22:00:00+00:00,0.4,0.4,0.409,0.411,14.5,94,761.1,1.9
CHG_GLF_04,2023-07-04 23:00:00+00:00,0.3,0.3,0.41,0.41,14.5,92,760.9,2.6
CHG_GLF_04,2023-07-05 00:00:00+00:00,0.2,0.2,0.418,0.414,14.8,93,761.6,1.5
CHG_GLF_04,2023-07-05 01:00:00+00:00,1.6,1.6,0.425,0.415,14.6,97,762.1,2.1
CHG_GLF_04,2023-07-05 02:00:00+00:00,0.9,0.9,0.426,0.416,15.1,97,762.6,3.3
CHG_GLF_04,2023-07-05 03:00:00+00:00,0.2,0.2,0.422,0.416,15.7,90,763.0,2.3
CHG_GLF_04,2023-07-05 04:00:00+00:00,0.6,0.6,0.421,0.416,15.3,94,763.2,2.7
CHG_GLF_04,2023-07-05 05:00:00+00:00,1.7,1.7,0.427,0.417,15.6,95,763.3,1.1
CHG_GLF_04,2023-07-05 06:00:00+00:00,0.4,0.4,0.424,0.418,16.6,85,763.4,2.3
CHG_GLF_04,2023-07-05 07:00:00+00:00,0.1,0.1,0.42,0.418,17.7,76,762.9,1.8
CHG_GLF_04,2023-07-05 08:00:00+00:00,0.1,0.1,0.417,0.418,18.4,73,762.7,2.8
CHG_GLF_04,2023-07-05 09:00:00+00:00,0.2,0.2,0.414,0.417,17.7,77,761.9,3.9
CHG_GLF_04,2023-07-05 10:00:00+00:00,0.3,0.3,0.413,0.417,17.0,85,761.1,2.3
CHG_GLF_04,2023-07-05 11:00:00+00:00,0.1,0.1,0.412,0.416,17.2,85,760.9,1.6
CHG_GLF_04,2023-07-05 12:00:00+00:00,0.2,0.2,0.396,0.41,17.5,73,761.2,3.1
CHG_GLF_04,2023-07-05 13:00:00+00:00,0.0,0.0,0.395,0.409,16.9,75,761.8,4.1
CHG_GLF_04,2023-07-05 14:00:00+00:00,0.0,0.0,0.395,0.409,16.2,80,762.5,1.8
CHG_GLF_04,2023-07-05 15:00:00+00:00,0.0,0.0,0.395,0.408,15.8,82,763.2,1.6
CHG_GLF_04,2023-07-05 16:00:00+00:00,0.1,0.1,0.395,0.408,15.4,83,763.4,0.4
CHG_GLF_04,2023-07-05 17:00:00+00:00,0.9,0.9,0.399,0.407,15.3,85,763.5,0.8
CHG_GLF_04,2023-07-05 18:00:00+00:00,1.7,1.7,0.41,0.407,15.1,86,763.3,1.8
CHG_GLF_04,2023-07-05 19:00:00+00:00,0.9,0.9,0.414,0.407,13.6,94,761.1,4.7
CHG_GLF_04,2023-07-05 20:00:00+00:00,0.3,0.3,0.414,0.407,15.7,73,762.6,3.3
CHG_GLF_04,2023-07-05 21:00:00+00:00,0.1,0.1,0.413,0.407,15.0,78,762.3,1.6
CHG_GLF_04,2023-07-05 22:00:00+00:00,0.0,0.0,0.411,0.407,14.1,80,761.2,3.6
CHG_GLF_04,2023-07-05 23:00:00+00:00,0.0,0.0,0.409,0.407,16.2,67,762.3,1.9
CHG_GLF_04,2023-07-06 00:00:00+00:00,0.0,0.0,0.424,0.428,14.9,88,762.8,2.1
CHG_GLF_04,2023-07-06 01:00:00+00:00,0.1,0.1,0.422,0.428,15.4,97,762.8,1.0
CHG_GLF_04,2023-07-06 02:00:00+00:00,0.0,0.0,0.419,0.427,16.2,90,763.2,2.3
CHG_GLF_04,2023-07-06 03:00:00+00:00,0.0,0.0,0.417,0.427,17.1,83,764.3,3.3
CHG_GLF_04,2023-07-06 04:00:00+00:00,0.1,0.1,0.414,0.426,18.2,76,765.1,3.3
CHG_GLF_04,2023-07-06 05:00:00+00:00,0.0,0.0,0.411,0.424,18.6,75,765.2,4.2
CHG_GLF_04,2023-07-06 06:00:00+00:00,0.1,0.1,0.409,0.423,19.2,73,765.1,5.0
CHG_GLF_04,2023-07-06 07:00:00+00:00,0.2,0.2,0.407,0.422,18.4,77,764.3,3.3
CHG_GLF_04,2023-07-06 08:00:00+00:00,0.4,0.4,0.407,0.421,17.8,79,763.8,4.0
CHG_GLF_04,2023-07-06 09:00:00+00:00,1.0,1.0,0.409,0.421,17.1,90,763.5,1.8
CHG_GLF_04,2023-07-06 10:00:00+00:00,0.8,0.8,0.411,0.42,16.5,94,762.5,2.3
CHG_GLF_04,2023-07-06 11:00:00+00:00,2.1,2.1,0.422,0.42,15.7,98,761.8,2.5
CHG_GLF_04,2023-07-06 12:00:00+00:00,1.0,1.0,0.412,0.417,15.8,94,762.5,2.3
CHG_GLF_04,2023-07-06 13:00:00+00:00,0.9,0.9,0.417,0.417,15.7,87,763.5,2.4
CHG_GLF_04,2023-07-06 14:00:00+00:00,0.4,0.4,0.417,0.417,15.4,90,764.1,0.5
CHG_GLF_04,2023-07-06 15:00:00+00:00,1.2,1.2,0.423,0.417,15.4,90,764.6,0.8
CHG_GLF_04,2023-07-06 16:00:00+00:00,0.7,0.7,0.424,0.418,15.4,90,765.0,0.5
CHG_GLF_04,2023-07-06 17:00:00+00:00,0.1,0.1,0.421,0.418,14.5,96,764.4,1.8
CHG_GLF_04,2023-07-06 18:00:00+00:00,0.1,0.1,0.419,0.418,15.6,87,764.9,1.5
CHG_GLF_04,2023-07-06 19:00:00+00:00,0.1,0.1,0.418,0.418,15.2,90,764.3,1.1
CHG_GLF_04,2023-07-06 20:00:00+00:00,0.0,0.0,0.416,0.418,14.9,92,763.8,0.7
CHG_GLF_04,2023-07-06 21:00:00+00:00,0.0,0.0,0.414,0.418,15.4,86,763.3,3.6
CHG_GLF_04,2023-07-06 22:00:00+00:00,0.0,0.0,0.413,0.418,15.8,80,763.1,1.9
CHG_GLF_04,2023-07-06 23:00:00+00:00,0.0,0.0,0.412,0.418,15.1,82,762.8,0.5
CHG_GLF_04,2023-07-07 00:00:00+00:00,0.0,0.0,0.422,0.424,15.2,89,763.4,3.7
CHG_GLF_04,2023-07-07 01:00:00+00:00,0.2,0.2,0.421,0.424,15.2,88,764.6,1.1
CHG_GLF_04,2023-07-07 02:00:00+00:00,0.4,0.4,0.421,0.424,14.9,98,764.4,1.9
CHG_GLF_04,2023-07-07 03:00:00+00:00,0.2,0.2,0.419,0.424,15.9,91,765.3,2.8
CHG_GLF_04,2023-07-07 04:00:00+00:00,0.1,0.1,0.417,0.423,16.2,89,765.5,2.6
CHG_GLF_04,2023-07-07 05:00:00+00:00,0.0,0.0,0.415,0.423,16.9,85,765.8,1.3
CHG_GLF_04,2023-07-07 06:00:00+00:00,0.0,0.0,0.413,0.422,18.2,77,765.7,2.6
CHG_GLF_04,2023-07-07 07:00:00+00:00,0.1,0.1,0.41,0.421,17.7,81,765.2,3.3
CHG_GLF_04,2023-07-07 08:00:00+00:00,0.3,0.3,0.409,0.421,17.1,85,764.6,3.6
CHG_GLF_04,2023-07-07 09:00:00+00:00,0.5,0.5,0.409,0.42,16.0,89,763.5,2.9
CHG_GLF_04,2023-07-07 10:00:00+00:00,0.2,0.2,0.409,0.419,15.7,91,763.1,0.7
CHG_GLF_04,2023-07-07 11:00:00+00:00,0.2,0.2,0.409,0.419,16.4,83,763.0,2.5
CHG_GLF_04,2023-07-07 12:00:00+00:00,0.1,0.1,0.4,0.416,16.9,77,764.2,0.5
CHG_GLF_04,2023-07-07 13:00:00+00:00,0.0,0.0,0.4,0.416,16.2,82,764.7,0.7
CHG_GLF_04,2023-07-07 14:00:00+00:00,0.0,0.0,0.399,0.415,16.1,81,765.4,1.3
CHG_GLF_04,2023-07-07 15:00:00+00:00,0.0,0.0,0.399,0.414,14.7,86,765.0,2.2
CHG_GLF_04,2023-07-07 16:00:00+00:00,0.0,0.0,0.399,0.414,15.2,80,765.2,2.0
CHG_GLF_04,2023-07-07 17:00:00+00:00,0.0,0.0,0.398,0.413,15.9,76,766.1,2.6
CHG_GLF_04,2023-07-07 18:00:00+00:00,0.0,0.0,0.398,0.412,15.4,79,765.5,3.1
CHG_GLF_04,2023-07-07 19:00:00+00:00,0.0,0.0,0.398,0.412,15.8,73,765.3,2.2
CHG_GLF_04,2023-07-07 20:00:00+00:00,0.0,0.0,0.397,0.411,16.2,69,764.3,2.7
CHG_GLF_04,2023-07-07 21:00:00+00:00,0.0,0.0,0.397,0.41,16.0,68,764.7,0.5
CHG_GLF_04,2023-07-07 22:00:00+00:00,0.0,0.0,0.396,0.41,15.7,68,764.2,3.3
CHG_GLF_04,2023-07-07 23:00:00+00:00,0.0,0.0,0.396,0.409,15.9,65,764.7,1.6
CHG_GLF_04,2023-07-08 00:00:00+00:00,0.0,0.0,0.396,0.409,16.2,78,764.6,3.4
CHG_GLF_04,2023-07-08 01:00:00+00:00,0.0,0.0,0.396,0.409,17.0,81,765.3,1.9
CHG_GLF_04,2023-07-08 02:00:00+00:00,0.0,0.0,0.395,0.408,17.1,84,766.8,4.1
CHG_GLF_04,2023-07-08 03:00:00+00:00,0.0,0.0,0.393,0.407,17.5,80,767.0,2.8
CHG_GLF_04,2023-07-08 04:00:00+00:00,0.0,0.0,0.392,0.406,18.1,77,767.2,4.1
CHG_GLF_04,2023-07-08 05:00:00+00:00,0.0,0.0,0.39,0.405,19.0,71,767.4,3.8
CHG_GLF_04,2023-07-08 06:00:00+00:00,0.0,0.0,0.388,0.404,18.9,74,766.8,4.7
CHG_GLF_04,2023-07-08 07:00:00+00:00,0.1,0.1,0.386,0.403,18.4,76,766.1,4.1
CHG_GLF_04,2023-07-08 08:00:00+00:00,0.1,0.1,0.385,0.402,18.3,77,765.2,3.3
CHG_GLF_04,2023-07-08 09:00:00+00:00,0.1,0.1,0.384,0.401,18.3,76,764.8,2.1
CHG_GLF_04,2023-07-08 10:00:00+00:00,0.1,0.1,0.383,0.4,17.9,81,764.3,2.7
CHG_GLF_04,2023-07-08 11:00:00+00:00,0.1,0.1,0.383,0.399,17.4,83,764.2,2.5
CHG_GLF_04,2023-07-08 12:00:00+00:00,0.1,0.1,0.385,0.399,16.4,85,764.6,2.7
CHG_GLF_04,2023-07-08 13:00:00+00:00,0.0,0.0,0.385,0.399,15.4,92,764.5,0.8
CHG_GLF_04,2023-07-08 14:00:00+00:00,0.0,0.0,0.385,0.398,15.2,91,764.5,2.5
CHG_GLF_04,2023-07-08 15:00:00+00:00,0.0,0.0,0.385,0.398,15.4,87,765.0,1.9
CHG_GLF_04,2023-07-08 16:00:00+00:00,0.0,0.0,0.385,0.397,15.9,85,766.1,1.4
CHG_GLF_04,2023-07-08 17:00:00+00:00,0.0,0.0,0.385,0.397,16.1,82,766.2,1.1
CHG_GLF_04,2023-07-08 18:00:00+00:00,0.1,0.1,0.385,0.396,15.7,85,765.7,1.1
CHG_GLF_04,2023-07-08 19:00:00+00:00,0.4,0.4,0.387,0.396,15.2,89,764.7,0.4
CHG_GLF_04,2023-07-08 20:00:00+00:00,0.4,0.4,0.388,0.395,15.5,87,764.0,0.5
CHG_GLF_04,2023-07-08 21:00:00+00:00,0.1,0.1,0.388,0.395,15.6,86,763.6,0.0
CHG_GLF_04,2023-07-08 22:00:00+00:00,0.0,0.0,0.388,0.395,15.6,87,763.8,0.0
CHG_GLF_04,2023-07-08 23:00:00+00:00,0.0,0.0,0.388,0.394,15.5,87,763.5,0.5
CHG_GLF_04,2023-07-09 00:00:00+00:00,0.0,0.0,0.394,0.395,15.9,91,764.4,2.3
CHG_GLF_04,2023-07-09 01:00:00+00:00,0.0,0.0,0.394,0.394,17.0,87,764.4,1.8
CHG_GLF_04,2023-07-09 02:00:00+00:00,0.4,0.4,0.395,0.394,16.5,91,765.2,5.1
CHG_GLF_04,2023-07-09 03:00:00+00:00,1.3,1.3,0.401,0.394,16.8,87,765.4,3.9
CHG_GLF_04,2023-07-09 04:00:00+00:00,0.4,0.4,0.401,0.394,18.3,81,766.2,4.1
CHG_GLF_04,2023-07-09 05:00:00+00:00,0.1,0.1,0.399,0.394,17.9,83,765.9,4.2
CHG_GLF_04,2023-07-09 06:00:00+00:00,0.1,0.1,0.398,0.393,19.1,75,766.0,3.4
CHG_GLF_04,2023-07-09 07:00:00+00:00,0.1,0.1,0.395,0.393,19.7,74,765.5,5.0
CHG_GLF_04,2023-07-09 08:00:00+00:00,0.0,0.0,0.392,0.392,19.0,76,764.5,3.3
CHG_GLF_04,2023-07-09 09:00:00+00:00,0.2,0.2,0.391,0.391,18.7,76,764.1,2.8
CHG_GLF_04,2023-07-09 10:00:00+00:00,0.1,0.1,0.39,0.391,17.8,84,763.4,3.3
CHG_GLF_04,2023-07-09 11:00:00+00:00,0.0,0.0,0.389,0.391,17.8,84,763.2,2.0
CHG_GLF_04,2023-07-09 12:00:00+00:00,0.0,0.0,0.389,0.389,16.5,96,763.2,1.1
CHG_GLF_04,2023-07-09 13:00:00+00:00,0.0,0.0,0.388,0.389,16.0,97,763.4,2.9
CHG_GLF_04,2023-07-09 14:00:00+00:00,0.9,0.9,0.393,0.389,15.8,98,764.0,2.2
CHG_GLF_04,2023-07-09 15:00:00+00:00,0.9,0.9,0.399,0.389,16.3,94,764.6,1.0
CHG_GLF_04,2023-07-09 16:00:00+00:00,0.5,0.5,0.402,0.389,16.1,95,765.0,2.2
CHG_GLF_04,2023-07-09 17:00:00+00:00,0.7,0.7,0.406,0.389,15.8,95,764.8,1.3
CHG_GLF_04,2023-07-09 18:00:00+00:00,0.8,0.8,0.409,0.39,15.9,93,764.2,0.7
CHG_GLF_04,2023-07-09 19:00:00+00:00,0.6,0.6,0.411,0.39,15.6,95,763.8,1.5
CHG_GLF_04,2023-07-09 20:00:00+00:00,0.4,0.4,0.411,0.391,15.5,95,763.5,0.4
CHG_GLF_04,2023-07-09 21:00:00+00:00,0.1,0.1,0.409,0.392,15.4,95,763.1,1.1
CHG_GLF_04,2023-07-09 22:00:00+00:00,0.1,0.1,0.407,0.392,15.6,95,763.1,0.4
CHG_GLF_04,2023-07-09 23:00:00+00:00,0.0,0.0,0.405,0.392,16.0,91,763.0,1.5
CHG_GLF_04,2023-07-10 00:00:00+00:00,0.0,0.0,0.418,0.408,16.1,95,763.4,2.1
CHG_GLF_04,2023-07-10 01:00:00+00:00,0.0,0.0,0.415,0.408,15.9,95,763.9,2.2
CHG_GLF_04,2023-07-10 02:00:00+00:00,0.0,0.0,0.413,0.408,16.1,93,764.3,1.3
CHG_GLF_04,2023-07-10 03:00:00+00:00,1.1,1.1,0.417,0.409,16.3,95,764.5,3.1
CHG_GLF_04,2023-07-10 04:00:00+00:00,0.2,0.2,0.415,0.409,16.5,94,764.5,2.5
CHG_GLF_04,2023-07-10 05:00:00+00:00,0.1,0.1,0.413,0.409,17.4,86,764.9,4.5
CHG_GLF_04,2023-07-10 06:00:00+00:00,0.1,0.1,0.411,0.409,17.0,88,764.2,3.1
CHG_GLF_04,2023-07-10 07:00:00+00:00,0.0,0.0,0.408,0.409,18.3,80,764.3,3.8
CHG_GLF_04,2023-07-10 08:00:00+00:00,0.0,0.0,0.406,0.408,18.4,79,763.7,4.4
CHG_GLF_04,2023-07-10 09:00:00+00:00,0.0,0.0,0.404,0.408,18.6,77,763.3,3.1
CHG_GLF_04,2023-07-10 10:00:00+00:00,0.0,0.0,0.402,0.407,18.3,78,762.9,3.6
CHG_GLF_04,2023-07-10 11:00:00+00:00,0.0,0.0,0.401,0.407,17.1,88,762.1,2.6
CHG_GLF_04,2023-07-10 12:00:00+00:00,0.2,0.2,0.402,0.407,17.2,85,763.3,1.4
CHG_GLF_04,2023-07-10 13:00:00+00:00,0.2,0.2,0.402,0.407,16.4,89,763.1,1.9
CHG_GLF_04,2023-07-10 14:00:00+00:00,0.3,0.3,0.402,0.407,15.7,95,763.3,2.5
CHG_GLF_04,2023-07-10 15:00:00+00:00,0.2,0.2,0.402,0.407,15.8,96,764.0,1.8
CHG_GLF_04,2023-07-10 16:00:00+00:00,0.3,0.3,0.403,0.407,15.7,96,764.3,1.5
CHG_GLF_04,2023-07-10 17:00:00+00:00,0.4,0.4,0.404,0.406,15.7,94,764.2,0.8
CHG_GLF_04,2023-07-10 18:00:00+00:00,0.3,0.3,0.406,0.406,15.6,95,763.9,1.9
CHG_GLF_04,2023-07-10 19:00:00+00:00,0.4,0.4,0.407,0.406,15.4,96,763.5,1.5
CHG_GLF_04,2023-07-10 20:00:00+00:00,0.1,0.1,0.406,0.406,15.5,96,763.0,1.1
CHG_GLF_04,2023-07-10 21:00:00+00:00,0.1,0.1,0.406,0.406,15.5,95,762.7,1.6
CHG_GLF_04,2023-07-10 22:00:00+00:00,0.1,0.1,0.405,0.406,15.5,94,762.6,2.2
CHG_GLF_04,2023-07-10 23:00:00+00:00,0.1,0.1,0.404,0.406,16.3,85,762.6,3.6
CHG_GLF_04,2023-07-11 00:00:00+00:00,0.1,0.1,0.411,0.411,15.7,94,763.0,2.2
CHG_GLF_04,2023-07-11 01:00:00+00:00,0.1,0.1,0.411,0.411,15.7,96,762.9,1.3
CHG_GLF_04,2023-07-11 02:00:00+00:00,0.0,0.0,0.409,0.41,16.9,92,763.8,1.8
CHG_GLF_04,2023-07-11 03:00:00+00:00,0.0,0.0,0.408,0.41,17.4,94,764.5,3.8
CHG_GLF_04,2023-07-11 04:00:00+00:00,0.1,0.1,0.406,0.41,17.2,92,764.6,3.9
CHG_GLF_04,2023-07-11 05:00:00+00:00,0.1,0.1,0.404,0.409,18.1,84,764.6,3.7
CHG_GLF_04,2023-07-11 06:00:00+00:00,0.1,0.1,0.403,0.409,18.3,80,764.3,3.4
CHG_GLF_04,2023-07-11 07:00:00+00:00,0.3,0.3,0.402,0.408,17.9,85,763.6,4.7
CHG_GLF_04,2023-07-11 08:00:00+00:00,0.9,0.9,0.404,0.408,18.3,83,763.4,2.4
CHG_GLF_04,2023-07-11 09:00:00+00:00,1.6,1.6,0.411,0.408,17.0,94,761.9,1.4
CHG_GLF_04,2023-07-11 10:00:00+00:00,1.6,1.6,0.419,0.408,16.6,97,761.7,1.8
CHG_GLF_04,2023-07-11 11:00:00+00:00,1.1,1.1,0.421,0.409,16.8,100,761.5,1.0
CHG_GLF_04,2023-07-11 12:00:00+00:00,0.5,0.5,0.43,0.415,16.1,98,761.7,0.8
CHG_GLF_04,2023-07-11 13:00:00+00:00,1.3,1.3,0.432,0.417,16.3,91,762.5,1.9
CHG_GLF_04,2023-07-11 14:00:00+00:00,3.2,3.2,0.438,0.421,15.9,93,762.9,0.4
CHG_GLF_04,2023-07-11 15:00:00+00:00,3.4,3.4,0.438,0.428,16.1,92,763.2,1.6
CHG_GLF_04,2023-07-11 16:00:00+00:00,4.3,4.3,0.438,0.435,16.1,93,763.7,1.8
CHG_GLF_04,2023-07-11 17:00:00+00:00,5.6,5.6,0.439,0.438,15.6,96,763.5,1.0
CHG_GLF_04,2023-07-11 18:00:00+00:00,4.4,4.4,0.431,0.438,15.6,96,763.2,1.3
CHG_GLF_04,2023-07-11 19:00:00+00:00,2.9,2.9,0.438,0.437,15.5,95,762.7,1.6
CHG_GLF_04,2023-07-11 20:00:00+00:00,2.8,2.8,0.438,0.437,15.4,95,762.1,2.2
CHG_GLF_04,2023-07-11 21:00:00+00:00,3.5,3.5,0.435,0.438,15.3,97,762.0,1.5
CHG_GLF_04,2023-07-11 22:00:00+00:00,4.2,4.2,0.435,0.438,15.2,97,762.0,1.5
CHG_GLF_04,2023-07-11 23:00:00+00:00,3.6,3.6,0.432,0.438,15.2,96,761.7,0.7
CHG_GLF_04,2023-07-12 00:00:00+00:00,3.8,3.8,0.427,0.435,15.6,82,762.1,4.3
CHG_GLF_04,2023-07-12 01:00:00+00:00,3.1,3.1,0.437,0.434,16.4,75,763.2,2.1
CHG_GLF_04,2023-07-12 02:00:00+00:00,1.4,1.4,0.435,0.435,15.3,94,763.5,1.6
CHG_GLF_04,2023-07-12 03:00:00+00:00,0.6,0.6,0.431,0.434,15.3,98,763.8,1.1
CHG_GLF_04,2023-07-12 04:00:00+00:00,0.5,0.5,0.428,0.434,16.0,97,764.0,1.9
CHG_GLF_04,2023-07-12 05:00:00+00:00,0.5,0.5,0.425,0.433,16.7,88,764.4,2.2
CHG_GLF_04,2023-07-12 06:00:00+00:00,0.6,0.6,0.424,0.432,17.0,86,764.1,3.2
CHG_GLF_04,2023-07-12 07:00:00+00:00,0.7,0.7,0.423,0.431,16.7,87,763.4,2.4
CHG_GLF_04,2023-07-12 08:00:00+00:00,0.5,0.5,0.421,0.431,16.8,87,762.9,3.4
CHG_GLF_04,2023-07-12 09:00:00+00:00,0.8,0.8,0.421,0.43,16.9,86,762.3,3.4
CHG_GLF_04,2023-07-12 10:00:00+00:00,2.8,2.8,0.432,0.43,16.2,97,761.7,1.9
CHG_GLF_04,2023-07-12 11:00:00+00:00,4.7,4.7,0.438,0.434,15.8,98,761.3,1.8
CHG_GLF_04,2023-07-12 12:00:00+00:00,2.8,2.8,0.433,0.434,16.1,91,762.2,2.5
CHG_GLF_04,2023-07-12 13:00:00+00:00,2.1,2.1,0.437,0.434,15.5,95,762.1,3.3
CHG_GLF_04,2023-07-12 14:00:00+00:00,4.8,4.8,0.435,0.439,15.8,93,763.5,2.6
CHG_GLF_04,2023-07-12 15:00:00+00:00,5.3,5.3,0.439,0.438,15.6,94,763.6,1.0
CHG_GLF_04,2023-07-12 16:00:00+00:00,3.3,3.3,0.434,0.437,15.6,96,763.5,1.1
CHG_GLF_04,2023-07-12 17:00:00+00:00,2.6,2.6,0.436,0.437,15.4,97,763.5,1.3
CHG_GLF_04,2023-07-12 18:00:00+00:00,3.5,3.5,0.439,0.438,15.1,98,763.3,1.3
CHG_GLF_04,2023-07-12 19:00:00+00:00,5.3,5.3,0.437,0.437,15.1,98,762.7,0.0
CHG_GLF_04,2023-07-12 20:00:00+00:00,5.9,5.9,0.433,0.438,15.4,94,762.2,0.7
CHG_GLF_04,2023-07-12 21:00:00+00:00,4.5,4.5,0.438,0.438,15.2,95,761.8,1.5
CHG_GLF_04,2023-07-12 22:00:00+00:00,4.1,4.1,0.438,0.438,15.3,94,761.6,0.7
CHG_GLF_04,2023-07-12 23:00:00+00:00,4.6,4.6,0.439,0.438,15.4,92,761.6,0.8
CHG_GLF_04,2023-07-13 00:00:00+00:00,6.1,6.1,0.428,0.427,16.1,82,761.9,1.3
CHG_GLF_04,2023-07-13 01:00:00+00:00,0.8,0.8,0.428,0.425,14.5,96,761.9,2.8
CHG_GLF_04,2023-07-13 02:00:00+00:00,3.9,3.9,0.438,0.426,14.5,97,762.2,3.1
CHG_GLF_04,2023-07-13 03:00:00+00:00,3.8,3.8,0.438,0.43,15.7,93,762.8,2.6
CHG_GLF_04,2023-07-13 04:00:00+00:00,3.2,3.2,0.437,0.432,15.9,97,763.3,1.1
CHG_GLF_04,2023-07-13 05:00:00+00:00,3.1,3.1,0.437,0.434,15.6,97,763.3,1.8
CHG_GLF_04,2023-07-13 06:00:00+00:00,1.4,1.4,0.433,0.434,15.9,90,763.1,2.0
CHG_GLF_04,2023-07-13 07:00:00+00:00,0.2,0.2,0.428,0.432,16.9,85,763.2,3.5
CHG_GLF_04,2023-07-13 08:00:00+00:00,0.5,0.5,0.426,0.431,16.9,87,762.5,2.7
CHG_GLF_04,2023-07-13 09:00:00+00:00,0.9,0.9,0.425,0.429,16.2,97,761.7,3.7
CHG_GLF_04,2023-07-13 10:00:00+00:00,1.5,1.5,0.429,0.428,16.1,99,761.3,3.2
CHG_GLF_04,2023-07-13 11:00:00+00:00,2.1,2.1,0.433,0.428,15.7,100,761.4,2.5
CHG_GLF_04,2023-07-13 12:00:00+00:00,2.0,2.0,0.423,0.422,16.0,95,762.1,0.4
CHG_GLF_04,2023-07-13 13:00:00+00:00,0.7,0.7,0.424,0.422,16.0,90,762.7,1.5
CHG_GLF_04,2023-07-13 14:00:00+00:00,0.6,0.6,0.424,0.421,15.9,91,762.8,1.9
CHG_GLF_04,2023-07-13 15:00:00+00:00,0.6,0.6,0.424,0.42,15.8,91,763.6,2.4
CHG_GLF_04,2023-07-13 16:00:00+00:00,0.5,0.5,0.424,0.42,15.6,91,763.8,1.9
CHG_GLF_04,2023-07-13 17:00:00+00:00,0.4,0.4,0.423,0.419,15.7,90,763.6,0.8
CHG_GLF_04,2023-07-13 18:00:00+00:00,0.6,0.6,0.423,0.419,15.3,92,763.1,1.8
CHG_GLF_04,2023-07-13 19:00:00+00:00,0.3,0.3,0.422,0.418,15.0,93,762.5,2.6
CHG_GLF_04,2023-07-13 20:00:00+00:00,0.1,0.1,0.42,0.418,14.1,96,761.4,2.8
CHG_GLF_04,2023-07-13 21:00:00+00:00,0.0,0.0,0.417,0.417,15.0,91,761.7,2.1
CHG_GLF_04,2023-07-13 22:00:00+00:00,0.0,0.0,0.416,0.416,13.6,96,760.6,4.7
CHG_GLF_04,2023-07-13 23:00:00+00:00,0.1,0.1,0.415,0.415,15.2,83,761.8,2.2
CHG_GLF_04,2023-07-14 00:00:00+00:00,0.1,0.1,0.419,0.419,14.3,97,762.3,2.5
CHG_GLF_04,2023-07-14 01:00:00+00:00,0.0,0.0,0.417,0.418,14.3,99,762.3,2.6
CHG_GLF_04,2023-07-14 02:00:00+00:00,0.0,0.0,0.415,0.416,15.5,91,763.2,4.0
CHG_GLF_04,2023-07-14 03:00:00+00:00,0.0,0.0,0.413,0.415,16.3,88,763.5,2.1
CHG_GLF_04,2023-07-14 04:00:00+00:00,0.1,0.1,0.411,0.414,15.9,90,764.1,2.9
CHG_GLF_04,2023-07-14 05:00:00+00:00,1.1,1.1,0.414,0.412,16.2,90,764.6,1.0
CHG_GLF_04,2023-07-14 06:00:00+00:00,3.3,3.3,0.43,0.412,15.8,98,763.6,3.1
CHG_GLF_04,2023-07-14 07:00:00+00:00,2.4,2.4,0.433,0.414,15.3,99,763.0,2.6
CHG_GLF_04,2023-07-14 08:00:00+00:00,2.9,2.9,0.435,0.417,16.3,96,762.9,1.5
CHG_GLF_04,2023-07-14 09:00:00+00:00,1.4,1.4,0.432,0.419,15.8,96,762.3,3.6
CHG_GLF_04,2023-07-14 10:00:00+00:00,0.6,0.6,0.427,0.419,16.2,93,762.1,2.6
CHG_GLF_04,2023-07-14 11:00:00+00:00,0.0,0.0,0.423,0.419,16.7,82,761.9,1.1
CHG_GLF_04,2023-07-14 12:00:00+00:00,0.0,0.0,0.416,0.412,16.2,93,762.7,2.8
CHG_GLF_04,2023-07-14 13:00:00+00:00,0.0,0.0,0.414,0.411,15.5,97,762.6,1.9
CHG_GLF_04,2023-07-14 14:00:00+00:00,0.1,0.1,0.412,0.41,14.7,97,762.9,2.8
CHG_GLF_04,2023-07-14 15:00:00+00:00,0.2,0.2,0.411,0.41,15.8,91,764.2,1.3
CHG_GLF_04,2023-07-14 16:00:00+00:00,0.2,0.2,0.411,0.409,15.7,92,764.8,0.5
CHG_GLF_04,2023-07-14 17:00:00+00:00,0.0,0.0,0.409,0.408,16.1,87,764.8,1.8
CHG_GLF_04,2023-07-14 18:00:00+00:00,0.0,0.0,0.408,0.407,15.7,89,764.6,1.5
CHG_GLF_04,2023-07-14 19:00:00+00:00,0.0,0.0,0.407,0.407,14.3,95,763.1,3.2
CHG_GLF_04,2023-07-14 20:00:00+00:00,0.0,0.0,0.406,0.406,13.9,93,761.8,3.4
CHG_GLF_04,2023-07-14 21:00:00+00:00,0.0,0.0,0.404,0.405,15.7,83,763.1,1.5
CHG_GLF_04,2023-07-14 22:00:00+00:00,0.0,0.0,0.403,0.405,15.5,84,762.5,2.7
CHG_GLF_04,2023-07-14 23:00:00+00:00,0.0,0.0,0.402,0.404,15.5,83,762.7,2.5
CHG_GLF_04,2023-07-15 00:00:00+00:00,0.0,0.0,0.4,0.403,16.0,77,762.2,2.5
CHG_GLF_04,2023-07-15 01:00:00+00:00,0.0,0.0,0.399,0.402,16.8,82,762.8,1.0
CHG_GLF_04,2023-07-15 02:00:00+00:00,0.0,0.0,0.398,0.401,17.1,85,764.2,4.8
CHG_GLF_04,2023-07-15 03:00:00+00:00,0.0,0.0,0.396,0.4,17.8,81,765.2,3.1
CHG_GLF_04,2023-07-15 04:00:00+00:00,0.0,0.0,0.394,0.399,17.9,81,765.2,3.1
CHG_GLF_04,2023-07-15 05:00:00+00:00,0.0,0.0,0.392,0.398,18.7,76,765.2,4.6
CHG_GLF_04,2023-07-15 06:00:00+00:00,0.7,0.7,0.393,0.397,17.7,84,764.7,4.1
CHG_GLF_04,2023-07-15 07:00:00+00:00,1.2,1.2,0.397,0.396,16.9,88,763.8,2.5
CHG_GLF_04,2023-07-15 08:00:00+00:00,0.7,0.7,0.399,0.396,16.4,89,762.8,1.0
CHG_GLF_04,2023-07-15 09:00:00+00:00,0.3,0.3,0.399,0.396,16.3,91,762.2,1.3
CHG_GLF_04,2023-07-15 10:00:00+00:00,0.3,0.3,0.399,0.395,16.4,85,761.8,3.3
CHG_GLF_04,2023-07-15 11:00:00+00:00,0.0,0.0,0.398,0.395,16.4,88,761.6,1.4
CHG_GLF_04,2023-07-15 12:00:00+00:00,0.0,0.0,0.383,0.391,16.5,80,762.4,1.8
CHG_GLF_04,2023-07-15 13:00:00+00:00,0.0,0.0,0.383,0.391,16.2,81,762.9,1.5
CHG_GLF_04,2023-07-15 14:00:00+00:00,0.0,0.0,0.382,0.39,15.9,81,763.8,0.8
CHG_GLF_04,2023-07-15 15:00:00+00:00,0.0,0.0,0.382,0.39,16.0,80,763.9,1.6
CHG_GLF_04,2023-07-15 16:00:00+00:00,0.0,0.0,0.382,0.389,16.1,81,764.5,2.2
CHG_GLF_04,2023-07-15 17:00:00+00:00,0.0,0.0,0.382,0.389,14.1,92,763.5,3.7
CHG_GLF_04,2023-07-15 18:00:00+00:00,0.0,0.0,0.381,0.388,14.6,87,763.2,2.1
CHG_GLF_04,2023-07-15 19:00:00+00:00,0.1,0.1,0.381,0.388,15.9,76,763.7,1.0
CHG_GLF_04,2023-07-15 20:00:00+00:00,0.0,0.0,0.381,0.387,15.6,78,762.9,1.8
CHG_GLF_04,2023-07-15 21:00:00+00:00,0.0,0.0,0.381,0.387,14.9,80,761.7,3.3
CHG_GLF_04,2023-07-15 22:00:00+00:00,0.0,0.0,0.381,0.387,16.4,70,762.2,2.6
CHG_GLF_04,2023-07-15 23:00:00+00:00,0.0,0.0,0.38,0.386,16.0,73,762.5,2.2
CHG_GLF_04,2023-07-16 00:00:00+00:00,0.0,0.0,0.384,0.387,16.7,71,762.7,1.3
CHG_GLF_04,2023-07-16 01:00:00+00:00,0.0,0.0,0.383,0.387,16.9,72,762.9,0.8
CHG_GLF_04,2023-07-16 02:00:00+00:00,0.0,0.0,0.382,0.386,17.1,78,763.7,2.3
CHG_GLF_04,2023-07-16 03:00:00+00:00,0.0,0.0,0.381,0.385,17.6,79,764.2,3.8
CHG_GLF_04,2023-07-16 04:00:00+00:00,0.0,0.0,0.38,0.385,18.1,77,765.0,4.5
CHG_GLF_04,2023-07-16 05:00:00+00:00,0.0,0.0,0.378,0.384,17.1,86,764.5,4.3
CHG_GLF_04,2023-07-16 06:00:00+00:00,0.0,0.0,0.377,0.383,17.3,81,764.1,2.0
CHG_GLF_04,2023-07-16 07:00:00+00:00,0.0,0.0,0.375,0.382,17.5,82,763.7,3.1
CHG_GLF_04,2023-07-16 08:00:00+00:00,0.0,0.0,0.374,0.382,17.6,83,763.3,3.9
CHG_GLF_04,2023-07-16 09:00:00+00:00,0.0,0.0,0.373,0.381,16.9,88,762.1,3.4
CHG_GLF_04,2023-07-16 10:00:00+00:00,0.0,0.0,0.373,0.381,16.3,91,761.8,3.4
CHG_GLF_04,2023-07-16 11:00:00+00:00,0.1,0.1,0.373,0.38,15.5,97,761.6,3.1
CHG_GLF_04,2023-07-16 12:00:00+00:00,0.2,0.2,0.372,0.379,15.8,88,762.7,2.4
CHG_GLF_04,2023-07-16 13:00:00+00:00,0.0,0.0,0.372,0.378,15.0,93,762.0,1.8
CHG_GLF_04,2023-07-16 14:00:00+00:00,0.5,0.5,0.374,0.378,16.0,84,763.3,2.2
CHG_GLF_04,2023-07-16 15:00:00+00:00,1.5,1.5,0.385,0.378,16.1,81,763.7,3.1
CHG_GLF_04,2023-07-16 16:00:00+00:00,1.3,1.3,0.394,0.378,15.9,81,763.8,2.6
CHG_GLF_04,2023-07-16 17:00:00+00:00,2.2,2.2,0.409,0.379,15.5,83,763.7,1.4
CHG_GLF_04,2023-07-16 18:00:00+00:00,1.8,1.8,0.419,0.38,15.4,84,763.2,1.1
CHG_GLF_04,2023-07-16 19:00:00+00:00,1.0,1.0,0.42,0.382,15.1,86,762.6,1.0
CHG_GLF_04,2023-07-16 20:00:00+00:00,0.3,0.3,0.416,0.384,14.8,88,761.8,0.4
CHG_GLF_04,2023-07-16 21:00:00+00:00,0.0,0.0,0.412,0.385,14.8,86,761.2,3.5
CHG_GLF_04,2023-07-16 22:00:00+00:00,0.0,0.0,0.409,0.386,15.9,80,761.4,1.3
CHG_GLF_04,2023-07-16 23:00:00+00:00,0.0,0.0,0.406,0.386,15.8,81,761.3,1.5
CHG_GLF_04,2023-07-17 00:00:00+00:00,0.0,0.0,0.393,0.38,15.2,86,761.7,0.7
CHG_GLF_04,2023-07-17 01:00:00+00:00,0.0,0.0,0.392,0.38,15.4,91,762.6,1.6
CHG_GLF_04,2023-07-17 02:00:00+00:00,0.0,0.0,0.391,0.38,16.1,90,763.1,3.0
CHG_GLF_04,2023-07-17 03:00:00+00:00,0.0,0.0,0.389,0.38,16.3,86,763.4,4.0
CHG_GLF_04,2023-07-17 04:00:00+00:00,0.0,0.0,0.387,0.38,16.4,84,763.7,3.6
CHG_GLF_04,2023-07-17 05:00:00+00:00,0.0,0.0,0.386,0.38,17.1,76,763.9,3.6
CHG_GLF_04,2023-07-17 06:00:00+00:00,0.0,0.0,0.384,0.379,17.6,70,763.7,4.4
CHG_GLF_04,2023-07-17 07:00:00+00:00,0.7,0.7,0.385,0.379,16.4,80,763.0,3.4
CHG_GLF_04,2023-07-17 08:00:00+00:00,0.1,0.1,0.384,0.379,15.9,82,762.2,1.0
CHG_GLF_04,2023-07-17 09:00:00+00:00,0.0,0.0,0.383,0.379,16.5,79,761.7,4.3
CHG_GLF_04,2023-07-17 10:00:00+00:00,0.1,0.1,0.382,0.378,15.7,83,761.0,0.5
CHG_GLF_04,2023-07-17 11:00:00+00:00,0.2,0.2,0.382,0.378,15.9,83,761.0,2.3
CHG_GLF_04,2023-07-17 12:00:00+00:00,0.4,0.4,0.402,0.382,14.8,99,761.1,2.6
CHG_GLF_04,2023-07-17 13:00:00+00:00,1.1,1.1,0.408,0.382,14.8,98,761.5,0.8
CHG_GLF_04,2023-07-17 14:00:00+00:00,0.4,0.4,0.408,0.383,14.7,97,762.3,1.1
CHG_GLF_04,2023-07-17 15:00:00+00:00,0.5,0.5,0.409,0.384,14.4,97,762.5,2.9
CHG_GLF_04,2023-07-17 16:00:00+00:00,0.1,0.1,0.407,0.385,15.4,89,763.5,2.5
CHG_GLF_04,2023-07-17 17:00:00+00:00,0.1,0.1,0.405,0.385,15.3,88,763.7,1.8
CHG_GLF_04,2023-07-17 18:00:00+00:00,0.3,0.3,0.405,0.386,14.8,91,763.3,1.6
CHG_GLF_04,2023-07-17 19:00:00+00:00,1.2,1.2,0.412,0.386,14.4,95,762.7,1.3
CHG_GLF_04,2023-07-17 20:00:00+00:00,0.9,0.9,0.415,0.387,14.2,96,762.3,1.1
CHG_GLF_04,2023-07-17 21:00:00+00:00,0.3,0.3,0.413,0.388,13.4,98,761.3,2.9
CHG_GLF_04,2023-07-17 22:00:00+00:00,0.0,0.0,0.41,0.389,13.4,96,760.8,4.0
CHG_GLF_04,2023-07-17 23:00:00+00:00,0.0,0.0,0.407,0.39,15.4,82,762.2,1.9
CHG_GLF_04,2023-07-18 00:00:00+00:00,0.0,0.0,0.404,0.388,14.0,92,762.1,3.2
CHG_GLF_04,2023-07-18 01:00:00+00:00,0.4,0.4,0.405,0.388,14.3,96,762.7,2.9
CHG_GLF_04,2023-07-18 02:00:00+00:00,0.3,0.3,0.405,0.388,14.9,86,763.4,1.8
CHG_GLF_04,2023-07-18 03:00:00+00:00,0.0,0.0,0.403,0.389,15.5,87,764.0,4.0
CHG_GLF_04,2023-07-18 04:00:00+00:00,0.0,0.0,0.401,0.389,16.5,82,764.6,3.3
CHG_GLF_04,2023-07-18 05:00:00+00:00,0.0,0.0,0.399,0.389,17.4,74,764.6,2.3
CHG_GLF_04,2023-07-18 06:00:00+00:00,0.0,0.0,0.397,0.389,17.3,72,764.5,2.1
CHG_GLF_04,2023-07-18 07:00:00+00:00,0.0,0.0,0.395,0.389,17.6,68,763.9,1.9
CHG_GLF_04,2023-07-18 08:00:00+00:00,0.0,0.0,0.393,0.389,16.7,73,763.0,1.6
CHG_GLF_04,2023-07-18 09:00:00+00:00,0.0,0.0,0.392,0.389,17.0,71,762.5,0.0
CHG_GLF_04,2023-07-18 10:00:00+00:00,0.0,0.0,0.39,0.388,17.8,66,762.1,1.3
CHG_GLF_04,2023-07-18 11:00:00+00:00,0.0,0.0,0.389,0.388,18.2,64,761.7,1.6
CHG_GLF_04,2023-07-18 12:00:00+00:00,0.0,0.0,0.402,0.388,16.5,74,761.9,2.4
CHG_GLF_04,2023-07-18 13:00:00+00:00,0.0,0.0,0.4,0.388,17.2,61,762.4,1.8
CHG_GLF_04,2023-07-18 14:00:00+00:00,0.0,0.0,0.398,0.388,17.5,59,762.8,0.4
CHG_GLF_04,2023-07-18 15:00:00+00:00,0.0,0.0,0.397,0.389,17.3,61,763.2,1.0
CHG_GLF_04,2023-07-18 16:00:00+00:00,0.0,0.0,0.396,0.389,16.6,68,763.7,2.3
CHG_GLF_04,2023-07-18 17:00:00+00:00,0.0,0.0,0.395,0.389,14.5,80,762.1,4.7
CHG_GLF_04,2023-07-18 18:00:00+00:00,0.0,0.0,0.394,0.389,16.4,65,763.4,2.8
CHG_GLF_04,2023-07-18 19:00:00+00:00,0.0,0.0,0.393,0.389,16.0,64,763.0,2.3
CHG_GLF_04,2023-07-18 20:00:00+00:00,0.0,0.0,0.392,0.389,13.6,79,761.1,2.2
CHG_GLF_04,2023-07-18 21:00:00+00:00,0.1,0.1,0.392,0.389,13.8,79,760.6,2.6
CHG_GLF_04,2023-07-18 22:00:00+00:00,0.3,0.3,0.393,0.389,15.4,68,761.7,1.8
CHG_GLF_04,2023-07-18 23:00:00+00:00,0.8,0.8,0.396,0.389,15.8,66,762.1,2.2
CHG_GLF_04,2023-07-19 00:00:00+00:00,0.8,0.8,0.404,0.386,15.6,72,762.4,3.2
CHG_GLF_04,2023-07-19 01:00:00+00:00,1.3,1.3,0.412,0.387,14.7,88,761.7,3.2
CHG_GLF_04,2023-07-19 02:00:00+00:00,0.8,0.8,0.414,0.388,15.9,96,762.8,1.8
CHG_GLF_04,2023-07-19 03:00:00+00:00,0.3,0.3,0.412,0.388,17.1,86,763.9,1.3
CHG_GLF_04,2023-07-19 04:00:00+00:00,0.1,0.1,0.409,0.389,17.7,77,764.4,2.1
CHG_GLF_04,2023-07-19 05:00:00+00:00,0.0,0.0,0.405,0.389,18.9,65,764.5,1.8
CHG_GLF_04,2023-07-19 06:00:00+00:00,0.0,0.0,0.401,0.389,20.6,57,765.0,3.8
CHG_GLF_04,2023-07-19 07:00:00+00:00,0.0,0.0,0.397,0.388,20.3,60,764.5,4.3
CHG_GLF_04,2023-07-19 08:00:00+00:00,0.0,0.0,0.394,0.387,19.1,66,763.4,4.1
CHG_GLF_04,2023-07-19 09:00:00+00:00,0.0,0.0,0.391,0.387,18.4,71,762.9,2.6
CHG_GLF_04,2023-07-19 10:00:00+00:00,0.0,0.0,0.389,0.386,18.7,64,762.3,2.7
CHG_GLF_04,2023-07-19 11:00:00+00:00,0.0,0.0,0.388,0.386,17.8,66,761.8,2.6
CHG_GLF_04,2023-07-19 12:00:00+00:00,0.0,0.0,0.382,0.386,17.2,67,762.0,3.1
CHG_GLF_04,2023-07-19 13:00:00+00:00,0.0,0.0,0.381,0.386,17.4,65,762.0,2.9
CHG_GLF_04,2023-07-19 14:00:00+00:00,0.0,0.0,0.381,0.386,17.3,64,762.5,0.8
CHG_GLF_04,2023-07-19 15:00:00+00:00,0.0,0.0,0.381,0.386,14.8,73,761.4,4.5
CHG_GLF_04,2023-07-19 16:00:00+00:00,0.0,0.0,0.38,0.386,17.3,62,763.7,1.4
CHG_GLF_04,2023-07-19 17:00:00+00:00,0.1,0.1,0.381,0.385,16.8,62,763.9,1.1
CHG_GLF_04,2023-07-19 18:00:00+00:00,1.5,1.5,0.389,0.385,16.4,67,763.7,3.4
CHG_GLF_04,2023-07-19 19:00:00+00:00,0.6,0.6,0.394,0.385,16.5,70,763.0,2.1
CHG_GLF_04,2023-07-19 20:00:00+00:00,0.4,0.4,0.396,0.386,16.9,67,762.8,2.2
CHG_GLF_04,2023-07-19 21:00:00+00:00,0.0,0.0,0.394,0.386,15.9,72,762.0,1.9
CHG_GLF_04,2023-07-19 22:00:00+00:00,0.0,0.0,0.393,0.386,14.7,77,760.3,3.8
CHG_GLF_04,2023-07-19 23:00:00+00:00,0.0,0.0,0.393,0.386,14.6,76,759.8,2.3
CHG_GLF_04,2023-07-20 00:00:00+00:00,0.0,0.0,0.382,0.383,16.5,63,761.8,3.8
CHG_GLF_04,2023-07-20 01:00:00+00:00,0.0,0.0,0.381,0.383,18.3,65,762.6,1.8
CHG_GLF_04,2023-07-20 02:00:00+00:00,0.0,0.0,0.38,0.382,19.1,67,763.8,2.8
CHG_GLF_04,2023-07-20 03:00:00+00:00,0.0,0.0,0.378,0.382,20.0,64,764.6,3.6
CHG_GLF_04,2023-07-20 04:00:00+00:00,0.0,0.0,0.375,0.381,20.4,65,765.1,3.5
CHG_GLF_04,2023-07-20 05:00:00+00:00,0.0,0.0,0.373,0.38,19.9,70,765.0,7.2
CHG_GLF_04,2023-07-20 06:00:00+00:00,0.1,0.1,0.372,0.38,19.7,71,764.6,6.9
CHG_GLF_04,2023-07-20 07:00:00+00:00,1.4,1.4,0.378,0.379,18.7,81,764.0,3.8
CHG_GLF_04,2023-07-20 08:00:00+00:00,0.0,0.0,0.377,0.379,18.9,73,763.4,3.8
CHG_GLF_04,2023-07-20 09:00:00+00:00,0.0,0.0,0.375,0.378,19.5,72,763.0,5.4
CHG_GLF_04,2023-07-20 10:00:00+00:00,0.0,0.0,0.374,0.378,18.7,76,762.0,3.3
CHG_GLF_04,2023-07-20 11:00:00+00:00,0.0,0.0,0.372,0.378,18.3,75,761.7,3.7
CHG_GLF_04,2023-07-20 12:00:00+00:00,0.0,0.0,0.369,0.377,17.3,76,761.9,3.5
CHG_GLF_04,2023-07-20 13:00:00+00:00,0.0,0.0,0.368,0.377,16.0,83,762.2,0.7
CHG_GLF_04,2023-07-20 14:00:00+00:00,0.0,0.0,0.368,0.377,16.3,80,763.1,1.0
CHG_GLF_04,2023-07-20 15:00:00+00:00,0.0,0.0,0.368,0.377,16.8,72,764.0,1.6
CHG_GLF_04,2023-07-20 16:00:00+00:00,0.0,0.0,0.368,0.377,16.9,71,764.5,1.9
CHG_GLF_04,2023-07-20 17:00:00+00:00,0.0,0.0,0.368,0.376,16.9,67,764.9,1.1
CHG_GLF_04,2023-07-20 18:00:00+00:00,0.0,0.0,0.368,0.376,16.7,69,764.6,1.9
CHG_GLF_04,2023-07-20 19:00:00+00:00,0.0,0.0,0.368,0.376,16.8,68,764.0,1.1
CHG_GLF_04,2023-07-20 20:00:00+00:00,0.3,0.3,0.369,0.376,16.7,69,763.6,1.1
CHG_GLF_04,2023-07-20 21:00:00+00:00,0.5,0.5,0.372,0.376,16.2,72,763.1,0.8
CHG_GLF_04,2023-07-20 22:00:00+00:00,0.0,0.0,0.372,0.376,13.3,86,760.3,2.3
CHG_GLF_04,2023-07-20 23:00:00+00:00,0.2,0.2,0.372,0.376,16.0,72,762.7,1.9
CHG_GLF_04,2023-07-21 00:00:00+00:00,0.1,0.1,0.387,0.375,13.1,88,761.6,1.6
CHG_GLF_04,2023-07-21 01:00:00+00:00,0.0,0.0,0.386,0.375,16.1,78,763.9,1.8
CHG_GLF_04,2023-07-21 02:00:00+00:00,0.0,0.0,0.385,0.376,17.8,84,764.8,1.8
CHG_GLF_04,2023-07-21 03:00:00+00:00,0.0,0.0,0.383,0.375,18.6,78,766.2,5.1
CHG_GLF_04,2023-07-21 04:00:00+00:00,0.0,0.0,0.381,0.375,18.5,75,767.1,4.1
CHG_GLF_04,2023-07-21 05:00:00+00:00,0.0,0.0,0.379,0.375,18.4,73,766.2,2.3
CHG_GLF_04,2023-07-21 06:00:00+00:00,0.0,0.0,0.377,0.374,19.7,72,766.3,6.9
CHG_GLF_04,2023-07-21 07:00:00+00:00,0.2,0.2,0.375,0.374,18.4,76,766.1,6.4
CHG_GLF_04,2023-07-21 08:00:00+00:00,0.1,0.1,0.374,0.373,18.3,73,765.1,4.1
CHG_GLF_04,2023-07-21 09:00:00+00:00,0.0,0.0,0.372,0.373,18.8,67,764.9,3.8
CHG_GLF_04,2023-07-21 10:00:00+00:00,0.0,0.0,0.37,0.372,17.5,71,764.5,2.9
CHG_GLF_04,2023-07-21 11:00:00+00:00,0.0,0.0,0.369,0.372,16.6,75,764.1,2.2
CHG_GLF_04,2023-07-21 12:00:00+00:00,0.0,0.0,0.368,0.372,16.2,81,764.5,0.7
CHG_GLF_04,2023-07-21 13:00:00+00:00,0.0,0.0,0.368,0.372,14.9,89,764.6,3.6
CHG_GLF_04,2023-07-21 14:00:00+00:00,0.0,0.0,0.368,0.372,15.1,83,765.8,1.5
CHG_GLF_04,2023-07-21 15:00:00+00:00,0.5,0.5,0.37,0.372,14.9,84,766.5,2.6
CHG_GLF_04,2023-07-21 16:00:00+00:00,0.3,0.3,0.372,0.372,14.5,85,765.9,4.0
CHG_GLF_04,2023-07-21 17:00:00+00:00,0.4,0.4,0.374,0.372,15.4,77,766.9,3.4
CHG_GLF_04,2023-07-21 18:00:00+00:00,0.8,0.8,0.381,0.372,14.0,93,765.8,5.9
CHG_GLF_04,2023-07-21 19:00:00+00:00,0.7,0.7,0.386,0.372,14.8,80,766.2,3.5
CHG_GLF_04,2023-07-21 20:00:00+00:00,0.2,0.2,0.386,0.372,14.0,86,765.2,4.7
CHG_GLF_04,2023-07-21 21:00:00+00:00,0.0,0.0,0.386,0.373,15.9,65,766.3,3.6
CHG_GLF_04,2023-07-21 22:00:00+00:00,0.0,0.0,0.385,0.373,15.2,69,765.2,4.5
CHG_GLF_04,2023-07-21 23:00:00+00:00,0.0,0.0,0.384,0.373,13.0,80,764.0,5.8
CHG_GLF_04,2023-07-22 00:00:00+00:00,0.0,0.0,0.389,0.375,15.7,72,766.3,2.2
CHG_GLF_04,2023-07-22 01:00:00+00:00,0.0,0.0,0.387,0.375,15.8,80,766.4,2.6
CHG_GLF_04,2023-07-22 02:00:00+00:00,0.0,0.0,0.386,0.375,16.8,80,767.8,3.9
CHG_GLF_04,2023-07-22 03:00:00+00:00,0.0,0.0,0.384,0.375,18.4,70,768.6,1.6
CHG_GLF_04,2023-07-22 04:00:00+00:00,0.0,0.0,0.382,0.375,17.3,81,768.8,3.6
CHG_GLF_04,2023-07-22 05:00:00+00:00,0.1,0.1,0.38,0.374,18.0,78,768.7,3.1
CHG_GLF_04,2023-07-22 06:00:00+00:00,0.1,0.1,0.379,0.374,17.4,82,768.5,4.4
CHG_GLF_04,2023-07-22 07:00:00+00:00,0.1,0.1,0.377,0.374,17.3,80,767.9,2.2
CHG_GLF_04,2023-07-22 08:00:00+00:00,0.0,0.0,0.375,0.373,17.4,78,767.6,3.7
CHG_GLF_04,2023-07-22 09:00:00+00:00,0.1,0.1,0.374,0.373,17.9,72,766.5,0.7
CHG_GLF_04,2023-07-22 10:00:00+00:00,0.0,0.0,0.373,0.373,18.2,69,766.4,3.1
CHG_GLF_04,2023-07-22 11:00:00+00:00,0.5,0.5,0.374,0.373,16.7,84,766.7,1.5
CHG_GLF_04,2023-07-22 12:00:00+00:00,0.5,0.5,0.375,0.372,16.8,76,766.0,0.7
CHG_GLF_04,2023-07-22 13:00:00+00:00,0.4,0.4,0.376,0.372,15.4,86,766.4,1.1
CHG_GLF_04,2023-07-22 14:00:00+00:00,2.0,2.0,0.39,0.372,14.9,97,766.9,2.2
CHG_GLF_04,2023-07-22 15:00:00+00:00,2.0,2.0,0.406,0.373,14.7,95,767.2,3.4
CHG_GLF_04,2023-07-22 16:00:00+00:00,1.2,1.2,0.412,0.374,14.6,92,767.1,5.2
CHG_GLF_04,2023-07-22 17:00:00+00:00,0.6,0.6,0.413,0.376,14.4,90,767.0,5.4
CHG_GLF_04,2023-07-22 18:00:00+00:00,0.3,0.3,0.41,0.377,14.6,79,766.6,4.8
CHG_GLF_04,2023-07-22 19:00:00+00:00,0.0,0.0,0.407,0.378,16.7,67,767.8,1.9
CHG_GLF_04,2023-07-22 20:00:00+00:00,0.0,0.0,0.404,0.379,15.7,70,766.1,3.6
CHG_GLF_04,2023-07-22 21:00:00+00:00,0.0,0.0,0.402,0.38,16.8,64,766.6,3.4
CHG_GLF_04,2023-07-22 22:00:00+00:00,0.0,0.0,0.4,0.38,16.0,70,766.3,3.4
CHG_GLF_04,2023-07-22 23:00:00+00:00,0.0,0.0,0.398,0.381,15.5,73,766.3,3.3
CHG_GLF_04,2023-07-23 00:00:00+00:00,0.0,0.0,0.388,0.375,14.6,87,766.7,3.9
CHG_GLF_04,2023-07-23 01:00:00+00:00,0.0,0.0,0.387,0.376,16.5,79,767.1,3.7
CHG_GLF_04,2023-07-23 02:00:00+00:00,0.0,0.0,0.386,0.376,17.0,79,767.9,2.6
CHG_GLF_04,2023-07-23 03:00:00+00:00,0.0,0.0,0.384,0.376,18.4,69,768.2,1.8
CHG_GLF_04,2023-07-23 04:00:00+00:00,0.0,0.0,0.382,0.375,19.4,65,768.8,5.5
CHG_GLF_04,2023-07-23 05:00:00+00:00,0.0,0.0,0.379,0.375,18.8,70,768.7,4.0
CHG_GLF_04,2023-07-23 06:00:00+00:00,0.1,0.1,0.377,0.374,18.7,72,768.3,4.8
CHG_GLF_04,2023-07-23 07:00:00+00:00,0.3,0.3,0.377,0.374,17.6,78,767.2,2.6
CHG_GLF_04,2023-07-23 08:00:00+00:00,0.7,0.7,0.379,0.374,16.8,83,766.4,3.1
CHG_GLF_04,2023-07-23 09:00:00+00:00,0.3,0.3,0.379,0.374,16.8,83,765.3,2.5
CHG_GLF_04,2023-07-23 10:00:00+00:00,0.2,0.2,0.378,0.374,16.6,84,764.7,2.3
CHG_GLF_04,2023-07-23 11:00:00+00:00,0.5,0.5,0.38,0.374,16.5,86,764.6,1.5
CHG_GLF_04,2023-07-23 12:00:00+00:00,0.2,0.2,0.378,0.374,15.9,91,764.3,1.8
CHG_GLF_04,2023-07-23 13:00:00+00:00,0.1,0.1,0.378,0.374,15.4,90,764.1,1.8
CHG_GLF_04,2023-07-23 14:00:00+00:00,0.1,0.1,0.378,0.374,15.5,90,765.0,2.9
CHG_GLF_04,2023-07-23 15:00:00+00:00,0.3,0.3,0.379,0.374,15.3,92,765.5,1.6
CHG_GLF_04,2023-07-23 16:00:00+00:00,0.6,0.6,0.384,0.374,15.4,90,765.8,2.5
CHG_GLF_04,2023-07-23 17:00:00+00:00,0.9,0.9,0.391,0.374,15.1,92,765.6,2.4
CHG_GLF_04,2023-07-23 18:00:00+00:00,1.2,1.2,0.4,0.375,14.5,96,764.8,3.1
CHG_GLF_04,2023-07-23 19:00:00+00:00,1.5,1.5,0.41,0.376,14.2,97,764.0,1.6
CHG_GLF_04,2023-07-23 20:00:00+00:00,1.3,1.3,0.417,0.377,14.5,93,763.4,0.7
CHG_GLF_04,2023-07-23 21:00:00+00:00,0.8,0.8,0.418,0.379,14.5,94,763.0,1.4
CHG_GLF_04,2023-07-23 22:00:00+00:00,0.6,0.6,0.417,0.381,14.4,94,762.6,0.0
CHG_GLF_04,2023-07-23 23:00:00+00:00,0.1,0.1,0.413,0.382,14.6,93,762.8,1.1
CHG_GLF_04,2023-07-24 00:00:00+00:00,0.1,0.1,0.414,0.391,14.5,93,763.1,1.5
CHG_GLF_04,2023-07-24 01:00:00+00:00,4.9,4.9,0.438,0.397,14.3,98,763.4,1.3
CHG_GLF_04,2023-07-24 02:00:00+00:00,3.4,3.4,0.436,0.406,14.3,98,764.0,1.5
CHG_GLF_04,2023-07-24 03:00:00+00:00,2.0,2.0,0.434,0.411,14.7,97,764.3,1.8
CHG_GLF_04,2023-07-24 04:00:00+00:00,0.7,0.7,0.429,0.414,15.2,91,764.4,2.5
CHG_GLF_04,2023-07-24 05:00:00+00:00,0.2,0.2,0.424,0.415,15.6,87,764.7,3.2
CHG_GLF_04,2023-07-24 06:00:00+00:00,0.2,0.2,0.421,0.415,16.0,88,764.5,3.6
CHG_GLF_04,2023-07-24 07:00:00+00:00,0.3,0.3,0.419,0.415,16.2,86,764.2,2.9
CHG_GLF_04,2023-07-24 08:00:00+00:00,0.1,0.1,0.416,0.415,17.4,78,764.1,3.2
CHG_GLF_04,2023-07-24 09:00:00+00:00,0.0,0.0,0.414,0.414,17.6,76,763.4,3.6
CHG_GLF_04,2023-07-24 10:00:00+00:00,0.1,0.1,0.412,0.413,17.1,77,762.5,3.3
CHG_GLF_04,2023-07-24 11:00:00+00:00,0.7,0.7,0.413,0.413,16.5,86,762.2,3.3
CHG_GLF_04,2023-07-24 12:00:00+00:00,1.5,1.5,0.424,0.4,15.7,94,762.4,1.0
CHG_GLF_04,2023-07-24 13:00:00+00:00,1.0,1.0,0.426,0.401,14.6,97,762.2,3.1
CHG_GLF_04,2023-07-24 14:00:00+00:00,1.0,1.0,0.427,0.403,15.5,93,763.2,0.7
CHG_GLF_04,2023-07-24 15:00:00+00:00,1.1,1.1,0.428,0.405,15.4,93,763.6,2.3
CHG_GLF_04,2023-07-24 16:00:00+00:00,1.7,1.7,0.432,0.408,15.1,93,764.0,2.6
CHG_GLF_04,2023-07-24 17:00:00+00:00,2.1,2.1,0.435,0.412,15.0,93,764.0,2.5
CHG_GLF_04,2023-07-24 18:00:00+00:00,2.8,2.8,0.438,0.418,15.0,92,763.9,1.8
CHG_GLF_04,2023-07-24 19:00:00+00:00,2.9,2.9,0.438,0.424,14.7,93,763.3,3.6
CHG_GLF_04,2023-07-24 20:00:00+00:00,2.5,2.5,0.437,0.429,14.7,92,762.9,2.5
CHG_GLF_04,2023-07-24 21:00:00+00:00,1.5,1.5,0.435,0.431,14.5,93,762.7,1.3
CHG_GLF_04,2023-07-24 22:00:00+00:00,0.6,0.6,0.433,0.43,14.4,94,762.5,1.3
CHG_GLF_04,2023-07-24 23:00:00+00:00,0.6,0.6,0.431,0.43,14.4,94,762.9,1.3
CHG_GLF_04,2023-07-25 00:00:00+00:00,0.3,0.3,0.438,0.436,14.5,94,763.4,2.3
CHG_GLF_04,2023-07-25 01:00:00+00:00,2.1,2.1,0.438,0.436,14.5,93,764.2,1.0
CHG_GLF_04,2023-07-25 02:00:00+00:00,1.6,1.6,0.436,0.435,14.4,99,764.4,1.5
CHG_GLF_04,2023-07-25 03:00:00+00:00,0.8,0.8,0.433,0.434,14.5,99,765.1,1.1
CHG_GLF_04,2023-07-25 04:00:00+00:00,0.7,0.7,0.431,0.432,14.9,100,765.2,2.3
CHG_GLF_04,2023-07-25 05:00:00+00:00,0.5,0.5,0.428,0.431,14.6,100,764.8,1.5
CHG_GLF_04,2023-07-25 06:00:00+00:00,0.2,0.2,0.425,0.43,16.7,83,765.6,2.6
CHG_GLF_04,2023-07-25 07:00:00+00:00,0.0,0.0,0.421,0.429,17.4,78,765.4,3.3
CHG_GLF_04,2023-07-25 08:00:00+00:00,0.0,0.0,0.418,0.427,18.2,73,765.1,4.6
CHG_GLF_04,2023-07-25 09:00:00+00:00,0.0,0.0,0.415,0.426,17.3,77,764.0,2.7
CHG_GLF_04,2023-07-25 10:00:00+00:00,0.0,0.0,0.412,0.424,17.3,75,763.4,2.5
CHG_GLF_04,2023-07-25 11:00:00+00:00,0.0,0.0,0.411,0.423,17.1,78,763.0,2.4
CHG_GLF_04,2023-07-25 12:00:00+00:00,0.0,0.0,0.41,0.422,16.2,86,762.9,1.1
CHG_GLF_04,2023-07-25 13:00:00+00:00,0.0,0.0,0.408,0.421,15.6,86,763.4,3.4
CHG_GLF_04,2023-07-25 14:00:00+00:00,0.0,0.0,0.408,0.42,15.2,90,764.3,1.8
CHG_GLF_04,2023-07-25 15:00:00+00:00,0.0,0.0,0.407,0.419,15.5,88,764.6,0.4
CHG_GLF_04,2023-07-25 16:00:00+00:00,0.1,0.1,0.406,0.418,15.4,88,764.8,1.8
CHG_GLF_04,2023-07-25 17:00:00+00:00,0.2,0.2,0.406,0.418,15.3,88,764.6,2.3
CHG_GLF_04,2023-07-25 18:00:00+00:00,0.1,0.1,0.406,0.417,15.5,86,764.5,1.6
CHG_GLF_04,2023-07-25 19:00:00+00:00,0.2,0.2,0.405,0.416,15.0,90,763.9,2.8
CHG_GLF_04,2023-07-25 20:00:00+00:00,0.5,0.5,0.407,0.416,14.9,89,763.7,3.7
CHG_GLF_04,2023-07-25 21:00:00+00:00,0.5,0.5,0.409,0.415,14.8,88,763.3,3.0
CHG_GLF_04,2023-07-25 22:00:00+00:00,0.3,0.3,0.41,0.415,14.8,85,763.4,3.6
CHG_GLF_04,2023-07-25 23:00:00+00:00,0.1,0.1,0.409,0.415,15.2,79,763.4,3.2
CHG_GLF_04,2023-07-26 00:00:00+00:00,0.0,0.0,0.413,0.415,14.8,93,763.9,1.1
CHG_GLF_04,2023-07-26 01:00:00+00:00,0.0,0.0,0.411,0.415,14.8,95,764.3,1.8
CHG_GLF_04,2023-07-26 02:00:00+00:00,0.0,0.0,0.41,0.415,15.4,94,765.2,2.3
CHG_GLF_04,2023-07-26 03:00:00+00:00,0.0,0.0,0.409,0.414,16.0,92,765.6,2.6
CHG_GLF_04,2023-07-26 04:00:00+00:00,0.0,0.0,0.407,0.414,16.2,88,766.0,2.8
CHG_GLF_04,2023-07-26 05:00:00+00:00,0.1,0.1,0.405,0.413,16.9,83,766.1,4.3
CHG_GLF_04,2023-07-26 06:00:00+00:00,0.0,0.0,0.403,0.412,16.7,84,765.6,4.3
CHG_GLF_04,2023-07-26 07:00:00+00:00,0.0,0.0,0.402,0.412,16.7,83,765.1,2.6
CHG_GLF_04,2023-07-26 08:00:00+00:00,0.1,0.1,0.4,0.411,17.3,79,764.5,2.6
CHG_GLF_04,2023-07-26 09:00:00+00:00,1.1,1.1,0.404,0.41,16.5,86,763.8,1.9
CHG_GLF_04,2023-07-26 10:00:00+00:00,0.9,0.9,0.407,0.41,16.0,88,763.3,2.3
CHG_GLF_04,2023-07-26 11:00:00+00:00,0.2,0.2,0.407,0.41,15.9,93,763.1,2.4
CHG_GLF_04,2023-07-26 12:00:00+00:00,0.3,0.3,0.399,0.408,15.0,98,763.6,0.5
CHG_GLF_04,2023-07-26 13:00:00+00:00,0.1,0.1,0.4,0.408,14.8,98,763.7,0.8
CHG_GLF_04,2023-07-26 14:00:00+00:00,0.3,0.3,0.402,0.407,15.3,94,764.6,0.8
CHG_GLF_04,2023-07-26 15:00:00+00:00,0.7,0.7,0.406,0.407,15.3,94,765.1,1.0
CHG_GLF_04,2023-07-26 16:00:00+00:00,0.9,0.9,0.412,0.407,15.2,94,765.1,0.7
CHG_GLF_04,2023-07-26 17:00:00+00:00,1.7,1.7,0.422,0.407,15.0,95,765.0,1.1
CHG_GLF_04,2023-07-26 18:00:00+00:00,1.5,1.5,0.428,0.409,15.0,95,764.6,1.0
CHG_GLF_04,2023-07-26 19:00:00+00:00,0.4,0.4,0.425,0.41,14.9,94,764.0,1.9
CHG_GLF_04,2023-07-26 20:00:00+00:00,0.2,0.2,0.422,0.411,14.8,94,763.4,0.8
CHG_GLF_04,2023-07-26 21:00:00+00:00,0.3,0.3,0.42,0.412,14.9,93,763.2,0.8
CHG_GLF_04,2023-07-26 22:00:00+00:00,0.5,0.5,0.421,0.412,15.0,90,763.1,1.5
CHG_GLF_04,2023-07-26 23:00:00+00:00,0.4,0.4,0.421,0.413,14.8,93,763.2,1.1
CHG_GLF_04,2023-07-27 00:00:00+00:00,0.4,0.4,0.42,0.413,14.9,94,764.1,1.5
CHG_GLF_04,2023-07-27 01:00:00+00:00,0.3,0.3,0.419,0.413,14.7,98,764.0,1.3
CHG_GLF_04,2023-07-27 02:00:00+00:00,0.0,0.0,0.416,0.413,15.7,93,764.6,3.4
CHG_GLF_04,2023-07-27 03:00:00+00:00,0.0,0.0,0.414,0.413,16.9,86,765.5,2.6
CHG_GLF_04,2023-07-27 04:00:00+00:00,0.1,0.1,0.412,0.412,17.0,83,765.7,2.3
CHG_GLF_04,2023-07-27 05:00:00+00:00,0.2,0.2,0.411,0.412,17.0,82,765.6,2.9
CHG_GLF_04,2023-07-27 06:00:00+00:00,0.2,0.2,0.409,0.411,17.6,79,765.2,3.0
CHG_GLF_04,2023-07-27 07:00:00+00:00,0.1,0.1,0.406,0.411,19.1,71,764.5,3.6
CHG_GLF_04,2023-07-27 08:00:00+00:00,0.5,0.5,0.406,0.41,17.7,79,763.8,4.1
CHG_GLF_04,2023-07-27 09:00:00+00:00,0.6,0.6,0.406,0.41,17.1,81,762.7,2.6
CHG_GLF_04,2023-07-27 10:00:00+00:00,0.4,0.4,0.406,0.409,17.5,82,762.6,2.2
CHG_GLF_04,2023-07-27 11:00:00+00:00,1.4,1.4,0.412,0.409,15.7,99,761.6,3.8
CHG_GLF_04,2023-07-27 12:00:00+00:00,0.4,0.4,0.42,0.411,15.9,91,762.5,1.9
CHG_GLF_04,2023-07-27 13:00:00+00:00,0.1,0.1,0.418,0.412,15.2,96,762.3,1.6
CHG_GLF_04,2023-07-27 14:00:00+00:00,0.1,0.1,0.416,0.412,15.9,91,763.0,2.2
CHG_GLF_04,2023-07-27 15:00:00+00:00,0.1,0.1,0.414,0.412,16.2,87,763.3,1.1
CHG_GLF_04,2023-07-27 16:00:00+00:00,0.1,0.1,0.413,0.412,16.0,88,763.6,0.5
CHG_GLF_04,2023-07-27 17:00:00+00:00,0.0,0.0,0.411,0.412,15.5,92,763.3,1.1
CHG_GLF_04,2023-07-27 18:00:00+00:00,0.1,0.1,0.41,0.411,15.1,95,762.8,0.8
CHG_GLF_04,2023-07-27 19:00:00+00:00,0.2,0.2,0.41,0.411,15.1,95,762.0,1.0
CHG_GLF_04,2023-07-27 20:00:00+00:00,0.2,0.2,0.41,0.411,15.2,94,761.2,0.5
CHG_GLF_04,2023-07-27 21:00:00+00:00,0.2,0.2,0.411,0.411,15.3,94,760.8,1.5
CHG_GLF_04,2023-07-27 22:00:00+00:00,0.6,0.6,0.414,0.411,14.9,96,760.6,1.1
CHG_GLF_04,2023-07-27 23:00:00+00:00,1.0,1.0,0.419,0.411,14.9,95,760.7,0.7
CHG_GLF_04,2023-07-28 00:00:00+00:00,0.7,0.7,0.431,0.415,15.6,93,761.6,1.3
CHG_GLF_04,2023-07-28 01:00:00+00:00,2.0,2.0,0.435,0.418,15.2,98,761.4,1.5
CHG_GLF_04,2023-07-28 02:00:00+00:00,1.5,1.5,0.434,0.421,15.4,99,762.0,2.1
CHG_GLF_04,2023-07-28 03:00:00+00:00,1.1,1.1,0.432,0.423,15.7,100,762.5,2.8
CHG_GLF_04,2023-07-28 04:00:00+00:00,0.8,0.8,0.43,0.424,15.3,99,762.4,2.6
CHG_GLF_04,2023-07-28 05:00:00+00:00,0.3,0.3,0.426,0.424,16.1,97,762.4,2.4
CHG_GLF_04,2023-07-28 06:00:00+00:00,0.1,0.1,0.423,0.423,16.7,89,762.3,3.1
CHG_GLF_04,2023-07-28 07:00:00+00:00,0.0,0.0,0.419,0.422,18.5,76,762.6,5.0
CHG_GLF_04,2023-07-28 08:00:00+00:00,0.1,0.1,0.416,0.421,18.4,77,761.9,4.7
CHG_GLF_04,2023-07-28 09:00:00+00:00,1.1,1.1,0.419,0.421,16.2,94,760.5,2.6
CHG_GLF_04,2023-07-28 10:00:00+00:00,0.3,0.3,0.418,0.42,16.5,91,760.0,2.0
CHG_GLF_04,2023-07-28 11:00:00+00:00,0.1,0.1,0.416,0.42,16.3,92,759.7,1.3
CHG_GLF_04,2023-07-28 12:00:00+00:00,0.0,0.0,0.411,0.418,15.5,98,760.3,1.1
CHG_GLF_04,2023-07-28 13:00:00+00:00,0.0,0.0,0.41,0.418,15.7,95,760.2,1.9
CHG_GLF_04,2023-07-28 14:00:00+00:00,0.0,0.0,0.409,0.417,16.0,92,761.4,2.4
CHG_GLF_04,2023-07-28 15:00:00+00:00,0.1,0.1,0.408,0.417,15.4,95,761.7,1.0
CHG_GLF_04,2023-07-28 16:00:00+00:00,0.1,0.1,0.408,0.416,15.3,95,761.8,1.0
CHG_GLF_04,2023-07-28 17:00:00+00:00,0.6,0.6,0.41,0.416,15.1,96,761.8,1.1
CHG_GLF_04,2023-07-28 18:00:00+00:00,1.3,1.3,0.418,0.415,14.8,98,761.4,0.4
CHG_GLF_04,2023-07-28 19:00:00+00:00,0.9,0.9,0.422,0.416,15.0,96,760.6,2.2
CHG_GLF_04,2023-07-28 20:00:00+00:00,0.3,0.3,0.421,0.416,15.2,92,760.2,0.4
CHG_GLF_04,2023-07-28 21:00:00+00:00,0.1,0.1,0.419,0.416,15.0,94,760.0,1.1
CHG_GLF_04,2023-07-28 22:00:00+00:00,0.1,0.1,0.418,0.416,15.4,90,759.6,1.1
CHG_GLF_04,2023-07-28 23:00:00+00:00,0.0,0.0,0.416,0.416,15.4,89,759.5,0.4
CHG_GLF_04,2023-07-29 00:00:00+00:00,0.0,0.0,0.42,0.421,15.0,97,760.6,1.6
CHG_GLF_04,2023-07-29 01:00:00+00:00,0.2,0.2,0.419,0.42,14.8,99,760.8,1.5
CHG_GLF_04,2023-07-29 02:00:00+00:00,0.0,0.0,0.417,0.42,15.9,92,761.6,0.8
CHG_GLF_04,2023-07-29 03:00:00+00:00,0.0,0.0,0.415,0.42,16.0,91,762.4,2.0
CHG_GLF_04,2023-07-29 04:00:00+00:00,0.1,0.1,0.414,0.419,16.5,87,762.7,3.1
CHG_GLF_04,2023-07-29 05:00:00+00:00,0.2,0.2,0.412,0.418,17.0,84,763.0,3.1
CHG_GLF_04,2023-07-29 06:00:00+00:00,0.2,0.2,0.411,0.418,17.1,84,762.5,2.4
CHG_GLF_04,2023-07-29 07:00:00+00:00,0.2,0.2,0.41,0.417,17.2,86,761.5,3.6
CHG_GLF_04,2023-07-29 08:00:00+00:00,0.6,0.6,0.41,0.416,17.3,84,761.5,4.1
CHG_GLF_04,2023-07-29 09:00:00+00:00,0.7,0.7,0.412,0.416,16.7,87,760.6,1.6
CHG_GLF_04,2023-07-29 10:00:00+00:00,0.1,0.1,0.411,0.415,16.9,87,759.9,0.4
CHG_GLF_04,2023-07-29 11:00:00+00:00,0.1,0.1,0.41,0.415,17.5,87,760.3,2.7
CHG_GLF_04,2023-07-29 12:00:00+00:00,0.1,0.1,0.407,0.414,15.6,99,760.3,1.8
CHG_GLF_04,2023-07-29 13:00:00+00:00,0.1,0.1,0.406,0.414,16.1,92,760.8,1.1
CHG_GLF_04,2023-07-29 14:00:00+00:00,0.0,0.0,0.405,0.413,16.0,92,761.2,1.5
CHG_GLF_04,2023-07-29 15:00:00+00:00,0.0,0.0,0.404,0.413,15.7,95,761.7,1.8
CHG_GLF_04,2023-07-29 16:00:00+00:00,0.0,0.0,0.404,0.412,14.9,97,761.3,3.3
CHG_GLF_04,2023-07-29 17:00:00+00:00,0.0,0.0,0.403,0.412,16.9,83,762.2,1.1
CHG_GLF_04,2023-07-29 18:00:00+00:00,0.0,0.0,0.402,0.412,15.6,93,761.8,3.2
CHG_GLF_04,2023-07-29 19:00:00+00:00,0.0,0.0,0.402,0.411,15.5,91,760.5,2.2
CHG_GLF_04,2023-07-29 20:00:00+00:00,0.0,0.0,0.401,0.411,15.1,94,760.3,3.1
CHG_GLF_04,2023-07-29 21:00:00+00:00,0.0,0.0,0.4,0.41,14.0,97,759.4,3.6
CHG_GLF_04,2023-07-29 22:00:00+00:00,0.0,0.0,0.4,0.41,16.2,82,759.6,1.9
CHG_GLF_04,2023-07-29 23:00:00+00:00,0.0,0.0,0.399,0.41,15.5,87,760.2,3.3
CHG_GLF_04,2023-07-30 00:00:00+00:00,0.0,0.0,0.399,0.409,14.7,96,760.2,2.4
CHG_GLF_04,2023-07-30 01:00:00+00:00,0.0,0.0,0.399,0.409,15.0,94,760.8,1.5
CHG_GLF_04,2023-07-30 02:00:00+00:00,0.0,0.0,0.398,0.408,15.3,96,761.3,1.3
CHG_GLF_04,2023-07-30 03:00:00+00:00,0.0,0.0,0.397,0.408,16.4,87,762.3,2.0
CHG_GLF_04,2023-07-30 04:00:00+00:00,0.0,0.0,0.396,0.407,17.2,83,762.5,2.8
CHG_GLF_04,2023-07-30 05:00:00+00:00,0.1,0.1,0.395,0.407,16.9,84,762.5,2.6
CHG_GLF_04,2023-07-30 06:00:00+00:00,0.0,0.0,0.394,0.406,17.1,84,762.0,1.3
CHG_GLF_04,2023-07-30 07:00:00+00:00,0.0,0.0,0.393,0.406,17.5,79,761.3,1.9
CHG_GLF_04,2023-07-30 08:00:00+00:00,0.0,0.0,0.391,0.405,18.2,73,761.0,3.3
CHG_GLF_04,2023-07-30 09:00:00+00:00,0.0,0.0,0.39,0.404,17.4,76,760.3,1.3
CHG_GLF_04,2023-07-30 10:00:00+00:00,0.0,0.0,0.389,0.404,17.8,74,759.6,1.3
CHG_GLF_04,2023-07-30 11:00:00+00:00,0.0,0.0,0.388,0.403,18.4,72,759.3,2.0
CHG_GLF_04,2023-07-30 12:00:00+00:00,0.0,0.0,0.388,0.402,17.0,80,759.6,1.4
CHG_GLF_04,2023-07-30 13:00:00+00:00,0.0,0.0,0.388,0.402,16.6,84,760.2,2.1
CHG_GLF_04,2023-07-30 14:00:00+00:00,0.0,0.0,0.388,0.401,16.0,90,760.7,1.8
CHG_GLF_04,2023-07-30 15:00:00+00:00,0.0,0.0,0.388,0.401,16.0,91,761.4,0.7
CHG_GLF_04,2023-07-30 16:00:00+00:00,0.0,0.0,0.388,0.401,16.2,89,761.8,0.8
CHG_GLF_04,2023-07-30 17:00:00+00:00,0.0,0.0,0.387,0.4,14.9,91,761.3,3.3
CHG_GLF_04,2023-07-30 18:00:00+00:00,0.0,0.0,0.387,0.4,15.4,85,761.2,2.9
CHG_GLF_04,2023-07-30 19:00:00+00:00,0.0,0.0,0.387,0.4,15.4,82,759.9,3.3
CHG_GLF_04,2023-07-30 20:00:00+00:00,0.0,0.0,0.387,0.4,15.8,78,758.6,3.6
CHG_GLF_04,2023-07-30 21:00:00+00:00,0.0,0.0,0.387,0.399,17.9,64,759.7,0.7
CHG_GLF_04,2023-07-30 22:00:00+00:00,0.0,0.0,0.387,0.399,16.9,70,759.5,1.5
CHG_GLF_04,2023-07-30 23:00:00+00:00,0.0,0.0,0.386,0.399,15.8,77,759.5,3.1
CHG_GLF_04,2023-07-31 00:00:00+00:00,0.0,0.0,0.39,0.397,16.4,85,760.3,1.5
CHG_GLF_04,2023-07-31 01:00:00+00:00,0.0,0.0,0.389,0.397,16.5,89,759.8,0.4
CHG_GLF_04,2023-07-31 02:00:00+00:00,0.0,0.0,0.389,0.397,17.0,92,761.2,4.8
CHG_GLF_04,2023-07-31 03:00:00+00:00,0.1,0.1,0.388,0.396,17.1,87,762.0,3.5
CHG_GLF_04,2023-07-31 04:00:00+00:00,0.1,0.1,0.387,0.396,17.6,84,762.3,2.5
CHG_GLF_04,2023-07-31 05:00:00+00:00,0.0,0.0,0.386,0.396,18.1,81,762.2,3.1
CHG_GLF_04,2023-07-31 06:00:00+00:00,0.0,0.0,0.384,0.395,18.1,78,762.3,2.7
CHG_GLF_04,2023-07-31 07:00:00+00:00,0.0,0.0,0.383,0.394,18.1,77,761.4,2.3
CHG_GLF_04,2023-07-31 08:00:00+00:00,0.0,0.0,0.382,0.394,18.6,72,761.1,1.8
CHG_GLF_04,2023-07-31 09:00:00+00:00,0.0,0.0,0.38,0.393,18.2,73,760.4,1.9
CHG_GLF_04,2023-07-31 10:00:00+00:00,0.0,0.0,0.379,0.393,18.3,74,759.8,1.5
CHG_GLF_04,2023-07-31 11:00:00+00:00,0.0,0.0,0.378,0.392,18.7,74,759.5,2.3
CHG_GLF_04,2023-07-31 12:00:00+00:00,0.0,0.0,0.378,0.392,17.5,80,759.7,0.5
CHG_GLF_04,2023-07-31 13:00:00+00:00,0.0,0.0,0.378,0.392,16.9,84,759.7,1.5
CHG_GLF_04,2023-07-31 14:00:00+00:00,0.0,0.0,0.378,0.392,17.2,79,760.3,2.9
CHG_GLF_04,2023-07-31 15:00:00+00:00,0.0,0.0,0.378,0.391,17.3,79,761.6,1.6
CHG_GLF_04,2023-07-31 16:00:00+00:00,0.0,0.0,0.378,0.391,17.1,80,761.8,2.9
CHG_GLF_04,2023-07-31 17:00:00+00:00,0.0,0.0,0.378,0.391,15.4,87,760.3,4.0
CHG_GLF_04,2023-07-31 18:00:00+00:00,0.0,0.0,0.378,0.391,15.4,83,759.8,3.3
CHG_GLF_04,2023-07-31 19:00:00+00:00,0.0,0.0,0.378,0.39,17.0,71,761.0,0.4
CHG_GLF_04,2023-07-31 20:00:00+00:00,0.1,0.1,0.378,0.39,14.3,85,758.7,3.9
CHG_GLF_04,2023-07-31 21:00:00+00:00,0.0,0.0,0.378,0.39,14.5,80,758.0,3.5
CHG_GLF_04,2023-07-31 22:00:00+00:00,0.0,0.0,0.378,0.39,15.1,74,757.6,2.9
CHG_GLF_04,2023-07-31 23:00:00+00:00,0.0,0.0,0.378,0.39,16.8,66,760.0,3.6
CHG_GLF_04,2023-08-01 00:00:00+00:00,0.0,0.0,0.377,0.386,16.9,71,760.1,1.5
CHG_GLF_04,2023-08-01 01:00:00+00:00,0.0,0.0,0.377,0.386,17.6,71,760.7,1.3
CHG_GLF_04,2023-08-01 02:00:00+00:00,0.0,0.0,0.376,0.386,18.5,82,761.0,1.1
CHG_GLF_04,2023-08-01 03:00:00+00:00,0.0,0.0,0.375,0.385,18.3,81,761.8,4.8
CHG_GLF_04,2023-08-01 04:00:00+00:00,0.0,0.0,0.374,0.384,19.0,76,762.7,2.5
CHG_GLF_04,2023-08-01 05:00:00+00:00,0.0,0.0,0.372,0.384,19.0,75,761.9,2.8
CHG_GLF_04,2023-08-01 06:00:00+00:00,0.0,0.0,0.37,0.383,19.4,77,762.2,4.9
CHG_GLF_04,2023-08-01 07:00:00+00:00,0.0,0.0,0.368,0.382,19.8,73,761.4,3.3
CHG_GLF_04,2023-08-01 08:00:00+00:00,0.0,0.0,0.367,0.382,18.9,78,760.5,1.8
CHG_GLF_04,2023-08-01 09:00:00+00:00,0.0,0.0,0.366,0.381,19.4,74,760.0,3.6
CHG_GLF_04,2023-08-01 10:00:00+00:00,0.0,0.0,0.365,0.381,19.1,72,759.2,1.6
CHG_GLF_04,2023-08-01 11:00:00+00:00,0.0,0.0,0.364,0.38,19.0,71,759.3,3.6
CHG_GLF_04,2023-08-01 12:00:00+00:00,0.0,0.0,0.369,0.381,17.6,84,759.8,1.5
CHG_GLF_04,2023-08-01 13:00:00+00:00,0.2,0.2,0.371,0.381,16.4,86,759.1,3.3
CHG_GLF_04,2023-08-01 14:00:00+00:00,0.1,0.1,0.371,0.38,16.9,84,761.0,2.5
CHG_GLF_04,2023-08-01 15:00:00+00:00,0.1,0.1,0.372,0.38,16.0,88,760.1,2.8
CHG_GLF_04,2023-08-01 16:00:00+00:00,0.0,0.0,0.371,0.38,17.0,78,761.3,2.4
CHG_GLF_04,2023-08-01 17:00:00+00:00,0.0,0.0,0.371,0.38,15.8,80,760.7,4.6
CHG_GLF_04,2023-08-01 18:00:00+00:00,0.0,0.0,0.371,0.38,16.6,73,761.5,3.4
CHG_GLF_04,2023-08-01 19:00:00+00:00,0.0,0.0,0.371,0.38,14.9,79,759.6,4.0
CHG_GLF_04,2023-08-01 20:00:00+00:00,0.0,0.0,0.371,0.38,16.3,67,759.8,3.0
CHG_GLF_04,2023-08-01 21:00:00+00:00,0.0,0.0,0.371,0.38,16.8,64,759.6,3.4
CHG_GLF_04,2023-08-01 22:00:00+00:00,0.0,0.0,0.371,0.379,14.3,73,757.9,4.0
CHG_GLF_04,2023-08-01 23:00:00+00:00,0.0,0.0,0.371,0.379,14.0,73,756.5,3.0
CHG_GLF_04,2023-08-02 00:00:00+00:00,0.0,0.0,0.381,0.381,17.2,64,760.0,1.8
CHG_GLF_04,2023-08-02 01:00:00+00:00,0.0,0.0,0.381,0.38,17.2,67,760.4,2.2
CHG_GLF_04,2023-08-02 02:00:00+00:00,0.0,0.0,0.38,0.38,16.7,80,762.2,3.7
CHG_GLF_04,2023-08-02 03:00:00+00:00,0.0,0.0,0.379,0.38,17.2,75,762.4,2.9
CHG_GLF_04,2023-08-02 04:00:00+00:00,0.3,0.3,0.379,0.38,17.7,78,762.9,1.3
CHG_GLF_04,2023-08-02 05:00:00+00:00,0.3,0.3,0.379,0.379,18.3,75,763.1,3.3
CHG_GLF_04,2023-08-02 06:00:00+00:00,0.1,0.1,0.378,0.379,18.3,75,762.6,2.3
CHG_GLF_04,2023-08-02 07:00:00+00:00,0.1,0.1,0.376,0.378,19.5,69,762.0,3.3
CHG_GLF_04,2023-08-02 08:00:00+00:00,0.1,0.1,0.375,0.378,18.8,76,761.3,1.8
CHG_GLF_04,2023-08-02 09:00:00+00:00,0.1,0.1,0.374,0.377,18.0,79,760.2,1.9
CHG_GLF_04,2023-08-02 10:00:00+00:00,0.4,0.4,0.375,0.377,17.2,88,759.3,2.3
CHG_GLF_04,2023-08-02 11:00:00+00:00,0.8,0.8,0.379,0.377,17.5,82,759.5,2.1
CHG_GLF_04,2023-08-02 12:00:00+00:00,3.0,3.0,0.386,0.378,15.8,98,759.8,2.2
CHG_GLF_04,2023-08-02 13:00:00+00:00,2.0,2.0,0.402,0.378,15.8,96,759.9,2.2
CHG_GLF_04,2023-08-02 14:00:00+00:00,1.3,1.3,0.411,0.379,15.6,98,760.8,2.6
CHG_GLF_04,2023-08-02 15:00:00+00:00,1.1,1.1,0.416,0.38,15.9,87,761.3,3.1
CHG_GLF_04,2023-08-02 16:00:00+00:00,0.4,0.4,0.414,0.382,15.7,86,761.7,1.8
CHG_GLF_04,2023-08-02 17:00:00+00:00,1.0,1.0,0.418,0.383,14.2,94,760.1,5.8
CHG_GLF_04,2023-08-02 18:00:00+00:00,0.2,0.2,0.415,0.385,16.8,67,761.8,2.9
CHG_GLF_04,2023-08-02 19:00:00+00:00,0.1,0.1,0.412,0.386,14.0,88,759.6,4.9
CHG_GLF_04,2023-08-02 20:00:00+00:00,0.1,0.1,0.41,0.387,16.1,68,760.6,2.5
CHG_GLF_04,2023-08-02 21:00:00+00:00,0.1,0.1,0.408,0.387,16.3,65,760.4,2.7
CHG_GLF_04,2023-08-02 22:00:00+00:00,0.0,0.0,0.405,0.388,15.9,68,760.3,1.1
CHG_GLF_04,2023-08-02 23:00:00+00:00,0.0,0.0,0.403,0.388,14.3,74,758.5,3.6
CHG_GLF_04,2023-08-03 00:00:00+00:00,0.0,0.0,0.406,0.38,16.0,74,760.4,3.6
CHG_GLF_04,2023-08-03 01:00:00+00:00,0.1,0.1,0.404,0.381,16.9,67,761.2,0.7
CHG_GLF_04,2023-08-03 02:00:00+00:00,0.0,0.0,0.402,0.381,15.9,86,761.6,2.7
CHG_GLF_04,2023-08-03 03:00:00+00:00,0.1,0.1,0.4,0.382,16.6,82,762.6,1.6
CHG_GLF_04,2023-08-03 04:00:00+00:00,0.0,0.0,0.398,0.382,17.9,72,763.2,0.8
CHG_GLF_04,2023-08-03 05:00:00+00:00,0.0,0.0,0.395,0.382,18.8,68,763.2,3.6
CHG_GLF_04,2023-08-03 06:00:00+00:00,0.0,0.0,0.392,0.381,18.5,71,762.7,2.3
CHG_GLF_04,2023-08-03 07:00:00+00:00,0.1,0.1,0.389,0.381,18.3,75,762.1,2.2
CHG_GLF_04,2023-08-03 08:00:00+00:00,0.0,0.0,0.387,0.381,18.5,70,761.5,1.8
CHG_GLF_04,2023-08-03 09:00:00+00:00,0.0,0.0,0.384,0.38,18.3,71,760.8,0.8
CHG_GLF_04,2023-08-03 10:00:00+00:00,0.0,0.0,0.382,0.38,18.0,72,760.5,2.2
CHG_GLF_04,2023-08-03 11:00:00+00:00,0.1,0.1,0.382,0.38,16.8,78,760.2,1.4
CHG_GLF_04,2023-08-03 12:00:00+00:00,0.0,0.0,0.383,0.38,15.9,88,760.8,2.6
CHG_GLF_04,2023-08-03 13:00:00+00:00,0.0,0.0,0.382,0.379,15.9,83,761.2,1.3
CHG_GLF_04,2023-08-03 14:00:00+00:00,0.0,0.0,0.382,0.379,15.7,84,761.8,0.0
CHG_GLF_04,2023-08-03 15:00:00+00:00,0.0,0.0,0.381,0.379,16.0,77,762.6,2.3
CHG_GLF_04,2023-08-03 16:00:00+00:00,0.0,0.0,0.381,0.379,16.3,70,763.2,2.1
CHG_GLF_04,2023-08-03 17:00:00+00:00,0.0,0.0,0.38,0.379,16.5,66,763.2,2.2
CHG_GLF_04,2023-08-03 18:00:00+00:00,0.0,0.0,0.38,0.379,16.6,64,763.1,2.6
CHG_GLF_04,2023-08-03 19:00:00+00:00,0.0,0.0,0.379,0.379,16.9,63,762.6,1.4
CHG_GLF_04,2023-08-03 20:00:00+00:00,0.0,0.0,0.379,0.379,16.5,67,762.4,1.4
CHG_GLF_04,2023-08-03 21:00:00+00:00,0.0,0.0,0.379,0.379,16.1,70,761.7,1.9
CHG_GLF_04,2023-08-03 22:00:00+00:00,0.0,0.0,0.378,0.379,16.4,68,761.4,0.4
CHG_GLF_04,2023-08-03 23:00:00+00:00,0.0,0.0,0.378,0.379,16.2,69,761.6,1.8
CHG_GLF_04,2023-08-04 00:00:00+00:00,0.0,0.0,0.378,0.379,16.4,77,762.5,0.4
CHG_GLF_04,2023-08-04 01:00:00+00:00,0.0,0.0,0.378,0.379,16.6,81,762.5,1.0
CHG_GLF_04,2023-08-04 02:00:00+00:00,0.0,0.0,0.377,0.379,16.9,86,763.0,2.3
CHG_GLF_04,2023-08-04 03:00:00+00:00,0.0,0.0,0.376,0.378,17.3,85,764.2,3.1
CHG_GLF_04,2023-08-04 04:00:00+00:00,0.1,0.1,0.376,0.378,17.6,82,764.9,2.4
CHG_GLF_04,2023-08-04 05:00:00+00:00,0.0,0.0,0.374,0.377,18.4,74,764.7,3.3
CHG_GLF_04,2023-08-04 06:00:00+00:00,0.0,0.0,0.372,0.377,17.7,77,764.4,3.0
CHG_GLF_04,2023-08-04 07:00:00+00:00,0.0,0.0,0.371,0.376,17.8,77,764.0,1.1
CHG_GLF_04,2023-08-04 08:00:00+00:00,0.1,0.1,0.37,0.376,17.7,78,763.3,1.6
CHG_GLF_04,2023-08-04 09:00:00+00:00,0.1,0.1,0.369,0.376,18.2,77,762.8,2.5
CHG_GLF_04,2023-08-04 10:00:00+00:00,0.4,0.4,0.37,0.375,17.5,83,762.4,2.7
CHG_GLF_04,2023-08-04 11:00:00+00:00,1.4,1.4,0.379,0.375,16.9,90,761.9,4.0
CHG_GLF_04,2023-08-04 12:00:00+00:00,1.4,1.4,0.373,0.375,15.1,100,762.2,2.6
CHG_GLF_04,2023-08-04 13:00:00+00:00,0.3,0.3,0.375,0.375,14.9,100,762.4,3.0
CHG_GLF_04,2023-08-04 14:00:00+00:00,0.1,0.1,0.376,0.375,15.0,97,762.9,2.2
CHG_GLF_04,2023-08-04 15:00:00+00:00,0.0,0.0,0.375,0.375,15.6,90,763.8,1.1
CHG_GLF_04,2023-08-04 16:00:00+00:00,0.0,0.0,0.375,0.375,15.5,90,763.8,0.5
CHG_GLF_04,2023-08-04 17:00:00+00:00,0.0,0.0,0.375,0.375,15.7,88,764.1,1.5
CHG_GLF_04,2023-08-04 18:00:00+00:00,0.0,0.0,0.375,0.375,15.5,89,763.8,1.3
CHG_GLF_04,2023-08-04 19:00:00+00:00,0.1,0.1,0.375,0.375,15.6,88,763.0,1.1
CHG_GLF_04,2023-08-04 20:00:00+00:00,0.1,0.1,0.375,0.375,15.2,90,762.8,1.1
CHG_GLF_04,2023-08-04 21:00:00+00:00,0.1,0.1,0.376,0.375,15.3,89,762.0,3.3
CHG_GLF_04,2023-08-04 22:00:00+00:00,0.0,0.0,0.376,0.375,15.9,84,762.1,0.5
CHG_GLF_04,2023-08-04 23:00:00+00:00,0.0,0.0,0.375,0.374,15.7,86,761.9,0.4
CHG_GLF_04,2023-08-05 00:00:00+00:00,0.0,0.0,0.378,0.374,15.2,93,762.7,2.1
CHG_GLF_04,2023-08-05 01:00:00+00:00,0.0,0.0,0.377,0.374,16.1,88,763.2,1.9
CHG_GLF_04,2023-08-05 02:00:00+00:00,0.0,0.0,0.377,0.374,16.1,95,763.9,3.2
CHG_GLF_04,2023-08-05 03:00:00+00:00,0.2,0.2,0.377,0.374,16.4,92,764.2,3.4
CHG_GLF_04,2023-08-05 04:00:00+00:00,0.2,0.2,0.378,0.374,15.9,91,764.1,3.1
CHG_GLF_04,2023-08-05 05:00:00+00:00,0.3,0.3,0.378,0.374,16.4,88,764.2,3.1
CHG_GLF_04,2023-08-05 06:00:00+00:00,0.4,0.4,0.379,0.374,17.0,84,764.2,3.1
CHG_GLF_04,2023-08-05 07:00:00+00:00,0.2,0.2,0.379,0.373,17.5,81,763.7,3.1
CHG_GLF_04,2023-08-05 08:00:00+00:00,0.2,0.2,0.378,0.373,17.5,83,763.0,3.6
CHG_GLF_04,2023-08-05 09:00:00+00:00,0.1,0.1,0.378,0.373,17.4,84,762.3,3.6
CHG_GLF_04,2023-08-05 10:00:00+00:00,0.0,0.0,0.377,0.373,17.1,87,761.7,2.8
CHG_GLF_04,2023-08-05 11:00:00+00:00,0.0,0.0,0.376,0.373,16.3,91,761.4,1.6
CHG_GLF_04,2023-08-05 12:00:00+00:00,0.0,0.0,0.39,0.376,15.7,96,761.7,1.5
CHG_GLF_04,2023-08-05 13:00:00+00:00,0.1,0.1,0.39,0.376,15.2,98,762.0,2.6
CHG_GLF_04,2023-08-05 14:00:00+00:00,0.7,0.7,0.394,0.377,15.5,95,762.7,0.0
CHG_GLF_04,2023-08-05 15:00:00+00:00,0.3,0.3,0.396,0.377,15.5,95,762.7,1.8
CHG_GLF_04,2023-08-05 16:00:00+00:00,0.1,0.1,0.395,0.377,15.8,94,763.3,1.3
CHG_GLF_04,2023-08-05 17:00:00+00:00,0.1,0.1,0.394,0.378,16.0,91,762.9,0.4
CHG_GLF_04,2023-08-05 18:00:00+00:00,0.1,0.1,0.394,0.378,15.6,94,762.2,0.5
CHG_GLF_04,2023-08-05 19:00:00+00:00,0.4,0.4,0.396,0.378,15.5,95,761.5,1.6
CHG_GLF_04,2023-08-05 20:00:00+00:00,0.2,0.2,0.396,0.379,15.6,92,761.0,2.1
CHG_GLF_04,2023-08-05 21:00:00+00:00,0.1,0.1,0.395,0.379,15.2,94,760.3,2.3
CHG_GLF_04,2023-08-05 22:00:00+00:00,0.0,0.0,0.394,0.379,15.7,88,760.1,1.1
CHG_GLF_04,2023-08-05 23:00:00+00:00,0.0,0.0,0.393,0.379,15.7,88,759.9,0.8
CHG_GLF_04,2023-08-06 00:00:00+00:00,0.0,0.0,0.401,0.383,15.6,98,760.4,3.0
CHG_GLF_04,2023-08-06 01:00:00+00:00,0.1,0.1,0.4,0.384,15.8,97,760.8,1.3
CHG_GLF_04,2023-08-06 02:00:00+00:00,0.6,0.6,0.402,0.384,16.7,91,761.4,1.9
CHG_GLF_04,2023-08-06 03:00:00+00:00,0.4,0.4,0.402,0.384,16.9,89,761.3,4.7
CHG_GLF_04,2023-08-06 04:00:00+00:00,0.2,0.2,0.4,0.385,17.2,93,762.0,5.0
CHG_GLF_04,2023-08-06 05:00:00+00:00,0.5,0.5,0.401,0.385,16.7,91,761.6,4.6
CHG_GLF_04,2023-08-06 06:00:00+00:00,0.3,0.3,0.4,0.385,16.4,90,760.7,4.9
CHG_GLF_04,2023-08-06 07:00:00+00:00,0.0,0.0,0.398,0.385,16.8,88,760.1,2.3
CHG_GLF_04,2023-08-06 08:00:00+00:00,0.0,0.0,0.396,0.385,17.0,84,759.6,2.9
CHG_GLF_04,2023-08-06 09:00:00+00:00,0.0,0.0,0.394,0.385,17.3,79,759.2,1.3
CHG_GLF_04,2023-08-06 10:00:00+00:00,0.1,0.1,0.392,0.385,16.8,83,758.6,2.2
CHG_GLF_04,2023-08-06 11:00:00+00:00,0.1,0.1,0.392,0.385,16.6,85,758.3,1.0
CHG_GLF_04,2023-08-06 12:00:00+00:00,0.0,0.0,0.385,0.382,16.4,88,759.3,1.3
CHG_GLF_04,2023-08-06 13:00:00+00:00,0.0,0.0,0.384,0.382,16.0,91,759.3,0.0
CHG_GLF_04,2023-08-06 14:00:00+00:00,0.0,0.0,0.384,0.382,14.7,94,758.6,4.0
CHG_GLF_04,2023-08-06 15:00:00+00:00,0.0,0.0,0.383,0.381,16.8,84,760.3,1.5
CHG_GLF_04,2023-08-06 16:00:00+00:00,0.0,0.0,0.383,0.381,16.0,91,760.3,2.2
CHG_GLF_04,2023-08-06 17:00:00+00:00,0.1,0.1,0.383,0.381,16.0,90,760.1,2.1
CHG_GLF_04,2023-08-06 18:00:00+00:00,0.1,0.1,0.383,0.381,16.2,88,759.8,1.3
CHG_GLF_04,2023-08-06 19:00:00+00:00,0.2,0.2,0.383,0.381,15.7,91,758.7,0.5
CHG_GLF_04,2023-08-06 20:00:00+00:00,0.3,0.3,0.384,0.381,15.9,89,758.0,1.5
CHG_GLF_04,2023-08-06 21:00:00+00:00,0.1,0.1,0.384,0.381,16.1,84,757.5,3.1
CHG_GLF_04,2023-08-06 22:00:00+00:00,0.0,0.0,0.383,0.381,16.6,81,757.7,3.2
CHG_GLF_04,2023-08-06 23:00:00+00:00,0.0,0.0,0.383,0.381,15.6,88,757.6,1.8
CHG_GLF_04,2023-08-07 00:00:00+00:00,0.2,0.2,0.388,0.383,16.2,89,758.1,2.2
CHG_GLF_04,2023-08-07 01:00:00+00:00,0.0,0.0,0.387,0.383,17.0,86,758.5,1.8
CHG_GLF_04,2023-08-07 02:00:00+00:00,0.0,0.0,0.386,0.382,17.5,86,759.2,2.9
CHG_GLF_04,2023-08-07 03:00:00+00:00,0.0,0.0,0.385,0.382,16.6,91,759.4,2.3
CHG_GLF_04,2023-08-07 04:00:00+00:00,0.0,0.0,0.384,0.382,16.9,85,759.9,2.6
CHG_GLF_04,2023-08-07 05:00:00+00:00,0.0,0.0,0.383,0.382,17.4,82,759.8,2.6
CHG_GLF_04,2023-08-07 06:00:00+00:00,0.0,0.0,0.381,0.381,17.5,82,759.6,2.2
CHG_GLF_04,2023-08-07 07:00:00+00:00,0.0,0.0,0.38,0.381,17.8,82,759.1,3.8
CHG_GLF_04,2023-08-07 08:00:00+00:00,0.0,0.0,0.378,0.381,17.4,80,758.4,1.8
CHG_GLF_04,2023-08-07 09:00:00+00:00,0.0,0.0,0.378,0.38,16.8,85,757.8,1.4
CHG_GLF_04,2023-08-07 10:00:00+00:00,0.0,0.0,0.377,0.38,16.4,87,757.6,1.3
CHG_GLF_04,2023-08-07 11:00:00+00:00,0.0,0.0,0.377,0.38,16.8,84,757.5,1.8
CHG_GLF_04,2023-08-07 12:00:00+00:00,0.0,0.0,0.378,0.38,16.2,88,757.4,1.5
CHG_GLF_04,2023-08-07 13:00:00+00:00,0.0,0.0,0.377,0.38,15.4,86,758.0,2.8
CHG_GLF_04,2023-08-07 14:00:00+00:00,0.2,0.2,0.378,0.38,15.6,78,758.6,3.1
CHG_GLF_04,2023-08-07 15:00:00+00:00,0.1,0.1,0.378,0.38,15.6,77,758.8,3.4
CHG_GLF_04,2023-08-07 16:00:00+00:00,0.1,0.1,0.379,0.38,16.8,69,759.6,3.7
CHG_GLF_04,2023-08-07 17:00:00+00:00,0.1,0.1,0.379,0.38,16.9,68,759.7,1.3
CHG_GLF_04,2023-08-07 18:00:00+00:00,0.1,0.1,0.379,0.38,16.1,73,759.6,1.8
CHG_GLF_04,2023-08-07 19:00:00+00:00,0.2,0.2,0.379,0.379,15.1,77,757.9,3.8
CHG_GLF_04,2023-08-07 20:00:00+00:00,0.0,0.0,0.379,0.379,16.2,70,758.5,1.5
CHG_GLF_04,2023-08-07 21:00:00+00:00,0.0,0.0,0.379,0.379,16.1,69,758.3,2.5
CHG_GLF_04,2023-08-07 22:00:00+00:00,0.0,0.0,0.378,0.379,14.8,76,757.1,4.0
CHG_GLF_04,2023-08-07 23:00:00+00:00,0.0,0.0,0.378,0.379,16.6,67,757.9,0.0
CHG_GLF_04,2023-08-08 00:00:00+00:00,0.0,0.0,0.388,0.38,16.0,77,758.9,3.0
CHG_GLF_04,2023-08-08 01:00:00+00:00,0.0,0.0,0.388,0.38,16.4,78,759.2,1.9
CHG_GLF_04,2023-08-08 02:00:00+00:00,0.0,0.0,0.387,0.38,17.3,80,760.3,2.6
CHG_GLF_04,2023-08-08 03:00:00+00:00,0.0,0.0,0.385,0.38,17.4,80,761.0,1.9
CHG_GLF_04,2023-08-08 04:00:00+00:00,0.0,0.0,0.384,0.38,17.4,83,761.3,1.8
CHG_GLF_04,2023-08-08 05:00:00+00:00,0.1,0.1,0.383,0.379,18.5,79,761.6,3.0
CHG_GLF_04,2023-08-08 06:00:00+00:00,0.6,0.6,0.384,0.379,18.1,84,761.0,2.8
CHG_GLF_04,2023-08-08 07:00:00+00:00,2.5,2.5,0.4,0.379,17.3,89,760.2,1.6
CHG_GLF_04,2023-08-08 08:00:00+00:00,0.7,0.7,0.401,0.38,17.6,92,759.8,2.8
CHG_GLF_04,2023-08-08 09:00:00+00:00,0.5,0.5,0.401,0.38,17.4,90,759.8,2.9
CHG_GLF_04,2023-08-08 10:00:00+00:00,1.1,1.1,0.405,0.38,16.3,97,759.2,0.4
CHG_GLF_04,2023-08-08 11:00:00+00:00,1.0,1.0,0.41,0.381,16.3,99,759.6,2.2
CHG_GLF_04,2023-08-08 12:00:00+00:00,2.3,2.3,0.418,0.383,15.5,98,759.6,2.3
CHG_GLF_04,2023-08-08 13:00:00+00:00,5.1,5.1,0.437,0.391,15.1,99,759.8,2.3
CHG_GLF_04,2023-08-08 14:00:00+00:00,3.6,3.6,0.437,0.402,15.0,96,760.1,3.8
CHG_GLF_04,2023-08-08 15:00:00+00:00,3.6,3.6,0.438,0.411,14.6,94,760.5,5.3
CHG_GLF_04,2023-08-08 16:00:00+00:00,2.2,2.2,0.435,0.417,14.8,90,760.7,5.1
CHG_GLF_04,2023-08-08 17:00:00+00:00,0.5,0.5,0.429,0.419,14.7,88,760.3,5.0
CHG_GLF_04,2023-08-08 18:00:00+00:00,0.0,0.0,0.425,0.419,17.0,68,761.7,2.9
CHG_GLF_04,2023-08-08 19:00:00+00:00,0.4,0.4,0.424,0.419,16.8,68,761.1,2.2
CHG_GLF_04,2023-08-08 20:00:00+00:00,0.2,0.2,0.423,0.419,15.7,73,761.2,2.2
CHG_GLF_04,2023-08-08 21:00:00+00:00,0.1,0.1,0.421,0.418,13.7,88,759.6,4.7
CHG_GLF_04,2023-08-08 22:00:00+00:00,0.2,0.2,0.42,0.418,16.2,68,761.3,3.0
CHG_GLF_04,2023-08-08 23:00:00+00:00,0.2,0.2,0.419,0.417,16.2,69,761.5,2.9
CHG_GLF_04,2023-08-09 00:00:00+00:00,0.7,0.7,0.418,0.403,16.1,72,761.8,1.8
CHG_GLF_04,2023-08-09 01:00:00+00:00,2.4,2.4,0.434,0.404,15.2,91,762.1,2.9
CHG_GLF_04,2023-08-09 02:00:00+00:00,1.6,1.6,0.428,0.409,15.9,93,763.2,4.9
CHG_GLF_04,2023-08-09 03:00:00+00:00,0.4,0.4,0.424,0.41,16.0,86,763.7,3.3
CHG_GLF_04,2023-08-09 04:00:00+00:00,0.6,0.6,0.422,0.411,16.4,85,764.6,1.6
CHG_GLF_04,2023-08-09 05:00:00+00:00,0.9,0.9,0.423,0.411,15.5,94,764.3,1.8
CHG_GLF_04,2023-08-09 06:00:00+00:00,1.3,1.3,0.426,0.412,16.2,96,764.1,0.8
CHG_GLF_04,2023-08-09 07:00:00+00:00,0.3,0.3,0.422,0.412,18.0,77,764.6,3.2
CHG_GLF_04,2023-08-09 08:00:00+00:00,0.1,0.1,0.418,0.412,17.7,78,763.9,1.6
CHG_GLF_04,2023-08-09 09:00:00+00:00,0.1,0.1,0.415,0.412,17.7,79,763.1,2.1
CHG_GLF_04,2023-08-09 10:00:00+00:00,0.0,0.0,0.412,0.411,17.0,84,762.5,2.4
CHG_GLF_04,2023-08-09 11:00:00+00:00,0.0,0.0,0.411,0.411,16.3,82,762.5,2.2
CHG_GLF_04,2023-08-09 12:00:00+00:00,0.0,0.0,0.424,0.413,15.9,97,762.7,0.0
CHG_GLF_04,2023-08-09 13:00:00+00:00,0.1,0.1,0.42,0.413,15.6,96,763.2,0.8
CHG_GLF_04,2023-08-09 14:00:00+00:00,0.0,0.0,0.418,0.413,15.5,94,763.4,0.4
CHG_GLF_04,2023-08-09 15:00:00+00:00,0.0,0.0,0.415,0.413,16.1,88,764.0,3.1
CHG_GLF_04,2023-08-09 16:00:00+00:00,0.0,0.0,0.413,0.412,16.0,86,764.4,2.1
CHG_GLF_04,2023-08-09 17:00:00+00:00,0.0,0.0,0.412,0.412,16.6,77,764.6,3.4
CHG_GLF_04,2023-08-09 18:00:00+00:00,0.0,0.0,0.411,0.411,17.0,72,764.4,0.4
CHG_GLF_04,2023-08-09 19:00:00+00:00,0.0,0.0,0.409,0.411,16.7,74,763.9,2.2
CHG_GLF_04,2023-08-09 20:00:00+00:00,0.0,0.0,0.408,0.41,16.4,75,763.3,1.6
CHG_GLF_04,2023-08-09 21:00:00+00:00,0.0,0.0,0.407,0.41,16.7,72,762.9,1.1
CHG_GLF_04,2023-08-09 22:00:00+00:00,0.0,0.0,0.406,0.409,16.5,74,762.7,1.8
CHG_GLF_04,2023-08-09 23:00:00+00:00,0.0,0.0,0.405,0.409,15.8,79,763.0,3.0
CHG_GLF_04,2023-08-10 00:00:00+00:00,0.0,0.0,0.411,0.413,16.5,80,763.6,1.5
CHG_GLF_04,2023-08-10 01:00:00+00:00,0.0,0.0,0.41,0.412,16.2,84,764.2,1.3
CHG_GLF_04,2023-08-10 02:00:00+00:00,0.0,0.0,0.408,0.411,16.4,89,765.2,2.4
CHG_GLF_04,2023-08-10 03:00:00+00:00,0.0,0.0,0.407,0.411,17.2,80,765.9,1.9
CHG_GLF_04,2023-08-10 04:00:00+00:00,0.0,0.0,0.405,0.41,18.1,75,766.3,2.6
CHG_GLF_04,2023-08-10 05:00:00+00:00,0.0,0.0,0.402,0.409,18.3,78,766.3,3.8
CHG_GLF_04,2023-08-10 06:00:00+00:00,0.0,0.0,0.4,0.408,18.1,79,766.0,2.9
CHG_GLF_04,2023-08-10 07:00:00+00:00,0.0,0.0,0.398,0.407,17.9,80,765.0,2.5
CHG_GLF_04,2023-08-10 08:00:00+00:00,0.0,0.0,0.397,0.406,18.1,81,764.4,1.5
CHG_GLF_04,2023-08-10 09:00:00+00:00,0.0,0.0,0.395,0.405,17.9,81,763.8,2.3
CHG_GLF_04,2023-08-10 10:00:00+00:00,0.0,0.0,0.394,0.405,17.2,85,763.1,2.3
CHG_GLF_04,2023-08-10 11:00:00+00:00,0.0,0.0,0.393,0.404,17.4,80,763.4,0.8
CHG_GLF_04,2023-08-10 12:00:00+00:00,0.0,0.0,0.392,0.402,17.1,80,763.9,2.3
CHG_GLF_04,2023-08-10 13:00:00+00:00,0.0,0.0,0.392,0.402,15.7,90,763.8,3.7
CHG_GLF_04,2023-08-10 14:00:00+00:00,0.0,0.0,0.391,0.401,15.8,89,764.2,2.5
CHG_GLF_04,2023-08-10 15:00:00+00:00,0.0,0.0,0.391,0.401,16.9,82,765.5,2.1
CHG_GLF_04,2023-08-10 16:00:00+00:00,0.0,0.0,0.391,0.4,16.4,86,765.6,0.8
CHG_GLF_04,2023-08-10 17:00:00+00:00,0.0,0.0,0.39,0.4,15.7,88,765.1,1.4
CHG_GLF_04,2023-08-10 18:00:00+00:00,0.0,0.0,0.39,0.399,15.4,89,764.7,1.6
CHG_GLF_04,2023-08-10 19:00:00+00:00,0.0,0.0,0.39,0.399,15.7,85,764.3,0.7
CHG_GLF_04,2023-08-10 20:00:00+00:00,0.0,0.0,0.389,0.399,15.5,85,763.6,1.5
CHG_GLF_04,2023-08-10 21:00:00+00:00,0.0,0.0,0.389,0.398,15.0,83,763.0,1.0
CHG_GLF_04,2023-08-10 22:00:00+00:00,0.0,0.0,0.389,0.398,13.1,89,761.5,1.0
CHG_GLF_04,2023-08-10 23:00:00+00:00,0.0,0.0,0.388,0.397,13.1,88,761.5,2.9
CHG_GLF_04,2023-08-11 00:00:00+00:00,0.0,0.0,0.399,0.399,15.8,90,763.6,3.0
CHG_GLF_04,2023-08-11 01:00:00+00:00,0.2,0.2,0.399,0.398,16.5,83,764.4,2.1
CHG_GLF_04,2023-08-11 02:00:00+00:00,0.2,0.2,0.399,0.398,15.9,93,764.4,1.5
CHG_GLF_04,2023-08-11 03:00:00+00:00,1.0,1.0,0.405,0.398,16.2,95,764.7,1.8
CHG_GLF_04,2023-08-11 04:00:00+00:00,1.3,1.3,0.413,0.398,16.1,94,764.8,2.1
CHG_GLF_04,2023-08-11 05:00:00+00:00,0.4,0.4,0.412,0.399,17.1,89,765.3,3.3
CHG_GLF_04,2023-08-11 06:00:00+00:00,0.2,0.2,0.41,0.399,16.8,93,764.6,1.8
CHG_GLF_04,2023-08-11 07:00:00+00:00,0.1,0.1,0.408,0.399,16.9,90,763.7,2.0
CHG_GLF_04,2023-08-11 08:00:00+00:00,0.1,0.1,0.406,0.399,18.1,82,763.2,1.9
CHG_GLF_04,2023-08-11 09:00:00+00:00,0.1,0.1,0.404,0.399,18.5,80,762.7,1.8
CHG_GLF_04,2023-08-11 10:00:00+00:00,0.1,0.1,0.402,0.398,18.6,79,761.9,2.0
CHG_GLF_04,2023-08-11 11:00:00+00:00,0.0,0.0,0.4,0.398,18.3,82,762.0,3.6
CHG_GLF_04,2023-08-11 12:00:00+00:00,0.0,0.0,0.399,0.399,16.6,92,762.2,2.2
CHG_GLF_04,2023-08-11 13:00:00+00:00,0.1,0.1,0.398,0.399,16.4,93,762.6,2.6
CHG_GLF_04,2023-08-11 14:00:00+00:00,0.5,0.5,0.4,0.399,15.5,97,763.0,2.5
CHG_GLF_04,2023-08-11 15:00:00+00:00,0.5,0.5,0.401,0.398,15.9,96,763.6,0.8
CHG_GLF_04,2023-08-11 16:00:00+00:00,0.2,0.2,0.402,0.398,16.1,94,763.9,1.8
CHG_GLF_04,2023-08-11 17:00:00+00:00,0.1,0.1,0.401,0.398,16.2,92,764.0,2.1
CHG_GLF_04,2023-08-11 18:00:00+00:00,0.1,0.1,0.401,0.398,15.7,96,763.3,0.4
CHG_GLF_04,2023-08-11 19:00:00+00:00,0.1,0.1,0.4,0.398,15.8,93,762.5,1.6
CHG_GLF_04,2023-08-11 20:00:00+00:00,0.0,0.0,0.4,0.398,15.5,95,761.9,0.4
CHG_GLF_04,2023-08-11 21:00:00+00:00,0.0,0.0,0.399,0.398,15.5,94,761.5,1.0
CHG_GLF_04,2023-08-11 22:00:00+00:00,0.0,0.0,0.398,0.397,15.7,91,761.5,1.1
CHG_GLF_04,2023-08-11 23:00:00+00:00,0.0,0.0,0.398,0.397,15.6,92,761.5,0.7
CHG_GLF_04,2023-08-12 00:00:00+00:00,0.0,0.0,0.414,0.416,15.8,97,761.6,2.5
CHG_GLF_04,2023-08-12 01:00:00+00:00,0.0,0.0,0.413,0.415,16.1,97,762.5,1.3
CHG_GLF_04,2023-08-12 02:00:00+00:00,0.0,0.0,0.411,0.415,16.1,98,762.7,2.9
CHG_GLF_04,2023-08-12 03:00:00+00:00,0.1,0.1,0.41,0.414,15.8,97,763.1,2.5
CHG_GLF_04,2023-08-12 04:00:00+00:00,0.2,0.2,0.41,0.413,16.4,89,763.5,2.1
CHG_GLF_04,2023-08-12 05:00:00+00:00,0.0,0.0,0.408,0.413,17.6,87,763.2,1.8
CHG_GLF_04,2023-08-12 06:00:00+00:00,0.1,0.1,0.406,0.412,18.8,78,763.3,3.9
CHG_GLF_04,2023-08-12 07:00:00+00:00,0.0,0.0,0.403,0.41,19.7,74,762.5,4.3
CHG_GLF_04,2023-08-12 08:00:00+00:00,0.0,0.0,0.4,0.409,19.5,76,761.5,5.2
CHG_GLF_04,2023-08-12 09:00:00+00:00,0.1,0.1,0.399,0.408,18.7,81,760.6,4.9
CHG_GLF_04,2023-08-12 10:00:00+00:00,0.1,0.1,0.398,0.408,18.4,79,760.3,3.1
CHG_GLF_04,2023-08-12 11:00:00+00:00,0.1,0.1,0.397,0.407,17.4,87,759.9,2.8
CHG_GLF_04,2023-08-12 12:00:00+00:00,0.1,0.1,0.399,0.408,16.9,92,760.0,1.8
CHG_GLF_04,2023-08-12 13:00:00+00:00,0.1,0.1,0.399,0.407,16.1,94,760.0,2.7
CHG_GLF_04,2023-08-12 14:00:00+00:00,0.1,0.1,0.399,0.406,16.3,95,761.2,2.5
CHG_GLF_04,2023-08-12 15:00:00+00:00,0.1,0.1,0.398,0.406,15.6,95,760.5,3.2
CHG_GLF_04,2023-08-12 16:00:00+00:00,0.0,0.0,0.398,0.406,17.1,86,761.6,1.0
CHG_GLF_04,2023-08-12 17:00:00+00:00,4.1,4.1,0.428,0.406,16.4,91,761.5,2.4
CHG_GLF_04,2023-08-12 18:00:00+00:00,3.0,3.0,0.436,0.411,16.0,91,761.2,3.1
CHG_GLF_04,2023-08-12 19:00:00+00:00,1.6,1.6,0.434,0.415,16.0,90,760.6,0.7
CHG_GLF_04,2023-08-12 20:00:00+00:00,0.7,0.7,0.43,0.417,16.0,88,760.0,0.8
CHG_GLF_04,2023-08-12 21:00:00+00:00,0.4,0.4,0.428,0.418,15.5,92,759.8,2.1
CHG_GLF_04,2023-08-12 22:00:00+00:00,1.9,1.9,0.434,0.42,14.3,95,758.6,5.7
CHG_GLF_04,2023-08-12 23:00:00+00:00,1.3,1.3,0.435,0.421,14.9,90,758.9,4.2
CHG_GLF_04,2023-08-13 00:00:00+00:00,1.2,1.2,0.423,0.421,16.1,85,760.6,3.7
CHG_GLF_04,2023-08-13 01:00:00+00:00,0.1,0.1,0.421,0.421,15.6,96,760.8,3.3
CHG_GLF_04,2023-08-13 02:00:00+00:00,0.3,0.3,0.421,0.42,15.5,97,761.7,1.5
CHG_GLF_04,2023-08-13 03:00:00+00:00,1.5,1.5,0.429,0.42,15.6,98,762.0,1.9
CHG_GLF_04,2023-08-13 04:00:00+00:00,3.2,3.2,0.435,0.425,16.1,98,762.8,2.4
CHG_GLF_04,2023-08-13 05:00:00+00:00,5.7,5.7,0.439,0.434,16.3,97,762.5,1.9
CHG_GLF_04,2023-08-13 06:00:00+00:00,6.9,6.9,0.439,0.439,15.6,98,763.0,1.5
CHG_GLF_04,2023-08-13 07:00:00+00:00,7.1,7.1,0.436,0.438,16.1,97,762.8,2.9
CHG_GLF_04,2023-08-13 08:00:00+00:00,4.6,4.6,0.438,0.437,16.0,97,762.0,1.8
CHG_GLF_04,2023-08-13 09:00:00+00:00,3.4,3.4,0.438,0.437,16.1,97,761.5,5.0
CHG_GLF_04,2023-08-13 10:00:00+00:00,3.1,3.1,0.438,0.436,16.6,94,761.3,2.3
CHG_GLF_04,2023-08-13 11:00:00+00:00,1.1,1.1,0.434,0.435,16.6,95,761.5,1.5
CHG_GLF_04,2023-08-13 12:00:00+00:00,0.0,0.0,0.431,0.434,15.4,97,762.3,0.8
CHG_GLF_04,2023-08-13 13:00:00+00:00,0.4,0.4,0.43,0.432,15.5,93,762.8,1.8
CHG_GLF_04,2023-08-13 14:00:00+00:00,0.4,0.4,0.428,0.43,15.2,95,763.4,1.5
CHG_GLF_04,2023-08-13 15:00:00+00:00,0.3,0.3,0.427,0.429,14.6,94,762.8,4.3
CHG_GLF_04,2023-08-13 16:00:00+00:00,0.0,0.0,0.424,0.428,16.5,79,764.2,0.5
CHG_GLF_04,2023-08-13 17:00:00+00:00,0.0,0.0,0.421,0.427,16.0,77,764.6,1.5
CHG_GLF_04,2023-08-13 18:00:00+00:00,0.0,0.0,0.418,0.426,15.5,79,763.8,3.3
CHG_GLF_04,2023-08-13 19:00:00+00:00,0.0,0.0,0.416,0.425,16.3,72,763.9,1.9
CHG_GLF_04,2023-08-13 20:00:00+00:00,0.0,0.0,0.415,0.424,15.8,75,763.4,0.4
CHG_GLF_04,2023-08-13 21:00:00+00:00,0.0,0.0,0.413,0.423,15.6,76,762.9,1.1
CHG_GLF_04,2023-08-13 22:00:00+00:00,0.0,0.0,0.412,0.422,14.6,80,761.7,3.4
CHG_GLF_04,2023-08-13 23:00:00+00:00,0.0,0.0,0.41,0.421,16.1,71,763.0,1.8
CHG_GLF_04,2023-08-14 00:00:00+00:00,0.0,0.0,0.408,0.419,16.2,75,763.6,1.0
CHG_GLF_04,2023-08-14 01:00:00+00:00,0.0,0.0,0.407,0.418,15.9,79,764.1,1.6
CHG_GLF_04,2023-08-14 02:00:00+00:00,0.0,0.0,0.406,0.418,15.6,88,764.2,2.2
CHG_GLF_04,2023-08-14 03:00:00+00:00,0.0,0.0,0.405,0.417,16.4,83,764.8,1.5
CHG_GLF_04,2023-08-14 04:00:00+00:00,0.0,0.0,0.404,0.416,17.7,75,766.0,2.1
CHG_GLF_04,2023-08-14 05:00:00+00:00,0.0,0.0,0.402,0.415,18.0,73,765.9,2.9
CHG_GLF_04,2023-08-14 06:00:00+00:00,0.0,0.0,0.4,0.414,18.1,74,765.9,3.2
CHG_GLF_04,2023-08-14 07:00:00+00:00,0.0,0.0,0.398,0.413,18.9,72,765.6,3.6
CHG_GLF_04,2023-08-14 08:00:00+00:00,0.0,0.0,0.396,0.412,18.0,77,764.2,3.3
CHG_GLF_04,2023-08-14 09:00:00+00:00,0.0,0.0,0.395,0.411,17.8,81,763.3,3.4
CHG_GLF_04,2023-08-14 10:00:00+00:00,0.0,0.0,0.394,0.41,18.1,76,762.8,2.0
CHG_GLF_04,2023-08-14 11:00:00+00:00,0.0,0.0,0.393,0.409,17.5,79,762.3,2.4
CHG_GLF_04,2023-08-14 12:00:00+00:00,0.0,0.0,0.392,0.408,16.9,79,763.1,2.4
CHG_GLF_04,2023-08-14 13:00:00+00:00,0.0,0.0,0.392,0.407,16.9,77,763.4,1.8
CHG_GLF_04,2023-08-14 14:00:00+00:00,0.0,0.0,0.392,0.407,16.8,77,763.6,1.4
CHG_GLF_04,2023-08-14 15:00:00+00:00,0.0,0.0,0.392,0.406,16.5,75,763.6,2.1
CHG_GLF_04,2023-08-14 16:00:00+00:00,0.0,0.0,0.391,0.406,15.8,80,764.2,2.1
CHG_GLF_04,2023-08-14 17:00:00+00:00,0.1,0.1,0.392,0.405,15.7,83,764.4,0.8
CHG_GLF_04,2023-08-14 18:00:00+00:00,0.1,0.1,0.392,0.405,16.1,79,764.2,2.6
CHG_GLF_04,2023-08-14 19:00:00+00:00,0.0,0.0,0.392,0.405,15.6,82,763.5,2.0
CHG_GLF_04,2023-08-14 20:00:00+00:00,0.0,0.0,0.391,0.404,14.8,82,762.5,1.0
CHG_GLF_04,2023-08-14 21:00:00+00:00,0.0,0.0,0.391,0.404,12.8,90,761.0,1.5
CHG_GLF_04,2023-08-14 22:00:00+00:00,0.1,0.1,0.391,0.403,13.2,87,761.0,0.4
CHG_GLF_04,2023-08-14 23:00:00+00:00,0.2,0.2,0.392,0.403,12.4,88,760.6,1.5
CHG_GLF_04,2023-08-15 00:00:00+00:00,0.2,0.2,0.394,0.403,15.6,89,763.3,2.2
CHG_GLF_04,2023-08-15 01:00:00+00:00,0.1,0.1,0.394,0.403,16.0,88,763.9,0.8
CHG_GLF_04,2023-08-15 02:00:00+00:00,0.1,0.1,0.394,0.403,16.3,89,764.2,3.2
CHG_GLF_04,2023-08-15 03:00:00+00:00,0.3,0.3,0.395,0.402,17.2,86,765.0,2.6
CHG_GLF_04,2023-08-15 04:00:00+00:00,0.3,0.3,0.395,0.402,18.3,82,765.5,3.3
CHG_GLF_04,2023-08-15 05:00:00+00:00,0.1,0.1,0.393,0.401,19.0,78,766.1,4.7
CHG_GLF_04,2023-08-15 06:00:00+00:00,0.2,0.2,0.392,0.4,18.8,79,765.6,4.2
CHG_GLF_04,2023-08-15 07:00:00+00:00,0.1,0.1,0.391,0.4,19.1,77,764.9,3.1
CHG_GLF_04,2023-08-15 08:00:00+00:00,0.0,0.0,0.389,0.399,18.9,76,764.2,3.9
CHG_GLF_04,2023-08-15 09:00:00+00:00,0.1,0.1,0.387,0.398,18.0,81,763.2,3.1
CHG_GLF_04,2023-08-15 10:00:00+00:00,0.0,0.0,0.387,0.398,17.4,85,762.0,1.9
CHG_GLF_04,2023-08-15 11:00:00+00:00,0.0,0.0,0.386,0.398,17.3,84,761.9,2.1
CHG_GLF_04,2023-08-15 12:00:00+00:00,0.0,0.0,0.389,0.397,16.8,93,762.6,1.6
CHG_GLF_04,2023-08-15 13:00:00+00:00,0.1,0.1,0.389,0.397,15.6,98,762.4,3.4
CHG_GLF_04,2023-08-15 14:00:00+00:00,0.8,0.8,0.394,0.397,15.6,98,763.3,2.6
CHG_GLF_04,2023-08-15 15:00:00+00:00,1.5,1.5,0.405,0.397,16.4,91,764.2,1.8
CHG_GLF_04,2023-08-15 16:00:00+00:00,1.2,1.2,0.413,0.397,16.6,87,764.5,2.4
CHG_GLF_04,2023-08-15 17:00:00+00:00,1.1,1.1,0.418,0.398,16.3,86,764.5,3.1
CHG_GLF_04,2023-08-15 18:00:00+00:00,0.8,0.8,0.42,0.399,14.6,93,762.8,4.3
CHG_GLF_04,2023-08-15 19:00:00+00:00,0.1,0.1,0.417,0.4,17.1,76,763.4,0.8
CHG_GLF_04,2023-08-15 20:00:00+00:00,0.0,0.0,0.413,0.401,16.4,81,763.0,3.8
CHG_GLF_04,2023-08-15 21:00:00+00:00,0.0,0.0,0.411,0.401,15.9,85,762.9,2.2
CHG_GLF_04,2023-08-15 22:00:00+00:00,0.4,0.4,0.412,0.402,15.8,86,763.0,1.5
CHG_GLF_04,2023-08-15 23:00:00+00:00,0.2,0.2,0.411,0.402,16.6,79,762.3,2.4
CHG_GLF_04,2023-08-16 00:00:00+00:00,0.0,0.0,0.422,0.407,15.9,92,763.7,3.0
CHG_GLF_04,2023-08-16 01:00:00+00:00,0.2,0.2,0.419,0.408,16.5,93,764.0,1.6
CHG_GLF_04,2023-08-16 02:00:00+00:00,0.3,0.3,0.418,0.408,17.0,89,764.7,0.8
CHG_GLF_04,2023-08-16 03:00:00+00:00,0.1,0.1,0.415,0.409,18.2,84,764.9,3.3
CHG_GLF_04,2023-08-16 04:00:00+00:00,0.2,0.2,0.413,0.408,18.5,89,765.2,4.8
CHG_GLF_04,2023-08-16 05:00:00+00:00,0.2,0.2,0.41,0.408,18.8,86,765.5,5.1
CHG_GLF_04,2023-08-16 06:00:00+00:00,0.1,0.1,0.408,0.408,18.3,86,764.8,4.0
CHG_GLF_04,2023-08-16 07:00:00+00:00,0.1,0.1,0.406,0.407,18.2,84,763.6,3.4
CHG_GLF_04,2023-08-16 08:00:00+00:00,0.0,0.0,0.404,0.407,18.0,85,763.0,4.0
CHG_GLF_04,2023-08-16 09:00:00+00:00,0.1,0.1,0.402,0.406,18.8,80,762.5,3.9
CHG_GLF_04,2023-08-16 10:00:00+00:00,0.3,0.3,0.401,0.405,17.4,88,762.1,3.0
CHG_GLF_04,2023-08-16 11:00:00+00:00,0.0,0.0,0.4,0.405,17.2,87,761.8,3.3
CHG_GLF_04,2023-08-16 12:00:00+00:00,0.0,0.0,0.398,0.405,16.4,94,762.6,1.3
CHG_GLF_04,2023-08-16 13:00:00+00:00,0.0,0.0,0.397,0.404,16.1,97,762.8,1.8
CHG_GLF_04,2023-08-16 14:00:00+00:00,0.0,0.0,0.397,0.404,15.9,92,763.5,1.8
CHG_GLF_04,2023-08-16 15:00:00+00:00,0.0,0.0,0.396,0.404,15.8,89,763.8,3.1
CHG_GLF_04,2023-08-16 16:00:00+00:00,0.5,0.5,0.397,0.404,16.4,81,764.7,1.3
CHG_GLF_04,2023-08-16 17:00:00+00:00,5.7,5.7,0.438,0.405,15.9,86,764.5,2.5
CHG_GLF_04,2023-08-16 18:00:00+00:00,4.5,4.5,0.433,0.417,15.4,87,763.5,4.0
CHG_GLF_04,2023-08-16 19:00:00+00:00,0.0,0.0,0.426,0.418,16.7,71,763.5,1.8
CHG_GLF_04,2023-08-16 20:00:00+00:00,2.5,2.5,0.439,0.42,15.6,77,763.2,2.1
CHG_GLF_04,2023-08-16 21:00:00+00:00,4.3,4.3,0.432,0.43,13.4,94,761.6,6.8
CHG_GLF_04,2023-08-16 22:00:00+00:00,0.4,0.4,0.43,0.429,16.9,67,762.8,4.6
CHG_GLF_04,2023-08-16 23:00:00+00:00,0.8,0.8,0.431,0.428,16.2,73,763.4,3.1
CHG_GLF_04,2023-08-17 00:00:00+00:00,3.2,3.2,0.428,0.431,15.9,78,764.3,0.8
CHG_GLF_04,2023-08-17 01:00:00+00:00,0.0,0.0,0.424,0.43,15.8,83,764.9,1.1
CHG_GLF_04,2023-08-17 02:00:00+00:00,0.0,0.0,0.421,0.428,16.7,84,765.0,1.8
CHG_GLF_04,2023-08-17 03:00:00+00:00,0.0,0.0,0.418,0.427,18.0,76,766.4,3.4
CHG_GLF_04,2023-08-17 04:00:00+00:00,0.0,0.0,0.415,0.425,18.6,73,766.9,1.5
CHG_GLF_04,2023-08-17 05:00:00+00:00,0.0,0.0,0.412,0.424,18.9,69,767.0,3.8
CHG_GLF_04,2023-08-17 06:00:00+00:00,0.0,0.0,0.409,0.422,19.3,64,766.5,3.3
CHG_GLF_04,2023-08-17 07:00:00+00:00,0.1,0.1,0.406,0.421,20.1,62,765.7,5.3
CHG_GLF_04,2023-08-17 08:00:00+00:00,0.0,0.0,0.403,0.419,20.0,64,765.6,4.3
CHG_GLF_04,2023-08-17 09:00:00+00:00,0.0,0.0,0.401,0.417,19.6,63,764.1,1.0
CHG_GLF_04,2023-08-17 10:00:00+00:00,0.0,0.0,0.399,0.416,18.9,67,763.7,3.1
CHG_GLF_04,2023-08-17 11:00:00+00:00,0.0,0.0,0.398,0.415,18.5,67,763.3,1.5
CHG_GLF_04,2023-08-17 12:00:00+00:00,0.0,0.0,0.4,0.416,16.3,90,763.7,0.7
CHG_GLF_04,2023-08-17 13:00:00+00:00,0.3,0.3,0.401,0.415,15.5,94,763.6,2.6
CHG_GLF_04,2023-08-17 14:00:00+00:00,0.1,0.1,0.401,0.415,16.2,87,765.0,1.1
CHG_GLF_04,2023-08-17 15:00:00+00:00,0.0,0.0,0.401,0.414,15.4,88,764.3,3.3
CHG_GLF_04,2023-08-17 16:00:00+00:00,0.0,0.0,0.4,0.413,16.5,73,765.8,2.2
CHG_GLF_04,2023-08-17 17:00:00+00:00,0.0,0.0,0.4,0.413,15.2,77,765.0,3.3
CHG_GLF_04,2023-08-17 18:00:00+00:00,0.0,0.0,0.399,0.412,15.1,74,764.4,4.1
CHG_GLF_04,2023-08-17 19:00:00+00:00,0.1,0.1,0.399,0.412,16.6,63,764.9,3.3
CHG_GLF_04,2023-08-17 20:00:00+00:00,0.0,0.0,0.399,0.411,15.5,69,763.5,4.8
CHG_GLF_04,2023-08-17 21:00:00+00:00,0.0,0.0,0.398,0.411,16.9,63,764.7,1.9
CHG_GLF_04,2023-08-17 22:00:00+00:00,0.0,0.0,0.398,0.41,14.1,76,762.0,7.1
CHG_GLF_04,2023-08-17 23:00:00+00:00,0.0,0.0,0.397,0.41,17.7,60,764.1,1.1
CHG_GLF_04,2023-08-18 00:00:00+00:00,0.0,0.0,0.4,0.41,16.1,72,765.3,1.5
CHG_GLF_04,2023-08-18 01:00:00+00:00,0.0,0.0,0.4,0.41,16.5,71,765.4,3.5
CHG_GLF_04,2023-08-18 02:00:00+00:00,0.0,0.0,0.399,0.409,17.3,78,766.1,1.6
CHG_GLF_04,2023-08-18 03:00:00+00:00,0.0,0.0,0.398,0.409,17.9,76,766.6,2.7
CHG_GLF_04,2023-08-18 04:00:00+00:00,0.0,0.0,0.396,0.408,19.1,70,766.8,1.8
CHG_GLF_04,2023-08-18 05:00:00+00:00,0.0,0.0,0.394,0.407,18.4,76,766.6,4.1
CHG_GLF_04,2023-08-18 06:00:00+00:00,0.0,0.0,0.393,0.406,18.9,73,766.4,2.3
CHG_GLF_04,2023-08-18 07:00:00+00:00,0.0,0.0,0.391,0.406,18.8,74,765.8,2.9
CHG_GLF_04,2023-08-18 08:00:00+00:00,0.0,0.0,0.39,0.405,18.5,76,765.0,2.9
CHG_GLF_04,2023-08-18 09:00:00+00:00,0.0,0.0,0.388,0.404,18.9,71,764.3,2.6
CHG_GLF_04,2023-08-18 10:00:00+00:00,0.0,0.0,0.387,0.403,18.5,73,763.7,3.1
CHG_GLF_04,2023-08-18 11:00:00+00:00,0.0,0.0,0.386,0.403,17.7,75,763.4,1.3
CHG_GLF_04,2023-08-18 12:00:00+00:00,0.0,0.0,0.38,0.401,17.1,74,764.4,3.0
CHG_GLF_04,2023-08-18 13:00:00+00:00,0.0,0.0,0.38,0.401,16.8,75,764.1,2.1
CHG_GLF_04,2023-08-18 14:00:00+00:00,0.0,0.0,0.381,0.4,16.7,76,764.8,0.8
CHG_GLF_04,2023-08-18 15:00:00+00:00,0.0,0.0,0.381,0.4,16.9,73,765.4,2.2
CHG_GLF_04,2023-08-18 16:00:00+00:00,0.0,0.0,0.381,0.4,16.6,72,766.0,1.9
CHG_GLF_04,2023-08-18 17:00:00+00:00,0.1,0.1,0.381,0.399,15.6,81,765.7,3.2
CHG_GLF_04,2023-08-18 18:00:00+00:00,0.1,0.1,0.382,0.399,15.3,76,764.9,2.5
CHG_GLF_04,2023-08-18 19:00:00+00:00,0.0,0.0,0.382,0.399,16.5,65,765.5,1.9
CHG_GLF_04,2023-08-18 20:00:00+00:00,0.0,0.0,0.382,0.398,15.3,71,765.6,2.1
CHG_GLF_04,2023-08-18 21:00:00+00:00,0.0,0.0,0.383,0.398,14.5,75,764.0,3.6
CHG_GLF_04,2023-08-18 22:00:00+00:00,0.0,0.0,0.383,0.398,16.4,64,765.1,0.4
CHG_GLF_04,2023-08-18 23:00:00+00:00,0.0,0.0,0.383,0.397,14.7,72,763.4,4.4
CHG_GLF_04,2023-08-19 00:00:00+00:00,0.0,0.0,0.396,0.401,16.5,71,765.3,2.9
CHG_GLF_04,2023-08-19 01:00:00+00:00,0.0,0.0,0.396,0.401,16.2,76,765.4,2.5
CHG_GLF_04,2023-08-19 02:00:00+00:00,0.0,0.0,0.395,0.401,16.1,82,766.1,2.5
CHG_GLF_04,2023-08-19 03:00:00+00:00,0.0,0.0,0.394,0.4,17.6,76,766.7,1.9
CHG_GLF_04,2023-08-19 04:00:00+00:00,0.2,0.2,0.393,0.4,18.1,78,767.3,3.6
CHG_GLF_04,2023-08-19 05:00:00+00:00,0.0,0.0,0.391,0.399,18.5,79,767.4,3.6
CHG_GLF_04,2023-08-19 06:00:00+00:00,0.0,0.0,0.389,0.399,18.6,77,767.2,4.0
CHG_GLF_04,2023-08-19 07:00:00+00:00,0.0,0.0,0.387,0.398,17.7,83,766.3,2.6
CHG_GLF_04,2023-08-19 08:00:00+00:00,0.0,0.0,0.385,0.397,18.7,78,765.6,5.2
CHG_GLF_04,2023-08-19 09:00:00+00:00,0.0,0.0,0.384,0.397,18.6,75,765.2,2.9
CHG_GLF_04,2023-08-19 10:00:00+00:00,0.0,0.0,0.382,0.396,18.6,73,764.8,3.4
CHG_GLF_04,2023-08-19 11:00:00+00:00,0.0,0.0,0.382,0.396,17.4,79,764.1,2.6
CHG_GLF_04,2023-08-19 12:00:00+00:00,0.0,0.0,0.378,0.394,16.2,91,764.8,2.1
CHG_GLF_04,2023-08-19 13:00:00+00:00,0.0,0.0,0.378,0.393,15.2,97,764.0,3.3
CHG_GLF_04,2023-08-19 14:00:00+00:00,0.0,0.0,0.378,0.393,15.4,97,764.8,2.6
CHG_GLF_04,2023-08-19 15:00:00+00:00,0.1,0.1,0.379,0.393,15.5,97,765.3,1.5
CHG_GLF_04,2023-08-19 16:00:00+00:00,0.2,0.2,0.38,0.393,15.4,97,765.5,1.8
CHG_GLF_04,2023-08-19 17:00:00+00:00,0.4,0.4,0.382,0.392,15.5,96,765.7,1.9
CHG_GLF_04,2023-08-19 18:00:00+00:00,0.3,0.3,0.383,0.392,15.2,97,765.3,1.6
CHG_GLF_04,2023-08-19 19:00:00+00:00,0.3,0.3,0.385,0.392,15.5,93,765.0,2.0
CHG_GLF_04,2023-08-19 20:00:00+00:00,0.5,0.5,0.389,0.392,15.6,91,764.7,2.1
CHG_GLF_04,2023-08-19 21:00:00+00:00,0.9,0.9,0.397,0.392,15.9,87,764.8,3.3
CHG_GLF_04,2023-08-19 22:00:00+00:00,0.9,0.9,0.403,0.392,15.9,86,764.5,1.4
CHG_GLF_04,2023-08-19 23:00:00+00:00,0.3,0.3,0.404,0.393,15.5,89,764.6,1.1
CHG_GLF_04,2023-08-20 00:00:00+00:00,0.2,0.2,0.416,0.397,15.8,94,765.1,1.8
CHG_GLF_04,2023-08-20 01:00:00+00:00,0.1,0.1,0.414,0.398,15.5,99,765.2,0.7
CHG_GLF_04,2023-08-20 02:00:00+00:00,0.1,0.1,0.412,0.399,16.2,96,766.2,2.5
CHG_GLF_04,2023-08-20 03:00:00+00:00,0.2,0.2,0.41,0.399,16.5,97,766.5,1.8
CHG_GLF_04,2023-08-20 04:00:00+00:00,0.2,0.2,0.409,0.399,17.5,93,767.2,4.1
CHG_GLF_04,2023-08-20 05:00:00+00:00,0.2,0.2,0.407,0.4,17.9,90,767.0,5.9
CHG_GLF_04,2023-08-20 06:00:00+00:00,0.3,0.3,0.406,0.399,18.7,85,767.0,5.2
CHG_GLF_04,2023-08-20 07:00:00+00:00,0.9,0.9,0.407,0.399,17.7,89,766.0,6.6
CHG_GLF_04,2023-08-20 08:00:00+00:00,0.4,0.4,0.407,0.399,16.9,94,764.7,3.7
CHG_GLF_04,2023-08-20 09:00:00+00:00,0.2,0.2,0.406,0.4,17.4,90,764.1,3.4
CHG_GLF_04,2023-08-20 10:00:00+00:00,0.0,0.0,0.404,0.4,16.1,95,763.0,2.2
CHG_GLF_04,2023-08-20 11:00:00+00:00,0.0,0.0,0.403,0.4,16.6,88,763.1,1.8
CHG_GLF_04,2023-08-20 12:00:00+00:00,0.0,0.0,0.403,0.401,15.9,96,763.7,1.5
CHG_GLF_04,2023-08-20 13:00:00+00:00,0.3,0.3,0.403,0.401,15.5,99,763.5,1.5
CHG_GLF_04,2023-08-20 14:00:00+00:00,0.2,0.2,0.403,0.401,15.9,92,764.0,1.1
CHG_GLF_04,2023-08-20 15:00:00+00:00,0.1,0.1,0.402,0.401,16.1,91,764.4,0.8
CHG_GLF_04,2023-08-20 16:00:00+00:00,0.1,0.1,0.401,0.401,15.4,95,764.3,2.3
CHG_GLF_04,2023-08-20 17:00:00+00:00,0.2,0.2,0.402,0.401,15.0,98,764.2,2.6
CHG_GLF_04,2023-08-20 18:00:00+00:00,0.8,0.8,0.407,0.401,15.0,99,764.1,2.3
CHG_GLF_04,2023-08-20 19:00:00+00:00,1.0,1.0,0.413,0.401,14.8,100,763.4,2.5
CHG_GLF_04,2023-08-20 20:00:00+00:00,0.5,0.5,0.415,0.402,14.9,100,763.1,2.1
CHG_GLF_04,2023-08-20 21:00:00+00:00,0.7,0.7,0.418,0.402,14.6,100,762.3,3.1
CHG_GLF_04,2023-08-20 22:00:00+00:00,0.9,0.9,0.421,0.403,14.7,100,762.5,1.6
CHG_GLF_04,2023-08-20 23:00:00+00:00,0.7,0.7,0.422,0.404,15.0,99,762.5,1.6
CHG_GLF_04,2023-08-21 00:00:00+00:00,0.5,0.5,0.422,0.407,15.0,100,762.8,3.4
CHG_GLF_04,2023-08-21 01:00:00+00:00,0.3,0.3,0.421,0.408,14.9,100,763.4,2.8
CHG_GLF_04,2023-08-21 02:00:00+00:00,0.3,0.3,0.419,0.408,15.6,99,764.4,1.9
CHG_GLF_04,2023-08-21 03:00:00+00:00,0.1,0.1,0.417,0.409,16.0,94,764.7,2.4
CHG_GLF_04,2023-08-21 04:00:00+00:00,0.1,0.1,0.415,0.409,16.2,90,765.3,3.6
CHG_GLF_04,2023-08-21 05:00:00+00:00,0.6,0.6,0.415,0.409,15.6,95,764.8,3.1
CHG_GLF_04,2023-08-21 06:00:00+00:00,0.6,0.6,0.416,0.409,15.3,98,764.4,2.8
CHG_GLF_04,2023-08-21 07:00:00+00:00,0.9,0.9,0.419,0.41,15.8,100,764.1,2.5
CHG_GLF_04,2023-08-21 08:00:00+00:00,0.4,0.4,0.418,0.41,16.1,95,763.3,0.8
CHG_GLF_04,2023-08-21 09:00:00+00:00,0.3,0.3,0.417,0.41,16.6,88,762.9,1.5
CHG_GLF_04,2023-08-21 10:00:00+00:00,0.2,0.2,0.415,0.41,17.3,85,762.6,3.1
CHG_GLF_04,2023-08-21 11:00:00+00:00,0.0,0.0,0.413,0.41,16.1,93,762.3,2.4
CHG_GLF_04,2023-08-21 12:00:00+00:00,0.0,0.0,0.421,0.419,15.9,96,763.0,1.1
CHG_GLF_04,2023-08-21 13:00:00+00:00,0.1,0.1,0.419,0.418,15.5,98,762.8,1.3
CHG_GLF_04,2023-08-21 14:00:00+00:00,0.3,0.3,0.418,0.418,15.7,96,763.5,1.0
CHG_GLF_04,2023-08-21 15:00:00+00:00,0.2,0.2,0.418,0.418,15.7,94,764.2,1.8
CHG_GLF_04,2023-08-21 16:00:00+00:00,0.2,0.2,0.417,0.418,15.7,96,764.3,1.3
CHG_GLF_04,2023-08-21 17:00:00+00:00,0.2,0.2,0.417,0.417,15.4,97,764.1,2.8
CHG_GLF_04,2023-08-21 18:00:00+00:00,0.3,0.3,0.417,0.417,15.2,98,764.0,1.9
CHG_GLF_04,2023-08-21 19:00:00+00:00,0.5,0.5,0.419,0.417,15.0,98,763.2,2.2
CHG_GLF_04,2023-08-21 20:00:00+00:00,0.4,0.4,0.419,0.417,14.9,98,762.6,1.0
CHG_GLF_04,2023-08-21 21:00:00+00:00,0.2,0.2,0.418,0.417,14.9,97,762.4,1.9
CHG_GLF_04,2023-08-21 22:00:00+00:00,0.1,0.1,0.417,0.417,14.8,97,762.3,1.9
CHG_GLF_04,2023-08-21 23:00:00+00:00,0.0,0.0,0.415,0.416,15.3,93,762.3,1.1
CHG_GLF_04,2023-08-22 00:00:00+00:00,0.1,0.1,0.414,0.416,15.0,99,762.0,1.3
CHG_GLF_04,2023-08-22 01:00:00+00:00,0.0,0.0,0.412,0.416,14.8,100,762.5,2.3
CHG_GLF_04,2023-08-22 02:00:00+00:00,0.1,0.1,0.411,0.416,15.2,94,763.4,2.5
CHG_GLF_04,2023-08-22 03:00:00+00:00,0.1,0.1,0.41,0.415,15.3,94,763.6,2.7
CHG_GLF_04,2023-08-22 04:00:00+00:00,0.1,0.1,0.409,0.415,16.1,89,764.5,4.4
CHG_GLF_04,2023-08-22 05:00:00+00:00,0.1,0.1,0.408,0.415,15.2,94,763.8,1.8
CHG_GLF_04,2023-08-22 06:00:00+00:00,0.3,0.3,0.408,0.414,16.0,89,763.7,1.0
CHG_GLF_04,2023-08-22 07:00:00+00:00,1.1,1.1,0.412,0.414,16.1,88,763.3,4.4
CHG_GLF_04,2023-08-22 08:00:00+00:00,1.0,1.0,0.415,0.413,15.6,97,762.0,1.8
CHG_GLF_04,2023-08-22 09:00:00+00:00,0.3,0.3,0.414,0.413,15.7,94,761.9,1.8
CHG_GLF_04,2023-08-22 10:00:00+00:00,0.0,0.0,0.413,0.413,15.6,93,761.5,2.2
CHG_GLF_04,2023-08-22 11:00:00+00:00,0.0,0.0,0.411,0.413,15.8,92,761.5,1.5
CHG_GLF_04,2023-08-22 12:00:00+00:00,0.0,0.0,0.405,0.411,15.3,95,762.4,2.7
CHG_GLF_04,2023-08-22 13:00:00+00:00,1.0,1.0,0.411,0.411,14.7,100,762.5,1.0
CHG_GLF_04,2023-08-22 14:00:00+00:00,1.2,1.2,0.418,0.411,14.9,98,763.3,1.1
CHG_GLF_04,2023-08-22 15:00:00+00:00,0.5,0.5,0.419,0.411,15.0,97,763.7,1.0
CHG_GLF_04,2023-08-22 16:00:00+00:00,0.1,0.1,0.417,0.412,15.2,95,764.0,1.0
CHG_GLF_04,2023-08-22 17:00:00+00:00,0.1,0.1,0.416,0.412,15.0,96,763.9,1.8
CHG_GLF_04,2023-08-22 18:00:00+00:00,0.4,0.4,0.417,0.412,14.6,97,763.7,1.8
CHG_GLF_04,2023-08-22 19:00:00+00:00,0.3,0.3,0.417,0.412,14.4,98,762.6,0.8
CHG_GLF_04,2023-08-22 20:00:00+00:00,0.1,0.1,0.415,0.412,14.6,96,762.4,0.8
CHG_GLF_04,2023-08-22 21:00:00+00:00,0.0,0.0,0.413,0.412,15.0,92,761.9,1.8
CHG_GLF_04,2023-08-22 22:00:00+00:00,0.0,0.0,0.412,0.412,15.0,91,761.6,2.4
CHG_GLF_04,2023-08-22 23:00:00+00:00,0.0,0.0,0.411,0.412,14.9,91,761.6,1.8
CHG_GLF_04,2023-08-23 00:00:00+00:00,0.0,0.0,0.417,0.41,14.2,98,761.8,0.5
CHG_GLF_04,2023-08-23 01:00:00+00:00,1.2,1.2,0.423,0.411,14.1,97,761.7,2.9
CHG_GLF_04,2023-08-23 02:00:00+00:00,1.2,1.2,0.428,0.411,14.9,86,763.0,1.1
CHG_GLF_04,2023-08-23 03:00:00+00:00,1.4,1.4,0.43,0.413,14.8,97,763.1,1.8
CHG_GLF_04,2023-08-23 04:00:00+00:00,1.2,1.2,0.43,0.415,14.8,98,763.3,1.1
CHG_GLF_04,2023-08-23 05:00:00+00:00,0.7,0.7,0.427,0.417,15.0,95,763.1,0.0
CHG_GLF_04,2023-08-23 06:00:00+00:00,0.4,0.4,0.424,0.417,16.0,92,763.1,1.8
CHG_GLF_04,2023-08-23 07:00:00+00:00,0.1,0.1,0.421,0.417,15.8,91,762.5,1.3
CHG_GLF_04,2023-08-23 08:00:00+00:00,0.2,0.2,0.419,0.417,16.4,87,761.8,1.9
CHG_GLF_04,2023-08-23 09:00:00+00:00,0.3,0.3,0.418,0.417,16.3,85,760.5,1.5
CHG_GLF_04,2023-08-23 10:00:00+00:00,0.1,0.1,0.416,0.417,16.7,85,760.0,1.9
CHG_GLF_04,2023-08-23 11:00:00+00:00,0.0,0.0,0.414,0.416,16.3,91,759.8,2.0
CHG_GLF_04,2023-08-23 12:00:00+00:00,0.0,0.0,0.403,0.409,16.2,90,760.2,1.8
CHG_GLF_04,2023-08-23 13:00:00+00:00,0.2,0.2,0.402,0.408,15.4,92,760.9,3.2
CHG_GLF_04,2023-08-23 14:00:00+00:00,0.2,0.2,0.402,0.408,15.1,95,761.4,1.4
CHG_GLF_04,2023-08-23 15:00:00+00:00,0.7,0.7,0.405,0.408,14.4,97,761.3,2.1
CHG_GLF_04,2023-08-23 16:00:00+00:00,1.2,1.2,0.413,0.408,14.8,96,761.6,1.8
CHG_GLF_04,2023-08-23 17:00:00+00:00,1.2,1.2,0.42,0.408,14.6,98,761.4,1.5
CHG_GLF_04,2023-08-23 18:00:00+00:00,1.1,1.1,0.424,0.409,14.4,98,760.8,1.3
CHG_GLF_04,2023-08-23 19:00:00+00:00,0.8,0.8,0.425,0.41,13.8,98,759.8,1.8
CHG_GLF_04,2023-08-23 20:00:00+00:00,0.6,0.6,0.425,0.412,14.7,94,759.7,1.6
CHG_GLF_04,2023-08-23 21:00:00+00:00,0.5,0.5,0.424,0.413,14.7,93,759.4,2.4
CHG_GLF_04,2023-08-23 22:00:00+00:00,0.7,0.7,0.425,0.413,14.6,94,759.3,2.5
CHG_GLF_04,2023-08-23 23:00:00+00:00,0.9,0.9,0.426,0.414,14.7,92,759.5,1.9
CHG_GLF_04,2023-08-24 00:00:00+00:00,0.7,0.7,0.438,0.436,15.3,90,759.6,2.3
CHG_GLF_04,2023-08-24 01:00:00+00:00,6.4,6.4,0.434,0.438,14.3,96,759.8,2.7
CHG_GLF_04,2023-08-24 02:00:00+00:00,3.9,3.9,0.437,0.437,14.8,97,760.7,1.8
CHG_GLF_04,2023-08-24 03:00:00+00:00,2.7,2.7,0.438,0.437,14.9,99,760.8,1.6
CHG_GLF_04,2023-08-24 04:00:00+00:00,4.4,4.4,0.439,0.437,15.0,99,761.3,2.8
CHG_GLF_04,2023-08-24 05:00:00+00:00,4.6,4.6,0.438,0.438,14.9,98,761.2,1.3
CHG_GLF_04,2023-08-24 06:00:00+00:00,4.6,4.6,0.432,0.438,15.1,97,760.8,1.1
CHG_GLF_04,2023-08-24 07:00:00+00:00,2.2,2.2,0.435,0.436,15.6,97,760.4,1.6
CHG_GLF_04,2023-08-24 08:00:00+00:00,0.8,0.8,0.432,0.435,15.3,98,759.6,1.8
CHG_GLF_04,2023-08-24 09:00:00+00:00,0.5,0.5,0.428,0.434,16.3,91,759.4,2.6
CHG_GLF_04,2023-08-24 10:00:00+00:00,0.2,0.2,0.425,0.432,15.9,93,759.1,2.7
CHG_GLF_04,2023-08-24 11:00:00+00:00,0.0,0.0,0.421,0.431,16.1,91,759.5,2.1
CHG_GLF_04,2023-08-24 12:00:00+00:00,0.2,0.2,0.426,0.43,15.1,99,759.1,0.8
CHG_GLF_04,2023-08-24 13:00:00+00:00,4.3,4.3,0.438,0.433,15.1,96,759.7,1.9
CHG_GLF_04,2023-08-24 14:00:00+00:00,5.9,5.9,0.438,0.438,15.6,92,760.7,1.0
CHG_GLF_04,2023-08-24 15:00:00+00:00,5.4,5.4,0.434,0.438,15.5,91,760.9,1.4
CHG_GLF_04,2023-08-24 16:00:00+00:00,5.4,5.4,0.436,0.439,14.6,93,760.3,3.3
CHG_GLF_04,2023-08-24 17:00:00+00:00,4.8,4.8,0.436,0.438,15.4,86,761.1,1.5
CHG_GLF_04,2023-08-24 18:00:00+00:00,5.0,5.0,0.439,0.438,16.0,80,761.0,3.1
CHG_GLF_04,2023-08-24 19:00:00+00:00,3.5,3.5,0.437,0.437,14.5,89,759.3,4.7
CHG_GLF_04,2023-08-24 20:00:00+00:00,2.6,2.6,0.438,0.437,14.5,85,758.4,4.7
CHG_GLF_04,2023-08-24 21:00:00+00:00,1.6,1.6,0.436,0.437,14.7,81,758.0,4.6
CHG_GLF_04,2023-08-24 22:00:00+00:00,0.9,0.9,0.432,0.436,15.9,70,759.3,3.4
CHG_GLF_04,2023-08-24 23:00:00+00:00,0.8,0.8,0.43,0.435,15.1,76,759.1,0.4
CHG_GLF_04,2023-08-25 00:00:00+00:00,1.2,1.2,0.433,0.436,15.7,78,759.6,0.7
CHG_GLF_04,2023-08-25 01:00:00+00:00,0.4,0.4,0.429,0.435,15.5,82,760.2,1.8
CHG_GLF_04,2023-08-25 02:00:00+00:00,0.4,0.4,0.427,0.434,15.1,95,760.4,0.5
CHG_GLF_04,2023-08-25 03:00:00+00:00,0.7,0.7,0.426,0.433,15.9,95,761.0,0.8
CHG_GLF_04,2023-08-25 04:00:00+00:00,0.4,0.4,0.424,0.432,16.0,95,761.7,1.6
CHG_GLF_04,2023-08-25 05:00:00+00:00,0.1,0.1,0.421,0.431,15.4,90,761.3,2.2
CHG_GLF_04,2023-08-25 06:00:00+00:00,0.0,0.0,0.419,0.43,15.7,89,760.9,1.0
CHG_GLF_04,2023-08-25 07:00:00+00:00,0.1,0.1,0.417,0.429,16.0,83,760.6,1.4
CHG_GLF_04,2023-08-25 08:00:00+00:00,0.3,0.3,0.416,0.429,16.0,82,760.0,1.3
CHG_GLF_04,2023-08-25 09:00:00+00:00,0.5,0.5,0.416,0.428,16.0,83,759.4,0.5
CHG_GLF_04,2023-08-25 10:00:00+00:00,0.4,0.4,0.415,0.427,15.8,83,759.3,3.0
CHG_GLF_04,2023-08-25 11:00:00+00:00,0.2,0.2,0.414,0.426,16.4,77,759.4,2.3
CHG_GLF_04,2023-08-25 12:00:00+00:00,0.0,0.0,0.414,0.427,15.0,90,760.0,1.9
CHG_GLF_04,2023-08-25 13:00:00+00:00,0.0,0.0,0.412,0.426,16.0,79,760.7,2.9
CHG_GLF_04,2023-08-25 14:00:00+00:00,0.0,0.0,0.411,0.425,16.0,78,761.3,2.6
CHG_GLF_04,2023-08-25 15:00:00+00:00,0.5,0.5,0.412,0.424,15.8,80,761.6,1.5
CHG_GLF_04,2023-08-25 16:00:00+00:00,0.2,0.2,0.411,0.424,16.0,79,761.9,1.5
CHG_GLF_04,2023-08-25 17:00:00+00:00,0.1,0.1,0.411,0.423,15.9,78,761.6,1.5
CHG_GLF_04,2023-08-25 18:00:00+00:00,0.0,0.0,0.41,0.422,15.4,82,761.2,1.1
CHG_GLF_04,2023-08-25 19:00:00+00:00,0.0,0.0,0.409,0.421,15.1,83,760.4,1.4
CHG_GLF_04,2023-08-25 20:00:00+00:00,0.0,0.0,0.408,0.421,15.1,83,759.8,1.8
CHG_GLF_04,2023-08-25 21:00:00+00:00,0.0,0.0,0.407,0.42,14.4,84,758.8,3.2
CHG_GLF_04,2023-08-25 22:00:00+00:00,0.0,0.0,0.406,0.419,15.6,74,759.4,2.6
CHG_GLF_04,2023-08-25 23:00:00+00:00,0.0,0.0,0.405,0.418,15.2,75,759.5,1.9
CHG_GLF_04,2023-08-26 00:00:00+00:00,0.0,0.0,0.405,0.418,14.8,88,759.8,0.5
CHG_GLF_04,2023-08-26 01:00:00+00:00,0.2,0.2,0.405,0.417,14.8,88,760.0,0.8
CHG_GLF_04,2023-08-26 02:00:00+00:00,0.2,0.2,0.406,0.416,14.9,96,760.2,1.5
CHG_GLF_04,2023-08-26 03:00:00+00:00,0.2,0.2,0.405,0.415,15.1,92,761.4,2.7
CHG_GLF_04,2023-08-26 04:00:00+00:00,0.2,0.2,0.405,0.415,15.8,86,761.6,3.1
CHG_GLF_04,2023-08-26 05:00:00+00:00,0.1,0.1,0.404,0.414,16.5,79,761.7,1.8
CHG_GLF_04,2023-08-26 06:00:00+00:00,0.1,0.1,0.403,0.413,16.3,80,761.1,1.0
CHG_GLF_04,2023-08-26 07:00:00+00:00,0.0,0.0,0.401,0.412,16.6,77,760.6,1.9
CHG_GLF_04,2023-08-26 08:00:00+00:00,0.0,0.0,0.4,0.411,16.3,79,759.8,1.1
CHG_GLF_04,2023-08-26 09:00:00+00:00,0.1,0.1,0.399,0.41,17.3,73,759.4,0.4
CHG_GLF_04,2023-08-26 10:00:00+00:00,0.1,0.1,0.398,0.409,17.8,73,759.0,1.0
CHG_GLF_04,2023-08-26 11:00:00+00:00,0.0,0.0,0.396,0.408,17.6,76,759.0,3.4
CHG_GLF_04,2023-08-26 12:00:00+00:00,0.0,0.0,0.403,0.409,16.2,84,759.8,3.4
CHG_GLF_04,2023-08-26 13:00:00+00:00,0.0,0.0,0.402,0.408,16.2,82,760.5,1.9
CHG_GLF_04,2023-08-26 14:00:00+00:00,0.0,0.0,0.401,0.408,15.8,86,760.8,1.3
CHG_GLF_04,2023-08-26 15:00:00+00:00,0.0,0.0,0.4,0.407,15.8,86,761.3,1.5
CHG_GLF_04,2023-08-26 16:00:00+00:00,0.0,0.0,0.4,0.407,15.4,89,761.2,1.6
CHG_GLF_04,2023-08-26 17:00:00+00:00,0.0,0.0,0.399,0.406,15.2,90,760.9,1.3
CHG_GLF_04,2023-08-26 18:00:00+00:00,0.1,0.1,0.399,0.406,15.1,89,760.6,3.1
CHG_GLF_04,2023-08-26 19:00:00+00:00,0.0,0.0,0.398,0.405,15.2,84,760.0,2.3
CHG_GLF_04,2023-08-26 20:00:00+00:00,0.0,0.0,0.398,0.405,15.2,81,759.5,1.5
CHG_GLF_04,2023-08-26 21:00:00+00:00,0.0,0.0,0.397,0.404,15.3,79,759.2,2.6
CHG_GLF_04,2023-08-26 22:00:00+00:00,0.0,0.0,0.396,0.404,15.5,75,759.1,1.8
CHG_GLF_04,2023-08-26 23:00:00+00:00,0.0,0.0,0.396,0.403,15.8,73,759.1,1.8
CHG_GLF_04,2023-08-27 00:00:00+00:00,0.0,0.0,0.413,0.412,15.2,82,758.9,2.4
CHG_GLF_04,2023-08-27 01:00:00+00:00,0.0,0.0,0.412,0.412,15.9,81,759.6,0.5
CHG_GLF_04,2023-08-27 02:00:00+00:00,0.0,0.0,0.41,0.411,16.2,87,760.6,2.9
CHG_GLF_04,2023-08-27 03:00:00+00:00,0.0,0.0,0.408,0.411,16.3,87,761.3,3.1
CHG_GLF_04,2023-08-27 04:00:00+00:00,0.0,0.0,0.406,0.41,16.7,85,761.4,1.6
CHG_GLF_04,2023-08-27 05:00:00+00:00,0.0,0.0,0.404,0.409,18.3,76,761.6,3.3
CHG_GLF_04,2023-08-27 06:00:00+00:00,0.0,0.0,0.401,0.408,19.0,73,761.4,3.7
CHG_GLF_04,2023-08-27 07:00:00+00:00,0.0,0.0,0.398,0.407,19.7,71,760.8,5.8
CHG_GLF_04,2023-08-27 08:00:00+00:00,0.2,0.2,0.397,0.406,18.1,82,759.9,4.4
CHG_GLF_04,2023-08-27 09:00:00+00:00,1.7,1.7,0.404,0.406,16.1,97,758.2,3.2
CHG_GLF_04,2023-08-27 10:00:00+00:00,2.3,2.3,0.418,0.406,15.5,99,758.2,1.5
CHG_GLF_04,2023-08-27 11:00:00+00:00,0.4,0.4,0.416,0.406,15.6,99,758.1,2.3
CHG_GLF_04,2023-08-27 12:00:00+00:00,0.5,0.5,0.419,0.405,16.4,90,758.4,1.6
CHG_GLF_04,2023-08-27 13:00:00+00:00,0.5,0.5,0.419,0.405,16.1,91,758.9,3.2
CHG_GLF_04,2023-08-27 14:00:00+00:00,0.4,0.4,0.419,0.406,16.6,87,758.8,2.3
CHG_GLF_04,2023-08-27 15:00:00+00:00,0.0,0.0,0.416,0.406,16.4,89,759.5,5.2
CHG_GLF_04,2023-08-27 16:00:00+00:00,0.1,0.1,0.414,0.406,13.5,97,758.8,4.4
CHG_GLF_04,2023-08-27 17:00:00+00:00,0.1,0.1,0.413,0.407,14.4,92,759.3,4.7
CHG_GLF_04,2023-08-27 18:00:00+00:00,0.1,0.1,0.412,0.407,16.3,78,760.3,2.1
CHG_GLF_04,2023-08-27 19:00:00+00:00,0.2,0.2,0.411,0.406,15.6,83,759.7,4.4
CHG_GLF_04,2023-08-27 20:00:00+00:00,0.5,0.5,0.412,0.406,13.7,92,757.7,4.8
CHG_GLF_04,2023-08-27 21:00:00+00:00,1.1,1.1,0.418,0.407,15.3,78,758.7,2.5
CHG_GLF_04,2023-08-27 22:00:00+00:00,1.0,1.0,0.421,0.407,13.3,90,757.5,4.9
CHG_GLF_04,2023-08-27 23:00:00+00:00,0.4,0.4,0.42,0.408,13.5,85,757.7,3.9
CHG_GLF_04,2023-08-28 00:00:00+00:00,0.1,0.1,0.427,0.411,14.8,87,758.4,3.8
CHG_GLF_04,2023-08-28 01:00:00+00:00,0.0,0.0,0.422,0.412,14.5,93,758.8,3.7
CHG_GLF_04,2023-08-28 02:00:00+00:00,0.0,0.0,0.419,0.412,15.9,86,760.4,3.1
CHG_GLF_04,2023-08-28 03:00:00+00:00,0.4,0.4,0.418,0.412,15.6,84,761.3,3.5
CHG_GLF_04,2023-08-28 04:00:00+00:00,0.9,0.9,0.419,0.412,16.1,94,761.9,3.6
CHG_GLF_04,2023-08-28 05:00:00+00:00,0.2,0.2,0.417,0.412,16.6,81,762.2,4.0
CHG_GLF_04,2023-08-28 06:00:00+00:00,0.0,0.0,0.415,0.412,16.3,83,761.7,2.3
CHG_GLF_04,2023-08-28 07:00:00+00:00,0.2,0.2,0.413,0.412,17.3,77,762.0,3.1
CHG_GLF_04,2023-08-28 08:00:00+00:00,0.7,0.7,0.413,0.412,17.0,81,761.3,3.4
CHG_GLF_04,2023-08-28 09:00:00+00:00,0.3,0.3,0.412,0.411,17.0,83,760.5,4.3
CHG_GLF_04,2023-08-28 10:00:00+00:00,0.2,0.2,0.41,0.411,17.2,81,760.1,3.6
CHG_GLF_04,2023-08-28 11:00:00+00:00,0.2,0.2,0.409,0.41,16.5,85,759.8,3.1
CHG_GLF_04,2023-08-28 12:00:00+00:00,0.1,0.1,0.408,0.412,15.2,97,759.7,1.8
CHG_GLF_04,2023-08-28 13:00:00+00:00,0.2,0.2,0.408,0.411,14.9,92,760.0,1.4
CHG_GLF_04,2023-08-28 14:00:00+00:00,0.2,0.2,0.407,0.411,15.1,92,760.9,3.6
CHG_GLF_04,2023-08-28 15:00:00+00:00,0.4,0.4,0.408,0.411,14.6,94,761.6,2.8
CHG_GLF_04,2023-08-28 16:00:00+00:00,0.1,0.1,0.408,0.41,13.6,96,760.9,5.5
CHG_GLF_04,2023-08-28 17:00:00+00:00,0.0,0.0,0.406,0.41,15.3,81,761.8,1.4
CHG_GLF_04,2023-08-28 18:00:00+00:00,0.0,0.0,0.406,0.41,14.8,84,761.9,2.9
CHG_GLF_04,2023-08-28 19:00:00+00:00,0.7,0.7,0.41,0.409,13.4,93,760.5,2.9
CHG_GLF_04,2023-08-28 20:00:00+00:00,0.9,0.9,0.415,0.409,13.3,93,760.3,3.4
CHG_GLF_04,2023-08-28 21:00:00+00:00,1.4,1.4,0.422,0.41,14.7,76,761.1,2.3
CHG_GLF_04,2023-08-28 22:00:00+00:00,2.2,2.2,0.431,0.411,14.6,76,761.1,1.1
CHG_GLF_04,2023-08-28 23:00:00+00:00,2.3,2.3,0.435,0.414,14.4,77,761.2,2.3
CHG_GLF_04,2023-08-29 00:00:00+00:00,2.9,2.9,0.424,0.422,13.9,92,761.4,1.9
CHG_GLF_04,2023-08-29 01:00:00+00:00,0.1,0.1,0.422,0.422,13.7,97,761.5,2.4
CHG_GLF_04,2023-08-29 02:00:00+00:00,0.0,0.0,0.42,0.422,15.6,85,762.7,2.6
CHG_GLF_04,2023-08-29 03:00:00+00:00,0.0,0.0,0.417,0.422,16.0,86,763.9,3.2
CHG_GLF_04,2023-08-29 04:00:00+00:00,0.1,0.1,0.415,0.421,16.5,81,764.5,2.5
CHG_GLF_04,2023-08-29 05:00:00+00:00,0.1,0.1,0.413,0.421,16.9,80,764.5,2.5
CHG_GLF_04,2023-08-29 06:00:00+00:00,0.1,0.1,0.411,0.42,17.7,75,764.4,3.2
CHG_GLF_04,2023-08-29 07:00:00+00:00,0.2,0.2,0.41,0.419,17.6,78,763.8,4.5
CHG_GLF_04,2023-08-29 08:00:00+00:00,0.2,0.2,0.408,0.419,17.6,78,763.2,3.7
CHG_GLF_04,2023-08-29 09:00:00+00:00,0.1,0.1,0.406,0.418,17.9,75,762.4,2.9
CHG_GLF_04,2023-08-29 10:00:00+00:00,0.0,0.0,0.405,0.417,17.7,78,761.6,3.7
CHG_GLF_04,2023-08-29 11:00:00+00:00,0.1,0.1,0.403,0.417,16.8,85,761.5,3.6
CHG_GLF_04,2023-08-29 12:00:00+00:00,0.0,0.0,0.399,0.414,15.5,90,761.9,1.8
CHG_GLF_04,2023-08-29 13:00:00+00:00,0.0,0.0,0.399,0.413,14.9,96,762.2,1.3
CHG_GLF_04,2023-08-29 14:00:00+00:00,0.0,0.0,0.398,0.413,15.0,96,762.5,0.0
CHG_GLF_04,2023-08-29 15:00:00+00:00,0.0,0.0,0.398,0.412,15.0,95,763.2,0.0
CHG_GLF_04,2023-08-29 16:00:00+00:00,0.0,0.0,0.398,0.412,14.7,97,763.7,1.1
CHG_GLF_04,2023-08-29 17:00:00+00:00,0.0,0.0,0.397,0.411,15.1,91,764.1,2.6
CHG_GLF_04,2023-08-29 18:00:00+00:00,0.0,0.0,0.397,0.411,15.0,89,764.1,1.8
CHG_GLF_04,2023-08-29 19:00:00+00:00,0.0,0.0,0.397,0.411,15.0,87,763.9,1.3
CHG_GLF_04,2023-08-29 20:00:00+00:00,0.0,0.0,0.396,0.41,15.1,85,763.3,1.5
CHG_GLF_04,2023-08-29 21:00:00+00:00,0.0,0.0,0.396,0.41,15.1,83,763.1,0.0
CHG_GLF_04,2023-08-29 22:00:00+00:00,0.0,0.0,0.396,0.409,13.7,87,761.5,4.4
CHG_GLF_04,2023-08-29 23:00:00+00:00,0.0,0.0,0.395,0.409,16.4,69,763.4,0.8
CHG_GLF_04,2023-08-30 00:00:00+00:00,0.0,0.0,0.4,0.41,15.5,82,763.7,2.3
CHG_GLF_04,2023-08-30 01:00:00+00:00,0.0,0.0,0.399,0.41,15.1,90,764.4,2.4
CHG_GLF_04,2023-08-30 02:00:00+00:00,0.0,0.0,0.398,0.409,15.6,89,764.9,1.6
CHG_GLF_04,2023-08-30 03:00:00+00:00,0.0,0.0,0.397,0.408,17.6,78,766.1,2.6
CHG_GLF_04,2023-08-30 04:00:00+00:00,0.0,0.0,0.395,0.408,18.4,72,767.0,4.1
CHG_GLF_04,2023-08-30 05:00:00+00:00,0.0,0.0,0.393,0.407,19.0,68,767.0,4.3
CHG_GLF_04,2023-08-30 06:00:00+00:00,0.0,0.0,0.39,0.406,19.7,64,766.9,4.5
CHG_GLF_04,2023-08-30 07:00:00+00:00,0.0,0.0,0.388,0.404,19.4,64,766.1,4.8
CHG_GLF_04,2023-08-30 08:00:00+00:00,0.0,0.0,0.386,0.403,18.8,68,765.3,4.6
CHG_GLF_04,2023-08-30 09:00:00+00:00,0.0,0.0,0.384,0.402,19.1,68,764.4,3.9
CHG_GLF_04,2023-08-30 10:00:00+00:00,0.0,0.0,0.383,0.402,18.5,75,763.6,5.2
CHG_GLF_04,2023-08-30 11:00:00+00:00,0.0,0.0,0.382,0.401,17.5,82,763.3,3.8
CHG_GLF_04,2023-08-30 12:00:00+00:00,0.0,0.0,0.384,0.401,16.1,89,763.6,2.6
CHG_GLF_04,2023-08-30 13:00:00+00:00,0.0,0.0,0.384,0.4,15.4,96,763.5,2.5
CHG_GLF_04,2023-08-30 14:00:00+00:00,0.0,0.0,0.384,0.4,14.9,99,764.2,2.7
CHG_GLF_04,2023-08-30 15:00:00+00:00,0.0,0.0,0.384,0.399,13.5,98,763.7,2.3
CHG_GLF_04,2023-08-30 16:00:00+00:00,0.0,0.0,0.384,0.399,13.2,96,763.9,1.6
CHG_GLF_04,2023-08-30 17:00:00+00:00,0.0,0.0,0.384,0.399,12.9,93,763.4,3.4
CHG_GLF_04,2023-08-30 18:00:00+00:00,0.0,0.0,0.384,0.398,13.5,89,763.2,2.1
CHG_GLF_04,2023-08-30 19:00:00+00:00,0.0,0.0,0.384,0.398,14.2,83,763.0,2.1
CHG_GLF_04,2023-08-30 20:00:00+00:00,0.0,0.0,0.383,0.397,16.3,74,764.4,1.1
CHG_GLF_04,2023-08-30 21:00:00+00:00,0.0,0.0,0.383,0.397,15.6,80,764.0,0.8
CHG_GLF_04,2023-08-30 22:00:00+00:00,0.0,0.0,0.383,0.397,15.4,82,763.9,0.5
CHG_GLF_04,2023-08-30 23:00:00+00:00,0.1,0.1,0.383,0.396,13.6,87,763.1,2.6
CHG_GLF_04,2023-08-31 00:00:00+00:00,0.2,0.2,0.387,0.397,16.0,87,765.2,0.8
CHG_GLF_04,2023-08-31 01:00:00+00:00,0.0,0.0,0.387,0.397,15.1,95,765.2,3.1
CHG_GLF_04,2023-08-31 02:00:00+00:00,0.0,0.0,0.386,0.396,15.5,94,766.2,2.4
CHG_GLF_04,2023-08-31 03:00:00+00:00,0.1,0.1,0.386,0.396,16.2,90,766.9,3.6
CHG_GLF_04,2023-08-31 04:00:00+00:00,0.0,0.0,0.385,0.395,16.9,84,767.5,4.5
CHG_GLF_04,2023-08-31 05:00:00+00:00,0.0,0.0,0.384,0.395,17.6,79,767.4,5.2
CHG_GLF_04,2023-08-31 06:00:00+00:00,0.0,0.0,0.382,0.394,16.7,81,766.9,4.1
CHG_GLF_04,2023-08-31 07:00:00+00:00,0.1,0.1,0.381,0.393,17.6,74,766.5,3.6
CHG_GLF_04,2023-08-31 08:00:00+00:00,0.1,0.1,0.38,0.392,17.4,76,765.7,2.4
CHG_GLF_04,2023-08-31 09:00:00+00:00,0.0,0.0,0.379,0.392,17.9,71,764.8,2.3
CHG_GLF_04,2023-08-31 10:00:00+00:00,0.0,0.0,0.378,0.391,17.5,74,764.2,2.9
CHG_GLF_04,2023-08-31 11:00:00+00:00,0.0,0.0,0.377,0.391,17.3,73,764.0,2.3
CHG_GLF_04,2023-08-31 12:00:00+00:00,0.0,0.0,0.383,0.392,16.2,87,764.1,2.2
CHG_GLF_04,2023-08-31 13:00:00+00:00,0.0,0.0,0.383,0.391,16.1,87,764.2,2.5
CHG_GLF_04,2023-08-31 14:00:00+00:00,0.0,0.0,0.382,0.391,15.9,91,765.2,2.3
CHG_GLF_04,2023-08-31 15:00:00+00:00,0.0,0.0,0.382,0.391,15.7,95,765.3,1.6
CHG_GLF_04,2023-08-31 16:00:00+00:00,0.0,0.0,0.382,0.391,15.5,96,765.5,1.6
CHG_GLF_04,2023-08-31 17:00:00+00:00,0.0,0.0,0.382,0.39,14.5,94,764.2,1.5
CHG_GLF_04,2023-08-31 18:00:00+00:00,0.0,0.0,0.381,0.39,12.7,93,762.5,1.5
CHG_GLF_04,2023-08-31 19:00:00+00:00,0.0,0.0,0.381,0.39,11.0,95,761.4,0.8
CHG_GLF_04,2023-08-31 20:00:00+00:00,0.0,0.0,0.381,0.39,10.9,92,760.7,1.9
CHG_GLF_04,2023-08-31 21:00:00+00:00,0.0,0.0,0.381,0.389,10.2,91,759.6,1.9
CHG_GLF_04,2023-08-31 22:00:00+00:00,0.0,0.0,0.381,0.389,10.0,89,759.8,1.3
CHG_GLF_04,2023-08-31 23:00:00+00:00,0.0,0.0,0.38,0.389,10.0,86,759.9,1.6
