station_id,datetime_utc,precipitation,rain,soil_moisture_0_to_7cm,soil_moisture_7_to_28cm,temperature_2m,relative_humidity_2m,surface_pressure,wind_speed_10m
ITN_SNG_01,2023-05-01 00:00:00+00:00,0.1,0.1,0.426,0.436,20.0,94,975.8,1.8
ITN_SNG_01,2023-05-01 01:00:00+00:00,0.3,0.3,0.425,0.434,21.2,91,977.0,3.8
ITN_SNG_01,2023-05-01 02:00:00+00:00,0.3,0.3,0.424,0.433,21.0,90,977.7,3.1
ITN_SNG_01,2023-05-01 03:00:00+00:00,0.2,0.2,0.422,0.431,22.6,82,978.0,4.3
ITN_SNG_01,2023-05-01 04:00:00+00:00,0.1,0.1,0.42,0.429,24.3,79,977.9,5.6
ITN_SNG_01,2023-05-01 05:00:00+00:00,0.2,0.2,0.417,0.427,24.8,79,977.2,7.7
ITN_SNG_01,2023-05-01 06:00:00+00:00,0.2,0.2,0.416,0.425,24.0,82,976.4,2.6
ITN_SNG_01,2023-05-01 07:00:00+00:00,0.2,0.2,0.415,0.423,24.9,79,975.3,4.0
ITN_SNG_01,2023-05-01 08:00:00+00:00,0.2,0.2,0.413,0.421,25.8,74,974.2,4.7
ITN_SNG_01,2023-05-01 09:00:00+00:00,0.4,0.4,0.414,0.419,25.7,75,973.7,8.0
ITN_SNG_01,2023-05-01 10:00:00+00:00,0.2,0.2,0.413,0.418,25.5,76,973.3,4.3
ITN_SNG_01,2023-05-01 11:00:00+00:00,0.1,0.1,0.412,0.416,24.7,81,973.8,3.1
ITN_SNG_01,2023-05-01 12:00:00+00:00,2.0,2.0,0.432,0.436,22.1,87,974.8,8.6
ITN_SNG_01,2023-05-01 13:00:00+00:00,2.9,2.9,0.43,0.438,20.7,92,975.5,8.3
ITN_SNG_01,2023-05-01 14:00:00+00:00,0.1,0.1,0.426,0.436,20.8,93,976.6,6.0
ITN_SNG_01,2023-05-01 15:00:00+00:00,7.3,7.3,0.431,0.438,20.3,98,977.9,6.5
ITN_SNG_01,2023-05-01 16:00:00+00:00,0.6,0.6,0.432,0.431,20.7,96,978.1,2.3
ITN_SNG_01,2023-05-01 17:00:00+00:00,0.8,0.8,0.435,0.429,20.6,96,978.0,6.7
ITN_SNG_01,2023-05-01 18:00:00+00:00,0.6,0.6,0.432,0.428,20.5,96,977.4,3.3
ITN_SNG_01,2023-05-01 19:00:00+00:00,0.1,0.1,0.429,0.427,20.3,97,976.8,1.8
ITN_SNG_01,2023-05-01 20:00:00+00:00,0.2,0.2,0.427,0.425,20.0,98,975.9,2.3
ITN_SNG_01,2023-05-01 21:00:00+00:00,0.4,0.4,0.428,0.423,19.5,99,975.7,3.6
ITN_SNG_01,2023-05-01 22:00:00+00:00,2.7,2.7,0.436,0.428,19.4,98,975.7,2.0
ITN_SNG_01,2023-05-01 23:00:00+00:00,0.4,0.4,0.433,0.428,19.3,98,976.1,2.9
ITN_SNG_01,2023-05-02 00:00:00+00:00,1.5,1.5,0.429,0.424,19.4,97,976.4,4.0
ITN_SNG_01,2023-05-02 01:00:00+00:00,0.1,0.1,0.426,0.423,20.2,94,977.1,1.5
ITN_SNG_01,2023-05-02 02:00:00+00:00,0.1,0.1,0.423,0.422,21.6,92,977.8,3.1
ITN_SNG_01,2023-05-02 03:00:00+00:00,0.4,0.4,0.423,0.421,23.0,88,978.4,1.5
ITN_SNG_01,2023-05-02 04:00:00+00:00,0.2,0.2,0.421,0.42,25.1,80,978.3,9.2
ITN_SNG_01,2023-05-02 05:00:00+00:00,2.2,2.2,0.429,0.422,24.2,84,977.8,8.2
ITN_SNG_01,2023-05-02 06:00:00+00:00,0.1,0.1,0.424,0.421,26.1,74,976.9,7.7
ITN_SNG_01,2023-05-02 07:00:00+00:00,0.0,0.0,0.42,0.42,26.8,69,975.5,8.7
ITN_SNG_01,2023-05-02 08:00:00+00:00,0.0,0.0,0.416,0.418,26.6,74,974.5,11.0
ITN_SNG_01,2023-05-02 09:00:00+00:00,0.1,0.1,0.414,0.417,26.3,74,973.5,9.9
ITN_SNG_01,2023-05-02 10:00:00+00:00,2.3,2.3,0.429,0.418,23.9,83,974.2,10.7
ITN_SNG_01,2023-05-02 11:00:00+00:00,0.0,0.0,0.424,0.418,24.9,77,974.2,4.2
ITN_SNG_01,2023-05-02 12:00:00+00:00,0.0,0.0,0.419,0.414,22.1,91,974.1,4.8
ITN_SNG_01,2023-05-02 13:00:00+00:00,1.7,1.7,0.434,0.415,20.6,97,975.2,4.1
ITN_SNG_01,2023-05-02 14:00:00+00:00,0.6,0.6,0.43,0.417,20.3,100,976.4,6.6
ITN_SNG_01,2023-05-02 15:00:00+00:00,5.4,5.4,0.432,0.428,19.9,96,977.2,5.8
ITN_SNG_01,2023-05-02 16:00:00+00:00,0.0,0.0,0.427,0.428,20.3,92,977.5,3.5
ITN_SNG_01,2023-05-02 17:00:00+00:00,0.0,0.0,0.424,0.427,20.1,94,977.8,3.4
ITN_SNG_01,2023-05-02 18:00:00+00:00,0.0,0.0,0.421,0.427,19.5,96,977.9,2.5
ITN_SNG_01,2023-05-02 19:00:00+00:00,0.0,0.0,0.419,0.426,19.3,97,977.7,3.8
ITN_SNG_01,2023-05-02 20:00:00+00:00,0.1,0.1,0.417,0.426,19.6,97,977.2,5.4
ITN_SNG_01,2023-05-02 21:00:00+00:00,0.2,0.2,0.418,0.425,19.5,97,977.0,6.2
ITN_SNG_01,2023-05-02 22:00:00+00:00,1.2,1.2,0.43,0.425,19.3,98,977.0,5.5
ITN_SNG_01,2023-05-02 23:00:00+00:00,0.7,0.7,0.434,0.425,19.1,98,977.3,2.3
ITN_SNG_01,2023-05-03 00:00:00+00:00,4.8,4.8,0.417,0.42,19.0,95,978.5,7.6
ITN_SNG_01,2023-05-03 01:00:00+00:00,5.2,5.2,0.439,0.427,19.7,95,979.4,7.1
ITN_SNG_01,2023-05-03 02:00:00+00:00,1.5,1.5,0.433,0.433,20.6,91,980.2,9.0
ITN_SNG_01,2023-05-03 03:00:00+00:00,0.1,0.1,0.428,0.432,22.0,87,980.4,8.0
ITN_SNG_01,2023-05-03 04:00:00+00:00,0.2,0.2,0.425,0.431,23.6,79,980.4,7.4
ITN_SNG_01,2023-05-03 05:00:00+00:00,0.0,0.0,0.421,0.43,24.0,78,979.9,6.1
ITN_SNG_01,2023-05-03 06:00:00+00:00,0.1,0.1,0.417,0.429,25.3,76,979.1,6.6
ITN_SNG_01,2023-05-03 07:00:00+00:00,0.0,0.0,0.415,0.428,24.8,77,977.5,10.1
ITN_SNG_01,2023-05-03 08:00:00+00:00,0.0,0.0,0.412,0.426,24.9,75,976.8,9.1
ITN_SNG_01,2023-05-03 09:00:00+00:00,0.1,0.1,0.411,0.425,24.5,75,975.6,11.1
ITN_SNG_01,2023-05-03 10:00:00+00:00,2.7,2.7,0.433,0.425,22.2,87,975.8,9.2
ITN_SNG_01,2023-05-03 11:00:00+00:00,0.6,0.6,0.433,0.426,22.7,85,975.6,3.3
ITN_SNG_01,2023-05-03 12:00:00+00:00,8.6,8.6,0.433,0.431,21.7,90,975.6,7.2
ITN_SNG_01,2023-05-03 13:00:00+00:00,5.4,5.4,0.434,0.438,20.7,94,976.1,10.5
ITN_SNG_01,2023-05-03 14:00:00+00:00,11.0,11.0,0.439,0.439,20.0,96,977.7,10.2
ITN_SNG_01,2023-05-03 15:00:00+00:00,1.2,1.2,0.428,0.437,20.1,94,977.9,5.2
ITN_SNG_01,2023-05-03 16:00:00+00:00,0.1,0.1,0.425,0.435,19.8,98,978.2,4.7
ITN_SNG_01,2023-05-03 17:00:00+00:00,8.7,8.7,0.439,0.439,19.2,100,978.5,2.5
ITN_SNG_01,2023-05-03 18:00:00+00:00,13.8,13.8,0.437,0.439,19.1,100,978.0,4.1
ITN_SNG_01,2023-05-03 19:00:00+00:00,4.4,4.4,0.436,0.438,19.2,98,977.5,3.8
ITN_SNG_01,2023-05-03 20:00:00+00:00,0.3,0.3,0.43,0.437,19.3,98,976.6,6.6
ITN_SNG_01,2023-05-03 21:00:00+00:00,1.0,1.0,0.437,0.436,19.2,97,976.2,5.4
ITN_SNG_01,2023-05-03 22:00:00+00:00,1.1,1.1,0.435,0.438,19.2,97,976.7,4.9
ITN_SNG_01,2023-05-03 23:00:00+00:00,0.4,0.4,0.431,0.437,19.4,96,977.0,4.0
ITN_SNG_01,2023-05-04 00:00:00+00:00,1.4,1.4,0.435,0.438,20.0,95,977.8,3.5
ITN_SNG_01,2023-05-04 01:00:00+00:00,6.7,6.7,0.437,0.439,20.8,94,978.5,3.5
ITN_SNG_01,2023-05-04 02:00:00+00:00,3.4,3.4,0.434,0.438,20.7,94,979.5,4.5
ITN_SNG_01,2023-05-04 03:00:00+00:00,2.5,2.5,0.439,0.439,21.0,92,979.6,3.3
ITN_SNG_01,2023-05-04 04:00:00+00:00,3.4,3.4,0.428,0.437,22.8,85,979.5,4.4
ITN_SNG_01,2023-05-04 05:00:00+00:00,0.8,0.8,0.429,0.436,23.0,84,978.8,4.1
ITN_SNG_01,2023-05-04 06:00:00+00:00,0.1,0.1,0.425,0.435,24.0,78,978.0,1.6
ITN_SNG_01,2023-05-04 07:00:00+00:00,0.1,0.1,0.421,0.433,25.0,77,976.5,3.3
ITN_SNG_01,2023-05-04 08:00:00+00:00,0.0,0.0,0.418,0.431,25.4,75,975.4,8.4
ITN_SNG_01,2023-05-04 09:00:00+00:00,0.0,0.0,0.416,0.429,25.4,75,974.3,5.2
ITN_SNG_01,2023-05-04 10:00:00+00:00,0.1,0.1,0.414,0.427,24.7,78,973.8,4.2
ITN_SNG_01,2023-05-04 11:00:00+00:00,1.0,1.0,0.42,0.426,23.5,84,973.7,2.2
ITN_SNG_01,2023-05-04 12:00:00+00:00,12.3,12.3,0.41,0.426,22.9,86,975.1,1.8
ITN_SNG_01,2023-05-04 13:00:00+00:00,0.3,0.3,0.411,0.425,22.0,92,975.3,4.7
ITN_SNG_01,2023-05-04 14:00:00+00:00,0.8,0.8,0.419,0.424,21.1,96,975.8,5.8
ITN_SNG_01,2023-05-04 15:00:00+00:00,3.8,3.8,0.439,0.43,20.5,96,976.3,5.9
ITN_SNG_01,2023-05-04 16:00:00+00:00,15.5,15.5,0.439,0.439,20.0,96,976.4,5.4
ITN_SNG_01,2023-05-04 17:00:00+00:00,14.5,14.5,0.439,0.439,20.0,97,976.3,2.8
ITN_SNG_01,2023-05-04 18:00:00+00:00,5.2,5.2,0.439,0.438,19.8,99,975.8,2.2
ITN_SNG_01,2023-05-04 19:00:00+00:00,0.8,0.8,0.431,0.437,19.7,99,975.2,2.4
ITN_SNG_01,2023-05-04 20:00:00+00:00,0.3,0.3,0.428,0.436,19.7,98,974.7,3.0
ITN_SNG_01,2023-05-04 21:00:00+00:00,0.4,0.4,0.428,0.435,19.6,99,974.1,3.4
ITN_SNG_01,2023-05-04 22:00:00+00:00,0.6,0.6,0.43,0.434,19.5,100,973.9,3.3
ITN_SNG_01,2023-05-04 23:00:00+00:00,0.6,0.6,0.432,0.434,19.4,99,973.9,4.8
ITN_SNG_01,2023-05-05 00:00:00+00:00,0.7,0.7,0.422,0.431,20.4,95,974.3,3.1
ITN_SNG_01,2023-05-05 01:00:00+00:00,0.6,0.6,0.425,0.431,20.9,91,974.8,2.7
ITN_SNG_01,2023-05-05 02:00:00+00:00,0.1,0.1,0.422,0.43,21.3,89,975.4,2.5
ITN_SNG_01,2023-05-05 03:00:00+00:00,0.3,0.3,0.422,0.429,22.2,88,975.6,2.9
ITN_SNG_01,2023-05-05 04:00:00+00:00,0.2,0.2,0.42,0.428,22.6,90,975.4,4.7
ITN_SNG_01,2023-05-05 05:00:00+00:00,0.1,0.1,0.418,0.427,24.4,84,974.8,8.2
ITN_SNG_01,2023-05-05 06:00:00+00:00,0.1,0.1,0.416,0.425,26.0,75,973.8,10.8
ITN_SNG_01,2023-05-05 07:00:00+00:00,0.1,0.1,0.413,0.424,25.5,79,972.5,11.3
ITN_SNG_01,2023-05-05 08:00:00+00:00,0.0,0.0,0.411,0.422,26.7,75,971.2,8.2
ITN_SNG_01,2023-05-05 09:00:00+00:00,0.1,0.1,0.409,0.421,26.5,74,970.6,8.7
ITN_SNG_01,2023-05-05 10:00:00+00:00,0.0,0.0,0.408,0.42,26.5,75,970.1,6.3
ITN_SNG_01,2023-05-05 11:00:00+00:00,0.0,0.0,0.406,0.418,25.6,78,970.3,3.7
ITN_SNG_01,2023-05-05 12:00:00+00:00,0.9,0.9,0.412,0.423,22.0,90,971.5,4.0
ITN_SNG_01,2023-05-05 13:00:00+00:00,0.5,0.5,0.416,0.423,21.7,93,971.3,7.2
ITN_SNG_01,2023-05-05 14:00:00+00:00,0.9,0.9,0.424,0.422,20.9,96,972.1,1.0
ITN_SNG_01,2023-05-05 15:00:00+00:00,0.4,0.4,0.426,0.422,20.3,98,973.2,1.8
ITN_SNG_01,2023-05-05 16:00:00+00:00,0.2,0.2,0.424,0.422,20.2,100,973.6,4.3
ITN_SNG_01,2023-05-05 17:00:00+00:00,0.2,0.2,0.423,0.422,19.9,100,973.7,5.6
ITN_SNG_01,2023-05-05 18:00:00+00:00,1.2,1.2,0.434,0.422,19.9,99,973.2,5.4
ITN_SNG_01,2023-05-05 19:00:00+00:00,0.2,0.2,0.43,0.424,19.7,99,972.9,3.6
ITN_SNG_01,2023-05-05 20:00:00+00:00,1.4,1.4,0.437,0.426,19.4,100,972.8,3.8
ITN_SNG_01,2023-05-05 21:00:00+00:00,0.3,0.3,0.431,0.428,19.6,98,972.5,4.8
ITN_SNG_01,2023-05-05 22:00:00+00:00,0.1,0.1,0.428,0.428,19.5,96,972.2,4.6
ITN_SNG_01,2023-05-05 23:00:00+00:00,0.2,0.2,0.427,0.428,19.6,96,972.7,3.9
ITN_SNG_01,2023-05-06 00:00:00+00:00,0.3,0.3,0.43,0.428,20.4,97,972.9,4.0
ITN_SNG_01,2023-05-06 01:00:00+00:00,3.5,3.5,0.437,0.434,20.9,91,973.5,9.3
ITN_SNG_01,2023-05-06 02:00:00+00:00,7.8,7.8,0.431,0.438,21.7,90,974.5,9.0
ITN_SNG_01,2023-05-06 03:00:00+00:00,0.4,0.4,0.428,0.436,23.3,82,974.7,12.4
ITN_SNG_01,2023-05-06 04:00:00+00:00,0.2,0.2,0.425,0.435,24.3,79,975.0,16.0
ITN_SNG_01,2023-05-06 05:00:00+00:00,0.0,0.0,0.421,0.433,25.9,73,974.5,10.7
ITN_SNG_01,2023-05-06 06:00:00+00:00,1.0,1.0,0.424,0.431,25.1,73,973.7,15.5
ITN_SNG_01,2023-05-06 07:00:00+00:00,0.1,0.1,0.42,0.43,26.5,72,972.7,7.9
ITN_SNG_01,2023-05-06 08:00:00+00:00,0.1,0.1,0.417,0.429,26.4,75,971.8,8.1
ITN_SNG_01,2023-05-06 09:00:00+00:00,0.9,0.9,0.421,0.428,24.7,77,971.3,7.1
ITN_SNG_01,2023-05-06 10:00:00+00:00,0.7,0.7,0.423,0.427,24.6,81,970.8,8.9
ITN_SNG_01,2023-05-06 11:00:00+00:00,0.1,0.1,0.42,0.427,23.8,84,970.8,11.0
ITN_SNG_01,2023-05-06 12:00:00+00:00,0.0,0.0,0.425,0.425,22.7,90,972.0,9.4
ITN_SNG_01,2023-05-06 13:00:00+00:00,0.0,0.0,0.422,0.425,21.8,92,972.5,9.2
ITN_SNG_01,2023-05-06 14:00:00+00:00,0.3,0.3,0.421,0.425,21.5,89,973.5,9.2
ITN_SNG_01,2023-05-06 15:00:00+00:00,0.1,0.1,0.42,0.425,21.6,88,974.1,11.0
ITN_SNG_01,2023-05-06 16:00:00+00:00,0.2,0.2,0.418,0.424,21.3,88,974.6,9.1
ITN_SNG_01,2023-05-06 17:00:00+00:00,0.3,0.3,0.419,0.424,21.0,89,974.6,4.7
ITN_SNG_01,2023-05-06 18:00:00+00:00,0.0,0.0,0.417,0.424,20.8,89,974.1,4.7
ITN_SNG_01,2023-05-06 19:00:00+00:00,0.0,0.0,0.415,0.423,21.0,86,973.5,4.6
ITN_SNG_01,2023-05-06 20:00:00+00:00,0.0,0.0,0.413,0.423,20.4,87,973.1,2.9
ITN_SNG_01,2023-05-06 21:00:00+00:00,0.0,0.0,0.412,0.422,20.4,86,972.6,1.0
ITN_SNG_01,2023-05-06 22:00:00+00:00,1.9,1.9,0.434,0.422,19.9,89,973.0,3.3
ITN_SNG_01,2023-05-06 23:00:00+00:00,2.5,2.5,0.439,0.427,19.2,94,973.4,1.8
ITN_SNG_01,2023-05-07 00:00:00+00:00,4.0,4.0,0.44,0.428,19.9,92,975.0,7.9
ITN_SNG_01,2023-05-07 01:00:00+00:00,11.8,11.8,0.439,0.439,20.8,93,975.5,2.3
ITN_SNG_01,2023-05-07 02:00:00+00:00,5.8,5.8,0.434,0.438,21.3,90,975.8,7.1
ITN_SNG_01,2023-05-07 03:00:00+00:00,0.1,0.1,0.427,0.436,23.3,80,976.4,7.1
ITN_SNG_01,2023-05-07 04:00:00+00:00,0.1,0.1,0.424,0.434,24.4,76,976.2,7.1
ITN_SNG_01,2023-05-07 05:00:00+00:00,0.2,0.2,0.421,0.432,25.6,72,976.1,7.2
ITN_SNG_01,2023-05-07 06:00:00+00:00,0.0,0.0,0.417,0.43,26.4,70,975.1,6.9
ITN_SNG_01,2023-05-07 07:00:00+00:00,0.0,0.0,0.413,0.429,27.3,69,973.7,9.7
ITN_SNG_01,2023-05-07 08:00:00+00:00,2.2,2.2,0.432,0.427,25.9,73,972.6,10.1
ITN_SNG_01,2023-05-07 09:00:00+00:00,3.0,3.0,0.433,0.433,24.9,76,972.0,12.9
ITN_SNG_01,2023-05-07 10:00:00+00:00,0.0,0.0,0.427,0.432,26.2,70,971.3,9.4
ITN_SNG_01,2023-05-07 11:00:00+00:00,0.0,0.0,0.423,0.431,25.4,73,971.2,10.5
ITN_SNG_01,2023-05-07 12:00:00+00:00,0.0,0.0,0.385,0.407,24.2,77,971.6,8.1
ITN_SNG_01,2023-05-07 13:00:00+00:00,0.0,0.0,0.385,0.405,23.0,81,971.8,7.6
ITN_SNG_01,2023-05-07 14:00:00+00:00,0.0,0.0,0.385,0.404,22.6,81,972.3,7.6
ITN_SNG_01,2023-05-07 15:00:00+00:00,0.0,0.0,0.385,0.403,22.1,82,972.9,5.4
ITN_SNG_01,2023-05-07 16:00:00+00:00,0.5,0.5,0.388,0.401,21.8,82,973.7,4.4
ITN_SNG_01,2023-05-07 17:00:00+00:00,0.0,0.0,0.388,0.4,21.9,83,973.8,3.5
ITN_SNG_01,2023-05-07 18:00:00+00:00,0.2,0.2,0.39,0.399,21.8,87,973.8,2.2
ITN_SNG_01,2023-05-07 19:00:00+00:00,0.2,0.2,0.391,0.398,21.7,82,972.9,4.1
ITN_SNG_01,2023-05-07 20:00:00+00:00,0.0,0.0,0.39,0.398,20.8,84,972.6,4.2
ITN_SNG_01,2023-05-07 21:00:00+00:00,0.0,0.0,0.39,0.397,20.4,86,972.6,5.7
ITN_SNG_01,2023-05-07 22:00:00+00:00,0.7,0.7,0.396,0.396,20.0,90,972.9,6.0
ITN_SNG_01,2023-05-07 23:00:00+00:00,0.2,0.2,0.398,0.396,20.1,91,973.7,8.0
ITN_SNG_01,2023-05-08 00:00:00+00:00,0.1,0.1,0.427,0.399,20.8,90,973.7,3.7
ITN_SNG_01,2023-05-08 01:00:00+00:00,1.9,1.9,0.429,0.406,21.1,96,975.1,9.6
ITN_SNG_01,2023-05-08 02:00:00+00:00,0.5,0.5,0.426,0.407,22.3,90,975.9,4.3
ITN_SNG_01,2023-05-08 03:00:00+00:00,0.4,0.4,0.423,0.407,22.9,89,976.4,7.6
ITN_SNG_01,2023-05-08 04:00:00+00:00,0.1,0.1,0.42,0.407,24.2,80,976.5,11.3
ITN_SNG_01,2023-05-08 05:00:00+00:00,0.3,0.3,0.417,0.407,25.0,74,976.6,12.4
ITN_SNG_01,2023-05-08 06:00:00+00:00,0.2,0.2,0.414,0.406,25.8,73,975.8,13.0
ITN_SNG_01,2023-05-08 07:00:00+00:00,0.0,0.0,0.41,0.405,26.6,69,974.6,15.7
ITN_SNG_01,2023-05-08 08:00:00+00:00,0.0,0.0,0.407,0.404,26.7,68,973.9,14.9
ITN_SNG_01,2023-05-08 09:00:00+00:00,0.0,0.0,0.404,0.403,27.0,67,972.9,14.9
ITN_SNG_01,2023-05-08 10:00:00+00:00,0.0,0.0,0.401,0.402,26.6,68,972.1,14.5
ITN_SNG_01,2023-05-08 11:00:00+00:00,0.0,0.0,0.399,0.401,25.6,73,971.9,12.4
ITN_SNG_01,2023-05-08 12:00:00+00:00,0.0,0.0,0.404,0.406,23.9,79,972.7,11.1
ITN_SNG_01,2023-05-08 13:00:00+00:00,0.0,0.0,0.402,0.404,22.8,83,972.4,8.5
ITN_SNG_01,2023-05-08 14:00:00+00:00,0.0,0.0,0.401,0.404,21.8,87,973.1,5.9
ITN_SNG_01,2023-05-08 15:00:00+00:00,0.1,0.1,0.401,0.403,21.9,85,974.0,5.1
ITN_SNG_01,2023-05-08 16:00:00+00:00,0.1,0.1,0.401,0.402,21.8,84,974.6,4.0
ITN_SNG_01,2023-05-08 17:00:00+00:00,0.1,0.1,0.401,0.401,21.5,84,974.5,3.6
ITN_SNG_01,2023-05-08 18:00:00+00:00,0.1,0.1,0.401,0.4,21.5,84,973.9,2.9
ITN_SNG_01,2023-05-08 19:00:00+00:00,0.2,0.2,0.401,0.4,21.2,84,973.7,5.2
ITN_SNG_01,2023-05-08 20:00:00+00:00,0.1,0.1,0.401,0.399,21.1,81,973.3,4.3
ITN_SNG_01,2023-05-08 21:00:00+00:00,0.1,0.1,0.4,0.398,21.0,80,973.0,4.7
ITN_SNG_01,2023-05-08 22:00:00+00:00,0.1,0.1,0.4,0.398,20.6,84,973.3,4.7
ITN_SNG_01,2023-05-08 23:00:00+00:00,0.0,0.0,0.399,0.397,20.1,86,973.4,4.0
ITN_SNG_01,2023-05-09 00:00:00+00:00,0.0,0.0,0.406,0.394,20.3,91,973.3,4.8
ITN_SNG_01,2023-05-09 01:00:00+00:00,0.0,0.0,0.404,0.394,23.1,83,974.2,4.0
ITN_SNG_01,2023-05-09 02:00:00+00:00,0.0,0.0,0.402,0.394,23.6,81,975.0,8.3
ITN_SNG_01,2023-05-09 03:00:00+00:00,0.0,0.0,0.4,0.394,25.0,74,975.2,8.4
ITN_SNG_01,2023-05-09 04:00:00+00:00,0.0,0.0,0.397,0.393,26.3,67,975.4,9.0
ITN_SNG_01,2023-05-09 05:00:00+00:00,0.0,0.0,0.394,0.392,27.2,62,975.0,10.8
ITN_SNG_01,2023-05-09 06:00:00+00:00,0.0,0.0,0.391,0.391,27.7,60,974.2,11.6
ITN_SNG_01,2023-05-09 07:00:00+00:00,0.0,0.0,0.388,0.389,28.3,59,973.4,11.4
ITN_SNG_01,2023-05-09 08:00:00+00:00,0.0,0.0,0.385,0.388,28.8,58,972.0,11.2
ITN_SNG_01,2023-05-09 09:00:00+00:00,0.0,0.0,0.383,0.387,28.7,59,971.0,10.6
ITN_SNG_01,2023-05-09 10:00:00+00:00,0.0,0.0,0.381,0.387,28.1,61,970.3,11.0
ITN_SNG_01,2023-05-09 11:00:00+00:00,0.0,0.0,0.38,0.386,26.8,67,969.9,10.0
ITN_SNG_01,2023-05-09 12:00:00+00:00,0.0,0.0,0.376,0.382,25.5,71,970.2,7.9
ITN_SNG_01,2023-05-09 13:00:00+00:00,0.0,0.0,0.375,0.382,23.7,76,970.3,7.9
ITN_SNG_01,2023-05-09 14:00:00+00:00,0.0,0.0,0.375,0.381,22.6,79,971.2,8.7
ITN_SNG_01,2023-05-09 15:00:00+00:00,0.0,0.0,0.375,0.381,22.0,81,972.3,7.9
ITN_SNG_01,2023-05-09 16:00:00+00:00,0.0,0.0,0.374,0.381,22.3,79,972.6,10.3
ITN_SNG_01,2023-05-09 17:00:00+00:00,0.2,0.2,0.376,0.381,21.9,73,973.3,16.1
ITN_SNG_01,2023-05-09 18:00:00+00:00,0.1,0.1,0.376,0.38,21.2,80,973.2,15.9
ITN_SNG_01,2023-05-09 19:00:00+00:00,0.0,0.0,0.376,0.38,21.2,79,972.8,14.3
ITN_SNG_01,2023-05-09 20:00:00+00:00,0.0,0.0,0.375,0.38,21.1,79,971.3,8.3
ITN_SNG_01,2023-05-09 21:00:00+00:00,0.0,0.0,0.375,0.38,20.7,83,972.3,8.7
ITN_SNG_01,2023-05-09 22:00:00+00:00,0.1,0.1,0.375,0.38,20.6,87,972.3,4.9
ITN_SNG_01,2023-05-09 23:00:00+00:00,0.0,0.0,0.375,0.379,20.0,90,972.9,5.4
ITN_SNG_01,2023-05-10 00:00:00+00:00,0.0,0.0,0.394,0.384,21.3,80,973.4,12.9
ITN_SNG_01,2023-05-10 01:00:00+00:00,0.0,0.0,0.393,0.384,23.2,73,974.6,6.5
ITN_SNG_01,2023-05-10 02:00:00+00:00,0.0,0.0,0.391,0.384,25.4,66,975.0,8.0
ITN_SNG_01,2023-05-10 03:00:00+00:00,0.0,0.0,0.389,0.384,26.9,60,975.5,10.0
ITN_SNG_01,2023-05-10 04:00:00+00:00,0.0,0.0,0.386,0.383,27.8,55,975.8,11.2
ITN_SNG_01,2023-05-10 05:00:00+00:00,0.0,0.0,0.383,0.382,27.5,57,975.3,13.2
ITN_SNG_01,2023-05-10 06:00:00+00:00,0.0,0.0,0.38,0.381,28.4,57,974.8,10.6
ITN_SNG_01,2023-05-10 07:00:00+00:00,0.0,0.0,0.377,0.38,28.9,57,974.0,9.7
ITN_SNG_01,2023-05-10 08:00:00+00:00,0.1,0.1,0.376,0.379,28.7,58,972.8,9.2
ITN_SNG_01,2023-05-10 09:00:00+00:00,0.0,0.0,0.374,0.379,28.5,59,971.8,10.2
ITN_SNG_01,2023-05-10 10:00:00+00:00,0.0,0.0,0.372,0.378,28.3,61,971.4,10.0
ITN_SNG_01,2023-05-10 11:00:00+00:00,0.0,0.0,0.371,0.377,27.2,67,971.3,9.1
ITN_SNG_01,2023-05-10 12:00:00+00:00,0.0,0.0,0.368,0.376,25.7,72,971.7,7.7
ITN_SNG_01,2023-05-10 13:00:00+00:00,0.0,0.0,0.368,0.376,23.9,77,972.4,7.2
ITN_SNG_01,2023-05-10 14:00:00+00:00,0.0,0.0,0.368,0.376,23.1,79,973.3,6.8
ITN_SNG_01,2023-05-10 15:00:00+00:00,0.0,0.0,0.368,0.376,22.4,81,973.8,5.8
ITN_SNG_01,2023-05-10 16:00:00+00:00,0.0,0.0,0.367,0.376,21.8,83,974.0,5.7
ITN_SNG_01,2023-05-10 17:00:00+00:00,0.0,0.0,0.367,0.376,21.5,84,974.4,4.1
ITN_SNG_01,2023-05-10 18:00:00+00:00,0.0,0.0,0.367,0.376,21.8,81,974.4,4.4
ITN_SNG_01,2023-05-10 19:00:00+00:00,0.0,0.0,0.367,0.375,21.6,81,974.5,3.8
ITN_SNG_01,2023-05-10 20:00:00+00:00,0.0,0.0,0.367,0.375,21.0,81,974.6,3.0
ITN_SNG_01,2023-05-10 21:00:00+00:00,0.0,0.0,0.367,0.375,20.7,81,975.0,3.2
ITN_SNG_01,2023-05-10 22:00:00+00:00,0.0,0.0,0.367,0.375,20.7,78,975.1,5.2
ITN_SNG_01,2023-05-10 23:00:00+00:00,0.0,0.0,0.366,0.375,20.1,80,975.8,6.5
ITN_SNG_01,2023-05-11 00:00:00+00:00,0.0,0.0,0.368,0.377,21.8,75,977.0,7.5
ITN_SNG_01,2023-05-11 01:00:00+00:00,0.0,0.0,0.368,0.376,23.8,72,978.0,6.8
ITN_SNG_01,2023-05-11 02:00:00+00:00,0.0,0.0,0.367,0.376,25.6,65,978.4,1.9
ITN_SNG_01,2023-05-11 03:00:00+00:00,0.0,0.0,0.365,0.375,27.2,61,978.8,6.8
ITN_SNG_01,2023-05-11 04:00:00+00:00,0.0,0.0,0.363,0.374,28.1,57,978.5,11.2
ITN_SNG_01,2023-05-11 05:00:00+00:00,0.0,0.0,0.361,0.373,28.5,56,978.0,13.7
ITN_SNG_01,2023-05-11 06:00:00+00:00,0.0,0.0,0.358,0.372,28.9,56,977.3,13.0
ITN_SNG_01,2023-05-11 07:00:00+00:00,0.0,0.0,0.356,0.371,29.2,55,976.2,10.8
ITN_SNG_01,2023-05-11 08:00:00+00:00,0.0,0.0,0.353,0.37,29.4,55,974.8,11.2
ITN_SNG_01,2023-05-11 09:00:00+00:00,0.0,0.0,0.352,0.369,29.3,55,974.0,11.8
ITN_SNG_01,2023-05-11 10:00:00+00:00,0.0,0.0,0.35,0.368,28.5,56,973.3,12.3
ITN_SNG_01,2023-05-11 11:00:00+00:00,0.0,0.0,0.349,0.368,27.2,62,973.2,11.5
ITN_SNG_01,2023-05-11 12:00:00+00:00,0.0,0.0,0.343,0.364,26.7,62,973.0,8.9
ITN_SNG_01,2023-05-11 13:00:00+00:00,0.0,0.0,0.344,0.364,25.5,65,973.7,6.2
ITN_SNG_01,2023-05-11 14:00:00+00:00,0.0,0.0,0.344,0.364,24.0,72,974.4,6.3
ITN_SNG_01,2023-05-11 15:00:00+00:00,0.0,0.0,0.344,0.363,23.2,77,975.0,3.3
ITN_SNG_01,2023-05-11 16:00:00+00:00,0.0,0.0,0.344,0.363,22.6,75,975.9,10.4
ITN_SNG_01,2023-05-11 17:00:00+00:00,0.0,0.0,0.344,0.363,22.9,66,976.0,9.5
ITN_SNG_01,2023-05-11 18:00:00+00:00,0.0,0.0,0.344,0.363,23.0,67,975.8,6.9
ITN_SNG_01,2023-05-11 19:00:00+00:00,0.9,0.9,0.351,0.363,22.5,77,976.0,8.7
ITN_SNG_01,2023-05-11 20:00:00+00:00,2.3,2.3,0.379,0.363,21.1,89,976.2,3.3
ITN_SNG_01,2023-05-11 21:00:00+00:00,0.9,0.9,0.388,0.363,20.7,94,976.3,1.6
ITN_SNG_01,2023-05-11 22:00:00+00:00,1.4,1.4,0.403,0.364,19.9,94,977.9,5.1
ITN_SNG_01,2023-05-11 23:00:00+00:00,0.0,0.0,0.401,0.365,19.5,95,977.9,5.9
ITN_SNG_01,2023-05-12 00:00:00+00:00,0.0,0.0,0.385,0.361,20.5,84,978.3,4.1
ITN_SNG_01,2023-05-12 01:00:00+00:00,0.0,0.0,0.384,0.362,22.2,85,979.7,8.3
ITN_SNG_01,2023-05-12 02:00:00+00:00,0.0,0.0,0.382,0.362,23.0,82,980.3,10.0
ITN_SNG_01,2023-05-12 03:00:00+00:00,0.0,0.0,0.38,0.362,25.2,71,980.4,9.0
ITN_SNG_01,2023-05-12 04:00:00+00:00,0.0,0.0,0.377,0.361,27.3,59,979.9,11.2
ITN_SNG_01,2023-05-12 05:00:00+00:00,0.0,0.0,0.374,0.361,28.6,50,978.9,14.1
ITN_SNG_01,2023-05-12 06:00:00+00:00,0.0,0.0,0.37,0.36,29.4,48,977.7,14.4
ITN_SNG_01,2023-05-12 07:00:00+00:00,0.0,0.0,0.367,0.359,29.8,48,976.2,14.1
ITN_SNG_01,2023-05-12 08:00:00+00:00,0.0,0.0,0.364,0.358,29.9,50,975.1,13.4
ITN_SNG_01,2023-05-12 09:00:00+00:00,0.0,0.0,0.362,0.358,29.6,51,974.4,12.3
ITN_SNG_01,2023-05-12 10:00:00+00:00,0.0,0.0,0.36,0.357,29.3,52,974.1,10.3
ITN_SNG_01,2023-05-12 11:00:00+00:00,0.0,0.0,0.359,0.357,28.4,58,973.6,6.6
ITN_SNG_01,2023-05-12 12:00:00+00:00,0.0,0.0,0.358,0.357,25.8,72,974.2,5.0
ITN_SNG_01,2023-05-12 13:00:00+00:00,0.0,0.0,0.357,0.357,24.4,74,974.5,4.6
ITN_SNG_01,2023-05-12 14:00:00+00:00,0.0,0.0,0.357,0.357,22.6,81,975.7,5.0
ITN_SNG_01,2023-05-12 15:00:00+00:00,0.0,0.0,0.357,0.357,20.7,86,976.4,5.1
ITN_SNG_01,2023-05-12 16:00:00+00:00,0.0,0.0,0.357,0.357,20.2,82,976.8,4.8
ITN_SNG_01,2023-05-12 17:00:00+00:00,0.0,0.0,0.356,0.357,19.8,78,976.6,7.1
ITN_SNG_01,2023-05-12 18:00:00+00:00,0.0,0.0,0.356,0.357,20.2,72,975.8,8.4
ITN_SNG_01,2023-05-12 19:00:00+00:00,0.0,0.0,0.356,0.357,19.9,70,975.1,6.9
ITN_SNG_01,2023-05-12 20:00:00+00:00,0.0,0.0,0.355,0.357,18.6,76,974.2,4.1
ITN_SNG_01,2023-05-12 21:00:00+00:00,0.0,0.0,0.355,0.357,18.2,77,973.6,2.5
ITN_SNG_01,2023-05-12 22:00:00+00:00,0.0,0.0,0.355,0.357,18.2,75,973.7,1.0
ITN_SNG_01,2023-05-12 23:00:00+00:00,0.0,0.0,0.355,0.357,18.9,70,974.3,0.8
ITN_SNG_01,2023-05-13 00:00:00+00:00,0.0,0.0,0.355,0.357,20.0,72,975.8,0.8
ITN_SNG_01,2023-05-13 01:00:00+00:00,0.0,0.0,0.354,0.357,23.7,72,976.5,4.7
ITN_SNG_01,2023-05-13 02:00:00+00:00,0.0,0.0,0.353,0.356,25.9,62,977.4,5.5
ITN_SNG_01,2023-05-13 03:00:00+00:00,0.0,0.0,0.352,0.356,27.9,56,977.7,5.2
ITN_SNG_01,2023-05-13 04:00:00+00:00,0.0,0.0,0.35,0.355,29.9,47,977.0,6.6
ITN_SNG_01,2023-05-13 05:00:00+00:00,0.0,0.0,0.347,0.354,31.7,39,976.3,9.0
ITN_SNG_01,2023-05-13 06:00:00+00:00,0.0,0.0,0.344,0.353,31.9,39,975.5,11.6
ITN_SNG_01,2023-05-13 07:00:00+00:00,0.0,0.0,0.341,0.352,32.1,38,974.5,12.0
ITN_SNG_01,2023-05-13 08:00:00+00:00,0.0,0.0,0.339,0.351,32.3,38,973.5,12.2
ITN_SNG_01,2023-05-13 09:00:00+00:00,0.0,0.0,0.337,0.35,31.8,43,973.0,11.7
ITN_SNG_01,2023-05-13 10:00:00+00:00,0.0,0.0,0.335,0.35,31.1,46,972.9,9.3
ITN_SNG_01,2023-05-13 11:00:00+00:00,0.0,0.0,0.334,0.349,30.1,55,972.5,6.4
ITN_SNG_01,2023-05-13 12:00:00+00:00,0.0,0.0,0.335,0.349,27.6,69,972.6,4.1
ITN_SNG_01,2023-05-13 13:00:00+00:00,0.0,0.0,0.335,0.349,26.2,68,972.8,5.6
ITN_SNG_01,2023-05-13 14:00:00+00:00,0.0,0.0,0.335,0.349,24.5,71,973.6,6.1
ITN_SNG_01,2023-05-13 15:00:00+00:00,0.0,0.0,0.335,0.349,23.4,69,974.0,6.4
ITN_SNG_01,2023-05-13 16:00:00+00:00,0.0,0.0,0.335,0.349,22.9,63,973.9,6.8
ITN_SNG_01,2023-05-13 17:00:00+00:00,0.0,0.0,0.335,0.349,23.0,57,973.7,7.1
ITN_SNG_01,2023-05-13 18:00:00+00:00,0.0,0.0,0.334,0.349,23.0,54,973.1,7.6
ITN_SNG_01,2023-05-13 19:00:00+00:00,0.0,0.0,0.334,0.348,22.6,55,972.3,8.0
ITN_SNG_01,2023-05-13 20:00:00+00:00,0.0,0.0,0.334,0.348,22.6,56,971.5,8.3
ITN_SNG_01,2023-05-13 21:00:00+00:00,0.0,0.0,0.334,0.348,22.3,57,970.7,8.3
ITN_SNG_01,2023-05-13 22:00:00+00:00,0.0,0.0,0.334,0.348,22.3,57,970.8,8.4
ITN_SNG_01,2023-05-13 23:00:00+00:00,0.0,0.0,0.334,0.348,22.0,58,970.8,8.0
ITN_SNG_01,2023-05-14 00:00:00+00:00,0.0,0.0,0.332,0.346,23.9,59,972.5,11.8
ITN_SNG_01,2023-05-14 01:00:00+00:00,0.0,0.0,0.331,0.346,24.6,62,972.5,9.5
ITN_SNG_01,2023-05-14 02:00:00+00:00,0.0,0.0,0.331,0.345,26.5,59,972.8,10.0
ITN_SNG_01,2023-05-14 03:00:00+00:00,0.0,0.0,0.33,0.345,27.5,60,973.2,10.3
ITN_SNG_01,2023-05-14 04:00:00+00:00,0.0,0.0,0.329,0.345,27.7,64,973.2,10.8
ITN_SNG_01,2023-05-14 05:00:00+00:00,0.0,0.0,0.328,0.344,28.4,61,973.9,14.8
ITN_SNG_01,2023-05-14 06:00:00+00:00,0.0,0.0,0.327,0.343,29.0,61,973.7,16.3
ITN_SNG_01,2023-05-14 07:00:00+00:00,0.0,0.0,0.326,0.343,29.3,56,972.8,19.8
ITN_SNG_01,2023-05-14 08:00:00+00:00,0.0,0.0,0.324,0.342,28.8,57,972.3,18.8
ITN_SNG_01,2023-05-14 09:00:00+00:00,0.0,0.0,0.324,0.342,27.8,56,971.6,18.1
ITN_SNG_01,2023-05-14 10:00:00+00:00,0.0,0.0,0.323,0.341,27.6,50,971.2,17.0
ITN_SNG_01,2023-05-14 11:00:00+00:00,0.0,0.0,0.323,0.341,26.8,52,970.4,14.0
ITN_SNG_01,2023-05-14 12:00:00+00:00,0.0,0.0,0.321,0.338,26.3,49,971.3,16.3
ITN_SNG_01,2023-05-14 13:00:00+00:00,0.0,0.0,0.32,0.338,25.3,53,970.6,16.8
ITN_SNG_01,2023-05-14 14:00:00+00:00,0.0,0.0,0.32,0.338,25.4,52,970.8,19.1
ITN_SNG_01,2023-05-14 15:00:00+00:00,0.1,0.1,0.321,0.338,24.6,55,971.4,15.0
ITN_SNG_01,2023-05-14 16:00:00+00:00,0.4,0.4,0.323,0.338,22.9,68,970.8,12.0
ITN_SNG_01,2023-05-14 17:00:00+00:00,0.4,0.4,0.327,0.338,21.9,77,969.9,10.6
ITN_SNG_01,2023-05-14 18:00:00+00:00,0.2,0.2,0.328,0.338,21.3,81,969.2,9.7
ITN_SNG_01,2023-05-14 19:00:00+00:00,0.4,0.4,0.332,0.338,20.9,85,968.5,8.4
ITN_SNG_01,2023-05-14 20:00:00+00:00,0.7,0.7,0.339,0.338,20.5,88,967.4,5.8
ITN_SNG_01,2023-05-14 21:00:00+00:00,0.8,0.8,0.349,0.338,20.3,89,967.1,4.0
ITN_SNG_01,2023-05-14 22:00:00+00:00,0.4,0.4,0.353,0.338,20.1,93,967.6,1.3
ITN_SNG_01,2023-05-14 23:00:00+00:00,0.2,0.2,0.355,0.338,20.0,93,968.6,3.1
ITN_SNG_01,2023-05-15 00:00:00+00:00,0.1,0.1,0.348,0.334,20.6,88,970.0,6.9
ITN_SNG_01,2023-05-15 01:00:00+00:00,0.0,0.0,0.347,0.335,21.6,88,970.6,8.9
ITN_SNG_01,2023-05-15 02:00:00+00:00,0.0,0.0,0.347,0.335,22.3,87,971.6,10.2
ITN_SNG_01,2023-05-15 03:00:00+00:00,0.0,0.0,0.345,0.334,24.0,81,972.0,11.5
ITN_SNG_01,2023-05-15 04:00:00+00:00,0.0,0.0,0.343,0.334,25.5,74,972.2,9.7
ITN_SNG_01,2023-05-15 05:00:00+00:00,0.0,0.0,0.341,0.333,26.5,68,972.3,9.6
ITN_SNG_01,2023-05-15 06:00:00+00:00,0.0,0.0,0.339,0.332,27.3,64,972.0,9.2
ITN_SNG_01,2023-05-15 07:00:00+00:00,0.0,0.0,0.337,0.332,27.4,62,971.2,5.8
ITN_SNG_01,2023-05-15 08:00:00+00:00,0.2,0.2,0.336,0.331,27.8,60,970.7,5.9
ITN_SNG_01,2023-05-15 09:00:00+00:00,0.5,0.5,0.338,0.331,27.4,62,970.4,5.4
ITN_SNG_01,2023-05-15 10:00:00+00:00,0.5,0.5,0.341,0.33,26.6,65,970.6,6.6
ITN_SNG_01,2023-05-15 11:00:00+00:00,2.1,2.1,0.361,0.331,24.1,79,971.5,4.9
ITN_SNG_01,2023-05-15 12:00:00+00:00,0.1,0.1,0.425,0.333,22.4,87,972.0,5.0
ITN_SNG_01,2023-05-15 13:00:00+00:00,4.7,4.7,0.427,0.347,21.5,89,972.2,11.7
ITN_SNG_01,2023-05-15 14:00:00+00:00,4.4,4.4,0.429,0.363,20.8,92,973.1,6.8
ITN_SNG_01,2023-05-15 15:00:00+00:00,8.1,8.1,0.436,0.385,20.5,97,974.5,7.2
ITN_SNG_01,2023-05-15 16:00:00+00:00,3.2,3.2,0.431,0.398,20.6,94,974.5,6.6
ITN_SNG_01,2023-05-15 17:00:00+00:00,3.5,3.5,0.437,0.407,20.5,95,975.0,2.6
ITN_SNG_01,2023-05-15 18:00:00+00:00,0.6,0.6,0.429,0.411,20.6,95,974.4,6.8
ITN_SNG_01,2023-05-15 19:00:00+00:00,1.7,1.7,0.432,0.415,20.5,95,973.9,5.6
ITN_SNG_01,2023-05-15 20:00:00+00:00,1.8,1.8,0.433,0.421,20.2,96,973.6,5.8
ITN_SNG_01,2023-05-15 21:00:00+00:00,0.7,0.7,0.434,0.422,20.0,96,973.5,6.9
ITN_SNG_01,2023-05-15 22:00:00+00:00,4.2,4.2,0.438,0.432,19.9,96,973.9,6.4
ITN_SNG_01,2023-05-15 23:00:00+00:00,3.0,3.0,0.439,0.436,19.9,95,974.1,6.4
ITN_SNG_01,2023-05-16 00:00:00+00:00,2.3,2.3,0.432,0.396,20.2,98,974.5,7.8
ITN_SNG_01,2023-05-16 01:00:00+00:00,2.9,2.9,0.434,0.406,20.3,97,975.6,6.5
ITN_SNG_01,2023-05-16 02:00:00+00:00,3.5,3.5,0.434,0.42,20.3,96,976.5,7.1
ITN_SNG_01,2023-05-16 03:00:00+00:00,2.3,2.3,0.432,0.427,20.3,94,976.9,7.3
ITN_SNG_01,2023-05-16 04:00:00+00:00,1.0,1.0,0.434,0.428,21.1,89,976.9,5.7
ITN_SNG_01,2023-05-16 05:00:00+00:00,0.2,0.2,0.429,0.427,23.1,81,976.7,7.9
ITN_SNG_01,2023-05-16 06:00:00+00:00,0.1,0.1,0.425,0.425,24.5,72,976.1,12.4
ITN_SNG_01,2023-05-16 07:00:00+00:00,0.0,0.0,0.42,0.423,26.4,64,975.0,11.7
ITN_SNG_01,2023-05-16 08:00:00+00:00,0.0,0.0,0.416,0.422,26.4,65,973.8,13.4
ITN_SNG_01,2023-05-16 09:00:00+00:00,0.1,0.1,0.413,0.42,26.0,67,973.3,12.4
ITN_SNG_01,2023-05-16 10:00:00+00:00,0.0,0.0,0.411,0.418,25.0,71,973.2,13.4
ITN_SNG_01,2023-05-16 11:00:00+00:00,0.0,0.0,0.409,0.417,24.1,75,973.5,11.7
ITN_SNG_01,2023-05-16 12:00:00+00:00,0.1,0.1,0.42,0.422,22.7,83,974.0,8.9
ITN_SNG_01,2023-05-16 13:00:00+00:00,3.8,3.8,0.434,0.428,21.0,93,975.0,9.8
ITN_SNG_01,2023-05-16 14:00:00+00:00,5.3,5.3,0.433,0.434,20.5,95,975.5,8.8
ITN_SNG_01,2023-05-16 15:00:00+00:00,7.9,7.9,0.439,0.439,20.2,96,976.5,8.0
ITN_SNG_01,2023-05-16 16:00:00+00:00,5.5,5.5,0.432,0.436,20.2,96,976.7,6.4
ITN_SNG_01,2023-05-16 17:00:00+00:00,0.1,0.1,0.427,0.433,20.2,95,976.7,7.4
ITN_SNG_01,2023-05-16 18:00:00+00:00,0.2,0.2,0.425,0.431,19.8,96,976.4,7.2
ITN_SNG_01,2023-05-16 19:00:00+00:00,0.2,0.2,0.424,0.429,19.5,95,975.2,10.4
ITN_SNG_01,2023-05-16 20:00:00+00:00,0.8,0.8,0.431,0.427,19.5,94,975.2,6.4
ITN_SNG_01,2023-05-16 21:00:00+00:00,5.3,5.3,0.434,0.438,19.3,96,975.6,6.0
ITN_SNG_01,2023-05-16 22:00:00+00:00,4.2,4.2,0.439,0.439,19.0,97,975.4,7.6
ITN_SNG_01,2023-05-16 23:00:00+00:00,3.7,3.7,0.434,0.438,19.3,96,976.2,6.2
ITN_SNG_01,2023-05-17 00:00:00+00:00,2.2,2.2,0.439,0.439,19.7,96,977.3,6.4
ITN_SNG_01,2023-05-17 01:00:00+00:00,6.4,6.4,0.439,0.438,20.0,96,978.4,4.1
ITN_SNG_01,2023-05-17 02:00:00+00:00,7.4,7.4,0.439,0.439,20.3,95,979.3,5.7
ITN_SNG_01,2023-05-17 03:00:00+00:00,3.7,3.7,0.435,0.439,20.8,94,979.9,3.4
ITN_SNG_01,2023-05-17 04:00:00+00:00,1.0,1.0,0.432,0.436,21.7,88,980.0,4.9
ITN_SNG_01,2023-05-17 05:00:00+00:00,0.0,0.0,0.427,0.434,22.8,83,979.4,7.2
ITN_SNG_01,2023-05-17 06:00:00+00:00,0.0,0.0,0.422,0.432,24.7,76,979.0,9.8
ITN_SNG_01,2023-05-17 07:00:00+00:00,0.0,0.0,0.418,0.43,25.7,69,977.7,9.4
ITN_SNG_01,2023-05-17 08:00:00+00:00,0.0,0.0,0.415,0.428,26.6,64,976.4,10.3
ITN_SNG_01,2023-05-17 09:00:00+00:00,0.0,0.0,0.412,0.426,26.6,65,975.8,9.6
ITN_SNG_01,2023-05-17 10:00:00+00:00,0.0,0.0,0.409,0.425,26.2,67,975.3,10.7
ITN_SNG_01,2023-05-17 11:00:00+00:00,0.0,0.0,0.408,0.424,24.8,75,975.2,12.1
ITN_SNG_01,2023-05-17 12:00:00+00:00,0.0,0.0,0.412,0.426,23.1,82,977.3,8.5
ITN_SNG_01,2023-05-17 13:00:00+00:00,0.0,0.0,0.411,0.425,21.8,88,977.5,6.5
ITN_SNG_01,2023-05-17 14:00:00+00:00,0.1,0.1,0.41,0.424,21.9,88,978.1,6.1
ITN_SNG_01,2023-05-17 15:00:00+00:00,0.1,0.1,0.41,0.423,21.2,90,978.9,5.1
ITN_SNG_01,2023-05-17 16:00:00+00:00,0.0,0.0,0.409,0.423,20.8,91,979.5,3.7
ITN_SNG_01,2023-05-17 17:00:00+00:00,0.1,0.1,0.409,0.422,20.6,91,979.2,5.8
ITN_SNG_01,2023-05-17 18:00:00+00:00,0.1,0.1,0.408,0.421,20.3,92,978.6,3.6
ITN_SNG_01,2023-05-17 19:00:00+00:00,0.0,0.0,0.408,0.421,20.2,93,978.0,3.7
ITN_SNG_01,2023-05-17 20:00:00+00:00,0.0,0.0,0.407,0.42,19.6,94,977.7,3.3
ITN_SNG_01,2023-05-17 21:00:00+00:00,0.3,0.3,0.408,0.42,20.0,93,977.7,2.2
ITN_SNG_01,2023-05-17 22:00:00+00:00,1.1,1.1,0.417,0.419,19.7,94,977.5,6.5
ITN_SNG_01,2023-05-17 23:00:00+00:00,0.1,0.1,0.417,0.419,19.8,94,978.0,4.3
ITN_SNG_01,2023-05-18 00:00:00+00:00,0.0,0.0,0.416,0.418,20.5,93,978.7,4.6
ITN_SNG_01,2023-05-18 01:00:00+00:00,0.1,0.1,0.415,0.417,21.4,89,979.6,4.1
ITN_SNG_01,2023-05-18 02:00:00+00:00,0.0,0.0,0.413,0.417,22.3,85,980.2,7.4
ITN_SNG_01,2023-05-18 03:00:00+00:00,0.0,0.0,0.411,0.417,23.5,78,980.5,8.2
ITN_SNG_01,2023-05-18 04:00:00+00:00,0.0,0.0,0.408,0.416,24.8,76,980.4,8.3
ITN_SNG_01,2023-05-18 05:00:00+00:00,0.1,0.1,0.407,0.415,25.1,73,980.0,6.9
ITN_SNG_01,2023-05-18 06:00:00+00:00,0.1,0.1,0.405,0.414,26.0,68,978.9,4.8
ITN_SNG_01,2023-05-18 07:00:00+00:00,0.0,0.0,0.403,0.413,26.8,67,977.1,3.3
ITN_SNG_01,2023-05-18 08:00:00+00:00,0.0,0.0,0.4,0.412,27.5,64,975.6,3.8
ITN_SNG_01,2023-05-18 09:00:00+00:00,0.2,0.2,0.4,0.411,27.0,70,974.9,6.8
ITN_SNG_01,2023-05-18 10:00:00+00:00,0.1,0.1,0.399,0.411,26.2,75,974.5,4.4
ITN_SNG_01,2023-05-18 11:00:00+00:00,0.1,0.1,0.398,0.41,25.6,78,974.4,4.7
ITN_SNG_01,2023-05-18 12:00:00+00:00,0.2,0.2,0.386,0.401,24.7,87,975.2,3.6
ITN_SNG_01,2023-05-18 13:00:00+00:00,0.0,0.0,0.386,0.4,24.3,82,975.6,2.7
ITN_SNG_01,2023-05-18 14:00:00+00:00,0.3,0.3,0.388,0.4,22.8,88,976.5,3.1
ITN_SNG_01,2023-05-18 15:00:00+00:00,0.1,0.1,0.388,0.4,22.2,90,976.8,3.3
ITN_SNG_01,2023-05-18 16:00:00+00:00,0.1,0.1,0.388,0.399,22.4,89,977.5,2.5
ITN_SNG_01,2023-05-18 17:00:00+00:00,0.3,0.3,0.39,0.399,22.1,94,977.4,2.4
ITN_SNG_01,2023-05-18 18:00:00+00:00,0.4,0.4,0.392,0.399,21.8,93,976.9,1.3
ITN_SNG_01,2023-05-18 19:00:00+00:00,0.5,0.5,0.398,0.399,21.5,95,975.9,1.5
ITN_SNG_01,2023-05-18 20:00:00+00:00,0.5,0.5,0.403,0.399,21.2,97,975.4,2.6
ITN_SNG_01,2023-05-18 21:00:00+00:00,0.5,0.5,0.408,0.399,21.0,97,975.2,2.2
ITN_SNG_01,2023-05-18 22:00:00+00:00,2.8,2.8,0.429,0.405,20.8,97,974.9,3.6
ITN_SNG_01,2023-05-18 23:00:00+00:00,0.5,0.5,0.428,0.407,20.9,95,975.2,4.1
ITN_SNG_01,2023-05-19 00:00:00+00:00,0.2,0.2,0.442,0.403,21.6,96,975.6,1.1
ITN_SNG_01,2023-05-19 01:00:00+00:00,0.1,0.1,0.425,0.409,22.8,89,976.4,1.4
ITN_SNG_01,2023-05-19 02:00:00+00:00,0.0,0.0,0.42,0.41,23.5,87,977.1,1.8
ITN_SNG_01,2023-05-19 03:00:00+00:00,0.1,0.1,0.418,0.41,24.8,84,977.5,1.3
ITN_SNG_01,2023-05-19 04:00:00+00:00,0.2,0.2,0.415,0.41,26.4,75,977.4,1.8
ITN_SNG_01,2023-05-19 05:00:00+00:00,0.2,0.2,0.413,0.409,27.6,68,976.8,2.5
ITN_SNG_01,2023-05-19 06:00:00+00:00,0.1,0.1,0.41,0.409,28.1,67,975.8,6.9
ITN_SNG_01,2023-05-19 07:00:00+00:00,4.4,4.4,0.429,0.416,26.3,75,974.5,5.2
ITN_SNG_01,2023-05-19 08:00:00+00:00,0.3,0.3,0.425,0.417,27.4,72,973.3,4.2
ITN_SNG_01,2023-05-19 09:00:00+00:00,0.3,0.3,0.423,0.417,26.5,76,972.6,2.5
ITN_SNG_01,2023-05-19 10:00:00+00:00,0.2,0.2,0.421,0.417,27.0,74,971.9,2.4
ITN_SNG_01,2023-05-19 11:00:00+00:00,0.4,0.4,0.42,0.417,24.2,88,972.3,2.7
ITN_SNG_01,2023-05-19 12:00:00+00:00,1.4,1.4,0.406,0.423,25.0,82,973.4,1.9
ITN_SNG_01,2023-05-19 13:00:00+00:00,0.0,0.0,0.406,0.422,23.9,88,973.1,3.0
ITN_SNG_01,2023-05-19 14:00:00+00:00,0.0,0.0,0.405,0.422,22.8,92,973.6,1.3
ITN_SNG_01,2023-05-19 15:00:00+00:00,1.4,1.4,0.42,0.421,21.6,94,975.2,11.0
ITN_SNG_01,2023-05-19 16:00:00+00:00,1.0,1.0,0.428,0.422,21.7,94,975.4,5.6
ITN_SNG_01,2023-05-19 17:00:00+00:00,0.1,0.1,0.425,0.422,21.0,97,975.2,5.7
ITN_SNG_01,2023-05-19 18:00:00+00:00,0.0,0.0,0.422,0.422,20.7,97,975.0,3.3
ITN_SNG_01,2023-05-19 19:00:00+00:00,0.1,0.1,0.42,0.422,20.9,95,974.4,1.6
ITN_SNG_01,2023-05-19 20:00:00+00:00,0.3,0.3,0.422,0.422,20.7,98,973.8,2.2
ITN_SNG_01,2023-05-19 21:00:00+00:00,0.3,0.3,0.423,0.422,20.8,97,973.4,3.2
ITN_SNG_01,2023-05-19 22:00:00+00:00,0.3,0.3,0.423,0.422,20.9,96,973.4,0.8
ITN_SNG_01,2023-05-19 23:00:00+00:00,0.2,0.2,0.423,0.422,20.4,99,973.9,4.0
ITN_SNG_01,2023-05-20 00:00:00+00:00,1.9,1.9,0.432,0.429,20.4,95,974.1,7.1
ITN_SNG_01,2023-05-20 01:00:00+00:00,9.0,9.0,0.437,0.438,21.0,93,974.0,6.6
ITN_SNG_01,2023-05-20 02:00:00+00:00,6.5,6.5,0.439,0.439,21.6,92,975.2,2.7
ITN_SNG_01,2023-05-20 03:00:00+00:00,3.0,3.0,0.433,0.439,21.7,93,975.5,3.1
ITN_SNG_01,2023-05-20 04:00:00+00:00,6.9,6.9,0.439,0.439,22.5,89,975.5,2.7
ITN_SNG_01,2023-05-20 05:00:00+00:00,4.8,4.8,0.432,0.438,23.2,86,975.1,4.7
ITN_SNG_01,2023-05-20 06:00:00+00:00,0.8,0.8,0.43,0.437,24.1,86,974.9,9.9
ITN_SNG_01,2023-05-20 07:00:00+00:00,0.2,0.2,0.426,0.435,25.7,78,974.0,10.1
ITN_SNG_01,2023-05-20 08:00:00+00:00,0.1,0.1,0.422,0.433,27.1,72,973.1,11.7
ITN_SNG_01,2023-05-20 09:00:00+00:00,0.1,0.1,0.419,0.431,26.8,73,972.6,9.8
ITN_SNG_01,2023-05-20 10:00:00+00:00,0.2,0.2,0.418,0.429,26.6,75,972.2,9.5
ITN_SNG_01,2023-05-20 11:00:00+00:00,0.0,0.0,0.415,0.427,26.5,75,972.4,3.9
ITN_SNG_01,2023-05-20 12:00:00+00:00,0.1,0.1,0.412,0.424,25.2,85,973.3,3.3
ITN_SNG_01,2023-05-20 13:00:00+00:00,0.0,0.0,0.411,0.424,23.6,91,973.0,6.8
ITN_SNG_01,2023-05-20 14:00:00+00:00,0.0,0.0,0.41,0.423,22.3,96,973.8,6.4
ITN_SNG_01,2023-05-20 15:00:00+00:00,1.9,1.9,0.427,0.423,21.3,97,975.9,3.1
ITN_SNG_01,2023-05-20 16:00:00+00:00,0.6,0.6,0.431,0.423,21.7,94,975.4,5.2
ITN_SNG_01,2023-05-20 17:00:00+00:00,3.8,3.8,0.437,0.428,20.5,98,975.8,5.9
ITN_SNG_01,2023-05-20 18:00:00+00:00,2.1,2.1,0.43,0.431,21.0,96,975.3,4.2
ITN_SNG_01,2023-05-20 19:00:00+00:00,3.3,3.3,0.435,0.437,20.8,96,975.1,1.3
ITN_SNG_01,2023-05-20 20:00:00+00:00,5.7,5.7,0.439,0.439,20.5,97,975.1,1.9
ITN_SNG_01,2023-05-20 21:00:00+00:00,5.3,5.3,0.434,0.439,20.5,96,974.9,3.3
ITN_SNG_01,2023-05-20 22:00:00+00:00,0.9,0.9,0.432,0.437,20.6,96,974.8,2.5
ITN_SNG_01,2023-05-20 23:00:00+00:00,0.5,0.5,0.431,0.436,20.5,96,975.4,4.4
ITN_SNG_01,2023-05-21 00:00:00+00:00,0.6,0.6,0.43,0.434,20.5,99,976.4,6.4
ITN_SNG_01,2023-05-21 01:00:00+00:00,4.0,4.0,0.439,0.438,20.8,96,977.5,5.0
ITN_SNG_01,2023-05-21 02:00:00+00:00,1.4,1.4,0.431,0.437,21.3,94,978.7,5.8
ITN_SNG_01,2023-05-21 03:00:00+00:00,2.1,2.1,0.433,0.439,22.2,87,979.3,6.7
ITN_SNG_01,2023-05-21 04:00:00+00:00,0.5,0.5,0.429,0.437,23.7,81,979.1,9.5
ITN_SNG_01,2023-05-21 05:00:00+00:00,0.0,0.0,0.423,0.435,24.6,77,978.5,11.5
ITN_SNG_01,2023-05-21 06:00:00+00:00,0.1,0.1,0.42,0.433,25.5,73,978.0,11.5
ITN_SNG_01,2023-05-21 07:00:00+00:00,0.1,0.1,0.417,0.431,26.2,73,976.9,10.6
ITN_SNG_01,2023-05-21 08:00:00+00:00,0.0,0.0,0.414,0.429,26.6,72,975.9,11.8
ITN_SNG_01,2023-05-21 09:00:00+00:00,0.0,0.0,0.411,0.427,26.5,71,975.0,12.4
ITN_SNG_01,2023-05-21 10:00:00+00:00,0.0,0.0,0.409,0.426,26.2,72,974.8,13.6
ITN_SNG_01,2023-05-21 11:00:00+00:00,0.0,0.0,0.408,0.424,25.4,75,975.3,11.8
ITN_SNG_01,2023-05-21 12:00:00+00:00,0.0,0.0,0.412,0.424,23.9,79,975.9,9.2
ITN_SNG_01,2023-05-21 13:00:00+00:00,0.0,0.0,0.41,0.423,22.7,86,976.1,9.3
ITN_SNG_01,2023-05-21 14:00:00+00:00,0.0,0.0,0.409,0.422,22.1,88,976.9,7.8
ITN_SNG_01,2023-05-21 15:00:00+00:00,0.1,0.1,0.409,0.421,21.6,90,977.7,4.0
ITN_SNG_01,2023-05-21 16:00:00+00:00,0.2,0.2,0.409,0.42,21.3,91,977.9,3.9
ITN_SNG_01,2023-05-21 17:00:00+00:00,0.0,0.0,0.408,0.419,21.0,91,977.7,5.4
ITN_SNG_01,2023-05-21 18:00:00+00:00,0.0,0.0,0.407,0.418,21.0,89,977.4,4.3
ITN_SNG_01,2023-05-21 19:00:00+00:00,2.8,2.8,0.436,0.418,20.5,92,977.4,8.0
ITN_SNG_01,2023-05-21 20:00:00+00:00,0.3,0.3,0.43,0.42,20.3,95,976.4,6.3
ITN_SNG_01,2023-05-21 21:00:00+00:00,0.2,0.2,0.426,0.42,19.9,97,976.2,2.1
ITN_SNG_01,2023-05-21 22:00:00+00:00,2.3,2.3,0.435,0.426,20.4,94,976.6,3.9
ITN_SNG_01,2023-05-21 23:00:00+00:00,0.5,0.5,0.433,0.427,20.0,95,976.6,3.6
ITN_SNG_01,2023-05-22 00:00:00+00:00,1.0,1.0,0.428,0.417,20.6,92,978.0,3.9
ITN_SNG_01,2023-05-22 01:00:00+00:00,1.3,1.3,0.429,0.421,21.9,87,978.8,2.3
ITN_SNG_01,2023-05-22 02:00:00+00:00,0.2,0.2,0.426,0.421,22.3,87,979.3,7.2
ITN_SNG_01,2023-05-22 03:00:00+00:00,0.0,0.0,0.422,0.421,23.4,83,979.6,7.4
ITN_SNG_01,2023-05-22 04:00:00+00:00,0.0,0.0,0.419,0.42,25.0,75,979.4,11.2
ITN_SNG_01,2023-05-22 05:00:00+00:00,0.0,0.0,0.415,0.419,26.1,69,979.0,11.6
ITN_SNG_01,2023-05-22 06:00:00+00:00,0.0,0.0,0.411,0.418,27.2,67,978.5,10.2
ITN_SNG_01,2023-05-22 07:00:00+00:00,0.0,0.0,0.408,0.416,26.8,70,977.5,7.9
ITN_SNG_01,2023-05-22 08:00:00+00:00,0.0,0.0,0.406,0.415,27.3,68,976.8,6.5
ITN_SNG_01,2023-05-22 09:00:00+00:00,0.0,0.0,0.403,0.414,27.1,69,975.7,8.4
ITN_SNG_01,2023-05-22 10:00:00+00:00,0.2,0.2,0.403,0.413,26.6,69,975.4,6.9
ITN_SNG_01,2023-05-22 11:00:00+00:00,0.1,0.1,0.402,0.412,25.8,74,975.6,9.7
ITN_SNG_01,2023-05-22 12:00:00+00:00,0.0,0.0,0.39,0.403,24.7,78,977.1,7.9
ITN_SNG_01,2023-05-22 13:00:00+00:00,0.0,0.0,0.389,0.403,23.3,84,977.1,6.6
ITN_SNG_01,2023-05-22 14:00:00+00:00,0.0,0.0,0.389,0.402,22.9,86,977.6,5.3
ITN_SNG_01,2023-05-22 15:00:00+00:00,0.0,0.0,0.389,0.402,22.8,83,978.1,5.8
ITN_SNG_01,2023-05-22 16:00:00+00:00,0.0,0.0,0.389,0.401,22.6,84,978.2,3.9
ITN_SNG_01,2023-05-22 17:00:00+00:00,0.0,0.0,0.388,0.4,22.6,81,978.3,3.4
ITN_SNG_01,2023-05-22 18:00:00+00:00,0.0,0.0,0.388,0.4,22.3,82,977.6,4.7
ITN_SNG_01,2023-05-22 19:00:00+00:00,0.0,0.0,0.388,0.399,20.9,87,976.8,3.6
ITN_SNG_01,2023-05-22 20:00:00+00:00,0.0,0.0,0.387,0.399,20.1,88,976.2,1.3
ITN_SNG_01,2023-05-22 21:00:00+00:00,0.0,0.0,0.387,0.398,19.8,88,976.0,3.1
ITN_SNG_01,2023-05-22 22:00:00+00:00,0.0,0.0,0.387,0.398,19.6,87,975.9,2.6
ITN_SNG_01,2023-05-22 23:00:00+00:00,0.0,0.0,0.387,0.397,19.6,86,976.1,2.4
ITN_SNG_01,2023-05-23 00:00:00+00:00,0.0,0.0,0.389,0.399,21.0,84,977.7,3.8
ITN_SNG_01,2023-05-23 01:00:00+00:00,0.0,0.0,0.388,0.398,23.8,77,978.4,3.7
ITN_SNG_01,2023-05-23 02:00:00+00:00,0.0,0.0,0.387,0.398,25.6,69,978.9,3.6
ITN_SNG_01,2023-05-23 03:00:00+00:00,0.0,0.0,0.385,0.397,26.7,68,979.0,5.8
ITN_SNG_01,2023-05-23 04:00:00+00:00,0.0,0.0,0.383,0.395,27.0,71,978.9,7.8
ITN_SNG_01,2023-05-23 05:00:00+00:00,0.0,0.0,0.381,0.394,27.9,69,978.6,7.7
ITN_SNG_01,2023-05-23 06:00:00+00:00,0.1,0.1,0.38,0.393,28.5,65,977.9,5.9
ITN_SNG_01,2023-05-23 07:00:00+00:00,0.0,0.0,0.378,0.392,29.4,61,976.6,3.8
ITN_SNG_01,2023-05-23 08:00:00+00:00,0.0,0.0,0.376,0.391,30.2,58,975.2,4.7
ITN_SNG_01,2023-05-23 09:00:00+00:00,0.0,0.0,0.374,0.39,30.8,54,973.9,6.5
ITN_SNG_01,2023-05-23 10:00:00+00:00,0.0,0.0,0.372,0.389,30.0,60,973.3,7.9
ITN_SNG_01,2023-05-23 11:00:00+00:00,0.0,0.0,0.372,0.388,29.1,65,973.0,6.9
ITN_SNG_01,2023-05-23 12:00:00+00:00,0.0,0.0,0.363,0.385,27.6,76,973.9,4.1
ITN_SNG_01,2023-05-23 13:00:00+00:00,0.0,0.0,0.363,0.385,26.0,81,973.7,4.0
ITN_SNG_01,2023-05-23 14:00:00+00:00,0.0,0.0,0.364,0.384,25.1,83,973.6,5.8
ITN_SNG_01,2023-05-23 15:00:00+00:00,0.0,0.0,0.364,0.384,24.6,83,975.0,6.7
ITN_SNG_01,2023-05-23 16:00:00+00:00,0.0,0.0,0.364,0.383,23.4,87,975.2,2.4
ITN_SNG_01,2023-05-23 17:00:00+00:00,0.0,0.0,0.364,0.383,23.2,85,975.6,3.5
ITN_SNG_01,2023-05-23 18:00:00+00:00,0.0,0.0,0.364,0.383,22.6,86,975.3,2.6
ITN_SNG_01,2023-05-23 19:00:00+00:00,0.0,0.0,0.365,0.382,22.6,85,974.7,2.8
ITN_SNG_01,2023-05-23 20:00:00+00:00,0.0,0.0,0.365,0.382,22.6,86,974.4,1.6
ITN_SNG_01,2023-05-23 21:00:00+00:00,0.0,0.0,0.365,0.381,22.6,86,974.8,2.5
ITN_SNG_01,2023-05-23 22:00:00+00:00,0.0,0.0,0.365,0.381,22.6,83,974.6,5.1
ITN_SNG_01,2023-05-23 23:00:00+00:00,0.0,0.0,0.365,0.381,22.2,87,974.4,4.3
ITN_SNG_01,2023-05-24 00:00:00+00:00,0.0,0.0,0.363,0.382,23.4,84,974.6,4.2
ITN_SNG_01,2023-05-24 01:00:00+00:00,0.0,0.0,0.363,0.382,24.2,85,975.5,0.8
ITN_SNG_01,2023-05-24 02:00:00+00:00,0.0,0.0,0.363,0.381,25.4,79,976.1,1.8
ITN_SNG_01,2023-05-24 03:00:00+00:00,0.0,0.0,0.362,0.38,26.8,73,975.9,4.0
ITN_SNG_01,2023-05-24 04:00:00+00:00,3.8,3.8,0.403,0.38,24.6,83,976.9,13.0
ITN_SNG_01,2023-05-24 05:00:00+00:00,0.3,0.3,0.403,0.381,24.7,83,975.6,3.3
ITN_SNG_01,2023-05-24 06:00:00+00:00,0.8,0.8,0.406,0.381,25.3,89,975.0,7.8
ITN_SNG_01,2023-05-24 07:00:00+00:00,0.5,0.5,0.407,0.382,25.7,86,973.9,6.9
ITN_SNG_01,2023-05-24 08:00:00+00:00,0.1,0.1,0.405,0.382,26.5,81,972.6,6.1
ITN_SNG_01,2023-05-24 09:00:00+00:00,0.0,0.0,0.401,0.382,27.1,76,972.0,5.3
ITN_SNG_01,2023-05-24 10:00:00+00:00,0.0,0.0,0.399,0.382,27.0,75,971.7,5.6
ITN_SNG_01,2023-05-24 11:00:00+00:00,0.0,0.0,0.397,0.383,26.8,76,971.5,4.7
ITN_SNG_01,2023-05-24 12:00:00+00:00,0.0,0.0,0.398,0.392,24.5,88,972.7,5.9
ITN_SNG_01,2023-05-24 13:00:00+00:00,0.0,0.0,0.397,0.392,23.7,92,972.6,5.5
ITN_SNG_01,2023-05-24 14:00:00+00:00,0.0,0.0,0.396,0.392,23.0,94,973.2,2.7
ITN_SNG_01,2023-05-24 15:00:00+00:00,0.0,0.0,0.395,0.392,22.8,93,973.9,2.7
ITN_SNG_01,2023-05-24 16:00:00+00:00,0.0,0.0,0.394,0.392,22.4,92,974.5,3.3
ITN_SNG_01,2023-05-24 17:00:00+00:00,0.0,0.0,0.393,0.392,22.4,91,974.7,4.4
ITN_SNG_01,2023-05-24 18:00:00+00:00,0.0,0.0,0.392,0.392,21.8,94,974.3,5.9
ITN_SNG_01,2023-05-24 19:00:00+00:00,0.0,0.0,0.392,0.392,21.2,95,973.7,1.1
ITN_SNG_01,2023-05-24 20:00:00+00:00,0.0,0.0,0.391,0.392,21.4,92,973.5,5.8
ITN_SNG_01,2023-05-24 21:00:00+00:00,0.1,0.1,0.391,0.391,21.2,95,973.7,4.7
ITN_SNG_01,2023-05-24 22:00:00+00:00,0.2,0.2,0.391,0.391,21.3,94,973.6,4.6
ITN_SNG_01,2023-05-24 23:00:00+00:00,0.0,0.0,0.391,0.391,21.1,94,973.2,4.6
ITN_SNG_01,2023-05-25 00:00:00+00:00,0.0,0.0,0.386,0.391,22.4,88,974.4,6.1
ITN_SNG_01,2023-05-25 01:00:00+00:00,0.0,0.0,0.385,0.391,23.5,88,975.1,4.8
ITN_SNG_01,2023-05-25 02:00:00+00:00,0.0,0.0,0.384,0.39,24.7,83,975.5,7.4
ITN_SNG_01,2023-05-25 03:00:00+00:00,0.0,0.0,0.383,0.389,26.4,75,975.8,7.2
ITN_SNG_01,2023-05-25 04:00:00+00:00,0.1,0.1,0.382,0.389,27.1,73,975.7,7.9
ITN_SNG_01,2023-05-25 05:00:00+00:00,0.1,0.1,0.38,0.388,27.7,71,975.1,7.7
ITN_SNG_01,2023-05-25 06:00:00+00:00,0.1,0.1,0.378,0.387,28.7,67,974.3,6.2
ITN_SNG_01,2023-05-25 07:00:00+00:00,0.0,0.0,0.376,0.386,28.5,70,973.2,7.1
ITN_SNG_01,2023-05-25 08:00:00+00:00,0.1,0.1,0.375,0.385,28.2,68,972.1,4.7
ITN_SNG_01,2023-05-25 09:00:00+00:00,0.0,0.0,0.373,0.384,29.1,67,971.2,3.1
ITN_SNG_01,2023-05-25 10:00:00+00:00,0.0,0.0,0.372,0.384,29.0,66,970.6,4.4
ITN_SNG_01,2023-05-25 11:00:00+00:00,0.1,0.1,0.372,0.383,28.2,67,970.6,4.9
ITN_SNG_01,2023-05-25 12:00:00+00:00,0.0,0.0,0.367,0.383,26.8,82,971.7,3.7
ITN_SNG_01,2023-05-25 13:00:00+00:00,0.0,0.0,0.367,0.383,25.9,80,971.9,3.4
ITN_SNG_01,2023-05-25 14:00:00+00:00,0.0,0.0,0.368,0.383,24.6,85,972.8,1.9
ITN_SNG_01,2023-05-25 15:00:00+00:00,0.0,0.0,0.368,0.383,23.8,88,973.4,3.8
ITN_SNG_01,2023-05-25 16:00:00+00:00,7.6,7.6,0.439,0.383,22.4,97,975.0,12.3
ITN_SNG_01,2023-05-25 17:00:00+00:00,3.7,3.7,0.435,0.399,22.2,95,974.6,4.9
ITN_SNG_01,2023-05-25 18:00:00+00:00,1.8,1.8,0.437,0.406,21.8,96,974.6,8.6
ITN_SNG_01,2023-05-25 19:00:00+00:00,0.2,0.2,0.427,0.41,21.0,99,974.1,10.0
ITN_SNG_01,2023-05-25 20:00:00+00:00,6.5,6.5,0.439,0.419,20.7,99,974.1,3.6
ITN_SNG_01,2023-05-25 21:00:00+00:00,1.5,1.5,0.431,0.426,20.8,100,973.9,6.7
ITN_SNG_01,2023-05-25 22:00:00+00:00,13.6,13.6,0.439,0.439,20.5,99,974.1,4.7
ITN_SNG_01,2023-05-25 23:00:00+00:00,12.6,12.6,0.439,0.438,20.7,98,974.8,4.7
ITN_SNG_01,2023-05-26 00:00:00+00:00,1.2,1.2,0.426,0.409,21.3,96,976.1,2.4
ITN_SNG_01,2023-05-26 01:00:00+00:00,1.7,1.7,0.434,0.413,21.6,95,976.5,2.9
ITN_SNG_01,2023-05-26 02:00:00+00:00,0.7,0.7,0.432,0.416,22.1,93,977.2,3.9
ITN_SNG_01,2023-05-26 03:00:00+00:00,1.2,1.2,0.437,0.418,22.4,91,977.9,2.9
ITN_SNG_01,2023-05-26 04:00:00+00:00,1.9,1.9,0.436,0.425,22.7,90,978.0,1.1
ITN_SNG_01,2023-05-26 05:00:00+00:00,1.1,1.1,0.436,0.427,23.2,89,977.5,1.9
ITN_SNG_01,2023-05-26 06:00:00+00:00,0.7,0.7,0.432,0.429,24.1,87,976.6,1.1
ITN_SNG_01,2023-05-26 07:00:00+00:00,0.0,0.0,0.427,0.428,25.5,84,975.4,2.1
ITN_SNG_01,2023-05-26 08:00:00+00:00,0.0,0.0,0.423,0.427,25.8,82,974.2,6.1
ITN_SNG_01,2023-05-26 09:00:00+00:00,0.0,0.0,0.42,0.426,26.5,76,973.7,4.7
ITN_SNG_01,2023-05-26 10:00:00+00:00,0.0,0.0,0.416,0.425,26.8,73,973.4,7.3
ITN_SNG_01,2023-05-26 11:00:00+00:00,0.1,0.1,0.415,0.424,26.2,73,973.1,1.1
ITN_SNG_01,2023-05-26 12:00:00+00:00,0.2,0.2,0.403,0.413,24.1,86,973.9,8.8
ITN_SNG_01,2023-05-26 13:00:00+00:00,0.0,0.0,0.402,0.413,23.2,87,974.0,8.6
ITN_SNG_01,2023-05-26 14:00:00+00:00,0.0,0.0,0.402,0.412,22.5,89,974.5,7.1
ITN_SNG_01,2023-05-26 15:00:00+00:00,0.2,0.2,0.402,0.412,21.7,93,975.1,7.4
ITN_SNG_01,2023-05-26 16:00:00+00:00,1.0,1.0,0.411,0.411,21.9,91,975.7,3.7
ITN_SNG_01,2023-05-26 17:00:00+00:00,0.7,0.7,0.416,0.412,21.4,95,975.6,4.3
ITN_SNG_01,2023-05-26 18:00:00+00:00,0.0,0.0,0.414,0.412,21.3,94,975.3,2.2
ITN_SNG_01,2023-05-26 19:00:00+00:00,0.3,0.3,0.416,0.412,20.9,97,974.8,2.9
ITN_SNG_01,2023-05-26 20:00:00+00:00,0.4,0.4,0.42,0.412,21.1,96,974.1,1.4
ITN_SNG_01,2023-05-26 21:00:00+00:00,0.2,0.2,0.42,0.412,20.9,97,974.1,0.7
ITN_SNG_01,2023-05-26 22:00:00+00:00,0.1,0.1,0.417,0.413,20.8,96,973.9,1.9
ITN_SNG_01,2023-05-26 23:00:00+00:00,0.0,0.0,0.416,0.413,20.5,97,974.4,1.8
ITN_SNG_01,2023-05-27 00:00:00+00:00,0.1,0.1,0.428,0.433,21.2,94,974.2,6.0
ITN_SNG_01,2023-05-27 01:00:00+00:00,0.1,0.1,0.425,0.432,21.3,96,975.0,7.1
ITN_SNG_01,2023-05-27 02:00:00+00:00,0.7,0.7,0.427,0.431,21.6,93,976.2,7.2
ITN_SNG_01,2023-05-27 03:00:00+00:00,1.5,1.5,0.436,0.431,22.3,94,976.7,5.1
ITN_SNG_01,2023-05-27 04:00:00+00:00,0.9,0.9,0.434,0.431,23.4,87,977.0,3.6
ITN_SNG_01,2023-05-27 05:00:00+00:00,3.2,3.2,0.434,0.437,23.8,86,976.4,5.5
ITN_SNG_01,2023-05-27 06:00:00+00:00,0.2,0.2,0.428,0.434,26.8,76,975.7,3.7
ITN_SNG_01,2023-05-27 07:00:00+00:00,0.1,0.1,0.423,0.432,27.7,73,974.8,3.3
ITN_SNG_01,2023-05-27 08:00:00+00:00,0.1,0.1,0.419,0.43,27.7,70,974.2,7.3
ITN_SNG_01,2023-05-27 09:00:00+00:00,3.9,3.9,0.434,0.434,25.9,77,973.8,6.2
ITN_SNG_01,2023-05-27 10:00:00+00:00,0.0,0.0,0.428,0.433,26.7,76,973.2,3.2
ITN_SNG_01,2023-05-27 11:00:00+00:00,0.0,0.0,0.424,0.432,26.3,78,973.3,2.9
ITN_SNG_01,2023-05-27 12:00:00+00:00,0.4,0.4,0.411,0.426,23.8,83,975.0,6.0
ITN_SNG_01,2023-05-27 13:00:00+00:00,0.1,0.1,0.411,0.425,23.0,88,974.8,4.7
ITN_SNG_01,2023-05-27 14:00:00+00:00,0.0,0.0,0.41,0.424,22.2,92,975.3,4.0
ITN_SNG_01,2023-05-27 15:00:00+00:00,0.0,0.0,0.409,0.423,21.6,93,975.6,5.0
ITN_SNG_01,2023-05-27 16:00:00+00:00,0.0,0.0,0.408,0.422,21.5,91,975.8,5.4
ITN_SNG_01,2023-05-27 17:00:00+00:00,0.0,0.0,0.408,0.421,21.2,91,975.8,4.3
ITN_SNG_01,2023-05-27 18:00:00+00:00,0.1,0.1,0.407,0.421,21.0,90,975.5,4.3
ITN_SNG_01,2023-05-27 19:00:00+00:00,0.0,0.0,0.406,0.42,20.7,90,975.1,5.1
ITN_SNG_01,2023-05-27 20:00:00+00:00,0.0,0.0,0.406,0.419,20.2,91,974.7,4.9
ITN_SNG_01,2023-05-27 21:00:00+00:00,0.0,0.0,0.405,0.419,19.8,91,974.5,3.9
ITN_SNG_01,2023-05-27 22:00:00+00:00,0.0,0.0,0.404,0.418,19.5,90,974.5,4.7
ITN_SNG_01,2023-05-27 23:00:00+00:00,0.0,0.0,0.404,0.417,19.2,91,974.9,4.7
ITN_SNG_01,2023-05-28 00:00:00+00:00,0.0,0.0,0.397,0.416,21.3,89,975.7,2.4
ITN_SNG_01,2023-05-28 01:00:00+00:00,0.0,0.0,0.397,0.415,24.6,76,976.3,1.8
ITN_SNG_01,2023-05-28 02:00:00+00:00,0.3,0.3,0.398,0.414,25.5,75,977.1,3.3
ITN_SNG_01,2023-05-28 03:00:00+00:00,0.3,0.3,0.398,0.413,26.5,73,977.6,5.2
ITN_SNG_01,2023-05-28 04:00:00+00:00,0.0,0.0,0.397,0.412,27.8,71,977.6,5.5
ITN_SNG_01,2023-05-28 05:00:00+00:00,0.0,0.0,0.395,0.411,28.4,70,977.1,6.5
ITN_SNG_01,2023-05-28 06:00:00+00:00,0.0,0.0,0.393,0.409,29.0,67,976.3,7.2
ITN_SNG_01,2023-05-28 07:00:00+00:00,0.0,0.0,0.391,0.408,29.2,66,975.5,7.3
ITN_SNG_01,2023-05-28 08:00:00+00:00,0.0,0.0,0.389,0.407,29.2,66,974.8,7.5
ITN_SNG_01,2023-05-28 09:00:00+00:00,0.0,0.0,0.388,0.406,28.8,65,974.1,5.0
ITN_SNG_01,2023-05-28 10:00:00+00:00,0.0,0.0,0.386,0.405,29.0,64,973.7,4.9
ITN_SNG_01,2023-05-28 11:00:00+00:00,0.0,0.0,0.386,0.404,28.6,66,973.8,4.7
ITN_SNG_01,2023-05-28 12:00:00+00:00,0.0,0.0,0.38,0.401,27.8,78,974.3,2.3
ITN_SNG_01,2023-05-28 13:00:00+00:00,0.0,0.0,0.38,0.401,25.9,83,974.4,2.9
ITN_SNG_01,2023-05-28 14:00:00+00:00,0.0,0.0,0.381,0.401,25.2,80,975.4,3.9
ITN_SNG_01,2023-05-28 15:00:00+00:00,0.0,0.0,0.381,0.4,23.4,87,975.6,4.9
ITN_SNG_01,2023-05-28 16:00:00+00:00,0.0,0.0,0.381,0.4,22.4,89,976.0,4.1
ITN_SNG_01,2023-05-28 17:00:00+00:00,0.0,0.0,0.381,0.399,21.7,89,975.9,4.1
ITN_SNG_01,2023-05-28 18:00:00+00:00,0.0,0.0,0.381,0.399,21.3,87,975.7,4.1
ITN_SNG_01,2023-05-28 19:00:00+00:00,0.0,0.0,0.381,0.399,21.0,85,975.4,4.1
ITN_SNG_01,2023-05-28 20:00:00+00:00,0.0,0.0,0.381,0.398,20.9,84,975.0,4.1
ITN_SNG_01,2023-05-28 21:00:00+00:00,0.0,0.0,0.381,0.398,20.6,83,974.8,5.1
ITN_SNG_01,2023-05-28 22:00:00+00:00,0.0,0.0,0.381,0.398,20.2,83,974.7,5.1
ITN_SNG_01,2023-05-28 23:00:00+00:00,0.0,0.0,0.381,0.397,20.0,82,974.9,5.4
ITN_SNG_01,2023-05-29 00:00:00+00:00,0.0,0.0,0.38,0.397,21.5,83,975.7,3.9
ITN_SNG_01,2023-05-29 01:00:00+00:00,0.0,0.0,0.38,0.396,26.8,73,976.8,0.8
ITN_SNG_01,2023-05-29 02:00:00+00:00,0.0,0.0,0.379,0.396,28.4,64,977.5,2.2
ITN_SNG_01,2023-05-29 03:00:00+00:00,0.0,0.0,0.377,0.395,29.3,63,977.8,3.9
ITN_SNG_01,2023-05-29 04:00:00+00:00,0.0,0.0,0.375,0.394,30.1,62,977.5,5.8
ITN_SNG_01,2023-05-29 05:00:00+00:00,0.0,0.0,0.373,0.393,31.0,60,977.3,5.1
ITN_SNG_01,2023-05-29 06:00:00+00:00,0.0,0.0,0.371,0.391,31.5,58,976.6,5.1
ITN_SNG_01,2023-05-29 07:00:00+00:00,0.0,0.0,0.368,0.39,31.9,57,975.5,4.4
ITN_SNG_01,2023-05-29 08:00:00+00:00,0.0,0.0,0.366,0.389,32.1,57,974.4,4.6
ITN_SNG_01,2023-05-29 09:00:00+00:00,0.0,0.0,0.364,0.388,32.2,57,973.7,5.6
ITN_SNG_01,2023-05-29 10:00:00+00:00,0.0,0.0,0.363,0.387,31.8,60,973.2,6.3
ITN_SNG_01,2023-05-29 11:00:00+00:00,0.0,0.0,0.363,0.386,30.9,63,973.2,4.8
ITN_SNG_01,2023-05-29 12:00:00+00:00,0.0,0.0,0.355,0.381,29.5,72,973.8,3.6
ITN_SNG_01,2023-05-29 13:00:00+00:00,0.0,0.0,0.355,0.381,27.6,78,973.7,3.4
ITN_SNG_01,2023-05-29 14:00:00+00:00,0.0,0.0,0.356,0.381,27.3,76,974.5,2.6
ITN_SNG_01,2023-05-29 15:00:00+00:00,0.0,0.0,0.356,0.38,26.3,80,975.2,3.7
ITN_SNG_01,2023-05-29 16:00:00+00:00,0.0,0.0,0.357,0.38,24.5,87,975.6,3.1
ITN_SNG_01,2023-05-29 17:00:00+00:00,0.0,0.0,0.357,0.38,23.7,87,975.9,2.8
ITN_SNG_01,2023-05-29 18:00:00+00:00,0.0,0.0,0.357,0.38,23.1,86,975.3,3.8
ITN_SNG_01,2023-05-29 19:00:00+00:00,0.0,0.0,0.357,0.379,22.8,85,974.9,4.9
ITN_SNG_01,2023-05-29 20:00:00+00:00,0.0,0.0,0.358,0.379,22.7,83,974.5,4.3
ITN_SNG_01,2023-05-29 21:00:00+00:00,0.0,0.0,0.358,0.379,22.9,81,974.5,3.8
ITN_SNG_01,2023-05-29 22:00:00+00:00,0.0,0.0,0.358,0.378,22.7,80,974.7,4.3
ITN_SNG_01,2023-05-29 23:00:00+00:00,0.0,0.0,0.358,0.378,22.5,79,974.9,4.6
ITN_SNG_01,2023-05-30 00:00:00+00:00,0.0,0.0,0.357,0.377,24.3,77,975.4,4.3
ITN_SNG_01,2023-05-30 01:00:00+00:00,0.0,0.0,0.357,0.377,27.7,73,976.4,3.9
ITN_SNG_01,2023-05-30 02:00:00+00:00,0.0,0.0,0.356,0.376,29.1,66,976.8,2.1
ITN_SNG_01,2023-05-30 03:00:00+00:00,0.0,0.0,0.355,0.375,30.2,64,977.1,3.6
ITN_SNG_01,2023-05-30 04:00:00+00:00,0.0,0.0,0.353,0.374,31.1,62,976.9,5.8
ITN_SNG_01,2023-05-30 05:00:00+00:00,0.0,0.0,0.351,0.373,31.8,60,976.3,6.2
ITN_SNG_01,2023-05-30 06:00:00+00:00,0.0,0.0,0.348,0.372,32.4,58,975.5,4.9
ITN_SNG_01,2023-05-30 07:00:00+00:00,0.0,0.0,0.346,0.37,33.1,55,974.4,4.5
ITN_SNG_01,2023-05-30 08:00:00+00:00,0.0,0.0,0.344,0.369,33.4,53,973.1,4.8
ITN_SNG_01,2023-05-30 09:00:00+00:00,0.0,0.0,0.342,0.368,33.5,51,972.1,5.4
ITN_SNG_01,2023-05-30 10:00:00+00:00,0.0,0.0,0.341,0.367,33.2,50,971.4,5.9
ITN_SNG_01,2023-05-30 11:00:00+00:00,0.0,0.0,0.34,0.367,32.2,55,971.3,5.8
ITN_SNG_01,2023-05-30 12:00:00+00:00,0.0,0.0,0.337,0.364,30.8,67,972.0,4.5
ITN_SNG_01,2023-05-30 13:00:00+00:00,0.0,0.0,0.337,0.364,28.7,70,972.1,5.2
ITN_SNG_01,2023-05-30 14:00:00+00:00,0.0,0.0,0.338,0.363,27.2,75,972.8,7.1
ITN_SNG_01,2023-05-30 15:00:00+00:00,0.0,0.0,0.338,0.363,25.4,83,973.0,6.6
ITN_SNG_01,2023-05-30 16:00:00+00:00,0.0,0.0,0.338,0.363,23.6,88,973.3,6.4
ITN_SNG_01,2023-05-30 17:00:00+00:00,0.0,0.0,0.339,0.363,22.7,87,973.2,5.7
ITN_SNG_01,2023-05-30 18:00:00+00:00,0.0,0.0,0.339,0.363,22.0,86,973.1,3.7
ITN_SNG_01,2023-05-30 19:00:00+00:00,0.0,0.0,0.339,0.362,21.6,85,972.8,4.3
ITN_SNG_01,2023-05-30 20:00:00+00:00,0.0,0.0,0.339,0.362,21.7,83,972.7,4.4
ITN_SNG_01,2023-05-30 21:00:00+00:00,0.0,0.0,0.34,0.362,21.3,82,972.6,4.9
ITN_SNG_01,2023-05-30 22:00:00+00:00,0.0,0.0,0.34,0.362,21.2,81,972.7,5.2
ITN_SNG_01,2023-05-30 23:00:00+00:00,0.0,0.0,0.34,0.362,21.0,81,973.1,6.3
ITN_SNG_01,2023-05-31 00:00:00+00:00,0.0,0.0,0.34,0.361,22.8,81,974.0,6.1
ITN_SNG_01,2023-05-31 01:00:00+00:00,0.0,0.0,0.34,0.361,27.6,80,974.8,4.0
ITN_SNG_01,2023-05-31 02:00:00+00:00,0.0,0.0,0.339,0.36,29.5,64,975.1,3.1
ITN_SNG_01,2023-05-31 03:00:00+00:00,0.0,0.0,0.338,0.359,30.5,63,975.3,4.0
ITN_SNG_01,2023-05-31 04:00:00+00:00,0.0,0.0,0.336,0.358,31.4,62,975.1,5.5
ITN_SNG_01,2023-05-31 05:00:00+00:00,0.0,0.0,0.334,0.357,32.3,61,974.4,6.5
ITN_SNG_01,2023-05-31 06:00:00+00:00,0.0,0.0,0.331,0.356,32.8,58,973.4,7.0
ITN_SNG_01,2023-05-31 07:00:00+00:00,0.0,0.0,0.329,0.355,33.4,55,971.8,8.0
ITN_SNG_01,2023-05-31 08:00:00+00:00,0.0,0.0,0.327,0.354,33.4,54,970.8,9.5
ITN_SNG_01,2023-05-31 09:00:00+00:00,0.0,0.0,0.326,0.353,33.5,53,969.8,10.4
ITN_SNG_01,2023-05-31 10:00:00+00:00,0.0,0.0,0.325,0.352,33.1,54,969.3,12.1
ITN_SNG_01,2023-05-31 11:00:00+00:00,0.0,0.0,0.324,0.352,31.9,60,969.0,10.7
ITN_SNG_01,2023-05-31 12:00:00+00:00,0.0,0.0,0.319,0.349,30.6,67,969.5,10.0
ITN_SNG_01,2023-05-31 13:00:00+00:00,0.0,0.0,0.319,0.348,28.8,74,969.3,7.3
ITN_SNG_01,2023-05-31 14:00:00+00:00,0.0,0.0,0.319,0.348,28.1,76,970.1,6.8
ITN_SNG_01,2023-05-31 15:00:00+00:00,0.0,0.0,0.32,0.348,27.3,78,970.7,7.3
ITN_SNG_01,2023-05-31 16:00:00+00:00,0.0,0.0,0.32,0.348,26.3,77,971.1,7.9
ITN_SNG_01,2023-05-31 17:00:00+00:00,0.0,0.0,0.32,0.348,25.9,74,971.1,9.3
ITN_SNG_01,2023-05-31 18:00:00+00:00,0.0,0.0,0.32,0.348,26.2,74,971.1,11.7
ITN_SNG_01,2023-05-31 19:00:00+00:00,0.0,0.0,0.321,0.347,25.9,79,970.6,10.6
ITN_SNG_01,2023-05-31 20:00:00+00:00,0.0,0.0,0.321,0.347,24.7,80,970.2,6.9
ITN_SNG_01,2023-05-31 21:00:00+00:00,0.0,0.0,0.321,0.347,23.9,79,970.6,1.6
ITN_SNG_01,2023-05-31 22:00:00+00:00,0.0,0.0,0.321,0.347,23.7,75,970.7,4.5
ITN_SNG_01,2023-05-31 23:00:00+00:00,0.0,0.0,0.322,0.347,23.5,78,971.2,3.5
ITN_SNG_01,2023-06-01 00:00:00+00:00,0.0,0.0,0.324,0.347,24.8,77,972.0,4.9
ITN_SNG_01,2023-06-01 01:00:00+00:00,0.0,0.0,0.324,0.347,28.1,70,972.7,4.8
ITN_SNG_01,2023-06-01 02:00:00+00:00,0.0,0.0,0.323,0.346,28.8,72,973.2,4.7
ITN_SNG_01,2023-06-01 03:00:00+00:00,0.3,0.3,0.324,0.345,28.5,76,973.8,4.0
ITN_SNG_01,2023-06-01 04:00:00+00:00,0.1,0.1,0.324,0.345,28.7,74,973.2,2.5
ITN_SNG_01,2023-06-01 05:00:00+00:00,0.8,0.8,0.329,0.344,28.3,75,973.0,10.1
ITN_SNG_01,2023-06-01 06:00:00+00:00,0.1,0.1,0.328,0.344,30.2,69,972.1,8.9
ITN_SNG_01,2023-06-01 07:00:00+00:00,0.0,0.0,0.327,0.343,30.7,66,970.4,11.1
ITN_SNG_01,2023-06-01 08:00:00+00:00,0.0,0.0,0.325,0.342,31.1,65,969.3,12.1
ITN_SNG_01,2023-06-01 09:00:00+00:00,0.0,0.0,0.323,0.341,31.3,66,968.6,12.5
ITN_SNG_01,2023-06-01 10:00:00+00:00,0.1,0.1,0.322,0.341,30.4,72,968.2,13.0
ITN_SNG_01,2023-06-01 11:00:00+00:00,0.1,0.1,0.323,0.34,29.5,74,968.1,9.7
ITN_SNG_01,2023-06-01 12:00:00+00:00,0.0,0.0,0.317,0.339,28.9,80,968.7,6.5
ITN_SNG_01,2023-06-01 13:00:00+00:00,0.0,0.0,0.318,0.339,27.7,83,968.8,4.0
ITN_SNG_01,2023-06-01 14:00:00+00:00,5.3,5.3,0.383,0.339,24.5,91,970.9,15.5
ITN_SNG_01,2023-06-01 15:00:00+00:00,0.1,0.1,0.382,0.34,25.2,83,970.4,8.7
ITN_SNG_01,2023-06-01 16:00:00+00:00,0.3,0.3,0.382,0.341,24.9,87,970.5,5.2
ITN_SNG_01,2023-06-01 17:00:00+00:00,0.0,0.0,0.38,0.341,24.6,91,970.5,3.6
ITN_SNG_01,2023-06-01 18:00:00+00:00,0.1,0.1,0.379,0.342,24.7,90,970.2,2.6
ITN_SNG_01,2023-06-01 19:00:00+00:00,0.1,0.1,0.379,0.342,24.4,90,969.8,3.0
ITN_SNG_01,2023-06-01 20:00:00+00:00,0.1,0.1,0.379,0.343,24.2,93,969.6,4.2
ITN_SNG_01,2023-06-01 21:00:00+00:00,0.3,0.3,0.381,0.343,23.6,96,969.6,6.4
ITN_SNG_01,2023-06-01 22:00:00+00:00,0.5,0.5,0.386,0.344,23.3,98,970.0,6.4
ITN_SNG_01,2023-06-01 23:00:00+00:00,1.9,1.9,0.408,0.345,22.7,99,970.5,3.5
ITN_SNG_01,2023-06-02 00:00:00+00:00,2.8,2.8,0.391,0.345,24.2,94,971.5,7.4
ITN_SNG_01,2023-06-02 01:00:00+00:00,0.9,0.9,0.397,0.346,24.7,89,972.0,5.5
ITN_SNG_01,2023-06-02 02:00:00+00:00,0.3,0.3,0.396,0.347,26.7,82,972.7,1.8
ITN_SNG_01,2023-06-02 03:00:00+00:00,0.1,0.1,0.393,0.348,28.2,76,972.9,5.8
ITN_SNG_01,2023-06-02 04:00:00+00:00,0.3,0.3,0.391,0.348,28.3,80,973.0,5.0
ITN_SNG_01,2023-06-02 05:00:00+00:00,0.1,0.1,0.387,0.348,29.0,77,972.6,4.2
ITN_SNG_01,2023-06-02 06:00:00+00:00,0.0,0.0,0.384,0.348,30.5,71,971.8,7.1
ITN_SNG_01,2023-06-02 07:00:00+00:00,0.0,0.0,0.38,0.348,30.5,71,970.7,10.1
ITN_SNG_01,2023-06-02 08:00:00+00:00,0.0,0.0,0.377,0.348,31.3,65,969.5,10.6
ITN_SNG_01,2023-06-02 09:00:00+00:00,0.2,0.2,0.375,0.348,31.1,64,968.9,12.8
ITN_SNG_01,2023-06-02 10:00:00+00:00,0.0,0.0,0.373,0.347,31.2,62,968.5,10.0
ITN_SNG_01,2023-06-02 11:00:00+00:00,0.0,0.0,0.371,0.347,31.0,62,968.3,6.7
ITN_SNG_01,2023-06-02 12:00:00+00:00,0.0,0.0,0.37,0.347,29.4,79,969.5,5.6
ITN_SNG_01,2023-06-02 13:00:00+00:00,0.0,0.0,0.369,0.347,27.2,86,970.2,7.9
ITN_SNG_01,2023-06-02 14:00:00+00:00,0.0,0.0,0.368,0.348,26.1,88,971.2,6.6
ITN_SNG_01,2023-06-02 15:00:00+00:00,0.0,0.0,0.368,0.348,25.2,90,971.5,7.9
ITN_SNG_01,2023-06-02 16:00:00+00:00,5.3,5.3,0.432,0.348,24.7,90,972.8,8.4
ITN_SNG_01,2023-06-02 17:00:00+00:00,6.4,6.4,0.428,0.365,23.7,94,972.5,4.0
ITN_SNG_01,2023-06-02 18:00:00+00:00,2.2,2.2,0.439,0.37,23.3,92,972.8,8.7
ITN_SNG_01,2023-06-02 19:00:00+00:00,0.0,0.0,0.418,0.377,23.1,88,971.5,7.6
ITN_SNG_01,2023-06-02 20:00:00+00:00,0.0,0.0,0.412,0.378,22.9,90,971.1,4.9
ITN_SNG_01,2023-06-02 21:00:00+00:00,0.0,0.0,0.409,0.379,23.2,88,971.4,5.1
ITN_SNG_01,2023-06-02 22:00:00+00:00,0.0,0.0,0.405,0.38,23.2,86,971.5,3.4
ITN_SNG_01,2023-06-02 23:00:00+00:00,0.0,0.0,0.403,0.381,22.9,88,971.9,3.7
ITN_SNG_01,2023-06-03 00:00:00+00:00,0.4,0.4,0.379,0.351,24.3,87,972.9,6.6
ITN_SNG_01,2023-06-03 01:00:00+00:00,0.8,0.8,0.385,0.351,25.8,84,973.6,6.0
ITN_SNG_01,2023-06-03 02:00:00+00:00,0.2,0.2,0.385,0.352,26.7,79,974.2,5.8
ITN_SNG_01,2023-06-03 03:00:00+00:00,0.0,0.0,0.383,0.352,28.5,70,974.5,4.1
ITN_SNG_01,2023-06-03 04:00:00+00:00,0.1,0.1,0.38,0.352,29.4,69,974.6,3.4
ITN_SNG_01,2023-06-03 05:00:00+00:00,0.1,0.1,0.378,0.352,30.6,67,974.5,5.8
ITN_SNG_01,2023-06-03 06:00:00+00:00,0.1,0.1,0.375,0.351,31.3,63,973.8,4.1
ITN_SNG_01,2023-06-03 07:00:00+00:00,0.0,0.0,0.372,0.351,31.8,61,972.6,4.7
ITN_SNG_01,2023-06-03 08:00:00+00:00,0.1,0.1,0.369,0.35,31.8,61,971.4,6.3
ITN_SNG_01,2023-06-03 09:00:00+00:00,0.0,0.0,0.366,0.35,31.9,56,970.6,8.3
ITN_SNG_01,2023-06-03 10:00:00+00:00,0.0,0.0,0.364,0.349,31.4,57,970.0,8.4
ITN_SNG_01,2023-06-03 11:00:00+00:00,0.0,0.0,0.363,0.349,30.5,65,970.4,4.1
ITN_SNG_01,2023-06-03 12:00:00+00:00,0.0,0.0,0.355,0.348,27.1,81,970.9,6.4
ITN_SNG_01,2023-06-03 13:00:00+00:00,0.0,0.0,0.354,0.348,25.7,88,971.1,6.4
ITN_SNG_01,2023-06-03 14:00:00+00:00,0.0,0.0,0.354,0.348,25.5,86,971.6,5.9
ITN_SNG_01,2023-06-03 15:00:00+00:00,0.6,0.6,0.358,0.348,24.6,88,972.8,9.0
ITN_SNG_01,2023-06-03 16:00:00+00:00,2.5,2.5,0.386,0.348,24.1,89,973.2,6.2
ITN_SNG_01,2023-06-03 17:00:00+00:00,3.6,3.6,0.432,0.349,23.4,94,974.1,10.3
ITN_SNG_01,2023-06-03 18:00:00+00:00,7.5,7.5,0.429,0.369,23.7,92,973.6,4.2
ITN_SNG_01,2023-06-03 19:00:00+00:00,0.0,0.0,0.419,0.372,23.6,90,972.8,3.3
ITN_SNG_01,2023-06-03 20:00:00+00:00,0.0,0.0,0.413,0.374,23.0,92,972.6,3.3
ITN_SNG_01,2023-06-03 21:00:00+00:00,0.2,0.2,0.411,0.375,23.1,90,972.9,4.8
ITN_SNG_01,2023-06-03 22:00:00+00:00,2.6,2.6,0.439,0.378,22.2,92,973.9,7.0
ITN_SNG_01,2023-06-03 23:00:00+00:00,0.6,0.6,0.424,0.385,22.2,93,973.4,5.9
ITN_SNG_01,2023-06-04 00:00:00+00:00,0.9,0.9,0.38,0.349,24.3,88,973.7,4.4
ITN_SNG_01,2023-06-04 01:00:00+00:00,0.2,0.2,0.379,0.349,25.0,88,974.9,5.8
ITN_SNG_01,2023-06-04 02:00:00+00:00,0.1,0.1,0.379,0.349,26.8,77,975.0,0.0
ITN_SNG_01,2023-06-04 03:00:00+00:00,0.0,0.0,0.377,0.35,27.8,73,975.7,0.8
ITN_SNG_01,2023-06-04 04:00:00+00:00,0.0,0.0,0.374,0.349,29.0,68,975.2,4.0
ITN_SNG_01,2023-06-04 05:00:00+00:00,0.0,0.0,0.371,0.349,30.0,67,974.7,3.5
ITN_SNG_01,2023-06-04 06:00:00+00:00,0.3,0.3,0.37,0.348,30.2,69,973.8,2.1
ITN_SNG_01,2023-06-04 07:00:00+00:00,0.0,0.0,0.367,0.348,30.8,67,972.7,5.7
ITN_SNG_01,2023-06-04 08:00:00+00:00,0.0,0.0,0.364,0.347,31.4,63,971.5,6.4
ITN_SNG_01,2023-06-04 09:00:00+00:00,0.0,0.0,0.362,0.347,31.6,58,970.2,9.9
ITN_SNG_01,2023-06-04 10:00:00+00:00,0.0,0.0,0.36,0.346,31.1,62,969.4,9.8
ITN_SNG_01,2023-06-04 11:00:00+00:00,0.0,0.0,0.358,0.346,30.4,66,969.5,7.0
ITN_SNG_01,2023-06-04 12:00:00+00:00,0.0,0.0,0.355,0.344,29.1,75,970.4,4.2
ITN_SNG_01,2023-06-04 13:00:00+00:00,0.0,0.0,0.354,0.344,27.4,84,970.9,1.6
ITN_SNG_01,2023-06-04 14:00:00+00:00,0.0,0.0,0.354,0.344,26.7,82,971.7,4.7
ITN_SNG_01,2023-06-04 15:00:00+00:00,0.0,0.0,0.353,0.344,26.0,84,972.2,4.4
ITN_SNG_01,2023-06-04 16:00:00+00:00,0.0,0.0,0.353,0.345,26.0,82,972.6,4.3
ITN_SNG_01,2023-06-04 17:00:00+00:00,5.1,5.1,0.415,0.345,24.8,83,973.3,8.3
ITN_SNG_01,2023-06-04 18:00:00+00:00,2.2,2.2,0.422,0.352,24.2,92,973.0,1.5
ITN_SNG_01,2023-06-04 19:00:00+00:00,0.1,0.1,0.413,0.355,23.5,94,972.7,2.8
ITN_SNG_01,2023-06-04 20:00:00+00:00,0.0,0.0,0.408,0.357,23.1,94,971.9,4.8
ITN_SNG_01,2023-06-04 21:00:00+00:00,0.0,0.0,0.403,0.358,22.8,92,971.6,3.2
ITN_SNG_01,2023-06-04 22:00:00+00:00,0.0,0.0,0.4,0.359,22.4,92,971.6,2.9
ITN_SNG_01,2023-06-04 23:00:00+00:00,0.0,0.0,0.397,0.36,22.3,91,971.7,3.4
ITN_SNG_01,2023-06-05 00:00:00+00:00,0.0,0.0,0.352,0.346,23.5,90,972.8,2.4
ITN_SNG_01,2023-06-05 01:00:00+00:00,0.0,0.0,0.352,0.346,27.1,78,973.3,3.7
ITN_SNG_01,2023-06-05 02:00:00+00:00,0.0,0.0,0.351,0.346,28.8,72,973.7,4.4
ITN_SNG_01,2023-06-05 03:00:00+00:00,0.0,0.0,0.349,0.345,29.5,70,973.8,7.0
ITN_SNG_01,2023-06-05 04:00:00+00:00,0.2,0.2,0.348,0.345,30.2,66,973.6,5.2
ITN_SNG_01,2023-06-05 05:00:00+00:00,0.1,0.1,0.347,0.344,31.1,62,973.0,3.4
ITN_SNG_01,2023-06-05 06:00:00+00:00,0.1,0.1,0.345,0.343,31.8,60,972.4,4.7
ITN_SNG_01,2023-06-05 07:00:00+00:00,0.0,0.0,0.342,0.342,32.4,58,971.2,7.5
ITN_SNG_01,2023-06-05 08:00:00+00:00,0.0,0.0,0.34,0.341,33.0,54,969.8,9.4
ITN_SNG_01,2023-06-05 09:00:00+00:00,0.0,0.0,0.337,0.341,33.0,54,968.6,10.9
ITN_SNG_01,2023-06-05 10:00:00+00:00,0.0,0.0,0.336,0.34,32.6,55,967.9,10.0
ITN_SNG_01,2023-06-05 11:00:00+00:00,0.0,0.0,0.334,0.34,32.0,60,967.8,8.4
ITN_SNG_01,2023-06-05 12:00:00+00:00,0.0,0.0,0.331,0.338,30.7,67,968.7,8.7
ITN_SNG_01,2023-06-05 13:00:00+00:00,0.0,0.0,0.331,0.338,28.7,76,969.3,4.7
ITN_SNG_01,2023-06-05 14:00:00+00:00,0.0,0.0,0.331,0.338,27.9,78,970.5,5.2
ITN_SNG_01,2023-06-05 15:00:00+00:00,0.0,0.0,0.33,0.338,26.8,81,971.1,5.6
ITN_SNG_01,2023-06-05 16:00:00+00:00,0.0,0.0,0.33,0.338,25.4,85,971.7,5.4
ITN_SNG_01,2023-06-05 17:00:00+00:00,0.0,0.0,0.33,0.338,24.4,87,971.8,5.3
ITN_SNG_01,2023-06-05 18:00:00+00:00,0.0,0.0,0.33,0.338,23.9,86,971.5,6.2
ITN_SNG_01,2023-06-05 19:00:00+00:00,0.0,0.0,0.33,0.337,24.0,84,971.4,5.0
ITN_SNG_01,2023-06-05 20:00:00+00:00,0.0,0.0,0.33,0.337,24.5,81,971.2,5.6
ITN_SNG_01,2023-06-05 21:00:00+00:00,0.0,0.0,0.33,0.337,24.8,81,971.1,6.6
ITN_SNG_01,2023-06-05 22:00:00+00:00,0.0,0.0,0.331,0.337,24.2,81,971.0,5.4
ITN_SNG_01,2023-06-05 23:00:00+00:00,0.0,0.0,0.331,0.337,24.3,83,971.7,5.5
ITN_SNG_01,2023-06-06 00:00:00+00:00,0.0,0.0,0.334,0.34,25.3,83,971.4,4.5
ITN_SNG_01,2023-06-06 01:00:00+00:00,0.0,0.0,0.334,0.34,29.0,69,972.0,2.9
ITN_SNG_01,2023-06-06 02:00:00+00:00,0.0,0.0,0.333,0.339,30.6,60,972.3,4.6
ITN_SNG_01,2023-06-06 03:00:00+00:00,0.0,0.0,0.331,0.339,31.2,60,972.7,5.4
ITN_SNG_01,2023-06-06 04:00:00+00:00,0.0,0.0,0.329,0.338,32.0,59,972.8,4.0
ITN_SNG_01,2023-06-06 05:00:00+00:00,0.0,0.0,0.327,0.337,32.8,59,972.2,4.8
ITN_SNG_01,2023-06-06 06:00:00+00:00,0.0,0.0,0.324,0.336,33.7,58,971.2,4.8
ITN_SNG_01,2023-06-06 07:00:00+00:00,0.0,0.0,0.322,0.335,33.8,57,969.7,5.1
ITN_SNG_01,2023-06-06 08:00:00+00:00,0.0,0.0,0.32,0.334,33.9,55,968.8,6.1
ITN_SNG_01,2023-06-06 09:00:00+00:00,0.0,0.0,0.318,0.333,33.9,51,967.9,7.3
ITN_SNG_01,2023-06-06 10:00:00+00:00,0.0,0.0,0.316,0.333,33.5,51,967.1,7.2
ITN_SNG_01,2023-06-06 11:00:00+00:00,0.0,0.0,0.315,0.332,32.8,55,967.1,7.6
ITN_SNG_01,2023-06-06 12:00:00+00:00,0.0,0.0,0.311,0.329,31.3,62,967.9,7.7
ITN_SNG_01,2023-06-06 13:00:00+00:00,0.0,0.0,0.311,0.329,29.1,71,968.3,5.1
ITN_SNG_01,2023-06-06 14:00:00+00:00,0.0,0.0,0.311,0.329,28.3,73,969.3,4.8
ITN_SNG_01,2023-06-06 15:00:00+00:00,0.0,0.0,0.311,0.329,27.5,74,970.1,4.7
ITN_SNG_01,2023-06-06 16:00:00+00:00,0.0,0.0,0.311,0.329,26.1,78,970.6,3.9
ITN_SNG_01,2023-06-06 17:00:00+00:00,0.0,0.0,0.311,0.329,25.0,81,970.8,3.7
ITN_SNG_01,2023-06-06 18:00:00+00:00,0.0,0.0,0.311,0.329,24.2,83,970.5,4.7
ITN_SNG_01,2023-06-06 19:00:00+00:00,0.0,0.0,0.311,0.329,24.0,81,970.0,4.7
ITN_SNG_01,2023-06-06 20:00:00+00:00,0.0,0.0,0.312,0.329,23.8,79,969.6,3.7
ITN_SNG_01,2023-06-06 21:00:00+00:00,0.0,0.0,0.312,0.328,24.0,77,969.4,3.1
ITN_SNG_01,2023-06-06 22:00:00+00:00,0.0,0.0,0.312,0.328,24.1,76,969.6,3.9
ITN_SNG_01,2023-06-06 23:00:00+00:00,0.0,0.0,0.312,0.328,23.4,77,969.6,3.6
ITN_SNG_01,2023-06-07 00:00:00+00:00,0.0,0.0,0.312,0.328,25.1,78,970.4,4.7
ITN_SNG_01,2023-06-07 01:00:00+00:00,0.0,0.0,0.312,0.328,29.5,71,971.2,3.6
ITN_SNG_01,2023-06-07 02:00:00+00:00,0.0,0.0,0.311,0.328,31.6,55,971.6,0.0
ITN_SNG_01,2023-06-07 03:00:00+00:00,0.0,0.0,0.309,0.327,32.6,54,971.9,4.8
ITN_SNG_01,2023-06-07 04:00:00+00:00,0.0,0.0,0.308,0.326,33.1,54,972.0,7.1
ITN_SNG_01,2023-06-07 05:00:00+00:00,0.0,0.0,0.306,0.325,34.2,51,971.7,6.7
ITN_SNG_01,2023-06-07 06:00:00+00:00,0.0,0.0,0.303,0.325,34.8,50,970.5,9.3
ITN_SNG_01,2023-06-07 07:00:00+00:00,0.1,0.1,0.302,0.324,34.5,52,969.1,9.4
ITN_SNG_01,2023-06-07 08:00:00+00:00,0.0,0.0,0.3,0.323,34.5,52,967.9,7.9
ITN_SNG_01,2023-06-07 09:00:00+00:00,0.0,0.0,0.298,0.322,34.4,54,967.0,6.2
ITN_SNG_01,2023-06-07 10:00:00+00:00,0.2,0.2,0.298,0.321,33.5,56,966.9,5.9
ITN_SNG_01,2023-06-07 11:00:00+00:00,0.0,0.0,0.298,0.321,32.9,58,967.0,1.9
ITN_SNG_01,2023-06-07 12:00:00+00:00,0.0,0.0,0.298,0.321,30.9,72,968.4,4.9
ITN_SNG_01,2023-06-07 13:00:00+00:00,0.0,0.0,0.298,0.321,29.1,82,968.3,4.3
ITN_SNG_01,2023-06-07 14:00:00+00:00,0.0,0.0,0.298,0.321,27.9,89,969.2,4.6
ITN_SNG_01,2023-06-07 15:00:00+00:00,0.0,0.0,0.298,0.321,27.3,90,970.0,4.2
ITN_SNG_01,2023-06-07 16:00:00+00:00,0.0,0.0,0.298,0.32,26.9,88,970.6,2.8
ITN_SNG_01,2023-06-07 17:00:00+00:00,0.0,0.0,0.298,0.32,26.1,85,971.0,2.6
ITN_SNG_01,2023-06-07 18:00:00+00:00,0.0,0.0,0.299,0.32,25.7,84,970.6,3.2
ITN_SNG_01,2023-06-07 19:00:00+00:00,0.0,0.0,0.299,0.32,26.2,80,970.2,2.6
ITN_SNG_01,2023-06-07 20:00:00+00:00,0.0,0.0,0.299,0.32,25.7,81,969.6,4.1
ITN_SNG_01,2023-06-07 21:00:00+00:00,0.0,0.0,0.299,0.32,25.4,82,969.4,3.6
ITN_SNG_01,2023-06-07 22:00:00+00:00,0.2,0.2,0.3,0.32,25.4,82,969.5,2.8
ITN_SNG_01,2023-06-07 23:00:00+00:00,0.0,0.0,0.301,0.32,24.8,83,969.9,4.7
ITN_SNG_01,2023-06-08 00:00:00+00:00,0.0,0.0,0.296,0.318,26.9,75,970.3,5.7
ITN_SNG_01,2023-06-08 01:00:00+00:00,0.0,0.0,0.296,0.318,30.1,67,971.3,4.9
ITN_SNG_01,2023-06-08 02:00:00+00:00,0.0,0.0,0.295,0.317,31.5,58,972.1,4.2
ITN_SNG_01,2023-06-08 03:00:00+00:00,0.0,0.0,0.294,0.316,32.3,56,971.9,5.1
ITN_SNG_01,2023-06-08 04:00:00+00:00,0.0,0.0,0.293,0.316,32.5,57,971.4,6.9
ITN_SNG_01,2023-06-08 05:00:00+00:00,0.0,0.0,0.291,0.315,33.5,55,970.9,8.2
ITN_SNG_01,2023-06-08 06:00:00+00:00,0.0,0.0,0.289,0.314,34.3,53,970.3,4.7
ITN_SNG_01,2023-06-08 07:00:00+00:00,0.0,0.0,0.287,0.313,34.8,53,969.0,4.2
ITN_SNG_01,2023-06-08 08:00:00+00:00,0.0,0.0,0.285,0.313,34.5,54,967.9,6.6
ITN_SNG_01,2023-06-08 09:00:00+00:00,0.0,0.0,0.284,0.312,34.1,54,967.2,6.5
ITN_SNG_01,2023-06-08 10:00:00+00:00,0.0,0.0,0.283,0.311,33.4,57,966.7,4.3
ITN_SNG_01,2023-06-08 11:00:00+00:00,0.0,0.0,0.283,0.311,32.6,60,966.8,3.1
ITN_SNG_01,2023-06-08 12:00:00+00:00,0.0,0.0,0.283,0.311,31.3,71,966.9,4.0
ITN_SNG_01,2023-06-08 13:00:00+00:00,0.0,0.0,0.279,0.304,29.5,73,967.7,5.4
ITN_SNG_01,2023-06-08 14:00:00+00:00,0.0,0.0,0.279,0.304,28.3,78,968.1,2.9
ITN_SNG_01,2023-06-08 15:00:00+00:00,0.0,0.0,0.279,0.304,28.0,79,969.0,3.1
ITN_SNG_01,2023-06-08 16:00:00+00:00,0.0,0.0,0.279,0.304,27.3,81,969.5,2.9
ITN_SNG_01,2023-06-08 17:00:00+00:00,0.0,0.0,0.28,0.304,26.8,82,969.3,4.2
ITN_SNG_01,2023-06-08 18:00:00+00:00,2.1,2.1,0.303,0.304,26.6,83,969.1,5.6
ITN_SNG_01,2023-06-08 19:00:00+00:00,2.2,2.2,0.331,0.304,25.1,95,968.9,7.3
ITN_SNG_01,2023-06-08 20:00:00+00:00,2.7,2.7,0.366,0.304,25.1,96,968.9,6.4
ITN_SNG_01,2023-06-08 21:00:00+00:00,1.4,1.4,0.382,0.305,25.0,96,968.2,2.2
ITN_SNG_01,2023-06-08 22:00:00+00:00,0.6,0.6,0.387,0.306,25.0,97,968.4,1.1
ITN_SNG_01,2023-06-08 23:00:00+00:00,1.1,1.1,0.397,0.308,24.7,96,969.3,0.8
ITN_SNG_01,2023-06-09 00:00:00+00:00,1.1,1.1,0.405,0.31,24.8,97,969.5,5.6
ITN_SNG_01,2023-06-09 01:00:00+00:00,4.0,4.0,0.352,0.301,26.9,86,970.2,7.9
ITN_SNG_01,2023-06-09 02:00:00+00:00,1.7,1.7,0.372,0.302,27.2,84,970.2,3.1
ITN_SNG_01,2023-06-09 03:00:00+00:00,0.6,0.6,0.374,0.303,27.6,83,970.2,1.3
ITN_SNG_01,2023-06-09 04:00:00+00:00,0.1,0.1,0.372,0.304,29.4,75,970.4,1.9
ITN_SNG_01,2023-06-09 05:00:00+00:00,0.0,0.0,0.368,0.304,31.5,67,969.8,3.4
ITN_SNG_01,2023-06-09 06:00:00+00:00,0.1,0.1,0.364,0.304,32.1,66,968.8,6.7
ITN_SNG_01,2023-06-09 07:00:00+00:00,0.0,0.0,0.36,0.304,32.4,66,967.2,6.4
ITN_SNG_01,2023-06-09 08:00:00+00:00,6.8,6.8,0.439,0.305,28.5,79,967.1,8.3
ITN_SNG_01,2023-06-09 09:00:00+00:00,0.8,0.8,0.413,0.316,28.6,78,966.9,3.0
ITN_SNG_01,2023-06-09 10:00:00+00:00,0.2,0.2,0.406,0.319,27.9,82,965.9,1.3
ITN_SNG_01,2023-06-09 11:00:00+00:00,0.5,0.5,0.403,0.321,27.5,88,966.0,4.3
ITN_SNG_01,2023-06-09 12:00:00+00:00,0.2,0.2,0.399,0.323,27.2,91,967.0,3.2
ITN_SNG_01,2023-06-09 13:00:00+00:00,0.1,0.1,0.372,0.31,26.9,92,968.1,5.1
ITN_SNG_01,2023-06-09 14:00:00+00:00,0.0,0.0,0.37,0.311,26.5,94,968.6,5.1
ITN_SNG_01,2023-06-09 15:00:00+00:00,0.0,0.0,0.368,0.312,26.2,95,968.9,5.4
ITN_SNG_01,2023-06-09 16:00:00+00:00,0.0,0.0,0.367,0.312,25.9,94,968.9,5.8
ITN_SNG_01,2023-06-09 17:00:00+00:00,0.0,0.0,0.365,0.313,25.8,93,968.7,3.2
ITN_SNG_01,2023-06-09 18:00:00+00:00,0.0,0.0,0.363,0.313,25.5,93,968.1,1.1
ITN_SNG_01,2023-06-09 19:00:00+00:00,2.1,2.1,0.39,0.314,25.0,93,968.0,5.2
ITN_SNG_01,2023-06-09 20:00:00+00:00,0.3,0.3,0.389,0.315,24.4,99,967.4,5.1
ITN_SNG_01,2023-06-09 21:00:00+00:00,0.2,0.2,0.389,0.316,24.5,98,967.4,1.8
ITN_SNG_01,2023-06-09 22:00:00+00:00,2.6,2.6,0.418,0.319,24.2,96,967.8,4.5
ITN_SNG_01,2023-06-09 23:00:00+00:00,3.4,3.4,0.435,0.328,23.8,100,967.9,4.9
ITN_SNG_01,2023-06-10 00:00:00+00:00,2.5,2.5,0.428,0.329,24.8,95,968.7,1.9
ITN_SNG_01,2023-06-10 01:00:00+00:00,4.7,4.7,0.435,0.347,25.2,93,969.6,3.3
ITN_SNG_01,2023-06-10 02:00:00+00:00,1.1,1.1,0.424,0.356,25.7,92,969.5,4.2
ITN_SNG_01,2023-06-10 03:00:00+00:00,0.0,0.0,0.415,0.358,27.2,84,969.9,3.1
ITN_SNG_01,2023-06-10 04:00:00+00:00,2.7,2.7,0.431,0.363,27.6,85,970.0,2.5
ITN_SNG_01,2023-06-10 05:00:00+00:00,2.3,2.3,0.426,0.374,27.3,83,969.7,3.6
ITN_SNG_01,2023-06-10 06:00:00+00:00,0.1,0.1,0.417,0.376,28.8,76,968.4,5.8
ITN_SNG_01,2023-06-10 07:00:00+00:00,0.0,0.0,0.411,0.377,29.4,73,967.4,9.7
ITN_SNG_01,2023-06-10 08:00:00+00:00,0.0,0.0,0.406,0.377,29.5,73,966.8,7.8
ITN_SNG_01,2023-06-10 09:00:00+00:00,0.0,0.0,0.402,0.377,30.0,70,966.1,10.7
ITN_SNG_01,2023-06-10 10:00:00+00:00,0.2,0.2,0.4,0.377,28.4,77,966.1,16.9
ITN_SNG_01,2023-06-10 11:00:00+00:00,0.1,0.1,0.398,0.378,27.6,82,966.2,9.8
ITN_SNG_01,2023-06-10 12:00:00+00:00,0.0,0.0,0.436,0.412,26.5,90,967.3,6.3
ITN_SNG_01,2023-06-10 13:00:00+00:00,2.6,2.6,0.433,0.42,25.7,94,967.6,1.8
ITN_SNG_01,2023-06-10 14:00:00+00:00,1.5,1.5,0.434,0.424,25.5,94,968.1,3.2
ITN_SNG_01,2023-06-10 15:00:00+00:00,1.1,1.1,0.438,0.425,25.5,93,968.8,8.4
ITN_SNG_01,2023-06-10 16:00:00+00:00,0.3,0.3,0.432,0.426,25.6,90,969.1,2.0
ITN_SNG_01,2023-06-10 17:00:00+00:00,7.2,7.2,0.439,0.438,23.9,98,970.0,5.1
ITN_SNG_01,2023-06-10 18:00:00+00:00,0.7,0.7,0.429,0.433,23.9,98,968.4,4.4
ITN_SNG_01,2023-06-10 19:00:00+00:00,1.4,1.4,0.434,0.433,23.7,99,968.4,4.8
ITN_SNG_01,2023-06-10 20:00:00+00:00,3.2,3.2,0.436,0.438,23.7,98,967.5,2.0
ITN_SNG_01,2023-06-10 21:00:00+00:00,2.2,2.2,0.438,0.437,23.6,99,967.5,0.8
ITN_SNG_01,2023-06-10 22:00:00+00:00,3.1,3.1,0.439,0.437,23.4,100,967.7,0.8
ITN_SNG_01,2023-06-10 23:00:00+00:00,3.8,3.8,0.439,0.437,23.4,99,967.9,1.8
ITN_SNG_01,2023-06-11 00:00:00+00:00,3.3,3.3,0.438,0.435,23.8,97,968.1,5.8
ITN_SNG_01,2023-06-11 01:00:00+00:00,2.3,2.3,0.436,0.438,24.0,98,969.0,6.0
ITN_SNG_01,2023-06-11 02:00:00+00:00,4.0,4.0,0.439,0.439,23.8,99,969.1,7.6
ITN_SNG_01,2023-06-11 03:00:00+00:00,6.3,6.3,0.439,0.439,23.7,96,969.4,10.0
ITN_SNG_01,2023-06-11 04:00:00+00:00,9.5,9.5,0.439,0.439,23.7,96,969.5,7.9
ITN_SNG_01,2023-06-11 05:00:00+00:00,10.0,10.0,0.439,0.439,24.0,96,969.1,8.4
ITN_SNG_01,2023-06-11 06:00:00+00:00,8.4,8.4,0.439,0.439,24.4,95,969.0,6.5
ITN_SNG_01,2023-06-11 07:00:00+00:00,3.4,3.4,0.437,0.437,24.4,95,968.2,9.2
ITN_SNG_01,2023-06-11 08:00:00+00:00,1.3,1.3,0.435,0.436,24.9,91,967.1,11.8
ITN_SNG_01,2023-06-11 09:00:00+00:00,0.6,0.6,0.433,0.433,24.4,94,966.7,13.6
ITN_SNG_01,2023-06-11 10:00:00+00:00,0.3,0.3,0.429,0.432,24.8,91,966.4,14.4
ITN_SNG_01,2023-06-11 11:00:00+00:00,0.1,0.1,0.426,0.43,24.9,91,966.6,10.4
ITN_SNG_01,2023-06-11 12:00:00+00:00,0.4,0.4,0.425,0.43,24.2,93,967.6,9.6
ITN_SNG_01,2023-06-11 13:00:00+00:00,2.2,2.2,0.437,0.432,23.7,95,968.3,9.1
ITN_SNG_01,2023-06-11 14:00:00+00:00,4.0,4.0,0.439,0.438,23.4,95,968.8,10.2
ITN_SNG_01,2023-06-11 15:00:00+00:00,1.9,1.9,0.433,0.438,23.2,95,969.3,9.2
ITN_SNG_01,2023-06-11 16:00:00+00:00,0.3,0.3,0.429,0.435,23.2,95,969.9,8.1
ITN_SNG_01,2023-06-11 17:00:00+00:00,0.3,0.3,0.428,0.433,23.1,96,970.0,7.9
ITN_SNG_01,2023-06-11 18:00:00+00:00,0.4,0.4,0.429,0.431,23.0,97,969.2,7.5
ITN_SNG_01,2023-06-11 19:00:00+00:00,0.1,0.1,0.426,0.43,22.9,98,968.5,5.9
ITN_SNG_01,2023-06-11 20:00:00+00:00,0.0,0.0,0.423,0.429,22.8,97,968.1,5.6
ITN_SNG_01,2023-06-11 21:00:00+00:00,0.0,0.0,0.42,0.428,22.7,97,967.8,5.7
ITN_SNG_01,2023-06-11 22:00:00+00:00,0.0,0.0,0.418,0.427,22.7,97,967.8,5.1
ITN_SNG_01,2023-06-11 23:00:00+00:00,0.0,0.0,0.416,0.426,22.5,97,968.5,3.9
ITN_SNG_01,2023-06-12 00:00:00+00:00,0.0,0.0,0.411,0.419,23.4,96,969.4,7.7
ITN_SNG_01,2023-06-12 01:00:00+00:00,0.2,0.2,0.411,0.418,24.6,92,969.5,6.5
ITN_SNG_01,2023-06-12 02:00:00+00:00,0.1,0.1,0.411,0.418,25.9,84,970.2,10.2
ITN_SNG_01,2023-06-12 03:00:00+00:00,0.1,0.1,0.409,0.417,26.9,81,970.3,9.7
ITN_SNG_01,2023-06-12 04:00:00+00:00,0.0,0.0,0.407,0.416,27.8,78,970.3,8.7
ITN_SNG_01,2023-06-12 05:00:00+00:00,0.1,0.1,0.404,0.415,28.6,76,969.7,7.3
ITN_SNG_01,2023-06-12 06:00:00+00:00,0.0,0.0,0.402,0.413,29.2,74,968.7,5.8
ITN_SNG_01,2023-06-12 07:00:00+00:00,0.6,0.6,0.404,0.412,29.9,71,967.7,6.1
ITN_SNG_01,2023-06-12 08:00:00+00:00,0.6,0.6,0.406,0.411,29.4,75,967.1,6.8
ITN_SNG_01,2023-06-12 09:00:00+00:00,0.8,0.8,0.409,0.411,28.9,78,966.3,4.7
ITN_SNG_01,2023-06-12 10:00:00+00:00,1.3,1.3,0.419,0.41,28.0,81,966.3,5.8
ITN_SNG_01,2023-06-12 11:00:00+00:00,5.9,5.9,0.438,0.424,26.5,84,966.6,8.2
ITN_SNG_01,2023-06-12 12:00:00+00:00,0.1,0.1,0.405,0.407,26.3,88,967.4,5.6
ITN_SNG_01,2023-06-12 13:00:00+00:00,0.0,0.0,0.405,0.407,25.5,90,967.6,5.8
ITN_SNG_01,2023-06-12 14:00:00+00:00,0.0,0.0,0.404,0.406,25.0,90,968.3,5.6
ITN_SNG_01,2023-06-12 15:00:00+00:00,0.1,0.1,0.403,0.406,24.9,89,968.9,5.5
ITN_SNG_01,2023-06-12 16:00:00+00:00,0.1,0.1,0.403,0.406,24.7,89,969.3,4.7
ITN_SNG_01,2023-06-12 17:00:00+00:00,0.0,0.0,0.402,0.406,24.5,89,968.9,6.2
ITN_SNG_01,2023-06-12 18:00:00+00:00,0.0,0.0,0.402,0.405,24.1,90,968.7,4.7
ITN_SNG_01,2023-06-12 19:00:00+00:00,1.4,1.4,0.418,0.405,23.5,93,968.1,3.7
ITN_SNG_01,2023-06-12 20:00:00+00:00,0.5,0.5,0.42,0.406,23.5,95,967.5,2.9
ITN_SNG_01,2023-06-12 21:00:00+00:00,1.6,1.6,0.431,0.409,23.4,94,967.5,2.3
ITN_SNG_01,2023-06-12 22:00:00+00:00,1.6,1.6,0.435,0.414,23.0,97,967.6,0.5
ITN_SNG_01,2023-06-12 23:00:00+00:00,0.9,0.9,0.437,0.416,22.9,97,967.7,0.8
ITN_SNG_01,2023-06-13 00:00:00+00:00,4.6,4.6,0.434,0.436,24.4,94,967.9,4.1
ITN_SNG_01,2023-06-13 01:00:00+00:00,2.3,2.3,0.438,0.439,24.0,96,968.6,5.5
ITN_SNG_01,2023-06-13 02:00:00+00:00,3.1,3.1,0.431,0.436,24.0,97,969.0,2.3
ITN_SNG_01,2023-06-13 03:00:00+00:00,0.7,0.7,0.431,0.434,25.3,90,969.3,6.6
ITN_SNG_01,2023-06-13 04:00:00+00:00,0.5,0.5,0.429,0.433,26.3,85,969.0,6.7
ITN_SNG_01,2023-06-13 05:00:00+00:00,1.7,1.7,0.438,0.432,26.4,89,968.2,3.5
ITN_SNG_01,2023-06-13 06:00:00+00:00,2.5,2.5,0.439,0.436,26.0,90,968.0,7.3
ITN_SNG_01,2023-06-13 07:00:00+00:00,1.6,1.6,0.43,0.436,27.0,84,966.5,4.0
ITN_SNG_01,2023-06-13 08:00:00+00:00,0.0,0.0,0.424,0.433,29.3,77,965.3,6.6
ITN_SNG_01,2023-06-13 09:00:00+00:00,0.0,0.0,0.42,0.431,29.9,73,964.5,6.2
ITN_SNG_01,2023-06-13 10:00:00+00:00,0.0,0.0,0.416,0.429,30.0,69,964.3,6.9
ITN_SNG_01,2023-06-13 11:00:00+00:00,0.1,0.1,0.415,0.427,28.8,74,964.5,4.8
ITN_SNG_01,2023-06-13 12:00:00+00:00,0.1,0.1,0.405,0.421,26.5,85,965.3,9.0
ITN_SNG_01,2023-06-13 13:00:00+00:00,3.2,3.2,0.439,0.42,24.3,95,966.4,4.7
ITN_SNG_01,2023-06-13 14:00:00+00:00,9.1,9.1,0.436,0.437,24.3,94,967.4,1.4
ITN_SNG_01,2023-06-13 15:00:00+00:00,1.2,1.2,0.434,0.437,24.2,96,967.5,1.3
ITN_SNG_01,2023-06-13 16:00:00+00:00,4.4,4.4,0.439,0.439,23.6,99,968.2,4.3
ITN_SNG_01,2023-06-13 17:00:00+00:00,3.5,3.5,0.433,0.437,23.7,98,967.9,1.8
ITN_SNG_01,2023-06-13 18:00:00+00:00,2.2,2.2,0.435,0.439,23.4,99,968.0,5.4
ITN_SNG_01,2023-06-13 19:00:00+00:00,6.3,6.3,0.439,0.438,23.3,100,967.3,0.8
ITN_SNG_01,2023-06-13 20:00:00+00:00,4.0,4.0,0.439,0.438,23.3,99,966.9,3.4
ITN_SNG_01,2023-06-13 21:00:00+00:00,1.7,1.7,0.437,0.437,23.2,100,966.4,2.1
ITN_SNG_01,2023-06-13 22:00:00+00:00,1.1,1.1,0.434,0.438,23.1,100,966.8,2.9
ITN_SNG_01,2023-06-13 23:00:00+00:00,1.1,1.1,0.438,0.437,23.1,99,967.2,5.1
ITN_SNG_01,2023-06-14 00:00:00+00:00,9.9,9.9,0.439,0.438,23.2,98,968.2,5.2
ITN_SNG_01,2023-06-14 01:00:00+00:00,4.9,4.9,0.431,0.437,24.2,93,968.2,2.5
ITN_SNG_01,2023-06-14 02:00:00+00:00,0.5,0.5,0.429,0.435,25.4,89,968.4,4.7
ITN_SNG_01,2023-06-14 03:00:00+00:00,0.1,0.1,0.425,0.434,26.6,85,968.8,3.3
ITN_SNG_01,2023-06-14 04:00:00+00:00,0.1,0.1,0.421,0.432,27.8,81,968.8,7.0
ITN_SNG_01,2023-06-14 05:00:00+00:00,0.0,0.0,0.418,0.431,28.2,78,968.1,0.5
ITN_SNG_01,2023-06-14 06:00:00+00:00,0.1,0.1,0.416,0.429,29.9,71,967.5,5.4
ITN_SNG_01,2023-06-14 07:00:00+00:00,3.3,3.3,0.439,0.429,28.2,77,967.4,8.1
ITN_SNG_01,2023-06-14 08:00:00+00:00,2.3,2.3,0.432,0.436,26.0,87,966.3,8.0
ITN_SNG_01,2023-06-14 09:00:00+00:00,3.5,3.5,0.439,0.438,25.3,94,966.0,5.9
ITN_SNG_01,2023-06-14 10:00:00+00:00,2.7,2.7,0.432,0.439,24.4,98,966.1,4.0
ITN_SNG_01,2023-06-14 11:00:00+00:00,3.8,3.8,0.434,0.438,24.6,95,965.9,3.4
ITN_SNG_01,2023-06-14 12:00:00+00:00,0.4,0.4,0.43,0.435,24.3,95,967.0,5.9
ITN_SNG_01,2023-06-14 13:00:00+00:00,0.2,0.2,0.427,0.435,24.0,93,967.3,6.3
ITN_SNG_01,2023-06-14 14:00:00+00:00,0.1,0.1,0.424,0.433,24.0,92,968.0,0.8
ITN_SNG_01,2023-06-14 15:00:00+00:00,0.1,0.1,0.422,0.432,23.2,97,968.2,2.1
ITN_SNG_01,2023-06-14 16:00:00+00:00,0.2,0.2,0.422,0.431,23.1,98,968.7,1.9
ITN_SNG_01,2023-06-14 17:00:00+00:00,0.1,0.1,0.421,0.429,23.3,97,968.5,1.5
ITN_SNG_01,2023-06-14 18:00:00+00:00,0.4,0.4,0.423,0.428,23.3,97,968.2,1.4
ITN_SNG_01,2023-06-14 19:00:00+00:00,0.5,0.5,0.426,0.427,23.1,98,967.6,1.8
ITN_SNG_01,2023-06-14 20:00:00+00:00,0.4,0.4,0.427,0.426,23.1,97,966.8,1.1
ITN_SNG_01,2023-06-14 21:00:00+00:00,2.0,2.0,0.439,0.427,22.8,98,965.9,2.9
ITN_SNG_01,2023-06-14 22:00:00+00:00,8.0,8.0,0.439,0.439,22.8,98,965.9,4.2
ITN_SNG_01,2023-06-14 23:00:00+00:00,7.9,7.9,0.439,0.438,22.9,97,966.6,3.1
ITN_SNG_01,2023-06-15 00:00:00+00:00,8.0,8.0,0.433,0.43,23.4,97,968.6,2.1
ITN_SNG_01,2023-06-15 01:00:00+00:00,2.3,2.3,0.439,0.425,23.4,96,968.9,5.4
ITN_SNG_01,2023-06-15 02:00:00+00:00,2.6,2.6,0.439,0.43,23.2,99,969.4,2.1
ITN_SNG_01,2023-06-15 03:00:00+00:00,4.1,4.1,0.435,0.435,23.5,99,970.1,2.6
ITN_SNG_01,2023-06-15 04:00:00+00:00,0.2,0.2,0.429,0.422,24.7,89,969.9,2.2
ITN_SNG_01,2023-06-15 05:00:00+00:00,0.0,0.0,0.425,0.42,27.2,79,969.6,7.1
ITN_SNG_01,2023-06-15 06:00:00+00:00,0.0,0.0,0.42,0.418,28.8,74,969.1,9.1
ITN_SNG_01,2023-06-15 07:00:00+00:00,0.0,0.0,0.416,0.416,29.3,72,968.1,8.5
ITN_SNG_01,2023-06-15 08:00:00+00:00,0.0,0.0,0.413,0.414,29.6,72,966.8,5.4
ITN_SNG_01,2023-06-15 09:00:00+00:00,0.1,0.1,0.411,0.412,28.5,77,966.2,4.2
ITN_SNG_01,2023-06-15 10:00:00+00:00,1.3,1.3,0.421,0.411,25.5,87,965.9,10.9
ITN_SNG_01,2023-06-15 11:00:00+00:00,1.9,1.9,0.436,0.411,25.0,92,965.3,9.9
ITN_SNG_01,2023-06-15 12:00:00+00:00,4.6,4.6,0.441,0.431,23.6,94,968.5,10.3
ITN_SNG_01,2023-06-15 13:00:00+00:00,3.8,3.8,0.437,0.439,23.1,94,968.7,10.7
ITN_SNG_01,2023-06-15 14:00:00+00:00,1.1,1.1,0.432,0.428,22.7,94,969.3,11.1
ITN_SNG_01,2023-06-15 15:00:00+00:00,3.7,3.7,0.436,0.433,22.4,94,969.9,9.8
ITN_SNG_01,2023-06-15 16:00:00+00:00,1.4,1.4,0.438,0.434,22.6,94,970.4,8.9
ITN_SNG_01,2023-06-15 17:00:00+00:00,4.1,4.1,0.436,0.439,22.5,95,969.6,9.4
ITN_SNG_01,2023-06-15 18:00:00+00:00,7.2,7.2,0.439,0.436,22.3,96,968.8,7.4
ITN_SNG_01,2023-06-15 19:00:00+00:00,9.7,9.7,0.439,0.435,22.1,96,967.7,6.9
ITN_SNG_01,2023-06-15 20:00:00+00:00,7.3,7.3,0.439,0.437,22.1,97,967.6,5.2
ITN_SNG_01,2023-06-15 21:00:00+00:00,8.1,8.1,0.439,0.437,22.1,96,967.3,6.0
ITN_SNG_01,2023-06-15 22:00:00+00:00,12.8,12.8,0.438,0.439,22.1,94,967.2,6.8
ITN_SNG_01,2023-06-15 23:00:00+00:00,14.7,14.7,0.439,0.439,22.3,94,967.8,4.3
ITN_SNG_01,2023-06-16 00:00:00+00:00,8.0,8.0,0.441,0.436,22.0,91,968.7,14.3
ITN_SNG_01,2023-06-16 01:00:00+00:00,13.0,13.0,0.439,0.439,22.0,93,970.6,2.4
ITN_SNG_01,2023-06-16 02:00:00+00:00,23.3,23.3,0.439,0.439,21.7,96,970.5,9.4
ITN_SNG_01,2023-06-16 03:00:00+00:00,28.9,28.9,0.439,0.439,22.0,94,970.9,3.3
ITN_SNG_01,2023-06-16 04:00:00+00:00,12.9,12.9,0.439,0.439,22.0,95,971.1,5.9
ITN_SNG_01,2023-06-16 05:00:00+00:00,4.2,4.2,0.435,0.438,22.4,94,971.3,9.2
ITN_SNG_01,2023-06-16 06:00:00+00:00,3.8,3.8,0.439,0.438,22.5,94,970.6,9.9
ITN_SNG_01,2023-06-16 07:00:00+00:00,3.6,3.6,0.439,0.439,22.5,95,969.5,10.6
ITN_SNG_01,2023-06-16 08:00:00+00:00,9.2,9.2,0.439,0.439,22.7,94,968.0,15.0
ITN_SNG_01,2023-06-16 09:00:00+00:00,6.3,6.3,0.436,0.439,23.4,93,967.5,12.8
ITN_SNG_01,2023-06-16 10:00:00+00:00,1.5,1.5,0.435,0.438,23.0,93,967.7,9.5
ITN_SNG_01,2023-06-16 11:00:00+00:00,7.3,7.3,0.439,0.439,22.6,95,967.4,11.8
ITN_SNG_01,2023-06-16 12:00:00+00:00,7.5,7.5,0.441,0.441,21.8,94,968.8,8.2
ITN_SNG_01,2023-06-16 13:00:00+00:00,1.9,1.9,0.436,0.438,21.7,96,969.8,8.6
ITN_SNG_01,2023-06-16 14:00:00+00:00,0.4,0.4,0.431,0.437,21.8,93,970.5,10.1
ITN_SNG_01,2023-06-16 15:00:00+00:00,0.0,0.0,0.425,0.436,21.8,93,970.8,10.2
ITN_SNG_01,2023-06-16 16:00:00+00:00,0.0,0.0,0.422,0.434,21.7,95,970.9,9.7
ITN_SNG_01,2023-06-16 17:00:00+00:00,1.0,1.0,0.43,0.433,22.0,94,970.3,5.9
ITN_SNG_01,2023-06-16 18:00:00+00:00,0.8,0.8,0.434,0.433,21.2,99,969.8,7.9
ITN_SNG_01,2023-06-16 19:00:00+00:00,0.1,0.1,0.429,0.433,21.3,98,969.3,8.7
ITN_SNG_01,2023-06-16 20:00:00+00:00,0.0,0.0,0.425,0.433,21.6,97,969.0,7.1
ITN_SNG_01,2023-06-16 21:00:00+00:00,0.0,0.0,0.422,0.432,21.6,97,968.7,7.8
ITN_SNG_01,2023-06-16 22:00:00+00:00,0.2,0.2,0.422,0.431,21.2,99,969.1,7.2
ITN_SNG_01,2023-06-16 23:00:00+00:00,1.6,1.6,0.438,0.431,21.0,100,969.5,9.8
ITN_SNG_01,2023-06-17 00:00:00+00:00,13.6,13.6,0.436,0.437,21.8,94,970.8,6.8
ITN_SNG_01,2023-06-17 01:00:00+00:00,8.0,8.0,0.439,0.439,21.8,95,971.3,7.5
ITN_SNG_01,2023-06-17 02:00:00+00:00,7.6,7.6,0.439,0.439,21.5,96,971.9,7.9
ITN_SNG_01,2023-06-17 03:00:00+00:00,3.7,3.7,0.435,0.438,21.9,96,972.3,6.8
ITN_SNG_01,2023-06-17 04:00:00+00:00,2.0,2.0,0.433,0.437,22.8,92,972.6,3.6
ITN_SNG_01,2023-06-17 05:00:00+00:00,1.9,1.9,0.432,0.437,23.6,89,972.6,1.6
ITN_SNG_01,2023-06-17 06:00:00+00:00,0.5,0.5,0.43,0.436,23.4,89,972.4,2.3
ITN_SNG_01,2023-06-17 07:00:00+00:00,0.1,0.1,0.425,0.434,24.6,84,971.4,7.6
ITN_SNG_01,2023-06-17 08:00:00+00:00,1.8,1.8,0.439,0.433,24.9,84,970.5,4.5
ITN_SNG_01,2023-06-17 09:00:00+00:00,3.4,3.4,0.434,0.438,24.2,91,969.7,6.4
ITN_SNG_01,2023-06-17 10:00:00+00:00,0.1,0.1,0.428,0.436,25.5,84,969.1,6.1
ITN_SNG_01,2023-06-17 11:00:00+00:00,0.0,0.0,0.423,0.434,25.7,83,968.9,10.3
ITN_SNG_01,2023-06-17 12:00:00+00:00,0.0,0.0,0.42,0.433,24.0,91,970.5,6.6
ITN_SNG_01,2023-06-17 13:00:00+00:00,0.0,0.0,0.418,0.432,23.0,95,971.5,5.8
ITN_SNG_01,2023-06-17 14:00:00+00:00,0.0,0.0,0.416,0.43,22.6,98,972.5,6.4
ITN_SNG_01,2023-06-17 15:00:00+00:00,0.0,0.0,0.415,0.429,22.5,98,973.2,7.9
ITN_SNG_01,2023-06-17 16:00:00+00:00,0.0,0.0,0.413,0.428,22.3,98,973.2,5.5
ITN_SNG_01,2023-06-17 17:00:00+00:00,0.0,0.0,0.412,0.427,22.2,97,972.9,5.4
ITN_SNG_01,2023-06-17 18:00:00+00:00,0.0,0.0,0.411,0.426,22.1,96,972.6,4.0
ITN_SNG_01,2023-06-17 19:00:00+00:00,0.0,0.0,0.41,0.425,22.1,95,971.8,3.8
ITN_SNG_01,2023-06-17 20:00:00+00:00,0.0,0.0,0.409,0.425,22.0,95,971.4,3.0
ITN_SNG_01,2023-06-17 21:00:00+00:00,0.0,0.0,0.409,0.424,21.9,96,971.4,5.2
ITN_SNG_01,2023-06-17 22:00:00+00:00,0.0,0.0,0.408,0.423,21.9,97,971.0,5.6
ITN_SNG_01,2023-06-17 23:00:00+00:00,0.0,0.0,0.407,0.422,21.9,96,971.5,4.5
ITN_SNG_01,2023-06-18 00:00:00+00:00,0.0,0.0,0.416,0.43,23.0,95,973.2,3.7
ITN_SNG_01,2023-06-18 01:00:00+00:00,0.0,0.0,0.414,0.429,24.1,91,973.7,3.1
ITN_SNG_01,2023-06-18 02:00:00+00:00,0.0,0.0,0.413,0.427,25.3,84,974.2,6.2
ITN_SNG_01,2023-06-18 03:00:00+00:00,5.5,5.5,0.439,0.433,25.0,88,974.7,4.0
ITN_SNG_01,2023-06-18 04:00:00+00:00,2.0,2.0,0.437,0.437,24.6,91,974.4,4.1
ITN_SNG_01,2023-06-18 05:00:00+00:00,1.4,1.4,0.438,0.437,25.4,86,973.7,4.9
ITN_SNG_01,2023-06-18 06:00:00+00:00,1.0,1.0,0.435,0.437,26.5,80,972.9,4.3
ITN_SNG_01,2023-06-18 07:00:00+00:00,0.5,0.5,0.431,0.435,26.4,80,971.7,3.3
ITN_SNG_01,2023-06-18 08:00:00+00:00,0.2,0.2,0.426,0.434,26.7,78,970.2,2.9
ITN_SNG_01,2023-06-18 09:00:00+00:00,0.1,0.1,0.423,0.432,27.1,77,969.3,2.8
ITN_SNG_01,2023-06-18 10:00:00+00:00,0.1,0.1,0.42,0.431,26.9,79,968.9,1.0
ITN_SNG_01,2023-06-18 11:00:00+00:00,0.0,0.0,0.417,0.43,26.9,77,968.7,0.5
ITN_SNG_01,2023-06-18 12:00:00+00:00,0.2,0.2,0.422,0.432,25.3,83,970.9,3.3
ITN_SNG_01,2023-06-18 13:00:00+00:00,9.6,9.6,0.439,0.439,24.0,94,971.4,4.6
ITN_SNG_01,2023-06-18 14:00:00+00:00,9.0,9.0,0.439,0.439,23.8,95,972.0,4.1
ITN_SNG_01,2023-06-18 15:00:00+00:00,8.1,8.1,0.434,0.438,23.4,96,972.8,4.0
ITN_SNG_01,2023-06-18 16:00:00+00:00,4.5,4.5,0.438,0.432,23.0,97,973.1,3.1
ITN_SNG_01,2023-06-18 17:00:00+00:00,3.8,3.8,0.439,0.427,22.6,97,973.0,2.6
ITN_SNG_01,2023-06-18 18:00:00+00:00,17.5,17.5,0.439,0.439,22.7,96,972.3,3.1
ITN_SNG_01,2023-06-18 19:00:00+00:00,13.7,13.7,0.439,0.439,22.6,94,971.6,4.0
ITN_SNG_01,2023-06-18 20:00:00+00:00,0.9,0.9,0.43,0.437,22.5,94,970.9,4.7
ITN_SNG_01,2023-06-18 21:00:00+00:00,0.0,0.0,0.425,0.435,22.6,91,970.6,3.8
ITN_SNG_01,2023-06-18 22:00:00+00:00,0.0,0.0,0.422,0.434,22.7,90,970.5,5.8
ITN_SNG_01,2023-06-18 23:00:00+00:00,1.4,1.4,0.435,0.433,22.5,93,971.0,5.3
ITN_SNG_01,2023-06-19 00:00:00+00:00,1.6,1.6,0.435,0.439,23.2,94,972.1,4.0
ITN_SNG_01,2023-06-19 01:00:00+00:00,3.7,3.7,0.439,0.439,23.7,94,972.4,4.4
ITN_SNG_01,2023-06-19 02:00:00+00:00,3.2,3.2,0.435,0.437,23.9,93,972.9,4.9
ITN_SNG_01,2023-06-19 03:00:00+00:00,1.6,1.6,0.434,0.424,24.3,92,973.1,6.1
ITN_SNG_01,2023-06-19 04:00:00+00:00,0.4,0.4,0.429,0.42,24.8,90,973.3,7.3
ITN_SNG_01,2023-06-19 05:00:00+00:00,0.2,0.2,0.426,0.42,26.1,84,972.9,7.8
ITN_SNG_01,2023-06-19 06:00:00+00:00,0.1,0.1,0.422,0.419,27.3,78,971.7,4.3
ITN_SNG_01,2023-06-19 07:00:00+00:00,0.0,0.0,0.418,0.419,28.0,74,970.0,2.1
ITN_SNG_01,2023-06-19 08:00:00+00:00,0.0,0.0,0.415,0.418,29.4,67,969.3,5.3
ITN_SNG_01,2023-06-19 09:00:00+00:00,0.0,0.0,0.412,0.417,28.8,71,968.7,8.2
ITN_SNG_01,2023-06-19 10:00:00+00:00,0.0,0.0,0.41,0.416,28.8,71,967.9,9.2
ITN_SNG_01,2023-06-19 11:00:00+00:00,0.0,0.0,0.408,0.415,28.0,75,967.9,6.9
ITN_SNG_01,2023-06-19 12:00:00+00:00,0.0,0.0,0.42,0.429,26.1,83,970.1,8.2
ITN_SNG_01,2023-06-19 13:00:00+00:00,0.2,0.2,0.419,0.428,25.0,88,970.4,5.0
ITN_SNG_01,2023-06-19 14:00:00+00:00,0.6,0.6,0.421,0.427,24.6,91,971.0,5.1
ITN_SNG_01,2023-06-19 15:00:00+00:00,1.1,1.1,0.43,0.427,24.2,95,971.4,3.3
ITN_SNG_01,2023-06-19 16:00:00+00:00,0.9,0.9,0.433,0.428,24.0,96,971.5,3.1
ITN_SNG_01,2023-06-19 17:00:00+00:00,0.4,0.4,0.431,0.429,23.8,97,971.6,3.1
ITN_SNG_01,2023-06-19 18:00:00+00:00,0.5,0.5,0.433,0.429,23.6,97,971.2,2.2
ITN_SNG_01,2023-06-19 19:00:00+00:00,0.4,0.4,0.431,0.43,23.6,97,970.6,2.2
ITN_SNG_01,2023-06-19 20:00:00+00:00,0.9,0.9,0.436,0.43,23.4,98,970.2,2.4
ITN_SNG_01,2023-06-19 21:00:00+00:00,3.5,3.5,0.439,0.438,23.3,97,970.1,0.0
ITN_SNG_01,2023-06-19 22:00:00+00:00,1.1,1.1,0.433,0.437,23.2,97,969.9,2.6
ITN_SNG_01,2023-06-19 23:00:00+00:00,0.6,0.6,0.433,0.436,23.2,97,970.2,2.7
ITN_SNG_01,2023-06-20 00:00:00+00:00,0.5,0.5,0.435,0.437,23.3,98,970.9,3.4
ITN_SNG_01,2023-06-20 01:00:00+00:00,0.3,0.3,0.431,0.436,23.7,96,971.2,6.6
ITN_SNG_01,2023-06-20 02:00:00+00:00,0.1,0.1,0.426,0.435,24.5,92,971.7,11.4
ITN_SNG_01,2023-06-20 03:00:00+00:00,0.1,0.1,0.423,0.433,25.5,87,972.0,12.9
ITN_SNG_01,2023-06-20 04:00:00+00:00,0.1,0.1,0.42,0.432,26.8,81,971.8,14.8
ITN_SNG_01,2023-06-20 05:00:00+00:00,0.1,0.1,0.417,0.43,27.8,77,971.2,14.7
ITN_SNG_01,2023-06-20 06:00:00+00:00,0.2,0.2,0.415,0.428,28.7,72,970.3,13.7
ITN_SNG_01,2023-06-20 07:00:00+00:00,0.0,0.0,0.413,0.427,28.5,72,968.9,12.2
ITN_SNG_01,2023-06-20 08:00:00+00:00,0.0,0.0,0.41,0.426,29.1,70,968.4,13.0
ITN_SNG_01,2023-06-20 09:00:00+00:00,0.1,0.1,0.409,0.424,28.5,73,967.9,11.8
ITN_SNG_01,2023-06-20 10:00:00+00:00,0.0,0.0,0.408,0.423,28.4,74,967.3,8.1
ITN_SNG_01,2023-06-20 11:00:00+00:00,0.0,0.0,0.406,0.422,28.8,74,967.5,8.1
ITN_SNG_01,2023-06-20 12:00:00+00:00,0.1,0.1,0.419,0.425,25.4,88,970.6,2.2
ITN_SNG_01,2023-06-20 13:00:00+00:00,2.7,2.7,0.439,0.426,24.4,95,970.8,2.2
ITN_SNG_01,2023-06-20 14:00:00+00:00,2.1,2.1,0.432,0.435,23.8,97,971.9,5.8
ITN_SNG_01,2023-06-20 15:00:00+00:00,0.5,0.5,0.433,0.434,23.6,98,972.3,2.9
ITN_SNG_01,2023-06-20 16:00:00+00:00,3.5,3.5,0.439,0.439,23.5,97,972.4,4.6
ITN_SNG_01,2023-06-20 17:00:00+00:00,3.6,3.6,0.428,0.438,23.4,96,971.9,5.5
ITN_SNG_01,2023-06-20 18:00:00+00:00,6.1,6.1,0.439,0.439,23.2,97,971.8,5.3
ITN_SNG_01,2023-06-20 19:00:00+00:00,2.7,2.7,0.435,0.437,23.2,96,970.6,7.1
ITN_SNG_01,2023-06-20 20:00:00+00:00,2.3,2.3,0.435,0.438,23.2,95,970.3,6.6
ITN_SNG_01,2023-06-20 21:00:00+00:00,3.8,3.8,0.436,0.439,23.1,95,970.2,7.9
ITN_SNG_01,2023-06-20 22:00:00+00:00,3.0,3.0,0.438,0.438,22.7,97,970.2,6.9
ITN_SNG_01,2023-06-20 23:00:00+00:00,4.6,4.6,0.439,0.439,22.5,98,970.3,7.7
ITN_SNG_01,2023-06-21 00:00:00+00:00,5.1,5.1,0.439,0.438,23.4,99,971.5,4.6
ITN_SNG_01,2023-06-21 01:00:00+00:00,1.8,1.8,0.435,0.437,23.5,98,971.6,3.8
ITN_SNG_01,2023-06-21 02:00:00+00:00,0.2,0.2,0.429,0.436,24.3,94,972.0,8.2
ITN_SNG_01,2023-06-21 03:00:00+00:00,0.2,0.2,0.425,0.435,26.1,88,972.5,5.8
ITN_SNG_01,2023-06-21 04:00:00+00:00,0.4,0.4,0.424,0.434,26.1,90,972.7,9.1
ITN_SNG_01,2023-06-21 05:00:00+00:00,1.0,1.0,0.428,0.433,26.4,91,972.4,6.9
ITN_SNG_01,2023-06-21 06:00:00+00:00,2.1,2.1,0.437,0.435,26.3,93,971.8,5.1
ITN_SNG_01,2023-06-21 07:00:00+00:00,0.4,0.4,0.432,0.435,27.5,86,971.0,6.2
ITN_SNG_01,2023-06-21 08:00:00+00:00,0.3,0.3,0.428,0.434,28.0,84,969.9,6.9
ITN_SNG_01,2023-06-21 09:00:00+00:00,1.5,1.5,0.434,0.434,26.9,86,969.4,7.8
ITN_SNG_01,2023-06-21 10:00:00+00:00,0.1,0.1,0.429,0.433,27.6,84,969.1,4.0
ITN_SNG_01,2023-06-21 11:00:00+00:00,0.0,0.0,0.424,0.433,27.4,86,969.5,3.3
ITN_SNG_01,2023-06-21 12:00:00+00:00,0.3,0.3,0.42,0.432,26.2,91,970.7,4.0
ITN_SNG_01,2023-06-21 13:00:00+00:00,0.2,0.2,0.419,0.431,25.3,96,971.3,2.1
ITN_SNG_01,2023-06-21 14:00:00+00:00,2.4,2.4,0.436,0.434,24.8,97,972.4,1.0
ITN_SNG_01,2023-06-21 15:00:00+00:00,1.1,1.1,0.437,0.435,24.6,97,972.4,3.7
ITN_SNG_01,2023-06-21 16:00:00+00:00,1.0,1.0,0.434,0.437,24.1,97,972.9,2.6
ITN_SNG_01,2023-06-21 17:00:00+00:00,3.2,3.2,0.439,0.439,24.0,98,972.9,2.5
ITN_SNG_01,2023-06-21 18:00:00+00:00,7.7,7.7,0.438,0.439,23.6,99,972.6,2.2
ITN_SNG_01,2023-06-21 19:00:00+00:00,5.3,5.3,0.439,0.433,23.3,99,972.0,1.0
ITN_SNG_01,2023-06-21 20:00:00+00:00,4.9,4.9,0.439,0.43,23.3,98,971.0,3.6
ITN_SNG_01,2023-06-21 21:00:00+00:00,4.2,4.2,0.431,0.438,23.0,98,971.1,1.5
ITN_SNG_01,2023-06-21 22:00:00+00:00,6.5,6.5,0.439,0.439,22.8,100,971.3,4.3
ITN_SNG_01,2023-06-21 23:00:00+00:00,4.4,4.4,0.438,0.439,22.8,99,971.9,6.0
ITN_SNG_01,2023-06-22 00:00:00+00:00,6.2,6.2,0.429,0.436,23.4,100,972.3,4.3
ITN_SNG_01,2023-06-22 01:00:00+00:00,0.4,0.4,0.428,0.435,23.9,98,972.8,4.6
ITN_SNG_01,2023-06-22 02:00:00+00:00,0.5,0.5,0.427,0.434,24.5,93,973.1,7.0
ITN_SNG_01,2023-06-22 03:00:00+00:00,2.2,2.2,0.431,0.437,25.0,91,973.3,6.8
ITN_SNG_01,2023-06-22 04:00:00+00:00,0.8,0.8,0.432,0.436,24.9,92,973.3,9.7
ITN_SNG_01,2023-06-22 05:00:00+00:00,0.9,0.9,0.433,0.435,24.9,92,973.1,8.9
ITN_SNG_01,2023-06-22 06:00:00+00:00,0.3,0.3,0.429,0.435,26.5,85,972.1,6.9
ITN_SNG_01,2023-06-22 07:00:00+00:00,0.1,0.1,0.424,0.434,27.3,83,970.8,8.1
ITN_SNG_01,2023-06-22 08:00:00+00:00,0.0,0.0,0.42,0.432,28.3,75,970.4,8.0
ITN_SNG_01,2023-06-22 09:00:00+00:00,0.1,0.1,0.417,0.43,28.2,76,970.1,9.8
ITN_SNG_01,2023-06-22 10:00:00+00:00,0.4,0.4,0.417,0.429,27.6,81,969.1,4.4
ITN_SNG_01,2023-06-22 11:00:00+00:00,0.1,0.1,0.415,0.428,27.5,82,969.5,3.6
ITN_SNG_01,2023-06-22 12:00:00+00:00,0.4,0.4,0.417,0.429,26.1,90,970.7,4.4
ITN_SNG_01,2023-06-22 13:00:00+00:00,0.0,0.0,0.415,0.428,25.2,94,971.7,1.5
ITN_SNG_01,2023-06-22 14:00:00+00:00,0.1,0.1,0.414,0.427,25.0,96,972.1,1.9
ITN_SNG_01,2023-06-22 15:00:00+00:00,0.3,0.3,0.415,0.426,24.9,92,972.7,1.9
ITN_SNG_01,2023-06-22 16:00:00+00:00,0.2,0.2,0.415,0.426,23.9,97,973.1,2.3
ITN_SNG_01,2023-06-22 17:00:00+00:00,0.0,0.0,0.414,0.425,23.9,97,973.3,2.6
ITN_SNG_01,2023-06-22 18:00:00+00:00,0.1,0.1,0.413,0.424,23.9,96,972.6,2.3
ITN_SNG_01,2023-06-22 19:00:00+00:00,0.0,0.0,0.412,0.424,23.9,97,972.2,2.3
ITN_SNG_01,2023-06-22 20:00:00+00:00,0.0,0.0,0.411,0.423,23.8,98,971.8,3.1
ITN_SNG_01,2023-06-22 21:00:00+00:00,0.0,0.0,0.41,0.422,23.8,97,971.8,4.7
ITN_SNG_01,2023-06-22 22:00:00+00:00,0.1,0.1,0.411,0.422,23.7,98,972.0,5.7
ITN_SNG_01,2023-06-22 23:00:00+00:00,0.4,0.4,0.415,0.421,23.5,99,972.3,5.5
ITN_SNG_01,2023-06-23 00:00:00+00:00,0.4,0.4,0.412,0.42,24.1,96,972.6,3.3
ITN_SNG_01,2023-06-23 01:00:00+00:00,0.0,0.0,0.411,0.419,25.1,93,973.1,6.8
ITN_SNG_01,2023-06-23 02:00:00+00:00,0.1,0.1,0.41,0.419,26.2,87,973.3,8.3
ITN_SNG_01,2023-06-23 03:00:00+00:00,0.3,0.3,0.41,0.418,26.8,84,973.5,7.3
ITN_SNG_01,2023-06-23 04:00:00+00:00,0.3,0.3,0.41,0.418,27.5,83,973.1,5.1
ITN_SNG_01,2023-06-23 05:00:00+00:00,0.2,0.2,0.409,0.417,28.2,81,972.6,1.0
ITN_SNG_01,2023-06-23 06:00:00+00:00,0.1,0.1,0.407,0.416,29.4,76,971.4,5.6
ITN_SNG_01,2023-06-23 07:00:00+00:00,0.0,0.0,0.404,0.415,30.5,71,969.8,10.7
ITN_SNG_01,2023-06-23 08:00:00+00:00,0.1,0.1,0.403,0.414,30.9,69,968.8,12.5
ITN_SNG_01,2023-06-23 09:00:00+00:00,0.1,0.1,0.401,0.413,30.8,68,968.1,14.3
ITN_SNG_01,2023-06-23 10:00:00+00:00,0.1,0.1,0.399,0.412,30.8,67,967.2,13.8
ITN_SNG_01,2023-06-23 11:00:00+00:00,0.0,0.0,0.398,0.411,29.6,74,967.3,12.4
ITN_SNG_01,2023-06-23 12:00:00+00:00,0.0,0.0,0.402,0.411,28.8,80,968.7,5.9
ITN_SNG_01,2023-06-23 13:00:00+00:00,0.0,0.0,0.401,0.411,27.2,88,969.4,4.4
ITN_SNG_01,2023-06-23 14:00:00+00:00,0.0,0.0,0.4,0.41,26.5,91,970.1,3.1
ITN_SNG_01,2023-06-23 15:00:00+00:00,0.0,0.0,0.399,0.41,26.1,92,971.0,1.5
ITN_SNG_01,2023-06-23 16:00:00+00:00,0.0,0.0,0.399,0.41,25.8,92,971.3,2.9
ITN_SNG_01,2023-06-23 17:00:00+00:00,0.0,0.0,0.398,0.409,25.6,92,971.9,5.9
ITN_SNG_01,2023-06-23 18:00:00+00:00,0.1,0.1,0.398,0.409,24.7,98,972.0,6.0
ITN_SNG_01,2023-06-23 19:00:00+00:00,0.4,0.4,0.401,0.409,24.0,99,971.8,10.3
ITN_SNG_01,2023-06-23 20:00:00+00:00,0.4,0.4,0.403,0.408,23.8,98,971.6,7.2
ITN_SNG_01,2023-06-23 21:00:00+00:00,0.4,0.4,0.405,0.408,23.5,99,971.5,6.8
ITN_SNG_01,2023-06-23 22:00:00+00:00,0.2,0.2,0.406,0.408,23.5,99,971.6,5.7
ITN_SNG_01,2023-06-23 23:00:00+00:00,0.5,0.5,0.412,0.408,23.5,98,971.8,6.6
ITN_SNG_01,2023-06-24 00:00:00+00:00,0.2,0.2,0.401,0.409,24.0,97,971.5,4.7
ITN_SNG_01,2023-06-24 01:00:00+00:00,0.1,0.1,0.401,0.409,24.1,95,972.1,7.6
ITN_SNG_01,2023-06-24 02:00:00+00:00,0.0,0.0,0.4,0.408,24.8,92,972.1,5.6
ITN_SNG_01,2023-06-24 03:00:00+00:00,0.0,0.0,0.399,0.408,27.0,82,972.3,3.9
ITN_SNG_01,2023-06-24 04:00:00+00:00,0.1,0.1,0.398,0.407,28.6,77,971.9,5.5
ITN_SNG_01,2023-06-24 05:00:00+00:00,0.1,0.1,0.397,0.407,29.0,75,971.4,5.5
ITN_SNG_01,2023-06-24 06:00:00+00:00,0.0,0.0,0.395,0.406,30.6,73,970.5,4.3
ITN_SNG_01,2023-06-24 07:00:00+00:00,0.1,0.1,0.393,0.404,31.4,71,969.4,4.0
ITN_SNG_01,2023-06-24 08:00:00+00:00,0.1,0.1,0.392,0.403,31.7,69,968.4,6.1
ITN_SNG_01,2023-06-24 09:00:00+00:00,0.0,0.0,0.39,0.403,31.7,68,967.6,7.3
ITN_SNG_01,2023-06-24 10:00:00+00:00,0.0,0.0,0.389,0.402,31.7,68,967.2,6.4
ITN_SNG_01,2023-06-24 11:00:00+00:00,0.1,0.1,0.388,0.401,30.0,74,967.5,6.8
ITN_SNG_01,2023-06-24 12:00:00+00:00,0.0,0.0,0.376,0.396,28.6,78,968.2,5.7
ITN_SNG_01,2023-06-24 13:00:00+00:00,0.0,0.0,0.376,0.395,27.5,85,968.4,5.5
ITN_SNG_01,2023-06-24 14:00:00+00:00,0.0,0.0,0.376,0.395,26.9,90,969.7,1.3
ITN_SNG_01,2023-06-24 15:00:00+00:00,0.0,0.0,0.377,0.395,26.7,89,970.5,2.2
ITN_SNG_01,2023-06-24 16:00:00+00:00,0.5,0.5,0.38,0.394,26.3,87,971.5,6.0
ITN_SNG_01,2023-06-24 17:00:00+00:00,1.3,1.3,0.394,0.394,24.8,95,971.8,4.2
ITN_SNG_01,2023-06-24 18:00:00+00:00,0.2,0.2,0.396,0.394,24.7,96,971.9,3.4
ITN_SNG_01,2023-06-24 19:00:00+00:00,0.3,0.3,0.398,0.394,24.5,97,971.1,6.1
ITN_SNG_01,2023-06-24 20:00:00+00:00,0.3,0.3,0.401,0.394,24.2,98,971.4,2.8
ITN_SNG_01,2023-06-24 21:00:00+00:00,0.1,0.1,0.401,0.394,24.1,99,971.3,2.8
ITN_SNG_01,2023-06-24 22:00:00+00:00,0.0,0.0,0.4,0.394,24.1,98,971.5,3.6
ITN_SNG_01,2023-06-24 23:00:00+00:00,0.2,0.2,0.401,0.395,23.8,99,972.1,5.1
ITN_SNG_01,2023-06-25 00:00:00+00:00,0.1,0.1,0.427,0.399,25.5,95,971.4,4.5
ITN_SNG_01,2023-06-25 01:00:00+00:00,0.3,0.3,0.424,0.401,26.0,93,972.5,5.0
ITN_SNG_01,2023-06-25 02:00:00+00:00,5.2,5.2,0.439,0.412,25.2,97,973.6,5.5
ITN_SNG_01,2023-06-25 03:00:00+00:00,1.8,1.8,0.431,0.42,24.7,96,973.6,6.2
ITN_SNG_01,2023-06-25 04:00:00+00:00,0.1,0.1,0.426,0.421,27.0,86,973.3,5.8
ITN_SNG_01,2023-06-25 05:00:00+00:00,0.0,0.0,0.422,0.42,28.0,80,972.9,5.4
ITN_SNG_01,2023-06-25 06:00:00+00:00,0.1,0.1,0.419,0.419,29.7,73,972.0,3.0
ITN_SNG_01,2023-06-25 07:00:00+00:00,0.0,0.0,0.414,0.418,30.8,72,970.6,4.1
ITN_SNG_01,2023-06-25 08:00:00+00:00,0.0,0.0,0.411,0.417,31.6,70,969.8,1.8
ITN_SNG_01,2023-06-25 09:00:00+00:00,0.1,0.1,0.409,0.416,31.3,70,968.9,3.4
ITN_SNG_01,2023-06-25 10:00:00+00:00,0.1,0.1,0.407,0.415,30.8,72,968.6,3.4
ITN_SNG_01,2023-06-25 11:00:00+00:00,0.8,0.8,0.411,0.414,30.6,71,968.6,2.9
ITN_SNG_01,2023-06-25 12:00:00+00:00,0.0,0.0,0.392,0.398,30.1,75,969.9,3.9
ITN_SNG_01,2023-06-25 13:00:00+00:00,0.0,0.0,0.391,0.398,28.4,84,970.3,4.0
ITN_SNG_01,2023-06-25 14:00:00+00:00,0.0,0.0,0.39,0.398,27.4,88,971.0,3.2
ITN_SNG_01,2023-06-25 15:00:00+00:00,0.0,0.0,0.39,0.398,27.0,87,972.0,3.7
ITN_SNG_01,2023-06-25 16:00:00+00:00,0.0,0.0,0.39,0.397,26.6,86,972.5,3.7
ITN_SNG_01,2023-06-25 17:00:00+00:00,0.0,0.0,0.389,0.397,26.3,86,972.3,6.5
ITN_SNG_01,2023-06-25 18:00:00+00:00,0.4,0.4,0.391,0.397,25.7,87,971.6,5.1
ITN_SNG_01,2023-06-25 19:00:00+00:00,3.2,3.2,0.427,0.398,24.4,94,971.9,8.0
ITN_SNG_01,2023-06-25 20:00:00+00:00,1.1,1.1,0.434,0.4,24.1,96,971.6,6.3
ITN_SNG_01,2023-06-25 21:00:00+00:00,0.3,0.3,0.427,0.403,24.2,95,971.2,3.8
ITN_SNG_01,2023-06-25 22:00:00+00:00,2.4,2.4,0.436,0.409,23.8,96,971.8,2.7
ITN_SNG_01,2023-06-25 23:00:00+00:00,0.7,0.7,0.43,0.414,23.6,97,972.1,4.3
ITN_SNG_01,2023-06-26 00:00:00+00:00,0.1,0.1,0.428,0.42,24.8,94,973.1,1.5
ITN_SNG_01,2023-06-26 01:00:00+00:00,0.7,0.7,0.429,0.421,26.6,87,973.6,4.0
ITN_SNG_01,2023-06-26 02:00:00+00:00,0.1,0.1,0.425,0.421,28.3,80,973.7,4.6
ITN_SNG_01,2023-06-26 03:00:00+00:00,0.0,0.0,0.421,0.42,29.7,75,973.6,6.9
ITN_SNG_01,2023-06-26 04:00:00+00:00,0.2,0.2,0.418,0.419,30.4,74,973.4,7.5
ITN_SNG_01,2023-06-26 05:00:00+00:00,0.2,0.2,0.416,0.418,31.2,71,972.8,6.5
ITN_SNG_01,2023-06-26 06:00:00+00:00,0.1,0.1,0.413,0.416,31.7,70,971.6,4.3
ITN_SNG_01,2023-06-26 07:00:00+00:00,0.0,0.0,0.409,0.415,32.5,67,970.3,5.6
ITN_SNG_01,2023-06-26 08:00:00+00:00,0.0,0.0,0.406,0.414,32.7,67,969.4,7.4
ITN_SNG_01,2023-06-26 09:00:00+00:00,0.1,0.1,0.404,0.412,32.5,66,968.7,5.4
ITN_SNG_01,2023-06-26 10:00:00+00:00,0.0,0.0,0.401,0.411,31.9,68,968.0,3.9
ITN_SNG_01,2023-06-26 11:00:00+00:00,0.2,0.2,0.401,0.41,31.0,70,967.7,3.6
ITN_SNG_01,2023-06-26 12:00:00+00:00,0.0,0.0,0.395,0.408,31.9,67,968.6,3.4
ITN_SNG_01,2023-06-26 13:00:00+00:00,0.0,0.0,0.394,0.408,29.5,81,969.6,1.6
ITN_SNG_01,2023-06-26 14:00:00+00:00,3.8,3.8,0.431,0.41,26.3,89,970.5,9.4
ITN_SNG_01,2023-06-26 15:00:00+00:00,0.0,0.0,0.425,0.411,26.4,89,970.5,8.1
ITN_SNG_01,2023-06-26 16:00:00+00:00,0.0,0.0,0.42,0.412,25.6,93,971.0,5.2
ITN_SNG_01,2023-06-26 17:00:00+00:00,4.5,4.5,0.439,0.418,25.5,91,972.4,5.8
ITN_SNG_01,2023-06-26 18:00:00+00:00,0.3,0.3,0.429,0.421,24.8,97,971.9,3.3
ITN_SNG_01,2023-06-26 19:00:00+00:00,1.2,1.2,0.435,0.423,24.2,97,972.1,7.7
ITN_SNG_01,2023-06-26 20:00:00+00:00,1.7,1.7,0.437,0.427,24.7,94,971.4,5.9
ITN_SNG_01,2023-06-26 21:00:00+00:00,0.4,0.4,0.433,0.429,24.4,95,971.3,1.4
ITN_SNG_01,2023-06-26 22:00:00+00:00,4.4,4.4,0.433,0.438,23.9,96,971.7,2.8
ITN_SNG_01,2023-06-26 23:00:00+00:00,0.4,0.4,0.431,0.434,24.1,96,971.6,1.6
ITN_SNG_01,2023-06-27 00:00:00+00:00,0.2,0.2,0.423,0.427,24.3,99,972.4,7.6
ITN_SNG_01,2023-06-27 01:00:00+00:00,2.6,2.6,0.438,0.43,24.9,95,972.5,3.6
ITN_SNG_01,2023-06-27 02:00:00+00:00,3.2,3.2,0.439,0.438,25.3,94,973.7,4.7
ITN_SNG_01,2023-06-27 03:00:00+00:00,3.6,3.6,0.439,0.439,24.8,96,973.9,4.6
ITN_SNG_01,2023-06-27 04:00:00+00:00,1.4,1.4,0.433,0.436,25.5,94,973.8,7.8
ITN_SNG_01,2023-06-27 05:00:00+00:00,0.5,0.5,0.43,0.434,26.4,90,973.4,2.7
ITN_SNG_01,2023-06-27 06:00:00+00:00,0.5,0.5,0.429,0.432,28.2,81,973.0,1.1
ITN_SNG_01,2023-06-27 07:00:00+00:00,0.2,0.2,0.426,0.43,28.9,78,971.6,2.2
ITN_SNG_01,2023-06-27 08:00:00+00:00,0.2,0.2,0.422,0.429,29.7,75,970.8,4.7
ITN_SNG_01,2023-06-27 09:00:00+00:00,0.1,0.1,0.419,0.427,30.0,71,970.5,5.9
ITN_SNG_01,2023-06-27 10:00:00+00:00,0.2,0.2,0.417,0.425,30.0,69,969.9,5.2
ITN_SNG_01,2023-06-27 11:00:00+00:00,0.0,0.0,0.415,0.424,29.2,74,969.9,5.8
ITN_SNG_01,2023-06-27 12:00:00+00:00,0.0,0.0,0.418,0.416,28.8,79,971.4,0.7
ITN_SNG_01,2023-06-27 13:00:00+00:00,0.0,0.0,0.416,0.416,27.7,87,971.6,2.6
ITN_SNG_01,2023-06-27 14:00:00+00:00,0.0,0.0,0.414,0.415,27.0,89,972.2,3.3
ITN_SNG_01,2023-06-27 15:00:00+00:00,0.0,0.0,0.413,0.415,26.4,90,972.8,4.1
ITN_SNG_01,2023-06-27 16:00:00+00:00,8.6,8.6,0.439,0.421,25.3,95,974.1,10.0
ITN_SNG_01,2023-06-27 17:00:00+00:00,9.6,9.6,0.432,0.438,25.0,94,974.2,9.2
ITN_SNG_01,2023-06-27 18:00:00+00:00,0.2,0.2,0.428,0.434,25.0,90,973.9,3.6
ITN_SNG_01,2023-06-27 19:00:00+00:00,0.0,0.0,0.424,0.432,24.5,93,973.7,3.8
ITN_SNG_01,2023-06-27 20:00:00+00:00,0.2,0.2,0.423,0.43,23.9,96,973.7,4.6
ITN_SNG_01,2023-06-27 21:00:00+00:00,0.3,0.3,0.424,0.428,24.0,97,973.7,4.5
ITN_SNG_01,2023-06-27 22:00:00+00:00,2.1,2.1,0.435,0.431,23.6,95,973.9,0.4
ITN_SNG_01,2023-06-27 23:00:00+00:00,0.4,0.4,0.433,0.43,23.6,97,974.3,3.5
ITN_SNG_01,2023-06-28 00:00:00+00:00,0.6,0.6,0.434,0.426,24.5,96,974.1,1.8
ITN_SNG_01,2023-06-28 01:00:00+00:00,0.2,0.2,0.429,0.426,25.7,93,974.6,1.8
ITN_SNG_01,2023-06-28 02:00:00+00:00,0.2,0.2,0.426,0.425,27.0,89,975.6,3.3
ITN_SNG_01,2023-06-28 03:00:00+00:00,0.3,0.3,0.424,0.424,28.2,82,975.8,4.6
ITN_SNG_01,2023-06-28 04:00:00+00:00,0.1,0.1,0.421,0.423,29.0,77,975.5,4.8
ITN_SNG_01,2023-06-28 05:00:00+00:00,0.1,0.1,0.417,0.422,30.6,70,975.0,9.4
ITN_SNG_01,2023-06-28 06:00:00+00:00,3.2,3.2,0.431,0.424,29.4,75,973.9,11.5
ITN_SNG_01,2023-06-28 07:00:00+00:00,0.3,0.3,0.427,0.424,30.5,70,972.3,10.3
ITN_SNG_01,2023-06-28 08:00:00+00:00,0.1,0.1,0.422,0.423,31.0,67,971.4,12.8
ITN_SNG_01,2023-06-28 09:00:00+00:00,0.2,0.2,0.42,0.422,30.2,71,971.1,12.1
ITN_SNG_01,2023-06-28 10:00:00+00:00,0.1,0.1,0.418,0.421,28.2,82,970.7,10.6
ITN_SNG_01,2023-06-28 11:00:00+00:00,0.1,0.1,0.416,0.42,28.0,85,970.8,7.4
ITN_SNG_01,2023-06-28 12:00:00+00:00,0.3,0.3,0.41,0.416,28.8,76,972.0,9.0
ITN_SNG_01,2023-06-28 13:00:00+00:00,0.0,0.0,0.409,0.416,27.6,80,972.4,6.9
ITN_SNG_01,2023-06-28 14:00:00+00:00,0.0,0.0,0.408,0.415,26.8,83,972.8,4.2
ITN_SNG_01,2023-06-28 15:00:00+00:00,0.0,0.0,0.406,0.414,26.3,84,973.9,5.9
ITN_SNG_01,2023-06-28 16:00:00+00:00,0.0,0.0,0.406,0.414,25.7,91,974.2,10.6
ITN_SNG_01,2023-06-28 17:00:00+00:00,0.1,0.1,0.405,0.413,25.4,91,974.1,4.9
ITN_SNG_01,2023-06-28 18:00:00+00:00,0.0,0.0,0.404,0.413,25.0,92,974.1,2.6
ITN_SNG_01,2023-06-28 19:00:00+00:00,0.0,0.0,0.404,0.412,25.0,89,973.4,5.4
ITN_SNG_01,2023-06-28 20:00:00+00:00,0.0,0.0,0.403,0.411,24.8,89,973.0,2.7
ITN_SNG_01,2023-06-28 21:00:00+00:00,0.1,0.1,0.403,0.411,24.4,91,972.8,7.9
ITN_SNG_01,2023-06-28 22:00:00+00:00,0.1,0.1,0.402,0.41,24.1,92,972.7,10.1
ITN_SNG_01,2023-06-28 23:00:00+00:00,0.2,0.2,0.403,0.41,24.0,92,973.1,9.7
ITN_SNG_01,2023-06-29 00:00:00+00:00,0.8,0.8,0.402,0.411,24.6,94,973.4,8.3
ITN_SNG_01,2023-06-29 01:00:00+00:00,0.0,0.0,0.402,0.41,25.7,90,974.0,5.9
ITN_SNG_01,2023-06-29 02:00:00+00:00,0.0,0.0,0.4,0.409,27.2,84,974.3,8.0
ITN_SNG_01,2023-06-29 03:00:00+00:00,0.0,0.0,0.399,0.408,28.0,78,974.6,12.5
ITN_SNG_01,2023-06-29 04:00:00+00:00,0.0,0.0,0.397,0.408,28.1,75,974.7,15.1
ITN_SNG_01,2023-06-29 05:00:00+00:00,0.0,0.0,0.395,0.407,28.9,72,974.0,15.3
ITN_SNG_01,2023-06-29 06:00:00+00:00,0.0,0.0,0.392,0.405,30.2,69,973.0,17.7
ITN_SNG_01,2023-06-29 07:00:00+00:00,0.0,0.0,0.389,0.404,30.5,67,971.9,18.3
ITN_SNG_01,2023-06-29 08:00:00+00:00,0.2,0.2,0.388,0.403,30.5,69,970.5,18.4
ITN_SNG_01,2023-06-29 09:00:00+00:00,0.4,0.4,0.39,0.402,29.6,74,969.8,18.2
ITN_SNG_01,2023-06-29 10:00:00+00:00,0.0,0.0,0.388,0.401,29.5,72,968.8,14.3
ITN_SNG_01,2023-06-29 11:00:00+00:00,0.0,0.0,0.387,0.4,28.8,76,968.7,14.3
ITN_SNG_01,2023-06-29 12:00:00+00:00,0.0,0.0,0.396,0.401,27.6,81,970.5,11.3
ITN_SNG_01,2023-06-29 13:00:00+00:00,0.0,0.0,0.395,0.4,26.7,85,971.0,10.4
ITN_SNG_01,2023-06-29 14:00:00+00:00,0.0,0.0,0.394,0.4,26.2,88,971.7,9.7
ITN_SNG_01,2023-06-29 15:00:00+00:00,0.0,0.0,0.394,0.4,26.2,87,972.4,9.0
ITN_SNG_01,2023-06-29 16:00:00+00:00,0.0,0.0,0.393,0.399,26.0,87,973.0,7.0
ITN_SNG_01,2023-06-29 17:00:00+00:00,0.0,0.0,0.393,0.399,25.6,90,973.0,7.3
ITN_SNG_01,2023-06-29 18:00:00+00:00,0.1,0.1,0.392,0.399,25.4,92,972.9,5.9
ITN_SNG_01,2023-06-29 19:00:00+00:00,0.0,0.0,0.392,0.399,25.0,93,972.3,7.9
ITN_SNG_01,2023-06-29 20:00:00+00:00,0.2,0.2,0.393,0.398,24.6,94,972.0,9.0
ITN_SNG_01,2023-06-29 21:00:00+00:00,0.3,0.3,0.395,0.398,24.5,93,971.7,8.3
ITN_SNG_01,2023-06-29 22:00:00+00:00,0.0,0.0,0.394,0.398,24.2,94,971.6,8.9
ITN_SNG_01,2023-06-29 23:00:00+00:00,0.1,0.1,0.394,0.398,24.2,93,971.9,8.9
ITN_SNG_01,2023-06-30 00:00:00+00:00,0.1,0.1,0.402,0.399,25.0,93,971.8,11.3
ITN_SNG_01,2023-06-30 01:00:00+00:00,0.0,0.0,0.401,0.399,26.3,87,972.6,13.6
ITN_SNG_01,2023-06-30 02:00:00+00:00,0.1,0.1,0.4,0.399,26.8,86,973.1,12.4
ITN_SNG_01,2023-06-30 03:00:00+00:00,1.8,1.8,0.413,0.399,26.4,86,973.5,13.7
ITN_SNG_01,2023-06-30 04:00:00+00:00,0.3,0.3,0.413,0.4,27.5,82,973.4,14.7
ITN_SNG_01,2023-06-30 05:00:00+00:00,0.0,0.0,0.409,0.399,29.5,74,972.8,17.3
ITN_SNG_01,2023-06-30 06:00:00+00:00,0.0,0.0,0.405,0.399,29.6,74,972.0,15.5
ITN_SNG_01,2023-06-30 07:00:00+00:00,0.3,0.3,0.403,0.398,30.6,69,970.8,17.9
ITN_SNG_01,2023-06-30 08:00:00+00:00,0.1,0.1,0.401,0.398,30.5,65,969.6,19.5
ITN_SNG_01,2023-06-30 09:00:00+00:00,0.5,0.5,0.401,0.397,29.8,70,968.7,17.4
ITN_SNG_01,2023-06-30 10:00:00+00:00,0.2,0.2,0.4,0.397,29.3,75,967.9,17.1
ITN_SNG_01,2023-06-30 11:00:00+00:00,0.1,0.1,0.399,0.396,28.8,76,967.2,15.4
ITN_SNG_01,2023-06-30 12:00:00+00:00,0.0,0.0,0.412,0.397,28.2,80,969.2,11.1
ITN_SNG_01,2023-06-30 13:00:00+00:00,0.0,0.0,0.41,0.397,27.1,82,969.8,9.2
ITN_SNG_01,2023-06-30 14:00:00+00:00,0.0,0.0,0.407,0.397,26.5,84,970.5,7.9
ITN_SNG_01,2023-06-30 15:00:00+00:00,0.0,0.0,0.406,0.398,26.2,84,971.0,6.9
ITN_SNG_01,2023-06-30 16:00:00+00:00,0.0,0.0,0.404,0.398,26.0,85,971.7,4.1
ITN_SNG_01,2023-06-30 17:00:00+00:00,0.9,0.9,0.41,0.398,25.7,87,971.8,5.4
ITN_SNG_01,2023-06-30 18:00:00+00:00,0.1,0.1,0.408,0.398,25.1,91,971.3,3.3
ITN_SNG_01,2023-06-30 19:00:00+00:00,0.4,0.4,0.41,0.398,24.6,95,970.9,1.8
ITN_SNG_01,2023-06-30 20:00:00+00:00,0.1,0.1,0.409,0.399,24.4,95,970.7,4.0
ITN_SNG_01,2023-06-30 21:00:00+00:00,0.1,0.1,0.408,0.399,24.2,95,970.5,4.3
ITN_SNG_01,2023-06-30 22:00:00+00:00,0.2,0.2,0.409,0.399,24.2,95,970.5,4.0
ITN_SNG_01,2023-06-30 23:00:00+00:00,0.1,0.1,0.409,0.399,24.1,95,971.0,5.0
ITN_SNG_01,2023-07-01 00:00:00+00:00,0.4,0.4,0.398,0.396,24.7,94,971.0,7.8
ITN_SNG_01,2023-07-01 01:00:00+00:00,0.0,0.0,0.398,0.396,26.0,91,972.1,9.4
ITN_SNG_01,2023-07-01 02:00:00+00:00,0.0,0.0,0.396,0.396,27.1,86,972.6,9.3
ITN_SNG_01,2023-07-01 03:00:00+00:00,0.0,0.0,0.395,0.395,28.4,79,972.9,11.3
ITN_SNG_01,2023-07-01 04:00:00+00:00,0.0,0.0,0.393,0.395,28.7,75,973.0,13.9
ITN_SNG_01,2023-07-01 05:00:00+00:00,0.5,0.5,0.394,0.394,29.1,73,972.8,14.7
ITN_SNG_01,2023-07-01 06:00:00+00:00,0.2,0.2,0.393,0.393,30.1,69,971.7,15.3
ITN_SNG_01,2023-07-01 07:00:00+00:00,0.0,0.0,0.39,0.393,30.9,64,970.3,17.2
ITN_SNG_01,2023-07-01 08:00:00+00:00,0.9,0.9,0.394,0.392,30.1,72,969.4,21.6
ITN_SNG_01,2023-07-01 09:00:00+00:00,0.1,0.1,0.393,0.391,30.4,69,968.5,17.4
ITN_SNG_01,2023-07-01 10:00:00+00:00,0.0,0.0,0.39,0.391,30.3,68,968.0,16.8
ITN_SNG_01,2023-07-01 11:00:00+00:00,0.0,0.0,0.388,0.39,29.4,74,968.1,15.7
ITN_SNG_01,2023-07-01 12:00:00+00:00,0.0,0.0,0.375,0.387,28.4,76,970.1,11.5
ITN_SNG_01,2023-07-01 13:00:00+00:00,0.0,0.0,0.375,0.386,27.2,82,970.5,8.2
ITN_SNG_01,2023-07-01 14:00:00+00:00,0.0,0.0,0.374,0.386,26.7,86,971.1,6.6
ITN_SNG_01,2023-07-01 15:00:00+00:00,0.0,0.0,0.374,0.386,26.2,89,971.9,4.9
ITN_SNG_01,2023-07-01 16:00:00+00:00,0.0,0.0,0.374,0.386,25.9,89,972.5,3.3
ITN_SNG_01,2023-07-01 17:00:00+00:00,2.2,2.2,0.396,0.385,25.7,93,972.5,3.6
ITN_SNG_01,2023-07-01 18:00:00+00:00,6.7,6.7,0.439,0.396,25.1,95,972.2,6.2
ITN_SNG_01,2023-07-01 19:00:00+00:00,10.2,10.2,0.439,0.424,24.7,97,971.7,5.2
ITN_SNG_01,2023-07-01 20:00:00+00:00,12.0,12.0,0.439,0.438,24.3,99,971.1,8.4
ITN_SNG_01,2023-07-01 21:00:00+00:00,2.5,2.5,0.438,0.438,24.1,99,970.6,7.8
ITN_SNG_01,2023-07-01 22:00:00+00:00,2.0,2.0,0.432,0.437,24.1,97,970.2,6.9
ITN_SNG_01,2023-07-01 23:00:00+00:00,0.2,0.2,0.428,0.434,24.1,97,970.6,6.5
ITN_SNG_01,2023-07-02 00:00:00+00:00,0.1,0.1,0.396,0.386,24.7,97,971.0,6.9
ITN_SNG_01,2023-07-02 01:00:00+00:00,0.2,0.2,0.396,0.386,25.8,91,971.6,11.6
ITN_SNG_01,2023-07-02 02:00:00+00:00,1.2,1.2,0.406,0.386,26.6,87,972.5,11.4
ITN_SNG_01,2023-07-02 03:00:00+00:00,0.2,0.2,0.404,0.387,27.7,84,972.7,11.1
ITN_SNG_01,2023-07-02 04:00:00+00:00,0.0,0.0,0.401,0.387,29.5,75,972.5,14.2
ITN_SNG_01,2023-07-02 05:00:00+00:00,0.1,0.1,0.398,0.386,30.4,69,971.9,16.1
ITN_SNG_01,2023-07-02 06:00:00+00:00,0.0,0.0,0.394,0.386,31.3,63,970.9,15.5
ITN_SNG_01,2023-07-02 07:00:00+00:00,0.0,0.0,0.39,0.385,31.8,61,969.7,16.5
ITN_SNG_01,2023-07-02 08:00:00+00:00,0.3,0.3,0.389,0.384,31.0,65,968.6,17.3
ITN_SNG_01,2023-07-02 09:00:00+00:00,0.0,0.0,0.387,0.384,30.8,68,967.7,14.6
ITN_SNG_01,2023-07-02 10:00:00+00:00,0.0,0.0,0.384,0.383,30.4,68,967.1,15.6
ITN_SNG_01,2023-07-02 11:00:00+00:00,0.0,0.0,0.383,0.383,29.8,72,967.3,13.0
ITN_SNG_01,2023-07-02 12:00:00+00:00,0.0,0.0,0.381,0.383,28.4,78,969.8,7.0
ITN_SNG_01,2023-07-02 13:00:00+00:00,0.0,0.0,0.381,0.383,27.1,85,970.1,3.4
ITN_SNG_01,2023-07-02 14:00:00+00:00,0.0,0.0,0.38,0.383,26.4,87,971.3,2.0
ITN_SNG_01,2023-07-02 15:00:00+00:00,0.0,0.0,0.38,0.382,26.0,89,972.3,1.8
ITN_SNG_01,2023-07-02 16:00:00+00:00,0.0,0.0,0.38,0.382,25.6,90,972.7,5.6
ITN_SNG_01,2023-07-02 17:00:00+00:00,0.0,0.0,0.379,0.382,25.1,91,972.3,4.5
ITN_SNG_01,2023-07-02 18:00:00+00:00,0.3,0.3,0.381,0.382,24.7,92,971.9,1.1
ITN_SNG_01,2023-07-02 19:00:00+00:00,0.2,0.2,0.382,0.382,24.6,92,971.5,2.9
ITN_SNG_01,2023-07-02 20:00:00+00:00,0.3,0.3,0.384,0.382,24.7,92,971.0,3.6
ITN_SNG_01,2023-07-02 21:00:00+00:00,0.4,0.4,0.386,0.382,24.6,94,970.8,3.3
ITN_SNG_01,2023-07-02 22:00:00+00:00,0.4,0.4,0.39,0.382,24.4,96,971.0,2.2
ITN_SNG_01,2023-07-02 23:00:00+00:00,5.4,5.4,0.434,0.389,24.0,98,971.5,2.2
ITN_SNG_01,2023-07-03 00:00:00+00:00,2.4,2.4,0.433,0.391,24.9,95,971.1,5.2
ITN_SNG_01,2023-07-03 01:00:00+00:00,0.1,0.1,0.424,0.394,26.4,90,971.7,4.7
ITN_SNG_01,2023-07-03 02:00:00+00:00,0.1,0.1,0.418,0.396,27.8,85,972.2,7.2
ITN_SNG_01,2023-07-03 03:00:00+00:00,0.1,0.1,0.414,0.396,28.6,80,972.8,7.9
ITN_SNG_01,2023-07-03 04:00:00+00:00,0.2,0.2,0.411,0.396,28.6,80,972.6,11.2
ITN_SNG_01,2023-07-03 05:00:00+00:00,2.7,2.7,0.438,0.397,27.6,83,972.1,12.8
ITN_SNG_01,2023-07-03 06:00:00+00:00,4.9,4.9,0.427,0.408,28.6,80,971.2,10.9
ITN_SNG_01,2023-07-03 07:00:00+00:00,0.1,0.1,0.422,0.409,28.7,79,970.1,16.2
ITN_SNG_01,2023-07-03 08:00:00+00:00,0.1,0.1,0.417,0.409,29.4,75,969.3,18.5
ITN_SNG_01,2023-07-03 09:00:00+00:00,0.1,0.1,0.414,0.408,29.4,75,968.4,19.8
ITN_SNG_01,2023-07-03 10:00:00+00:00,0.1,0.1,0.411,0.408,29.4,76,968.0,17.5
ITN_SNG_01,2023-07-03 11:00:00+00:00,0.0,0.0,0.409,0.407,28.9,77,968.0,14.4
ITN_SNG_01,2023-07-03 12:00:00+00:00,0.0,0.0,0.416,0.416,27.7,85,970.1,8.4
ITN_SNG_01,2023-07-03 13:00:00+00:00,0.0,0.0,0.414,0.416,27.0,87,970.7,0.8
ITN_SNG_01,2023-07-03 14:00:00+00:00,0.0,0.0,0.412,0.415,25.9,93,971.8,4.2
ITN_SNG_01,2023-07-03 15:00:00+00:00,0.0,0.0,0.411,0.415,25.4,96,972.4,4.0
ITN_SNG_01,2023-07-03 16:00:00+00:00,0.0,0.0,0.41,0.414,25.0,96,972.5,4.7
ITN_SNG_01,2023-07-03 17:00:00+00:00,0.0,0.0,0.408,0.413,24.7,95,972.4,4.7
ITN_SNG_01,2023-07-03 18:00:00+00:00,0.1,0.1,0.408,0.413,24.6,94,971.9,2.9
ITN_SNG_01,2023-07-03 19:00:00+00:00,0.1,0.1,0.407,0.412,24.6,94,971.2,2.8
ITN_SNG_01,2023-07-03 20:00:00+00:00,0.5,0.5,0.41,0.412,24.5,94,970.6,2.8
ITN_SNG_01,2023-07-03 21:00:00+00:00,1.6,1.6,0.426,0.411,24.5,95,970.4,5.4
ITN_SNG_01,2023-07-03 22:00:00+00:00,2.5,2.5,0.437,0.417,24.3,96,970.7,2.9
ITN_SNG_01,2023-07-03 23:00:00+00:00,2.2,2.2,0.435,0.425,24.1,97,970.9,3.3
ITN_SNG_01,2023-07-04 00:00:00+00:00,0.6,0.6,0.416,0.41,25.4,91,971.2,2.2
ITN_SNG_01,2023-07-04 01:00:00+00:00,0.0,0.0,0.414,0.41,26.6,89,971.5,2.4
ITN_SNG_01,2023-07-04 02:00:00+00:00,0.1,0.1,0.413,0.41,27.3,88,972.2,2.9
ITN_SNG_01,2023-07-04 03:00:00+00:00,0.6,0.6,0.415,0.409,28.4,82,972.2,3.8
ITN_SNG_01,2023-07-04 04:00:00+00:00,0.5,0.5,0.415,0.409,29.2,79,972.2,7.0
ITN_SNG_01,2023-07-04 05:00:00+00:00,3.4,3.4,0.439,0.411,28.7,79,971.9,8.1
ITN_SNG_01,2023-07-04 06:00:00+00:00,1.4,1.4,0.431,0.416,30.3,71,970.7,10.0
ITN_SNG_01,2023-07-04 07:00:00+00:00,0.1,0.1,0.424,0.416,30.9,69,969.2,14.6
ITN_SNG_01,2023-07-04 08:00:00+00:00,1.1,1.1,0.426,0.417,30.5,74,968.4,11.9
ITN_SNG_01,2023-07-04 09:00:00+00:00,0.1,0.1,0.421,0.416,30.9,73,967.4,13.5
ITN_SNG_01,2023-07-04 10:00:00+00:00,0.0,0.0,0.417,0.415,30.5,74,966.8,14.5
ITN_SNG_01,2023-07-04 11:00:00+00:00,0.8,0.8,0.42,0.415,29.7,77,966.8,12.5
ITN_SNG_01,2023-07-04 12:00:00+00:00,0.0,0.0,0.405,0.406,29.0,80,968.8,9.0
ITN_SNG_01,2023-07-04 13:00:00+00:00,0.0,0.0,0.404,0.405,27.4,88,969.4,3.4
ITN_SNG_01,2023-07-04 14:00:00+00:00,0.0,0.0,0.403,0.405,27.2,87,970.4,0.7
ITN_SNG_01,2023-07-04 15:00:00+00:00,0.0,0.0,0.402,0.405,26.3,92,971.1,3.1
ITN_SNG_01,2023-07-04 16:00:00+00:00,0.0,0.0,0.401,0.404,25.8,96,971.6,2.3
ITN_SNG_01,2023-07-04 17:00:00+00:00,0.0,0.0,0.4,0.404,25.4,97,971.8,1.4
ITN_SNG_01,2023-07-04 18:00:00+00:00,0.1,0.1,0.4,0.403,25.5,95,971.2,1.5
ITN_SNG_01,2023-07-04 19:00:00+00:00,0.5,0.5,0.403,0.403,25.3,93,970.7,2.2
ITN_SNG_01,2023-07-04 20:00:00+00:00,0.7,0.7,0.409,0.403,25.0,94,970.4,2.2
ITN_SNG_01,2023-07-04 21:00:00+00:00,1.6,1.6,0.425,0.404,24.4,95,970.4,3.4
ITN_SNG_01,2023-07-04 22:00:00+00:00,4.1,4.1,0.43,0.416,24.0,97,970.7,2.0
ITN_SNG_01,2023-07-04 23:00:00+00:00,0.3,0.3,0.428,0.417,24.0,97,970.7,2.5
ITN_SNG_01,2023-07-05 00:00:00+00:00,2.1,2.1,0.439,0.435,24.7,97,970.9,0.5
ITN_SNG_01,2023-07-05 01:00:00+00:00,0.0,0.0,0.427,0.434,26.7,87,971.5,1.8
ITN_SNG_01,2023-07-05 02:00:00+00:00,0.0,0.0,0.423,0.431,27.7,85,971.9,5.5
ITN_SNG_01,2023-07-05 03:00:00+00:00,0.1,0.1,0.42,0.429,28.5,84,971.7,6.8
ITN_SNG_01,2023-07-05 04:00:00+00:00,0.1,0.1,0.417,0.426,29.8,77,971.5,5.4
ITN_SNG_01,2023-07-05 05:00:00+00:00,0.1,0.1,0.414,0.425,30.0,75,970.8,4.3
ITN_SNG_01,2023-07-05 06:00:00+00:00,0.1,0.1,0.411,0.423,30.9,73,969.9,5.0
ITN_SNG_01,2023-07-05 07:00:00+00:00,2.1,2.1,0.428,0.421,29.2,77,969.0,7.3
ITN_SNG_01,2023-07-05 08:00:00+00:00,0.7,0.7,0.427,0.421,29.7,78,968.4,5.4
ITN_SNG_01,2023-07-05 09:00:00+00:00,0.0,0.0,0.422,0.42,30.7,76,967.6,2.5
ITN_SNG_01,2023-07-05 10:00:00+00:00,5.1,5.1,0.439,0.423,28.6,82,967.2,8.4
ITN_SNG_01,2023-07-05 11:00:00+00:00,6.9,6.9,0.432,0.435,27.1,87,967.1,7.3
ITN_SNG_01,2023-07-05 12:00:00+00:00,2.6,2.6,0.435,0.433,27.8,87,968.4,3.5
ITN_SNG_01,2023-07-05 13:00:00+00:00,0.0,0.0,0.43,0.431,27.1,92,969.2,2.9
ITN_SNG_01,2023-07-05 14:00:00+00:00,0.0,0.0,0.426,0.43,26.4,95,969.2,4.0
ITN_SNG_01,2023-07-05 15:00:00+00:00,1.6,1.6,0.439,0.428,25.9,93,970.6,1.1
ITN_SNG_01,2023-07-05 16:00:00+00:00,8.1,8.1,0.436,0.437,25.3,95,971.6,4.8
ITN_SNG_01,2023-07-05 17:00:00+00:00,0.8,0.8,0.437,0.434,25.0,96,972.1,3.4
ITN_SNG_01,2023-07-05 18:00:00+00:00,1.8,1.8,0.437,0.435,24.5,98,971.3,6.3
ITN_SNG_01,2023-07-05 19:00:00+00:00,10.4,10.4,0.438,0.438,24.0,99,971.2,4.5
ITN_SNG_01,2023-07-05 20:00:00+00:00,4.0,4.0,0.437,0.439,24.4,96,971.0,1.8
ITN_SNG_01,2023-07-05 21:00:00+00:00,4.0,4.0,0.439,0.439,24.1,98,971.1,6.2
ITN_SNG_01,2023-07-05 22:00:00+00:00,4.9,4.9,0.439,0.438,24.2,96,971.2,1.8
ITN_SNG_01,2023-07-05 23:00:00+00:00,3.2,3.2,0.436,0.439,24.1,98,971.1,3.2
ITN_SNG_01,2023-07-06 00:00:00+00:00,2.0,2.0,0.439,0.439,24.1,99,972.0,4.2
ITN_SNG_01,2023-07-06 01:00:00+00:00,3.6,3.6,0.434,0.438,24.2,98,972.9,1.8
ITN_SNG_01,2023-07-06 02:00:00+00:00,1.1,1.1,0.435,0.436,24.8,96,973.2,4.6
ITN_SNG_01,2023-07-06 03:00:00+00:00,1.0,1.0,0.437,0.435,25.7,92,973.5,0.8
ITN_SNG_01,2023-07-06 04:00:00+00:00,1.1,1.1,0.437,0.435,26.9,89,973.3,3.6
ITN_SNG_01,2023-07-06 05:00:00+00:00,1.1,1.1,0.435,0.435,27.9,85,973.1,6.7
ITN_SNG_01,2023-07-06 06:00:00+00:00,0.3,0.3,0.43,0.434,27.8,84,972.4,7.7
ITN_SNG_01,2023-07-06 07:00:00+00:00,0.0,0.0,0.425,0.433,29.2,76,971.5,11.5
ITN_SNG_01,2023-07-06 08:00:00+00:00,0.2,0.2,0.421,0.431,29.7,73,970.8,13.8
ITN_SNG_01,2023-07-06 09:00:00+00:00,0.2,0.2,0.418,0.429,29.4,75,970.2,13.0
ITN_SNG_01,2023-07-06 10:00:00+00:00,0.1,0.1,0.416,0.428,29.0,77,969.6,8.9
ITN_SNG_01,2023-07-06 11:00:00+00:00,0.0,0.0,0.414,0.427,28.9,77,969.5,10.2
ITN_SNG_01,2023-07-06 12:00:00+00:00,0.0,0.0,0.416,0.43,28.0,83,971.2,2.4
ITN_SNG_01,2023-07-06 13:00:00+00:00,0.0,0.0,0.414,0.429,26.6,92,971.6,3.0
ITN_SNG_01,2023-07-06 14:00:00+00:00,0.0,0.0,0.413,0.428,26.9,88,972.5,1.1
ITN_SNG_01,2023-07-06 15:00:00+00:00,0.1,0.1,0.413,0.427,26.7,90,973.5,2.2
ITN_SNG_01,2023-07-06 16:00:00+00:00,3.4,3.4,0.434,0.43,25.5,94,974.3,6.1
ITN_SNG_01,2023-07-06 17:00:00+00:00,3.1,3.1,0.437,0.437,25.2,95,973.8,3.6
ITN_SNG_01,2023-07-06 18:00:00+00:00,4.6,4.6,0.433,0.438,24.2,97,974.3,5.2
ITN_SNG_01,2023-07-06 19:00:00+00:00,6.2,6.2,0.439,0.439,23.8,100,973.6,5.7
ITN_SNG_01,2023-07-06 20:00:00+00:00,6.8,6.8,0.43,0.438,23.9,98,972.7,2.6
ITN_SNG_01,2023-07-06 21:00:00+00:00,1.9,1.9,0.439,0.437,23.6,99,972.7,8.8
ITN_SNG_01,2023-07-06 22:00:00+00:00,0.5,0.5,0.427,0.437,23.8,97,972.5,8.0
ITN_SNG_01,2023-07-06 23:00:00+00:00,0.2,0.2,0.425,0.435,23.6,97,972.8,8.1
ITN_SNG_01,2023-07-07 00:00:00+00:00,0.4,0.4,0.422,0.434,24.5,97,973.0,11.3
ITN_SNG_01,2023-07-07 01:00:00+00:00,0.1,0.1,0.419,0.432,25.4,93,973.5,13.9
ITN_SNG_01,2023-07-07 02:00:00+00:00,0.1,0.1,0.417,0.431,26.6,87,974.1,16.3
ITN_SNG_01,2023-07-07 03:00:00+00:00,0.1,0.1,0.415,0.429,27.5,85,974.4,15.1
ITN_SNG_01,2023-07-07 04:00:00+00:00,0.0,0.0,0.413,0.427,28.1,82,974.1,17.9
ITN_SNG_01,2023-07-07 05:00:00+00:00,0.1,0.1,0.41,0.425,29.2,78,973.7,18.7
ITN_SNG_01,2023-07-07 06:00:00+00:00,0.2,0.2,0.409,0.423,29.8,73,972.9,20.4
ITN_SNG_01,2023-07-07 07:00:00+00:00,0.2,0.2,0.407,0.421,29.6,75,971.9,18.0
ITN_SNG_01,2023-07-07 08:00:00+00:00,0.1,0.1,0.405,0.419,30.7,71,971.2,17.8
ITN_SNG_01,2023-07-07 09:00:00+00:00,0.5,0.5,0.406,0.418,29.4,76,970.7,14.4
ITN_SNG_01,2023-07-07 10:00:00+00:00,0.0,0.0,0.404,0.416,29.6,75,969.8,13.4
ITN_SNG_01,2023-07-07 11:00:00+00:00,0.0,0.0,0.402,0.415,28.5,81,970.2,12.7
ITN_SNG_01,2023-07-07 12:00:00+00:00,0.0,0.0,0.414,0.418,28.6,81,972.0,5.6
ITN_SNG_01,2023-07-07 13:00:00+00:00,0.0,0.0,0.412,0.417,27.9,84,972.8,1.3
ITN_SNG_01,2023-07-07 14:00:00+00:00,0.0,0.0,0.411,0.416,26.6,91,973.5,2.9
ITN_SNG_01,2023-07-07 15:00:00+00:00,0.9,0.9,0.416,0.416,26.3,92,974.5,5.9
ITN_SNG_01,2023-07-07 16:00:00+00:00,4.4,4.4,0.437,0.423,25.4,94,974.8,5.1
ITN_SNG_01,2023-07-07 17:00:00+00:00,3.8,3.8,0.439,0.432,24.9,96,975.1,0.5
ITN_SNG_01,2023-07-07 18:00:00+00:00,11.5,11.5,0.439,0.439,24.6,96,975.0,3.3
ITN_SNG_01,2023-07-07 19:00:00+00:00,9.2,9.2,0.437,0.439,24.4,96,974.6,4.7
ITN_SNG_01,2023-07-07 20:00:00+00:00,4.4,4.4,0.434,0.432,24.5,94,973.6,3.3
ITN_SNG_01,2023-07-07 21:00:00+00:00,4.7,4.7,0.439,0.435,24.2,94,973.8,4.9
ITN_SNG_01,2023-07-07 22:00:00+00:00,2.1,2.1,0.433,0.43,24.1,95,973.7,3.4
ITN_SNG_01,2023-07-07 23:00:00+00:00,0.5,0.5,0.432,0.425,24.0,96,973.8,4.7
ITN_SNG_01,2023-07-08 00:00:00+00:00,0.5,0.5,0.422,0.431,24.7,96,974.5,8.7
ITN_SNG_01,2023-07-08 01:00:00+00:00,0.1,0.1,0.42,0.429,26.2,89,974.9,8.2
ITN_SNG_01,2023-07-08 02:00:00+00:00,0.0,0.0,0.417,0.426,27.5,86,975.4,8.4
ITN_SNG_01,2023-07-08 03:00:00+00:00,0.1,0.1,0.415,0.424,28.2,83,975.4,11.2
ITN_SNG_01,2023-07-08 04:00:00+00:00,0.1,0.1,0.412,0.422,29.3,75,975.1,13.7
ITN_SNG_01,2023-07-08 05:00:00+00:00,0.0,0.0,0.409,0.419,30.2,73,974.3,14.5
ITN_SNG_01,2023-07-08 06:00:00+00:00,0.0,0.0,0.406,0.417,31.1,68,973.2,14.9
ITN_SNG_01,2023-07-08 07:00:00+00:00,0.0,0.0,0.403,0.415,31.6,66,972.3,14.5
ITN_SNG_01,2023-07-08 08:00:00+00:00,0.0,0.0,0.4,0.412,31.5,67,970.9,15.0
ITN_SNG_01,2023-07-08 09:00:00+00:00,0.1,0.1,0.398,0.41,31.4,67,970.2,13.6
ITN_SNG_01,2023-07-08 10:00:00+00:00,0.4,0.4,0.399,0.409,30.6,70,969.7,13.4
ITN_SNG_01,2023-07-08 11:00:00+00:00,0.0,0.0,0.397,0.407,30.1,73,969.9,12.8
ITN_SNG_01,2023-07-08 12:00:00+00:00,0.0,0.0,0.39,0.405,29.8,75,971.8,7.9
ITN_SNG_01,2023-07-08 13:00:00+00:00,0.0,0.0,0.39,0.403,28.0,87,972.4,3.1
ITN_SNG_01,2023-07-08 14:00:00+00:00,0.6,0.6,0.394,0.402,26.8,90,973.2,7.1
ITN_SNG_01,2023-07-08 15:00:00+00:00,0.1,0.1,0.394,0.402,26.0,95,973.7,5.4
ITN_SNG_01,2023-07-08 16:00:00+00:00,0.0,0.0,0.394,0.401,25.5,98,974.4,2.3
ITN_SNG_01,2023-07-08 17:00:00+00:00,0.0,0.0,0.393,0.4,25.4,98,974.6,3.6
ITN_SNG_01,2023-07-08 18:00:00+00:00,0.8,0.8,0.4,0.399,24.9,98,974.2,4.6
ITN_SNG_01,2023-07-08 19:00:00+00:00,0.1,0.1,0.4,0.399,24.7,99,973.3,6.6
ITN_SNG_01,2023-07-08 20:00:00+00:00,0.1,0.1,0.401,0.398,24.7,99,972.4,8.1
ITN_SNG_01,2023-07-08 21:00:00+00:00,0.1,0.1,0.4,0.398,24.5,97,972.3,7.9
ITN_SNG_01,2023-07-08 22:00:00+00:00,0.1,0.1,0.4,0.397,24.4,96,972.2,9.4
ITN_SNG_01,2023-07-08 23:00:00+00:00,0.2,0.2,0.401,0.397,24.2,96,972.3,10.7
ITN_SNG_01,2023-07-09 00:00:00+00:00,0.2,0.2,0.402,0.398,25.2,93,973.0,9.0
ITN_SNG_01,2023-07-09 01:00:00+00:00,0.0,0.0,0.401,0.398,26.3,90,973.2,8.2
ITN_SNG_01,2023-07-09 02:00:00+00:00,0.0,0.0,0.399,0.397,27.9,83,973.4,11.1
ITN_SNG_01,2023-07-09 03:00:00+00:00,0.0,0.0,0.397,0.396,29.2,78,973.6,11.6
ITN_SNG_01,2023-07-09 04:00:00+00:00,0.0,0.0,0.395,0.395,30.1,73,973.3,11.8
ITN_SNG_01,2023-07-09 05:00:00+00:00,0.0,0.0,0.392,0.394,31.0,72,972.7,13.2
ITN_SNG_01,2023-07-09 06:00:00+00:00,0.1,0.1,0.389,0.393,30.9,72,971.9,14.6
ITN_SNG_01,2023-07-09 07:00:00+00:00,0.1,0.1,0.387,0.391,31.1,73,970.6,15.4
ITN_SNG_01,2023-07-09 08:00:00+00:00,0.1,0.1,0.386,0.39,31.3,71,969.2,15.0
ITN_SNG_01,2023-07-09 09:00:00+00:00,0.5,0.5,0.387,0.389,31.0,69,968.8,16.1
ITN_SNG_01,2023-07-09 10:00:00+00:00,0.1,0.1,0.386,0.389,30.3,76,968.5,13.0
ITN_SNG_01,2023-07-09 11:00:00+00:00,0.0,0.0,0.385,0.388,30.1,77,968.6,13.8
ITN_SNG_01,2023-07-09 12:00:00+00:00,0.0,0.0,0.391,0.39,29.1,81,970.7,7.4
ITN_SNG_01,2023-07-09 13:00:00+00:00,0.0,0.0,0.39,0.39,27.9,85,970.8,3.6
ITN_SNG_01,2023-07-09 14:00:00+00:00,0.0,0.0,0.389,0.39,27.3,88,971.9,0.7
ITN_SNG_01,2023-07-09 15:00:00+00:00,0.0,0.0,0.389,0.389,27.0,89,972.5,5.6
ITN_SNG_01,2023-07-09 16:00:00+00:00,0.0,0.0,0.388,0.389,26.4,94,973.1,4.3
ITN_SNG_01,2023-07-09 17:00:00+00:00,0.2,0.2,0.389,0.389,26.1,93,972.7,3.9
ITN_SNG_01,2023-07-09 18:00:00+00:00,2.4,2.4,0.413,0.389,25.5,95,972.7,2.7
ITN_SNG_01,2023-07-09 19:00:00+00:00,0.4,0.4,0.414,0.389,25.1,97,972.2,1.5
ITN_SNG_01,2023-07-09 20:00:00+00:00,0.3,0.3,0.414,0.39,25.1,97,972.1,0.4
ITN_SNG_01,2023-07-09 21:00:00+00:00,0.3,0.3,0.414,0.391,25.1,96,972.1,2.5
ITN_SNG_01,2023-07-09 22:00:00+00:00,0.2,0.2,0.413,0.391,24.9,97,971.6,3.8
ITN_SNG_01,2023-07-09 23:00:00+00:00,0.1,0.1,0.411,0.392,24.7,97,971.5,3.7
ITN_SNG_01,2023-07-10 00:00:00+00:00,0.1,0.1,0.404,0.389,25.2,96,972.1,5.0
ITN_SNG_01,2023-07-10 01:00:00+00:00,0.1,0.1,0.402,0.389,26.5,90,972.4,5.4
ITN_SNG_01,2023-07-10 02:00:00+00:00,0.0,0.0,0.4,0.389,27.7,84,972.9,6.1
ITN_SNG_01,2023-07-10 03:00:00+00:00,0.2,0.2,0.399,0.389,28.2,83,973.1,9.5
ITN_SNG_01,2023-07-10 04:00:00+00:00,2.0,2.0,0.414,0.39,28.0,85,972.7,9.3
ITN_SNG_01,2023-07-10 05:00:00+00:00,0.2,0.2,0.411,0.39,29.3,80,972.2,11.1
ITN_SNG_01,2023-07-10 06:00:00+00:00,0.0,0.0,0.407,0.39,29.8,75,970.9,12.7
ITN_SNG_01,2023-07-10 07:00:00+00:00,0.1,0.1,0.403,0.389,30.7,71,969.9,14.4
ITN_SNG_01,2023-07-10 08:00:00+00:00,0.1,0.1,0.399,0.389,31.0,72,969.2,16.8
ITN_SNG_01,2023-07-10 09:00:00+00:00,0.5,0.5,0.4,0.388,29.8,73,968.5,18.8
ITN_SNG_01,2023-07-10 10:00:00+00:00,0.2,0.2,0.399,0.388,28.5,82,968.4,15.3
ITN_SNG_01,2023-07-10 11:00:00+00:00,0.0,0.0,0.398,0.388,28.8,81,968.1,12.1
ITN_SNG_01,2023-07-10 12:00:00+00:00,0.0,0.0,0.42,0.398,27.9,86,970.1,8.9
ITN_SNG_01,2023-07-10 13:00:00+00:00,0.1,0.1,0.416,0.398,26.9,91,970.5,3.9
ITN_SNG_01,2023-07-10 14:00:00+00:00,0.0,0.0,0.413,0.399,26.4,95,971.0,1.5
ITN_SNG_01,2023-07-10 15:00:00+00:00,0.0,0.0,0.411,0.399,26.1,95,971.9,2.6
ITN_SNG_01,2023-07-10 16:00:00+00:00,0.0,0.0,0.409,0.399,26.1,95,972.5,2.5
ITN_SNG_01,2023-07-10 17:00:00+00:00,0.0,0.0,0.407,0.399,25.6,96,972.4,3.8
ITN_SNG_01,2023-07-10 18:00:00+00:00,3.9,3.9,0.439,0.402,25.0,97,972.0,7.2
ITN_SNG_01,2023-07-10 19:00:00+00:00,1.7,1.7,0.431,0.411,25.3,94,971.2,6.1
ITN_SNG_01,2023-07-10 20:00:00+00:00,0.2,0.2,0.426,0.413,24.9,95,971.3,11.6
ITN_SNG_01,2023-07-10 21:00:00+00:00,0.3,0.3,0.424,0.413,24.6,96,971.1,12.4
ITN_SNG_01,2023-07-10 22:00:00+00:00,0.1,0.1,0.421,0.414,25.0,93,970.9,11.4
ITN_SNG_01,2023-07-10 23:00:00+00:00,0.2,0.2,0.42,0.414,25.1,92,971.2,11.3
ITN_SNG_01,2023-07-11 00:00:00+00:00,0.2,0.2,0.414,0.405,25.6,91,971.0,10.6
ITN_SNG_01,2023-07-11 01:00:00+00:00,0.0,0.0,0.412,0.405,26.7,88,971.4,13.7
ITN_SNG_01,2023-07-11 02:00:00+00:00,0.0,0.0,0.41,0.405,27.2,85,971.5,16.1
ITN_SNG_01,2023-07-11 03:00:00+00:00,0.1,0.1,0.409,0.405,27.8,84,971.7,17.9
ITN_SNG_01,2023-07-11 04:00:00+00:00,0.1,0.1,0.406,0.404,29.3,77,971.5,20.4
ITN_SNG_01,2023-07-11 05:00:00+00:00,0.2,0.2,0.404,0.403,29.9,75,970.9,19.2
ITN_SNG_01,2023-07-11 06:00:00+00:00,1.1,1.1,0.409,0.403,28.9,78,970.4,20.1
ITN_SNG_01,2023-07-11 07:00:00+00:00,0.3,0.3,0.409,0.403,29.6,78,969.0,17.6
ITN_SNG_01,2023-07-11 08:00:00+00:00,4.0,4.0,0.439,0.403,29.6,78,968.6,20.0
ITN_SNG_01,2023-07-11 09:00:00+00:00,2.6,2.6,0.433,0.412,29.4,81,968.2,21.3
ITN_SNG_01,2023-07-11 10:00:00+00:00,2.6,2.6,0.431,0.417,27.6,86,967.8,16.3
ITN_SNG_01,2023-07-11 11:00:00+00:00,0.3,0.3,0.426,0.418,27.8,87,967.6,16.2
ITN_SNG_01,2023-07-11 12:00:00+00:00,0.1,0.1,0.403,0.401,27.3,88,970.2,15.3
ITN_SNG_01,2023-07-11 13:00:00+00:00,0.1,0.1,0.402,0.4,26.3,90,970.1,10.0
ITN_SNG_01,2023-07-11 14:00:00+00:00,0.0,0.0,0.401,0.4,26.1,90,970.7,9.7
ITN_SNG_01,2023-07-11 15:00:00+00:00,0.0,0.0,0.4,0.4,26.2,88,971.9,10.3
ITN_SNG_01,2023-07-11 16:00:00+00:00,0.2,0.2,0.4,0.4,26.1,88,972.5,10.2
ITN_SNG_01,2023-07-11 17:00:00+00:00,0.3,0.3,0.401,0.4,25.8,89,972.2,10.9
ITN_SNG_01,2023-07-11 18:00:00+00:00,1.0,1.0,0.409,0.4,25.2,93,971.9,13.0
ITN_SNG_01,2023-07-11 19:00:00+00:00,0.7,0.7,0.414,0.4,25.2,93,971.3,13.4
ITN_SNG_01,2023-07-11 20:00:00+00:00,0.6,0.6,0.418,0.401,25.0,94,970.8,14.3
ITN_SNG_01,2023-07-11 21:00:00+00:00,0.6,0.6,0.42,0.402,24.8,94,970.6,14.6
ITN_SNG_01,2023-07-11 22:00:00+00:00,0.2,0.2,0.418,0.403,24.8,94,970.6,11.9
ITN_SNG_01,2023-07-11 23:00:00+00:00,0.2,0.2,0.416,0.403,24.6,94,970.6,10.7
ITN_SNG_01,2023-07-12 00:00:00+00:00,0.6,0.6,0.425,0.408,25.0,96,970.7,15.3
ITN_SNG_01,2023-07-12 01:00:00+00:00,0.6,0.6,0.425,0.41,25.5,95,970.8,12.6
ITN_SNG_01,2023-07-12 02:00:00+00:00,0.6,0.6,0.425,0.411,26.0,91,971.7,15.6
ITN_SNG_01,2023-07-12 03:00:00+00:00,1.3,1.3,0.432,0.412,26.1,92,972.5,16.6
ITN_SNG_01,2023-07-12 04:00:00+00:00,3.1,3.1,0.436,0.422,25.7,93,972.2,18.3
ITN_SNG_01,2023-07-12 05:00:00+00:00,2.0,2.0,0.433,0.428,26.4,90,971.5,20.0
ITN_SNG_01,2023-07-12 06:00:00+00:00,0.4,0.4,0.429,0.428,27.5,85,971.0,25.0
ITN_SNG_01,2023-07-12 07:00:00+00:00,0.5,0.5,0.428,0.428,26.6,88,970.2,22.2
ITN_SNG_01,2023-07-12 08:00:00+00:00,0.4,0.4,0.426,0.427,27.4,84,969.4,24.2
ITN_SNG_01,2023-07-12 09:00:00+00:00,0.3,0.3,0.424,0.427,27.7,82,968.9,20.8
ITN_SNG_01,2023-07-12 10:00:00+00:00,0.4,0.4,0.423,0.426,27.1,83,968.8,19.0
ITN_SNG_01,2023-07-12 11:00:00+00:00,0.2,0.2,0.421,0.426,26.5,86,968.8,15.6
ITN_SNG_01,2023-07-12 12:00:00+00:00,0.1,0.1,0.419,0.417,27.4,79,970.7,11.3
ITN_SNG_01,2023-07-12 13:00:00+00:00,0.1,0.1,0.418,0.417,26.8,81,971.1,10.9
ITN_SNG_01,2023-07-12 14:00:00+00:00,0.1,0.1,0.416,0.417,26.3,81,971.5,10.2
ITN_SNG_01,2023-07-12 15:00:00+00:00,0.0,0.0,0.415,0.417,26.5,81,972.5,9.5
ITN_SNG_01,2023-07-12 16:00:00+00:00,0.7,0.7,0.418,0.417,26.1,85,972.9,8.8
ITN_SNG_01,2023-07-12 17:00:00+00:00,1.2,1.2,0.426,0.417,25.1,92,972.7,8.5
ITN_SNG_01,2023-07-12 18:00:00+00:00,0.6,0.6,0.429,0.418,24.9,94,972.5,6.7
ITN_SNG_01,2023-07-12 19:00:00+00:00,1.3,1.3,0.437,0.42,24.3,96,971.9,7.2
ITN_SNG_01,2023-07-12 20:00:00+00:00,1.5,1.5,0.433,0.426,24.0,97,971.5,4.0
ITN_SNG_01,2023-07-12 21:00:00+00:00,0.8,0.8,0.434,0.427,23.7,98,971.5,5.9
ITN_SNG_01,2023-07-12 22:00:00+00:00,0.3,0.3,0.43,0.428,23.7,98,971.3,7.1
ITN_SNG_01,2023-07-12 23:00:00+00:00,0.1,0.1,0.427,0.428,23.7,99,971.4,7.6
ITN_SNG_01,2023-07-13 00:00:00+00:00,0.1,0.1,0.427,0.432,23.9,98,972.0,12.4
ITN_SNG_01,2023-07-13 01:00:00+00:00,0.7,0.7,0.429,0.431,24.4,96,972.2,13.7
ITN_SNG_01,2023-07-13 02:00:00+00:00,0.6,0.6,0.431,0.431,24.7,96,972.7,13.1
ITN_SNG_01,2023-07-13 03:00:00+00:00,0.4,0.4,0.429,0.431,25.7,93,973.0,13.6
ITN_SNG_01,2023-07-13 04:00:00+00:00,0.8,0.8,0.431,0.43,26.4,85,973.1,15.3
ITN_SNG_01,2023-07-13 05:00:00+00:00,0.7,0.7,0.431,0.43,26.2,90,972.7,17.5
ITN_SNG_01,2023-07-13 06:00:00+00:00,0.7,0.7,0.43,0.43,26.4,88,971.8,17.9
ITN_SNG_01,2023-07-13 07:00:00+00:00,0.4,0.4,0.428,0.429,27.5,84,971.0,20.3
ITN_SNG_01,2023-07-13 08:00:00+00:00,0.2,0.2,0.425,0.429,27.6,82,970.3,19.7
ITN_SNG_01,2023-07-13 09:00:00+00:00,1.3,1.3,0.43,0.428,27.5,82,969.8,16.9
ITN_SNG_01,2023-07-13 10:00:00+00:00,1.0,1.0,0.431,0.428,26.7,88,969.6,15.0
ITN_SNG_01,2023-07-13 11:00:00+00:00,0.4,0.4,0.429,0.428,26.5,87,970.0,13.9
ITN_SNG_01,2023-07-13 12:00:00+00:00,0.5,0.5,0.425,0.431,27.2,85,970.5,9.1
ITN_SNG_01,2023-07-13 13:00:00+00:00,0.3,0.3,0.424,0.43,26.2,89,970.9,9.0
ITN_SNG_01,2023-07-13 14:00:00+00:00,0.9,0.9,0.429,0.43,25.6,90,971.6,10.2
ITN_SNG_01,2023-07-13 15:00:00+00:00,2.4,2.4,0.439,0.433,25.3,90,972.5,9.7
ITN_SNG_01,2023-07-13 16:00:00+00:00,10.8,10.8,0.439,0.439,24.9,93,973.0,6.5
ITN_SNG_01,2023-07-13 17:00:00+00:00,12.3,12.3,0.439,0.439,24.6,95,972.9,7.1
ITN_SNG_01,2023-07-13 18:00:00+00:00,10.0,10.0,0.43,0.438,24.2,98,972.6,1.1
ITN_SNG_01,2023-07-13 19:00:00+00:00,1.3,1.3,0.437,0.437,24.0,99,972.1,1.8
ITN_SNG_01,2023-07-13 20:00:00+00:00,0.2,0.2,0.431,0.436,23.9,99,971.5,5.2
ITN_SNG_01,2023-07-13 21:00:00+00:00,0.1,0.1,0.427,0.435,23.6,99,971.5,3.4
ITN_SNG_01,2023-07-13 22:00:00+00:00,0.1,0.1,0.425,0.434,23.5,99,971.9,3.1
ITN_SNG_01,2023-07-13 23:00:00+00:00,0.2,0.2,0.423,0.432,23.6,99,972.2,3.7
ITN_SNG_01,2023-07-14 00:00:00+00:00,0.3,0.3,0.43,0.431,23.9,98,973.4,5.1
ITN_SNG_01,2023-07-14 01:00:00+00:00,0.2,0.2,0.427,0.43,24.9,94,973.6,5.0
ITN_SNG_01,2023-07-14 02:00:00+00:00,0.1,0.1,0.425,0.43,25.5,91,974.0,1.8
ITN_SNG_01,2023-07-14 03:00:00+00:00,0.0,0.0,0.422,0.429,26.0,90,974.2,1.3
ITN_SNG_01,2023-07-14 04:00:00+00:00,0.0,0.0,0.419,0.428,27.6,84,974.4,4.1
ITN_SNG_01,2023-07-14 05:00:00+00:00,0.0,0.0,0.416,0.427,28.4,80,973.9,6.1
ITN_SNG_01,2023-07-14 06:00:00+00:00,0.1,0.1,0.414,0.426,29.1,76,973.0,6.6
ITN_SNG_01,2023-07-14 07:00:00+00:00,0.0,0.0,0.41,0.425,30.1,73,971.9,6.9
ITN_SNG_01,2023-07-14 08:00:00+00:00,0.0,0.0,0.407,0.423,30.8,69,970.8,8.2
ITN_SNG_01,2023-07-14 09:00:00+00:00,0.1,0.1,0.405,0.422,31.0,66,969.7,9.1
ITN_SNG_01,2023-07-14 10:00:00+00:00,0.2,0.2,0.404,0.421,30.2,69,969.5,10.8
ITN_SNG_01,2023-07-14 11:00:00+00:00,0.3,0.3,0.405,0.42,28.9,80,969.7,6.6
ITN_SNG_01,2023-07-14 12:00:00+00:00,0.3,0.3,0.404,0.419,27.9,86,970.6,2.6
ITN_SNG_01,2023-07-14 13:00:00+00:00,0.0,0.0,0.404,0.419,26.9,94,971.2,2.2
ITN_SNG_01,2023-07-14 14:00:00+00:00,0.0,0.0,0.404,0.418,26.7,95,972.4,1.0
ITN_SNG_01,2023-07-14 15:00:00+00:00,0.3,0.3,0.405,0.418,26.1,94,973.1,2.2
ITN_SNG_01,2023-07-14 16:00:00+00:00,0.9,0.9,0.413,0.417,25.8,93,973.5,2.1
ITN_SNG_01,2023-07-14 17:00:00+00:00,0.7,0.7,0.418,0.417,25.7,93,973.4,2.9
ITN_SNG_01,2023-07-14 18:00:00+00:00,5.3,5.3,0.439,0.427,24.8,94,973.6,7.8
ITN_SNG_01,2023-07-14 19:00:00+00:00,0.2,0.2,0.429,0.43,24.8,96,973.1,4.2
ITN_SNG_01,2023-07-14 20:00:00+00:00,0.1,0.1,0.426,0.429,24.7,97,972.3,3.1
ITN_SNG_01,2023-07-14 21:00:00+00:00,0.0,0.0,0.423,0.429,24.2,99,972.1,2.4
ITN_SNG_01,2023-07-14 22:00:00+00:00,0.0,0.0,0.42,0.428,24.3,99,972.2,0.4
ITN_SNG_01,2023-07-14 23:00:00+00:00,0.1,0.1,0.419,0.428,23.9,100,972.3,1.6
ITN_SNG_01,2023-07-15 00:00:00+00:00,0.1,0.1,0.42,0.425,24.6,99,972.5,1.8
ITN_SNG_01,2023-07-15 01:00:00+00:00,0.2,0.2,0.419,0.424,25.6,95,972.9,2.1
ITN_SNG_01,2023-07-15 02:00:00+00:00,0.1,0.1,0.417,0.424,26.9,93,973.2,4.2
ITN_SNG_01,2023-07-15 03:00:00+00:00,0.2,0.2,0.416,0.423,27.8,90,973.5,5.2
ITN_SNG_01,2023-07-15 04:00:00+00:00,0.2,0.2,0.414,0.422,28.9,85,973.5,5.3
ITN_SNG_01,2023-07-15 05:00:00+00:00,0.2,0.2,0.412,0.422,29.8,79,972.9,3.8
ITN_SNG_01,2023-07-15 06:00:00+00:00,0.1,0.1,0.41,0.421,31.0,73,971.7,5.8
ITN_SNG_01,2023-07-15 07:00:00+00:00,0.0,0.0,0.407,0.419,31.4,71,970.1,8.7
ITN_SNG_01,2023-07-15 08:00:00+00:00,0.0,0.0,0.404,0.418,32.2,68,969.2,9.2
ITN_SNG_01,2023-07-15 09:00:00+00:00,0.0,0.0,0.401,0.417,31.8,68,968.3,9.0
ITN_SNG_01,2023-07-15 10:00:00+00:00,0.1,0.1,0.4,0.416,31.1,72,967.7,9.9
ITN_SNG_01,2023-07-15 11:00:00+00:00,0.0,0.0,0.399,0.415,30.2,77,968.6,3.3
ITN_SNG_01,2023-07-15 12:00:00+00:00,0.0,0.0,0.404,0.411,29.7,80,969.8,3.8
ITN_SNG_01,2023-07-15 13:00:00+00:00,0.0,0.0,0.403,0.411,28.2,90,970.3,2.5
ITN_SNG_01,2023-07-15 14:00:00+00:00,0.0,0.0,0.402,0.411,27.6,93,970.9,1.3
ITN_SNG_01,2023-07-15 15:00:00+00:00,0.0,0.0,0.401,0.41,27.2,91,971.6,2.3
ITN_SNG_01,2023-07-15 16:00:00+00:00,0.0,0.0,0.4,0.41,26.9,91,972.1,2.2
ITN_SNG_01,2023-07-15 17:00:00+00:00,0.0,0.0,0.4,0.41,26.7,90,972.2,2.3
ITN_SNG_01,2023-07-15 18:00:00+00:00,3.6,3.6,0.438,0.41,25.9,89,971.6,1.5
ITN_SNG_01,2023-07-15 19:00:00+00:00,7.1,7.1,0.432,0.428,24.8,96,971.5,1.5
ITN_SNG_01,2023-07-15 20:00:00+00:00,1.5,1.5,0.436,0.431,24.8,97,971.2,1.8
ITN_SNG_01,2023-07-15 21:00:00+00:00,0.7,0.7,0.434,0.432,24.6,95,971.0,0.8
ITN_SNG_01,2023-07-15 22:00:00+00:00,3.6,3.6,0.439,0.439,24.2,98,971.3,3.9
ITN_SNG_01,2023-07-15 23:00:00+00:00,2.6,2.6,0.434,0.437,24.1,99,971.4,2.7
ITN_SNG_01,2023-07-16 00:00:00+00:00,2.5,2.5,0.438,0.438,24.5,97,971.8,2.2
ITN_SNG_01,2023-07-16 01:00:00+00:00,3.5,3.5,0.439,0.439,24.7,98,972.8,2.9
ITN_SNG_01,2023-07-16 02:00:00+00:00,2.3,2.3,0.434,0.438,24.7,99,972.8,3.0
ITN_SNG_01,2023-07-16 03:00:00+00:00,0.4,0.4,0.429,0.437,25.4,95,973.1,5.8
ITN_SNG_01,2023-07-16 04:00:00+00:00,0.4,0.4,0.427,0.435,26.4,93,973.4,6.5
ITN_SNG_01,2023-07-16 05:00:00+00:00,6.6,6.6,0.435,0.439,26.2,92,973.2,8.1
ITN_SNG_01,2023-07-16 06:00:00+00:00,1.8,1.8,0.434,0.438,26.5,93,972.3,9.4
ITN_SNG_01,2023-07-16 07:00:00+00:00,3.2,3.2,0.436,0.439,26.8,88,971.8,10.1
ITN_SNG_01,2023-07-16 08:00:00+00:00,1.2,1.2,0.432,0.424,27.0,84,971.3,10.6
ITN_SNG_01,2023-07-16 09:00:00+00:00,0.8,0.8,0.43,0.423,26.9,86,970.5,12.0
ITN_SNG_01,2023-07-16 10:00:00+00:00,0.1,0.1,0.426,0.421,26.2,89,970.3,11.2
ITN_SNG_01,2023-07-16 11:00:00+00:00,0.1,0.1,0.423,0.42,26.1,89,970.6,8.7
ITN_SNG_01,2023-07-16 12:00:00+00:00,0.1,0.1,0.425,0.426,25.8,91,971.7,7.4
ITN_SNG_01,2023-07-16 13:00:00+00:00,0.4,0.4,0.426,0.425,25.3,94,971.9,8.2
ITN_SNG_01,2023-07-16 14:00:00+00:00,0.3,0.3,0.426,0.425,25.0,94,971.9,7.1
ITN_SNG_01,2023-07-16 15:00:00+00:00,0.0,0.0,0.423,0.425,24.8,95,972.0,1.8
ITN_SNG_01,2023-07-16 16:00:00+00:00,0.0,0.0,0.42,0.425,25.0,93,972.4,1.8
ITN_SNG_01,2023-07-16 17:00:00+00:00,0.0,0.0,0.418,0.424,25.0,93,972.5,2.3
ITN_SNG_01,2023-07-16 18:00:00+00:00,0.0,0.0,0.416,0.423,25.1,92,971.9,3.2
ITN_SNG_01,2023-07-16 19:00:00+00:00,0.0,0.0,0.414,0.423,25.3,90,971.4,3.6
ITN_SNG_01,2023-07-16 20:00:00+00:00,0.5,0.5,0.418,0.422,24.9,94,971.3,3.0
ITN_SNG_01,2023-07-16 21:00:00+00:00,2.6,2.6,0.436,0.425,24.8,94,971.2,1.1
ITN_SNG_01,2023-07-16 22:00:00+00:00,2.5,2.5,0.438,0.433,24.6,92,971.1,1.8
ITN_SNG_01,2023-07-16 23:00:00+00:00,1.8,1.8,0.435,0.438,24.3,93,971.5,4.8
ITN_SNG_01,2023-07-17 00:00:00+00:00,1.3,1.3,0.436,0.429,24.7,89,972.5,2.7
ITN_SNG_01,2023-07-17 01:00:00+00:00,1.3,1.3,0.437,0.432,24.4,91,973.1,6.4
ITN_SNG_01,2023-07-17 02:00:00+00:00,1.1,1.1,0.437,0.434,24.9,89,973.3,6.0
ITN_SNG_01,2023-07-17 03:00:00+00:00,0.5,0.5,0.433,0.434,25.3,86,973.5,6.6
ITN_SNG_01,2023-07-17 04:00:00+00:00,0.3,0.3,0.429,0.434,25.1,89,973.6,4.3
ITN_SNG_01,2023-07-17 05:00:00+00:00,0.3,0.3,0.426,0.433,25.7,86,973.4,4.0
ITN_SNG_01,2023-07-17 06:00:00+00:00,0.2,0.2,0.423,0.432,26.2,83,972.8,5.5
ITN_SNG_01,2023-07-17 07:00:00+00:00,0.0,0.0,0.419,0.431,27.4,81,971.6,5.4
ITN_SNG_01,2023-07-17 08:00:00+00:00,0.0,0.0,0.415,0.429,28.5,79,970.5,5.6
ITN_SNG_01,2023-07-17 09:00:00+00:00,0.0,0.0,0.412,0.428,29.2,75,969.2,4.7
ITN_SNG_01,2023-07-17 10:00:00+00:00,0.0,0.0,0.41,0.426,29.2,72,968.5,4.4
ITN_SNG_01,2023-07-17 11:00:00+00:00,0.0,0.0,0.408,0.425,28.8,73,968.3,2.3
ITN_SNG_01,2023-07-17 12:00:00+00:00,0.0,0.0,0.415,0.427,27.4,82,969.5,2.2
ITN_SNG_01,2023-07-17 13:00:00+00:00,0.0,0.0,0.413,0.424,26.2,87,969.6,1.9
ITN_SNG_01,2023-07-17 14:00:00+00:00,0.0,0.0,0.412,0.422,25.4,91,969.9,2.3
ITN_SNG_01,2023-07-17 15:00:00+00:00,0.0,0.0,0.41,0.42,24.5,94,970.4,2.1
ITN_SNG_01,2023-07-17 16:00:00+00:00,0.0,0.0,0.409,0.419,24.8,91,970.9,3.6
ITN_SNG_01,2023-07-17 17:00:00+00:00,0.0,0.0,0.408,0.417,24.2,91,971.1,5.8
ITN_SNG_01,2023-07-17 18:00:00+00:00,0.0,0.0,0.407,0.415,24.2,88,971.0,6.2
ITN_SNG_01,2023-07-17 19:00:00+00:00,0.0,0.0,0.406,0.414,23.6,87,970.3,5.9
ITN_SNG_01,2023-07-17 20:00:00+00:00,0.0,0.0,0.405,0.412,23.6,85,970.3,5.4
ITN_SNG_01,2023-07-17 21:00:00+00:00,0.0,0.0,0.404,0.411,23.2,86,970.0,4.7
ITN_SNG_01,2023-07-17 22:00:00+00:00,0.0,0.0,0.403,0.41,23.4,84,969.8,1.3
ITN_SNG_01,2023-07-17 23:00:00+00:00,0.0,0.0,0.402,0.409,23.8,83,970.2,0.7
ITN_SNG_01,2023-07-18 00:00:00+00:00,0.0,0.0,0.397,0.408,25.4,79,971.3,4.5
ITN_SNG_01,2023-07-18 01:00:00+00:00,0.0,0.0,0.396,0.406,25.4,84,972.2,3.8
ITN_SNG_01,2023-07-18 02:00:00+00:00,0.0,0.0,0.396,0.405,25.7,85,972.3,4.3
ITN_SNG_01,2023-07-18 03:00:00+00:00,0.0,0.0,0.395,0.404,26.6,82,972.5,5.5
ITN_SNG_01,2023-07-18 04:00:00+00:00,0.0,0.0,0.393,0.403,26.9,80,972.4,4.4
ITN_SNG_01,2023-07-18 05:00:00+00:00,0.0,0.0,0.391,0.401,29.0,71,971.7,5.8
ITN_SNG_01,2023-07-18 06:00:00+00:00,0.0,0.0,0.387,0.399,30.5,66,970.9,5.9
ITN_SNG_01,2023-07-18 07:00:00+00:00,0.0,0.0,0.384,0.397,31.2,64,969.6,6.0
ITN_SNG_01,2023-07-18 08:00:00+00:00,0.0,0.0,0.381,0.396,31.8,64,968.2,4.3
ITN_SNG_01,2023-07-18 09:00:00+00:00,0.0,0.0,0.379,0.394,31.9,66,966.8,4.2
ITN_SNG_01,2023-07-18 10:00:00+00:00,0.0,0.0,0.377,0.393,31.9,66,966.2,3.3
ITN_SNG_01,2023-07-18 11:00:00+00:00,0.0,0.0,0.376,0.392,31.8,67,966.1,3.8
ITN_SNG_01,2023-07-18 12:00:00+00:00,0.0,0.0,0.373,0.393,30.6,74,966.9,1.8
ITN_SNG_01,2023-07-18 13:00:00+00:00,0.0,0.0,0.374,0.392,29.8,74,967.1,2.7
ITN_SNG_01,2023-07-18 14:00:00+00:00,0.0,0.0,0.374,0.392,28.8,77,967.9,2.0
ITN_SNG_01,2023-07-18 15:00:00+00:00,0.0,0.0,0.374,0.391,28.4,77,968.9,1.4
ITN_SNG_01,2023-07-18 16:00:00+00:00,0.0,0.0,0.374,0.39,26.8,84,969.5,2.6
ITN_SNG_01,2023-07-18 17:00:00+00:00,0.0,0.0,0.374,0.39,26.5,83,969.9,2.0
ITN_SNG_01,2023-07-18 18:00:00+00:00,0.0,0.0,0.374,0.389,25.9,81,969.6,3.6
ITN_SNG_01,2023-07-18 19:00:00+00:00,0.0,0.0,0.374,0.388,25.1,82,969.2,2.8
ITN_SNG_01,2023-07-18 20:00:00+00:00,0.0,0.0,0.374,0.388,24.7,81,969.0,3.9
ITN_SNG_01,2023-07-18 21:00:00+00:00,0.0,0.0,0.374,0.387,24.6,81,969.0,2.8
ITN_SNG_01,2023-07-18 22:00:00+00:00,0.0,0.0,0.374,0.387,24.7,79,968.9,2.1
ITN_SNG_01,2023-07-18 23:00:00+00:00,0.0,0.0,0.374,0.386,24.6,80,969.2,2.4
ITN_SNG_01,2023-07-19 00:00:00+00:00,0.0,0.0,0.373,0.387,25.7,78,970.0,5.8
ITN_SNG_01,2023-07-19 01:00:00+00:00,0.0,0.0,0.372,0.387,27.9,73,970.8,5.4
ITN_SNG_01,2023-07-19 02:00:00+00:00,0.0,0.0,0.371,0.386,28.9,73,971.1,7.4
ITN_SNG_01,2023-07-19 03:00:00+00:00,0.0,0.0,0.369,0.385,30.0,70,971.0,6.7
ITN_SNG_01,2023-07-19 04:00:00+00:00,0.0,0.0,0.367,0.384,31.1,67,970.7,6.8
ITN_SNG_01,2023-07-19 05:00:00+00:00,0.0,0.0,0.364,0.382,32.0,63,969.9,6.6
ITN_SNG_01,2023-07-19 06:00:00+00:00,0.0,0.0,0.362,0.381,32.9,60,969.1,5.2
ITN_SNG_01,2023-07-19 07:00:00+00:00,0.0,0.0,0.359,0.38,33.4,58,967.6,5.5
ITN_SNG_01,2023-07-19 08:00:00+00:00,0.0,0.0,0.356,0.378,33.8,57,966.4,5.4
ITN_SNG_01,2023-07-19 09:00:00+00:00,0.0,0.0,0.354,0.377,33.9,56,965.4,7.6
ITN_SNG_01,2023-07-19 10:00:00+00:00,0.0,0.0,0.353,0.376,34.0,52,964.6,7.9
ITN_SNG_01,2023-07-19 11:00:00+00:00,0.0,0.0,0.351,0.375,33.4,53,964.7,6.3
ITN_SNG_01,2023-07-19 12:00:00+00:00,0.0,0.0,0.345,0.373,32.4,59,965.2,5.8
ITN_SNG_01,2023-07-19 13:00:00+00:00,0.0,0.0,0.346,0.372,29.9,70,965.6,4.0
ITN_SNG_01,2023-07-19 14:00:00+00:00,0.0,0.0,0.346,0.372,29.0,72,966.4,3.3
ITN_SNG_01,2023-07-19 15:00:00+00:00,0.0,0.0,0.346,0.372,28.5,76,967.7,2.5
ITN_SNG_01,2023-07-19 16:00:00+00:00,0.0,0.0,0.347,0.371,28.3,76,968.6,3.1
ITN_SNG_01,2023-07-19 17:00:00+00:00,0.0,0.0,0.347,0.371,27.2,80,968.6,3.8
ITN_SNG_01,2023-07-19 18:00:00+00:00,0.0,0.0,0.347,0.371,26.0,84,968.2,4.0
ITN_SNG_01,2023-07-19 19:00:00+00:00,0.0,0.0,0.348,0.37,25.4,85,967.5,2.6
ITN_SNG_01,2023-07-19 20:00:00+00:00,0.0,0.0,0.348,0.37,25.1,85,967.5,2.6
ITN_SNG_01,2023-07-19 21:00:00+00:00,0.0,0.0,0.348,0.37,25.2,84,968.1,3.3
ITN_SNG_01,2023-07-19 22:00:00+00:00,0.0,0.0,0.348,0.369,25.0,84,968.1,2.8
ITN_SNG_01,2023-07-19 23:00:00+00:00,0.0,0.0,0.349,0.369,25.0,82,968.6,3.1
ITN_SNG_01,2023-07-20 00:00:00+00:00,0.0,0.0,0.35,0.37,25.4,83,969.4,3.0
ITN_SNG_01,2023-07-20 01:00:00+00:00,0.0,0.0,0.35,0.37,28.3,75,970.3,3.3
ITN_SNG_01,2023-07-20 02:00:00+00:00,0.0,0.0,0.349,0.369,29.3,75,971.0,6.2
ITN_SNG_01,2023-07-20 03:00:00+00:00,0.0,0.0,0.348,0.368,30.1,74,971.3,10.2
ITN_SNG_01,2023-07-20 04:00:00+00:00,0.0,0.0,0.346,0.367,31.3,71,970.9,9.8
ITN_SNG_01,2023-07-20 05:00:00+00:00,0.0,0.0,0.344,0.366,31.9,69,970.2,9.4
ITN_SNG_01,2023-07-20 06:00:00+00:00,0.1,0.1,0.342,0.365,31.9,69,969.0,9.0
ITN_SNG_01,2023-07-20 07:00:00+00:00,0.1,0.1,0.341,0.364,32.6,67,967.9,4.0
ITN_SNG_01,2023-07-20 08:00:00+00:00,0.0,0.0,0.339,0.363,33.1,64,967.4,5.0
ITN_SNG_01,2023-07-20 09:00:00+00:00,0.0,0.0,0.337,0.362,33.6,60,966.5,6.1
ITN_SNG_01,2023-07-20 10:00:00+00:00,0.0,0.0,0.336,0.362,32.8,62,966.2,3.7
ITN_SNG_01,2023-07-20 11:00:00+00:00,0.0,0.0,0.336,0.361,32.0,65,966.5,1.8
ITN_SNG_01,2023-07-20 12:00:00+00:00,0.0,0.0,0.34,0.362,31.4,74,967.5,3.6
ITN_SNG_01,2023-07-20 13:00:00+00:00,0.0,0.0,0.341,0.362,30.0,81,968.5,2.2
ITN_SNG_01,2023-07-20 14:00:00+00:00,0.0,0.0,0.341,0.362,28.9,84,969.4,2.3
ITN_SNG_01,2023-07-20 15:00:00+00:00,0.0,0.0,0.341,0.362,27.8,88,970.2,2.9
ITN_SNG_01,2023-07-20 16:00:00+00:00,0.0,0.0,0.341,0.362,26.6,92,970.8,5.7
ITN_SNG_01,2023-07-20 17:00:00+00:00,0.4,0.4,0.345,0.361,26.5,91,971.0,2.6
ITN_SNG_01,2023-07-20 18:00:00+00:00,0.0,0.0,0.345,0.361,26.4,90,971.4,4.1
ITN_SNG_01,2023-07-20 19:00:00+00:00,0.0,0.0,0.345,0.361,25.6,94,970.6,2.6
ITN_SNG_01,2023-07-20 20:00:00+00:00,0.0,0.0,0.345,0.361,25.7,93,971.1,1.1
ITN_SNG_01,2023-07-20 21:00:00+00:00,0.0,0.0,0.346,0.361,25.5,93,970.6,0.8
ITN_SNG_01,2023-07-20 22:00:00+00:00,0.0,0.0,0.346,0.361,25.1,98,971.4,5.0
ITN_SNG_01,2023-07-20 23:00:00+00:00,0.0,0.0,0.346,0.36,25.1,99,971.5,5.1
ITN_SNG_01,2023-07-21 00:00:00+00:00,0.4,0.4,0.345,0.36,24.9,100,972.9,4.0
ITN_SNG_01,2023-07-21 01:00:00+00:00,1.0,1.0,0.357,0.36,25.0,99,974.0,3.3
ITN_SNG_01,2023-07-21 02:00:00+00:00,0.6,0.6,0.363,0.36,25.8,95,974.5,3.5
ITN_SNG_01,2023-07-21 03:00:00+00:00,0.2,0.2,0.364,0.36,26.9,91,974.6,4.3
ITN_SNG_01,2023-07-21 04:00:00+00:00,0.1,0.1,0.364,0.36,27.5,87,974.6,4.3
ITN_SNG_01,2023-07-21 05:00:00+00:00,0.0,0.0,0.363,0.36,28.7,81,974.0,6.2
ITN_SNG_01,2023-07-21 06:00:00+00:00,0.0,0.0,0.361,0.359,30.0,76,973.1,6.5
ITN_SNG_01,2023-07-21 07:00:00+00:00,0.0,0.0,0.358,0.358,30.9,72,972.2,9.0
ITN_SNG_01,2023-07-21 08:00:00+00:00,0.0,0.0,0.356,0.357,31.2,70,971.6,10.5
ITN_SNG_01,2023-07-21 09:00:00+00:00,0.0,0.0,0.354,0.357,30.6,74,971.1,8.5
ITN_SNG_01,2023-07-21 10:00:00+00:00,0.0,0.0,0.353,0.357,30.4,75,971.0,6.1
ITN_SNG_01,2023-07-21 11:00:00+00:00,0.0,0.0,0.352,0.356,30.5,74,971.1,8.0
ITN_SNG_01,2023-07-21 12:00:00+00:00,0.0,0.0,0.355,0.355,29.6,76,972.2,2.5
ITN_SNG_01,2023-07-21 13:00:00+00:00,0.0,0.0,0.355,0.355,28.2,85,973.2,4.6
ITN_SNG_01,2023-07-21 14:00:00+00:00,0.0,0.0,0.355,0.355,27.2,91,974.0,3.9
ITN_SNG_01,2023-07-21 15:00:00+00:00,0.0,0.0,0.355,0.355,26.7,93,974.9,3.1
ITN_SNG_01,2023-07-21 16:00:00+00:00,0.0,0.0,0.355,0.355,26.8,90,975.3,1.8
ITN_SNG_01,2023-07-21 17:00:00+00:00,0.0,0.0,0.354,0.355,26.7,88,975.5,3.6
ITN_SNG_01,2023-07-21 18:00:00+00:00,0.0,0.0,0.354,0.355,26.2,87,975.2,2.6
ITN_SNG_01,2023-07-21 19:00:00+00:00,0.0,0.0,0.354,0.355,25.8,87,975.0,2.3
ITN_SNG_01,2023-07-21 20:00:00+00:00,0.0,0.0,0.354,0.355,25.9,86,974.8,5.1
ITN_SNG_01,2023-07-21 21:00:00+00:00,0.0,0.0,0.354,0.355,25.7,88,974.1,3.1
ITN_SNG_01,2023-07-21 22:00:00+00:00,0.1,0.1,0.354,0.355,25.9,86,975.0,4.7
ITN_SNG_01,2023-07-21 23:00:00+00:00,0.1,0.1,0.354,0.355,25.4,88,974.8,2.6
ITN_SNG_01,2023-07-22 00:00:00+00:00,0.0,0.0,0.41,0.355,25.7,93,975.5,1.3
ITN_SNG_01,2023-07-22 01:00:00+00:00,1.0,1.0,0.414,0.357,26.5,92,975.7,5.7
ITN_SNG_01,2023-07-22 02:00:00+00:00,1.2,1.2,0.422,0.359,27.4,87,976.7,6.6
ITN_SNG_01,2023-07-22 03:00:00+00:00,3.5,3.5,0.419,0.368,26.3,88,977.4,6.6
ITN_SNG_01,2023-07-22 04:00:00+00:00,0.6,0.6,0.417,0.371,26.8,89,976.7,0.0
ITN_SNG_01,2023-07-22 05:00:00+00:00,0.2,0.2,0.413,0.372,27.8,88,977.0,0.8
ITN_SNG_01,2023-07-22 06:00:00+00:00,0.0,0.0,0.408,0.373,29.4,80,975.7,2.5
ITN_SNG_01,2023-07-22 07:00:00+00:00,0.0,0.0,0.403,0.374,30.0,75,974.6,4.6
ITN_SNG_01,2023-07-22 08:00:00+00:00,0.0,0.0,0.399,0.374,31.0,72,974.2,3.6
ITN_SNG_01,2023-07-22 09:00:00+00:00,0.0,0.0,0.395,0.374,31.5,70,973.4,4.9
ITN_SNG_01,2023-07-22 10:00:00+00:00,0.0,0.0,0.392,0.374,31.4,70,972.7,4.2
ITN_SNG_01,2023-07-22 11:00:00+00:00,0.4,0.4,0.392,0.374,31.5,67,973.0,3.0
ITN_SNG_01,2023-07-22 12:00:00+00:00,0.1,0.1,0.369,0.358,31.2,75,974.0,4.3
ITN_SNG_01,2023-07-22 13:00:00+00:00,0.0,0.0,0.369,0.358,29.5,84,974.5,3.6
ITN_SNG_01,2023-07-22 14:00:00+00:00,0.0,0.0,0.368,0.358,28.9,86,975.0,4.7
ITN_SNG_01,2023-07-22 15:00:00+00:00,0.0,0.0,0.367,0.358,28.1,88,975.2,3.1
ITN_SNG_01,2023-07-22 16:00:00+00:00,0.0,0.0,0.367,0.358,27.7,88,975.7,3.0
ITN_SNG_01,2023-07-22 17:00:00+00:00,0.0,0.0,0.366,0.358,27.2,90,975.8,1.8
ITN_SNG_01,2023-07-22 18:00:00+00:00,0.0,0.0,0.366,0.358,25.7,96,976.6,8.7
ITN_SNG_01,2023-07-22 19:00:00+00:00,11.5,11.5,0.437,0.378,25.2,95,975.9,1.6
ITN_SNG_01,2023-07-22 20:00:00+00:00,2.2,2.2,0.43,0.388,25.0,96,975.6,2.9
ITN_SNG_01,2023-07-22 21:00:00+00:00,6.7,6.7,0.433,0.409,24.6,97,975.5,3.9
ITN_SNG_01,2023-07-22 22:00:00+00:00,6.0,6.0,0.433,0.427,24.6,96,975.4,1.3
ITN_SNG_01,2023-07-22 23:00:00+00:00,1.4,1.4,0.438,0.429,24.8,96,975.3,2.3
ITN_SNG_01,2023-07-23 00:00:00+00:00,0.9,0.9,0.435,0.426,25.3,94,975.7,5.6
ITN_SNG_01,2023-07-23 01:00:00+00:00,0.9,0.9,0.437,0.427,26.5,90,976.0,3.6
ITN_SNG_01,2023-07-23 02:00:00+00:00,0.8,0.8,0.43,0.429,27.5,82,976.2,3.7
ITN_SNG_01,2023-07-23 03:00:00+00:00,0.3,0.3,0.427,0.428,28.8,78,976.3,4.9
ITN_SNG_01,2023-07-23 04:00:00+00:00,0.2,0.2,0.423,0.427,29.7,79,976.2,5.4
ITN_SNG_01,2023-07-23 05:00:00+00:00,0.4,0.4,0.421,0.426,29.9,79,976.1,3.9
ITN_SNG_01,2023-07-23 06:00:00+00:00,3.9,3.9,0.439,0.428,29.6,76,975.0,5.8
ITN_SNG_01,2023-07-23 07:00:00+00:00,2.0,2.0,0.432,0.433,29.7,81,973.4,5.3
ITN_SNG_01,2023-07-23 08:00:00+00:00,0.5,0.5,0.43,0.432,29.3,81,973.0,9.6
ITN_SNG_01,2023-07-23 09:00:00+00:00,0.3,0.3,0.426,0.43,29.1,78,971.7,10.9
ITN_SNG_01,2023-07-23 10:00:00+00:00,0.0,0.0,0.422,0.429,29.7,76,970.8,11.0
ITN_SNG_01,2023-07-23 11:00:00+00:00,0.0,0.0,0.419,0.427,29.0,82,970.7,7.8
ITN_SNG_01,2023-07-23 12:00:00+00:00,0.0,0.0,0.407,0.419,29.0,81,972.0,3.7
ITN_SNG_01,2023-07-23 13:00:00+00:00,0.8,0.8,0.412,0.418,27.4,89,972.7,1.1
ITN_SNG_01,2023-07-23 14:00:00+00:00,0.3,0.3,0.414,0.418,26.7,95,973.2,4.4
ITN_SNG_01,2023-07-23 15:00:00+00:00,0.2,0.2,0.415,0.418,26.0,97,973.7,2.6
ITN_SNG_01,2023-07-23 16:00:00+00:00,0.5,0.5,0.418,0.417,26.0,96,974.1,1.0
ITN_SNG_01,2023-07-23 17:00:00+00:00,3.0,3.0,0.433,0.422,25.1,93,974.6,3.3
ITN_SNG_01,2023-07-23 18:00:00+00:00,0.8,0.8,0.435,0.423,25.2,93,973.7,2.6
ITN_SNG_01,2023-07-23 19:00:00+00:00,0.1,0.1,0.429,0.424,25.0,94,973.2,0.0
ITN_SNG_01,2023-07-23 20:00:00+00:00,0.6,0.6,0.43,0.425,24.9,95,972.9,0.8
ITN_SNG_01,2023-07-23 21:00:00+00:00,0.1,0.1,0.426,0.425,25.0,94,972.2,1.5
ITN_SNG_01,2023-07-23 22:00:00+00:00,0.3,0.3,0.426,0.425,24.5,98,972.4,2.2
ITN_SNG_01,2023-07-23 23:00:00+00:00,0.3,0.3,0.426,0.424,24.4,98,972.8,3.6
ITN_SNG_01,2023-07-24 00:00:00+00:00,0.6,0.6,0.431,0.427,24.2,98,973.1,3.1
ITN_SNG_01,2023-07-24 01:00:00+00:00,0.1,0.1,0.427,0.427,24.9,94,973.8,1.3
ITN_SNG_01,2023-07-24 02:00:00+00:00,0.1,0.1,0.425,0.426,26.0,89,973.9,2.2
ITN_SNG_01,2023-07-24 03:00:00+00:00,1.2,1.2,0.43,0.427,27.4,83,974.0,1.9
ITN_SNG_01,2023-07-24 04:00:00+00:00,0.1,0.1,0.426,0.426,28.3,80,974.0,6.7
ITN_SNG_01,2023-07-24 05:00:00+00:00,11.6,11.6,0.435,0.438,27.3,82,973.6,11.5
ITN_SNG_01,2023-07-24 06:00:00+00:00,3.3,3.3,0.431,0.436,28.1,82,972.7,10.0
ITN_SNG_01,2023-07-24 07:00:00+00:00,0.1,0.1,0.425,0.434,29.0,79,972.3,10.4
ITN_SNG_01,2023-07-24 08:00:00+00:00,0.1,0.1,0.421,0.431,29.7,76,971.2,11.3
ITN_SNG_01,2023-07-24 09:00:00+00:00,0.0,0.0,0.417,0.429,29.7,78,970.6,10.4
ITN_SNG_01,2023-07-24 10:00:00+00:00,0.0,0.0,0.414,0.428,29.4,79,970.0,8.8
ITN_SNG_01,2023-07-24 11:00:00+00:00,0.1,0.1,0.413,0.426,29.1,80,969.9,8.9
ITN_SNG_01,2023-07-24 12:00:00+00:00,0.3,0.3,0.427,0.428,26.4,91,971.1,3.3
ITN_SNG_01,2023-07-24 13:00:00+00:00,0.0,0.0,0.424,0.427,26.2,93,971.2,3.8
ITN_SNG_01,2023-07-24 14:00:00+00:00,0.1,0.1,0.421,0.426,25.8,93,972.2,4.5
ITN_SNG_01,2023-07-24 15:00:00+00:00,0.7,0.7,0.425,0.426,25.2,96,972.8,5.0
ITN_SNG_01,2023-07-24 16:00:00+00:00,0.7,0.7,0.43,0.425,25.1,95,973.3,3.1
ITN_SNG_01,2023-07-24 17:00:00+00:00,6.3,6.3,0.428,0.438,24.8,96,973.2,1.8
ITN_SNG_01,2023-07-24 18:00:00+00:00,1.2,1.2,0.436,0.435,24.8,94,973.1,3.5
ITN_SNG_01,2023-07-24 19:00:00+00:00,0.2,0.2,0.432,0.434,24.6,96,972.4,2.2
ITN_SNG_01,2023-07-24 20:00:00+00:00,14.2,14.2,0.439,0.439,24.1,95,972.7,5.4
ITN_SNG_01,2023-07-24 21:00:00+00:00,2.4,2.4,0.428,0.437,24.0,95,972.5,7.1
ITN_SNG_01,2023-07-24 22:00:00+00:00,0.9,0.9,0.431,0.435,24.1,95,972.2,2.7
ITN_SNG_01,2023-07-24 23:00:00+00:00,3.8,3.8,0.439,0.439,23.6,97,972.9,1.8
ITN_SNG_01,2023-07-25 00:00:00+00:00,1.7,1.7,0.432,0.435,24.6,94,973.3,3.0
ITN_SNG_01,2023-07-25 01:00:00+00:00,0.3,0.3,0.429,0.434,25.4,93,973.7,1.9
ITN_SNG_01,2023-07-25 02:00:00+00:00,0.1,0.1,0.426,0.432,26.3,90,974.6,4.8
ITN_SNG_01,2023-07-25 03:00:00+00:00,0.1,0.1,0.423,0.431,26.7,90,974.7,4.5
ITN_SNG_01,2023-07-25 04:00:00+00:00,0.5,0.5,0.423,0.43,27.3,87,974.6,5.4
ITN_SNG_01,2023-07-25 05:00:00+00:00,0.4,0.4,0.422,0.429,28.3,83,973.9,4.3
ITN_SNG_01,2023-07-25 06:00:00+00:00,0.0,0.0,0.419,0.428,29.7,77,973.3,6.6
ITN_SNG_01,2023-07-25 07:00:00+00:00,0.0,0.0,0.415,0.426,30.3,72,972.1,7.3
ITN_SNG_01,2023-07-25 08:00:00+00:00,0.1,0.1,0.412,0.425,31.1,70,971.2,9.9
ITN_SNG_01,2023-07-25 09:00:00+00:00,0.1,0.1,0.41,0.423,30.8,70,970.4,9.5
ITN_SNG_01,2023-07-25 10:00:00+00:00,0.1,0.1,0.408,0.422,30.5,74,969.9,8.3
ITN_SNG_01,2023-07-25 11:00:00+00:00,0.0,0.0,0.406,0.421,29.8,77,969.8,6.0
ITN_SNG_01,2023-07-25 12:00:00+00:00,0.6,0.6,0.396,0.421,29.0,79,971.6,3.3
ITN_SNG_01,2023-07-25 13:00:00+00:00,0.2,0.2,0.398,0.42,27.8,86,972.1,3.2
ITN_SNG_01,2023-07-25 14:00:00+00:00,0.0,0.0,0.398,0.419,27.0,89,972.3,5.4
ITN_SNG_01,2023-07-25 15:00:00+00:00,0.0,0.0,0.398,0.418,26.2,90,972.7,5.1
ITN_SNG_01,2023-07-25 16:00:00+00:00,0.0,0.0,0.398,0.417,25.7,90,972.9,3.1
ITN_SNG_01,2023-07-25 17:00:00+00:00,0.1,0.1,0.398,0.416,25.3,89,973.0,3.9
ITN_SNG_01,2023-07-25 18:00:00+00:00,3.2,3.2,0.433,0.416,24.5,92,973.0,4.6
ITN_SNG_01,2023-07-25 19:00:00+00:00,1.2,1.2,0.435,0.419,24.4,93,973.0,4.1
ITN_SNG_01,2023-07-25 20:00:00+00:00,0.6,0.6,0.431,0.422,24.4,93,972.7,4.5
ITN_SNG_01,2023-07-25 21:00:00+00:00,1.6,1.6,0.439,0.423,24.1,95,972.8,8.9
ITN_SNG_01,2023-07-25 22:00:00+00:00,3.2,3.2,0.437,0.432,24.0,96,972.5,7.6
ITN_SNG_01,2023-07-25 23:00:00+00:00,4.3,4.3,0.436,0.439,24.0,96,972.7,4.7
ITN_SNG_01,2023-07-26 00:00:00+00:00,5.0,5.0,0.435,0.437,24.0,96,973.8,4.3
ITN_SNG_01,2023-07-26 01:00:00+00:00,6.2,6.2,0.439,0.439,24.0,96,974.2,7.7
ITN_SNG_01,2023-07-26 02:00:00+00:00,2.8,2.8,0.426,0.437,25.3,91,974.6,2.6
ITN_SNG_01,2023-07-26 03:00:00+00:00,0.1,0.1,0.423,0.435,27.1,85,974.7,7.9
ITN_SNG_01,2023-07-26 04:00:00+00:00,0.2,0.2,0.42,0.433,27.7,83,974.6,12.1
ITN_SNG_01,2023-07-26 05:00:00+00:00,0.1,0.1,0.417,0.431,28.7,79,974.0,12.2
ITN_SNG_01,2023-07-26 06:00:00+00:00,0.1,0.1,0.414,0.429,29.7,75,973.2,13.1
ITN_SNG_01,2023-07-26 07:00:00+00:00,0.0,0.0,0.411,0.428,30.2,74,972.4,13.1
ITN_SNG_01,2023-07-26 08:00:00+00:00,1.2,1.2,0.416,0.426,28.5,79,971.6,14.6
ITN_SNG_01,2023-07-26 09:00:00+00:00,0.2,0.2,0.415,0.425,29.4,78,971.1,6.4
ITN_SNG_01,2023-07-26 10:00:00+00:00,0.1,0.1,0.413,0.425,29.5,78,970.3,8.3
ITN_SNG_01,2023-07-26 11:00:00+00:00,0.1,0.1,0.412,0.424,28.9,79,970.5,11.7
ITN_SNG_01,2023-07-26 12:00:00+00:00,0.1,0.1,0.412,0.424,28.2,81,972.1,5.9
ITN_SNG_01,2023-07-26 13:00:00+00:00,0.0,0.0,0.411,0.423,26.7,91,972.6,5.1
ITN_SNG_01,2023-07-26 14:00:00+00:00,0.0,0.0,0.409,0.422,25.9,97,973.3,7.0
ITN_SNG_01,2023-07-26 15:00:00+00:00,0.0,0.0,0.408,0.422,25.5,97,973.7,5.9
ITN_SNG_01,2023-07-26 16:00:00+00:00,0.4,0.4,0.41,0.421,25.3,96,974.1,4.1
ITN_SNG_01,2023-07-26 17:00:00+00:00,4.9,4.9,0.435,0.428,25.0,96,974.2,4.8
ITN_SNG_01,2023-07-26 18:00:00+00:00,8.3,8.3,0.439,0.439,24.5,95,973.4,5.9
ITN_SNG_01,2023-07-26 19:00:00+00:00,11.0,11.0,0.439,0.439,24.4,94,973.1,5.4
ITN_SNG_01,2023-07-26 20:00:00+00:00,3.8,3.8,0.43,0.438,24.4,93,972.5,6.6
ITN_SNG_01,2023-07-26 21:00:00+00:00,2.3,2.3,0.431,0.439,24.4,95,972.4,5.9
ITN_SNG_01,2023-07-26 22:00:00+00:00,0.7,0.7,0.428,0.435,24.2,97,972.2,4.8
ITN_SNG_01,2023-07-26 23:00:00+00:00,0.1,0.1,0.424,0.432,24.0,97,972.5,5.4
ITN_SNG_01,2023-07-27 00:00:00+00:00,0.1,0.1,0.425,0.436,24.3,97,972.6,7.4
ITN_SNG_01,2023-07-27 01:00:00+00:00,0.1,0.1,0.422,0.434,25.6,91,973.3,13.3
ITN_SNG_01,2023-07-27 02:00:00+00:00,0.2,0.2,0.42,0.433,26.1,90,973.6,13.1
ITN_SNG_01,2023-07-27 03:00:00+00:00,0.1,0.1,0.418,0.431,27.1,84,973.8,15.1
ITN_SNG_01,2023-07-27 04:00:00+00:00,0.1,0.1,0.415,0.43,28.6,78,973.2,15.2
ITN_SNG_01,2023-07-27 05:00:00+00:00,0.0,0.0,0.412,0.428,28.7,79,972.5,13.8
ITN_SNG_01,2023-07-27 06:00:00+00:00,0.0,0.0,0.409,0.427,29.9,74,971.7,16.1
ITN_SNG_01,2023-07-27 07:00:00+00:00,0.1,0.1,0.407,0.425,30.4,72,970.6,15.5
ITN_SNG_01,2023-07-27 08:00:00+00:00,1.3,1.3,0.414,0.424,27.8,84,969.7,14.8
ITN_SNG_01,2023-07-27 09:00:00+00:00,0.2,0.2,0.413,0.423,27.9,83,968.7,9.4
ITN_SNG_01,2023-07-27 10:00:00+00:00,0.0,0.0,0.411,0.422,29.0,80,968.4,9.6
ITN_SNG_01,2023-07-27 11:00:00+00:00,0.2,0.2,0.41,0.421,28.4,79,968.4,14.1
ITN_SNG_01,2023-07-27 12:00:00+00:00,0.0,0.0,0.41,0.428,27.6,85,969.6,9.3
ITN_SNG_01,2023-07-27 13:00:00+00:00,0.0,0.0,0.409,0.427,27.0,85,970.0,6.9
ITN_SNG_01,2023-07-27 14:00:00+00:00,0.0,0.0,0.409,0.426,26.4,90,970.5,3.8
ITN_SNG_01,2023-07-27 15:00:00+00:00,0.9,0.9,0.414,0.425,26.2,87,971.4,2.7
ITN_SNG_01,2023-07-27 16:00:00+00:00,3.6,3.6,0.434,0.431,25.2,93,971.4,3.0
ITN_SNG_01,2023-07-27 17:00:00+00:00,3.1,3.1,0.435,0.438,24.7,95,971.3,1.3
ITN_SNG_01,2023-07-27 18:00:00+00:00,6.1,6.1,0.439,0.439,24.3,97,971.1,2.1
ITN_SNG_01,2023-07-27 19:00:00+00:00,1.6,1.6,0.437,0.437,24.0,98,970.5,5.1
ITN_SNG_01,2023-07-27 20:00:00+00:00,0.8,0.8,0.435,0.437,24.2,96,970.0,5.6
ITN_SNG_01,2023-07-27 21:00:00+00:00,0.3,0.3,0.431,0.436,24.1,98,969.4,6.6
ITN_SNG_01,2023-07-27 22:00:00+00:00,0.1,0.1,0.426,0.435,24.1,97,969.2,6.8
ITN_SNG_01,2023-07-27 23:00:00+00:00,0.2,0.2,0.424,0.434,23.7,98,969.7,7.4
ITN_SNG_01,2023-07-28 00:00:00+00:00,0.1,0.1,0.418,0.429,24.0,97,969.9,11.0
ITN_SNG_01,2023-07-28 01:00:00+00:00,0.4,0.4,0.419,0.428,24.5,96,970.1,12.4
ITN_SNG_01,2023-07-28 02:00:00+00:00,0.3,0.3,0.419,0.427,25.5,92,970.7,13.2
ITN_SNG_01,2023-07-28 03:00:00+00:00,0.2,0.2,0.418,0.426,26.7,86,970.6,15.2
ITN_SNG_01,2023-07-28 04:00:00+00:00,0.2,0.2,0.416,0.425,26.5,87,970.6,19.3
ITN_SNG_01,2023-07-28 05:00:00+00:00,0.3,0.3,0.415,0.424,27.0,83,970.0,19.1
ITN_SNG_01,2023-07-28 06:00:00+00:00,0.1,0.1,0.413,0.423,28.4,78,969.0,20.1
ITN_SNG_01,2023-07-28 07:00:00+00:00,0.1,0.1,0.41,0.421,29.3,77,967.9,17.2
ITN_SNG_01,2023-07-28 08:00:00+00:00,0.2,0.2,0.408,0.42,29.4,79,967.0,17.7
ITN_SNG_01,2023-07-28 09:00:00+00:00,0.2,0.2,0.407,0.418,29.8,76,966.4,17.4
ITN_SNG_01,2023-07-28 10:00:00+00:00,0.3,0.3,0.407,0.417,28.3,82,965.8,12.4
ITN_SNG_01,2023-07-28 11:00:00+00:00,0.0,0.0,0.406,0.416,28.4,83,965.9,11.5
ITN_SNG_01,2023-07-28 12:00:00+00:00,0.0,0.0,0.404,0.417,27.9,84,968.3,6.4
ITN_SNG_01,2023-07-28 13:00:00+00:00,0.3,0.3,0.405,0.416,27.2,89,968.9,1.8
ITN_SNG_01,2023-07-28 14:00:00+00:00,0.0,0.0,0.405,0.415,26.7,90,969.3,4.3
ITN_SNG_01,2023-07-28 15:00:00+00:00,0.0,0.0,0.404,0.414,25.9,95,970.0,5.9
ITN_SNG_01,2023-07-28 16:00:00+00:00,0.0,0.0,0.403,0.413,25.4,96,970.2,5.5
ITN_SNG_01,2023-07-28 17:00:00+00:00,3.8,3.8,0.439,0.414,24.8,96,970.5,4.4
ITN_SNG_01,2023-07-28 18:00:00+00:00,1.5,1.5,0.436,0.42,24.5,96,969.9,2.6
ITN_SNG_01,2023-07-28 19:00:00+00:00,1.2,1.2,0.437,0.423,24.4,97,969.4,1.8
ITN_SNG_01,2023-07-28 20:00:00+00:00,1.2,1.2,0.437,0.426,24.0,99,968.9,2.9
ITN_SNG_01,2023-07-28 21:00:00+00:00,1.8,1.8,0.438,0.432,24.1,98,968.7,2.1
ITN_SNG_01,2023-07-28 22:00:00+00:00,1.1,1.1,0.437,0.434,24.0,98,968.7,2.3
ITN_SNG_01,2023-07-28 23:00:00+00:00,1.1,1.1,0.437,0.436,23.9,99,968.8,2.8
ITN_SNG_01,2023-07-29 00:00:00+00:00,0.8,0.8,0.427,0.438,24.0,99,969.4,5.8
ITN_SNG_01,2023-07-29 01:00:00+00:00,1.6,1.6,0.435,0.437,24.4,96,970.1,5.0
ITN_SNG_01,2023-07-29 02:00:00+00:00,1.0,1.0,0.43,0.437,25.0,94,971.0,4.4
ITN_SNG_01,2023-07-29 03:00:00+00:00,0.2,0.2,0.426,0.436,25.3,92,971.4,2.3
ITN_SNG_01,2023-07-29 04:00:00+00:00,0.3,0.3,0.424,0.434,26.0,92,971.5,1.4
ITN_SNG_01,2023-07-29 05:00:00+00:00,0.6,0.6,0.424,0.433,26.2,91,971.2,1.5
ITN_SNG_01,2023-07-29 06:00:00+00:00,0.3,0.3,0.423,0.432,27.5,87,970.3,2.0
ITN_SNG_01,2023-07-29 07:00:00+00:00,0.2,0.2,0.42,0.431,28.8,81,969.0,4.9
ITN_SNG_01,2023-07-29 08:00:00+00:00,0.1,0.1,0.418,0.429,29.2,77,967.8,3.8
ITN_SNG_01,2023-07-29 09:00:00+00:00,0.3,0.3,0.416,0.428,29.2,76,967.2,1.3
ITN_SNG_01,2023-07-29 10:00:00+00:00,0.3,0.3,0.416,0.426,29.0,78,967.1,3.3
ITN_SNG_01,2023-07-29 11:00:00+00:00,0.4,0.4,0.416,0.425,27.8,81,967.3,3.5
ITN_SNG_01,2023-07-29 12:00:00+00:00,0.2,0.2,0.413,0.426,27.0,90,968.3,6.6
ITN_SNG_01,2023-07-29 13:00:00+00:00,0.7,0.7,0.419,0.425,26.0,95,968.7,6.4
ITN_SNG_01,2023-07-29 14:00:00+00:00,0.5,0.5,0.422,0.425,25.7,94,969.4,7.1
ITN_SNG_01,2023-07-29 15:00:00+00:00,0.0,0.0,0.419,0.424,25.6,91,969.7,5.2
ITN_SNG_01,2023-07-29 16:00:00+00:00,0.0,0.0,0.417,0.423,25.5,90,970.3,4.6
ITN_SNG_01,2023-07-29 17:00:00+00:00,0.0,0.0,0.415,0.422,25.6,88,970.4,4.1
ITN_SNG_01,2023-07-29 18:00:00+00:00,0.0,0.0,0.414,0.421,25.4,88,969.8,3.7
ITN_SNG_01,2023-07-29 19:00:00+00:00,0.0,0.0,0.412,0.42,25.3,88,969.0,3.3
ITN_SNG_01,2023-07-29 20:00:00+00:00,0.0,0.0,0.411,0.419,25.1,89,968.4,2.5
ITN_SNG_01,2023-07-29 21:00:00+00:00,0.0,0.0,0.409,0.418,24.8,90,968.1,2.9
ITN_SNG_01,2023-07-29 22:00:00+00:00,0.0,0.0,0.408,0.417,24.7,89,967.9,2.9
ITN_SNG_01,2023-07-29 23:00:00+00:00,0.0,0.0,0.407,0.416,24.4,89,968.0,1.9
ITN_SNG_01,2023-07-30 00:00:00+00:00,0.0,0.0,0.4,0.412,25.7,86,969.0,1.5
ITN_SNG_01,2023-07-30 01:00:00+00:00,0.0,0.0,0.4,0.411,26.7,86,969.5,2.3
ITN_SNG_01,2023-07-30 02:00:00+00:00,0.0,0.0,0.399,0.41,27.7,79,970.0,2.5
ITN_SNG_01,2023-07-30 03:00:00+00:00,0.0,0.0,0.397,0.409,28.9,74,970.0,3.3
ITN_SNG_01,2023-07-30 04:00:00+00:00,0.0,0.0,0.395,0.407,29.9,70,969.8,3.7
ITN_SNG_01,2023-07-30 05:00:00+00:00,0.0,0.0,0.393,0.406,31.0,68,969.1,5.3
ITN_SNG_01,2023-07-30 06:00:00+00:00,0.2,0.2,0.391,0.404,31.2,67,968.2,3.6
ITN_SNG_01,2023-07-30 07:00:00+00:00,0.2,0.2,0.39,0.402,31.5,66,966.6,3.6
ITN_SNG_01,2023-07-30 08:00:00+00:00,0.1,0.1,0.388,0.401,32.0,63,965.4,5.6
ITN_SNG_01,2023-07-30 09:00:00+00:00,0.2,0.2,0.387,0.399,32.1,63,964.3,7.2
ITN_SNG_01,2023-07-30 10:00:00+00:00,0.1,0.1,0.385,0.398,31.7,66,963.8,6.1
ITN_SNG_01,2023-07-30 11:00:00+00:00,0.0,0.0,0.384,0.397,31.4,68,964.0,6.9
ITN_SNG_01,2023-07-30 12:00:00+00:00,0.0,0.0,0.378,0.395,31.6,69,964.8,2.9
ITN_SNG_01,2023-07-30 13:00:00+00:00,0.0,0.0,0.378,0.394,30.4,73,965.9,1.5
ITN_SNG_01,2023-07-30 14:00:00+00:00,0.0,0.0,0.378,0.393,28.9,80,966.9,1.8
ITN_SNG_01,2023-07-30 15:00:00+00:00,0.0,0.0,0.378,0.393,27.8,83,967.8,3.6
ITN_SNG_01,2023-07-30 16:00:00+00:00,0.0,0.0,0.378,0.392,26.9,87,968.2,3.4
ITN_SNG_01,2023-07-30 17:00:00+00:00,0.0,0.0,0.378,0.391,26.3,89,967.8,5.1
ITN_SNG_01,2023-07-30 18:00:00+00:00,0.0,0.0,0.378,0.391,25.6,90,967.2,5.4
ITN_SNG_01,2023-07-30 19:00:00+00:00,0.0,0.0,0.378,0.39,25.2,90,966.2,4.1
ITN_SNG_01,2023-07-30 20:00:00+00:00,0.0,0.0,0.378,0.39,25.5,87,966.0,2.4
ITN_SNG_01,2023-07-30 21:00:00+00:00,0.0,0.0,0.377,0.389,25.6,84,965.9,4.7
ITN_SNG_01,2023-07-30 22:00:00+00:00,0.0,0.0,0.377,0.389,25.3,85,966.1,3.8
ITN_SNG_01,2023-07-30 23:00:00+00:00,0.0,0.0,0.377,0.388,25.6,83,966.4,5.1
ITN_SNG_01,2023-07-31 00:00:00+00:00,0.0,0.0,0.375,0.389,26.1,84,967.3,6.7
ITN_SNG_01,2023-07-31 01:00:00+00:00,0.0,0.0,0.375,0.388,27.9,82,968.1,7.3
ITN_SNG_01,2023-07-31 02:00:00+00:00,0.0,0.0,0.374,0.387,28.9,80,968.7,7.2
ITN_SNG_01,2023-07-31 03:00:00+00:00,0.0,0.0,0.372,0.386,29.1,79,968.7,7.2
ITN_SNG_01,2023-07-31 04:00:00+00:00,0.4,0.4,0.373,0.385,29.7,74,968.6,7.3
ITN_SNG_01,2023-07-31 05:00:00+00:00,0.0,0.0,0.371,0.384,30.8,67,967.6,7.9
ITN_SNG_01,2023-07-31 06:00:00+00:00,0.0,0.0,0.368,0.383,32.5,60,966.6,8.0
ITN_SNG_01,2023-07-31 07:00:00+00:00,0.0,0.0,0.365,0.382,33.1,58,965.3,8.7
ITN_SNG_01,2023-07-31 08:00:00+00:00,0.0,0.0,0.362,0.38,33.5,59,964.3,7.2
ITN_SNG_01,2023-07-31 09:00:00+00:00,0.0,0.0,0.36,0.379,33.7,59,963.3,5.4
ITN_SNG_01,2023-07-31 10:00:00+00:00,0.0,0.0,0.358,0.378,33.5,60,962.9,7.7
ITN_SNG_01,2023-07-31 11:00:00+00:00,0.0,0.0,0.357,0.377,32.6,64,963.1,6.9
ITN_SNG_01,2023-07-31 12:00:00+00:00,0.0,0.0,0.352,0.378,31.3,71,963.7,4.6
ITN_SNG_01,2023-07-31 13:00:00+00:00,0.0,0.0,0.352,0.377,29.9,78,964.5,3.3
ITN_SNG_01,2023-07-31 14:00:00+00:00,0.0,0.0,0.352,0.377,29.5,78,965.8,4.0
ITN_SNG_01,2023-07-31 15:00:00+00:00,0.0,0.0,0.353,0.377,29.0,77,967.0,5.9
ITN_SNG_01,2023-07-31 16:00:00+00:00,0.0,0.0,0.353,0.376,28.8,76,967.4,6.7
ITN_SNG_01,2023-07-31 17:00:00+00:00,0.0,0.0,0.353,0.376,28.1,78,967.2,4.4
ITN_SNG_01,2023-07-31 18:00:00+00:00,0.0,0.0,0.353,0.375,27.4,80,966.3,4.6
ITN_SNG_01,2023-07-31 19:00:00+00:00,0.0,0.0,0.354,0.375,26.6,82,965.4,4.0
ITN_SNG_01,2023-07-31 20:00:00+00:00,0.0,0.0,0.354,0.375,26.3,82,965.4,1.8
ITN_SNG_01,2023-07-31 21:00:00+00:00,0.0,0.0,0.354,0.374,26.5,80,965.6,1.3
ITN_SNG_01,2023-07-31 22:00:00+00:00,0.0,0.0,0.354,0.374,26.1,81,965.3,1.3
ITN_SNG_01,2023-07-31 23:00:00+00:00,0.0,0.0,0.354,0.374,26.2,81,965.4,3.0
