station_id,datetime_utc,precipitation,rain,soil_moisture_0_to_7cm,soil_moisture_7_to_28cm,temperature_2m,relative_humidity_2m,surface_pressure,wind_speed_10m
SEP_KMG_05,2023-05-01 00:00:00+00:00,0.4,0.4,0.418,0.417,17.9,94,924.9,2.3
SEP_KMG_05,2023-05-01 01:00:00+00:00,0.2,0.2,0.418,0.417,18.9,93,925.8,2.6
SEP_KMG_05,2023-05-01 02:00:00+00:00,0.1,0.1,0.417,0.417,19.8,87,927.0,4.0
SEP_KMG_05,2023-05-01 03:00:00+00:00,0.1,0.1,0.416,0.417,20.6,83,927.3,5.4
SEP_KMG_05,2023-05-01 04:00:00+00:00,0.3,0.3,0.416,0.416,21.7,78,927.4,7.6
SEP_KMG_05,2023-05-01 05:00:00+00:00,0.3,0.3,0.416,0.416,22.9,73,926.9,9.7
SEP_KMG_05,2023-05-01 06:00:00+00:00,0.7,0.7,0.418,0.415,23.3,71,926.0,10.4
SEP_KMG_05,2023-05-01 07:00:00+00:00,0.5,0.5,0.419,0.415,23.5,73,925.0,10.5
SEP_KMG_05,2023-05-01 08:00:00+00:00,0.5,0.5,0.419,0.415,23.1,74,924.2,9.7
SEP_KMG_05,2023-05-01 09:00:00+00:00,0.6,0.6,0.42,0.415,23.0,72,923.6,9.7
SEP_KMG_05,2023-05-01 10:00:00+00:00,0.5,0.5,0.42,0.415,22.5,78,923.1,8.0
SEP_KMG_05,2023-05-01 11:00:00+00:00,0.3,0.3,0.419,0.415,21.8,81,923.6,7.0
SEP_KMG_05,2023-05-01 12:00:00+00:00,0.5,0.5,0.415,0.409,20.5,88,924.6,4.0
SEP_KMG_05,2023-05-01 13:00:00+00:00,0.6,0.6,0.418,0.41,19.4,94,925.3,2.7
SEP_KMG_05,2023-05-01 14:00:00+00:00,0.4,0.4,0.42,0.411,19.1,94,925.7,2.8
SEP_KMG_05,2023-05-01 15:00:00+00:00,0.6,0.6,0.424,0.412,18.9,93,926.5,4.2
SEP_KMG_05,2023-05-01 16:00:00+00:00,0.1,0.1,0.42,0.413,19.1,90,926.7,6.4
SEP_KMG_05,2023-05-01 17:00:00+00:00,0.0,0.0,0.417,0.413,19.0,91,926.4,6.6
SEP_KMG_05,2023-05-01 18:00:00+00:00,0.0,0.0,0.415,0.413,19.0,91,926.2,4.9
SEP_KMG_05,2023-05-01 19:00:00+00:00,0.0,0.0,0.414,0.413,19.3,91,925.6,5.7
SEP_KMG_05,2023-05-01 20:00:00+00:00,0.0,0.0,0.413,0.413,19.2,91,925.0,5.2
SEP_KMG_05,2023-05-01 21:00:00+00:00,0.1,0.1,0.412,0.413,19.1,91,924.5,4.8
SEP_KMG_05,2023-05-01 22:00:00+00:00,0.2,0.2,0.413,0.413,18.7,93,924.2,6.3
SEP_KMG_05,2023-05-01 23:00:00+00:00,0.0,0.0,0.412,0.413,18.9,91,924.6,7.9
SEP_KMG_05,2023-05-02 00:00:00+00:00,0.0,0.0,0.414,0.413,18.8,93,925.0,6.1
SEP_KMG_05,2023-05-02 01:00:00+00:00,0.0,0.0,0.413,0.413,19.3,91,926.2,8.2
SEP_KMG_05,2023-05-02 02:00:00+00:00,0.3,0.3,0.414,0.413,20.5,83,926.9,10.4
SEP_KMG_05,2023-05-02 03:00:00+00:00,0.9,0.9,0.419,0.413,20.8,83,927.5,12.6
SEP_KMG_05,2023-05-02 04:00:00+00:00,0.4,0.4,0.418,0.413,21.7,84,927.8,11.7
SEP_KMG_05,2023-05-02 05:00:00+00:00,0.3,0.3,0.417,0.413,22.1,80,927.3,10.6
SEP_KMG_05,2023-05-02 06:00:00+00:00,0.6,0.6,0.419,0.413,21.7,79,926.6,10.4
SEP_KMG_05,2023-05-02 07:00:00+00:00,0.4,0.4,0.418,0.413,23.1,73,925.5,13.3
SEP_KMG_05,2023-05-02 08:00:00+00:00,0.6,0.6,0.419,0.413,22.6,76,924.3,12.2
SEP_KMG_05,2023-05-02 09:00:00+00:00,0.5,0.5,0.419,0.414,21.1,90,923.6,10.1
SEP_KMG_05,2023-05-02 10:00:00+00:00,0.2,0.2,0.418,0.414,21.5,85,923.9,10.5
SEP_KMG_05,2023-05-02 11:00:00+00:00,0.7,0.7,0.42,0.414,20.9,87,924.0,8.1
SEP_KMG_05,2023-05-02 12:00:00+00:00,0.2,0.2,0.412,0.416,20.0,91,924.0,5.5
SEP_KMG_05,2023-05-02 13:00:00+00:00,0.3,0.3,0.413,0.415,20.0,91,924.2,6.6
SEP_KMG_05,2023-05-02 14:00:00+00:00,0.0,0.0,0.412,0.415,19.3,91,925.0,4.1
SEP_KMG_05,2023-05-02 15:00:00+00:00,0.1,0.1,0.412,0.415,19.0,92,926.0,4.5
SEP_KMG_05,2023-05-02 16:00:00+00:00,0.1,0.1,0.413,0.414,18.9,94,926.8,3.8
SEP_KMG_05,2023-05-02 17:00:00+00:00,0.0,0.0,0.412,0.414,19.0,91,927.0,4.1
SEP_KMG_05,2023-05-02 18:00:00+00:00,0.0,0.0,0.411,0.414,18.1,92,926.6,3.3
SEP_KMG_05,2023-05-02 19:00:00+00:00,0.0,0.0,0.411,0.413,17.4,92,926.1,4.2
SEP_KMG_05,2023-05-02 20:00:00+00:00,0.0,0.0,0.41,0.413,17.5,89,925.8,3.6
SEP_KMG_05,2023-05-02 21:00:00+00:00,0.0,0.0,0.409,0.413,17.3,89,925.6,3.1
SEP_KMG_05,2023-05-02 22:00:00+00:00,0.0,0.0,0.409,0.412,17.1,88,925.9,3.3
SEP_KMG_05,2023-05-02 23:00:00+00:00,0.0,0.0,0.408,0.412,16.9,89,926.1,3.8
SEP_KMG_05,2023-05-03 00:00:00+00:00,0.0,0.0,0.408,0.412,16.6,89,926.8,4.6
SEP_KMG_05,2023-05-03 01:00:00+00:00,0.0,0.0,0.407,0.411,18.7,86,928.3,3.4
SEP_KMG_05,2023-05-03 02:00:00+00:00,0.1,0.1,0.407,0.411,20.4,77,929.4,3.3
SEP_KMG_05,2023-05-03 03:00:00+00:00,0.3,0.3,0.408,0.41,20.9,76,929.8,3.2
SEP_KMG_05,2023-05-03 04:00:00+00:00,0.4,0.4,0.41,0.41,21.9,74,929.8,3.0
SEP_KMG_05,2023-05-03 05:00:00+00:00,1.0,1.0,0.415,0.41,22.3,78,929.1,3.9
SEP_KMG_05,2023-05-03 06:00:00+00:00,0.4,0.4,0.415,0.41,22.0,81,928.5,5.6
SEP_KMG_05,2023-05-03 07:00:00+00:00,0.4,0.4,0.415,0.41,22.8,76,927.3,6.5
SEP_KMG_05,2023-05-03 08:00:00+00:00,0.3,0.3,0.414,0.41,22.6,72,926.3,7.0
SEP_KMG_05,2023-05-03 09:00:00+00:00,0.2,0.2,0.413,0.41,22.2,76,925.6,5.2
SEP_KMG_05,2023-05-03 10:00:00+00:00,0.1,0.1,0.412,0.41,21.8,80,925.2,4.0
SEP_KMG_05,2023-05-03 11:00:00+00:00,1.6,1.6,0.424,0.41,20.9,84,925.1,6.3
SEP_KMG_05,2023-05-03 12:00:00+00:00,0.5,0.5,0.408,0.406,20.1,89,926.0,5.1
SEP_KMG_05,2023-05-03 13:00:00+00:00,0.2,0.2,0.408,0.406,19.2,93,925.9,1.9
SEP_KMG_05,2023-05-03 14:00:00+00:00,0.2,0.2,0.409,0.406,19.3,91,926.9,2.2
SEP_KMG_05,2023-05-03 15:00:00+00:00,0.4,0.4,0.41,0.406,18.7,96,927.5,1.6
SEP_KMG_05,2023-05-03 16:00:00+00:00,0.1,0.1,0.41,0.407,19.1,95,927.8,1.6
SEP_KMG_05,2023-05-03 17:00:00+00:00,0.1,0.1,0.41,0.407,19.0,95,927.8,2.0
SEP_KMG_05,2023-05-03 18:00:00+00:00,0.0,0.0,0.409,0.407,18.6,95,927.2,2.5
SEP_KMG_05,2023-05-03 19:00:00+00:00,0.1,0.1,0.409,0.407,18.9,95,926.5,2.8
SEP_KMG_05,2023-05-03 20:00:00+00:00,0.1,0.1,0.409,0.407,18.4,96,925.7,2.6
SEP_KMG_05,2023-05-03 21:00:00+00:00,0.1,0.1,0.409,0.407,17.6,98,925.1,2.8
SEP_KMG_05,2023-05-03 22:00:00+00:00,0.3,0.3,0.412,0.407,17.5,97,925.2,2.5
SEP_KMG_05,2023-05-03 23:00:00+00:00,0.3,0.3,0.414,0.408,17.5,96,925.2,2.7
SEP_KMG_05,2023-05-04 00:00:00+00:00,0.1,0.1,0.409,0.407,18.5,94,927.0,2.6
SEP_KMG_05,2023-05-04 01:00:00+00:00,0.4,0.4,0.411,0.407,19.3,94,927.9,2.0
SEP_KMG_05,2023-05-04 02:00:00+00:00,0.1,0.1,0.411,0.407,20.1,87,928.3,1.6
SEP_KMG_05,2023-05-04 03:00:00+00:00,0.1,0.1,0.41,0.407,20.8,84,928.7,3.3
SEP_KMG_05,2023-05-04 04:00:00+00:00,0.2,0.2,0.41,0.407,21.2,83,928.5,5.1
SEP_KMG_05,2023-05-04 05:00:00+00:00,0.2,0.2,0.409,0.407,22.9,78,928.2,6.5
SEP_KMG_05,2023-05-04 06:00:00+00:00,0.0,0.0,0.407,0.407,23.5,74,927.2,10.7
SEP_KMG_05,2023-05-04 07:00:00+00:00,0.5,0.5,0.409,0.406,23.1,76,926.1,11.3
SEP_KMG_05,2023-05-04 08:00:00+00:00,0.4,0.4,0.409,0.406,22.1,83,925.2,7.0
SEP_KMG_05,2023-05-04 09:00:00+00:00,0.3,0.3,0.409,0.406,22.3,78,924.2,9.0
SEP_KMG_05,2023-05-04 10:00:00+00:00,0.3,0.3,0.41,0.406,22.3,78,923.5,6.6
SEP_KMG_05,2023-05-04 11:00:00+00:00,0.5,0.5,0.412,0.406,21.7,82,923.5,6.5
SEP_KMG_05,2023-05-04 12:00:00+00:00,0.5,0.5,0.416,0.411,20.9,83,924.6,3.6
SEP_KMG_05,2023-05-04 13:00:00+00:00,0.1,0.1,0.415,0.411,19.7,90,924.7,3.0
SEP_KMG_05,2023-05-04 14:00:00+00:00,0.2,0.2,0.414,0.411,19.2,92,925.0,3.4
SEP_KMG_05,2023-05-04 15:00:00+00:00,0.1,0.1,0.413,0.412,19.5,90,925.3,3.1
SEP_KMG_05,2023-05-04 16:00:00+00:00,0.1,0.1,0.412,0.411,20.0,87,925.5,3.1
SEP_KMG_05,2023-05-04 17:00:00+00:00,0.0,0.0,0.411,0.411,19.7,86,925.5,3.8
SEP_KMG_05,2023-05-04 18:00:00+00:00,0.4,0.4,0.415,0.411,19.0,90,925.1,4.7
SEP_KMG_05,2023-05-04 19:00:00+00:00,0.6,0.6,0.42,0.412,19.2,93,924.4,5.0
SEP_KMG_05,2023-05-04 20:00:00+00:00,0.1,0.1,0.418,0.412,19.4,91,923.8,4.9
SEP_KMG_05,2023-05-04 21:00:00+00:00,0.1,0.1,0.416,0.413,19.2,93,923.4,5.1
SEP_KMG_05,2023-05-04 22:00:00+00:00,0.3,0.3,0.418,0.413,19.1,92,922.8,4.1
SEP_KMG_05,2023-05-04 23:00:00+00:00,0.4,0.4,0.421,0.413,19.1,93,922.8,3.3
SEP_KMG_05,2023-05-05 00:00:00+00:00,0.4,0.4,0.412,0.41,19.6,92,923.2,3.4
SEP_KMG_05,2023-05-05 01:00:00+00:00,2.2,2.2,0.43,0.412,20.1,91,923.6,3.2
SEP_KMG_05,2023-05-05 02:00:00+00:00,8.4,8.4,0.43,0.425,20.0,94,924.5,3.6
SEP_KMG_05,2023-05-05 03:00:00+00:00,2.4,2.4,0.429,0.428,19.9,94,925.0,5.6
SEP_KMG_05,2023-05-05 04:00:00+00:00,0.3,0.3,0.427,0.427,20.5,89,925.1,8.5
SEP_KMG_05,2023-05-05 05:00:00+00:00,0.3,0.3,0.426,0.426,22.1,83,924.9,8.9
SEP_KMG_05,2023-05-05 06:00:00+00:00,0.5,0.5,0.426,0.425,22.2,78,924.0,9.8
SEP_KMG_05,2023-05-05 07:00:00+00:00,0.5,0.5,0.425,0.424,22.7,80,922.9,8.6
SEP_KMG_05,2023-05-05 08:00:00+00:00,0.3,0.3,0.424,0.423,22.8,81,921.8,10.1
SEP_KMG_05,2023-05-05 09:00:00+00:00,0.2,0.2,0.423,0.423,22.2,82,921.1,8.8
SEP_KMG_05,2023-05-05 10:00:00+00:00,0.2,0.2,0.422,0.422,22.3,79,920.8,7.7
SEP_KMG_05,2023-05-05 11:00:00+00:00,0.4,0.4,0.423,0.422,21.8,81,920.8,7.0
SEP_KMG_05,2023-05-05 12:00:00+00:00,0.6,0.6,0.416,0.418,21.0,89,921.2,3.4
SEP_KMG_05,2023-05-05 13:00:00+00:00,0.2,0.2,0.416,0.418,20.0,91,921.1,4.1
SEP_KMG_05,2023-05-05 14:00:00+00:00,0.5,0.5,0.418,0.418,20.4,81,921.8,4.8
SEP_KMG_05,2023-05-05 15:00:00+00:00,0.8,0.8,0.425,0.418,20.0,77,922.2,5.1
SEP_KMG_05,2023-05-05 16:00:00+00:00,0.9,0.9,0.427,0.42,19.2,90,922.5,5.0
SEP_KMG_05,2023-05-05 17:00:00+00:00,0.1,0.1,0.424,0.421,19.1,92,922.5,5.2
SEP_KMG_05,2023-05-05 18:00:00+00:00,0.1,0.1,0.422,0.421,19.3,92,922.0,5.6
SEP_KMG_05,2023-05-05 19:00:00+00:00,0.0,0.0,0.42,0.42,19.4,92,921.6,6.0
SEP_KMG_05,2023-05-05 20:00:00+00:00,0.1,0.1,0.419,0.42,19.7,92,921.2,5.8
SEP_KMG_05,2023-05-05 21:00:00+00:00,0.0,0.0,0.418,0.42,19.6,91,921.0,4.6
SEP_KMG_05,2023-05-05 22:00:00+00:00,0.1,0.1,0.417,0.419,19.2,93,920.9,3.1
SEP_KMG_05,2023-05-05 23:00:00+00:00,0.0,0.0,0.417,0.419,18.9,95,921.5,1.9
SEP_KMG_05,2023-05-06 00:00:00+00:00,0.0,0.0,0.412,0.414,19.6,92,922.1,6.0
SEP_KMG_05,2023-05-06 01:00:00+00:00,0.0,0.0,0.411,0.414,20.1,89,922.6,5.1
SEP_KMG_05,2023-05-06 02:00:00+00:00,0.5,0.5,0.414,0.413,20.4,90,923.8,3.6
SEP_KMG_05,2023-05-06 03:00:00+00:00,1.6,1.6,0.427,0.415,20.6,93,924.3,3.3
SEP_KMG_05,2023-05-06 04:00:00+00:00,0.7,0.7,0.425,0.417,20.8,89,924.3,5.5
SEP_KMG_05,2023-05-06 05:00:00+00:00,0.2,0.2,0.422,0.418,21.2,87,924.1,6.8
SEP_KMG_05,2023-05-06 06:00:00+00:00,0.3,0.3,0.421,0.418,21.5,85,923.4,8.1
SEP_KMG_05,2023-05-06 07:00:00+00:00,0.2,0.2,0.42,0.418,22.6,81,922.8,8.8
SEP_KMG_05,2023-05-06 08:00:00+00:00,0.2,0.2,0.419,0.418,22.2,84,921.8,10.3
SEP_KMG_05,2023-05-06 09:00:00+00:00,0.2,0.2,0.418,0.417,21.7,84,921.0,10.7
SEP_KMG_05,2023-05-06 10:00:00+00:00,0.4,0.4,0.418,0.417,22.7,80,920.8,10.0
SEP_KMG_05,2023-05-06 11:00:00+00:00,0.2,0.2,0.418,0.417,22.0,84,921.0,8.7
SEP_KMG_05,2023-05-06 12:00:00+00:00,0.0,0.0,0.419,0.42,20.8,90,921.8,6.6
SEP_KMG_05,2023-05-06 13:00:00+00:00,0.0,0.0,0.418,0.42,20.5,88,921.9,4.1
SEP_KMG_05,2023-05-06 14:00:00+00:00,0.0,0.0,0.417,0.419,20.0,90,922.5,3.8
SEP_KMG_05,2023-05-06 15:00:00+00:00,0.0,0.0,0.416,0.419,20.1,88,923.1,1.3
SEP_KMG_05,2023-05-06 16:00:00+00:00,0.7,0.7,0.42,0.419,19.1,91,924.0,2.6
SEP_KMG_05,2023-05-06 17:00:00+00:00,0.1,0.1,0.419,0.418,18.7,94,923.9,2.4
SEP_KMG_05,2023-05-06 18:00:00+00:00,0.2,0.2,0.42,0.418,18.7,95,923.5,1.6
SEP_KMG_05,2023-05-06 19:00:00+00:00,3.3,3.3,0.43,0.423,18.2,97,923.7,2.5
SEP_KMG_05,2023-05-06 20:00:00+00:00,2.0,2.0,0.428,0.427,18.1,98,923.3,0.8
SEP_KMG_05,2023-05-06 21:00:00+00:00,0.3,0.3,0.428,0.426,18.4,97,922.9,1.6
SEP_KMG_05,2023-05-06 22:00:00+00:00,0.3,0.3,0.427,0.426,18.6,94,922.9,2.1
SEP_KMG_05,2023-05-06 23:00:00+00:00,0.6,0.6,0.429,0.426,18.3,95,923.3,2.5
SEP_KMG_05,2023-05-07 00:00:00+00:00,4.4,4.4,0.434,0.432,18.2,94,924.9,2.1
SEP_KMG_05,2023-05-07 01:00:00+00:00,1.1,1.1,0.43,0.429,18.2,96,925.5,1.5
SEP_KMG_05,2023-05-07 02:00:00+00:00,3.0,3.0,0.428,0.429,18.4,94,926.2,4.7
SEP_KMG_05,2023-05-07 03:00:00+00:00,0.6,0.6,0.428,0.428,20.5,86,926.8,0.4
SEP_KMG_05,2023-05-07 04:00:00+00:00,0.1,0.1,0.425,0.427,21.7,78,926.5,1.1
SEP_KMG_05,2023-05-07 05:00:00+00:00,0.1,0.1,0.423,0.426,24.0,72,926.1,4.1
SEP_KMG_05,2023-05-07 06:00:00+00:00,0.2,0.2,0.422,0.425,24.1,70,925.1,10.2
SEP_KMG_05,2023-05-07 07:00:00+00:00,3.5,3.5,0.427,0.427,23.6,74,924.2,6.6
SEP_KMG_05,2023-05-07 08:00:00+00:00,0.2,0.2,0.425,0.426,23.4,79,923.2,3.9
SEP_KMG_05,2023-05-07 09:00:00+00:00,0.1,0.1,0.423,0.425,23.2,79,922.7,7.0
SEP_KMG_05,2023-05-07 10:00:00+00:00,0.2,0.2,0.422,0.424,23.0,77,922.0,3.2
SEP_KMG_05,2023-05-07 11:00:00+00:00,0.1,0.1,0.421,0.424,22.3,81,922.0,4.6
SEP_KMG_05,2023-05-07 12:00:00+00:00,0.3,0.3,0.422,0.425,20.9,92,922.2,1.8
SEP_KMG_05,2023-05-07 13:00:00+00:00,0.5,0.5,0.424,0.424,19.7,93,922.6,2.9
SEP_KMG_05,2023-05-07 14:00:00+00:00,0.0,0.0,0.422,0.424,19.5,93,922.9,2.5
SEP_KMG_05,2023-05-07 15:00:00+00:00,0.0,0.0,0.421,0.424,18.8,97,923.2,2.4
SEP_KMG_05,2023-05-07 16:00:00+00:00,0.4,0.4,0.424,0.423,17.7,100,923.6,3.2
SEP_KMG_05,2023-05-07 17:00:00+00:00,7.1,7.1,0.429,0.43,17.3,100,924.0,4.2
SEP_KMG_05,2023-05-07 18:00:00+00:00,0.2,0.2,0.427,0.428,17.4,99,923.3,1.8
SEP_KMG_05,2023-05-07 19:00:00+00:00,0.1,0.1,0.426,0.427,17.3,99,923.0,2.9
SEP_KMG_05,2023-05-07 20:00:00+00:00,0.4,0.4,0.428,0.427,17.5,98,922.7,1.8
SEP_KMG_05,2023-05-07 21:00:00+00:00,1.5,1.5,0.429,0.428,17.5,97,922.7,2.2
SEP_KMG_05,2023-05-07 22:00:00+00:00,1.4,1.4,0.427,0.428,17.2,97,922.7,3.0
SEP_KMG_05,2023-05-07 23:00:00+00:00,0.1,0.1,0.426,0.428,17.4,96,923.3,2.8
SEP_KMG_05,2023-05-08 00:00:00+00:00,0.1,0.1,0.42,0.423,18.4,91,923.6,2.6
SEP_KMG_05,2023-05-08 01:00:00+00:00,0.0,0.0,0.419,0.423,19.4,93,924.9,1.8
SEP_KMG_05,2023-05-08 02:00:00+00:00,0.1,0.1,0.419,0.422,20.6,87,925.9,1.6
SEP_KMG_05,2023-05-08 03:00:00+00:00,0.0,0.0,0.417,0.421,22.3,82,926.2,1.3
SEP_KMG_05,2023-05-08 04:00:00+00:00,0.0,0.0,0.416,0.421,23.8,76,926.4,3.9
SEP_KMG_05,2023-05-08 05:00:00+00:00,0.0,0.0,0.414,0.419,24.6,73,926.1,6.5
SEP_KMG_05,2023-05-08 06:00:00+00:00,0.1,0.1,0.413,0.418,24.8,70,925.6,6.5
SEP_KMG_05,2023-05-08 07:00:00+00:00,0.2,0.2,0.413,0.418,23.1,78,924.8,4.0
SEP_KMG_05,2023-05-08 08:00:00+00:00,0.1,0.1,0.412,0.417,24.6,73,924.3,4.9
SEP_KMG_05,2023-05-08 09:00:00+00:00,0.1,0.1,0.411,0.416,24.2,73,923.6,5.4
SEP_KMG_05,2023-05-08 10:00:00+00:00,0.0,0.0,0.41,0.416,24.5,70,923.0,1.8
SEP_KMG_05,2023-05-08 11:00:00+00:00,0.0,0.0,0.41,0.415,22.5,82,922.7,6.5
SEP_KMG_05,2023-05-08 12:00:00+00:00,0.0,0.0,0.411,0.413,20.7,92,923.4,5.1
SEP_KMG_05,2023-05-08 13:00:00+00:00,0.0,0.0,0.41,0.413,19.6,95,923.3,2.8
SEP_KMG_05,2023-05-08 14:00:00+00:00,0.0,0.0,0.41,0.413,19.0,95,923.7,4.2
SEP_KMG_05,2023-05-08 15:00:00+00:00,0.0,0.0,0.409,0.413,18.9,96,924.1,4.8
SEP_KMG_05,2023-05-08 16:00:00+00:00,0.0,0.0,0.409,0.412,18.3,99,924.3,3.3
SEP_KMG_05,2023-05-08 17:00:00+00:00,0.0,0.0,0.408,0.412,18.1,99,924.5,2.8
SEP_KMG_05,2023-05-08 18:00:00+00:00,0.1,0.1,0.409,0.412,17.5,98,923.9,2.5
SEP_KMG_05,2023-05-08 19:00:00+00:00,0.0,0.0,0.408,0.412,17.9,96,923.6,2.1
SEP_KMG_05,2023-05-08 20:00:00+00:00,0.1,0.1,0.408,0.412,16.5,97,922.9,3.3
SEP_KMG_05,2023-05-08 21:00:00+00:00,0.1,0.1,0.409,0.411,16.5,97,922.7,4.1
SEP_KMG_05,2023-05-08 22:00:00+00:00,0.1,0.1,0.409,0.411,17.0,95,923.2,1.8
SEP_KMG_05,2023-05-08 23:00:00+00:00,0.8,0.8,0.419,0.412,16.7,96,923.3,1.8
SEP_KMG_05,2023-05-09 00:00:00+00:00,0.8,0.8,0.413,0.409,18.5,91,923.9,1.1
SEP_KMG_05,2023-05-09 01:00:00+00:00,0.1,0.1,0.412,0.41,19.8,91,924.6,1.8
SEP_KMG_05,2023-05-09 02:00:00+00:00,0.1,0.1,0.411,0.41,21.0,86,925.3,0.4
SEP_KMG_05,2023-05-09 03:00:00+00:00,0.2,0.2,0.411,0.41,22.4,78,925.5,1.9
SEP_KMG_05,2023-05-09 04:00:00+00:00,0.2,0.2,0.41,0.409,23.6,72,925.5,7.0
SEP_KMG_05,2023-05-09 05:00:00+00:00,0.7,0.7,0.413,0.409,24.0,76,925.1,7.8
SEP_KMG_05,2023-05-09 06:00:00+00:00,1.0,1.0,0.417,0.409,25.5,68,924.4,9.8
SEP_KMG_05,2023-05-09 07:00:00+00:00,0.6,0.6,0.418,0.41,25.8,64,923.9,10.6
SEP_KMG_05,2023-05-09 08:00:00+00:00,0.5,0.5,0.417,0.41,26.2,61,922.9,9.8
SEP_KMG_05,2023-05-09 09:00:00+00:00,0.3,0.3,0.415,0.41,26.1,61,921.9,9.5
SEP_KMG_05,2023-05-09 10:00:00+00:00,0.0,0.0,0.412,0.41,25.7,63,921.3,7.9
SEP_KMG_05,2023-05-09 11:00:00+00:00,0.0,0.0,0.41,0.41,25.0,68,920.9,5.5
SEP_KMG_05,2023-05-09 12:00:00+00:00,0.0,0.0,0.396,0.402,24.3,64,921.2,0.5
SEP_KMG_05,2023-05-09 13:00:00+00:00,0.0,0.0,0.396,0.402,22.7,70,921.4,1.8
SEP_KMG_05,2023-05-09 14:00:00+00:00,0.0,0.0,0.396,0.402,21.2,77,922.0,2.1
SEP_KMG_05,2023-05-09 15:00:00+00:00,0.0,0.0,0.396,0.401,19.2,85,922.2,3.1
SEP_KMG_05,2023-05-09 16:00:00+00:00,0.0,0.0,0.396,0.401,19.9,82,923.4,3.6
SEP_KMG_05,2023-05-09 17:00:00+00:00,0.1,0.1,0.396,0.401,19.0,88,923.7,2.9
SEP_KMG_05,2023-05-09 18:00:00+00:00,0.0,0.0,0.396,0.401,18.2,90,922.8,4.4
SEP_KMG_05,2023-05-09 19:00:00+00:00,0.1,0.1,0.397,0.401,19.0,85,922.5,2.9
SEP_KMG_05,2023-05-09 20:00:00+00:00,0.0,0.0,0.397,0.401,17.6,92,922.7,3.3
SEP_KMG_05,2023-05-09 21:00:00+00:00,0.1,0.1,0.397,0.401,18.3,89,922.8,3.8
SEP_KMG_05,2023-05-09 22:00:00+00:00,0.0,0.0,0.397,0.401,18.0,91,922.7,3.1
SEP_KMG_05,2023-05-09 23:00:00+00:00,0.0,0.0,0.396,0.4,17.8,89,922.9,3.3
SEP_KMG_05,2023-05-10 00:00:00+00:00,0.0,0.0,0.402,0.401,18.4,85,923.8,0.5
SEP_KMG_05,2023-05-10 01:00:00+00:00,0.0,0.0,0.401,0.401,19.5,92,924.6,2.1
SEP_KMG_05,2023-05-10 02:00:00+00:00,0.0,0.0,0.4,0.401,21.6,85,925.2,2.8
SEP_KMG_05,2023-05-10 03:00:00+00:00,0.2,0.2,0.4,0.401,23.6,73,925.9,2.5
SEP_KMG_05,2023-05-10 04:00:00+00:00,0.3,0.3,0.401,0.4,24.7,71,925.8,6.6
SEP_KMG_05,2023-05-10 05:00:00+00:00,0.4,0.4,0.401,0.4,25.2,65,925.4,6.3
SEP_KMG_05,2023-05-10 06:00:00+00:00,0.7,0.7,0.405,0.4,25.8,60,924.9,7.7
SEP_KMG_05,2023-05-10 07:00:00+00:00,0.2,0.2,0.404,0.4,25.7,62,924.3,6.4
SEP_KMG_05,2023-05-10 08:00:00+00:00,0.2,0.2,0.403,0.399,25.7,62,923.7,6.6
SEP_KMG_05,2023-05-10 09:00:00+00:00,0.2,0.2,0.402,0.399,25.1,66,922.9,4.3
SEP_KMG_05,2023-05-10 10:00:00+00:00,0.1,0.1,0.401,0.399,25.8,64,922.5,6.4
SEP_KMG_05,2023-05-10 11:00:00+00:00,0.1,0.1,0.401,0.399,25.2,69,922.5,3.6
SEP_KMG_05,2023-05-10 12:00:00+00:00,0.0,0.0,0.391,0.396,24.3,66,923.0,1.1
SEP_KMG_05,2023-05-10 13:00:00+00:00,0.0,0.0,0.391,0.396,21.3,82,923.3,3.6
SEP_KMG_05,2023-05-10 14:00:00+00:00,0.2,0.2,0.392,0.396,19.7,91,924.6,2.6
SEP_KMG_05,2023-05-10 15:00:00+00:00,0.6,0.6,0.396,0.396,18.4,96,925.2,6.1
SEP_KMG_05,2023-05-10 16:00:00+00:00,0.1,0.1,0.396,0.396,18.6,96,925.0,3.1
SEP_KMG_05,2023-05-10 17:00:00+00:00,0.0,0.0,0.395,0.396,18.5,95,924.9,2.3
SEP_KMG_05,2023-05-10 18:00:00+00:00,0.0,0.0,0.395,0.396,17.7,98,924.8,2.2
SEP_KMG_05,2023-05-10 19:00:00+00:00,1.8,1.8,0.415,0.397,17.2,100,925.6,7.6
SEP_KMG_05,2023-05-10 20:00:00+00:00,0.1,0.1,0.412,0.398,17.1,98,925.5,2.9
SEP_KMG_05,2023-05-10 21:00:00+00:00,0.0,0.0,0.41,0.399,16.9,99,925.3,2.9
SEP_KMG_05,2023-05-10 22:00:00+00:00,0.0,0.0,0.407,0.399,16.7,99,925.1,2.5
SEP_KMG_05,2023-05-10 23:00:00+00:00,0.0,0.0,0.406,0.4,16.1,100,925.5,1.8
SEP_KMG_05,2023-05-11 00:00:00+00:00,0.2,0.2,0.397,0.398,17.5,98,927.4,1.5
SEP_KMG_05,2023-05-11 01:00:00+00:00,0.0,0.0,0.397,0.398,19.2,91,928.6,1.8
SEP_KMG_05,2023-05-11 02:00:00+00:00,0.0,0.0,0.396,0.398,21.3,83,928.8,3.3
SEP_KMG_05,2023-05-11 03:00:00+00:00,0.0,0.0,0.394,0.397,22.9,77,929.2,2.7
SEP_KMG_05,2023-05-11 04:00:00+00:00,0.1,0.1,0.393,0.397,23.7,75,929.0,4.9
SEP_KMG_05,2023-05-11 05:00:00+00:00,0.0,0.0,0.392,0.396,24.2,74,928.5,5.7
SEP_KMG_05,2023-05-11 06:00:00+00:00,0.0,0.0,0.39,0.395,24.5,73,927.8,3.7
SEP_KMG_05,2023-05-11 07:00:00+00:00,0.0,0.0,0.389,0.394,24.8,71,926.9,3.2
SEP_KMG_05,2023-05-11 08:00:00+00:00,0.1,0.1,0.388,0.393,25.6,68,925.7,2.5
SEP_KMG_05,2023-05-11 09:00:00+00:00,0.2,0.2,0.388,0.393,25.6,67,925.0,4.4
SEP_KMG_05,2023-05-11 10:00:00+00:00,0.1,0.1,0.387,0.392,25.4,65,924.2,3.9
SEP_KMG_05,2023-05-11 11:00:00+00:00,0.2,0.2,0.388,0.392,23.5,74,924.5,5.8
SEP_KMG_05,2023-05-11 12:00:00+00:00,0.0,0.0,0.381,0.387,20.6,87,925.0,7.2
SEP_KMG_05,2023-05-11 13:00:00+00:00,0.0,0.0,0.381,0.387,18.8,94,925.8,5.2
SEP_KMG_05,2023-05-11 14:00:00+00:00,1.1,1.1,0.391,0.387,18.1,95,926.8,4.2
SEP_KMG_05,2023-05-11 15:00:00+00:00,0.0,0.0,0.39,0.387,18.3,94,927.6,5.0
SEP_KMG_05,2023-05-11 16:00:00+00:00,0.0,0.0,0.39,0.387,17.6,94,927.4,4.6
SEP_KMG_05,2023-05-11 17:00:00+00:00,0.0,0.0,0.389,0.387,16.7,96,927.6,5.4
SEP_KMG_05,2023-05-11 18:00:00+00:00,0.0,0.0,0.389,0.387,17.4,93,927.5,3.9
SEP_KMG_05,2023-05-11 19:00:00+00:00,0.0,0.0,0.388,0.387,16.9,93,927.2,4.5
SEP_KMG_05,2023-05-11 20:00:00+00:00,0.0,0.0,0.388,0.387,18.2,84,926.5,3.0
SEP_KMG_05,2023-05-11 21:00:00+00:00,0.0,0.0,0.388,0.387,17.3,87,926.1,3.9
SEP_KMG_05,2023-05-11 22:00:00+00:00,0.0,0.0,0.387,0.388,15.7,92,925.9,4.0
SEP_KMG_05,2023-05-11 23:00:00+00:00,0.0,0.0,0.387,0.388,16.6,89,926.7,3.7
SEP_KMG_05,2023-05-12 00:00:00+00:00,0.0,0.0,0.377,0.384,17.4,91,928.6,1.6
SEP_KMG_05,2023-05-12 01:00:00+00:00,0.0,0.0,0.377,0.383,18.7,90,929.7,3.3
SEP_KMG_05,2023-05-12 02:00:00+00:00,0.0,0.0,0.376,0.383,20.9,80,930.4,3.2
SEP_KMG_05,2023-05-12 03:00:00+00:00,0.0,0.0,0.376,0.383,22.9,68,930.7,2.0
SEP_KMG_05,2023-05-12 04:00:00+00:00,0.0,0.0,0.374,0.382,24.8,60,930.4,1.8
SEP_KMG_05,2023-05-12 05:00:00+00:00,0.1,0.1,0.373,0.381,26.4,52,929.7,4.6
SEP_KMG_05,2023-05-12 06:00:00+00:00,0.1,0.1,0.372,0.38,27.0,51,928.8,6.9
SEP_KMG_05,2023-05-12 07:00:00+00:00,0.0,0.0,0.371,0.38,27.0,52,927.5,6.1
SEP_KMG_05,2023-05-12 08:00:00+00:00,0.0,0.0,0.369,0.379,27.2,52,926.3,5.1
SEP_KMG_05,2023-05-12 09:00:00+00:00,0.1,0.1,0.368,0.378,27.5,52,925.6,6.6
SEP_KMG_05,2023-05-12 10:00:00+00:00,0.0,0.0,0.367,0.377,26.3,57,925.6,5.6
SEP_KMG_05,2023-05-12 11:00:00+00:00,0.1,0.1,0.367,0.377,25.5,61,925.6,4.4
SEP_KMG_05,2023-05-12 12:00:00+00:00,0.0,0.0,0.365,0.376,21.0,85,926.1,3.4
SEP_KMG_05,2023-05-12 13:00:00+00:00,0.0,0.0,0.365,0.376,20.3,88,926.6,1.8
SEP_KMG_05,2023-05-12 14:00:00+00:00,0.0,0.0,0.366,0.376,19.8,87,927.6,4.2
SEP_KMG_05,2023-05-12 15:00:00+00:00,0.0,0.0,0.366,0.376,19.0,88,928.1,5.1
SEP_KMG_05,2023-05-12 16:00:00+00:00,0.0,0.0,0.366,0.376,18.7,87,928.4,4.7
SEP_KMG_05,2023-05-12 17:00:00+00:00,0.0,0.0,0.366,0.376,18.2,86,928.3,4.0
SEP_KMG_05,2023-05-12 18:00:00+00:00,0.0,0.0,0.366,0.376,17.5,84,927.5,3.8
SEP_KMG_05,2023-05-12 19:00:00+00:00,0.0,0.0,0.367,0.375,17.0,83,926.5,4.0
SEP_KMG_05,2023-05-12 20:00:00+00:00,0.0,0.0,0.367,0.375,16.4,82,925.7,3.6
SEP_KMG_05,2023-05-12 21:00:00+00:00,0.0,0.0,0.367,0.375,16.1,81,925.1,3.7
SEP_KMG_05,2023-05-12 22:00:00+00:00,0.0,0.0,0.367,0.375,16.0,80,924.9,4.0
SEP_KMG_05,2023-05-12 23:00:00+00:00,0.0,0.0,0.367,0.375,15.7,80,925.1,3.2
SEP_KMG_05,2023-05-13 00:00:00+00:00,0.0,0.0,0.367,0.375,17.8,77,927.2,4.0
SEP_KMG_05,2023-05-13 01:00:00+00:00,0.0,0.0,0.367,0.375,19.7,77,928.0,5.0
SEP_KMG_05,2023-05-13 02:00:00+00:00,0.0,0.0,0.366,0.374,21.5,75,928.8,3.6
SEP_KMG_05,2023-05-13 03:00:00+00:00,0.0,0.0,0.365,0.374,24.3,60,929.0,3.7
SEP_KMG_05,2023-05-13 04:00:00+00:00,0.0,0.0,0.363,0.373,26.8,47,928.4,1.6
SEP_KMG_05,2023-05-13 05:00:00+00:00,0.0,0.0,0.361,0.372,28.6,38,928.0,2.7
SEP_KMG_05,2023-05-13 06:00:00+00:00,0.0,0.0,0.359,0.371,29.4,37,927.2,4.8
SEP_KMG_05,2023-05-13 07:00:00+00:00,0.0,0.0,0.357,0.37,29.8,40,926.2,7.4
SEP_KMG_05,2023-05-13 08:00:00+00:00,0.0,0.0,0.356,0.369,28.7,45,925.4,9.4
SEP_KMG_05,2023-05-13 09:00:00+00:00,0.0,0.0,0.355,0.369,28.9,44,924.9,6.2
SEP_KMG_05,2023-05-13 10:00:00+00:00,0.0,0.0,0.354,0.368,28.8,46,925.0,4.0
SEP_KMG_05,2023-05-13 11:00:00+00:00,0.0,0.0,0.353,0.368,28.0,54,924.8,1.9
SEP_KMG_05,2023-05-13 12:00:00+00:00,0.0,0.0,0.349,0.362,26.9,54,925.2,3.3
SEP_KMG_05,2023-05-13 13:00:00+00:00,0.0,0.0,0.349,0.362,24.6,66,925.1,4.7
SEP_KMG_05,2023-05-13 14:00:00+00:00,0.0,0.0,0.349,0.362,22.9,71,925.6,5.2
SEP_KMG_05,2023-05-13 15:00:00+00:00,0.0,0.0,0.349,0.362,21.0,78,925.9,6.0
SEP_KMG_05,2023-05-13 16:00:00+00:00,0.0,0.0,0.35,0.362,19.9,80,925.6,5.6
SEP_KMG_05,2023-05-13 17:00:00+00:00,0.0,0.0,0.35,0.362,19.1,78,925.2,3.6
SEP_KMG_05,2023-05-13 18:00:00+00:00,0.0,0.0,0.35,0.361,18.1,79,924.3,2.5
SEP_KMG_05,2023-05-13 19:00:00+00:00,0.0,0.0,0.35,0.361,17.3,78,923.5,2.9
SEP_KMG_05,2023-05-13 20:00:00+00:00,0.0,0.0,0.351,0.361,17.2,77,922.7,3.7
SEP_KMG_05,2023-05-13 21:00:00+00:00,0.0,0.0,0.351,0.361,16.7,79,921.9,3.6
SEP_KMG_05,2023-05-13 22:00:00+00:00,0.0,0.0,0.351,0.361,16.4,78,921.5,3.2
SEP_KMG_05,2023-05-13 23:00:00+00:00,0.0,0.0,0.351,0.361,15.6,81,921.5,2.9
SEP_KMG_05,2023-05-14 00:00:00+00:00,0.0,0.0,0.352,0.362,18.1,74,923.5,5.2
SEP_KMG_05,2023-05-14 01:00:00+00:00,0.0,0.0,0.352,0.361,20.0,76,924.0,4.1
SEP_KMG_05,2023-05-14 02:00:00+00:00,0.0,0.0,0.352,0.361,21.7,72,924.3,2.9
SEP_KMG_05,2023-05-14 03:00:00+00:00,0.0,0.0,0.351,0.361,23.9,64,924.7,1.1
SEP_KMG_05,2023-05-14 04:00:00+00:00,0.0,0.0,0.35,0.36,26.7,52,924.7,2.5
SEP_KMG_05,2023-05-14 05:00:00+00:00,0.0,0.0,0.348,0.36,28.6,47,924.9,6.1
SEP_KMG_05,2023-05-14 06:00:00+00:00,0.0,0.0,0.347,0.359,28.5,49,924.4,0.8
SEP_KMG_05,2023-05-14 07:00:00+00:00,0.0,0.0,0.346,0.358,28.5,45,923.7,4.7
SEP_KMG_05,2023-05-14 08:00:00+00:00,0.1,0.1,0.346,0.358,26.3,54,923.2,3.5
SEP_KMG_05,2023-05-14 09:00:00+00:00,0.2,0.2,0.347,0.358,26.0,57,922.5,0.0
SEP_KMG_05,2023-05-14 10:00:00+00:00,0.0,0.0,0.347,0.358,25.9,57,922.3,2.2
SEP_KMG_05,2023-05-14 11:00:00+00:00,0.0,0.0,0.347,0.357,24.0,70,922.3,6.5
SEP_KMG_05,2023-05-14 12:00:00+00:00,0.0,0.0,0.352,0.36,21.4,90,921.7,2.7
SEP_KMG_05,2023-05-14 13:00:00+00:00,0.0,0.0,0.353,0.36,20.7,88,921.3,2.7
SEP_KMG_05,2023-05-14 14:00:00+00:00,0.0,0.0,0.353,0.36,20.2,89,921.4,3.2
SEP_KMG_05,2023-05-14 15:00:00+00:00,0.0,0.0,0.353,0.36,20.2,86,921.8,3.3
SEP_KMG_05,2023-05-14 16:00:00+00:00,0.0,0.0,0.353,0.36,20.1,83,921.3,3.4
SEP_KMG_05,2023-05-14 17:00:00+00:00,0.0,0.0,0.353,0.36,20.1,81,920.3,3.9
SEP_KMG_05,2023-05-14 18:00:00+00:00,0.0,0.0,0.353,0.36,19.9,78,919.4,4.0
SEP_KMG_05,2023-05-14 19:00:00+00:00,0.0,0.0,0.353,0.36,19.3,81,918.4,3.7
SEP_KMG_05,2023-05-14 20:00:00+00:00,0.0,0.0,0.353,0.36,20.3,72,918.1,0.8
SEP_KMG_05,2023-05-14 21:00:00+00:00,0.0,0.0,0.353,0.36,20.1,73,918.0,1.1
SEP_KMG_05,2023-05-14 22:00:00+00:00,0.0,0.0,0.354,0.361,18.6,83,917.7,2.6
SEP_KMG_05,2023-05-14 23:00:00+00:00,0.0,0.0,0.354,0.361,17.8,87,918.1,3.2
SEP_KMG_05,2023-05-15 00:00:00+00:00,0.0,0.0,0.355,0.361,18.8,88,920.8,3.0
SEP_KMG_05,2023-05-15 01:00:00+00:00,0.0,0.0,0.355,0.361,19.6,87,921.6,2.5
SEP_KMG_05,2023-05-15 02:00:00+00:00,0.0,0.0,0.355,0.361,20.8,81,922.2,1.8
SEP_KMG_05,2023-05-15 03:00:00+00:00,0.0,0.0,0.354,0.361,22.7,74,922.4,0.4
SEP_KMG_05,2023-05-15 04:00:00+00:00,0.0,0.0,0.353,0.36,24.7,64,922.4,6.1
SEP_KMG_05,2023-05-15 05:00:00+00:00,0.0,0.0,0.351,0.36,25.5,60,922.5,10.7
SEP_KMG_05,2023-05-15 06:00:00+00:00,0.0,0.0,0.349,0.359,25.9,57,922.1,12.5
SEP_KMG_05,2023-05-15 07:00:00+00:00,0.1,0.1,0.348,0.358,25.4,60,921.5,11.8
SEP_KMG_05,2023-05-15 08:00:00+00:00,0.3,0.3,0.35,0.358,23.9,66,921.4,10.8
SEP_KMG_05,2023-05-15 09:00:00+00:00,0.3,0.3,0.352,0.357,23.3,71,921.1,7.2
SEP_KMG_05,2023-05-15 10:00:00+00:00,0.0,0.0,0.351,0.357,23.0,71,921.2,4.6
SEP_KMG_05,2023-05-15 11:00:00+00:00,0.0,0.0,0.351,0.357,22.7,72,921.5,5.1
SEP_KMG_05,2023-05-15 12:00:00+00:00,0.1,0.1,0.354,0.357,21.3,81,921.5,2.2
SEP_KMG_05,2023-05-15 13:00:00+00:00,0.7,0.7,0.36,0.357,20.0,84,922.2,3.4
SEP_KMG_05,2023-05-15 14:00:00+00:00,0.2,0.2,0.362,0.357,19.9,89,922.9,1.1
SEP_KMG_05,2023-05-15 15:00:00+00:00,0.5,0.5,0.368,0.358,19.6,91,923.7,2.3
SEP_KMG_05,2023-05-15 16:00:00+00:00,0.1,0.1,0.368,0.358,19.2,94,924.1,1.9
SEP_KMG_05,2023-05-15 17:00:00+00:00,0.3,0.3,0.371,0.358,19.4,95,924.1,2.2
SEP_KMG_05,2023-05-15 18:00:00+00:00,0.1,0.1,0.372,0.358,19.3,96,923.5,2.5
SEP_KMG_05,2023-05-15 19:00:00+00:00,0.4,0.4,0.376,0.359,19.2,96,923.1,2.2
SEP_KMG_05,2023-05-15 20:00:00+00:00,0.5,0.5,0.381,0.359,19.2,96,922.9,1.9
SEP_KMG_05,2023-05-15 21:00:00+00:00,0.1,0.1,0.381,0.36,19.1,97,922.8,2.2
SEP_KMG_05,2023-05-15 22:00:00+00:00,1.3,1.3,0.397,0.361,19.2,95,923.0,1.8
SEP_KMG_05,2023-05-15 23:00:00+00:00,0.7,0.7,0.403,0.362,19.1,95,923.4,1.6
SEP_KMG_05,2023-05-16 00:00:00+00:00,2.3,2.3,0.372,0.36,20.0,92,923.7,3.0
SEP_KMG_05,2023-05-16 01:00:00+00:00,0.0,0.0,0.372,0.36,20.3,88,924.8,5.7
SEP_KMG_05,2023-05-16 02:00:00+00:00,0.1,0.1,0.371,0.36,20.6,85,925.5,4.3
SEP_KMG_05,2023-05-16 03:00:00+00:00,0.3,0.3,0.373,0.361,21.5,83,926.0,6.5
SEP_KMG_05,2023-05-16 04:00:00+00:00,0.1,0.1,0.372,0.361,21.3,83,926.0,5.7
SEP_KMG_05,2023-05-16 05:00:00+00:00,0.1,0.1,0.372,0.361,22.8,79,925.8,8.7
SEP_KMG_05,2023-05-16 06:00:00+00:00,0.1,0.1,0.371,0.361,22.6,82,925.3,7.6
SEP_KMG_05,2023-05-16 07:00:00+00:00,0.1,0.1,0.37,0.36,24.2,72,924.4,8.3
SEP_KMG_05,2023-05-16 08:00:00+00:00,0.2,0.2,0.371,0.36,22.8,75,923.6,10.8
SEP_KMG_05,2023-05-16 09:00:00+00:00,0.3,0.3,0.371,0.36,22.8,78,923.1,7.2
SEP_KMG_05,2023-05-16 10:00:00+00:00,0.2,0.2,0.371,0.36,22.5,80,922.9,7.7
SEP_KMG_05,2023-05-16 11:00:00+00:00,0.3,0.3,0.372,0.36,21.6,83,923.2,5.6
SEP_KMG_05,2023-05-16 12:00:00+00:00,0.2,0.2,0.421,0.366,21.0,86,923.2,2.9
SEP_KMG_05,2023-05-16 13:00:00+00:00,0.5,0.5,0.414,0.37,20.2,92,923.8,2.9
SEP_KMG_05,2023-05-16 14:00:00+00:00,0.5,0.5,0.412,0.373,19.9,96,924.7,3.0
SEP_KMG_05,2023-05-16 15:00:00+00:00,0.1,0.1,0.408,0.375,19.8,97,925.5,3.4
SEP_KMG_05,2023-05-16 16:00:00+00:00,0.0,0.0,0.404,0.376,19.9,95,926.0,3.5
SEP_KMG_05,2023-05-16 17:00:00+00:00,0.1,0.1,0.401,0.377,19.7,94,926.1,4.2
SEP_KMG_05,2023-05-16 18:00:00+00:00,0.0,0.0,0.399,0.378,19.7,94,925.7,2.9
SEP_KMG_05,2023-05-16 19:00:00+00:00,0.0,0.0,0.396,0.379,19.6,94,924.6,2.6
SEP_KMG_05,2023-05-16 20:00:00+00:00,0.1,0.1,0.395,0.379,19.6,96,924.4,1.5
SEP_KMG_05,2023-05-16 21:00:00+00:00,0.1,0.1,0.396,0.38,19.7,92,924.6,2.4
SEP_KMG_05,2023-05-16 22:00:00+00:00,0.1,0.1,0.396,0.38,19.5,93,924.8,2.6
SEP_KMG_05,2023-05-16 23:00:00+00:00,0.1,0.1,0.395,0.381,18.8,97,925.2,3.9
SEP_KMG_05,2023-05-17 00:00:00+00:00,0.2,0.2,0.388,0.378,19.3,96,926.7,2.8
SEP_KMG_05,2023-05-17 01:00:00+00:00,0.3,0.3,0.389,0.378,19.9,93,927.7,3.9
SEP_KMG_05,2023-05-17 02:00:00+00:00,0.9,0.9,0.398,0.379,20.2,91,928.6,4.9
SEP_KMG_05,2023-05-17 03:00:00+00:00,0.6,0.6,0.402,0.38,20.1,95,929.3,5.1
SEP_KMG_05,2023-05-17 04:00:00+00:00,0.2,0.2,0.401,0.381,20.3,94,929.5,4.7
SEP_KMG_05,2023-05-17 05:00:00+00:00,0.1,0.1,0.399,0.381,20.8,88,929.0,3.7
SEP_KMG_05,2023-05-17 06:00:00+00:00,0.1,0.1,0.397,0.382,22.0,81,928.7,2.4
SEP_KMG_05,2023-05-17 07:00:00+00:00,0.2,0.2,0.396,0.382,23.4,76,927.6,4.0
SEP_KMG_05,2023-05-17 08:00:00+00:00,0.3,0.3,0.395,0.382,23.1,79,926.5,4.6
SEP_KMG_05,2023-05-17 09:00:00+00:00,0.1,0.1,0.394,0.382,22.8,77,926.0,3.2
SEP_KMG_05,2023-05-17 10:00:00+00:00,0.1,0.1,0.393,0.382,23.5,73,925.5,3.4
SEP_KMG_05,2023-05-17 11:00:00+00:00,0.0,0.0,0.392,0.382,23.1,76,925.5,2.9
SEP_KMG_05,2023-05-17 12:00:00+00:00,0.0,0.0,0.398,0.39,21.0,87,927.1,5.2
SEP_KMG_05,2023-05-17 13:00:00+00:00,0.9,0.9,0.404,0.39,20.1,93,927.5,2.6
SEP_KMG_05,2023-05-17 14:00:00+00:00,0.7,0.7,0.41,0.391,20.1,95,928.2,2.3
SEP_KMG_05,2023-05-17 15:00:00+00:00,1.3,1.3,0.422,0.393,19.8,94,928.9,2.5
SEP_KMG_05,2023-05-17 16:00:00+00:00,0.2,0.2,0.417,0.395,19.6,95,929.0,1.9
SEP_KMG_05,2023-05-17 17:00:00+00:00,0.1,0.1,0.413,0.397,19.2,96,928.7,2.4
SEP_KMG_05,2023-05-17 18:00:00+00:00,0.1,0.1,0.411,0.397,18.9,97,928.2,2.0
SEP_KMG_05,2023-05-17 19:00:00+00:00,0.2,0.2,0.411,0.398,19.1,96,927.6,2.3
SEP_KMG_05,2023-05-17 20:00:00+00:00,0.1,0.1,0.41,0.399,19.1,96,927.0,1.3
SEP_KMG_05,2023-05-17 21:00:00+00:00,0.0,0.0,0.408,0.399,18.8,97,926.9,1.9
SEP_KMG_05,2023-05-17 22:00:00+00:00,0.0,0.0,0.407,0.399,18.2,98,926.6,3.0
SEP_KMG_05,2023-05-17 23:00:00+00:00,0.0,0.0,0.406,0.4,18.6,97,927.5,2.2
SEP_KMG_05,2023-05-18 00:00:00+00:00,0.2,0.2,0.405,0.396,18.2,100,928.1,1.8
SEP_KMG_05,2023-05-18 01:00:00+00:00,0.3,0.3,0.405,0.396,19.8,95,929.1,0.7
SEP_KMG_05,2023-05-18 02:00:00+00:00,0.2,0.2,0.404,0.397,21.1,88,929.8,0.8
SEP_KMG_05,2023-05-18 03:00:00+00:00,0.0,0.0,0.403,0.397,22.5,81,930.1,2.2
SEP_KMG_05,2023-05-18 04:00:00+00:00,0.0,0.0,0.4,0.396,24.1,75,930.1,5.7
SEP_KMG_05,2023-05-18 05:00:00+00:00,0.0,0.0,0.398,0.396,23.8,76,929.6,7.8
SEP_KMG_05,2023-05-18 06:00:00+00:00,0.1,0.1,0.397,0.395,24.9,71,928.8,4.5
SEP_KMG_05,2023-05-18 07:00:00+00:00,0.5,0.5,0.399,0.395,24.1,73,927.4,7.6
SEP_KMG_05,2023-05-18 08:00:00+00:00,0.6,0.6,0.402,0.395,21.7,88,926.3,3.9
SEP_KMG_05,2023-05-18 09:00:00+00:00,0.1,0.1,0.401,0.395,22.3,87,925.6,2.1
SEP_KMG_05,2023-05-18 10:00:00+00:00,0.0,0.0,0.4,0.395,23.5,81,925.0,2.0
SEP_KMG_05,2023-05-18 11:00:00+00:00,0.1,0.1,0.399,0.395,22.2,86,925.3,4.4
SEP_KMG_05,2023-05-18 12:00:00+00:00,0.8,0.8,0.399,0.397,21.4,87,925.9,2.5
SEP_KMG_05,2023-05-18 13:00:00+00:00,0.0,0.0,0.398,0.397,20.4,90,926.0,3.2
SEP_KMG_05,2023-05-18 14:00:00+00:00,0.0,0.0,0.398,0.397,20.9,87,926.9,2.1
SEP_KMG_05,2023-05-18 15:00:00+00:00,0.0,0.0,0.397,0.397,20.6,89,926.9,2.5
SEP_KMG_05,2023-05-18 16:00:00+00:00,0.0,0.0,0.397,0.397,20.0,93,927.1,0.4
SEP_KMG_05,2023-05-18 17:00:00+00:00,0.0,0.0,0.396,0.396,18.4,95,926.9,3.4
SEP_KMG_05,2023-05-18 18:00:00+00:00,0.0,0.0,0.396,0.396,18.9,92,926.4,1.9
SEP_KMG_05,2023-05-18 19:00:00+00:00,0.0,0.0,0.395,0.396,17.8,93,925.1,2.3
SEP_KMG_05,2023-05-18 20:00:00+00:00,0.0,0.0,0.395,0.396,18.1,90,924.6,2.2
SEP_KMG_05,2023-05-18 21:00:00+00:00,0.0,0.0,0.395,0.396,18.5,86,924.5,1.3
SEP_KMG_05,2023-05-18 22:00:00+00:00,0.0,0.0,0.394,0.396,16.8,92,923.8,2.3
SEP_KMG_05,2023-05-18 23:00:00+00:00,0.0,0.0,0.394,0.396,17.0,90,924.1,0.8
SEP_KMG_05,2023-05-19 00:00:00+00:00,0.0,0.0,0.401,0.398,18.5,88,925.7,1.8
SEP_KMG_05,2023-05-19 01:00:00+00:00,0.5,0.5,0.404,0.398,19.1,91,926.2,2.2
SEP_KMG_05,2023-05-19 02:00:00+00:00,0.4,0.4,0.406,0.398,20.1,89,927.1,1.0
SEP_KMG_05,2023-05-19 03:00:00+00:00,0.1,0.1,0.405,0.398,21.8,83,927.8,3.9
SEP_KMG_05,2023-05-19 04:00:00+00:00,0.0,0.0,0.403,0.398,22.7,83,928.0,2.6
SEP_KMG_05,2023-05-19 05:00:00+00:00,0.1,0.1,0.401,0.398,24.3,76,927.5,3.3
SEP_KMG_05,2023-05-19 06:00:00+00:00,0.1,0.1,0.399,0.397,25.8,70,926.5,3.6
SEP_KMG_05,2023-05-19 07:00:00+00:00,0.4,0.4,0.401,0.397,23.5,77,925.2,6.5
SEP_KMG_05,2023-05-19 08:00:00+00:00,0.8,0.8,0.405,0.397,22.7,83,924.2,3.3
SEP_KMG_05,2023-05-19 09:00:00+00:00,0.3,0.3,0.405,0.397,22.9,83,923.4,2.9
SEP_KMG_05,2023-05-19 10:00:00+00:00,0.1,0.1,0.403,0.397,23.7,79,922.9,3.9
SEP_KMG_05,2023-05-19 11:00:00+00:00,0.2,0.2,0.403,0.397,22.3,84,922.7,5.9
SEP_KMG_05,2023-05-19 12:00:00+00:00,0.1,0.1,0.405,0.406,21.1,90,924.5,3.2
SEP_KMG_05,2023-05-19 13:00:00+00:00,0.0,0.0,0.405,0.406,20.4,89,924.0,3.1
SEP_KMG_05,2023-05-19 14:00:00+00:00,0.0,0.0,0.404,0.406,19.0,92,924.2,5.4
SEP_KMG_05,2023-05-19 15:00:00+00:00,0.0,0.0,0.404,0.405,19.1,92,924.9,4.4
SEP_KMG_05,2023-05-19 16:00:00+00:00,0.1,0.1,0.404,0.405,19.2,93,925.5,0.5
SEP_KMG_05,2023-05-19 17:00:00+00:00,0.0,0.0,0.403,0.405,19.0,93,925.2,3.3
SEP_KMG_05,2023-05-19 18:00:00+00:00,0.0,0.0,0.403,0.405,18.4,96,924.7,1.8
SEP_KMG_05,2023-05-19 19:00:00+00:00,0.1,0.1,0.403,0.405,17.8,95,923.5,1.8
SEP_KMG_05,2023-05-19 20:00:00+00:00,0.3,0.3,0.405,0.404,17.5,95,922.8,1.5
SEP_KMG_05,2023-05-19 21:00:00+00:00,0.3,0.3,0.406,0.404,17.6,94,922.6,1.5
SEP_KMG_05,2023-05-19 22:00:00+00:00,0.4,0.4,0.409,0.404,17.7,93,922.6,1.5
SEP_KMG_05,2023-05-19 23:00:00+00:00,1.0,1.0,0.419,0.405,17.4,95,923.1,2.2
SEP_KMG_05,2023-05-20 00:00:00+00:00,0.6,0.6,0.422,0.407,18.3,94,923.3,2.9
SEP_KMG_05,2023-05-20 01:00:00+00:00,6.1,6.1,0.43,0.418,18.9,96,923.8,3.3
SEP_KMG_05,2023-05-20 02:00:00+00:00,1.7,1.7,0.429,0.423,19.8,93,924.7,2.7
SEP_KMG_05,2023-05-20 03:00:00+00:00,2.5,2.5,0.43,0.428,20.1,93,924.8,4.0
SEP_KMG_05,2023-05-20 04:00:00+00:00,1.4,1.4,0.429,0.428,19.9,94,925.3,5.7
SEP_KMG_05,2023-05-20 05:00:00+00:00,0.2,0.2,0.426,0.426,20.8,89,925.2,4.1
SEP_KMG_05,2023-05-20 06:00:00+00:00,0.2,0.2,0.424,0.424,23.8,82,924.8,5.9
SEP_KMG_05,2023-05-20 07:00:00+00:00,0.2,0.2,0.423,0.423,23.5,80,923.9,7.7
SEP_KMG_05,2023-05-20 08:00:00+00:00,0.0,0.0,0.42,0.422,23.7,79,923.3,8.6
SEP_KMG_05,2023-05-20 09:00:00+00:00,0.1,0.1,0.419,0.421,22.8,82,923.1,8.4
SEP_KMG_05,2023-05-20 10:00:00+00:00,0.4,0.4,0.42,0.42,22.1,84,923.0,6.2
SEP_KMG_05,2023-05-20 11:00:00+00:00,0.3,0.3,0.42,0.419,21.8,85,922.8,7.9
SEP_KMG_05,2023-05-20 12:00:00+00:00,0.5,0.5,0.423,0.415,21.6,90,923.5,4.9
SEP_KMG_05,2023-05-20 13:00:00+00:00,0.3,0.3,0.421,0.415,20.5,91,923.0,3.3
SEP_KMG_05,2023-05-20 14:00:00+00:00,0.1,0.1,0.419,0.415,19.6,93,923.3,4.4
SEP_KMG_05,2023-05-20 15:00:00+00:00,1.7,1.7,0.429,0.418,19.3,95,924.2,5.5
SEP_KMG_05,2023-05-20 16:00:00+00:00,0.1,0.1,0.424,0.419,20.2,90,924.5,4.6
SEP_KMG_05,2023-05-20 17:00:00+00:00,0.0,0.0,0.421,0.419,20.5,87,924.7,3.4
SEP_KMG_05,2023-05-20 18:00:00+00:00,0.4,0.4,0.424,0.419,20.1,90,924.8,3.2
SEP_KMG_05,2023-05-20 19:00:00+00:00,0.5,0.5,0.426,0.419,19.0,95,924.3,5.1
SEP_KMG_05,2023-05-20 20:00:00+00:00,0.3,0.3,0.425,0.42,19.3,95,924.0,3.2
SEP_KMG_05,2023-05-20 21:00:00+00:00,0.3,0.3,0.425,0.42,19.6,89,923.9,1.6
SEP_KMG_05,2023-05-20 22:00:00+00:00,1.0,1.0,0.43,0.421,18.4,95,923.8,2.7
SEP_KMG_05,2023-05-20 23:00:00+00:00,1.0,1.0,0.429,0.424,18.8,97,924.7,2.1
SEP_KMG_05,2023-05-21 00:00:00+00:00,0.3,0.3,0.429,0.417,19.4,97,925.8,1.1
SEP_KMG_05,2023-05-21 01:00:00+00:00,0.4,0.4,0.425,0.418,20.0,97,926.7,2.3
SEP_KMG_05,2023-05-21 02:00:00+00:00,0.7,0.7,0.427,0.419,20.3,95,927.7,1.3
SEP_KMG_05,2023-05-21 03:00:00+00:00,1.2,1.2,0.429,0.422,20.8,93,928.3,1.6
SEP_KMG_05,2023-05-21 04:00:00+00:00,0.4,0.4,0.426,0.423,21.8,87,928.4,1.1
SEP_KMG_05,2023-05-21 05:00:00+00:00,0.2,0.2,0.423,0.422,23.4,78,928.0,2.6
SEP_KMG_05,2023-05-21 06:00:00+00:00,0.1,0.1,0.421,0.421,23.6,78,927.6,6.0
SEP_KMG_05,2023-05-21 07:00:00+00:00,0.1,0.1,0.419,0.42,23.3,80,926.7,4.2
SEP_KMG_05,2023-05-21 08:00:00+00:00,0.1,0.1,0.417,0.419,24.7,75,926.1,6.2
SEP_KMG_05,2023-05-21 09:00:00+00:00,0.1,0.1,0.415,0.418,24.6,72,925.5,4.7
SEP_KMG_05,2023-05-21 10:00:00+00:00,0.0,0.0,0.414,0.417,24.3,73,925.3,3.8
SEP_KMG_05,2023-05-21 11:00:00+00:00,0.1,0.1,0.413,0.416,23.1,80,925.9,4.4
SEP_KMG_05,2023-05-21 12:00:00+00:00,0.1,0.1,0.406,0.412,21.3,89,926.3,2.4
SEP_KMG_05,2023-05-21 13:00:00+00:00,0.2,0.2,0.407,0.412,20.0,95,926.7,4.9
SEP_KMG_05,2023-05-21 14:00:00+00:00,4.3,4.3,0.427,0.416,18.8,97,927.8,4.7
SEP_KMG_05,2023-05-21 15:00:00+00:00,0.2,0.2,0.424,0.417,18.6,97,928.2,1.3
SEP_KMG_05,2023-05-21 16:00:00+00:00,0.7,0.7,0.425,0.419,18.7,96,928.5,1.0
SEP_KMG_05,2023-05-21 17:00:00+00:00,0.0,0.0,0.422,0.419,18.7,94,927.8,3.4
SEP_KMG_05,2023-05-21 18:00:00+00:00,0.0,0.0,0.419,0.418,19.3,88,927.4,1.6
SEP_KMG_05,2023-05-21 19:00:00+00:00,0.0,0.0,0.418,0.418,19.1,88,926.6,0.5
SEP_KMG_05,2023-05-21 20:00:00+00:00,0.0,0.0,0.416,0.417,18.3,89,925.8,1.0
SEP_KMG_05,2023-05-21 21:00:00+00:00,0.0,0.0,0.415,0.417,16.8,94,925.1,1.8
SEP_KMG_05,2023-05-21 22:00:00+00:00,0.0,0.0,0.414,0.416,17.5,90,925.6,3.1
SEP_KMG_05,2023-05-21 23:00:00+00:00,0.0,0.0,0.413,0.416,17.5,89,926.0,1.6
SEP_KMG_05,2023-05-22 00:00:00+00:00,0.0,0.0,0.405,0.41,18.7,88,927.8,2.9
SEP_KMG_05,2023-05-22 01:00:00+00:00,0.0,0.0,0.405,0.409,20.1,91,928.1,2.9
SEP_KMG_05,2023-05-22 02:00:00+00:00,0.0,0.0,0.404,0.409,22.0,82,928.7,1.8
SEP_KMG_05,2023-05-22 03:00:00+00:00,0.0,0.0,0.403,0.408,24.1,72,929.2,2.3
SEP_KMG_05,2023-05-22 04:00:00+00:00,0.1,0.1,0.401,0.407,25.4,68,929.0,9.0
SEP_KMG_05,2023-05-22 05:00:00+00:00,0.0,0.0,0.4,0.406,25.3,73,928.7,9.2
SEP_KMG_05,2023-05-22 06:00:00+00:00,0.1,0.1,0.399,0.405,25.0,75,928.4,9.3
SEP_KMG_05,2023-05-22 07:00:00+00:00,0.1,0.1,0.398,0.404,24.3,74,927.8,8.0
SEP_KMG_05,2023-05-22 08:00:00+00:00,0.1,0.1,0.397,0.403,24.6,73,927.4,4.7
SEP_KMG_05,2023-05-22 09:00:00+00:00,0.5,0.5,0.399,0.403,24.3,76,926.5,4.0
SEP_KMG_05,2023-05-22 10:00:00+00:00,0.3,0.3,0.401,0.402,24.0,77,926.1,1.5
SEP_KMG_05,2023-05-22 11:00:00+00:00,0.2,0.2,0.401,0.402,23.7,78,925.9,2.3
SEP_KMG_05,2023-05-22 12:00:00+00:00,0.1,0.1,0.387,0.393,21.6,87,928.0,2.2
SEP_KMG_05,2023-05-22 13:00:00+00:00,0.0,0.0,0.387,0.393,21.3,85,927.7,1.8
SEP_KMG_05,2023-05-22 14:00:00+00:00,0.0,0.0,0.387,0.393,20.8,87,928.0,2.5
SEP_KMG_05,2023-05-22 15:00:00+00:00,0.0,0.0,0.387,0.393,18.7,94,928.0,3.7
SEP_KMG_05,2023-05-22 16:00:00+00:00,0.0,0.0,0.387,0.393,19.6,89,928.3,1.1
SEP_KMG_05,2023-05-22 17:00:00+00:00,0.0,0.0,0.387,0.392,18.4,92,928.4,1.5
SEP_KMG_05,2023-05-22 18:00:00+00:00,0.0,0.0,0.387,0.392,17.3,93,928.0,2.9
SEP_KMG_05,2023-05-22 19:00:00+00:00,0.0,0.0,0.387,0.392,17.2,91,927.2,4.1
SEP_KMG_05,2023-05-22 20:00:00+00:00,0.0,0.0,0.387,0.392,16.7,91,926.7,4.6
SEP_KMG_05,2023-05-22 21:00:00+00:00,0.0,0.0,0.387,0.392,16.6,90,926.5,5.3
SEP_KMG_05,2023-05-22 22:00:00+00:00,0.0,0.0,0.387,0.392,15.9,93,926.2,4.6
SEP_KMG_05,2023-05-22 23:00:00+00:00,0.0,0.0,0.387,0.392,15.8,95,926.2,3.0
SEP_KMG_05,2023-05-23 00:00:00+00:00,0.0,0.0,0.385,0.391,17.0,94,927.7,3.7
SEP_KMG_05,2023-05-23 01:00:00+00:00,0.0,0.0,0.385,0.391,19.2,92,928.8,2.5
SEP_KMG_05,2023-05-23 02:00:00+00:00,0.0,0.0,0.385,0.39,21.2,85,929.8,3.0
SEP_KMG_05,2023-05-23 03:00:00+00:00,0.0,0.0,0.384,0.39,23.4,74,929.9,3.6
SEP_KMG_05,2023-05-23 04:00:00+00:00,0.0,0.0,0.382,0.389,24.8,67,929.3,4.1
SEP_KMG_05,2023-05-23 05:00:00+00:00,0.0,0.0,0.38,0.388,26.4,61,929.0,5.1
SEP_KMG_05,2023-05-23 06:00:00+00:00,0.0,0.0,0.378,0.387,27.5,61,928.5,9.7
SEP_KMG_05,2023-05-23 07:00:00+00:00,0.1,0.1,0.377,0.386,27.2,64,927.5,9.9
SEP_KMG_05,2023-05-23 08:00:00+00:00,0.0,0.0,0.376,0.386,26.7,66,926.6,8.2
SEP_KMG_05,2023-05-23 09:00:00+00:00,0.0,0.0,0.375,0.385,26.8,65,925.5,6.4
SEP_KMG_05,2023-05-23 10:00:00+00:00,0.0,0.0,0.375,0.384,26.7,65,924.8,5.2
SEP_KMG_05,2023-05-23 11:00:00+00:00,0.0,0.0,0.374,0.384,26.1,68,924.3,4.2
SEP_KMG_05,2023-05-23 12:00:00+00:00,0.0,0.0,0.372,0.382,24.6,75,926.2,1.6
SEP_KMG_05,2023-05-23 13:00:00+00:00,0.0,0.0,0.372,0.382,24.1,73,925.9,2.9
SEP_KMG_05,2023-05-23 14:00:00+00:00,0.0,0.0,0.372,0.382,23.8,74,925.9,0.5
SEP_KMG_05,2023-05-23 15:00:00+00:00,0.0,0.0,0.373,0.382,23.3,76,926.9,2.6
SEP_KMG_05,2023-05-23 16:00:00+00:00,0.0,0.0,0.373,0.381,20.8,86,926.1,4.6
SEP_KMG_05,2023-05-23 17:00:00+00:00,0.0,0.0,0.373,0.381,20.4,86,925.9,3.6
SEP_KMG_05,2023-05-23 18:00:00+00:00,0.0,0.0,0.373,0.381,19.9,87,925.5,4.0
SEP_KMG_05,2023-05-23 19:00:00+00:00,0.0,0.0,0.373,0.381,20.7,81,925.4,1.8
SEP_KMG_05,2023-05-23 20:00:00+00:00,0.0,0.0,0.373,0.381,19.3,87,924.6,1.3
SEP_KMG_05,2023-05-23 21:00:00+00:00,0.0,0.0,0.373,0.381,19.7,83,925.0,2.5
SEP_KMG_05,2023-05-23 22:00:00+00:00,0.0,0.0,0.374,0.381,19.6,83,925.2,4.1
SEP_KMG_05,2023-05-23 23:00:00+00:00,0.0,0.0,0.374,0.381,18.6,88,925.0,4.1
SEP_KMG_05,2023-05-24 00:00:00+00:00,0.0,0.0,0.376,0.382,19.9,86,925.4,3.8
SEP_KMG_05,2023-05-24 01:00:00+00:00,0.0,0.0,0.376,0.381,21.1,83,925.9,3.3
SEP_KMG_05,2023-05-24 02:00:00+00:00,0.0,0.0,0.375,0.381,23.7,74,926.6,2.5
SEP_KMG_05,2023-05-24 03:00:00+00:00,0.0,0.0,0.374,0.381,25.3,68,927.1,9.8
SEP_KMG_05,2023-05-24 04:00:00+00:00,0.0,0.0,0.373,0.38,23.4,79,927.4,4.3
SEP_KMG_05,2023-05-24 05:00:00+00:00,0.0,0.0,0.373,0.38,24.4,76,927.0,2.5
SEP_KMG_05,2023-05-24 06:00:00+00:00,0.0,0.0,0.372,0.379,25.7,70,926.1,1.5
SEP_KMG_05,2023-05-24 07:00:00+00:00,0.0,0.0,0.37,0.378,26.3,67,924.8,3.5
SEP_KMG_05,2023-05-24 08:00:00+00:00,0.0,0.0,0.369,0.378,26.4,67,923.3,4.6
SEP_KMG_05,2023-05-24 09:00:00+00:00,0.0,0.0,0.368,0.377,26.3,68,922.7,6.6
SEP_KMG_05,2023-05-24 10:00:00+00:00,0.0,0.0,0.367,0.377,25.4,73,922.5,7.2
SEP_KMG_05,2023-05-24 11:00:00+00:00,0.0,0.0,0.367,0.376,23.8,81,922.7,6.5
SEP_KMG_05,2023-05-24 12:00:00+00:00,0.0,0.0,0.375,0.381,21.8,90,924.4,1.8
SEP_KMG_05,2023-05-24 13:00:00+00:00,0.4,0.4,0.379,0.381,20.8,95,924.3,2.3
SEP_KMG_05,2023-05-24 14:00:00+00:00,0.1,0.1,0.381,0.381,20.0,95,924.5,4.0
SEP_KMG_05,2023-05-24 15:00:00+00:00,0.0,0.0,0.381,0.381,21.1,88,924.9,2.6
SEP_KMG_05,2023-05-24 16:00:00+00:00,0.0,0.0,0.38,0.381,19.3,93,924.6,1.9
SEP_KMG_05,2023-05-24 17:00:00+00:00,0.0,0.0,0.38,0.381,19.1,93,924.5,1.0
SEP_KMG_05,2023-05-24 18:00:00+00:00,0.0,0.0,0.38,0.381,18.6,93,924.0,1.3
SEP_KMG_05,2023-05-24 19:00:00+00:00,0.0,0.0,0.38,0.381,17.4,95,923.4,3.7
SEP_KMG_05,2023-05-24 20:00:00+00:00,0.0,0.0,0.379,0.381,18.4,88,923.4,1.3
SEP_KMG_05,2023-05-24 21:00:00+00:00,0.0,0.0,0.379,0.381,17.1,92,922.8,3.1
SEP_KMG_05,2023-05-24 22:00:00+00:00,0.0,0.0,0.379,0.381,16.7,92,922.7,2.6
SEP_KMG_05,2023-05-24 23:00:00+00:00,0.0,0.0,0.379,0.381,16.3,92,922.9,3.3
SEP_KMG_05,2023-05-25 00:00:00+00:00,0.0,0.0,0.379,0.383,18.3,85,924.5,2.9
SEP_KMG_05,2023-05-25 01:00:00+00:00,0.0,0.0,0.379,0.383,20.4,86,925.6,3.1
SEP_KMG_05,2023-05-25 02:00:00+00:00,0.0,0.0,0.379,0.383,22.2,81,926.2,2.5
SEP_KMG_05,2023-05-25 03:00:00+00:00,0.0,0.0,0.378,0.383,24.1,75,926.4,1.5
SEP_KMG_05,2023-05-25 04:00:00+00:00,0.0,0.0,0.376,0.382,25.9,66,926.2,2.3
SEP_KMG_05,2023-05-25 05:00:00+00:00,0.1,0.1,0.375,0.381,27.1,63,925.6,8.4
SEP_KMG_05,2023-05-25 06:00:00+00:00,0.1,0.1,0.374,0.38,26.3,68,925.1,7.8
SEP_KMG_05,2023-05-25 07:00:00+00:00,0.2,0.2,0.374,0.38,25.9,68,924.1,6.4
SEP_KMG_05,2023-05-25 08:00:00+00:00,0.4,0.4,0.376,0.379,25.8,68,923.4,3.1
SEP_KMG_05,2023-05-25 09:00:00+00:00,0.2,0.2,0.376,0.379,25.3,72,922.6,5.2
SEP_KMG_05,2023-05-25 10:00:00+00:00,0.5,0.5,0.379,0.378,23.8,77,922.5,2.3
SEP_KMG_05,2023-05-25 11:00:00+00:00,0.1,0.1,0.378,0.378,23.8,78,922.1,1.8
SEP_KMG_05,2023-05-25 12:00:00+00:00,0.0,0.0,0.385,0.379,22.8,86,923.4,2.5
SEP_KMG_05,2023-05-25 13:00:00+00:00,3.2,3.2,0.422,0.379,20.2,92,923.7,4.6
SEP_KMG_05,2023-05-25 14:00:00+00:00,0.3,0.3,0.415,0.383,20.0,95,923.9,4.4
SEP_KMG_05,2023-05-25 15:00:00+00:00,0.0,0.0,0.409,0.384,19.9,95,924.4,2.1
SEP_KMG_05,2023-05-25 16:00:00+00:00,0.1,0.1,0.407,0.386,18.6,98,924.7,3.3
SEP_KMG_05,2023-05-25 17:00:00+00:00,0.2,0.2,0.407,0.387,19.3,95,924.8,3.1
SEP_KMG_05,2023-05-25 18:00:00+00:00,0.3,0.3,0.408,0.388,18.5,96,924.2,3.1
SEP_KMG_05,2023-05-25 19:00:00+00:00,0.2,0.2,0.407,0.389,18.8,96,923.7,2.4
SEP_KMG_05,2023-05-25 20:00:00+00:00,0.3,0.3,0.408,0.389,19.3,93,923.6,1.3
SEP_KMG_05,2023-05-25 21:00:00+00:00,0.1,0.1,0.406,0.39,19.0,94,923.3,1.1
SEP_KMG_05,2023-05-25 22:00:00+00:00,0.5,0.5,0.411,0.391,18.7,95,923.5,3.0
SEP_KMG_05,2023-05-25 23:00:00+00:00,2.1,2.1,0.427,0.395,19.4,94,924.3,2.2
SEP_KMG_05,2023-05-26 00:00:00+00:00,3.3,3.3,0.395,0.381,19.1,92,925.7,2.5
SEP_KMG_05,2023-05-26 01:00:00+00:00,2.6,2.6,0.423,0.383,19.4,95,926.0,4.9
SEP_KMG_05,2023-05-26 02:00:00+00:00,1.2,1.2,0.424,0.388,20.3,94,926.8,3.1
SEP_KMG_05,2023-05-26 03:00:00+00:00,1.0,1.0,0.423,0.392,21.1,91,927.7,4.5
SEP_KMG_05,2023-05-26 04:00:00+00:00,0.4,0.4,0.418,0.395,21.5,90,927.8,3.3
SEP_KMG_05,2023-05-26 05:00:00+00:00,0.2,0.2,0.414,0.396,22.5,83,927.4,6.2
SEP_KMG_05,2023-05-26 06:00:00+00:00,0.4,0.4,0.412,0.397,22.4,84,926.8,5.0
SEP_KMG_05,2023-05-26 07:00:00+00:00,0.1,0.1,0.409,0.398,23.6,78,925.5,5.9
SEP_KMG_05,2023-05-26 08:00:00+00:00,0.1,0.1,0.407,0.398,24.3,73,924.5,7.8
SEP_KMG_05,2023-05-26 09:00:00+00:00,0.4,0.4,0.408,0.398,23.6,75,924.2,7.6
SEP_KMG_05,2023-05-26 10:00:00+00:00,0.3,0.3,0.407,0.398,23.6,74,923.9,7.5
SEP_KMG_05,2023-05-26 11:00:00+00:00,0.1,0.1,0.405,0.398,23.1,78,923.6,4.4
SEP_KMG_05,2023-05-26 12:00:00+00:00,0.1,0.1,0.397,0.393,22.3,83,924.1,4.5
SEP_KMG_05,2023-05-26 13:00:00+00:00,0.0,0.0,0.396,0.393,21.6,85,924.4,2.0
SEP_KMG_05,2023-05-26 14:00:00+00:00,0.0,0.0,0.396,0.393,20.4,91,924.7,2.2
SEP_KMG_05,2023-05-26 15:00:00+00:00,0.0,0.0,0.395,0.393,19.4,94,924.8,3.0
SEP_KMG_05,2023-05-26 16:00:00+00:00,0.1,0.1,0.395,0.393,19.2,94,925.1,2.4
SEP_KMG_05,2023-05-26 17:00:00+00:00,0.0,0.0,0.394,0.393,19.4,92,924.9,2.9
SEP_KMG_05,2023-05-26 18:00:00+00:00,0.1,0.1,0.394,0.393,19.1,91,924.4,3.2
SEP_KMG_05,2023-05-26 19:00:00+00:00,0.0,0.0,0.394,0.393,18.9,91,923.7,2.8
SEP_KMG_05,2023-05-26 20:00:00+00:00,0.2,0.2,0.394,0.393,18.7,91,923.0,3.1
SEP_KMG_05,2023-05-26 21:00:00+00:00,1.5,1.5,0.409,0.393,18.7,94,923.3,2.9
SEP_KMG_05,2023-05-26 22:00:00+00:00,2.0,2.0,0.427,0.396,19.1,94,923.6,2.6
SEP_KMG_05,2023-05-26 23:00:00+00:00,1.0,1.0,0.425,0.401,19.3,95,923.9,2.2
SEP_KMG_05,2023-05-27 00:00:00+00:00,0.5,0.5,0.429,0.404,19.8,93,924.0,1.9
SEP_KMG_05,2023-05-27 01:00:00+00:00,2.5,2.5,0.43,0.414,19.9,95,924.7,0.8
SEP_KMG_05,2023-05-27 02:00:00+00:00,0.8,0.8,0.426,0.417,20.3,93,925.7,2.5
SEP_KMG_05,2023-05-27 03:00:00+00:00,0.3,0.3,0.424,0.418,21.0,90,926.4,1.8
SEP_KMG_05,2023-05-27 04:00:00+00:00,0.3,0.3,0.422,0.418,22.8,86,926.7,2.9
SEP_KMG_05,2023-05-27 05:00:00+00:00,0.4,0.4,0.422,0.418,22.7,84,926.5,5.2
SEP_KMG_05,2023-05-27 06:00:00+00:00,0.0,0.0,0.419,0.418,23.5,79,925.9,5.2
SEP_KMG_05,2023-05-27 07:00:00+00:00,0.1,0.1,0.417,0.417,24.5,76,925.2,6.9
SEP_KMG_05,2023-05-27 08:00:00+00:00,0.3,0.3,0.416,0.416,24.8,73,924.8,7.7
SEP_KMG_05,2023-05-27 09:00:00+00:00,0.3,0.3,0.416,0.415,23.8,76,924.3,8.4
SEP_KMG_05,2023-05-27 10:00:00+00:00,0.2,0.2,0.415,0.415,22.8,80,923.9,5.9
SEP_KMG_05,2023-05-27 11:00:00+00:00,0.1,0.1,0.414,0.414,22.8,82,924.3,1.8
SEP_KMG_05,2023-05-27 12:00:00+00:00,0.0,0.0,0.408,0.408,21.7,85,925.1,3.6
SEP_KMG_05,2023-05-27 13:00:00+00:00,0.1,0.1,0.408,0.407,21.2,86,925.3,2.3
SEP_KMG_05,2023-05-27 14:00:00+00:00,0.0,0.0,0.407,0.407,20.4,91,925.6,3.1
SEP_KMG_05,2023-05-27 15:00:00+00:00,0.0,0.0,0.407,0.407,21.2,84,926.2,2.2
SEP_KMG_05,2023-05-27 16:00:00+00:00,0.0,0.0,0.406,0.407,20.8,86,926.2,0.4
SEP_KMG_05,2023-05-27 17:00:00+00:00,0.0,0.0,0.405,0.406,19.8,90,925.8,0.8
SEP_KMG_05,2023-05-27 18:00:00+00:00,0.0,0.0,0.405,0.406,19.0,92,925.2,1.9
SEP_KMG_05,2023-05-27 19:00:00+00:00,0.0,0.0,0.404,0.406,18.8,91,924.8,1.6
SEP_KMG_05,2023-05-27 20:00:00+00:00,0.0,0.0,0.403,0.406,18.2,91,924.3,1.3
SEP_KMG_05,2023-05-27 21:00:00+00:00,0.0,0.0,0.403,0.405,18.4,88,924.5,1.6
SEP_KMG_05,2023-05-27 22:00:00+00:00,0.0,0.0,0.402,0.405,17.4,90,924.4,1.3
SEP_KMG_05,2023-05-27 23:00:00+00:00,0.0,0.0,0.402,0.405,17.3,87,924.8,1.3
SEP_KMG_05,2023-05-28 00:00:00+00:00,0.0,0.0,0.407,0.406,18.8,90,926.2,2.9
SEP_KMG_05,2023-05-28 01:00:00+00:00,0.0,0.0,0.406,0.406,20.2,90,926.9,2.9
SEP_KMG_05,2023-05-28 02:00:00+00:00,0.0,0.0,0.405,0.405,21.6,85,927.8,3.9
SEP_KMG_05,2023-05-28 03:00:00+00:00,0.0,0.0,0.404,0.405,23.2,78,928.3,2.3
SEP_KMG_05,2023-05-28 04:00:00+00:00,0.1,0.1,0.402,0.404,24.5,72,928.3,1.5
SEP_KMG_05,2023-05-28 05:00:00+00:00,0.0,0.0,0.4,0.403,25.9,66,927.9,2.3
SEP_KMG_05,2023-05-28 06:00:00+00:00,0.0,0.0,0.398,0.402,26.8,65,927.2,4.3
SEP_KMG_05,2023-05-28 07:00:00+00:00,0.3,0.3,0.397,0.401,26.5,68,926.6,5.7
SEP_KMG_05,2023-05-28 08:00:00+00:00,0.0,0.0,0.395,0.4,26.2,66,926.2,5.4
SEP_KMG_05,2023-05-28 09:00:00+00:00,0.0,0.0,0.394,0.399,26.2,64,925.6,4.3
SEP_KMG_05,2023-05-28 10:00:00+00:00,0.0,0.0,0.393,0.399,26.1,66,925.3,3.6
SEP_KMG_05,2023-05-28 11:00:00+00:00,0.0,0.0,0.392,0.398,25.6,67,925.2,4.0
SEP_KMG_05,2023-05-28 12:00:00+00:00,0.0,0.0,0.391,0.397,23.1,83,925.9,2.4
SEP_KMG_05,2023-05-28 13:00:00+00:00,0.0,0.0,0.391,0.396,21.5,90,925.6,3.9
SEP_KMG_05,2023-05-28 14:00:00+00:00,0.0,0.0,0.391,0.396,21.1,88,926.4,4.7
SEP_KMG_05,2023-05-28 15:00:00+00:00,0.0,0.0,0.391,0.396,21.8,83,927.2,2.5
SEP_KMG_05,2023-05-28 16:00:00+00:00,0.0,0.0,0.391,0.396,20.6,87,927.4,2.9
SEP_KMG_05,2023-05-28 17:00:00+00:00,0.0,0.0,0.391,0.396,18.7,92,926.9,4.3
SEP_KMG_05,2023-05-28 18:00:00+00:00,0.0,0.0,0.39,0.395,18.1,92,926.7,2.5
SEP_KMG_05,2023-05-28 19:00:00+00:00,0.0,0.0,0.39,0.395,17.0,93,926.0,2.5
SEP_KMG_05,2023-05-28 20:00:00+00:00,0.0,0.0,0.39,0.395,16.1,95,925.3,2.9
SEP_KMG_05,2023-05-28 21:00:00+00:00,0.0,0.0,0.39,0.395,15.4,96,924.9,3.3
SEP_KMG_05,2023-05-28 22:00:00+00:00,0.0,0.0,0.39,0.395,14.9,96,925.0,3.2
SEP_KMG_05,2023-05-28 23:00:00+00:00,0.0,0.0,0.39,0.395,14.8,96,925.3,4.0
SEP_KMG_05,2023-05-29 00:00:00+00:00,0.0,0.0,0.384,0.391,17.0,91,926.7,5.0
SEP_KMG_05,2023-05-29 01:00:00+00:00,0.0,0.0,0.384,0.391,20.5,85,928.0,4.1
SEP_KMG_05,2023-05-29 02:00:00+00:00,0.0,0.0,0.383,0.391,23.2,74,928.9,3.3
SEP_KMG_05,2023-05-29 03:00:00+00:00,0.0,0.0,0.382,0.39,25.5,65,929.1,2.1
SEP_KMG_05,2023-05-29 04:00:00+00:00,0.0,0.0,0.38,0.389,27.8,54,928.9,3.4
SEP_KMG_05,2023-05-29 05:00:00+00:00,0.0,0.0,0.378,0.388,28.9,54,928.6,6.9
SEP_KMG_05,2023-05-29 06:00:00+00:00,0.0,0.0,0.376,0.387,28.9,56,928.2,9.1
SEP_KMG_05,2023-05-29 07:00:00+00:00,0.0,0.0,0.375,0.386,28.4,60,927.4,7.9
SEP_KMG_05,2023-05-29 08:00:00+00:00,0.0,0.0,0.373,0.385,28.9,61,926.7,4.8
SEP_KMG_05,2023-05-29 09:00:00+00:00,0.0,0.0,0.372,0.384,29.0,61,926.1,5.4
SEP_KMG_05,2023-05-29 10:00:00+00:00,0.0,0.0,0.371,0.383,27.6,66,925.9,4.6
SEP_KMG_05,2023-05-29 11:00:00+00:00,0.0,0.0,0.371,0.383,26.6,72,925.4,5.5
SEP_KMG_05,2023-05-29 12:00:00+00:00,0.0,0.0,0.371,0.383,25.8,80,925.9,3.7
SEP_KMG_05,2023-05-29 13:00:00+00:00,0.0,0.0,0.372,0.383,24.6,81,925.6,4.3
SEP_KMG_05,2023-05-29 14:00:00+00:00,0.0,0.0,0.372,0.383,24.1,81,926.4,4.1
SEP_KMG_05,2023-05-29 15:00:00+00:00,0.0,0.0,0.372,0.382,23.0,84,926.8,3.6
SEP_KMG_05,2023-05-29 16:00:00+00:00,0.0,0.0,0.373,0.382,23.4,80,927.5,2.2
SEP_KMG_05,2023-05-29 17:00:00+00:00,0.0,0.0,0.373,0.382,21.5,85,927.2,2.9
SEP_KMG_05,2023-05-29 18:00:00+00:00,0.0,0.0,0.373,0.382,20.6,86,926.6,3.6
SEP_KMG_05,2023-05-29 19:00:00+00:00,0.0,0.0,0.373,0.382,19.7,87,925.9,3.6
SEP_KMG_05,2023-05-29 20:00:00+00:00,0.0,0.0,0.373,0.382,18.6,89,925.3,3.3
SEP_KMG_05,2023-05-29 21:00:00+00:00,0.0,0.0,0.373,0.381,18.4,86,925.2,2.6
SEP_KMG_05,2023-05-29 22:00:00+00:00,0.0,0.0,0.373,0.381,17.9,86,925.4,2.2
SEP_KMG_05,2023-05-29 23:00:00+00:00,0.0,0.0,0.374,0.381,17.6,85,925.6,2.5
SEP_KMG_05,2023-05-30 00:00:00+00:00,0.0,0.0,0.375,0.382,18.6,86,926.4,4.4
SEP_KMG_05,2023-05-30 01:00:00+00:00,0.0,0.0,0.374,0.382,22.5,80,927.9,3.6
SEP_KMG_05,2023-05-30 02:00:00+00:00,0.0,0.0,0.374,0.381,25.1,70,928.7,4.1
SEP_KMG_05,2023-05-30 03:00:00+00:00,0.0,0.0,0.372,0.38,27.1,62,928.9,3.2
SEP_KMG_05,2023-05-30 04:00:00+00:00,0.0,0.0,0.371,0.38,28.8,56,928.5,0.8
SEP_KMG_05,2023-05-30 05:00:00+00:00,0.0,0.0,0.369,0.379,30.4,51,928.1,2.7
SEP_KMG_05,2023-05-30 06:00:00+00:00,0.0,0.0,0.366,0.377,30.9,50,927.3,4.6
SEP_KMG_05,2023-05-30 07:00:00+00:00,0.0,0.0,0.364,0.376,31.0,51,926.5,7.3
SEP_KMG_05,2023-05-30 08:00:00+00:00,0.0,0.0,0.363,0.375,30.8,52,925.7,7.3
SEP_KMG_05,2023-05-30 09:00:00+00:00,0.0,0.0,0.361,0.375,30.2,54,924.9,5.2
SEP_KMG_05,2023-05-30 10:00:00+00:00,0.0,0.0,0.36,0.374,30.0,55,924.1,4.1
SEP_KMG_05,2023-05-30 11:00:00+00:00,0.0,0.0,0.36,0.373,29.4,57,923.8,3.3
SEP_KMG_05,2023-05-30 12:00:00+00:00,0.0,0.0,0.358,0.37,27.2,71,924.6,6.0
SEP_KMG_05,2023-05-30 13:00:00+00:00,0.0,0.0,0.359,0.37,25.7,70,924.7,4.3
SEP_KMG_05,2023-05-30 14:00:00+00:00,0.0,0.0,0.359,0.37,26.1,67,925.6,3.1
SEP_KMG_05,2023-05-30 15:00:00+00:00,0.0,0.0,0.359,0.37,23.2,79,925.3,3.2
SEP_KMG_05,2023-05-30 16:00:00+00:00,0.0,0.0,0.359,0.37,21.2,87,925.2,3.4
SEP_KMG_05,2023-05-30 17:00:00+00:00,0.0,0.0,0.36,0.37,20.3,88,925.1,3.4
SEP_KMG_05,2023-05-30 18:00:00+00:00,0.0,0.0,0.36,0.37,19.9,87,924.9,2.9
SEP_KMG_05,2023-05-30 19:00:00+00:00,0.0,0.0,0.36,0.37,19.2,88,924.2,2.5
SEP_KMG_05,2023-05-30 20:00:00+00:00,0.0,0.0,0.36,0.369,18.1,91,923.8,3.6
SEP_KMG_05,2023-05-30 21:00:00+00:00,0.0,0.0,0.36,0.369,16.5,98,923.2,5.1
SEP_KMG_05,2023-05-30 22:00:00+00:00,0.0,0.0,0.36,0.369,15.7,100,923.1,4.7
SEP_KMG_05,2023-05-30 23:00:00+00:00,0.0,0.0,0.361,0.369,15.5,99,923.4,4.3
SEP_KMG_05,2023-05-31 00:00:00+00:00,0.0,0.0,0.355,0.365,19.5,79,925.2,3.2
SEP_KMG_05,2023-05-31 01:00:00+00:00,0.0,0.0,0.355,0.365,22.7,77,926.5,3.1
SEP_KMG_05,2023-05-31 02:00:00+00:00,0.0,0.0,0.354,0.365,25.3,65,927.2,3.0
SEP_KMG_05,2023-05-31 03:00:00+00:00,0.0,0.0,0.353,0.364,27.5,56,927.4,1.1
SEP_KMG_05,2023-05-31 04:00:00+00:00,0.0,0.0,0.351,0.363,29.3,49,927.1,2.4
SEP_KMG_05,2023-05-31 05:00:00+00:00,0.0,0.0,0.349,0.362,30.6,47,926.4,4.9
SEP_KMG_05,2023-05-31 06:00:00+00:00,0.0,0.0,0.347,0.361,31.4,47,925.5,7.8
SEP_KMG_05,2023-05-31 07:00:00+00:00,0.0,0.0,0.345,0.36,31.2,49,924.2,9.5
SEP_KMG_05,2023-05-31 08:00:00+00:00,0.0,0.0,0.343,0.359,30.9,50,923.4,8.8
SEP_KMG_05,2023-05-31 09:00:00+00:00,0.0,0.0,0.342,0.359,30.5,51,922.7,7.6
SEP_KMG_05,2023-05-31 10:00:00+00:00,0.0,0.0,0.341,0.358,29.6,55,922.3,7.0
SEP_KMG_05,2023-05-31 11:00:00+00:00,0.0,0.0,0.34,0.357,28.7,59,922.0,4.9
SEP_KMG_05,2023-05-31 12:00:00+00:00,0.0,0.0,0.339,0.358,27.4,77,922.5,3.4
SEP_KMG_05,2023-05-31 13:00:00+00:00,0.0,0.0,0.339,0.358,27.5,64,922.7,2.3
SEP_KMG_05,2023-05-31 14:00:00+00:00,0.0,0.0,0.34,0.357,26.8,68,923.2,2.6
SEP_KMG_05,2023-05-31 15:00:00+00:00,0.0,0.0,0.34,0.357,24.3,82,923.4,4.5
SEP_KMG_05,2023-05-31 16:00:00+00:00,0.0,0.0,0.34,0.357,23.9,84,923.7,4.4
SEP_KMG_05,2023-05-31 17:00:00+00:00,0.1,0.1,0.342,0.357,23.0,87,923.9,3.3
SEP_KMG_05,2023-05-31 18:00:00+00:00,0.0,0.0,0.342,0.357,21.9,91,923.2,2.7
SEP_KMG_05,2023-05-31 19:00:00+00:00,0.0,0.0,0.343,0.357,21.6,88,922.5,4.0
SEP_KMG_05,2023-05-31 20:00:00+00:00,0.1,0.1,0.344,0.357,20.7,92,921.8,2.7
SEP_KMG_05,2023-05-31 21:00:00+00:00,0.2,0.2,0.345,0.357,20.7,91,922.0,2.9
SEP_KMG_05,2023-05-31 22:00:00+00:00,0.2,0.2,0.346,0.357,20.4,90,921.8,2.9
SEP_KMG_05,2023-05-31 23:00:00+00:00,0.0,0.0,0.347,0.357,20.1,90,922.1,2.5
SEP_KMG_05,2023-06-01 00:00:00+00:00,0.0,0.0,0.345,0.358,22.0,77,923.7,3.9
SEP_KMG_05,2023-06-01 01:00:00+00:00,0.0,0.0,0.345,0.358,23.9,77,924.3,2.2
SEP_KMG_05,2023-06-01 02:00:00+00:00,0.0,0.0,0.344,0.358,25.7,74,924.8,1.5
SEP_KMG_05,2023-06-01 03:00:00+00:00,0.0,0.0,0.343,0.357,27.6,69,924.8,2.6
SEP_KMG_05,2023-06-01 04:00:00+00:00,0.0,0.0,0.342,0.356,28.8,64,924.5,7.2
SEP_KMG_05,2023-06-01 05:00:00+00:00,0.6,0.6,0.345,0.356,27.3,73,924.1,9.9
SEP_KMG_05,2023-06-01 06:00:00+00:00,0.1,0.1,0.344,0.355,27.6,75,923.7,8.4
SEP_KMG_05,2023-06-01 07:00:00+00:00,0.1,0.1,0.344,0.355,26.7,79,922.4,6.6
SEP_KMG_05,2023-06-01 08:00:00+00:00,0.1,0.1,0.343,0.354,27.1,77,921.3,5.6
SEP_KMG_05,2023-06-01 09:00:00+00:00,2.0,2.0,0.363,0.354,25.9,80,920.9,8.7
SEP_KMG_05,2023-06-01 10:00:00+00:00,2.0,2.0,0.385,0.354,24.2,89,920.5,1.5
SEP_KMG_05,2023-06-01 11:00:00+00:00,0.7,0.7,0.39,0.355,23.8,92,920.4,2.8
SEP_KMG_05,2023-06-01 12:00:00+00:00,0.6,0.6,0.42,0.358,23.8,90,920.7,3.3
SEP_KMG_05,2023-06-01 13:00:00+00:00,0.2,0.2,0.41,0.362,23.2,94,920.7,2.3
SEP_KMG_05,2023-06-01 14:00:00+00:00,0.3,0.3,0.407,0.364,23.3,95,921.7,3.3
SEP_KMG_05,2023-06-01 15:00:00+00:00,0.1,0.1,0.402,0.366,23.5,92,922.1,5.3
SEP_KMG_05,2023-06-01 16:00:00+00:00,0.0,0.0,0.398,0.367,23.3,92,922.0,4.5
SEP_KMG_05,2023-06-01 17:00:00+00:00,0.2,0.2,0.397,0.368,22.9,94,922.0,3.9
SEP_KMG_05,2023-06-01 18:00:00+00:00,0.3,0.3,0.399,0.369,22.7,99,921.7,2.7
SEP_KMG_05,2023-06-01 19:00:00+00:00,0.1,0.1,0.398,0.37,22.6,99,921.1,3.0
SEP_KMG_05,2023-06-01 20:00:00+00:00,0.1,0.1,0.396,0.371,22.8,97,920.6,2.3
SEP_KMG_05,2023-06-01 21:00:00+00:00,0.2,0.2,0.397,0.372,22.8,98,920.4,2.5
SEP_KMG_05,2023-06-01 22:00:00+00:00,0.5,0.5,0.4,0.373,22.6,98,920.4,3.3
SEP_KMG_05,2023-06-01 23:00:00+00:00,0.3,0.3,0.402,0.374,22.3,98,921.0,5.0
SEP_KMG_05,2023-06-02 00:00:00+00:00,0.3,0.3,0.392,0.374,22.9,90,922.5,3.8
SEP_KMG_05,2023-06-02 01:00:00+00:00,0.1,0.1,0.392,0.375,23.6,90,923.0,5.4
SEP_KMG_05,2023-06-02 02:00:00+00:00,0.6,0.6,0.394,0.376,23.7,90,923.6,5.9
SEP_KMG_05,2023-06-02 03:00:00+00:00,0.2,0.2,0.394,0.376,24.1,92,924.0,4.7
SEP_KMG_05,2023-06-02 04:00:00+00:00,0.2,0.2,0.393,0.376,25.6,83,924.3,7.0
SEP_KMG_05,2023-06-02 05:00:00+00:00,0.0,0.0,0.39,0.376,26.3,79,923.9,8.4
SEP_KMG_05,2023-06-02 06:00:00+00:00,0.6,0.6,0.392,0.376,25.0,85,923.5,7.4
SEP_KMG_05,2023-06-02 07:00:00+00:00,0.1,0.1,0.39,0.376,27.1,77,922.6,5.1
SEP_KMG_05,2023-06-02 08:00:00+00:00,0.2,0.2,0.388,0.376,26.9,77,921.7,8.4
SEP_KMG_05,2023-06-02 09:00:00+00:00,0.2,0.2,0.388,0.376,26.8,72,921.1,8.4
SEP_KMG_05,2023-06-02 10:00:00+00:00,0.0,0.0,0.386,0.376,27.1,69,920.8,7.9
SEP_KMG_05,2023-06-02 11:00:00+00:00,0.0,0.0,0.384,0.376,26.6,69,920.6,5.0
SEP_KMG_05,2023-06-02 12:00:00+00:00,0.0,0.0,0.374,0.373,25.7,80,921.0,4.9
SEP_KMG_05,2023-06-02 13:00:00+00:00,0.0,0.0,0.374,0.373,26.1,66,921.9,3.1
SEP_KMG_05,2023-06-02 14:00:00+00:00,0.0,0.0,0.374,0.373,24.8,70,922.6,2.2
SEP_KMG_05,2023-06-02 15:00:00+00:00,1.2,1.2,0.384,0.373,21.8,89,923.6,4.4
SEP_KMG_05,2023-06-02 16:00:00+00:00,0.4,0.4,0.388,0.373,21.4,92,923.8,2.5
SEP_KMG_05,2023-06-02 17:00:00+00:00,0.0,0.0,0.387,0.374,21.4,91,924.0,2.5
SEP_KMG_05,2023-06-02 18:00:00+00:00,0.1,0.1,0.388,0.374,21.1,93,923.6,1.1
SEP_KMG_05,2023-06-02 19:00:00+00:00,0.0,0.0,0.387,0.374,21.0,93,922.8,2.5
SEP_KMG_05,2023-06-02 20:00:00+00:00,0.0,0.0,0.386,0.375,20.8,93,922.2,2.2
SEP_KMG_05,2023-06-02 21:00:00+00:00,0.0,0.0,0.385,0.375,20.3,93,922.2,1.5
SEP_KMG_05,2023-06-02 22:00:00+00:00,0.0,0.0,0.384,0.375,20.0,93,922.3,1.5
SEP_KMG_05,2023-06-02 23:00:00+00:00,0.0,0.0,0.383,0.375,19.8,93,922.6,2.3
SEP_KMG_05,2023-06-03 00:00:00+00:00,0.0,0.0,0.374,0.375,20.8,94,924.4,3.1
SEP_KMG_05,2023-06-03 01:00:00+00:00,0.5,0.5,0.379,0.375,21.5,93,925.2,1.5
SEP_KMG_05,2023-06-03 02:00:00+00:00,0.2,0.2,0.38,0.375,23.2,84,925.7,2.4
SEP_KMG_05,2023-06-03 03:00:00+00:00,0.3,0.3,0.381,0.375,24.9,79,926.1,1.0
SEP_KMG_05,2023-06-03 04:00:00+00:00,0.2,0.2,0.381,0.375,26.4,70,926.2,3.3
SEP_KMG_05,2023-06-03 05:00:00+00:00,0.2,0.2,0.381,0.374,27.4,67,925.9,6.8
SEP_KMG_05,2023-06-03 06:00:00+00:00,0.6,0.6,0.383,0.374,27.0,71,925.3,7.3
SEP_KMG_05,2023-06-03 07:00:00+00:00,0.1,0.1,0.381,0.373,27.5,71,924.4,7.3
SEP_KMG_05,2023-06-03 08:00:00+00:00,0.3,0.3,0.381,0.373,27.5,68,923.5,6.2
SEP_KMG_05,2023-06-03 09:00:00+00:00,0.3,0.3,0.381,0.373,25.4,76,922.8,7.2
SEP_KMG_05,2023-06-03 10:00:00+00:00,0.1,0.1,0.38,0.373,25.8,77,922.4,5.9
SEP_KMG_05,2023-06-03 11:00:00+00:00,0.1,0.1,0.379,0.373,25.4,79,922.4,2.7
SEP_KMG_05,2023-06-03 12:00:00+00:00,0.0,0.0,0.363,0.364,24.8,77,922.9,0.8
SEP_KMG_05,2023-06-03 13:00:00+00:00,0.1,0.1,0.364,0.364,24.3,78,923.0,2.3
SEP_KMG_05,2023-06-03 14:00:00+00:00,0.0,0.0,0.364,0.364,23.3,83,923.4,3.6
SEP_KMG_05,2023-06-03 15:00:00+00:00,0.2,0.2,0.366,0.364,22.6,88,924.1,1.5
SEP_KMG_05,2023-06-03 16:00:00+00:00,0.1,0.1,0.366,0.364,22.2,90,924.9,2.9
SEP_KMG_05,2023-06-03 17:00:00+00:00,0.1,0.1,0.367,0.364,21.6,93,924.9,0.8
SEP_KMG_05,2023-06-03 18:00:00+00:00,0.1,0.1,0.368,0.364,21.1,94,924.3,3.3
SEP_KMG_05,2023-06-03 19:00:00+00:00,0.0,0.0,0.368,0.365,20.8,93,923.8,2.2
SEP_KMG_05,2023-06-03 20:00:00+00:00,0.0,0.0,0.368,0.365,20.9,91,923.5,2.2
SEP_KMG_05,2023-06-03 21:00:00+00:00,0.1,0.1,0.369,0.365,21.0,91,923.8,1.0
SEP_KMG_05,2023-06-03 22:00:00+00:00,0.2,0.2,0.372,0.365,20.0,95,923.6,2.8
SEP_KMG_05,2023-06-03 23:00:00+00:00,0.1,0.1,0.372,0.365,20.2,93,924.0,1.5
SEP_KMG_05,2023-06-04 00:00:00+00:00,0.1,0.1,0.375,0.366,21.0,90,924.7,2.8
SEP_KMG_05,2023-06-04 01:00:00+00:00,0.3,0.3,0.376,0.366,22.3,89,925.6,2.6
SEP_KMG_05,2023-06-04 02:00:00+00:00,1.2,1.2,0.389,0.366,23.7,82,926.3,1.9
SEP_KMG_05,2023-06-04 03:00:00+00:00,0.6,0.6,0.392,0.367,24.6,80,926.5,2.1
SEP_KMG_05,2023-06-04 04:00:00+00:00,0.0,0.0,0.389,0.367,27.0,70,926.2,4.2
SEP_KMG_05,2023-06-04 05:00:00+00:00,0.8,0.8,0.392,0.367,27.2,72,925.8,10.9
SEP_KMG_05,2023-06-04 06:00:00+00:00,1.1,1.1,0.398,0.368,25.8,81,925.4,6.9
SEP_KMG_05,2023-06-04 07:00:00+00:00,0.1,0.1,0.394,0.368,27.3,76,924.6,5.8
SEP_KMG_05,2023-06-04 08:00:00+00:00,0.0,0.0,0.391,0.368,27.5,72,923.5,6.9
SEP_KMG_05,2023-06-04 09:00:00+00:00,0.1,0.1,0.388,0.368,26.7,75,922.5,5.6
SEP_KMG_05,2023-06-04 10:00:00+00:00,0.1,0.1,0.386,0.368,26.4,77,921.6,4.4
SEP_KMG_05,2023-06-04 11:00:00+00:00,0.0,0.0,0.384,0.368,26.4,77,921.6,1.9
SEP_KMG_05,2023-06-04 12:00:00+00:00,0.1,0.1,0.367,0.362,24.6,82,922.5,3.1
SEP_KMG_05,2023-06-04 13:00:00+00:00,0.0,0.0,0.366,0.363,24.2,82,922.8,2.5
SEP_KMG_05,2023-06-04 14:00:00+00:00,0.0,0.0,0.366,0.363,23.5,86,923.3,2.9
SEP_KMG_05,2023-06-04 15:00:00+00:00,0.0,0.0,0.366,0.363,23.2,87,923.8,2.3
SEP_KMG_05,2023-06-04 16:00:00+00:00,0.0,0.0,0.366,0.363,22.6,89,924.3,1.1
SEP_KMG_05,2023-06-04 17:00:00+00:00,0.1,0.1,0.366,0.363,22.4,88,924.6,1.5
SEP_KMG_05,2023-06-04 18:00:00+00:00,0.1,0.1,0.366,0.363,21.4,92,924.1,3.3
SEP_KMG_05,2023-06-04 19:00:00+00:00,0.0,0.0,0.366,0.363,21.7,87,923.9,1.8
SEP_KMG_05,2023-06-04 20:00:00+00:00,0.0,0.0,0.366,0.363,20.5,89,923.2,3.7
SEP_KMG_05,2023-06-04 21:00:00+00:00,0.0,0.0,0.366,0.363,19.7,90,922.6,3.7
SEP_KMG_05,2023-06-04 22:00:00+00:00,0.0,0.0,0.365,0.363,19.3,88,922.3,2.4
SEP_KMG_05,2023-06-04 23:00:00+00:00,0.0,0.0,0.365,0.363,18.4,90,922.2,2.3
SEP_KMG_05,2023-06-05 00:00:00+00:00,0.0,0.0,0.382,0.367,19.9,90,923.8,2.5
SEP_KMG_05,2023-06-05 01:00:00+00:00,0.0,0.0,0.38,0.367,22.9,85,925.0,2.5
SEP_KMG_05,2023-06-05 02:00:00+00:00,0.0,0.0,0.379,0.367,24.9,78,925.4,3.0
SEP_KMG_05,2023-06-05 03:00:00+00:00,0.0,0.0,0.377,0.367,26.8,71,925.4,2.8
SEP_KMG_05,2023-06-05 04:00:00+00:00,0.1,0.1,0.375,0.367,28.3,63,925.0,3.7
SEP_KMG_05,2023-06-05 05:00:00+00:00,0.1,0.1,0.373,0.366,29.2,59,924.7,8.1
SEP_KMG_05,2023-06-05 06:00:00+00:00,0.2,0.2,0.372,0.365,28.9,60,924.4,9.8
SEP_KMG_05,2023-06-05 07:00:00+00:00,0.2,0.2,0.371,0.365,29.1,60,923.7,7.6
SEP_KMG_05,2023-06-05 08:00:00+00:00,0.2,0.2,0.37,0.364,29.4,61,922.5,5.9
SEP_KMG_05,2023-06-05 09:00:00+00:00,0.0,0.0,0.368,0.364,29.5,59,921.7,4.8
SEP_KMG_05,2023-06-05 10:00:00+00:00,0.0,0.0,0.366,0.363,29.3,59,920.9,3.1
SEP_KMG_05,2023-06-05 11:00:00+00:00,0.0,0.0,0.365,0.363,28.8,61,920.7,3.7
SEP_KMG_05,2023-06-05 12:00:00+00:00,0.0,0.0,0.363,0.361,26.7,77,921.6,2.8
SEP_KMG_05,2023-06-05 13:00:00+00:00,0.0,0.0,0.363,0.361,26.0,73,922.2,3.1
SEP_KMG_05,2023-06-05 14:00:00+00:00,0.0,0.0,0.362,0.362,25.6,74,923.3,1.6
SEP_KMG_05,2023-06-05 15:00:00+00:00,0.0,0.0,0.362,0.362,24.8,77,923.7,2.9
SEP_KMG_05,2023-06-05 16:00:00+00:00,0.0,0.0,0.362,0.362,22.4,87,924.0,3.7
SEP_KMG_05,2023-06-05 17:00:00+00:00,0.0,0.0,0.362,0.362,21.5,90,923.9,4.4
SEP_KMG_05,2023-06-05 18:00:00+00:00,0.0,0.0,0.362,0.362,21.2,89,923.3,4.0
SEP_KMG_05,2023-06-05 19:00:00+00:00,0.0,0.0,0.361,0.362,20.5,90,922.7,3.3
SEP_KMG_05,2023-06-05 20:00:00+00:00,0.0,0.0,0.361,0.362,19.8,91,922.1,2.9
SEP_KMG_05,2023-06-05 21:00:00+00:00,0.0,0.0,0.361,0.362,19.4,90,921.9,1.5
SEP_KMG_05,2023-06-05 22:00:00+00:00,0.0,0.0,0.361,0.362,19.0,90,922.0,2.5
SEP_KMG_05,2023-06-05 23:00:00+00:00,0.0,0.0,0.361,0.362,19.0,88,922.3,2.3
SEP_KMG_05,2023-06-06 00:00:00+00:00,0.0,0.0,0.362,0.363,21.2,80,923.6,4.6
SEP_KMG_05,2023-06-06 01:00:00+00:00,0.0,0.0,0.361,0.363,23.3,77,924.2,3.4
SEP_KMG_05,2023-06-06 02:00:00+00:00,0.0,0.0,0.36,0.362,25.3,69,924.5,2.9
SEP_KMG_05,2023-06-06 03:00:00+00:00,0.0,0.0,0.359,0.362,27.0,63,925.0,2.1
SEP_KMG_05,2023-06-06 04:00:00+00:00,0.0,0.0,0.357,0.361,28.6,59,924.9,1.5
SEP_KMG_05,2023-06-06 05:00:00+00:00,0.0,0.0,0.355,0.36,30.0,57,924.4,4.8
SEP_KMG_05,2023-06-06 06:00:00+00:00,0.1,0.1,0.353,0.359,30.5,56,923.7,6.4
SEP_KMG_05,2023-06-06 07:00:00+00:00,0.1,0.1,0.352,0.359,30.0,58,922.4,7.4
SEP_KMG_05,2023-06-06 08:00:00+00:00,0.1,0.1,0.351,0.358,30.3,58,921.5,6.2
SEP_KMG_05,2023-06-06 09:00:00+00:00,0.0,0.0,0.349,0.357,30.2,59,920.6,5.6
SEP_KMG_05,2023-06-06 10:00:00+00:00,0.0,0.0,0.348,0.357,29.3,61,919.9,6.0
SEP_KMG_05,2023-06-06 11:00:00+00:00,0.0,0.0,0.348,0.356,28.5,64,920.2,4.5
SEP_KMG_05,2023-06-06 12:00:00+00:00,0.0,0.0,0.351,0.359,26.4,77,921.0,4.7
SEP_KMG_05,2023-06-06 13:00:00+00:00,0.4,0.4,0.354,0.358,24.5,82,921.6,3.7
SEP_KMG_05,2023-06-06 14:00:00+00:00,0.0,0.0,0.354,0.358,23.7,84,922.4,2.9
SEP_KMG_05,2023-06-06 15:00:00+00:00,0.0,0.0,0.354,0.358,22.4,89,922.7,3.9
SEP_KMG_05,2023-06-06 16:00:00+00:00,0.0,0.0,0.354,0.358,21.5,91,923.0,4.7
SEP_KMG_05,2023-06-06 17:00:00+00:00,0.0,0.0,0.354,0.358,20.9,91,922.8,5.1
SEP_KMG_05,2023-06-06 18:00:00+00:00,0.0,0.0,0.354,0.358,20.5,90,922.3,4.2
SEP_KMG_05,2023-06-06 19:00:00+00:00,0.0,0.0,0.354,0.358,19.6,91,921.7,3.4
SEP_KMG_05,2023-06-06 20:00:00+00:00,0.0,0.0,0.354,0.358,19.3,90,921.3,3.3
SEP_KMG_05,2023-06-06 21:00:00+00:00,0.0,0.0,0.354,0.358,19.0,89,920.9,3.3
SEP_KMG_05,2023-06-06 22:00:00+00:00,0.0,0.0,0.354,0.358,18.6,88,921.0,2.9
SEP_KMG_05,2023-06-06 23:00:00+00:00,0.0,0.0,0.354,0.358,18.2,88,920.9,2.9
SEP_KMG_05,2023-06-07 00:00:00+00:00,0.0,0.0,0.351,0.357,19.3,92,922.2,4.8
SEP_KMG_05,2023-06-07 01:00:00+00:00,0.0,0.0,0.351,0.356,22.5,86,923.5,4.5
SEP_KMG_05,2023-06-07 02:00:00+00:00,0.0,0.0,0.351,0.356,25.0,75,924.3,3.7
SEP_KMG_05,2023-06-07 03:00:00+00:00,0.0,0.0,0.35,0.356,27.2,65,924.5,2.5
SEP_KMG_05,2023-06-07 04:00:00+00:00,0.0,0.0,0.348,0.355,29.3,54,924.6,3.5
SEP_KMG_05,2023-06-07 05:00:00+00:00,0.0,0.0,0.346,0.354,31.3,47,924.3,5.1
SEP_KMG_05,2023-06-07 06:00:00+00:00,0.0,0.0,0.344,0.353,30.8,54,923.3,6.6
SEP_KMG_05,2023-06-07 07:00:00+00:00,0.1,0.1,0.342,0.352,29.3,62,922.4,4.7
SEP_KMG_05,2023-06-07 08:00:00+00:00,0.0,0.0,0.341,0.352,29.5,62,921.2,1.3
SEP_KMG_05,2023-06-07 09:00:00+00:00,0.0,0.0,0.339,0.351,30.5,59,920.2,2.5
SEP_KMG_05,2023-06-07 10:00:00+00:00,0.2,0.2,0.339,0.35,30.7,57,920.0,3.2
SEP_KMG_05,2023-06-07 11:00:00+00:00,0.1,0.1,0.34,0.35,29.0,65,920.1,4.9
SEP_KMG_05,2023-06-07 12:00:00+00:00,0.0,0.0,0.35,0.356,26.6,75,921.6,3.1
SEP_KMG_05,2023-06-07 13:00:00+00:00,5.7,5.7,0.42,0.358,24.0,86,922.0,2.4
SEP_KMG_05,2023-06-07 14:00:00+00:00,0.1,0.1,0.409,0.362,23.9,84,922.5,3.1
SEP_KMG_05,2023-06-07 15:00:00+00:00,0.0,0.0,0.403,0.364,23.5,86,923.1,3.3
SEP_KMG_05,2023-06-07 16:00:00+00:00,0.0,0.0,0.399,0.365,24.4,76,923.6,2.6
SEP_KMG_05,2023-06-07 17:00:00+00:00,0.0,0.0,0.396,0.366,24.1,77,923.6,1.3
SEP_KMG_05,2023-06-07 18:00:00+00:00,0.0,0.0,0.393,0.367,22.4,89,922.8,1.0
SEP_KMG_05,2023-06-07 19:00:00+00:00,0.0,0.0,0.391,0.367,22.2,89,922.0,1.3
SEP_KMG_05,2023-06-07 20:00:00+00:00,0.0,0.0,0.389,0.368,21.2,93,921.2,1.5
SEP_KMG_05,2023-06-07 21:00:00+00:00,0.0,0.0,0.387,0.368,21.2,90,921.0,2.2
SEP_KMG_05,2023-06-07 22:00:00+00:00,0.0,0.0,0.386,0.369,21.1,89,920.7,2.6
SEP_KMG_05,2023-06-07 23:00:00+00:00,0.0,0.0,0.384,0.369,20.6,89,921.1,2.4
SEP_KMG_05,2023-06-08 00:00:00+00:00,0.0,0.0,0.352,0.355,22.2,79,922.3,3.7
SEP_KMG_05,2023-06-08 01:00:00+00:00,0.0,0.0,0.351,0.355,24.9,75,923.8,1.8
SEP_KMG_05,2023-06-08 02:00:00+00:00,0.0,0.0,0.35,0.355,26.9,71,924.8,2.3
SEP_KMG_05,2023-06-08 03:00:00+00:00,0.1,0.1,0.35,0.354,27.7,71,925.0,4.9
SEP_KMG_05,2023-06-08 04:00:00+00:00,0.1,0.1,0.349,0.354,28.4,65,924.6,5.8
SEP_KMG_05,2023-06-08 05:00:00+00:00,0.0,0.0,0.347,0.353,29.3,58,923.9,6.6
SEP_KMG_05,2023-06-08 06:00:00+00:00,0.0,0.0,0.345,0.352,30.9,51,923.1,0.8
SEP_KMG_05,2023-06-08 07:00:00+00:00,0.0,0.0,0.343,0.351,31.3,51,922.0,7.6
SEP_KMG_05,2023-06-08 08:00:00+00:00,0.2,0.2,0.344,0.351,29.6,61,921.1,5.6
SEP_KMG_05,2023-06-08 09:00:00+00:00,0.4,0.4,0.345,0.35,29.0,66,920.4,3.7
SEP_KMG_05,2023-06-08 10:00:00+00:00,0.0,0.0,0.344,0.35,29.0,65,919.8,0.5
SEP_KMG_05,2023-06-08 11:00:00+00:00,0.0,0.0,0.344,0.35,28.4,69,919.6,3.1
SEP_KMG_05,2023-06-08 12:00:00+00:00,0.0,0.0,0.344,0.35,27.6,73,919.9,0.8
SEP_KMG_05,2023-06-08 13:00:00+00:00,2.7,2.7,0.366,0.348,25.3,88,920.7,4.0
SEP_KMG_05,2023-06-08 14:00:00+00:00,0.1,0.1,0.366,0.348,25.0,85,920.8,3.3
SEP_KMG_05,2023-06-08 15:00:00+00:00,0.0,0.0,0.365,0.348,24.4,85,921.2,2.3
SEP_KMG_05,2023-06-08 16:00:00+00:00,0.0,0.0,0.364,0.348,24.0,88,921.7,2.6
SEP_KMG_05,2023-06-08 17:00:00+00:00,0.0,0.0,0.364,0.349,23.5,89,921.8,2.8
SEP_KMG_05,2023-06-08 18:00:00+00:00,0.1,0.1,0.364,0.349,23.2,92,921.1,4.4
SEP_KMG_05,2023-06-08 19:00:00+00:00,0.6,0.6,0.372,0.349,24.1,83,920.7,3.8
SEP_KMG_05,2023-06-08 20:00:00+00:00,0.5,0.5,0.377,0.35,24.1,83,920.4,3.1
SEP_KMG_05,2023-06-08 21:00:00+00:00,0.1,0.1,0.378,0.35,22.5,93,919.9,4.5
SEP_KMG_05,2023-06-08 22:00:00+00:00,0.3,0.3,0.38,0.351,22.8,90,920.0,4.0
SEP_KMG_05,2023-06-08 23:00:00+00:00,0.3,0.3,0.382,0.351,22.7,88,920.1,4.0
SEP_KMG_05,2023-06-09 00:00:00+00:00,0.5,0.5,0.386,0.352,23.4,82,921.0,1.4
SEP_KMG_05,2023-06-09 01:00:00+00:00,0.1,0.1,0.368,0.348,24.1,86,922.1,1.1
SEP_KMG_05,2023-06-09 02:00:00+00:00,0.5,0.5,0.372,0.348,24.1,88,922.5,3.6
SEP_KMG_05,2023-06-09 03:00:00+00:00,0.4,0.4,0.374,0.348,25.3,83,922.8,1.8
SEP_KMG_05,2023-06-09 04:00:00+00:00,0.0,0.0,0.372,0.349,26.3,76,922.9,0.7
SEP_KMG_05,2023-06-09 05:00:00+00:00,0.1,0.1,0.371,0.349,26.9,71,922.5,3.1
SEP_KMG_05,2023-06-09 06:00:00+00:00,0.0,0.0,0.368,0.349,28.8,63,921.5,2.3
SEP_KMG_05,2023-06-09 07:00:00+00:00,0.0,0.0,0.365,0.348,30.5,55,919.6,4.7
SEP_KMG_05,2023-06-09 08:00:00+00:00,0.0,0.0,0.363,0.348,30.3,56,918.7,5.3
SEP_KMG_05,2023-06-09 09:00:00+00:00,0.0,0.0,0.361,0.348,29.3,65,918.5,9.2
SEP_KMG_05,2023-06-09 10:00:00+00:00,0.0,0.0,0.36,0.348,27.3,78,918.5,6.1
SEP_KMG_05,2023-06-09 11:00:00+00:00,0.1,0.1,0.36,0.348,26.2,83,918.3,3.3
SEP_KMG_05,2023-06-09 12:00:00+00:00,0.0,0.0,0.359,0.348,25.7,86,919.1,1.8
SEP_KMG_05,2023-06-09 13:00:00+00:00,0.0,0.0,0.379,0.363,25.4,83,919.8,1.8
SEP_KMG_05,2023-06-09 14:00:00+00:00,0.0,0.0,0.378,0.364,25.1,85,920.7,2.6
SEP_KMG_05,2023-06-09 15:00:00+00:00,0.1,0.1,0.378,0.364,24.6,88,921.0,2.9
SEP_KMG_05,2023-06-09 16:00:00+00:00,0.2,0.2,0.378,0.364,24.1,91,921.3,2.5
SEP_KMG_05,2023-06-09 17:00:00+00:00,0.4,0.4,0.379,0.364,23.9,91,921.2,0.0
SEP_KMG_05,2023-06-09 18:00:00+00:00,0.6,0.6,0.383,0.365,22.6,96,920.4,3.3
SEP_KMG_05,2023-06-09 19:00:00+00:00,0.7,0.7,0.391,0.365,22.2,96,919.4,1.8
SEP_KMG_05,2023-06-09 20:00:00+00:00,4.5,4.5,0.428,0.372,22.4,92,919.1,0.8
SEP_KMG_05,2023-06-09 21:00:00+00:00,3.3,3.3,0.43,0.384,21.9,95,919.1,2.6
SEP_KMG_05,2023-06-09 22:00:00+00:00,2.1,2.1,0.429,0.394,21.4,97,919.0,2.3
SEP_KMG_05,2023-06-09 23:00:00+00:00,1.7,1.7,0.426,0.402,22.0,90,919.2,0.8
SEP_KMG_05,2023-06-10 00:00:00+00:00,0.9,0.9,0.418,0.411,22.0,94,920.4,1.6
SEP_KMG_05,2023-06-10 01:00:00+00:00,0.3,0.3,0.418,0.411,22.3,93,921.2,1.9
SEP_KMG_05,2023-06-10 02:00:00+00:00,1.0,1.0,0.425,0.412,22.3,95,921.1,2.0
SEP_KMG_05,2023-06-10 03:00:00+00:00,0.6,0.6,0.423,0.413,23.5,93,921.9,2.9
SEP_KMG_05,2023-06-10 04:00:00+00:00,1.3,1.3,0.43,0.415,22.6,95,921.6,0.4
SEP_KMG_05,2023-06-10 05:00:00+00:00,1.2,1.2,0.427,0.419,23.4,91,921.5,0.7
SEP_KMG_05,2023-06-10 06:00:00+00:00,0.8,0.8,0.427,0.419,24.0,90,920.5,2.7
SEP_KMG_05,2023-06-10 07:00:00+00:00,0.4,0.4,0.424,0.419,25.1,85,919.2,1.3
SEP_KMG_05,2023-06-10 08:00:00+00:00,0.1,0.1,0.421,0.418,26.5,76,918.8,3.4
SEP_KMG_05,2023-06-10 09:00:00+00:00,0.0,0.0,0.418,0.417,27.1,73,918.0,3.0
SEP_KMG_05,2023-06-10 10:00:00+00:00,0.0,0.0,0.415,0.415,27.7,72,917.5,3.6
SEP_KMG_05,2023-06-10 11:00:00+00:00,1.7,1.7,0.428,0.415,25.1,83,918.1,2.3
SEP_KMG_05,2023-06-10 12:00:00+00:00,0.6,0.6,0.416,0.415,25.6,82,919.2,1.4
SEP_KMG_05,2023-06-10 13:00:00+00:00,5.3,5.3,0.43,0.422,24.3,87,919.7,1.1
SEP_KMG_05,2023-06-10 14:00:00+00:00,5.4,5.4,0.429,0.427,22.6,95,920.7,2.7
SEP_KMG_05,2023-06-10 15:00:00+00:00,0.1,0.1,0.426,0.425,23.3,86,920.7,2.9
SEP_KMG_05,2023-06-10 16:00:00+00:00,0.0,0.0,0.423,0.423,22.9,87,920.8,1.1
SEP_KMG_05,2023-06-10 17:00:00+00:00,0.0,0.0,0.421,0.421,21.2,95,920.5,2.9
SEP_KMG_05,2023-06-10 18:00:00+00:00,0.0,0.0,0.42,0.42,22.4,90,920.1,1.1
SEP_KMG_05,2023-06-10 19:00:00+00:00,2.2,2.2,0.43,0.421,21.0,97,919.5,3.4
SEP_KMG_05,2023-06-10 20:00:00+00:00,1.8,1.8,0.43,0.425,21.0,98,919.1,2.5
SEP_KMG_05,2023-06-10 21:00:00+00:00,2.1,2.1,0.43,0.428,21.0,98,918.9,2.3
SEP_KMG_05,2023-06-10 22:00:00+00:00,1.9,1.9,0.43,0.428,21.5,93,918.8,1.6
SEP_KMG_05,2023-06-10 23:00:00+00:00,2.3,2.3,0.43,0.429,21.0,97,918.9,3.1
SEP_KMG_05,2023-06-11 00:00:00+00:00,2.1,2.1,0.43,0.429,22.0,92,919.1,1.9
SEP_KMG_05,2023-06-11 01:00:00+00:00,2.1,2.1,0.43,0.429,22.1,94,920.1,3.1
SEP_KMG_05,2023-06-11 02:00:00+00:00,2.3,2.3,0.43,0.429,21.9,96,920.1,1.5
SEP_KMG_05,2023-06-11 03:00:00+00:00,3.4,3.4,0.43,0.429,21.9,96,920.5,0.0
SEP_KMG_05,2023-06-11 04:00:00+00:00,5.4,5.4,0.43,0.429,22.5,94,920.7,4.2
SEP_KMG_05,2023-06-11 05:00:00+00:00,4.1,4.1,0.43,0.429,22.4,93,920.3,1.5
SEP_KMG_05,2023-06-11 06:00:00+00:00,2.2,2.2,0.43,0.429,23.6,89,920.2,2.9
SEP_KMG_05,2023-06-11 07:00:00+00:00,0.5,0.5,0.428,0.427,24.3,86,919.6,3.3
SEP_KMG_05,2023-06-11 08:00:00+00:00,0.2,0.2,0.426,0.425,24.4,86,918.2,3.0
SEP_KMG_05,2023-06-11 09:00:00+00:00,0.2,0.2,0.424,0.424,24.5,87,917.7,3.9
SEP_KMG_05,2023-06-11 10:00:00+00:00,0.2,0.2,0.422,0.422,24.5,86,917.5,1.6
SEP_KMG_05,2023-06-11 11:00:00+00:00,0.2,0.2,0.422,0.421,24.1,87,917.9,4.7
SEP_KMG_05,2023-06-11 12:00:00+00:00,0.1,0.1,0.422,0.421,23.5,88,918.8,4.0
SEP_KMG_05,2023-06-11 13:00:00+00:00,0.3,0.3,0.423,0.421,22.8,93,919.4,2.0
SEP_KMG_05,2023-06-11 14:00:00+00:00,0.5,0.5,0.425,0.42,22.8,92,919.8,1.3
SEP_KMG_05,2023-06-11 15:00:00+00:00,0.2,0.2,0.424,0.42,21.9,97,920.3,2.4
SEP_KMG_05,2023-06-11 16:00:00+00:00,0.1,0.1,0.422,0.42,22.0,97,920.9,1.8
SEP_KMG_05,2023-06-11 17:00:00+00:00,0.1,0.1,0.42,0.419,22.3,94,921.1,1.6
SEP_KMG_05,2023-06-11 18:00:00+00:00,0.2,0.2,0.421,0.419,21.5,98,920.2,3.3
SEP_KMG_05,2023-06-11 19:00:00+00:00,0.2,0.2,0.421,0.419,21.5,98,919.6,2.1
SEP_KMG_05,2023-06-11 20:00:00+00:00,0.2,0.2,0.421,0.418,21.8,97,919.2,0.5
SEP_KMG_05,2023-06-11 21:00:00+00:00,0.5,0.5,0.424,0.418,21.5,98,918.9,3.0
SEP_KMG_05,2023-06-11 22:00:00+00:00,0.3,0.3,0.424,0.419,22.1,93,919.0,1.1
SEP_KMG_05,2023-06-11 23:00:00+00:00,0.5,0.5,0.426,0.419,21.9,94,919.3,1.5
SEP_KMG_05,2023-06-12 00:00:00+00:00,1.1,1.1,0.417,0.416,22.3,94,920.3,1.6
SEP_KMG_05,2023-06-12 01:00:00+00:00,0.2,0.2,0.417,0.416,23.0,91,920.6,2.6
SEP_KMG_05,2023-06-12 02:00:00+00:00,0.1,0.1,0.416,0.415,23.8,90,921.3,2.7
SEP_KMG_05,2023-06-12 03:00:00+00:00,0.1,0.1,0.415,0.415,25.1,82,921.5,3.6
SEP_KMG_05,2023-06-12 04:00:00+00:00,0.1,0.1,0.414,0.414,25.2,83,921.5,2.9
SEP_KMG_05,2023-06-12 05:00:00+00:00,0.5,0.5,0.416,0.414,25.9,82,921.0,5.2
SEP_KMG_05,2023-06-12 06:00:00+00:00,0.3,0.3,0.416,0.413,25.8,79,920.2,5.2
SEP_KMG_05,2023-06-12 07:00:00+00:00,0.1,0.1,0.414,0.413,26.5,79,919.5,2.5
SEP_KMG_05,2023-06-12 08:00:00+00:00,0.1,0.1,0.412,0.412,27.3,74,918.8,6.4
SEP_KMG_05,2023-06-12 09:00:00+00:00,0.8,0.8,0.416,0.412,26.1,78,918.1,8.2
SEP_KMG_05,2023-06-12 10:00:00+00:00,0.2,0.2,0.415,0.412,26.3,76,917.9,7.6
SEP_KMG_05,2023-06-12 11:00:00+00:00,0.3,0.3,0.415,0.412,26.1,79,918.1,4.7
SEP_KMG_05,2023-06-12 12:00:00+00:00,0.4,0.4,0.418,0.408,24.8,85,918.9,4.7
SEP_KMG_05,2023-06-12 13:00:00+00:00,0.1,0.1,0.416,0.409,23.8,88,919.0,3.7
SEP_KMG_05,2023-06-12 14:00:00+00:00,0.0,0.0,0.414,0.409,22.6,93,919.6,3.5
SEP_KMG_05,2023-06-12 15:00:00+00:00,0.0,0.0,0.412,0.409,21.5,96,919.8,3.2
SEP_KMG_05,2023-06-12 16:00:00+00:00,0.0,0.0,0.411,0.409,21.3,98,920.2,2.5
SEP_KMG_05,2023-06-12 17:00:00+00:00,0.0,0.0,0.41,0.409,20.7,100,919.9,2.5
SEP_KMG_05,2023-06-12 18:00:00+00:00,0.1,0.1,0.41,0.409,20.3,100,919.6,1.8
SEP_KMG_05,2023-06-12 19:00:00+00:00,0.5,0.5,0.412,0.409,20.5,98,919.1,1.1
SEP_KMG_05,2023-06-12 20:00:00+00:00,0.1,0.1,0.412,0.409,21.1,97,918.6,0.7
SEP_KMG_05,2023-06-12 21:00:00+00:00,0.2,0.2,0.413,0.409,21.4,95,918.5,1.5
SEP_KMG_05,2023-06-12 22:00:00+00:00,0.1,0.1,0.413,0.409,21.5,95,918.3,1.5
SEP_KMG_05,2023-06-12 23:00:00+00:00,0.1,0.1,0.413,0.409,21.4,97,918.5,2.2
SEP_KMG_05,2023-06-13 00:00:00+00:00,0.1,0.1,0.413,0.409,22.6,91,918.6,2.2
SEP_KMG_05,2023-06-13 01:00:00+00:00,1.8,1.8,0.426,0.411,23.2,94,919.4,2.6
SEP_KMG_05,2023-06-13 02:00:00+00:00,1.1,1.1,0.426,0.415,23.8,88,919.9,0.4
SEP_KMG_05,2023-06-13 03:00:00+00:00,0.1,0.1,0.421,0.415,24.6,89,920.2,3.5
SEP_KMG_05,2023-06-13 04:00:00+00:00,0.7,0.7,0.423,0.416,25.9,85,919.8,6.9
SEP_KMG_05,2023-06-13 05:00:00+00:00,0.4,0.4,0.421,0.416,26.5,84,919.4,9.2
SEP_KMG_05,2023-06-13 06:00:00+00:00,0.2,0.2,0.419,0.416,25.9,82,919.1,6.5
SEP_KMG_05,2023-06-13 07:00:00+00:00,0.1,0.1,0.416,0.415,27.4,76,917.9,7.3
SEP_KMG_05,2023-06-13 08:00:00+00:00,0.1,0.1,0.413,0.414,28.1,70,917.1,8.2
SEP_KMG_05,2023-06-13 09:00:00+00:00,0.4,0.4,0.414,0.413,27.7,72,916.1,8.2
SEP_KMG_05,2023-06-13 10:00:00+00:00,0.2,0.2,0.413,0.412,27.3,72,916.0,7.9
SEP_KMG_05,2023-06-13 11:00:00+00:00,0.3,0.3,0.413,0.412,26.8,73,916.0,6.6
SEP_KMG_05,2023-06-13 12:00:00+00:00,0.3,0.3,0.408,0.408,25.5,81,916.7,5.4
SEP_KMG_05,2023-06-13 13:00:00+00:00,0.2,0.2,0.408,0.408,24.0,86,917.2,4.0
SEP_KMG_05,2023-06-13 14:00:00+00:00,1.6,1.6,0.422,0.409,23.0,92,918.2,2.7
SEP_KMG_05,2023-06-13 15:00:00+00:00,0.1,0.1,0.418,0.41,23.2,91,918.1,3.7
SEP_KMG_05,2023-06-13 16:00:00+00:00,0.0,0.0,0.416,0.41,23.1,92,918.4,3.1
SEP_KMG_05,2023-06-13 17:00:00+00:00,0.0,0.0,0.414,0.41,23.1,94,918.6,3.4
SEP_KMG_05,2023-06-13 18:00:00+00:00,0.9,0.9,0.423,0.41,23.1,93,918.2,2.5
SEP_KMG_05,2023-06-13 19:00:00+00:00,0.3,0.3,0.422,0.412,22.8,93,917.9,3.7
SEP_KMG_05,2023-06-13 20:00:00+00:00,0.0,0.0,0.418,0.412,22.5,94,917.4,3.0
SEP_KMG_05,2023-06-13 21:00:00+00:00,0.2,0.2,0.418,0.413,22.5,94,917.0,2.1
SEP_KMG_05,2023-06-13 22:00:00+00:00,0.5,0.5,0.422,0.413,22.6,94,917.2,2.2
SEP_KMG_05,2023-06-13 23:00:00+00:00,0.7,0.7,0.426,0.414,22.3,95,917.7,2.3
SEP_KMG_05,2023-06-14 00:00:00+00:00,1.4,1.4,0.409,0.408,23.1,94,918.4,8.4
SEP_KMG_05,2023-06-14 01:00:00+00:00,0.0,0.0,0.408,0.408,23.6,92,918.8,9.4
SEP_KMG_05,2023-06-14 02:00:00+00:00,0.2,0.2,0.409,0.408,23.9,90,919.1,9.1
SEP_KMG_05,2023-06-14 03:00:00+00:00,0.3,0.3,0.409,0.408,24.3,88,919.9,7.9
SEP_KMG_05,2023-06-14 04:00:00+00:00,0.1,0.1,0.409,0.408,24.7,88,919.9,5.4
SEP_KMG_05,2023-06-14 05:00:00+00:00,0.2,0.2,0.409,0.407,26.0,81,919.6,6.2
SEP_KMG_05,2023-06-14 06:00:00+00:00,0.5,0.5,0.411,0.407,26.1,79,919.0,5.8
SEP_KMG_05,2023-06-14 07:00:00+00:00,0.4,0.4,0.412,0.407,25.2,83,918.5,6.6
SEP_KMG_05,2023-06-14 08:00:00+00:00,1.3,1.3,0.421,0.408,24.8,84,917.9,3.3
SEP_KMG_05,2023-06-14 09:00:00+00:00,0.9,0.9,0.425,0.41,23.9,90,916.8,4.5
SEP_KMG_05,2023-06-14 10:00:00+00:00,12.2,12.2,0.43,0.424,23.3,95,916.9,4.3
SEP_KMG_05,2023-06-14 11:00:00+00:00,6.5,6.5,0.428,0.428,23.0,95,916.8,2.6
SEP_KMG_05,2023-06-14 12:00:00+00:00,0.0,0.0,0.424,0.42,23.4,96,917.8,3.1
SEP_KMG_05,2023-06-14 13:00:00+00:00,0.8,0.8,0.427,0.421,23.1,98,918.4,1.6
SEP_KMG_05,2023-06-14 14:00:00+00:00,1.0,1.0,0.429,0.423,22.9,96,919.0,2.3
SEP_KMG_05,2023-06-14 15:00:00+00:00,0.5,0.5,0.427,0.425,22.7,97,919.2,1.4
SEP_KMG_05,2023-06-14 16:00:00+00:00,0.0,0.0,0.424,0.424,22.8,94,919.5,2.5
SEP_KMG_05,2023-06-14 17:00:00+00:00,0.0,0.0,0.422,0.423,22.6,94,919.5,4.0
SEP_KMG_05,2023-06-14 18:00:00+00:00,0.0,0.0,0.42,0.422,22.3,95,918.8,3.1
SEP_KMG_05,2023-06-14 19:00:00+00:00,0.0,0.0,0.419,0.421,22.0,95,918.1,2.9
SEP_KMG_05,2023-06-14 20:00:00+00:00,0.0,0.0,0.418,0.421,22.3,93,917.1,2.1
SEP_KMG_05,2023-06-14 21:00:00+00:00,4.5,4.5,0.43,0.424,21.8,96,916.6,2.1
SEP_KMG_05,2023-06-14 22:00:00+00:00,2.7,2.7,0.43,0.428,21.9,97,917.5,1.8
SEP_KMG_05,2023-06-14 23:00:00+00:00,3.8,3.8,0.43,0.43,21.5,97,917.6,2.5
SEP_KMG_05,2023-06-15 00:00:00+00:00,11.5,11.5,0.43,0.43,21.9,95,919.6,1.3
SEP_KMG_05,2023-06-15 01:00:00+00:00,2.1,2.1,0.43,0.43,22.2,94,919.6,3.3
SEP_KMG_05,2023-06-15 02:00:00+00:00,0.8,0.8,0.429,0.429,22.4,94,920.1,3.0
SEP_KMG_05,2023-06-15 03:00:00+00:00,0.9,0.9,0.429,0.429,22.9,92,920.7,5.2
SEP_KMG_05,2023-06-15 04:00:00+00:00,0.8,0.8,0.429,0.428,23.3,90,920.6,5.5
SEP_KMG_05,2023-06-15 05:00:00+00:00,0.4,0.4,0.428,0.427,23.7,89,920.5,4.7
SEP_KMG_05,2023-06-15 06:00:00+00:00,0.2,0.2,0.426,0.426,24.4,86,920.4,6.9
SEP_KMG_05,2023-06-15 07:00:00+00:00,0.3,0.3,0.425,0.425,25.8,78,919.6,6.1
SEP_KMG_05,2023-06-15 08:00:00+00:00,1.1,1.1,0.43,0.425,25.1,83,918.4,3.5
SEP_KMG_05,2023-06-15 09:00:00+00:00,2.2,2.2,0.43,0.429,24.2,88,917.9,2.4
SEP_KMG_05,2023-06-15 10:00:00+00:00,2.3,2.3,0.43,0.43,24.0,91,916.3,4.7
SEP_KMG_05,2023-06-15 11:00:00+00:00,12.4,12.4,0.43,0.43,23.4,95,914.8,8.2
SEP_KMG_05,2023-06-15 12:00:00+00:00,31.5,31.5,0.431,0.43,21.6,96,919.2,1.3
SEP_KMG_05,2023-06-15 13:00:00+00:00,4.4,4.4,0.43,0.43,21.4,97,919.4,3.8
SEP_KMG_05,2023-06-15 14:00:00+00:00,5.8,5.8,0.43,0.43,21.2,98,920.0,3.1
SEP_KMG_05,2023-06-15 15:00:00+00:00,1.5,1.5,0.429,0.429,21.1,98,920.6,1.8
SEP_KMG_05,2023-06-15 16:00:00+00:00,2.0,2.0,0.43,0.43,21.2,98,920.7,0.8
SEP_KMG_05,2023-06-15 17:00:00+00:00,1.1,1.1,0.43,0.43,21.6,94,920.3,1.1
SEP_KMG_05,2023-06-15 18:00:00+00:00,7.0,7.0,0.43,0.43,21.1,97,919.5,1.8
SEP_KMG_05,2023-06-15 19:00:00+00:00,6.8,6.8,0.43,0.43,21.0,98,918.8,1.8
SEP_KMG_05,2023-06-15 20:00:00+00:00,0.6,0.6,0.429,0.429,21.1,97,918.5,1.8
SEP_KMG_05,2023-06-15 21:00:00+00:00,0.3,0.3,0.427,0.429,21.6,91,918.0,1.9
SEP_KMG_05,2023-06-15 22:00:00+00:00,1.4,1.4,0.43,0.43,21.6,91,917.6,0.8
SEP_KMG_05,2023-06-15 23:00:00+00:00,5.2,5.2,0.43,0.43,21.3,92,918.0,1.3
SEP_KMG_05,2023-06-16 00:00:00+00:00,6.5,6.5,0.43,0.43,20.7,94,919.7,5.1
SEP_KMG_05,2023-06-16 01:00:00+00:00,2.7,2.7,0.43,0.43,20.8,94,920.6,1.0
SEP_KMG_05,2023-06-16 02:00:00+00:00,1.9,1.9,0.43,0.43,20.9,92,920.8,1.1
SEP_KMG_05,2023-06-16 03:00:00+00:00,9.2,9.2,0.43,0.43,21.0,94,921.2,2.0
SEP_KMG_05,2023-06-16 04:00:00+00:00,10.8,10.8,0.43,0.43,21.4,94,921.5,2.5
SEP_KMG_05,2023-06-16 05:00:00+00:00,2.3,2.3,0.43,0.43,22.0,92,921.6,2.0
SEP_KMG_05,2023-06-16 06:00:00+00:00,0.7,0.7,0.427,0.429,22.4,92,920.8,1.1
SEP_KMG_05,2023-06-16 07:00:00+00:00,0.5,0.5,0.428,0.429,23.6,86,919.7,1.5
SEP_KMG_05,2023-06-16 08:00:00+00:00,0.3,0.3,0.427,0.428,24.4,83,919.1,5.0
SEP_KMG_05,2023-06-16 09:00:00+00:00,0.1,0.1,0.425,0.428,25.0,83,918.7,4.7
SEP_KMG_05,2023-06-16 10:00:00+00:00,0.1,0.1,0.423,0.427,24.8,82,918.2,3.1
SEP_KMG_05,2023-06-16 11:00:00+00:00,0.2,0.2,0.423,0.426,24.6,81,918.2,4.4
SEP_KMG_05,2023-06-16 12:00:00+00:00,0.1,0.1,0.425,0.427,22.3,93,919.2,3.0
SEP_KMG_05,2023-06-16 13:00:00+00:00,0.5,0.5,0.428,0.427,22.0,96,919.8,2.2
SEP_KMG_05,2023-06-16 14:00:00+00:00,0.6,0.6,0.428,0.428,21.9,96,920.6,1.5
SEP_KMG_05,2023-06-16 15:00:00+00:00,1.1,1.1,0.43,0.43,21.8,96,921.2,1.4
SEP_KMG_05,2023-06-16 16:00:00+00:00,0.9,0.9,0.428,0.429,21.7,96,921.5,1.8
SEP_KMG_05,2023-06-16 17:00:00+00:00,0.7,0.7,0.43,0.43,21.4,97,921.3,3.2
SEP_KMG_05,2023-06-16 18:00:00+00:00,0.8,0.8,0.429,0.429,21.2,98,920.4,1.8
SEP_KMG_05,2023-06-16 19:00:00+00:00,1.0,1.0,0.43,0.43,21.1,99,919.9,1.1
SEP_KMG_05,2023-06-16 20:00:00+00:00,2.1,2.1,0.43,0.43,21.0,98,919.6,1.6
SEP_KMG_05,2023-06-16 21:00:00+00:00,0.2,0.2,0.426,0.429,21.2,96,919.4,0.8
SEP_KMG_05,2023-06-16 22:00:00+00:00,1.4,1.4,0.43,0.428,20.2,98,919.2,4.0
SEP_KMG_05,2023-06-16 23:00:00+00:00,7.2,7.2,0.43,0.43,20.4,98,919.8,3.1
SEP_KMG_05,2023-06-17 00:00:00+00:00,2.2,2.2,0.424,0.427,21.4,91,921.4,1.1
SEP_KMG_05,2023-06-17 01:00:00+00:00,3.1,3.1,0.43,0.43,21.9,93,922.0,2.7
SEP_KMG_05,2023-06-17 02:00:00+00:00,3.8,3.8,0.43,0.43,21.5,94,922.4,1.6
SEP_KMG_05,2023-06-17 03:00:00+00:00,1.2,1.2,0.427,0.43,21.9,93,923.1,2.0
SEP_KMG_05,2023-06-17 04:00:00+00:00,0.1,0.1,0.426,0.429,24.0,82,923.3,3.1
SEP_KMG_05,2023-06-17 05:00:00+00:00,0.2,0.2,0.424,0.428,25.7,74,923.1,5.2
SEP_KMG_05,2023-06-17 06:00:00+00:00,0.4,0.4,0.425,0.427,24.8,79,922.6,8.8
SEP_KMG_05,2023-06-17 07:00:00+00:00,0.1,0.1,0.423,0.426,24.5,81,921.8,7.6
SEP_KMG_05,2023-06-17 08:00:00+00:00,0.1,0.1,0.421,0.425,25.6,76,921.1,7.2
SEP_KMG_05,2023-06-17 09:00:00+00:00,0.2,0.2,0.421,0.424,26.3,71,920.6,6.4
SEP_KMG_05,2023-06-17 10:00:00+00:00,0.0,0.0,0.419,0.423,26.6,69,920.0,5.4
SEP_KMG_05,2023-06-17 11:00:00+00:00,0.0,0.0,0.418,0.422,25.7,73,919.9,5.0
SEP_KMG_05,2023-06-17 12:00:00+00:00,0.0,0.0,0.42,0.425,23.5,80,921.4,2.1
SEP_KMG_05,2023-06-17 13:00:00+00:00,0.0,0.0,0.419,0.424,23.1,81,922.1,1.9
SEP_KMG_05,2023-06-17 14:00:00+00:00,0.0,0.0,0.419,0.423,21.7,91,922.4,2.7
SEP_KMG_05,2023-06-17 15:00:00+00:00,0.0,0.0,0.418,0.423,21.3,91,923.1,3.0
SEP_KMG_05,2023-06-17 16:00:00+00:00,0.0,0.0,0.417,0.422,20.5,94,923.3,3.8
SEP_KMG_05,2023-06-17 17:00:00+00:00,0.0,0.0,0.417,0.422,20.6,94,923.4,3.0
SEP_KMG_05,2023-06-17 18:00:00+00:00,0.0,0.0,0.416,0.421,20.5,96,923.2,2.2
SEP_KMG_05,2023-06-17 19:00:00+00:00,0.0,0.0,0.416,0.42,19.7,99,922.5,1.5
SEP_KMG_05,2023-06-17 20:00:00+00:00,0.0,0.0,0.415,0.42,19.4,98,922.0,2.2
SEP_KMG_05,2023-06-17 21:00:00+00:00,0.0,0.0,0.415,0.419,19.6,98,921.9,1.8
SEP_KMG_05,2023-06-17 22:00:00+00:00,0.0,0.0,0.414,0.419,19.6,97,921.6,2.5
SEP_KMG_05,2023-06-17 23:00:00+00:00,0.0,0.0,0.414,0.419,19.2,98,922.0,0.8
SEP_KMG_05,2023-06-18 00:00:00+00:00,0.0,0.0,0.413,0.418,20.3,97,923.9,2.3
SEP_KMG_05,2023-06-18 01:00:00+00:00,0.0,0.0,0.412,0.418,21.8,91,924.4,3.1
SEP_KMG_05,2023-06-18 02:00:00+00:00,0.0,0.0,0.412,0.417,23.0,85,925.0,2.5
SEP_KMG_05,2023-06-18 03:00:00+00:00,0.3,0.3,0.413,0.416,23.4,84,925.5,2.9
SEP_KMG_05,2023-06-18 04:00:00+00:00,1.1,1.1,0.42,0.416,23.3,85,925.1,0.5
SEP_KMG_05,2023-06-18 05:00:00+00:00,0.8,0.8,0.423,0.417,24.4,83,924.5,2.9
SEP_KMG_05,2023-06-18 06:00:00+00:00,0.4,0.4,0.422,0.418,24.1,86,923.9,3.6
SEP_KMG_05,2023-06-18 07:00:00+00:00,0.3,0.3,0.421,0.418,24.3,84,922.9,4.1
SEP_KMG_05,2023-06-18 08:00:00+00:00,0.3,0.3,0.42,0.418,25.2,79,921.5,2.3
SEP_KMG_05,2023-06-18 09:00:00+00:00,0.1,0.1,0.418,0.418,26.9,71,920.6,2.2
SEP_KMG_05,2023-06-18 10:00:00+00:00,0.0,0.0,0.416,0.417,27.6,67,920.2,5.6
SEP_KMG_05,2023-06-18 11:00:00+00:00,0.0,0.0,0.414,0.417,26.5,72,920.2,7.9
SEP_KMG_05,2023-06-18 12:00:00+00:00,0.0,0.0,0.419,0.424,24.9,78,921.7,6.0
SEP_KMG_05,2023-06-18 13:00:00+00:00,0.0,0.0,0.418,0.423,23.5,87,922.5,3.2
SEP_KMG_05,2023-06-18 14:00:00+00:00,0.0,0.0,0.418,0.423,22.8,91,923.1,2.9
SEP_KMG_05,2023-06-18 15:00:00+00:00,0.0,0.0,0.417,0.422,22.2,93,923.6,3.3
SEP_KMG_05,2023-06-18 16:00:00+00:00,0.0,0.0,0.417,0.422,22.9,90,923.9,1.0
SEP_KMG_05,2023-06-18 17:00:00+00:00,0.0,0.0,0.416,0.421,21.6,95,923.3,2.5
SEP_KMG_05,2023-06-18 18:00:00+00:00,0.0,0.0,0.416,0.421,22.5,91,922.7,1.3
SEP_KMG_05,2023-06-18 19:00:00+00:00,0.0,0.0,0.415,0.42,21.9,93,921.9,1.8
SEP_KMG_05,2023-06-18 20:00:00+00:00,0.0,0.0,0.415,0.42,21.5,95,921.4,1.1
SEP_KMG_05,2023-06-18 21:00:00+00:00,0.0,0.0,0.414,0.419,21.3,95,921.3,1.3
SEP_KMG_05,2023-06-18 22:00:00+00:00,0.0,0.0,0.414,0.419,21.2,94,921.4,1.1
SEP_KMG_05,2023-06-18 23:00:00+00:00,0.0,0.0,0.413,0.418,21.1,92,921.6,0.5
SEP_KMG_05,2023-06-19 00:00:00+00:00,0.0,0.0,0.413,0.418,21.7,89,922.6,2.5
SEP_KMG_05,2023-06-19 01:00:00+00:00,0.0,0.0,0.412,0.417,23.5,86,923.2,1.1
SEP_KMG_05,2023-06-19 02:00:00+00:00,0.0,0.0,0.411,0.416,25.2,79,923.8,4.1
SEP_KMG_05,2023-06-19 03:00:00+00:00,0.0,0.0,0.41,0.416,26.5,72,924.1,5.2
SEP_KMG_05,2023-06-19 04:00:00+00:00,0.1,0.1,0.408,0.415,27.6,67,923.8,5.1
SEP_KMG_05,2023-06-19 05:00:00+00:00,0.3,0.3,0.409,0.414,26.8,69,923.6,9.0
SEP_KMG_05,2023-06-19 06:00:00+00:00,0.2,0.2,0.41,0.413,25.5,78,922.9,9.1
SEP_KMG_05,2023-06-19 07:00:00+00:00,0.1,0.1,0.409,0.413,25.7,77,921.6,3.6
SEP_KMG_05,2023-06-19 08:00:00+00:00,0.1,0.1,0.408,0.412,26.7,71,920.9,6.4
SEP_KMG_05,2023-06-19 09:00:00+00:00,0.3,0.3,0.409,0.412,25.3,80,920.5,6.9
SEP_KMG_05,2023-06-19 10:00:00+00:00,0.2,0.2,0.41,0.412,24.6,83,919.9,4.7
SEP_KMG_05,2023-06-19 11:00:00+00:00,0.2,0.2,0.41,0.411,24.3,84,919.7,2.5
SEP_KMG_05,2023-06-19 12:00:00+00:00,0.1,0.1,0.425,0.413,23.2,92,921.3,2.3
SEP_KMG_05,2023-06-19 13:00:00+00:00,1.9,1.9,0.427,0.417,22.7,94,921.5,2.0
SEP_KMG_05,2023-06-19 14:00:00+00:00,0.5,0.5,0.427,0.419,22.1,95,922.0,3.2
SEP_KMG_05,2023-06-19 15:00:00+00:00,0.3,0.3,0.425,0.421,21.7,96,922.3,3.2
SEP_KMG_05,2023-06-19 16:00:00+00:00,0.5,0.5,0.428,0.422,21.8,97,922.5,2.3
SEP_KMG_05,2023-06-19 17:00:00+00:00,0.9,0.9,0.429,0.424,21.8,98,922.6,2.1
SEP_KMG_05,2023-06-19 18:00:00+00:00,0.9,0.9,0.43,0.427,21.7,98,922.0,1.3
SEP_KMG_05,2023-06-19 19:00:00+00:00,1.1,1.1,0.43,0.43,21.7,98,921.4,1.5
SEP_KMG_05,2023-06-19 20:00:00+00:00,1.4,1.4,0.43,0.429,21.5,98,921.0,1.5
SEP_KMG_05,2023-06-19 21:00:00+00:00,0.7,0.7,0.429,0.429,21.6,97,920.8,1.8
SEP_KMG_05,2023-06-19 22:00:00+00:00,0.3,0.3,0.429,0.429,21.6,97,920.7,1.5
SEP_KMG_05,2023-06-19 23:00:00+00:00,0.2,0.2,0.428,0.428,21.7,96,920.9,1.8
SEP_KMG_05,2023-06-20 00:00:00+00:00,0.1,0.1,0.425,0.427,22.1,96,921.7,2.5
SEP_KMG_05,2023-06-20 01:00:00+00:00,0.5,0.5,0.428,0.426,22.4,97,922.1,2.8
SEP_KMG_05,2023-06-20 02:00:00+00:00,0.5,0.5,0.429,0.427,22.8,95,922.5,2.1
SEP_KMG_05,2023-06-20 03:00:00+00:00,0.5,0.5,0.428,0.427,23.6,89,923.0,4.4
SEP_KMG_05,2023-06-20 04:00:00+00:00,0.2,0.2,0.426,0.427,24.6,87,923.0,4.8
SEP_KMG_05,2023-06-20 05:00:00+00:00,0.1,0.1,0.424,0.426,26.0,79,922.6,7.8
SEP_KMG_05,2023-06-20 06:00:00+00:00,0.1,0.1,0.422,0.425,25.5,81,921.7,9.8
SEP_KMG_05,2023-06-20 07:00:00+00:00,0.4,0.4,0.423,0.424,25.8,82,920.6,9.4
SEP_KMG_05,2023-06-20 08:00:00+00:00,0.1,0.1,0.421,0.424,25.7,80,920.1,11.2
SEP_KMG_05,2023-06-20 09:00:00+00:00,0.0,0.0,0.419,0.423,25.1,81,919.6,9.0
SEP_KMG_05,2023-06-20 10:00:00+00:00,0.1,0.1,0.419,0.422,25.0,82,919.1,7.6
SEP_KMG_05,2023-06-20 11:00:00+00:00,0.4,0.4,0.42,0.422,24.7,84,919.3,5.4
SEP_KMG_05,2023-06-20 12:00:00+00:00,0.3,0.3,0.427,0.424,23.5,89,921.2,5.2
SEP_KMG_05,2023-06-20 13:00:00+00:00,1.6,1.6,0.43,0.428,22.9,93,921.7,5.1
SEP_KMG_05,2023-06-20 14:00:00+00:00,0.6,0.6,0.429,0.429,22.7,94,922.7,3.2
SEP_KMG_05,2023-06-20 15:00:00+00:00,0.2,0.2,0.427,0.428,22.6,95,923.0,4.1
SEP_KMG_05,2023-06-20 16:00:00+00:00,0.5,0.5,0.43,0.428,22.7,94,923.0,3.1
SEP_KMG_05,2023-06-20 17:00:00+00:00,0.8,0.8,0.43,0.429,22.5,95,922.6,2.5
SEP_KMG_05,2023-06-20 18:00:00+00:00,8.4,8.4,0.43,0.43,22.3,94,922.0,3.4
SEP_KMG_05,2023-06-20 19:00:00+00:00,6.5,6.5,0.43,0.43,23.0,88,921.0,1.5
SEP_KMG_05,2023-06-20 20:00:00+00:00,2.6,2.6,0.43,0.43,22.2,94,920.5,2.9
SEP_KMG_05,2023-06-20 21:00:00+00:00,7.5,7.5,0.43,0.43,22.0,97,920.9,4.1
SEP_KMG_05,2023-06-20 22:00:00+00:00,7.5,7.5,0.43,0.43,21.6,99,920.9,2.2
SEP_KMG_05,2023-06-20 23:00:00+00:00,1.4,1.4,0.428,0.43,21.5,99,920.9,0.8
SEP_KMG_05,2023-06-21 00:00:00+00:00,0.1,0.1,0.429,0.429,22.3,97,922.2,3.4
SEP_KMG_05,2023-06-21 01:00:00+00:00,1.7,1.7,0.427,0.429,22.6,95,922.6,5.6
SEP_KMG_05,2023-06-21 02:00:00+00:00,0.0,0.0,0.425,0.428,23.6,89,923.0,6.7
SEP_KMG_05,2023-06-21 03:00:00+00:00,0.4,0.4,0.426,0.428,23.7,89,923.4,7.1
SEP_KMG_05,2023-06-21 04:00:00+00:00,2.4,2.4,0.43,0.43,23.9,90,923.5,5.9
SEP_KMG_05,2023-06-21 05:00:00+00:00,1.2,1.2,0.426,0.43,23.4,92,923.1,7.3
SEP_KMG_05,2023-06-21 06:00:00+00:00,0.1,0.1,0.425,0.428,24.0,89,923.1,8.3
SEP_KMG_05,2023-06-21 07:00:00+00:00,0.2,0.2,0.425,0.428,25.2,81,922.3,8.7
SEP_KMG_05,2023-06-21 08:00:00+00:00,0.2,0.2,0.424,0.427,25.9,78,921.3,8.8
SEP_KMG_05,2023-06-21 09:00:00+00:00,0.1,0.1,0.422,0.426,26.5,75,920.8,10.5
SEP_KMG_05,2023-06-21 10:00:00+00:00,0.1,0.1,0.421,0.425,26.2,77,920.3,9.8
SEP_KMG_05,2023-06-21 11:00:00+00:00,0.1,0.1,0.42,0.424,25.4,80,920.6,8.6
SEP_KMG_05,2023-06-21 12:00:00+00:00,0.1,0.1,0.42,0.424,24.7,84,921.6,7.1
SEP_KMG_05,2023-06-21 13:00:00+00:00,0.3,0.3,0.421,0.423,23.9,86,922.3,6.3
SEP_KMG_05,2023-06-21 14:00:00+00:00,0.1,0.1,0.421,0.423,23.5,89,922.8,5.0
SEP_KMG_05,2023-06-21 15:00:00+00:00,0.2,0.2,0.421,0.423,23.2,92,923.3,4.1
SEP_KMG_05,2023-06-21 16:00:00+00:00,0.3,0.3,0.422,0.422,23.2,93,923.7,3.6
SEP_KMG_05,2023-06-21 17:00:00+00:00,0.6,0.6,0.426,0.423,22.8,96,923.7,2.6
SEP_KMG_05,2023-06-21 18:00:00+00:00,0.7,0.7,0.429,0.424,22.5,97,923.2,1.8
SEP_KMG_05,2023-06-21 19:00:00+00:00,0.8,0.8,0.43,0.426,22.5,96,922.4,1.8
SEP_KMG_05,2023-06-21 20:00:00+00:00,1.4,1.4,0.43,0.43,22.4,97,922.0,2.3
SEP_KMG_05,2023-06-21 21:00:00+00:00,1.6,1.6,0.43,0.43,22.4,97,921.9,2.9
SEP_KMG_05,2023-06-21 22:00:00+00:00,1.0,1.0,0.429,0.429,22.2,97,922.0,2.9
SEP_KMG_05,2023-06-21 23:00:00+00:00,0.9,0.9,0.43,0.43,22.1,96,922.4,2.4
SEP_KMG_05,2023-06-22 00:00:00+00:00,1.4,1.4,0.428,0.429,22.7,94,923.1,6.0
SEP_KMG_05,2023-06-22 01:00:00+00:00,0.0,0.0,0.426,0.428,24.5,88,923.3,3.4
SEP_KMG_05,2023-06-22 02:00:00+00:00,0.1,0.1,0.424,0.428,24.9,86,923.6,4.0
SEP_KMG_05,2023-06-22 03:00:00+00:00,2.9,2.9,0.43,0.429,24.5,88,924.0,6.5
SEP_KMG_05,2023-06-22 04:00:00+00:00,3.1,3.1,0.427,0.429,24.3,93,924.1,5.5
SEP_KMG_05,2023-06-22 05:00:00+00:00,0.2,0.2,0.426,0.428,24.9,87,923.9,7.3
SEP_KMG_05,2023-06-22 06:00:00+00:00,0.2,0.2,0.425,0.428,25.6,83,923.3,6.8
SEP_KMG_05,2023-06-22 07:00:00+00:00,0.1,0.1,0.423,0.427,26.0,81,922.1,8.0
SEP_KMG_05,2023-06-22 08:00:00+00:00,0.0,0.0,0.421,0.426,26.9,75,921.5,7.3
SEP_KMG_05,2023-06-22 09:00:00+00:00,0.0,0.0,0.419,0.424,27.4,72,921.2,8.4
SEP_KMG_05,2023-06-22 10:00:00+00:00,0.0,0.0,0.418,0.423,27.3,72,920.5,8.8
SEP_KMG_05,2023-06-22 11:00:00+00:00,0.0,0.0,0.417,0.422,26.7,75,920.8,6.4
SEP_KMG_05,2023-06-22 12:00:00+00:00,0.1,0.1,0.419,0.424,25.0,82,922.1,5.8
SEP_KMG_05,2023-06-22 13:00:00+00:00,0.0,0.0,0.418,0.423,24.2,85,922.9,3.6
SEP_KMG_05,2023-06-22 14:00:00+00:00,0.1,0.1,0.418,0.422,23.8,88,923.5,3.2
SEP_KMG_05,2023-06-22 15:00:00+00:00,0.3,0.3,0.419,0.422,23.8,88,923.9,3.3
SEP_KMG_05,2023-06-22 16:00:00+00:00,0.3,0.3,0.42,0.422,23.5,90,924.2,2.5
SEP_KMG_05,2023-06-22 17:00:00+00:00,0.2,0.2,0.42,0.421,23.3,92,924.3,2.6
SEP_KMG_05,2023-06-22 18:00:00+00:00,0.5,0.5,0.423,0.421,23.1,93,923.5,3.3
SEP_KMG_05,2023-06-22 19:00:00+00:00,0.2,0.2,0.423,0.421,24.0,85,923.2,2.3
SEP_KMG_05,2023-06-22 20:00:00+00:00,0.1,0.1,0.422,0.422,23.6,87,922.8,1.8
SEP_KMG_05,2023-06-22 21:00:00+00:00,0.2,0.2,0.422,0.422,23.6,87,922.6,0.0
SEP_KMG_05,2023-06-22 22:00:00+00:00,0.6,0.6,0.427,0.422,22.8,94,922.5,1.5
SEP_KMG_05,2023-06-22 23:00:00+00:00,1.0,1.0,0.429,0.425,22.6,96,922.9,2.0
SEP_KMG_05,2023-06-23 00:00:00+00:00,1.2,1.2,0.434,0.431,23.4,90,923.8,1.8
SEP_KMG_05,2023-06-23 01:00:00+00:00,0.6,0.6,0.428,0.429,23.5,92,923.9,1.9
SEP_KMG_05,2023-06-23 02:00:00+00:00,0.2,0.2,0.427,0.428,24.3,89,924.3,0.8
SEP_KMG_05,2023-06-23 03:00:00+00:00,0.2,0.2,0.425,0.428,25.2,85,924.5,4.6
SEP_KMG_05,2023-06-23 04:00:00+00:00,0.2,0.2,0.424,0.427,26.1,83,924.4,5.9
SEP_KMG_05,2023-06-23 05:00:00+00:00,0.1,0.1,0.423,0.426,25.9,83,923.9,6.6
SEP_KMG_05,2023-06-23 06:00:00+00:00,0.3,0.3,0.423,0.425,27.0,78,922.9,8.0
SEP_KMG_05,2023-06-23 07:00:00+00:00,0.3,0.3,0.422,0.424,27.9,76,921.6,9.0
SEP_KMG_05,2023-06-23 08:00:00+00:00,0.2,0.2,0.42,0.423,28.6,71,920.9,8.6
SEP_KMG_05,2023-06-23 09:00:00+00:00,0.1,0.1,0.418,0.422,28.3,73,920.4,8.7
SEP_KMG_05,2023-06-23 10:00:00+00:00,0.3,0.3,0.418,0.422,27.0,79,919.7,7.1
SEP_KMG_05,2023-06-23 11:00:00+00:00,0.1,0.1,0.418,0.421,25.7,86,919.8,6.4
SEP_KMG_05,2023-06-23 12:00:00+00:00,0.7,0.7,0.421,0.42,24.7,91,921.0,3.4
SEP_KMG_05,2023-06-23 13:00:00+00:00,0.1,0.1,0.42,0.42,24.3,94,921.9,1.1
SEP_KMG_05,2023-06-23 14:00:00+00:00,1.7,1.7,0.43,0.422,24.1,94,922.5,2.3
SEP_KMG_05,2023-06-23 15:00:00+00:00,2.1,2.1,0.43,0.428,24.2,93,923.3,2.7
SEP_KMG_05,2023-06-23 16:00:00+00:00,0.8,0.8,0.43,0.429,23.7,94,923.3,3.6
SEP_KMG_05,2023-06-23 17:00:00+00:00,0.5,0.5,0.429,0.429,24.0,89,923.5,3.1
SEP_KMG_05,2023-06-23 18:00:00+00:00,0.1,0.1,0.427,0.429,23.5,92,923.0,3.8
SEP_KMG_05,2023-06-23 19:00:00+00:00,0.0,0.0,0.425,0.428,23.5,90,922.6,1.9
SEP_KMG_05,2023-06-23 20:00:00+00:00,0.1,0.1,0.424,0.427,24.3,84,922.6,1.3
SEP_KMG_05,2023-06-23 21:00:00+00:00,0.0,0.0,0.423,0.426,24.0,85,922.4,2.6
SEP_KMG_05,2023-06-23 22:00:00+00:00,0.0,0.0,0.422,0.426,22.7,93,921.9,2.5
SEP_KMG_05,2023-06-23 23:00:00+00:00,0.0,0.0,0.421,0.425,23.4,89,922.2,1.9
SEP_KMG_05,2023-06-24 00:00:00+00:00,0.0,0.0,0.419,0.424,23.2,92,922.5,1.4
SEP_KMG_05,2023-06-24 01:00:00+00:00,0.0,0.0,0.418,0.423,24.3,92,923.2,2.5
SEP_KMG_05,2023-06-24 02:00:00+00:00,0.0,0.0,0.418,0.423,25.1,87,923.3,2.4
SEP_KMG_05,2023-06-24 03:00:00+00:00,0.0,0.0,0.416,0.422,27.0,78,923.6,4.6
SEP_KMG_05,2023-06-24 04:00:00+00:00,0.0,0.0,0.415,0.42,28.2,72,923.2,6.0
SEP_KMG_05,2023-06-24 05:00:00+00:00,0.1,0.1,0.413,0.419,29.4,67,922.8,8.0
SEP_KMG_05,2023-06-24 06:00:00+00:00,0.1,0.1,0.412,0.418,28.9,69,922.2,8.6
SEP_KMG_05,2023-06-24 07:00:00+00:00,0.1,0.1,0.411,0.417,28.3,73,921.6,8.9
SEP_KMG_05,2023-06-24 08:00:00+00:00,0.0,0.0,0.41,0.416,28.3,75,920.9,5.5
SEP_KMG_05,2023-06-24 09:00:00+00:00,0.1,0.1,0.409,0.415,28.3,77,920.4,4.5
SEP_KMG_05,2023-06-24 10:00:00+00:00,0.1,0.1,0.408,0.414,28.3,76,920.0,4.2
SEP_KMG_05,2023-06-24 11:00:00+00:00,0.0,0.0,0.407,0.414,26.4,84,920.2,3.1
SEP_KMG_05,2023-06-24 12:00:00+00:00,0.1,0.1,0.406,0.412,25.3,87,921.5,4.0
SEP_KMG_05,2023-06-24 13:00:00+00:00,0.0,0.0,0.406,0.412,24.8,89,921.6,2.5
SEP_KMG_05,2023-06-24 14:00:00+00:00,0.0,0.0,0.406,0.411,23.9,92,921.8,3.9
SEP_KMG_05,2023-06-24 15:00:00+00:00,0.0,0.0,0.406,0.411,25.0,85,922.6,1.3
SEP_KMG_05,2023-06-24 16:00:00+00:00,0.0,0.0,0.405,0.411,24.7,86,923.0,0.5
SEP_KMG_05,2023-06-24 17:00:00+00:00,0.0,0.0,0.405,0.411,24.4,86,923.3,1.3
SEP_KMG_05,2023-06-24 18:00:00+00:00,0.0,0.0,0.405,0.41,23.3,88,923.2,1.5
SEP_KMG_05,2023-06-24 19:00:00+00:00,0.0,0.0,0.405,0.41,22.5,90,922.3,3.2
SEP_KMG_05,2023-06-24 20:00:00+00:00,0.0,0.0,0.404,0.41,22.4,88,921.6,2.3
SEP_KMG_05,2023-06-24 21:00:00+00:00,0.0,0.0,0.404,0.41,22.9,85,921.9,1.3
SEP_KMG_05,2023-06-24 22:00:00+00:00,0.0,0.0,0.404,0.409,23.1,83,922.3,1.6
SEP_KMG_05,2023-06-24 23:00:00+00:00,0.0,0.0,0.404,0.409,21.2,91,922.0,2.7
SEP_KMG_05,2023-06-25 00:00:00+00:00,0.0,0.0,0.401,0.408,23.6,82,922.7,2.9
SEP_KMG_05,2023-06-25 01:00:00+00:00,0.0,0.0,0.401,0.408,24.8,87,923.5,0.4
SEP_KMG_05,2023-06-25 02:00:00+00:00,0.0,0.0,0.4,0.407,26.9,78,924.1,3.1
SEP_KMG_05,2023-06-25 03:00:00+00:00,1.1,1.1,0.409,0.407,27.9,75,925.1,8.2
SEP_KMG_05,2023-06-25 04:00:00+00:00,0.0,0.0,0.407,0.407,27.3,79,924.9,6.9
SEP_KMG_05,2023-06-25 05:00:00+00:00,0.2,0.2,0.406,0.406,27.8,79,924.5,4.8
SEP_KMG_05,2023-06-25 06:00:00+00:00,0.2,0.2,0.405,0.406,28.1,77,923.7,5.2
SEP_KMG_05,2023-06-25 07:00:00+00:00,0.1,0.1,0.404,0.405,29.3,73,922.6,4.2
SEP_KMG_05,2023-06-25 08:00:00+00:00,0.1,0.1,0.402,0.404,29.8,70,921.8,7.2
SEP_KMG_05,2023-06-25 09:00:00+00:00,1.9,1.9,0.419,0.405,27.4,77,921.3,4.1
SEP_KMG_05,2023-06-25 10:00:00+00:00,0.1,0.1,0.415,0.406,27.4,79,921.2,3.3
SEP_KMG_05,2023-06-25 11:00:00+00:00,0.3,0.3,0.414,0.407,27.0,79,921.1,1.9
SEP_KMG_05,2023-06-25 12:00:00+00:00,0.1,0.1,0.397,0.403,25.7,88,922.6,3.0
SEP_KMG_05,2023-06-25 13:00:00+00:00,0.0,0.0,0.397,0.403,24.7,93,922.8,3.2
SEP_KMG_05,2023-06-25 14:00:00+00:00,0.0,0.0,0.397,0.403,25.8,84,923.4,2.3
SEP_KMG_05,2023-06-25 15:00:00+00:00,0.0,0.0,0.397,0.403,25.6,83,924.1,2.2
SEP_KMG_05,2023-06-25 16:00:00+00:00,0.0,0.0,0.397,0.403,23.8,90,924.1,3.7
SEP_KMG_05,2023-06-25 17:00:00+00:00,0.0,0.0,0.397,0.402,23.7,91,924.2,3.6
SEP_KMG_05,2023-06-25 18:00:00+00:00,0.0,0.0,0.397,0.402,24.0,90,923.5,0.8
SEP_KMG_05,2023-06-25 19:00:00+00:00,0.0,0.0,0.397,0.402,22.6,93,923.1,3.5
SEP_KMG_05,2023-06-25 20:00:00+00:00,0.0,0.0,0.397,0.402,21.7,95,922.3,2.2
SEP_KMG_05,2023-06-25 21:00:00+00:00,0.0,0.0,0.397,0.402,22.5,92,922.6,3.0
SEP_KMG_05,2023-06-25 22:00:00+00:00,0.0,0.0,0.397,0.402,20.9,95,922.3,2.0
SEP_KMG_05,2023-06-25 23:00:00+00:00,0.0,0.0,0.396,0.402,21.0,94,922.8,1.8
SEP_KMG_05,2023-06-26 00:00:00+00:00,0.0,0.0,0.39,0.397,22.8,87,924.5,4.5
SEP_KMG_05,2023-06-26 01:00:00+00:00,0.1,0.1,0.391,0.397,23.9,88,925.3,1.8
SEP_KMG_05,2023-06-26 02:00:00+00:00,0.0,0.0,0.391,0.397,24.9,87,925.6,4.1
SEP_KMG_05,2023-06-26 03:00:00+00:00,0.0,0.0,0.39,0.397,26.7,79,925.6,1.8
SEP_KMG_05,2023-06-26 04:00:00+00:00,0.0,0.0,0.389,0.396,28.5,70,925.4,3.1
SEP_KMG_05,2023-06-26 05:00:00+00:00,0.0,0.0,0.387,0.395,28.8,69,924.7,4.2
SEP_KMG_05,2023-06-26 06:00:00+00:00,1.2,1.2,0.399,0.395,27.7,74,924.1,7.0
SEP_KMG_05,2023-06-26 07:00:00+00:00,1.1,1.1,0.408,0.395,26.8,79,922.8,3.1
SEP_KMG_05,2023-06-26 08:00:00+00:00,0.1,0.1,0.406,0.396,28.6,74,922.3,3.7
SEP_KMG_05,2023-06-26 09:00:00+00:00,0.1,0.1,0.403,0.396,28.7,73,921.5,2.2
SEP_KMG_05,2023-06-26 10:00:00+00:00,0.1,0.1,0.402,0.396,28.5,74,920.9,2.5
SEP_KMG_05,2023-06-26 11:00:00+00:00,0.1,0.1,0.4,0.396,27.5,79,920.5,2.6
SEP_KMG_05,2023-06-26 12:00:00+00:00,0.1,0.1,0.403,0.401,26.8,82,921.6,2.6
SEP_KMG_05,2023-06-26 13:00:00+00:00,0.0,0.0,0.402,0.401,25.7,87,922.1,2.6
SEP_KMG_05,2023-06-26 14:00:00+00:00,1.2,1.2,0.411,0.401,25.8,84,923.4,1.5
SEP_KMG_05,2023-06-26 15:00:00+00:00,1.9,1.9,0.424,0.405,23.8,92,923.6,2.9
SEP_KMG_05,2023-06-26 16:00:00+00:00,0.1,0.1,0.419,0.407,22.9,93,923.7,4.1
SEP_KMG_05,2023-06-26 17:00:00+00:00,0.0,0.0,0.416,0.408,22.3,93,923.4,4.7
SEP_KMG_05,2023-06-26 18:00:00+00:00,0.0,0.0,0.413,0.408,22.0,94,923.4,4.1
SEP_KMG_05,2023-06-26 19:00:00+00:00,0.0,0.0,0.412,0.409,21.8,94,922.7,2.4
SEP_KMG_05,2023-06-26 20:00:00+00:00,0.1,0.1,0.412,0.409,21.4,95,922.1,2.7
SEP_KMG_05,2023-06-26 21:00:00+00:00,0.2,0.2,0.412,0.409,22.1,92,922.4,1.1
SEP_KMG_05,2023-06-26 22:00:00+00:00,0.0,0.0,0.411,0.409,21.0,97,922.4,2.2
SEP_KMG_05,2023-06-26 23:00:00+00:00,0.3,0.3,0.414,0.409,21.5,95,922.6,3.4
SEP_KMG_05,2023-06-27 00:00:00+00:00,0.2,0.2,0.405,0.408,22.8,90,922.7,1.4
SEP_KMG_05,2023-06-27 01:00:00+00:00,0.0,0.0,0.405,0.408,24.2,91,923.5,0.4
SEP_KMG_05,2023-06-27 02:00:00+00:00,0.0,0.0,0.404,0.408,25.5,87,924.6,3.7
SEP_KMG_05,2023-06-27 03:00:00+00:00,0.2,0.2,0.404,0.407,26.1,83,925.0,1.8
SEP_KMG_05,2023-06-27 04:00:00+00:00,0.2,0.2,0.404,0.407,27.6,74,924.5,3.0
SEP_KMG_05,2023-06-27 05:00:00+00:00,2.0,2.0,0.419,0.407,25.4,88,924.5,9.2
SEP_KMG_05,2023-06-27 06:00:00+00:00,3.4,3.4,0.43,0.416,24.9,90,924.2,4.6
SEP_KMG_05,2023-06-27 07:00:00+00:00,4.8,4.8,0.43,0.425,24.0,94,923.3,4.7
SEP_KMG_05,2023-06-27 08:00:00+00:00,3.3,3.3,0.43,0.43,24.2,92,922.8,1.4
SEP_KMG_05,2023-06-27 09:00:00+00:00,2.5,2.5,0.43,0.43,24.8,91,922.6,1.8
SEP_KMG_05,2023-06-27 10:00:00+00:00,0.7,0.7,0.428,0.429,25.7,88,922.1,0.8
SEP_KMG_05,2023-06-27 11:00:00+00:00,0.1,0.1,0.426,0.427,25.2,90,922.1,2.3
SEP_KMG_05,2023-06-27 12:00:00+00:00,0.0,0.0,0.404,0.403,25.2,88,923.6,1.1
SEP_KMG_05,2023-06-27 13:00:00+00:00,3.6,3.6,0.428,0.404,24.0,91,924.0,3.4
SEP_KMG_05,2023-06-27 14:00:00+00:00,0.1,0.1,0.42,0.407,23.3,94,924.4,2.2
SEP_KMG_05,2023-06-27 15:00:00+00:00,0.0,0.0,0.416,0.408,22.6,96,924.6,4.0
SEP_KMG_05,2023-06-27 16:00:00+00:00,0.0,0.0,0.414,0.408,22.2,96,925.1,2.2
SEP_KMG_05,2023-06-27 17:00:00+00:00,1.0,1.0,0.419,0.409,22.1,97,925.6,3.8
SEP_KMG_05,2023-06-27 18:00:00+00:00,1.5,1.5,0.425,0.411,22.5,96,925.6,2.1
SEP_KMG_05,2023-06-27 19:00:00+00:00,0.4,0.4,0.421,0.412,22.9,92,925.2,2.2
SEP_KMG_05,2023-06-27 20:00:00+00:00,0.0,0.0,0.418,0.413,22.8,92,924.8,0.5
SEP_KMG_05,2023-06-27 21:00:00+00:00,0.0,0.0,0.416,0.413,22.0,96,924.4,1.4
SEP_KMG_05,2023-06-27 22:00:00+00:00,0.1,0.1,0.415,0.413,22.6,93,924.5,1.1
SEP_KMG_05,2023-06-27 23:00:00+00:00,0.0,0.0,0.414,0.413,22.5,93,924.9,2.4
SEP_KMG_05,2023-06-28 00:00:00+00:00,0.1,0.1,0.419,0.421,22.8,91,924.9,1.8
SEP_KMG_05,2023-06-28 01:00:00+00:00,0.2,0.2,0.418,0.42,23.9,92,925.7,0.4
SEP_KMG_05,2023-06-28 02:00:00+00:00,0.2,0.2,0.418,0.42,25.4,86,926.6,0.4
SEP_KMG_05,2023-06-28 03:00:00+00:00,0.0,0.0,0.416,0.419,26.7,79,926.7,2.9
SEP_KMG_05,2023-06-28 04:00:00+00:00,1.0,1.0,0.42,0.419,26.4,81,926.6,7.2
SEP_KMG_05,2023-06-28 05:00:00+00:00,1.1,1.1,0.422,0.419,25.6,85,926.3,6.6
SEP_KMG_05,2023-06-28 06:00:00+00:00,0.1,0.1,0.42,0.419,26.0,86,925.6,4.7
SEP_KMG_05,2023-06-28 07:00:00+00:00,0.0,0.0,0.417,0.418,27.3,77,924.5,6.3
SEP_KMG_05,2023-06-28 08:00:00+00:00,0.0,0.0,0.415,0.417,28.3,72,923.7,4.2
SEP_KMG_05,2023-06-28 09:00:00+00:00,0.0,0.0,0.412,0.416,29.0,68,922.9,4.6
SEP_KMG_05,2023-06-28 10:00:00+00:00,0.0,0.0,0.411,0.415,28.9,68,922.4,7.4
SEP_KMG_05,2023-06-28 11:00:00+00:00,0.2,0.2,0.41,0.415,27.3,72,922.5,8.2
SEP_KMG_05,2023-06-28 12:00:00+00:00,0.2,0.2,0.411,0.418,25.9,79,923.9,4.0
SEP_KMG_05,2023-06-28 13:00:00+00:00,0.1,0.1,0.411,0.418,24.3,87,924.5,3.7
SEP_KMG_05,2023-06-28 14:00:00+00:00,0.1,0.1,0.411,0.417,24.6,84,924.9,2.5
SEP_KMG_05,2023-06-28 15:00:00+00:00,0.0,0.0,0.411,0.417,23.1,91,925.2,2.9
SEP_KMG_05,2023-06-28 16:00:00+00:00,0.0,0.0,0.411,0.416,23.3,90,925.4,2.5
SEP_KMG_05,2023-06-28 17:00:00+00:00,0.0,0.0,0.41,0.416,23.5,89,925.5,3.4
SEP_KMG_05,2023-06-28 18:00:00+00:00,0.1,0.1,0.41,0.415,23.1,89,925.2,4.1
SEP_KMG_05,2023-06-28 19:00:00+00:00,0.0,0.0,0.41,0.415,23.1,88,924.4,4.1
SEP_KMG_05,2023-06-28 20:00:00+00:00,0.0,0.0,0.41,0.415,23.3,87,924.0,5.1
SEP_KMG_05,2023-06-28 21:00:00+00:00,0.0,0.0,0.409,0.414,23.3,87,923.6,4.9
SEP_KMG_05,2023-06-28 22:00:00+00:00,0.1,0.1,0.409,0.414,23.2,87,923.6,4.6
SEP_KMG_05,2023-06-28 23:00:00+00:00,0.0,0.0,0.409,0.414,23.4,87,924.1,4.3
SEP_KMG_05,2023-06-29 00:00:00+00:00,0.0,0.0,0.412,0.414,23.7,89,924.4,3.5
SEP_KMG_05,2023-06-29 01:00:00+00:00,0.0,0.0,0.411,0.414,24.5,84,925.1,4.7
SEP_KMG_05,2023-06-29 02:00:00+00:00,0.1,0.1,0.411,0.414,24.7,83,925.6,5.5
SEP_KMG_05,2023-06-29 03:00:00+00:00,0.2,0.2,0.411,0.413,25.0,81,926.1,5.7
SEP_KMG_05,2023-06-29 04:00:00+00:00,0.4,0.4,0.411,0.413,26.2,77,926.1,6.0
SEP_KMG_05,2023-06-29 05:00:00+00:00,0.3,0.3,0.411,0.413,26.7,74,925.4,7.1
SEP_KMG_05,2023-06-29 06:00:00+00:00,0.2,0.2,0.41,0.412,27.4,71,924.8,8.0
SEP_KMG_05,2023-06-29 07:00:00+00:00,0.1,0.1,0.409,0.412,27.3,72,923.7,8.9
SEP_KMG_05,2023-06-29 08:00:00+00:00,0.5,0.5,0.409,0.411,27.4,71,922.6,9.4
SEP_KMG_05,2023-06-29 09:00:00+00:00,0.3,0.3,0.408,0.41,26.7,76,922.3,7.2
SEP_KMG_05,2023-06-29 10:00:00+00:00,0.0,0.0,0.407,0.41,26.8,75,921.3,4.7
SEP_KMG_05,2023-06-29 11:00:00+00:00,0.0,0.0,0.406,0.41,26.6,75,920.9,4.8
SEP_KMG_05,2023-06-29 12:00:00+00:00,0.0,0.0,0.41,0.411,26.2,78,922.4,4.4
SEP_KMG_05,2023-06-29 13:00:00+00:00,0.0,0.0,0.409,0.411,24.7,84,922.7,4.0
SEP_KMG_05,2023-06-29 14:00:00+00:00,0.0,0.0,0.408,0.41,23.9,89,923.2,4.0
SEP_KMG_05,2023-06-29 15:00:00+00:00,0.0,0.0,0.408,0.41,23.3,91,923.8,3.3
SEP_KMG_05,2023-06-29 16:00:00+00:00,0.1,0.1,0.408,0.41,23.4,91,924.2,3.3
SEP_KMG_05,2023-06-29 17:00:00+00:00,0.3,0.3,0.408,0.41,23.4,92,924.1,3.0
SEP_KMG_05,2023-06-29 18:00:00+00:00,0.1,0.1,0.408,0.41,23.1,94,923.9,2.5
SEP_KMG_05,2023-06-29 19:00:00+00:00,0.0,0.0,0.407,0.41,22.8,94,923.3,2.2
SEP_KMG_05,2023-06-29 20:00:00+00:00,0.2,0.2,0.407,0.41,22.9,94,922.9,2.5
SEP_KMG_05,2023-06-29 21:00:00+00:00,0.3,0.3,0.408,0.41,22.9,93,922.7,4.6
SEP_KMG_05,2023-06-29 22:00:00+00:00,0.2,0.2,0.409,0.41,22.9,94,922.6,3.4
SEP_KMG_05,2023-06-29 23:00:00+00:00,0.4,0.4,0.411,0.41,22.9,94,922.9,3.0
SEP_KMG_05,2023-06-30 00:00:00+00:00,0.0,0.0,0.41,0.41,23.7,92,922.8,4.4
SEP_KMG_05,2023-06-30 01:00:00+00:00,0.4,0.4,0.411,0.41,23.9,91,923.5,6.6
SEP_KMG_05,2023-06-30 02:00:00+00:00,0.1,0.1,0.411,0.41,23.8,90,924.0,7.2
SEP_KMG_05,2023-06-30 03:00:00+00:00,0.1,0.1,0.41,0.41,23.9,88,924.3,8.0
SEP_KMG_05,2023-06-30 04:00:00+00:00,0.1,0.1,0.409,0.41,23.9,88,924.4,5.9
SEP_KMG_05,2023-06-30 05:00:00+00:00,1.4,1.4,0.417,0.41,24.4,87,924.2,3.8
SEP_KMG_05,2023-06-30 06:00:00+00:00,1.1,1.1,0.421,0.411,24.7,87,923.6,3.5
SEP_KMG_05,2023-06-30 07:00:00+00:00,0.5,0.5,0.419,0.412,25.5,87,922.6,6.0
SEP_KMG_05,2023-06-30 08:00:00+00:00,0.2,0.2,0.417,0.412,25.6,84,921.9,6.5
SEP_KMG_05,2023-06-30 09:00:00+00:00,0.1,0.1,0.415,0.412,26.7,77,920.8,6.4
SEP_KMG_05,2023-06-30 10:00:00+00:00,0.5,0.5,0.415,0.412,25.7,84,919.9,7.9
SEP_KMG_05,2023-06-30 11:00:00+00:00,0.3,0.3,0.414,0.412,25.0,88,919.6,6.9
SEP_KMG_05,2023-06-30 12:00:00+00:00,0.1,0.1,0.408,0.408,25.0,85,921.0,4.7
SEP_KMG_05,2023-06-30 13:00:00+00:00,0.2,0.2,0.408,0.408,24.2,88,921.6,5.0
SEP_KMG_05,2023-06-30 14:00:00+00:00,0.1,0.1,0.407,0.408,23.9,90,922.1,4.1
SEP_KMG_05,2023-06-30 15:00:00+00:00,0.2,0.2,0.407,0.408,23.8,91,922.4,3.9
SEP_KMG_05,2023-06-30 16:00:00+00:00,0.0,0.0,0.406,0.408,23.8,91,922.8,5.0
SEP_KMG_05,2023-06-30 17:00:00+00:00,0.0,0.0,0.406,0.407,23.6,91,922.9,5.7
SEP_KMG_05,2023-06-30 18:00:00+00:00,0.0,0.0,0.405,0.407,23.4,90,922.5,5.4
SEP_KMG_05,2023-06-30 19:00:00+00:00,0.0,0.0,0.405,0.407,23.4,91,921.7,5.6
SEP_KMG_05,2023-06-30 20:00:00+00:00,0.0,0.0,0.404,0.407,23.4,90,921.4,4.4
SEP_KMG_05,2023-06-30 21:00:00+00:00,0.3,0.3,0.405,0.407,23.5,90,921.3,4.5
SEP_KMG_05,2023-06-30 22:00:00+00:00,0.4,0.4,0.407,0.407,23.2,93,921.3,4.7
SEP_KMG_05,2023-06-30 23:00:00+00:00,0.7,0.7,0.411,0.407,23.0,94,921.8,5.3
SEP_KMG_05,2023-07-01 00:00:00+00:00,0.1,0.1,0.41,0.407,23.7,91,922.3,4.8
SEP_KMG_05,2023-07-01 01:00:00+00:00,0.4,0.4,0.411,0.407,23.9,92,923.2,4.8
SEP_KMG_05,2023-07-01 02:00:00+00:00,0.4,0.4,0.412,0.408,23.7,92,923.7,5.2
SEP_KMG_05,2023-07-01 03:00:00+00:00,0.3,0.3,0.411,0.408,24.1,92,924.3,4.8
SEP_KMG_05,2023-07-01 04:00:00+00:00,0.1,0.1,0.41,0.408,24.3,91,924.3,5.5
SEP_KMG_05,2023-07-01 05:00:00+00:00,0.1,0.1,0.409,0.408,24.8,87,924.3,6.8
SEP_KMG_05,2023-07-01 06:00:00+00:00,0.2,0.2,0.408,0.408,26.5,81,923.8,5.1
SEP_KMG_05,2023-07-01 07:00:00+00:00,0.4,0.4,0.408,0.408,26.9,77,922.7,7.4
SEP_KMG_05,2023-07-01 08:00:00+00:00,0.1,0.1,0.407,0.407,27.1,76,921.7,6.1
SEP_KMG_05,2023-07-01 09:00:00+00:00,0.2,0.2,0.406,0.407,28.0,71,921.0,7.6
SEP_KMG_05,2023-07-01 10:00:00+00:00,0.1,0.1,0.405,0.406,27.7,72,920.3,7.9
SEP_KMG_05,2023-07-01 11:00:00+00:00,0.2,0.2,0.405,0.406,26.8,76,920.4,7.6
SEP_KMG_05,2023-07-01 12:00:00+00:00,0.1,0.1,0.402,0.405,25.7,80,922.1,3.1
SEP_KMG_05,2023-07-01 13:00:00+00:00,0.0,0.0,0.402,0.405,24.7,86,922.4,3.4
SEP_KMG_05,2023-07-01 14:00:00+00:00,0.0,0.0,0.401,0.405,24.0,90,922.7,2.8
SEP_KMG_05,2023-07-01 15:00:00+00:00,0.0,0.0,0.401,0.405,24.3,88,923.6,2.9
SEP_KMG_05,2023-07-01 16:00:00+00:00,0.0,0.0,0.401,0.405,24.3,89,924.1,1.5
SEP_KMG_05,2023-07-01 17:00:00+00:00,0.0,0.0,0.401,0.404,24.0,91,923.8,2.2
SEP_KMG_05,2023-07-01 18:00:00+00:00,0.0,0.0,0.4,0.404,23.8,92,923.4,1.6
SEP_KMG_05,2023-07-01 19:00:00+00:00,0.9,0.9,0.405,0.404,22.6,96,922.6,3.1
SEP_KMG_05,2023-07-01 20:00:00+00:00,2.6,2.6,0.422,0.405,22.8,97,922.2,2.4
SEP_KMG_05,2023-07-01 21:00:00+00:00,0.4,0.4,0.42,0.407,22.7,97,921.6,2.6
SEP_KMG_05,2023-07-01 22:00:00+00:00,0.5,0.5,0.419,0.408,22.4,98,921.3,2.4
SEP_KMG_05,2023-07-01 23:00:00+00:00,0.1,0.1,0.417,0.409,22.5,98,921.5,1.8
SEP_KMG_05,2023-07-02 00:00:00+00:00,0.1,0.1,0.406,0.404,23.7,94,922.0,1.8
SEP_KMG_05,2023-07-02 01:00:00+00:00,1.0,1.0,0.413,0.404,23.7,95,922.5,3.6
SEP_KMG_05,2023-07-02 02:00:00+00:00,2.8,2.8,0.428,0.406,23.9,95,923.2,5.2
SEP_KMG_05,2023-07-02 03:00:00+00:00,0.6,0.6,0.422,0.41,23.7,93,923.8,9.3
SEP_KMG_05,2023-07-02 04:00:00+00:00,0.1,0.1,0.418,0.411,24.0,91,924.1,7.3
SEP_KMG_05,2023-07-02 05:00:00+00:00,0.1,0.1,0.416,0.411,24.6,87,923.9,4.8
SEP_KMG_05,2023-07-02 06:00:00+00:00,0.1,0.1,0.414,0.411,25.2,84,923.1,2.9
SEP_KMG_05,2023-07-02 07:00:00+00:00,0.1,0.1,0.412,0.411,26.1,84,922.2,3.7
SEP_KMG_05,2023-07-02 08:00:00+00:00,0.1,0.1,0.411,0.411,26.7,81,921.3,3.6
SEP_KMG_05,2023-07-02 09:00:00+00:00,0.1,0.1,0.409,0.41,27.2,77,920.3,4.7
SEP_KMG_05,2023-07-02 10:00:00+00:00,0.5,0.5,0.41,0.41,26.2,82,919.8,3.4
SEP_KMG_05,2023-07-02 11:00:00+00:00,0.3,0.3,0.41,0.41,26.4,80,919.6,4.3
SEP_KMG_05,2023-07-02 12:00:00+00:00,0.1,0.1,0.415,0.418,25.2,85,921.6,4.0
SEP_KMG_05,2023-07-02 13:00:00+00:00,0.0,0.0,0.414,0.418,23.9,90,921.9,2.5
SEP_KMG_05,2023-07-02 14:00:00+00:00,0.0,0.0,0.414,0.417,23.4,94,922.5,2.2
SEP_KMG_05,2023-07-02 15:00:00+00:00,0.2,0.2,0.414,0.417,23.2,95,923.1,2.9
SEP_KMG_05,2023-07-02 16:00:00+00:00,0.6,0.6,0.416,0.417,23.4,95,923.6,2.2
SEP_KMG_05,2023-07-02 17:00:00+00:00,0.2,0.2,0.417,0.416,23.5,93,923.2,2.0
SEP_KMG_05,2023-07-02 18:00:00+00:00,0.2,0.2,0.417,0.416,23.2,94,922.7,2.4
SEP_KMG_05,2023-07-02 19:00:00+00:00,0.0,0.0,0.416,0.416,23.2,94,922.2,2.8
SEP_KMG_05,2023-07-02 20:00:00+00:00,0.1,0.1,0.415,0.416,23.2,94,921.7,3.3
SEP_KMG_05,2023-07-02 21:00:00+00:00,0.1,0.1,0.415,0.416,23.2,93,921.7,3.6
SEP_KMG_05,2023-07-02 22:00:00+00:00,0.1,0.1,0.415,0.416,23.2,93,921.7,3.8
SEP_KMG_05,2023-07-02 23:00:00+00:00,0.3,0.3,0.415,0.415,23.1,94,922.2,3.5
SEP_KMG_05,2023-07-03 00:00:00+00:00,0.2,0.2,0.421,0.42,24.2,92,922.1,4.1
SEP_KMG_05,2023-07-03 01:00:00+00:00,0.0,0.0,0.419,0.42,24.8,91,922.6,5.2
SEP_KMG_05,2023-07-03 02:00:00+00:00,0.1,0.1,0.418,0.419,24.8,92,923.0,6.1
SEP_KMG_05,2023-07-03 03:00:00+00:00,0.1,0.1,0.417,0.419,25.3,89,923.6,8.7
SEP_KMG_05,2023-07-03 04:00:00+00:00,0.0,0.0,0.416,0.419,24.9,89,923.5,7.0
SEP_KMG_05,2023-07-03 05:00:00+00:00,0.0,0.0,0.415,0.418,25.0,89,923.2,6.8
SEP_KMG_05,2023-07-03 06:00:00+00:00,0.0,0.0,0.413,0.417,26.5,82,922.7,7.0
SEP_KMG_05,2023-07-03 07:00:00+00:00,0.1,0.1,0.413,0.417,25.7,85,921.8,8.0
SEP_KMG_05,2023-07-03 08:00:00+00:00,0.2,0.2,0.413,0.416,26.0,82,921.1,7.2
SEP_KMG_05,2023-07-03 09:00:00+00:00,0.3,0.3,0.413,0.416,26.3,82,920.5,6.5
SEP_KMG_05,2023-07-03 10:00:00+00:00,0.5,0.5,0.414,0.415,25.8,85,920.2,6.8
SEP_KMG_05,2023-07-03 11:00:00+00:00,0.2,0.2,0.414,0.415,25.8,85,920.0,5.4
SEP_KMG_05,2023-07-03 12:00:00+00:00,0.6,0.6,0.414,0.416,25.5,86,921.9,3.9
SEP_KMG_05,2023-07-03 13:00:00+00:00,0.0,0.0,0.413,0.415,24.8,88,922.4,4.7
SEP_KMG_05,2023-07-03 14:00:00+00:00,0.0,0.0,0.412,0.415,24.4,89,923.1,4.2
SEP_KMG_05,2023-07-03 15:00:00+00:00,0.2,0.2,0.413,0.415,24.3,90,923.7,3.3
SEP_KMG_05,2023-07-03 16:00:00+00:00,0.5,0.5,0.414,0.415,24.0,91,923.7,2.5
SEP_KMG_05,2023-07-03 17:00:00+00:00,0.6,0.6,0.417,0.415,23.9,93,923.6,2.5
SEP_KMG_05,2023-07-03 18:00:00+00:00,0.2,0.2,0.417,0.415,23.7,94,923.0,2.6
SEP_KMG_05,2023-07-03 19:00:00+00:00,0.1,0.1,0.415,0.415,23.7,93,922.4,3.6
SEP_KMG_05,2023-07-03 20:00:00+00:00,0.2,0.2,0.415,0.415,23.6,94,921.7,3.3
SEP_KMG_05,2023-07-03 21:00:00+00:00,0.1,0.1,0.415,0.415,23.7,93,921.5,3.3
SEP_KMG_05,2023-07-03 22:00:00+00:00,0.3,0.3,0.415,0.415,23.6,94,921.4,3.4
SEP_KMG_05,2023-07-03 23:00:00+00:00,0.7,0.7,0.419,0.415,23.5,94,921.5,3.0
SEP_KMG_05,2023-07-04 00:00:00+00:00,0.5,0.5,0.425,0.421,24.2,92,922.3,4.7
SEP_KMG_05,2023-07-04 01:00:00+00:00,0.0,0.0,0.422,0.421,24.8,89,922.6,4.7
SEP_KMG_05,2023-07-04 02:00:00+00:00,0.2,0.2,0.421,0.421,25.4,84,923.3,5.9
SEP_KMG_05,2023-07-04 03:00:00+00:00,0.1,0.1,0.419,0.42,25.9,82,923.4,6.9
SEP_KMG_05,2023-07-04 04:00:00+00:00,0.2,0.2,0.418,0.42,26.1,80,923.6,5.2
SEP_KMG_05,2023-07-04 05:00:00+00:00,0.8,0.8,0.42,0.419,25.7,85,923.1,4.7
SEP_KMG_05,2023-07-04 06:00:00+00:00,0.2,0.2,0.419,0.419,26.2,84,922.7,4.7
SEP_KMG_05,2023-07-04 07:00:00+00:00,0.1,0.1,0.417,0.419,26.5,83,921.5,4.1
SEP_KMG_05,2023-07-04 08:00:00+00:00,0.2,0.2,0.416,0.418,26.7,81,920.8,4.0
SEP_KMG_05,2023-07-04 09:00:00+00:00,0.2,0.2,0.416,0.418,26.8,80,920.2,3.8
SEP_KMG_05,2023-07-04 10:00:00+00:00,0.2,0.2,0.415,0.417,27.6,76,919.3,4.9
SEP_KMG_05,2023-07-04 11:00:00+00:00,0.2,0.2,0.414,0.417,27.2,77,919.0,4.5
SEP_KMG_05,2023-07-04 12:00:00+00:00,0.2,0.2,0.41,0.414,26.0,82,921.2,3.9
SEP_KMG_05,2023-07-04 13:00:00+00:00,0.0,0.0,0.41,0.414,24.9,87,921.6,3.4
SEP_KMG_05,2023-07-04 14:00:00+00:00,0.0,0.0,0.409,0.413,23.8,91,921.8,3.3
SEP_KMG_05,2023-07-04 15:00:00+00:00,0.0,0.0,0.409,0.413,23.0,94,922.0,2.9
SEP_KMG_05,2023-07-04 16:00:00+00:00,0.0,0.0,0.408,0.413,22.8,94,922.7,2.1
SEP_KMG_05,2023-07-04 17:00:00+00:00,0.0,0.0,0.408,0.413,22.4,95,922.6,0.8
SEP_KMG_05,2023-07-04 18:00:00+00:00,0.0,0.0,0.408,0.412,22.4,94,922.2,1.8
SEP_KMG_05,2023-07-04 19:00:00+00:00,0.0,0.0,0.407,0.412,22.4,92,921.4,1.9
SEP_KMG_05,2023-07-04 20:00:00+00:00,0.0,0.0,0.407,0.412,22.3,93,921.0,2.7
SEP_KMG_05,2023-07-04 21:00:00+00:00,0.0,0.0,0.407,0.411,22.1,93,920.7,2.4
SEP_KMG_05,2023-07-04 22:00:00+00:00,0.0,0.0,0.406,0.411,21.6,95,920.9,2.7
SEP_KMG_05,2023-07-04 23:00:00+00:00,0.0,0.0,0.406,0.411,22.3,92,921.2,3.2
SEP_KMG_05,2023-07-05 00:00:00+00:00,0.0,0.0,0.406,0.41,23.5,91,922.2,4.3
SEP_KMG_05,2023-07-05 01:00:00+00:00,0.3,0.3,0.407,0.41,24.8,88,922.8,2.6
SEP_KMG_05,2023-07-05 02:00:00+00:00,0.4,0.4,0.408,0.41,25.7,84,923.4,4.8
SEP_KMG_05,2023-07-05 03:00:00+00:00,0.1,0.1,0.407,0.41,26.5,80,923.4,5.4
SEP_KMG_05,2023-07-05 04:00:00+00:00,0.1,0.1,0.406,0.409,28.0,72,923.2,4.3
SEP_KMG_05,2023-07-05 05:00:00+00:00,0.0,0.0,0.405,0.409,28.6,71,922.7,5.8
SEP_KMG_05,2023-07-05 06:00:00+00:00,0.1,0.1,0.403,0.408,29.6,68,922.0,5.7
SEP_KMG_05,2023-07-05 07:00:00+00:00,0.5,0.5,0.404,0.407,28.5,69,920.6,7.6
SEP_KMG_05,2023-07-05 08:00:00+00:00,0.2,0.2,0.403,0.407,28.9,69,920.4,7.5
SEP_KMG_05,2023-07-05 09:00:00+00:00,0.1,0.1,0.402,0.406,28.5,69,919.8,7.4
SEP_KMG_05,2023-07-05 10:00:00+00:00,0.1,0.1,0.401,0.405,27.7,74,919.2,4.6
SEP_KMG_05,2023-07-05 11:00:00+00:00,0.2,0.2,0.401,0.405,27.2,76,919.4,4.4
SEP_KMG_05,2023-07-05 12:00:00+00:00,0.1,0.1,0.406,0.407,26.4,83,920.8,3.1
SEP_KMG_05,2023-07-05 13:00:00+00:00,0.1,0.1,0.406,0.407,25.4,86,921.3,2.2
SEP_KMG_05,2023-07-05 14:00:00+00:00,0.1,0.1,0.405,0.407,24.1,92,921.2,4.0
SEP_KMG_05,2023-07-05 15:00:00+00:00,0.0,0.0,0.405,0.407,24.7,89,922.4,2.3
SEP_KMG_05,2023-07-05 16:00:00+00:00,0.0,0.0,0.404,0.407,24.4,91,923.1,1.3
SEP_KMG_05,2023-07-05 17:00:00+00:00,0.1,0.1,0.404,0.406,24.0,93,923.3,0.4
SEP_KMG_05,2023-07-05 18:00:00+00:00,0.4,0.4,0.406,0.406,22.9,96,922.8,2.3
SEP_KMG_05,2023-07-05 19:00:00+00:00,0.4,0.4,0.408,0.406,22.5,97,922.4,1.8
SEP_KMG_05,2023-07-05 20:00:00+00:00,0.2,0.2,0.408,0.406,22.9,94,922.0,2.6
SEP_KMG_05,2023-07-05 21:00:00+00:00,0.1,0.1,0.408,0.407,22.9,94,922.0,1.1
SEP_KMG_05,2023-07-05 22:00:00+00:00,0.0,0.0,0.407,0.407,23.4,90,922.0,1.0
SEP_KMG_05,2023-07-05 23:00:00+00:00,0.0,0.0,0.406,0.407,22.4,96,921.7,3.3
SEP_KMG_05,2023-07-06 00:00:00+00:00,0.0,0.0,0.402,0.405,24.1,90,922.6,1.8
SEP_KMG_05,2023-07-06 01:00:00+00:00,0.1,0.1,0.402,0.405,24.4,93,923.6,2.4
SEP_KMG_05,2023-07-06 02:00:00+00:00,0.1,0.1,0.402,0.405,25.0,89,924.1,2.2
SEP_KMG_05,2023-07-06 03:00:00+00:00,1.2,1.2,0.41,0.405,24.8,93,924.6,4.6
SEP_KMG_05,2023-07-06 04:00:00+00:00,4.5,4.5,0.429,0.41,24.4,92,924.4,4.7
SEP_KMG_05,2023-07-06 05:00:00+00:00,1.8,1.8,0.428,0.414,24.8,92,924.4,4.0
SEP_KMG_05,2023-07-06 06:00:00+00:00,1.8,1.8,0.427,0.418,25.3,92,923.7,3.5
SEP_KMG_05,2023-07-06 07:00:00+00:00,0.2,0.2,0.422,0.419,25.5,91,922.8,4.5
SEP_KMG_05,2023-07-06 08:00:00+00:00,0.1,0.1,0.42,0.418,27.2,79,922.3,6.1
SEP_KMG_05,2023-07-06 09:00:00+00:00,0.3,0.3,0.418,0.418,27.1,76,921.9,7.9
SEP_KMG_05,2023-07-06 10:00:00+00:00,0.3,0.3,0.417,0.417,27.4,75,921.3,6.8
SEP_KMG_05,2023-07-06 11:00:00+00:00,0.3,0.3,0.417,0.417,26.2,81,921.3,7.3
SEP_KMG_05,2023-07-06 12:00:00+00:00,0.1,0.1,0.403,0.403,25.1,86,922.9,5.6
SEP_KMG_05,2023-07-06 13:00:00+00:00,0.1,0.1,0.402,0.403,24.5,90,923.3,5.4
SEP_KMG_05,2023-07-06 14:00:00+00:00,0.0,0.0,0.402,0.403,24.2,90,923.9,4.6
SEP_KMG_05,2023-07-06 15:00:00+00:00,0.0,0.0,0.401,0.403,23.8,90,924.7,4.6
SEP_KMG_05,2023-07-06 16:00:00+00:00,0.1,0.1,0.401,0.403,23.6,92,925.1,4.1
SEP_KMG_05,2023-07-06 17:00:00+00:00,0.1,0.1,0.401,0.403,23.6,91,924.6,3.3
SEP_KMG_05,2023-07-06 18:00:00+00:00,0.3,0.3,0.402,0.403,23.5,93,924.4,4.0
SEP_KMG_05,2023-07-06 19:00:00+00:00,0.1,0.1,0.402,0.403,23.2,95,923.8,3.5
SEP_KMG_05,2023-07-06 20:00:00+00:00,0.3,0.3,0.403,0.403,23.3,94,923.3,4.3
SEP_KMG_05,2023-07-06 21:00:00+00:00,0.2,0.2,0.404,0.403,23.2,95,923.1,4.3
SEP_KMG_05,2023-07-06 22:00:00+00:00,0.2,0.2,0.405,0.403,23.2,94,923.1,4.1
SEP_KMG_05,2023-07-06 23:00:00+00:00,0.4,0.4,0.407,0.403,23.2,94,923.4,4.1
SEP_KMG_05,2023-07-07 00:00:00+00:00,0.2,0.2,0.417,0.408,23.9,94,924.0,7.3
SEP_KMG_05,2023-07-07 01:00:00+00:00,0.0,0.0,0.414,0.408,24.2,91,924.9,7.4
SEP_KMG_05,2023-07-07 02:00:00+00:00,0.0,0.0,0.412,0.408,24.7,88,925.4,6.9
SEP_KMG_05,2023-07-07 03:00:00+00:00,0.2,0.2,0.411,0.408,25.2,86,925.8,7.6
SEP_KMG_05,2023-07-07 04:00:00+00:00,0.2,0.2,0.411,0.408,25.7,84,925.4,8.3
SEP_KMG_05,2023-07-07 05:00:00+00:00,0.4,0.4,0.41,0.408,26.9,80,925.2,7.6
SEP_KMG_05,2023-07-07 06:00:00+00:00,0.7,0.7,0.411,0.408,26.9,81,924.5,9.4
SEP_KMG_05,2023-07-07 07:00:00+00:00,0.9,0.9,0.414,0.408,26.3,84,923.4,7.2
SEP_KMG_05,2023-07-07 08:00:00+00:00,0.3,0.3,0.413,0.408,26.9,81,923.0,8.7
SEP_KMG_05,2023-07-07 09:00:00+00:00,0.4,0.4,0.412,0.408,26.7,81,922.8,7.0
SEP_KMG_05,2023-07-07 10:00:00+00:00,0.4,0.4,0.412,0.408,26.3,81,921.9,6.5
SEP_KMG_05,2023-07-07 11:00:00+00:00,0.4,0.4,0.412,0.408,26.1,82,922.1,6.6
SEP_KMG_05,2023-07-07 12:00:00+00:00,0.2,0.2,0.408,0.407,25.5,86,923.6,5.3
SEP_KMG_05,2023-07-07 13:00:00+00:00,0.2,0.2,0.408,0.407,24.5,90,924.3,4.7
SEP_KMG_05,2023-07-07 14:00:00+00:00,0.1,0.1,0.408,0.407,23.8,93,924.7,4.7
SEP_KMG_05,2023-07-07 15:00:00+00:00,0.2,0.2,0.408,0.407,23.3,95,925.3,4.3
SEP_KMG_05,2023-07-07 16:00:00+00:00,0.1,0.1,0.408,0.407,23.1,96,925.7,4.3
SEP_KMG_05,2023-07-07 17:00:00+00:00,0.2,0.2,0.408,0.407,23.2,93,925.6,4.3
SEP_KMG_05,2023-07-07 18:00:00+00:00,0.1,0.1,0.407,0.407,23.3,94,925.3,4.1
SEP_KMG_05,2023-07-07 19:00:00+00:00,0.3,0.3,0.408,0.407,23.4,93,924.9,5.1
SEP_KMG_05,2023-07-07 20:00:00+00:00,0.1,0.1,0.408,0.407,23.5,93,924.2,6.3
SEP_KMG_05,2023-07-07 21:00:00+00:00,0.0,0.0,0.407,0.407,23.5,93,924.3,5.6
SEP_KMG_05,2023-07-07 22:00:00+00:00,0.0,0.0,0.406,0.407,23.5,93,924.4,4.6
SEP_KMG_05,2023-07-07 23:00:00+00:00,0.1,0.1,0.406,0.407,23.5,93,924.6,4.1
SEP_KMG_05,2023-07-08 00:00:00+00:00,0.4,0.4,0.4,0.404,24.5,88,925.5,4.3
SEP_KMG_05,2023-07-08 01:00:00+00:00,0.1,0.1,0.4,0.404,25.2,85,926.1,5.5
SEP_KMG_05,2023-07-08 02:00:00+00:00,0.0,0.0,0.4,0.404,25.9,81,926.4,5.9
SEP_KMG_05,2023-07-08 03:00:00+00:00,0.2,0.2,0.4,0.403,26.2,80,926.5,7.2
SEP_KMG_05,2023-07-08 04:00:00+00:00,0.2,0.2,0.4,0.403,26.2,81,926.4,6.8
SEP_KMG_05,2023-07-08 05:00:00+00:00,0.1,0.1,0.399,0.403,27.1,77,926.0,7.4
SEP_KMG_05,2023-07-08 06:00:00+00:00,0.2,0.2,0.399,0.402,27.6,75,925.0,7.4
SEP_KMG_05,2023-07-08 07:00:00+00:00,0.2,0.2,0.398,0.401,28.1,73,924.1,9.3
SEP_KMG_05,2023-07-08 08:00:00+00:00,0.2,0.2,0.397,0.401,28.4,72,923.1,9.0
SEP_KMG_05,2023-07-08 09:00:00+00:00,0.1,0.1,0.396,0.4,28.3,72,922.5,8.3
SEP_KMG_05,2023-07-08 10:00:00+00:00,0.2,0.2,0.396,0.4,28.0,73,922.2,7.4
SEP_KMG_05,2023-07-08 11:00:00+00:00,0.2,0.2,0.396,0.399,27.0,77,922.4,6.4
SEP_KMG_05,2023-07-08 12:00:00+00:00,0.3,0.3,0.403,0.401,26.0,83,924.1,3.7
SEP_KMG_05,2023-07-08 13:00:00+00:00,0.1,0.1,0.403,0.401,25.1,87,924.5,3.4
SEP_KMG_05,2023-07-08 14:00:00+00:00,0.0,0.0,0.402,0.401,24.5,90,924.7,3.3
SEP_KMG_05,2023-07-08 15:00:00+00:00,0.0,0.0,0.401,0.401,24.1,90,925.0,3.6
SEP_KMG_05,2023-07-08 16:00:00+00:00,0.0,0.0,0.401,0.401,23.7,90,925.4,3.6
SEP_KMG_05,2023-07-08 17:00:00+00:00,0.0,0.0,0.4,0.401,24.1,89,925.4,3.5
SEP_KMG_05,2023-07-08 18:00:00+00:00,0.0,0.0,0.4,0.401,23.7,90,925.1,3.8
SEP_KMG_05,2023-07-08 19:00:00+00:00,1.1,1.1,0.406,0.401,23.6,90,924.2,4.0
SEP_KMG_05,2023-07-08 20:00:00+00:00,0.8,0.8,0.41,0.402,23.5,91,923.2,3.8
SEP_KMG_05,2023-07-08 21:00:00+00:00,0.5,0.5,0.412,0.402,23.4,92,922.9,3.4
SEP_KMG_05,2023-07-08 22:00:00+00:00,1.5,1.5,0.421,0.403,23.6,91,923.2,3.1
SEP_KMG_05,2023-07-08 23:00:00+00:00,2.6,2.6,0.429,0.407,23.5,94,923.1,3.3
SEP_KMG_05,2023-07-09 00:00:00+00:00,3.1,3.1,0.409,0.397,24.2,89,924.4,4.3
SEP_KMG_05,2023-07-09 01:00:00+00:00,1.7,1.7,0.417,0.399,24.9,87,924.7,6.1
SEP_KMG_05,2023-07-09 02:00:00+00:00,0.4,0.4,0.415,0.4,25.4,85,925.0,4.9
SEP_KMG_05,2023-07-09 03:00:00+00:00,0.3,0.3,0.413,0.401,26.2,81,925.0,5.7
SEP_KMG_05,2023-07-09 04:00:00+00:00,0.1,0.1,0.41,0.402,26.9,78,924.9,7.1
SEP_KMG_05,2023-07-09 05:00:00+00:00,0.1,0.1,0.409,0.402,27.1,78,924.6,7.7
SEP_KMG_05,2023-07-09 06:00:00+00:00,0.2,0.2,0.407,0.402,27.5,77,923.7,7.8
SEP_KMG_05,2023-07-09 07:00:00+00:00,2.8,2.8,0.424,0.402,27.3,79,922.6,8.7
SEP_KMG_05,2023-07-09 08:00:00+00:00,1.9,1.9,0.423,0.406,26.2,86,921.6,7.1
SEP_KMG_05,2023-07-09 09:00:00+00:00,0.3,0.3,0.419,0.407,26.8,88,921.3,6.2
SEP_KMG_05,2023-07-09 10:00:00+00:00,0.1,0.1,0.415,0.408,26.7,87,921.2,4.3
SEP_KMG_05,2023-07-09 11:00:00+00:00,0.1,0.1,0.413,0.408,27.2,82,921.2,4.0
SEP_KMG_05,2023-07-09 12:00:00+00:00,0.8,0.8,0.407,0.407,25.6,84,923.3,4.2
SEP_KMG_05,2023-07-09 13:00:00+00:00,0.0,0.0,0.407,0.407,25.1,86,923.2,3.2
SEP_KMG_05,2023-07-09 14:00:00+00:00,0.0,0.0,0.406,0.407,24.7,89,923.8,3.2
SEP_KMG_05,2023-07-09 15:00:00+00:00,0.0,0.0,0.405,0.407,23.9,90,923.8,4.1
SEP_KMG_05,2023-07-09 16:00:00+00:00,0.0,0.0,0.405,0.407,23.7,91,924.1,3.0
SEP_KMG_05,2023-07-09 17:00:00+00:00,0.0,0.0,0.404,0.406,23.6,90,923.9,2.9
SEP_KMG_05,2023-07-09 18:00:00+00:00,0.0,0.0,0.403,0.406,23.2,91,923.5,2.3
SEP_KMG_05,2023-07-09 19:00:00+00:00,0.0,0.0,0.403,0.406,23.2,91,922.6,2.2
SEP_KMG_05,2023-07-09 20:00:00+00:00,0.0,0.0,0.403,0.406,22.8,93,922.2,1.8
SEP_KMG_05,2023-07-09 21:00:00+00:00,0.2,0.2,0.403,0.406,22.7,93,922.2,1.8
SEP_KMG_05,2023-07-09 22:00:00+00:00,1.2,1.2,0.41,0.406,23.0,94,922.3,2.3
SEP_KMG_05,2023-07-09 23:00:00+00:00,0.8,0.8,0.414,0.406,23.1,94,922.4,2.2
SEP_KMG_05,2023-07-10 00:00:00+00:00,0.4,0.4,0.424,0.42,24.4,93,923.3,2.3
SEP_KMG_05,2023-07-10 01:00:00+00:00,0.0,0.0,0.422,0.42,25.2,88,923.7,2.3
SEP_KMG_05,2023-07-10 02:00:00+00:00,0.1,0.1,0.42,0.42,26.0,86,924.1,4.0
SEP_KMG_05,2023-07-10 03:00:00+00:00,0.2,0.2,0.419,0.419,26.7,85,924.3,5.3
SEP_KMG_05,2023-07-10 04:00:00+00:00,0.1,0.1,0.417,0.418,26.8,83,924.1,6.7
SEP_KMG_05,2023-07-10 05:00:00+00:00,0.1,0.1,0.416,0.418,26.9,80,923.7,7.0
SEP_KMG_05,2023-07-10 06:00:00+00:00,0.1,0.1,0.415,0.417,26.6,81,922.7,5.7
SEP_KMG_05,2023-07-10 07:00:00+00:00,0.3,0.3,0.414,0.416,27.7,77,922.0,7.1
SEP_KMG_05,2023-07-10 08:00:00+00:00,0.3,0.3,0.413,0.415,27.8,76,921.2,8.2
SEP_KMG_05,2023-07-10 09:00:00+00:00,0.6,0.6,0.414,0.415,27.2,80,920.5,9.1
SEP_KMG_05,2023-07-10 10:00:00+00:00,0.3,0.3,0.414,0.414,26.7,81,920.5,6.9
SEP_KMG_05,2023-07-10 11:00:00+00:00,1.8,1.8,0.422,0.414,25.9,87,920.3,5.4
SEP_KMG_05,2023-07-10 12:00:00+00:00,0.1,0.1,0.414,0.413,25.2,87,922.1,5.9
SEP_KMG_05,2023-07-10 13:00:00+00:00,0.0,0.0,0.413,0.413,24.9,89,922.4,4.3
SEP_KMG_05,2023-07-10 14:00:00+00:00,0.0,0.0,0.412,0.413,24.3,92,922.8,3.4
SEP_KMG_05,2023-07-10 15:00:00+00:00,0.0,0.0,0.411,0.413,24.6,90,923.4,3.6
SEP_KMG_05,2023-07-10 16:00:00+00:00,0.0,0.0,0.41,0.412,24.7,89,923.7,4.3
SEP_KMG_05,2023-07-10 17:00:00+00:00,0.1,0.1,0.41,0.412,24.3,91,923.5,6.1
SEP_KMG_05,2023-07-10 18:00:00+00:00,0.8,0.8,0.414,0.412,24.2,93,922.8,6.1
SEP_KMG_05,2023-07-10 19:00:00+00:00,0.0,0.0,0.413,0.412,24.3,92,922.3,4.4
SEP_KMG_05,2023-07-10 20:00:00+00:00,0.9,0.9,0.418,0.412,24.1,93,922.2,2.9
SEP_KMG_05,2023-07-10 21:00:00+00:00,2.7,2.7,0.428,0.416,24.1,94,922.2,2.8
SEP_KMG_05,2023-07-10 22:00:00+00:00,2.9,2.9,0.43,0.421,23.9,95,921.8,2.8
SEP_KMG_05,2023-07-10 23:00:00+00:00,2.8,2.8,0.43,0.427,23.9,95,922.0,4.7
SEP_KMG_05,2023-07-11 00:00:00+00:00,1.2,1.2,0.429,0.429,24.2,94,922.3,6.9
SEP_KMG_05,2023-07-11 01:00:00+00:00,0.1,0.1,0.426,0.427,24.2,93,922.8,7.4
SEP_KMG_05,2023-07-11 02:00:00+00:00,0.1,0.1,0.424,0.426,24.4,91,923.2,6.9
SEP_KMG_05,2023-07-11 03:00:00+00:00,0.6,0.6,0.425,0.425,24.5,91,923.3,7.5
SEP_KMG_05,2023-07-11 04:00:00+00:00,0.6,0.6,0.425,0.424,25.1,87,923.4,6.7
SEP_KMG_05,2023-07-11 05:00:00+00:00,0.3,0.3,0.424,0.424,25.8,85,923.0,6.4
SEP_KMG_05,2023-07-11 06:00:00+00:00,0.2,0.2,0.422,0.423,26.5,83,922.3,8.0
SEP_KMG_05,2023-07-11 07:00:00+00:00,0.2,0.2,0.421,0.423,25.8,85,921.3,6.5
SEP_KMG_05,2023-07-11 08:00:00+00:00,0.2,0.2,0.42,0.422,25.7,86,920.8,5.4
SEP_KMG_05,2023-07-11 09:00:00+00:00,0.4,0.4,0.42,0.421,26.1,83,920.2,5.4
SEP_KMG_05,2023-07-11 10:00:00+00:00,0.7,0.7,0.421,0.421,25.9,86,919.7,5.1
SEP_KMG_05,2023-07-11 11:00:00+00:00,0.4,0.4,0.421,0.421,25.4,88,919.6,6.1
SEP_KMG_05,2023-07-11 12:00:00+00:00,0.3,0.3,0.418,0.419,24.6,89,921.9,6.4
SEP_KMG_05,2023-07-11 13:00:00+00:00,0.0,0.0,0.417,0.419,24.0,92,921.8,5.9
SEP_KMG_05,2023-07-11 14:00:00+00:00,0.0,0.0,0.416,0.418,23.9,92,922.1,7.4
SEP_KMG_05,2023-07-11 15:00:00+00:00,0.3,0.3,0.416,0.418,23.9,92,923.0,6.9
SEP_KMG_05,2023-07-11 16:00:00+00:00,0.0,0.0,0.415,0.418,23.8,92,923.5,6.9
SEP_KMG_05,2023-07-11 17:00:00+00:00,0.0,0.0,0.414,0.417,23.6,94,923.3,7.2
SEP_KMG_05,2023-07-11 18:00:00+00:00,0.0,0.0,0.413,0.417,23.5,94,922.9,6.8
SEP_KMG_05,2023-07-11 19:00:00+00:00,0.4,0.4,0.414,0.417,23.7,94,922.4,5.8
SEP_KMG_05,2023-07-11 20:00:00+00:00,0.1,0.1,0.414,0.416,23.6,94,922.0,5.0
SEP_KMG_05,2023-07-11 21:00:00+00:00,0.2,0.2,0.414,0.416,23.5,94,921.7,5.0
SEP_KMG_05,2023-07-11 22:00:00+00:00,0.3,0.3,0.415,0.416,23.3,96,921.8,5.5
SEP_KMG_05,2023-07-11 23:00:00+00:00,0.2,0.2,0.415,0.416,23.2,96,921.7,4.0
SEP_KMG_05,2023-07-12 00:00:00+00:00,0.5,0.5,0.418,0.416,23.9,94,921.9,7.3
SEP_KMG_05,2023-07-12 01:00:00+00:00,1.3,1.3,0.424,0.417,23.9,95,922.3,7.3
SEP_KMG_05,2023-07-12 02:00:00+00:00,1.5,1.5,0.427,0.419,24.1,94,922.8,8.3
SEP_KMG_05,2023-07-12 03:00:00+00:00,0.5,0.5,0.424,0.42,24.8,89,923.5,8.8
SEP_KMG_05,2023-07-12 04:00:00+00:00,0.6,0.6,0.423,0.42,24.8,91,923.2,8.6
SEP_KMG_05,2023-07-12 05:00:00+00:00,0.7,0.7,0.423,0.42,24.8,91,922.9,10.1
SEP_KMG_05,2023-07-12 06:00:00+00:00,0.5,0.5,0.422,0.42,25.2,87,922.7,11.2
SEP_KMG_05,2023-07-12 07:00:00+00:00,0.3,0.3,0.421,0.42,25.6,84,921.8,10.0
SEP_KMG_05,2023-07-12 08:00:00+00:00,0.4,0.4,0.42,0.42,25.8,82,921.1,10.0
SEP_KMG_05,2023-07-12 09:00:00+00:00,0.3,0.3,0.42,0.42,25.3,83,920.4,8.0
SEP_KMG_05,2023-07-12 10:00:00+00:00,0.2,0.2,0.419,0.419,25.4,84,920.2,9.0
SEP_KMG_05,2023-07-12 11:00:00+00:00,0.1,0.1,0.418,0.419,24.7,87,920.3,8.3
SEP_KMG_05,2023-07-12 12:00:00+00:00,0.1,0.1,0.419,0.42,24.4,88,922.0,6.5
SEP_KMG_05,2023-07-12 13:00:00+00:00,1.6,1.6,0.427,0.42,23.6,93,922.3,5.5
SEP_KMG_05,2023-07-12 14:00:00+00:00,0.2,0.2,0.423,0.421,23.7,92,922.8,6.2
SEP_KMG_05,2023-07-12 15:00:00+00:00,0.0,0.0,0.421,0.421,23.7,91,923.9,6.8
SEP_KMG_05,2023-07-12 16:00:00+00:00,0.0,0.0,0.42,0.42,23.6,90,924.0,6.2
SEP_KMG_05,2023-07-12 17:00:00+00:00,0.2,0.2,0.419,0.42,23.4,93,923.6,5.0
SEP_KMG_05,2023-07-12 18:00:00+00:00,0.2,0.2,0.419,0.42,23.3,94,923.2,6.1
SEP_KMG_05,2023-07-12 19:00:00+00:00,0.1,0.1,0.418,0.42,23.1,96,922.5,7.5
SEP_KMG_05,2023-07-12 20:00:00+00:00,0.1,0.1,0.417,0.419,23.1,96,922.2,7.1
SEP_KMG_05,2023-07-12 21:00:00+00:00,0.1,0.1,0.416,0.419,23.1,96,922.0,7.2
SEP_KMG_05,2023-07-12 22:00:00+00:00,0.1,0.1,0.416,0.419,22.9,96,922.0,6.7
SEP_KMG_05,2023-07-12 23:00:00+00:00,0.1,0.1,0.416,0.418,22.9,95,922.1,6.4
SEP_KMG_05,2023-07-13 00:00:00+00:00,0.1,0.1,0.428,0.42,23.4,93,923.1,7.1
SEP_KMG_05,2023-07-13 01:00:00+00:00,0.3,0.3,0.424,0.421,23.9,93,923.4,7.4
SEP_KMG_05,2023-07-13 02:00:00+00:00,0.4,0.4,0.423,0.421,24.3,90,923.9,7.9
SEP_KMG_05,2023-07-13 03:00:00+00:00,0.8,0.8,0.424,0.421,25.0,85,924.1,8.4
SEP_KMG_05,2023-07-13 04:00:00+00:00,0.8,0.8,0.424,0.421,24.9,84,923.9,9.0
SEP_KMG_05,2023-07-13 05:00:00+00:00,0.4,0.4,0.423,0.421,25.2,87,923.8,7.6
SEP_KMG_05,2023-07-13 06:00:00+00:00,0.5,0.5,0.422,0.421,24.9,88,922.9,8.0
SEP_KMG_05,2023-07-13 07:00:00+00:00,0.4,0.4,0.422,0.421,24.8,89,922.2,7.6
SEP_KMG_05,2023-07-13 08:00:00+00:00,0.3,0.3,0.421,0.421,25.5,86,921.8,8.4
SEP_KMG_05,2023-07-13 09:00:00+00:00,0.4,0.4,0.421,0.421,24.9,87,921.3,8.4
SEP_KMG_05,2023-07-13 10:00:00+00:00,0.3,0.3,0.42,0.42,25.0,87,921.2,7.0
SEP_KMG_05,2023-07-13 11:00:00+00:00,0.2,0.2,0.419,0.42,24.8,87,921.5,6.4
SEP_KMG_05,2023-07-13 12:00:00+00:00,0.0,0.0,0.419,0.421,24.8,88,922.2,5.4
SEP_KMG_05,2023-07-13 13:00:00+00:00,0.0,0.0,0.418,0.42,24.1,91,922.4,5.3
SEP_KMG_05,2023-07-13 14:00:00+00:00,0.5,0.5,0.419,0.42,23.8,93,923.1,6.2
SEP_KMG_05,2023-07-13 15:00:00+00:00,0.1,0.1,0.418,0.42,23.6,94,923.8,5.2
SEP_KMG_05,2023-07-13 16:00:00+00:00,0.1,0.1,0.417,0.419,23.6,94,924.1,4.8
SEP_KMG_05,2023-07-13 17:00:00+00:00,0.3,0.3,0.418,0.419,23.5,94,923.8,6.6
SEP_KMG_05,2023-07-13 18:00:00+00:00,0.0,0.0,0.417,0.419,23.4,93,923.4,6.1
SEP_KMG_05,2023-07-13 19:00:00+00:00,0.0,0.0,0.416,0.419,23.1,93,922.8,6.6
SEP_KMG_05,2023-07-13 20:00:00+00:00,0.0,0.0,0.415,0.418,22.9,93,922.4,6.1
SEP_KMG_05,2023-07-13 21:00:00+00:00,0.0,0.0,0.414,0.418,23.0,92,922.2,5.5
SEP_KMG_05,2023-07-13 22:00:00+00:00,0.3,0.3,0.415,0.418,22.9,92,922.3,4.7
SEP_KMG_05,2023-07-13 23:00:00+00:00,0.8,0.8,0.42,0.417,22.9,93,922.6,4.2
SEP_KMG_05,2023-07-14 00:00:00+00:00,2.1,2.1,0.422,0.416,23.5,89,924.0,4.0
SEP_KMG_05,2023-07-14 01:00:00+00:00,0.9,0.9,0.424,0.417,24.1,89,924.3,4.4
SEP_KMG_05,2023-07-14 02:00:00+00:00,0.8,0.8,0.424,0.418,24.3,88,924.9,4.6
SEP_KMG_05,2023-07-14 03:00:00+00:00,0.6,0.6,0.423,0.419,24.4,87,925.3,4.0
SEP_KMG_05,2023-07-14 04:00:00+00:00,0.5,0.5,0.422,0.419,25.0,84,925.5,5.2
SEP_KMG_05,2023-07-14 05:00:00+00:00,0.3,0.3,0.421,0.419,25.2,83,925.1,4.3
SEP_KMG_05,2023-07-14 06:00:00+00:00,0.1,0.1,0.419,0.419,26.0,81,924.3,5.4
SEP_KMG_05,2023-07-14 07:00:00+00:00,0.0,0.0,0.417,0.419,27.5,77,923.5,5.0
SEP_KMG_05,2023-07-14 08:00:00+00:00,0.0,0.0,0.415,0.418,27.2,77,922.7,5.9
SEP_KMG_05,2023-07-14 09:00:00+00:00,0.0,0.0,0.413,0.417,27.6,75,921.7,6.0
SEP_KMG_05,2023-07-14 10:00:00+00:00,0.0,0.0,0.412,0.416,27.9,72,921.6,5.2
SEP_KMG_05,2023-07-14 11:00:00+00:00,0.0,0.0,0.41,0.416,27.4,73,921.7,6.2
SEP_KMG_05,2023-07-14 12:00:00+00:00,0.0,0.0,0.414,0.418,27.0,77,922.6,2.1
SEP_KMG_05,2023-07-14 13:00:00+00:00,0.1,0.1,0.413,0.418,25.0,86,922.8,3.5
SEP_KMG_05,2023-07-14 14:00:00+00:00,0.0,0.0,0.413,0.418,23.9,91,923.6,2.7
SEP_KMG_05,2023-07-14 15:00:00+00:00,0.0,0.0,0.412,0.417,23.0,96,924.4,2.1
SEP_KMG_05,2023-07-14 16:00:00+00:00,0.0,0.0,0.412,0.417,22.3,98,924.3,1.6
SEP_KMG_05,2023-07-14 17:00:00+00:00,0.0,0.0,0.411,0.416,21.7,98,924.3,1.3
SEP_KMG_05,2023-07-14 18:00:00+00:00,0.0,0.0,0.411,0.416,21.4,96,924.2,2.7
SEP_KMG_05,2023-07-14 19:00:00+00:00,0.0,0.0,0.411,0.416,21.3,95,923.5,2.5
SEP_KMG_05,2023-07-14 20:00:00+00:00,0.0,0.0,0.41,0.415,21.2,95,922.8,1.1
SEP_KMG_05,2023-07-14 21:00:00+00:00,0.0,0.0,0.41,0.415,21.5,93,922.7,0.8
SEP_KMG_05,2023-07-14 22:00:00+00:00,0.0,0.0,0.409,0.415,21.7,91,922.6,2.3
SEP_KMG_05,2023-07-14 23:00:00+00:00,0.0,0.0,0.409,0.414,21.4,92,922.6,1.8
SEP_KMG_05,2023-07-15 00:00:00+00:00,0.0,0.0,0.408,0.414,22.9,86,923.2,1.9
SEP_KMG_05,2023-07-15 01:00:00+00:00,0.0,0.0,0.407,0.413,24.7,82,924.2,0.8
SEP_KMG_05,2023-07-15 02:00:00+00:00,0.0,0.0,0.406,0.413,26.3,77,924.4,1.0
SEP_KMG_05,2023-07-15 03:00:00+00:00,0.0,0.0,0.405,0.412,27.9,70,924.7,2.9
SEP_KMG_05,2023-07-15 04:00:00+00:00,0.0,0.0,0.403,0.411,29.7,64,924.7,5.5
SEP_KMG_05,2023-07-15 05:00:00+00:00,0.1,0.1,0.401,0.41,29.9,64,924.3,8.5
SEP_KMG_05,2023-07-15 06:00:00+00:00,0.8,0.8,0.403,0.409,29.8,65,923.6,9.6
SEP_KMG_05,2023-07-15 07:00:00+00:00,0.3,0.3,0.403,0.408,29.4,72,922.4,6.4
SEP_KMG_05,2023-07-15 08:00:00+00:00,0.0,0.0,0.401,0.407,28.6,74,921.5,5.6
SEP_KMG_05,2023-07-15 09:00:00+00:00,0.2,0.2,0.401,0.407,28.6,74,920.8,5.5
SEP_KMG_05,2023-07-15 10:00:00+00:00,0.0,0.0,0.4,0.406,28.5,74,920.4,3.4
SEP_KMG_05,2023-07-15 11:00:00+00:00,0.1,0.1,0.4,0.405,28.1,75,921.0,4.5
SEP_KMG_05,2023-07-15 12:00:00+00:00,0.1,0.1,0.395,0.405,27.0,81,922.5,1.5
SEP_KMG_05,2023-07-15 13:00:00+00:00,0.1,0.1,0.396,0.404,26.7,79,922.9,1.4
SEP_KMG_05,2023-07-15 14:00:00+00:00,0.0,0.0,0.396,0.404,26.3,81,923.5,2.2
SEP_KMG_05,2023-07-15 15:00:00+00:00,0.0,0.0,0.396,0.404,25.6,85,923.8,2.5
SEP_KMG_05,2023-07-15 16:00:00+00:00,0.0,0.0,0.396,0.403,25.1,86,924.4,3.3
SEP_KMG_05,2023-07-15 17:00:00+00:00,0.0,0.0,0.396,0.403,24.6,87,924.2,2.4
SEP_KMG_05,2023-07-15 18:00:00+00:00,0.0,0.0,0.396,0.403,24.1,88,923.4,1.8
SEP_KMG_05,2023-07-15 19:00:00+00:00,0.0,0.0,0.396,0.403,22.4,94,922.3,3.6
SEP_KMG_05,2023-07-15 20:00:00+00:00,0.0,0.0,0.396,0.402,23.4,88,922.4,2.2
SEP_KMG_05,2023-07-15 21:00:00+00:00,0.0,0.0,0.396,0.402,23.1,88,922.1,1.8
SEP_KMG_05,2023-07-15 22:00:00+00:00,0.1,0.1,0.396,0.402,22.2,91,921.9,2.3
SEP_KMG_05,2023-07-15 23:00:00+00:00,0.1,0.1,0.397,0.402,23.1,85,922.4,1.6
SEP_KMG_05,2023-07-16 00:00:00+00:00,0.0,0.0,0.392,0.401,23.1,93,923.0,2.3
SEP_KMG_05,2023-07-16 01:00:00+00:00,0.4,0.4,0.394,0.401,23.6,95,923.8,1.4
SEP_KMG_05,2023-07-16 02:00:00+00:00,0.2,0.2,0.395,0.401,24.6,90,924.0,2.0
SEP_KMG_05,2023-07-16 03:00:00+00:00,0.0,0.0,0.395,0.4,25.3,88,924.1,2.3
SEP_KMG_05,2023-07-16 04:00:00+00:00,0.1,0.1,0.395,0.4,26.7,83,924.2,0.0
SEP_KMG_05,2023-07-16 05:00:00+00:00,0.1,0.1,0.394,0.4,27.7,78,923.9,4.6
SEP_KMG_05,2023-07-16 06:00:00+00:00,1.9,1.9,0.406,0.399,26.3,82,923.0,7.4
SEP_KMG_05,2023-07-16 07:00:00+00:00,0.3,0.3,0.406,0.4,24.9,91,922.9,3.2
SEP_KMG_05,2023-07-16 08:00:00+00:00,2.6,2.6,0.421,0.4,24.5,93,922.5,1.8
SEP_KMG_05,2023-07-16 09:00:00+00:00,1.8,1.8,0.425,0.404,25.0,93,921.7,2.9
SEP_KMG_05,2023-07-16 10:00:00+00:00,2.0,2.0,0.424,0.409,24.8,92,921.5,3.6
SEP_KMG_05,2023-07-16 11:00:00+00:00,1.8,1.8,0.427,0.412,24.4,94,922.0,3.1
SEP_KMG_05,2023-07-16 12:00:00+00:00,1.8,1.8,0.425,0.41,24.2,93,923.1,1.8
SEP_KMG_05,2023-07-16 13:00:00+00:00,0.9,0.9,0.425,0.412,23.7,95,923.4,2.5
SEP_KMG_05,2023-07-16 14:00:00+00:00,1.0,1.0,0.425,0.414,23.3,97,923.3,2.6
SEP_KMG_05,2023-07-16 15:00:00+00:00,0.4,0.4,0.423,0.415,23.6,94,923.8,2.1
SEP_KMG_05,2023-07-16 16:00:00+00:00,0.2,0.2,0.421,0.416,23.3,96,924.0,1.3
SEP_KMG_05,2023-07-16 17:00:00+00:00,0.2,0.2,0.419,0.416,23.3,96,924.2,1.1
SEP_KMG_05,2023-07-16 18:00:00+00:00,0.6,0.6,0.422,0.416,23.3,95,923.6,2.2
SEP_KMG_05,2023-07-16 19:00:00+00:00,1.0,1.0,0.425,0.417,22.7,98,923.0,1.5
SEP_KMG_05,2023-07-16 20:00:00+00:00,1.4,1.4,0.428,0.419,22.5,98,922.5,1.9
SEP_KMG_05,2023-07-16 21:00:00+00:00,1.5,1.5,0.429,0.422,22.7,97,922.4,1.9
SEP_KMG_05,2023-07-16 22:00:00+00:00,2.1,2.1,0.429,0.425,22.5,97,922.2,2.6
SEP_KMG_05,2023-07-16 23:00:00+00:00,2.2,2.2,0.43,0.428,22.4,98,922.4,2.9
SEP_KMG_05,2023-07-17 00:00:00+00:00,2.6,2.6,0.429,0.428,23.0,91,923.6,4.2
SEP_KMG_05,2023-07-17 01:00:00+00:00,2.8,2.8,0.43,0.429,23.1,92,924.5,4.0
SEP_KMG_05,2023-07-17 02:00:00+00:00,0.9,0.9,0.429,0.428,22.9,95,924.7,3.6
SEP_KMG_05,2023-07-17 03:00:00+00:00,1.1,1.1,0.429,0.428,23.3,94,924.7,3.6
SEP_KMG_05,2023-07-17 04:00:00+00:00,1.9,1.9,0.43,0.429,23.3,92,924.8,4.0
SEP_KMG_05,2023-07-17 05:00:00+00:00,1.3,1.3,0.429,0.428,23.5,91,924.6,3.6
SEP_KMG_05,2023-07-17 06:00:00+00:00,1.6,1.6,0.429,0.429,23.8,90,924.1,4.7
SEP_KMG_05,2023-07-17 07:00:00+00:00,0.8,0.8,0.428,0.428,23.7,88,923.4,4.4
SEP_KMG_05,2023-07-17 08:00:00+00:00,0.2,0.2,0.425,0.427,24.5,85,922.5,5.2
SEP_KMG_05,2023-07-17 09:00:00+00:00,0.0,0.0,0.422,0.425,26.6,76,921.4,4.2
SEP_KMG_05,2023-07-17 10:00:00+00:00,0.0,0.0,0.42,0.424,26.6,73,920.6,2.9
SEP_KMG_05,2023-07-17 11:00:00+00:00,0.1,0.1,0.419,0.423,27.0,73,920.5,0.5
SEP_KMG_05,2023-07-17 12:00:00+00:00,0.0,0.0,0.419,0.423,25.4,83,921.8,4.1
SEP_KMG_05,2023-07-17 13:00:00+00:00,0.5,0.5,0.42,0.423,24.1,89,921.7,3.0
SEP_KMG_05,2023-07-17 14:00:00+00:00,0.0,0.0,0.419,0.422,23.6,88,922.2,3.1
SEP_KMG_05,2023-07-17 15:00:00+00:00,0.0,0.0,0.418,0.422,23.2,87,922.7,4.2
SEP_KMG_05,2023-07-17 16:00:00+00:00,0.0,0.0,0.417,0.421,22.6,89,922.8,4.8
SEP_KMG_05,2023-07-17 17:00:00+00:00,0.0,0.0,0.416,0.421,23.1,85,923.0,4.1
SEP_KMG_05,2023-07-17 18:00:00+00:00,0.0,0.0,0.416,0.42,23.7,81,922.9,4.1
SEP_KMG_05,2023-07-17 19:00:00+00:00,0.0,0.0,0.415,0.42,22.6,86,922.1,3.9
SEP_KMG_05,2023-07-17 20:00:00+00:00,0.0,0.0,0.415,0.419,21.9,90,921.7,4.0
SEP_KMG_05,2023-07-17 21:00:00+00:00,0.0,0.0,0.414,0.419,21.5,91,921.4,3.9
SEP_KMG_05,2023-07-17 22:00:00+00:00,0.0,0.0,0.414,0.419,21.3,92,921.3,3.5
SEP_KMG_05,2023-07-17 23:00:00+00:00,0.0,0.0,0.413,0.418,21.2,91,921.5,2.9
SEP_KMG_05,2023-07-18 00:00:00+00:00,0.0,0.0,0.414,0.417,22.7,87,922.8,3.3
SEP_KMG_05,2023-07-18 01:00:00+00:00,0.0,0.0,0.413,0.417,23.7,83,923.8,4.7
SEP_KMG_05,2023-07-18 02:00:00+00:00,0.0,0.0,0.412,0.416,24.4,84,924.2,3.5
SEP_KMG_05,2023-07-18 03:00:00+00:00,0.0,0.0,0.411,0.416,26.0,75,924.5,3.3
SEP_KMG_05,2023-07-18 04:00:00+00:00,0.0,0.0,0.41,0.415,27.8,68,924.3,4.0
SEP_KMG_05,2023-07-18 05:00:00+00:00,0.0,0.0,0.407,0.414,30.0,58,923.6,3.9
SEP_KMG_05,2023-07-18 06:00:00+00:00,0.0,0.0,0.405,0.413,31.9,49,922.9,4.7
SEP_KMG_05,2023-07-18 07:00:00+00:00,0.0,0.0,0.403,0.411,32.7,45,921.6,6.8
SEP_KMG_05,2023-07-18 08:00:00+00:00,0.0,0.0,0.401,0.41,32.1,51,920.5,8.2
SEP_KMG_05,2023-07-18 09:00:00+00:00,0.0,0.0,0.399,0.409,31.7,58,919.4,7.9
SEP_KMG_05,2023-07-18 10:00:00+00:00,0.0,0.0,0.398,0.408,30.8,64,919.1,6.4
SEP_KMG_05,2023-07-18 11:00:00+00:00,0.0,0.0,0.398,0.407,30.0,68,918.9,5.0
SEP_KMG_05,2023-07-18 12:00:00+00:00,0.0,0.0,0.394,0.404,28.5,75,920.0,4.4
SEP_KMG_05,2023-07-18 13:00:00+00:00,0.0,0.0,0.395,0.404,26.5,83,920.0,3.5
SEP_KMG_05,2023-07-18 14:00:00+00:00,0.0,0.0,0.395,0.404,27.4,75,921.0,2.5
SEP_KMG_05,2023-07-18 15:00:00+00:00,0.0,0.0,0.395,0.404,25.8,83,921.3,3.0
SEP_KMG_05,2023-07-18 16:00:00+00:00,0.0,0.0,0.395,0.403,24.4,88,921.6,3.3
SEP_KMG_05,2023-07-18 17:00:00+00:00,0.0,0.0,0.395,0.403,24.0,89,921.8,1.9
SEP_KMG_05,2023-07-18 18:00:00+00:00,0.0,0.0,0.396,0.403,22.9,93,921.5,1.8
SEP_KMG_05,2023-07-18 19:00:00+00:00,0.0,0.0,0.396,0.403,22.5,94,921.2,2.5
SEP_KMG_05,2023-07-18 20:00:00+00:00,0.0,0.0,0.396,0.402,22.0,94,920.7,2.9
SEP_KMG_05,2023-07-18 21:00:00+00:00,0.0,0.0,0.396,0.402,21.8,93,920.5,3.3
SEP_KMG_05,2023-07-18 22:00:00+00:00,0.0,0.0,0.396,0.402,21.5,92,920.4,2.9
SEP_KMG_05,2023-07-18 23:00:00+00:00,0.0,0.0,0.395,0.402,21.3,92,920.5,1.5
SEP_KMG_05,2023-07-19 00:00:00+00:00,0.0,0.0,0.396,0.402,22.8,81,921.4,1.9
SEP_KMG_05,2023-07-19 01:00:00+00:00,0.0,0.0,0.396,0.402,24.9,78,922.4,3.3
SEP_KMG_05,2023-07-19 02:00:00+00:00,0.0,0.0,0.395,0.402,27.1,72,923.1,2.2
SEP_KMG_05,2023-07-19 03:00:00+00:00,0.0,0.0,0.394,0.401,29.2,65,923.1,1.1
SEP_KMG_05,2023-07-19 04:00:00+00:00,0.0,0.0,0.392,0.4,31.1,58,922.8,4.0
SEP_KMG_05,2023-07-19 05:00:00+00:00,0.0,0.0,0.39,0.399,32.1,57,922.1,5.0
SEP_KMG_05,2023-07-19 06:00:00+00:00,0.0,0.0,0.388,0.398,31.9,60,921.6,7.4
SEP_KMG_05,2023-07-19 07:00:00+00:00,0.0,0.0,0.386,0.397,31.2,65,920.5,8.4
SEP_KMG_05,2023-07-19 08:00:00+00:00,0.0,0.0,0.384,0.396,31.0,65,919.6,6.0
SEP_KMG_05,2023-07-19 09:00:00+00:00,0.0,0.0,0.383,0.395,31.1,64,918.9,5.4
SEP_KMG_05,2023-07-19 10:00:00+00:00,0.0,0.0,0.382,0.394,31.2,63,918.1,3.3
SEP_KMG_05,2023-07-19 11:00:00+00:00,0.0,0.0,0.381,0.394,30.7,65,918.3,2.9
SEP_KMG_05,2023-07-19 12:00:00+00:00,0.0,0.0,0.372,0.386,29.6,79,918.7,2.3
SEP_KMG_05,2023-07-19 13:00:00+00:00,0.0,0.0,0.373,0.386,27.6,79,918.7,4.4
SEP_KMG_05,2023-07-19 14:00:00+00:00,0.0,0.0,0.373,0.386,28.8,71,919.7,2.5
SEP_KMG_05,2023-07-19 15:00:00+00:00,0.0,0.0,0.374,0.386,25.8,84,920.2,4.0
SEP_KMG_05,2023-07-19 16:00:00+00:00,0.0,0.0,0.374,0.386,25.2,86,921.2,3.6
SEP_KMG_05,2023-07-19 17:00:00+00:00,0.0,0.0,0.374,0.386,25.1,84,921.4,2.6
SEP_KMG_05,2023-07-19 18:00:00+00:00,0.0,0.0,0.375,0.385,23.6,89,920.7,3.6
SEP_KMG_05,2023-07-19 19:00:00+00:00,0.0,0.0,0.375,0.385,23.1,89,919.7,3.4
SEP_KMG_05,2023-07-19 20:00:00+00:00,0.0,0.0,0.375,0.385,22.6,89,919.3,3.1
SEP_KMG_05,2023-07-19 21:00:00+00:00,0.0,0.0,0.375,0.385,22.2,90,919.6,2.9
SEP_KMG_05,2023-07-19 22:00:00+00:00,0.0,0.0,0.376,0.385,22.1,88,919.5,3.0
SEP_KMG_05,2023-07-19 23:00:00+00:00,0.0,0.0,0.376,0.385,21.8,88,919.8,3.5
SEP_KMG_05,2023-07-20 00:00:00+00:00,0.0,0.0,0.372,0.383,23.2,81,920.8,3.4
SEP_KMG_05,2023-07-20 01:00:00+00:00,0.0,0.0,0.372,0.382,25.5,78,921.8,3.5
SEP_KMG_05,2023-07-20 02:00:00+00:00,0.0,0.0,0.371,0.382,28.0,68,922.5,2.0
SEP_KMG_05,2023-07-20 03:00:00+00:00,0.0,0.0,0.37,0.381,29.7,64,922.9,4.7
SEP_KMG_05,2023-07-20 04:00:00+00:00,0.0,0.0,0.368,0.381,31.1,60,922.8,6.6
SEP_KMG_05,2023-07-20 05:00:00+00:00,0.0,0.0,0.366,0.38,31.2,61,922.5,7.2
SEP_KMG_05,2023-07-20 06:00:00+00:00,0.0,0.0,0.365,0.379,31.3,58,921.7,4.1
SEP_KMG_05,2023-07-20 07:00:00+00:00,0.0,0.0,0.363,0.378,31.8,57,920.5,4.5
SEP_KMG_05,2023-07-20 08:00:00+00:00,0.1,0.1,0.362,0.377,31.1,60,919.8,8.8
SEP_KMG_05,2023-07-20 09:00:00+00:00,0.0,0.0,0.361,0.377,29.5,68,919.1,6.2
SEP_KMG_05,2023-07-20 10:00:00+00:00,0.0,0.0,0.361,0.376,28.7,72,919.3,2.1
SEP_KMG_05,2023-07-20 11:00:00+00:00,0.1,0.1,0.361,0.376,27.7,78,919.5,4.2
SEP_KMG_05,2023-07-20 12:00:00+00:00,0.0,0.0,0.379,0.376,27.9,79,920.4,1.0
SEP_KMG_05,2023-07-20 13:00:00+00:00,3.4,3.4,0.406,0.376,26.3,84,921.5,2.8
SEP_KMG_05,2023-07-20 14:00:00+00:00,12.0,12.0,0.43,0.393,24.9,89,922.7,4.1
SEP_KMG_05,2023-07-20 15:00:00+00:00,5.6,5.6,0.421,0.405,24.2,92,923.2,1.5
SEP_KMG_05,2023-07-20 16:00:00+00:00,0.1,0.1,0.417,0.406,24.9,85,923.9,2.5
SEP_KMG_05,2023-07-20 17:00:00+00:00,0.8,0.8,0.42,0.407,23.6,93,923.4,4.1
SEP_KMG_05,2023-07-20 18:00:00+00:00,0.1,0.1,0.417,0.408,24.4,86,923.8,2.5
SEP_KMG_05,2023-07-20 19:00:00+00:00,3.7,3.7,0.427,0.414,23.6,91,923.5,5.2
SEP_KMG_05,2023-07-20 20:00:00+00:00,0.0,0.0,0.421,0.415,22.7,96,923.3,2.8
SEP_KMG_05,2023-07-20 21:00:00+00:00,0.0,0.0,0.418,0.415,22.9,92,922.9,3.6
SEP_KMG_05,2023-07-20 22:00:00+00:00,0.1,0.1,0.417,0.416,22.5,93,922.8,3.2
SEP_KMG_05,2023-07-20 23:00:00+00:00,0.0,0.0,0.415,0.416,22.5,88,923.1,4.1
SEP_KMG_05,2023-07-21 00:00:00+00:00,0.0,0.0,0.402,0.395,23.5,86,924.1,3.6
SEP_KMG_05,2023-07-21 01:00:00+00:00,0.0,0.0,0.401,0.395,24.5,86,925.0,3.7
SEP_KMG_05,2023-07-21 02:00:00+00:00,0.0,0.0,0.399,0.395,26.0,81,925.9,1.9
SEP_KMG_05,2023-07-21 03:00:00+00:00,0.0,0.0,0.398,0.395,27.2,76,926.2,1.0
SEP_KMG_05,2023-07-21 04:00:00+00:00,0.7,0.7,0.4,0.395,26.7,79,926.2,2.6
SEP_KMG_05,2023-07-21 05:00:00+00:00,0.7,0.7,0.402,0.396,26.7,80,925.5,2.1
SEP_KMG_05,2023-07-21 06:00:00+00:00,0.6,0.6,0.403,0.396,27.2,80,925.0,2.3
SEP_KMG_05,2023-07-21 07:00:00+00:00,0.3,0.3,0.403,0.396,28.2,73,924.3,1.8
SEP_KMG_05,2023-07-21 08:00:00+00:00,0.1,0.1,0.4,0.396,28.9,70,923.7,4.0
SEP_KMG_05,2023-07-21 09:00:00+00:00,0.0,0.0,0.399,0.396,28.8,70,923.2,2.2
SEP_KMG_05,2023-07-21 10:00:00+00:00,0.2,0.2,0.398,0.396,27.8,75,923.1,2.3
SEP_KMG_05,2023-07-21 11:00:00+00:00,0.1,0.1,0.398,0.396,27.7,77,923.5,2.2
SEP_KMG_05,2023-07-21 12:00:00+00:00,0.0,0.0,0.388,0.392,25.6,89,924.7,3.8
SEP_KMG_05,2023-07-21 13:00:00+00:00,0.0,0.0,0.388,0.392,25.7,86,925.5,1.1
SEP_KMG_05,2023-07-21 14:00:00+00:00,0.0,0.0,0.387,0.392,25.1,89,926.4,1.8
SEP_KMG_05,2023-07-21 15:00:00+00:00,0.0,0.0,0.387,0.392,25.7,85,927.4,0.8
SEP_KMG_05,2023-07-21 16:00:00+00:00,0.0,0.0,0.387,0.392,25.1,87,927.7,2.9
SEP_KMG_05,2023-07-21 17:00:00+00:00,0.0,0.0,0.387,0.392,24.4,88,927.4,4.1
SEP_KMG_05,2023-07-21 18:00:00+00:00,0.0,0.0,0.387,0.392,23.3,91,927.2,3.8
SEP_KMG_05,2023-07-21 19:00:00+00:00,0.0,0.0,0.387,0.392,23.2,90,927.0,3.6
SEP_KMG_05,2023-07-21 20:00:00+00:00,0.1,0.1,0.387,0.391,23.2,87,926.6,4.3
SEP_KMG_05,2023-07-21 21:00:00+00:00,0.1,0.1,0.387,0.391,22.2,91,925.7,2.9
SEP_KMG_05,2023-07-21 22:00:00+00:00,0.0,0.0,0.387,0.391,21.9,92,926.3,2.7
SEP_KMG_05,2023-07-21 23:00:00+00:00,0.1,0.1,0.387,0.391,21.5,94,926.2,2.9
SEP_KMG_05,2023-07-22 00:00:00+00:00,0.0,0.0,0.386,0.391,23.6,82,927.1,2.2
SEP_KMG_05,2023-07-22 01:00:00+00:00,0.0,0.0,0.386,0.391,24.3,84,927.5,1.8
SEP_KMG_05,2023-07-22 02:00:00+00:00,0.0,0.0,0.386,0.391,25.7,79,927.7,1.5
SEP_KMG_05,2023-07-22 03:00:00+00:00,0.0,0.0,0.385,0.391,28.2,72,928.8,3.1
SEP_KMG_05,2023-07-22 04:00:00+00:00,0.0,0.0,0.384,0.39,30.0,65,928.8,4.8
SEP_KMG_05,2023-07-22 05:00:00+00:00,0.0,0.0,0.383,0.39,29.3,68,928.4,5.1
SEP_KMG_05,2023-07-22 06:00:00+00:00,0.2,0.2,0.382,0.389,29.1,73,927.7,1.8
SEP_KMG_05,2023-07-22 07:00:00+00:00,0.1,0.1,0.381,0.388,29.7,70,926.6,5.2
SEP_KMG_05,2023-07-22 08:00:00+00:00,0.2,0.2,0.38,0.388,30.1,72,926.1,3.7
SEP_KMG_05,2023-07-22 09:00:00+00:00,9.3,9.3,0.43,0.391,26.4,84,925.8,2.3
SEP_KMG_05,2023-07-22 10:00:00+00:00,0.2,0.2,0.417,0.396,27.1,81,925.4,2.7
SEP_KMG_05,2023-07-22 11:00:00+00:00,0.0,0.0,0.412,0.397,27.3,81,925.6,1.8
SEP_KMG_05,2023-07-22 12:00:00+00:00,0.0,0.0,0.402,0.387,27.2,84,926.3,2.1
SEP_KMG_05,2023-07-22 13:00:00+00:00,2.6,2.6,0.421,0.388,26.1,89,927.2,4.1
SEP_KMG_05,2023-07-22 14:00:00+00:00,9.1,9.1,0.425,0.405,24.1,93,928.5,3.1
SEP_KMG_05,2023-07-22 15:00:00+00:00,0.1,0.1,0.419,0.407,23.7,94,927.7,2.3
SEP_KMG_05,2023-07-22 16:00:00+00:00,0.0,0.0,0.416,0.408,23.2,94,927.9,1.5
SEP_KMG_05,2023-07-22 17:00:00+00:00,0.0,0.0,0.413,0.408,22.8,94,927.2,2.1
SEP_KMG_05,2023-07-22 18:00:00+00:00,0.0,0.0,0.412,0.409,22.3,95,926.8,2.6
SEP_KMG_05,2023-07-22 19:00:00+00:00,0.0,0.0,0.41,0.409,22.3,94,926.7,2.3
SEP_KMG_05,2023-07-22 20:00:00+00:00,0.0,0.0,0.409,0.409,22.2,93,926.5,2.3
SEP_KMG_05,2023-07-22 21:00:00+00:00,0.0,0.0,0.408,0.409,22.1,92,926.1,1.3
SEP_KMG_05,2023-07-22 22:00:00+00:00,0.0,0.0,0.407,0.409,21.7,93,925.9,3.5
SEP_KMG_05,2023-07-22 23:00:00+00:00,0.0,0.0,0.407,0.409,23.2,86,926.4,1.9
SEP_KMG_05,2023-07-23 00:00:00+00:00,0.0,0.0,0.39,0.39,24.0,90,927.2,1.6
SEP_KMG_05,2023-07-23 01:00:00+00:00,0.0,0.0,0.39,0.39,25.5,86,927.2,0.4
SEP_KMG_05,2023-07-23 02:00:00+00:00,0.0,0.0,0.389,0.39,27.4,78,927.6,3.1
SEP_KMG_05,2023-07-23 03:00:00+00:00,0.0,0.0,0.388,0.39,28.2,77,927.7,1.5
SEP_KMG_05,2023-07-23 04:00:00+00:00,0.1,0.1,0.386,0.389,29.1,74,927.8,7.7
SEP_KMG_05,2023-07-23 05:00:00+00:00,0.5,0.5,0.387,0.389,29.1,73,927.3,7.9
SEP_KMG_05,2023-07-23 06:00:00+00:00,0.1,0.1,0.386,0.388,30.2,68,926.4,7.3
SEP_KMG_05,2023-07-23 07:00:00+00:00,0.4,0.4,0.386,0.387,28.6,68,925.2,8.7
SEP_KMG_05,2023-07-23 08:00:00+00:00,0.7,0.7,0.388,0.387,28.3,71,924.7,9.8
SEP_KMG_05,2023-07-23 09:00:00+00:00,0.9,0.9,0.391,0.387,26.9,82,923.9,5.4
SEP_KMG_05,2023-07-23 10:00:00+00:00,0.0,0.0,0.39,0.387,27.0,83,923.4,3.3
SEP_KMG_05,2023-07-23 11:00:00+00:00,0.1,0.1,0.389,0.387,26.7,84,923.1,1.1
SEP_KMG_05,2023-07-23 12:00:00+00:00,0.1,0.1,0.388,0.387,26.5,82,923.9,2.2
SEP_KMG_05,2023-07-23 13:00:00+00:00,0.0,0.0,0.387,0.387,26.2,81,924.3,1.8
SEP_KMG_05,2023-07-23 14:00:00+00:00,0.0,0.0,0.387,0.387,25.2,86,924.8,1.3
SEP_KMG_05,2023-07-23 15:00:00+00:00,0.0,0.0,0.387,0.387,23.3,96,925.0,2.9
SEP_KMG_05,2023-07-23 16:00:00+00:00,0.3,0.3,0.388,0.387,23.1,98,925.4,0.4
SEP_KMG_05,2023-07-23 17:00:00+00:00,0.1,0.1,0.387,0.387,22.6,98,925.3,1.1
SEP_KMG_05,2023-07-23 18:00:00+00:00,0.0,0.0,0.387,0.387,22.4,98,924.6,1.4
SEP_KMG_05,2023-07-23 19:00:00+00:00,0.1,0.1,0.387,0.387,21.9,98,923.9,0.8
SEP_KMG_05,2023-07-23 20:00:00+00:00,0.1,0.1,0.387,0.387,21.7,98,923.4,0.5
SEP_KMG_05,2023-07-23 21:00:00+00:00,0.1,0.1,0.387,0.387,21.9,96,923.0,1.3
SEP_KMG_05,2023-07-23 22:00:00+00:00,0.0,0.0,0.387,0.387,21.4,97,922.6,1.1
SEP_KMG_05,2023-07-23 23:00:00+00:00,0.4,0.4,0.389,0.387,22.2,92,923.1,0.5
SEP_KMG_05,2023-07-24 00:00:00+00:00,0.2,0.2,0.395,0.389,23.0,95,923.9,0.0
SEP_KMG_05,2023-07-24 01:00:00+00:00,0.3,0.3,0.395,0.389,24.0,92,924.4,1.5
SEP_KMG_05,2023-07-24 02:00:00+00:00,0.2,0.2,0.395,0.389,25.3,85,924.9,1.1
SEP_KMG_05,2023-07-24 03:00:00+00:00,0.0,0.0,0.394,0.39,25.8,85,924.9,4.3
SEP_KMG_05,2023-07-24 04:00:00+00:00,1.1,1.1,0.399,0.39,24.6,92,925.1,7.9
SEP_KMG_05,2023-07-24 05:00:00+00:00,0.7,0.7,0.402,0.39,24.8,92,924.9,6.1
SEP_KMG_05,2023-07-24 06:00:00+00:00,0.2,0.2,0.401,0.391,24.7,92,924.1,4.0
SEP_KMG_05,2023-07-24 07:00:00+00:00,0.3,0.3,0.4,0.391,26.5,82,923.8,5.2
SEP_KMG_05,2023-07-24 08:00:00+00:00,0.1,0.1,0.399,0.391,27.1,78,923.0,6.1
SEP_KMG_05,2023-07-24 09:00:00+00:00,0.1,0.1,0.398,0.391,27.0,77,922.3,5.8
SEP_KMG_05,2023-07-24 10:00:00+00:00,0.1,0.1,0.397,0.391,26.6,78,921.8,5.8
SEP_KMG_05,2023-07-24 11:00:00+00:00,0.1,0.1,0.396,0.391,26.5,78,921.7,5.4
SEP_KMG_05,2023-07-24 12:00:00+00:00,0.1,0.1,0.383,0.386,25.7,87,922.3,3.7
SEP_KMG_05,2023-07-24 13:00:00+00:00,0.0,0.0,0.383,0.386,24.8,90,922.5,3.7
SEP_KMG_05,2023-07-24 14:00:00+00:00,0.0,0.0,0.383,0.386,24.7,90,923.2,4.7
SEP_KMG_05,2023-07-24 15:00:00+00:00,0.0,0.0,0.383,0.386,24.7,89,923.6,5.2
SEP_KMG_05,2023-07-24 16:00:00+00:00,0.1,0.1,0.383,0.386,24.1,92,924.0,5.4
SEP_KMG_05,2023-07-24 17:00:00+00:00,0.1,0.1,0.384,0.386,23.8,93,923.9,4.0
SEP_KMG_05,2023-07-24 18:00:00+00:00,0.1,0.1,0.384,0.386,23.8,94,924.1,4.7
SEP_KMG_05,2023-07-24 19:00:00+00:00,0.0,0.0,0.383,0.386,23.4,94,923.6,4.0
SEP_KMG_05,2023-07-24 20:00:00+00:00,0.0,0.0,0.383,0.386,23.5,93,923.4,3.8
SEP_KMG_05,2023-07-24 21:00:00+00:00,0.0,0.0,0.383,0.386,23.7,92,923.3,3.6
SEP_KMG_05,2023-07-24 22:00:00+00:00,0.0,0.0,0.383,0.386,23.8,90,923.1,4.1
SEP_KMG_05,2023-07-24 23:00:00+00:00,0.0,0.0,0.383,0.386,23.7,91,923.4,3.2
SEP_KMG_05,2023-07-25 00:00:00+00:00,0.1,0.1,0.384,0.386,23.7,90,924.0,4.2
SEP_KMG_05,2023-07-25 01:00:00+00:00,0.0,0.0,0.384,0.386,25.4,85,924.5,4.6
SEP_KMG_05,2023-07-25 02:00:00+00:00,0.1,0.1,0.384,0.386,26.4,77,925.2,6.6
SEP_KMG_05,2023-07-25 03:00:00+00:00,0.1,0.1,0.384,0.386,26.6,76,925.5,8.0
SEP_KMG_05,2023-07-25 04:00:00+00:00,0.3,0.3,0.384,0.386,26.9,76,925.5,8.7
SEP_KMG_05,2023-07-25 05:00:00+00:00,0.1,0.1,0.384,0.386,27.1,80,925.3,4.8
SEP_KMG_05,2023-07-25 06:00:00+00:00,0.0,0.0,0.382,0.385,27.7,78,924.6,5.5
SEP_KMG_05,2023-07-25 07:00:00+00:00,0.2,0.2,0.382,0.385,27.5,75,923.4,7.4
SEP_KMG_05,2023-07-25 08:00:00+00:00,0.1,0.1,0.381,0.384,27.6,75,922.8,8.7
SEP_KMG_05,2023-07-25 09:00:00+00:00,0.3,0.3,0.382,0.384,27.5,76,922.4,6.9
SEP_KMG_05,2023-07-25 10:00:00+00:00,0.6,0.6,0.383,0.384,27.3,76,922.2,5.7
SEP_KMG_05,2023-07-25 11:00:00+00:00,0.3,0.3,0.384,0.383,26.9,77,922.0,2.9
SEP_KMG_05,2023-07-25 12:00:00+00:00,0.1,0.1,0.38,0.382,25.9,85,923.6,2.5
SEP_KMG_05,2023-07-25 13:00:00+00:00,0.1,0.1,0.38,0.382,24.9,89,923.8,2.0
SEP_KMG_05,2023-07-25 14:00:00+00:00,0.0,0.0,0.38,0.382,24.8,89,924.1,2.2
SEP_KMG_05,2023-07-25 15:00:00+00:00,0.0,0.0,0.38,0.382,23.9,92,924.3,2.3
SEP_KMG_05,2023-07-25 16:00:00+00:00,0.0,0.0,0.38,0.382,23.5,93,924.3,2.6
SEP_KMG_05,2023-07-25 17:00:00+00:00,0.1,0.1,0.38,0.382,22.7,96,924.3,3.5
SEP_KMG_05,2023-07-25 18:00:00+00:00,0.1,0.1,0.38,0.382,22.3,97,924.1,2.9
SEP_KMG_05,2023-07-25 19:00:00+00:00,0.0,0.0,0.38,0.382,21.8,98,923.5,2.1
SEP_KMG_05,2023-07-25 20:00:00+00:00,0.1,0.1,0.38,0.382,22.0,98,923.4,2.2
SEP_KMG_05,2023-07-25 21:00:00+00:00,0.2,0.2,0.381,0.382,22.6,96,923.6,1.9
SEP_KMG_05,2023-07-25 22:00:00+00:00,0.3,0.3,0.382,0.382,22.7,97,923.5,1.3
SEP_KMG_05,2023-07-25 23:00:00+00:00,0.2,0.2,0.383,0.382,22.8,96,923.4,1.1
SEP_KMG_05,2023-07-26 00:00:00+00:00,0.0,0.0,0.387,0.384,23.4,92,924.2,3.6
SEP_KMG_05,2023-07-26 01:00:00+00:00,0.0,0.0,0.386,0.384,24.7,89,924.9,3.2
SEP_KMG_05,2023-07-26 02:00:00+00:00,0.1,0.1,0.386,0.384,25.8,81,925.7,5.0
SEP_KMG_05,2023-07-26 03:00:00+00:00,0.1,0.1,0.386,0.384,26.7,74,925.7,5.5
SEP_KMG_05,2023-07-26 04:00:00+00:00,0.3,0.3,0.386,0.384,26.6,76,925.7,4.8
SEP_KMG_05,2023-07-26 05:00:00+00:00,13.5,13.5,0.43,0.395,25.7,86,925.0,4.6
SEP_KMG_05,2023-07-26 06:00:00+00:00,3.8,3.8,0.425,0.405,25.3,90,924.7,5.5
SEP_KMG_05,2023-07-26 07:00:00+00:00,0.2,0.2,0.419,0.407,25.7,87,924.1,6.9
SEP_KMG_05,2023-07-26 08:00:00+00:00,0.1,0.1,0.415,0.408,26.9,81,923.3,4.7
SEP_KMG_05,2023-07-26 09:00:00+00:00,0.2,0.2,0.413,0.407,27.8,76,922.9,6.3
SEP_KMG_05,2023-07-26 10:00:00+00:00,0.9,0.9,0.414,0.407,26.8,76,922.4,6.8
SEP_KMG_05,2023-07-26 11:00:00+00:00,0.2,0.2,0.413,0.408,25.9,82,922.4,6.2
SEP_KMG_05,2023-07-26 12:00:00+00:00,0.1,0.1,0.389,0.381,25.6,82,924.0,4.7
SEP_KMG_05,2023-07-26 13:00:00+00:00,0.1,0.1,0.388,0.381,24.8,87,924.2,3.1
SEP_KMG_05,2023-07-26 14:00:00+00:00,0.0,0.0,0.387,0.381,24.7,85,924.4,4.1
SEP_KMG_05,2023-07-26 15:00:00+00:00,0.0,0.0,0.386,0.381,23.8,88,924.4,3.3
SEP_KMG_05,2023-07-26 16:00:00+00:00,0.2,0.2,0.387,0.382,23.5,90,924.8,3.8
SEP_KMG_05,2023-07-26 17:00:00+00:00,0.3,0.3,0.388,0.382,23.3,92,924.7,2.7
SEP_KMG_05,2023-07-26 18:00:00+00:00,0.3,0.3,0.39,0.382,23.6,93,924.2,2.9
SEP_KMG_05,2023-07-26 19:00:00+00:00,0.1,0.1,0.389,0.382,23.6,94,923.9,3.7
SEP_KMG_05,2023-07-26 20:00:00+00:00,0.0,0.0,0.388,0.382,23.6,93,923.2,2.5
SEP_KMG_05,2023-07-26 21:00:00+00:00,0.1,0.1,0.389,0.383,23.4,94,923.1,2.5
SEP_KMG_05,2023-07-26 22:00:00+00:00,0.2,0.2,0.39,0.383,23.0,95,922.7,3.2
SEP_KMG_05,2023-07-26 23:00:00+00:00,0.2,0.2,0.391,0.383,22.8,95,923.0,3.6
SEP_KMG_05,2023-07-27 00:00:00+00:00,0.2,0.2,0.387,0.382,24.1,89,923.7,3.6
SEP_KMG_05,2023-07-27 01:00:00+00:00,0.0,0.0,0.386,0.382,24.9,85,924.5,4.7
SEP_KMG_05,2023-07-27 02:00:00+00:00,0.1,0.1,0.386,0.382,25.5,84,925.0,4.7
SEP_KMG_05,2023-07-27 03:00:00+00:00,0.1,0.1,0.385,0.382,26.1,83,924.9,5.4
SEP_KMG_05,2023-07-27 04:00:00+00:00,0.1,0.1,0.384,0.382,26.7,81,924.5,7.1
SEP_KMG_05,2023-07-27 05:00:00+00:00,0.1,0.1,0.384,0.382,26.8,81,924.1,7.7
SEP_KMG_05,2023-07-27 06:00:00+00:00,0.4,0.4,0.384,0.381,26.8,83,923.4,7.2
SEP_KMG_05,2023-07-27 07:00:00+00:00,0.7,0.7,0.386,0.381,27.1,80,922.3,8.4
SEP_KMG_05,2023-07-27 08:00:00+00:00,6.3,6.3,0.421,0.386,26.2,86,921.5,6.9
SEP_KMG_05,2023-07-27 09:00:00+00:00,0.4,0.4,0.415,0.389,26.1,86,920.7,4.9
SEP_KMG_05,2023-07-27 10:00:00+00:00,0.5,0.5,0.412,0.39,26.0,86,920.3,4.7
SEP_KMG_05,2023-07-27 11:00:00+00:00,0.4,0.4,0.41,0.392,25.5,91,920.2,6.8
SEP_KMG_05,2023-07-27 12:00:00+00:00,0.1,0.1,0.4,0.388,24.8,89,921.4,5.6
SEP_KMG_05,2023-07-27 13:00:00+00:00,0.1,0.1,0.399,0.388,24.5,90,921.6,5.4
SEP_KMG_05,2023-07-27 14:00:00+00:00,0.1,0.1,0.398,0.389,24.3,91,922.0,4.9
SEP_KMG_05,2023-07-27 15:00:00+00:00,0.1,0.1,0.397,0.389,24.3,90,922.3,4.6
SEP_KMG_05,2023-07-27 16:00:00+00:00,0.0,0.0,0.396,0.389,24.4,89,922.7,5.6
SEP_KMG_05,2023-07-27 17:00:00+00:00,0.4,0.4,0.398,0.39,24.1,88,922.3,5.1
SEP_KMG_05,2023-07-27 18:00:00+00:00,2.3,2.3,0.415,0.39,23.8,91,921.6,3.6
SEP_KMG_05,2023-07-27 19:00:00+00:00,2.6,2.6,0.427,0.394,23.8,91,921.2,3.6
SEP_KMG_05,2023-07-27 20:00:00+00:00,3.4,3.4,0.428,0.403,23.6,94,920.8,3.4
SEP_KMG_05,2023-07-27 21:00:00+00:00,1.5,1.5,0.426,0.408,23.3,96,920.3,3.8
SEP_KMG_05,2023-07-27 22:00:00+00:00,0.8,0.8,0.424,0.41,23.4,95,920.3,3.2
SEP_KMG_05,2023-07-27 23:00:00+00:00,0.9,0.9,0.424,0.412,23.4,94,920.5,3.1
SEP_KMG_05,2023-07-28 00:00:00+00:00,0.9,0.9,0.426,0.404,23.8,95,921.2,3.6
SEP_KMG_05,2023-07-28 01:00:00+00:00,0.7,0.7,0.422,0.406,24.4,92,921.2,4.7
SEP_KMG_05,2023-07-28 02:00:00+00:00,0.4,0.4,0.419,0.407,24.6,92,921.9,5.5
SEP_KMG_05,2023-07-28 03:00:00+00:00,0.2,0.2,0.416,0.408,25.2,89,921.9,5.8
SEP_KMG_05,2023-07-28 04:00:00+00:00,0.2,0.2,0.415,0.408,26.1,84,921.7,8.4
SEP_KMG_05,2023-07-28 05:00:00+00:00,0.1,0.1,0.413,0.409,25.9,84,921.3,9.0
SEP_KMG_05,2023-07-28 06:00:00+00:00,0.2,0.2,0.411,0.408,26.2,84,920.8,9.1
SEP_KMG_05,2023-07-28 07:00:00+00:00,0.2,0.2,0.41,0.408,26.4,83,919.9,8.3
SEP_KMG_05,2023-07-28 08:00:00+00:00,0.2,0.2,0.409,0.408,26.9,80,919.1,6.9
SEP_KMG_05,2023-07-28 09:00:00+00:00,0.4,0.4,0.41,0.407,26.4,82,918.6,7.2
SEP_KMG_05,2023-07-28 10:00:00+00:00,0.2,0.2,0.409,0.407,26.6,81,918.1,6.8
SEP_KMG_05,2023-07-28 11:00:00+00:00,1.6,1.6,0.417,0.408,26.0,82,918.1,6.9
SEP_KMG_05,2023-07-28 12:00:00+00:00,0.2,0.2,0.407,0.409,25.1,87,919.8,3.8
SEP_KMG_05,2023-07-28 13:00:00+00:00,0.1,0.1,0.407,0.409,24.8,88,920.3,4.5
SEP_KMG_05,2023-07-28 14:00:00+00:00,0.0,0.0,0.406,0.409,24.2,91,920.6,3.4
SEP_KMG_05,2023-07-28 15:00:00+00:00,0.3,0.3,0.408,0.409,24.0,91,921.0,2.9
SEP_KMG_05,2023-07-28 16:00:00+00:00,0.7,0.7,0.412,0.408,23.9,91,921.2,3.6
SEP_KMG_05,2023-07-28 17:00:00+00:00,0.2,0.2,0.413,0.409,23.7,93,920.9,3.0
SEP_KMG_05,2023-07-28 18:00:00+00:00,1.4,1.4,0.421,0.409,23.5,93,920.5,2.5
SEP_KMG_05,2023-07-28 19:00:00+00:00,3.9,3.9,0.43,0.416,23.3,94,920.0,2.9
SEP_KMG_05,2023-07-28 20:00:00+00:00,3.1,3.1,0.429,0.423,23.1,94,919.5,2.6
SEP_KMG_05,2023-07-28 21:00:00+00:00,1.3,1.3,0.429,0.425,23.0,94,919.2,3.1
SEP_KMG_05,2023-07-28 22:00:00+00:00,1.0,1.0,0.429,0.426,23.1,94,919.3,3.3
SEP_KMG_05,2023-07-28 23:00:00+00:00,0.7,0.7,0.428,0.426,23.4,91,919.7,2.9
SEP_KMG_05,2023-07-29 00:00:00+00:00,0.2,0.2,0.426,0.426,23.4,92,920.3,3.9
SEP_KMG_05,2023-07-29 01:00:00+00:00,0.3,0.3,0.425,0.425,24.1,91,921.4,3.7
SEP_KMG_05,2023-07-29 02:00:00+00:00,0.2,0.2,0.423,0.424,25.2,86,922.0,4.2
SEP_KMG_05,2023-07-29 03:00:00+00:00,0.0,0.0,0.422,0.423,25.7,81,922.3,4.7
SEP_KMG_05,2023-07-29 04:00:00+00:00,1.9,1.9,0.43,0.423,25.3,82,922.3,4.0
SEP_KMG_05,2023-07-29 05:00:00+00:00,1.5,1.5,0.429,0.425,25.0,86,922.2,4.3
SEP_KMG_05,2023-07-29 06:00:00+00:00,1.2,1.2,0.428,0.426,25.1,86,921.6,5.4
SEP_KMG_05,2023-07-29 07:00:00+00:00,0.4,0.4,0.426,0.425,24.8,88,920.8,3.7
SEP_KMG_05,2023-07-29 08:00:00+00:00,0.1,0.1,0.424,0.424,26.0,83,919.8,3.7
SEP_KMG_05,2023-07-29 09:00:00+00:00,0.2,0.2,0.422,0.423,27.4,75,919.3,3.9
SEP_KMG_05,2023-07-29 10:00:00+00:00,0.1,0.1,0.42,0.422,27.2,75,918.9,4.1
SEP_KMG_05,2023-07-29 11:00:00+00:00,0.2,0.2,0.419,0.421,26.9,76,919.1,4.0
SEP_KMG_05,2023-07-29 12:00:00+00:00,0.1,0.1,0.412,0.418,26.3,85,919.8,3.1
SEP_KMG_05,2023-07-29 13:00:00+00:00,0.0,0.0,0.411,0.417,24.8,85,920.2,3.3
SEP_KMG_05,2023-07-29 14:00:00+00:00,0.0,0.0,0.411,0.416,24.6,87,920.9,3.2
SEP_KMG_05,2023-07-29 15:00:00+00:00,0.0,0.0,0.411,0.416,25.2,84,921.4,0.4
SEP_KMG_05,2023-07-29 16:00:00+00:00,0.0,0.0,0.41,0.415,24.2,88,921.8,2.9
SEP_KMG_05,2023-07-29 17:00:00+00:00,0.0,0.0,0.41,0.415,22.9,92,921.6,3.3
SEP_KMG_05,2023-07-29 18:00:00+00:00,0.0,0.0,0.41,0.415,22.9,92,921.2,2.9
SEP_KMG_05,2023-07-29 19:00:00+00:00,0.0,0.0,0.409,0.414,22.4,94,920.5,3.6
SEP_KMG_05,2023-07-29 20:00:00+00:00,0.0,0.0,0.409,0.414,23.4,88,920.2,1.8
SEP_KMG_05,2023-07-29 21:00:00+00:00,0.0,0.0,0.409,0.413,23.3,87,919.9,1.1
SEP_KMG_05,2023-07-29 22:00:00+00:00,0.0,0.0,0.408,0.413,23.4,85,919.8,1.8
SEP_KMG_05,2023-07-29 23:00:00+00:00,0.0,0.0,0.408,0.413,22.5,87,919.6,2.3
SEP_KMG_05,2023-07-30 00:00:00+00:00,0.0,0.0,0.41,0.414,23.2,92,920.9,1.5
SEP_KMG_05,2023-07-30 01:00:00+00:00,1.5,1.5,0.419,0.414,23.1,95,921.3,2.5
SEP_KMG_05,2023-07-30 02:00:00+00:00,0.3,0.3,0.418,0.415,23.3,95,921.8,3.3
SEP_KMG_05,2023-07-30 03:00:00+00:00,0.2,0.2,0.417,0.415,24.0,91,922.0,2.9
SEP_KMG_05,2023-07-30 04:00:00+00:00,0.2,0.2,0.416,0.415,25.0,88,922.0,3.9
SEP_KMG_05,2023-07-30 05:00:00+00:00,0.1,0.1,0.415,0.415,25.5,86,921.3,3.7
SEP_KMG_05,2023-07-30 06:00:00+00:00,0.0,0.0,0.413,0.414,27.5,77,920.3,3.3
SEP_KMG_05,2023-07-30 07:00:00+00:00,0.0,0.0,0.41,0.413,29.6,67,918.8,4.2
SEP_KMG_05,2023-07-30 08:00:00+00:00,0.1,0.1,0.408,0.412,30.4,64,917.9,8.2
SEP_KMG_05,2023-07-30 09:00:00+00:00,0.3,0.3,0.408,0.412,29.1,69,917.0,7.0
SEP_KMG_05,2023-07-30 10:00:00+00:00,0.2,0.2,0.407,0.411,28.9,71,916.5,6.0
SEP_KMG_05,2023-07-30 11:00:00+00:00,0.1,0.1,0.407,0.411,28.0,77,917.0,4.0
SEP_KMG_05,2023-07-30 12:00:00+00:00,0.0,0.0,0.4,0.406,27.7,81,917.8,2.0
SEP_KMG_05,2023-07-30 13:00:00+00:00,0.0,0.0,0.4,0.406,26.2,86,918.4,3.3
SEP_KMG_05,2023-07-30 14:00:00+00:00,0.0,0.0,0.4,0.406,26.8,81,919.7,3.3
SEP_KMG_05,2023-07-30 15:00:00+00:00,0.0,0.0,0.4,0.405,26.4,83,920.8,2.5
SEP_KMG_05,2023-07-30 16:00:00+00:00,0.0,0.0,0.399,0.405,24.5,89,920.9,4.2
SEP_KMG_05,2023-07-30 17:00:00+00:00,0.0,0.0,0.399,0.405,24.5,89,920.9,4.3
SEP_KMG_05,2023-07-30 18:00:00+00:00,0.0,0.0,0.399,0.405,25.4,82,920.4,3.6
SEP_KMG_05,2023-07-30 19:00:00+00:00,0.0,0.0,0.399,0.405,23.5,90,919.1,4.5
SEP_KMG_05,2023-07-30 20:00:00+00:00,0.0,0.0,0.399,0.404,23.2,89,918.2,4.6
SEP_KMG_05,2023-07-30 21:00:00+00:00,0.0,0.0,0.399,0.404,23.0,87,917.9,2.7
SEP_KMG_05,2023-07-30 22:00:00+00:00,0.0,0.0,0.399,0.404,22.0,91,917.8,1.1
SEP_KMG_05,2023-07-30 23:00:00+00:00,0.0,0.0,0.398,0.404,21.4,92,918.2,1.5
SEP_KMG_05,2023-07-31 00:00:00+00:00,0.0,0.0,0.399,0.405,23.4,82,919.1,2.3
SEP_KMG_05,2023-07-31 01:00:00+00:00,0.0,0.0,0.399,0.405,25.1,81,920.1,2.3
SEP_KMG_05,2023-07-31 02:00:00+00:00,0.0,0.0,0.398,0.404,27.0,77,921.0,0.4
SEP_KMG_05,2023-07-31 03:00:00+00:00,0.0,0.0,0.397,0.403,27.9,74,921.1,1.8
SEP_KMG_05,2023-07-31 04:00:00+00:00,0.0,0.0,0.395,0.402,29.0,69,921.0,3.9
SEP_KMG_05,2023-07-31 05:00:00+00:00,0.0,0.0,0.393,0.401,29.9,65,920.3,3.4
SEP_KMG_05,2023-07-31 06:00:00+00:00,0.0,0.0,0.391,0.4,30.4,64,919.4,3.9
SEP_KMG_05,2023-07-31 07:00:00+00:00,0.0,0.0,0.389,0.399,31.0,63,918.1,5.4
SEP_KMG_05,2023-07-31 08:00:00+00:00,0.0,0.0,0.387,0.398,31.2,64,917.2,4.7
SEP_KMG_05,2023-07-31 09:00:00+00:00,0.0,0.0,0.386,0.397,29.1,73,916.7,6.5
SEP_KMG_05,2023-07-31 10:00:00+00:00,0.2,0.2,0.387,0.397,28.8,75,916.2,3.0
SEP_KMG_05,2023-07-31 11:00:00+00:00,0.0,0.0,0.386,0.396,28.3,78,916.7,3.3
SEP_KMG_05,2023-07-31 12:00:00+00:00,0.1,0.1,0.385,0.393,25.7,91,917.2,3.6
SEP_KMG_05,2023-07-31 13:00:00+00:00,0.0,0.0,0.386,0.393,25.9,88,917.9,1.1
SEP_KMG_05,2023-07-31 14:00:00+00:00,0.0,0.0,0.386,0.393,25.4,91,918.9,2.6
SEP_KMG_05,2023-07-31 15:00:00+00:00,0.0,0.0,0.386,0.392,26.1,85,920.0,2.8
SEP_KMG_05,2023-07-31 16:00:00+00:00,0.0,0.0,0.386,0.392,25.7,86,920.4,4.7
SEP_KMG_05,2023-07-31 17:00:00+00:00,0.0,0.0,0.386,0.392,24.6,89,920.3,4.1
SEP_KMG_05,2023-07-31 18:00:00+00:00,0.0,0.0,0.386,0.392,24.2,88,919.6,3.7
SEP_KMG_05,2023-07-31 19:00:00+00:00,0.0,0.0,0.386,0.392,23.7,89,918.6,3.6
SEP_KMG_05,2023-07-31 20:00:00+00:00,0.0,0.0,0.386,0.392,23.1,89,918.1,3.4
SEP_KMG_05,2023-07-31 21:00:00+00:00,0.0,0.0,0.386,0.392,23.0,88,918.0,2.9
SEP_KMG_05,2023-07-31 22:00:00+00:00,0.0,0.0,0.386,0.392,22.1,91,917.6,3.0
SEP_KMG_05,2023-07-31 23:00:00+00:00,0.0,0.0,0.386,0.391,22.1,90,917.8,3.2
