rainfall_1h,rainfall_3h,rainfall_6h,rainfall_24h,rainfall_intensity,soil_moisture,river_level,river_level_change,elevation,slope,distance_to_river,historical_flood_frequency,flood_label
9.78,17.56,29.85,52.49,9.55,51.65,1.97,-0.03,1323.1,33.1,4.41,0.608,0
22.59,68.1,95.54,142.63,26.86,69.26,3.08,0.53,1796.2,39.7,5.06,0.615,0
9.77,22.37,70.9,112.57,10.45,62.51,2.75,0.11,2949.4,42.2,9.03,0.356,0
13.94,22.65,43.08,86.09,16.42,48.05,1.77,-0.03,1068.0,18.6,4.19,0.684,0
1.84,3.05,5.02,10.24,1.55,39.24,1.5,-0.22,649.9,22.3,2.04,0.726,0
5.3,15.54,20.12,54.98,6.77,37.08,1.37,-0.18,1104.9,30.5,3.16,0.573,0
9.85,17.94,20.45,32.73,9.65,47.32,1.86,-0.11,1800.7,33.4,4.89,0.585,0
56.33,108.67,168.23,319.84,67.77,82.29,5.31,2.61,2228.8,41.1,11.12,0.301,1
12.55,14.06,31.19,54.29,13.98,59.69,1.81,0.03,1039.1,27.4,5.38,0.632,0
12.09,25.32,76.35,228.6,13.83,56.11,2.06,-0.16,3028.3,47.1,8.5,0.304,1
0.93,3.33,5.05,14.54,0.91,54.8,2.05,-0.21,1191.3,25.5,4.36,0.646,0
2.01,2.63,3.26,5.1,1.53,27.03,1.72,-0.44,1569.2,32.6,5.54,0.562,0
12.55,14.33,17.93,50.78,12.21,53.14,2.02,-0.08,1457.5,26.8,8.02,0.488,0
15.66,30.08,54.86,86.14,15.21,57.97,2.03,0.04,759.3,30.6,2.27,0.707,0
23.34,32.68,59.32,84.61,30.31,38.8,2.04,0.03,1493.7,25.6,5.64,0.617,0
58.29,88.69,129.0,254.32,57.47,59.56,3.49,0.82,1783.2,37.2,7.55,0.445,1
6.78,47.54,85.49,180.87,4.77,80.69,3.02,-0.31,521.3,26.5,2.85,0.789,0
45.84,90.96,121.94,300.32,52.6,57.38,3.04,0.61,2170.5,37.8,6.61,0.459,1
19.16,36.57,63.4,90.0,16.68,70.53,2.07,0.04,775.7,25.9,2.56,0.64,0
0.59,2.04,6.65,15.28,0.69,26.8,1.78,-0.1,1665.7,32.8,5.41,0.643,0
72.55,102.39,155.74,199.88,91.65,79.86,4.35,2.66,441.1,29.5,2.23,0.823,1
15.1,64.22,118.45,143.7,12.56,78.61,3.75,0.29,1542.4,27.8,5.3,0.575,0
3.2,5.48,25.08,34.92,3.68,51.75,2.05,-0.3,2285.8,34.9,8.4,0.426,0
27.15,33.94,65.58,72.42,19.49,40.7,2.01,-0.26,2413.0,43.9,6.82,0.447,0
18.26,25.9,29.87,102.12,22.45,68.91,2.3,0.38,2487.8,42.2,11.35,0.259,0
14.39,25.26,32.43,51.01,10.62,63.39,1.62,-0.19,538.5,14.7,6.24,0.732,0
7.25,25.59,36.83,116.86,5.51,59.32,1.9,-0.17,1923.3,37.8,7.52,0.47,0
21.99,33.38,88.39,208.29,20.91,55.38,2.66,0.19,2975.1,46.9,9.68,0.278,0
68.89,110.02,172.75,269.76,77.97,87.31,6.28,3.49,2330.8,45.8,6.1,0.442,1
26.64,55.95,60.67,119.42,20.39,66.97,2.09,0.12,1823.6,32.8,4.98,0.453,0
27.19,55.89,102.54,159.39,34.62,68.85,3.31,0.67,1961.4,36.6,5.51,0.658,0
11.53,33.83,48.99,121.24,11.47,43.69,2.17,-0.2,991.5,35.2,3.83,0.674,0
6.31,29.22,46.88,76.97,6.16,52.83,1.81,-0.19,1009.8,19.8,2.92,0.824,0
33.45,65.45,95.83,105.79,32.2,49.38,2.17,-0.01,1342.8,30.0,3.97,0.563,0
2.49,3.01,4.77,11.39,2.46,19.69,1.99,-0.47,990.2,35.0,3.56,0.624,0
7.71,14.09,25.16,54.36,7.52,37.95,1.54,-0.2,2321.8,37.9,6.13,0.515,0
8.34,30.34,36.2,100.48,10.06,59.45,1.87,-0.12,2255.6,40.3,7.18,0.49,0
6.34,17.06,22.63,41.05,7.93,61.44,1.69,-0.17,1097.7,17.3,4.59,0.682,0
9.11,14.0,29.84,51.47,8.99,37.27,1.71,-0.32,1059.3,38.2,3.99,0.677,0
6.84,20.84,45.06,69.79,5.18,59.5,1.96,-0.27,2207.3,40.6,7.56,0.442,0
14.65,53.01,102.69,183.19,15.03,77.35,3.03,0.32,717.3,24.6,4.18,0.634,0
15.54,36.01,54.41,78.39,12.42,59.85,2.46,-0.08,3020.8,44.2,8.77,0.288,0
1.72,2.3,4.02,7.38,1.21,38.74,1.45,-0.32,751.2,23.8,2.39,0.806,0
21.42,45.47,52.16,73.35,16.31,64.02,1.95,-0.03,1141.6,28.2,4.92,0.598,0
7.33,47.64,95.56,204.4,8.3,71.39,3.57,0.13,2829.9,57.4,10.14,0.267,0
5.98,8.08,34.6,67.77,7.01,59.21,1.81,-0.15,2896.5,48.7,7.86,0.328,0
2.26,8.93,14.24,34.31,1.81,28.81,1.76,-0.36,925.9,26.1,3.16,0.759,0
7.13,22.43,53.68,153.31,8.11,48.14,2.04,-0.2,3100.5,44.0,8.35,0.284,0
2.75,10.26,33.96,37.68,2.5,48.04,1.73,-0.22,3197.5,48.3,8.65,0.284,0
3.05,8.63,27.7,90.53,3.53,44.74,1.83,-0.12,1693.1,31.8,8.1,0.415,0
8.33,16.94,30.06,48.51,10.25,40.63,1.95,-0.22,2893.2,40.8,8.6,0.352,0
78.54,132.87,180.93,328.7,74.38,86.51,6.94,3.52,2539.7,49.8,7.31,0.387,1
15.12,95.13,159.97,224.52,14.16,71.97,4.28,-0.06,881.3,26.6,2.53,0.691,0
6.3,12.5,39.47,44.35,7.95,41.34,2.03,-0.33,2474.7,33.4,8.42,0.34,0
29.29,57.25,94.21,165.59,32.21,61.76,2.45,0.35,754.5,14.2,6.82,0.691,0
13.95,24.79,27.5,61.79,13.79,59.46,1.58,0.13,1156.8,32.7,3.3,0.696,0
1.71,2.69,3.3,6.04,1.2,15.33,1.55,-0.14,3070.5,50.9,11.6,0.203,0
44.3,69.3,85.27,119.44,51.59,49.3,2.45,0.7,2956.6,52.7,8.98,0.38,0
35.66,47.91,71.76,184.71,41.92,58.25,2.49,0.69,2998.9,47.8,9.04,0.245,0
39.49,77.03,98.88,169.1,50.76,58.65,3.21,0.99,2386.4,46.7,6.49,0.382,1
65.77,81.83,104.63,145.79,64.0,63.79,3.61,1.54,2809.1,51.4,11.76,0.243,1
61.49,90.98,111.34,183.03,76.12,74.1,3.4,1.83,1399.2,23.4,6.15,0.535,1
6.28,10.02,19.71,26.06,6.05,42.18,1.69,-0.17,1300.9,31.4,3.57,0.7,0
20.04,32.78,59.46,79.14,23.15,37.07,1.53,-0.29,1611.1,26.5,5.3,0.532,0
1.18,2.39,5.0,15.34,1.41,46.83,1.36,-0.45,2383.9,41.4,7.67,0.491,0
7.16,10.99,20.46,30.2,7.33,23.94,1.7,-0.31,2295.8,37.4,12.92,0.192,0
16.01,29.84,105.93,158.39,16.33,64.68,2.96,0.11,2441.2,45.2,7.53,0.473,0
60.12,87.22,181.69,330.25,69.93,89.58,5.79,2.66,1577.5,28.8,4.86,0.597,1
6.46,11.91,14.05,33.43,4.67,22.92,1.13,-0.38,2097.8,42.2,7.64,0.498,0
34.35,71.53,124.77,251.1,29.05,59.69,2.86,0.31,1590.6,29.1,6.58,0.567,0
10.06,17.44,25.01,47.07,9.09,62.1,1.48,-0.08,1216.3,35.2,4.82,0.598,0
16.73,26.35,45.41,95.0,12.77,56.76,1.88,0.0,1748.9,36.3,9.29,0.433,0
29.74,38.47,54.79,119.78,24.42,62.13,1.87,0.5,3041.7,47.8,8.27,0.378,0
47.93,76.94,138.16,157.77,49.86,53.41,3.1,0.62,1964.1,41.0,8.29,0.465,0
19.64,45.15,82.97,165.31,22.09,48.84,2.84,0.05,2381.4,45.2,7.41,0.391,0
25.13,34.02,47.29,84.13,29.48,32.98,1.88,-0.12,2594.4,49.0,6.95,0.344,0
18.92,24.0,99.89,150.41,21.02,72.08,3.29,0.52,2656.9,42.8,7.91,0.38,0
19.42,47.36,156.74,350.89,16.63,84.04,5.05,0.49,2123.2,37.9,6.14,0.585,1
28.71,30.71,39.28,87.98,36.55,51.43,1.81,0.35,3058.0,47.1,10.3,0.267,0
4.32,32.4,55.57,87.01,5.24,50.21,2.14,-0.11,2505.0,38.2,6.74,0.348,0
59.33,87.42,169.6,220.47,73.6,61.72,3.68,1.29,1050.0,28.5,5.01,0.716,1
80.38,92.68,140.71,207.46,69.26,70.58,4.01,1.59,1711.2,35.1,5.94,0.547,1
55.47,93.3,141.26,158.64,68.14,54.63,2.86,0.84,1738.2,30.3,5.52,0.494,0
23.86,83.48,173.3,346.74,19.16,70.11,4.13,0.2,1723.9,32.1,7.66,0.501,0
56.24,69.79,156.42,216.68,68.95,90.44,4.44,1.94,941.8,18.6,2.68,0.706,1
11.01,20.14,38.63,59.67,8.52,34.79,1.44,-0.09,1723.1,34.5,7.39,0.498,0
17.49,26.9,42.49,52.72,17.38,32.22,1.66,-0.35,2399.6,33.3,8.21,0.337,0
25.01,38.83,64.38,78.54,26.57,65.33,2.54,0.16,568.7,26.9,5.11,0.685,0
19.87,43.04,51.5,89.32,14.81,56.21,2.17,0.03,846.2,22.6,2.81,0.829,0
40.39,52.57,72.4,170.46,48.77,55.28,2.36,0.55,2402.9,41.9,6.98,0.45,0
18.03,23.64,38.4,89.11,19.61,49.38,1.89,-0.04,1195.9,25.3,3.65,0.579,0
1.15,10.67,18.32,20.93,1.36,35.63,1.31,-0.09,1468.5,34.9,4.15,0.703,0
28.78,35.97,56.3,75.62,32.82,50.28,1.87,0.21,1412.9,25.5,5.65,0.652,0
31.85,84.47,96.04,169.09,24.71,76.13,4.02,0.76,2856.5,56.7,8.27,0.336,0
38.85,48.96,106.69,123.81,39.9,71.68,3.46,1.18,2812.0,48.9,7.63,0.319,0
10.34,11.54,17.66,34.31,9.98,57.42,1.88,-0.15,2211.2,36.3,7.72,0.404,0
11.35,31.64,56.11,190.52,10.76,74.18,2.37,-0.01,665.3,22.1,2.21,0.682,0
9.37,66.91,171.6,268.42,9.69,65.89,4.08,-0.24,991.2,33.1,3.31,0.769,1
14.07,31.88,55.46,66.05,15.23,61.82,2.05,-0.03,3154.2,43.4,8.13,0.24,0
9.63,14.77,24.61,37.76,11.03,45.81,1.75,-0.25,2884.0,41.5,7.77,0.32,0
26.21,51.82,71.72,88.8,20.49,57.24,2.5,0.21,2834.0,51.0,7.55,0.354,0
13.07,53.41,74.98,126.15,9.86,61.03,2.4,-0.2,1993.4,36.9,8.69,0.487,0
5.56,7.65,21.68,44.57,4.54,28.19,1.24,-0.41,918.5,27.9,6.73,0.554,0
14.67,16.06,27.76,56.5,16.03,55.75,1.69,0.23,1851.7,41.4,5.58,0.466,0
9.5,54.24,78.61,176.5,8.78,80.37,2.47,-0.09,631.6,24.8,3.96,0.737,0
12.6,26.88,86.04,114.55,10.88,51.5,2.17,-0.28,876.4,19.1,7.69,0.599,0
62.82,109.41,123.38,163.2,63.64,50.19,2.85,0.93,2329.7,47.5,7.64,0.416,0
48.59,62.91,115.68,184.96,41.36,56.2,2.81,0.38,1668.4,26.5,4.49,0.494,0
19.72,33.29,78.41,133.68,21.52,60.31,2.94,0.02,1751.6,39.2,4.96,0.56,0
9.21,12.12,26.5,48.18,9.32,36.59,1.48,-0.06,3195.3,58.0,9.51,0.251,0
17.57,23.69,61.62,123.82,21.48,63.04,2.29,0.14,721.5,21.6,2.32,0.748,0
4.89,16.91,35.56,47.06,3.82,44.65,1.6,-0.14,663.9,26.3,2.84,0.745,0
22.64,34.54,100.78,147.3,28.07,52.95,2.42,0.24,1103.8,28.8,3.37,0.675,0
37.11,43.24,48.56,76.09,42.94,47.28,1.54,0.35,1383.3,28.7,4.76,0.624,0
9.71,13.2,21.02,42.17,10.65,53.0,2.05,-0.33,1023.3,26.3,3.21,0.709,0
86.88,169.96,297.07,432.77,93.23,66.87,7.19,2.95,2868.6,57.3,8.66,0.404,1
18.63,34.59,62.14,92.26,14.92,43.81,1.74,-0.02,2735.4,45.1,8.03,0.35,0
21.98,24.17,65.68,120.51,22.53,40.84,1.86,0.03,2974.2,47.3,10.05,0.242,0
11.58,17.87,21.77,39.11,8.15,32.58,2.04,-0.25,2016.6,39.5,5.88,0.485,0
14.51,27.35,44.68,54.88,12.49,40.24,2.36,-0.07,3025.9,44.0,9.22,0.377,0
60.43,90.65,116.75,141.15,43.36,75.32,3.23,0.87,524.6,20.4,1.78,0.821,1
5.09,27.6,32.92,91.29,4.76,39.93,1.76,-0.43,1428.5,37.1,5.6,0.639,0
50.06,71.76,130.01,140.68,36.47,70.71,3.85,0.93,1817.6,42.9,5.23,0.522,0
23.45,43.75,76.51,145.52,22.18,77.89,2.96,0.43,1919.1,39.7,5.14,0.5,0
9.8,40.28,136.84,274.45,7.08,91.82,4.15,0.05,719.7,21.0,2.59,0.718,0
5.49,15.99,18.05,39.57,4.04,55.12,1.85,-0.13,2412.5,38.2,6.77,0.469,0
26.33,51.09,67.38,144.69,31.51,61.08,2.54,0.55,3030.5,40.3,7.87,0.298,0
18.43,26.39,42.02,114.27,21.02,44.23,1.45,-0.06,1409.4,27.0,3.94,0.716,0
9.58,19.8,44.32,85.87,11.5,51.49,1.95,-0.17,757.5,27.0,2.27,0.639,0
14.46,18.16,36.37,46.55,15.74,34.68,2.12,-0.32,2483.9,40.1,7.69,0.34,0
34.37,55.56,100.64,186.56,30.09,73.87,3.5,0.62,2766.1,44.8,8.62,0.346,0
36.58,42.37,80.8,128.68,36.7,46.31,1.78,0.27,2189.8,42.0,7.23,0.465,0
28.98,49.86,78.11,153.63,28.69,70.54,2.21,0.52,1573.1,24.0,4.86,0.62,0
4.23,14.89,27.69,59.71,3.18,60.3,1.79,-0.09,1256.7,26.3,4.32,0.736,0
16.76,34.07,101.21,152.46,18.52,77.06,3.2,0.13,874.4,33.7,2.81,0.7,0
18.91,32.93,82.84,108.93,21.24,62.68,2.83,0.15,2360.7,38.7,6.91,0.447,0
45.46,53.09,64.95,194.62,47.52,72.6,2.85,1.31,1997.9,40.0,7.22,0.43,1
7.83,9.57,24.12,38.85,7.42,57.46,1.95,-0.19,1248.2,31.8,4.12,0.66,0
2.5,17.14,39.86,87.28,1.91,42.18,1.6,-0.14,2565.1,39.2,6.91,0.404,0
6.88,19.49,27.26,48.83,7.52,39.81,2.1,-0.27,1499.2,30.9,3.97,0.605,0
25.52,48.64,59.96,120.57,31.9,44.99,2.01,0.15,2575.2,39.5,7.26,0.436,0
20.56,36.92,60.8,110.04,26.54,56.85,2.13,0.14,1247.7,28.3,4.21,0.617,0
43.68,65.52,121.25,180.64,32.07,70.52,3.23,0.58,2186.7,37.6,5.67,0.443,0
9.42,19.19,55.33,67.71,10.19,60.94,2.4,0.1,1290.8,35.9,5.35,0.587,0
19.69,28.45,93.5,109.7,17.68,46.72,2.03,-0.22,1652.3,33.2,5.02,0.553,0
1.26,1.54,2.9,7.2,1.13,38.39,1.59,-0.23,2309.8,43.5,6.32,0.436,0
70.3,87.25,103.28,233.42,82.07,57.48,2.51,1.44,1375.1,31.0,5.82,0.533,1
29.49,97.26,171.78,359.07,30.67,72.42,4.96,0.61,2464.3,41.9,10.3,0.323,1
3.02,6.17,7.56,15.0,3.21,36.88,1.57,-0.4,2555.1,44.1,6.67,0.356,0
25.62,46.86,86.79,166.81,23.27,70.49,2.67,0.5,3157.0,46.9,10.05,0.272,0
10.53,19.37,32.23,49.96,7.85,62.13,1.61,-0.31,599.9,30.4,2.58,0.805,0
33.14,40.26,81.56,90.87,39.85,55.26,2.72,0.55,3176.7,49.3,10.97,0.2,0
6.85,19.43,46.21,104.28,5.67,45.17,1.34,-0.38,930.6,17.0,3.23,0.645,0
2.47,6.21,7.83,23.36,3.0,29.57,1.46,-0.28,2844.1,37.8,8.7,0.295,0
12.05,25.31,36.82,81.68,9.72,53.52,1.63,-0.29,603.4,23.7,6.52,0.603,0
6.25,14.89,16.84,26.09,5.21,41.92,1.37,-0.44,515.8,21.2,3.74,0.725,0
1.87,2.16,4.77,11.07,1.63,32.64,1.38,-0.16,1518.5,41.6,5.24,0.616,0
1.64,3.43,4.23,9.67,1.31,17.25,1.56,-0.18,1502.3,35.9,4.04,0.655,0
7.91,22.21,46.11,95.13,5.92,67.45,2.32,-0.17,2196.3,31.0,6.14,0.446,0
4.1,8.11,8.76,18.76,4.36,35.19,1.75,-0.18,1611.9,38.6,8.6,0.486,0
26.36,47.34,79.52,91.93,30.24,55.87,2.02,0.17,1236.1,28.8,3.82,0.652,0
79.12,131.04,178.88,349.2,95.8,64.22,4.27,2.44,2103.1,40.6,7.26,0.562,1
16.53,58.68,101.55,263.12,17.96,64.93,3.36,0.28,2603.4,50.2,9.11,0.364,0
21.83,33.87,39.33,49.7,24.19,41.25,1.68,0.11,1991.6,30.3,5.18,0.463,0
34.11,39.7,60.61,71.58,44.29,55.47,2.37,0.33,1313.3,18.5,4.89,0.681,0
17.56,26.14,59.95,90.61,17.63,63.35,2.09,-0.17,1020.0,18.1,3.13,0.661,0
46.13,53.43,78.61,165.76,33.48,72.41,3.0,0.6,3189.7,39.5,8.62,0.327,0
11.96,16.82,25.0,43.73,12.54,37.54,1.8,-0.26,1034.4,25.7,3.62,0.745,0
7.5,15.26,24.29,60.53,8.52,52.05,1.83,-0.1,2861.9,45.9,9.18,0.292,0
19.31,25.61,46.44,52.96,14.2,37.07,1.47,-0.12,1813.5,40.9,6.16,0.454,0
64.12,75.71,112.58,271.35,56.88,88.42,4.61,2.15,2891.4,38.2,7.62,0.43,1
40.65,85.11,129.62,259.69,39.43,85.3,4.79,1.51,2735.2,39.4,7.69,0.432,1
31.97,53.32,109.7,132.14,26.0,51.28,2.7,0.31,3135.9,47.3,8.87,0.313,0
28.38,61.55,83.9,103.28,26.02,75.66,1.89,0.29,760.6,8.7,3.09,0.709,0
24.55,82.32,156.06,218.91,19.02,61.45,3.66,0.2,1398.3,32.7,6.28,0.57,0
13.04,61.55,82.63,118.1,11.46,46.83,2.39,-0.05,2643.8,46.7,7.24,0.469,0
60.83,108.52,163.56,303.98,64.07,87.96,6.07,2.75,2507.3,38.8,8.11,0.41,1
12.08,25.14,40.6,81.18,14.72,43.5,1.71,-0.06,2022.6,32.3,5.76,0.496,0
61.11,87.33,142.41,240.6,75.42,56.7,2.76,1.09,1503.8,29.0,7.81,0.513,1
10.78,12.9,15.81,34.86,13.07,43.36,1.67,-0.21,1832.1,35.3,4.95,0.444,0
10.9,21.65,29.94,69.13,13.53,42.43,1.33,-0.37,1952.2,22.6,6.26,0.544,0
88.79,157.47,172.48,324.5,98.45,61.25,3.38,2.25,1307.7,39.3,3.73,0.597,1
19.12,43.25,61.86,82.43,20.25,66.85,1.98,0.06,2054.2,32.4,9.74,0.449,0
13.62,25.57,32.49,56.45,16.2,30.07,1.9,-0.24,1876.2,37.1,6.45,0.496,0
12.32,29.69,36.68,78.23,12.22,34.79,1.51,-0.08,2418.7,42.6,7.19,0.378,0
8.64,20.44,54.82,106.21,10.22,48.8,1.99,-0.29,1806.0,32.7,6.71,0.488,0
5.1,29.04,82.13,114.03,6.62,46.78,2.07,-0.22,490.3,14.7,2.03,0.839,0
15.74,51.08,87.43,116.29,12.34,68.58,2.68,0.19,1288.6,30.9,6.25,0.612,0
3.92,8.88,15.48,67.97,4.31,62.43,1.78,-0.19,2476.0,41.0,7.5,0.426,0
8.41,80.8,185.51,340.64,6.88,84.63,5.74,-0.05,2046.2,36.1,5.34,0.646,0
10.32,16.93,35.46,82.73,11.92,66.14,1.94,-0.03,1927.5,30.5,5.28,0.554,0
33.76,42.35,70.68,97.84,34.22,67.76,1.89,0.67,2074.6,25.9,6.59,0.531,0
7.63,26.52,53.88,72.44,7.32,59.4,2.24,-0.07,1182.2,28.7,4.26,0.686,0
18.77,21.58,41.09,75.72,19.57,55.93,1.49,0.12,1650.0,34.6,4.52,0.545,0
55.36,116.68,201.83,267.87,55.8,57.48,3.48,0.83,1376.7,28.8,5.31,0.52,1
22.41,47.12,134.59,357.58,16.69,75.69,4.62,0.35,833.7,34.0,4.77,0.797,0
4.94,8.44,11.91,28.51,3.5,48.26,1.45,-0.3,2755.6,42.4,7.73,0.386,0
15.73,39.72,50.14,115.39,14.69,63.04,2.24,-0.22,1350.9,21.9,3.82,0.639,0
28.92,87.67,121.4,168.5,33.22,61.14,3.1,0.34,1700.4,41.3,5.69,0.481,0
5.23,6.02,12.0,16.38,4.58,19.44,1.9,-0.13,2698.4,40.3,7.52,0.324,0
18.73,27.6,38.93,97.75,13.72,72.2,2.27,0.17,1571.8,35.6,5.01,0.568,0
26.17,30.31,53.42,109.16,29.44,74.13,2.48,0.49,1014.0,29.4,3.97,0.656,0
45.67,63.56,93.38,198.54,51.65,65.42,3.27,1.13,3068.5,46.6,8.91,0.214,1
6.28,41.23,95.86,214.71,5.91,60.07,2.47,-0.34,2340.6,37.0,6.09,0.41,0
4.22,6.5,14.85,27.69,4.99,22.67,1.37,-0.33,2817.2,46.1,9.2,0.244,0
33.85,88.2,124.38,156.43,27.83,57.21,2.91,0.54,3046.4,47.9,9.67,0.269,0
8.03,9.41,12.81,34.17,8.83,52.24,1.6,-0.03,3185.6,42.3,8.41,0.318,0
13.13,21.48,28.7,56.31,10.25,30.74,1.47,-0.14,1512.2,33.4,6.09,0.492,0
0.57,4.61,9.53,11.19,0.53,22.73,1.53,-0.34,467.0,21.3,1.89,0.807,0
17.91,36.98,43.69,73.54,16.69,36.39,1.5,-0.04,1148.4,27.1,5.42,0.639,0
39.53,109.02,133.83,221.93,40.72,82.61,5.18,1.72,2406.6,50.4,7.35,0.425,1
14.58,36.82,48.94,99.26,15.97,67.05,2.14,0.07,1266.2,23.5,3.73,0.665,0
47.55,62.88,98.12,192.28,61.57,84.06,3.23,1.94,1546.9,24.7,7.71,0.456,1
13.17,21.56,33.11,37.36,10.44,56.41,1.75,0.03,2211.9,36.1,6.7,0.428,0
9.28,10.94,22.24,47.55,7.39,56.74,2.26,0.02,2562.2,42.4,6.91,0.375,0
20.41,54.88,80.65,172.48,24.64,52.92,2.65,0.29,2758.8,54.1,7.3,0.327,0
30.02,55.71,78.75,165.22,22.22,51.04,2.33,0.19,3008.6,42.7,8.79,0.322,0
22.93,31.73,60.19,184.78,21.6,58.05,2.08,0.06,1659.9,34.5,4.8,0.57,0
27.78,52.94,92.2,140.07,24.61,71.56,2.96,0.57,957.0,32.4,3.26,0.631,0
26.92,47.26,78.11,171.78,27.28,86.32,2.2,0.2,465.9,10.0,4.2,0.725,1
6.7,32.24,49.95,103.04,4.77,57.76,2.27,-0.34,2439.4,44.7,7.23,0.485,0
27.85,73.17,141.36,194.89,31.74,84.48,4.09,0.73,415.4,22.5,4.25,0.633,1
62.64,105.48,148.87,288.76,64.92,57.48,3.81,1.29,2410.2,42.6,8.48,0.378,1
4.46,25.49,31.73,78.07,5.66,68.99,2.14,-0.11,1436.0,22.8,5.25,0.654,0
26.04,50.33,88.02,179.41,33.26,85.45,3.06,0.65,757.6,18.8,3.15,0.7,1
16.89,21.57,41.42,54.44,18.07,63.47,1.82,-0.07,919.5,21.5,6.02,0.575,0
15.46,20.67,49.02,108.09,13.31,63.22,2.22,0.11,2359.5,35.7,8.26,0.349,0
58.13,86.42,140.54,254.19,59.22,51.76,2.81,1.06,2321.7,51.0,7.24,0.433,1
5.57,31.59,62.86,84.88,6.38,37.99,1.66,-0.09,2759.3,39.5,7.49,0.424,0
24.11,48.21,91.94,135.86,20.59,53.89,2.56,0.09,2883.1,35.9,7.55,0.362,0
29.09,36.4,59.2,161.53,22.05,52.12,2.22,0.1,882.0,26.1,4.15,0.685,0
21.4,49.73,119.05,230.12,24.82,57.2,2.33,0.25,1265.7,23.1,3.45,0.696,1
21.54,33.18,49.9,147.11,17.85,57.19,2.14,-0.04,619.3,17.4,4.58,0.773,0
9.9,18.18,43.99,50.17,7.35,33.68,1.43,-0.12,1315.2,26.6,6.96,0.494,0
26.88,36.68,42.58,94.29,27.4,60.53,1.87,0.26,432.5,26.1,1.88,0.834,0
3.54,5.46,10.25,13.06,3.17,47.59,2.05,-0.35,1851.7,33.4,4.97,0.526,0
4.06,5.97,16.91,36.62,2.91,29.0,1.76,-0.27,1042.3,35.4,3.3,0.75,0
34.23,82.88,115.75,198.45,28.13,72.63,3.72,0.78,2986.1,45.7,8.01,0.429,1
22.06,24.58,37.12,55.73,21.96,52.71,1.82,0.15,2861.3,49.4,8.68,0.302,0
51.89,68.88,84.03,112.9,56.17,78.72,3.15,1.14,1238.7,18.0,4.07,0.669,1
36.66,76.52,150.68,211.82,32.62,59.87,3.12,0.42,770.5,23.0,2.37,0.644,1
6.66,21.75,70.21,180.45,5.91,58.7,2.35,-0.33,457.1,10.5,2.51,0.769,0
4.52,21.78,48.24,71.7,5.33,51.37,1.73,-0.14,2891.0,45.9,9.28,0.35,0
9.53,49.62,93.26,149.22,10.66,57.3,1.78,-0.1,494.6,7.9,4.17,0.679,0
16.63,35.55,67.63,141.51,14.58,68.5,2.74,0.25,2501.7,45.6,8.48,0.319,0
12.87,28.35,64.3,76.08,15.22,70.91,2.51,0.02,409.9,18.2,1.34,0.791,0
38.08,41.65,93.63,122.35,27.5,69.24,3.08,0.36,1619.8,31.9,5.13,0.634,0
3.6,10.71,16.49,24.31,4.08,47.65,1.68,-0.16,1194.8,24.9,5.06,0.612,0
3.49,4.03,7.77,15.41,2.63,55.42,1.59,-0.08,1225.2,21.5,3.98,0.732,0
12.43,19.85,37.37,68.99,10.38,67.21,2.08,-0.05,1111.2,26.4,3.78,0.683,0
16.3,38.82,45.66,83.91,18.54,61.7,2.22,0.19,2219.2,40.0,7.2,0.338,0
30.28,40.41,53.3,149.62,23.98,68.62,2.71,0.35,2895.6,50.2,13.36,0.157,0
16.24,21.76,38.97,117.19,19.05,57.63,1.74,0.22,1302.6,24.3,4.04,0.716,0
30.54,49.13,56.5,130.31,31.35,75.09,2.48,0.98,1859.2,41.0,4.87,0.584,0
25.62,55.49,108.82,197.39,22.26,83.67,3.28,0.16,1199.9,16.8,3.48,0.597,0
14.08,18.45,46.33,120.49,12.94,53.68,2.04,-0.13,2810.0,49.1,8.94,0.267,0
3.71,12.21,20.77,26.79,3.97,40.0,1.63,-0.34,763.4,28.1,3.0,0.719,0
19.74,40.28,66.86,124.77,19.06,76.32,2.48,0.06,1300.8,25.3,4.3,0.652,0
29.24,77.4,105.67,191.43,21.85,83.78,3.5,0.58,1413.6,28.4,4.63,0.621,1
7.59,12.21,46.05,140.64,5.92,63.75,2.09,0.04,2296.9,36.8,11.47,0.341,0
42.9,124.78,249.96,483.32,31.87,70.07,6.74,0.95,2872.8,47.4,8.73,0.355,1
64.46,96.05,113.6,217.25,63.04,72.53,3.55,1.37,1741.8,31.5,5.9,0.473,1
18.98,45.9,96.71,145.6,20.5,61.58,3.18,0.29,3180.8,45.9,9.89,0.312,0
33.67,78.83,122.2,134.95,34.91,55.68,3.06,0.46,2562.9,50.1,10.63,0.257,0
42.6,59.74,85.92,140.61,51.32,57.18,2.07,0.52,450.4,22.4,1.88,0.755,1
17.06,29.98,38.68,72.32,18.95,42.34,1.91,-0.18,1517.6,33.0,5.02,0.521,0
3.09,8.08,19.43,33.88,3.81,30.59,1.28,-0.42,1930.8,28.9,5.6,0.623,0
1.75,11.18,22.82,27.57,2.1,49.3,1.61,-0.46,2781.7,31.5,10.62,0.32,0
16.08,39.63,50.68,205.12,16.29,76.85,2.42,0.35,3109.7,50.0,14.64,0.171,0
28.5,65.17,97.02,174.16,26.25,66.8,3.36,0.42,2991.9,49.9,9.55,0.287,0
13.79,20.38,47.14,61.43,12.55,42.99,1.52,-0.1,877.2,27.2,5.64,0.612,0
4.32,16.14,34.1,111.56,3.05,45.21,1.57,-0.19,1677.9,35.8,4.41,0.604,0
30.47,86.83,136.44,246.33,36.12,88.64,4.4,1.22,897.0,28.3,3.9,0.669,1
60.13,77.11,134.12,276.8,62.91,76.71,3.29,1.21,1077.8,19.1,4.13,0.642,1
23.17,43.36,47.18,71.5,29.3,49.43,2.17,0.14,3149.4,49.9,8.94,0.343,0
15.73,39.03,66.98,211.39,14.7,82.06,2.77,0.12,1872.2,37.6,8.9,0.375,0
49.48,110.5,194.72,278.98,47.39,80.51,5.97,1.6,1814.5,39.4,5.18,0.556,1
6.55,10.0,24.56,32.87,8.43,44.87,1.85,-0.17,2600.8,44.0,9.91,0.315,0
19.54,66.77,129.02,183.41,19.31,60.93,3.65,0.07,2795.0,47.0,15.33,0.163,0
3.98,24.5,41.79,102.16,4.34,70.78,1.86,-0.33,561.2,18.9,4.13,0.656,0
8.76,17.52,22.55,69.25,7.65,39.76,1.56,-0.2,3036.3,52.8,11.93,0.154,0
25.14,44.74,76.52,92.65,27.91,45.54,2.05,0.13,859.4,25.1,4.29,0.735,0
8.03,13.31,19.21,25.7,10.31,53.73,1.52,-0.16,479.9,21.2,2.26,0.769,0
21.25,25.66,30.04,70.35,21.27,64.1,1.95,0.33,844.2,29.3,3.79,0.704,0
14.09,21.61,27.35,45.24,17.32,58.01,1.95,0.06,499.8,27.6,3.67,0.773,0
10.02,13.89,21.35,30.26,9.87,52.43,1.79,0.04,1184.9,26.2,3.22,0.728,0
5.48,6.4,16.26,22.35,6.5,54.12,1.75,-0.24,1312.3,27.2,5.87,0.596,0
1.4,3.36,6.07,8.26,1.04,31.58,1.22,-0.33,517.1,20.0,1.74,0.815,0
8.74,11.56,17.64,76.26,7.1,45.27,1.74,-0.26,1498.7,34.1,4.18,0.559,0
16.96,23.75,99.25,256.62,18.99,68.66,2.88,0.12,1873.2,37.2,5.68,0.49,0
26.46,45.36,82.62,97.08,29.02,64.58,2.84,0.42,3045.5,48.9,8.25,0.294,0
26.39,62.68,134.48,189.43,24.3,81.08,4.88,0.62,2215.1,46.2,10.94,0.39,0
38.78,43.24,54.73,124.61,28.36,49.52,1.99,-0.02,578.6,22.1,3.66,0.697,0
28.25,60.73,105.13,153.38,25.37,71.85,3.09,0.42,1679.5,34.6,5.95,0.593,0
41.24,71.66,126.28,219.5,46.51,76.28,4.59,1.57,2440.8,42.6,7.42,0.428,1
5.86,36.78,45.83,126.49,5.32,44.94,1.81,-0.11,1105.3,32.6,4.75,0.623,0
27.69,40.09,84.5,160.81,25.03,73.26,2.96,0.5,1195.5,23.2,5.89,0.485,0
11.98,24.61,42.46,54.12,14.06,52.61,1.69,0.08,2979.2,35.6,8.83,0.285,0
4.08,7.35,12.06,20.5,5.24,39.71,1.95,-0.13,828.0,19.8,5.2,0.669,0
81.77,128.73,165.6,324.33,84.94,67.98,4.23,2.53,3044.4,50.9,12.06,0.129,1
4.47,10.75,12.59,18.67,5.55,23.57,1.41,-0.29,491.9,19.2,2.28,0.712,0
51.7,79.35,96.96,237.19,53.46,75.11,3.42,1.35,2311.5,37.8,9.77,0.341,1
6.44,16.02,26.2,65.57,5.43,62.89,1.92,-0.15,2371.7,41.6,6.85,0.412,0
41.81,65.27,124.68,201.73,40.1,82.73,4.45,1.14,1698.5,36.0,6.69,0.492,1
9.1,39.4,47.78,122.13,10.48,67.92,2.79,-0.14,2699.8,50.8,7.11,0.422,0
9.96,21.51,72.12,136.01,8.16,69.57,2.64,-0.09,1793.5,35.3,7.73,0.408,0
20.1,25.86,47.1,56.63,19.58,65.17,2.5,0.06,1834.7,27.3,4.88,0.531,0
16.02,23.83,49.09,102.42,16.51,57.81,2.23,-0.05,2167.1,37.1,5.67,0.483,0
34.62,51.76,75.6,86.27,35.24,42.06,1.6,-0.01,1737.5,27.8,5.21,0.554,0
9.46,14.84,19.8,43.72,9.61,58.09,1.49,-0.26,668.5,24.9,3.56,0.779,0
32.84,63.5,91.18,121.55,28.88,49.24,2.14,0.29,773.9,30.2,2.55,0.757,0
29.77,61.92,98.01,199.61,37.11,71.59,2.94,0.69,437.7,24.1,3.29,0.689,1
3.85,10.63,22.45,44.74,3.17,59.2,1.92,-0.43,487.7,14.3,2.07,0.724,0
3.57,6.03,15.23,18.03,3.91,41.56,1.54,-0.18,749.1,23.6,3.05,0.681,0
19.55,93.02,131.45,195.32,14.58,84.08,4.41,0.22,1734.6,34.4,7.47,0.614,0
5.14,5.9,13.37,34.28,4.39,32.87,1.4,-0.23,1498.4,28.1,6.34,0.565,0
46.25,70.13,116.28,243.73,40.34,67.49,3.55,0.9,2604.6,44.8,7.77,0.484,1
23.17,27.65,119.5,267.95,22.88,79.47,3.58,0.57,845.9,26.4,2.72,0.733,0
29.44,49.6,72.11,101.38,25.42,57.52,2.01,0.47,2464.8,45.3,8.84,0.384,0
51.82,85.66,140.58,185.4,55.7,73.56,4.51,1.79,2633.8,46.8,7.01,0.324,1
44.76,52.26,64.02,182.97,34.61,78.85,2.7,0.92,1593.2,32.4,4.76,0.579,1
21.23,26.78,32.25,40.07,21.69,30.38,1.97,-0.31,2818.4,46.3,7.31,0.364,0
1.16,5.01,10.3,17.48,1.22,19.73,1.46,-0.25,1646.2,34.6,5.28,0.477,0
8.98,22.87,44.76,100.23,8.92,41.86,1.57,-0.27,1095.3,25.0,3.72,0.645,0
25.3,28.72,33.42,45.86,21.24,50.41,1.88,0.02,729.4,18.2,4.75,0.764,0
9.24,36.59,47.41,118.24,10.79,44.48,1.81,-0.13,792.5,22.5,2.67,0.738,0
57.71,107.98,173.93,278.83,64.38,61.25,3.57,1.32,2440.7,41.4,8.17,0.395,1
5.66,9.84,19.26,36.3,4.86,27.78,1.19,-0.21,1730.4,29.6,5.2,0.513,0
31.64,53.55,68.18,112.39,35.91,70.86,2.34,0.48,1536.7,29.6,4.12,0.676,0
54.21,71.28,83.87,211.59,65.12,79.78,3.36,2.37,3134.6,45.2,8.7,0.318,1
50.24,64.26,111.13,272.18,37.35,72.45,3.37,0.87,1395.5,26.5,5.06,0.547,0
3.07,5.3,6.21,8.36,2.66,15.18,1.24,-0.18,2038.5,43.7,6.32,0.433,0
20.77,27.03,47.11,189.09,24.57,59.62,2.84,0.4,1482.5,47.1,5.67,0.536,0
61.79,72.21,85.92,146.86,77.61,62.09,2.93,2.17,3191.5,58.0,9.42,0.156,1
15.08,16.9,31.11,73.04,13.13,35.46,1.99,-0.02,2624.0,35.2,8.7,0.277,0
2.53,14.65,28.44,36.03,2.13,46.3,1.75,-0.22,2154.0,40.4,7.58,0.428,0
17.2,23.04,52.1,94.36,22.12,52.63,2.18,0.08,2263.8,44.6,10.62,0.334,0
2.95,9.88,21.26,52.79,3.57,35.06,1.85,-0.43,565.2,20.8,1.76,0.844,0
4.59,12.98,26.81,66.05,4.06,48.27,1.57,-0.4,784.9,20.2,3.41,0.736,0
14.46,28.73,82.88,144.59,17.0,56.43,2.49,0.01,1217.9,30.3,3.48,0.731,0
12.08,29.61,34.42,47.71,13.83,43.69,1.49,-0.0,959.9,27.8,4.7,0.723,0
1.18,4.42,8.53,18.55,1.4,28.13,1.47,-0.34,669.7,18.1,1.93,0.73,0
3.41,5.22,12.66,48.01,2.5,64.15,1.92,-0.19,725.6,17.5,6.99,0.656,0
10.12,14.74,55.49,88.72,9.75,65.07,2.34,0.08,1575.9,35.8,8.98,0.364,0
7.86,48.72,97.93,175.81,6.95,65.52,2.75,-0.24,1407.9,27.6,4.5,0.707,0
2.02,8.12,19.61,22.42,1.94,35.29,1.53,-0.19,1742.8,32.0,7.2,0.41,0
11.95,18.73,85.87,156.0,9.39,61.53,2.4,0.04,847.5,30.4,2.42,0.74,0
24.63,35.91,39.82,53.15,31.97,47.26,1.99,0.21,2589.3,42.6,6.91,0.386,0
39.64,101.0,205.92,382.49,34.88,68.58,4.51,0.65,486.8,32.9,4.34,0.633,1
23.75,57.17,69.65,109.94,19.08,76.61,2.29,0.23,938.0,22.4,3.38,0.677,0
90.38,124.82,166.76,282.31,64.11,83.79,4.73,1.9,1123.5,27.2,4.84,0.64,1
13.13,35.45,44.49,91.82,10.12,42.48,1.76,-0.38,640.1,26.6,3.89,0.779,0
3.48,18.43,44.67,76.13,3.5,59.4,1.92,-0.35,723.4,31.7,8.34,0.487,0
13.11,15.22,58.11,115.53,11.46,44.47,2.18,0.07,3018.3,56.9,7.95,0.34,0
58.33,96.58,112.69,211.85,43.16,71.62,3.26,1.04,1537.3,32.1,4.98,0.577,1
1.65,3.32,4.19,9.27,1.83,46.57,1.93,-0.29,1219.9,26.9,3.6,0.694,0
35.51,61.82,115.92,171.31,33.31,48.24,2.67,0.33,2192.5,43.2,6.84,0.325,0
13.28,43.16,62.65,111.72,13.74,68.76,2.28,0.22,914.6,31.1,3.01,0.771,0
53.77,60.58,119.64,172.44,47.2,73.37,3.45,1.0,1070.0,28.1,3.14,0.637,0
4.25,5.48,16.24,28.32,4.21,37.39,1.84,-0.4,2981.1,44.3,9.52,0.264,0
1.23,1.69,2.59,4.75,1.22,35.23,1.55,-0.13,2573.6,41.8,7.42,0.442,0
4.77,15.84,25.46,33.52,4.34,45.19,1.62,-0.37,1457.9,23.1,4.6,0.588,0
28.33,39.19,50.67,110.07,26.33,58.86,1.73,0.29,1875.6,50.2,6.54,0.489,0
7.24,20.22,24.9,36.84,8.14,32.17,1.52,-0.38,792.1,28.7,5.78,0.592,0
8.58,12.23,31.67,49.01,6.87,56.43,1.76,-0.2,484.1,16.9,3.29,0.757,0
65.89,104.32,159.65,230.38,79.61,80.36,5.31,3.21,2859.0,46.9,7.71,0.329,1
66.26,70.75,143.53,254.44,53.46,69.94,3.83,1.21,1833.0,37.1,5.81,0.49,1
40.21,72.19,117.14,206.81,46.8,72.32,3.46,1.08,1647.6,34.5,5.23,0.583,1
11.36,43.47,94.73,150.58,14.11,64.62,2.8,0.08,1390.6,33.1,10.56,0.388,0
29.24,77.84,105.69,119.26,29.22,68.79,3.33,0.69,1797.1,37.7,5.91,0.558,0
18.53,27.55,37.2,67.99,18.56,45.2,1.78,0.01,1579.5,35.3,5.22,0.646,0
74.17,95.66,117.68,233.59,55.53,88.92,3.9,1.91,986.3,31.3,4.01,0.575,1
73.43,99.77,124.51,272.81,64.05,74.6,3.63,1.63,1906.5,36.0,5.39,0.523,1
8.42,20.0,50.24,78.25,6.41,59.24,1.88,-0.21,1692.8,35.4,6.2,0.548,0
15.59,34.13,95.05,112.53,15.05,75.31,2.99,0.18,1204.1,20.5,3.97,0.718,0
3.21,10.2,12.4,49.2,3.67,61.7,1.19,-0.4,2041.6,35.8,5.35,0.473,0
5.04,8.33,13.1,25.35,4.42,23.79,1.37,-0.34,3122.1,45.6,8.13,0.165,0
30.31,43.31,64.73,86.1,29.38,37.19,1.46,-0.02,1584.6,30.2,4.31,0.678,0
53.05,107.46,143.18,269.5,40.25,70.38,3.55,0.98,2503.5,39.3,7.64,0.422,1
3.93,6.31,15.56,18.53,5.09,49.2,1.54,-0.19,2634.4,41.0,10.43,0.29,0
5.7,12.48,18.0,59.17,4.0,32.1,1.63,-0.37,2293.5,45.6,6.98,0.464,0
19.68,60.9,121.58,194.54,21.61,75.32,3.29,0.36,1173.9,24.5,4.81,0.605,0
14.52,27.33,38.61,50.15,12.36,45.16,1.68,-0.35,2030.2,29.2,7.5,0.387,0
4.78,10.37,19.51,21.52,4.92,47.93,2.09,-0.22,1525.5,32.6,4.67,0.552,0
42.2,63.99,116.12,213.65,41.64,61.34,2.77,0.33,1636.9,25.8,4.62,0.486,0
11.71,12.74,17.97,41.11,14.52,61.25,1.39,-0.11,783.4,19.9,2.33,0.674,0
9.9,25.13,28.97,87.53,9.92,67.57,1.68,-0.11,1768.3,31.7,7.55,0.53,0
26.5,58.82,135.07,178.22,23.05,74.4,4.14,0.68,3176.1,55.5,13.42,0.113,0
60.91,116.99,200.84,226.04,50.57,89.19,5.43,1.67,1140.4,22.8,4.48,0.604,1
5.89,9.0,46.3,100.67,5.06,38.18,1.81,-0.3,2714.3,43.0,7.11,0.343,0
10.65,28.96,43.97,104.82,9.66,71.69,1.91,0.03,549.6,12.5,3.53,0.731,0
17.38,21.5,37.12,62.53,22.06,35.14,1.68,-0.01,995.3,25.5,5.99,0.509,0
46.21,72.15,99.13,129.28,40.24,61.34,2.69,0.69,2386.7,40.2,8.91,0.354,0
8.98,17.31,25.27,39.89,9.32,56.57,1.66,-0.33,743.1,25.8,2.1,0.652,0
9.04,37.36,70.14,95.31,9.46,61.3,2.54,0.09,1804.8,31.7,5.0,0.595,0
15.57,21.83,37.88,68.7,12.9,36.48,1.68,-0.16,2066.7,36.8,5.99,0.527,0
13.81,16.45,46.67,64.93,12.03,48.83,2.11,-0.04,2299.9,37.1,7.14,0.413,0
3.42,4.76,9.27,18.41,4.08,31.78,1.64,-0.09,1510.1,31.1,4.1,0.704,0
12.03,14.74,51.25,85.82,13.58,38.0,1.85,-0.23,2479.4,34.9,6.66,0.485,0
9.43,31.04,83.64,240.28,7.97,83.42,2.84,-0.1,1100.1,25.9,5.78,0.607,0
27.54,74.77,135.86,244.37,26.51,56.28,3.17,0.17,2466.7,42.0,9.64,0.318,0
22.5,41.3,57.07,88.73,20.04,34.11,2.03,-0.13,2575.6,50.1,8.79,0.377,0
13.15,19.78,30.9,65.68,12.33,42.39,1.56,-0.1,945.5,18.0,2.72,0.778,0
26.35,58.11,85.26,140.27,28.93,82.32,2.89,0.56,657.6,18.4,3.88,0.721,0
63.04,96.12,176.46,235.29,71.75,72.53,4.13,1.63,1715.2,29.1,5.28,0.545,1
4.95,7.56,13.78,40.78,3.6,36.16,1.51,-0.42,1780.8,32.1,5.95,0.467,0
5.17,12.17,21.22,32.46,5.83,33.58,1.57,-0.4,789.9,29.4,5.95,0.611,0
2.24,3.61,5.39,12.6,2.86,21.33,1.5,-0.3,2008.9,34.8,5.29,0.601,0
4.47,5.0,16.32,28.14,3.14,32.06,1.57,-0.33,3178.8,48.1,10.03,0.3,0
8.69,25.29,48.04,81.68,6.23,66.63,2.18,-0.3,740.9,26.1,2.79,0.744,0
4.22,7.27,13.84,36.65,3.88,42.62,1.68,-0.31,1653.2,31.5,5.03,0.602,0
3.9,16.07,40.83,73.83,3.64,37.73,1.72,-0.44,2875.7,42.8,7.76,0.335,0
9.17,19.56,64.22,91.07,9.95,43.52,1.7,-0.28,1512.3,36.4,7.56,0.56,0
22.6,30.08,78.59,151.4,19.35,56.48,2.26,0.16,431.4,18.3,3.02,0.793,0
24.93,45.67,124.03,148.26,30.84,57.72,2.99,0.4,3066.9,48.0,9.76,0.36,0
43.81,85.97,157.82,257.02,32.93,57.62,2.91,0.27,1973.1,33.5,5.5,0.545,1
16.79,25.95,41.31,51.29,14.66,52.3,2.04,-0.04,1770.4,37.5,5.76,0.557,0
20.98,47.41,74.12,119.84,27.11,76.41,3.05,0.48,1827.2,30.0,4.96,0.566,0
18.6,59.45,112.41,242.91,14.07,74.67,3.74,0.16,2095.3,43.4,5.68,0.509,1
21.42,43.94,80.37,90.05,25.42,59.2,2.48,0.32,3029.0,51.1,8.86,0.35,0
38.62,76.81,83.46,181.57,27.06,73.11,2.54,0.34,510.1,18.6,1.55,0.83,1
2.96,15.55,25.75,30.44,3.82,49.26,1.75,-0.08,1412.1,33.8,5.66,0.526,0
26.3,51.25,97.6,156.87,26.52,62.19,2.63,0.15,974.4,27.9,2.72,0.706,0
23.31,26.73,35.15,127.26,30.0,64.38,1.97,0.32,1777.8,29.6,4.72,0.531,0
8.14,11.65,16.0,37.53,6.5,28.97,1.73,-0.07,2395.9,38.4,7.74,0.446,0
34.16,41.71,47.95,113.53,37.91,61.68,2.34,0.28,1388.2,24.5,3.98,0.606,0
27.42,52.51,65.06,93.87,21.06,67.8,2.65,0.25,1999.2,39.2,8.27,0.477,0
46.54,89.6,163.34,238.16,53.43,73.24,4.36,1.4,1396.9,32.3,6.31,0.633,1
48.91,71.29,103.1,223.53,54.92,74.18,3.02,0.96,539.1,22.0,3.22,0.721,1
43.63,74.39,110.28,175.63,44.4,59.63,3.15,0.83,1930.8,47.6,5.59,0.502,1
16.87,43.61,50.27,98.5,20.51,56.66,1.95,0.1,3131.0,56.0,9.16,0.319,0
9.02,22.82,33.99,57.2,7.66,56.71,1.74,-0.23,991.0,28.6,3.69,0.627,0
39.46,58.02,115.37,236.35,34.06,78.79,4.01,1.25,3189.3,46.3,10.66,0.209,0
21.23,33.74,48.89,64.29,25.58,35.63,1.95,0.05,2807.2,48.1,7.63,0.402,0
17.49,24.62,41.12,69.11,12.96,45.02,2.05,-0.27,2249.6,43.6,8.84,0.353,0
7.14,29.42,71.19,149.46,5.05,51.11,1.97,-0.12,912.4,33.6,3.72,0.706,0
2.33,8.6,32.32,65.01,2.8,46.94,1.76,-0.38,481.1,29.3,1.54,0.729,0
0.15,0.34,0.62,0.75,0.19,41.28,1.44,-0.49,2163.8,47.4,6.62,0.517,0
68.09,102.38,177.56,310.1,49.44,73.03,4.49,1.0,1863.8,31.9,4.88,0.616,1
28.79,55.05,126.28,184.98,26.55,58.64,2.75,0.42,2614.1,37.7,8.57,0.304,0
34.04,75.99,182.53,228.59,42.64,55.78,3.37,0.41,2335.9,38.3,7.27,0.362,1
44.51,78.87,104.4,116.54,57.51,62.76,3.02,0.84,1456.7,32.1,5.9,0.56,0
67.01,139.73,160.75,270.09,65.31,71.73,4.25,1.8,2899.8,39.1,8.38,0.332,1
12.91,20.75,60.99,152.68,15.92,59.72,2.47,0.08,2826.3,39.6,8.05,0.392,0
19.93,29.59,52.81,58.21,17.06,37.9,1.66,-0.22,739.8,32.9,3.21,0.706,0
17.27,39.36,46.94,73.64,19.46,54.14,1.91,0.08,3102.1,45.1,8.81,0.342,0
27.48,50.5,56.24,108.73,28.34,56.26,2.11,0.03,1168.2,22.0,3.74,0.609,0
6.71,9.8,13.56,44.17,5.6,48.68,1.06,-0.36,796.8,18.1,3.02,0.713,0
17.96,32.56,47.99,118.98,17.66,58.98,2.12,0.19,1932.7,38.8,5.66,0.499,0
7.18,15.94,30.5,42.89,5.45,62.72,1.35,-0.19,416.6,15.1,3.8,0.795,0
9.86,23.99,45.89,53.02,8.59,27.14,1.69,-0.35,2700.0,47.1,7.45,0.317,0
80.97,148.98,182.71,235.14,60.94,67.16,3.81,0.84,1086.5,23.2,4.54,0.662,1
86.55,113.86,219.75,321.23,95.69,82.11,4.98,2.58,720.6,20.6,3.12,0.752,1
29.89,44.84,85.52,98.81,32.85,69.79,2.79,0.73,1824.2,41.3,5.03,0.644,0
7.24,28.27,56.85,64.43,8.59,43.16,1.84,-0.12,1249.5,39.0,3.63,0.643,0
7.43,40.79,136.43,287.42,7.16,58.59,2.93,-0.13,1598.9,34.9,5.73,0.573,0
9.75,18.28,52.02,177.0,10.89,79.64,2.5,0.08,1024.1,21.3,4.1,0.641,0
11.28,15.74,34.67,59.71,11.3,47.15,1.98,-0.08,2659.0,53.2,7.4,0.423,0
4.46,18.2,34.04,123.57,4.2,54.58,2.18,-0.34,1463.0,32.9,4.77,0.71,0
16.8,27.88,39.99,52.8,12.78,28.97,1.69,-0.07,2921.1,37.6,9.35,0.384,0
10.81,20.35,38.56,44.95,7.71,32.28,1.81,-0.25,2668.2,53.4,7.28,0.344,0
7.54,11.76,26.97,36.0,8.79,34.41,1.52,-0.15,2032.1,35.2,7.42,0.427,0
20.85,29.45,46.42,51.13,21.02,49.45,1.87,0.14,2322.5,45.7,7.21,0.462,0
16.9,20.15,32.81,49.45,21.27,32.34,1.87,0.05,3040.8,50.0,13.95,0.162,0
2.88,5.03,11.38,25.19,2.53,47.29,1.8,-0.07,2714.9,49.2,7.05,0.489,0
38.78,50.24,63.35,158.62,38.89,77.3,2.63,1.07,1453.3,37.9,14.06,0.239,0
26.85,90.71,116.68,225.81,24.61,80.68,4.18,0.72,2301.8,43.5,5.97,0.521,1
3.85,8.58,21.04,26.49,3.11,40.0,1.32,-0.43,2932.2,46.1,8.62,0.265,0
68.57,94.42,106.9,237.56,80.48,81.46,3.94,2.67,1659.3,34.7,4.45,0.592,1
16.92,26.33,50.56,81.42,16.97,60.05,2.37,0.13,2916.9,58.0,10.17,0.354,0
4.68,20.34,39.15,83.67,4.33,59.19,2.19,-0.07,1125.4,20.2,3.35,0.721,0
17.22,32.49,38.8,95.1,19.04,60.36,2.21,-0.02,869.2,32.0,4.96,0.626,0
2.12,5.62,8.94,12.46,2.71,34.63,1.35,-0.21,2843.6,39.2,7.51,0.375,0
41.54,93.11,141.12,221.36,34.16,87.08,4.2,0.99,1085.4,26.6,4.58,0.59,1
12.0,31.26,48.43,67.81,10.82,38.53,1.5,-0.04,700.3,18.6,2.42,0.777,0
31.53,89.52,151.88,225.81,39.28,65.39,3.25,0.59,2192.9,35.9,7.07,0.411,0
62.4,68.63,103.93,187.06,45.37,59.15,1.89,0.35,592.6,12.5,2.86,0.811,1
9.98,11.76,47.61,59.68,8.07,59.68,2.07,-0.0,1978.8,36.1,7.73,0.468,0
0.59,0.7,1.88,3.56,0.74,26.55,1.43,-0.38,1786.6,38.1,4.89,0.656,0
21.49,56.46,102.17,198.66,17.99,54.11,2.53,-0.15,740.5,30.6,2.38,0.721,0
5.21,12.52,47.86,67.04,4.08,64.93,2.06,-0.14,1637.2,35.7,4.79,0.663,0
11.95,24.41,28.07,32.87,9.76,42.5,1.37,-0.12,2809.6,56.8,7.84,0.41,0
40.29,83.13,161.54,277.59,43.28,72.51,3.95,0.83,538.1,28.3,2.0,0.739,1
21.3,53.04,86.29,182.69,26.85,77.57,2.9,0.59,663.2,25.5,2.8,0.714,1
6.81,55.57,82.86,186.02,7.58,51.73,2.52,-0.31,1675.0,35.6,4.73,0.588,0
2.12,6.81,13.03,18.91,2.01,49.97,1.51,-0.11,2734.8,47.8,9.06,0.375,0
39.45,53.73,65.4,127.76,37.71,52.72,1.99,0.34,1200.5,24.0,3.84,0.601,0
51.58,105.02,130.33,245.94,49.78,82.02,4.03,1.06,1432.4,22.7,4.36,0.739,1
69.23,115.55,170.72,261.84,88.8,74.73,4.27,1.78,1154.6,21.6,4.05,0.69,1
36.41,38.78,51.31,117.38,43.79,51.74,2.02,0.31,600.5,20.6,2.35,0.783,0
29.54,49.63,85.89,115.6,35.87,72.15,3.05,0.9,3048.0,45.8,7.86,0.415,0
30.14,69.18,122.61,217.63,23.96,78.27,3.64,0.31,1567.7,27.9,6.07,0.59,0
7.36,12.8,15.72,29.4,6.23,37.78,1.61,-0.34,1218.2,31.6,5.14,0.614,0
13.71,39.69,50.34,134.26,13.73,49.43,2.12,-0.05,1984.7,43.6,5.45,0.533,0
4.27,8.12,11.07,25.2,3.75,49.89,1.34,-0.06,866.2,33.1,2.49,0.717,0
25.87,49.66,79.17,96.18,21.69,56.94,1.77,-0.01,431.3,16.9,4.25,0.735,0
14.81,29.8,84.47,189.52,17.88,86.41,2.47,0.31,457.7,13.2,2.37,0.839,0
27.73,37.91,118.74,238.7,35.9,69.01,3.86,0.77,2428.7,50.1,8.6,0.315,0
41.49,70.93,147.81,217.82,34.97,58.17,2.82,0.19,1043.7,31.1,2.93,0.757,1
34.26,91.06,202.42,227.66,34.75,63.45,4.21,0.6,847.8,29.3,3.54,0.73,1
3.43,19.69,53.09,82.97,4.22,43.21,1.67,-0.3,703.1,23.2,2.55,0.626,0
5.06,10.05,26.03,55.2,6.26,59.37,1.75,-0.27,1355.3,37.6,4.23,0.685,0
19.06,36.65,72.2,117.52,16.86,63.24,2.8,0.0,3185.7,51.8,10.23,0.203,0
22.86,34.34,57.91,77.09,21.67,45.35,1.99,-0.1,3138.0,50.5,8.55,0.359,0
91.6,96.19,201.05,335.3,96.95,67.08,3.21,1.48,580.4,13.5,2.62,0.835,1
16.85,42.74,60.02,72.51,12.24,40.59,2.01,-0.32,1691.8,25.5,6.31,0.482,0
69.37,122.49,197.19,349.46,77.8,90.09,5.87,2.69,2060.3,26.4,6.77,0.472,1
11.57,16.66,21.49,24.55,10.39,37.74,1.66,-0.05,1435.4,24.5,6.76,0.482,0
2.49,14.41,20.36,26.45,2.42,26.44,1.48,-0.16,2833.6,42.8,8.98,0.196,0
35.83,47.76,81.97,136.68,38.77,67.37,3.11,0.94,2111.3,41.0,5.7,0.402,1
53.31,73.88,117.11,251.8,58.68,88.83,3.24,1.28,850.1,15.8,2.86,0.653,1
27.82,78.61,146.6,257.79,30.05,66.64,3.5,0.46,1708.6,37.9,5.65,0.571,0
16.35,43.96,61.25,167.66,17.13,85.03,2.64,0.35,1065.9,19.9,2.93,0.686,0
5.08,10.39,14.36,22.57,3.96,38.11,1.6,-0.15,2272.9,35.8,6.25,0.448,0
6.54,25.04,44.47,82.63,6.76,48.19,2.05,-0.25,590.8,25.5,8.84,0.622,0
3.76,17.34,24.37,42.82,3.48,55.36,1.74,-0.2,1105.9,28.8,2.98,0.641,0
88.7,153.03,191.73,219.88,95.67,66.93,3.88,1.95,734.3,23.2,2.85,0.804,1
14.33,50.05,104.86,188.91,13.04,54.26,2.92,-0.12,3051.5,45.5,7.95,0.398,0
2.85,10.84,18.78,23.01,3.29,29.82,1.42,-0.22,2552.7,44.1,6.82,0.346,0
39.69,49.26,54.82,163.97,31.01,74.89,2.21,0.64,1018.3,21.8,2.97,0.697,0
7.39,9.78,15.58,36.06,7.49,41.19,1.73,-0.18,892.2,28.4,5.95,0.677,0
12.15,20.46,28.31,55.02,9.87,33.36,1.99,-0.34,432.7,19.5,1.3,0.784,0
13.56,22.02,62.84,78.59,15.86,69.71,2.3,-0.06,584.5,17.0,5.2,0.615,0
9.0,16.04,51.89,106.43,9.77,63.86,2.37,-0.19,3106.3,46.1,9.51,0.16,0
22.56,38.77,45.84,84.69,17.78,63.45,2.03,0.24,2508.1,43.2,8.11,0.422,0
47.0,103.28,193.34,375.58,59.7,75.38,4.68,1.63,1081.7,28.4,3.61,0.671,1
63.07,69.67,86.29,222.08,51.81,57.76,2.86,0.98,2942.9,49.7,10.41,0.328,1
47.5,51.66,65.39,85.29,33.72,62.8,2.3,0.53,1479.7,30.3,7.7,0.512,0
28.56,80.62,148.44,209.97,27.0,73.04,4.52,0.89,2829.6,51.7,13.91,0.188,1
50.58,90.12,147.64,162.42,57.15,72.42,3.65,1.21,1664.2,25.0,8.13,0.52,1
8.41,29.22,41.62,95.08,10.53,37.6,1.66,-0.06,1986.3,45.5,6.21,0.472,0
27.8,48.17,75.0,174.99,23.31,82.37,2.63,0.23,994.7,21.0,2.72,0.65,0
15.58,17.63,30.43,46.12,15.23,62.02,1.7,0.11,790.1,14.8,3.25,0.767,0
7.59,9.11,14.5,32.29,5.49,35.42,1.82,-0.38,2023.3,37.1,5.95,0.51,0
11.33,35.75,76.02,152.17,13.22,62.05,2.34,0.06,1229.2,33.2,3.99,0.639,0
47.85,74.49,100.03,125.81,56.25,58.0,2.55,0.55,827.5,26.0,4.35,0.746,0
82.18,92.53,189.15,326.05,86.79,78.42,5.02,2.77,2121.0,34.3,7.51,0.359,1
5.48,40.65,102.29,127.7,5.1,60.19,2.48,-0.21,934.7,20.5,2.66,0.747,0
34.25,59.08,145.09,216.59,40.1,56.35,2.6,0.35,1609.7,30.6,8.94,0.465,1
3.04,4.75,9.25,17.01,3.72,20.74,1.4,-0.47,2843.4,43.9,8.17,0.314,0
57.53,78.04,111.34,255.63,66.72,75.49,3.93,2.17,3125.1,44.8,8.1,0.214,1
4.62,7.26,13.36,24.45,4.34,47.87,1.63,-0.13,3032.0,51.2,10.35,0.295,0
43.03,53.66,111.15,228.01,52.03,86.59,4.33,1.76,2436.3,34.1,7.5,0.444,1
35.15,52.71,64.9,127.26,25.2,76.4,2.68,0.62,1203.1,25.8,5.37,0.557,0
25.16,42.13,49.51,75.21,26.42,66.01,2.37,0.35,2923.6,47.0,8.05,0.359,0
6.4,22.26,30.83,38.83,7.48,28.18,1.77,-0.33,993.2,22.9,3.49,0.686,0
8.42,18.24,32.49,46.33,10.66,46.6,1.65,-0.36,1132.1,31.3,8.84,0.598,0
44.86,99.65,121.02,178.0,44.57,85.86,3.69,1.14,893.6,16.1,4.7,0.646,1
19.49,33.51,46.63,95.51,20.27,35.82,1.57,-0.01,2993.4,51.5,8.41,0.414,0
47.96,61.29,129.33,206.74,60.21,68.13,3.82,1.21,1219.2,32.5,3.98,0.634,1
57.37,87.91,99.8,189.07,43.79,56.31,2.54,0.51,828.5,26.4,3.58,0.749,1
0.8,2.16,5.57,10.92,0.84,48.68,1.65,-0.28,2542.7,37.8,7.46,0.453,0
47.2,91.99,121.49,154.65,43.19,55.5,2.96,0.84,3040.5,49.5,11.64,0.148,0
19.44,75.08,164.7,208.64,22.42,78.63,5.13,0.57,2977.7,46.4,8.16,0.253,0
11.19,14.57,76.32,121.71,8.08,57.62,2.02,-0.09,1670.2,27.2,4.43,0.594,0
3.47,4.78,5.77,12.15,3.02,29.44,1.3,-0.44,2405.1,36.9,8.23,0.392,0
9.93,16.24,28.73,48.24,12.63,28.84,1.62,-0.09,1754.4,39.0,4.62,0.497,0
6.6,8.4,21.95,38.82,7.0,39.43,1.51,-0.24,1639.5,30.1,7.66,0.58,0
43.32,86.3,148.54,229.86,35.39,88.17,4.1,0.96,408.2,19.1,1.57,0.778,1
3.06,15.23,25.79,51.89,3.15,50.75,1.68,-0.28,1759.8,35.0,9.05,0.459,0
10.77,16.34,54.28,143.25,10.52,69.22,2.0,-0.16,1677.4,34.0,4.61,0.564,0
30.8,52.23,115.4,235.84,32.6,74.32,3.15,0.68,1312.7,27.0,3.66,0.664,1
7.69,29.83,118.74,139.56,7.16,75.31,3.46,0.07,1082.3,28.5,7.56,0.603,0
8.72,21.36,39.13,43.88,9.02,25.57,1.61,-0.39,1744.9,39.7,8.91,0.45,0
81.52,112.99,212.17,338.89,74.31,55.19,3.81,1.44,2486.1,54.1,8.8,0.391,1
26.64,31.63,55.87,90.85,21.74,62.34,2.24,0.16,772.0,24.4,3.63,0.779,0
39.31,70.4,121.9,229.66,49.53,58.34,3.18,0.67,1145.1,35.1,4.53,0.626,1
3.06,23.93,42.74,72.62,2.65,41.89,1.71,-0.12,2313.3,42.2,8.38,0.414,0
12.52,40.46,66.44,84.06,11.34,62.49,2.23,0.14,2637.6,50.2,13.53,0.088,0
28.44,50.63,105.32,180.82,29.73,57.38,2.34,0.25,456.4,14.1,2.32,0.784,1
32.93,49.19,78.99,144.21,30.83,64.79,2.95,0.67,3175.3,53.0,8.88,0.314,0
8.6,16.52,30.82,62.01,10.58,32.82,1.63,-0.36,1227.4,29.7,5.71,0.596,0
29.51,62.2,77.23,212.28,34.4,84.88,3.15,0.93,576.2,21.4,3.27,0.718,1
48.58,77.08,91.25,120.91,59.82,52.95,1.64,0.47,815.8,26.6,3.38,0.696,0
2.2,4.87,6.58,18.59,2.5,50.37,1.61,-0.38,1253.1,25.3,5.24,0.682,0
18.52,24.86,35.88,57.67,16.82,45.3,1.64,0.15,3083.3,45.7,8.25,0.301,0
48.41,102.24,148.23,255.69,58.88,71.81,3.79,1.45,2562.7,32.8,6.62,0.35,1
9.26,15.34,25.13,39.55,8.05,36.31,1.6,-0.39,2381.8,34.0,9.25,0.497,0
49.32,97.98,135.87,154.46,61.3,77.75,3.65,1.44,579.0,21.3,4.45,0.655,1
15.14,23.79,39.52,86.71,17.33,40.97,1.34,-0.15,1346.3,27.3,5.43,0.624,0
8.51,11.92,23.83,28.57,8.11,50.22,1.95,-0.29,3175.3,51.4,8.64,0.338,0
13.18,27.63,68.2,78.45,10.87,55.0,1.99,-0.16,2567.5,43.8,7.06,0.447,0
29.3,38.65,67.33,92.8,31.71,47.09,2.08,0.33,1310.8,36.6,5.94,0.493,0
11.05,12.9,24.82,41.87,8.48,39.39,1.61,-0.06,753.5,27.5,3.87,0.693,0
92.27,119.39,148.56,219.88,112.35,62.9,3.63,2.45,1584.2,38.4,8.6,0.499,1
23.74,36.19,41.82,100.62,30.52,42.49,1.88,-0.15,1102.6,21.4,6.33,0.582,0
4.98,8.72,27.65,98.94,6.34,52.63,2.19,-0.35,2897.7,48.9,8.02,0.328,0
8.4,18.1,22.94,40.97,8.35,27.1,1.77,-0.33,2597.6,47.2,6.75,0.376,0
28.9,42.5,86.23,102.42,27.65,38.16,2.32,-0.09,1702.1,39.5,5.49,0.614,0
6.77,18.5,31.22,38.62,7.44,41.1,1.5,-0.19,442.8,22.4,2.65,0.868,0
33.01,79.16,149.63,201.8,42.64,50.6,2.99,0.38,2282.1,50.5,7.53,0.473,0
35.12,56.74,69.65,107.56,33.76,74.46,2.77,0.79,1220.1,24.8,4.06,0.617,1
38.6,95.12,149.39,288.79,40.44,62.59,3.24,0.45,1314.4,27.6,4.68,0.536,1
18.64,37.49,45.33,72.7,23.69,35.31,2.1,-0.2,1376.1,29.3,5.27,0.707,0
25.32,45.24,90.67,133.75,21.17,65.39,3.11,0.27,1905.9,33.2,5.04,0.552,0
3.16,6.45,13.33,22.98,2.59,34.97,1.33,-0.16,999.9,27.7,3.0,0.648,0
6.87,8.78,18.42,20.8,6.09,28.5,1.43,-0.24,1360.3,38.0,4.41,0.603,0
6.98,10.92,20.81,37.32,8.41,40.89,1.65,-0.16,2962.0,43.5,8.78,0.293,0
16.78,36.77,56.42,104.45,12.83,65.82,1.66,0.0,1097.7,28.4,3.05,0.714,0
7.13,23.85,44.77,56.33,6.25,34.13,1.88,-0.29,2721.4,49.2,7.1,0.391,0
6.84,15.19,28.76,56.95,6.43,35.21,1.68,-0.12,1804.8,36.7,6.48,0.615,0
24.35,34.32,88.65,220.04,29.78,59.88,2.29,0.14,1650.5,26.1,8.76,0.424,0
3.42,9.08,25.75,103.65,2.96,49.43,1.77,-0.32,1655.6,21.1,5.34,0.583,0
11.36,20.55,31.99,45.57,14.17,59.1,1.85,0.04,579.9,23.4,1.84,0.761,0
23.39,28.7,47.67,118.34,18.83,63.49,2.32,0.21,1723.4,32.1,5.14,0.613,0
22.46,29.34,54.12,65.42,22.35,36.32,1.96,-0.15,578.7,25.4,2.81,0.737,0
10.88,61.41,87.85,192.63,10.28,58.83,2.72,-0.28,1330.3,34.9,3.96,0.637,0
37.14,93.33,145.74,278.67,27.25,58.96,3.44,0.52,2545.4,45.3,8.5,0.37,0
52.58,107.75,187.32,341.3,50.11,65.37,4.26,0.94,1443.0,35.3,4.91,0.612,1
3.6,7.34,25.22,41.47,3.88,54.89,1.76,-0.26,2027.5,44.2,5.71,0.447,0
50.5,63.4,99.05,155.62,56.4,62.24,2.79,0.71,866.9,24.1,2.38,0.759,0
33.72,85.42,166.47,207.58,32.66,60.12,3.85,0.52,1719.7,40.4,6.91,0.521,0
85.58,118.27,148.71,283.82,103.92,66.36,3.39,2.09,992.0,26.6,3.39,0.677,1
38.39,67.45,84.16,99.86,31.3,54.28,2.44,0.15,2494.1,40.8,6.82,0.453,0
5.1,8.24,21.55,55.22,3.92,61.55,2.06,-0.02,1580.2,36.5,5.22,0.628,0
19.81,43.86,63.27,97.14,21.14,70.49,2.52,0.43,1314.9,27.2,4.09,0.604,0
7.97,19.58,33.65,63.5,7.95,39.44,1.59,-0.37,1242.8,28.9,4.41,0.639,0
7.63,31.5,72.1,86.53,7.38,52.71,2.26,-0.06,1981.8,34.0,6.59,0.466,0
26.79,48.93,71.96,137.44,31.86,75.64,3.0,0.56,1467.9,35.0,4.52,0.615,0
5.04,16.66,33.28,60.2,5.91,59.93,1.92,-0.24,2745.9,45.5,11.47,0.194,0
28.56,35.68,91.01,215.8,32.85,65.83,3.14,0.32,1078.8,29.6,3.47,0.557,0
7.44,12.49,25.39,49.23,8.3,43.51,1.65,-0.23,838.8,24.5,7.62,0.568,0
1.75,5.62,11.04,16.99,1.69,21.36,1.49,-0.27,2959.9,40.1,7.64,0.308,0
4.89,6.5,12.7,17.68,5.96,20.58,1.63,-0.09,2779.6,53.8,10.89,0.216,0
20.7,40.48,99.73,124.75,17.39,50.48,2.16,-0.2,765.5,28.9,3.18,0.664,0
42.83,97.19,169.33,256.98,43.27,73.26,4.77,1.18,2277.2,35.1,7.55,0.425,1
4.65,9.95,13.46,24.47,3.45,55.27,1.47,-0.32,886.8,24.1,3.35,0.601,0
6.62,12.11,24.45,48.56,6.27,27.33,1.58,-0.18,3005.3,44.6,8.19,0.317,0
38.07,52.7,65.14,112.32,41.84,64.02,2.36,0.57,1389.6,29.0,4.1,0.571,0
56.76,94.21,157.8,202.17,45.88,54.34,3.17,0.57,2481.6,40.9,6.53,0.52,0
2.26,7.44,17.3,42.28,2.15,53.61,1.89,-0.08,1102.1,28.6,3.71,0.777,0
2.92,3.54,11.7,30.36,2.84,55.65,1.34,-0.19,1067.3,18.0,3.34,0.713,0
1.46,3.7,4.79,6.29,1.17,39.55,1.68,-0.2,660.9,22.0,2.37,0.777,0
53.59,59.28,131.44,144.83,46.92,49.24,2.61,0.41,1483.2,42.2,4.53,0.569,0
23.28,39.83,77.9,139.24,19.98,70.45,2.42,0.09,562.0,22.0,3.03,0.828,0
6.02,9.76,14.22,37.44,5.81,52.77,1.53,-0.35,1404.8,39.2,4.09,0.632,0
54.54,86.96,139.36,260.18,48.22,64.25,3.46,1.18,2755.7,41.9,8.88,0.351,1
57.91,66.86,97.91,166.56,44.73,65.35,2.65,0.84,2742.6,43.3,8.97,0.223,1
5.02,49.41,71.91,167.96,5.42,47.61,2.18,-0.34,2674.5,49.7,8.4,0.354,0
25.97,42.25,68.29,114.19,18.99,59.63,2.17,-0.07,1219.6,35.0,8.4,0.566,0
6.04,22.81,31.96,64.12,4.99,52.86,1.57,-0.11,550.1,22.3,1.69,0.8,0
89.18,115.23,211.42,283.15,109.66,88.17,6.81,4.84,2386.5,40.1,6.42,0.428,1
5.82,12.87,62.29,142.25,6.56,78.33,2.49,-0.06,522.0,22.4,3.75,0.68,0
34.57,68.04,81.71,105.07,34.72,68.07,3.01,1.0,2860.4,47.5,7.37,0.355,1
68.99,103.13,117.5,317.24,53.7,81.33,4.13,1.94,1791.4,38.3,8.45,0.391,1
4.98,6.78,9.86,20.69,4.34,50.04,1.68,-0.42,1491.7,37.4,5.74,0.604,0
6.11,15.77,35.04,63.49,6.7,39.2,2.17,-0.3,1342.1,29.0,4.47,0.568,0
55.44,68.48,119.25,190.23,57.92,55.12,1.96,0.42,828.3,10.3,4.14,0.702,0
13.36,19.31,21.48,69.92,17.1,51.61,1.72,-0.12,2135.0,37.6,8.65,0.468,0
47.85,74.64,129.5,194.16,38.28,53.16,2.7,0.26,697.8,26.5,4.3,0.657,0
1.93,5.72,19.69,22.94,2.44,55.46,1.66,-0.38,616.0,20.2,4.11,0.817,0
9.08,43.44,101.13,113.82,9.94,42.26,2.15,-0.08,3198.1,46.5,14.88,0.019,0
28.39,30.83,64.81,90.44,33.46,38.25,2.16,0.04,3058.4,49.6,8.78,0.264,0
2.93,11.2,27.93,39.24,2.6,49.72,1.76,-0.25,3050.9,40.6,8.62,0.334,0
2.7,5.3,7.24,12.02,2.17,29.75,1.73,-0.11,2458.7,46.1,8.99,0.378,0
26.02,32.53,73.38,88.01,31.15,65.74,2.2,0.48,461.5,22.6,5.22,0.652,0
55.3,111.68,188.95,251.95,65.25,81.29,5.9,2.34,1883.8,44.2,5.0,0.554,1
1.12,1.75,8.7,21.31,1.06,40.4,1.39,-0.18,782.2,15.4,4.77,0.666,0
17.91,34.45,73.24,140.58,16.44,58.15,2.34,-0.02,477.3,30.6,2.35,0.842,0
20.8,40.29,60.45,97.18,21.96,74.67,2.48,0.26,1256.7,25.6,11.73,0.363,0
29.44,104.77,185.96,342.27,23.74,88.88,5.43,0.74,1322.6,25.9,3.51,0.636,1
5.35,14.52,16.83,26.2,4.04,25.68,1.38,-0.08,1645.1,44.4,5.52,0.592,0
37.38,51.84,147.43,335.56,27.86,77.8,4.22,0.39,1501.8,23.9,5.16,0.641,1
36.42,65.65,140.46,271.42,33.07,93.17,4.18,0.83,622.9,18.6,5.87,0.649,1
37.16,73.25,117.28,268.59,28.76,57.35,2.59,0.2,1508.2,33.8,7.2,0.495,0
44.25,74.63,98.52,185.82,54.58,56.65,2.36,0.7,2248.3,34.7,6.81,0.411,0
30.72,40.69,84.95,178.45,23.64,69.38,3.27,0.35,2681.4,43.8,7.79,0.3,0
5.05,12.53,16.93,21.95,4.39,44.0,1.64,-0.32,2526.5,43.7,11.83,0.24,0
50.75,96.82,174.34,309.95,54.45,59.26,3.64,0.75,1598.9,30.7,7.1,0.568,1
6.34,8.0,18.52,22.73,7.35,28.52,1.22,-0.23,1939.6,43.0,6.35,0.505,0
17.01,32.47,48.78,82.17,20.23,53.34,2.41,0.1,2759.5,46.5,9.45,0.377,0
16.79,41.96,45.39,68.19,21.4,66.3,1.97,0.42,2123.2,35.6,7.42,0.46,0
10.67,26.49,42.98,79.15,12.7,63.44,1.97,-0.1,820.8,13.6,2.54,0.77,0
14.88,17.81,24.21,46.01,15.18,40.83,1.73,-0.3,1337.1,25.2,7.49,0.514,0
13.44,36.9,92.14,173.83,10.59,61.03,2.24,-0.06,2638.8,45.3,7.32,0.413,0
9.27,16.27,22.21,64.24,8.98,43.87,1.53,-0.22,1541.5,36.3,4.28,0.618,0
6.3,15.04,26.08,36.99,5.28,30.49,1.79,-0.12,2333.1,37.1,7.97,0.337,0
42.16,55.09,120.18,139.44,30.32,67.08,2.87,0.44,676.4,24.8,3.66,0.756,0
17.25,50.71,76.41,180.27,12.1,56.08,1.89,-0.12,592.6,18.8,1.71,0.773,0
45.76,95.22,153.07,279.5,39.16,56.01,2.91,0.56,1839.9,36.4,5.99,0.435,1
7.6,12.57,16.16,24.19,5.57,25.8,1.56,-0.17,1243.1,29.0,3.73,0.677,0
5.51,13.66,25.78,50.12,6.25,49.34,1.74,-0.36,782.0,24.6,2.44,0.702,0
7.18,35.51,66.48,156.9,8.76,53.31,2.22,-0.33,1231.8,34.3,9.26,0.525,0
16.13,22.6,33.94,41.81,20.23,25.93,1.15,-0.17,1920.7,40.0,8.32,0.429,0
58.76,72.94,174.57,379.79,42.01,77.11,6.21,1.75,2692.7,57.7,7.18,0.424,1
9.22,25.0,69.59,94.35,9.03,54.31,2.4,0.05,1714.4,38.3,5.83,0.587,0
19.81,30.1,59.74,93.4,19.9,72.45,2.07,0.14,577.6,19.8,4.84,0.68,0
7.07,22.11,51.66,93.79,8.47,58.23,2.56,-0.22,2717.5,40.1,8.06,0.317,0
32.63,39.6,68.36,103.57,36.3,60.5,2.51,0.36,1461.1,27.9,4.02,0.631,0
21.32,24.48,29.21,74.16,23.34,44.37,1.67,0.18,2316.7,41.0,6.86,0.48,0
3.8,14.85,36.8,56.04,3.37,66.33,1.81,-0.29,1617.5,24.8,4.33,0.54,0
43.14,83.5,147.05,306.71,53.45,80.95,4.9,1.61,2239.7,36.8,9.29,0.347,1
58.46,116.38,135.18,232.69,75.94,78.31,4.12,2.23,1292.2,32.2,4.0,0.552,1
21.66,46.68,90.99,147.5,26.34,69.55,3.23,0.47,2499.1,47.1,7.16,0.409,0
10.8,49.6,77.24,101.43,12.06,68.47,2.91,-0.05,2762.8,44.6,8.07,0.402,0
81.66,100.07,123.63,154.68,98.41,55.0,3.2,1.95,2377.9,45.2,8.47,0.342,1
26.26,54.23,69.09,146.04,32.9,76.18,2.64,1.07,1646.8,42.7,6.51,0.437,0
20.95,28.84,66.11,77.35,19.24,64.84,2.24,0.11,2313.9,45.0,6.49,0.46,0
6.54,15.08,34.08,67.78,7.37,51.5,2.04,-0.13,1321.2,39.7,4.27,0.669,0
42.48,58.99,82.43,95.23,37.18,68.43,2.69,0.47,899.2,26.0,4.08,0.711,0
9.5,37.97,102.58,323.62,11.76,83.29,3.5,0.16,1652.2,28.1,4.75,0.541,0
5.38,16.51,42.75,60.15,4.39,55.05,1.86,-0.2,2080.9,34.2,6.47,0.524,0
11.7,36.89,54.46,61.69,12.96,38.14,1.89,-0.17,1135.6,30.7,5.9,0.659,0
22.79,44.93,55.35,67.87,17.84,66.87,1.86,0.16,563.6,21.8,2.23,0.739,0
37.47,49.11,85.74,172.54,26.49,54.13,2.53,0.28,3038.9,44.5,8.57,0.39,0
61.74,128.06,220.04,235.77,51.59,86.44,6.91,2.09,2692.8,40.6,7.62,0.294,1
4.9,16.5,29.61,38.86,3.95,53.0,2.16,-0.16,1558.0,26.6,6.34,0.493,0
71.86,115.05,142.39,255.95,74.71,84.71,5.12,2.96,1299.8,40.0,5.34,0.632,1
5.22,11.48,37.07,146.43,4.16,57.03,1.81,-0.02,2220.0,36.1,8.89,0.387,0
13.46,38.64,77.83,154.98,10.09,78.97,2.7,-0.02,470.3,13.9,4.48,0.69,0
11.43,37.84,50.06,131.15,14.83,51.43,2.1,0.08,2354.8,42.2,6.17,0.513,0
1.87,2.34,2.98,9.76,2.39,51.03,1.54,-0.13,1399.4,29.6,5.32,0.605,0
14.09,17.47,46.47,102.76,18.01,72.34,2.42,0.1,1058.5,34.1,3.52,0.6,0
3.91,9.11,22.19,44.19,4.31,60.0,1.64,-0.23,898.0,19.4,5.36,0.628,0
17.34,52.9,79.73,156.35,22.45,59.97,2.27,0.22,2066.3,38.9,7.69,0.444,0
8.32,16.08,21.79,33.06,9.67,43.54,1.48,-0.19,1232.6,42.4,3.53,0.633,0
46.22,82.28,92.64,211.77,39.12,57.39,2.88,0.53,2840.4,52.7,7.34,0.357,1
6.71,8.01,18.0,51.79,6.33,62.83,1.72,0.02,1308.7,31.4,3.94,0.569,0
69.23,110.73,170.65,293.4,61.21,67.68,4.56,1.56,2424.5,44.6,9.42,0.248,1
44.66,104.95,190.68,267.5,45.86,76.54,5.47,1.11,977.7,34.9,2.99,0.708,1
0.35,0.82,1.35,2.59,0.33,44.94,1.28,-0.43,2412.9,39.3,6.33,0.5,0
19.93,25.23,73.86,162.32,24.83,69.89,2.6,0.38,2066.5,38.7,11.14,0.363,0
77.4,131.38,143.05,298.96,89.08,77.49,3.78,2.44,1142.4,27.5,3.74,0.623,1
4.53,15.57,33.66,49.67,3.28,51.27,1.66,-0.41,648.9,18.4,4.6,0.686,0
39.29,61.6,122.36,182.44,27.61,68.82,3.32,0.39,745.7,31.9,4.42,0.698,0
15.03,25.9,64.77,116.07,15.22,39.97,2.11,-0.11,2775.4,47.3,11.89,0.344,0
14.75,34.45,68.97,187.93,14.43,60.53,2.15,-0.07,2933.9,40.2,9.92,0.193,0
39.54,52.85,113.64,244.08,30.87,61.75,2.93,0.62,2111.1,39.6,6.14,0.475,1
7.11,30.71,60.01,72.69,5.43,54.19,2.19,-0.14,965.1,24.9,3.26,0.616,0
24.4,41.01,88.36,158.93,31.04,55.28,2.14,0.18,466.5,18.3,1.82,0.819,0
17.77,34.51,71.12,142.19,20.56,65.32,3.08,0.12,1868.1,36.7,9.47,0.406,0
43.84,78.99,112.25,130.97,52.54,57.35,2.86,0.71,1867.3,26.9,6.38,0.536,0
47.74,60.19,128.65,228.26,47.12,84.46,5.09,2.08,2631.1,51.3,7.81,0.313,1
18.16,21.28,33.71,83.52,16.94,60.07,1.58,0.15,1163.1,21.2,6.36,0.541,0
49.52,82.1,99.91,257.81,38.33,59.57,2.61,0.64,2330.1,47.1,6.31,0.464,1
25.79,60.86,116.99,228.8,24.78,71.94,3.73,0.77,2947.5,48.6,8.67,0.307,1
7.64,33.44,50.1,116.79,5.5,77.83,2.19,-0.25,693.3,20.7,4.28,0.781,0
1.73,4.41,5.35,10.39,1.24,31.47,1.63,-0.09,1598.6,33.6,4.64,0.6,0
7.63,10.38,56.38,104.35,5.91,67.81,2.21,-0.01,2021.3,33.6,8.95,0.515,0
18.24,31.72,78.69,122.97,17.26,61.96,2.73,0.26,3116.8,49.4,12.22,0.187,0
47.42,67.84,146.83,275.22,43.19,79.35,5.18,1.37,3101.2,48.3,8.93,0.274,1
22.11,45.29,59.77,85.92,23.77,60.98,2.68,0.38,2832.9,43.2,7.77,0.35,0
37.85,48.16,105.92,150.97,32.86,77.93,3.73,1.05,2313.3,43.2,6.48,0.468,1
0.7,1.05,3.02,7.35,0.67,31.24,1.3,-0.33,2180.4,36.0,5.85,0.407,0
20.68,38.03,51.61,118.27,17.78,40.1,2.02,0.03,2583.8,48.9,6.77,0.367,0
30.55,55.49,110.04,126.4,36.31,51.65,2.84,0.36,2048.7,38.1,12.68,0.338,0
12.45,34.12,80.64,219.74,14.5,55.06,2.32,-0.02,1285.9,27.9,5.38,0.56,0
23.76,47.71,55.42,97.83,17.32,67.99,2.7,0.07,1647.0,32.9,4.52,0.523,0
17.92,51.29,104.6,209.99,15.15,67.83,3.31,0.1,1466.8,35.6,4.39,0.516,0
26.91,52.29,85.9,124.74,19.68,73.53,3.18,0.42,1291.9,34.1,4.01,0.613,0
23.02,48.71,89.24,151.69,24.14,46.33,2.41,0.12,2324.9,44.7,6.06,0.538,0
70.59,85.4,172.2,233.98,63.87,63.19,4.07,1.4,2728.8,40.9,7.28,0.459,1
31.33,52.39,95.27,148.41,30.38,56.38,2.76,0.36,1880.6,39.9,8.36,0.363,0
44.47,126.36,145.18,284.87,44.95,75.74,4.53,1.32,3017.8,49.9,9.03,0.276,1
37.84,51.87,67.06,90.86,44.25,50.34,1.75,0.4,2250.8,37.7,6.04,0.539,0
30.23,55.53,91.9,122.23,33.12,50.62,2.26,0.26,2024.5,41.4,6.11,0.462,0
6.5,28.12,37.45,49.05,7.51,32.71,1.63,-0.15,1376.3,27.8,4.05,0.699,0
20.83,36.72,95.78,110.39,23.92,44.2,1.95,0.08,1181.7,24.2,3.27,0.641,0
6.05,10.95,63.14,86.94,5.17,67.65,2.54,-0.21,3047.9,50.5,12.53,0.197,0
22.08,40.71,61.6,102.36,21.18,64.67,2.26,0.03,809.0,27.1,2.51,0.714,0
2.02,6.54,13.22,25.51,1.78,56.37,1.27,-0.17,717.0,16.3,6.31,0.572,0
24.28,49.5,72.32,88.3,20.2,59.55,2.65,0.3,2079.7,36.0,8.64,0.426,0
13.2,21.59,31.41,69.83,11.5,32.82,1.67,-0.03,1630.7,39.1,6.35,0.46,0
9.34,15.95,25.45,33.08,10.83,48.43,1.88,-0.23,2459.8,35.6,7.29,0.42,0
26.76,74.17,96.12,145.1,28.54,76.26,3.4,0.77,2550.7,37.5,7.89,0.324,0
29.54,34.75,76.13,126.06,29.61,45.57,2.07,0.28,2102.4,37.6,5.66,0.474,0
36.99,53.02,64.55,150.51,41.91,70.52,2.34,0.94,1716.6,30.9,4.55,0.517,0
61.83,111.5,162.02,248.94,61.52,53.87,3.49,0.91,2932.6,47.7,9.64,0.292,1
63.82,76.04,118.96,315.67,81.69,62.8,3.1,1.66,1288.3,33.7,4.59,0.566,1
16.52,32.77,69.81,103.88,20.93,43.36,1.93,0.01,2299.5,39.4,7.83,0.438,0
31.82,50.44,108.77,169.52,26.83,69.39,2.76,0.38,1449.8,31.4,4.7,0.588,0
41.11,50.85,99.62,201.98,52.75,83.02,3.39,1.24,1366.8,24.1,4.6,0.582,1
31.24,70.35,96.89,115.82,26.57,64.66,2.78,0.51,2325.1,38.5,6.58,0.49,0
62.28,89.82,108.3,261.48,72.4,88.02,3.94,2.83,1321.8,33.4,3.51,0.706,1
33.56,38.88,71.77,81.56,39.68,70.38,2.45,0.6,525.5,25.9,1.55,0.775,1
58.7,80.65,140.0,226.72,67.04,86.36,5.02,2.65,2144.9,37.5,6.3,0.431,1
6.72,15.41,26.32,55.81,6.0,40.34,1.66,-0.05,1992.7,32.0,5.35,0.468,0
46.08,98.91,106.66,232.34,47.76,82.16,3.73,1.79,2577.0,42.1,7.28,0.414,1
15.92,59.14,113.5,354.87,16.56,59.37,3.05,0.06,2036.9,39.4,5.35,0.617,0
51.96,97.88,165.46,249.58,42.43,90.74,5.13,1.1,529.1,20.6,6.41,0.669,1
7.16,22.1,53.57,81.43,9.01,58.74,2.33,-0.24,2943.9,36.6,7.92,0.296,0
28.97,38.82,71.68,130.66,28.52,65.84,2.51,0.31,568.5,19.4,2.02,0.77,0
11.99,16.84,23.28,39.07,8.61,34.2,1.31,-0.34,1216.1,32.6,7.26,0.56,0
4.79,6.99,18.58,30.35,4.28,52.51,1.63,-0.41,1382.5,26.3,4.18,0.647,0
48.75,98.7,160.84,176.79,36.75,53.55,2.9,0.45,2110.9,39.3,7.34,0.41,0
3.53,4.11,6.28,10.05,3.24,24.26,1.44,-0.4,550.5,13.7,4.45,0.757,0
35.46,44.02,73.15,104.07,43.77,48.05,2.32,0.41,2396.3,32.9,6.4,0.502,0
40.12,80.17,131.33,272.74,36.8,79.34,4.31,0.98,2082.9,41.1,5.96,0.371,1
18.25,39.25,78.08,134.1,13.38,75.16,2.57,-0.12,1444.2,23.1,5.38,0.562,0
11.91,20.81,31.25,44.27,11.49,39.85,1.55,-0.03,2059.0,33.7,6.08,0.445,0
45.93,96.37,118.38,218.5,51.11,85.68,3.23,1.18,512.2,20.5,2.16,0.876,1
40.3,52.0,72.08,140.75,41.54,70.02,2.57,0.85,1060.7,30.6,3.34,0.653,0
14.27,37.11,40.37,105.7,16.83,65.81,1.64,-0.13,1153.4,19.9,5.79,0.63,0
25.58,77.94,166.81,302.67,21.59,77.08,3.4,0.13,824.4,15.0,2.56,0.722,0
17.04,31.1,38.91,78.72,19.9,62.94,2.22,0.26,1482.7,35.6,5.35,0.567,0
9.68,13.13,17.22,51.32,8.79,42.03,1.72,-0.06,1243.9,39.1,6.41,0.53,0
7.51,15.14,20.28,42.96,8.91,55.83,1.52,-0.16,813.8,14.9,2.68,0.787,0
12.92,44.82,80.19,96.5,9.37,55.96,1.94,-0.16,1812.5,31.6,7.07,0.488,0
3.21,10.94,21.82,32.87,3.08,50.08,1.84,-0.28,2415.3,43.9,7.23,0.411,0
15.86,22.93,42.42,73.73,13.12,50.97,1.9,0.09,2419.6,40.2,7.82,0.423,0
3.82,7.47,35.96,87.06,4.05,55.35,1.74,-0.1,3007.0,47.4,10.94,0.225,0
9.96,13.04,14.36,16.58,12.72,42.89,1.53,-0.16,1615.4,33.9,4.35,0.629,0
25.94,63.14,131.91,215.4,31.14,70.07,3.45,0.51,984.6,29.5,6.93,0.571,0
22.32,53.19,81.58,92.83,23.61,49.84,2.57,0.13,1641.3,31.6,7.02,0.419,0
2.42,10.02,22.31,43.84,2.75,40.24,1.31,-0.23,2393.0,46.4,7.82,0.416,0
24.82,29.89,58.7,118.5,29.45,61.86,1.82,0.14,613.2,29.1,2.78,0.774,0
40.4,77.28,124.64,165.2,39.15,65.75,3.39,0.69,1833.4,31.5,7.36,0.555,1
2.55,4.46,6.05,10.49,2.61,43.19,1.5,-0.1,1802.1,35.6,5.58,0.497,0
36.37,51.21,64.98,135.62,37.93,64.67,2.19,0.31,587.7,23.4,2.37,0.881,1
1.13,3.54,7.78,9.44,1.38,46.7,1.08,-0.21,2738.2,49.8,10.59,0.26,0
51.26,87.01,177.16,193.57,60.43,77.85,4.59,1.57,779.8,25.5,5.94,0.599,1
7.04,12.2,26.15,46.61,8.96,51.7,1.92,-0.01,906.5,21.2,3.68,0.65,0
6.24,26.69,59.47,87.67,7.41,43.69,2.02,-0.19,2687.3,51.2,7.82,0.317,0
7.05,12.45,26.95,38.41,7.59,54.36,1.69,-0.03,2099.8,46.3,6.43,0.511,0
41.06,47.67,86.87,101.38,52.81,52.19,2.29,0.36,1627.4,28.9,4.93,0.576,0
9.21,36.46,76.09,164.29,11.07,63.63,2.74,0.07,1319.2,32.5,4.67,0.554,0
4.18,7.01,12.45,21.33,4.44,30.55,1.5,-0.34,1831.3,36.5,5.11,0.586,0
11.14,60.19,116.16,258.78,9.87,74.67,2.93,0.06,539.0,21.7,2.48,0.721,0
44.77,53.43,110.19,147.01,35.75,46.6,2.45,0.31,2307.5,47.4,9.26,0.213,0
45.54,99.35,170.65,325.59,33.07,82.09,4.87,0.78,1074.7,22.0,3.28,0.675,1
16.76,49.9,61.57,109.7,14.89,69.13,2.38,0.02,1792.8,35.6,5.09,0.53,0
41.16,70.76,89.55,147.03,34.26,72.58,2.96,0.8,2418.0,37.2,6.54,0.525,0
28.13,35.36,91.82,127.31,29.24,69.2,2.95,0.57,1414.5,29.2,5.81,0.568,0
14.83,43.94,111.42,227.58,11.64,65.28,3.1,0.04,1728.9,34.3,5.5,0.557,0
2.46,16.17,27.12,41.02,2.5,49.7,1.58,-0.19,2726.4,42.1,8.77,0.316,0
7.59,33.02,93.74,121.75,6.08,63.9,2.47,-0.24,1311.1,29.1,4.55,0.581,0
11.93,21.05,40.23,54.09,12.27,43.06,1.93,-0.03,2834.4,44.8,9.95,0.244,0
9.58,31.95,67.11,94.22,11.84,67.93,2.93,0.1,2876.9,50.6,8.53,0.379,0
11.95,51.77,102.8,207.87,14.49,80.76,2.88,0.04,836.3,16.8,2.49,0.731,0
22.82,51.85,99.76,168.41,21.09,61.18,3.14,0.38,3086.5,50.4,9.4,0.334,0
57.19,69.77,115.37,244.27,60.58,86.15,4.59,2.24,1330.4,37.5,4.11,0.627,1
21.52,41.44,79.61,136.08,23.77,58.11,1.91,-0.07,627.3,19.8,2.3,0.771,0
15.52,33.68,38.77,90.14,12.49,43.41,1.67,-0.03,2105.1,38.0,7.49,0.433,0
34.91,50.4,87.68,182.43,29.1,73.17,3.26,0.68,2959.7,51.1,7.62,0.32,0
34.07,74.2,89.72,203.56,42.29,70.96,2.94,0.93,2717.4,44.0,7.01,0.378,1
55.6,108.75,161.83,196.07,48.17,72.48,3.34,0.65,511.1,20.6,3.31,0.718,1
46.96,68.84,102.84,136.41,60.29,73.35,3.6,1.83,2414.2,41.9,8.05,0.438,1
37.41,65.09,84.91,161.92,44.68,76.27,3.68,1.23,2545.5,44.2,8.42,0.357,0
28.31,56.27,74.5,91.89,29.8,67.31,1.95,0.13,439.4,11.3,4.41,0.693,0
18.76,28.61,36.91,53.08,15.86,49.09,1.66,0.01,2012.8,39.6,9.83,0.451,0
11.65,22.68,26.08,71.86,12.52,68.91,2.12,-0.09,440.6,25.1,1.65,0.737,0
46.43,81.73,118.89,206.34,56.71,82.53,3.9,1.97,1216.9,35.2,4.24,0.607,1
9.39,20.91,28.91,51.89,6.69,44.96,1.64,-0.26,2608.8,43.0,7.56,0.423,0
32.02,35.89,42.99,90.08,30.99,65.52,1.78,0.45,1163.4,18.4,4.18,0.638,0
13.27,34.13,69.5,107.68,16.03,54.62,2.23,-0.01,1618.2,27.5,4.34,0.635,0
7.76,14.66,39.18,70.6,5.83,45.18,1.54,-0.05,1426.9,30.3,4.21,0.65,0
21.95,34.99,60.34,118.9,21.58,44.38,1.57,0.06,990.0,22.5,9.67,0.468,0
16.95,64.36,71.16,113.55,18.59,46.51,1.97,-0.14,1378.9,35.6,8.51,0.476,0
13.18,47.33,64.86,97.14,15.15,56.78,2.72,0.01,2053.8,40.2,5.85,0.462,0
0.69,0.89,2.3,3.78,0.83,16.41,1.57,-0.22,1799.4,34.6,6.39,0.545,0
6.73,40.66,48.16,91.93,8.51,67.05,2.07,-0.13,873.5,29.7,3.82,0.701,0
23.16,49.4,86.07,164.08,28.01,58.18,2.38,0.45,1564.4,43.1,6.31,0.577,0
14.06,21.61,36.62,60.84,13.66,40.34,1.8,0.05,2807.4,39.9,7.77,0.328,0
3.61,11.76,31.1,68.71,2.76,40.68,1.79,-0.11,2141.8,43.9,8.1,0.427,0
29.02,43.15,62.24,71.23,28.97,60.24,2.08,0.49,2289.3,35.1,7.13,0.443,0
53.99,107.99,141.35,193.07,60.8,79.66,3.8,1.35,705.8,24.0,2.31,0.802,1
37.69,73.08,79.92,184.28,44.23,70.24,2.74,1.04,1175.8,28.8,4.3,0.594,0
8.67,47.21,74.03,189.15,9.49,78.97,3.34,0.16,1454.0,32.5,4.49,0.576,0
4.49,22.53,42.55,72.87,4.77,48.33,1.83,-0.34,1166.5,39.4,4.16,0.637,0
41.69,69.44,93.85,187.56,49.83,78.68,3.66,1.8,3110.2,46.8,9.73,0.256,1
49.56,68.3,138.95,214.45,46.8,70.97,4.33,1.38,2683.0,46.7,7.1,0.278,1
8.77,16.57,17.86,29.43,7.35,50.73,1.86,-0.38,840.3,21.1,2.37,0.775,0
39.9,66.28,74.56,204.16,32.02,60.75,2.52,0.56,2091.0,35.9,5.83,0.568,0
64.41,119.63,181.29,262.93,82.2,85.18,6.12,3.43,2350.8,40.0,6.19,0.534,1
29.97,53.3,92.9,144.83,23.11,76.44,3.09,0.55,567.8,28.2,3.14,0.696,0
24.7,39.61,74.49,110.61,29.8,49.76,2.31,0.01,1979.0,34.5,5.16,0.455,0
4.94,20.26,35.03,57.42,4.52,52.4,2.03,-0.04,2729.3,37.2,7.68,0.363,0
12.35,15.98,26.83,59.36,11.12,61.06,1.5,0.13,1122.1,31.3,3.22,0.697,0
12.38,21.29,78.88,172.42,15.39,67.27,2.48,0.34,3056.6,57.0,8.35,0.351,0
3.44,7.8,17.37,35.1,4.23,29.6,1.51,-0.33,660.2,15.6,3.52,0.691,0
25.86,42.05,77.99,109.49,19.3,58.21,2.16,0.05,3134.4,43.6,9.25,0.314,0
40.57,47.04,122.59,222.14,46.85,58.96,2.6,0.78,1269.2,33.0,6.68,0.549,0
34.43,71.37,111.86,228.02,33.29,77.28,4.37,1.12,2605.8,48.4,7.57,0.395,1
13.49,47.9,54.89,167.33,15.79,76.82,2.24,0.15,1877.5,31.2,5.02,0.551,0
16.03,26.71,46.83,69.58,15.64,63.47,1.9,0.07,1339.1,26.0,3.79,0.588,0
19.2,31.54,40.66,50.53,17.72,52.07,1.32,0.07,865.1,26.0,2.66,0.735,0
6.5,21.24,44.76,81.1,5.62,43.61,1.64,-0.11,707.3,23.8,1.97,0.737,0
38.3,46.07,118.78,238.65,45.49,81.29,4.43,1.62,3186.5,50.1,8.58,0.254,1
21.4,25.58,34.34,96.81,21.13,57.69,2.09,0.43,2885.7,54.7,8.64,0.3,0
10.88,13.7,29.35,34.77,12.89,48.44,1.77,0.07,1936.8,37.9,8.93,0.426,0
15.4,25.02,40.28,74.41,15.23,49.36,1.8,-0.07,683.2,21.6,2.11,0.85,0
11.53,22.94,24.93,52.22,12.71,35.98,1.44,-0.38,1069.9,12.0,3.94,0.595,0
0.63,1.28,2.09,2.53,0.63,27.41,1.48,-0.1,1750.6,50.5,5.64,0.509,0
77.41,107.8,208.12,282.08,55.29,86.73,5.56,1.71,1941.1,22.9,5.11,0.554,1
34.08,54.53,65.73,151.96,36.06,74.7,3.06,1.14,3161.3,47.6,8.28,0.114,1
4.93,13.34,48.38,111.77,3.61,71.88,2.25,-0.08,2085.6,37.7,6.22,0.397,0
7.5,20.43,37.47,48.55,8.32,27.53,1.74,-0.25,2599.7,43.5,7.77,0.374,0
16.88,35.14,79.1,147.34,16.63,74.63,2.39,0.25,416.1,20.7,1.46,0.835,0
34.62,41.51,54.16,61.83,35.22,37.01,2.0,0.04,3121.9,46.3,10.0,0.164,0
3.8,5.88,34.56,85.0,4.73,66.38,2.23,-0.0,2073.5,42.4,5.64,0.509,0
39.71,64.14,111.84,170.67,35.74,58.7,2.36,0.44,964.7,28.0,4.2,0.744,0
36.56,72.54,91.09,157.23,46.55,60.06,2.53,0.22,478.1,12.6,2.27,0.698,1
17.67,36.77,50.16,127.98,16.74,52.63,2.42,-0.09,1071.6,26.7,3.9,0.729,0
40.78,50.67,105.53,165.45,43.17,69.96,2.67,0.87,1046.4,28.0,6.36,0.6,1
29.33,90.31,195.23,229.48,35.24,74.2,3.87,0.3,696.9,15.6,2.41,0.813,1
23.61,37.05,83.4,104.56,19.26,62.43,3.12,0.18,2614.0,40.0,7.61,0.407,0
52.65,57.33,152.96,323.7,54.02,63.87,3.9,1.0,2914.7,41.9,8.65,0.334,0
21.05,32.64,49.16,92.99,14.76,50.31,2.32,-0.21,3157.6,43.5,9.85,0.211,0
9.55,26.37,48.13,83.54,10.38,54.65,2.22,-0.23,2348.0,46.4,9.06,0.349,0
46.47,62.34,120.45,153.81,44.0,75.96,3.74,1.39,2855.4,42.2,8.76,0.363,1
21.84,39.65,51.74,95.11,17.92,49.8,2.0,-0.08,2165.7,36.9,6.39,0.499,0
14.69,68.38,102.68,224.42,13.52,73.7,3.03,-0.11,951.2,19.5,4.71,0.664,1
29.9,35.17,44.29,84.24,24.95,47.06,1.69,0.05,627.4,17.6,2.56,0.626,0
56.18,73.12,99.03,167.1,46.77,70.59,3.83,1.32,1761.0,49.6,5.79,0.585,1
11.71,23.72,44.98,150.4,10.03,66.52,2.21,-0.03,2310.7,35.0,6.03,0.474,0
31.86,57.79,89.65,157.5,32.33,59.19,2.52,0.4,972.8,30.2,3.65,0.711,0
19.03,45.08,51.29,142.31,17.22,64.83,2.2,0.3,2523.2,49.6,6.74,0.361,0
0.68,1.34,2.2,2.53,0.87,16.32,1.75,-0.24,1689.5,30.5,5.6,0.574,0
18.31,20.4,54.85,127.77,15.51,56.8,2.02,-0.04,2129.5,40.0,5.98,0.525,0
24.81,57.45,77.13,113.0,20.46,73.36,2.58,0.17,1823.0,32.7,4.78,0.559,0
4.14,21.98,44.45,59.9,3.89,60.52,2.09,-0.15,2615.3,45.3,7.52,0.443,0
28.23,37.46,59.32,78.25,32.94,69.12,2.37,0.38,1101.9,23.7,4.65,0.625,0
10.79,45.05,54.16,163.09,7.72,65.17,2.49,-0.11,2799.8,56.3,7.53,0.392,0
18.13,56.13,72.04,202.39,14.87,52.77,2.16,0.02,1915.9,40.9,5.62,0.493,0
7.23,12.59,14.25,46.31,7.27,36.47,1.74,-0.21,1267.3,29.2,3.42,0.664,0
32.6,59.14,113.98,199.87,39.28,83.35,4.08,1.27,1414.2,35.5,5.97,0.635,1
22.9,35.98,58.04,128.86,24.1,68.36,2.56,0.44,2589.3,47.3,10.41,0.348,0
18.38,59.58,101.15,180.22,15.4,59.36,2.68,-0.09,1344.3,27.7,5.76,0.543,0
71.07,90.02,157.26,309.09,60.61,66.64,3.21,0.88,915.1,20.6,2.57,0.748,1
69.1,119.78,183.63,223.43,76.26,69.39,4.57,2.12,2594.8,46.1,16.34,0.042,1
5.21,8.78,11.29,23.18,5.76,48.78,1.45,-0.27,931.9,29.8,7.97,0.66,0
11.75,20.99,26.45,47.76,12.77,34.47,1.8,-0.19,2571.5,46.4,7.04,0.338,0
7.43,17.29,36.0,97.94,6.8,60.29,1.85,-0.1,2660.7,51.1,7.7,0.321,0
24.97,30.59,40.26,48.87,29.45,45.73,1.86,0.0,712.1,31.1,2.37,0.695,0
22.22,49.47,76.47,143.14,18.12,74.13,2.93,0.46,2975.0,39.9,8.87,0.226,0
6.67,27.21,33.09,65.97,4.72,45.8,1.31,-0.15,2841.2,50.4,7.99,0.395,0
11.1,27.39,68.62,105.05,13.06,60.41,2.32,0.22,2850.5,45.3,7.4,0.386,0
43.47,96.84,149.79,167.62,40.64,67.77,4.2,0.68,2427.9,37.2,8.02,0.411,0
3.14,5.77,13.9,29.49,3.58,51.18,1.27,-0.25,2137.1,40.3,5.76,0.402,0
36.52,42.92,90.57,151.85,41.16,79.18,2.82,0.54,630.3,13.3,2.12,0.809,0
33.81,72.48,102.37,168.31,37.28,58.03,2.69,0.34,2080.9,39.3,6.71,0.571,0
15.68,58.18,117.91,169.24,18.41,66.06,3.46,0.36,2260.8,35.0,6.18,0.375,0
49.74,101.79,189.98,297.64,38.86,59.62,3.93,0.42,521.6,31.1,1.68,0.804,1
9.9,28.82,40.58,68.83,11.21,65.86,2.18,-0.12,1174.6,30.5,3.41,0.672,0
66.99,111.01,163.23,291.23,48.73,92.71,3.82,0.65,502.4,7.8,6.98,0.74,1
1.52,3.56,9.23,11.93,1.84,21.35,1.65,-0.4,1580.6,27.9,6.25,0.562,0
9.54,20.04,43.64,82.85,10.27,38.61,1.72,-0.15,1098.2,31.2,4.3,0.699,0
14.29,25.74,41.0,107.36,12.16,64.29,2.64,0.16,2724.5,44.8,7.02,0.384,0
56.47,63.2,109.74,192.38,46.68,83.81,4.12,1.88,1990.9,39.5,5.37,0.533,1
5.07,8.53,13.82,22.6,5.93,41.82,1.47,-0.35,1511.6,22.7,5.19,0.585,0
51.05,107.33,182.88,319.15,36.4,82.17,6.37,1.35,2868.2,50.8,7.94,0.371,1
21.37,55.29,67.12,250.98,15.18,66.83,2.52,0.05,2113.6,37.9,8.59,0.475,0
34.0,59.22,71.53,120.77,25.65,69.76,2.9,0.32,1300.8,33.0,3.87,0.625,0
25.46,38.71,83.25,136.85,23.73,60.84,2.74,0.15,1504.2,28.0,6.78,0.516,0
22.88,41.78,88.7,112.08,24.08,42.66,1.88,0.07,1563.8,25.1,5.22,0.571,0
7.54,8.77,18.29,45.97,6.07,47.46,1.71,-0.4,2948.7,47.6,8.61,0.383,0
10.62,13.11,26.15,55.67,12.21,46.57,1.48,0.03,2625.6,53.6,12.53,0.235,0
23.69,48.69,54.83,123.91,25.02,61.4,1.96,0.13,1387.3,34.4,4.78,0.502,0
7.23,27.39,35.29,101.48,6.27,57.29,2.09,-0.35,3013.1,49.1,8.71,0.311,0
11.27,53.55,90.6,147.41,8.84,48.52,2.57,-0.09,1954.7,34.0,7.0,0.42,0
5.92,12.25,17.72,37.17,6.19,25.03,1.53,-0.34,2690.0,41.7,7.5,0.37,0
6.91,53.06,111.19,221.19,5.03,84.98,4.17,-0.12,2391.7,32.9,7.75,0.426,0
3.44,6.99,8.35,12.56,3.52,53.55,0.96,-0.29,1089.9,25.8,4.02,0.705,0
7.09,13.42,28.14,65.41,8.67,67.42,1.82,-0.21,1189.7,28.0,5.6,0.658,0
3.64,9.09,29.42,34.65,4.38,43.22,1.32,-0.09,2071.8,36.4,5.75,0.544,0
41.25,83.29,151.03,230.43,43.21,58.13,3.21,0.6,1741.4,32.2,5.68,0.619,1
30.53,56.03,61.05,127.39,34.89,72.82,3.0,0.94,2998.5,58.0,11.01,0.256,0
17.85,37.15,50.05,112.99,17.31,50.19,1.99,-0.13,729.7,16.3,4.51,0.788,0
1.12,1.91,2.18,3.48,1.23,20.1,1.39,-0.43,2909.8,37.9,7.94,0.37,0
9.52,35.45,71.81,110.32,7.86,55.06,2.37,-0.01,582.7,27.5,3.01,0.65,0
53.37,77.91,195.53,305.0,52.26,75.35,4.61,1.12,1432.9,28.2,5.29,0.633,1
13.2,19.05,36.44,52.25,12.8,34.66,1.61,-0.3,825.4,23.3,2.48,0.789,0
37.66,101.82,149.19,297.28,37.99,83.03,5.19,1.5,2109.5,41.6,7.11,0.412,1
4.67,6.83,23.04,48.64,3.61,59.01,1.72,-0.13,705.4,19.3,3.32,0.732,0
8.64,13.64,37.23,49.92,10.1,38.99,1.76,-0.16,1775.0,36.0,5.12,0.606,0
43.39,58.24,77.12,117.94,43.38,79.06,2.47,0.75,808.4,18.5,2.64,0.601,1
10.42,12.4,24.28,57.48,13.15,40.19,1.52,-0.26,2316.7,38.2,7.04,0.454,0
30.9,37.42,60.71,84.63,27.08,37.46,2.02,0.01,3066.9,58.0,9.14,0.297,0
13.76,24.34,50.35,101.46,14.8,44.44,1.79,-0.15,1979.4,36.9,5.47,0.547,0
21.51,24.28,44.32,92.18,24.47,55.71,1.67,0.12,3162.7,48.5,8.63,0.215,0
31.84,47.68,58.09,122.18,39.4,52.55,2.24,0.25,1626.9,30.5,5.35,0.583,0
19.6,44.08,87.78,124.73,19.91,75.84,2.4,-0.03,460.8,16.1,2.08,0.852,0
27.58,61.39,107.11,195.55,34.93,77.93,3.56,0.79,1757.0,32.7,4.96,0.567,1
34.5,93.94,221.57,359.94,29.97,80.54,6.03,0.77,1374.1,32.6,5.09,0.546,1
0.69,1.39,2.72,4.44,0.69,44.01,1.59,-0.18,1699.1,29.9,4.81,0.584,0
8.79,15.76,28.95,61.71,10.05,56.02,1.65,-0.29,2245.4,35.7,7.67,0.386,0
0.82,5.37,10.6,25.57,0.77,48.72,1.5,-0.37,2279.2,38.9,11.79,0.292,0
12.59,16.99,36.11,62.32,15.79,44.49,2.33,0.09,3160.5,41.9,8.53,0.189,0
34.2,81.32,132.27,257.09,32.6,82.3,4.17,0.86,1390.6,26.2,5.54,0.602,1
37.93,67.83,111.08,259.61,44.02,73.49,3.12,0.91,1217.5,23.5,5.16,0.618,0
15.71,42.75,59.08,97.31,15.38,63.65,2.67,0.2,2677.1,46.6,8.11,0.28,0
14.76,34.64,62.09,93.5,12.48,53.04,2.04,0.05,2062.8,31.0,5.8,0.495,0
12.02,33.61,67.11,97.66,12.11,64.99,2.5,0.04,557.2,21.0,3.67,0.767,0
44.11,87.86,104.37,248.12,47.04,82.03,4.26,1.81,3027.5,48.8,8.01,0.432,1
34.16,44.83,109.73,168.63,44.17,54.88,2.88,0.76,2265.9,40.2,8.72,0.367,1
33.23,54.81,65.49,107.64,27.79,57.31,2.42,0.31,1165.2,31.2,5.89,0.675,0
19.75,51.68,102.82,243.24,25.49,71.94,3.63,0.61,2962.3,51.3,8.42,0.305,1
6.01,9.97,17.53,38.45,4.7,26.5,1.48,-0.17,1819.8,31.7,5.21,0.571,0
14.27,34.24,71.6,132.9,17.58,45.02,1.92,0.1,3006.1,41.3,7.78,0.36,0
20.18,74.53,94.53,176.0,20.16,48.3,2.7,-0.1,3013.9,49.5,11.77,0.263,0
2.51,13.1,21.6,37.17,2.63,27.59,1.52,-0.11,1213.9,25.8,4.83,0.615,0
18.74,45.23,89.15,188.09,20.47,85.5,3.06,0.27,794.4,18.5,6.2,0.638,0
31.36,60.12,83.76,135.45,30.4,49.25,1.98,0.17,1536.4,31.1,6.31,0.496,0
36.43,55.89,59.33,67.42,42.6,61.41,2.21,0.45,1013.8,24.4,3.14,0.647,0
38.21,41.63,46.24,126.41,39.39,55.17,1.79,0.5,1859.8,26.6,6.3,0.549,0
48.46,80.15,171.12,259.62,58.29,78.8,4.78,1.65,1980.1,35.4,5.69,0.513,1
7.67,12.48,22.93,60.52,7.22,62.23,1.93,-0.08,1127.9,25.4,3.56,0.636,0
1.42,2.89,4.25,8.07,1.02,37.76,1.35,-0.48,705.6,29.3,2.65,0.673,0
50.71,91.21,127.2,190.46,40.69,52.33,2.35,0.48,1038.9,31.3,3.44,0.604,1
15.45,41.3,81.16,93.41,11.56,71.7,2.75,0.16,1402.5,29.6,3.81,0.68,0
10.75,37.91,85.66,140.04,12.17,50.16,2.38,0.09,1939.7,37.5,5.21,0.47,0
2.87,4.04,7.33,23.56,2.54,35.47,1.53,-0.22,2328.3,37.9,6.27,0.461,0
10.08,20.42,38.62,55.67,13.02,34.33,2.0,-0.16,2158.0,42.2,6.51,0.435,0
1.23,7.21,11.78,23.27,1.14,22.29,1.65,-0.49,2103.2,33.7,6.65,0.482,0
0.6,0.66,1.25,2.64,0.69,21.86,1.65,-0.43,1802.8,35.6,5.68,0.52,0
38.15,54.44,96.1,178.96,35.1,77.47,3.46,0.95,1987.4,37.3,5.58,0.491,0
28.88,49.16,127.42,157.68,30.87,65.47,3.57,0.72,2079.7,46.1,10.37,0.331,0
9.09,49.89,126.56,166.17,9.44,86.25,3.65,-0.01,595.0,14.6,2.55,0.769,0
31.21,48.57,79.1,145.25,38.42,79.91,3.15,1.13,2348.8,34.3,6.69,0.469,1
12.93,46.65,97.57,138.13,11.03,47.34,2.34,-0.12,1566.5,34.0,5.38,0.603,0
15.51,29.96,58.75,108.86,17.14,38.4,1.68,-0.13,2214.1,43.9,6.48,0.415,0
6.58,32.26,40.08,79.38,5.32,45.91,2.03,-0.09,1791.9,28.6,7.14,0.464,0
30.22,43.61,84.11,176.44,25.79,71.47,3.2,0.71,2661.4,45.0,10.99,0.187,0
35.79,54.19,88.07,223.58,31.69,62.67,2.47,0.54,1328.4,26.8,3.8,0.592,0
11.51,41.11,106.8,245.89,10.96,87.13,4.42,0.07,2411.1,41.8,6.56,0.367,0
13.73,15.88,24.76,75.44,13.21,52.13,1.61,0.0,3189.5,50.0,9.69,0.153,0
4.53,13.47,21.39,52.98,5.15,41.89,1.42,-0.37,3022.0,48.6,9.5,0.27,0
19.55,26.84,43.45,58.15,21.16,33.11,1.78,-0.02,501.3,22.9,1.61,0.758,0
24.42,26.12,62.07,77.56,28.77,50.38,2.24,0.03,1734.4,34.7,4.66,0.563,0
68.73,116.53,155.39,251.71,48.38,59.67,3.41,0.86,2332.9,35.4,6.79,0.493,1
64.43,115.35,203.98,357.12,83.44,78.25,5.85,2.9,2977.2,39.4,9.05,0.252,1
8.53,19.52,49.18,150.89,8.01,66.93,2.24,0.01,563.5,14.3,3.93,0.707,0
4.64,7.43,30.18,101.89,3.99,43.53,1.26,-0.4,432.7,18.7,1.36,0.848,0
11.65,19.86,31.04,59.33,10.53,50.9,1.62,-0.18,511.8,22.3,5.32,0.609,0
29.52,37.12,78.99,117.07,37.67,42.3,1.81,0.19,2090.5,34.3,6.52,0.488,0
15.72,28.08,62.33,141.32,15.32,59.53,2.17,-0.22,1350.3,23.9,3.6,0.607,0
4.87,27.71,63.05,121.81,3.95,62.32,2.01,-0.32,490.5,23.0,3.11,0.798,0
60.14,112.8,171.82,285.05,63.21,76.97,4.33,1.55,1205.5,22.4,4.86,0.662,1
54.55,94.69,200.61,222.35,60.37,63.53,3.9,1.02,782.3,22.2,2.5,0.693,1
68.93,131.37,193.62,388.59,65.07,85.19,7.35,2.92,2927.0,53.7,8.32,0.286,1
5.4,19.7,39.78,70.97,5.21,49.95,1.95,-0.33,525.8,20.7,3.57,0.781,0
7.19,25.04,36.97,88.5,7.53,59.9,1.96,-0.22,2658.0,39.1,7.8,0.344,0
8.29,10.65,23.12,39.93,9.36,59.45,1.9,-0.32,1068.8,23.1,3.32,0.668,0
7.04,15.68,40.68,199.43,8.0,77.24,1.98,-0.12,630.8,27.2,2.05,0.738,1
26.72,49.55,71.2,238.4,24.15,60.6,1.99,0.07,720.7,27.7,5.97,0.567,0
18.08,30.77,57.93,119.53,12.92,64.48,1.98,0.11,641.8,22.7,2.78,0.738,0
25.78,53.07,77.9,155.97,26.77,55.26,2.47,0.23,1679.7,34.8,5.39,0.637,0
23.37,63.24,76.28,272.47,22.79,79.3,2.96,0.64,2054.5,28.7,5.73,0.495,0
18.83,45.11,79.01,126.88,20.5,45.86,2.18,0.18,2825.0,41.8,13.03,0.24,0
26.72,40.0,72.19,112.32,23.33,46.61,1.9,0.0,1770.7,33.4,7.77,0.475,0
5.41,17.23,21.53,46.86,3.93,59.09,1.71,-0.13,705.0,20.0,2.16,0.656,0
11.32,36.03,58.06,129.84,8.21,56.52,2.32,-0.02,2447.0,46.8,10.27,0.348,0
5.28,37.28,51.17,76.32,5.49,49.41,1.56,-0.15,2411.0,48.4,7.18,0.33,0
14.25,39.83,142.96,269.11,10.57,63.9,3.08,-0.19,1562.8,32.9,6.03,0.565,0
26.8,32.69,59.55,171.92,28.78,50.0,1.61,0.21,1741.0,32.1,6.45,0.455,0
40.65,50.51,83.51,134.48,52.26,78.39,2.9,1.27,1091.6,29.7,4.48,0.687,1
23.38,33.24,57.31,106.57,25.38,62.57,2.51,0.4,3125.7,57.9,11.67,0.238,0
49.31,87.19,115.27,184.31,51.8,67.08,3.33,1.22,1298.2,32.6,3.49,0.626,1
35.12,54.49,165.92,220.36,38.58,76.61,5.03,1.11,3156.0,49.6,8.6,0.282,1
28.45,34.22,70.36,101.25,31.12,66.89,2.39,0.71,2587.4,41.5,9.42,0.339,0
2.11,5.85,16.29,27.1,2.73,28.65,1.91,-0.26,1166.5,25.3,6.72,0.626,0
13.49,17.18,20.15,48.17,11.37,44.58,1.86,-0.19,2438.5,39.2,6.58,0.424,0
5.1,10.54,26.73,50.58,4.68,36.24,1.47,-0.12,2131.6,35.0,5.62,0.52,0
22.53,53.95,96.65,135.73,23.53,64.75,2.96,0.26,2276.3,34.9,7.17,0.434,0
59.51,111.77,127.38,229.03,43.17,81.51,4.34,1.21,1802.0,35.9,10.59,0.448,1
52.67,118.96,225.81,246.16,55.0,61.19,4.17,0.84,1615.5,25.9,4.76,0.62,1
6.91,18.29,34.7,53.35,5.06,34.82,1.69,-0.39,622.6,22.3,2.59,0.754,0
3.28,4.68,9.42,27.3,2.81,36.54,2.04,-0.38,2555.4,52.5,6.88,0.371,0
15.29,30.14,46.72,77.22,12.46,67.27,2.25,0.11,2989.5,40.4,8.2,0.238,0
6.21,26.58,82.95,146.98,7.21,66.62,2.67,-0.2,1377.6,33.9,5.44,0.571,0
2.8,14.1,37.89,77.52,3.5,41.34,1.7,-0.2,1922.8,31.6,7.49,0.566,0
12.1,30.13,59.27,117.51,15.71,45.61,2.22,-0.13,1677.4,51.5,5.37,0.563,0
31.08,66.83,81.51,150.3,25.24,69.3,2.86,0.52,2575.1,44.9,8.32,0.437,0
11.84,33.55,36.27,64.44,11.48,45.13,1.9,-0.06,1648.7,35.0,5.91,0.548,0
9.56,54.56,72.2,150.62,11.46,75.47,2.59,0.01,851.2,22.3,4.19,0.758,0
56.68,96.56,157.12,178.59,43.54,60.75,3.39,0.57,1465.1,32.3,5.95,0.545,1
50.54,91.68,137.47,231.75,51.58,57.33,3.13,0.69,2306.2,41.8,7.96,0.389,0
1.5,7.79,22.72,42.91,1.84,43.4,1.78,-0.45,2688.4,44.8,8.86,0.372,0
39.7,76.73,139.94,243.88,40.46,75.92,3.77,0.78,1623.9,28.5,5.08,0.478,1
17.89,22.83,49.34,79.21,17.17,47.87,2.21,-0.13,1983.7,40.5,5.92,0.453,0
7.06,8.43,10.0,17.08,7.94,38.98,1.29,-0.02,1977.5,36.7,5.15,0.514,0
23.69,62.61,89.92,174.49,17.34,55.79,2.44,-0.08,3031.5,41.5,8.63,0.327,0
32.78,60.83,88.74,195.83,34.85,73.7,3.74,0.84,2652.4,43.3,6.93,0.376,0
6.26,11.0,12.49,14.03,5.41,44.37,1.55,-0.27,2394.7,51.0,6.39,0.478,0
12.21,27.31,45.62,140.77,12.53,68.44,2.13,0.05,510.5,29.2,1.62,0.811,0
36.16,69.61,99.21,147.64,40.11,51.87,2.14,0.47,957.8,29.1,2.8,0.701,0
19.36,31.0,43.25,75.95,21.76,61.11,1.96,0.12,639.3,27.4,1.87,0.777,0
12.63,22.4,45.97,55.1,14.5,60.51,2.56,-0.03,3007.9,52.7,11.3,0.293,0
44.42,83.07,104.44,156.92,48.65,81.02,3.53,1.27,1173.2,30.8,3.85,0.605,1
5.32,14.79,33.49,41.09,5.39,50.96,1.91,-0.28,1193.6,23.8,4.98,0.549,0
9.33,40.28,47.94,117.59,11.5,52.29,1.72,-0.14,656.0,28.2,2.54,0.694,0
54.83,92.71,110.57,180.35,57.49,56.98,3.34,0.99,2387.3,43.5,6.22,0.496,1
16.36,18.73,34.7,57.17,17.52,34.4,1.47,-0.19,1257.8,34.3,3.95,0.573,0
55.99,98.29,175.02,317.94,51.73,81.66,5.45,1.6,1153.7,36.5,4.62,0.684,1
8.21,20.64,44.46,85.54,8.52,37.0,1.84,-0.1,2904.2,43.8,8.26,0.21,0
8.16,12.35,27.09,61.62,6.39,62.2,1.75,0.04,1919.8,37.0,5.43,0.574,0
17.74,29.16,35.44,78.39,14.19,59.21,1.97,0.21,2758.2,39.7,8.8,0.324,0
27.02,63.95,81.18,108.5,22.68,53.64,2.39,-0.04,1647.6,28.5,4.75,0.55,0
1.47,4.49,6.37,11.7,1.44,29.61,1.52,-0.19,2192.9,44.6,6.7,0.44,0
34.3,44.31,108.23,238.1,28.32,64.35,2.69,0.63,2653.6,45.6,7.0,0.348,0
27.59,34.18,76.83,132.66,28.75,48.04,2.17,0.12,2198.4,36.0,6.54,0.478,0
4.78,9.78,11.91,13.73,5.06,44.11,1.65,-0.17,835.6,31.0,3.06,0.676,0
25.78,47.44,137.07,168.28,18.62,83.5,3.31,0.27,904.1,11.5,2.53,0.784,0
36.44,89.33,162.35,217.42,41.85,72.92,4.41,1.15,2616.6,38.6,7.42,0.36,1
17.34,53.93,132.0,267.17,18.41,81.6,4.0,0.48,1580.5,29.3,4.39,0.639,1
7.15,12.84,44.04,76.24,7.64,37.01,2.25,-0.28,2048.0,36.6,8.29,0.409,0
5.49,9.81,37.67,83.76,5.99,48.58,1.6,-0.12,1081.3,26.6,7.53,0.572,0
10.04,40.78,78.71,125.1,7.56,67.56,3.07,0.11,1972.3,38.7,5.98,0.516,0
24.17,70.66,108.95,168.1,30.34,58.74,2.82,0.39,2419.4,45.2,6.48,0.502,0
3.15,23.15,57.9,69.16,3.94,57.33,2.25,-0.23,565.8,22.8,2.56,0.731,0
3.44,4.85,10.19,19.11,2.93,43.19,1.86,-0.3,2247.6,38.0,7.56,0.419,0
19.02,38.43,67.52,95.96,19.21,49.04,2.0,-0.18,811.7,26.1,2.28,0.745,0
44.75,73.64,135.67,299.82,46.87,74.75,4.49,1.46,2859.2,51.1,7.44,0.423,1
5.94,14.21,25.95,60.13,5.49,63.54,1.82,0.0,1858.7,33.9,6.44,0.5,0
23.08,63.39,114.48,161.47,22.26,75.18,3.85,0.5,2055.1,39.1,7.55,0.42,0
14.6,27.34,37.0,62.18,15.47,61.99,1.82,-0.01,1177.1,19.4,5.86,0.471,0
42.06,70.17,151.02,252.52,47.05,82.78,3.62,1.31,592.7,21.2,2.23,0.765,1
28.22,70.77,116.6,256.15,30.67,59.4,3.02,0.23,2039.8,37.3,5.6,0.545,0
35.25,87.94,109.33,222.05,41.39,74.1,3.27,0.7,698.8,22.2,2.22,0.688,1
7.12,8.64,24.28,61.22,7.98,31.17,1.55,-0.43,3195.8,46.7,16.15,0.069,0
54.29,62.25,119.93,247.1,53.35,64.73,3.05,1.13,1403.5,32.3,4.39,0.597,1
10.22,37.01,65.97,214.5,10.84,56.26,2.35,-0.04,1545.7,28.4,4.61,0.628,0
5.73,8.11,9.62,24.76,6.05,49.22,1.34,-0.12,1492.4,24.4,5.34,0.638,0
63.98,128.15,150.82,186.29,76.69,65.83,3.5,1.46,1755.0,31.3,4.85,0.656,1
7.44,12.18,21.84,69.8,6.15,43.0,1.47,-0.11,1991.9,28.3,5.57,0.561,0
6.57,17.09,52.44,90.36,5.98,63.05,2.45,-0.08,2610.3,39.9,9.51,0.41,0
34.18,40.91,56.05,125.55,44.39,63.06,2.17,0.49,771.2,23.2,4.0,0.749,0
34.92,64.92,104.0,160.51,43.15,71.2,3.14,0.98,2680.2,41.3,8.68,0.404,1
23.25,27.81,59.69,116.91,20.08,50.45,1.64,0.09,609.6,22.9,1.79,0.773,0
10.22,25.22,52.87,68.26,12.54,38.55,1.77,-0.14,1095.1,26.5,5.2,0.568,0
6.82,19.81,26.14,73.08,7.0,58.98,2.05,-0.1,616.9,25.4,2.09,0.763,0
32.04,47.76,91.15,170.65,29.39,65.5,2.4,0.48,1283.6,28.0,4.42,0.651,0
80.33,139.18,159.08,291.6,77.08,81.05,5.0,2.87,2619.7,38.2,7.73,0.463,1
38.31,74.77,86.31,138.1,28.45,50.89,2.21,0.0,1358.8,28.1,4.88,0.679,0
32.97,51.74,65.18,143.93,42.62,70.73,2.27,1.0,1856.1,30.8,5.01,0.62,0
16.18,25.58,80.44,186.3,13.52,75.74,3.24,0.24,2500.3,49.6,7.5,0.432,0
45.33,73.96,96.21,147.18,47.67,55.83,2.54,0.44,2027.2,33.8,7.04,0.449,0
15.57,39.43,51.22,172.34,19.38,63.43,2.22,0.12,1445.2,29.8,5.4,0.54,0
45.46,60.86,77.52,88.95,48.45,41.2,2.15,0.35,2395.8,43.0,10.62,0.291,0
15.51,31.51,61.04,175.25,15.61,65.55,2.62,-0.01,926.7,42.8,3.51,0.728,0
0.77,1.72,2.99,5.94,0.76,40.2,1.83,-0.19,2846.8,48.2,8.36,0.338,0
35.15,91.81,180.05,379.98,25.3,73.79,4.99,0.27,478.3,31.6,4.2,0.722,1
33.56,53.07,99.43,166.89,26.3,55.76,2.79,0.51,3173.0,58.0,8.53,0.299,0
15.28,30.6,64.43,95.94,17.34,42.23,1.61,-0.04,793.8,21.1,2.44,0.775,0
40.29,63.74,126.39,193.96,30.46,78.18,4.35,0.7,2364.5,41.0,6.53,0.51,1
10.21,13.89,32.61,45.07,11.65,37.68,1.86,-0.02,1417.6,37.3,5.2,0.592,0
61.42,112.26,149.29,246.89,74.06,79.42,4.08,2.23,1740.6,34.6,9.98,0.278,1
37.31,59.66,81.13,132.38,27.06,64.06,2.45,0.32,915.9,23.5,2.99,0.647,0
18.8,29.43,32.36,53.22,14.64,31.06,1.54,-0.4,536.6,30.9,6.04,0.64,0
1.55,2.37,17.66,26.42,1.6,34.23,1.38,-0.14,2823.0,54.3,7.43,0.412,0
7.21,34.51,81.84,130.01,8.14,76.94,2.92,0.01,2320.0,38.2,7.58,0.456,0
15.63,51.09,78.29,173.68,13.18,56.31,2.26,0.16,2632.7,42.9,8.96,0.342,0
14.13,19.43,27.94,59.38,18.12,48.37,1.26,-0.01,626.8,29.1,2.79,0.843,0
1.3,7.63,13.88,28.45,1.64,28.04,1.88,-0.12,2421.5,42.1,6.77,0.394,0
33.33,50.67,65.57,125.87,24.2,71.38,2.91,0.27,1383.4,28.4,3.75,0.648,0
28.77,59.34,73.43,168.41,25.91,81.88,2.52,0.61,1533.8,23.5,6.16,0.522,0
8.65,36.38,82.33,107.0,10.7,61.96,2.61,-0.19,2232.6,35.7,6.83,0.404,0
70.41,85.99,94.8,271.29,73.66,63.26,2.8,1.27,1213.4,30.1,5.55,0.592,1
11.72,16.53,19.11,47.16,13.44,51.92,1.83,-0.3,1518.2,25.2,4.48,0.73,0
28.7,48.11,76.0,109.68,30.34,42.36,1.72,0.15,1618.2,38.0,5.14,0.57,0
35.11,39.5,69.51,120.41,24.93,69.78,2.95,0.28,1959.4,34.6,7.9,0.479,0
49.35,75.99,98.9,166.06,42.62,72.03,3.72,1.29,2124.2,45.7,5.73,0.518,1
6.09,21.04,42.49,53.12,5.38,57.0,1.79,-0.33,1048.1,19.5,3.49,0.689,0
3.4,5.69,7.95,15.86,3.39,28.12,1.54,-0.48,2130.3,35.8,8.26,0.393,0
20.76,28.94,66.1,106.0,19.83,67.05,2.45,0.09,902.5,27.8,3.19,0.694,0
4.25,16.54,31.37,46.08,5.43,47.81,1.81,-0.16,2341.2,41.1,8.19,0.347,0
8.97,11.44,27.46,32.7,10.83,53.35,1.85,-0.04,1550.9,35.0,4.82,0.531,0
7.92,27.2,62.33,113.13,5.66,51.69,1.9,-0.09,1396.8,33.6,3.71,0.654,0
5.79,14.65,31.52,84.31,4.61,62.72,2.1,-0.28,1926.6,31.4,5.52,0.55,0
34.15,56.39,83.66,161.77,31.89,68.79,2.99,0.73,2603.7,42.7,9.43,0.276,0
12.71,15.46,28.17,62.91,12.9,59.13,1.64,-0.0,937.5,23.2,3.15,0.687,0
48.24,80.32,94.04,175.64,60.28,52.45,2.59,0.78,2719.9,44.0,7.56,0.388,0
8.4,15.7,28.66,61.2,6.54,52.37,1.5,-0.16,738.4,17.1,3.3,0.737,0
14.84,22.78,50.36,64.43,10.98,56.54,2.09,0.15,2912.3,55.4,8.06,0.379,0
6.83,32.37,85.27,99.95,6.2,73.4,3.02,-0.26,1277.7,32.7,8.01,0.39,0
12.28,32.3,37.87,60.38,9.0,48.9,1.23,-0.24,938.9,25.5,5.55,0.646,0
12.67,20.25,36.33,50.47,11.99,62.38,1.77,0.11,2191.1,32.0,7.34,0.364,0
32.92,48.06,72.45,124.39,28.99,56.69,2.76,0.3,2558.3,36.8,7.27,0.406,0
9.04,65.06,107.66,192.09,9.45,73.84,2.91,-0.14,617.8,15.1,4.53,0.686,0
52.08,86.68,99.2,131.94,58.16,51.37,2.29,0.78,2273.6,41.6,5.98,0.45,1
10.09,20.02,31.48,76.69,11.89,62.75,1.7,-0.14,2192.8,38.3,7.66,0.482,0
17.94,33.59,45.02,87.45,22.05,51.17,1.76,0.21,2429.8,37.1,6.35,0.424,0
23.23,35.69,61.64,104.7,20.62,71.79,2.34,0.2,1453.8,25.9,5.34,0.576,0
29.64,35.14,71.88,96.99,28.13,64.26,2.4,0.27,1395.5,32.8,5.31,0.585,0
47.86,75.1,140.97,235.59,35.98,63.82,3.23,0.37,1202.9,25.9,6.56,0.62,1
13.38,43.16,69.85,152.77,12.45,63.79,2.34,0.07,1549.6,34.2,4.61,0.619,0
38.72,88.82,113.1,156.81,34.63,78.97,3.95,1.2,2472.5,38.7,7.32,0.439,1
21.77,30.12,46.81,118.15,17.92,56.27,2.01,0.13,1787.6,31.8,7.25,0.456,0
25.08,33.43,46.81,74.78,17.91,53.27,1.82,0.14,1037.9,28.5,4.42,0.674,0
10.38,15.68,24.11,40.77,11.68,31.47,1.19,-0.06,1295.1,29.1,4.78,0.579,0
3.86,4.64,9.3,21.29,3.89,45.97,1.37,-0.26,1964.3,37.0,5.11,0.503,0
39.83,52.41,110.51,200.07,31.47,55.96,2.55,0.01,1049.0,15.0,2.91,0.711,0
8.72,18.93,46.27,51.42,6.65,56.05,2.12,-0.02,2795.2,43.1,8.79,0.348,0
22.02,33.2,58.38,99.6,23.19,50.14,1.93,0.1,2561.1,39.4,7.86,0.342,0
12.58,48.92,96.65,111.11,10.82,71.71,2.38,-0.05,877.5,18.5,2.69,0.657,0
40.2,66.57,79.14,121.48,49.81,70.91,2.46,0.91,1347.6,25.5,4.13,0.655,0
59.07,82.92,117.04,275.92,75.07,59.8,2.85,1.22,464.4,23.4,1.44,0.756,1
39.79,60.03,93.43,233.01,51.09,63.8,2.53,1.09,1696.9,33.9,4.85,0.572,0
15.77,28.11,53.45,90.25,16.03,52.99,1.82,0.09,1361.0,20.6,5.34,0.62,0
1.88,2.64,5.53,12.95,2.02,35.0,1.4,-0.29,1638.3,38.1,5.13,0.513,0
57.4,78.29,138.19,171.71,49.92,78.5,3.79,1.11,1440.4,25.7,4.83,0.671,1
20.32,44.28,84.94,134.42,24.17,60.73,1.99,0.28,960.9,21.0,4.16,0.698,0
24.76,27.69,91.03,137.47,27.28,52.17,2.32,0.14,807.2,25.9,6.57,0.558,0
8.09,13.32,51.64,112.43,9.96,41.4,2.15,-0.02,1971.4,37.0,7.01,0.513,0
9.95,31.26,36.33,85.6,9.94,44.26,1.71,-0.33,2928.7,50.2,7.79,0.291,0
16.01,33.63,67.26,126.14,14.21,63.28,2.07,-0.23,698.9,18.8,2.26,0.757,0
8.47,15.2,24.66,50.12,6.34,40.45,1.45,-0.07,1862.8,26.5,6.69,0.571,0
30.02,47.92,91.15,187.57,31.46,67.39,2.64,0.64,1036.6,32.5,3.41,0.61,1
23.19,38.77,49.04,65.99,27.34,62.85,2.3,0.23,957.6,28.5,2.68,0.75,0
34.81,56.62,110.33,194.3,43.44,56.13,2.43,0.44,627.5,21.1,3.37,0.725,1
3.46,9.11,13.06,24.92,3.1,45.66,1.53,-0.41,619.2,15.4,2.55,0.839,0
12.3,28.11,37.06,78.16,11.05,60.99,2.39,-0.17,2316.5,33.5,7.09,0.465,0
77.84,115.33,196.04,274.83,76.75,63.28,3.72,1.42,1291.4,26.4,6.91,0.478,1
74.93,146.93,213.3,440.17,65.53,79.78,6.96,2.66,2996.0,51.5,8.92,0.389,1
15.9,26.55,42.65,64.0,14.43,45.36,1.9,-0.3,521.8,17.5,2.05,0.789,0
27.42,59.93,130.96,141.75,24.24,68.04,3.39,0.15,1808.5,31.8,7.41,0.437,0
19.63,59.3,89.32,108.69,23.79,58.9,2.68,0.0,989.2,32.5,3.34,0.698,0
1.4,2.27,4.8,7.13,1.13,40.66,1.77,-0.11,2377.5,45.6,6.31,0.48,0
41.51,87.8,154.08,213.05,52.69,54.59,3.4,0.84,2547.7,43.8,8.15,0.338,0
16.2,27.33,54.49,70.74,18.48,52.17,2.61,-0.09,2749.1,45.8,9.09,0.23,0
9.97,13.77,18.29,43.4,9.65,30.69,1.54,-0.05,2952.8,50.4,10.07,0.268,0
33.62,47.45,57.22,86.58,27.09,68.34,2.73,0.52,644.5,27.5,2.31,0.726,0
3.81,6.06,19.01,62.88,4.54,42.14,1.65,-0.1,2693.9,46.6,7.29,0.351,0
30.71,52.21,80.01,142.55,31.74,44.24,2.4,0.29,3033.7,53.6,8.07,0.299,0
5.89,36.01,59.27,88.37,6.24,50.96,2.37,-0.3,2522.4,42.1,9.15,0.253,0
27.99,52.77,89.21,214.37,29.68,54.66,2.61,0.3,2280.5,41.9,6.07,0.401,0
17.24,35.34,69.11,74.86,20.9,61.36,2.42,0.28,1304.0,29.2,5.94,0.463,0
4.92,5.23,7.81,9.68,5.69,30.69,1.65,-0.18,947.7,31.1,3.22,0.697,0
4.47,5.07,10.79,13.78,4.96,37.37,1.62,-0.35,3056.2,51.2,9.73,0.36,0
32.48,54.47,59.03,126.47,30.31,63.63,1.99,0.39,1475.0,27.8,5.64,0.543,0
42.58,64.07,77.77,91.74,36.07,60.09,1.92,0.51,847.7,20.6,2.6,0.779,0
54.77,77.99,126.43,259.5,58.99,80.74,4.28,2.04,2566.1,35.0,12.46,0.267,1
25.03,57.07,68.88,85.88,31.02,38.59,2.02,0.02,1428.6,30.4,5.08,0.611,0
24.29,36.88,61.01,77.22,20.52,42.18,1.91,-0.19,783.0,26.3,3.84,0.722,0
17.39,29.21,37.3,46.06,18.73,64.95,2.02,0.15,1630.4,20.0,9.58,0.446,0
9.17,18.64,40.75,71.16,7.68,39.76,1.72,-0.19,1367.7,28.6,3.73,0.631,0
33.1,43.85,124.37,264.72,29.73,63.61,3.18,0.38,1614.2,29.1,6.84,0.511,0
34.28,39.64,84.06,106.75,35.64,42.43,1.55,0.27,1433.4,32.8,4.87,0.625,0
22.11,40.56,49.49,183.25,26.25,73.19,2.25,0.31,1309.7,25.2,3.88,0.698,0
9.09,17.14,26.06,40.15,11.23,50.54,1.23,-0.29,645.7,25.2,6.23,0.715,0
44.33,58.31,98.34,271.87,48.79,91.88,3.57,1.69,997.6,23.5,4.94,0.588,1
6.06,19.8,60.09,118.11,6.05,52.93,2.27,-0.24,2155.7,38.4,6.85,0.438,0
18.4,22.24,46.31,88.99,14.12,72.96,2.57,0.0,1724.6,27.0,6.15,0.498,0
39.85,121.38,194.4,310.52,47.83,61.31,3.65,0.88,1201.7,29.9,3.73,0.65,1
66.88,74.67,128.43,201.16,54.85,55.64,3.12,1.06,1938.0,44.5,8.42,0.373,1
15.7,30.14,52.07,73.52,12.02,59.97,2.53,-0.13,1565.3,38.3,4.16,0.604,0
30.24,56.88,109.05,133.81,29.19,77.48,3.92,0.79,1756.1,37.4,6.96,0.534,0
2.09,6.43,14.91,22.21,2.59,32.11,1.85,-0.43,3191.6,51.1,11.56,0.187,0
32.19,41.62,96.99,139.01,26.14,78.29,2.91,0.59,1046.7,25.4,2.96,0.686,0
16.54,24.5,43.56,66.3,18.2,37.12,1.68,-0.21,2353.1,45.6,6.26,0.424,0
21.46,36.67,57.51,97.28,25.84,54.01,2.43,0.28,2441.9,33.9,7.28,0.405,0
28.33,57.88,105.04,123.53,25.53,72.43,3.46,0.48,2527.7,32.3,6.63,0.485,0
8.74,25.71,54.26,80.28,7.09,46.99,2.22,-0.07,2318.8,38.2,6.52,0.483,0
43.55,73.57,88.1,205.2,49.94,54.59,2.75,0.83,2684.4,47.3,7.31,0.325,0
25.16,77.07,97.43,226.83,20.87,61.25,2.52,-0.04,784.4,21.6,3.84,0.748,0
15.09,29.03,37.1,124.78,10.85,71.43,2.2,0.09,1855.2,38.9,7.31,0.462,0
34.97,81.76,104.77,168.27,45.21,82.44,3.45,1.04,904.6,21.6,2.55,0.817,1
11.11,18.54,28.77,55.84,10.92,30.01,1.76,-0.12,3166.7,47.7,8.68,0.34,0
34.61,56.92,81.67,126.22,27.24,47.92,2.12,-0.0,3023.8,40.5,8.04,0.242,0
16.37,17.87,37.37,58.76,14.18,55.89,1.91,0.08,973.5,30.0,4.05,0.603,0
3.38,4.27,10.67,20.63,3.44,45.09,1.55,-0.18,1560.0,28.0,4.31,0.675,0
25.26,30.06,56.28,176.93,31.9,74.22,2.15,0.49,835.1,23.0,2.91,0.657,1
29.07,67.58,94.7,135.28,32.11,67.01,3.03,0.47,1625.8,28.5,4.56,0.622,0
12.46,73.63,202.15,248.64,13.83,70.38,4.52,0.23,1177.6,30.8,5.61,0.508,0
23.58,35.42,46.85,82.34,16.82,39.0,1.55,-0.23,752.0,31.4,2.25,0.72,0
33.22,59.53,83.4,151.64,39.63,60.5,2.92,0.94,2513.6,49.5,7.11,0.463,0
15.01,25.19,37.36,62.62,13.63,36.93,1.83,-0.04,2372.5,44.2,7.37,0.459,0
26.5,36.26,67.6,122.67,29.93,42.79,2.13,0.06,1668.3,32.6,4.6,0.646,0
40.07,73.55,129.2,169.02,46.39,55.08,2.94,0.57,2737.9,46.5,9.94,0.24,0
34.54,61.27,95.65,109.08,41.67,57.73,2.89,0.55,2491.8,42.5,7.92,0.345,0
14.52,32.6,65.21,113.08,14.81,69.98,2.49,0.06,1184.4,25.6,3.42,0.676,0
12.61,23.27,42.07,73.67,14.06,59.86,2.15,0.1,925.6,34.2,3.3,0.69,0
31.99,75.19,94.27,192.7,25.7,78.83,2.97,0.41,1084.0,26.7,3.16,0.737,1
42.27,60.53,116.76,163.09,50.34,60.94,3.06,0.83,2111.1,40.0,8.22,0.54,0
7.99,31.94,49.36,114.55,8.06,50.68,1.59,-0.32,654.3,15.2,1.91,0.808,0
25.89,32.97,48.47,64.26,29.88,52.97,1.71,0.12,1199.8,23.8,5.01,0.622,0
3.33,7.7,13.07,16.49,2.61,41.35,1.71,-0.26,1947.9,38.4,6.38,0.491,0
1.52,6.14,13.63,20.32,1.27,21.22,1.45,-0.45,920.9,30.0,2.7,0.647,0
24.15,45.73,59.66,126.85,18.22,56.61,1.55,0.2,973.1,24.8,3.57,0.66,0
3.38,8.1,23.45,41.51,3.56,38.79,1.82,-0.32,1855.5,30.4,5.63,0.488,0
37.84,57.11,113.96,151.68,44.5,71.1,2.68,0.58,697.8,10.4,2.5,0.789,0
4.09,25.49,43.95,95.22,4.37,63.04,1.9,-0.37,1124.7,36.1,3.57,0.606,0
35.45,79.03,134.45,184.2,30.53,66.03,2.83,0.36,427.7,22.3,1.73,0.808,0
4.04,7.17,10.32,16.89,3.69,43.89,1.72,-0.09,890.5,19.1,5.72,0.619,0
36.62,55.51,81.54,140.53,44.04,59.83,2.63,0.44,741.6,29.4,9.63,0.527,0
14.33,26.63,40.77,90.87,16.18,46.47,2.07,-0.17,2686.7,49.9,7.7,0.307,0
8.76,43.67,81.04,102.86,7.12,67.19,2.9,0.07,2337.8,36.1,6.09,0.503,0
15.06,28.4,39.76,44.44,15.1,62.36,1.98,0.01,1050.7,26.9,3.43,0.725,0
37.73,40.18,96.77,184.07,30.53,72.39,3.04,0.89,2789.0,42.1,10.35,0.253,1
31.91,66.32,125.55,193.6,31.63,53.65,2.68,0.17,2263.1,38.5,11.16,0.4,0
2.7,5.89,26.46,40.14,2.14,27.09,1.81,-0.38,2820.6,50.2,7.49,0.365,0
7.59,21.34,50.52,94.88,7.89,41.82,1.8,-0.4,801.2,26.2,4.58,0.644,0
22.96,70.13,98.25,232.16,25.37,73.56,3.08,0.19,701.3,18.1,3.03,0.786,0
1.49,7.88,11.31,20.36,1.77,30.55,1.45,-0.45,2840.9,43.6,7.43,0.281,0
50.33,75.3,123.35,223.77,41.18,77.85,4.42,1.34,2729.9,51.3,7.33,0.393,1
3.54,6.65,13.04,63.39,3.71,41.36,1.63,-0.43,1283.2,16.9,3.67,0.682,0
0.4,1.59,2.46,3.91,0.36,47.02,1.32,-0.24,604.5,12.8,1.98,0.775,0
16.95,23.5,26.48,78.29,12.13,67.89,1.97,0.09,1417.6,32.2,6.23,0.531,0
6.52,8.67,20.15,25.49,7.52,57.46,1.77,-0.33,766.1,21.7,2.19,0.733,0
62.99,114.58,145.05,283.24,64.17,80.37,4.14,2.0,1536.9,29.3,6.53,0.535,1
15.82,39.07,82.53,134.75,13.24,63.57,2.28,-0.07,674.2,18.8,3.31,0.749,0
2.59,17.0,37.68,46.55,3.2,57.8,1.55,-0.07,631.2,17.0,2.08,0.79,0
40.3,53.61,62.38,223.63,40.96,74.15,2.04,0.68,411.4,17.8,1.62,0.809,1
0.95,2.82,5.5,10.2,1.08,35.76,1.64,-0.4,1462.1,36.4,5.36,0.5,0
15.83,23.27,52.04,124.02,13.62,49.76,1.73,-0.27,1405.3,32.3,4.63,0.637,0
1.49,4.2,7.73,14.46,1.26,39.57,1.84,-0.1,1440.1,31.2,7.85,0.564,0
92.33,99.36,112.81,266.63,73.91,80.92,4.62,3.07,2758.6,46.9,7.48,0.411,1
69.73,132.96,208.76,357.58,51.13,66.08,3.66,0.46,526.3,14.5,1.99,0.831,1
28.65,63.11,87.93,172.98,21.09,58.78,2.75,0.35,1953.9,42.2,8.06,0.466,0
24.13,57.71,81.33,160.11,19.67,75.94,3.0,0.42,2016.7,40.4,6.21,0.543,0
56.46,79.73,113.31,226.2,60.1,57.07,3.03,0.77,2692.3,38.6,11.08,0.134,1
16.87,20.7,34.05,59.96,17.17,51.54,1.85,-0.22,1437.4,28.1,9.11,0.416,0
33.29,36.44,47.72,69.77,42.84,32.48,1.8,-0.01,1756.4,38.7,5.51,0.412,0
3.58,4.32,15.4,44.67,3.33,44.26,1.36,-0.27,2997.1,44.8,7.9,0.377,0
20.11,35.11,48.22,88.17,14.78,39.53,1.67,-0.11,2801.9,45.6,7.49,0.449,0
80.85,149.42,225.09,358.34,92.4,83.71,6.55,3.41,781.2,36.2,2.93,0.745,1
25.17,29.32,104.13,121.85,22.33,68.36,3.2,0.31,3063.0,49.8,8.45,0.397,0
5.27,5.99,12.18,15.38,3.8,19.3,1.87,-0.09,2663.7,52.5,7.37,0.398,0
13.55,44.62,72.16,120.56,13.5,72.94,2.35,-0.03,806.2,15.9,2.22,0.759,0
47.0,78.37,185.01,392.38,58.05,73.99,3.8,0.95,441.9,13.6,2.16,0.833,1
26.35,69.31,113.93,219.49,26.94,80.58,3.96,0.56,2712.2,37.0,10.94,0.267,1
14.6,23.08,49.67,81.19,16.79,53.73,1.78,0.09,1699.1,36.4,5.06,0.556,0
65.91,128.05,199.76,251.77,48.51,57.42,3.99,0.83,3125.2,47.9,10.42,0.123,1
90.63,171.93,235.0,419.32,82.18,75.11,6.06,2.78,2615.9,42.1,7.27,0.364,1
84.05,100.51,167.42,185.25,71.62,80.26,4.95,2.31,2382.7,33.9,7.41,0.406,1
18.85,21.85,38.86,123.86,16.95,43.34,1.65,-0.21,2670.8,40.1,10.19,0.3,0
20.74,47.08,71.12,139.69,19.52,69.79,2.44,0.19,800.8,24.9,4.36,0.815,0
25.8,31.29,117.17,332.09,22.62,66.73,3.16,0.38,2400.8,41.6,6.93,0.432,0
11.55,22.2,49.67,150.88,10.4,53.25,1.98,-0.22,2424.5,45.1,7.09,0.39,0
4.68,9.36,34.47,95.55,5.45,63.6,1.97,-0.35,2645.1,38.6,11.25,0.311,0
48.38,104.68,132.4,279.68,37.26,61.3,3.32,0.68,2250.8,40.8,6.1,0.422,1
12.95,47.77,75.06,151.38,9.67,84.49,2.73,0.11,889.9,14.7,3.66,0.703,1
53.83,93.39,139.9,222.26,45.97,82.91,5.19,1.73,3081.9,48.9,8.4,0.327,1
3.39,10.41,14.14,27.85,2.79,29.3,1.55,-0.12,905.3,21.9,4.89,0.611,0
34.32,42.23,63.58,87.84,43.23,42.44,1.75,-0.02,971.4,26.0,3.39,0.719,0
28.62,35.53,60.17,67.12,28.32,42.36,1.74,-0.19,1312.7,19.6,7.03,0.478,0
8.9,24.03,65.53,107.37,7.66,74.21,2.51,-0.26,644.5,25.1,2.73,0.73,0
12.86,23.35,67.67,101.71,16.36,53.09,2.33,0.09,1593.2,33.1,12.02,0.427,0
14.13,20.23,48.03,93.98,13.19,43.0,2.23,-0.31,1805.6,40.5,6.39,0.469,0
19.57,21.9,44.96,97.67,20.17,48.51,2.13,0.13,2696.2,51.9,12.24,0.262,0
16.63,20.14,44.47,76.4,11.75,66.96,2.18,0.01,2773.9,42.4,7.94,0.279,0
27.46,44.23,68.72,123.41,25.23,72.8,2.96,0.29,404.2,25.5,4.79,0.723,0
24.59,60.12,118.64,171.81,30.42,80.86,4.07,0.79,1357.1,26.3,6.87,0.584,0
20.07,28.68,42.33,51.97,19.54,31.69,1.51,0.04,1867.2,39.4,4.92,0.562,0
32.19,45.65,67.98,95.88,34.5,48.06,2.26,0.35,2584.9,45.0,8.19,0.34,0
4.06,6.14,8.24,20.06,4.09,29.95,1.31,-0.32,1588.1,34.3,7.39,0.565,0
9.07,21.09,41.87,72.9,9.9,58.83,2.11,-0.01,2731.8,42.0,7.92,0.354,0
10.92,19.62,28.25,46.2,10.22,31.62,1.74,-0.18,1083.7,25.6,7.24,0.545,0
5.57,10.33,15.99,29.28,6.85,31.25,1.64,-0.21,1426.3,34.3,4.28,0.556,0
9.24,10.26,23.03,44.12,9.77,27.56,1.83,-0.32,3130.2,57.6,11.86,0.131,0
29.65,73.92,85.01,215.9,30.2,69.37,3.3,0.5,3160.9,40.9,10.75,0.273,0
24.4,52.41,131.95,242.06,25.28,62.23,3.4,0.06,799.1,30.8,2.59,0.803,1
58.96,90.99,108.87,274.52,49.56,66.92,3.58,1.43,3095.7,53.3,10.63,0.261,0
0.39,0.91,1.15,2.22,0.43,41.95,1.36,-0.47,2651.3,43.0,8.3,0.431,0
7.6,32.42,73.29,88.97,6.79,66.96,2.67,-0.15,2197.3,43.3,6.31,0.406,0
3.02,18.54,47.73,73.99,2.95,39.91,1.78,-0.19,2952.0,43.3,10.89,0.319,0
36.38,85.49,154.08,224.96,31.3,61.8,3.82,0.56,1869.2,29.9,6.91,0.455,1
18.64,30.03,34.25,56.5,20.5,35.18,1.53,-0.21,2999.3,51.5,9.59,0.357,0
25.34,54.76,77.11,157.53,27.16,55.84,2.08,0.23,1240.2,28.3,6.1,0.674,0
16.19,27.24,30.75,69.54,17.82,65.59,1.71,-0.07,2044.7,29.5,7.02,0.51,0
22.41,68.22,130.3,253.67,25.16,54.83,2.74,0.33,2381.3,39.8,6.69,0.512,1
18.64,22.03,50.27,128.93,21.51,71.91,2.5,-0.02,445.9,16.6,1.74,0.691,0
16.42,24.32,41.46,76.06,14.46,63.97,1.86,-0.19,992.5,21.1,2.78,0.625,0
16.4,25.87,40.66,59.35,11.58,44.29,1.88,-0.26,595.7,16.6,2.9,0.748,0
7.22,14.89,21.4,33.71,7.63,29.59,1.37,-0.07,1502.4,36.2,4.14,0.606,0
0.71,2.29,7.38,16.46,0.68,27.22,1.34,-0.35,606.4,23.1,4.79,0.682,0
12.85,20.36,87.8,225.01,15.49,57.04,2.76,0.11,2084.2,43.0,6.34,0.543,1
10.25,16.91,22.07,27.39,11.98,36.2,1.82,-0.33,2325.9,46.3,10.05,0.36,0
8.7,30.36,41.57,53.42,7.15,62.4,1.6,-0.13,966.7,15.6,6.81,0.532,0
14.03,23.23,36.24,57.23,11.3,61.69,2.03,0.03,2674.0,49.2,7.7,0.333,0
4.28,25.94,47.69,92.46,5.39,52.24,2.23,-0.08,1399.5,32.3,4.73,0.526,0
6.0,15.18,27.6,51.27,6.58,33.72,1.78,-0.38,545.5,15.3,3.48,0.706,0
50.29,66.94,84.05,113.22,64.8,55.31,2.5,0.93,2859.8,42.3,11.97,0.191,1
8.02,46.79,71.23,158.44,7.01,50.31,1.75,-0.26,2271.0,44.6,6.46,0.391,0
2.39,4.79,15.75,32.57,2.07,26.26,1.5,-0.38,863.8,28.3,2.69,0.776,0
17.06,31.33,56.35,106.93,14.42,56.69,2.03,-0.11,2039.0,34.9,6.52,0.52,0
3.67,4.98,8.88,25.65,3.03,40.7,0.94,-0.13,1759.8,28.1,6.0,0.462,0
11.48,36.26,68.7,162.52,12.12,63.25,2.25,-0.14,605.0,21.7,3.05,0.728,0
20.61,47.72,92.26,110.12,24.44,63.69,2.87,0.06,1166.9,31.0,4.72,0.626,0
21.88,56.69,76.59,158.13,17.75,65.54,2.88,0.34,3006.2,52.0,9.21,0.266,0
15.53,29.61,45.2,53.77,19.5,42.16,1.89,0.02,1234.5,34.9,3.41,0.614,0
5.52,11.58,14.98,27.01,5.61,43.52,1.79,-0.32,1619.5,28.6,5.44,0.527,0
28.45,59.37,103.34,175.86,31.91,62.12,2.76,0.62,1591.8,33.9,4.47,0.574,0
14.99,27.86,68.62,140.2,14.71,70.23,2.69,-0.02,1547.2,34.6,4.68,0.586,0
8.66,41.53,77.15,110.77,10.92,42.24,1.71,-0.36,1149.3,25.5,3.44,0.584,0
1.38,3.34,6.43,13.5,1.07,17.59,1.48,-0.48,2786.2,46.3,8.1,0.337,0
15.35,58.76,104.87,141.49,12.19,72.38,2.69,0.13,943.0,19.9,2.71,0.685,0
24.28,79.5,147.25,200.97,20.28,70.23,4.66,0.34,3141.7,47.6,8.16,0.31,0
5.79,6.97,19.76,45.31,5.61,63.92,2.05,-0.16,484.6,20.4,1.65,0.756,0
39.71,66.19,105.99,115.3,28.01,42.77,2.22,0.12,732.3,29.0,3.12,0.783,0
11.82,30.36,36.03,63.02,13.29,35.41,1.92,-0.12,1701.9,49.2,6.63,0.518,0
36.95,93.57,124.14,263.29,29.24,73.26,4.1,0.52,2631.8,40.6,7.77,0.304,1
12.1,21.52,34.2,40.74,9.44,35.47,1.67,-0.23,978.8,19.7,4.34,0.615,0
3.7,9.12,26.01,51.97,3.6,52.26,1.56,-0.43,2826.7,45.5,7.32,0.395,0
14.97,47.18,92.43,134.21,11.66,56.77,2.73,-0.23,2604.1,40.4,8.61,0.314,0
6.16,15.6,28.65,33.32,5.19,43.82,1.98,-0.29,2193.5,38.6,8.56,0.39,0
12.76,17.47,48.26,77.55,9.82,62.74,1.98,0.02,2550.2,33.8,9.41,0.33,0
56.64,83.32,98.14,228.13,70.57,68.17,3.1,1.53,2332.4,36.5,6.99,0.387,1
6.71,20.01,62.66,89.27,5.87,65.99,2.52,-0.34,1494.7,26.0,4.59,0.516,0
9.17,21.64,43.64,84.73,8.49,56.1,1.98,-0.11,2438.8,40.6,6.95,0.341,0
43.73,52.83,118.39,240.75,44.67,67.35,3.56,1.23,2421.9,44.2,6.7,0.4,1
6.42,9.51,17.3,44.72,5.75,40.4,1.58,-0.28,2839.6,49.6,8.14,0.431,0
37.43,40.58,75.53,179.41,29.05,78.73,2.89,0.98,2548.7,45.3,7.17,0.246,0
55.53,98.01,126.29,272.17,56.5,67.28,3.48,1.15,1264.9,32.9,4.09,0.707,1
11.83,16.27,25.81,51.46,11.14,35.9,1.79,-0.37,2386.0,33.4,9.29,0.388,0
14.99,16.18,25.06,40.64,13.25,32.51,1.38,-0.12,1383.5,38.3,6.17,0.609,0
44.75,50.93,115.94,218.83,41.1,54.55,2.7,0.28,1717.0,34.0,6.65,0.459,0
17.4,63.0,156.28,338.55,12.94,81.48,4.34,-0.02,791.5,24.9,2.97,0.695,0
9.11,49.76,104.01,129.07,7.19,66.27,2.83,-0.21,1479.0,32.0,4.0,0.682,0
60.26,87.65,189.36,312.35,73.99,86.92,5.92,2.51,1957.8,29.1,5.37,0.523,1
38.65,64.55,114.05,187.79,41.55,82.62,3.88,1.35,1222.1,29.8,5.23,0.632,1
20.44,27.74,53.67,68.01,21.62,43.2,1.61,-0.15,2390.0,40.3,11.42,0.348,0
50.61,98.32,137.81,250.48,35.86,84.15,5.16,1.38,2823.9,49.1,8.61,0.342,1
12.46,32.13,38.85,66.74,11.33,50.62,1.55,-0.03,1624.1,38.8,9.84,0.458,0
14.09,54.71,111.42,141.11,16.53,70.51,3.28,0.29,1822.2,43.8,6.24,0.511,0
45.62,70.37,129.77,255.06,39.82,86.83,4.67,1.31,1990.6,38.1,6.99,0.487,1
33.48,37.77,47.13,165.99,39.93,68.4,1.84,0.73,1463.0,30.9,3.95,0.576,1
7.93,11.4,31.76,62.1,6.67,29.84,1.68,-0.45,3098.5,45.1,10.9,0.22,0
13.69,22.44,38.41,103.43,14.04,62.26,1.98,0.15,1682.5,30.0,4.88,0.547,0
3.5,6.96,17.04,31.42,3.36,38.15,1.62,-0.14,2937.9,45.2,10.96,0.172,0
12.84,19.76,38.25,56.23,9.06,65.58,1.85,-0.06,637.5,21.7,1.85,0.882,0
20.18,40.05,62.51,86.52,22.37,39.12,2.16,-0.12,2998.2,54.8,9.78,0.347,0
39.87,80.51,94.22,263.05,50.99,85.03,3.43,1.79,741.6,29.6,4.78,0.707,1
21.45,51.99,67.98,123.31,16.73,73.03,3.15,0.19,3021.9,37.7,8.08,0.271,0
2.03,13.33,35.04,68.15,1.47,66.14,1.78,-0.31,1411.1,29.4,6.45,0.545,0
3.77,8.0,15.48,25.62,4.36,26.25,1.27,-0.12,3181.0,54.1,8.24,0.261,0
13.37,23.71,30.26,40.03,11.11,47.73,1.56,-0.07,1334.5,29.7,4.23,0.552,0
43.53,96.21,134.09,211.56,39.92,68.2,3.57,0.83,1046.7,28.0,3.71,0.558,1
62.03,70.45,189.53,226.49,52.38,81.4,5.43,1.68,2881.9,38.1,8.37,0.365,1
49.68,90.55,178.07,304.56,48.8,66.88,4.29,0.9,2367.9,39.5,10.06,0.436,1
4.35,7.78,29.43,55.44,3.55,56.23,1.62,-0.3,640.6,19.5,2.11,0.776,0
5.93,40.67,58.7,152.74,7.17,56.92,2.25,-0.32,2774.3,38.4,7.15,0.343,0
60.68,116.31,189.71,270.32,57.66,56.77,3.82,0.77,1824.4,37.1,6.25,0.5,1
14.09,30.03,49.81,84.47,10.19,48.18,1.97,-0.23,1864.4,44.6,8.94,0.382,0
9.3,12.98,24.59,46.68,11.86,42.51,1.4,-0.09,1709.1,31.4,4.56,0.456,0
34.21,39.22,85.03,111.13,27.79,48.33,2.59,0.33,3169.6,45.8,8.23,0.275,0
11.96,20.01,100.86,131.37,12.31,53.17,2.58,-0.16,878.9,18.7,3.91,0.728,0
28.87,36.87,66.32,164.68,36.95,63.22,2.42,0.78,2051.3,35.9,5.33,0.43,0
1.0,1.49,2.25,6.06,1.11,17.03,1.64,-0.43,1798.2,40.5,5.19,0.491,0
31.62,43.94,61.4,112.54,27.66,72.82,2.37,0.42,736.2,27.1,2.05,0.758,1
2.4,13.57,17.66,47.22,2.35,42.71,1.54,-0.11,2282.5,38.8,6.11,0.433,0
32.95,44.63,82.51,212.25,25.24,55.82,2.58,0.4,2891.0,48.6,12.39,0.271,1
17.37,32.96,36.45,85.45,21.29,54.59,1.78,0.0,486.5,9.1,1.59,0.825,0
11.44,14.93,23.25,33.19,13.97,33.12,1.43,-0.32,1306.9,33.0,3.6,0.533,0
39.48,79.62,129.89,151.49,51.32,50.49,2.46,0.5,449.0,24.8,2.33,0.759,0
19.47,24.39,49.8,76.25,20.06,35.62,1.95,-0.27,3048.2,56.3,10.56,0.288,0
3.52,8.59,11.71,25.8,2.67,53.72,1.66,-0.24,565.3,12.4,4.8,0.702,0
15.15,30.75,54.0,60.99,13.46,42.56,1.64,-0.09,574.5,27.7,2.22,0.741,0
20.1,37.97,50.43,66.27,16.11,57.11,2.21,-0.07,2354.5,36.7,8.73,0.313,0
77.94,148.37,236.45,324.27,60.98,92.56,5.76,1.68,763.6,15.7,3.3,0.62,1
16.5,47.49,57.79,90.95,15.38,45.63,1.95,-0.29,1149.7,27.3,4.31,0.623,0
25.34,33.43,104.93,176.8,24.49,73.07,3.75,0.49,2969.1,53.7,9.04,0.369,0
10.68,47.25,79.38,208.36,8.53,87.41,3.45,0.17,661.2,20.5,2.27,0.784,1
33.41,46.72,81.77,139.67,34.35,69.85,3.62,0.71,2712.8,50.1,7.65,0.396,0
3.63,23.55,52.12,117.1,4.45,68.96,2.51,-0.3,3014.0,41.5,8.66,0.256,0
16.6,23.8,52.81,97.63,19.99,58.56,2.16,-0.18,404.8,15.9,1.45,0.754,0
17.32,23.8,89.41,140.92,13.86,77.91,2.9,-0.03,699.6,25.2,2.05,0.739,0
12.21,51.26,110.63,180.25,13.64,83.13,3.96,0.38,1573.7,29.8,4.17,0.611,0
51.02,60.47,93.0,126.6,49.06,57.15,2.37,0.73,740.4,27.2,3.99,0.674,0
10.73,24.95,30.57,80.3,8.58,63.83,1.96,-0.18,771.5,25.9,4.62,0.604,0
3.32,6.58,10.07,17.86,2.85,54.11,1.6,-0.18,466.4,18.4,2.07,0.823,0
9.08,29.9,43.25,113.06,9.35,46.78,1.82,-0.32,1137.2,27.7,3.68,0.676,0
49.04,75.34,136.03,166.14,54.35,73.12,4.5,1.57,2212.7,49.6,6.17,0.431,1
15.62,29.97,74.62,123.31,17.9,44.13,2.07,0.04,2565.6,40.5,9.52,0.246,0
7.49,14.64,22.91,34.92,5.49,34.34,1.67,-0.09,1213.2,14.0,4.92,0.598,0
11.58,26.55,65.33,86.83,12.47,39.99,2.08,0.02,2224.1,45.1,6.01,0.439,0
3.88,5.15,8.64,10.16,4.03,23.72,1.34,-0.15,3015.3,48.1,8.15,0.395,0
17.63,32.66,38.57,50.42,14.32,54.42,2.01,-0.15,1778.0,27.8,7.13,0.475,0
5.85,12.68,19.16,37.12,4.97,54.35,1.63,-0.31,3051.5,44.4,9.66,0.279,0
24.08,33.6,50.27,91.42,18.76,67.38,2.36,0.19,2780.8,47.4,8.78,0.296,0
18.14,22.15,76.88,198.44,23.54,72.8,3.23,0.32,1884.6,42.0,5.06,0.519,0
26.05,41.76,59.67,73.41,30.75,67.36,1.98,0.45,1107.0,17.6,3.72,0.655,0
63.44,85.06,145.49,280.61,49.78,77.83,4.11,1.26,413.1,23.1,1.43,0.882,1
4.04,4.75,15.65,33.32,4.26,37.98,2.05,-0.25,2954.9,47.5,8.43,0.398,0
36.36,71.77,134.99,220.43,44.28,62.32,3.11,0.89,2450.3,35.6,6.89,0.491,1
12.25,22.32,64.16,161.87,11.95,72.58,2.82,0.08,2649.1,43.6,7.89,0.309,0
6.47,8.59,15.08,23.67,4.78,38.11,1.54,-0.37,1483.5,28.2,4.84,0.611,0
29.53,50.97,60.55,86.2,28.74,62.73,2.32,0.31,818.1,24.7,8.22,0.57,0
28.71,35.66,46.67,175.76,35.51,51.43,1.9,0.07,2154.5,31.4,7.07,0.512,0
27.66,38.07,88.34,96.92,24.78,41.13,2.69,0.18,2608.7,52.1,7.45,0.372,0
8.05,14.93,22.08,50.81,7.46,58.14,1.73,-0.14,2002.0,43.0,6.0,0.572,0
11.58,16.32,67.66,166.23,14.22,61.37,2.06,-0.24,472.9,19.4,2.89,0.772,0
18.09,40.35,89.97,171.72,22.12,67.5,2.92,0.28,881.8,31.3,3.66,0.678,0
5.82,14.72,27.02,67.82,5.63,63.99,1.66,-0.2,1411.7,27.1,5.56,0.611,0
45.04,85.92,95.67,224.63,35.21,63.15,2.99,0.75,1927.2,41.1,5.95,0.527,0
42.57,94.18,128.09,161.24,55.31,64.48,2.48,0.76,471.0,16.5,2.89,0.762,1
16.03,17.89,56.5,84.53,14.28,46.95,1.58,-0.21,692.5,27.1,2.0,0.786,0
10.9,21.49,52.68,143.87,12.31,56.6,2.2,-0.31,444.0,13.5,2.31,0.744,0
15.01,21.11,30.57,60.93,16.42,44.4,1.95,-0.04,3159.8,43.6,9.84,0.294,0
5.04,21.15,45.51,102.11,5.35,45.48,1.89,-0.3,2474.3,44.3,6.65,0.488,0
7.69,22.08,73.39,252.19,6.53,72.54,2.84,-0.04,2512.8,39.0,9.19,0.389,0
11.21,22.0,50.85,98.8,14.5,59.06,2.09,-0.14,2576.7,41.4,7.17,0.373,0
23.24,41.56,48.82,108.25,24.17,72.8,2.37,0.43,1546.9,29.9,4.57,0.635,0
24.53,39.43,52.6,73.7,29.21,44.55,1.76,-0.09,596.6,27.8,4.65,0.653,0
1.48,3.24,6.18,12.89,1.67,46.89,1.74,-0.39,715.5,23.4,2.47,0.651,0
7.03,8.26,16.85,48.74,5.38,42.58,1.61,-0.08,1808.6,37.0,7.05,0.488,0
25.36,55.33,99.28,175.63,24.48,77.84,2.93,0.35,416.9,18.1,3.12,0.72,1
43.87,73.46,112.91,164.19,56.37,59.4,2.3,0.74,525.9,17.3,6.21,0.702,1
9.45,15.85,28.81,36.83,10.82,58.13,1.8,-0.11,2031.1,31.6,8.2,0.438,0
12.4,71.45,94.76,251.83,9.16,62.0,3.01,0.0,2539.3,42.9,7.92,0.329,0
1.36,8.58,9.75,21.4,0.98,24.23,1.83,-0.12,2085.4,28.9,7.12,0.537,0
9.58,12.65,17.97,34.23,10.76,28.51,1.49,-0.32,2708.3,43.5,10.53,0.283,0
54.48,112.72,130.25,242.32,40.83,60.87,3.0,0.61,1898.1,36.3,5.74,0.537,1
13.62,31.09,42.38,87.22,17.48,49.79,1.95,0.0,1185.0,22.9,3.52,0.74,0
23.28,34.64,71.33,148.73,22.22,48.83,2.39,0.17,1510.8,35.2,5.02,0.543,0
4.13,5.27,5.92,15.76,3.01,17.21,1.51,-0.44,2800.6,44.3,7.37,0.365,0
40.15,51.24,100.33,116.4,28.66,46.14,2.15,-0.18,434.0,22.3,4.37,0.735,0
15.68,51.61,80.25,190.86,13.71,71.27,2.59,-0.02,1109.6,29.2,3.58,0.712,0
7.04,49.11,104.22,129.82,7.64,56.32,2.65,0.02,2602.6,37.6,7.16,0.457,0
58.78,92.06,105.6,174.35,62.13,47.92,2.55,0.68,2502.8,41.4,8.22,0.362,1
9.99,25.38,42.63,89.48,12.22,57.02,1.96,-0.09,1052.4,22.9,3.29,0.635,0
35.96,68.45,75.51,112.8,30.13,43.6,1.58,0.1,712.1,28.2,5.41,0.699,0
92.51,104.03,166.09,211.4,108.96,67.6,4.25,2.97,1284.0,42.1,5.38,0.568,1
37.74,87.26,170.54,226.57,38.12,68.51,4.5,0.67,3136.6,37.9,9.07,0.168,1
21.83,76.7,107.77,133.5,15.61,45.53,2.11,0.05,546.4,26.2,3.3,0.745,0
28.08,46.95,65.93,77.92,26.9,51.55,2.29,0.12,1711.7,41.1,5.27,0.571,0
18.99,30.62,133.11,213.46,13.44,56.97,3.43,0.02,2700.1,50.7,11.23,0.314,0
62.03,73.12,122.0,246.47,64.77,84.55,4.1,2.11,1484.1,33.3,4.66,0.641,1
4.35,21.51,72.2,98.94,3.31,60.44,2.63,-0.05,1560.7,30.9,4.16,0.598,0
39.58,68.15,130.91,144.25,48.05,45.39,2.67,0.5,2675.8,36.8,8.62,0.446,0
13.84,40.25,69.26,141.18,13.52,58.92,2.07,-0.06,739.7,30.9,3.86,0.733,0
35.56,44.52,58.37,75.69,43.9,30.99,1.56,-0.03,2949.9,49.6,8.44,0.293,0
19.2,44.85,61.4,115.09,21.81,50.08,1.84,-0.17,1179.8,25.2,3.67,0.653,0
3.65,23.25,48.57,111.24,4.2,58.29,2.05,-0.01,2300.2,44.5,6.42,0.439,0
79.36,142.32,153.42,264.02,58.84,62.61,3.59,1.13,2602.5,37.0,7.39,0.43,1
19.32,29.82,31.7,46.48,19.42,58.35,1.8,0.23,2747.8,45.3,8.05,0.359,0
42.9,70.34,83.98,194.22,55.01,77.14,3.45,1.7,2142.7,35.5,6.92,0.507,1
22.82,26.8,48.91,99.65,27.3,43.31,1.74,-0.17,693.7,24.0,4.79,0.791,0
43.98,82.73,129.2,213.44,33.05,77.67,3.4,0.39,912.3,19.8,2.67,0.654,1
0.66,0.72,0.8,1.86,0.62,46.37,1.25,-0.16,2974.7,38.6,9.11,0.231,0
18.37,32.68,45.28,59.7,15.9,33.11,1.81,-0.14,1633.4,39.1,8.95,0.386,0
16.2,26.49,34.87,49.66,15.88,41.69,1.85,-0.33,1075.4,28.8,3.19,0.686,0
7.39,26.94,61.53,77.36,8.77,42.02,1.99,-0.06,2153.7,37.4,6.15,0.446,0
11.13,11.85,25.01,35.89,12.52,44.13,1.53,-0.1,1195.9,33.2,5.7,0.559,0
22.47,49.19,73.55,203.53,26.83,87.43,3.22,0.6,665.1,24.9,2.85,0.745,1
17.14,23.94,40.43,79.03,12.35,46.48,1.41,0.01,2274.4,44.1,6.03,0.465,0
5.74,18.58,45.24,65.02,6.13,34.06,1.33,-0.19,3146.9,52.8,8.83,0.26,0
17.38,83.51,155.05,361.98,19.81,91.58,5.63,0.72,1784.4,37.3,6.88,0.525,1
6.72,29.6,49.74,70.76,7.32,50.52,2.15,-0.3,2250.2,30.7,7.95,0.411,0
16.42,48.86,114.74,147.07,12.53,78.87,3.84,0.28,2503.7,40.0,6.81,0.461,0
59.88,93.11,138.47,227.01,44.55,73.45,4.19,1.17,2734.7,42.8,12.13,0.202,1
4.88,8.29,35.9,57.23,5.75,36.79,1.72,-0.43,3176.6,51.3,9.42,0.266,0
22.57,30.81,37.61,90.52,26.38,67.73,2.09,0.59,2571.9,39.9,7.52,0.499,0
39.78,80.33,101.94,173.03,33.35,76.45,3.99,0.99,2037.7,46.5,5.39,0.529,0
24.51,95.84,146.21,198.94,20.6,54.84,3.05,-0.05,1536.7,32.9,5.57,0.562,0
54.87,72.61,119.9,267.49,58.36,84.31,3.95,1.68,1384.2,23.7,4.43,0.527,1
38.59,69.12,78.31,285.6,29.59,74.86,2.59,0.64,1894.5,32.2,4.96,0.395,1
22.04,42.72,66.82,108.95,27.71,63.22,2.47,0.35,1697.9,37.1,5.24,0.58,0
70.32,99.49,121.23,279.3,54.95,76.39,4.1,1.75,2662.5,50.4,13.5,0.287,1
17.72,25.18,37.05,65.54,14.29,44.53,1.66,-0.03,771.9,20.8,2.16,0.754,0
53.76,94.35,104.87,293.47,55.82,80.19,3.51,1.54,1022.9,25.3,4.36,0.626,1
10.67,34.92,65.91,119.42,11.77,54.96,2.02,-0.27,1338.8,29.3,5.46,0.671,0
7.24,11.23,17.38,69.81,6.34,59.0,1.65,-0.27,1353.6,20.8,7.23,0.505,0
3.49,5.12,21.69,30.01,2.45,55.12,1.63,-0.36,2685.9,44.5,8.82,0.341,0
4.64,19.18,34.4,70.93,4.09,38.16,1.83,-0.08,2433.9,46.8,8.14,0.475,0
31.58,116.19,177.95,296.58,38.17,82.43,5.6,1.29,1860.2,35.5,6.67,0.441,1
2.26,3.36,6.61,9.59,2.71,36.19,1.31,-0.27,1141.7,25.7,5.64,0.661,0
6.86,25.45,52.52,82.05,7.73,44.53,1.69,-0.06,1318.3,31.0,4.19,0.574,0
23.54,33.23,54.21,66.46,21.35,43.47,1.94,-0.27,505.4,19.9,1.77,0.754,0
5.89,9.78,20.51,37.98,6.5,56.12,1.93,-0.18,1371.8,28.8,4.03,0.655,0
8.44,13.96,31.5,40.66,6.7,35.1,1.64,-0.06,2222.1,43.4,5.8,0.517,0
29.51,86.68,126.69,284.24,26.85,56.39,3.4,0.46,2119.0,40.2,6.11,0.535,0
11.86,33.1,53.35,65.87,11.73,53.82,1.71,0.08,2462.0,31.1,7.65,0.448,0
37.7,79.24,101.21,218.97,45.67,74.0,2.66,0.43,961.3,14.3,2.7,0.75,1
1.36,6.52,14.78,25.51,1.66,33.56,1.85,-0.31,2950.0,47.0,8.4,0.281,0
2.55,9.92,23.23,38.54,2.98,52.95,1.84,-0.24,2282.5,42.9,6.12,0.474,0
3.41,12.0,17.17,44.19,4.39,47.05,1.85,-0.29,1704.7,31.1,10.56,0.366,0
43.17,58.92,76.68,142.72,48.19,70.1,2.53,0.65,549.4,16.5,1.62,0.759,1
64.62,90.48,140.2,181.82,78.52,74.03,3.57,1.82,709.2,23.1,2.15,0.683,1
81.5,142.48,227.18,264.23,65.58,71.16,5.83,1.84,2958.5,46.5,8.25,0.26,1
7.31,22.97,36.9,58.29,9.29,57.83,1.68,0.02,2407.4,47.2,6.7,0.459,0
25.95,41.0,77.93,117.47,22.39,76.62,2.8,0.6,1680.3,33.4,4.93,0.491,0
14.33,54.6,81.02,208.42,16.6,68.67,2.53,0.06,925.7,24.5,5.38,0.692,1
2.82,4.86,7.91,11.25,2.8,24.53,1.64,-0.41,640.9,18.9,2.59,0.756,0
10.14,19.16,47.79,99.06,12.17,52.78,2.05,0.08,1921.7,34.0,8.5,0.396,0
11.85,41.73,64.23,146.74,11.95,68.37,2.74,-0.12,2516.7,42.8,9.61,0.236,0
36.42,83.63,106.76,135.45,33.83,72.94,3.24,0.69,2688.4,38.5,7.46,0.328,0
52.14,69.35,88.93,206.91,43.82,69.63,2.5,0.86,418.4,23.6,2.0,0.774,1
1.36,2.73,5.82,8.12,1.0,22.33,1.08,-0.38,433.3,27.2,1.58,0.808,0
0.82,0.92,2.72,6.36,0.73,16.22,1.51,-0.42,1967.2,36.1,6.02,0.502,0
16.51,18.29,25.94,70.23,14.11,38.62,1.81,-0.26,2728.9,39.0,10.82,0.287,0
77.06,92.94,183.59,385.26,85.37,88.96,5.82,3.23,1426.7,32.1,5.17,0.611,1
24.66,71.0,106.16,219.47,19.5,65.36,3.28,0.36,1917.5,36.6,5.37,0.425,0
33.87,64.08,88.78,154.3,35.47,75.02,2.93,1.05,2669.6,43.9,7.21,0.528,0
3.93,11.0,16.04,26.93,4.69,34.98,1.3,-0.15,942.8,17.8,5.41,0.672,0
17.79,20.81,40.23,62.15,20.58,35.61,1.73,-0.06,3187.9,46.0,8.35,0.345,0
27.68,33.63,129.39,162.03,28.19,77.05,3.89,0.74,1673.6,35.2,6.7,0.54,1
23.31,36.17,129.72,238.31,17.32,68.66,3.44,0.29,949.9,26.6,3.17,0.703,0
20.92,33.04,57.87,85.99,15.42,65.35,2.3,0.24,2756.3,39.7,7.44,0.331,0
8.9,10.62,31.51,50.81,9.35,32.71,1.73,-0.35,1963.2,33.7,5.16,0.435,0
17.08,19.75,51.39,88.24,14.94,66.17,2.12,0.21,2751.9,41.4,9.76,0.289,0
13.8,21.33,48.51,67.82,9.68,48.0,1.67,-0.08,1587.3,29.4,4.19,0.574,0
17.49,58.26,107.55,133.6,12.31,52.1,2.25,-0.18,1374.9,30.0,6.99,0.558,0
18.44,47.42,54.62,131.52,19.1,51.1,1.81,-0.05,1761.6,30.7,4.77,0.583,0
7.61,37.23,52.57,78.82,8.36,33.6,2.05,-0.03,2430.3,46.3,6.44,0.45,0
1.69,2.69,9.47,15.33,1.28,30.6,1.47,-0.26,1077.0,22.4,3.05,0.687,0
26.36,29.17,44.05,67.99,18.56,29.44,1.77,-0.1,2939.4,54.4,8.19,0.289,0
16.76,23.19,38.6,94.95,12.23,42.75,1.57,-0.32,537.9,28.2,4.83,0.718,0
44.58,72.99,81.94,201.51,34.88,80.0,3.06,1.05,1458.3,31.9,4.55,0.602,1
13.46,24.96,79.22,121.7,14.82,64.54,2.79,-0.04,2932.7,43.8,8.08,0.346,0
8.67,17.0,40.38,81.58,7.21,56.61,1.58,-0.12,1275.7,29.2,6.07,0.483,0
47.03,88.74,143.85,273.31,35.92,86.34,5.22,1.31,2405.6,36.2,7.13,0.407,1
42.51,74.51,135.71,181.33,50.15,72.26,3.9,1.2,3193.0,42.8,10.93,0.188,0
32.94,39.85,65.49,164.57,24.67,70.89,2.82,0.33,1938.6,42.0,5.35,0.444,0
26.61,37.58,66.67,73.36,34.49,64.57,2.71,0.65,3105.0,42.0,8.24,0.293,0
11.06,49.57,83.18,94.51,12.65,57.51,2.06,0.01,505.1,26.6,3.11,0.789,0
26.18,62.1,131.48,145.91,26.26,55.31,2.68,-0.1,995.8,21.2,4.41,0.67,0
72.98,125.16,162.96,278.75,84.74,63.02,4.48,1.94,2529.3,46.6,6.67,0.512,1
8.76,24.22,48.68,94.5,6.8,57.8,2.18,-0.21,1708.3,37.2,5.63,0.502,0
27.58,50.78,63.18,144.95,25.78,77.31,2.63,0.57,1428.2,30.9,4.9,0.584,0
54.27,73.01,100.86,187.18,64.3,59.34,2.75,1.17,2185.6,35.4,8.89,0.458,1
41.5,101.8,136.44,302.27,53.8,70.26,4.25,1.52,3167.1,46.3,8.43,0.313,1
8.55,19.27,26.51,46.29,7.31,49.72,1.34,-0.37,2185.2,42.9,6.28,0.468,0
60.04,67.94,114.63,258.66,72.52,62.34,3.34,1.44,1434.4,34.5,4.71,0.533,1
42.97,50.92,103.31,209.1,50.04,61.17,3.1,1.15,2246.1,50.3,11.88,0.223,1
15.52,32.68,85.34,103.73,18.96,53.86,2.3,0.07,2543.6,47.2,8.3,0.425,0
22.1,63.92,89.55,271.59,22.24,69.2,2.88,0.5,1648.4,33.9,4.91,0.546,0
7.41,23.46,47.75,67.11,5.28,65.9,2.28,-0.18,1406.8,24.6,3.78,0.587,0
12.63,35.06,64.95,109.26,13.77,58.02,2.11,0.11,548.1,23.8,2.08,0.738,0
56.81,66.76,110.14,198.2,62.58,69.77,3.51,1.84,2733.6,43.4,7.21,0.384,1
50.1,85.23,158.56,305.11,51.69,85.55,4.67,1.64,1476.4,28.7,5.12,0.517,1
49.66,86.19,131.07,171.46,41.44,81.32,4.07,1.21,808.1,32.7,4.71,0.684,1
28.7,44.55,52.41,101.34,24.04,69.23,2.12,0.48,2368.8,37.4,8.54,0.384,0
9.18,40.48,70.01,123.24,10.86,70.59,3.04,0.12,1889.5,37.7,6.93,0.47,0
16.79,22.81,31.62,87.8,18.07,70.33,2.18,0.08,1622.5,33.9,5.95,0.538,0
14.53,74.58,154.41,299.41,15.6,64.63,3.06,0.07,1274.4,23.2,3.76,0.645,0
6.11,23.99,64.64,209.27,6.05,74.9,2.95,-0.01,1830.3,40.1,7.51,0.51,0
48.54,59.6,78.99,167.06,37.21,48.95,2.32,0.29,1845.7,42.5,6.5,0.438,0
16.52,19.9,47.0,93.29,12.84,63.47,2.16,0.18,2517.3,41.8,7.19,0.447,0
30.49,52.72,106.61,194.48,34.01,75.82,3.77,0.9,3090.2,51.3,10.23,0.216,0
11.34,15.41,22.26,33.12,10.45,34.4,1.75,-0.25,2809.0,42.9,7.64,0.269,0
11.87,69.27,135.1,279.78,15.31,64.76,3.8,0.32,2795.3,47.4,8.35,0.354,0
14.63,47.44,85.86,167.46,15.03,86.26,3.03,0.15,862.2,16.6,4.44,0.664,0
23.26,26.48,49.9,75.71,23.22,62.38,1.95,0.13,1118.9,15.2,5.14,0.714,0
22.5,50.67,111.55,161.22,20.78,77.89,4.03,0.33,2598.4,37.4,9.03,0.276,0
12.25,21.97,76.24,225.15,11.42,66.17,2.37,0.13,702.7,24.4,2.42,0.748,0
13.18,43.19,52.66,142.97,11.67,75.81,2.51,-0.0,2885.4,51.0,8.95,0.295,0
28.73,37.04,61.06,221.87,31.91,81.3,3.24,0.9,2438.9,42.0,7.21,0.362,0
67.61,88.58,160.87,313.81,61.91,62.35,3.97,1.2,1413.3,43.6,3.86,0.586,1
53.31,99.58,161.46,257.55,56.49,90.61,5.57,1.98,1087.5,30.6,3.12,0.728,1
5.84,18.91,40.35,88.29,4.45,67.7,2.21,0.01,2428.1,41.4,6.34,0.454,0
45.97,69.38,76.64,128.92,57.78,66.31,2.63,0.93,1959.1,28.9,5.56,0.505,1
2.76,5.77,21.13,84.46,3.48,39.72,1.34,-0.17,827.7,21.6,2.3,0.705,0
29.09,47.71,90.27,133.67,36.25,50.21,2.1,0.39,2260.2,41.9,6.62,0.453,0
30.35,52.93,92.87,166.68,25.78,82.31,3.35,0.77,1688.5,34.1,4.72,0.571,0
15.03,31.65,57.45,75.36,13.68,44.12,1.98,-0.29,1519.9,30.8,8.05,0.471,0
19.5,30.73,60.16,111.94,24.52,65.19,2.48,0.57,3160.7,48.9,8.25,0.388,0
53.97,124.29,195.04,290.14,49.36,61.1,4.18,1.01,2944.2,46.8,11.39,0.26,1
9.01,15.68,26.02,36.86,9.14,37.99,1.77,-0.09,1560.1,34.4,5.69,0.494,0
9.53,42.77,108.09,155.82,11.04,73.82,3.72,0.26,2190.7,44.1,6.64,0.403,0
6.64,8.03,26.11,84.33,4.97,37.85,1.59,-0.23,2225.5,31.4,6.66,0.457,0
17.11,76.86,108.5,132.31,20.95,41.58,2.55,0.02,2855.3,51.7,8.0,0.253,0
12.17,24.6,28.8,57.57,8.95,56.78,1.84,-0.38,490.1,15.1,1.99,0.774,0
34.26,51.64,87.31,156.44,36.5,61.47,2.33,0.45,718.8,24.8,4.08,0.677,1
28.5,44.48,75.01,139.38,31.4,65.88,2.64,0.84,2909.6,51.4,13.17,0.204,0
5.03,12.4,30.91,57.38,5.13,43.45,1.87,-0.36,2791.9,49.3,7.59,0.372,0
10.25,16.98,29.04,44.38,7.34,57.47,1.72,-0.0,1512.0,31.4,6.71,0.593,0
10.05,13.11,15.89,39.81,7.86,50.49,1.33,-0.02,475.9,21.1,1.87,0.723,0
26.34,74.72,140.71,177.25,25.19,82.46,4.64,0.76,1306.9,35.0,3.7,0.633,1
36.1,41.39,99.24,123.6,44.66,49.72,1.98,0.26,497.3,28.4,2.03,0.796,1
11.5,13.62,31.42,53.55,9.44,64.76,1.39,-0.07,849.4,18.5,3.63,0.773,0
9.09,14.83,33.08,40.41,11.08,42.0,1.86,-0.02,1095.6,24.5,3.95,0.623,0
22.25,51.81,107.11,117.8,16.49,50.47,2.35,-0.12,1406.6,31.6,4.39,0.582,0
26.27,39.27,43.39,67.09,32.93,36.07,1.96,0.16,3021.5,54.3,10.01,0.311,0
8.29,10.21,20.37,26.29,10.1,33.0,1.52,-0.31,3001.9,52.1,10.6,0.232,0
12.39,20.09,30.29,61.31,13.68,64.47,2.06,-0.2,564.4,24.8,3.0,0.785,0
11.42,36.82,110.79,174.0,9.63,59.6,2.43,0.04,726.5,23.5,2.45,0.798,0
46.32,97.62,153.26,243.66,58.61,87.39,5.58,2.32,2340.6,38.8,6.8,0.409,1
23.94,31.62,34.0,66.98,22.01,45.63,1.9,0.06,1471.4,37.0,7.71,0.501,0
59.54,72.33,134.77,213.45,53.75,57.3,3.29,0.98,3050.3,44.3,9.52,0.312,1
18.0,31.41,47.18,105.99,22.76,72.83,2.24,0.36,1349.0,31.7,5.66,0.518,0
18.84,35.46,59.11,68.97,23.99,47.52,2.16,0.21,2678.7,46.1,7.5,0.351,0
20.94,39.87,65.74,108.23,16.88,71.38,2.74,0.18,2247.0,38.1,7.18,0.449,0
25.45,74.74,112.01,162.76,32.34,61.89,3.41,0.45,3022.1,49.5,8.85,0.235,0
64.92,83.78,128.39,264.57,75.21,79.08,4.54,2.77,3045.3,46.0,8.41,0.291,1
1.25,1.59,4.38,5.74,1.14,51.31,1.47,-0.1,696.3,24.5,2.44,0.746,0
34.07,75.95,138.39,159.09,39.63,51.36,2.84,0.3,1399.3,29.9,6.67,0.507,0
33.84,48.88,87.74,150.94,43.94,74.66,2.8,1.02,837.1,26.5,2.6,0.739,1
3.36,6.54,9.08,19.45,3.5,38.79,1.47,-0.17,651.9,22.1,1.83,0.751,0
25.03,31.9,70.97,136.39,20.42,77.17,2.68,0.49,2645.2,43.1,8.06,0.372,0
5.41,11.01,25.89,61.75,5.95,40.73,1.62,-0.09,1516.6,32.9,4.36,0.579,0
49.9,111.22,190.29,269.57,56.54,83.97,5.29,1.58,893.9,27.0,2.62,0.623,1
7.17,11.36,18.27,30.32,5.65,37.68,1.64,-0.36,1182.8,29.2,5.38,0.573,0
17.74,32.3,38.99,83.49,18.09,37.16,1.76,-0.24,2254.3,40.9,9.56,0.373,0
12.24,30.57,56.95,63.45,15.45,65.39,2.68,0.12,1933.4,35.2,8.62,0.38,0
24.19,34.62,59.14,127.39,30.74,66.15,2.27,0.76,2377.5,45.3,6.45,0.48,0
19.64,53.36,108.26,153.86,21.66,65.38,2.91,0.13,1320.3,28.4,5.52,0.543,0
86.6,95.09,106.69,248.24,63.43,85.76,4.21,2.54,2103.7,35.5,8.05,0.455,1
47.55,73.13,146.85,248.52,58.54,77.68,4.75,1.83,2860.5,44.0,9.37,0.388,1
12.04,32.95,42.98,96.97,8.57,61.32,2.14,0.05,863.5,23.7,3.52,0.648,0
3.14,3.79,11.76,27.17,3.51,50.15,1.81,-0.39,1472.9,29.2,4.19,0.535,0
65.61,93.66,168.1,199.93,67.51,61.38,3.89,1.4,3072.6,50.0,8.89,0.352,1
15.7,18.61,37.59,74.71,12.83,65.27,1.9,-0.19,1438.7,29.5,4.46,0.679,0
52.94,78.29,120.21,159.83,43.06,53.28,3.19,0.62,2942.8,51.6,7.63,0.32,0
15.99,68.98,84.85,186.48,15.99,75.4,2.78,0.23,403.5,17.8,2.64,0.783,1
31.22,46.25,59.76,179.24,23.25,66.41,2.22,0.36,2998.4,48.6,9.72,0.239,0
31.5,38.24,80.96,111.55,30.18,72.28,2.91,0.96,2662.3,49.4,8.03,0.303,0
14.94,32.92,53.51,58.41,14.75,58.05,1.88,0.1,2921.2,36.5,8.65,0.239,0
14.19,17.78,34.82,153.76,16.49,73.38,2.28,0.3,2760.6,54.6,7.32,0.327,0
34.11,84.8,163.69,225.17,26.33,64.72,3.88,0.31,1430.7,29.4,4.04,0.598,0
8.1,14.88,20.93,30.26,7.61,30.12,1.91,-0.44,1549.5,31.6,6.87,0.487,0
15.41,36.03,82.64,180.41,16.4,75.87,3.03,0.21,1252.1,28.1,4.42,0.501,0
23.65,41.48,65.26,99.7,20.59,53.62,2.54,0.22,797.4,32.6,6.98,0.561,0
49.01,101.2,158.35,208.81,44.51,74.16,4.35,1.16,2135.5,43.8,7.19,0.477,1
2.79,7.26,14.86,16.94,3.57,41.9,1.84,-0.28,478.3,30.3,2.51,0.799,0
3.12,12.77,25.94,35.07,3.52,29.58,1.46,-0.48,1108.8,22.2,3.39,0.724,0
4.84,5.48,16.07,20.49,5.01,40.36,1.88,-0.41,1043.1,27.1,3.03,0.67,0
9.82,15.85,30.2,67.75,10.78,61.59,2.08,0.04,1859.8,41.5,6.03,0.465,0
0.09,0.42,1.2,3.24,0.09,26.92,1.53,-0.42,3116.6,44.3,11.9,0.294,0
1.93,6.22,13.75,17.69,1.47,50.11,1.63,-0.46,1361.9,29.8,5.87,0.583,0
14.99,18.52,31.81,57.15,11.03,62.45,2.31,-0.05,3141.7,45.0,10.59,0.198,0
11.18,20.86,28.8,62.53,13.53,65.53,2.3,0.15,986.4,24.6,3.33,0.816,0
12.67,28.43,31.72,57.54,10.7,52.37,1.6,-0.06,1584.2,34.9,6.25,0.531,0
11.08,21.24,28.82,40.77,9.63,54.54,1.74,-0.21,420.9,20.6,2.35,0.782,0
59.5,84.92,125.0,172.45,53.13,66.63,3.98,1.52,3164.9,56.0,10.83,0.199,1
8.1,28.72,51.68,66.9,6.44,35.06,1.95,-0.05,2041.1,33.8,6.9,0.448,0
32.12,39.62,78.46,190.84,27.21,80.22,3.65,0.96,3112.1,53.4,8.43,0.273,0
76.52,107.39,176.47,364.7,84.02,85.79,5.67,3.0,1033.4,35.0,3.31,0.735,1
9.17,16.11,18.31,34.0,9.05,55.98,1.52,-0.2,1860.7,37.8,5.08,0.645,0
41.51,88.09,136.63,215.45,50.64,80.08,4.94,1.72,2766.5,48.1,10.1,0.235,1
53.3,69.16,139.99,256.95,57.64,76.92,3.98,1.47,1720.3,27.6,9.61,0.473,1
7.07,15.32,16.25,20.12,6.2,48.5,1.52,-0.39,1135.1,30.0,3.45,0.634,0
7.68,24.55,111.19,240.63,7.75,67.35,3.04,-0.04,1705.7,24.5,5.27,0.562,0
33.3,77.0,83.91,187.55,35.94,75.63,2.89,0.89,1501.8,27.8,5.31,0.567,1
22.51,69.89,116.15,172.41,20.45,64.92,3.31,0.46,2215.7,41.0,6.44,0.512,0
7.44,42.33,82.85,168.69,9.1,71.02,2.91,-0.13,2056.5,36.5,6.25,0.5,0
11.29,33.26,59.32,177.82,14.47,61.65,1.85,0.17,910.6,26.8,4.01,0.662,0
25.78,29.8,62.67,134.5,23.99,59.14,1.81,0.07,1147.2,25.1,3.89,0.637,0
12.02,26.26,34.14,83.5,13.5,39.18,1.87,-0.27,3082.6,47.0,8.66,0.318,0
10.69,20.22,22.73,30.34,12.77,46.71,1.93,-0.2,2481.2,44.7,8.91,0.331,0
6.82,30.66,51.95,94.0,5.59,49.82,2.11,-0.17,2639.0,50.0,7.17,0.447,0
41.73,95.49,115.62,139.23,51.47,64.16,3.29,1.22,2904.0,41.4,8.58,0.285,1
33.55,74.34,144.18,277.3,40.85,68.88,3.54,0.95,1166.2,30.0,3.76,0.603,1
11.75,48.49,100.5,169.41,12.46,69.34,3.14,0.14,1956.8,33.1,11.07,0.34,0
46.77,70.81,161.21,206.51,38.37,54.98,3.55,0.55,2437.3,37.3,6.79,0.54,0
4.53,5.75,6.61,16.74,4.67,47.09,1.5,-0.27,2697.3,49.2,8.01,0.341,0
5.68,11.23,38.38,71.44,6.19,52.69,1.38,-0.21,1643.2,22.6,5.02,0.476,0
46.8,71.87,145.26,208.89,55.52,77.63,4.7,1.97,2358.6,44.3,6.65,0.423,1
16.45,53.19,77.03,105.07,16.17,47.59,2.18,0.01,1619.5,26.5,4.87,0.576,0
19.22,23.74,74.1,145.11,14.23,51.48,2.04,-0.02,3101.5,45.7,8.02,0.28,0
28.8,35.67,47.36,167.35,33.84,58.5,1.97,0.33,1037.1,24.1,4.06,0.67,0
2.45,4.15,21.18,45.24,2.56,25.39,1.44,-0.14,2752.2,56.8,8.46,0.331,0
37.96,79.47,144.55,261.32,46.54,84.42,4.88,1.81,2037.6,44.1,5.74,0.51,1
2.61,5.85,6.31,16.94,2.7,47.22,1.43,-0.3,2414.6,38.6,7.86,0.391,0
9.57,27.73,51.13,99.69,7.04,49.96,2.3,-0.35,666.3,27.2,2.59,0.791,0
17.13,56.67,104.73,202.9,19.1,68.31,3.29,0.35,1610.6,35.2,6.33,0.58,0
34.73,36.68,77.79,126.74,24.39,74.47,3.14,0.67,521.5,36.8,4.76,0.684,1
6.58,12.39,13.59,20.12,5.77,23.69,1.36,-0.33,1007.9,25.0,3.6,0.646,0
30.17,64.34,120.82,175.03,26.16,74.84,4.01,0.46,903.4,32.2,3.93,0.675,0
4.61,13.09,17.75,22.04,5.56,54.44,1.49,-0.36,1511.1,33.0,5.1,0.553,0
6.72,9.57,13.4,31.05,6.73,29.98,1.32,-0.18,2748.9,39.8,8.21,0.344,0
7.73,27.48,49.54,77.43,7.34,45.49,2.23,-0.28,1320.0,27.2,3.62,0.623,0
2.35,3.4,4.13,8.51,2.92,48.42,1.38,-0.08,1114.8,31.3,5.68,0.657,0
20.27,53.12,68.04,107.0,22.08,59.69,2.3,0.09,2004.4,31.4,5.39,0.507,0
12.9,17.0,41.97,81.91,16.68,46.54,1.99,-0.19,1957.0,37.1,5.45,0.476,0
20.27,30.11,53.08,102.71,17.5,47.35,2.01,-0.23,810.5,19.2,4.56,0.663,0
37.96,43.06,92.67,191.62,46.69,88.83,3.01,1.21,604.6,15.4,3.7,0.773,1
31.15,48.32,54.41,123.71,32.1,68.3,2.57,0.52,1766.7,42.5,5.88,0.467,0
2.33,7.65,11.47,14.26,2.05,44.6,1.49,-0.25,3165.7,50.7,13.68,0.122,0
67.87,104.38,193.81,410.1,76.14,67.62,4.36,1.72,1992.6,36.1,6.55,0.452,1
33.25,63.38,91.09,150.86,38.24,55.04,2.39,0.25,896.6,22.7,2.96,0.724,0
37.25,72.66,104.47,166.29,30.61,62.3,3.12,0.56,2988.1,43.3,8.43,0.262,0
14.83,23.06,40.88,103.29,11.63,62.83,1.69,-0.05,1459.1,28.8,4.71,0.631,0
61.32,75.54,136.79,232.69,58.93,59.82,3.15,1.29,2220.5,47.1,8.48,0.38,1
23.86,58.14,124.1,209.47,19.96,78.13,3.63,0.23,958.2,24.9,3.95,0.739,0
15.69,20.97,23.25,43.6,13.94,38.32,1.5,0.04,2378.4,40.9,6.24,0.347,0
31.42,59.34,110.49,207.2,26.71,49.63,2.92,0.33,2181.7,47.4,6.95,0.424,0
17.76,43.14,52.77,144.63,20.46,73.08,2.39,0.25,2355.3,36.1,7.34,0.408,0
13.13,60.32,76.43,105.63,11.02,46.6,1.98,-0.33,808.9,28.6,2.71,0.783,0
34.7,40.93,70.4,108.0,43.76,49.99,2.33,0.55,2046.7,38.7,5.89,0.49,0
6.27,27.23,36.72,42.66,5.51,42.09,1.79,-0.33,2223.1,42.1,8.32,0.381,0
25.43,77.3,122.89,216.26,27.54,79.93,3.43,0.48,1633.8,29.2,4.41,0.589,1
11.51,26.08,60.0,113.91,11.21,40.0,2.12,-0.31,3089.8,43.2,8.51,0.271,0
9.32,19.89,34.57,38.1,7.49,59.77,1.73,-0.1,1969.0,31.3,7.15,0.475,0
12.92,22.61,31.89,63.51,15.82,36.36,1.62,-0.17,673.0,23.9,3.4,0.733,0
3.78,10.55,14.95,21.14,4.15,19.93,1.33,-0.25,3000.3,52.3,9.3,0.247,0
13.49,32.82,56.3,65.1,11.95,44.24,1.56,-0.31,810.5,28.3,3.76,0.68,0
37.86,77.38,160.88,207.28,29.38,85.12,5.1,1.09,2882.0,38.4,7.44,0.298,1
0.08,0.16,0.26,0.65,0.08,39.26,1.5,-0.17,883.5,25.7,3.29,0.754,0
57.71,94.57,112.62,250.84,43.34,66.53,3.01,0.91,2357.1,39.6,8.56,0.489,1
5.85,17.72,31.84,76.03,4.62,57.06,1.93,-0.04,2650.7,32.7,7.34,0.349,0
22.0,32.5,79.06,219.68,27.2,73.21,2.69,0.51,1414.8,28.7,3.8,0.548,0
33.22,63.94,109.76,166.99,33.87,73.2,3.03,0.58,980.8,27.3,4.85,0.62,1
23.95,36.33,41.2,90.95,27.54,62.61,2.11,0.25,664.2,14.8,3.48,0.751,0
39.66,81.11,130.98,199.97,30.64,62.5,3.34,0.66,2661.8,41.9,7.31,0.376,0
1.4,7.43,9.84,14.16,1.57,36.42,1.56,-0.35,1926.9,33.4,10.07,0.394,0
13.93,37.13,69.11,95.47,12.49,43.05,1.81,-0.31,2200.6,44.5,6.34,0.427,0
42.88,76.68,118.01,162.44,53.87,72.19,3.62,1.31,1521.2,35.7,4.37,0.524,1
39.57,94.0,147.59,244.01,29.32,60.16,3.12,0.18,1057.1,26.3,4.49,0.63,1
10.68,24.4,50.78,95.53,9.86,58.27,2.12,-0.14,1034.1,26.4,11.08,0.552,0
47.27,57.83,85.94,178.24,44.93,57.23,2.67,0.7,3003.5,51.7,7.73,0.322,0
8.31,33.1,88.29,108.5,7.17,46.08,2.23,-0.07,1260.1,25.0,4.01,0.689,0
14.89,37.92,52.57,109.41,11.23,63.48,2.02,0.13,1629.8,32.6,4.39,0.559,0
2.43,6.55,18.27,40.74,1.86,44.68,1.81,-0.27,1093.2,29.0,6.33,0.644,0
32.06,46.05,81.42,122.81,35.07,68.74,2.85,1.07,3052.1,51.6,15.48,0.172,0
29.13,52.53,86.34,112.76,34.71,59.41,2.51,0.2,989.0,30.4,3.44,0.694,0
65.4,125.46,171.5,218.1,81.9,84.91,4.69,2.51,839.8,21.7,2.46,0.637,1
13.09,33.26,55.9,79.71,12.83,40.65,1.7,-0.35,849.5,28.0,2.66,0.698,0
53.48,95.28,171.05,320.17,46.28,70.1,3.75,0.97,644.5,22.6,4.61,0.63,1
13.66,19.87,32.76,39.65,12.43,53.72,1.98,-0.22,1859.8,32.4,5.17,0.552,0
21.97,39.97,54.07,104.9,21.06,72.48,2.7,0.43,1895.4,36.3,5.52,0.445,0
7.88,16.57,25.7,122.64,8.84,49.18,2.25,-0.1,2895.9,46.5,9.87,0.283,0
62.78,126.21,208.71,365.64,62.3,65.79,4.0,1.1,1279.1,25.9,3.53,0.688,1
41.6,83.05,94.33,179.95,49.06,65.94,2.7,0.81,1369.1,24.0,6.72,0.59,0
13.55,19.99,54.78,130.55,16.82,46.28,1.72,-0.2,1864.0,34.4,5.91,0.556,0
37.08,52.13,89.34,98.05,38.72,58.16,2.96,0.34,1450.9,34.8,3.88,0.536,0
5.65,19.26,29.58,38.65,6.93,43.34,1.63,-0.25,2855.3,50.2,9.06,0.38,0
29.6,51.52,74.81,134.74,26.48,63.55,2.34,0.12,1318.0,24.1,3.66,0.648,0
3.34,15.64,32.14,41.17,2.35,30.66,1.47,-0.41,1524.9,29.1,4.36,0.575,0
67.55,131.04,207.62,362.54,48.58,79.66,6.25,1.69,2064.2,39.5,7.55,0.549,1
5.39,19.57,31.44,85.03,5.67,55.77,1.89,-0.32,1914.2,33.0,5.57,0.529,0
1.36,4.23,11.66,14.46,1.19,36.58,1.53,-0.23,872.1,26.9,3.22,0.729,0
14.19,24.55,33.47,56.33,14.69,35.05,1.59,-0.37,1300.4,25.2,3.7,0.722,0
12.25,26.02,33.48,58.1,10.78,36.68,1.82,-0.32,595.4,15.7,2.26,0.777,0
43.69,79.59,127.21,181.29,38.01,65.01,3.29,0.55,2192.1,36.2,9.72,0.388,0
36.14,79.41,124.59,187.04,34.44,84.88,3.19,0.41,846.5,14.0,5.37,0.652,0
32.89,47.43,94.5,197.63,37.87,52.24,2.11,0.25,1118.8,34.0,4.97,0.593,0
3.63,7.87,18.28,46.16,2.66,47.15,1.5,-0.16,2881.1,46.3,7.75,0.4,0
30.1,50.3,93.04,164.29,26.45,79.14,3.95,0.96,2811.9,49.0,7.66,0.33,1
19.24,22.0,27.94,43.75,13.99,63.52,1.44,-0.14,652.5,22.1,6.74,0.606,0
10.21,17.28,20.13,33.2,7.16,42.86,1.83,-0.2,2563.7,40.1,7.45,0.374,0
0.74,5.42,12.37,23.9,0.75,24.49,1.64,-0.16,2801.9,43.4,7.77,0.391,0
24.55,76.35,132.25,153.07,22.54,53.02,3.0,0.16,1626.8,25.0,4.46,0.574,0
59.65,70.0,152.48,311.17,53.71,90.72,6.13,2.52,2181.3,44.1,8.0,0.42,1
13.83,18.4,21.24,25.63,16.1,42.52,1.64,-0.02,1706.9,36.2,4.69,0.581,0
40.32,69.53,108.29,128.0,40.35,75.41,3.6,1.11,3167.4,46.6,8.42,0.345,1
12.16,21.28,38.72,66.45,14.62,39.41,1.87,-0.23,1139.3,24.5,4.77,0.607,0
34.56,41.64,67.54,76.71,43.53,62.8,2.53,0.93,3035.7,48.2,8.98,0.258,0
11.72,22.04,25.07,42.79,14.8,42.63,1.77,-0.01,1370.0,20.3,5.63,0.521,0
40.14,84.37,116.05,157.86,48.58,74.44,4.12,1.58,3098.9,48.6,8.58,0.262,1
1.38,1.97,4.34,9.42,1.56,32.85,1.49,-0.2,1873.0,29.7,5.15,0.524,0
72.16,94.14,103.98,254.81,90.07,74.37,3.66,3.22,2607.8,51.4,6.97,0.414,1
34.26,62.9,90.69,177.96,39.11,51.66,2.41,0.44,2524.8,37.0,7.57,0.332,0
6.81,63.25,127.28,221.01,6.93,73.22,3.29,-0.08,2327.6,31.3,6.77,0.465,0
13.73,27.98,53.17,59.91,16.11,54.26,1.81,-0.05,412.2,12.4,2.95,0.787,0
11.0,39.59,60.06,182.66,11.47,84.5,2.26,0.04,1163.9,19.0,3.38,0.682,0
35.83,53.24,137.4,228.11,33.4,57.98,3.78,0.53,3167.0,47.9,9.5,0.339,1
39.97,47.07,113.59,159.76,40.65,80.34,3.52,0.8,905.3,23.6,3.33,0.699,1
14.44,22.59,31.03,56.23,16.71,32.26,1.66,-0.37,1611.2,30.8,6.93,0.512,0
21.06,33.26,42.66,68.38,17.85,46.24,1.79,0.08,1843.8,38.4,6.88,0.513,0
49.85,99.93,163.51,189.22,37.37,65.4,3.55,0.6,2263.7,32.4,6.31,0.459,0
11.24,12.08,21.24,37.21,12.98,54.48,1.6,-0.08,813.6,24.7,2.45,0.664,0
24.8,32.12,47.95,62.18,28.8,52.21,2.14,0.29,1114.6,24.5,3.29,0.73,0
26.92,49.14,81.19,122.83,23.56,62.63,2.66,0.24,2997.9,45.0,8.57,0.344,0
2.0,2.49,4.34,7.79,1.81,16.81,1.45,-0.49,1817.6,44.3,4.77,0.528,0
4.48,11.88,15.92,23.3,3.38,53.2,1.37,-0.24,567.0,27.2,2.56,0.68,0
24.28,32.59,103.01,152.86,20.13,74.56,2.71,0.31,490.2,17.9,2.27,0.706,0
26.54,51.09,131.45,272.04,25.49,74.62,3.15,0.36,642.5,11.3,1.87,0.84,1
8.13,9.31,13.23,37.66,6.82,41.57,1.4,-0.39,1324.9,26.0,3.71,0.656,0
84.12,147.86,208.16,326.36,97.58,60.63,3.93,1.9,1718.7,30.0,9.73,0.448,1
18.67,28.29,65.31,106.01,15.05,52.42,2.02,0.22,3161.2,55.2,8.36,0.385,0
17.89,35.69,39.69,65.82,15.86,58.2,1.71,-0.03,1036.8,28.3,4.84,0.589,0
23.98,45.41,101.33,210.58,16.85,58.19,2.89,0.12,2806.4,44.5,7.36,0.322,0
62.57,71.15,165.13,270.18,78.97,88.59,5.37,3.14,1438.3,36.7,7.2,0.548,1
10.02,18.68,38.88,55.36,12.99,44.4,2.44,-0.15,3046.0,43.5,7.86,0.357,0
57.33,114.47,174.78,321.47,64.77,75.71,4.99,2.2,2246.2,40.4,9.11,0.422,1
24.15,36.01,61.5,115.61,18.33,56.59,2.09,0.22,802.1,27.9,7.27,0.541,0
29.63,32.54,55.41,79.19,38.46,54.61,2.16,0.67,2310.6,42.5,6.39,0.436,0
9.22,39.18,80.0,165.89,9.59,58.61,1.92,-0.17,400.6,15.8,5.25,0.78,0
14.7,20.68,33.73,39.17,17.95,56.35,1.89,0.16,2112.7,38.6,5.89,0.413,0
68.08,124.47,211.24,351.64,49.27,66.38,5.02,1.27,2349.2,40.4,6.48,0.496,1
9.45,10.49,17.8,31.1,8.54,26.61,1.09,-0.34,3137.2,51.0,10.05,0.282,0
13.55,25.51,27.78,45.32,12.83,29.6,1.84,-0.15,1694.4,30.8,5.05,0.593,0
0.86,1.2,3.41,4.49,0.78,25.82,1.44,-0.25,2620.3,40.4,8.3,0.346,0
9.58,16.15,19.11,31.9,10.22,27.19,1.55,-0.24,2309.4,38.8,12.15,0.31,0
22.4,28.11,62.56,71.22,23.37,54.53,2.03,0.08,2884.2,44.2,8.63,0.337,0
9.33,18.15,19.59,31.5,9.0,26.53,1.31,-0.4,3056.6,47.6,12.46,0.199,0
31.23,83.64,91.08,161.19,38.9,59.72,2.86,0.62,2692.5,42.0,7.09,0.47,0
9.77,12.09,21.47,26.92,8.27,48.64,1.95,-0.36,2749.0,45.3,7.59,0.346,0
7.42,9.72,25.82,99.19,9.42,52.33,1.78,-0.2,2749.2,53.1,8.6,0.371,0
19.23,25.38,57.99,134.69,20.28,78.23,2.36,0.5,1560.0,37.9,9.05,0.527,0
22.08,38.19,42.58,63.49,27.36,34.87,1.61,0.09,1773.3,38.2,5.76,0.51,0
8.21,12.92,14.65,18.77,9.34,19.19,1.41,-0.16,2543.7,48.2,7.26,0.29,0
37.95,57.8,117.08,145.24,28.72,60.03,2.91,0.28,2777.0,47.0,7.83,0.294,0
22.48,39.67,59.88,81.09,23.16,60.19,2.39,0.17,1571.3,34.3,5.05,0.512,0
12.73,21.32,32.46,52.94,9.43,60.55,1.9,-0.21,1344.2,33.4,4.24,0.676,0
7.65,13.21,33.51,56.48,8.63,47.94,1.9,-0.1,2402.3,40.2,7.58,0.418,0
33.49,74.43,88.17,155.21,29.5,59.08,2.82,0.48,1722.2,41.7,6.39,0.582,0
33.02,40.97,86.4,126.27,38.22,76.38,3.11,1.25,2609.6,41.4,9.23,0.31,0
3.73,11.11,30.33,48.75,2.99,58.85,1.89,-0.22,499.0,24.5,1.6,0.781,0
34.59,39.09,44.37,108.83,24.97,61.27,1.81,0.4,2074.8,31.0,6.57,0.446,0
1.76,3.63,6.8,9.91,1.58,47.15,1.51,-0.41,2929.5,51.8,9.04,0.301,0
18.17,38.77,42.71,70.07,14.64,63.19,2.56,0.24,2652.2,37.9,7.43,0.402,0
42.33,94.73,150.22,273.23,53.42,57.08,3.65,0.91,2619.2,36.5,8.71,0.329,1
7.7,30.75,49.61,91.84,7.84,55.48,1.99,-0.1,1732.9,41.9,4.95,0.499,0
35.41,58.35,86.98,121.82,29.84,65.37,2.84,0.48,585.6,25.9,2.54,0.765,0
24.34,48.5,83.09,151.76,17.82,74.28,2.35,-0.01,457.3,15.8,4.41,0.681,0
2.25,9.65,20.0,50.62,2.34,41.31,1.82,-0.12,2788.6,41.8,7.52,0.348,0
24.16,45.1,59.17,159.75,17.77,61.93,2.47,0.04,1015.2,35.0,6.0,0.671,0
5.86,11.68,17.1,84.57,4.74,43.17,1.82,-0.27,755.6,17.7,6.31,0.638,0
21.62,31.86,50.91,83.79,24.29,54.85,1.65,-0.03,583.6,23.3,2.48,0.799,0
60.29,104.31,166.64,261.24,45.11,85.43,5.88,1.78,2900.1,43.3,9.57,0.312,1
37.52,63.03,100.78,126.37,48.5,51.53,2.44,0.48,2838.9,45.7,7.45,0.421,0
17.08,35.17,126.63,232.23,16.08,57.89,2.96,-0.17,1696.7,29.5,4.86,0.581,0
64.81,95.14,134.93,236.06,49.67,55.21,3.21,0.54,2623.5,42.0,6.76,0.466,1
29.17,59.64,105.99,193.35,20.47,59.07,2.74,0.2,2067.5,36.7,5.77,0.518,0
39.08,41.73,68.96,184.02,40.58,73.27,2.36,0.86,1810.8,32.4,5.7,0.458,0
32.92,52.62,87.75,110.99,24.02,64.76,2.89,0.2,696.4,30.2,2.55,0.7,0
41.64,51.32,112.96,183.9,30.77,49.49,2.17,0.14,2514.8,39.2,10.15,0.262,0
25.43,42.64,73.17,168.15,31.98,78.37,3.27,1.07,2287.5,44.4,10.05,0.388,1
51.94,61.36,122.84,158.59,54.6,52.14,2.8,0.41,865.4,28.8,2.75,0.741,1
41.93,62.02,97.12,119.64,53.73,43.95,2.27,0.49,2036.7,38.4,5.77,0.381,0
47.38,65.83,81.78,103.47,33.8,54.28,2.29,0.18,2095.3,39.5,6.77,0.468,0
24.67,26.18,57.53,80.75,18.37,37.44,1.74,-0.24,2478.0,39.1,6.44,0.506,0
10.3,19.38,29.79,38.39,12.13,44.46,1.95,-0.29,2508.9,34.0,6.61,0.444,0
19.55,27.16,75.19,151.68,18.37,63.45,2.4,0.09,1830.6,32.7,7.15,0.532,0
4.29,12.06,20.94,32.28,4.64,42.82,1.7,-0.33,1803.4,38.1,5.88,0.594,0
9.07,29.27,40.1,56.54,8.1,45.02,1.75,-0.29,2995.2,48.3,8.09,0.292,0
7.61,10.63,13.42,17.15,9.42,44.1,1.61,-0.15,2239.0,43.7,6.31,0.377,0
42.7,76.88,118.75,167.73,42.4,51.54,2.96,0.51,2188.8,43.1,6.0,0.502,0
31.02,49.13,67.36,121.67,39.08,78.76,2.44,0.7,828.2,23.3,2.55,0.716,1
32.24,64.96,108.28,135.63,23.25,76.77,3.1,0.56,2005.4,27.3,7.23,0.431,0
25.94,72.62,82.7,155.08,33.66,47.38,2.41,0.33,3169.9,54.4,9.0,0.268,0
33.22,54.85,110.46,207.99,32.28,54.24,2.29,0.1,1886.2,30.1,7.03,0.428,0
8.41,18.59,32.86,60.19,9.41,28.78,1.54,-0.28,2589.7,48.9,6.82,0.4,0
43.9,116.33,239.61,343.12,47.55,57.05,4.4,0.72,3039.7,43.5,8.15,0.284,1
59.37,77.81,126.42,212.03,69.84,75.05,3.74,2.15,1272.3,34.0,5.79,0.64,1
13.04,41.7,117.17,217.72,12.06,69.74,2.9,-0.09,453.1,16.1,3.15,0.724,1
29.2,61.85,89.42,245.92,34.77,58.85,2.31,0.44,1859.7,36.8,5.91,0.54,0
11.41,13.13,23.98,49.79,11.52,35.55,1.71,-0.09,2510.2,40.1,8.51,0.423,0
42.64,117.64,194.31,313.44,35.2,68.86,4.88,0.67,2016.4,46.7,5.98,0.55,1
1.78,2.3,3.69,4.18,2.25,18.06,1.42,-0.42,1695.3,33.4,7.15,0.59,0
35.7,41.75,84.7,145.26,45.97,63.71,2.46,0.78,2270.9,36.7,6.33,0.444,0
8.83,12.15,21.05,25.22,11.21,37.36,1.63,-0.12,2495.9,37.9,10.57,0.346,0
7.58,30.45,43.05,65.93,8.03,37.53,1.97,-0.32,3165.2,52.5,9.16,0.26,0
16.26,25.32,53.26,110.48,17.62,68.44,2.62,0.49,2810.4,55.8,7.8,0.384,0
2.85,3.44,5.58,11.88,3.43,47.99,1.97,-0.21,1742.7,40.6,9.59,0.414,0
9.23,22.58,25.05,53.27,8.82,28.73,1.25,-0.08,1910.4,39.4,5.03,0.59,0
62.36,69.38,99.89,192.32,64.87,74.37,3.46,1.98,1435.3,35.7,4.93,0.737,1
12.09,16.51,26.51,43.49,12.68,56.28,1.93,-0.16,1967.5,32.9,5.12,0.544,0
32.63,45.84,70.2,79.93,31.53,33.52,2.0,0.03,2684.2,47.2,9.54,0.332,0
38.67,41.81,101.69,181.33,37.64,77.26,4.06,1.23,3114.9,57.4,8.3,0.357,1
19.2,45.19,72.95,150.61,17.52,50.94,1.9,-0.05,685.4,24.0,2.27,0.69,0
31.47,44.74,66.19,132.85,29.16,44.66,2.54,-0.07,2794.1,37.1,7.34,0.355,0
13.58,34.25,67.39,133.38,15.57,76.89,2.76,0.3,2313.3,37.5,6.4,0.512,0
21.93,28.2,41.75,91.13,18.28,39.24,1.64,-0.21,2061.7,39.5,6.87,0.459,0
25.85,58.47,100.9,162.08,29.14,78.78,3.49,0.87,1569.8,33.7,4.47,0.668,1
57.34,96.33,122.03,159.26,69.46,63.05,3.51,1.49,2397.4,44.7,6.41,0.486,1
23.08,49.05,103.28,136.25,23.83,66.41,3.32,0.17,1969.0,35.0,7.67,0.4,0
12.29,18.18,60.19,100.64,11.72,46.22,2.01,0.02,2095.0,36.6,5.96,0.48,0
18.44,30.07,54.39,65.73,18.74,56.92,2.11,0.13,2385.8,42.4,7.08,0.472,0
5.97,8.37,20.29,38.3,7.44,53.55,1.93,0.04,2770.1,44.2,13.64,0.124,0
0.73,1.68,2.66,5.35,0.59,26.83,1.19,-0.13,2901.3,35.3,10.27,0.222,0
32.78,41.82,93.98,142.25,26.1,68.24,2.73,0.32,721.5,15.9,2.72,0.72,1
1.13,1.64,2.27,14.02,0.94,44.88,1.42,-0.37,2319.2,48.4,6.13,0.436,0
40.57,68.65,117.09,229.43,37.41,82.91,4.14,1.1,2325.8,39.8,6.53,0.523,1
21.67,44.96,56.64,86.82,26.84,50.66,2.04,0.21,1834.3,28.7,9.06,0.458,0
0.57,1.05,3.12,7.89,0.71,24.33,1.42,-0.12,1063.3,24.5,3.34,0.725,0
5.35,13.1,15.53,29.01,4.15,41.43,1.26,-0.16,2140.7,46.7,6.53,0.473,0
14.81,29.03,33.36,55.79,13.32,64.89,1.91,-0.08,1040.5,18.4,4.95,0.551,0
7.2,14.48,15.99,23.34,7.11,39.74,1.68,-0.32,586.3,17.4,2.44,0.812,0
34.52,45.04,77.73,141.84,29.49,75.83,3.44,0.84,2898.8,49.3,8.45,0.345,0
27.34,40.75,56.1,101.46,35.49,59.83,2.44,0.28,728.6,25.7,6.38,0.6,0
18.47,31.24,37.13,76.25,19.77,61.07,2.06,0.24,1094.1,28.1,4.27,0.516,0
49.85,68.02,105.82,222.12,53.26,85.83,3.83,1.82,1743.6,33.1,6.91,0.57,1
5.25,7.79,21.78,44.27,5.74,56.23,1.71,-0.29,1475.5,34.2,6.55,0.485,0
4.9,10.87,12.45,32.2,4.88,30.4,1.51,-0.29,1971.6,27.8,6.33,0.584,0
52.14,91.07,135.75,304.84,44.77,60.73,3.28,0.74,2439.1,29.2,6.99,0.395,0
5.14,11.12,18.81,26.38,4.94,26.7,1.23,-0.2,860.9,26.6,4.55,0.673,0
52.84,95.94,170.26,299.48,38.94,89.65,5.62,1.39,1886.4,33.3,6.03,0.487,1
3.08,12.93,20.24,66.27,3.73,46.04,1.56,-0.18,1224.4,27.1,4.69,0.616,0
8.78,19.88,37.14,48.42,6.19,49.42,1.81,-0.36,2032.1,31.1,10.07,0.297,0
33.44,71.8,141.84,154.64,33.31,78.25,3.96,0.71,402.8,24.4,2.05,0.769,1
17.85,25.36,52.52,241.47,15.49,71.85,2.58,0.03,2010.7,36.3,5.79,0.613,0
29.77,41.51,53.07,77.94,25.85,53.19,2.05,0.03,1433.7,33.3,5.59,0.57,0
9.97,27.82,56.92,134.94,11.93,54.52,2.58,-0.14,2807.7,48.0,7.37,0.338,0
23.65,75.66,134.58,247.34,29.66,56.83,2.45,0.21,981.0,29.1,5.69,0.603,0
16.81,18.35,28.57,77.51,17.64,68.21,2.04,-0.05,413.7,22.7,1.58,0.744,0
0.34,1.52,2.94,8.87,0.4,43.57,1.36,-0.3,2173.7,42.2,9.53,0.42,0
17.34,35.73,53.57,65.43,16.25,38.78,1.9,-0.23,2821.5,44.2,10.12,0.27,0
11.76,15.78,38.03,54.46,9.24,48.13,1.9,-0.36,1038.9,24.9,3.97,0.758,0
7.86,13.17,14.47,23.26,7.94,51.25,1.55,-0.01,3089.8,51.1,8.91,0.258,0
15.6,26.55,30.4,33.95,11.36,34.88,1.54,-0.07,2920.1,55.2,9.18,0.262,0
27.9,40.05,52.64,153.91,29.37,74.16,2.33,0.6,2758.0,42.1,8.25,0.327,0
21.31,36.1,65.29,83.38,26.96,64.0,2.19,0.09,1064.4,22.5,3.52,0.606,0
25.72,29.28,32.32,55.41,24.02,47.25,1.79,-0.08,2050.7,47.6,6.21,0.394,0
25.8,46.6,79.72,109.81,21.01,47.85,2.19,-0.18,921.4,32.3,3.06,0.69,0
13.94,22.34,35.06,47.08,15.85,60.89,1.67,0.16,2802.3,37.7,9.68,0.244,0
61.7,73.1,100.45,239.26,61.32,57.46,2.57,1.0,2060.2,36.1,6.32,0.434,1
59.11,82.49,119.38,184.61,43.88,53.96,2.66,0.52,436.3,22.1,4.59,0.773,1
55.91,67.2,83.42,119.14,47.56,60.97,2.73,0.92,2710.5,45.8,9.53,0.357,1
44.39,71.65,97.7,117.0,32.82,68.01,2.68,0.64,2518.0,37.7,6.84,0.507,0
22.15,42.47,54.19,114.13,20.8,65.82,2.39,0.18,1271.6,25.8,6.33,0.578,0
8.61,25.64,36.03,49.58,10.26,60.79,1.96,-0.14,2561.7,43.0,7.33,0.288,0
18.18,26.09,48.87,61.42,18.27,41.51,1.96,-0.02,2409.9,49.6,8.32,0.35,0
32.93,83.7,146.98,201.98,30.44,72.12,4.27,0.5,1608.8,34.4,5.83,0.557,1
7.56,25.13,54.04,79.11,5.92,50.53,1.81,-0.01,1847.4,36.1,5.02,0.561,0
10.83,28.44,41.01,107.77,9.02,61.44,2.2,0.12,2716.1,45.3,13.24,0.221,0
7.27,15.04,20.3,25.77,8.4,46.02,1.48,-0.25,1972.6,35.7,8.18,0.485,0
8.1,36.43,51.25,80.03,6.13,64.71,2.22,-0.28,1828.4,37.5,6.64,0.485,0
20.83,48.14,56.1,104.84,22.62,72.09,2.53,0.31,2158.3,44.1,8.84,0.368,0
29.0,80.47,143.21,259.92,30.61,78.54,4.14,0.82,763.0,29.0,3.61,0.647,1
9.96,44.57,56.09,67.73,9.26,49.72,1.77,-0.26,2442.4,45.0,8.62,0.396,0
1.4,7.85,18.7,21.21,1.52,19.13,1.43,-0.27,3041.7,50.8,7.82,0.256,0
6.98,18.36,45.01,56.83,7.15,34.02,1.66,-0.07,1032.9,23.5,7.32,0.594,0
35.47,82.27,107.16,179.93,25.97,80.34,3.7,0.47,1190.3,26.8,3.74,0.733,1
52.72,63.97,118.99,247.89,56.94,77.62,3.45,1.21,537.0,21.2,2.17,0.756,1
18.79,35.45,50.57,105.35,17.98,40.42,1.56,-0.07,2752.4,43.0,9.93,0.296,0
23.55,41.62,64.16,103.14,18.08,45.29,2.13,-0.09,2538.9,43.2,7.42,0.304,0
38.15,60.12,66.6,141.43,49.57,67.97,2.21,1.04,2220.9,43.8,8.26,0.331,0
80.68,107.73,192.57,222.7,95.12,55.59,3.15,1.3,1942.0,30.6,7.17,0.441,1
13.58,33.65,62.36,76.07,11.32,58.9,2.61,0.06,2550.9,48.8,9.45,0.354,0
2.96,5.4,6.23,8.58,3.12,47.62,1.34,-0.25,502.6,27.6,2.48,0.714,0
7.61,16.35,64.61,149.24,8.88,75.98,2.44,0.11,722.3,29.6,10.97,0.477,0
20.73,26.44,35.25,90.53,16.6,48.99,1.78,0.09,1269.9,25.6,4.26,0.633,0
13.1,27.51,53.11,63.41,10.59,33.66,2.26,-0.27,1040.2,30.0,4.32,0.691,0
6.67,48.16,77.24,172.88,6.6,81.61,2.93,-0.28,871.3,24.5,5.79,0.507,0
9.81,11.34,34.57,89.36,8.53,51.06,1.91,-0.13,2285.6,39.7,6.25,0.367,0
28.14,60.87,79.51,215.77,31.9,62.04,2.66,0.42,576.2,31.8,4.32,0.722,1
20.51,37.33,65.36,150.98,19.69,54.7,1.83,-0.06,1740.9,26.8,9.13,0.478,0
22.16,65.15,153.98,290.94,28.81,62.18,4.12,0.66,2861.3,52.4,9.36,0.384,1
14.96,47.93,83.35,145.12,12.96,77.4,3.21,-0.01,1354.0,28.8,4.97,0.638,0
14.64,24.52,38.89,61.29,12.8,49.44,1.89,-0.14,1169.0,32.8,4.09,0.701,0
20.35,42.24,92.02,184.42,14.42,70.24,3.15,0.1,2194.9,43.4,7.54,0.477,0
19.73,25.84,63.3,188.23,19.98,84.41,2.94,0.5,1768.1,32.9,4.78,0.532,1
4.0,5.49,10.63,14.92,4.52,40.66,1.56,-0.11,1749.5,25.6,5.47,0.581,0
10.09,32.8,79.53,106.17,10.11,57.68,2.33,-0.02,1317.4,27.8,5.7,0.404,0
17.54,34.34,41.89,80.44,16.69,57.03,1.6,0.14,2440.1,41.5,7.19,0.409,0
55.12,70.15,98.32,166.35,39.22,56.29,2.57,0.78,2710.6,50.5,9.18,0.282,0
12.13,20.3,52.77,117.24,10.37,70.84,2.15,-0.1,1560.3,34.0,6.3,0.572,0
7.77,23.42,38.9,48.33,7.61,58.75,1.54,-0.32,1461.0,34.0,4.55,0.621,0
28.08,44.62,88.25,182.1,22.47,71.99,2.83,0.45,1461.0,29.4,4.76,0.644,0
40.44,94.77,106.32,316.84,47.9,78.67,3.62,1.42,1076.5,31.1,3.93,0.692,1
8.5,27.66,46.28,88.19,7.71,64.51,2.37,-0.07,409.5,22.1,3.07,0.795,0
13.84,15.23,30.54,54.62,11.79,56.73,1.62,-0.14,1549.5,37.6,5.08,0.522,0
24.19,40.94,61.19,79.04,18.25,47.44,1.93,-0.28,657.0,19.7,2.34,0.835,0
4.94,19.83,29.51,71.82,5.21,69.26,2.12,-0.19,991.3,24.9,2.98,0.625,0
29.86,49.74,82.04,88.49,36.5,62.3,2.32,0.65,2020.0,35.6,6.02,0.501,0
15.19,22.88,42.1,45.96,12.29,45.18,1.64,0.03,863.5,26.2,2.82,0.718,0
27.94,67.67,73.39,117.96,24.08,62.72,2.21,0.05,524.1,16.2,1.55,0.801,0
29.81,53.25,96.47,171.72,21.39,50.26,2.51,-0.12,1602.3,29.0,8.33,0.463,0
47.04,76.23,87.45,146.87,52.64,46.49,2.2,0.55,2778.7,46.3,11.26,0.272,0
23.23,27.18,32.29,66.78,20.27,49.77,1.81,0.03,2698.2,43.2,6.95,0.391,0
16.54,45.6,85.01,162.81,16.48,53.69,2.65,-0.12,2901.8,44.9,9.79,0.359,0
6.5,22.71,38.22,59.2,6.2,45.02,1.85,-0.28,2308.9,34.0,6.87,0.493,0
32.46,47.88,93.59,185.05,28.83,71.44,3.25,0.3,759.1,29.8,3.25,0.718,0
74.99,108.38,198.37,272.59,92.05,75.26,5.49,2.84,1470.9,33.5,3.96,0.641,1
21.04,46.52,58.68,85.15,18.7,67.85,2.43,0.01,1645.5,35.2,4.49,0.584,0
10.98,89.19,191.37,218.73,11.19,58.7,3.98,-0.13,2919.5,48.3,7.54,0.449,0
21.82,32.86,53.11,112.35,22.38,64.39,1.81,-0.01,1214.5,26.9,3.35,0.656,0
11.36,30.52,36.0,43.09,8.3,31.03,1.46,-0.11,2544.2,45.6,7.06,0.462,0
37.65,47.84,95.5,112.44,27.81,50.38,2.5,0.3,2597.9,51.0,9.52,0.309,0
64.96,84.9,95.62,133.38,61.03,62.6,2.77,1.37,2393.1,37.5,8.07,0.442,1
14.92,27.35,58.53,129.97,12.73,56.05,1.89,-0.18,2359.1,38.1,7.04,0.453,0
6.97,21.24,34.84,54.57,7.06,59.71,1.96,-0.24,2352.9,40.4,6.67,0.42,0
34.13,38.67,57.95,90.06,42.44,53.66,2.17,0.23,1572.3,28.8,4.23,0.608,0
7.27,21.52,31.95,95.58,5.31,59.61,2.01,-0.02,923.4,23.0,2.84,0.702,0
77.36,93.48,163.45,240.14,71.08,78.11,3.69,1.24,523.5,11.8,6.51,0.618,1
22.2,26.13,46.04,109.07,19.91,43.3,1.82,0.06,3087.8,52.9,8.12,0.357,0
41.6,62.92,70.9,90.36,43.26,53.6,2.1,0.64,3117.3,58.0,9.39,0.29,0
49.38,79.59,121.44,202.12,49.1,76.34,3.63,0.9,885.3,24.7,4.0,0.699,0
18.95,37.75,60.52,146.12,16.95,76.09,2.71,0.31,570.3,29.4,2.51,0.845,0
3.01,6.16,12.56,20.79,3.9,28.79,1.55,-0.31,1984.6,40.3,6.22,0.44,0
8.4,17.08,24.44,43.37,7.07,40.46,1.48,-0.13,1904.1,32.8,7.04,0.442,0
9.03,11.32,14.07,25.39,9.24,22.76,1.6,-0.2,1129.6,29.8,4.6,0.649,0
9.17,25.98,31.8,72.18,10.02,56.53,1.93,-0.14,672.7,18.5,1.88,0.772,0
3.97,9.65,32.88,92.13,4.62,35.22,1.96,-0.12,2632.2,47.1,7.52,0.334,0
26.02,43.46,78.19,105.48,20.51,72.77,2.85,0.23,1914.9,40.2,6.18,0.548,0
42.43,67.05,139.81,160.85,42.93,66.6,3.65,1.01,2632.7,42.5,7.39,0.468,1
14.86,22.99,29.31,55.94,12.57,33.78,1.79,-0.07,2169.9,29.0,6.3,0.489,0
46.03,80.21,131.49,218.02,33.23,55.49,2.94,0.43,1372.6,29.6,4.1,0.582,0
34.86,57.4,72.86,140.17,32.93,65.48,2.54,0.55,1952.9,33.9,7.65,0.483,0
9.64,11.45,20.54,44.25,9.91,33.52,1.48,-0.39,1383.6,34.2,4.49,0.673,0
15.94,44.16,83.09,101.26,14.73,66.98,2.78,0.32,3053.6,44.0,9.17,0.249,0
8.38,12.62,22.21,32.27,10.74,33.33,1.6,-0.12,1690.0,31.2,5.83,0.494,0
21.82,59.42,115.47,158.27,22.4,72.47,3.67,0.47,1206.0,36.1,5.09,0.732,1
59.57,68.87,145.4,213.33,44.77,79.18,4.93,1.81,3160.3,51.0,10.92,0.197,1
10.03,58.27,104.19,225.79,8.38,76.92,3.17,0.04,683.5,22.6,2.29,0.656,0
9.73,38.09,57.9,168.49,10.43,50.81,2.19,-0.02,2034.3,33.9,7.11,0.461,0
6.85,12.99,40.88,91.14,7.81,45.89,1.95,-0.23,3043.7,51.2,8.5,0.264,0
5.78,19.87,31.59,50.67,6.84,32.35,1.79,-0.25,2976.3,50.5,10.37,0.3,0
11.62,17.27,28.12,48.88,9.06,47.28,1.85,-0.06,589.0,13.4,2.04,0.777,0
15.23,17.13,35.96,85.0,12.4,70.83,2.37,-0.07,1665.1,33.7,5.17,0.538,0
30.05,84.46,168.32,191.87,37.27,82.51,5.77,1.33,2815.7,48.5,7.61,0.362,1
9.9,23.83,57.46,74.27,7.17,35.48,1.69,-0.25,1640.8,40.1,4.84,0.569,0
21.77,66.15,83.12,167.15,15.59,58.52,2.03,0.02,452.9,19.4,1.64,0.803,1
5.59,7.2,20.84,36.79,6.97,36.55,1.5,-0.08,1262.4,32.9,3.96,0.631,0
7.65,18.44,34.13,56.34,8.6,52.99,1.9,-0.16,500.3,21.4,5.51,0.738,0
16.51,20.25,47.89,62.81,14.11,31.96,1.98,-0.17,1758.7,37.8,7.46,0.463,0
61.89,93.9,165.1,182.37,76.79,55.67,2.72,0.83,1512.8,21.3,4.52,0.527,1
2.42,4.61,9.8,21.86,2.01,33.99,1.67,-0.21,1416.7,23.4,3.9,0.696,0
3.43,8.11,12.91,28.97,4.18,53.31,1.88,-0.24,2036.6,39.3,10.24,0.363,0
8.07,11.23,48.87,77.58,10.41,63.84,1.88,0.07,2499.9,48.1,9.47,0.314,0
12.69,18.12,28.54,35.43,11.48,38.3,1.57,-0.23,1985.1,35.3,8.04,0.418,0
7.49,14.02,16.9,55.37,7.52,54.87,1.75,-0.26,1691.6,20.8,5.02,0.552,0
13.09,24.67,56.43,110.41,11.56,59.75,2.35,-0.22,1886.9,30.0,6.53,0.495,0
16.8,19.9,37.11,82.44,21.74,52.37,1.94,0.01,2440.8,46.2,6.4,0.347,0
45.9,90.96,97.32,195.74,34.94,66.2,2.44,0.33,533.2,12.7,2.17,0.764,1
28.86,88.4,99.71,194.48,31.69,49.32,2.42,0.35,2598.4,43.1,6.82,0.365,0
27.45,30.74,81.31,97.6,19.76,46.13,2.45,0.11,3128.6,54.3,9.6,0.258,0
6.78,9.49,16.47,27.64,7.8,55.56,1.72,-0.34,1517.9,31.4,9.48,0.395,0
1.84,7.68,11.64,19.37,1.45,28.29,1.34,-0.4,1561.0,26.6,5.04,0.487,0
28.28,72.77,154.43,277.32,25.27,82.22,5.24,0.87,3030.5,41.0,11.0,0.232,0
38.61,76.46,99.43,182.85,34.58,80.7,4.01,1.37,2325.2,49.1,7.44,0.416,0
29.52,42.13,54.95,88.01,31.77,68.25,2.3,0.23,642.8,16.8,3.1,0.785,0
4.74,21.41,41.76,57.99,5.67,50.75,2.11,-0.36,2739.4,40.3,7.71,0.455,0
14.74,22.39,27.66,112.97,11.27,65.54,1.88,0.19,2398.2,50.0,7.34,0.379,0
7.52,15.43,27.51,39.61,6.03,48.1,2.09,-0.1,1353.3,27.1,3.64,0.639,0
10.52,32.64,37.04,62.22,12.15,55.73,2.05,-0.18,809.8,27.2,2.46,0.757,0
88.24,159.77,214.16,278.56,76.78,70.26,4.8,1.55,1300.3,27.9,5.22,0.659,1
4.16,8.73,18.52,28.41,5.27,56.52,1.43,-0.25,1307.5,29.5,3.71,0.673,0
14.8,34.11,57.44,69.93,14.51,48.01,2.17,-0.22,1273.7,28.6,3.61,0.627,0
55.83,130.62,169.25,272.09,62.31,68.54,3.74,1.44,844.8,29.3,2.57,0.629,1
0.99,2.36,4.94,11.03,1.25,42.7,1.61,-0.41,527.2,18.0,3.97,0.71,0
1.66,6.52,22.37,38.88,1.61,30.23,1.85,-0.33,858.3,22.4,4.96,0.641,0
5.86,14.59,27.29,49.65,6.37,37.5,1.42,-0.32,3153.5,50.2,8.32,0.32,0
6.18,9.14,12.79,42.4,4.49,32.11,1.6,-0.29,948.1,28.8,3.75,0.65,0
49.86,81.37,119.93,136.85,35.15,72.72,4.11,1.14,2760.4,50.0,10.5,0.298,0
26.08,51.99,108.53,131.14,27.58,62.75,2.86,0.42,1294.7,26.2,4.49,0.586,0
61.38,110.42,175.24,201.14,58.18,55.03,3.03,0.62,877.8,23.2,2.47,0.734,1
64.05,111.28,171.78,361.32,80.1,96.94,5.11,2.9,469.5,20.7,3.24,0.74,1
11.57,23.52,27.44,47.27,8.2,47.95,1.74,-0.14,1280.2,30.2,3.73,0.655,0
89.45,97.22,154.58,368.73,103.84,76.38,3.13,1.43,608.2,10.0,2.22,0.738,1
18.91,25.41,36.58,58.9,20.25,30.28,2.28,-0.11,2129.7,39.7,6.83,0.465,0
9.85,16.21,26.95,42.38,8.4,55.01,1.86,-0.3,2566.3,43.1,7.12,0.361,0
2.91,8.47,40.24,76.22,2.05,54.6,1.92,-0.37,3136.4,41.9,9.45,0.315,0
28.08,30.25,42.42,61.63,25.61,53.66,2.23,0.13,2941.5,42.0,8.96,0.358,0
24.91,42.93,61.79,112.46,27.88,63.35,1.98,0.08,1218.8,24.2,4.23,0.742,0
14.69,23.04,37.27,62.68,16.04,59.38,1.76,0.14,1226.5,26.2,4.69,0.552,0
50.3,82.55,166.6,253.38,46.95,85.23,5.72,1.92,2200.9,40.9,8.54,0.335,1
6.19,9.9,16.31,20.2,5.48,21.15,1.28,-0.26,2755.8,45.3,10.03,0.32,0
43.16,51.38,126.04,247.5,53.73,74.08,3.44,0.83,687.2,20.1,2.1,0.732,1
8.01,52.53,136.77,312.5,5.71,82.45,4.41,-0.17,1795.9,38.3,5.72,0.493,0
1.2,3.81,7.14,18.21,0.91,51.05,1.11,-0.14,2529.7,41.9,6.6,0.455,0
10.68,40.11,62.46,212.44,8.99,78.17,2.83,0.06,1433.1,41.9,7.41,0.585,0
5.6,10.81,19.64,32.66,4.19,55.18,1.55,-0.36,523.1,23.2,4.26,0.667,0
1.8,3.44,4.04,8.02,1.85,20.23,1.65,-0.12,524.2,15.8,1.62,0.793,0
8.36,40.97,65.87,105.01,10.62,62.98,2.6,0.04,2823.4,53.6,9.43,0.304,0
25.29,48.45,67.61,73.88,23.35,49.28,2.01,0.09,1357.2,17.5,4.72,0.596,0
29.7,36.61,67.39,226.23,36.83,63.51,2.73,0.82,2786.9,44.7,8.3,0.382,0
6.79,13.29,71.91,123.82,5.8,62.09,2.32,-0.09,598.3,30.4,5.63,0.682,0
32.81,61.8,92.02,123.8,27.43,75.35,3.24,0.48,2126.8,32.4,5.77,0.439,0
18.52,54.69,120.68,275.06,16.42,62.24,3.31,0.29,1366.5,36.1,4.82,0.666,1
19.01,37.87,92.51,156.46,20.23,79.32,3.68,0.41,1872.0,40.3,5.04,0.528,0
15.09,16.5,39.23,52.14,14.28,53.59,1.98,0.13,1241.3,30.9,4.02,0.598,0
13.66,21.04,28.54,63.31,9.96,39.68,1.49,-0.2,662.9,27.3,6.25,0.63,0
27.1,40.01,62.41,73.83,25.75,68.01,2.04,0.12,694.5,18.4,2.94,0.764,0
18.96,39.54,59.16,195.5,23.5,70.53,2.57,0.42,2706.9,42.9,8.01,0.335,0
12.88,30.81,55.71,206.53,16.52,65.01,2.36,0.23,1463.7,28.3,5.31,0.571,0
41.77,77.41,98.79,150.87,47.01,63.06,2.56,0.76,1079.9,27.3,3.42,0.696,1
14.53,36.9,54.82,116.66,16.64,52.65,2.37,0.04,3042.5,43.9,9.82,0.292,0
34.02,93.71,103.81,228.2,25.21,70.72,2.69,0.18,419.8,19.7,2.41,0.862,1
64.57,108.76,190.37,324.83,59.91,77.69,4.99,1.95,2655.1,35.4,10.18,0.346,1
12.38,37.87,77.55,86.33,15.45,49.9,1.73,-0.02,699.9,24.3,2.38,0.768,0
21.05,32.52,45.72,168.07,16.97,72.02,2.24,0.19,1265.4,24.1,3.43,0.627,0
24.36,36.94,69.46,103.29,21.85,61.32,2.14,0.17,706.5,25.9,2.67,0.824,0
18.1,23.37,51.52,96.69,18.17,57.56,2.04,0.29,2532.3,44.1,8.26,0.381,0
14.44,24.79,37.88,44.85,17.62,35.96,1.45,-0.14,1508.8,34.9,4.33,0.612,0
10.2,11.41,23.69,51.53,11.62,37.2,1.85,-0.12,2381.6,42.0,7.13,0.448,0
7.86,12.23,23.05,39.86,8.49,39.4,1.69,-0.27,2105.5,41.3,6.48,0.491,0
34.97,70.93,140.43,218.18,30.05,76.39,3.74,0.76,435.6,27.3,3.01,0.76,1
7.24,17.95,35.79,59.7,7.53,39.18,1.78,-0.43,865.3,20.6,2.95,0.673,0
18.8,23.55,45.13,87.39,19.16,40.44,1.9,-0.25,2343.4,45.0,11.25,0.261,0
23.52,26.07,70.35,138.64,16.98,47.65,1.84,0.11,2100.7,37.7,9.72,0.481,0
3.62,5.67,7.58,20.72,3.87,24.62,1.32,-0.15,2277.2,29.7,6.34,0.512,0
29.68,68.87,85.32,132.26,32.65,70.96,2.64,0.44,1377.2,20.8,4.51,0.474,0
37.66,90.46,180.66,270.73,34.81,71.82,5.22,0.89,3193.8,54.5,9.5,0.228,1
20.19,33.09,51.76,88.13,22.79,58.46,2.32,0.14,726.8,32.1,2.6,0.709,0
24.11,59.11,93.36,102.88,31.31,72.87,3.15,0.54,1497.2,27.9,5.63,0.6,0
59.13,93.88,119.46,220.93,67.87,87.75,4.1,2.41,1840.4,25.7,4.91,0.569,1
6.56,28.87,63.33,119.13,7.35,65.95,2.57,-0.21,2032.7,33.0,6.49,0.554,0
18.35,53.64,84.62,168.13,21.35,61.7,2.97,0.31,3180.5,49.6,11.2,0.177,0
3.51,8.33,36.02,94.17,4.24,42.91,2.01,-0.4,3189.9,46.6,13.33,0.193,0
77.53,103.25,136.05,245.14,79.03,61.03,2.75,1.32,477.1,27.9,1.64,0.793,1
6.76,12.82,25.41,29.44,6.9,33.22,2.27,-0.24,2527.8,40.3,7.68,0.356,0
3.13,3.68,5.28,21.97,2.22,29.23,1.26,-0.14,1695.0,30.4,5.83,0.597,0
2.49,11.99,30.6,66.02,2.79,65.96,1.81,-0.25,866.1,22.1,3.29,0.724,0
43.64,58.17,112.54,134.98,50.58,59.27,3.37,0.89,2064.3,49.6,7.43,0.455,1
42.72,49.13,84.16,112.1,52.33,53.75,2.47,0.58,2065.2,37.9,5.41,0.519,0
23.85,50.08,75.56,122.07,28.45,45.52,1.95,-0.13,1079.4,32.1,2.92,0.723,0
35.94,72.45,133.9,188.37,34.28,84.4,4.05,1.15,1409.7,29.2,6.34,0.512,1
25.89,53.61,70.46,117.55,30.57,76.66,2.89,0.66,1949.9,29.1,5.18,0.506,0
23.9,50.89,66.08,97.32,28.39,48.37,2.1,0.31,1743.5,33.0,5.51,0.554,0
42.81,90.96,129.77,167.88,30.62,56.89,2.38,0.34,746.4,21.2,3.08,0.773,0
27.46,48.67,88.59,147.27,31.46,73.15,2.33,0.44,1789.2,23.2,5.2,0.604,0
30.75,36.2,86.02,129.01,37.97,68.33,2.49,0.23,689.0,16.0,8.99,0.568,1
5.61,9.77,16.14,27.16,6.21,42.76,1.95,-0.3,3169.2,44.2,9.83,0.265,0
36.79,79.05,128.18,160.96,28.2,57.8,2.27,0.2,1060.6,11.8,5.03,0.593,0
34.87,65.66,112.44,170.53,26.4,72.81,3.53,0.53,1519.1,34.8,4.11,0.586,0
21.34,79.97,134.43,234.51,26.77,56.03,2.7,0.24,1135.1,27.8,3.52,0.645,0
12.09,46.16,130.04,160.61,8.88,72.39,3.37,-0.23,1688.5,24.5,5.67,0.642,0
35.15,53.55,130.27,211.85,28.72,79.62,4.12,0.6,1470.7,30.5,4.48,0.534,1
50.21,55.27,141.98,270.53,55.62,70.4,3.68,1.19,1351.0,27.2,4.18,0.652,1
26.47,49.87,73.22,110.69,26.71,63.51,2.55,0.25,2372.6,36.3,7.48,0.412,0
26.14,55.64,67.1,78.07,22.63,43.9,2.17,-0.15,2692.8,41.4,8.64,0.331,0
7.62,12.2,25.53,32.66,8.43,31.98,1.82,-0.37,1238.0,28.2,4.42,0.62,0
30.38,34.1,104.17,214.42,28.62,88.9,3.26,0.7,907.5,20.0,2.61,0.741,1
17.4,38.58,47.76,61.8,17.35,56.37,2.19,-0.07,1414.2,43.0,3.94,0.596,0
68.21,128.14,209.83,351.24,82.72,76.73,6.18,3.13,2552.0,46.6,7.6,0.442,1
46.05,85.39,152.86,219.41,33.31,62.14,3.48,0.62,2157.6,37.3,8.4,0.458,1
10.55,11.29,22.78,36.84,12.53,39.95,1.39,-0.1,1133.5,20.7,3.89,0.622,0
5.92,23.26,67.03,105.6,4.64,55.46,2.85,-0.37,2607.3,40.6,7.3,0.305,0
51.93,84.44,139.58,184.56,64.99,79.3,4.73,2.4,2562.9,46.7,6.93,0.308,1
3.25,6.76,15.11,17.38,4.2,26.7,1.68,-0.44,1987.5,36.0,7.43,0.44,0
27.74,31.51,40.0,61.71,34.68,39.04,1.7,0.24,2723.7,41.1,8.39,0.468,0
15.91,42.79,64.9,87.09,18.44,45.02,1.86,-0.15,767.4,26.5,2.24,0.783,0
61.29,122.32,165.97,265.96,62.18,80.82,5.51,2.39,2708.6,41.6,7.49,0.454,1
10.24,15.26,24.92,43.24,12.98,60.18,2.13,0.17,3030.0,38.7,9.33,0.263,0
31.03,34.07,95.56,105.44,30.5,48.54,2.14,-0.02,1739.6,31.8,5.97,0.477,0
4.21,8.41,18.03,23.59,4.08,54.16,1.74,-0.03,2034.1,35.9,7.89,0.373,0
63.88,113.55,196.39,336.1,78.82,77.23,5.92,3.06,2846.2,49.2,9.09,0.338,1
21.77,25.6,53.58,194.91,23.55,83.21,2.62,0.34,760.2,22.3,4.5,0.745,0
3.21,22.49,44.08,97.65,3.59,55.21,2.15,-0.19,2733.1,40.6,7.14,0.449,0
27.36,30.77,37.77,64.03,34.19,35.6,1.82,-0.06,1983.0,33.0,6.03,0.462,0
20.31,32.97,49.19,80.81,26.09,66.96,2.32,0.4,2860.8,46.2,8.31,0.367,0
5.84,8.37,34.52,84.82,4.27,55.69,1.44,-0.26,2606.3,39.8,7.59,0.329,0
44.9,58.04,105.52,169.83,32.19,68.11,3.1,0.54,1485.2,37.5,5.53,0.56,1
13.55,25.85,32.3,76.12,11.34,55.45,2.05,-0.14,1270.7,25.9,6.98,0.536,0
32.82,49.74,120.12,139.84,41.76,47.0,2.07,0.14,1254.9,26.7,5.65,0.507,0
7.11,12.1,48.03,150.57,8.23,64.39,2.4,-0.08,2186.6,46.1,8.01,0.448,0
11.12,19.83,27.27,30.52,11.98,58.41,1.64,-0.09,1151.4,29.7,6.01,0.612,0
6.79,12.51,19.33,48.13,5.62,38.18,1.84,-0.17,1873.1,35.8,5.95,0.48,0
10.05,26.38,40.03,70.88,7.27,55.13,1.7,-0.27,1922.0,29.8,9.44,0.422,0
65.91,100.24,176.55,192.18,75.3,79.32,5.36,2.71,1764.7,43.2,6.05,0.525,1
47.15,86.83,134.81,176.2,56.87,78.32,4.59,1.92,2130.0,42.8,12.65,0.201,1
4.37,16.56,28.68,53.47,4.62,49.57,1.72,-0.13,2700.3,44.6,7.15,0.384,0
7.18,9.78,17.57,36.99,6.54,53.07,1.56,-0.01,2320.3,38.3,10.75,0.361,0
31.57,43.63,69.82,107.03,25.67,47.14,1.83,0.26,1953.6,37.7,8.24,0.356,0
65.39,116.09,161.49,328.26,83.23,79.06,4.37,3.03,2144.2,38.8,7.17,0.424,1
33.58,44.84,56.83,108.82,39.1,53.79,2.01,0.44,2901.9,50.7,8.78,0.328,0
1.39,3.84,5.38,17.37,1.24,28.57,1.53,-0.35,2599.4,31.1,7.04,0.402,0
14.32,20.87,61.53,129.05,17.46,73.27,2.9,0.4,2963.9,46.3,7.65,0.328,0
25.02,48.74,57.12,106.1,26.53,46.23,2.01,0.24,2746.3,40.5,11.66,0.284,0
17.59,20.12,44.44,139.71,20.67,64.11,1.62,0.27,722.8,23.5,3.32,0.847,0
35.44,44.15,76.07,83.83,44.28,54.09,2.11,0.62,2534.5,36.6,7.3,0.408,0
13.32,25.37,40.87,58.6,15.15,53.47,1.77,0.08,2422.7,40.6,7.02,0.394,0
23.08,58.36,79.45,201.38,16.89,68.25,2.72,0.35,2875.3,39.3,7.73,0.438,0
11.91,31.0,58.1,122.43,13.51,55.32,1.84,-0.17,2681.6,36.3,8.13,0.478,0
17.04,32.98,52.11,58.79,13.29,64.83,2.08,0.02,1793.9,34.7,4.9,0.496,0
49.94,66.27,106.83,201.91,57.87,80.44,3.69,1.95,1280.5,35.7,4.03,0.64,1
39.78,74.77,99.98,171.67,45.09,57.76,2.91,0.59,2578.1,44.0,6.73,0.444,1
71.0,119.77,193.27,373.38,53.64,87.35,5.28,1.41,1331.4,23.4,4.25,0.673,1
20.9,46.99,50.6,132.66,17.5,71.31,2.07,-0.05,965.9,20.1,3.32,0.68,0
9.84,53.03,83.92,102.79,10.69,49.58,2.18,-0.25,1059.3,23.3,8.44,0.483,0
25.23,70.66,98.27,258.2,18.21,73.32,3.24,0.18,2027.5,38.0,6.73,0.43,0
60.31,133.34,205.39,342.11,53.97,62.21,4.03,1.13,2293.0,35.3,8.3,0.402,1
15.96,20.27,58.35,145.94,14.3,48.3,1.94,0.04,1612.3,35.9,4.3,0.608,0
26.23,34.79,75.77,88.63,33.87,48.68,2.56,0.26,3053.3,49.4,11.79,0.168,0
10.06,25.1,34.24,53.85,12.0,56.37,2.12,-0.02,2801.1,46.4,7.87,0.364,0
2.77,3.96,9.56,16.6,3.23,33.04,1.57,-0.41,3180.1,43.2,8.75,0.323,0
6.97,8.6,13.62,36.54,7.14,59.28,1.55,-0.18,1321.2,28.8,3.65,0.722,0
10.77,33.1,61.45,101.17,14.0,47.99,1.9,-0.16,667.3,23.0,3.67,0.819,0
15.91,24.56,27.4,48.71,19.04,35.39,1.83,-0.24,2534.0,36.2,6.81,0.479,0
0.98,2.33,2.63,6.68,0.92,38.47,1.81,-0.26,2305.9,42.7,6.69,0.501,0
34.34,54.3,62.31,139.6,43.61,68.1,2.53,0.8,1849.5,28.2,7.69,0.512,0
27.02,49.84,59.99,107.64,32.6,59.15,2.09,0.52,2383.2,43.0,6.26,0.408,0
17.38,31.72,34.07,50.06,21.57,54.82,1.79,-0.06,2020.2,40.6,9.64,0.356,0
25.15,46.69,81.41,112.86,28.06,66.82,2.59,0.08,483.0,19.5,3.85,0.79,1
22.39,45.55,52.99,136.97,25.5,65.56,2.29,0.43,1790.3,42.9,6.24,0.536,0
11.95,23.63,25.15,42.33,15.38,35.56,1.38,-0.31,1276.8,22.3,4.75,0.566,0
7.72,20.9,32.43,43.41,10.02,42.62,1.74,-0.27,2805.0,51.4,8.74,0.26,0
35.58,45.11,104.06,116.45,31.34,46.35,2.51,-0.01,2609.2,41.9,7.89,0.416,0
85.32,136.4,183.39,326.27,95.06,79.49,4.68,2.82,1347.6,26.5,4.13,0.61,1
8.87,17.4,25.96,35.46,7.12,38.2,1.62,-0.34,2588.1,43.9,8.9,0.417,0
20.13,53.74,84.11,114.82,18.53,41.51,2.1,-0.26,1817.1,33.7,12.49,0.38,0
50.0,105.63,180.04,194.61,46.68,70.86,4.84,1.02,2343.3,40.6,6.09,0.563,1
34.31,45.43,60.67,129.57,42.03,67.64,2.59,1.19,3188.9,46.7,10.11,0.195,1
19.65,22.57,26.84,110.87,17.22,55.68,2.12,-0.15,1752.7,35.0,6.13,0.488,0
13.77,30.24,43.77,73.44,14.9,55.76,1.8,0.11,2537.3,50.2,8.01,0.317,0
28.06,73.71,106.52,170.06,25.01,72.4,3.35,0.53,1210.2,28.4,3.35,0.721,0
2.3,10.59,29.39,34.11,2.39,31.26,1.26,-0.13,537.4,17.5,5.89,0.68,0
3.91,19.93,46.34,63.31,3.3,54.13,1.67,-0.37,2308.9,29.5,6.91,0.46,0
2.41,4.47,8.1,11.15,2.11,20.4,1.4,-0.45,775.2,30.8,3.66,0.729,0
8.43,23.73,36.57,59.47,7.27,45.02,1.85,-0.23,2699.0,38.9,12.9,0.199,0
53.14,89.49,120.91,171.57,39.23,67.62,3.58,0.86,2968.5,49.5,17.57,0.056,1
8.54,10.11,41.1,66.8,8.03,44.8,1.63,-0.17,2917.2,52.8,8.14,0.36,0
13.25,66.75,141.55,172.45,14.68,54.82,2.99,-0.12,564.4,27.8,2.56,0.766,0
9.67,25.08,38.29,68.26,10.39,56.7,2.07,0.08,3163.4,51.0,9.34,0.231,0
18.11,26.3,94.61,202.91,13.59,84.25,3.12,0.1,1745.8,28.7,5.62,0.49,0
31.85,53.95,70.16,137.43,29.69,47.15,2.35,0.29,2294.3,38.9,5.97,0.488,0
5.24,20.55,28.2,82.43,5.17,62.09,1.87,-0.07,2100.2,32.6,11.19,0.335,0
82.52,105.6,120.19,259.49,103.09,72.33,3.67,3.4,3094.6,44.3,8.69,0.392,1
12.02,21.03,29.18,74.51,10.18,46.61,2.03,-0.16,1801.4,39.8,5.56,0.553,0
2.99,13.03,33.27,54.04,3.32,60.39,1.98,-0.07,2892.2,37.8,9.92,0.178,0
0.82,2.01,6.12,11.15,0.92,53.09,1.62,-0.49,640.7,8.0,3.25,0.833,0
14.19,34.14,69.62,188.94,14.72,78.99,2.97,0.07,613.2,27.6,2.12,0.806,0
4.7,6.56,22.5,71.1,6.07,60.1,1.66,-0.35,1517.5,32.2,4.88,0.542,0
18.15,38.46,103.28,232.08,15.28,77.47,4.14,0.39,3038.0,48.8,10.03,0.231,0
24.15,71.35,128.84,262.07,26.27,71.56,3.63,0.61,1115.2,29.7,3.34,0.739,1
7.93,19.23,43.29,112.01,9.55,47.79,2.01,0.03,2469.1,35.4,6.95,0.508,0
7.09,64.52,75.05,103.17,6.46,57.27,2.57,0.01,2366.9,36.4,6.43,0.56,0
17.23,20.88,44.53,61.16,17.63,42.84,1.78,-0.04,797.3,26.7,3.88,0.699,0
23.87,41.67,95.71,184.09,19.88,78.33,3.75,0.55,2631.7,51.0,7.58,0.408,0
22.81,50.13,128.74,254.69,28.8,83.73,3.96,0.75,1829.8,26.8,7.65,0.485,0
18.27,35.11,52.77,141.98,19.87,74.78,2.31,0.23,2070.3,30.8,5.84,0.517,0
94.86,132.29,238.03,382.03,89.04,75.59,6.36,3.02,2855.0,46.5,7.65,0.319,1
35.21,67.48,116.24,184.0,43.7,66.35,3.73,1.1,2931.0,58.0,8.17,0.358,1
73.56,136.29,186.78,262.56,82.7,68.8,4.35,1.88,2168.0,35.1,5.81,0.494,1
25.18,31.65,52.86,100.48,22.15,49.02,1.7,0.08,445.3,20.2,3.06,0.795,0
9.03,23.82,26.41,77.81,9.18,47.63,1.55,-0.37,1037.3,25.7,4.35,0.641,0
39.12,65.73,121.57,186.35,38.38,65.05,3.74,0.95,3047.6,47.6,9.01,0.333,0
19.24,47.39,70.03,154.7,24.38,46.65,2.21,0.09,2504.6,38.8,7.27,0.473,0
7.13,24.19,69.29,160.41,8.25,74.42,2.87,-0.28,1303.3,22.7,5.72,0.651,0
25.01,55.14,94.68,160.55,23.24,57.3,2.44,0.06,802.0,19.6,2.99,0.688,0
22.79,54.87,74.22,98.72,19.03,38.2,2.05,0.05,2280.5,38.8,6.82,0.397,0
16.8,27.3,47.57,96.58,21.07,38.85,1.86,0.0,1290.9,38.6,4.08,0.652,0
5.33,12.01,15.71,24.9,6.3,43.37,1.25,-0.33,2336.5,46.6,6.54,0.438,0
35.63,39.04,108.22,188.86,43.12,55.6,2.69,0.56,1717.9,34.9,8.54,0.453,0
4.02,12.74,30.26,47.79,5.09,38.15,1.82,-0.43,1123.4,39.2,4.49,0.693,0
38.02,92.66,144.92,215.76,36.53,82.51,4.42,0.91,833.9,26.8,2.68,0.776,1
40.47,81.04,152.97,176.45,35.59,67.94,3.38,0.46,535.7,26.0,1.84,0.775,1
4.93,11.28,20.7,36.87,3.69,39.34,1.88,-0.39,2295.1,38.6,6.87,0.401,0
34.19,73.11,104.53,150.43,25.51,63.19,2.98,0.24,1027.7,28.9,6.75,0.651,0
4.67,25.9,68.92,103.99,5.68,70.35,2.91,0.05,3121.2,49.4,8.49,0.239,0
52.42,59.96,115.62,245.47,41.55,74.98,3.7,1.27,2236.2,37.8,7.39,0.449,1
20.06,65.51,121.02,151.82,16.85,74.55,4.07,0.21,2774.5,48.2,7.3,0.406,0
14.03,17.65,22.09,49.92,10.01,48.85,1.65,-0.07,2949.5,37.4,7.88,0.314,0
6.6,22.77,36.59,84.12,4.96,42.48,1.57,-0.18,2604.6,34.9,7.75,0.325,0
13.3,21.8,38.32,49.2,11.29,30.61,1.54,-0.25,2120.5,34.0,5.63,0.481,0
1.95,3.65,10.64,37.82,1.38,47.24,1.8,-0.29,1751.7,35.9,4.79,0.564,0
26.18,29.58,59.46,97.69,31.68,64.36,2.01,0.27,532.0,20.0,1.94,0.689,0
57.07,72.17,127.14,145.96,65.31,52.11,2.73,0.92,1914.2,39.8,6.01,0.498,0
13.83,27.7,47.59,70.27,10.46,65.13,1.99,0.09,1583.9,28.4,4.64,0.62,0
12.56,14.2,40.56,47.32,14.14,27.73,1.97,-0.12,2354.9,41.2,6.47,0.468,0
3.86,12.59,18.48,24.64,3.34,32.57,1.26,-0.45,3069.1,48.9,7.97,0.247,0
24.26,27.69,57.18,77.81,27.75,47.88,2.09,-0.03,1769.7,21.0,5.84,0.637,0
13.33,19.98,27.55,75.71,9.91,42.26,1.85,-0.15,2478.8,40.3,6.43,0.412,0
20.06,24.87,47.47,88.0,20.13,54.69,2.05,0.12,1385.0,36.2,4.07,0.623,0
26.27,46.15,51.47,101.37,21.2,41.07,1.96,0.1,1739.3,31.6,9.07,0.392,0
9.83,21.4,80.02,145.78,12.71,74.2,3.14,0.17,2800.2,38.9,8.33,0.394,0
11.63,20.51,30.09,54.22,13.87,56.77,1.81,-0.26,1235.6,25.9,3.37,0.679,0
31.54,46.69,80.91,187.95,22.96,59.62,2.74,0.39,2580.3,42.2,8.41,0.339,0
22.91,35.18,46.78,82.88,17.43,37.05,1.63,-0.09,3171.3,37.7,12.52,0.225,0
13.21,88.26,151.27,326.14,11.09,81.81,4.83,-0.07,2229.6,35.4,6.22,0.474,0
0.87,3.11,4.26,4.96,1.03,24.02,1.46,-0.4,1655.7,39.0,4.47,0.64,0
17.36,30.46,42.67,81.21,21.81,51.44,1.72,0.12,546.1,22.4,4.05,0.781,0
9.62,12.79,23.15,40.52,7.85,60.36,1.62,-0.24,1259.6,26.1,3.49,0.673,0
19.12,43.33,82.08,133.22,23.7,67.26,2.89,0.29,2772.1,37.6,10.31,0.305,0
14.14,24.69,26.76,50.12,10.55,34.52,1.48,-0.03,1132.4,25.6,3.33,0.665,0
10.97,14.37,22.56,48.71,9.27,34.52,1.45,-0.16,922.1,22.6,3.41,0.732,0
2.56,7.56,8.67,16.31,2.19,34.87,1.62,-0.29,3171.4,50.7,10.54,0.268,0
9.2,34.97,59.78,106.89,7.85,69.87,2.56,-0.07,1335.2,35.5,8.16,0.405,0
87.53,119.21,188.71,386.03,83.41,71.87,3.87,2.02,1228.0,25.8,3.33,0.693,1
1.15,1.82,10.46,24.13,0.93,21.69,1.36,-0.46,3110.3,47.7,10.05,0.287,0
54.55,64.57,123.43,265.24,53.3,86.08,4.5,1.96,1637.0,35.5,5.6,0.589,1
23.13,27.01,120.74,175.83,29.56,80.68,4.42,0.89,2688.7,42.5,7.64,0.339,0
15.37,19.17,33.63,57.52,12.8,65.12,2.26,0.04,1541.6,28.6,5.18,0.502,0
3.49,3.77,7.13,20.28,4.02,21.49,1.43,-0.27,879.5,34.8,2.46,0.712,0
4.38,5.28,6.14,10.56,4.24,18.18,1.17,-0.27,3132.0,53.0,8.04,0.33,0
36.79,38.84,50.47,121.93,36.0,48.81,2.29,0.3,2273.6,42.4,6.93,0.446,0
24.41,56.82,98.07,226.87,30.9,55.8,2.69,0.35,1178.2,48.7,4.16,0.622,0
41.81,83.51,114.8,221.41,50.25,71.39,3.48,1.15,2413.1,38.4,6.34,0.371,1
28.39,56.51,115.57,186.18,20.25,65.06,3.46,0.15,3176.0,49.0,8.25,0.233,0
17.25,27.13,57.84,109.82,12.71,47.85,2.14,0.1,3080.7,47.4,7.91,0.4,0
4.93,35.51,49.57,124.91,4.25,49.14,2.11,-0.05,2507.0,45.6,7.23,0.398,0
16.64,33.26,42.28,73.87,16.11,48.8,1.74,-0.25,463.2,16.9,7.99,0.55,0
36.11,91.73,163.29,253.6,39.28,57.96,3.34,0.61,1706.4,37.8,6.83,0.486,0
5.06,20.0,35.1,42.08,6.52,39.72,1.83,-0.09,1751.2,30.5,4.8,0.438,0
57.37,78.12,105.57,170.52,50.25,48.79,2.52,0.5,2327.5,43.3,6.79,0.447,0
5.76,19.03,25.99,69.82,4.92,41.07,1.67,-0.26,2756.6,36.3,7.13,0.377,0
33.71,74.01,89.59,126.12,31.51,46.56,2.09,0.2,1625.8,33.6,4.8,0.628,0
31.59,76.91,126.06,139.42,23.63,76.81,3.96,0.54,734.3,33.4,7.54,0.641,1
46.03,56.97,95.68,219.59,57.22,58.55,1.93,0.67,849.7,29.3,6.0,0.555,1
1.3,2.15,2.97,5.26,0.95,17.15,1.18,-0.15,2188.8,32.6,6.09,0.476,0
19.73,32.98,60.57,95.43,21.76,53.25,2.74,0.27,2551.4,55.1,7.67,0.374,0
4.97,27.21,35.11,57.13,6.32,56.99,1.66,-0.23,1507.6,32.6,5.34,0.527,0
2.84,17.16,38.62,60.24,3.44,38.61,1.74,-0.23,1976.9,26.2,7.32,0.453,0
14.42,22.92,27.49,69.21,17.52,36.74,1.25,-0.16,882.7,20.5,6.21,0.67,0
27.48,43.5,89.9,103.9,29.55,43.94,1.95,-0.01,1007.8,21.5,4.33,0.666,0
35.83,55.57,81.33,126.62,39.38,51.81,2.63,0.19,1380.5,28.7,6.81,0.634,0
35.29,40.55,117.07,168.88,36.95,55.67,2.95,0.43,1922.6,34.9,5.75,0.514,0
9.8,10.74,17.74,32.94,9.29,38.61,1.68,-0.05,1403.5,38.0,4.85,0.648,0
25.2,29.92,58.16,100.87,19.51,54.75,2.11,-0.2,981.4,23.0,3.17,0.575,0
18.64,46.23,128.28,297.24,20.27,56.38,3.08,0.02,2857.4,39.7,8.15,0.394,0
20.13,31.43,50.63,138.73,14.55,51.62,1.79,-0.06,2398.1,46.7,6.45,0.394,0
8.23,23.8,53.44,160.47,6.38,48.77,2.21,-0.14,1877.4,32.0,5.4,0.539,0
12.84,13.88,26.4,41.58,13.06,41.96,1.65,-0.05,666.2,16.0,3.35,0.686,0
48.6,57.95,66.23,136.89,39.12,55.91,2.27,0.17,872.1,23.5,2.43,0.749,0
5.47,9.86,23.9,55.81,4.71,56.37,1.77,-0.35,2739.7,43.9,7.71,0.359,0
18.67,28.29,65.04,115.83,13.85,45.28,2.12,-0.12,1794.7,30.1,6.16,0.51,0
11.03,28.52,51.25,60.32,12.56,57.0,1.83,-0.08,1064.4,18.6,4.51,0.632,0
38.28,59.99,88.35,118.09,36.7,53.08,2.52,0.57,2644.1,38.3,8.09,0.374,0
39.64,56.04,73.13,203.04,39.09,69.7,2.56,0.84,617.4,26.6,4.6,0.689,1
28.1,69.2,89.07,163.05,28.8,55.94,2.26,0.05,1121.6,34.1,3.41,0.715,0
9.26,13.76,22.34,28.19,8.23,31.89,1.86,-0.44,428.8,18.2,3.98,0.767,0
19.28,33.89,41.08,84.15,19.78,38.83,1.68,-0.3,1516.1,22.9,4.44,0.524,0
55.97,61.74,116.77,167.8,58.78,61.68,3.28,1.31,2357.3,40.5,7.14,0.327,1
6.13,24.56,54.51,69.32,7.15,41.31,1.69,-0.03,3166.6,48.7,9.95,0.293,0
36.97,50.42,131.06,235.11,36.14,69.62,3.25,0.74,1875.6,30.7,9.14,0.456,0
6.19,14.84,23.2,50.25,6.45,44.73,1.37,-0.08,2468.3,33.1,8.01,0.371,0
24.69,41.14,67.11,140.68,28.67,63.58,2.52,0.35,1679.0,34.6,4.49,0.661,0
39.56,84.05,125.64,210.46,42.56,61.5,3.23,0.84,1914.6,35.7,6.14,0.518,1
14.24,76.54,175.18,226.92,11.21,82.81,5.71,0.0,1765.5,39.1,4.71,0.572,0
63.43,84.81,157.74,185.77,62.92,69.64,3.6,1.44,1878.3,33.9,5.56,0.516,0
19.93,32.39,50.81,98.05,16.26,50.27,1.97,0.05,2248.1,39.9,8.53,0.475,0
17.62,24.92,41.92,109.15,13.88,70.2,2.19,0.2,868.7,19.8,2.76,0.73,0
4.63,7.82,20.59,27.63,5.29,32.34,1.2,-0.41,2263.2,44.0,6.64,0.383,0
8.09,36.85,62.5,124.6,9.72,74.65,2.76,0.17,2323.7,45.0,6.2,0.503,0
22.79,25.94,64.27,125.09,27.88,73.77,2.39,0.36,1074.6,27.5,2.92,0.701,0
42.07,72.58,89.05,170.83,44.75,71.07,3.05,1.24,2115.9,42.9,9.29,0.285,0
9.72,11.35,51.82,89.36,11.77,70.93,2.15,-0.03,2007.4,36.4,5.86,0.547,0
16.75,45.28,72.06,91.83,17.64,72.09,2.62,0.21,1019.8,29.7,4.24,0.743,0
11.54,20.07,41.58,120.31,10.05,58.7,1.83,0.05,1131.6,26.2,3.73,0.685,0
14.43,30.13,61.04,131.33,16.37,44.39,2.36,0.01,2360.2,52.2,6.52,0.465,0
61.17,90.32,131.95,263.79,48.69,75.33,4.02,1.39,1875.6,37.1,5.52,0.59,1
19.49,27.99,86.84,163.02,22.59,48.97,2.11,0.09,987.7,34.8,5.75,0.591,0
10.46,30.56,49.72,72.02,10.03,43.14,1.69,-0.13,558.2,22.4,2.5,0.787,0
56.01,63.86,123.66,163.34,61.21,58.51,3.12,1.15,1758.6,42.0,4.81,0.582,1
46.36,62.78,110.14,164.66,60.0,67.46,3.03,0.95,503.2,25.6,1.75,0.775,1
59.67,100.71,131.33,206.49,59.07,76.48,3.69,1.52,659.5,29.9,2.93,0.864,1
22.06,33.63,65.05,110.22,19.33,51.54,2.48,0.11,1297.6,29.1,3.87,0.552,0
3.67,7.89,17.66,33.81,3.24,28.01,1.3,-0.43,1665.1,32.7,4.64,0.599,0
26.51,29.25,37.04,114.31,31.23,53.4,1.25,0.1,1971.6,31.8,7.27,0.498,0
48.97,64.08,112.43,199.98,35.38,55.95,2.81,0.26,1673.5,31.9,7.37,0.554,0
11.64,21.38,35.46,62.72,12.35,57.97,1.95,-0.14,3102.5,53.7,10.23,0.296,0
12.66,24.02,115.84,148.81,15.42,49.33,2.61,0.02,2854.5,47.1,7.45,0.385,0
28.63,51.87,81.46,145.49,21.19,52.66,2.82,-0.04,2992.7,48.6,8.37,0.22,0
5.95,7.0,12.18,16.15,7.42,37.2,1.3,-0.22,1295.6,28.0,4.54,0.57,0
75.67,98.09,110.23,307.06,59.0,86.2,3.04,1.36,482.3,14.2,5.36,0.663,1
10.16,37.55,68.14,202.61,12.21,70.89,2.61,-0.08,1541.2,30.0,5.18,0.579,0
16.31,21.41,37.37,47.07,20.37,26.27,1.92,-0.18,2396.5,43.6,9.59,0.398,0
13.47,40.68,83.13,123.66,14.94,61.02,2.38,-0.09,2256.2,37.7,6.78,0.432,0
5.38,7.21,8.62,25.4,6.12,43.58,1.76,-0.18,1497.4,42.4,6.48,0.64,0
46.68,68.37,109.67,182.12,56.84,72.34,2.94,1.03,415.2,19.8,2.08,0.748,1
48.93,81.91,148.36,239.29,48.24,74.22,3.64,0.98,966.3,26.1,2.79,0.667,1
9.01,19.78,38.63,62.47,7.99,63.02,2.09,-0.23,1760.8,30.2,5.86,0.557,0
15.66,38.46,73.61,90.35,11.06,40.11,1.95,-0.16,1701.9,32.1,5.92,0.563,0
29.4,36.32,62.14,190.36,22.19,59.67,2.17,0.21,3186.3,46.0,10.1,0.207,0
33.49,35.58,83.94,106.97,28.98,63.29,2.72,0.65,2948.2,47.0,8.12,0.302,0
0.36,0.63,1.73,4.67,0.41,19.1,1.63,-0.3,2786.3,49.0,7.27,0.404,0
61.74,85.69,135.05,215.78,62.42,60.52,3.39,1.32,2576.2,45.2,8.38,0.345,1
3.2,8.17,20.28,42.64,2.62,45.97,1.77,-0.15,1443.4,36.3,4.12,0.664,0
96.68,185.17,204.43,412.07,115.0,71.97,4.43,2.93,1618.2,28.7,7.91,0.495,1
15.38,19.93,24.64,36.12,11.65,54.62,1.85,-0.27,1268.4,28.3,5.19,0.683,0
4.71,11.61,20.19,55.64,4.39,46.44,1.71,-0.08,2557.4,40.9,8.84,0.268,0
8.13,24.78,65.77,89.21,9.08,70.17,2.72,-0.0,2274.4,35.1,6.93,0.506,0
39.64,61.84,115.09,182.91,29.14,67.13,2.28,0.08,533.9,17.2,3.8,0.719,0
57.54,78.99,141.95,174.95,50.62,55.16,3.01,0.51,2810.7,34.5,7.55,0.374,1
12.78,26.93,61.67,81.9,12.61,48.9,1.93,-0.18,2458.2,42.0,7.84,0.331,0
16.51,31.97,54.32,103.05,14.35,51.72,2.06,-0.24,1362.6,34.3,5.7,0.561,0
39.79,55.49,74.09,180.82,51.4,53.48,2.27,0.76,2973.1,52.4,8.04,0.337,1
63.72,74.52,134.21,210.57,72.73,60.4,3.31,1.68,2797.6,43.6,9.59,0.277,1
30.25,46.98,67.82,178.91,22.98,84.04,2.76,0.75,1949.9,34.9,7.35,0.473,1
14.88,31.42,53.72,65.21,19.05,61.05,2.87,0.4,2930.1,51.1,10.99,0.254,0
29.02,94.41,187.1,311.27,30.11,87.66,6.26,0.84,2044.1,36.3,8.7,0.472,1
1.12,6.21,9.67,12.56,0.96,32.57,1.8,-0.12,468.2,22.8,5.11,0.7,0
16.87,27.76,32.35,70.98,21.0,62.94,1.82,0.27,2024.0,46.7,7.7,0.388,0
3.17,8.53,12.59,22.54,3.62,29.36,1.54,-0.12,3099.1,40.0,8.62,0.327,0
12.83,15.68,55.15,77.47,13.55,40.59,1.81,-0.18,1539.5,40.0,4.28,0.599,0
15.69,24.89,34.39,73.74,18.74,56.59,1.71,-0.05,1649.4,33.5,5.55,0.499,0
50.55,71.93,94.18,245.1,57.81,64.15,2.74,0.91,1882.2,34.2,7.0,0.488,1
24.54,36.54,62.52,109.42,23.58,60.03,2.13,0.23,1220.8,26.7,3.44,0.672,0
53.86,81.55,115.7,150.07,68.34,61.22,3.18,1.53,2138.2,40.2,5.79,0.505,1
54.47,69.78,101.76,167.06,54.82,75.65,3.36,1.52,1188.5,37.6,6.96,0.542,1
7.35,23.5,75.94,217.5,6.69,59.49,2.92,-0.3,2733.5,44.7,10.56,0.244,0
27.95,51.04,62.79,148.02,23.99,42.73,1.75,-0.09,2574.9,49.9,7.79,0.363,0
47.49,90.75,129.64,160.9,46.62,65.77,3.06,0.49,594.3,22.5,4.53,0.703,1
13.19,27.87,51.65,103.89,16.93,44.56,1.87,-0.17,1883.3,34.8,5.46,0.537,0
20.36,37.06,47.1,88.9,16.74,67.22,2.34,-0.13,1048.9,16.1,3.91,0.678,0
47.79,67.43,87.14,144.07,54.95,58.77,2.65,0.77,1811.3,33.9,6.32,0.44,0
30.05,39.02,57.55,112.89,37.91,50.01,2.39,0.49,2079.7,37.8,6.76,0.523,0
22.12,55.6,68.56,135.21,25.59,56.16,1.74,-0.01,450.7,22.1,2.42,0.79,0
1.95,11.24,31.69,40.92,1.46,47.0,1.61,-0.17,2169.5,46.0,6.37,0.393,0
3.18,12.76,33.68,75.09,3.98,48.28,1.73,-0.38,418.7,20.1,1.86,0.767,0
36.4,69.36,99.62,185.3,38.66,83.26,3.92,1.34,1154.5,32.0,3.1,0.649,1
26.97,68.61,87.31,108.75,32.88,51.65,2.56,0.43,2709.6,47.9,8.05,0.348,0
2.34,7.99,16.02,25.85,2.53,28.72,1.59,-0.29,3073.9,43.7,8.16,0.312,0
36.33,52.32,67.54,104.15,29.07,61.96,2.25,0.42,2418.9,39.5,6.36,0.407,0
16.42,39.23,49.02,82.81,19.87,44.29,2.15,0.13,1796.7,32.5,5.44,0.45,0
61.64,114.27,193.61,238.23,72.47,80.47,6.04,2.86,2865.5,47.8,7.64,0.376,1
23.9,44.81,89.27,188.42,28.52,69.38,2.91,0.35,1877.0,31.3,5.88,0.536,0
42.08,54.24,90.45,198.88,52.45,55.5,2.19,0.85,1999.1,32.8,5.28,0.395,1
21.51,35.66,55.51,73.81,24.95,54.22,2.28,0.24,3070.5,45.6,10.09,0.235,0
20.05,66.71,115.05,145.3,25.25,77.38,2.67,0.26,944.8,23.0,2.64,0.722,1
20.33,30.41,66.11,94.81,14.84,58.2,2.01,-0.1,2690.2,35.9,7.02,0.366,0
45.91,63.02,113.16,204.67,45.81,82.6,3.73,1.44,1333.3,33.5,5.15,0.587,0
77.94,137.83,159.45,216.5,74.97,81.26,5.35,2.41,2129.0,36.6,5.79,0.456,1
12.86,19.97,71.53,123.99,14.74,74.71,2.79,0.14,2269.0,40.0,6.84,0.524,0
29.58,33.16,51.21,119.08,22.77,48.67,2.11,-0.25,751.8,16.0,2.43,0.79,0
14.03,17.28,26.57,33.99,13.93,47.09,1.8,0.06,2732.3,55.4,8.15,0.393,0
27.37,36.05,60.64,70.42,30.09,36.8,1.62,0.19,2074.1,41.6,5.95,0.468,0
14.31,29.17,47.61,132.31,15.2,61.93,2.01,0.14,1422.6,31.5,5.44,0.629,0
9.43,19.69,25.3,76.2,9.41,33.63,1.45,-0.27,2054.7,40.0,6.38,0.414,0
66.19,129.09,216.89,425.68,56.98,81.29,5.93,1.71,732.9,33.3,4.49,0.665,1
68.49,105.66,139.24,294.08,55.88,73.13,3.64,1.34,868.6,28.7,2.78,0.691,1
7.94,33.06,98.8,138.99,8.21,44.26,2.29,-0.09,2721.5,42.1,7.76,0.418,0
54.14,99.55,143.37,247.95,44.55,85.84,4.57,1.29,1722.8,29.6,4.58,0.545,1
43.02,84.74,151.14,245.74,41.54,53.77,3.28,0.65,2063.7,38.3,7.66,0.425,1
23.5,53.01,109.07,199.57,28.16,89.42,3.74,0.64,824.7,17.7,2.27,0.748,1
18.53,27.28,31.55,73.3,18.28,43.99,1.74,-0.1,2031.9,42.4,7.1,0.342,0
3.11,24.54,43.37,78.28,4.01,43.33,1.71,-0.06,477.2,27.8,4.07,0.808,0
1.86,4.18,5.7,19.44,1.62,38.8,1.52,-0.24,1253.3,28.5,4.44,0.607,0
19.17,67.32,132.43,216.19,21.34,65.64,3.23,0.18,1556.2,40.1,6.67,0.485,0
20.2,39.96,70.51,114.44,24.11,62.11,2.47,0.38,1908.5,39.1,5.46,0.717,0
40.82,52.59,81.92,142.06,42.93,63.63,2.12,0.45,632.8,15.0,1.89,0.772,0
25.29,46.19,73.38,107.47,24.97,65.34,2.74,0.32,2841.0,43.0,12.1,0.304,0
28.57,35.51,45.42,92.61,29.92,72.21,2.34,0.46,1189.8,27.4,3.46,0.646,0
1.55,4.28,18.92,57.3,1.1,58.42,1.84,-0.29,1481.3,31.9,4.12,0.613,0
8.51,24.98,32.44,40.79,9.06,33.87,1.87,-0.06,2517.8,34.8,7.08,0.437,0
14.08,16.48,33.82,44.98,10.23,42.84,1.66,-0.26,899.0,26.5,2.72,0.697,0
53.84,115.12,182.65,287.28,46.58,63.1,4.17,0.8,2933.0,42.9,9.56,0.128,1
46.57,71.97,112.08,176.35,48.86,79.89,4.16,1.96,2245.5,48.8,7.53,0.449,1
59.36,78.18,147.76,231.99,43.6,73.44,3.79,0.88,2079.7,32.9,5.53,0.478,1
28.49,48.65,56.56,68.88,22.47,57.27,2.01,0.02,1609.8,35.7,4.6,0.554,0
6.54,24.25,54.64,80.69,5.37,38.6,1.94,-0.42,3150.1,44.8,8.26,0.329,0
11.37,17.81,29.55,34.82,8.01,47.47,1.78,-0.3,3109.3,46.5,8.2,0.35,0
1.55,2.55,17.77,45.29,1.87,32.35,1.44,-0.4,908.3,28.2,2.83,0.679,0
2.87,6.38,8.96,13.35,2.85,42.98,1.55,-0.16,1555.5,34.1,6.18,0.537,0
13.32,22.9,41.22,61.89,14.96,55.08,1.87,0.09,1525.9,31.3,4.73,0.685,0
5.68,10.55,33.74,106.12,6.99,71.01,1.93,-0.27,1089.7,32.7,6.53,0.605,0
27.1,52.89,65.6,119.41,32.03,56.4,2.07,0.07,1102.1,28.7,4.58,0.598,0
15.37,29.47,60.38,71.87,14.24,33.93,1.84,-0.06,3080.2,54.0,16.81,0.188,0
9.61,19.65,54.63,151.58,7.36,61.9,1.67,-0.28,937.2,30.9,6.44,0.635,0
20.73,26.29,65.0,168.75,18.21,50.22,2.38,0.05,2235.0,36.3,7.93,0.456,0
3.39,6.23,10.95,18.15,2.96,20.95,1.25,-0.46,1401.6,29.5,4.09,0.576,0
41.54,46.63,117.93,235.98,39.14,58.32,2.94,0.72,2287.9,44.6,8.3,0.339,1
14.85,35.94,54.87,77.08,17.26,59.83,2.05,0.03,1824.2,28.7,5.72,0.6,0
16.13,36.48,129.01,297.94,16.5,61.13,2.45,-0.2,436.1,15.4,3.94,0.804,0
10.91,13.53,26.28,71.85,9.71,44.61,1.74,-0.09,2324.3,49.2,12.96,0.29,0
8.08,19.96,25.57,77.21,8.11,56.51,1.56,-0.25,785.1,18.8,4.33,0.698,0
44.57,61.83,98.49,128.3,40.23,47.47,2.31,0.25,2919.6,49.1,7.62,0.44,0
14.64,47.75,100.32,197.15,13.45,86.07,3.81,0.08,1693.0,31.1,6.08,0.526,0
11.83,28.36,34.17,64.5,13.58,41.41,1.72,-0.31,2826.3,48.0,9.83,0.304,0
10.48,23.46,25.97,39.98,13.55,46.71,1.51,-0.15,946.1,19.2,4.95,0.646,0
7.0,43.54,55.96,93.56,7.09,46.05,1.97,-0.21,2345.1,35.9,9.18,0.376,0
15.68,22.55,58.09,95.81,16.46,67.73,2.65,0.11,3026.4,56.4,10.71,0.2,0
0.05,0.35,0.79,1.14,0.04,21.37,1.1,-0.3,816.0,20.5,3.08,0.671,0
10.91,27.75,95.67,203.44,10.08,55.76,2.55,-0.24,2705.3,38.5,7.46,0.479,0
24.28,45.52,83.02,122.43,17.48,61.83,2.83,0.1,1663.5,30.1,6.24,0.547,0
60.55,68.47,95.73,159.39,48.33,50.77,2.23,0.44,1694.7,26.3,5.0,0.485,0
49.87,71.49,84.38,143.78,36.91,72.62,3.48,1.1,2599.7,46.9,6.93,0.341,0
46.06,79.24,85.72,231.41,52.79,54.72,2.41,0.56,2741.9,40.9,9.27,0.318,1
27.76,49.45,135.31,236.88,33.45,67.59,3.23,0.74,905.6,36.4,4.89,0.723,1
5.66,8.07,27.59,57.95,5.12,65.58,1.67,-0.35,1640.9,19.8,6.88,0.604,0
7.78,17.77,21.01,29.03,7.07,46.02,1.66,-0.38,448.1,21.3,2.2,0.813,0
6.11,15.16,19.64,30.0,5.33,32.4,1.55,-0.08,2778.7,50.4,7.98,0.419,0
39.6,70.63,108.75,184.28,46.83,76.28,3.3,1.07,1995.2,32.6,7.56,0.43,1
8.02,27.44,31.69,44.2,8.33,46.23,1.65,-0.35,1751.4,33.5,6.49,0.556,0
3.14,9.36,27.57,49.39,3.7,30.75,1.31,-0.28,2887.8,50.5,9.95,0.237,0
11.06,19.76,28.89,44.85,11.57,39.59,1.36,-0.03,2326.1,40.3,6.4,0.579,0
54.29,64.43,174.49,271.81,40.26,81.71,3.97,0.71,1418.1,18.4,5.17,0.623,1
20.89,32.99,54.99,88.54,20.83,48.17,1.98,0.05,3056.4,54.2,10.12,0.225,0
8.24,10.13,50.36,113.57,7.85,75.88,2.28,0.05,681.9,21.2,2.71,0.79,0
22.88,36.41,58.25,91.64,16.9,64.33,2.3,0.2,1602.0,34.1,4.6,0.51,0
25.55,47.71,76.92,120.39,20.32,65.05,2.15,0.2,520.1,21.9,2.08,0.737,0
12.57,28.76,37.98,75.28,11.49,54.03,1.98,0.01,1229.8,33.1,4.34,0.531,0
45.17,50.11,77.03,152.47,56.4,80.97,2.8,1.58,823.1,31.1,3.77,0.751,1
10.79,27.23,41.93,54.7,9.24,32.7,1.41,-0.03,3127.4,45.8,8.36,0.384,0
6.26,13.41,25.59,34.57,8.08,28.97,1.77,-0.07,1856.8,48.7,6.72,0.536,0
1.54,11.47,15.65,21.3,1.65,24.55,1.57,-0.34,1323.1,35.5,7.45,0.532,0
2.82,6.74,29.35,60.87,2.79,32.08,1.76,-0.41,1523.6,28.1,4.19,0.586,0
14.3,30.28,53.95,80.58,16.58,68.6,2.45,0.23,1498.4,38.1,4.71,0.542,0
17.11,24.93,42.23,61.92,14.85,41.93,1.45,-0.06,1834.5,30.5,5.41,0.481,0
28.05,57.01,106.13,170.29,29.36,71.44,3.15,0.65,1655.8,30.1,6.56,0.519,0
5.51,9.36,18.3,45.01,6.33,54.85,1.58,-0.14,1532.1,37.2,11.24,0.409,0
11.23,32.44,45.12,103.16,11.83,49.6,2.45,-0.15,2594.7,49.1,10.02,0.245,0
6.06,7.47,12.68,24.35,5.12,52.1,1.77,-0.23,2563.8,41.8,7.04,0.337,0
26.75,52.66,83.96,166.77,19.97,68.94,3.22,0.24,1815.6,37.1,7.67,0.509,0
10.24,13.94,23.35,43.04,7.8,35.55,1.97,-0.26,1318.1,33.4,3.86,0.627,0
43.13,85.3,121.61,214.8,31.15,80.86,3.36,0.52,616.8,19.1,3.35,0.753,1
7.82,17.48,28.82,109.96,9.37,66.52,2.09,-0.02,2171.0,43.0,7.18,0.468,0
3.2,5.76,20.11,50.95,2.75,31.4,1.19,-0.47,1176.6,33.9,5.08,0.619,0
38.48,46.09,85.92,140.63,47.24,59.78,2.34,0.54,1390.6,33.7,10.03,0.395,0
2.99,7.86,26.95,63.34,3.02,60.94,1.81,-0.1,2205.4,42.6,5.8,0.573,0
0.94,6.61,11.74,14.03,0.83,41.55,1.89,-0.36,3162.7,46.0,8.44,0.25,0
19.62,39.72,67.71,90.35,22.53,44.89,1.84,-0.14,2698.2,45.2,8.49,0.349,0
22.36,28.2,42.1,74.52,21.52,64.09,1.6,0.01,485.0,11.4,2.22,0.765,0
22.8,25.87,78.34,102.13,27.37,68.13,2.6,0.48,1382.4,33.2,3.97,0.689,0
11.78,17.84,32.47,39.24,8.29,35.14,1.39,-0.03,2752.2,43.3,7.47,0.33,0
5.57,9.96,12.41,23.65,4.49,39.22,1.83,-0.09,2412.3,38.8,7.05,0.408,0
21.78,43.35,59.14,141.73,24.02,60.19,2.08,0.33,2664.4,39.7,8.23,0.389,0
22.72,37.81,100.09,207.58,24.6,57.37,2.41,0.3,964.6,28.7,4.18,0.689,0
22.16,64.25,77.29,179.48,25.4,83.64,2.99,0.62,1461.7,28.9,3.86,0.591,1
2.52,4.95,11.31,25.37,2.76,34.65,1.34,-0.08,948.5,37.2,2.75,0.754,0
26.83,48.94,78.99,168.7,23.54,82.52,2.88,0.44,719.7,24.7,3.65,0.636,1
25.76,50.47,85.59,143.11,20.96,51.08,2.0,0.06,1324.7,30.9,4.46,0.63,0
3.39,9.22,41.6,93.75,3.05,65.48,2.08,-0.2,1464.6,26.9,4.52,0.635,0
16.58,34.46,38.08,66.79,13.88,52.87,1.98,0.03,2400.9,34.4,6.32,0.48,0
9.7,25.68,44.64,71.99,9.73,67.23,1.83,-0.0,1787.4,31.3,6.15,0.531,0
18.61,52.43,85.12,134.55,13.77,76.4,3.04,0.06,1997.8,33.0,5.91,0.512,0
8.3,14.86,24.75,50.83,6.08,54.53,1.67,-0.12,1416.6,35.5,4.41,0.54,0
41.25,50.57,97.17,139.64,41.63,74.89,2.92,0.7,633.0,26.5,1.81,0.731,1
25.7,38.52,57.3,88.35,18.4,68.47,2.55,0.32,991.9,42.4,4.32,0.83,0
70.7,118.74,203.39,295.24,50.2,86.25,6.41,1.66,990.3,31.8,3.37,0.696,1
8.78,21.26,46.27,92.81,8.78,59.07,2.02,-0.26,2076.1,37.2,5.56,0.409,0
15.93,21.15,24.96,66.75,15.24,47.79,1.63,0.09,2932.7,50.3,8.06,0.206,0
5.07,38.47,74.77,172.45,4.59,70.82,2.91,0.03,2932.7,56.2,7.86,0.364,0
18.35,31.28,81.24,92.96,14.3,51.44,1.98,-0.15,1116.5,27.1,4.75,0.59,0
16.15,33.78,51.2,73.88,14.23,60.7,2.01,0.1,2006.9,37.1,7.35,0.541,0
3.12,8.7,29.54,81.98,3.33,42.13,1.53,-0.22,2404.8,35.8,7.36,0.362,0
14.97,24.04,46.7,83.73,17.16,61.02,2.44,0.19,1893.3,32.6,5.41,0.568,0
23.71,63.53,80.9,199.44,22.03,74.48,3.28,0.69,3127.3,51.5,11.66,0.333,0
20.05,45.27,79.27,153.47,14.41,76.9,3.5,0.3,2064.7,38.6,5.54,0.509,0
35.72,56.59,62.42,124.21,41.25,73.14,2.87,0.99,2234.9,30.9,13.49,0.197,0
7.2,20.02,40.15,150.12,7.65,84.87,2.13,-0.02,973.7,14.9,2.98,0.627,0
9.24,16.21,54.16,117.98,9.78,53.89,1.92,0.04,1442.0,26.5,4.13,0.628,0
39.84,52.22,95.1,203.62,41.07,62.18,3.1,0.83,2000.4,46.4,5.66,0.563,1
15.87,23.83,36.91,55.5,12.5,60.28,2.12,0.0,2400.4,43.7,9.21,0.325,0
4.89,13.27,31.17,63.93,4.08,47.65,1.98,-0.41,441.5,18.2,1.35,0.757,0
31.16,49.57,114.85,155.51,39.64,70.27,4.05,1.16,2845.2,56.6,10.32,0.216,1
19.83,50.99,86.51,186.4,23.51,66.21,2.48,0.2,1660.6,28.1,5.55,0.536,1
14.01,31.68,42.48,64.94,10.24,41.78,2.01,-0.37,1843.5,40.0,6.21,0.56,0
7.28,34.4,59.76,75.71,5.2,35.2,1.91,-0.15,2946.0,49.6,9.43,0.3,0
4.65,7.23,15.08,20.65,4.31,53.71,2.03,-0.42,407.9,18.7,2.72,0.719,0
31.01,90.39,104.79,205.43,22.83,70.71,2.67,0.37,417.8,18.1,2.69,0.838,0
8.1,26.84,84.27,93.06,8.36,45.33,2.11,-0.31,1143.7,30.5,5.25,0.491,0
6.28,6.76,9.26,22.28,5.06,35.01,1.73,-0.29,3185.0,42.5,10.01,0.197,0
4.38,13.39,15.4,35.54,5.51,29.08,1.55,-0.23,2544.8,39.5,7.33,0.361,0
5.44,7.75,10.74,21.02,5.36,45.81,1.37,-0.24,2866.3,39.5,9.79,0.279,0
73.4,126.64,224.26,325.46,76.07,63.47,5.36,2.16,2926.1,53.4,9.31,0.278,1
7.74,20.4,23.34,40.04,6.16,57.76,1.48,-0.21,2107.7,37.8,7.54,0.422,0
8.32,10.5,16.07,53.98,9.99,43.85,1.84,-0.07,850.8,24.0,2.42,0.675,0
17.44,43.64,70.42,90.37,12.25,37.4,1.91,-0.32,2427.0,40.3,7.17,0.418,0
2.12,6.08,23.56,51.05,1.55,42.82,1.6,-0.34,729.6,20.9,2.31,0.718,0
8.74,35.5,61.39,93.6,6.84,38.85,1.51,-0.29,1949.8,36.3,5.98,0.564,0
5.37,13.95,39.92,164.06,3.84,71.18,2.08,-0.16,1513.4,38.3,8.22,0.525,0
38.85,91.51,155.97,268.92,31.24,52.27,3.06,0.36,2971.4,52.5,9.73,0.262,0
10.64,63.16,130.31,250.54,10.99,77.09,3.42,-0.05,2400.8,34.6,6.43,0.348,0
9.56,12.13,58.22,123.04,11.6,51.0,1.54,-0.3,571.5,21.6,2.5,0.746,0
29.24,54.42,66.98,88.27,24.63,35.62,1.9,-0.16,2565.9,47.5,9.99,0.427,0
14.01,27.33,36.32,53.01,18.06,28.68,1.34,-0.17,3086.9,56.7,8.83,0.288,0
11.6,27.26,55.1,147.75,13.74,62.98,1.9,-0.21,1207.8,19.0,7.76,0.538,0
18.93,35.0,56.27,63.23,17.1,58.43,2.19,0.26,2155.7,41.0,7.48,0.477,0
0.39,0.56,2.9,3.89,0.42,42.91,1.8,-0.18,1414.9,28.4,8.68,0.544,0
13.79,26.17,40.81,95.07,9.95,73.2,2.05,0.01,586.3,15.1,5.5,0.668,0
24.87,45.07,55.3,101.7,18.31,72.73,2.35,0.17,471.6,21.3,1.42,0.781,0
21.19,40.26,46.56,91.95,24.98,52.4,1.86,-0.03,1643.4,33.4,4.79,0.513,0
8.74,15.42,18.09,48.61,10.45,33.7,1.57,-0.21,1913.3,27.3,5.28,0.584,0
9.66,12.62,22.16,32.89,6.98,30.24,1.27,-0.25,449.0,25.9,2.1,0.851,0
23.37,71.55,108.46,243.03,26.82,55.7,2.91,0.05,2081.2,37.5,6.64,0.537,1
17.18,80.35,113.77,240.96,15.52,76.51,3.26,-0.11,961.8,17.7,3.73,0.599,0
21.26,64.4,97.24,125.22,20.12,66.78,2.56,-0.12,510.6,17.4,2.94,0.87,0
22.32,54.38,86.41,209.47,18.01,64.15,2.57,0.15,1637.6,36.1,5.27,0.526,0
3.0,17.89,24.37,69.81,3.65,67.55,1.7,-0.09,1748.8,32.5,5.17,0.552,0
8.17,30.44,72.72,205.57,8.73,79.59,3.46,-0.08,2711.1,47.9,7.25,0.337,0
2.31,3.38,4.68,12.29,2.56,38.63,1.72,-0.44,2643.8,46.7,7.51,0.354,0
8.8,20.2,39.78,48.54,8.9,56.29,2.41,0.02,1750.0,33.8,5.67,0.581,0
11.67,38.72,87.16,183.62,12.95,74.67,2.91,-0.0,1458.8,25.4,6.31,0.53,0
29.22,80.9,139.47,274.8,20.55,67.74,3.31,0.31,1131.4,25.9,5.58,0.598,0
9.06,11.5,29.26,46.77,9.26,36.59,2.07,-0.13,1856.8,41.6,12.86,0.368,0
4.77,10.64,58.72,124.51,4.43,74.15,2.34,0.01,772.6,23.2,8.56,0.554,0
14.75,28.93,32.15,75.49,15.71,39.32,1.92,0.04,1701.1,38.3,4.77,0.638,0
19.91,26.65,44.34,94.45,24.06,45.14,1.57,-0.14,1666.0,27.7,5.42,0.539,0
20.08,40.65,84.29,138.26,19.48,64.26,2.98,0.5,2533.4,58.0,8.87,0.263,0
16.85,35.68,91.49,205.0,14.48,68.73,3.16,0.09,3044.7,46.5,8.84,0.345,0
49.05,76.05,81.22,161.4,54.54,66.14,3.0,1.28,2493.0,47.8,8.29,0.368,1
1.08,2.42,4.51,9.39,0.9,49.15,1.5,-0.1,2643.8,42.5,9.08,0.383,0
32.34,84.86,162.69,298.74,27.2,73.1,4.08,0.35,2249.0,31.0,7.76,0.425,0
12.91,15.44,31.35,65.06,13.52,62.88,2.23,-0.01,2454.1,36.4,9.51,0.37,0
8.25,69.35,159.34,242.53,7.91,81.28,3.63,-0.15,648.6,19.3,2.27,0.782,1
19.49,47.2,58.77,90.34,21.1,40.47,1.68,-0.25,1583.2,33.2,6.31,0.502,0
31.06,47.38,72.7,186.32,31.66,55.79,2.45,0.28,821.3,31.1,4.03,0.632,0
5.7,6.62,21.76,31.7,6.29,46.48,1.44,-0.03,2706.6,34.7,8.84,0.28,0
18.15,25.63,46.78,64.43,14.24,38.8,1.54,-0.17,783.9,18.2,4.32,0.697,0
18.83,27.81,33.95,79.49,16.72,68.13,2.01,-0.05,719.5,20.6,3.55,0.616,0
5.25,6.63,11.2,26.01,4.83,49.87,1.45,-0.16,2355.0,33.5,8.8,0.396,0
7.04,12.55,22.53,28.7,6.01,33.09,1.35,-0.23,1520.9,31.5,4.32,0.604,0
30.3,58.67,141.15,190.88,23.26,62.79,3.5,0.25,2209.3,39.3,6.24,0.384,0
9.59,23.6,38.36,70.56,11.15,67.83,1.89,0.01,966.7,28.9,3.95,0.699,0
7.48,12.65,19.11,26.9,9.33,34.72,1.35,-0.39,3095.3,49.8,9.19,0.302,0
4.22,9.03,13.61,21.03,4.96,41.0,1.82,-0.38,3123.8,44.4,9.74,0.209,0
0.42,1.0,1.72,6.71,0.45,41.36,1.35,-0.48,2406.5,51.9,9.19,0.376,0
24.02,66.4,114.49,153.65,30.5,72.74,3.33,0.85,1139.7,35.8,3.28,0.584,1
10.6,38.72,47.52,71.6,8.51,51.25,2.37,-0.2,2173.0,33.0,7.55,0.469,0
40.48,47.42,68.58,111.59,32.52,45.71,2.0,0.2,2768.4,54.0,7.37,0.376,0
1.76,4.56,5.01,13.6,1.37,48.25,1.61,-0.37,1365.4,33.3,4.72,0.495,0
12.38,44.95,69.53,82.27,15.11,47.96,2.4,-0.28,845.7,30.3,2.42,0.69,0
5.48,14.2,28.36,43.15,3.98,43.78,1.55,-0.36,734.6,18.0,3.05,0.731,0
76.1,136.4,165.61,241.43,55.35,57.5,3.74,1.18,2736.0,47.5,9.34,0.27,1
13.71,16.29,62.27,87.4,11.96,41.75,2.18,-0.15,1138.1,31.9,5.65,0.614,0
5.87,15.56,58.51,118.95,7.54,68.07,2.22,-0.15,1798.1,41.6,8.59,0.502,0
7.48,9.9,31.87,53.31,7.74,43.79,1.57,-0.4,645.2,24.7,4.46,0.682,0
54.33,108.19,173.22,220.92,47.58,72.17,4.59,1.1,2524.5,40.4,9.76,0.353,1
35.51,47.6,64.74,176.34,31.57,84.33,2.98,0.75,1134.9,30.1,4.77,0.593,0
8.69,13.51,30.18,35.43,7.56,48.25,1.46,-0.1,3077.2,55.8,8.9,0.319,0
13.12,16.45,24.63,44.96,9.45,27.26,1.46,-0.24,2595.5,41.1,7.25,0.437,0
26.46,38.46,63.21,134.78,27.93,73.06,2.6,0.38,2332.2,35.5,6.72,0.462,0
60.05,76.71,165.26,278.93,59.79,62.29,3.72,1.04,2251.4,35.2,6.65,0.448,1
10.01,17.94,73.5,101.04,9.52,64.56,2.46,-0.1,1081.6,27.4,5.12,0.667,0
52.01,87.86,102.47,155.18,38.33,59.39,2.34,0.42,1638.8,24.2,5.3,0.464,0
3.17,14.3,36.63,77.39,3.92,56.59,1.76,-0.02,3118.9,47.4,9.23,0.314,0
9.23,14.23,39.47,66.14,11.68,43.32,1.93,-0.05,1555.0,34.5,4.47,0.653,0
4.53,9.22,17.99,25.24,5.83,51.29,1.76,-0.24,1704.4,27.6,5.09,0.568,0
59.53,125.58,212.83,344.82,70.76,82.88,6.08,2.6,1609.1,38.6,4.62,0.682,1
8.14,11.6,18.57,30.3,6.22,50.11,1.52,-0.3,1229.9,33.7,5.47,0.573,0
16.45,20.46,76.99,115.24,13.32,41.42,2.16,-0.22,2617.4,42.8,6.84,0.417,0
1.54,5.43,7.63,15.77,1.29,27.41,1.36,-0.23,1918.5,30.8,6.26,0.53,0
6.97,43.82,56.5,98.23,7.15,58.77,1.68,-0.07,758.8,29.9,2.66,0.714,0
20.19,76.93,127.93,285.49,16.69,55.75,3.18,0.1,2622.7,50.7,8.65,0.421,1
29.47,42.48,66.19,109.37,31.9,64.21,2.35,0.23,1041.1,27.5,4.0,0.536,0
44.65,83.52,90.55,142.16,52.0,58.24,2.48,0.75,1816.0,36.4,4.74,0.593,0
5.54,13.51,24.15,40.53,5.1,50.19,1.49,-0.26,2051.3,36.9,8.32,0.48,0
4.86,8.8,10.89,25.02,5.34,31.3,1.59,-0.19,3078.3,53.0,8.78,0.337,0
9.14,17.27,26.85,50.44,10.78,35.84,1.58,-0.17,972.3,28.5,3.42,0.801,0
18.33,27.92,41.93,122.58,15.55,72.45,2.42,0.17,2560.8,44.2,7.46,0.362,0
26.75,61.84,107.61,151.39,23.67,46.11,2.38,-0.1,2377.1,39.2,6.23,0.376,0
3.88,10.87,35.08,44.43,3.47,53.79,1.92,-0.22,2515.8,45.8,7.5,0.39,0
41.13,60.43,121.19,257.98,38.4,77.23,3.62,0.7,708.2,26.9,3.42,0.75,1
40.14,63.06,127.36,262.99,38.89,57.62,3.17,0.74,2839.7,42.8,8.02,0.357,0
35.51,38.64,95.49,131.89,37.86,61.38,2.91,0.72,2506.7,40.0,8.55,0.345,0
6.74,10.51,37.43,50.25,6.19,40.9,1.63,-0.32,906.1,24.6,3.32,0.697,0
23.33,43.07,57.75,128.75,28.45,67.22,2.42,0.27,628.7,9.3,2.64,0.731,0
9.75,25.04,50.22,85.28,9.58,57.77,2.18,-0.03,2466.7,37.9,7.73,0.393,0
42.08,53.03,92.31,230.37,51.61,71.46,3.08,1.0,1190.6,23.8,4.2,0.603,1
4.27,5.42,7.28,17.33,3.61,22.73,1.15,-0.15,1487.7,36.5,4.25,0.664,0
38.71,76.57,123.09,186.58,35.83,72.06,2.81,0.29,621.3,16.2,8.79,0.586,0
25.22,61.9,134.1,236.14,23.48,76.98,3.95,0.44,823.8,29.1,2.55,0.726,1
32.52,62.13,70.32,170.87,38.61,85.9,2.99,1.11,528.5,19.8,3.27,0.756,1
6.49,7.16,14.06,30.83,7.29,28.22,2.05,-0.27,1643.3,25.6,5.5,0.502,0
5.05,5.92,25.03,50.7,5.42,53.65,1.69,-0.21,1742.3,29.4,4.92,0.629,0
39.75,78.77,112.89,215.54,50.49,63.29,2.94,0.89,1347.0,28.8,5.14,0.607,0
2.03,6.54,9.76,13.68,2.14,41.65,1.59,-0.12,2587.6,40.5,8.62,0.373,0
17.43,30.24,53.47,94.15,12.83,43.29,2.0,-0.0,505.7,21.3,2.66,0.769,0
18.89,36.55,46.49,82.16,19.19,57.24,1.87,0.17,1377.5,20.0,3.97,0.598,0
8.5,18.11,30.23,58.53,8.83,42.66,1.6,-0.25,1013.5,34.5,4.27,0.586,0
3.93,4.31,9.98,14.45,3.8,38.52,1.26,-0.4,744.0,25.9,2.25,0.797,0
12.17,26.65,39.09,59.17,9.73,53.54,1.88,-0.14,1009.4,24.3,2.74,0.689,0
32.7,50.79,75.83,132.99,30.16,51.54,2.02,0.25,462.7,17.4,1.51,0.762,0
14.14,21.41,50.41,88.0,14.6,46.17,2.03,-0.24,2986.7,39.1,10.25,0.269,0
36.55,53.88,85.69,170.32,39.57,74.48,2.39,0.69,458.4,20.2,4.28,0.691,1
8.82,16.66,24.96,31.21,10.58,33.61,1.87,-0.05,3082.1,50.0,10.05,0.254,0
71.43,110.08,212.82,371.61,55.71,60.1,4.03,0.85,2039.4,34.0,8.85,0.404,1
32.46,68.62,75.91,148.52,33.32,61.37,2.76,0.51,744.5,24.9,3.97,0.742,1
15.57,41.28,106.96,160.67,13.75,55.63,2.42,0.12,1954.8,35.1,6.05,0.525,0
5.16,8.52,9.07,17.19,6.28,21.8,1.7,-0.48,704.4,24.8,4.06,0.753,0
10.89,15.85,37.43,66.16,11.68,38.58,1.59,-0.19,995.8,23.9,3.81,0.724,0
27.04,42.39,78.68,115.42,20.63,69.97,2.62,0.4,1122.1,30.0,3.82,0.701,0
19.08,28.1,45.1,78.36,14.54,50.71,2.03,0.11,1182.7,30.5,3.6,0.612,0
26.94,34.66,67.55,109.34,32.11,63.46,2.87,0.58,1327.4,32.4,4.0,0.784,0
11.07,22.54,45.36,83.54,9.58,46.75,1.96,-0.17,1770.0,32.1,5.61,0.5,0
43.15,51.68,118.91,140.74,32.38,83.0,3.34,0.56,634.1,16.1,2.05,0.811,1
13.23,26.59,39.45,79.8,10.64,67.51,2.15,-0.07,766.1,23.8,3.06,0.748,0
38.1,45.07,109.69,202.12,37.82,69.79,3.9,1.11,2278.6,43.7,6.55,0.495,1
8.48,10.22,12.45,19.71,9.71,45.82,1.44,-0.4,1098.3,19.2,4.53,0.662,0
9.81,42.91,80.72,122.26,10.97,76.08,2.7,-0.07,1133.5,23.4,8.52,0.547,0
8.65,33.9,93.0,196.23,6.95,70.99,3.33,-0.15,2754.3,52.2,7.19,0.34,0
3.79,9.28,14.41,62.39,2.98,32.67,1.6,-0.21,3141.8,50.6,8.17,0.262,0
13.19,64.78,84.63,184.99,13.58,74.27,2.81,-0.04,2162.3,31.3,6.41,0.482,0
60.4,86.49,127.65,207.51,62.38,61.65,3.0,0.98,1274.0,24.6,4.61,0.583,1
4.91,6.22,17.89,44.87,3.49,50.89,1.71,-0.2,2766.0,37.4,8.63,0.268,0
25.9,33.04,49.29,89.05,20.45,58.51,1.8,0.16,2202.0,36.2,7.89,0.373,0
4.93,11.51,23.17,42.88,4.76,31.67,1.61,-0.39,1309.8,36.7,4.38,0.589,0
8.69,19.27,20.75,45.08,10.79,40.45,1.56,-0.0,549.0,32.4,4.13,0.732,0
24.59,36.39,63.55,82.53,17.8,58.26,2.37,0.15,2080.5,42.9,6.54,0.495,0
49.55,87.43,123.27,192.1,52.34,60.6,3.09,1.11,2849.4,42.1,8.14,0.289,1
26.44,55.71,63.47,87.66,24.7,67.89,2.75,0.34,2648.3,50.1,8.09,0.391,0
73.15,98.65,200.94,390.31,55.09,66.04,4.93,1.15,3076.6,44.5,8.55,0.135,1
35.01,66.32,95.81,109.49,43.0,71.84,3.22,0.95,2064.3,41.1,6.25,0.457,0
21.6,54.45,91.63,102.46,16.43,51.27,2.75,-0.14,2475.4,41.8,9.63,0.377,0
43.68,75.54,80.7,176.79,36.37,61.96,2.74,0.61,2878.3,44.9,8.02,0.329,1
9.55,58.04,89.86,207.88,12.08,64.85,2.68,0.2,2039.6,37.4,5.45,0.512,0
14.73,37.38,43.92,114.46,17.38,65.75,2.02,0.08,801.7,27.4,2.52,0.773,0
19.59,23.34,50.0,111.02,21.21,71.93,2.35,0.1,773.1,29.1,2.74,0.633,0
9.53,15.9,26.84,46.47,8.81,44.36,1.45,-0.15,1724.7,31.7,6.72,0.45,0
4.51,18.12,25.33,53.51,4.79,62.57,1.8,-0.03,1616.4,35.1,6.82,0.456,0
60.41,100.06,112.1,147.5,49.19,73.34,3.13,1.03,1137.7,28.2,10.15,0.46,1
7.78,24.73,41.42,68.89,10.08,45.62,2.02,-0.22,999.8,27.8,4.95,0.594,0
1.09,4.46,5.52,14.24,1.19,47.63,1.88,-0.16,2865.6,47.2,9.53,0.281,0
26.49,47.14,70.1,102.71,20.46,72.69,2.42,0.41,1839.2,30.9,6.16,0.561,0
10.11,31.87,60.21,112.97,7.93,51.71,1.95,-0.14,402.8,20.1,1.25,0.801,0
55.89,132.26,211.61,245.12,59.29,59.64,4.38,1.19,3102.8,40.1,9.78,0.169,1
16.63,19.19,51.86,64.97,13.78,47.36,1.82,0.02,2384.1,45.7,7.68,0.354,0
8.47,16.19,19.77,57.97,10.44,60.6,1.51,-0.28,499.2,20.3,1.65,0.778,0
9.04,15.67,24.4,46.34,8.32,39.6,1.87,-0.4,2125.5,36.4,8.46,0.419,0
31.39,79.7,141.3,271.38,36.08,69.05,4.16,0.77,2535.2,43.4,9.3,0.321,1
28.01,63.68,97.73,118.26,20.13,48.88,2.67,-0.01,1509.9,29.3,5.39,0.601,0
25.16,29.76,37.8,123.21,26.69,58.87,1.9,0.12,2889.2,41.7,9.83,0.313,0
0.9,6.09,10.24,13.58,0.68,46.59,1.5,-0.34,1525.3,24.3,7.68,0.518,0
0.82,1.58,3.6,4.47,0.91,27.69,1.56,-0.37,2881.0,47.8,8.47,0.345,0
7.0,11.51,25.8,37.96,7.01,52.14,1.47,-0.2,1643.7,40.0,4.73,0.658,0
23.45,64.66,100.41,175.43,28.3,52.71,2.83,0.13,1348.6,38.8,4.99,0.58,0
11.11,30.16,71.89,185.1,14.03,54.89,2.54,-0.22,1135.1,20.8,3.68,0.676,0
9.77,19.03,39.6,176.56,8.27,57.74,1.79,-0.29,1556.9,41.1,6.33,0.539,0
25.3,39.79,139.19,304.63,17.98,82.25,5.33,0.55,2281.5,44.8,8.7,0.357,1
15.21,63.02,103.97,320.45,17.07,68.25,3.24,0.37,2240.0,45.0,6.16,0.472,0
5.6,13.4,23.18,31.54,6.43,48.3,1.54,-0.13,757.8,29.4,4.28,0.69,0
27.78,62.39,109.42,189.5,30.06,64.98,3.19,0.54,1658.3,37.6,5.75,0.583,0
69.67,114.78,130.76,168.94,51.23,52.67,2.81,0.53,1479.7,35.3,5.2,0.43,1
61.29,102.47,184.33,369.74,63.47,91.54,6.49,2.57,1994.5,32.6,10.39,0.369,1
4.72,6.35,33.56,65.63,4.05,51.19,1.9,-0.24,1450.1,34.8,8.88,0.411,0
24.97,45.69,87.29,166.59,30.96,53.81,2.39,0.35,2202.2,44.0,6.62,0.393,0
18.72,40.06,62.33,91.95,17.56,63.11,2.42,0.3,1530.5,34.3,5.01,0.484,0
10.89,17.54,36.09,87.11,12.73,38.78,1.55,-0.32,458.5,23.6,1.65,0.856,0
26.56,42.84,110.25,235.03,28.43,55.29,2.86,0.27,1276.0,34.1,4.96,0.699,0
58.65,70.13,153.14,270.26,75.02,89.57,4.95,2.5,560.0,22.6,4.92,0.679,1
17.19,20.89,50.01,77.29,15.92,66.22,1.98,0.12,1618.9,26.3,4.85,0.655,0
28.52,49.27,82.62,101.11,31.65,48.31,2.29,0.1,2433.6,42.4,10.79,0.357,0
9.19,16.7,41.6,49.4,10.5,46.39,1.79,-0.26,2991.2,44.7,8.83,0.255,0
9.5,14.2,23.86,86.73,11.86,52.88,1.6,-0.22,3121.8,47.6,9.73,0.386,0
8.97,22.21,34.49,64.0,10.96,37.15,1.51,-0.29,1296.7,23.7,4.43,0.635,0
32.86,87.52,151.3,179.96,40.01,74.94,3.17,0.54,848.2,18.4,2.36,0.753,1
1.28,1.8,4.19,6.59,1.25,21.27,1.41,-0.3,1547.2,41.0,4.7,0.562,0
12.4,27.11,38.99,68.21,10.32,41.88,1.49,-0.11,774.4,23.1,3.14,0.641,0
17.8,32.7,51.33,76.1,14.21,36.48,1.91,-0.27,1455.8,33.6,4.76,0.589,0
3.26,4.37,6.1,6.77,4.09,40.94,1.38,-0.17,1852.7,37.1,7.4,0.421,0
38.71,49.19,86.82,173.56,46.21,57.2,2.28,0.74,3034.2,42.5,11.42,0.269,1
0.66,5.02,7.91,14.83,0.6,33.69,2.07,-0.27,2777.7,45.7,8.26,0.28,0
12.49,38.96,49.81,198.0,12.63,67.78,2.29,0.15,1894.9,37.0,5.42,0.511,0
17.45,45.86,117.17,176.39,22.5,74.97,3.6,0.52,1514.7,36.9,4.76,0.574,1
14.16,30.41,55.0,86.56,14.39,48.12,1.89,-0.29,1063.0,23.2,8.33,0.527,0
15.52,67.72,130.14,277.34,18.17,58.17,3.23,0.1,1952.6,41.5,7.79,0.418,0
19.01,23.07,78.19,206.21,20.64,68.52,2.82,0.48,2094.9,38.2,7.04,0.436,0
0.97,3.64,6.87,11.31,0.72,42.73,1.39,-0.33,727.2,24.4,3.2,0.743,0
23.42,57.18,105.64,124.68,26.61,75.06,3.41,0.54,1622.7,29.6,9.74,0.386,0
4.66,11.19,34.64,48.58,3.46,27.25,1.64,-0.46,2713.2,43.9,7.01,0.338,0
5.27,10.37,19.0,21.32,6.32,44.42,2.02,-0.25,874.4,31.1,3.35,0.638,0
9.25,48.73,84.91,140.43,11.56,57.7,2.97,-0.09,3120.8,51.2,8.02,0.244,0
6.34,23.3,65.29,102.12,6.78,70.93,2.5,-0.16,473.7,26.6,3.87,0.779,0
19.18,23.75,54.91,113.73,15.44,63.46,2.11,-0.03,2726.0,49.5,7.52,0.376,0
1.35,3.45,10.15,17.84,1.41,17.9,1.51,-0.2,2289.2,46.0,5.96,0.492,0
28.25,49.27,66.71,115.69,33.61,45.17,2.23,0.18,2701.5,41.1,10.12,0.272,0
11.12,47.22,74.95,174.86,10.15,63.75,2.96,-0.06,2882.5,47.0,7.79,0.334,0
55.13,112.29,183.86,295.17,49.52,61.28,4.46,1.24,2947.7,50.3,10.32,0.251,1
29.51,40.83,56.53,148.4,36.58,48.12,2.14,0.36,1971.3,28.0,9.5,0.267,0
37.33,56.52,96.25,189.91,42.92,59.39,3.3,0.82,2425.3,45.6,13.15,0.228,1
28.7,43.02,158.32,376.93,33.53,92.58,5.56,1.2,2370.8,39.1,7.08,0.538,1
19.44,70.21,94.01,174.57,13.98,60.27,2.18,0.02,893.8,15.6,2.49,0.773,0
46.1,75.29,118.94,238.05,35.57,68.69,3.19,0.77,2310.5,32.3,9.83,0.354,1
3.24,8.34,11.31,21.76,2.8,28.35,1.85,-0.26,1392.3,28.3,5.16,0.647,0
9.22,22.02,37.73,85.17,8.29,51.08,1.79,-0.1,1293.9,30.5,5.92,0.647,0
28.27,54.32,72.58,143.76,27.01,55.99,2.36,0.42,2275.7,38.1,5.9,0.536,0
8.49,28.18,95.1,147.94,10.92,68.73,2.9,0.08,409.1,29.7,1.31,0.758,0
81.76,107.03,160.85,353.93,58.79,64.28,3.93,0.96,1742.4,31.9,4.75,0.567,1
28.78,41.77,62.63,116.09,31.28,65.75,2.35,0.59,2464.5,42.7,7.76,0.365,0
18.65,26.83,59.23,89.71,22.72,47.6,2.08,-0.03,951.2,28.9,3.27,0.758,0
18.0,51.24,68.37,125.42,19.08,72.19,2.82,0.53,2229.6,41.4,6.53,0.457,0
16.03,22.97,76.65,118.84,16.25,74.17,2.61,0.28,1242.5,25.4,3.96,0.667,0
20.03,26.58,51.2,106.48,25.07,52.31,2.27,0.06,2953.9,52.4,8.85,0.259,0
20.53,31.38,39.7,68.9,25.54,44.94,2.1,-0.12,2111.2,38.3,7.08,0.483,0
4.47,7.05,8.47,12.91,4.65,23.83,1.26,-0.14,2004.8,49.5,5.26,0.539,0
15.28,29.16,47.63,94.19,17.4,44.16,1.75,0.13,2898.4,42.2,8.1,0.335,0
30.16,47.07,90.26,119.33,35.97,59.13,2.8,0.6,2081.7,41.2,7.42,0.508,0
35.45,48.51,120.25,201.67,40.77,53.47,2.53,0.34,1185.8,32.4,3.34,0.747,1
64.96,122.31,141.52,270.58,57.0,89.19,5.34,2.35,2768.0,40.9,7.51,0.294,1
29.1,39.75,65.13,72.33,27.03,61.97,2.45,0.51,2472.0,48.2,11.1,0.261,0
26.71,34.39,55.42,146.08,28.0,53.73,2.35,0.09,1267.4,31.0,3.43,0.702,0
24.85,56.82,77.93,256.97,26.04,87.43,2.89,0.53,742.4,17.6,2.71,0.736,1
25.49,33.43,72.58,153.4,19.86,64.05,1.9,0.17,636.8,18.2,4.93,0.635,1
38.24,77.16,91.28,183.66,27.78,60.54,2.42,0.1,1035.6,22.4,8.6,0.545,0
4.77,16.03,31.26,85.54,6.05,52.71,1.91,-0.24,3054.5,54.5,7.97,0.329,0
17.02,22.53,96.74,229.87,14.04,85.06,4.16,0.37,2618.0,43.0,7.99,0.337,0
22.01,76.92,147.37,218.98,18.96,76.19,4.1,0.33,1304.0,32.3,4.09,0.633,1
3.02,4.26,8.27,9.32,3.06,45.1,1.82,-0.28,1105.5,28.3,3.57,0.678,0
13.43,68.83,100.48,268.35,10.52,72.7,3.15,0.13,3030.6,42.1,8.0,0.245,0
6.7,33.03,90.28,138.76,4.98,79.48,3.07,-0.11,1717.4,29.4,5.02,0.494,0
9.58,26.8,67.56,88.04,8.45,73.04,2.34,-0.17,662.3,19.5,2.0,0.695,0
36.46,53.76,93.31,142.12,44.27,72.41,2.59,0.7,894.1,25.6,3.27,0.584,1
29.03,51.75,85.06,140.75,37.31,68.48,2.72,0.75,1032.9,24.8,3.13,0.669,1
7.09,9.99,17.61,19.35,5.83,28.12,1.51,-0.22,2252.2,42.5,6.41,0.51,0
7.29,29.79,36.3,49.37,5.83,29.53,1.91,-0.14,2693.7,43.7,9.21,0.425,0
27.47,35.76,94.18,210.78,19.58,86.14,3.64,0.59,1376.3,26.3,13.08,0.306,1
13.01,22.91,27.76,49.25,10.76,41.86,1.89,-0.33,1436.2,45.2,4.72,0.636,0
10.1,16.95,25.87,47.56,8.29,45.37,2.11,-0.04,2269.0,40.0,8.71,0.382,0
6.49,12.56,20.87,48.01,6.14,48.19,1.45,-0.28,2612.0,48.9,9.48,0.274,0
10.5,12.16,16.04,27.69,8.03,44.47,1.43,-0.3,2412.9,40.1,9.36,0.245,0
6.74,11.87,15.85,26.08,6.28,49.84,1.66,-0.15,1243.9,38.8,4.43,0.626,0
25.12,28.62,68.59,159.55,18.98,53.27,2.08,0.22,787.2,31.7,4.21,0.673,0
2.18,2.82,6.96,13.3,2.42,39.38,1.48,-0.13,1895.0,39.1,5.93,0.489,0
18.63,29.78,69.1,94.09,21.04,53.48,1.9,0.29,2140.8,41.3,5.6,0.512,0
3.45,4.41,13.8,20.42,4.35,31.85,1.26,-0.41,1239.6,24.9,3.3,0.626,0
72.0,87.84,151.04,238.04,59.8,60.26,2.8,0.69,519.9,20.7,2.14,0.761,1
43.77,74.2,124.46,187.82,42.23,72.68,4.04,1.15,2569.4,47.9,8.47,0.345,1
29.04,54.12,152.63,308.16,29.93,86.09,5.35,0.81,1562.1,36.1,4.14,0.629,0
13.65,25.82,32.07,49.04,13.64,58.87,1.8,0.07,1364.5,29.8,3.91,0.66,0
8.88,43.58,64.82,170.13,7.87,51.97,1.58,-0.25,1513.4,31.8,6.32,0.576,0
6.39,9.36,14.51,18.69,8.02,48.88,1.49,-0.02,483.5,25.3,2.83,0.729,0
23.57,39.62,45.52,101.16,27.31,67.27,2.38,0.57,1695.0,39.0,10.22,0.291,0
7.64,23.9,45.61,105.44,7.44,55.25,2.04,-0.06,2720.7,33.8,7.86,0.349,0
18.78,53.65,87.26,191.66,21.04,54.07,2.63,0.24,2216.2,35.8,8.42,0.394,0
25.52,54.8,101.62,125.58,22.29,49.78,2.5,-0.06,1160.4,32.8,9.07,0.46,0
6.51,8.72,15.59,28.71,5.64,48.87,1.6,-0.02,2694.0,43.6,7.96,0.377,0
8.48,33.05,75.54,103.81,8.87,38.13,2.05,-0.18,3165.7,53.4,10.04,0.152,0
7.94,22.45,49.62,88.78,6.18,46.42,1.97,-0.27,2780.6,53.7,8.44,0.297,0
16.43,20.74,53.48,107.73,19.84,43.01,1.91,-0.25,1468.6,32.3,4.12,0.658,0
6.37,12.79,22.26,36.96,7.3,34.89,1.75,-0.12,1284.1,35.0,6.6,0.52,0
10.64,23.51,43.32,59.8,12.44,39.4,2.03,-0.01,1083.8,32.6,5.29,0.617,0
23.02,31.76,56.8,144.54,21.49,81.43,2.25,0.21,434.4,19.7,3.65,0.768,1
35.4,39.41,56.01,164.79,36.31,77.55,2.68,0.9,1618.7,37.4,4.99,0.548,1
25.0,57.59,110.78,201.16,32.15,70.92,2.94,0.45,534.0,26.5,1.68,0.787,0
14.9,60.02,126.69,158.09,16.85,65.71,3.61,0.18,2908.9,43.7,7.58,0.47,0
14.2,32.42,37.87,103.82,17.04,59.78,2.01,0.22,2605.6,46.4,8.04,0.36,0
35.45,110.04,155.98,203.54,40.23,86.19,4.68,0.98,1631.4,23.8,4.54,0.596,1
70.64,93.02,113.19,198.17,64.53,64.36,2.92,1.16,1288.2,32.4,3.91,0.697,1
15.07,67.53,166.35,214.01,18.48,54.25,3.6,0.0,2440.2,42.7,7.22,0.411,0
11.29,40.21,89.39,168.93,8.36,51.53,2.04,-0.03,916.8,25.8,3.45,0.836,0
35.79,50.76,78.93,111.16,33.77,53.24,1.7,0.34,1503.2,31.0,4.54,0.608,0
8.72,40.28,73.77,196.59,6.54,83.64,3.05,-0.15,2408.6,36.3,8.56,0.349,0
8.82,16.54,29.76,43.59,10.5,32.72,2.06,-0.02,2989.8,42.3,9.74,0.255,0
51.5,68.08,132.5,173.44,48.32,71.76,3.29,1.03,1347.6,26.8,6.35,0.651,1
27.25,46.14,69.66,181.21,28.1,68.83,2.72,0.68,3098.7,47.8,14.37,0.067,0
0.88,1.43,2.38,3.72,1.01,30.55,1.16,-0.14,2337.9,41.7,6.64,0.483,0
47.22,61.62,94.78,136.6,41.31,49.22,2.03,0.42,1072.8,27.1,3.21,0.623,0
7.3,16.95,34.29,60.02,8.14,33.57,1.69,-0.22,1103.7,20.2,10.1,0.531,0
25.93,32.22,75.69,147.01,24.33,45.31,1.8,0.19,2756.0,41.1,7.37,0.401,0
65.75,123.55,165.31,252.21,61.01,62.88,3.37,1.08,1016.9,24.8,3.5,0.734,1
49.77,96.41,128.14,243.56,34.89,82.35,4.76,1.12,2829.3,49.4,8.26,0.314,1
8.61,22.98,29.48,78.84,9.59,38.73,1.71,-0.33,1222.0,14.6,3.81,0.665,0
1.11,1.7,5.58,15.81,1.21,23.21,1.69,-0.13,1153.1,25.4,5.3,0.571,0
15.46,50.52,83.54,250.87,19.27,65.1,2.67,0.19,2051.0,32.8,5.6,0.443,0
16.98,37.79,109.21,213.31,17.36,82.68,4.11,0.49,2448.5,39.4,6.76,0.37,0
6.53,13.92,26.6,42.0,5.31,55.91,1.92,-0.08,2427.2,41.2,8.43,0.405,0
24.21,45.52,53.03,69.83,23.43,70.19,1.8,0.0,980.6,17.7,3.17,0.729,0
35.04,83.84,120.78,234.82,35.93,75.4,3.86,0.88,1943.6,41.6,5.52,0.553,1
18.65,21.78,54.6,70.15,17.23,56.22,2.15,0.13,2291.7,32.4,6.31,0.414,0
15.37,35.61,67.91,134.8,18.35,75.28,2.64,0.19,915.3,24.3,4.44,0.589,0
54.89,86.22,136.55,168.67,40.6,44.49,2.64,0.43,3005.8,57.2,7.75,0.335,0
20.77,38.14,65.99,117.06,15.6,45.52,1.78,-0.32,772.9,18.3,5.01,0.667,0
8.98,19.21,82.02,92.84,8.4,60.62,2.74,-0.07,2348.3,40.8,10.2,0.312,0
16.01,37.95,55.0,84.84,20.78,51.81,1.93,0.17,1739.4,38.5,5.59,0.616,0
43.76,102.04,132.98,187.04,34.06,62.8,3.45,0.61,2906.0,39.9,15.19,0.122,0
32.08,47.62,84.82,163.93,36.83,65.74,2.88,0.66,966.2,26.4,5.2,0.688,0
41.59,52.76,100.02,235.05,35.11,80.73,3.09,0.76,1118.7,20.7,3.6,0.629,1
66.86,126.02,198.67,304.75,66.46,68.7,4.75,1.54,1552.7,37.1,7.07,0.583,1
64.25,84.41,159.86,226.88,62.52,69.25,4.13,1.54,2472.7,38.3,11.15,0.262,1
14.3,21.45,29.94,51.83,18.39,49.99,1.55,0.06,2681.4,38.7,12.0,0.15,0
35.01,63.7,126.73,250.17,28.06,81.51,3.93,0.51,689.7,23.4,2.67,0.827,1
39.91,51.82,58.6,118.0,50.9,46.0,1.87,0.63,1764.2,39.9,4.91,0.588,0
95.77,117.17,128.44,201.19,113.34,69.74,3.1,2.48,1591.0,22.2,6.87,0.525,1
28.88,31.77,61.7,90.36,21.27,40.04,2.08,-0.04,849.7,36.1,4.58,0.684,0
40.11,66.14,109.07,205.12,51.23,63.05,3.21,0.95,2327.8,45.9,6.7,0.465,0
18.16,36.16,70.21,101.61,20.46,68.71,2.91,0.11,1345.0,36.6,4.33,0.753,0
28.28,37.68,64.71,133.9,20.32,55.63,2.43,0.22,2847.0,43.7,8.19,0.325,0
26.9,47.32,67.51,72.9,34.41,52.74,2.04,0.44,1166.6,30.0,3.35,0.737,0
4.07,4.98,20.22,61.3,4.99,64.0,1.91,-0.36,2097.8,29.7,7.32,0.457,0
2.19,5.45,10.65,19.47,2.78,27.33,1.79,-0.43,1363.2,34.1,5.25,0.613,0
22.43,41.46,73.29,131.35,18.96,75.05,3.28,0.46,3102.4,49.7,11.88,0.129,0
65.86,92.91,109.71,134.47,59.14,64.34,2.59,0.9,893.2,27.5,8.21,0.588,1
8.14,19.08,33.44,63.17,8.47,49.35,1.87,-0.09,3015.2,45.3,7.81,0.353,0
4.07,11.82,17.61,31.87,4.35,27.12,1.47,-0.17,1298.9,15.5,7.05,0.543,0
17.1,37.03,60.07,76.78,14.76,41.76,2.07,-0.01,2897.5,55.2,8.16,0.333,0
30.27,99.53,196.16,239.78,23.36,56.92,3.26,0.13,1791.4,21.8,8.75,0.395,0
53.07,57.61,139.03,162.34,50.41,78.02,4.7,1.76,2968.2,49.3,8.35,0.307,1
32.24,64.22,114.03,178.58,31.75,77.2,3.18,0.77,1793.9,32.6,4.87,0.589,0
14.24,25.55,46.13,157.29,11.11,51.52,1.57,-0.01,2486.7,43.2,7.92,0.358,0
85.61,146.32,257.1,413.09,77.75,93.03,6.89,2.59,668.3,20.8,3.29,0.713,1
22.01,23.93,29.12,65.03,28.02,62.4,1.8,0.02,406.7,16.7,2.12,0.845,0
2.75,5.03,7.95,9.81,2.15,26.54,1.25,-0.42,1855.7,29.0,6.77,0.452,0
62.5,95.89,143.3,210.76,70.48,55.23,3.17,0.96,2639.4,40.9,9.36,0.29,0
27.14,48.32,102.49,160.03,27.97,45.84,2.47,-0.0,3156.6,44.9,12.24,0.285,0
11.63,49.19,91.0,128.8,14.25,48.23,2.17,-0.26,1425.2,33.7,4.14,0.623,0
34.93,46.71,127.01,237.59,34.63,80.38,3.73,0.75,1052.1,24.8,6.34,0.57,1
24.25,31.26,38.44,52.69,28.82,38.65,1.38,-0.2,645.4,13.6,3.47,0.673,0
2.46,12.54,29.37,56.62,2.31,59.07,1.94,-0.36,2083.0,35.6,6.65,0.498,0
10.57,14.75,38.14,121.68,13.02,56.2,1.95,0.01,2494.7,42.2,7.6,0.437,0
55.95,77.58,160.62,307.58,71.95,72.41,3.58,1.24,434.0,16.1,2.0,0.777,1
8.48,18.11,30.12,64.39,10.58,47.76,1.76,-0.25,1473.3,32.2,3.95,0.549,0
2.18,11.02,15.46,23.6,1.79,47.49,1.62,-0.19,1159.2,19.7,3.7,0.739,0
19.8,32.04,34.33,41.55,17.31,29.65,1.87,-0.02,2343.1,39.7,6.47,0.34,0
4.81,7.88,13.42,16.97,4.09,38.26,1.47,-0.17,2922.2,40.8,10.6,0.186,0
14.08,51.82,123.77,211.93,13.53,62.11,2.53,0.02,654.1,13.3,2.64,0.684,0
6.45,8.81,19.02,30.75,7.2,31.05,1.87,-0.11,2968.1,46.0,8.44,0.309,0
47.65,55.64,135.95,313.53,55.14,91.44,4.6,1.93,885.6,28.7,2.46,0.662,1
7.19,14.48,87.98,224.12,6.94,55.49,2.42,-0.32,1843.5,38.1,5.11,0.603,0
23.06,42.85,65.19,110.94,29.13,63.71,2.17,0.34,1220.3,30.2,4.27,0.606,0
29.09,46.81,73.63,127.47,29.34,54.76,2.22,0.32,1246.6,26.3,3.7,0.612,0
73.46,102.8,187.01,289.12,76.27,93.84,4.65,1.83,635.1,12.6,4.15,0.679,1
77.02,97.53,107.52,298.35,56.77,79.27,3.17,1.62,2210.7,26.1,6.95,0.399,1
23.2,51.22,89.06,160.15,23.95,62.24,2.65,0.11,1919.4,30.7,5.19,0.423,0
18.47,38.16,45.88,83.92,13.05,67.99,2.38,0.2,2528.4,41.0,9.04,0.262,0
11.43,68.6,125.92,207.87,13.29,85.19,4.63,0.08,2613.9,37.8,8.24,0.285,0
16.07,26.17,33.19,64.99,12.34,58.22,1.42,-0.04,673.0,18.7,5.58,0.632,0
5.83,15.72,22.74,26.15,6.66,39.39,1.5,-0.29,2737.8,50.0,8.33,0.425,0
33.12,66.37,110.39,143.18,37.17,79.41,3.41,0.84,914.4,32.4,2.74,0.762,1
6.95,57.0,73.1,141.63,7.85,66.76,2.58,-0.1,1643.2,39.7,4.32,0.636,0
34.52,47.31,96.4,152.86,28.6,51.89,2.23,0.02,1665.4,22.0,7.63,0.388,0
8.63,19.01,21.98,46.9,11.05,36.37,1.4,-0.17,2270.9,32.6,6.15,0.489,0
12.35,48.8,86.24,148.48,11.64,53.79,2.3,-0.16,1944.2,36.0,5.1,0.54,0
2.59,3.84,19.13,54.34,3.19,50.67,1.45,-0.17,520.6,13.3,4.4,0.702,0
4.13,5.44,16.58,43.74,3.92,36.77,1.46,-0.29,663.3,25.3,2.15,0.814,0
41.4,107.28,203.03,307.17,34.28,82.71,5.01,0.76,1071.2,25.2,3.58,0.658,1
16.71,40.05,44.98,69.91,19.53,60.45,2.13,0.05,550.2,15.8,3.26,0.607,0
35.76,40.4,82.04,129.63,35.27,64.74,2.62,0.73,1806.7,38.9,6.86,0.383,0
48.67,91.68,171.56,277.07,37.24,76.64,4.08,0.7,854.7,21.8,4.01,0.635,1
14.68,57.35,74.1,178.19,18.04,78.45,3.15,0.36,2300.6,30.7,6.88,0.382,0
5.39,26.84,38.67,46.31,5.87,31.52,1.3,-0.09,788.7,28.5,4.17,0.732,0
4.42,7.49,12.21,17.92,4.53,42.26,1.51,-0.36,2430.8,33.5,11.1,0.37,0
16.02,26.23,32.88,67.68,19.05,65.44,2.45,0.07,2262.1,37.2,6.89,0.411,0
9.49,25.64,29.19,41.09,7.7,54.34,1.92,-0.03,1336.6,33.8,5.06,0.625,0
22.13,62.82,125.52,277.06,17.68,62.25,3.06,0.12,2171.9,40.3,6.95,0.422,0
1.45,3.57,3.81,7.26,1.6,34.51,1.78,-0.15,472.6,22.3,1.46,0.784,0
26.24,36.8,76.16,112.75,32.97,53.48,2.06,0.4,3196.1,52.3,13.37,0.067,0
6.88,19.08,20.74,53.12,7.93,37.2,1.56,-0.3,1351.3,28.5,3.98,0.555,0
21.01,51.02,122.21,190.13,19.57,79.49,3.88,0.62,1611.9,36.9,4.65,0.543,0
81.53,119.41,151.82,337.16,85.58,89.24,4.86,3.33,1841.4,31.6,5.26,0.519,1
24.98,35.81,104.62,162.87,20.08,68.74,3.19,0.41,2624.1,37.1,7.19,0.348,0
48.25,87.36,132.64,191.37,59.77,54.71,2.4,0.52,1529.8,24.9,4.33,0.569,1
7.37,25.45,75.31,93.53,7.6,48.08,2.17,-0.25,1850.2,37.1,5.29,0.592,0
19.81,41.16,107.59,193.03,15.65,69.58,2.77,0.26,510.8,23.8,1.53,0.836,1
5.94,17.46,22.38,25.95,6.35,34.0,1.9,-0.29,2596.3,36.6,7.87,0.428,0
54.14,100.87,139.23,208.22,65.98,53.66,3.04,0.99,1479.2,30.4,5.26,0.574,1
4.89,12.83,25.96,42.46,4.52,51.64,1.53,-0.31,3158.4,48.9,8.18,0.303,0
26.04,64.77,98.17,159.41,30.9,52.83,2.45,0.05,916.5,20.4,3.65,0.672,0
56.39,78.95,155.95,212.81,46.79,67.52,3.63,0.94,2131.1,42.0,7.23,0.462,1
2.11,11.59,23.43,56.05,1.78,40.27,1.91,-0.09,2547.4,35.4,13.06,0.154,0
18.44,39.17,57.53,119.72,18.07,55.44,2.08,-0.01,1917.2,30.1,5.61,0.458,0
27.49,54.17,65.76,148.89,26.66,49.16,2.46,0.37,2949.3,47.5,7.6,0.337,0
26.27,30.42,64.08,161.49,19.05,73.61,2.46,0.47,2480.8,35.0,9.12,0.356,0
26.2,70.27,91.12,139.08,24.99,49.16,1.88,0.16,785.9,16.6,3.91,0.668,0
41.53,46.56,52.45,81.01,53.91,66.91,2.49,1.31,2642.6,43.5,8.71,0.315,0
16.27,29.95,54.73,81.22,17.67,44.18,2.18,-0.27,946.6,23.3,5.37,0.62,0
2.53,16.46,29.57,40.66,2.16,58.59,1.76,-0.37,1479.1,29.8,4.42,0.559,0
38.19,65.68,87.0,109.1,30.1,56.76,2.63,0.21,2778.7,39.7,7.22,0.375,0
4.73,18.3,34.22,63.4,4.85,60.16,2.08,-0.38,2651.1,40.2,8.46,0.32,0
29.89,36.43,45.71,87.47,31.22,69.22,2.27,0.47,676.7,20.4,2.03,0.735,1
41.32,57.59,93.94,198.82,30.67,80.54,3.54,0.98,1978.5,34.8,7.64,0.427,0
7.39,27.53,33.13,51.35,8.72,39.82,2.15,-0.17,2185.7,33.6,7.95,0.364,0
4.24,26.2,49.86,127.34,3.51,54.57,2.02,-0.07,2315.4,41.0,8.22,0.402,0
7.94,23.99,48.23,61.16,6.09,54.77,1.86,-0.11,1930.9,41.4,5.86,0.461,0
21.45,39.23,47.82,90.27,27.08,58.1,2.05,0.36,1313.4,36.5,4.05,0.649,0
6.17,7.66,10.42,12.55,5.76,22.19,1.23,-0.24,963.9,22.1,6.67,0.598,0
1.56,2.31,3.94,6.92,1.69,42.46,1.58,-0.45,445.2,17.1,4.48,0.68,0
6.39,19.66,38.8,47.41,5.83,38.98,1.86,-0.37,1657.6,33.0,5.1,0.598,0
2.87,14.61,21.79,42.08,2.61,46.21,1.97,-0.24,2118.7,36.2,5.51,0.585,0
6.57,26.87,45.26,58.55,7.49,52.07,1.86,-0.27,715.6,26.1,2.27,0.728,0
17.0,25.87,49.01,79.71,21.09,39.64,1.84,-0.02,2677.5,52.8,9.99,0.305,0
20.88,34.29,90.7,173.11,17.29,55.56,2.41,0.06,2053.9,29.4,8.53,0.374,0
18.32,58.68,106.52,209.88,16.14,68.39,2.98,0.37,2271.9,47.3,6.74,0.403,0
16.7,51.12,60.74,89.17,14.85,50.66,2.05,0.04,1950.4,40.6,8.4,0.393,0
46.85,77.66,152.78,293.32,50.14,88.74,5.25,1.69,1973.0,33.5,8.84,0.338,1
7.13,14.05,15.34,18.88,5.67,47.54,1.62,-0.39,475.3,20.8,5.31,0.678,0
15.85,30.88,33.45,68.65,16.26,42.37,1.41,-0.27,968.4,29.0,4.64,0.642,0
17.59,41.57,86.09,145.27,17.42,67.74,2.59,0.32,2928.2,47.4,9.68,0.322,0
13.95,20.94,40.41,77.71,9.97,48.87,1.98,-0.25,978.3,29.0,4.36,0.532,0
66.04,111.36,161.58,292.73,64.2,63.88,3.78,1.21,2683.1,34.1,7.91,0.46,1
30.16,35.81,84.45,146.6,35.76,46.57,2.51,0.24,1766.8,44.2,4.78,0.596,0
23.74,50.91,73.78,117.42,22.86,42.25,1.77,-0.06,2147.1,41.2,6.27,0.482,0
10.11,12.12,23.33,40.78,9.36,56.82,1.86,-0.29,2428.0,40.7,7.01,0.482,0
2.14,3.79,14.15,27.46,1.58,47.24,1.67,-0.17,3071.5,48.0,10.18,0.256,0
17.21,70.85,157.21,259.08,18.28,84.47,4.47,0.31,1326.4,28.4,4.15,0.655,1
55.55,58.61,110.93,130.55,69.16,48.11,2.33,0.6,1988.6,39.2,6.32,0.486,0
20.07,21.18,35.82,53.92,24.77,52.95,2.28,0.05,2097.6,39.8,5.44,0.554,0
20.0,25.75,59.84,122.54,19.63,71.74,2.2,0.02,755.0,24.2,6.2,0.591,0
19.66,24.97,43.73,67.55,24.9,63.89,2.23,0.37,561.8,20.9,3.71,0.766,0
10.05,15.35,35.4,48.79,8.94,58.31,1.75,-0.16,2776.2,50.0,12.99,0.181,0
82.87,142.73,180.2,202.79,94.84,54.31,3.33,1.76,2914.3,42.5,7.62,0.292,1
65.05,97.47,150.39,176.92,81.96,79.75,3.64,1.89,835.0,17.7,8.07,0.536,1
37.47,43.41,56.74,110.9,44.57,48.77,2.25,0.52,1981.8,44.1,5.67,0.492,1
16.67,30.43,43.08,83.04,12.92,52.57,1.75,-0.23,3067.1,43.9,8.48,0.344,0
31.03,61.93,83.6,105.02,30.25,53.99,1.96,0.06,791.4,29.3,3.64,0.749,0
40.15,56.24,92.09,131.21,44.54,64.08,3.05,0.78,1967.9,35.5,6.21,0.473,0
11.09,21.97,34.03,62.09,12.21,31.18,1.3,-0.05,3056.4,47.4,9.74,0.24,0
24.55,53.27,78.57,190.13,17.61,73.36,2.99,0.25,2007.4,35.8,8.71,0.451,0
0.26,0.56,1.25,2.05,0.23,19.11,1.44,-0.27,1030.9,25.2,4.54,0.606,0
0.87,1.52,3.38,6.79,1.12,40.64,1.11,-0.18,2197.1,34.0,5.7,0.444,0
76.15,138.76,161.64,299.53,93.89,64.52,3.32,1.58,1783.4,26.0,5.46,0.542,1
20.69,56.67,97.17,208.76,21.77,71.88,3.38,0.47,2480.1,42.6,9.12,0.357,0
8.0,14.97,24.52,40.47,8.53,25.32,1.38,-0.37,2437.4,43.5,8.05,0.282,0
28.12,40.11,49.55,117.24,21.2,74.7,2.11,0.25,1115.8,19.6,3.9,0.691,0
27.03,36.94,62.75,149.7,21.65,78.14,2.22,0.39,920.5,23.7,8.36,0.564,0
12.15,13.36,22.12,31.88,10.29,38.38,1.57,-0.02,2163.2,35.5,6.24,0.513,0
19.89,28.2,45.14,105.01,17.44,40.98,1.62,-0.21,2515.2,47.3,12.06,0.267,0
14.31,33.78,73.36,115.81,12.75,69.89,2.82,0.2,1254.9,28.5,8.19,0.56,0
47.15,61.83,138.5,271.76,35.39,84.48,4.68,1.13,1711.6,37.4,6.93,0.489,1
29.05,71.69,91.88,133.4,34.95,52.46,2.41,0.15,2159.0,38.1,8.12,0.39,0
68.62,78.26,171.5,258.94,68.12,84.27,4.53,1.6,1236.1,20.3,6.35,0.578,1
37.42,67.31,109.02,179.53,44.05,59.03,3.14,0.83,1846.0,34.7,5.4,0.623,1
29.94,42.97,63.17,129.41,35.08,48.89,1.82,0.22,2188.0,35.2,5.79,0.438,0
45.31,52.77,85.95,166.49,37.65,46.99,2.2,0.43,2301.5,41.1,7.22,0.399,0
38.19,70.21,88.74,169.2,33.52,54.34,2.0,0.05,449.3,24.3,1.38,0.791,1
17.28,86.37,174.48,195.1,20.98,64.35,3.1,-0.1,728.4,13.6,4.68,0.743,0
18.62,58.61,78.56,208.26,22.61,70.1,2.45,0.07,623.6,17.4,1.85,0.803,0
8.35,20.97,52.24,122.14,8.99,60.0,2.34,-0.33,415.8,27.0,4.44,0.727,0
29.27,77.22,105.33,194.41,24.56,70.96,3.5,0.34,2163.4,37.5,9.31,0.412,0
46.94,78.53,173.61,318.67,59.79,77.66,4.91,1.73,2334.8,34.9,6.63,0.438,1
55.51,67.47,87.07,110.89,69.92,42.56,1.98,0.5,2788.4,43.4,7.21,0.323,0
15.91,25.09,63.17,110.62,11.29,49.16,2.09,-0.15,1422.0,29.2,5.77,0.556,0
56.34,87.23,176.01,198.71,67.02,59.02,3.07,0.84,875.3,29.1,2.49,0.599,0
79.56,90.06,155.01,218.05,91.82,61.94,3.73,2.16,2429.5,43.1,7.44,0.441,1
2.28,3.37,5.09,7.64,1.81,17.54,1.76,-0.25,1528.1,39.6,4.2,0.626,0
44.84,61.45,119.17,306.85,42.59,61.63,3.51,0.75,3105.3,53.6,8.1,0.319,1
14.3,25.98,38.52,66.36,13.41,46.86,1.78,-0.09,2266.3,39.5,7.75,0.415,0
22.77,28.53,42.25,89.39,24.27,51.9,1.87,0.12,3098.2,50.7,9.63,0.269,0
0.42,2.25,5.44,7.32,0.53,32.37,1.47,-0.46,2828.0,49.8,7.8,0.239,0
19.41,39.22,49.92,154.94,23.72,67.98,2.33,0.06,1533.1,24.8,4.16,0.636,0
3.16,8.92,11.37,29.94,3.73,35.94,1.99,-0.14,2462.5,41.2,7.41,0.364,0
2.02,2.39,2.93,5.02,1.75,30.43,1.3,-0.48,2172.3,38.9,6.4,0.542,0
13.08,25.28,37.27,41.04,10.17,48.63,1.81,0.04,2797.2,42.4,8.27,0.303,0
17.76,37.63,48.19,91.51,17.58,57.41,2.24,0.01,1788.2,42.3,7.23,0.508,0
10.52,20.09,36.79,53.46,9.39,54.53,2.09,-0.28,809.3,24.4,3.5,0.634,0
59.52,104.85,177.38,366.33,54.54,80.18,5.04,1.43,868.0,26.5,3.88,0.687,1
59.84,106.98,192.48,259.86,71.3,60.4,3.56,0.7,722.0,17.5,2.86,0.752,1
4.44,6.52,14.63,68.66,4.48,52.31,1.65,-0.15,1856.1,40.2,5.08,0.622,0
4.85,23.57,45.11,142.65,5.95,62.68,1.9,-0.29,670.8,18.0,2.23,0.755,0
21.42,30.08,52.33,75.55,19.0,65.14,2.47,0.12,2103.2,34.3,5.92,0.449,0
17.48,26.21,42.67,51.39,12.27,61.09,2.24,-0.2,1669.9,28.1,4.97,0.6,0
1.07,1.72,7.33,11.78,1.1,42.54,1.84,-0.23,3032.2,51.3,8.79,0.369,0
46.15,65.73,119.33,156.67,44.77,63.74,3.71,1.11,2500.7,51.8,6.94,0.37,1
7.46,20.57,29.1,51.14,7.9,33.03,1.8,-0.27,2020.4,40.0,5.98,0.519,0
12.94,19.19,81.16,215.01,12.4,82.94,3.52,0.02,1683.2,37.0,6.05,0.533,0
8.08,23.52,29.91,64.16,7.03,56.07,1.89,-0.18,1519.9,18.2,5.12,0.569,0
4.06,21.15,56.54,88.78,4.99,39.19,2.3,-0.28,2084.1,41.4,7.21,0.394,0
1.83,3.86,7.43,11.76,2.08,21.62,1.69,-0.22,1910.9,33.3,6.7,0.489,0
4.09,16.3,29.58,75.72,3.41,59.71,2.18,-0.09,693.1,27.2,3.95,0.667,0
20.07,22.68,47.25,89.06,15.41,50.08,1.72,-0.2,1942.1,32.4,5.34,0.521,0
30.49,41.36,98.81,166.56,34.88,60.66,2.66,0.49,463.2,28.5,3.98,0.723,0
1.73,9.54,25.13,43.72,1.85,50.54,1.74,-0.12,2884.0,45.5,8.45,0.413,0
9.37,38.93,72.21,89.66,10.47,73.74,2.64,-0.12,405.1,19.4,1.3,0.859,0
13.28,25.73,40.01,49.18,11.42,41.15,1.88,-0.21,1800.7,37.8,5.13,0.662,0
25.67,63.66,68.42,88.67,31.78,52.05,2.07,0.28,1721.8,37.6,7.57,0.35,0
14.48,27.82,30.53,53.39,11.78,37.84,1.37,-0.38,2365.5,38.8,7.54,0.463,0
28.11,86.91,99.77,200.21,31.46,78.03,3.5,0.58,1232.2,24.7,5.54,0.568,1
75.01,146.42,189.85,329.67,80.82,80.24,6.09,3.03,1939.3,41.4,8.35,0.416,1
5.29,35.99,58.77,76.37,6.15,68.01,1.98,-0.3,444.5,19.0,2.3,0.811,0
10.64,18.58,39.1,44.4,11.12,43.85,1.78,-0.26,775.2,22.3,3.3,0.748,0
10.24,28.12,43.47,89.73,13.17,55.51,2.27,-0.19,2014.5,34.3,9.23,0.397,0
43.99,84.67,106.7,176.83,43.01,64.93,3.07,0.55,1307.6,32.6,4.43,0.604,1
26.79,78.29,118.82,296.88,25.6,68.89,3.55,0.31,2662.7,42.5,7.22,0.425,0
1.76,7.38,8.62,21.5,1.53,26.72,1.95,-0.19,2138.6,30.5,6.2,0.419,0
20.67,57.34,96.79,179.66,19.51,77.4,3.9,0.51,3181.1,52.0,8.31,0.337,0
30.71,50.53,96.37,245.55,32.44,58.76,2.9,0.37,1731.6,41.6,4.83,0.501,0
46.31,49.28,86.95,134.96,39.75,70.35,3.19,0.75,581.8,27.9,1.69,0.869,0
38.83,49.09,90.15,131.99,46.3,59.58,2.46,0.42,1855.9,23.2,5.03,0.548,0
2.26,3.45,5.44,8.62,2.03,22.0,1.56,-0.14,1120.0,22.4,3.78,0.668,0
48.49,83.77,115.19,223.67,43.17,73.91,4.07,1.26,2873.4,49.2,7.91,0.42,1
29.79,50.78,96.1,176.73,35.52,80.68,3.53,0.89,1403.5,27.6,4.86,0.699,1
11.78,30.7,119.46,142.63,13.42,63.13,3.36,-0.08,1353.6,34.1,9.39,0.448,0
28.15,59.48,67.03,83.33,25.95,44.58,2.03,-0.15,618.2,28.4,2.16,0.891,0
19.36,45.49,85.74,128.03,13.59,64.63,2.41,0.18,899.9,35.3,6.58,0.627,0
4.44,6.94,11.54,23.52,3.38,18.37,1.63,-0.45,2786.3,52.8,7.37,0.28,0
16.36,19.57,22.66,30.36,18.01,53.95,1.83,0.07,1618.2,40.4,5.1,0.665,0
73.33,93.21,141.21,254.0,74.92,73.71,4.19,1.89,2201.4,34.2,8.98,0.402,1
6.34,28.88,47.45,88.36,7.69,69.19,2.2,0.11,2517.3,35.6,8.62,0.289,0
27.47,76.42,154.93,347.4,28.05,71.13,4.08,0.32,1296.3,31.0,5.28,0.606,1
11.48,48.18,77.91,165.35,9.81,63.6,2.7,-0.11,2396.8,36.0,6.81,0.354,0
4.61,21.96,33.33,61.8,5.51,35.95,2.14,-0.38,2379.9,43.8,6.48,0.392,0
7.08,20.47,32.51,44.75,9.1,30.65,1.5,-0.06,2097.0,33.9,5.46,0.477,0
6.88,9.58,14.82,41.64,7.9,53.63,1.72,-0.27,2853.3,45.5,7.34,0.345,0
24.43,31.15,94.11,208.34,26.33,53.56,2.33,0.13,1985.7,35.2,5.94,0.445,0
32.11,45.26,79.16,99.46,36.94,42.72,1.96,0.13,994.0,21.5,4.9,0.607,0
17.65,38.29,90.87,146.62,19.27,69.58,3.26,0.38,2753.3,43.5,8.27,0.329,0
12.0,46.2,84.58,198.5,13.1,55.02,2.69,-0.16,2985.4,57.3,10.39,0.271,0
49.38,71.45,77.04,123.18,36.25,52.91,2.28,0.4,2076.5,38.7,8.02,0.479,0
11.73,20.49,33.51,58.03,13.24,43.81,2.06,0.06,3017.0,53.9,8.77,0.302,0
17.82,39.43,65.31,117.19,18.97,58.09,2.63,0.08,2756.5,48.5,8.18,0.409,0
9.94,19.47,24.0,32.37,12.7,34.2,1.92,-0.1,1785.0,38.5,6.8,0.5,0
39.37,60.89,101.01,189.83,27.73,55.28,2.93,0.44,2042.9,40.7,5.5,0.499,0
25.11,42.24,84.26,125.97,29.12,47.82,2.06,0.19,2508.7,38.6,7.61,0.419,0
22.8,44.27,53.58,64.31,28.4,33.51,1.81,-0.04,1483.3,29.9,4.16,0.644,0
11.14,31.12,93.22,177.95,13.74,73.55,2.77,0.07,642.1,21.1,4.33,0.705,0
53.57,70.08,84.93,100.79,38.48,45.35,2.37,0.29,1977.3,34.7,5.21,0.539,0
29.85,101.67,150.09,332.56,34.41,87.41,4.74,1.15,922.8,29.5,2.81,0.699,1
20.66,67.42,136.82,280.36,20.87,72.52,3.96,0.22,1648.3,36.0,4.7,0.607,0
4.09,5.7,18.02,27.7,4.67,31.73,1.27,-0.12,503.9,23.3,2.06,0.69,0
19.32,27.51,40.34,46.63,19.8,57.35,1.82,-0.13,717.6,11.7,3.46,0.647,0
65.41,80.06,168.98,365.1,47.94,78.58,3.69,0.96,1046.7,15.7,3.09,0.66,1
15.17,23.4,30.12,61.37,19.43,38.19,1.96,-0.27,1935.2,35.3,8.02,0.416,0
14.15,59.68,72.11,101.08,10.4,69.26,2.57,0.1,2178.2,34.6,6.77,0.453,0
44.21,79.7,122.2,211.51,46.77,66.24,3.69,0.83,2935.5,39.2,8.89,0.223,1
21.17,39.34,75.08,138.94,23.17,72.86,2.78,0.52,2186.4,36.7,6.65,0.458,0
13.43,36.28,81.37,272.47,10.31,79.02,3.1,0.11,1738.4,36.2,9.13,0.442,0
10.91,26.51,33.79,76.13,9.29,40.21,1.57,-0.35,1659.4,26.3,5.64,0.619,0
36.79,82.09,93.55,127.05,39.64,77.0,3.43,0.93,1974.8,34.5,13.48,0.264,1
7.53,18.09,22.16,28.37,5.49,46.55,1.9,-0.25,2626.8,40.1,6.82,0.456,0
9.56,18.2,33.69,38.81,8.14,42.42,1.65,-0.06,962.5,30.5,3.36,0.671,0
28.73,46.67,84.92,117.57,34.89,73.57,3.04,1.0,1614.0,38.0,7.78,0.52,0
3.64,8.56,27.83,59.45,3.57,52.15,1.8,-0.34,871.0,27.4,7.54,0.534,0
3.25,7.08,11.68,18.53,3.16,34.82,1.73,-0.1,2294.8,45.1,6.82,0.415,0
8.51,13.84,18.81,23.09,6.55,53.45,1.64,-0.05,601.4,26.4,3.96,0.65,0
18.01,46.98,114.78,288.25,22.18,68.02,3.3,0.35,2097.3,38.2,7.03,0.512,1
40.55,70.22,80.31,161.11,33.83,59.22,2.51,0.76,3155.8,52.8,12.02,0.172,0
10.04,13.76,14.91,17.9,9.5,48.57,1.74,-0.34,1426.3,31.7,4.95,0.663,0
30.73,72.28,110.55,201.46,25.02,69.19,2.97,0.3,1786.1,34.5,6.49,0.577,0
10.88,14.26,38.38,65.38,8.79,40.73,1.54,-0.09,986.6,24.5,4.44,0.618,0
19.45,45.87,55.09,123.6,23.68,74.92,2.32,0.65,1256.0,42.1,3.5,0.651,0
37.85,64.94,122.31,138.3,48.32,74.51,3.79,1.21,870.5,34.5,4.66,0.661,1
13.86,19.63,29.76,35.56,12.55,27.86,1.63,-0.43,949.5,27.3,4.57,0.638,0
10.06,28.85,34.58,51.14,12.42,36.07,1.8,-0.4,1003.9,26.1,4.04,0.749,0
7.52,9.03,21.57,37.7,6.35,43.95,1.81,-0.27,573.4,23.2,2.16,0.786,0
2.01,9.84,14.6,23.95,2.2,45.35,1.54,-0.24,1360.4,33.9,5.55,0.613,0
43.67,110.49,159.41,303.82,51.06,59.67,2.91,0.89,1383.8,29.1,3.92,0.588,1
18.62,39.4,65.3,94.26,14.64,38.97,1.56,-0.31,2740.7,50.1,7.77,0.381,0
5.25,5.61,11.34,14.49,6.05,43.18,1.8,-0.36,1790.8,28.3,7.72,0.457,0
14.98,27.83,37.41,85.96,17.36,36.93,1.72,-0.18,1746.6,36.4,5.85,0.59,0
23.43,44.98,50.03,68.57,24.55,40.28,1.95,0.01,2543.3,33.0,10.86,0.295,0
25.05,59.68,133.53,219.38,22.29,63.02,3.18,0.31,1468.5,34.5,4.26,0.652,0
11.21,17.91,20.83,40.02,14.49,34.19,1.46,-0.16,1815.9,27.7,4.76,0.615,0
55.25,101.16,160.09,254.67,68.17,62.08,3.7,1.19,1545.2,32.6,5.31,0.555,1
7.17,9.03,35.89,76.54,5.02,63.42,2.03,-0.3,2323.4,43.6,8.79,0.395,0
26.5,67.7,133.69,160.61,32.89,51.35,2.57,0.47,2630.1,42.9,7.03,0.452,0
34.26,49.5,106.98,212.85,33.94,67.18,2.36,0.23,691.3,13.7,3.19,0.717,1
38.87,84.76,107.24,190.29,48.87,81.67,3.12,1.19,1381.5,23.1,4.27,0.703,1
11.79,18.81,47.86,82.2,10.02,42.88,1.75,-0.08,1036.1,28.0,7.77,0.516,0
31.42,47.49,84.2,159.14,27.38,47.52,2.44,0.24,2399.8,37.5,9.13,0.377,0
2.48,16.0,21.84,70.15,2.31,38.92,1.64,-0.25,2903.3,45.3,7.63,0.342,0
56.78,86.68,116.38,142.62,40.11,69.05,3.35,0.89,1216.4,35.7,4.34,0.661,0
57.06,79.15,117.72,172.14,54.68,67.15,3.31,1.36,1889.3,35.4,9.7,0.315,1
39.94,76.94,139.15,161.73,40.46,62.37,3.27,0.57,1549.1,32.0,6.11,0.534,0
6.15,8.0,13.88,31.82,7.61,52.98,1.8,-0.32,2010.1,41.8,5.75,0.564,0
1.93,5.38,13.29,19.42,2.31,45.79,1.97,-0.37,2155.1,38.6,5.67,0.425,0
17.5,20.11,67.73,136.65,19.2,70.35,2.31,0.35,1950.8,29.2,5.36,0.508,0
12.41,24.58,30.69,55.41,12.66,58.58,1.56,-0.01,1618.9,28.7,4.84,0.555,0
14.0,24.05,30.32,40.78,10.73,46.89,1.37,0.02,554.7,26.3,1.8,0.748,0
2.0,3.52,5.13,6.3,1.96,25.19,1.67,-0.38,2446.2,38.9,8.14,0.405,0
41.24,93.39,146.44,262.56,37.08,77.52,4.41,1.17,2414.4,36.1,8.51,0.371,1
3.95,11.41,16.74,34.16,5.1,52.62,1.63,-0.05,1562.0,29.5,4.61,0.557,0
68.68,115.15,172.91,304.78,82.16,91.69,5.67,3.4,1898.7,32.7,7.95,0.379,1
45.39,64.38,121.56,140.26,42.74,45.33,2.52,0.26,2474.4,46.0,7.42,0.371,0
11.83,54.26,68.01,128.55,10.39,43.46,2.28,-0.12,2610.7,55.0,10.88,0.294,0
15.95,44.97,74.67,155.14,19.71,71.07,2.72,0.11,1149.1,30.4,5.89,0.601,0
23.38,39.13,73.33,132.09,23.36,59.52,2.36,0.21,2240.8,33.3,6.34,0.44,0
5.08,10.56,25.49,36.28,4.31,48.73,1.81,-0.29,985.8,26.9,5.48,0.697,0
12.87,46.48,85.72,109.93,16.62,47.51,2.22,0.05,2325.8,32.5,9.28,0.348,0
11.18,19.76,35.93,57.92,9.38,64.81,2.01,0.08,1595.1,32.9,9.18,0.455,0
9.84,18.11,24.49,37.12,12.31,43.58,1.63,-0.0,457.4,16.1,2.84,0.735,0
17.03,47.42,62.18,96.38,20.2,63.87,2.28,0.06,1690.8,36.6,8.59,0.382,0
65.2,116.08,180.82,316.47,69.48,81.13,6.26,3.06,3127.5,52.8,8.54,0.29,1
10.42,48.78,89.09,171.48,11.47,64.4,2.32,-0.09,1264.1,30.3,3.39,0.633,0
10.06,18.24,45.1,100.58,12.24,56.83,2.06,-0.19,484.6,21.2,1.9,0.771,0
11.56,18.36,53.98,113.52,12.58,67.99,2.68,0.15,2712.6,56.7,7.5,0.315,0
28.76,38.39,44.41,104.28,22.44,54.9,2.19,-0.0,2114.2,43.6,5.88,0.576,0
13.51,56.09,126.58,305.4,14.44,84.49,4.62,0.33,2569.0,52.4,9.52,0.452,0
24.37,56.82,148.19,206.05,30.29,64.45,3.6,0.34,1674.5,39.8,7.24,0.496,1
73.14,102.29,133.91,169.86,81.46,56.68,3.22,1.53,2330.1,43.8,10.09,0.291,1
84.64,124.24,229.26,431.36,72.68,82.55,5.94,2.17,1345.7,25.3,3.57,0.61,1
38.29,67.22,99.21,125.55,40.5,63.74,2.88,0.58,1917.2,36.0,5.64,0.615,0
15.53,27.0,62.51,144.14,19.77,59.37,2.51,0.02,2032.0,42.3,5.89,0.443,0
4.51,13.76,26.4,75.25,5.05,58.89,1.78,-0.17,2525.8,34.8,7.32,0.293,0
26.49,40.53,52.61,138.21,23.02,68.02,2.68,0.52,2251.3,40.8,5.84,0.478,0
5.67,6.86,12.04,32.03,5.51,53.09,1.79,-0.06,2323.0,45.9,9.66,0.413,0
19.18,23.63,25.86,48.48,23.23,54.6,1.64,0.15,847.4,27.4,2.74,0.69,0
63.87,115.18,203.6,232.42,74.76,84.1,5.45,2.38,776.5,28.0,2.24,0.72,1
13.59,21.7,38.71,70.14,11.93,53.38,1.73,-0.18,1936.7,35.7,6.92,0.491,0
50.68,72.14,95.49,199.34,59.05,55.72,2.49,0.61,1974.8,33.2,5.2,0.512,0
34.87,47.46,101.37,203.46,25.71,79.47,3.4,0.59,1160.1,24.9,5.98,0.653,1
14.2,30.64,59.4,126.13,10.06,54.62,1.8,-0.17,1625.3,31.8,6.65,0.491,0
18.72,43.91,82.05,130.93,16.6,72.77,2.55,0.27,733.3,20.5,3.89,0.749,0
13.08,23.69,33.32,58.21,14.48,30.02,1.39,-0.05,1102.5,36.8,4.14,0.558,0
33.14,66.04,85.44,158.1,36.93,74.85,3.41,1.11,2538.7,41.9,6.83,0.403,0
5.08,51.04,117.4,216.88,6.16,87.03,3.51,-0.13,586.2,18.5,2.26,0.766,1
10.31,39.84,76.45,85.76,9.54,54.76,2.65,-0.15,2952.7,43.5,8.01,0.243,0
37.32,59.75,135.76,255.48,36.02,75.09,3.79,0.74,1452.3,32.1,4.53,0.606,1
10.93,27.61,58.64,72.99,8.79,43.88,1.94,-0.18,742.6,16.5,3.74,0.711,0
85.35,130.84,166.49,236.64,95.45,61.43,3.23,1.5,481.6,21.5,3.55,0.67,1
36.65,70.0,79.92,240.73,28.85,60.98,2.64,0.41,1824.9,36.4,8.81,0.565,0
74.77,99.55,192.21,388.52,81.36,93.35,6.75,3.79,1952.2,36.2,5.33,0.535,1
15.99,37.09,117.63,187.86,14.77,68.89,3.27,0.15,900.5,22.5,6.03,0.678,0
12.51,74.73,180.38,372.26,12.11,82.6,4.58,0.08,598.6,20.1,2.13,0.764,0
16.85,26.0,36.23,48.98,17.24,39.86,2.02,-0.13,3106.0,49.3,11.91,0.269,0
21.38,56.84,174.66,197.05,24.3,77.51,4.76,0.66,1455.8,35.0,5.32,0.591,0
10.55,33.19,41.72,92.25,11.49,62.23,1.74,-0.05,1152.3,27.3,3.38,0.751,0
2.4,3.78,32.45,47.59,1.93,32.72,1.49,-0.35,544.1,21.7,4.47,0.808,0
25.51,33.9,62.73,96.42,22.84,67.73,2.49,0.17,1391.8,31.4,5.22,0.686,0
6.42,7.58,9.83,13.66,5.18,42.65,1.79,-0.28,2986.0,40.9,10.77,0.246,0
10.86,43.7,90.26,206.55,13.07,82.15,3.86,0.06,2336.5,39.4,8.25,0.391,0
3.77,32.3,42.59,111.84,4.43,49.32,1.59,-0.13,1500.5,34.1,4.69,0.582,0
15.64,29.82,61.39,123.36,11.05,57.43,2.14,-0.12,1537.3,39.7,5.42,0.618,0
67.78,119.9,142.63,183.2,70.78,52.2,2.78,0.73,712.8,26.9,2.72,0.81,1
3.25,7.08,25.45,46.67,2.28,29.06,1.48,-0.09,940.9,28.6,4.34,0.641,0
17.0,23.21,47.51,166.9,16.0,79.05,2.43,0.26,1983.9,27.2,5.67,0.485,0
26.45,50.95,92.93,111.88,25.66,54.53,2.3,0.31,2719.3,39.7,7.86,0.399,0
33.49,47.17,112.93,182.78,39.86,50.33,2.25,0.28,2704.6,43.3,7.14,0.471,0
38.99,57.98,81.8,122.31,31.46,46.67,1.82,0.28,1783.1,29.6,6.12,0.493,0
38.61,66.26,105.66,131.88,46.21,71.09,3.08,0.8,1644.3,29.6,4.87,0.453,0
6.11,18.63,33.52,58.21,6.0,37.4,1.79,-0.16,1910.4,32.5,9.06,0.441,0
51.37,74.16,160.62,182.88,39.3,65.89,3.42,0.67,1150.9,27.3,3.78,0.636,0
5.92,31.72,63.92,73.91,4.5,55.9,2.45,-0.19,2447.4,44.3,10.04,0.405,0
6.0,19.55,40.01,80.11,6.4,54.04,1.5,-0.31,729.2,19.5,2.56,0.801,0
9.63,32.93,78.57,122.03,10.45,63.09,2.28,0.11,1542.3,31.6,5.0,0.588,0
32.93,70.01,107.59,199.2,33.19,87.18,3.4,0.81,647.2,15.0,3.2,0.643,1
21.73,29.55,49.68,100.22,25.75,64.41,2.51,0.43,3013.7,43.7,8.56,0.271,0
27.07,44.51,49.97,106.91,22.31,40.24,1.86,-0.19,1331.4,33.7,8.12,0.465,0
49.4,62.29,83.29,99.44,46.56,59.28,2.56,0.75,2271.3,34.4,6.26,0.478,0
11.39,71.49,114.77,242.22,12.6,62.87,2.78,-0.16,1757.2,22.8,10.11,0.436,0
2.37,12.1,18.96,36.41,3.0,46.16,1.65,-0.44,3197.2,53.5,9.07,0.236,0
5.86,24.07,32.77,38.2,5.91,51.47,1.71,-0.01,1743.8,32.5,6.71,0.506,0
36.4,48.19,102.38,140.43,43.55,49.07,2.22,0.3,3111.0,47.9,8.56,0.259,0
80.64,119.87,197.72,303.86,67.69,79.09,6.46,2.8,3194.3,52.0,8.46,0.266,1
9.79,24.74,28.64,77.8,8.75,71.15,1.96,-0.16,506.6,18.4,2.98,0.723,0
22.25,25.75,46.79,56.33,16.98,43.13,1.84,-0.17,806.5,22.7,2.27,0.719,0
2.44,5.59,6.87,19.9,3.01,23.66,1.53,-0.38,1665.4,32.9,4.41,0.511,0
26.61,60.62,97.09,221.3,19.69,73.09,2.76,0.09,806.9,21.2,2.41,0.667,1
0.29,0.95,1.35,3.17,0.34,26.25,1.38,-0.19,2486.4,46.9,6.97,0.337,0
28.85,59.54,104.42,133.01,29.83,59.35,3.14,-0.02,759.5,18.4,4.13,0.761,0
31.31,72.92,127.37,200.49,29.59,61.35,3.31,0.14,1081.8,30.1,5.16,0.614,1
5.31,16.06,27.41,41.99,6.9,56.86,1.51,-0.06,2154.8,34.3,7.12,0.465,0
39.78,71.68,108.91,241.8,40.62,60.44,2.57,0.81,2905.1,42.8,8.92,0.348,0
13.27,16.5,41.67,63.24,16.01,66.47,2.24,0.19,1484.2,28.3,6.89,0.548,0
50.84,95.02,109.16,212.16,50.44,68.56,3.72,1.25,2505.9,41.6,6.5,0.396,1
29.03,31.59,90.77,185.22,20.94,70.34,3.18,0.45,2465.2,49.2,9.44,0.373,0
19.66,34.69,108.09,149.57,24.54,77.37,3.4,0.39,675.1,27.6,2.1,0.773,0
29.91,32.88,58.44,97.21,28.68,61.73,2.43,0.25,2337.9,42.3,6.11,0.378,0
2.97,3.93,12.9,19.54,3.16,34.61,1.99,-0.15,1550.2,24.2,4.49,0.659,0
8.69,18.39,33.62,50.13,7.72,33.73,1.69,-0.2,1902.0,39.4,5.69,0.547,0
31.45,62.36,83.9,158.93,34.85,52.56,2.75,0.47,1978.0,35.4,6.51,0.55,0
14.73,60.18,75.39,92.2,15.6,55.82,2.01,0.13,3157.7,48.9,9.69,0.29,0
5.07,35.69,65.21,94.55,5.86,50.01,1.95,-0.32,2807.4,49.9,9.06,0.279,0
18.99,30.31,51.45,99.56,14.67,55.07,2.24,-0.18,2551.0,40.4,6.62,0.419,0
66.09,126.4,179.97,344.27,71.06,79.27,5.28,2.33,2033.5,35.3,9.48,0.367,1
8.91,56.22,123.47,238.68,7.44,67.3,3.22,-0.27,1671.4,35.9,7.76,0.557,0
30.2,49.9,118.28,282.45,28.58,73.76,3.73,0.69,2814.4,47.0,7.25,0.428,1
4.7,10.88,14.27,16.86,3.5,25.23,1.78,-0.14,3111.4,43.1,9.18,0.193,0
13.04,16.78,57.35,152.48,13.16,67.91,2.38,0.22,2551.1,34.4,10.42,0.215,0
3.46,21.58,38.78,85.49,4.14,39.16,1.84,-0.39,1754.4,36.6,8.24,0.45,0
22.99,60.26,159.87,338.31,21.94,74.72,4.1,0.36,409.1,18.5,1.69,0.857,1
26.16,59.07,80.29,157.45,21.53,49.12,2.05,0.04,1474.3,27.4,9.03,0.38,0
15.43,28.99,31.32,35.47,19.94,49.19,1.71,-0.03,2312.2,39.9,6.33,0.388,0
13.46,25.2,27.61,34.15,14.01,51.39,1.85,-0.16,2141.9,34.0,5.65,0.51,0
4.05,13.52,24.07,60.11,3.18,34.77,1.82,-0.12,1134.8,40.4,5.17,0.611,0
66.45,100.02,157.55,248.0,63.29,56.83,3.59,0.97,2576.2,35.9,7.13,0.365,1
13.59,15.79,26.46,44.72,16.5,39.58,1.89,-0.23,2950.5,45.8,7.94,0.319,0
0.9,1.33,4.43,9.58,0.95,36.22,1.26,-0.15,2236.2,44.3,11.07,0.278,0
37.56,54.76,62.51,162.98,27.93,50.89,2.12,0.14,2325.8,34.5,12.29,0.243,0
28.29,33.21,76.22,192.07,34.95,66.01,2.81,0.79,2405.3,39.3,6.29,0.46,1
2.98,18.4,26.56,56.41,3.31,61.77,1.52,-0.26,1280.7,30.2,7.65,0.53,0
16.29,20.76,40.33,78.92,18.51,39.88,1.55,-0.07,1275.3,28.7,4.16,0.642,0
12.18,64.1,131.52,181.9,12.89,75.64,3.51,-0.05,1505.6,26.3,5.23,0.624,0
34.93,39.57,55.63,154.16,25.34,65.18,1.98,0.28,1340.9,29.6,3.81,0.676,0
1.28,3.89,6.37,11.01,1.58,48.46,1.31,-0.47,3083.9,40.8,9.46,0.302,0
7.39,44.15,110.72,236.03,5.18,70.42,3.35,-0.03,2499.9,46.5,6.78,0.435,0
19.77,28.87,62.85,100.21,22.96,65.52,2.25,0.41,3027.1,49.2,9.28,0.344,0
25.04,78.48,185.77,379.2,19.7,62.19,4.76,0.25,3138.5,54.3,9.29,0.343,0
30.25,69.44,145.47,213.81,25.92,72.12,4.51,0.59,1979.0,41.5,7.41,0.483,0
6.61,11.91,22.11,36.77,6.86,22.8,1.53,-0.22,2710.4,45.8,9.73,0.269,0
21.01,31.44,52.34,110.01,22.75,45.44,1.63,-0.16,599.5,22.4,2.48,0.818,0
10.21,19.99,27.68,47.9,7.82,42.62,1.68,-0.08,2947.8,52.2,9.61,0.251,0
20.04,58.4,121.68,281.66,16.91,75.44,3.75,0.09,1542.7,33.6,6.29,0.522,0
8.73,36.21,56.97,106.21,8.18,66.15,2.63,-0.2,2528.1,48.6,7.39,0.301,0
45.63,82.36,142.19,355.87,55.43,61.98,3.54,1.2,2993.2,39.0,10.45,0.196,1
7.32,11.42,13.2,23.08,9.48,49.41,1.57,-0.2,3139.4,49.6,8.44,0.28,0
9.04,10.32,13.35,22.85,11.07,42.09,1.79,-0.14,1199.0,27.7,5.11,0.645,0
1.0,1.27,2.89,3.93,1.19,24.38,1.14,-0.36,2354.4,40.5,7.72,0.464,0
10.32,41.55,94.24,153.05,8.61,48.46,2.47,-0.09,1431.9,37.3,4.05,0.59,0
15.5,30.02,48.05,92.25,19.66,46.75,2.09,0.1,3007.6,41.0,9.28,0.284,0
10.16,40.07,74.22,123.49,8.78,55.89,2.2,-0.11,2015.2,39.1,7.18,0.47,0
48.32,96.41,133.18,260.54,54.97,73.34,3.99,1.48,1356.6,33.9,5.08,0.561,1
11.45,29.31,45.41,68.79,11.48,60.44,1.98,-0.18,603.4,36.0,1.73,0.76,0
24.75,47.3,83.77,180.27,24.1,85.63,3.01,0.42,568.2,22.9,2.04,0.825,1
3.13,9.23,14.17,31.38,2.92,54.3,1.79,-0.1,2059.6,36.2,9.22,0.412,0
36.75,55.96,71.28,125.3,47.5,70.92,2.8,1.3,1703.3,36.8,6.11,0.518,0
25.48,56.59,137.96,286.05,25.58,83.7,4.76,0.86,1443.1,42.4,4.56,0.612,1
63.79,89.71,140.41,167.85,56.28,70.53,3.61,1.2,1620.6,31.6,4.59,0.52,1
8.86,11.62,21.68,32.29,8.18,47.54,2.06,-0.17,1433.5,30.6,4.31,0.535,0
66.66,109.81,203.66,336.24,47.99,67.55,5.25,1.39,2542.4,48.3,6.96,0.404,1
24.63,34.08,88.84,172.76,26.94,73.56,3.72,0.54,3100.4,43.2,9.22,0.397,0
62.87,67.59,99.69,269.36,78.88,84.0,4.23,3.4,2670.7,48.2,8.72,0.234,1
58.02,99.45,142.08,167.78,72.43,76.94,4.69,2.67,2799.9,53.6,7.53,0.477,1
34.35,72.26,123.8,200.74,41.04,59.17,3.05,0.56,1802.0,32.1,5.7,0.449,0
29.09,47.48,78.52,131.1,30.63,63.35,2.24,0.46,1429.5,33.1,3.83,0.543,0
45.91,80.9,120.28,199.91,37.57,76.14,3.9,0.92,1635.9,31.3,5.85,0.54,1
14.56,20.49,26.52,104.38,15.17,51.87,1.54,-0.07,1336.7,31.1,5.51,0.563,0
2.35,9.24,25.15,58.03,1.85,58.42,1.76,-0.31,2078.2,47.7,7.97,0.474,0
34.41,61.0,80.54,213.7,36.43,69.75,2.52,0.92,2181.7,39.0,11.01,0.355,1
16.84,26.74,42.39,106.97,19.1,59.91,1.7,0.1,1195.8,31.3,5.1,0.529,0
17.06,66.59,137.64,227.45,21.82,73.22,4.14,0.58,2619.7,46.0,6.99,0.318,1
9.57,15.62,22.4,52.69,7.89,44.97,1.84,-0.2,2267.5,43.0,6.12,0.499,0
16.02,64.6,90.99,152.28,12.28,71.48,3.32,0.24,2642.2,48.3,8.56,0.365,0
5.79,10.27,12.99,14.65,4.44,24.17,1.26,-0.14,2431.8,31.1,8.19,0.446,0
40.48,48.98,87.9,173.33,49.73,66.62,3.08,1.38,2515.0,44.9,6.57,0.428,1
74.54,104.31,146.78,272.01,91.05,84.91,3.33,1.72,507.4,11.0,2.21,0.734,1
16.73,25.72,32.54,81.46,19.92,46.44,1.91,0.17,2845.9,45.2,8.46,0.18,0
25.53,31.9,55.48,67.24,27.49,36.34,1.65,-0.17,1420.9,26.2,3.91,0.645,0
22.0,64.38,111.8,151.69,26.21,71.05,3.24,0.49,1892.9,36.5,5.33,0.497,0
27.52,37.89,74.49,95.48,35.17,43.17,1.98,0.16,926.8,30.8,2.86,0.725,0
47.18,54.77,114.02,195.2,42.44,76.46,4.35,1.56,2406.3,52.4,6.73,0.426,1
51.1,87.98,95.64,144.14,51.63,67.6,2.99,0.87,1816.9,30.3,5.85,0.437,1
28.65,48.01,82.99,120.0,30.22,46.47,1.74,0.01,788.0,23.3,6.28,0.694,0
7.38,62.11,77.26,141.64,6.08,78.29,2.82,-0.18,1449.1,23.7,4.57,0.55,0
21.58,29.57,99.39,205.98,27.74,66.1,3.48,0.38,507.3,33.1,2.08,0.767,1
30.89,81.4,134.23,236.49,38.36,84.88,4.1,1.01,607.8,20.9,2.41,0.753,1
27.32,30.43,50.88,101.97,24.82,56.7,2.3,0.41,3172.6,56.9,9.29,0.259,0
15.8,23.98,60.95,112.85,12.52,48.36,2.21,-0.13,980.4,24.8,2.88,0.611,0
21.69,59.76,126.47,254.81,18.68,84.71,4.53,0.37,1755.0,32.5,5.64,0.532,0
33.47,74.03,161.76,188.44,24.46,73.35,4.77,0.73,2647.7,47.4,8.65,0.281,1
18.58,35.55,41.95,78.55,15.97,63.32,2.17,0.3,2426.3,42.1,6.67,0.459,0
49.07,76.23,113.9,194.2,60.52,65.87,3.17,1.28,2070.5,36.5,6.19,0.505,1
5.31,12.44,27.19,50.09,6.73,43.21,1.63,-0.15,2319.0,46.0,6.16,0.489,0
7.96,34.98,75.76,194.99,6.25,72.74,2.79,-0.06,2620.8,45.5,8.73,0.333,0
57.66,117.66,219.75,379.25,61.26,82.62,5.03,1.67,401.1,20.7,1.81,0.83,1
17.61,21.87,54.68,107.14,22.82,40.08,2.0,-0.05,2549.7,34.9,11.98,0.212,0
10.34,16.97,67.68,133.01,10.4,59.11,2.41,0.01,1457.3,29.2,6.41,0.661,0
10.73,14.3,44.73,75.5,8.56,44.95,1.48,-0.33,1614.6,34.9,4.7,0.587,0
27.7,33.61,40.97,95.39,34.91,65.68,2.32,0.55,2757.9,40.7,8.08,0.391,0
21.71,42.47,45.56,85.04,23.97,60.56,1.85,0.29,782.8,26.6,3.51,0.638,0
8.83,13.46,16.23,27.59,11.01,38.12,1.7,-0.09,716.1,26.6,2.72,0.799,0
18.55,33.85,57.44,61.93,15.95,49.15,1.89,0.17,2596.9,47.6,7.65,0.38,0
17.72,39.64,58.9,97.17,16.9,67.64,2.62,-0.07,835.4,23.9,7.27,0.59,0
74.42,125.51,188.52,223.61,73.79,65.22,3.79,1.3,1614.5,31.5,5.91,0.471,1
27.0,36.67,70.45,111.85,22.09,42.87,1.84,0.16,819.2,33.4,6.33,0.59,0
44.74,89.67,143.48,277.72,34.18,86.08,6.18,1.62,3119.3,54.7,8.27,0.412,1
69.33,95.68,184.83,297.75,86.9,70.04,4.15,1.81,570.1,24.1,2.14,0.754,1
6.61,9.9,11.2,20.06,5.18,24.73,1.36,-0.14,2724.9,45.5,8.02,0.407,0
8.5,43.77,53.72,149.35,7.98,61.93,2.3,-0.16,1458.5,27.0,4.03,0.635,0
4.82,6.19,11.88,20.13,4.51,20.63,1.54,-0.36,2493.2,46.0,8.17,0.311,0
0.27,0.35,0.74,0.87,0.35,34.75,1.4,-0.38,2360.0,45.8,8.07,0.345,0
8.08,21.51,53.31,72.93,9.16,37.33,1.66,-0.04,2183.8,38.0,8.06,0.443,0
13.67,35.3,56.06,126.6,12.7,43.84,2.06,-0.23,1609.1,45.7,5.31,0.529,0
27.48,52.86,72.37,166.32,28.52,63.25,2.89,0.36,2129.1,37.2,5.98,0.549,0
6.66,35.72,81.07,112.39,6.14,72.49,2.77,0.03,1560.5,32.3,4.74,0.548,0
13.29,60.42,125.14,245.29,12.15,73.47,3.64,0.22,1713.0,35.1,6.16,0.472,1
2.57,7.15,11.12,19.94,1.89,43.14,1.38,-0.2,811.1,18.1,5.88,0.578,0
25.23,29.47,44.64,96.94,22.99,45.0,1.9,-0.03,2728.5,42.3,9.64,0.28,0
29.21,62.33,147.75,245.74,25.79,81.27,4.79,0.72,2303.0,44.0,8.93,0.335,0
3.8,27.75,40.55,104.27,4.12,40.86,1.79,-0.24,2836.1,51.6,12.72,0.223,0
18.09,22.04,79.09,153.55,23.17,73.21,2.63,0.46,819.6,23.9,4.06,0.727,0
0.69,4.4,6.2,15.99,0.85,36.04,1.4,-0.11,3041.9,53.7,8.72,0.322,0
56.42,85.37,94.99,209.38,55.26,84.11,3.0,1.52,628.2,19.4,4.44,0.679,1
35.29,49.7,72.63,152.4,45.33,76.71,2.91,1.19,956.4,33.7,4.5,0.615,0
17.86,27.43,46.41,63.88,22.33,45.62,1.59,-0.19,2011.9,36.4,6.94,0.479,0
13.3,15.92,31.74,58.32,16.62,57.66,2.09,0.24,2430.3,51.2,7.38,0.429,0
21.61,46.5,65.74,186.78,24.33,65.89,2.69,0.3,2147.3,39.8,6.16,0.498,0
0.55,3.1,5.52,8.94,0.42,16.83,2.07,-0.33,1504.7,31.8,4.63,0.527,0
15.85,19.65,45.07,59.0,18.98,56.74,2.13,0.24,2270.9,35.7,8.76,0.299,0
28.52,45.93,87.7,117.69,24.33,61.34,2.31,0.12,1188.2,25.1,4.11,0.608,0
32.39,40.55,140.34,183.81,26.05,70.68,3.99,0.75,2537.8,46.6,9.3,0.327,1
54.8,82.47,110.11,213.33,53.53,82.35,3.9,1.72,2827.1,38.2,9.19,0.255,1
10.61,15.87,43.28,130.14,13.3,54.53,2.21,0.1,3012.9,43.2,11.57,0.111,0
8.46,13.2,27.21,42.54,7.3,26.96,1.53,-0.24,2227.7,38.3,7.76,0.375,0
34.23,54.87,100.53,167.43,24.86,74.75,3.29,0.26,648.9,28.4,10.18,0.484,0
30.47,48.43,94.49,186.77,37.33,70.34,3.39,0.73,2488.8,39.1,7.61,0.429,1
17.07,36.93,60.61,73.38,19.93,69.75,2.45,0.07,1683.0,27.2,4.49,0.601,0
35.29,58.75,78.47,124.66,37.52,52.39,2.37,0.41,1684.4,36.9,5.87,0.617,0
25.81,31.63,34.83,59.49,20.98,54.39,1.9,0.04,2098.7,39.8,6.25,0.513,0
5.88,6.99,10.9,15.6,4.17,46.45,1.75,-0.15,3087.6,43.1,8.39,0.324,0
48.21,60.13,76.56,134.72,58.76,46.04,2.03,0.49,3137.7,48.5,8.23,0.354,0
7.08,29.01,38.35,77.41,7.7,50.51,2.04,-0.06,3127.2,52.8,8.36,0.365,0
9.83,17.73,22.84,38.83,8.91,49.5,1.9,-0.02,766.9,33.7,3.52,0.791,0
24.2,40.52,66.9,76.91,21.98,42.31,2.22,-0.14,2301.7,49.1,6.35,0.465,0
21.85,56.06,79.09,119.02,23.36,53.15,2.13,0.09,1553.3,30.2,4.78,0.511,0
3.93,8.77,14.49,28.49,3.29,24.36,1.28,-0.28,2067.9,34.2,7.11,0.47,0
29.61,53.62,89.91,183.47,26.81,76.58,3.0,0.51,1624.8,32.1,4.34,0.609,0
16.61,33.1,55.98,76.73,21.57,42.12,2.13,0.14,2198.6,35.2,8.57,0.346,0
8.15,19.97,24.37,44.91,8.41,40.88,1.67,-0.05,1170.5,33.3,3.65,0.603,0
4.72,6.69,13.73,27.06,4.57,41.98,2.04,-0.41,2374.4,43.9,10.67,0.311,0
13.6,15.93,34.66,56.48,13.93,44.6,1.9,-0.15,568.6,24.5,1.74,0.76,0
17.13,47.4,73.74,141.76,21.4,50.94,1.9,-0.12,441.1,21.5,2.95,0.826,0
5.88,38.07,75.1,157.81,6.13,67.41,2.92,-0.03,2747.0,58.0,7.11,0.345,0
25.57,43.86,102.3,146.9,26.13,69.98,3.36,0.52,2903.4,54.6,7.57,0.262,0
11.94,50.61,122.17,178.76,13.85,61.23,3.49,-0.07,2644.8,30.5,7.52,0.475,0
51.2,93.82,149.91,221.8,52.11,74.75,4.59,1.57,2504.6,41.3,7.05,0.438,1
3.74,19.32,44.11,64.85,4.23,45.01,2.02,-0.14,2962.0,42.5,9.06,0.345,0
39.63,42.17,90.82,133.5,40.77,51.27,1.76,0.37,1004.9,18.2,2.88,0.722,0
17.22,25.31,51.71,92.87,16.74,55.09,2.24,0.07,2158.3,47.0,5.62,0.402,0
43.44,69.99,102.95,199.55,43.51,81.89,4.02,1.23,969.7,31.9,4.16,0.61,1
4.7,10.81,52.29,83.32,4.25,48.43,1.69,-0.37,489.3,13.7,1.64,0.786,0
47.84,92.85,106.84,233.23,51.22,53.89,2.66,0.79,1669.4,38.4,4.46,0.709,1
20.27,47.67,82.35,189.34,17.99,78.55,3.52,0.35,2951.2,49.7,8.02,0.374,0
6.9,11.67,31.45,38.88,8.45,33.98,1.42,-0.34,1130.6,28.6,3.04,0.671,0
43.87,83.63,112.03,145.06,31.29,57.14,3.09,0.38,2544.8,51.3,7.3,0.427,0
35.27,48.44,123.76,230.77,34.55,71.22,3.74,0.76,2941.7,43.0,8.67,0.396,1
12.68,16.03,29.42,39.62,16.33,46.57,1.56,-0.17,1913.0,34.8,5.84,0.49,0
14.73,20.47,37.32,69.52,13.7,36.51,1.51,-0.1,2824.8,53.7,7.65,0.371,0
7.45,13.28,24.92,36.5,6.64,43.46,1.72,-0.21,2053.0,30.9,6.54,0.483,0
62.91,109.93,169.71,201.26,45.1,86.09,4.87,1.34,871.8,23.4,2.81,0.656,1
12.16,40.91,63.95,83.13,15.39,60.21,2.03,-0.12,2750.7,39.2,8.03,0.303,0
36.24,96.31,108.47,154.32,30.81,54.69,2.39,0.09,1533.0,28.6,5.48,0.535,0
19.53,82.39,164.32,242.24,22.27,82.43,5.24,0.49,2397.1,38.4,6.31,0.305,0
2.08,5.75,12.03,59.84,2.04,36.11,1.65,-0.23,2070.1,35.2,10.52,0.354,0
5.62,12.59,22.26,43.16,7.13,60.64,1.94,-0.15,837.1,24.6,4.41,0.636,0
40.81,80.14,149.64,278.11,43.33,67.2,4.41,1.21,2914.2,45.6,10.19,0.143,1
5.36,6.02,6.64,13.29,6.94,42.85,1.59,-0.27,1199.2,27.3,4.07,0.602,0
32.34,75.7,101.99,148.82,32.29,59.17,2.78,0.36,1700.5,35.5,5.43,0.514,0
45.42,49.99,96.02,122.85,54.11,54.73,2.36,0.57,2305.6,35.0,6.53,0.445,1
18.05,36.1,59.89,99.24,13.32,62.74,2.24,0.15,1415.8,27.7,7.79,0.486,0
3.06,5.88,7.96,9.92,3.36,20.96,1.54,-0.23,1233.5,31.2,4.02,0.567,0
14.02,25.09,59.01,127.09,16.47,60.61,2.24,-0.08,1934.9,35.2,9.46,0.491,0
4.95,6.6,13.88,21.61,5.43,47.65,1.47,-0.38,1418.5,38.7,4.19,0.526,0
20.31,24.93,45.67,84.88,17.78,42.41,1.48,-0.17,2899.0,53.2,8.66,0.389,0
16.45,25.72,51.27,78.93,15.72,63.28,2.28,0.22,3039.2,44.5,8.5,0.285,0
5.93,12.09,24.77,64.39,6.29,38.19,1.53,-0.29,747.0,27.2,3.22,0.792,0
22.81,57.13,90.08,124.18,23.16,53.37,2.25,0.17,1159.8,24.0,3.61,0.645,0
74.66,137.21,190.57,310.66,77.7,62.35,4.2,1.64,2734.0,40.5,8.19,0.386,1
12.45,16.14,37.38,68.73,9.23,50.89,2.07,-0.23,2525.1,43.6,8.58,0.286,0
8.96,20.22,36.93,45.3,11.39,50.36,1.55,0.01,876.5,23.9,11.18,0.486,0
8.44,12.44,26.87,44.51,8.54,30.46,1.73,-0.23,1266.6,18.8,5.82,0.605,0
34.15,55.47,70.75,87.26,30.89,43.77,2.13,-0.02,3167.1,48.9,8.44,0.309,0
22.68,26.9,58.44,91.92,23.91,60.96,2.04,0.02,486.6,23.6,1.43,0.825,0
35.82,73.17,117.0,192.12,37.43,59.2,3.21,0.41,2014.1,43.2,8.27,0.458,0
13.97,34.02,75.03,126.16,16.89,65.77,2.59,0.17,1981.9,39.7,5.74,0.493,0
36.94,70.57,152.43,304.61,45.3,58.69,3.46,0.67,1121.4,29.4,3.08,0.564,1
27.77,43.49,58.62,71.72,30.78,58.51,1.72,0.24,2158.6,36.7,6.59,0.563,0
45.26,90.6,96.84,150.03,44.63,64.1,3.23,0.78,2297.7,46.6,6.94,0.403,0
5.77,37.35,99.13,154.81,4.6,64.41,3.26,-0.26,2654.2,49.9,9.3,0.35,0
4.29,10.39,15.73,27.85,3.36,28.09,1.55,-0.13,529.0,17.2,4.03,0.747,0
64.17,75.61,102.59,225.67,66.91,76.78,3.15,2.12,1952.7,33.7,6.5,0.559,1
33.81,56.95,93.31,139.03,38.11,44.5,2.07,0.41,3006.4,49.8,10.26,0.195,0
12.65,22.26,44.56,55.58,12.22,32.47,1.75,-0.15,1420.1,31.5,4.63,0.644,0
53.64,67.26,93.8,298.69,39.16,62.92,2.58,0.53,1122.5,28.0,3.57,0.633,1
18.19,29.9,49.11,73.29,20.39,50.64,1.8,-0.1,2176.6,40.3,5.79,0.586,0
27.43,45.83,72.52,90.48,25.0,58.84,2.4,0.26,575.1,27.3,3.06,0.752,0
4.0,6.74,8.2,19.44,3.53,39.18,1.78,-0.23,1239.5,20.2,3.38,0.57,0
9.53,17.62,30.57,53.03,11.62,58.98,2.12,-0.05,2348.7,28.0,6.81,0.501,0
2.08,10.62,13.57,52.04,2.68,46.75,1.26,-0.41,2148.4,29.9,6.47,0.504,0
9.24,22.5,38.34,95.65,8.26,49.27,1.91,-0.34,1486.0,24.8,4.05,0.648,0
0.69,1.62,3.28,9.41,0.58,29.08,1.78,-0.32,1255.7,30.9,4.85,0.588,0
27.1,63.98,124.54,139.25,20.61,71.54,3.72,0.21,2960.4,42.3,7.76,0.194,0
26.61,31.97,68.06,108.03,25.17,72.55,2.55,0.29,1699.1,26.8,6.11,0.504,0
4.98,9.77,15.01,23.31,3.71,53.2,1.45,-0.24,1955.8,41.5,6.32,0.543,0
31.24,48.02,70.93,135.46,34.79,76.24,2.86,0.95,2791.6,46.7,9.22,0.208,0
1.4,9.23,12.92,37.79,0.99,48.84,1.84,-0.44,2946.9,42.6,8.15,0.35,0
5.17,23.48,26.5,60.61,3.84,33.62,1.75,-0.11,1543.6,30.3,5.68,0.506,0
2.42,7.74,10.06,24.19,2.6,48.12,1.4,-0.39,1607.2,28.5,5.08,0.555,0
19.55,29.76,51.58,221.1,20.09,59.37,1.65,0.17,902.1,23.6,2.75,0.825,0
78.14,135.57,232.1,332.5,95.16,61.24,4.21,1.73,965.4,28.1,2.86,0.687,1
13.66,26.82,29.66,96.15,13.27,52.7,1.87,-0.08,1412.7,27.6,4.49,0.607,0
4.58,6.93,17.34,29.36,5.81,44.24,1.31,-0.11,2289.5,48.7,6.2,0.44,0
18.01,74.43,91.82,242.75,18.8,80.66,3.53,0.3,2229.6,38.4,6.14,0.432,1
49.26,62.23,90.54,208.17,62.45,55.73,2.22,1.03,1527.1,34.5,6.55,0.596,1
39.94,45.46,68.66,148.54,38.57,74.19,2.82,1.01,1310.3,32.9,3.63,0.695,1
12.18,27.64,82.26,150.35,13.96,67.53,2.46,0.05,1217.5,32.5,6.63,0.553,0
11.49,18.52,22.0,67.39,9.09,34.5,1.26,-0.14,2084.8,35.4,8.55,0.367,0
17.57,29.75,77.31,120.6,21.63,72.95,3.14,0.52,1470.3,35.2,7.95,0.611,0
42.05,80.3,140.87,196.37,47.51,84.1,5.07,1.97,2165.1,41.3,5.94,0.539,1
49.03,79.36,120.19,220.55,43.25,83.77,4.34,1.63,2654.5,44.3,7.58,0.403,1
16.57,24.81,38.66,122.29,12.63,75.39,2.36,0.05,2772.0,42.4,7.35,0.352,0
14.2,22.83,43.45,73.41,17.71,55.58,1.9,-0.07,997.0,25.8,2.7,0.725,0
14.98,28.82,37.9,56.14,14.92,39.34,1.53,-0.01,2326.7,36.8,7.58,0.402,0
14.71,31.23,65.61,97.93,14.1,70.94,2.28,0.25,2034.1,34.4,5.74,0.499,0
14.81,26.82,30.71,54.73,14.95,28.84,1.82,-0.11,3059.0,42.5,9.67,0.273,0
7.73,11.89,15.08,32.1,5.48,35.36,1.43,-0.31,513.5,35.9,2.55,0.77,0
39.12,48.13,86.17,153.7,48.49,76.4,3.17,1.29,2069.8,31.4,11.14,0.284,1
9.03,12.32,22.62,31.38,11.31,33.04,1.6,-0.26,654.0,30.0,2.88,0.745,0
6.88,12.33,29.14,61.1,5.06,63.9,2.19,-0.34,1880.1,28.2,6.45,0.512,0
46.64,67.74,102.6,278.2,41.04,84.3,3.43,1.1,1702.4,30.9,4.82,0.547,1
15.88,64.78,148.26,246.22,17.34,63.2,3.03,-0.05,673.6,26.6,2.18,0.71,0
20.32,52.52,67.95,146.17,26.32,57.66,2.09,0.46,2552.0,43.5,7.18,0.44,0
43.94,88.28,121.46,174.29,38.0,77.63,4.45,1.42,2788.5,53.5,8.02,0.359,0
1.54,2.71,8.25,12.75,1.99,46.76,1.69,-0.32,707.0,23.5,4.74,0.661,0
1.31,4.87,5.44,15.06,1.16,21.48,1.47,-0.16,2048.4,36.3,6.35,0.507,0
9.14,34.11,56.17,100.68,11.87,52.17,2.28,-0.08,3088.0,57.0,10.22,0.225,0
44.16,78.0,110.97,262.01,47.39,55.66,2.97,0.67,2191.1,40.4,6.54,0.429,0
1.69,3.27,9.42,20.8,1.26,51.4,1.59,-0.48,1652.3,28.2,7.44,0.418,0
32.38,45.77,51.15,86.78,33.54,44.13,1.45,-0.05,780.0,23.5,2.98,0.648,0
25.2,57.86,76.16,162.31,25.42,76.29,3.18,0.72,3120.8,44.8,9.19,0.295,1
30.17,63.99,74.06,127.44,29.71,72.36,2.16,0.49,1525.3,24.6,4.2,0.616,0
5.51,9.49,26.46,67.19,4.03,57.12,1.75,-0.35,606.1,20.5,2.46,0.652,0
30.78,47.04,95.45,148.91,35.36,59.78,2.52,0.56,1894.6,37.7,7.53,0.409,0
7.01,21.58,51.15,73.88,7.92,60.75,2.08,-0.24,1674.4,31.5,5.1,0.532,0
0.73,3.68,12.3,24.79,0.83,32.32,1.8,-0.25,2777.9,45.6,10.59,0.259,0
3.36,8.53,30.48,43.55,3.91,52.89,1.85,-0.17,2510.2,37.1,10.47,0.334,0
52.27,77.29,195.34,393.73,48.09,77.28,5.91,1.65,2671.8,51.2,10.49,0.247,1
38.64,67.59,86.86,121.13,38.21,71.34,3.37,0.95,3057.8,43.4,8.21,0.311,0
5.28,9.49,12.85,23.69,3.72,29.74,1.62,-0.21,1660.0,32.9,5.94,0.629,0
44.26,54.43,110.76,162.53,52.9,69.64,2.79,0.77,431.9,16.4,1.56,0.831,1
37.98,79.18,123.1,207.51,27.17,68.18,3.51,0.31,2303.5,36.3,7.24,0.391,0
10.75,19.41,29.4,52.39,9.94,38.31,1.72,-0.16,2196.6,41.0,7.41,0.38,0
50.12,105.55,188.73,296.84,62.35,57.09,3.73,1.17,1132.7,37.5,5.03,0.578,1
44.82,85.13,97.95,189.13,52.03,77.25,2.75,0.74,463.2,16.5,1.39,0.745,1
8.81,18.95,34.65,55.72,7.55,34.59,2.12,-0.21,2291.2,37.0,6.6,0.42,0
13.81,57.87,106.07,227.09,15.11,60.74,2.98,0.26,2822.9,53.8,7.71,0.375,0
22.5,36.17,47.51,71.08,15.88,53.09,1.87,-0.25,585.1,17.5,3.13,0.636,0
14.34,25.85,42.42,55.75,13.41,47.53,1.95,-0.21,2581.1,32.9,7.55,0.419,0
0.74,4.82,6.38,12.74,0.65,48.36,1.93,-0.1,1009.1,25.5,4.72,0.585,0
42.9,80.06,113.12,145.98,46.19,57.44,2.54,0.53,679.5,23.3,2.7,0.745,1
16.96,19.9,24.44,47.3,14.27,38.58,1.69,-0.29,863.9,25.8,2.61,0.682,0
41.36,87.85,134.77,210.67,39.47,60.38,2.72,0.44,829.7,25.4,3.18,0.723,0
70.61,111.86,141.65,319.8,59.89,80.66,3.64,1.35,571.9,18.5,3.63,0.672,1
6.74,16.67,26.57,67.05,7.59,55.21,1.67,-0.07,1502.9,32.9,4.23,0.509,0
11.42,17.76,37.95,69.11,11.06,60.34,1.68,-0.02,2170.8,42.1,7.84,0.474,0
15.41,48.69,72.65,170.17,19.12,52.48,2.57,0.02,3103.9,47.6,14.29,0.252,0
6.58,43.67,70.7,137.98,7.29,56.62,2.43,-0.3,2896.9,46.3,9.01,0.338,0
38.93,69.95,114.98,205.62,28.32,75.05,4.25,0.97,3189.6,55.3,8.68,0.316,1
5.48,6.77,10.0,15.73,4.38,26.01,1.8,-0.1,1263.4,29.7,3.81,0.595,0
11.39,15.91,31.0,54.26,13.71,58.41,1.81,0.09,1580.9,29.6,8.58,0.494,0
15.21,27.95,33.65,54.5,11.95,38.0,1.76,-0.21,722.4,21.2,3.93,0.687,0
2.86,16.38,41.2,52.87,2.63,49.59,1.95,-0.32,2500.1,44.4,6.67,0.37,0
59.86,84.67,101.62,274.5,50.38,92.07,3.87,1.83,662.2,25.6,3.43,0.754,1
101.36,142.54,193.57,365.32,82.76,92.99,6.21,3.26,419.0,26.4,2.65,0.842,1
33.18,71.66,99.73,182.54,37.07,80.27,3.85,1.14,2349.9,34.2,6.44,0.431,1
10.28,56.32,109.47,165.03,11.2,80.53,4.01,0.01,1757.1,39.3,4.69,0.574,0
7.78,17.09,53.42,104.01,7.78,63.81,2.55,-0.26,3129.9,49.0,9.14,0.416,0
26.43,36.42,67.46,129.45,28.72,59.85,2.53,0.51,2784.0,48.0,10.1,0.361,0
59.68,76.08,168.55,337.68,71.67,69.08,4.35,1.88,2266.6,33.5,6.24,0.526,1
42.75,58.1,105.19,210.06,36.1,57.51,2.5,0.47,1745.5,36.5,6.08,0.498,0
11.86,28.4,49.96,109.06,12.75,49.8,2.04,-0.19,2783.3,49.4,9.04,0.378,0
28.65,64.97,118.4,201.87,36.23,82.6,4.31,1.06,760.0,31.7,2.27,0.824,1
5.79,12.78,35.41,71.79,5.26,51.9,1.85,-0.08,980.4,26.0,3.42,0.692,0
27.0,70.47,114.55,227.83,32.92,62.47,2.23,0.51,1271.6,28.0,6.02,0.517,1
41.86,68.52,81.95,90.79,41.93,59.01,2.47,0.54,1415.6,30.1,5.09,0.48,0
0.95,1.89,3.13,6.59,1.03,37.3,1.46,-0.1,2002.2,35.7,5.96,0.496,0
32.94,51.04,82.65,115.84,31.93,63.68,2.88,0.42,2129.8,43.5,8.36,0.367,0
44.93,66.69,79.51,272.07,52.44,87.85,3.17,1.86,1851.7,27.9,5.18,0.49,1
4.27,20.36,25.15,32.32,5.01,45.91,1.34,-0.06,2871.9,46.5,7.39,0.34,0
32.09,46.4,109.84,206.5,27.74,58.1,2.64,0.02,593.8,24.2,1.94,0.756,0
15.91,50.84,62.56,86.54,13.57,52.73,2.3,-0.26,1477.5,29.1,4.07,0.645,0
20.66,31.16,33.45,49.87,22.95,34.1,1.58,-0.17,2235.4,38.2,6.12,0.362,0
45.13,67.83,92.35,124.91,54.26,51.44,2.45,0.85,2375.7,44.5,10.15,0.345,0
8.27,19.96,40.6,82.06,10.6,53.29,1.93,-0.09,2219.6,39.3,6.8,0.553,0
23.29,44.67,59.52,90.17,29.32,49.4,2.22,0.21,2406.1,40.5,10.09,0.275,0
17.22,43.88,59.65,96.78,14.55,41.92,2.27,-0.17,2478.8,45.4,6.73,0.424,0
1.97,9.22,11.76,34.08,1.63,35.11,1.51,-0.1,1856.9,34.0,6.35,0.502,0
78.15,120.72,161.49,378.8,75.55,70.76,3.95,1.85,2885.7,36.7,8.89,0.215,1
2.44,4.49,9.07,17.08,2.61,37.58,1.36,-0.33,2322.0,43.6,7.54,0.414,0
53.2,76.09,103.25,211.82,57.37,61.19,2.55,0.71,1070.3,21.3,3.01,0.657,1
22.04,52.03,91.57,150.09,22.15,46.11,2.46,0.19,2344.9,35.9,6.98,0.36,0
5.74,14.39,20.28,35.95,4.98,50.39,1.76,-0.24,2523.1,53.9,8.26,0.366,0
3.39,11.46,26.92,55.3,4.4,30.6,1.53,-0.38,1219.9,34.1,3.38,0.671,0
45.58,101.38,131.15,232.66,52.44,86.67,4.05,1.64,2208.4,26.6,6.66,0.424,1
32.81,59.85,103.0,143.87,38.31,53.37,2.48,0.13,1394.3,25.2,3.91,0.609,0
22.77,25.11,41.55,69.03,21.57,53.53,1.77,0.06,2274.3,33.7,6.14,0.436,0
16.47,34.65,58.73,66.94,13.84,63.49,2.25,0.17,640.4,29.1,2.29,0.683,0
18.89,26.52,51.27,96.49,23.5,61.13,2.31,0.14,1222.2,31.5,4.15,0.711,0
2.37,5.66,9.48,15.77,1.69,23.71,1.6,-0.22,436.0,20.8,1.71,0.729,0
5.73,15.3,56.74,103.73,4.7,58.29,1.98,-0.39,602.0,19.0,2.12,0.781,0
24.81,34.24,54.39,80.24,28.24,60.68,2.19,0.28,2144.6,39.7,8.46,0.376,0
20.65,62.28,112.69,161.01,19.59,50.23,2.42,0.06,936.8,26.3,4.2,0.665,0
13.23,26.06,53.14,102.81,12.79,43.97,1.68,-0.21,619.9,21.1,1.85,0.846,0
6.42,24.56,30.55,46.59,7.74,47.81,1.65,-0.28,1767.6,26.2,5.98,0.467,0
19.66,44.01,77.05,120.41,21.68,49.19,2.1,0.15,1655.7,36.9,6.75,0.544,0
11.38,15.3,18.07,52.6,8.19,59.62,1.83,-0.14,2549.5,34.3,7.08,0.388,0
26.07,42.16,63.82,123.64,22.45,46.96,1.7,-0.2,1400.8,22.7,5.5,0.624,0
15.97,24.31,69.67,89.93,17.31,59.58,2.45,0.07,1861.4,37.5,5.81,0.579,0
4.68,18.08,29.01,54.09,5.52,64.44,1.37,-0.25,522.2,22.7,3.52,0.763,0
35.17,92.74,137.03,197.04,38.74,60.59,3.52,0.58,1496.6,39.6,4.87,0.527,1
35.81,77.35,150.87,248.22,27.61,56.05,3.57,0.4,2523.4,40.2,6.74,0.429,0
2.84,3.02,3.78,10.63,3.36,34.89,1.57,-0.3,1928.6,43.2,5.12,0.549,0
46.96,85.51,129.8,154.57,60.39,67.74,3.48,1.34,1646.8,28.0,4.69,0.571,1
65.52,98.47,160.75,259.42,57.47,76.54,5.01,1.7,2487.0,43.5,7.58,0.388,1
86.71,160.0,248.92,392.5,66.92,83.31,6.94,2.43,2161.7,34.6,7.07,0.485,1
60.37,128.41,215.08,333.67,42.84,68.94,5.48,0.98,2892.0,43.7,7.53,0.339,1
27.23,67.01,108.85,202.61,32.32,75.16,3.5,0.78,2125.6,35.2,5.72,0.436,0
13.31,44.92,79.07,160.25,15.37,78.4,3.03,0.28,1085.1,28.0,4.63,0.642,1
50.72,80.56,111.15,287.78,42.21,62.37,3.18,0.95,2620.6,51.2,6.84,0.391,1
76.08,81.63,130.46,210.44,83.26,60.68,2.34,1.03,424.7,17.9,1.74,0.799,1
26.29,44.78,67.6,105.5,20.8,70.09,2.52,0.15,2314.4,36.6,8.45,0.456,0
20.21,26.57,49.65,77.77,23.76,50.29,1.78,-0.08,652.4,19.8,2.18,0.793,0
30.26,45.27,80.91,192.95,28.92,53.97,2.12,0.1,744.7,21.8,3.07,0.71,1
10.05,11.09,16.97,50.91,8.81,49.8,1.64,-0.12,606.2,18.9,1.86,0.677,0
24.92,57.29,97.83,208.64,31.6,64.62,3.02,0.43,2226.8,43.3,6.59,0.519,0
10.08,11.61,19.42,44.96,8.98,59.81,1.57,0.02,1690.3,26.2,8.08,0.491,0
2.95,20.37,29.1,39.77,3.11,40.82,2.08,-0.19,2361.2,44.2,7.24,0.445,0
12.55,17.35,28.21,68.37,12.22,50.84,1.68,0.02,2341.6,43.0,6.29,0.431,0
20.9,54.93,116.18,224.1,23.13,79.73,3.87,0.63,2570.2,42.1,7.17,0.394,1
7.22,38.56,51.18,102.27,8.1,42.63,1.77,-0.21,1336.6,26.1,3.74,0.656,0
36.0,53.85,99.8,153.4,41.48,58.59,2.91,0.79,2838.9,45.7,7.44,0.447,0
46.08,66.29,90.36,150.83,41.97,47.46,2.53,0.35,1631.4,32.8,9.67,0.401,0
9.58,16.18,23.3,40.21,11.98,56.26,1.57,-0.2,2855.9,48.1,8.42,0.348,0
5.75,7.2,14.59,36.06,6.55,55.28,1.57,-0.24,589.8,27.3,4.29,0.613,0
10.33,18.09,25.33,40.15,8.08,55.01,1.61,-0.24,755.8,22.9,4.51,0.693,0
12.72,21.75,35.96,89.89,14.97,47.64,1.55,-0.04,3123.4,40.9,8.02,0.333,0
10.17,16.39,43.64,173.11,9.99,77.21,2.63,-0.01,595.3,26.3,2.12,0.85,0
32.25,44.32,56.78,119.4,30.93,54.44,2.41,0.41,2357.5,45.2,6.14,0.479,0
12.79,16.52,20.09,44.47,14.53,57.95,1.73,0.16,2784.4,49.3,7.83,0.35,0
31.63,37.75,49.98,64.72,26.57,43.67,1.74,0.15,955.4,20.2,2.75,0.807,0
41.21,77.21,124.93,168.93,51.37,65.93,3.45,1.01,2707.4,37.6,10.29,0.325,1
7.1,12.86,23.74,49.71,8.12,31.95,1.63,-0.3,1855.4,36.2,4.84,0.591,0
68.41,73.43,96.92,180.41,84.13,53.67,2.04,1.12,1270.4,25.3,5.42,0.577,1
17.44,26.82,57.62,99.39,20.93,66.49,2.31,0.08,2099.4,32.4,9.16,0.39,0
9.95,31.27,54.66,218.52,10.24,71.66,2.94,-0.17,2895.1,39.9,7.61,0.324,0
15.57,18.92,38.22,70.29,16.35,36.83,1.75,0.0,412.9,19.2,2.93,0.783,0
50.03,78.08,119.42,173.46,58.62,74.13,2.93,1.03,1019.0,21.3,3.75,0.707,1
54.6,126.36,172.7,371.23,59.54,69.34,4.1,1.56,1920.8,37.5,5.4,0.584,1
9.66,12.3,14.83,19.21,10.24,33.54,1.47,-0.09,2651.3,51.8,7.27,0.358,0
13.37,27.9,77.94,195.21,16.95,64.82,2.55,0.24,2127.9,31.9,5.98,0.464,0
29.21,35.99,51.71,70.74,32.44,37.5,1.7,0.13,2074.0,35.9,12.45,0.289,0
57.01,77.73,154.01,186.91,57.09,51.87,3.13,0.68,1496.5,29.6,6.06,0.498,1
41.46,66.76,156.93,224.97,53.5,83.53,4.38,1.55,447.3,24.4,2.41,0.815,1
8.36,10.05,33.15,87.35,9.67,43.43,1.78,-0.18,2068.0,35.0,13.0,0.316,0
1.83,2.2,5.89,9.14,2.1,25.37,1.53,-0.42,955.2,28.1,3.13,0.726,0
2.53,8.88,12.32,33.51,1.95,50.86,1.5,-0.17,973.6,27.0,2.99,0.741,0
20.92,57.98,76.67,94.6,16.51,68.53,2.47,0.25,825.0,29.0,2.44,0.818,0
55.46,89.93,166.19,308.34,68.37,68.67,3.86,1.63,2158.3,36.4,6.22,0.432,1
15.59,46.97,108.82,137.38,13.31,48.48,2.33,-0.13,1872.9,26.3,9.42,0.514,0
23.88,45.72,73.51,124.41,27.13,71.86,2.61,0.72,3115.8,42.4,8.69,0.331,0
5.19,7.63,13.69,28.5,6.71,29.92,1.45,-0.28,1053.4,27.4,3.33,0.691,0
4.08,8.99,13.89,15.84,5.3,52.86,1.84,-0.33,1621.2,33.6,5.3,0.529,0
62.12,118.51,190.53,259.87,73.59,68.95,4.38,1.78,817.5,32.0,2.69,0.732,1
28.13,52.04,71.6,96.76,32.17,47.76,2.12,0.17,882.6,23.6,2.53,0.77,0
18.66,61.85,75.64,191.66,18.99,87.05,3.12,0.46,1888.2,24.1,9.2,0.425,0
28.99,35.28,68.97,146.85,27.72,57.35,2.79,0.37,3149.9,57.1,8.77,0.282,0
2.58,11.64,21.44,38.08,2.01,32.0,1.64,-0.16,1607.3,24.0,6.86,0.542,0
23.39,29.96,83.77,158.52,24.76,65.94,2.95,0.37,1986.3,44.1,5.79,0.491,0
7.98,19.48,33.61,64.27,5.73,54.24,1.95,-0.1,2885.5,38.7,8.85,0.302,0
25.2,33.25,42.86,119.47,23.66,73.39,2.28,0.38,800.4,26.4,2.76,0.78,0
6.9,44.86,54.17,119.46,8.4,59.72,2.13,-0.16,2444.5,45.3,6.37,0.387,0
12.88,28.19,70.71,80.9,10.59,51.03,2.26,-0.09,1215.3,38.1,3.62,0.692,0
8.31,15.88,28.45,63.76,6.94,50.67,1.49,-0.2,608.0,22.6,2.77,0.722,0
25.85,47.08,64.65,75.09,27.59,60.54,2.06,0.36,1308.6,30.3,4.72,0.634,0
38.51,52.05,95.51,201.52,27.88,66.86,3.32,0.45,3022.9,48.1,9.05,0.314,0
18.09,24.8,31.76,48.1,19.03,47.94,1.75,0.22,2525.6,52.0,6.55,0.337,0
35.91,65.91,99.43,182.83,31.18,74.05,2.92,0.53,461.7,18.4,3.95,0.784,1
6.69,11.91,37.54,61.26,7.19,67.69,2.22,-0.23,444.3,17.2,2.44,0.812,0
11.51,27.89,31.29,86.48,8.49,44.12,1.75,-0.13,1375.6,38.3,8.97,0.483,0
1.05,2.64,13.75,18.27,0.74,33.05,1.6,-0.23,2917.2,49.5,8.23,0.375,0
9.23,14.32,34.71,90.15,11.96,57.16,2.13,0.04,2448.8,34.9,7.95,0.302,0
62.38,98.94,207.29,259.68,46.51,69.88,5.45,1.47,3129.6,49.9,8.41,0.234,1
47.92,70.72,94.36,163.19,37.29,68.48,3.04,0.49,930.9,23.4,2.98,0.635,0
16.99,29.82,48.59,82.42,17.33,59.91,1.87,-0.03,654.2,25.7,3.31,0.741,0
18.35,32.23,54.97,137.96,19.43,78.49,2.27,0.26,1923.8,31.5,5.33,0.546,0
8.53,30.15,56.0,102.44,6.0,51.34,2.1,-0.09,2492.6,37.9,7.97,0.288,0
8.0,40.2,66.87,126.57,8.91,46.76,2.05,-0.14,2124.1,42.0,5.75,0.522,0
17.91,37.83,106.57,245.14,20.23,79.62,3.8,0.38,1066.3,38.4,4.97,0.561,0
5.13,9.12,21.64,30.42,4.38,21.84,1.25,-0.37,2440.8,46.2,10.24,0.36,0
5.57,20.93,51.91,111.84,5.15,65.85,2.06,-0.29,1027.1,29.6,3.79,0.645,0
4.5,13.48,16.85,38.99,4.99,36.11,1.73,-0.25,3014.5,49.9,9.57,0.183,0
10.36,15.76,24.75,66.06,7.84,62.24,1.9,-0.19,2669.2,57.5,9.39,0.337,0
14.03,40.46,81.21,139.74,14.6,73.64,3.2,0.39,3041.4,49.1,9.46,0.179,0
17.07,27.09,55.96,227.58,16.44,80.02,3.02,0.09,782.9,27.3,8.39,0.52,0
15.33,24.76,52.56,68.96,12.3,55.45,1.93,-0.02,1136.1,38.4,3.07,0.68,0
23.86,57.95,71.17,171.09,18.22,66.75,2.68,0.11,920.8,28.6,4.47,0.727,0
15.44,25.12,33.67,49.44,12.24,50.81,1.39,0.03,681.8,21.0,12.38,0.412,0
1.84,2.51,16.07,23.83,1.34,30.96,1.56,-0.29,1768.6,26.8,9.57,0.345,0
14.93,66.02,118.76,215.15,15.95,62.91,3.11,0.0,2988.1,38.1,9.72,0.26,0
28.01,33.66,94.82,206.99,22.84,85.44,3.46,0.78,1149.0,31.7,7.23,0.594,0
11.72,39.41,53.33,146.85,10.75,65.77,2.26,0.02,905.2,23.7,5.41,0.635,0
2.51,8.66,18.95,31.29,2.3,35.33,1.4,-0.1,1675.5,33.4,11.4,0.357,0
14.43,40.66,61.65,144.28,11.85,57.98,2.55,-0.02,1769.9,39.2,8.86,0.424,0
9.32,29.2,64.86,134.25,8.58,45.87,2.14,-0.11,2588.0,51.7,8.01,0.308,0
77.58,95.09,131.63,318.87,63.73,80.45,4.95,2.61,2769.3,51.0,7.15,0.264,1
41.28,73.14,97.72,169.06,45.66,82.11,3.69,1.37,2052.4,37.4,9.48,0.334,1
28.71,40.18,50.46,89.83,26.24,57.95,2.2,0.22,2043.3,40.7,8.71,0.48,0
19.04,30.5,53.92,108.28,13.99,64.4,2.19,-0.12,1296.7,32.3,4.6,0.52,0
20.7,41.22,54.79,156.33,24.74,57.81,1.59,-0.02,1358.5,28.7,6.44,0.701,0
52.16,113.34,232.56,387.15,56.11,73.27,6.02,1.66,2156.1,40.8,6.02,0.545,1
10.98,16.07,40.57,55.03,11.3,54.78,2.21,-0.22,1563.0,33.5,5.55,0.529,0
29.98,51.62,99.78,263.21,22.77,79.59,3.53,0.51,2265.7,43.1,7.06,0.388,1
17.33,32.85,38.36,52.68,19.32,41.4,1.45,-0.18,907.2,15.8,2.5,0.72,0
35.81,54.02,61.25,73.8,40.64,67.04,2.52,0.85,3027.6,39.7,8.08,0.273,0
66.18,75.02,112.5,154.39,62.79,68.22,3.27,1.47,2324.3,33.3,7.38,0.452,1
4.75,11.46,16.28,20.59,4.28,33.89,1.73,-0.27,2440.3,41.5,6.65,0.378,0
48.28,85.86,159.98,197.0,54.98,79.86,4.93,1.64,1952.7,39.1,6.29,0.512,1
9.89,12.24,16.71,62.82,9.54,63.16,1.3,0.08,2418.7,45.9,7.63,0.363,0
1.22,1.64,4.01,6.07,0.89,37.54,1.29,-0.13,837.2,31.9,3.31,0.632,0
17.21,25.97,52.16,69.38,14.5,43.17,1.74,-0.12,2983.1,47.0,11.06,0.23,0
23.53,38.97,76.13,129.23,16.92,52.63,2.47,-0.02,2495.7,40.1,9.79,0.346,0
1.9,13.53,19.13,53.31,1.5,39.12,1.72,-0.29,527.4,22.8,1.85,0.794,0
4.46,8.81,28.49,54.75,3.62,48.89,1.58,-0.19,690.9,26.6,2.63,0.731,0
4.78,10.29,20.25,23.99,4.16,53.41,2.03,-0.41,2530.8,37.5,8.96,0.352,0
49.87,69.24,142.83,270.74,45.79,84.95,4.99,1.7,1973.5,34.2,5.21,0.539,1
34.29,37.83,47.8,145.59,28.6,63.38,2.36,0.49,1404.7,34.3,3.79,0.698,0
4.53,21.02,43.53,74.62,4.86,52.91,1.8,-0.27,933.1,19.7,2.86,0.622,0
45.01,76.65,120.17,283.81,51.82,81.61,4.73,2.11,2778.3,49.0,7.84,0.349,1
19.62,24.6,45.39,139.41,19.82,73.45,2.14,0.36,1765.6,35.8,11.81,0.293,0
53.75,76.46,110.94,220.36,66.2,59.61,2.69,0.94,996.1,31.3,5.49,0.652,1
17.55,37.51,56.17,62.44,15.68,64.76,2.19,0.19,2002.4,32.1,5.43,0.43,0
12.14,35.08,38.87,66.22,12.66,43.16,1.6,-0.03,566.9,27.7,1.97,0.792,0
40.32,61.63,69.12,185.02,41.87,85.45,2.89,1.14,1637.7,28.2,4.88,0.562,1
48.0,103.35,164.46,346.35,51.06,57.62,3.97,0.85,2961.6,43.6,9.63,0.237,1
0.96,3.99,7.31,17.9,0.9,44.2,1.89,-0.2,2500.8,51.5,7.42,0.372,0
20.88,86.46,97.93,179.44,18.39,64.96,2.22,-0.14,422.1,10.6,2.96,0.794,0
34.94,53.29,62.03,141.71,28.82,66.5,2.1,0.27,1371.0,32.7,4.25,0.639,0
33.14,41.37,103.39,177.88,33.75,63.48,2.67,0.54,2596.5,43.9,7.12,0.43,0
9.4,13.55,19.6,24.78,7.42,21.84,1.78,-0.27,2989.3,46.3,9.54,0.241,0
15.64,16.94,41.84,71.24,20.01,59.23,2.1,0.3,2751.5,37.8,7.31,0.346,0
44.4,109.11,175.34,294.41,53.07,66.38,3.82,1.0,827.2,24.3,2.8,0.649,1
7.16,8.17,12.01,28.62,5.34,24.83,1.61,-0.25,2900.0,55.4,8.08,0.34,0
20.37,39.51,65.82,117.23,18.77,77.69,2.7,0.39,934.7,24.5,2.76,0.679,0
2.92,5.3,10.39,12.75,3.28,15.54,1.54,-0.26,2867.0,50.4,8.14,0.324,0
23.0,71.06,158.04,211.03,24.16,66.52,4.18,0.27,1682.3,34.4,4.91,0.583,0
18.59,34.61,78.5,112.88,21.93,50.93,1.97,0.11,623.8,16.4,2.37,0.765,0
5.68,9.33,13.97,27.77,5.9,55.26,1.75,-0.36,634.5,31.3,4.55,0.718,0
33.27,89.69,106.1,210.17,30.5,60.51,3.35,0.54,3124.6,47.8,8.41,0.355,0
48.9,53.14,86.74,118.95,38.66,41.84,2.05,-0.02,2282.1,40.6,7.57,0.442,0
16.11,30.95,99.51,225.98,16.07,78.33,3.7,0.37,1947.5,39.1,7.0,0.457,0
4.88,8.84,23.07,47.56,4.16,48.97,1.8,-0.13,683.4,24.0,3.64,0.716,0
22.35,53.66,79.17,143.17,25.32,47.84,2.31,0.06,1873.4,43.2,6.07,0.472,0
11.42,34.28,60.47,82.96,9.34,49.17,1.87,-0.21,1596.2,35.3,6.59,0.486,0
12.82,23.38,40.49,79.21,12.28,58.6,1.79,-0.15,820.7,24.6,7.22,0.506,0
8.99,33.64,68.32,172.98,9.58,48.62,2.32,-0.06,3128.7,46.7,10.76,0.188,0
7.93,30.87,53.43,63.17,6.95,44.39,1.71,-0.16,1310.5,25.7,4.68,0.543,0
14.84,17.45,22.32,30.67,14.44,34.84,1.63,-0.28,758.6,21.2,2.38,0.769,0
14.12,28.2,49.37,88.51,10.61,33.69,1.96,-0.26,2975.2,55.9,7.84,0.383,0
32.84,63.78,104.44,193.8,33.89,71.99,3.79,0.78,2314.0,50.8,6.15,0.388,0
9.28,35.5,84.68,182.77,7.46,70.54,2.56,0.05,1265.5,28.3,6.88,0.442,0
29.59,72.72,142.23,193.34,37.16,52.78,3.03,0.33,2758.2,51.5,7.18,0.381,0
63.52,88.76,119.92,266.99,71.98,59.3,3.17,1.61,2765.6,47.7,8.26,0.352,1
20.79,52.74,107.64,188.73,18.57,77.5,3.26,0.2,1742.6,33.0,5.32,0.535,0
51.44,92.22,180.85,287.94,44.46,75.74,5.44,1.52,2904.0,48.7,8.74,0.163,1
21.18,42.57,70.71,109.73,25.14,55.03,2.17,0.18,692.3,30.5,2.68,0.813,0
5.11,16.31,52.82,62.08,4.28,49.08,1.95,-0.07,2710.0,33.8,7.36,0.482,0
12.0,16.47,23.66,64.59,13.48,33.26,1.54,-0.27,1573.0,26.2,4.58,0.541,0
6.91,8.67,13.33,20.91,8.46,19.59,1.44,-0.28,1520.2,37.3,4.25,0.575,0
10.63,18.8,32.23,55.66,12.58,54.62,1.93,0.03,1476.5,33.4,4.05,0.643,0
1.84,11.53,17.64,30.02,2.04,37.9,1.73,-0.48,1365.3,21.9,5.08,0.547,0
51.47,86.67,170.92,283.07,41.18,68.54,4.38,0.82,2190.6,45.5,6.31,0.459,1
24.14,35.1,73.84,114.5,19.72,74.45,3.01,0.12,1623.0,33.3,4.75,0.6,0
9.02,15.97,18.65,22.43,11.4,29.57,1.81,-0.42,1732.2,38.3,9.9,0.407,0
8.66,17.62,40.74,56.51,8.69,63.84,1.79,-0.11,1660.9,29.0,5.75,0.576,0
52.64,95.6,163.86,234.35,59.86,69.35,4.23,1.3,1014.5,34.0,4.61,0.661,1
7.23,8.4,11.73,31.29,8.85,53.19,1.48,0.03,1062.1,29.8,6.63,0.553,0
68.04,79.57,97.3,178.61,62.37,61.13,2.97,1.17,2329.8,40.2,8.16,0.431,1
13.67,34.83,66.12,89.12,10.2,51.78,2.29,-0.06,2534.5,46.8,7.79,0.305,0
12.44,24.75,40.56,73.82,15.24,53.62,1.93,0.08,2558.7,45.3,7.11,0.35,0
68.04,79.8,161.35,324.66,88.11,66.62,3.6,1.39,411.8,22.0,2.85,0.86,1
23.25,41.98,46.97,73.62,25.52,55.86,2.15,0.08,1873.1,46.6,7.48,0.515,0
7.82,25.16,84.47,149.79,7.58,65.34,3.11,-0.26,1765.5,33.1,7.58,0.45,0
10.16,12.94,51.45,136.06,11.6,51.86,1.8,-0.27,1726.8,36.6,5.38,0.538,0
3.13,3.46,6.27,15.78,2.58,19.75,1.62,-0.19,1362.8,36.8,5.31,0.64,0
2.64,20.31,27.96,74.24,3.42,50.8,1.96,-0.27,1307.1,25.4,3.51,0.552,0
2.35,6.07,9.64,21.04,2.51,31.12,1.36,-0.26,613.9,23.6,2.22,0.674,0
9.41,29.8,63.87,76.71,7.65,58.1,2.24,-0.18,1161.1,27.3,3.89,0.641,0
47.11,66.07,94.55,122.73,42.63,57.28,2.63,0.55,1469.8,30.6,4.98,0.481,0
51.23,73.47,114.01,220.99,56.92,87.15,4.37,2.12,1978.2,37.6,6.23,0.494,1
10.98,30.64,65.32,113.05,8.27,70.1,2.7,-0.12,2939.6,40.2,9.61,0.307,0
14.25,15.95,24.96,60.57,13.16,31.61,1.6,-0.02,1980.2,41.4,13.24,0.344,0
4.84,7.6,19.69,38.96,4.84,55.8,1.8,0.0,2420.9,53.0,11.59,0.259,0
3.59,5.73,8.96,21.91,3.03,24.59,1.14,-0.36,889.5,18.1,2.66,0.731,0
58.3,92.17,171.43,263.35,60.22,77.85,3.92,1.43,1105.9,20.0,3.59,0.664,1
70.07,105.28,128.87,298.29,63.02,79.84,3.76,1.7,2362.8,28.4,7.59,0.334,1
37.22,90.33,151.47,170.47,38.93,72.55,3.89,0.7,620.4,26.8,4.56,0.617,1
5.2,10.24,19.13,31.08,3.7,28.72,1.36,-0.31,688.4,25.6,3.65,0.594,0
14.82,17.78,29.22,47.86,12.38,26.09,1.41,-0.4,2841.0,45.2,9.53,0.347,0
4.25,8.02,12.34,14.05,5.42,37.35,1.64,-0.07,531.2,22.4,2.42,0.845,0
31.21,63.11,80.31,149.44,38.35,72.86,2.69,0.52,625.0,19.8,2.87,0.706,1
15.82,71.34,82.52,235.23,19.99,79.43,3.23,0.69,3028.8,46.9,8.42,0.3,0
36.32,75.35,133.41,258.58,34.58,61.41,2.87,0.19,1059.6,24.1,3.61,0.73,0
12.59,31.22,56.93,69.6,10.31,35.52,1.69,-0.35,2280.7,38.7,6.77,0.422,0
20.96,39.61,119.43,250.01,16.32,58.51,3.01,-0.08,2189.3,48.0,5.86,0.402,0
27.22,71.99,142.94,167.85,32.36,54.28,3.23,0.5,2891.7,41.5,9.69,0.257,0
56.8,65.47,132.86,188.67,50.25,82.31,5.04,1.83,2146.5,45.7,6.0,0.431,1
60.89,89.92,169.14,235.85,75.25,69.41,4.08,1.96,1799.3,35.6,5.24,0.617,1
47.07,67.24,105.66,146.15,45.86,48.4,2.25,0.22,2208.3,36.1,7.39,0.424,0
19.32,30.04,33.35,41.43,15.45,35.88,1.45,-0.15,1743.6,38.0,5.76,0.601,0
45.93,76.84,112.85,200.74,38.72,81.81,4.5,1.52,2902.1,47.0,8.1,0.396,1
2.11,8.0,12.56,29.44,2.44,46.65,1.6,-0.45,2550.2,56.6,7.09,0.403,0
10.66,31.31,64.44,139.39,13.0,79.83,2.87,-0.03,1695.5,32.0,9.63,0.439,0
68.26,102.48,169.92,344.03,68.54,68.74,4.59,1.94,2858.0,50.7,9.67,0.263,1
41.38,75.36,82.18,189.44,34.93,61.81,3.25,0.64,2116.6,43.9,8.93,0.41,0
34.55,67.65,101.56,147.57,30.02,63.7,3.28,0.45,2602.4,42.9,9.67,0.376,0
32.15,58.9,94.7,185.83,31.93,53.63,2.27,0.06,875.2,28.6,2.92,0.629,0
32.75,45.34,91.46,132.02,29.93,51.5,2.74,0.08,1783.5,35.5,4.84,0.537,0
21.8,43.43,61.09,71.74,21.39,39.17,1.72,0.06,1919.0,33.4,5.86,0.569,0
9.93,13.34,17.98,58.35,7.76,54.41,1.23,-0.28,1914.7,43.8,6.22,0.499,0
41.24,49.88,106.74,149.02,49.68,79.79,3.44,1.22,1100.1,21.2,3.87,0.624,1
53.32,97.04,153.24,180.58,61.96,84.59,4.27,1.81,1274.6,21.8,6.26,0.569,1
42.48,55.08,142.33,181.08,51.51,64.27,3.37,0.81,2321.4,33.5,8.57,0.323,0
15.21,24.25,45.15,56.8,19.21,58.3,1.71,0.08,1084.2,32.4,3.64,0.564,0
8.35,34.93,43.4,92.9,8.04,50.71,2.04,-0.09,2586.7,33.5,8.51,0.232,0
59.84,94.82,150.27,198.18,45.01,56.2,2.6,0.36,401.4,16.8,8.4,0.571,1
2.41,8.67,20.69,29.09,1.8,26.01,1.55,-0.44,2154.2,37.1,5.61,0.367,0
37.14,48.08,58.18,93.62,47.79,68.68,2.72,1.05,1583.8,32.7,6.85,0.506,0
2.75,9.16,18.27,37.17,2.88,55.01,1.6,-0.18,3051.9,52.1,9.45,0.292,0
6.4,12.77,15.82,30.85,7.18,21.11,1.86,-0.36,3079.1,46.1,9.22,0.257,0
9.18,19.76,22.7,60.15,8.03,65.1,1.75,-0.25,1515.8,34.5,9.56,0.318,0
11.58,22.23,35.02,52.55,9.0,61.86,1.91,-0.08,783.1,29.0,4.82,0.689,0
28.49,32.69,48.94,63.94,28.51,38.1,1.39,-0.27,454.1,19.0,4.42,0.741,0
5.37,28.45,55.9,67.75,4.15,57.78,2.64,-0.25,1284.5,36.6,3.89,0.635,0
6.82,46.49,53.17,152.93,7.93,76.37,2.75,0.16,2643.0,36.6,7.99,0.365,0
23.55,41.51,56.89,129.7,29.18,72.66,2.16,0.51,1138.7,18.3,7.85,0.528,0
16.6,55.3,71.57,190.8,14.7,72.74,2.9,0.04,2261.4,43.3,9.02,0.281,0
26.05,34.18,49.08,77.78,29.76,45.44,2.35,0.16,2423.2,42.0,8.26,0.485,0
16.76,29.52,52.51,128.45,15.1,59.63,2.34,-0.1,3117.7,51.4,8.99,0.319,0
5.45,25.63,53.12,60.04,4.09,61.94,1.88,-0.2,1048.1,20.9,3.26,0.721,0
16.81,25.85,38.87,49.6,15.14,35.48,1.28,-0.18,3022.8,50.3,7.95,0.344,0
7.59,15.68,19.59,27.04,9.87,50.57,1.94,-0.03,2729.4,44.0,8.12,0.288,0
33.54,54.61,164.37,189.98,35.14,56.39,2.86,0.27,1349.4,21.0,5.78,0.611,0
58.0,131.56,195.28,367.5,60.03,60.72,4.1,1.32,3123.4,48.6,13.96,0.188,1
16.52,40.72,78.14,97.61,13.6,69.49,3.06,0.18,2745.4,34.0,7.69,0.388,0
9.09,25.99,54.74,73.48,8.62,37.3,1.64,-0.39,1087.7,25.0,6.39,0.582,0
32.97,66.28,131.33,195.33,27.91,86.54,3.27,0.27,1296.6,14.3,3.55,0.706,0
27.68,50.07,67.71,118.74,28.28,70.08,2.78,0.72,1244.5,43.1,4.67,0.65,0
2.26,7.86,15.75,28.92,2.86,54.72,1.45,-0.23,2994.6,44.5,8.78,0.307,0
0.22,1.56,2.69,5.25,0.17,46.96,1.52,-0.31,830.7,24.0,4.68,0.72,0
7.61,26.62,39.25,99.74,8.69,59.67,2.34,-0.24,926.8,29.7,4.26,0.68,0
8.09,24.61,40.32,57.08,7.37,52.0,1.84,-0.28,984.3,31.1,3.26,0.642,0
7.25,28.13,60.1,96.47,5.44,41.45,1.69,-0.17,648.0,22.2,3.37,0.671,0
9.92,23.17,74.32,172.09,12.67,59.8,2.68,-0.05,2269.3,42.1,6.26,0.395,0
2.6,6.85,11.29,42.82,3.31,59.18,1.63,-0.42,3022.4,44.2,9.68,0.292,0
13.44,37.78,62.59,122.08,13.23,41.33,2.09,-0.18,2266.8,43.2,6.68,0.482,0
11.04,19.86,33.34,93.12,9.95,57.5,1.79,-0.29,1299.8,29.8,4.1,0.625,0
58.72,98.71,133.69,159.94,70.17,63.56,3.87,1.91,2818.0,51.8,12.67,0.181,1
23.08,33.94,66.15,97.83,25.86,53.37,2.16,-0.0,1199.3,27.7,6.16,0.593,0
11.25,13.83,21.7,50.46,8.28,52.39,1.6,-0.1,479.2,8.3,2.13,0.733,0
13.44,35.31,93.21,146.61,15.07,52.64,2.13,0.09,2666.0,49.2,7.92,0.314,0
61.87,83.64,115.3,176.07,50.3,62.07,2.88,0.73,777.9,21.7,6.04,0.653,1
8.88,16.77,32.02,67.95,8.66,30.55,1.56,-0.21,2344.2,49.8,6.51,0.477,0
24.48,30.66,74.12,114.92,29.46,65.94,2.74,0.69,3040.2,50.0,9.2,0.272,0
17.14,40.94,82.58,118.13,19.51,48.99,2.43,0.07,2562.7,41.1,7.58,0.419,0
7.74,13.43,16.9,36.66,8.38,30.67,1.52,-0.25,2375.0,40.3,10.83,0.336,0
31.73,33.76,52.24,116.93,35.98,76.88,2.74,0.92,1475.0,30.2,4.35,0.603,0
65.94,107.76,186.84,247.35,59.29,88.3,4.8,1.66,916.2,18.7,3.27,0.735,1
0.24,0.52,1.42,1.62,0.24,43.17,1.47,-0.24,3040.5,38.1,9.51,0.243,0
64.87,139.9,238.81,395.99,76.63,63.93,4.16,1.2,923.1,23.3,2.78,0.779,1
5.87,20.49,39.82,43.99,4.17,47.88,1.69,-0.27,435.7,22.5,3.88,0.788,0
17.91,22.5,30.5,52.81,18.31,33.4,1.88,-0.12,671.9,29.2,3.13,0.702,0
13.5,21.27,41.19,49.94,14.0,51.86,2.13,0.08,1804.2,27.7,5.27,0.549,0
14.11,56.67,71.62,209.07,17.82,75.11,2.78,0.09,1722.5,29.1,4.51,0.533,0
27.74,56.28,72.59,129.23,27.12,59.42,2.33,0.34,837.7,25.8,3.58,0.687,0
12.05,77.76,118.58,194.58,9.51,78.02,3.88,0.07,2434.0,39.4,7.05,0.416,0
8.72,47.52,53.26,93.23,10.49,61.87,2.28,0.13,2547.7,39.8,7.58,0.363,0
17.89,36.09,52.27,65.04,22.94,54.85,2.22,0.02,2657.1,33.5,13.08,0.182,0
12.1,24.66,37.04,53.05,15.69,48.5,1.9,-0.17,818.7,28.6,3.9,0.727,0
12.53,19.43,35.27,57.64,14.61,43.5,2.01,0.08,2212.5,44.1,7.32,0.438,0
7.03,13.41,24.65,52.03,9.04,42.13,1.46,-0.3,2450.8,48.7,7.55,0.385,0
60.25,65.43,95.34,201.26,60.06,68.72,3.32,1.42,1533.6,38.8,4.5,0.586,1
1.82,5.01,5.96,25.1,1.44,43.52,1.79,-0.4,2896.0,54.1,7.6,0.31,0
24.78,75.65,151.49,249.83,20.01,65.14,3.76,0.31,2028.7,34.8,5.7,0.435,0
98.73,109.86,162.65,197.89,115.0,62.81,3.32,2.07,816.3,24.4,2.4,0.73,1
43.82,83.31,143.04,304.47,32.16,85.97,5.0,1.17,2077.3,36.7,6.83,0.442,1
18.56,38.45,53.55,89.9,18.6,65.75,2.05,0.18,1683.2,35.4,5.38,0.564,0
27.33,42.48,63.52,126.09,28.16,50.02,2.56,0.14,3174.2,41.5,14.55,0.071,0
58.91,73.15,103.34,197.99,54.93,62.57,3.13,1.0,2129.8,38.6,6.04,0.546,1
22.08,50.6,88.19,120.25,18.47,65.16,2.92,0.0,1665.9,28.8,5.05,0.586,0
65.86,77.8,95.33,287.55,77.16,84.21,3.91,2.81,1806.7,37.8,4.8,0.504,1
3.47,5.22,8.87,13.47,2.96,48.94,1.39,-0.3,1506.1,33.9,4.67,0.525,0
10.11,43.02,69.34,85.02,11.32,50.12,2.13,-0.33,1531.2,26.2,6.07,0.474,0
9.23,19.71,35.09,77.3,11.09,33.37,1.73,-0.2,2785.4,46.7,7.94,0.422,0
27.71,37.64,72.04,142.41,30.11,57.56,1.94,0.42,1467.9,30.1,4.12,0.66,0
8.97,12.93,38.65,86.89,9.43,68.88,1.75,0.08,1060.4,22.9,3.83,0.727,0
22.08,27.98,63.99,106.97,22.5,60.83,2.17,0.2,1434.8,29.3,6.03,0.588,0
13.39,15.21,40.02,68.7,12.48,42.87,1.82,-0.28,1720.3,30.0,6.26,0.486,0
35.78,59.06,169.46,368.93,33.56,89.96,6.67,1.39,2680.4,45.1,11.98,0.208,1
36.51,44.69,68.2,88.73,30.79,40.3,2.14,-0.13,1324.3,34.1,3.75,0.643,0
15.92,24.71,89.36,189.32,17.82,79.28,3.39,0.4,3049.2,45.4,10.71,0.176,0
3.49,28.74,60.95,124.23,3.89,57.05,2.45,-0.3,2548.3,44.8,7.62,0.456,0
3.41,4.7,9.39,22.97,3.94,45.76,1.78,-0.34,882.4,23.0,3.99,0.66,0
13.66,30.0,84.95,136.66,16.75,60.71,2.53,0.14,1210.3,22.9,5.9,0.529,0
6.01,8.01,32.02,80.05,6.49,66.46,1.8,0.03,1327.7,34.9,6.27,0.674,0
5.59,7.16,21.95,56.75,4.94,29.31,1.67,-0.29,2569.7,50.2,6.95,0.527,0
18.6,43.93,117.75,166.88,20.01,66.93,3.41,0.08,2349.5,40.4,9.08,0.307,0
6.34,9.11,14.76,16.1,8.16,33.13,1.35,-0.11,1972.6,41.6,5.49,0.528,0
5.81,41.56,75.72,158.1,4.58,80.28,3.24,0.04,2126.6,40.5,8.49,0.344,0
20.25,25.57,65.57,91.53,20.18,56.12,2.1,0.19,1595.9,38.4,4.51,0.627,0
28.72,65.3,79.6,124.25,24.58,54.67,1.98,0.04,1749.4,33.2,5.29,0.576,0
28.3,35.22,38.81,57.6,25.69,57.14,2.03,0.22,2991.8,53.5,7.98,0.391,0
5.16,6.74,11.82,21.85,5.24,45.33,1.7,-0.36,729.6,23.4,2.58,0.822,0
3.7,8.58,12.36,17.07,3.56,32.39,1.23,-0.1,1949.0,38.9,7.64,0.455,0
28.4,44.74,90.91,105.79,29.99,51.36,2.3,0.33,2415.6,58.0,7.4,0.36,0
21.9,26.56,40.45,84.98,22.31,63.05,1.91,-0.1,1465.1,18.8,4.35,0.656,0
7.76,15.64,20.23,31.04,6.88,23.06,1.75,-0.46,2461.2,40.4,7.53,0.313,0
14.85,22.36,38.92,43.65,17.31,28.1,1.66,-0.16,1983.8,44.3,5.63,0.536,0
58.17,65.73,84.45,232.34,51.89,82.08,3.38,1.65,2412.4,36.5,7.86,0.338,1
12.78,16.92,38.44,52.29,9.23,32.69,1.67,-0.04,1877.6,31.7,5.05,0.557,0
16.13,21.51,72.8,192.38,19.82,53.41,2.42,0.15,2730.8,39.2,7.37,0.315,0
25.25,27.79,51.85,104.78,23.99,58.82,2.4,0.36,1979.9,32.8,5.47,0.504,0
3.12,14.97,19.58,44.46,3.52,38.65,1.45,-0.1,1156.2,36.1,3.2,0.672,0
13.78,40.25,91.39,120.38,13.88,53.09,2.78,-0.16,1314.5,44.2,6.08,0.593,0
18.22,20.85,46.9,109.59,22.65,53.99,1.91,-0.03,1112.0,30.0,3.94,0.681,0
20.73,57.9,87.87,126.41,22.17,74.05,2.53,-0.01,508.7,16.4,2.37,0.787,0
11.6,70.34,156.94,283.45,9.66,74.04,4.65,0.0,2647.6,44.8,10.26,0.352,0
5.95,13.36,20.11,52.62,7.0,31.62,1.68,-0.23,488.0,30.1,2.57,0.789,0
14.15,32.9,81.48,167.8,17.38,74.93,2.66,0.25,1138.8,20.5,5.82,0.616,1
4.2,22.38,31.47,57.19,4.97,50.94,2.2,-0.4,914.5,23.8,3.05,0.739,0
1.42,2.74,4.44,8.15,1.85,47.39,1.38,-0.14,1378.8,27.6,4.26,0.58,0
10.63,15.18,48.57,123.69,9.77,42.38,2.29,-0.31,1837.1,38.9,5.0,0.583,0
52.6,73.52,102.36,238.0,60.15,58.67,2.44,0.96,1562.3,27.0,7.51,0.499,1
11.49,18.07,32.27,35.92,9.89,32.11,1.85,-0.19,1088.9,36.0,3.18,0.696,0
9.32,21.85,51.06,61.57,7.44,31.0,1.82,-0.43,2266.8,43.3,7.98,0.443,0
34.34,69.26,114.26,167.11,40.72,68.83,3.32,0.58,1426.0,23.9,4.63,0.638,0
50.37,69.93,94.94,265.18,60.93,79.34,2.98,1.13,673.5,16.6,2.07,0.777,1
21.25,29.69,92.3,205.14,24.01,50.35,2.51,0.15,3110.0,56.8,8.7,0.311,0
6.51,25.15,35.92,53.32,6.65,29.72,1.64,-0.06,1613.0,43.2,6.64,0.572,0
23.4,44.38,70.41,89.47,30.34,53.14,1.77,-0.1,406.8,14.9,1.44,0.752,0
7.18,8.72,17.34,32.22,6.63,34.2,1.75,-0.1,1771.7,33.6,6.63,0.448,0
48.23,85.24,116.03,185.84,57.04,58.68,2.7,0.8,1505.1,32.3,5.22,0.623,1
5.96,21.65,59.81,96.18,4.72,70.94,2.55,-0.05,980.5,30.9,3.41,0.644,0
25.99,28.32,58.71,105.8,20.23,64.91,2.08,0.3,2772.5,35.7,7.84,0.351,0
2.48,7.26,12.64,22.1,2.02,53.8,1.7,-0.24,1988.8,37.5,8.91,0.369,0
34.97,63.08,88.14,136.09,42.05,76.75,3.03,0.91,1128.4,19.7,3.6,0.623,1
30.14,33.67,66.73,77.67,26.66,60.73,2.0,0.47,3115.1,47.2,8.2,0.274,0
44.69,79.04,113.73,233.52,33.32,85.24,3.44,0.85,1282.7,31.9,3.42,0.647,1
48.6,70.29,140.82,206.43,39.08,83.73,3.71,0.82,1086.9,18.0,7.18,0.554,1
18.24,28.5,41.53,53.01,13.15,41.41,1.81,-0.03,1961.1,33.8,7.59,0.401,0
61.88,126.79,211.66,321.66,44.39,65.9,4.09,0.75,1684.0,31.9,5.55,0.61,1
10.54,27.22,43.85,86.18,10.57,54.5,2.1,0.04,1115.0,32.0,5.78,0.555,0
68.97,93.08,171.6,242.21,57.29,78.31,4.41,1.31,1119.6,27.1,3.06,0.684,1
19.96,35.28,45.83,51.89,21.42,54.72,2.48,0.34,2624.9,50.7,8.4,0.411,0
4.17,16.13,23.06,40.79,4.67,35.59,2.05,-0.17,1954.8,36.9,6.26,0.529,0
34.34,81.33,157.57,345.94,39.72,60.84,3.74,0.71,1014.9,32.4,3.64,0.756,1
36.24,53.01,89.19,226.43,27.59,52.21,2.69,0.43,2147.0,45.9,7.12,0.489,0
17.66,24.71,32.23,51.56,14.69,41.71,1.28,-0.18,895.6,27.6,2.49,0.75,0
0.48,0.61,0.93,3.26,0.47,45.2,1.42,-0.31,1550.9,29.5,4.46,0.512,0
41.06,79.07,147.78,236.97,30.52,62.88,3.61,0.38,1346.3,29.7,4.52,0.529,1
39.94,57.02,79.74,105.89,31.07,50.05,2.29,0.1,2753.4,48.1,8.17,0.323,0
1.52,2.25,9.54,12.53,1.13,36.32,1.5,-0.32,1063.8,32.1,3.43,0.716,0
31.31,47.36,116.71,144.79,36.06,76.83,3.5,0.8,2103.8,33.2,6.74,0.531,0
2.65,14.62,22.41,31.14,2.98,41.81,1.54,-0.23,1035.2,27.4,3.3,0.767,0
41.24,84.45,150.31,315.21,38.0,76.9,4.96,1.12,2604.9,49.2,7.01,0.409,1
36.16,43.35,75.29,85.54,41.3,72.08,2.34,0.75,981.6,21.8,3.43,0.706,0
3.21,5.99,7.92,16.15,2.44,51.1,1.39,-0.34,856.6,19.2,4.63,0.651,0
24.87,41.37,80.7,114.53,19.46,62.54,2.66,0.38,2507.6,41.2,7.87,0.342,0
43.41,88.5,170.81,390.82,33.11,81.53,5.59,1.03,1795.4,38.8,5.83,0.519,1
14.58,21.04,119.42,194.24,15.19,56.67,2.7,-0.06,1956.9,41.0,5.27,0.429,0
28.56,30.51,62.74,80.22,32.86,34.62,1.94,0.01,3069.0,49.6,7.93,0.429,0
19.63,39.96,116.99,141.31,18.89,56.89,3.38,0.13,3010.7,52.6,8.83,0.317,0
62.69,121.89,156.89,262.67,62.47,81.94,4.7,1.79,1498.3,26.1,4.92,0.53,1
16.96,37.76,71.07,135.5,17.9,68.87,3.04,0.22,2952.8,49.9,10.18,0.249,0
9.18,32.41,76.84,90.12,11.78,41.75,2.22,-0.04,1438.2,35.4,4.63,0.547,0
5.05,14.96,38.66,83.3,4.27,48.16,1.71,-0.3,1340.5,26.4,10.55,0.521,0
32.16,37.91,80.45,144.9,41.43,47.56,2.22,0.08,1022.1,32.7,6.22,0.559,0
24.07,27.18,61.99,94.02,18.72,63.95,2.28,0.17,2690.8,31.4,7.5,0.386,0
24.14,28.69,87.06,245.9,19.93,61.06,2.73,0.19,2068.1,37.1,5.67,0.537,1
3.49,5.41,6.73,16.92,4.07,29.04,1.75,-0.18,2393.1,42.3,7.05,0.382,0
14.15,78.05,85.28,258.37,17.11,76.9,3.28,0.34,2644.8,44.3,7.01,0.412,0
23.48,53.73,59.95,79.5,17.43,61.05,2.33,0.3,3085.1,47.1,14.4,0.054,0
21.12,50.51,87.95,175.68,21.56,79.02,3.14,0.64,1443.0,34.8,3.84,0.654,0
17.83,33.58,47.12,62.24,17.6,59.54,2.01,-0.06,2963.2,45.1,8.65,0.378,0
4.96,10.67,22.92,34.17,4.83,26.16,1.71,-0.28,1581.9,30.8,5.96,0.582,0
50.19,63.95,122.49,140.59,50.45,74.57,4.08,1.43,3159.7,44.1,8.55,0.384,1
6.16,9.57,14.16,24.42,7.24,47.04,1.68,-0.15,1047.2,25.6,2.98,0.729,0
11.15,15.67,18.22,45.06,13.85,38.22,1.43,-0.03,1866.4,38.8,6.04,0.426,0
31.69,45.0,87.29,154.56,34.03,59.58,2.61,0.59,1373.8,35.7,4.11,0.545,1
4.82,9.55,17.72,19.74,5.28,40.98,1.54,-0.42,2205.9,40.1,6.72,0.377,0
9.89,13.16,18.48,49.14,9.17,58.94,1.64,-0.23,2639.1,37.1,7.22,0.452,0
9.01,30.61,44.39,83.11,10.72,48.9,1.67,-0.07,2024.9,38.5,5.73,0.526,0
0.36,1.15,2.95,4.55,0.38,38.18,1.51,-0.3,2146.0,36.5,6.18,0.482,0
20.64,33.57,48.83,63.44,16.72,57.91,1.83,0.03,755.5,30.3,3.44,0.707,0
11.36,13.58,18.06,45.8,7.97,31.28,1.34,-0.43,777.3,23.0,2.41,0.782,0
5.06,11.95,13.54,16.87,6.29,47.37,1.9,-0.11,1238.9,15.8,5.39,0.646,0
58.08,99.71,125.51,194.27,72.67,59.45,2.67,1.08,484.5,25.7,1.56,0.815,1
16.47,40.27,82.34,149.52,19.81,51.34,1.82,0.07,1435.0,21.4,3.89,0.567,0
30.68,53.47,62.26,121.01,30.63,65.05,2.34,0.29,459.9,32.3,5.9,0.594,0
7.74,12.98,19.43,46.96,8.98,41.32,1.84,-0.03,1147.1,34.7,5.38,0.654,0
1.4,3.22,16.73,25.18,1.67,41.73,1.91,-0.25,1454.1,30.2,5.07,0.541,0
9.07,14.77,18.97,22.21,6.61,37.1,1.55,-0.25,1226.0,35.5,5.84,0.622,0
28.43,59.05,98.22,164.46,20.76,71.4,3.32,0.18,2020.0,36.4,6.04,0.479,0
23.11,54.22,77.95,147.36,24.05,74.63,2.97,0.72,2264.7,44.8,6.52,0.373,0
14.5,78.19,107.86,175.3,16.49,58.6,2.97,0.02,3100.6,51.6,15.46,0.095,0
21.64,28.9,38.29,59.49,19.06,31.18,1.36,-0.19,1535.0,34.6,5.46,0.479,0
0.11,0.52,1.34,1.61,0.12,26.26,1.39,-0.4,2857.5,49.9,8.32,0.348,0
66.25,112.11,143.32,246.32,78.77,73.19,4.44,2.62,2285.2,44.0,7.24,0.371,1
13.18,37.07,61.77,185.67,15.8,75.02,2.51,0.25,3011.6,55.0,8.92,0.323,0
12.74,16.45,48.1,62.94,14.95,37.11,1.83,-0.01,839.5,21.3,3.51,0.715,0
34.26,58.24,86.08,112.71,37.6,47.37,2.34,0.13,2013.2,33.0,5.44,0.575,0
45.67,73.92,91.3,218.47,37.52,81.72,3.49,1.27,2136.4,37.7,7.36,0.458,1
0.63,1.38,1.87,4.41,0.81,34.66,1.79,-0.19,3072.3,46.6,8.05,0.29,0
15.67,56.89,93.66,218.11,14.75,76.84,3.62,0.26,2958.4,46.2,8.85,0.382,0
52.53,92.45,136.5,182.7,53.67,48.87,2.89,0.67,2888.3,46.5,7.84,0.339,0
79.92,158.13,201.13,412.54,67.28,66.61,4.54,1.33,1475.4,34.7,4.38,0.625,1
7.16,21.05,35.54,91.41,7.71,47.74,1.72,-0.24,1132.3,28.6,3.9,0.688,0
26.69,62.2,103.05,122.06,29.82,68.0,3.13,0.68,2472.3,37.0,6.72,0.444,0
3.5,10.59,22.52,52.16,3.08,53.28,1.87,-0.28,991.1,25.7,3.21,0.634,0
7.14,25.13,62.26,133.09,6.94,50.05,2.28,-0.04,1376.1,31.1,4.44,0.565,0
11.7,22.03,24.09,49.18,9.63,30.59,1.18,-0.16,2712.2,48.1,7.04,0.473,0
3.99,17.7,26.34,92.91,4.24,49.96,1.6,-0.25,799.7,26.5,2.46,0.758,0
13.72,75.21,160.52,197.45,12.89,53.7,3.13,-0.25,2138.5,37.6,6.53,0.514,0
59.14,75.88,92.34,186.88,70.44,82.9,3.64,2.4,1344.9,33.9,6.89,0.513,1
12.58,14.15,39.17,61.67,10.5,47.74,2.1,-0.04,2614.0,43.8,6.88,0.303,0
17.8,24.43,46.75,65.27,22.82,63.16,2.07,0.45,2903.5,50.5,8.36,0.349,0
3.15,4.57,5.29,7.94,2.42,42.99,1.43,-0.12,703.4,26.0,2.6,0.81,0
86.45,141.94,207.03,438.05,110.01,68.5,4.85,2.72,2144.5,33.5,7.51,0.326,1
83.17,103.07,138.81,216.48,99.01,71.07,3.59,2.25,641.4,25.0,2.01,0.829,1
6.45,26.42,51.73,72.08,8.17,43.64,2.07,-0.16,2050.8,37.9,5.87,0.546,0
2.58,5.33,16.77,57.27,3.11,43.01,1.08,-0.44,1804.6,32.0,5.37,0.475,0
58.19,127.6,180.62,350.84,68.5,88.62,6.29,2.82,2286.4,38.4,6.68,0.396,1
13.08,34.77,71.11,155.76,12.02,79.03,2.87,-0.01,1531.8,32.5,5.21,0.585,0
76.37,114.54,185.94,201.6,60.85,56.12,4.03,0.98,2926.5,52.7,8.25,0.335,1
7.5,29.69,58.13,81.7,5.98,45.26,2.06,-0.39,2613.4,50.4,6.89,0.249,0
3.49,4.91,9.82,38.37,2.54,51.17,1.71,-0.06,2482.4,40.3,6.97,0.382,0
17.31,52.77,96.07,132.3,12.46,51.68,2.39,-0.08,2269.1,45.8,12.22,0.341,0
36.68,54.35,114.14,191.73,27.63,53.74,2.63,0.08,1426.9,22.9,4.66,0.59,1
2.76,3.82,21.5,51.72,2.74,28.56,1.62,-0.45,1562.3,34.6,8.3,0.51,0
67.68,72.43,140.41,343.65,52.0,66.32,3.76,0.86,780.1,34.5,3.12,0.765,1
16.11,45.66,93.37,164.46,13.73,52.78,2.25,-0.09,1153.9,23.3,6.07,0.525,0
12.82,38.63,61.3,128.34,11.99,46.35,2.18,-0.02,2029.1,41.9,6.22,0.439,0
23.95,61.81,129.33,161.0,23.22,68.85,3.66,0.48,2078.8,30.7,9.97,0.304,0
6.12,9.49,13.35,25.14,6.18,30.86,2.01,-0.37,2922.3,41.7,9.26,0.29,0
12.78,39.95,80.05,145.21,9.07,51.85,2.89,-0.3,2412.3,35.6,7.73,0.388,0
13.01,20.98,62.77,158.02,14.84,74.44,2.0,0.24,1453.1,22.4,4.3,0.635,0
9.39,19.41,48.99,120.86,11.26,54.0,1.88,-0.01,815.6,24.2,4.21,0.661,0
16.58,44.07,60.66,72.69,16.33,48.42,1.86,0.08,1374.1,29.7,4.33,0.628,0
12.31,37.57,92.97,202.74,11.14,73.95,3.38,0.25,2540.7,43.6,6.79,0.399,0
28.28,58.12,91.81,192.58,22.85,72.74,3.14,0.16,1086.9,26.5,3.11,0.624,0
15.38,38.62,42.86,115.63,12.25,58.21,2.32,-0.25,1743.8,29.4,8.67,0.408,0
28.77,43.24,122.23,137.22,24.7,49.06,2.73,-0.16,816.9,29.1,4.16,0.628,0
6.7,16.86,34.38,48.66,7.67,33.96,1.51,-0.3,905.8,28.6,3.46,0.658,0
14.47,45.61,56.48,125.11,14.39,42.05,1.96,0.02,2743.3,49.8,7.19,0.421,0
12.13,31.29,44.99,80.94,11.62,59.41,1.8,0.08,693.8,27.8,3.17,0.769,0
18.2,29.06,91.92,222.55,18.31,73.9,2.96,0.1,2429.1,30.7,7.69,0.354,0
18.08,27.31,46.61,52.04,19.94,66.3,2.12,0.08,507.0,19.7,3.12,0.714,0
11.47,30.86,36.19,73.16,9.33,57.86,2.36,-0.02,2201.9,37.0,7.01,0.439,0
2.35,4.58,8.52,14.12,2.24,44.55,1.62,-0.2,2481.9,32.2,8.46,0.388,0
13.94,21.84,42.89,115.99,12.64,66.1,2.25,-0.02,3000.7,43.1,8.72,0.317,0
21.62,80.0,136.3,295.2,16.88,88.0,4.99,0.57,1764.4,33.6,5.62,0.416,0
12.62,34.85,57.74,93.42,14.41,68.76,2.38,0.12,2708.5,43.3,7.53,0.364,0
42.49,82.71,111.98,214.05,31.64,67.92,2.96,0.33,1259.0,25.1,3.97,0.51,0
12.24,39.76,63.85,77.68,15.33,42.97,1.87,0.05,2432.2,45.3,8.36,0.421,0
6.07,22.48,30.71,79.15,7.68,67.16,1.52,-0.27,984.2,19.4,4.38,0.586,0
27.67,38.32,65.18,144.39,30.08,58.67,2.28,0.5,3078.1,45.7,8.07,0.397,0
29.78,69.9,99.23,158.02,25.04,51.22,2.27,0.13,1738.4,25.6,6.67,0.531,0
8.79,40.22,46.14,107.56,10.86,53.73,1.69,-0.1,1570.4,27.7,5.64,0.605,0
40.59,66.14,89.68,98.54,46.68,40.93,2.25,0.38,2725.5,45.2,7.37,0.335,0
22.85,38.75,56.14,68.34,17.58,46.7,1.61,-0.11,1028.1,23.3,3.95,0.624,0
67.21,125.28,197.2,275.09,78.05,83.75,6.57,3.35,3195.7,50.1,9.15,0.3,1
23.86,29.7,49.7,58.32,22.57,42.07,1.89,-0.01,2823.0,53.3,7.89,0.365,0
25.22,61.68,91.33,125.73,32.23,50.74,1.98,0.17,2065.6,30.9,6.04,0.563,0
44.3,66.11,125.08,201.44,34.06,51.37,2.84,0.37,1706.2,44.9,6.21,0.541,0
12.59,45.67,107.62,121.3,8.99,58.68,2.57,-0.13,1243.5,27.0,4.23,0.657,0
7.22,29.73,55.15,82.61,7.78,53.81,2.21,0.0,1406.9,33.8,6.23,0.644,0
82.53,142.43,235.55,324.0,79.27,65.41,4.87,1.8,1778.5,38.7,6.24,0.523,1
31.15,66.55,74.59,86.16,31.71,58.38,2.57,0.39,2654.1,52.6,7.88,0.415,0
22.84,55.73,109.87,124.46,25.79,52.86,2.51,0.1,519.4,20.7,3.26,0.741,0
35.89,40.46,72.98,97.15,45.86,62.94,2.74,0.9,2554.2,48.6,7.54,0.413,0
32.94,81.39,144.4,242.08,23.59,65.22,3.84,0.42,2654.6,47.3,7.0,0.406,0
2.57,10.35,21.67,39.92,2.16,38.41,1.77,-0.35,1542.4,30.9,7.19,0.528,0
10.38,28.47,52.15,116.77,8.2,66.48,2.43,-0.14,580.9,24.9,2.49,0.746,0
13.42,21.17,52.48,93.75,14.52,43.5,1.98,-0.22,1557.9,24.5,4.38,0.622,0
17.74,34.44,66.64,99.83,17.45,46.36,1.9,0.06,1192.4,29.1,8.35,0.531,0
45.61,84.25,123.88,152.83,37.92,58.0,2.78,0.41,2596.8,41.7,7.55,0.49,0
0.99,6.7,8.5,25.84,1.05,41.22,1.75,-0.41,1487.9,27.7,4.85,0.59,0
6.13,28.41,41.33,57.04,7.17,45.1,1.79,-0.1,1684.4,30.4,8.59,0.393,0
69.39,93.43,146.64,182.22,58.46,50.31,3.13,0.64,2666.0,47.7,10.7,0.363,1
21.12,95.45,227.29,392.08,15.51,67.44,5.03,0.07,2489.0,41.9,9.34,0.425,0
36.07,49.29,68.46,132.0,33.1,54.44,2.04,0.37,1138.9,28.9,4.11,0.583,0
47.76,52.19,135.95,247.93,48.59,68.43,3.54,0.88,1628.5,32.1,6.77,0.551,1
12.58,18.19,27.89,60.77,9.18,53.77,2.01,-0.25,1735.8,41.1,5.69,0.494,0
19.48,38.9,62.82,162.56,20.84,49.08,1.93,0.29,3079.4,51.9,9.03,0.276,0
32.37,84.51,161.33,259.18,32.54,79.39,4.57,0.91,2336.4,36.4,7.63,0.419,1
65.06,73.92,84.95,124.48,76.56,48.94,2.16,0.97,2003.5,38.3,5.55,0.55,1
10.34,17.0,20.94,53.12,10.78,58.71,1.7,-0.19,774.9,22.8,2.94,0.783,0
30.68,58.4,82.37,216.27,27.73,75.33,2.83,0.5,1037.9,23.6,3.22,0.723,0
73.75,122.06,171.34,274.61,60.79,76.56,4.74,1.88,1384.3,33.1,6.19,0.614,1
53.51,87.48,143.12,267.93,48.36,77.75,4.62,1.57,2739.5,40.0,7.56,0.315,1
14.17,21.78,40.54,62.18,11.11,58.44,1.96,-0.03,2798.0,43.0,7.48,0.313,0
37.2,123.77,160.43,225.69,40.57,68.83,3.08,0.78,401.7,22.6,2.02,0.784,1
7.91,18.65,50.38,89.9,9.24,43.24,1.76,-0.32,985.7,30.4,4.15,0.681,0
39.48,62.87,78.91,123.61,30.63,50.82,2.54,0.3,817.7,26.2,4.8,0.621,0
39.2,74.6,114.08,197.21,44.4,61.29,2.78,0.51,1021.9,26.0,4.25,0.706,1
7.02,9.29,20.49,30.56,5.64,43.78,1.97,-0.36,2967.8,54.3,9.01,0.345,0
5.14,15.43,30.01,40.35,5.26,37.57,1.34,-0.24,815.5,17.4,2.98,0.727,0
15.39,39.43,87.37,112.62,14.99,69.5,2.64,-0.04,675.3,26.7,2.79,0.715,0
5.23,17.11,46.44,83.65,4.81,47.2,1.93,-0.2,1296.8,26.0,3.62,0.566,0
55.72,102.94,159.99,243.02,39.45,81.05,3.83,0.8,870.3,19.2,2.68,0.728,1
20.3,65.78,117.13,314.81,17.81,71.66,3.63,0.23,1275.1,34.3,5.59,0.478,0
29.9,37.45,87.76,245.97,29.33,70.95,2.31,0.14,448.2,11.2,1.35,0.785,1
16.45,23.57,30.41,43.92,16.5,45.08,1.84,-0.09,3103.6,51.7,8.56,0.346,0
43.25,74.89,132.48,273.52,50.4,65.09,3.23,0.75,1671.8,32.7,9.33,0.376,1
11.93,24.55,28.1,48.09,13.01,39.87,1.78,-0.1,903.6,24.0,2.96,0.699,0
19.34,31.64,45.73,55.23,24.2,58.14,2.52,0.26,2443.9,53.6,10.93,0.306,0
4.98,6.03,8.89,13.01,3.91,23.46,1.57,-0.39,645.4,27.5,4.82,0.635,0
36.53,114.37,135.89,153.67,35.99,65.25,3.31,0.52,1580.3,27.8,4.24,0.56,1
38.08,54.66,68.8,137.97,36.58,67.55,2.56,0.73,1557.8,28.8,8.09,0.444,0
20.86,24.84,29.34,54.25,19.81,56.23,2.17,0.31,3013.3,52.5,10.86,0.207,0
25.38,44.05,84.11,146.05,31.13,70.41,3.01,0.64,2120.2,40.0,5.66,0.483,1
27.75,67.38,136.09,187.74,34.29,52.41,2.92,0.24,1942.7,41.6,6.5,0.556,0
25.74,47.52,59.3,117.32,29.38,47.86,1.97,0.34,3052.5,43.4,8.02,0.389,0
24.04,43.7,71.25,90.07,18.83,48.56,1.72,0.01,630.6,17.5,2.28,0.698,0
31.14,35.61,78.12,96.45,22.24,61.73,2.65,0.35,2782.7,40.2,11.87,0.164,0
2.28,3.33,4.19,6.08,2.06,35.34,1.34,-0.1,447.1,18.1,2.32,0.767,0
73.1,115.74,131.5,277.38,80.24,85.84,4.35,3.37,2770.9,43.2,8.61,0.317,1
7.75,11.35,24.23,47.05,9.1,46.76,1.72,-0.16,2723.2,49.1,9.3,0.321,0
82.23,91.97,120.56,342.01,62.03,80.28,4.06,1.84,783.3,30.5,3.84,0.682,1
7.77,17.12,39.31,74.13,5.87,47.52,2.17,-0.06,1372.8,26.6,4.38,0.635,0
29.79,43.23,61.67,112.45,32.73,40.58,1.74,0.07,1737.0,35.3,5.05,0.715,0
50.0,101.66,141.64,178.46,42.54,72.94,4.19,1.06,2471.0,36.6,8.24,0.365,1
12.19,43.89,78.47,100.93,11.9,51.94,2.3,0.13,3161.1,49.3,10.96,0.201,0
44.13,70.97,139.74,173.45,36.53,78.04,3.56,0.68,728.8,20.4,2.37,0.795,1
86.42,114.66,124.63,225.42,90.01,80.22,4.44,3.68,2577.5,49.8,7.35,0.359,1
8.91,14.42,34.72,67.57,8.93,59.98,1.83,-0.12,2090.1,40.0,7.14,0.469,0
31.83,69.88,97.77,154.2,40.87,73.71,3.18,1.16,1709.5,35.0,5.14,0.593,0
67.08,121.01,170.42,191.63,70.79,51.0,3.36,1.12,3149.2,43.8,8.29,0.301,1
38.93,49.77,80.47,94.25,43.31,61.77,2.66,0.67,2429.2,37.9,8.3,0.324,0
16.28,34.99,51.46,96.74,21.03,67.76,2.55,0.48,2736.2,50.9,8.27,0.308,0
32.3,45.81,98.56,189.6,27.69,71.46,3.57,0.57,2479.1,46.6,8.05,0.404,1
45.33,83.42,98.39,136.24,33.68,61.22,2.97,0.49,2350.9,48.3,8.63,0.362,0
20.4,37.55,93.25,179.8,22.43,58.09,2.15,0.11,797.2,21.4,3.51,0.556,0
21.34,54.52,121.25,147.41,22.04,74.28,3.67,0.42,1542.0,24.3,4.23,0.64,0
53.93,61.78,103.66,151.64,66.24,63.2,3.29,1.39,3087.2,45.6,8.16,0.284,1
17.94,31.68,33.94,60.42,16.25,41.72,2.03,-0.01,1154.6,34.7,7.95,0.493,0
28.19,58.24,104.07,160.96,26.01,59.24,2.09,-0.05,581.2,22.7,4.45,0.798,0
5.11,23.9,31.32,81.92,4.08,40.68,1.84,-0.21,578.8,17.5,2.18,0.719,0
19.02,55.29,81.95,91.8,14.22,61.88,2.63,-0.1,2006.4,42.9,6.27,0.501,0
6.8,13.05,15.11,26.52,5.11,46.17,1.68,-0.18,1694.5,35.6,6.5,0.442,0
13.94,19.65,50.75,92.44,15.18,47.83,2.02,0.03,1365.1,40.7,4.04,0.604,0
41.04,72.64,138.87,236.15,40.71,57.39,3.4,0.55,2270.0,37.1,16.41,0.179,1
21.56,38.96,51.55,102.48,16.62,57.87,2.08,-0.05,1678.2,32.4,6.17,0.552,0
42.9,93.2,161.26,335.75,47.36,81.13,4.27,1.29,1205.8,23.6,3.53,0.623,1
12.73,17.65,31.78,41.77,9.88,50.44,1.86,-0.15,1785.7,27.1,7.08,0.289,0
37.08,42.66,60.59,113.95,46.88,59.54,2.3,0.36,748.1,13.9,2.33,0.798,0
31.98,51.86,76.72,192.37,32.39,51.06,2.53,0.36,2884.9,51.7,8.81,0.383,0
41.81,67.13,109.19,173.53,37.2,81.62,4.2,1.19,2798.4,42.2,11.22,0.276,1
64.09,80.23,170.96,327.36,59.3,90.15,5.22,2.26,1513.3,28.4,5.13,0.612,1
52.47,98.92,118.62,146.75,47.56,78.42,3.48,0.96,922.4,24.2,3.07,0.599,1
5.86,39.81,92.49,169.35,4.11,57.59,2.65,-0.1,1324.3,37.9,4.12,0.632,0
10.7,22.06,44.71,72.18,12.58,68.19,1.96,-0.07,1982.1,33.4,5.26,0.597,0
7.39,9.55,16.95,46.5,7.55,55.03,2.0,-0.27,1528.2,39.4,6.03,0.601,0
5.7,7.12,19.71,26.82,5.76,50.24,1.53,-0.14,1052.3,25.3,3.97,0.626,0
22.32,65.02,107.52,161.11,19.01,54.75,2.77,0.01,2949.0,34.0,8.45,0.309,0
4.71,9.42,14.42,26.13,5.37,33.2,1.35,-0.16,2872.3,42.1,10.83,0.266,0
44.12,73.77,103.38,200.8,49.18,75.9,3.56,1.31,2997.9,40.7,9.06,0.305,1
21.45,49.56,67.4,197.35,18.99,52.37,2.45,-0.1,2863.5,51.2,11.0,0.348,0
19.18,21.99,33.66,62.44,24.55,49.93,1.74,-0.01,2808.3,42.1,7.65,0.442,0
24.29,44.52,54.99,127.3,22.29,53.04,2.17,0.16,470.6,20.9,2.07,0.688,0
28.15,35.4,73.1,159.41,21.22,72.44,3.16,0.51,1885.6,36.7,5.9,0.518,0
95.39,142.24,244.22,301.53,101.52,83.66,7.88,4.23,3155.6,46.3,10.51,0.322,1
9.41,22.88,45.16,64.25,11.61,36.06,1.64,-0.31,862.9,19.1,4.45,0.6,0
8.27,13.15,14.9,47.69,7.57,41.42,1.28,-0.4,694.7,21.8,2.82,0.744,0
10.06,61.99,97.45,149.9,9.0,54.83,2.5,0.06,3184.8,48.5,8.24,0.258,0
4.83,13.41,14.45,31.92,6.07,53.76,1.58,-0.28,886.7,28.3,2.46,0.673,0
27.96,70.11,96.04,128.72,25.34,58.37,2.42,0.16,1191.2,22.5,9.08,0.51,0
59.53,120.91,155.0,189.53,44.7,81.35,5.22,1.61,2685.6,43.6,6.99,0.421,1
66.99,108.72,173.55,203.01,79.71,78.58,4.79,2.17,1778.3,30.9,5.95,0.568,1
6.52,11.77,33.53,49.61,4.81,33.07,1.36,-0.4,549.3,21.6,1.72,0.839,0
15.86,19.48,72.46,157.42,18.97,64.66,2.31,0.0,1473.4,27.6,6.73,0.573,0
18.15,24.21,63.18,134.58,16.63,81.57,2.55,0.17,930.9,19.6,3.19,0.701,0
58.65,105.16,141.81,256.51,48.53,88.04,4.17,1.18,932.4,19.4,7.03,0.703,1
8.96,19.22,38.51,254.02,11.19,79.99,2.24,0.36,2558.2,55.5,12.64,0.256,0
4.66,6.91,13.81,34.07,4.12,61.42,1.54,-0.35,577.1,20.5,2.03,0.743,0
30.14,45.81,79.31,132.02,35.66,73.28,2.83,0.52,915.4,27.0,4.36,0.7,0
65.16,108.86,196.34,280.9,47.35,68.51,5.02,1.15,2696.0,40.9,8.1,0.357,1
48.34,74.2,147.66,236.44,59.86,83.08,5.28,2.01,2397.8,38.9,6.61,0.454,1
88.58,134.32,189.64,335.69,72.8,90.43,5.46,2.65,836.6,27.5,6.98,0.634,1
49.0,86.1,121.04,241.36,45.59,70.1,4.05,1.29,2861.5,50.3,7.6,0.377,1
7.12,7.82,12.44,26.41,8.33,50.29,1.63,-0.31,2696.4,51.5,11.25,0.266,0
17.97,34.78,76.6,102.73,21.32,62.4,2.36,0.12,1560.4,35.0,6.34,0.45,0
16.79,50.03,90.2,166.4,18.31,56.13,2.54,-0.08,1135.5,28.8,4.21,0.618,0
20.3,32.3,47.23,98.38,20.63,44.86,2.1,-0.07,1902.7,30.8,7.96,0.477,0
13.73,22.53,38.75,71.8,15.1,31.12,1.83,-0.37,2635.6,51.4,9.8,0.214,0
56.09,94.29,146.25,255.54,55.53,81.1,4.23,1.35,944.1,25.4,3.28,0.647,1
3.64,6.5,15.83,45.53,3.67,59.59,1.58,-0.39,2068.4,39.3,6.51,0.439,0
45.62,80.91,148.85,264.15,33.62,89.6,4.41,0.85,1051.9,25.1,6.73,0.603,1
18.08,19.96,28.58,60.74,14.46,30.62,2.07,-0.32,2391.2,39.8,6.19,0.495,0
15.79,18.72,94.35,145.68,16.36,54.22,2.46,-0.0,2400.6,37.0,8.63,0.344,0
14.77,33.68,54.18,82.83,16.68,58.59,2.26,0.02,923.8,22.5,4.27,0.637,0
9.69,15.39,24.02,44.08,8.25,52.99,1.83,-0.1,1338.7,25.5,5.33,0.573,0
3.19,4.39,9.27,25.08,3.16,46.99,1.2,-0.3,719.4,23.6,2.91,0.655,0
37.66,73.22,104.49,165.71,46.39,62.04,3.04,0.83,2573.1,38.7,8.34,0.424,0
14.74,36.83,64.02,141.42,14.39,69.93,2.7,0.11,2129.5,30.2,6.6,0.425,0
3.69,5.32,10.88,22.24,4.36,35.14,1.68,-0.21,3138.0,47.6,13.98,0.042,0
7.82,12.49,24.21,39.89,7.31,35.71,1.8,-0.39,1734.1,35.6,6.63,0.466,0
17.02,35.87,50.75,75.08,13.34,62.54,1.89,0.22,2752.6,40.3,7.74,0.296,0
36.98,79.08,119.78,160.21,44.92,55.55,2.74,0.28,2031.6,26.9,6.36,0.369,0
11.26,20.64,42.95,62.35,9.27,63.92,2.28,-0.18,1862.2,34.1,5.06,0.534,0
35.17,86.64,144.34,181.59,34.78,76.35,5.2,1.25,3068.8,52.0,8.83,0.333,1
2.82,5.36,9.46,14.88,2.8,46.77,1.27,-0.19,1490.1,27.2,4.1,0.65,0
6.27,12.05,16.83,34.83,7.63,36.59,1.49,-0.19,2513.4,39.1,7.45,0.372,0
31.39,42.84,73.05,131.27,25.49,77.26,2.78,0.69,1183.7,30.6,3.98,0.722,0
27.5,57.23,68.1,136.56,22.22,45.77,1.95,0.11,3017.5,42.4,13.76,0.204,0
42.49,74.12,93.5,116.0,42.65,39.63,2.06,0.28,2580.5,53.5,7.6,0.458,0
10.23,32.68,77.05,216.72,13.25,74.49,3.21,0.17,2996.4,42.3,7.84,0.268,0
13.75,46.17,58.24,84.33,14.17,49.01,2.07,-0.26,456.0,25.3,3.08,0.736,0
16.1,49.81,58.96,132.6,20.54,61.59,2.94,0.27,2408.3,41.1,8.25,0.505,0
24.54,27.07,57.92,115.95,21.17,55.58,2.21,0.05,2010.8,39.0,5.57,0.571,0
30.88,43.84,61.84,99.97,39.6,44.63,2.11,0.2,3010.4,51.1,8.17,0.321,0
10.5,28.45,72.93,93.5,11.82,48.33,1.61,0.03,2302.3,43.1,6.02,0.443,0
1.34,1.57,3.83,4.86,1.64,27.25,1.57,-0.41,1914.5,37.9,5.74,0.344,0
0.49,4.15,5.84,15.71,0.58,30.09,1.61,-0.47,1561.0,35.1,6.79,0.592,0
9.72,30.24,107.65,141.71,11.95,50.79,2.17,0.05,808.8,24.8,6.14,0.628,0
12.65,18.16,33.61,54.58,11.31,48.36,2.05,-0.2,2191.2,31.8,6.13,0.447,0
12.66,19.44,33.13,45.64,13.6,61.54,1.78,0.04,475.2,19.4,2.25,0.797,0
22.18,75.24,151.64,196.32,22.46,72.9,4.46,0.64,1596.3,39.6,6.08,0.536,0
23.84,75.3,106.43,244.39,25.15,65.61,3.49,0.58,2877.5,46.9,8.43,0.36,0
5.08,14.63,30.38,43.84,3.64,54.52,1.71,-0.33,454.0,20.0,3.04,0.777,0
35.11,62.22,87.95,118.61,34.12,59.82,2.65,0.32,898.9,30.3,5.43,0.698,0
39.21,114.31,199.08,273.35,39.55,55.3,4.14,0.41,2735.8,45.6,7.55,0.405,1
15.36,30.69,73.17,139.04,11.34,63.69,2.82,-0.1,3151.6,43.2,10.9,0.229,0
62.97,68.22,165.22,337.43,71.35,83.48,4.96,2.22,1555.9,30.3,4.1,0.537,1
26.44,33.89,45.86,64.87,22.69,37.03,2.08,0.02,2704.2,44.7,7.25,0.508,0
6.04,18.46,30.72,64.93,7.34,62.05,1.63,-0.1,668.4,21.8,3.26,0.727,0
14.77,26.55,37.32,54.27,12.06,35.8,1.89,-0.37,1710.4,40.7,5.06,0.605,0
6.04,11.24,36.52,101.73,7.56,46.54,1.59,-0.23,2097.9,38.9,7.45,0.432,0
23.93,40.28,49.63,117.76,24.67,61.51,2.31,0.31,2776.0,57.2,9.48,0.304,0
20.91,44.24,73.65,103.49,17.97,41.83,1.8,-0.08,1196.4,23.4,4.59,0.625,0
24.25,57.78,139.11,353.08,23.47,85.74,4.89,0.6,1151.5,27.3,4.07,0.682,1
29.12,34.03,42.63,92.45,24.57,49.44,2.07,-0.13,1703.7,31.6,6.03,0.522,0
28.65,39.83,78.39,168.83,25.93,56.07,2.22,0.14,1063.5,26.0,3.03,0.61,0
15.01,29.73,43.24,102.87,10.67,61.68,2.15,-0.08,1083.9,27.2,2.93,0.716,0
26.68,40.04,127.92,196.0,26.7,63.89,3.3,0.27,2905.5,43.4,9.3,0.289,1
25.21,46.24,82.07,161.66,32.39,69.75,3.15,0.76,2435.6,45.5,6.9,0.356,0
2.53,3.94,4.97,5.68,1.87,19.19,1.22,-0.48,2339.3,37.5,7.15,0.527,0
8.56,13.55,15.77,18.81,6.86,47.59,1.51,-0.25,1716.1,29.9,7.95,0.544,0
53.41,93.01,129.71,237.38,62.62,59.56,3.07,0.88,2638.6,32.1,7.19,0.338,1
3.73,14.06,28.6,41.22,2.64,30.28,1.33,-0.1,1235.8,27.7,4.18,0.632,0
30.24,42.95,80.2,106.61,29.38,42.69,1.92,0.12,2982.8,40.6,8.09,0.271,0
31.05,53.58,64.23,72.18,26.3,38.43,2.07,-0.04,2540.3,40.9,10.33,0.352,0
14.49,28.43,38.2,46.53,18.67,54.32,1.85,0.13,1612.2,25.4,5.3,0.508,0
7.83,19.0,21.51,59.2,7.77,35.68,1.85,-0.35,2808.7,49.0,10.68,0.292,0
17.71,49.35,124.73,267.68,19.95,80.21,3.82,0.13,1434.4,21.5,6.02,0.487,1
25.86,31.29,64.97,138.88,28.92,48.62,2.43,0.2,2176.0,43.3,6.37,0.463,0
78.28,117.95,180.94,294.71,73.56,61.16,3.91,1.32,958.8,35.0,3.35,0.716,1
15.59,32.93,45.36,102.41,10.94,50.7,1.81,0.01,780.3,23.8,3.52,0.718,0
37.12,56.47,97.24,106.56,33.32,66.45,2.65,0.8,2475.8,46.0,9.55,0.385,0
53.12,59.49,131.67,163.45,67.46,79.73,4.68,2.61,2957.7,47.2,7.82,0.335,1
46.63,110.32,233.46,369.18,56.43,64.99,5.5,1.14,2342.1,43.5,8.04,0.318,1
1.05,1.97,6.41,9.9,0.84,27.12,1.31,-0.31,2809.1,41.7,9.48,0.309,0
2.86,5.64,7.46,40.88,2.66,49.51,1.5,-0.28,1005.5,23.8,3.43,0.712,0
14.73,21.3,38.13,71.79,17.48,39.75,1.61,-0.28,2730.1,47.4,8.86,0.414,0
6.75,33.5,68.01,104.09,7.94,55.48,2.1,-0.18,782.4,21.9,5.26,0.695,0
64.87,77.03,91.69,143.45,81.84,63.1,2.57,1.45,1103.9,25.8,5.69,0.567,0
17.61,33.51,58.78,86.38,12.73,47.6,2.21,-0.19,1477.9,34.0,3.96,0.644,0
15.84,27.23,41.38,81.91,12.61,59.57,1.83,-0.22,523.8,16.7,2.12,0.707,0
1.98,3.24,4.56,5.55,2.17,23.06,1.47,-0.16,2243.8,41.3,6.98,0.544,0
17.07,31.27,42.32,81.6,18.88,46.03,1.87,0.08,876.9,17.9,4.16,0.647,0
4.01,8.74,21.72,35.48,3.18,29.53,1.62,-0.21,1998.5,45.2,5.24,0.508,0
7.06,24.02,38.12,72.04,6.11,52.0,2.26,-0.32,705.4,19.5,2.84,0.721,0
18.14,21.57,33.64,119.96,17.51,57.04,1.31,0.22,1864.6,33.5,5.45,0.556,0
40.65,68.35,82.3,243.52,31.4,80.67,3.22,0.94,2964.8,50.7,7.63,0.372,0
60.38,80.98,152.44,251.51,55.73,56.54,3.08,0.63,1971.3,34.9,5.86,0.527,1
14.34,33.45,44.81,90.11,14.67,41.98,2.09,-0.35,1210.7,21.6,4.77,0.587,0
41.1,60.71,77.56,141.78,34.44,76.68,2.64,0.76,747.3,22.5,7.91,0.529,1
36.96,48.03,68.27,149.66,26.46,60.01,2.42,0.32,1392.3,32.0,3.75,0.619,0
10.51,27.78,59.66,92.16,10.46,47.29,1.97,-0.1,2910.6,57.3,8.23,0.306,0
30.72,37.14,76.57,142.4,29.59,50.47,2.2,-0.03,1584.3,32.3,7.0,0.521,0
37.43,61.19,135.06,210.76,40.85,69.99,3.25,0.64,1703.1,32.4,5.35,0.564,0
54.32,66.0,90.07,305.34,50.83,83.87,2.96,1.13,790.5,15.4,2.58,0.691,1
51.38,91.97,166.01,181.75,57.91,50.51,3.21,0.67,2802.5,48.2,8.23,0.257,1
7.52,14.05,23.45,31.48,6.93,23.38,1.32,-0.22,1481.9,34.2,4.72,0.644,0
23.65,46.9,66.56,132.92,22.51,76.27,3.12,0.6,1983.5,39.8,6.05,0.485,0
42.63,85.77,101.6,201.15,52.6,72.1,3.35,0.98,411.8,28.8,1.24,0.883,1
28.93,33.05,45.51,120.9,34.13,57.36,1.97,0.1,1051.6,23.8,3.83,0.635,0
18.87,31.95,42.08,87.36,14.74,61.07,2.26,-0.1,2293.6,46.3,8.89,0.358,0
22.93,57.88,127.14,220.49,22.34,85.93,3.37,0.13,537.3,15.4,4.26,0.644,1
12.14,56.45,74.95,196.23,13.01,52.66,2.57,0.1,2044.8,41.0,5.32,0.432,0
24.79,44.44,61.92,134.41,22.36,60.51,2.05,0.13,867.5,16.2,3.87,0.666,0
10.43,37.98,79.99,89.31,12.89,61.32,2.55,0.21,2380.2,40.4,8.03,0.382,0
15.55,20.05,56.48,139.44,15.95,72.74,2.86,0.35,1745.2,34.6,5.98,0.405,0
0.52,1.19,1.52,3.82,0.53,40.12,1.28,-0.46,1996.3,41.8,5.48,0.417,0
61.06,100.2,174.45,331.68,63.06,54.97,3.68,1.04,2488.4,54.3,8.67,0.373,1
6.15,9.18,19.95,48.23,7.02,46.73,1.24,-0.13,1439.5,27.3,6.07,0.583,0
2.83,8.26,13.9,22.44,2.42,49.59,1.59,-0.33,2972.1,55.5,8.51,0.36,0
21.81,30.72,65.8,122.78,18.17,59.78,2.45,0.29,2932.7,50.8,8.94,0.303,0
6.51,29.88,61.95,83.07,6.57,52.11,2.13,-0.01,1753.2,42.2,5.77,0.519,0
31.53,42.37,56.94,108.1,37.67,47.11,1.85,0.13,2376.6,43.2,7.11,0.471,0
24.06,34.62,69.99,110.16,21.62,66.15,2.65,0.53,2852.7,44.1,8.9,0.254,0
57.43,135.32,205.01,300.56,69.95,79.37,5.57,2.28,922.2,32.6,4.03,0.714,1
20.45,39.96,92.22,115.01,20.16,44.56,2.14,-0.05,2042.0,38.7,5.7,0.5,0
15.4,25.29,37.42,70.02,10.89,41.06,1.73,-0.35,2162.4,33.2,5.84,0.414,0
3.66,7.82,9.48,15.59,3.87,42.18,1.27,-0.32,1551.6,35.6,4.65,0.547,0
9.72,10.96,21.62,27.44,9.99,51.37,1.74,-0.18,2580.9,33.6,7.58,0.396,0
57.74,105.51,156.6,302.98,42.9,77.18,3.83,0.79,606.5,18.0,2.31,0.758,1
20.8,33.2,70.18,133.94,18.85,47.02,2.03,0.03,1544.4,35.4,4.46,0.628,0
4.34,24.98,35.66,77.9,3.32,35.46,2.04,-0.12,3060.9,56.5,8.07,0.322,0
8.9,13.65,25.0,49.98,8.84,31.39,1.8,-0.16,2623.6,50.1,7.43,0.34,0
8.04,26.62,43.77,145.47,6.91,50.94,1.86,0.01,2369.1,42.9,7.0,0.436,0
20.99,31.25,38.92,79.95,18.93,44.13,1.94,-0.19,3189.2,48.5,8.62,0.311,0
18.28,55.19,156.09,340.1,15.38,84.05,3.56,-0.06,803.0,15.5,5.61,0.545,1
15.76,18.69,27.96,61.78,17.95,45.78,1.44,-0.12,594.7,16.7,1.97,0.73,0
3.36,5.68,23.04,48.75,3.34,48.47,1.8,-0.05,3173.0,48.7,15.91,0.082,0
36.85,51.52,75.6,103.99,44.25,49.76,2.08,0.54,1427.3,35.0,7.17,0.516,1
36.29,43.16,126.93,278.42,46.12,83.73,4.56,1.3,1453.5,29.9,5.47,0.472,1
14.14,22.04,27.21,54.26,14.14,31.42,1.59,-0.06,2080.3,43.2,5.7,0.518,0
21.55,37.2,52.59,102.3,27.2,60.91,2.25,0.48,1798.8,35.4,4.7,0.598,0
11.31,22.23,44.85,91.64,10.84,54.21,1.57,-0.25,1557.9,29.6,4.97,0.623,0
14.04,15.56,27.14,49.76,13.91,42.3,2.03,-0.25,2271.9,35.9,6.6,0.512,0
49.49,105.83,118.32,145.93,44.81,64.8,2.85,0.68,1132.6,26.5,3.29,0.756,1
13.26,31.16,65.29,89.52,15.97,45.11,1.6,-0.1,694.7,15.4,4.59,0.738,0
15.42,20.31,27.57,80.9,12.34,67.99,1.87,0.19,1130.7,28.1,3.76,0.586,0
66.33,93.7,165.69,256.67,85.28,83.5,5.2,3.04,2059.3,36.9,9.38,0.468,1
16.47,51.01,85.13,124.51,20.68,63.15,2.58,0.31,957.4,26.3,3.84,0.787,0
11.49,18.13,42.7,65.76,8.77,62.86,2.49,-0.05,2274.6,29.9,7.21,0.516,0
8.05,20.65,28.19,49.62,8.25,58.87,1.65,-0.09,1291.9,28.1,4.86,0.639,0
59.64,102.08,128.73,204.11,65.86,52.48,2.47,0.86,2009.6,32.4,5.61,0.6,1
31.98,36.17,66.89,79.35,40.87,38.7,2.34,-0.0,2698.6,46.6,10.45,0.369,0
42.21,50.79,95.2,170.38,42.62,81.91,3.71,1.28,1430.0,38.9,4.8,0.56,1
15.84,28.78,52.86,81.2,16.49,58.34,1.58,0.06,1233.6,28.6,3.71,0.635,0
12.88,37.18,93.58,124.03,9.63,68.86,3.1,0.12,2558.5,43.0,9.73,0.327,0
49.49,89.57,161.22,173.31,44.19,48.93,3.11,0.6,2920.2,45.8,8.71,0.324,0
5.89,27.29,49.37,65.14,5.19,47.86,1.97,-0.39,2153.0,34.8,7.79,0.423,0
36.46,60.76,72.26,114.28,37.36,46.7,2.31,0.22,577.8,24.4,3.05,0.711,0
17.78,22.41,33.04,64.43,13.31,51.15,1.61,-0.19,1130.2,19.4,4.22,0.657,0
6.1,16.19,93.64,205.19,4.27,59.16,2.79,-0.09,2482.7,37.6,7.24,0.472,0
11.2,15.23,30.49,79.96,13.48,60.61,1.88,0.02,885.5,31.7,2.6,0.668,0
10.22,24.42,36.37,47.08,10.26,35.58,1.68,-0.26,1549.1,32.4,4.57,0.594,0
25.19,32.93,63.13,113.53,25.9,70.43,2.46,0.42,746.6,26.6,3.96,0.662,0
10.8,30.18,39.86,49.56,12.71,64.47,1.73,-0.09,661.3,13.6,2.04,0.789,0
3.37,5.58,8.16,13.04,3.71,32.48,1.07,-0.47,1955.1,41.8,5.44,0.531,0
3.28,14.18,34.57,76.37,4.05,46.1,1.68,-0.39,2223.4,40.6,6.9,0.39,0
59.37,107.69,115.9,237.02,42.77,89.22,4.05,1.51,739.0,25.4,2.81,0.706,1
42.79,65.72,92.66,105.38,45.93,72.62,2.96,1.11,2908.8,35.1,8.96,0.327,0
8.18,20.89,55.76,116.23,8.91,52.8,2.24,-0.1,3071.2,43.1,9.7,0.301,0
3.33,5.23,9.61,11.68,3.41,32.37,1.77,-0.27,2266.6,32.7,5.98,0.484,0
61.82,70.36,123.42,206.57,54.91,58.01,3.29,1.11,3179.8,45.2,8.5,0.313,1
6.03,13.38,39.39,110.67,4.93,74.53,1.62,-0.22,1373.4,26.7,4.62,0.707,0
24.64,78.84,89.71,220.21,28.72,56.89,2.66,0.06,1243.3,33.2,3.48,0.662,1
6.9,7.76,11.48,24.2,7.4,32.96,1.33,-0.26,403.1,18.3,3.08,0.807,0
15.12,16.83,45.11,77.99,17.89,53.99,1.95,-0.11,1850.2,39.8,6.01,0.479,0
18.07,36.98,70.38,94.75,13.77,57.23,2.49,0.05,2460.3,46.0,8.28,0.402,0
13.61,20.24,54.28,91.34,13.3,39.58,1.75,-0.23,2161.5,24.5,6.91,0.399,0
26.61,66.51,74.32,138.31,29.91,67.5,2.67,0.36,1199.6,28.4,3.32,0.682,0
8.21,65.63,81.76,251.33,6.05,86.4,3.46,0.06,1098.9,36.3,4.38,0.643,1
27.27,57.37,91.29,153.85,30.85,67.33,2.18,0.41,874.6,15.2,2.56,0.689,0
8.79,20.67,54.79,121.78,11.24,72.56,2.36,-0.01,2484.4,31.3,6.68,0.427,0
54.08,76.35,120.23,206.89,51.39,62.76,3.32,0.95,2965.8,41.1,9.78,0.316,1
43.91,56.35,113.04,123.86,34.42,54.04,2.95,0.28,2716.9,51.7,7.56,0.338,0
67.27,105.7,199.03,380.93,80.17,90.4,7.5,4.24,2704.5,51.1,7.09,0.398,1
13.36,24.36,71.06,93.91,11.02,45.68,2.42,-0.22,2241.4,38.2,6.76,0.441,0
5.81,10.91,14.34,27.26,6.49,46.22,1.67,-0.06,2957.1,42.4,7.83,0.3,0
33.19,57.01,83.55,116.58,31.57,58.94,2.66,0.46,2450.8,43.1,6.45,0.55,0
0.69,1.42,4.99,7.75,0.5,35.34,1.38,-0.18,2172.2,44.1,7.19,0.391,0
3.33,9.85,28.0,36.0,2.75,35.44,1.81,-0.23,2620.3,39.9,7.78,0.452,0
16.84,27.76,76.31,114.92,21.29,53.01,2.39,-0.01,3083.3,43.4,9.13,0.246,0
88.11,124.59,160.37,219.74,65.83,53.62,3.24,1.01,2260.5,36.3,6.95,0.414,1
37.36,96.51,166.95,294.24,29.54,82.0,5.06,0.95,1455.8,37.6,4.14,0.659,1
4.5,7.44,16.32,26.65,5.29,36.19,1.73,-0.31,2969.4,39.9,8.43,0.364,0
79.17,139.69,217.68,372.36,61.42,63.66,4.79,1.21,2391.6,35.2,6.62,0.454,1
13.68,42.89,75.98,149.47,17.76,71.06,2.94,0.24,2451.6,35.4,6.53,0.458,0
55.0,120.66,222.17,279.3,58.97,68.04,4.56,1.11,1805.4,29.1,6.01,0.54,1
21.13,36.61,104.69,262.55,22.14,77.35,4.01,0.75,2935.8,50.9,8.28,0.368,1
0.9,1.66,2.04,7.13,1.1,19.67,1.65,-0.28,2302.0,41.5,8.08,0.418,0
5.41,8.43,11.84,22.05,6.62,36.44,1.75,-0.23,772.2,19.0,2.57,0.699,0
11.9,96.08,200.05,417.87,12.62,90.06,4.31,0.19,512.1,11.6,1.88,0.764,1
77.62,82.34,128.71,213.97,70.44,74.91,4.31,2.55,3086.5,54.0,11.41,0.222,1
12.54,19.04,23.63,61.28,12.27,56.55,1.66,-0.21,1440.6,29.1,5.03,0.544,0
12.76,56.93,118.77,191.35,15.95,80.8,4.63,0.46,2850.5,50.3,7.9,0.235,0
49.19,54.62,73.48,177.37,39.65,48.37,2.2,0.38,3090.0,51.4,9.87,0.26,0
3.09,8.5,23.34,81.51,3.14,61.98,1.79,-0.3,2032.4,42.2,5.76,0.474,0
9.04,15.06,22.18,43.62,8.37,52.88,1.76,-0.21,656.8,24.6,3.78,0.752,0
6.0,18.38,54.48,128.96,7.13,63.31,2.25,-0.19,2027.9,40.2,6.1,0.426,0
41.48,53.99,96.28,195.42,42.52,57.88,2.65,0.65,2777.1,40.3,12.11,0.16,0
43.9,73.99,89.08,156.72,51.18,53.58,2.5,0.56,1412.6,34.7,5.2,0.634,1
16.43,44.5,63.96,151.28,13.99,64.95,2.16,-0.04,1691.4,37.5,5.47,0.595,0
26.89,57.19,63.42,187.13,26.92,81.35,2.97,0.73,2629.5,44.2,6.81,0.44,1
12.2,25.88,54.75,168.05,13.02,53.83,1.77,0.08,1064.3,26.2,6.45,0.642,0
8.74,22.35,42.92,60.62,7.6,47.47,1.98,-0.12,2885.7,57.5,8.13,0.294,0
24.4,45.91,61.42,69.04,29.71,41.53,1.81,-0.12,1479.2,32.7,4.32,0.624,0
2.43,5.22,25.81,46.45,1.94,46.89,1.88,-0.45,1872.5,35.3,7.72,0.506,0
27.51,42.55,73.41,119.01,32.12,73.23,2.57,0.5,842.1,19.4,2.7,0.707,1
53.47,64.77,87.02,135.1,59.06,79.07,3.39,1.75,1794.0,29.6,5.01,0.561,1
22.91,25.18,35.87,103.35,28.83,67.2,2.2,0.58,2561.6,45.6,7.68,0.423,0
38.4,90.31,109.46,172.48,46.28,72.71,3.23,0.97,1025.7,25.7,5.02,0.729,1
51.38,56.63,75.01,178.78,64.33,71.58,2.82,1.71,1403.4,36.7,4.97,0.586,1
15.78,30.26,90.27,123.1,18.65,52.91,2.34,0.02,1086.7,27.8,4.81,0.698,0
12.92,39.64,98.59,129.68,16.77,58.7,2.31,-0.03,961.9,22.7,2.64,0.764,0
25.96,39.33,78.02,154.69,28.75,54.98,2.27,0.08,2045.8,34.5,7.97,0.491,0
78.98,129.0,158.23,187.31,98.83,58.94,3.31,1.61,680.0,24.6,4.15,0.724,1
8.6,24.34,68.33,156.53,10.24,72.03,2.8,-0.07,1288.9,31.6,4.42,0.65,0
54.67,69.34,153.8,180.81,41.69,60.6,3.1,0.59,547.5,23.6,1.99,0.869,1
6.87,10.96,53.4,62.11,5.38,36.1,1.74,-0.41,691.6,20.1,4.58,0.754,0
11.0,12.09,24.82,52.82,13.94,49.93,2.12,-0.09,1247.3,38.6,3.85,0.672,0
10.89,15.58,36.76,67.85,13.66,51.71,1.57,0.06,2692.0,40.2,11.4,0.209,0
10.45,17.29,19.95,33.74,7.64,44.75,1.67,-0.26,1994.2,42.4,12.95,0.245,0
22.63,59.16,127.53,204.83,23.22,64.61,2.8,0.25,757.0,26.4,3.15,0.725,1
1.92,2.47,6.24,8.15,1.42,24.54,1.28,-0.31,3009.5,52.6,11.01,0.321,0
9.76,49.09,57.63,121.54,12.12,70.51,2.43,0.06,2497.3,36.7,8.49,0.341,0
6.69,45.34,72.98,107.94,4.83,55.11,2.27,-0.11,1122.4,28.3,3.62,0.669,0
2.04,2.17,3.66,5.72,2.15,42.77,1.48,-0.37,1091.7,31.4,5.23,0.713,0
13.04,30.61,42.46,87.33,13.46,58.48,1.96,-0.12,2962.7,50.4,12.15,0.158,0
52.89,118.79,194.13,291.44,63.01,58.44,3.75,1.17,1202.0,34.5,3.37,0.655,1
2.41,7.53,15.17,29.55,2.24,44.95,1.57,-0.46,2286.7,43.9,6.21,0.386,0
19.17,49.15,55.78,142.74,16.25,63.75,2.75,0.29,2622.1,45.6,6.79,0.378,0
40.03,55.79,87.38,165.66,44.13,74.8,2.2,0.55,1076.0,18.0,3.01,0.71,0
10.35,21.16,34.87,63.72,13.13,60.02,1.64,-0.07,1883.1,42.2,6.27,0.531,0
13.39,23.15,45.6,58.2,16.13,33.59,1.88,0.03,3135.8,51.5,9.04,0.331,0
7.02,21.26,26.03,31.01,6.49,23.93,1.87,-0.2,2815.0,49.4,7.83,0.382,0
29.89,46.71,67.76,185.39,35.54,70.75,2.62,0.59,1005.6,24.5,4.3,0.686,0
39.0,48.9,55.92,188.15,49.23,71.28,2.41,1.43,2505.3,43.8,6.61,0.326,1
8.24,21.81,99.79,133.16,10.23,53.44,2.89,-0.28,2477.4,34.5,6.97,0.421,0
20.64,40.7,56.81,69.65,14.64,68.09,1.83,-0.06,601.0,14.1,3.93,0.67,0
73.42,111.71,199.55,229.42,56.26,73.72,6.05,1.89,2274.8,53.9,8.83,0.282,1
54.62,123.04,177.32,319.23,52.94,81.14,4.63,1.45,684.5,21.5,4.89,0.721,1
5.49,7.25,27.74,34.16,5.07,42.86,1.94,-0.4,1217.1,23.4,3.27,0.711,0
15.53,23.57,52.63,77.0,13.0,56.75,2.13,-0.27,426.5,17.4,3.52,0.772,0
33.84,54.63,104.57,148.48,30.37,60.75,2.35,0.16,604.0,23.9,2.12,0.744,0
6.69,12.06,42.36,160.53,6.07,59.51,2.22,-0.29,3199.0,57.4,10.21,0.208,0
23.18,37.04,99.6,126.18,25.37,50.19,2.43,0.01,1570.6,32.9,5.36,0.606,0
3.73,9.02,14.74,51.98,3.52,31.36,1.76,-0.33,2897.8,48.4,8.43,0.319,0
34.98,60.44,135.78,210.72,32.67,68.49,3.98,0.65,3085.9,49.2,10.53,0.374,1
27.17,75.86,84.52,153.29,19.17,49.26,2.37,0.08,2877.1,36.0,10.05,0.234,0
21.53,55.64,93.42,185.83,15.91,57.77,2.4,0.09,2153.6,34.0,6.46,0.5,0
0.22,0.34,0.87,1.37,0.18,23.44,1.55,-0.25,2967.2,51.8,8.2,0.361,0
6.64,14.11,28.19,56.07,5.17,59.52,1.9,-0.03,2902.0,46.3,7.89,0.292,0
9.72,13.77,46.48,109.3,7.29,63.12,1.9,-0.2,1420.8,29.2,5.13,0.597,0
2.77,7.64,9.42,29.59,2.73,35.34,1.92,-0.32,1236.3,30.2,4.77,0.554,0
24.5,64.08,83.06,207.01,31.59,71.12,2.73,0.77,2273.5,43.1,9.31,0.36,0
3.5,16.79,22.82,57.42,4.54,33.51,1.35,-0.07,1727.3,26.9,5.1,0.502,0
40.81,69.72,131.97,189.54,30.55,81.27,3.88,0.48,712.3,23.1,2.42,0.735,1
12.96,26.49,50.74,144.19,11.5,53.88,1.93,-0.15,763.2,20.8,2.38,0.673,0
53.74,73.25,138.64,177.69,53.14,74.29,3.5,1.0,446.5,21.8,1.67,0.724,1
52.95,115.25,179.26,238.59,44.1,74.86,4.63,1.14,1577.1,32.1,4.15,0.621,1
2.66,7.59,15.04,21.06,2.46,24.15,1.72,-0.21,2692.3,44.3,9.21,0.392,0
19.17,34.34,62.07,79.92,16.58,62.5,2.64,0.12,1920.4,41.9,7.69,0.428,0
33.23,42.42,65.36,146.42,30.24,64.5,2.45,0.7,2445.3,51.6,7.93,0.449,0
15.66,32.98,65.62,136.2,13.89,76.45,2.16,0.13,991.3,22.2,3.13,0.735,0
36.52,45.78,51.4,124.16,41.44,76.18,1.82,0.41,788.6,10.8,2.27,0.692,0
22.83,45.36,92.02,104.05,24.72,54.11,2.63,0.2,2887.5,38.5,7.84,0.401,0
9.49,20.15,37.06,61.01,10.52,36.31,1.25,-0.34,2380.7,36.2,8.94,0.386,0
18.13,40.54,44.76,71.52,22.05,30.26,1.62,-0.16,3077.8,58.0,12.47,0.184,0
45.04,68.68,88.95,115.17,53.73,75.49,2.54,0.63,645.1,12.0,2.57,0.758,1
45.14,89.71,146.84,261.02,49.07,92.81,4.15,1.05,528.5,14.2,2.53,0.806,1
59.33,73.05,134.39,286.97,63.91,71.8,3.6,1.42,2189.6,33.7,6.35,0.47,1
11.99,23.88,26.99,37.3,11.25,45.67,1.79,-0.33,2886.0,37.8,8.26,0.308,0
15.18,22.76,24.73,45.36,15.7,59.87,1.7,0.18,1441.6,31.7,5.8,0.632,0
34.3,97.2,134.47,255.25,28.47,83.77,3.93,0.65,1242.4,21.1,5.8,0.626,1
7.61,17.91,24.57,66.84,5.44,57.37,1.82,-0.09,617.7,21.0,2.36,0.812,0
21.66,47.14,87.56,125.69,23.75,52.74,2.53,0.0,1915.5,31.2,7.32,0.505,0
7.9,12.33,15.0,25.47,8.34,52.64,1.82,-0.1,756.1,21.2,2.51,0.744,0
4.15,10.14,27.66,113.43,3.65,56.72,1.89,-0.13,888.3,19.8,3.16,0.732,0
4.18,21.86,25.55,45.39,4.38,34.22,1.81,-0.23,2306.6,37.9,6.64,0.486,0
10.64,20.1,49.72,75.46,11.04,36.88,1.68,-0.27,1605.2,29.2,6.24,0.46,0
21.27,38.22,53.12,130.88,21.4,52.43,1.66,0.02,1542.2,31.6,6.21,0.428,0
20.25,35.19,74.12,85.21,25.36,53.58,2.15,0.07,2003.1,41.4,6.2,0.48,0
19.27,24.98,44.86,68.91,22.08,63.92,2.26,0.17,1856.3,40.8,5.42,0.468,0
86.82,154.78,193.93,285.93,99.09,79.36,4.3,2.59,1049.6,20.0,3.51,0.712,1
1.25,1.86,3.44,7.51,0.98,23.52,1.52,-0.19,992.8,17.5,6.6,0.586,0
3.64,10.68,12.05,22.93,2.89,43.02,1.52,-0.23,730.2,31.7,2.81,0.737,0
1.37,3.21,6.51,16.5,1.5,29.2,1.67,-0.43,2562.8,51.6,7.03,0.412,0
4.92,11.7,55.8,128.75,5.35,64.52,2.18,-0.2,2506.5,48.1,7.03,0.527,0
46.54,69.95,113.73,159.22,56.66,58.71,3.41,1.06,3109.4,45.0,10.47,0.251,0
26.91,36.65,83.73,160.02,22.39,64.23,2.58,0.16,2283.3,41.8,6.38,0.502,0
42.17,56.28,113.98,228.82,33.35,64.91,3.32,0.55,1246.2,31.8,4.67,0.666,1
20.37,36.69,39.45,54.71,19.9,47.27,2.15,-0.12,3135.7,56.6,10.26,0.183,0
13.03,14.61,23.78,54.93,12.32,32.48,1.55,-0.11,1271.4,31.9,4.04,0.634,0
80.26,150.74,189.73,301.9,88.12,69.51,3.97,1.88,1115.6,28.2,3.7,0.67,1
34.33,72.38,86.67,162.61,43.51,81.47,3.14,1.23,1279.8,24.4,4.07,0.7,1
82.9,93.74,187.91,305.84,107.3,64.61,4.43,2.39,2531.7,40.1,12.69,0.229,1
33.78,44.3,155.85,216.1,26.8,58.89,2.63,0.11,1070.6,22.1,5.73,0.641,1
12.02,15.34,47.58,83.04,14.48,62.85,2.2,-0.15,715.1,19.0,3.23,0.765,0
6.72,20.68,44.15,96.3,5.9,59.26,2.31,-0.19,2019.6,46.5,5.95,0.518,0
43.24,87.01,128.55,266.99,51.77,65.51,3.45,0.81,1474.9,31.5,4.41,0.561,1
34.66,74.42,124.75,246.02,34.05,52.68,2.88,0.3,3171.7,47.5,9.19,0.293,0
8.71,21.19,44.42,89.84,9.63,62.33,2.24,-0.02,2995.3,47.5,9.64,0.278,0
7.79,16.86,19.16,43.23,7.42,49.13,1.58,-0.09,2451.6,44.5,6.52,0.443,0
3.84,5.63,7.05,17.55,4.4,48.04,1.35,-0.18,2641.9,33.6,9.91,0.263,0
25.85,36.17,53.78,100.44,27.53,37.84,1.83,-0.19,2639.7,46.3,7.18,0.335,0
56.8,113.72,121.34,260.18,42.95,54.88,3.21,0.59,2409.0,41.2,6.68,0.43,0
13.45,39.45,105.53,236.87,15.83,81.34,3.71,0.41,1043.4,29.8,3.95,0.606,1
70.0,113.62,216.31,356.27,69.32,60.38,4.28,1.27,2241.5,43.7,6.36,0.368,1
13.48,23.12,26.01,46.19,17.38,48.66,1.57,0.02,1565.8,33.1,4.63,0.626,0
4.35,10.26,14.36,22.88,3.93,23.79,1.57,-0.09,1720.1,39.5,5.93,0.534,0
2.67,5.55,25.36,74.17,3.4,52.05,1.86,-0.4,2114.9,55.8,7.12,0.349,0
25.57,48.2,82.37,94.09,31.27,40.03,1.96,0.15,1793.6,42.5,5.65,0.584,0
8.09,22.02,44.7,80.19,8.25,65.58,2.26,0.02,2821.2,46.7,7.47,0.322,0
9.4,10.28,18.92,43.95,10.03,31.13,1.81,-0.27,2100.5,30.0,5.7,0.57,0
35.35,49.78,97.48,174.48,43.09,56.74,2.77,0.31,2220.7,31.5,6.38,0.428,0
17.24,27.1,40.43,72.96,15.83,39.22,1.7,-0.36,1487.4,24.8,6.78,0.529,0
4.8,7.16,12.66,30.28,5.18,43.68,1.98,-0.4,2851.1,51.3,8.22,0.386,0
18.7,37.99,71.5,127.07,18.22,47.06,2.02,0.08,1888.4,38.1,7.05,0.551,0
14.92,18.62,61.03,166.31,11.4,51.85,2.04,-0.29,1022.1,27.3,3.62,0.678,0
7.23,14.82,30.32,39.46,7.02,39.31,1.23,-0.4,720.5,26.1,4.29,0.713,0
9.79,44.46,91.06,147.58,9.96,62.3,2.41,0.1,896.3,28.2,3.18,0.804,0
49.4,62.0,116.6,235.01,37.9,75.85,2.97,0.52,493.6,21.0,2.8,0.814,1
9.74,26.9,52.27,225.03,9.53,57.63,2.45,-0.03,1274.3,29.0,6.94,0.56,0
5.62,7.77,9.16,31.03,6.17,31.46,1.38,-0.18,1352.2,21.0,4.33,0.679,0
21.3,24.84,53.67,138.99,23.66,79.07,2.6,0.48,915.6,18.6,5.67,0.581,0
5.16,12.9,15.03,30.62,5.74,32.63,1.4,-0.34,818.8,20.9,5.55,0.638,0
9.13,82.06,187.07,386.02,7.17,80.06,6.44,0.12,2547.2,53.4,7.35,0.374,0
25.81,49.44,68.44,140.53,25.57,73.14,2.69,0.73,2098.8,44.5,6.01,0.481,0
5.55,9.96,16.8,30.78,6.15,59.72,2.09,-0.08,513.1,12.3,2.59,0.744,0
19.43,28.41,81.61,142.77,19.21,57.27,2.06,-0.05,2672.2,35.8,6.99,0.309,0
3.71,8.18,15.21,22.98,3.53,54.74,1.45,-0.39,1511.9,32.0,7.13,0.572,0
12.26,14.67,26.68,55.84,10.19,37.6,1.56,-0.19,1453.6,30.5,4.64,0.666,0
40.4,73.55,113.4,199.55,42.53,62.01,3.01,0.57,2033.2,33.2,6.41,0.474,0
47.29,67.32,105.79,120.86,42.43,64.47,2.81,0.82,817.4,28.7,3.5,0.745,1
3.7,4.71,5.91,17.82,3.83,45.74,1.59,-0.09,3043.2,49.2,8.53,0.362,0
3.17,4.72,9.43,15.61,3.9,22.89,1.36,-0.4,615.0,14.5,4.98,0.762,0
24.75,50.27,82.46,160.84,24.08,53.61,1.69,-0.04,425.8,11.8,3.07,0.766,0
12.8,40.31,68.64,78.14,9.89,55.4,2.53,-0.12,2458.9,46.6,6.72,0.523,0
17.67,82.38,166.95,294.37,21.77,89.97,5.51,0.72,1282.4,32.0,3.61,0.658,1
11.38,21.14,67.41,106.77,12.33,53.52,2.11,-0.15,2865.0,51.4,8.5,0.402,0
41.87,54.0,83.44,101.27,37.29,66.05,3.29,0.86,2948.7,52.9,10.69,0.353,0
14.54,35.04,57.95,88.6,16.33,50.33,2.14,-0.18,1108.8,25.2,4.68,0.743,0
81.8,146.11,244.83,331.19,103.22,91.79,8.57,5.06,2720.5,40.7,8.37,0.37,1
8.43,36.79,89.83,122.0,7.17,60.96,2.78,-0.25,2620.2,39.4,10.29,0.284,0
25.53,49.38,55.1,130.3,22.82,61.4,2.19,0.31,3036.3,43.9,8.05,0.282,0
72.41,139.55,240.39,375.52,84.46,63.94,4.14,1.33,466.7,17.9,2.6,0.776,1
24.03,62.26,146.49,231.87,17.15,66.4,3.89,0.25,1924.6,44.4,10.75,0.421,0
4.26,5.9,12.13,26.03,4.59,49.67,1.58,-0.2,1938.5,35.2,9.73,0.382,0
0.43,0.7,2.04,4.76,0.39,38.91,1.31,-0.22,693.5,17.5,5.77,0.681,0
33.65,62.57,75.49,122.14,31.39,53.25,2.24,0.5,2917.6,46.0,9.15,0.309,0
54.98,78.03,162.1,329.83,42.95,63.18,3.3,0.61,680.9,21.3,3.27,0.727,1
7.58,24.2,36.21,48.7,7.92,59.77,2.08,-0.04,1312.9,35.9,4.04,0.643,0
34.14,61.88,149.03,194.25,44.01,65.15,3.54,0.86,1351.6,31.7,4.08,0.615,1
51.27,69.97,132.59,220.93,43.19,87.47,4.71,1.43,1122.1,31.2,6.67,0.54,1
6.52,10.56,37.85,117.52,5.2,72.05,2.15,-0.07,2293.1,36.3,8.52,0.337,0
35.35,78.36,138.54,225.26,26.75,53.19,3.33,0.09,2701.6,52.6,7.25,0.368,1
32.75,71.04,110.05,137.74,38.35,63.63,2.73,0.35,813.8,25.9,2.53,0.782,0
4.53,27.7,69.33,103.24,4.18,69.7,2.76,-0.04,2908.2,46.1,9.12,0.291,0
4.06,8.87,19.53,41.22,3.5,40.53,1.69,-0.38,761.9,19.9,4.02,0.709,0
13.88,31.94,42.11,90.02,12.56,52.38,2.12,-0.02,1060.5,36.6,10.48,0.436,0
64.43,95.44,146.16,198.78,77.7,78.87,4.57,2.68,2217.1,43.9,9.14,0.405,1
45.36,70.15,99.56,108.78,44.99,66.27,2.34,0.32,491.6,12.4,2.61,0.818,0
42.32,93.72,174.58,294.47,41.53,66.19,4.06,0.82,1663.0,40.9,5.58,0.576,1
20.41,34.59,44.32,82.02,18.58,53.68,1.52,-0.1,741.6,19.2,3.66,0.76,0
0.95,1.7,3.36,5.84,1.12,17.31,1.11,-0.12,2718.9,41.2,9.56,0.371,0
35.74,70.25,149.13,197.44,36.81,60.84,2.61,0.43,752.2,14.3,3.39,0.745,1
6.66,30.57,53.67,102.92,5.66,75.11,2.4,-0.32,1043.5,27.6,3.75,0.738,0
3.33,3.9,10.08,16.86,2.87,20.31,1.7,-0.22,3100.2,58.0,9.22,0.226,0
23.92,44.12,86.18,229.24,30.28,59.43,2.69,0.34,2625.5,38.1,7.08,0.37,0
19.73,27.0,45.63,68.8,19.08,53.13,2.04,0.1,1078.3,24.7,3.39,0.706,0
2.96,4.05,4.75,6.51,2.33,30.68,1.42,-0.16,2095.7,38.2,6.61,0.463,0
16.37,20.13,43.73,70.93,19.52,35.53,1.73,-0.06,1651.2,41.1,5.77,0.49,0
20.83,34.95,40.57,91.44,22.8,56.76,2.0,0.42,3197.2,48.6,8.34,0.32,0
12.4,13.25,21.19,50.75,15.31,34.62,1.36,-0.27,2298.0,33.8,8.95,0.315,0
20.46,39.96,86.37,173.03,18.51,76.24,3.28,0.41,2817.3,48.5,9.05,0.267,1
27.32,50.74,72.5,87.54,30.78,60.91,2.3,-0.0,549.5,14.0,1.63,0.799,0
52.22,94.81,130.74,269.67,38.93,56.53,3.24,0.65,2242.8,46.4,6.09,0.516,1
5.86,18.12,59.16,119.93,6.91,70.45,2.53,-0.26,1563.9,34.2,4.73,0.55,0
60.42,113.96,153.66,168.42,61.73,77.58,4.66,2.08,2187.0,41.8,6.15,0.506,1
11.92,14.97,22.94,32.38,11.07,49.66,1.33,0.01,574.7,18.5,9.18,0.505,0
19.2,40.81,53.66,122.1,24.29,69.73,2.07,0.56,2091.7,34.4,5.69,0.523,0
1.46,4.17,8.29,11.81,1.86,29.43,1.1,-0.24,2617.1,36.4,7.68,0.354,0
22.87,40.41,65.0,130.0,23.3,67.52,2.86,0.38,1390.9,31.3,5.5,0.577,0
30.86,58.57,96.5,154.72,27.46,51.09,2.37,0.21,969.4,29.5,2.93,0.646,0
22.33,51.62,77.68,128.5,20.17,65.37,2.71,0.33,1238.2,32.8,3.45,0.68,0
9.79,11.45,21.19,51.0,11.46,60.92,1.78,0.05,888.2,24.0,4.34,0.696,0
4.97,7.8,9.26,19.65,4.99,20.84,1.59,-0.31,2221.3,41.3,6.25,0.507,0
47.12,73.41,123.7,203.89,57.68,63.0,3.01,1.04,453.8,25.9,2.17,0.738,1
3.87,15.85,21.87,49.44,2.92,36.79,1.48,-0.43,799.9,16.1,2.49,0.763,0
3.55,4.53,14.91,34.83,3.92,35.14,1.59,-0.27,1961.7,45.4,5.67,0.55,0
13.95,20.73,46.6,67.02,13.02,34.56,1.56,-0.12,2073.1,39.3,8.75,0.421,0
9.74,17.8,30.08,46.98,7.76,27.61,1.54,-0.06,1464.0,35.6,6.27,0.483,0
20.22,52.22,77.63,204.53,20.63,77.09,2.86,0.39,1998.2,38.0,6.55,0.5,0
14.53,30.36,90.54,159.86,17.61,53.94,2.43,0.11,1943.6,39.4,5.98,0.498,0
18.91,30.22,93.49,235.62,19.58,87.87,3.33,0.15,439.6,18.6,2.26,0.733,1
17.43,26.67,52.43,61.04,22.12,62.6,2.54,0.42,1831.4,35.6,8.14,0.513,0
1.19,6.16,8.57,27.45,0.96,49.88,1.4,-0.48,1179.7,37.4,4.09,0.63,0
30.41,45.97,68.1,177.22,30.34,74.27,2.42,0.62,1258.8,29.6,8.73,0.598,0
26.27,38.75,47.02,110.95,22.04,47.42,1.83,-0.07,3198.5,48.8,8.78,0.308,0
3.11,23.44,30.73,69.2,2.28,45.61,1.73,-0.15,996.4,28.9,3.35,0.726,0
1.9,2.62,3.62,7.33,2.44,23.34,1.16,-0.2,2366.9,41.7,6.69,0.454,0
53.67,84.96,113.82,157.14,50.83,64.75,3.47,1.19,3114.4,58.0,8.5,0.296,0
5.47,18.68,35.03,65.6,4.86,59.11,1.82,-0.04,551.7,22.4,1.86,0.773,0
1.22,2.44,4.03,6.23,1.16,45.79,1.26,-0.48,1193.3,24.5,4.38,0.584,0
24.31,35.12,58.13,71.54,24.28,51.82,1.76,-0.09,1362.0,21.2,4.77,0.567,0
11.25,22.49,34.45,45.26,10.72,27.21,1.44,-0.3,2370.4,42.7,11.34,0.33,0
66.05,85.52,180.13,221.46,63.68,83.56,5.86,2.02,730.5,32.4,2.74,0.719,1
11.87,28.02,45.87,88.51,9.0,50.12,1.64,-0.29,2878.3,45.6,10.24,0.199,0
1.5,5.4,8.38,18.67,1.74,40.43,1.55,-0.23,1521.7,28.8,6.19,0.501,0
30.99,35.53,79.68,154.13,22.77,78.27,2.45,0.36,1039.1,22.5,5.0,0.511,0
30.72,62.76,86.69,112.39,23.41,53.32,1.71,0.0,724.5,13.6,2.06,0.819,0
41.59,45.64,59.05,164.01,30.78,75.63,2.83,1.18,3101.4,55.4,8.42,0.275,0
9.61,10.61,32.24,41.46,12.34,31.52,1.87,-0.18,1650.7,30.8,8.33,0.486,0
13.5,26.16,45.2,50.28,13.2,42.67,1.56,-0.3,1358.3,28.4,4.2,0.529,0
31.93,42.2,111.0,191.25,38.97,50.53,2.62,0.43,1056.9,36.0,4.74,0.602,0
10.46,26.59,60.88,113.75,9.1,47.42,2.13,-0.18,2064.2,38.6,5.79,0.514,0
4.35,5.09,11.36,13.76,5.02,46.09,1.86,-0.21,1346.7,32.5,5.44,0.684,0
12.99,15.48,24.7,41.73,12.23,35.85,1.6,-0.27,1405.8,28.2,4.52,0.619,0
10.91,13.47,30.06,51.94,9.83,34.23,1.79,-0.38,2706.5,49.1,7.45,0.23,0
4.48,7.44,10.22,34.45,3.66,44.67,1.8,-0.42,700.9,21.7,5.96,0.662,0
26.02,27.81,61.55,83.46,31.62,45.13,2.27,0.31,2160.3,38.4,6.04,0.55,0
13.76,51.0,81.18,188.71,11.99,67.38,2.89,0.12,1685.9,39.3,5.48,0.626,0
62.95,121.98,196.62,328.02,54.51,59.41,3.99,1.13,1195.6,38.7,3.44,0.695,1
10.44,26.54,48.29,79.54,8.0,44.52,2.06,-0.19,549.8,15.1,1.92,0.766,0
65.71,78.52,156.12,175.23,60.21,84.66,4.47,1.38,1052.5,19.7,5.12,0.583,1
36.51,42.4,104.69,237.88,29.21,55.16,2.71,0.21,2013.1,44.1,14.27,0.265,0
5.71,18.19,39.0,97.19,5.89,48.98,2.08,-0.31,578.8,18.5,1.92,0.838,0
15.17,33.41,59.6,83.03,17.65,53.24,1.63,-0.3,429.1,9.0,2.27,0.822,0
50.15,88.04,168.2,193.15,38.89,55.97,3.29,0.54,2521.7,45.6,7.37,0.408,0
31.91,60.11,83.62,98.69,41.24,42.53,1.78,-0.09,639.9,18.6,1.83,0.845,0
2.46,5.22,5.58,8.54,1.95,17.3,1.21,-0.42,2308.8,39.7,6.47,0.41,0
13.74,27.56,56.45,85.96,10.26,58.1,2.26,-0.12,1835.2,37.4,4.83,0.635,0
19.23,25.08,30.77,35.12,20.22,54.93,1.7,0.06,1432.1,29.9,4.65,0.644,0
40.99,54.0,112.26,231.5,38.07,62.8,3.39,0.74,2386.5,44.3,7.3,0.453,1
16.07,18.21,34.41,52.78,19.78,43.12,1.71,-0.08,523.3,17.8,1.76,0.852,0
33.42,55.16,115.84,196.39,30.93,81.97,3.55,0.83,1681.5,31.0,5.91,0.567,0
5.74,10.63,15.6,52.23,4.24,61.9,1.7,-0.05,2676.5,42.2,7.6,0.35,0
9.22,21.94,30.05,53.03,9.45,30.36,1.63,-0.12,2110.4,51.4,5.73,0.575,0
39.79,74.71,125.09,201.87,39.55,78.92,4.02,0.98,1397.8,30.9,4.72,0.589,1
8.13,19.5,70.11,120.78,9.7,75.28,2.32,-0.23,470.7,11.4,4.08,0.693,0
43.81,84.31,116.07,155.29,40.51,47.71,2.38,0.28,1186.7,37.8,11.26,0.407,0
13.7,23.22,44.67,50.93,16.89,49.8,1.84,-0.18,2429.7,34.7,9.89,0.342,0
19.22,77.47,91.89,169.32,20.79,62.31,2.5,0.04,736.5,19.4,3.82,0.716,0
56.8,99.59,118.87,247.16,61.54,75.6,2.93,0.81,422.7,11.2,1.43,0.805,1
56.15,101.59,144.64,170.63,70.66,63.64,3.23,1.28,844.7,27.1,2.34,0.712,1
30.25,60.37,99.58,138.71,26.23,73.09,3.1,0.63,2600.7,35.6,7.22,0.395,0
13.29,44.66,58.44,69.33,12.6,40.67,1.87,-0.01,1634.1,38.5,6.4,0.549,0
57.05,85.39,146.03,209.99,43.8,68.08,2.93,0.65,471.2,14.5,1.65,0.794,0
7.99,13.83,23.0,68.16,9.67,34.36,1.48,-0.3,1758.7,38.6,5.62,0.581,0
38.27,71.29,134.09,218.76,48.73,75.97,4.21,1.62,2762.7,46.3,8.28,0.377,1
20.43,25.17,50.19,104.93,15.54,75.81,2.09,-0.09,454.3,14.3,2.66,0.695,0
15.29,33.42,102.42,201.1,14.33,73.29,3.35,0.32,2176.6,39.9,6.34,0.519,0
36.95,73.06,158.29,273.17,36.79,77.21,3.63,0.75,1391.3,20.5,3.83,0.591,1
90.13,162.73,206.34,302.41,95.21,71.41,5.73,3.32,2188.8,56.1,6.37,0.465,1
36.62,51.79,90.91,169.06,37.57,80.94,2.66,0.61,471.7,15.5,2.88,0.762,1
21.6,34.78,71.31,95.82,27.26,56.0,2.29,0.33,2094.0,34.5,5.81,0.488,0
20.01,24.0,83.79,197.39,21.71,77.94,2.98,0.41,820.4,16.6,2.98,0.695,0
22.89,53.18,88.14,151.95,21.41,75.78,3.43,0.45,1201.5,25.8,6.23,0.523,0
2.08,3.2,4.14,10.68,2.33,52.46,1.72,-0.44,828.6,17.9,4.0,0.704,0
10.9,17.18,29.38,50.89,10.43,44.5,1.81,-0.15,880.3,27.3,3.83,0.679,0
39.66,81.7,149.73,281.26,49.94,84.86,4.38,1.31,2068.3,25.3,6.14,0.45,1
6.71,27.53,79.97,175.25,6.28,75.51,3.23,-0.01,2441.2,36.5,10.05,0.226,0
30.98,37.89,66.68,108.95,22.81,51.16,2.3,-0.03,1162.1,32.1,3.68,0.689,0
4.56,27.58,41.7,84.74,3.85,50.81,2.15,-0.36,2762.1,45.4,7.78,0.432,0
27.64,37.98,48.76,68.34,30.22,50.19,1.71,0.18,2504.9,46.7,6.64,0.447,0
3.92,19.33,49.3,86.42,3.1,65.82,2.01,-0.27,1066.3,28.6,6.71,0.58,0
62.24,114.88,136.8,194.76,43.79,77.73,4.06,1.36,1540.5,34.9,4.69,0.598,1
2.28,3.04,5.57,8.25,2.63,38.56,2.13,-0.44,1558.1,31.4,8.54,0.455,0
7.41,28.23,41.92,82.02,8.38,39.26,1.97,-0.31,2996.9,43.6,7.72,0.349,0
7.57,25.45,77.51,126.75,8.95,59.16,2.15,-0.03,2561.4,31.7,6.91,0.461,0
1.71,3.12,5.94,8.46,1.94,27.21,1.65,-0.13,1201.6,20.4,4.27,0.74,0
0.93,6.91,11.43,20.11,0.88,49.65,1.55,-0.21,2719.5,47.4,10.53,0.355,0
6.18,6.92,9.68,27.78,6.99,43.09,1.17,-0.37,2173.7,32.4,6.13,0.536,0
39.03,68.72,108.21,151.77,36.7,53.63,2.95,0.51,2808.6,43.4,7.93,0.309,0
32.18,53.11,82.39,107.17,24.58,73.51,2.26,0.3,468.1,11.2,1.53,0.738,0
47.47,60.81,73.03,165.89,45.79,71.95,2.32,0.96,1223.0,26.3,5.36,0.517,1
7.9,19.02,29.35,32.45,6.56,48.46,1.47,-0.24,578.1,17.9,2.17,0.793,0
10.18,20.02,33.04,49.26,9.66,45.59,1.41,-0.38,1016.1,21.0,3.42,0.836,0
57.2,97.02,176.49,293.28,64.59,93.04,4.83,2.23,1414.4,20.9,4.58,0.636,1
45.37,81.52,133.96,185.56,50.2,57.73,2.93,0.79,1982.1,46.5,5.17,0.535,1
20.78,36.49,60.07,73.96,26.34,65.64,2.24,0.01,1212.1,19.5,3.39,0.617,0
6.54,12.95,17.1,51.18,5.25,58.12,1.71,-0.32,605.3,26.5,3.07,0.684,0
20.12,68.57,102.59,133.25,14.68,52.85,2.39,-0.2,899.5,23.3,4.61,0.592,0
54.67,61.13,139.77,201.21,62.9,55.36,3.02,0.7,1099.5,23.0,3.05,0.584,0
18.26,21.52,34.56,52.94,19.54,38.41,1.98,0.04,2793.2,46.1,8.31,0.373,0
74.09,108.52,181.66,264.47,67.58,62.31,3.61,1.3,730.9,28.8,5.02,0.703,1
58.99,101.06,137.21,178.13,52.01,67.62,4.14,1.55,2318.2,48.3,7.75,0.373,1
27.94,33.43,94.5,185.68,30.23,81.64,3.48,1.05,1077.8,35.5,4.29,0.681,1
21.5,24.79,39.8,49.14,21.64,46.9,1.47,-0.15,1443.0,28.9,6.76,0.478,0
73.22,135.08,201.02,260.92,64.37,77.97,4.18,1.49,556.6,18.7,3.46,0.766,1
20.46,32.94,41.51,55.45,15.77,40.86,2.04,-0.24,2778.1,42.8,14.57,0.17,0
9.3,30.95,44.2,52.86,8.66,47.95,2.14,-0.0,2397.6,45.2,6.2,0.424,0
3.5,11.24,21.45,35.45,3.92,53.65,2.0,-0.36,2954.5,45.7,8.14,0.337,0
18.57,41.86,79.22,107.79,19.32,44.84,2.15,0.05,3199.3,51.3,11.93,0.231,0
18.91,48.16,54.03,142.38,16.01,77.01,2.69,0.51,1772.1,46.2,5.64,0.474,0
43.11,72.29,82.15,222.25,50.09,60.97,2.29,0.95,1709.7,34.9,5.0,0.558,0
6.5,38.78,68.54,75.61,8.43,58.92,2.05,-0.24,2036.0,41.8,5.76,0.547,0
27.92,54.7,80.48,142.75,32.32,63.0,3.01,0.57,3094.8,43.7,9.4,0.244,0
25.6,44.58,53.64,96.71,21.9,38.1,1.8,-0.02,1092.7,37.3,4.33,0.575,0
44.4,90.09,161.78,283.06,48.67,94.15,4.9,1.6,1351.7,19.4,6.32,0.554,1
16.74,21.54,37.59,49.47,15.38,60.42,2.06,0.17,2021.8,42.2,8.98,0.388,0
26.11,55.36,108.01,181.05,30.49,72.34,3.29,0.58,2822.9,43.0,8.67,0.335,0
15.21,34.09,48.03,61.5,16.28,59.15,2.06,-0.03,1934.9,40.8,8.42,0.432,0
34.84,91.91,154.87,192.88,37.73,77.23,4.73,1.14,2627.5,40.2,8.45,0.286,1
22.02,68.83,187.52,320.22,27.19,66.4,4.99,0.52,2914.3,47.7,7.72,0.257,0
10.19,13.17,29.38,58.5,7.17,53.98,2.06,-0.15,3077.4,52.5,8.75,0.353,0
31.26,53.15,100.38,185.33,23.53,71.79,3.34,0.36,1187.6,40.6,8.46,0.491,0
3.3,9.09,21.87,31.68,3.93,31.48,1.71,-0.42,1185.3,26.4,7.02,0.507,0
4.98,14.25,28.67,40.36,5.28,46.9,2.23,-0.29,3074.2,48.7,8.18,0.33,0
31.81,50.71,67.77,104.03,22.64,59.27,2.39,0.25,1773.5,37.0,5.13,0.513,0
26.34,35.79,65.01,74.11,27.03,38.69,1.76,0.11,808.1,22.6,2.94,0.766,0
8.17,15.59,25.09,50.52,7.75,47.92,1.4,-0.28,1716.9,41.0,5.14,0.587,0
9.14,15.72,22.77,29.27,7.25,33.54,1.78,-0.2,1917.3,42.9,8.77,0.426,0
12.72,31.02,54.78,72.03,9.3,36.04,2.1,-0.09,3153.5,43.7,10.21,0.275,0
18.4,62.24,138.08,200.12,23.44,68.5,3.45,0.15,817.7,25.5,2.3,0.742,0
17.8,70.75,147.33,191.43,19.87,58.82,3.59,0.12,2668.7,43.8,8.43,0.489,1
26.48,35.19,59.43,81.59,21.7,48.58,1.99,0.2,2568.1,38.6,7.31,0.418,0
4.01,15.21,45.24,85.22,4.81,56.76,2.2,-0.08,2910.2,46.7,8.69,0.274,0
9.58,29.19,37.6,90.19,6.96,64.8,2.28,0.05,2853.5,50.7,10.08,0.317,0
47.62,76.55,107.74,155.37,53.74,54.57,2.37,0.73,1736.4,32.2,4.7,0.523,0
22.12,60.5,86.94,165.4,28.39,55.25,2.37,0.34,2959.6,48.9,12.8,0.274,0
8.08,12.12,35.18,65.0,6.43,55.88,1.65,-0.13,1271.8,31.6,3.62,0.7,0
36.53,71.41,135.51,194.76,30.21,58.93,3.06,0.23,1368.8,29.5,6.1,0.6,0
22.55,50.32,73.98,144.27,29.17,72.39,2.83,0.74,2671.0,33.5,7.05,0.256,0
21.24,25.55,48.34,138.99,22.97,64.64,1.88,0.24,806.3,26.6,3.12,0.777,0
26.33,34.21,53.6,111.88,25.9,52.91,1.97,0.39,2680.3,49.8,7.27,0.446,0
57.86,95.08,133.17,244.97,65.86,69.08,3.22,1.13,697.2,20.7,2.5,0.729,1
37.49,66.23,81.78,171.73,40.78,81.4,3.17,1.34,1760.6,32.5,6.53,0.561,1
23.86,51.44,101.21,139.4,28.92,71.52,3.06,0.59,2585.4,41.4,6.89,0.413,0
1.66,3.89,5.35,7.41,1.75,44.39,2.0,-0.09,1337.3,33.0,3.91,0.622,0
2.45,5.87,7.69,20.25,2.92,36.62,1.75,-0.14,2183.5,46.7,6.61,0.443,0
85.39,154.7,244.25,261.44,70.37,78.08,7.04,2.48,2182.9,44.9,7.14,0.467,1
36.21,60.02,80.14,146.18,28.64,75.55,2.74,0.85,1108.6,35.4,7.08,0.5,1
5.97,8.15,10.75,39.63,4.91,56.24,1.75,-0.19,3197.8,47.8,9.52,0.289,0
15.1,31.63,43.94,51.92,11.39,47.17,1.77,-0.04,2575.0,43.6,7.14,0.477,0
2.23,3.73,5.11,8.29,2.29,25.27,1.65,-0.32,2423.3,44.1,6.83,0.463,0
12.87,16.39,32.78,58.83,12.0,46.69,1.71,-0.01,444.3,21.5,1.39,0.833,0
48.1,64.37,139.09,171.87,39.99,50.2,2.69,0.39,1703.9,32.7,5.22,0.612,1
15.25,22.71,36.81,45.69,15.64,29.81,1.89,-0.07,2193.7,34.7,6.36,0.407,0
2.75,20.0,35.46,48.28,3.17,40.77,1.78,-0.12,1508.3,28.9,5.15,0.54,0
9.88,28.41,35.8,70.01,12.6,62.03,1.76,0.1,2231.7,32.5,6.46,0.394,0
18.46,23.34,27.59,98.07,15.66,59.7,1.62,-0.08,617.7,22.4,3.06,0.7,0
47.1,80.4,133.61,150.93,59.04,66.15,4.08,1.48,3136.4,42.2,8.58,0.306,0
6.85,50.11,68.52,84.91,8.4,49.84,2.06,-0.21,981.5,24.4,3.9,0.798,0
10.2,18.6,40.37,54.79,8.35,39.47,1.8,-0.08,2417.6,46.8,10.58,0.332,0
3.64,7.58,17.82,30.0,3.77,50.79,1.81,-0.45,1548.8,26.0,4.37,0.582,0
1.13,7.08,11.92,28.96,1.42,56.93,1.81,-0.38,1426.1,27.0,3.85,0.595,0
16.14,36.46,61.45,74.96,12.73,43.53,1.55,-0.01,477.5,22.0,8.62,0.608,0
11.15,23.03,25.49,52.5,9.75,26.05,1.51,-0.29,2599.0,50.4,7.12,0.408,0
13.86,24.93,50.16,90.74,10.81,43.02,1.8,-0.26,1547.9,33.8,4.08,0.603,0
9.53,40.17,59.0,101.95,9.38,67.78,2.3,-0.22,527.3,24.9,5.1,0.762,0
1.94,4.82,23.14,62.73,2.02,61.86,1.84,-0.38,1821.2,34.6,5.11,0.521,0
4.28,13.13,22.11,33.46,5.44,51.55,1.54,-0.31,2327.5,46.8,8.24,0.473,0
24.85,36.12,57.11,157.39,24.45,62.85,2.37,0.07,1770.7,32.2,7.21,0.518,0
8.0,13.73,28.96,31.63,7.47,46.95,1.65,-0.03,1632.8,38.9,6.21,0.549,0
55.04,97.56,145.1,182.48,45.0,76.46,3.76,0.97,659.2,23.4,4.25,0.736,1
39.27,62.52,85.08,102.42,37.77,51.27,2.33,0.26,1463.3,31.1,5.01,0.583,0
6.05,10.49,13.3,15.65,4.86,22.56,1.54,-0.25,2598.0,31.7,9.49,0.445,0
64.55,106.69,150.76,203.91,45.51,77.72,4.98,1.64,2796.7,44.7,7.79,0.39,1
64.44,74.3,154.6,175.8,79.65,63.91,3.77,1.87,2635.0,49.8,11.03,0.25,1
77.56,156.93,200.18,229.87,93.59,86.23,4.28,2.15,771.1,12.1,2.59,0.73,1
10.06,14.77,24.25,50.87,9.84,43.01,1.77,-0.13,1662.1,27.2,4.62,0.509,0
60.55,95.03,115.75,255.08,45.16,74.97,3.66,1.02,1892.7,30.4,7.45,0.412,1
43.33,112.78,216.64,404.3,53.94,85.99,6.84,2.32,2190.9,40.3,7.86,0.462,1
12.51,16.99,45.93,125.79,12.13,50.45,1.92,-0.1,2711.1,46.9,8.33,0.358,0
5.93,52.69,77.22,110.06,4.78,73.75,2.7,-0.34,592.7,26.8,2.74,0.776,0
13.14,30.8,62.1,76.68,14.32,50.58,1.86,0.01,508.5,12.3,1.93,0.764,0
7.67,19.59,36.63,40.38,8.51,30.64,1.5,-0.3,2360.6,44.9,7.25,0.497,0
39.42,71.45,96.16,215.68,31.41,51.28,2.4,0.41,2386.0,51.2,6.29,0.476,0
5.47,29.51,63.55,70.97,5.23,51.26,1.69,-0.08,1038.6,28.2,5.46,0.735,0
26.99,52.85,77.52,136.85,20.81,77.67,2.83,0.59,2436.7,35.3,6.98,0.442,0
2.89,3.17,3.85,10.77,3.55,27.37,1.35,-0.13,613.7,18.3,1.8,0.679,0
31.65,55.67,101.64,178.5,36.99,66.78,3.36,0.69,3041.1,48.7,17.39,0.026,0
15.05,51.64,70.63,202.35,15.67,82.37,2.97,0.09,1218.5,27.0,5.5,0.642,0
1.92,4.44,7.59,11.78,2.29,38.85,1.65,-0.41,1900.7,34.8,7.13,0.51,0
9.14,33.09,53.77,117.56,6.59,65.04,1.85,-0.15,1010.5,25.3,4.47,0.641,0
2.26,3.03,7.21,18.97,2.61,48.68,1.43,-0.15,3168.1,51.0,8.9,0.293,0
18.22,67.82,141.13,214.74,16.2,69.35,3.61,0.27,2036.9,40.1,5.45,0.538,0
21.5,39.53,51.7,99.81,26.96,72.8,2.08,0.45,442.5,22.2,1.41,0.834,0
9.24,16.55,19.5,40.23,7.61,23.54,1.15,-0.27,2827.0,52.9,8.29,0.364,0
27.11,52.57,113.87,165.51,23.76,60.53,2.79,0.27,2390.4,45.9,6.41,0.371,0
1.33,3.37,5.45,9.97,1.16,48.78,1.31,-0.26,764.8,22.8,3.07,0.795,0
4.83,14.24,15.65,38.04,6.25,55.94,1.88,-0.08,818.4,27.2,3.16,0.679,0
7.15,11.81,21.14,23.4,5.43,35.96,1.62,-0.42,2546.4,50.0,7.67,0.404,0
11.27,16.8,30.47,48.31,8.47,37.73,1.78,-0.27,1855.9,36.3,4.99,0.524,0
7.52,27.01,45.14,118.36,8.76,62.34,1.92,-0.04,1566.7,38.4,4.58,0.57,0
41.29,90.33,130.36,144.27,41.95,80.49,4.0,1.23,1260.9,31.8,3.95,0.688,1
21.59,48.83,56.98,116.87,15.25,55.53,2.0,-0.23,902.9,28.7,4.9,0.695,0
39.04,65.41,138.4,220.59,46.27,71.3,3.5,0.72,1191.2,20.4,4.12,0.689,1
44.57,79.5,104.17,164.37,57.25,65.02,3.23,0.94,665.1,26.3,8.81,0.616,1
19.71,23.62,40.63,61.49,18.58,49.01,2.09,0.09,2092.2,40.3,6.43,0.481,0
29.25,38.65,71.65,77.7,22.17,55.66,2.02,-0.01,1449.2,28.7,4.14,0.608,0
6.93,12.01,14.36,20.67,8.14,19.03,1.39,-0.23,2553.0,44.6,6.69,0.395,0
21.25,30.5,110.0,201.1,23.77,58.56,2.6,0.32,1030.9,28.1,3.48,0.622,1
29.07,33.63,48.69,127.04,30.41,78.36,2.38,0.73,1239.5,31.4,3.48,0.644,0
59.81,112.77,150.63,265.92,76.46,81.08,3.78,1.85,968.4,20.8,3.23,0.718,1
7.75,8.29,12.65,31.84,8.05,43.84,1.61,-0.33,1559.2,32.0,5.12,0.575,0
4.38,15.37,17.76,50.81,3.6,59.62,2.02,-0.38,2462.0,29.8,8.8,0.318,0
33.52,43.57,88.08,169.25,36.18,70.14,2.28,0.58,631.3,17.2,2.16,0.757,1
24.29,49.55,87.57,135.59,31.15,68.3,3.12,0.89,3022.4,50.2,9.26,0.162,0
6.36,20.78,25.12,65.21,8.26,57.51,2.18,-0.08,2009.9,35.1,7.0,0.529,0
73.18,128.73,167.66,377.62,79.34,73.43,4.31,1.84,1140.2,29.7,5.67,0.601,1
55.77,106.88,146.23,169.75,49.52,64.99,3.53,0.94,1510.4,38.7,10.24,0.403,1
18.96,62.55,136.05,192.61,24.36,56.27,2.95,0.1,1770.1,23.3,7.34,0.433,0
20.77,37.77,43.67,62.16,22.86,59.44,2.09,-0.0,1348.1,35.1,4.43,0.553,0
19.5,39.86,70.7,94.25,19.57,45.15,1.9,-0.24,1946.1,30.5,5.84,0.463,0
56.43,117.99,163.47,302.63,64.07,62.89,4.39,1.54,3029.6,53.9,11.46,0.143,0
43.38,71.26,117.81,181.53,50.05,68.19,2.76,0.69,1851.5,23.9,5.07,0.481,0
37.21,59.7,76.91,222.75,41.87,82.88,2.67,0.68,573.9,17.8,2.13,0.853,1
10.2,24.08,27.56,36.08,11.77,35.11,1.81,-0.25,675.2,25.3,2.88,0.775,0
21.82,39.97,42.56,93.02,22.73,48.16,1.51,0.09,574.6,23.9,3.04,0.679,0
17.63,35.78,54.2,152.7,16.87,69.72,2.38,-0.01,507.5,21.7,1.71,0.798,0
17.06,33.58,45.65,99.12,18.31,48.72,2.13,0.16,3169.5,49.7,8.82,0.301,0
3.6,7.26,12.68,18.62,4.52,41.62,1.13,-0.21,870.2,23.0,2.75,0.734,0
6.58,23.55,42.33,50.15,7.49,44.79,1.62,-0.27,724.8,31.8,4.33,0.637,0
57.28,92.18,158.82,243.09,51.24,53.42,3.13,0.88,2066.1,42.8,5.51,0.506,1
26.95,39.6,68.68,128.07,19.27,79.75,2.54,0.15,1010.7,25.8,7.81,0.582,0
50.79,75.48,84.89,191.93,49.43,62.35,2.79,1.04,2486.9,44.7,7.51,0.422,1
29.58,48.19,123.07,145.03,34.97,57.06,2.91,0.23,1650.7,37.0,4.93,0.486,0
13.51,67.78,136.13,154.71,9.71,57.97,3.39,0.11,3004.2,47.3,10.16,0.326,0
4.16,4.44,8.88,11.09,4.14,28.33,1.81,-0.22,1881.6,35.4,7.16,0.533,0
4.92,8.05,22.23,38.1,6.12,42.53,1.71,-0.22,3019.7,46.5,8.18,0.428,0
4.37,7.0,18.85,43.17,3.29,28.4,1.23,-0.29,2757.0,38.4,10.87,0.382,0
1.51,3.61,5.65,6.33,1.61,40.81,1.39,-0.45,2902.0,53.7,7.93,0.211,0
50.61,65.62,128.27,199.97,61.67,83.17,4.27,2.13,1553.6,31.1,5.95,0.571,1
43.55,58.01,93.01,194.74,54.46,81.66,3.46,1.92,1899.9,34.1,7.35,0.414,1
40.53,75.87,135.35,158.27,40.16,68.97,3.7,0.71,2789.1,38.9,8.9,0.371,0
37.05,58.28,80.11,150.35,28.97,72.17,3.18,0.46,2058.0,32.4,5.59,0.53,0
41.35,47.01,64.2,83.92,47.52,44.0,1.49,0.07,1900.7,29.3,5.09,0.612,0
10.84,28.48,32.36,84.68,13.21,66.47,2.16,0.04,2680.7,45.4,7.37,0.381,0
32.51,80.27,133.57,313.74,37.15,90.24,4.49,1.51,1333.7,32.5,4.64,0.6,1
37.7,56.75,141.36,233.82,37.89,82.05,4.81,1.22,2239.5,40.9,6.6,0.602,1
18.58,20.96,36.85,48.4,14.6,51.32,2.1,-0.22,2060.8,39.7,6.73,0.528,0
70.99,103.61,156.9,317.61,78.42,69.31,3.82,1.67,566.7,28.2,3.03,0.724,1
38.78,43.76,72.14,201.67,39.81,79.09,2.76,0.88,1426.7,30.0,4.76,0.593,0
4.97,11.56,16.49,24.96,5.55,24.81,1.48,-0.38,1870.8,28.4,5.44,0.537,0
72.46,130.7,197.65,215.86,73.18,69.44,5.02,1.66,2580.0,37.3,8.22,0.362,1
40.12,68.59,125.93,148.75,41.99,69.76,3.46,0.82,1503.6,32.7,5.61,0.537,0
12.95,16.25,41.39,52.9,15.43,35.63,1.95,-0.29,1588.6,34.6,7.63,0.541,0
41.72,99.0,132.99,257.25,38.15,63.36,3.03,0.36,1811.9,30.8,9.29,0.376,0
6.56,27.75,40.35,102.71,6.48,62.56,2.34,-0.18,2059.5,34.7,8.43,0.444,0
5.93,13.97,39.17,59.61,5.22,36.46,1.84,-0.31,3090.3,50.2,8.72,0.31,0
21.56,48.58,70.92,134.39,20.8,68.77,2.73,0.47,3170.7,44.8,8.22,0.33,0
11.63,24.77,43.84,68.95,10.36,48.37,1.8,-0.31,1407.9,34.0,4.43,0.608,0
49.3,71.03,142.43,296.91,39.15,67.06,3.59,0.59,1659.7,33.5,6.48,0.508,1
18.68,57.94,105.1,207.3,19.36,61.46,2.72,0.19,2936.2,47.3,7.56,0.385,0
29.81,68.17,76.87,123.07,21.62,47.87,2.15,-0.22,2035.1,25.9,6.58,0.42,0
47.75,90.32,127.63,267.22,36.95,68.29,3.77,0.73,2412.5,33.4,8.63,0.402,0
29.04,36.86,75.96,108.26,28.01,61.07,2.18,0.43,1480.4,26.1,5.18,0.638,0
21.36,49.49,69.5,187.59,27.08,68.93,2.74,0.29,1278.3,32.5,3.46,0.738,0
11.96,14.23,25.55,37.18,13.57,53.73,1.43,-0.01,2673.3,43.3,8.21,0.375,0
13.49,30.13,72.58,180.09,13.11,81.3,3.25,0.12,3157.0,40.3,11.15,0.265,0
0.98,2.26,3.42,4.66,1.13,21.75,1.51,-0.26,634.7,25.4,4.07,0.722,0
17.07,41.04,96.1,174.59,21.37,78.62,3.66,0.32,2172.2,32.6,7.25,0.441,0
11.18,23.42,41.71,45.86,12.11,52.72,1.85,-0.14,2112.7,36.6,5.78,0.488,0
17.67,59.01,93.65,188.73,19.35,73.16,3.59,0.53,1821.9,38.0,5.02,0.491,0
25.56,49.51,122.48,150.39,19.91,49.42,2.72,0.18,1602.9,29.4,6.73,0.541,0
24.26,34.07,47.26,74.26,29.6,66.76,2.49,0.57,2803.4,42.8,12.14,0.288,0
38.79,51.25,84.01,215.05,36.57,79.7,3.12,0.57,1254.1,21.0,5.28,0.656,1
56.46,85.53,127.8,227.91,55.81,86.33,4.43,1.88,467.2,26.0,4.59,0.736,1
14.37,23.3,56.02,73.75,14.23,50.62,1.86,-0.03,536.3,18.7,3.01,0.78,0
14.09,41.45,54.86,163.85,17.3,48.26,1.76,-0.1,3018.1,43.8,8.51,0.252,0
7.46,15.37,23.91,32.48,5.49,55.33,1.84,-0.27,796.2,18.4,3.43,0.717,0
24.99,44.82,72.89,144.45,31.17,51.26,2.01,0.19,2463.9,41.0,8.1,0.386,0
12.68,16.4,28.88,40.42,9.12,57.03,1.79,-0.06,1514.3,35.1,9.76,0.533,0
36.99,54.47,73.16,141.46,45.77,49.68,2.27,0.51,3132.3,55.3,9.88,0.258,0
8.81,18.69,45.37,134.54,7.36,72.57,2.63,-0.17,1726.4,38.3,5.45,0.609,0
33.02,57.42,155.94,244.0,29.08,80.61,4.78,0.91,1734.9,34.3,5.14,0.553,1
19.1,40.51,102.79,163.39,21.24,65.95,2.45,0.17,1141.2,24.3,4.64,0.653,0
22.53,38.46,52.25,117.79,22.36,68.8,2.25,0.47,2112.9,32.4,5.85,0.497,0
11.38,45.56,110.17,147.13,8.56,74.08,3.59,0.11,857.7,22.4,9.26,0.533,0
46.3,73.38,127.93,146.45,54.91,76.05,4.03,1.48,1500.2,33.0,4.28,0.613,1
53.09,65.31,104.63,116.66,49.56,51.63,2.77,0.64,3188.8,47.1,9.05,0.299,0
85.67,103.6,204.07,426.1,94.3,70.71,5.42,2.85,2927.1,46.2,10.09,0.254,1
44.31,111.46,154.34,296.3,38.32,85.64,5.35,1.59,2077.2,40.0,6.43,0.453,1
17.71,35.79,74.74,148.67,17.64,50.58,2.11,-0.18,489.6,12.5,4.51,0.716,0
41.78,61.31,106.34,163.33,46.51,80.41,3.97,1.27,1326.5,34.2,4.61,0.59,1
51.01,85.09,99.29,146.8,56.1,70.53,2.96,1.44,2063.0,31.1,5.6,0.426,1
11.53,38.06,56.1,139.32,14.3,55.0,1.79,-0.2,1599.5,29.8,4.53,0.529,0
62.41,111.28,129.47,244.05,80.93,82.8,4.65,3.27,1618.0,39.9,4.52,0.601,1
46.4,96.37,145.77,305.86,49.22,74.64,4.7,1.6,2884.0,45.2,8.88,0.32,1
29.11,57.61,158.34,249.0,35.89,69.73,4.08,0.93,2210.1,35.5,7.25,0.414,0
29.83,60.63,70.72,98.85,27.87,60.45,2.18,0.37,492.8,23.0,1.88,0.686,0
19.02,44.15,72.73,111.06,20.61,51.2,2.19,-0.13,931.1,27.1,6.49,0.537,0
49.12,91.55,112.73,206.34,59.46,76.23,3.54,1.63,1723.3,33.7,5.22,0.459,1
56.48,82.39,181.37,214.19,61.05,83.14,5.76,2.15,537.4,33.2,1.66,0.739,1
35.43,104.03,209.01,307.09,32.27,71.62,4.16,0.57,731.3,22.4,3.7,0.684,1
4.57,24.81,74.81,87.76,5.45,54.63,2.36,-0.09,2993.0,50.4,8.06,0.37,0
1.44,3.1,7.57,24.83,1.7,51.5,1.45,-0.4,2779.2,57.1,7.36,0.372,0
9.1,14.96,45.96,111.78,9.82,55.28,2.22,-0.26,2959.5,49.2,9.29,0.251,0
35.79,80.59,163.75,355.67,45.9,80.46,5.93,2.0,2854.8,58.0,9.0,0.253,1
30.18,35.47,57.4,163.4,31.08,53.9,1.98,0.33,1383.3,32.3,5.04,0.622,0
7.67,9.9,19.39,38.8,9.67,41.17,1.6,-0.32,2010.9,36.0,6.29,0.503,0
1.23,2.11,5.64,10.61,1.49,47.42,1.51,-0.41,1092.6,26.3,3.88,0.673,0
18.47,35.1,46.13,85.09,21.69,61.33,2.01,0.13,742.8,29.1,3.98,0.739,0
61.41,69.01,145.42,246.14,46.1,87.6,4.15,0.97,632.7,18.1,2.71,0.772,1
22.99,46.73,83.26,142.44,28.73,72.93,2.71,0.26,1619.0,20.1,7.01,0.406,0
15.08,20.41,24.91,38.86,17.06,43.56,1.71,0.12,2774.4,39.0,8.88,0.244,0
5.68,48.76,109.06,216.23,4.0,58.77,2.68,-0.09,2299.3,49.8,6.99,0.426,0
9.29,42.96,69.48,157.28,8.5,51.08,2.56,0.02,2772.4,41.9,8.31,0.317,0
16.35,38.06,64.09,129.69,13.75,55.0,2.36,0.02,1715.1,37.8,6.08,0.488,0
1.76,3.3,8.75,25.57,1.62,20.29,1.75,-0.48,2096.4,48.6,6.32,0.392,0
45.37,67.99,112.21,204.99,38.26,83.73,3.95,0.87,860.7,26.1,4.04,0.69,1
19.87,28.26,87.89,147.28,14.92,55.95,2.53,-0.05,2878.4,46.6,7.77,0.311,0
51.41,67.12,81.12,169.49,42.88,69.18,3.21,1.25,3177.6,52.9,12.81,0.232,1
2.19,9.58,11.03,18.32,1.96,44.29,1.63,-0.37,2204.4,38.7,6.02,0.544,0
64.74,113.83,169.57,195.35,61.86,64.09,4.27,1.59,2854.0,51.6,8.33,0.37,1
1.84,4.96,6.09,15.58,1.3,26.29,1.3,-0.37,2590.3,41.4,7.26,0.431,0
12.09,28.51,40.23,47.85,13.51,52.35,1.87,-0.29,511.7,24.0,3.0,0.795,0
1.35,1.88,3.03,3.31,1.57,47.91,1.53,-0.45,1512.3,35.9,8.1,0.461,0
4.1,10.97,25.32,48.91,4.64,57.89,1.95,-0.27,2810.9,47.5,8.55,0.433,0
39.55,84.86,105.94,191.62,49.5,51.32,2.84,0.67,2948.6,44.6,7.63,0.387,0
16.05,24.24,36.28,50.98,12.18,51.15,1.91,-0.26,1194.9,32.0,4.13,0.697,0
8.63,14.29,24.36,61.2,7.25,61.1,1.53,-0.28,1733.3,36.5,6.32,0.524,0
26.94,53.92,72.2,115.77,26.22,70.03,2.89,0.36,1875.5,39.0,6.45,0.472,0
33.97,68.95,84.96,112.08,36.09,71.55,2.78,0.5,1326.5,26.8,4.66,0.677,1
30.94,36.03,110.74,158.68,39.73,54.86,2.78,0.57,2394.7,34.9,6.57,0.477,0
4.26,5.21,7.3,9.99,3.57,21.01,1.31,-0.33,2899.4,47.0,7.77,0.368,0
25.84,42.41,84.21,148.61,21.19,74.71,3.06,0.34,1822.9,35.5,5.73,0.559,1
12.11,21.49,26.87,60.45,12.42,34.41,1.41,-0.25,732.8,22.8,2.03,0.844,0
6.03,11.25,16.4,25.44,5.63,58.68,1.99,-0.39,696.0,20.4,5.74,0.642,0
6.61,8.85,12.73,20.51,5.02,43.66,1.81,-0.39,2633.9,55.3,8.58,0.328,0
13.19,54.85,95.17,189.57,13.89,55.2,2.55,0.04,2057.9,37.6,10.01,0.402,0
8.71,17.74,28.7,56.81,9.0,49.88,1.58,-0.08,688.3,24.9,3.86,0.754,0
14.22,46.77,74.28,196.85,16.57,61.94,2.42,0.14,1575.1,29.9,4.68,0.492,0
12.17,23.31,47.08,69.9,9.49,66.6,2.44,0.06,1140.1,32.9,3.27,0.681,0
35.66,48.75,71.85,126.05,34.05,49.3,2.58,0.11,3157.3,40.9,9.21,0.277,0
48.87,102.29,188.13,233.56,44.51,60.92,4.05,0.7,1790.6,32.4,6.38,0.506,1
7.42,14.84,37.99,55.64,8.15,29.48,1.62,-0.42,2029.7,39.2,7.62,0.465,0
37.63,97.34,123.16,162.91,28.8,68.33,3.01,0.17,805.6,20.3,4.95,0.65,0
15.04,18.22,27.02,45.34,12.06,45.87,1.13,0.04,1837.6,38.5,7.05,0.514,0
49.59,66.01,139.88,215.65,54.22,68.72,3.52,1.16,690.1,26.8,9.1,0.529,1
36.65,41.92,65.41,156.56,39.08,71.54,2.9,0.92,3190.2,49.2,9.11,0.238,0
29.22,67.0,119.17,162.07,26.07,62.5,3.55,0.6,2814.3,56.4,10.17,0.33,0
36.49,43.31,59.06,101.1,36.9,62.81,2.35,0.67,2424.1,32.4,6.74,0.428,1
45.2,55.24,112.26,230.21,43.5,63.63,2.93,0.48,771.9,20.8,3.79,0.757,1
8.44,15.38,17.41,39.37,6.65,37.44,1.63,-0.14,3031.4,50.9,8.1,0.277,0
8.97,42.96,59.37,135.4,10.47,48.19,2.18,-0.2,2602.7,47.6,8.34,0.422,0
22.78,72.4,85.75,164.4,18.95,64.82,2.85,0.07,1911.9,36.6,6.53,0.456,0
61.25,132.81,209.41,257.56,46.66,68.81,4.88,1.01,3041.6,46.5,9.8,0.215,1
6.8,28.58,42.77,105.18,7.97,42.16,1.85,-0.29,2611.4,45.4,13.13,0.32,0
3.2,4.99,12.42,24.82,3.17,41.4,1.91,-0.07,2021.6,37.7,5.75,0.551,0
43.12,96.27,104.47,279.06,44.97,72.1,3.17,1.19,1832.2,37.0,7.35,0.464,1
15.98,37.11,61.87,142.04,18.87,61.46,2.66,0.14,2937.5,46.6,8.56,0.243,0
21.24,45.53,76.83,120.81,17.7,53.25,2.51,0.25,2828.7,44.8,13.37,0.219,0
17.26,26.57,55.74,99.93,22.37,66.06,2.19,0.16,953.9,23.7,2.91,0.722,0
9.39,17.8,47.48,110.09,6.61,72.93,2.07,-0.22,2408.0,37.2,7.97,0.345,0
9.26,14.01,29.37,54.16,8.15,51.17,1.84,-0.02,1449.9,26.6,4.62,0.57,0
8.76,44.35,71.29,161.78,10.15,56.74,2.4,-0.09,1640.9,31.8,6.73,0.495,0
64.24,123.8,150.85,266.38,45.44,82.78,4.43,1.3,1197.4,30.1,5.8,0.557,1
8.19,18.63,35.67,82.95,9.85,56.63,1.79,-0.11,2807.6,45.3,7.58,0.372,0
3.76,33.88,37.47,56.39,3.32,34.68,1.81,-0.1,2604.3,49.2,6.99,0.359,0
12.97,17.66,22.52,56.88,14.78,43.9,1.5,-0.1,457.0,22.7,3.75,0.664,0
15.43,20.55,109.57,210.88,11.1,68.21,2.87,-0.04,1006.3,26.9,6.73,0.57,0
67.65,98.59,168.4,232.28,57.25,74.27,3.96,1.25,779.7,23.0,7.5,0.58,1
29.21,54.13,76.02,83.24,37.3,68.72,2.46,0.65,2414.5,36.3,6.78,0.453,0
8.62,11.38,22.39,32.92,6.14,26.13,1.2,-0.43,1625.4,30.3,4.51,0.504,0
38.49,71.0,144.89,240.26,39.43,74.0,3.12,0.5,460.4,13.4,4.82,0.742,1
48.24,106.03,181.25,276.54,41.07,56.09,3.74,0.69,1451.6,37.7,3.99,0.589,1
51.38,98.89,194.38,290.75,52.66,82.37,6.16,1.81,2586.8,42.4,7.22,0.464,1
30.11,39.45,66.18,135.61,28.89,80.36,2.65,0.63,895.3,26.7,6.01,0.641,1
52.24,102.31,178.36,280.55,41.43,83.15,4.79,0.93,632.3,23.7,2.25,0.822,1
21.08,50.23,92.25,160.38,15.9,51.2,2.37,-0.01,2660.0,41.3,7.78,0.269,0
2.6,5.67,24.0,82.62,3.29,48.93,1.46,-0.26,534.5,17.4,5.83,0.628,0
25.89,36.03,56.27,155.56,26.38,68.8,2.17,0.51,1352.6,24.0,6.2,0.626,0
21.12,55.15,106.44,174.23,19.76,72.48,2.88,-0.07,662.3,14.5,6.81,0.604,0
10.57,22.97,30.35,68.89,7.47,55.71,1.97,-0.08,3010.3,53.0,8.59,0.377,0
14.09,15.66,25.83,89.51,15.97,51.01,1.66,-0.03,2539.5,38.6,7.16,0.365,0
12.18,17.03,51.63,95.2,9.52,74.13,2.3,-0.1,910.9,26.2,2.52,0.736,0
13.46,19.49,39.93,92.05,17.1,57.05,1.83,-0.12,908.6,34.2,4.11,0.691,0
39.58,44.98,58.7,154.4,32.92,46.98,1.78,0.25,2029.5,44.2,5.55,0.555,0
30.14,59.41,105.42,192.7,21.33,74.47,3.13,0.33,712.1,29.0,4.26,0.637,0
31.74,52.43,70.49,185.46,32.54,75.38,2.99,0.92,2016.8,41.3,6.47,0.375,1
35.46,70.83,90.73,163.34,28.77,62.08,2.89,0.12,1214.5,26.5,3.95,0.646,1
40.88,72.5,113.07,211.11,46.7,66.7,2.94,0.94,2076.0,35.8,7.35,0.452,1
5.11,16.59,27.03,53.27,5.3,59.63,1.88,-0.18,1688.0,33.8,4.49,0.522,0
15.92,44.79,115.3,186.46,12.56,57.19,3.1,0.17,3073.7,51.5,8.75,0.282,0
2.61,4.75,15.89,40.73,3.29,42.1,1.39,-0.15,2380.9,39.6,6.74,0.408,0
3.0,3.34,6.17,10.46,2.87,19.71,1.34,-0.29,1623.5,30.1,5.01,0.554,0
11.34,24.34,43.82,81.25,11.71,44.38,1.48,-0.08,3038.3,54.3,8.25,0.283,0
6.0,22.2,30.79,61.66,4.55,41.83,1.7,-0.33,1404.1,30.1,4.81,0.58,0
19.85,50.02,99.09,169.0,14.07,53.77,2.98,0.13,3196.1,57.4,9.2,0.273,0
13.99,37.32,88.11,115.35,11.58,46.55,2.14,-0.31,463.0,19.0,1.36,0.749,0
24.3,56.08,89.12,138.61,19.58,71.13,2.87,0.12,2873.9,36.6,8.68,0.414,0
11.68,15.52,26.82,50.25,14.17,45.79,2.0,-0.08,2672.6,40.7,9.7,0.318,0
0.75,1.46,2.95,4.05,0.8,31.33,1.7,-0.18,459.4,26.4,1.72,0.786,0
4.44,26.71,59.1,91.13,3.86,60.8,2.42,-0.18,431.6,16.2,1.59,0.89,0
22.4,36.04,53.98,72.94,17.17,32.26,1.56,-0.23,2742.5,46.5,10.75,0.294,0
24.15,33.27,54.38,71.33,27.47,48.72,1.7,0.14,2012.3,31.4,5.43,0.555,0
12.5,53.44,74.03,135.46,12.01,80.0,2.75,0.03,1182.7,29.1,3.51,0.669,0
24.16,69.37,86.65,101.31,21.08,72.24,2.94,0.5,1706.1,32.0,5.61,0.538,0
36.35,59.91,113.56,203.87,28.73,61.45,2.86,0.34,2183.8,27.7,7.53,0.371,0
25.55,61.97,100.61,213.35,28.87,71.09,3.36,0.42,2233.4,39.7,6.03,0.436,1
9.11,11.85,15.65,38.06,9.46,28.59,1.19,-0.41,2009.5,29.1,5.56,0.559,0
42.1,48.3,103.37,205.36,43.62,58.86,2.64,0.51,2671.6,41.6,7.4,0.463,1
16.09,19.82,29.07,85.74,15.12,36.96,1.55,-0.04,3068.0,46.5,7.87,0.376,0
8.42,15.1,28.44,43.37,9.38,36.44,1.95,-0.22,1632.5,30.6,4.35,0.623,0
2.87,12.86,17.73,22.65,3.24,23.65,1.35,-0.45,1750.3,25.3,5.98,0.422,0
17.82,30.16,41.71,70.84,12.72,50.78,1.53,-0.02,1247.1,26.5,4.2,0.651,0
9.82,50.33,96.19,159.78,11.76,66.02,3.24,0.01,2417.4,39.6,7.03,0.395,0
45.69,50.74,86.36,157.93,37.67,52.32,2.3,0.49,2047.0,39.0,7.25,0.425,0
5.8,25.03,42.75,50.47,5.76,37.73,1.73,-0.19,791.9,22.5,3.48,0.633,0
17.83,88.5,169.55,235.69,13.54,64.35,3.52,0.14,1058.6,27.8,4.47,0.607,0
8.71,10.65,19.62,35.43,8.2,29.99,1.22,-0.29,902.8,27.6,4.13,0.73,0
30.26,62.0,85.25,122.83,26.53,52.96,2.28,0.25,3149.5,50.5,9.58,0.24,0
17.43,52.47,97.16,138.45,22.63,56.13,2.06,0.15,1071.7,17.3,3.58,0.677,0
31.55,41.43,95.58,311.92,26.07,59.9,2.59,0.25,1607.1,28.6,6.48,0.572,0
4.6,14.39,42.6,94.55,4.35,44.14,1.54,-0.1,748.3,30.3,5.18,0.687,0
48.39,94.14,169.02,241.92,39.33,57.94,3.76,0.79,2690.7,42.9,6.96,0.357,1
19.6,41.32,89.72,168.05,21.51,67.37,2.72,0.16,684.6,29.8,2.21,0.722,0
30.32,73.25,128.52,150.94,32.54,58.92,3.16,0.34,2346.6,40.1,7.94,0.425,0
18.2,23.75,35.74,61.58,14.31,67.16,1.61,0.08,1217.4,23.9,6.23,0.589,0
25.54,27.8,43.02,79.34,25.26,41.15,1.94,-0.22,1091.6,24.4,4.92,0.698,0
23.79,56.17,93.72,200.78,17.52,62.54,2.68,-0.16,725.8,23.1,2.04,0.712,1
28.61,72.41,106.27,228.59,34.34,68.92,3.4,0.53,2113.1,36.6,7.78,0.439,0
33.02,51.32,80.5,153.61,27.07,79.73,3.08,0.91,2828.2,42.7,8.0,0.32,0
3.7,17.57,46.97,74.91,2.62,59.16,1.78,-0.09,1444.3,37.3,3.9,0.686,0
4.07,26.21,51.78,104.24,3.87,55.15,1.61,-0.29,694.4,28.4,2.1,0.854,0
31.25,67.05,79.93,164.45,40.21,78.61,3.46,1.45,2670.8,41.9,7.43,0.369,1
20.07,48.67,70.84,100.27,24.22,60.42,2.08,0.18,2054.1,33.3,7.65,0.468,0
41.86,70.37,124.37,240.55,38.85,66.02,3.4,0.67,2282.8,32.0,6.12,0.567,1
17.0,38.23,62.58,70.6,13.75,58.4,2.24,-0.11,2221.0,45.1,7.6,0.424,0
24.4,31.22,60.09,137.21,24.0,65.76,2.41,0.46,1420.1,34.2,5.61,0.56,0
3.53,12.36,28.62,43.7,4.58,48.88,1.89,-0.22,2635.3,43.6,7.08,0.358,0
12.0,14.68,35.31,83.54,11.27,57.4,1.54,0.13,1511.8,39.1,5.97,0.635,0
34.01,102.54,198.54,242.65,25.68,70.67,5.35,0.48,2236.5,39.8,8.37,0.305,0
45.03,98.09,143.83,217.41,40.87,68.35,3.29,0.75,956.6,23.7,3.61,0.779,1
1.44,6.91,18.16,31.66,1.08,39.16,1.83,-0.22,2701.9,57.0,7.43,0.418,0
13.6,65.73,167.71,343.83,17.29,73.51,3.88,0.12,1493.5,24.3,5.29,0.531,0
31.28,33.72,53.93,149.38,29.39,50.56,2.06,0.05,1572.5,41.7,4.75,0.603,0
62.73,109.6,178.34,256.95,66.05,62.51,4.43,1.58,3106.2,56.9,11.16,0.127,1
12.54,19.85,30.25,58.61,11.05,57.6,1.71,-0.23,1039.9,25.9,3.98,0.635,0
60.08,70.08,127.58,197.38,51.01,50.23,2.98,0.71,1834.6,40.7,6.35,0.513,1
53.99,110.85,187.18,247.55,67.5,78.09,6.02,2.49,2558.7,50.5,8.43,0.406,1
8.5,15.51,18.78,39.27,7.34,34.16,1.55,-0.32,546.7,17.0,1.66,0.772,0
17.54,44.93,73.36,98.13,16.19,69.54,2.37,0.4,1485.7,41.8,5.11,0.604,0
7.47,10.8,21.23,39.97,5.46,43.1,1.47,-0.1,1993.4,34.9,5.6,0.523,0
17.88,32.59,34.49,55.61,14.44,35.93,1.6,-0.34,427.8,11.4,2.58,0.759,0
35.58,46.62,88.88,212.52,31.47,84.14,3.81,1.09,2819.6,46.0,7.74,0.419,1
49.24,55.39,72.27,138.87,46.13,49.73,2.04,0.21,619.0,23.6,5.56,0.732,0
48.84,66.33,77.86,228.07,48.12,83.25,3.92,1.91,3198.3,56.5,8.9,0.259,1
91.57,158.41,226.01,376.83,81.38,90.93,6.04,2.51,1273.5,21.1,3.69,0.638,1
11.52,16.55,33.54,71.49,9.23,44.17,1.83,-0.04,934.7,27.1,2.98,0.719,0
10.83,22.67,29.67,57.71,13.11,41.42,1.95,-0.19,1774.2,34.3,9.99,0.414,0
3.29,10.86,26.05,64.19,3.37,40.55,1.16,-0.14,481.6,17.2,3.18,0.811,0
0.86,1.92,3.93,5.42,0.71,47.71,1.24,-0.33,1988.7,41.4,8.21,0.493,0
45.72,51.79,96.65,177.24,49.46,66.81,2.99,0.89,976.9,26.7,5.03,0.648,1
10.85,15.53,31.91,51.08,12.71,51.09,1.75,-0.17,2439.5,36.5,6.59,0.373,0
29.85,32.53,60.66,118.46,34.2,60.44,1.8,0.11,834.5,16.1,4.0,0.75,0
0.51,0.7,3.25,8.14,0.43,38.75,2.04,-0.28,2672.8,46.3,7.73,0.336,0
11.36,17.27,27.83,38.73,12.36,54.27,1.94,0.06,3166.3,56.5,8.67,0.303,0
20.77,75.97,126.33,249.39,24.31,74.21,3.75,0.7,2780.1,42.3,8.5,0.369,1
37.79,59.06,90.03,142.73,32.43,62.96,2.67,0.17,1266.7,26.0,3.81,0.719,0
26.31,38.15,67.14,106.31,26.69,46.73,1.77,0.04,636.2,29.9,1.87,0.73,0
33.9,47.96,68.8,130.64,30.68,49.72,2.39,-0.04,1538.4,28.1,4.29,0.71,0
26.67,50.98,91.79,105.16,26.66,68.45,3.42,0.72,2363.8,43.8,7.85,0.514,0
23.06,44.77,96.62,164.63,28.88,58.47,2.48,0.44,1468.5,35.8,4.77,0.512,0
12.85,62.86,109.87,201.44,16.37,55.15,2.78,0.01,2085.0,37.8,6.07,0.503,0
2.95,4.7,6.55,9.52,2.24,42.52,1.42,-0.27,930.9,24.4,2.98,0.693,0
5.25,12.03,13.85,48.11,4.61,47.11,1.73,-0.09,2827.2,31.4,7.86,0.385,0
24.0,31.54,58.78,172.51,25.59,74.82,2.89,0.67,1660.5,38.9,6.91,0.501,0
4.36,16.27,37.76,81.6,4.47,49.31,1.63,-0.12,2330.8,40.4,7.45,0.419,0
15.32,20.63,35.41,59.95,13.13,49.28,1.97,0.07,2075.6,38.8,7.67,0.398,0
29.63,55.34,151.27,300.03,22.14,63.0,3.45,0.36,1649.7,33.5,4.34,0.6,1
3.76,9.67,14.95,19.39,3.94,37.14,1.85,-0.4,2002.6,40.3,5.22,0.548,0
82.88,158.58,182.28,238.92,80.36,78.02,5.24,2.33,481.7,27.7,1.79,0.712,1
38.05,85.7,103.63,188.65,30.63,69.59,3.16,0.55,1900.4,38.8,5.44,0.515,0
0.34,0.68,2.38,3.86,0.37,22.3,1.45,-0.21,3096.7,42.7,8.21,0.28,0
23.94,33.08,56.25,115.88,21.22,58.13,2.32,0.24,1724.4,37.5,5.21,0.565,0
0.23,0.42,0.94,1.6,0.23,25.17,1.48,-0.25,760.4,25.4,2.14,0.71,0
32.17,56.54,89.67,219.24,31.61,60.37,2.15,0.15,955.6,21.2,3.91,0.632,1
6.53,38.82,90.01,138.4,7.91,48.03,1.76,-0.3,1153.0,22.9,3.34,0.615,0
25.76,50.87,96.08,162.71,22.77,51.6,2.3,0.09,1323.6,23.5,3.79,0.705,0
12.08,21.72,39.77,60.95,9.92,56.52,1.73,-0.12,751.9,27.2,2.57,0.718,0
24.93,35.71,52.91,82.76,18.5,48.84,1.61,0.13,2827.5,41.3,7.36,0.407,0
20.8,39.36,92.08,193.79,18.71,82.22,3.18,0.27,980.0,30.0,2.66,0.758,0
9.29,18.0,28.89,61.02,11.41,41.12,1.77,-0.26,471.7,11.3,5.83,0.606,0
2.85,24.68,36.08,60.99,3.11,45.64,1.83,-0.18,2284.6,47.5,6.36,0.413,0
23.06,39.66,72.18,100.54,26.64,51.69,2.24,0.36,1766.1,41.6,4.7,0.468,0
5.27,22.03,51.67,157.48,6.05,83.0,2.63,0.03,1254.7,20.1,6.43,0.677,0
3.43,14.96,22.18,28.37,2.73,41.64,1.64,-0.11,2954.5,54.4,9.18,0.293,0
55.42,78.72,153.53,252.82,68.45,84.31,5.94,3.15,2651.4,51.0,7.94,0.464,1
51.42,56.02,67.98,85.77,45.98,47.08,2.04,0.61,2302.3,47.1,11.44,0.322,0
18.45,25.38,81.14,215.27,13.81,70.45,3.06,0.06,2159.7,33.3,7.43,0.477,0
12.95,22.9,36.76,56.21,12.15,46.63,1.92,-0.23,3139.3,51.7,8.85,0.339,0
44.49,86.94,144.17,175.22,49.86,73.28,3.8,1.14,1314.1,24.4,5.35,0.504,1
54.99,63.71,72.35,197.42,48.53,66.03,2.77,1.07,2453.8,35.8,7.93,0.345,1
1.52,4.19,5.38,11.59,1.93,36.48,2.06,-0.13,516.8,21.7,3.81,0.801,0
39.48,71.99,107.03,127.36,29.78,46.19,2.08,0.06,890.1,22.5,3.56,0.702,0
18.1,25.91,34.89,39.52,18.67,34.85,1.69,-0.29,2709.7,50.6,7.69,0.296,0
40.53,45.9,68.59,213.9,39.75,78.17,3.2,1.36,2391.5,52.6,6.46,0.342,1
2.3,4.11,8.4,10.02,2.63,41.6,1.76,-0.26,609.5,21.3,2.21,0.733,0
9.33,16.63,28.21,43.0,6.87,39.52,1.53,-0.07,2537.9,35.9,7.09,0.397,0
15.33,17.99,31.3,46.55,19.11,63.84,1.88,0.09,960.8,21.7,2.92,0.691,0
3.88,15.57,23.58,102.17,3.51,70.75,1.91,-0.01,3104.7,45.5,8.38,0.294,0
50.66,69.19,91.24,210.74,60.97,83.2,3.45,2.17,2312.6,34.2,8.31,0.322,1
16.07,44.17,93.13,173.97,12.25,75.34,3.26,-0.01,1963.8,29.4,5.52,0.431,0
19.49,28.53,54.2,71.67,24.03,50.44,2.29,0.03,2796.0,39.5,7.68,0.342,0
16.47,20.33,37.5,56.5,11.78,28.13,1.81,-0.1,1533.0,42.8,6.61,0.482,0
36.21,42.73,90.76,211.48,34.63,83.73,3.09,0.74,1508.4,23.0,7.83,0.462,1
46.78,95.87,146.9,176.75,41.49,54.56,2.7,0.38,1405.2,31.5,3.74,0.671,0
10.4,41.29,98.44,175.03,8.77,77.82,3.25,0.11,2952.9,45.2,7.67,0.438,0
55.07,86.04,138.88,162.14,55.23,54.26,3.24,0.94,3163.4,42.7,10.92,0.245,1
4.61,14.48,19.78,70.67,4.15,68.35,1.52,-0.26,1464.1,31.3,4.57,0.553,0
12.59,24.02,34.43,43.94,9.6,45.99,1.83,-0.16,2378.0,39.7,6.56,0.41,0
40.47,87.13,149.84,292.38,50.59,61.21,3.37,0.58,2068.2,27.0,6.87,0.468,0
50.8,69.0,89.31,219.87,64.93,84.78,3.0,1.86,1288.2,20.9,5.06,0.533,1
8.06,25.85,38.31,70.83,6.63,65.2,2.31,-0.3,953.8,31.5,2.75,0.759,0
38.19,43.97,104.71,191.95,41.75,59.17,3.11,0.96,2873.2,53.9,9.88,0.294,1
53.68,101.19,140.49,292.74,55.49,66.0,3.39,1.21,1564.2,32.4,4.56,0.518,1
17.91,25.22,27.14,73.99,23.24,59.2,1.94,0.01,1138.4,28.2,6.47,0.526,0
19.68,32.97,42.85,87.67,17.19,47.72,2.07,-0.15,865.4,21.1,2.57,0.775,0
7.57,9.79,18.31,31.45,7.62,44.17,1.45,-0.09,891.4,23.8,2.68,0.679,0
36.63,86.04,94.81,201.55,39.78,71.3,2.78,0.98,2266.7,37.7,6.37,0.399,0
19.55,56.91,76.81,181.88,20.6,76.89,3.0,0.38,1695.5,38.6,5.23,0.578,0
28.36,41.42,89.54,130.37,31.27,69.25,3.3,0.75,3061.8,58.0,7.98,0.204,0
68.35,101.48,119.09,234.07,63.52,63.66,2.72,0.77,1087.7,15.1,4.62,0.654,1
45.6,110.85,187.79,229.14,56.08,88.89,5.98,1.9,1303.6,29.9,3.8,0.531,1
24.68,46.16,68.37,77.27,22.9,63.78,2.2,0.16,1831.3,28.6,6.58,0.603,0
6.04,6.85,10.33,16.27,6.28,37.38,1.75,-0.15,2246.1,41.1,6.58,0.557,0
9.82,47.06,59.94,167.3,12.5,61.71,2.35,-0.08,2503.4,44.4,6.99,0.377,0
55.92,67.38,116.63,242.2,61.46,66.43,3.54,1.71,2963.0,48.3,9.55,0.316,1
19.74,50.98,87.48,250.76,21.43,61.08,2.59,-0.04,634.5,17.3,1.89,0.793,1
10.49,12.85,15.64,24.97,12.34,47.57,2.06,-0.02,1673.8,28.6,4.8,0.581,0
12.04,22.69,50.49,213.52,12.69,70.58,2.17,0.23,2124.5,31.6,7.08,0.504,0
9.73,17.52,55.9,135.27,12.2,63.05,1.94,-0.08,645.3,17.9,2.56,0.79,0
37.45,82.75,109.2,219.51,48.03,66.92,2.51,0.37,607.6,9.3,2.22,0.801,1
63.25,85.03,167.09,223.85,74.31,77.1,5.13,2.2,1033.9,36.7,3.9,0.685,1
16.76,68.24,80.66,191.54,17.83,75.01,3.36,0.39,1447.6,39.9,3.98,0.655,0
26.15,34.87,47.27,85.95,29.05,56.4,1.8,0.33,1635.3,35.4,5.93,0.533,0
38.86,59.19,80.64,91.12,31.0,38.06,2.16,-0.03,2440.7,50.5,8.52,0.381,0
12.75,19.79,93.29,160.83,15.21,49.31,2.19,-0.1,527.8,26.0,3.0,0.662,0
61.56,88.08,140.87,313.8,59.31,81.83,4.16,1.76,2067.6,27.6,6.92,0.394,1
38.49,79.15,144.23,237.68,29.41,54.9,3.37,0.23,1840.9,41.2,6.16,0.466,1
37.6,102.34,143.45,251.88,34.25,61.36,3.21,0.5,2286.2,38.2,6.59,0.436,0
36.37,45.94,102.95,115.91,44.57,71.66,3.17,1.06,2369.0,40.3,9.0,0.24,1
56.76,106.84,172.22,246.32,50.8,69.94,3.86,1.2,2119.0,37.3,9.25,0.327,1
34.36,69.59,110.39,171.26,28.9,69.71,3.18,0.48,2023.2,31.5,5.27,0.483,0
7.65,22.95,40.88,58.94,7.27,33.79,1.59,-0.05,2638.8,43.2,6.96,0.321,0
18.22,27.41,71.5,128.69,22.12,51.33,2.18,0.04,2169.4,45.5,6.77,0.462,0
43.7,62.54,105.24,186.48,46.11,56.49,2.62,0.55,697.3,21.3,2.39,0.703,1
55.87,83.38,111.71,274.54,61.08,85.96,4.07,2.32,2290.0,37.4,6.89,0.456,1
42.99,62.67,102.46,155.79,47.02,57.58,3.04,0.81,3159.4,55.3,9.61,0.3,0
11.71,33.62,45.32,78.4,13.44,33.76,1.41,-0.12,3169.6,52.3,10.03,0.131,0
2.02,14.01,30.61,35.79,2.21,48.12,1.37,-0.42,2517.1,43.9,8.62,0.318,0
18.77,50.96,57.96,172.91,16.32,73.98,2.95,0.46,2645.4,46.3,8.05,0.454,0
32.76,35.37,82.79,103.63,25.34,54.22,2.61,0.21,855.4,31.2,3.37,0.691,0
4.49,7.67,14.06,42.0,3.54,43.62,1.69,-0.21,3054.6,53.2,10.36,0.246,0
2.77,16.36,21.8,28.27,2.97,55.51,1.9,-0.22,949.6,28.1,3.01,0.732,0
34.4,56.97,113.19,298.34,27.4,86.76,3.88,0.81,852.6,26.2,3.21,0.708,1
43.97,61.08,88.24,136.41,54.02,78.89,3.2,1.68,1207.4,31.8,4.31,0.621,1
71.91,118.33,152.48,257.11,89.96,71.44,3.67,2.04,966.7,24.7,4.5,0.654,1
22.64,24.77,58.82,75.53,25.51,43.0,1.71,-0.01,950.1,28.5,3.22,0.695,0
69.15,114.48,211.59,378.11,55.89,81.15,5.42,1.48,1383.5,24.8,6.37,0.605,1
48.44,104.24,128.3,180.51,36.58,52.85,2.9,0.46,2872.2,47.9,10.72,0.315,0
0.77,1.03,1.98,4.98,0.63,19.61,1.15,-0.12,1044.8,22.5,7.04,0.546,0
28.7,71.86,108.89,202.32,29.8,76.6,3.56,0.64,1103.2,28.8,3.16,0.628,1
2.78,6.41,9.56,21.33,2.84,39.42,1.4,-0.46,2219.9,35.5,5.96,0.446,0
27.74,53.04,132.27,282.48,31.22,85.22,4.22,0.8,1856.0,28.7,5.57,0.534,1
10.53,17.39,24.46,30.69,13.46,37.56,1.61,-0.14,1868.6,29.1,7.13,0.461,0
2.1,10.05,23.79,45.91,2.67,28.54,1.72,-0.35,1223.2,31.2,4.32,0.561,0
0.54,3.01,7.85,13.19,0.53,49.39,1.76,-0.36,2893.6,49.2,7.63,0.296,0
67.83,120.94,158.62,287.54,52.58,87.75,5.76,2.4,3025.8,42.6,8.73,0.271,1
11.65,16.23,35.35,70.32,11.34,60.05,1.86,0.04,1629.5,39.5,7.21,0.481,0
27.68,85.28,152.73,371.58,29.86,63.87,3.31,0.45,1639.6,34.2,7.98,0.469,1
60.77,71.58,150.15,260.81,74.28,67.92,4.23,2.05,3131.1,47.1,8.52,0.274,1
14.0,36.03,54.1,80.37,15.93,51.1,1.93,-0.02,482.5,22.3,6.65,0.621,0
20.04,48.24,112.0,186.02,14.78,63.55,3.26,0.09,2776.1,43.2,8.42,0.232,0
26.97,57.21,77.32,196.86,22.03,71.8,3.1,0.55,3142.2,43.8,8.15,0.348,0
19.68,38.8,78.21,162.26,23.54,75.41,3.13,0.5,804.1,35.4,3.28,0.797,0
17.38,44.3,51.84,184.7,14.76,48.86,2.18,-0.19,3014.4,56.5,9.79,0.204,0
8.27,17.29,19.37,51.17,8.06,52.0,1.34,-0.27,1827.0,32.3,5.48,0.527,0
37.44,49.84,79.91,129.01,37.48,49.88,1.89,0.26,1470.2,26.9,4.3,0.672,0
10.57,23.85,31.81,58.97,8.84,63.82,1.94,-0.25,1482.7,37.1,4.97,0.631,0
37.92,61.31,95.47,112.38,47.67,56.12,2.6,0.67,1598.5,38.0,7.88,0.502,0
40.26,66.39,101.12,113.4,52.16,71.03,2.98,1.09,1673.9,29.5,5.68,0.566,1
1.19,3.0,6.76,14.8,1.41,52.41,1.58,-0.2,829.2,25.0,4.6,0.679,0
55.52,85.54,131.82,241.22,53.26,52.93,3.28,0.85,2887.5,43.5,7.58,0.324,1
26.9,32.91,99.05,121.22,21.92,47.08,2.12,-0.09,1859.6,29.8,6.53,0.554,0
17.34,25.18,32.55,64.92,18.75,31.22,1.79,-0.12,2197.0,42.6,7.89,0.396,0
34.15,56.23,69.03,130.08,34.35,69.6,2.61,0.75,2117.6,42.9,5.77,0.503,0
13.17,29.59,58.62,80.98,15.01,55.16,2.11,-0.19,3025.2,41.0,8.34,0.317,0
9.13,18.45,26.88,47.92,7.26,40.33,1.95,-0.22,2865.6,48.2,8.18,0.222,0
7.81,15.75,30.02,73.06,5.72,50.56,1.37,-0.19,501.3,15.8,7.53,0.586,0
10.37,18.6,68.47,147.15,13.06,64.28,2.53,0.12,2570.4,45.7,7.75,0.467,0
4.99,6.24,10.21,18.49,4.05,29.61,1.13,-0.17,1376.3,26.8,3.86,0.669,0
22.31,41.31,65.07,111.05,25.8,53.85,2.54,0.01,919.1,30.0,3.6,0.614,0
13.19,26.16,64.84,132.85,9.8,63.48,2.03,0.06,1243.9,26.1,3.67,0.675,0
25.09,60.59,102.59,138.43,22.94,56.06,2.08,-0.05,465.6,7.6,2.82,0.833,0
11.8,36.14,77.88,118.57,10.9,69.22,3.04,0.06,1227.8,32.1,4.4,0.66,0
32.46,46.92,56.1,105.86,32.17,53.3,1.96,0.17,1860.7,39.1,5.34,0.431,0
53.87,97.42,131.54,198.88,41.17,55.96,2.77,0.37,1516.7,37.2,4.53,0.544,0
63.96,115.32,177.69,225.3,62.38,57.06,3.21,0.78,814.6,29.8,3.65,0.541,1
43.26,82.3,127.98,186.79,39.5,72.69,3.23,0.85,801.8,22.8,2.27,0.792,1
12.44,20.58,40.27,65.54,13.88,68.21,2.05,-0.11,1715.2,26.6,4.53,0.488,0
18.32,21.62,24.05,54.3,19.08,55.99,1.47,0.18,2021.2,40.6,6.76,0.58,0
40.9,108.02,170.66,304.95,38.54,67.73,3.67,0.55,1423.6,23.5,6.84,0.452,1
5.11,26.15,44.84,69.07,5.48,53.39,1.97,-0.23,2576.5,42.0,9.07,0.259,0
5.44,7.41,9.21,25.32,4.55,27.63,1.78,-0.44,2331.4,36.8,6.3,0.488,0
2.43,5.93,8.72,42.2,2.15,37.15,1.44,-0.19,1263.7,30.4,5.15,0.535,0
15.2,35.18,62.22,107.12,11.77,62.77,2.4,-0.2,948.0,20.1,2.85,0.701,0
33.98,70.35,113.87,139.62,30.05,59.03,2.72,0.39,984.8,25.4,3.01,0.717,0
30.28,48.24,83.04,125.34,36.91,71.41,2.74,0.71,1791.2,26.3,5.43,0.532,0
60.4,65.97,130.12,148.04,55.79,71.76,3.69,1.83,2836.7,47.6,8.23,0.427,1
36.2,52.34,75.21,125.14,41.05,66.47,2.21,0.53,1401.0,25.2,4.8,0.664,0
29.43,71.63,104.81,147.19,27.43,74.85,3.27,0.71,1514.5,33.6,7.68,0.456,0
33.72,82.16,166.9,206.41,34.91,83.66,5.0,1.13,1140.3,29.4,6.75,0.6,1
16.69,27.5,58.62,109.9,16.29,66.49,2.22,0.16,448.9,24.9,3.22,0.706,0
8.15,15.64,17.63,43.13,5.82,33.29,1.43,-0.19,1637.9,36.4,7.58,0.461,0
34.2,66.19,72.07,133.24,36.34,76.92,3.16,1.01,2524.5,37.9,7.45,0.52,0
7.35,12.06,16.39,20.98,7.94,48.29,1.68,-0.14,744.2,26.5,2.29,0.849,0
14.04,40.27,90.85,149.02,15.48,79.17,2.71,0.19,592.1,21.7,1.76,0.846,0
10.8,16.26,37.36,83.42,13.66,52.2,1.82,-0.05,1091.3,23.0,4.65,0.696,0
15.24,28.86,40.01,68.38,12.35,41.38,1.67,-0.1,430.6,26.0,1.71,0.838,0
24.67,26.6,45.73,83.93,20.5,61.47,2.39,0.27,1718.4,26.4,5.9,0.533,0
26.86,32.43,87.07,179.48,22.41,64.98,2.59,0.3,964.0,22.1,3.64,0.68,0
11.08,45.55,76.7,123.27,12.22,56.8,2.79,0.07,2674.8,51.2,8.08,0.322,0
35.14,41.85,67.82,120.61,24.74,73.96,2.52,0.55,904.2,24.2,3.68,0.688,0
11.27,17.34,21.62,44.77,13.86,55.31,2.17,-0.17,3171.6,49.6,9.84,0.275,0
47.71,60.13,112.7,174.71,39.45,76.76,3.88,1.04,1592.5,38.8,6.42,0.548,1
5.31,24.01,42.49,96.29,3.96,52.32,1.86,-0.05,2336.2,40.5,7.33,0.349,0
24.79,51.08,67.47,94.09,24.39,63.35,2.42,0.2,1297.1,22.8,3.98,0.672,0
45.23,83.71,117.15,127.65,42.09,72.58,4.0,1.09,3126.5,50.9,8.3,0.293,0
61.07,113.83,204.42,328.43,54.34,83.6,5.82,1.88,965.9,30.9,3.81,0.641,1
11.71,16.41,29.95,56.23,8.54,39.63,1.98,-0.36,1478.4,33.8,4.25,0.69,0
14.58,36.42,73.17,117.41,16.79,45.66,2.15,0.02,1702.0,29.5,4.51,0.609,0
33.07,71.51,112.2,231.46,32.61,70.21,3.1,0.76,1898.4,33.6,5.62,0.502,0
36.79,60.92,94.03,154.77,31.44,58.47,2.4,0.15,1680.8,33.3,5.3,0.578,0
26.67,78.37,129.49,319.97,28.39,83.11,4.8,0.93,3058.4,51.9,8.71,0.257,1
21.24,35.93,65.98,117.51,14.89,70.18,2.58,0.32,2353.7,41.5,6.34,0.365,0
15.24,44.57,126.2,194.51,17.36,60.88,3.02,0.22,2425.3,35.3,10.91,0.316,0
9.0,10.97,21.4,25.25,6.98,52.94,1.58,-0.01,825.7,25.4,3.66,0.748,0
4.46,8.69,21.53,25.11,3.25,31.9,1.75,-0.35,2121.2,47.2,6.3,0.475,0
7.64,11.17,30.93,47.7,8.98,48.28,1.86,-0.35,1677.5,23.6,4.66,0.586,0
10.44,16.73,22.41,44.35,7.37,49.44,1.38,-0.18,746.4,17.7,3.88,0.678,0
17.2,81.7,137.73,225.88,20.85,72.0,3.6,0.21,1223.7,29.4,3.29,0.635,0
38.9,42.38,50.57,153.64,34.67,72.11,1.83,0.7,438.1,25.3,1.71,0.883,0
1.71,7.11,17.79,47.19,1.34,57.03,1.94,-0.26,2387.1,39.3,7.57,0.37,0
18.27,27.94,119.64,134.86,15.66,61.09,3.25,0.05,3066.3,51.4,9.76,0.288,0
16.45,28.67,38.98,82.21,11.98,51.75,1.78,-0.22,2734.1,31.5,8.39,0.381,0
46.66,85.35,107.61,256.3,56.13,71.73,3.68,1.64,3189.2,38.7,8.18,0.31,1
46.07,75.12,82.52,102.69,32.4,63.07,2.17,0.46,2290.7,36.0,6.34,0.477,0
8.22,73.32,116.14,289.12,6.36,76.77,4.21,0.16,2875.6,57.0,8.18,0.313,0
51.68,94.83,100.74,207.79,47.57,66.37,2.78,1.01,1745.7,28.3,5.74,0.544,1
43.23,98.55,119.69,300.76,54.23,63.9,3.05,0.64,775.0,24.3,2.87,0.749,1
11.4,15.97,29.21,33.22,10.33,44.92,2.03,-0.35,1434.4,28.8,8.41,0.398,0
16.53,34.94,42.62,47.2,21.22,57.06,2.46,0.21,2793.2,49.3,8.31,0.375,0
9.44,33.64,50.13,92.07,8.37,67.72,2.0,0.01,1349.0,34.9,7.63,0.547,0
31.8,47.71,65.94,172.54,25.43,73.93,2.66,0.68,2750.2,34.4,7.79,0.338,0
9.07,35.44,58.83,163.29,7.23,59.0,2.14,-0.14,1383.5,22.3,6.02,0.601,0
17.94,65.4,91.62,158.41,12.84,67.88,2.82,0.25,1857.9,39.5,9.28,0.459,0
23.59,51.59,92.13,159.71,20.96,69.26,2.52,0.17,956.7,24.7,3.46,0.621,0
15.54,37.88,63.09,97.18,19.28,36.53,2.03,-0.02,2836.1,46.5,8.3,0.35,0
5.78,50.72,99.77,116.95,5.24,62.74,2.68,-0.09,1929.1,32.6,5.75,0.474,0
56.91,119.75,132.86,224.32,51.72,72.79,4.02,1.42,3060.1,43.4,8.49,0.283,1
15.75,26.64,70.37,116.29,18.23,46.96,2.24,0.13,2176.7,44.7,5.69,0.422,0
18.35,31.52,51.07,101.15,23.21,61.7,2.22,0.14,684.7,25.7,2.9,0.709,0
4.24,10.86,15.12,36.37,3.68,39.79,1.78,-0.07,2279.4,43.1,6.41,0.512,0
9.52,21.8,32.16,130.77,8.57,59.85,1.98,0.02,1870.1,42.6,5.48,0.495,0
34.82,43.81,61.77,94.72,40.58,61.69,2.33,0.48,1255.6,27.2,4.29,0.758,0
33.82,62.89,88.46,154.24,37.4,54.65,2.26,0.23,2114.7,32.2,6.35,0.416,0
18.43,30.68,59.01,94.4,17.04,72.27,2.32,0.07,1718.5,35.4,6.7,0.501,0
10.78,26.91,50.18,68.83,13.87,33.15,1.7,-0.01,1538.3,31.5,6.62,0.477,0
1.43,3.77,5.68,12.99,1.41,37.22,1.67,-0.1,1222.9,21.0,3.74,0.713,0
8.98,21.05,28.25,55.33,10.24,53.36,1.82,-0.08,2120.1,32.3,6.34,0.54,0
5.99,10.21,20.98,53.34,7.77,29.82,1.6,-0.14,1266.6,31.8,8.72,0.405,0
10.68,16.59,40.05,77.46,9.45,47.51,1.74,-0.11,547.2,18.8,2.55,0.8,0
27.34,62.34,137.6,224.6,25.55,72.38,4.46,0.74,2259.7,46.0,6.39,0.497,1
24.7,52.29,61.06,74.97,19.23,58.12,2.32,0.04,1915.9,42.0,6.29,0.469,0
1.75,5.44,6.66,14.99,1.62,26.88,1.46,-0.18,1265.6,37.2,5.14,0.575,0
36.41,50.97,101.58,156.66,44.06,56.65,2.78,0.74,2901.4,48.4,8.76,0.273,0
27.34,37.83,44.69,83.04,21.3,49.23,1.8,0.17,1333.0,32.6,3.62,0.63,0
58.38,110.96,158.83,313.72,50.53,76.89,4.7,1.23,2224.1,34.4,6.73,0.571,1
12.74,20.9,25.55,31.18,13.7,59.08,2.03,-0.22,1030.9,29.3,7.1,0.599,0
6.52,59.92,125.04,230.71,6.01,65.78,3.13,-0.3,1392.7,35.8,4.13,0.688,0
4.09,12.28,24.05,32.58,4.82,53.86,1.91,-0.33,1869.2,32.5,6.98,0.405,0
79.05,125.01,234.66,432.83,84.1,69.34,5.44,1.91,2325.5,34.5,7.0,0.423,1
23.67,58.97,96.18,130.98,21.74,56.11,2.56,0.05,2499.3,45.3,6.9,0.431,0
51.53,103.47,204.82,225.0,44.08,78.29,5.01,0.89,1369.0,26.1,3.89,0.617,1
1.71,3.35,6.94,14.49,1.25,21.93,1.16,-0.47,891.1,16.4,2.53,0.718,0
9.02,43.87,90.75,220.89,11.67,81.15,3.9,0.13,2604.1,55.6,12.12,0.323,0
33.71,64.31,114.11,141.71,30.06,79.35,3.54,0.51,917.3,21.3,4.23,0.701,1
8.44,18.37,22.79,37.18,7.3,52.66,2.04,0.02,1113.1,34.7,4.56,0.565,0
46.1,55.78,64.52,135.11,45.91,60.41,2.01,0.59,1353.9,22.0,4.33,0.701,0
9.26,21.79,30.93,110.09,10.87,72.55,2.43,0.03,2349.7,43.5,8.86,0.35,0
8.89,55.9,74.12,203.01,10.77,58.55,2.32,-0.02,2338.8,36.5,7.14,0.354,0
10.6,15.26,19.24,39.94,11.59,48.04,1.34,-0.18,1532.9,30.7,5.72,0.479,0
45.23,87.02,153.11,285.25,33.8,60.97,3.43,0.33,1102.3,33.4,5.88,0.67,0
40.67,74.28,83.91,97.71,42.5,47.66,2.05,0.55,2879.5,50.5,8.45,0.324,0
10.1,11.26,15.94,25.33,10.04,45.76,1.87,-0.01,1154.5,29.6,3.1,0.709,0
27.93,37.46,114.8,182.36,20.78,51.95,2.62,-0.0,1267.3,26.8,3.48,0.615,0
64.29,82.39,138.38,200.93,72.63,48.17,2.96,0.92,3145.6,54.0,9.58,0.27,0
44.03,75.85,136.3,249.06,54.02,58.09,2.45,0.6,440.4,23.9,1.9,0.838,1
21.91,27.39,33.76,72.06,24.51,41.29,1.91,-0.24,661.1,27.3,2.77,0.805,0
28.56,35.78,81.11,136.62,29.54,77.64,2.81,0.28,726.6,19.6,3.03,0.75,0
58.14,79.0,145.17,183.51,49.73,76.28,3.35,0.83,699.7,19.2,3.9,0.777,1
24.17,27.07,29.81,36.67,18.15,23.63,1.83,-0.24,3044.0,44.2,9.96,0.162,0
6.88,32.55,61.22,120.32,8.44,56.03,2.65,0.09,2454.8,48.1,6.95,0.406,0
30.99,43.8,52.77,178.64,25.97,84.14,2.59,0.59,1123.1,27.9,5.16,0.606,1
54.26,68.51,96.6,117.07,62.98,70.89,2.99,1.94,2814.5,50.7,8.05,0.401,1
24.18,66.17,79.86,189.87,17.14,79.48,2.9,0.26,1121.8,29.5,3.2,0.697,1
7.24,28.37,43.61,112.93,7.32,47.11,1.55,-0.38,449.7,18.4,5.42,0.687,0
6.66,24.9,32.41,52.22,5.8,52.64,1.91,-0.13,818.9,16.5,3.47,0.744,0
18.05,39.69,66.92,123.33,16.1,51.53,1.98,-0.1,2043.8,43.4,5.8,0.54,0
29.57,85.25,168.82,220.96,34.22,68.29,3.55,0.45,915.8,17.9,2.54,0.692,0
1.3,2.3,3.89,6.25,0.95,21.09,1.63,-0.45,1133.4,25.6,3.69,0.679,0
14.21,23.01,54.7,169.51,12.97,79.62,2.4,0.09,977.3,22.0,2.85,0.714,0
76.39,104.07,185.11,221.97,75.67,60.83,3.9,1.71,2228.9,43.0,16.98,0.128,1
3.01,7.53,15.14,27.12,3.53,28.14,1.2,-0.42,2400.9,44.0,9.61,0.352,0
8.9,17.75,41.2,89.17,10.08,53.02,1.88,-0.02,3009.8,53.8,10.46,0.34,0
21.52,39.52,57.29,93.46,21.65,68.17,2.18,0.29,2277.2,34.0,8.13,0.371,0
20.29,29.73,31.83,53.87,17.12,33.22,1.82,-0.0,2092.4,38.5,9.65,0.349,0
0.76,2.43,5.27,14.49,0.74,27.13,1.36,-0.24,2481.0,37.8,7.01,0.397,0
18.36,35.06,80.07,151.24,13.38,61.73,2.45,-0.22,883.1,22.6,2.93,0.754,0
11.01,53.11,61.71,191.24,14.01,70.07,2.23,-0.05,1885.1,28.4,9.17,0.411,0
40.53,56.59,109.8,164.25,48.96,69.17,3.25,0.99,1206.4,27.6,3.38,0.622,1
9.41,29.93,43.83,78.15,11.94,66.76,2.13,-0.13,2161.9,43.6,5.71,0.453,0
7.43,15.13,21.1,44.04,6.93,51.76,1.68,0.02,1674.3,39.6,4.42,0.58,0
66.58,98.96,138.37,268.42,48.3,59.98,3.38,0.6,2132.2,36.8,8.93,0.354,1
12.9,19.99,60.04,189.62,15.76,61.39,2.19,0.25,2026.7,43.2,6.42,0.511,0
18.53,29.11,44.87,62.06,20.95,47.58,1.67,0.04,2652.3,50.2,10.3,0.238,0
9.93,14.23,32.44,42.22,11.74,33.46,1.73,-0.05,3174.0,56.3,9.56,0.288,0
2.29,10.18,11.27,17.61,2.31,30.44,1.3,-0.1,2767.6,36.5,8.54,0.324,0
10.75,18.27,35.98,64.41,11.95,45.93,1.73,-0.32,2370.7,36.9,6.38,0.388,0
2.83,4.63,37.17,89.25,2.52,68.13,2.19,-0.37,1294.5,23.5,3.74,0.628,0
3.63,7.83,12.27,15.23,3.11,17.42,1.31,-0.34,1851.4,45.0,5.93,0.526,0
36.0,47.34,77.91,120.51,34.14,67.64,2.21,0.49,531.7,16.3,2.52,0.757,0
10.57,19.68,28.33,43.03,10.95,44.33,1.72,-0.3,2265.8,43.2,6.36,0.431,0
45.35,69.56,130.98,221.75,46.84,68.99,3.77,0.96,1064.3,28.3,4.49,0.606,1
30.98,49.45,71.09,139.25,38.51,52.03,2.14,0.43,3082.3,42.9,8.61,0.238,0
35.34,46.96,101.65,133.12,28.99,54.89,2.85,0.21,1775.2,33.6,6.45,0.478,0
51.86,67.3,128.34,179.91,60.98,49.42,2.58,0.63,2027.5,36.1,5.8,0.512,0
15.5,19.12,27.14,42.56,15.35,38.94,1.53,-0.19,1705.9,30.4,5.14,0.698,0
28.14,71.64,89.93,146.35,20.28,64.33,2.68,0.15,1962.3,38.2,5.51,0.639,0
5.7,22.19,43.34,109.51,6.67,66.14,2.41,-0.22,2072.4,39.8,6.16,0.539,0
19.62,26.96,37.08,67.94,24.39,54.43,1.56,0.28,2246.3,31.8,7.25,0.486,0
77.84,99.47,201.62,241.46,71.95,89.29,5.11,2.01,569.7,19.4,2.33,0.743,1
10.75,16.36,18.65,41.78,10.72,27.73,1.33,-0.27,2983.1,48.3,7.9,0.38,0
7.87,15.25,32.07,66.91,5.64,49.08,1.83,-0.32,1861.4,30.0,5.42,0.535,0
67.22,113.0,139.63,228.4,69.87,60.54,3.0,1.15,2199.1,34.9,6.64,0.382,1
52.16,82.98,143.44,261.98,66.5,80.34,3.98,1.58,446.8,22.5,1.42,0.761,1
41.22,72.06,134.76,299.2,39.97,74.25,3.46,0.63,1083.0,24.3,4.1,0.655,1
8.91,22.72,64.35,142.1,9.5,50.62,1.9,-0.24,2880.6,51.6,8.05,0.352,0
11.97,21.76,47.03,78.05,10.36,46.56,1.9,-0.24,2887.0,48.6,11.26,0.248,0
21.09,42.01,66.82,109.58,25.49,40.96,1.84,0.17,1678.3,32.9,5.04,0.593,0
34.93,69.74,94.41,237.59,39.98,67.15,3.1,0.69,2623.1,42.3,10.26,0.254,1
13.33,57.56,182.0,396.09,12.54,77.11,5.05,0.14,1701.2,42.1,6.18,0.564,0
5.67,9.19,17.1,32.38,5.48,42.06,1.45,-0.2,738.1,21.8,4.56,0.682,0
5.36,7.38,11.91,23.58,5.58,42.2,1.73,-0.21,1915.7,36.7,6.12,0.457,0
23.13,33.35,53.04,75.46,20.37,59.37,2.51,0.13,2857.9,47.3,8.21,0.343,0
20.39,25.82,47.06,141.1,17.24,53.4,2.05,-0.13,412.4,14.5,2.24,0.826,0
29.78,45.32,56.39,100.98,38.47,43.02,1.95,0.36,2791.3,47.4,7.32,0.363,0
9.8,15.0,97.85,176.09,11.25,71.21,3.55,0.25,2622.7,44.9,7.13,0.471,0
9.19,18.31,46.6,163.76,11.39,47.55,1.88,-0.29,2150.5,41.1,6.22,0.507,0
18.14,34.41,67.52,106.86,14.56,47.98,2.09,-0.07,1502.7,24.8,5.47,0.577,0
0.57,0.92,2.58,5.6,0.71,41.34,1.36,-0.39,2291.3,35.7,8.41,0.34,0
52.88,57.91,107.72,241.8,43.33,65.16,2.76,0.52,860.5,26.5,3.11,0.795,1
32.37,67.36,165.37,294.46,39.68,66.84,2.39,0.13,400.2,2.4,2.88,0.724,1
19.34,46.46,100.47,169.69,24.12,74.62,3.77,0.41,1635.2,31.1,7.53,0.569,0
77.96,117.62,174.03,374.12,77.58,66.25,3.96,1.46,2282.5,32.3,11.35,0.294,1
10.11,30.63,40.42,58.45,10.85,58.44,1.82,0.0,1175.3,32.1,3.21,0.683,0
0.47,0.87,1.12,2.19,0.35,13.09,1.11,-0.27,3070.1,49.5,8.0,0.213,0
11.12,22.37,28.99,77.7,12.09,37.84,1.86,-0.17,701.2,22.7,2.25,0.726,0
21.72,29.58,35.26,83.2,19.6,43.06,1.9,-0.19,1340.9,30.8,6.62,0.435,0
66.24,109.06,166.82,260.24,66.01,57.45,3.48,0.78,1567.2,31.4,6.29,0.568,1
11.23,36.42,113.18,157.26,10.9,59.52,2.49,-0.03,1551.7,27.4,4.15,0.597,0
1.84,5.04,5.64,15.68,2.39,44.74,1.2,-0.15,2489.4,58.0,6.69,0.405,0
11.02,21.24,28.25,57.59,14.28,50.03,1.19,0.01,1013.8,20.8,6.4,0.503,0
5.28,24.18,48.89,75.47,5.35,60.45,2.05,-0.2,3127.1,55.7,9.23,0.293,0
5.99,17.17,29.41,45.98,5.32,29.04,1.25,-0.32,1870.7,41.3,5.02,0.459,0
14.54,63.62,86.0,221.61,11.59,80.41,3.08,-0.11,1338.2,28.7,4.69,0.571,0
15.02,26.59,81.65,169.71,16.43,69.67,3.19,0.29,3138.4,52.0,8.06,0.223,0
70.58,137.36,157.35,279.62,91.48,70.5,4.4,2.99,3087.1,49.0,8.6,0.313,1
6.38,8.18,13.72,26.75,7.78,33.19,1.46,-0.1,1942.5,38.8,6.41,0.48,0
0.06,0.07,0.22,0.56,0.06,13.74,1.77,-0.44,1818.8,33.9,8.1,0.436,0
59.34,71.97,106.74,127.13,73.79,52.25,2.32,0.7,1142.8,23.7,5.58,0.597,0
28.66,40.73,76.78,115.05,27.15,51.68,2.23,-0.02,1249.0,35.4,4.65,0.498,0
84.84,124.63,201.03,389.35,108.34,97.68,5.95,4.11,1134.9,19.6,3.25,0.673,1
26.12,31.97,66.04,113.96,19.04,46.28,1.77,-0.14,2580.1,43.0,6.68,0.398,0
3.01,7.2,33.65,84.94,2.51,64.45,1.73,-0.13,1770.0,28.5,5.45,0.527,0
37.36,58.81,103.77,145.44,27.18,57.2,2.4,0.05,1578.9,25.9,6.41,0.565,0
3.51,17.93,41.69,60.77,2.51,61.03,1.81,-0.17,1267.9,30.6,4.28,0.698,0
4.53,12.14,16.08,52.61,5.09,64.13,1.9,-0.38,1160.8,21.2,4.06,0.621,0
10.49,12.33,15.84,60.87,12.52,53.68,1.52,-0.21,1950.6,37.8,6.61,0.451,0
50.2,93.37,151.91,191.96,41.95,62.82,3.96,1.01,2600.3,48.0,8.62,0.277,0
16.54,71.15,136.1,221.96,19.02,58.33,2.73,-0.1,469.1,21.8,1.58,0.817,0
81.95,146.87,220.51,274.37,77.92,86.7,5.88,2.27,1052.2,23.9,5.13,0.692,1
25.58,36.22,67.58,134.56,20.5,74.16,2.43,0.18,759.5,19.3,3.33,0.699,0
29.84,60.62,79.31,155.87,21.74,81.46,2.59,0.48,522.2,19.5,2.26,0.748,0
30.17,32.25,39.05,99.52,30.48,71.5,2.64,0.53,1005.2,19.8,5.13,0.664,0
6.32,12.8,18.28,38.83,8.06,49.87,1.36,-0.14,1654.5,28.5,6.28,0.529,0
16.91,22.04,51.58,152.67,20.17,49.83,1.74,0.2,1958.1,33.3,5.76,0.494,0
22.73,28.08,36.74,61.22,20.98,58.34,1.79,0.29,1447.6,29.3,5.39,0.455,0
3.07,3.83,7.91,10.41,2.58,48.55,1.15,-0.45,683.2,24.3,3.31,0.699,0
41.97,51.4,108.39,187.74,37.68,70.15,2.2,0.27,600.2,16.2,3.26,0.673,0
29.25,49.77,131.79,203.71,28.18,55.78,3.18,0.14,2296.6,37.3,8.33,0.411,0
27.76,70.62,109.02,155.59,34.64,55.95,3.09,0.28,2076.3,39.6,5.4,0.542,0
6.19,6.99,13.26,24.98,4.73,41.84,1.6,-0.06,2498.9,45.9,8.7,0.348,0
7.5,23.47,38.81,70.12,5.68,45.53,2.3,-0.33,2819.4,37.5,11.8,0.278,0
29.04,71.44,96.13,226.58,35.76,59.42,2.77,0.51,1426.5,33.9,4.77,0.565,1
84.74,160.43,193.49,304.18,90.29,85.75,6.72,4.03,2709.9,46.1,7.4,0.461,1
44.67,77.23,173.66,218.11,46.11,63.79,3.8,0.82,2253.5,34.0,7.67,0.399,1
4.44,9.28,19.81,27.86,5.03,34.97,1.55,-0.1,2171.9,34.8,5.63,0.392,0
9.4,40.17,62.07,113.05,11.1,62.93,2.71,-0.06,2777.5,57.1,9.61,0.234,0
4.59,6.61,8.53,19.09,3.44,25.48,1.33,-0.26,2770.8,41.8,7.39,0.38,0
19.15,32.74,87.92,144.68,20.39,59.47,2.03,0.26,1032.3,23.2,2.88,0.758,0
44.61,63.26,107.77,171.24,39.54,73.33,3.66,1.15,1777.7,43.5,4.84,0.554,0
2.98,6.14,9.95,17.01,2.4,24.61,1.25,-0.12,1443.4,30.5,8.39,0.4,0
10.32,16.08,21.48,27.43,8.92,43.05,1.6,-0.35,1934.2,28.9,5.12,0.459,0
3.34,3.75,4.49,6.15,3.05,34.61,1.3,-0.46,1145.5,30.6,3.1,0.68,0
7.16,20.68,26.58,74.46,6.01,39.81,1.69,-0.05,2493.1,41.6,9.12,0.361,0
21.45,44.07,99.46,170.51,16.07,61.55,3.16,0.3,2023.5,41.5,8.31,0.447,0
76.08,98.68,195.56,386.28,84.6,88.69,5.28,2.78,414.4,23.7,2.92,0.809,1
26.64,45.72,80.52,113.35,24.49,67.01,2.51,0.36,1258.0,25.5,6.49,0.54,0
27.82,47.75,56.5,153.29,28.33,47.18,2.16,0.19,2748.6,41.8,8.78,0.365,0
13.86,23.02,37.52,53.35,13.48,64.05,2.05,-0.15,1677.3,26.5,4.84,0.641,0
35.12,41.92,81.63,121.08,31.22,63.08,2.45,0.2,1097.8,20.0,3.54,0.733,0
6.15,25.35,51.37,70.55,6.36,66.45,2.09,-0.05,1330.3,39.6,9.21,0.47,0
9.42,12.92,15.36,29.82,7.95,53.13,1.84,0.01,673.2,30.1,4.76,0.672,0
16.24,56.88,64.22,171.17,19.41,67.83,2.52,0.21,2562.7,41.7,7.19,0.428,0
17.92,31.52,59.96,91.89,16.28,62.01,2.41,0.03,2569.0,41.9,7.83,0.475,0
51.31,112.23,170.58,249.79,51.7,64.71,4.25,1.07,2093.4,38.3,6.19,0.429,1
16.27,20.67,43.21,66.94,20.19,38.33,1.59,-0.07,784.3,25.6,2.63,0.766,0
28.77,52.31,83.32,92.08,31.08,38.51,2.05,-0.01,2245.7,48.4,8.8,0.418,0
13.91,38.6,45.78,138.65,13.31,63.66,2.04,-0.02,2877.2,38.5,9.55,0.287,0
10.78,29.78,52.94,85.24,7.81,45.28,1.67,-0.17,2477.6,45.7,6.77,0.488,0
57.37,70.97,129.84,149.72,61.67,75.05,4.58,2.3,3059.2,53.8,8.27,0.326,1
30.58,36.39,59.82,145.88,30.06,79.67,2.98,0.85,1551.5,36.7,5.43,0.511,0
0.89,6.23,9.71,14.72,0.86,54.01,1.49,-0.17,954.9,23.4,4.28,0.681,0
3.43,13.44,27.87,65.2,3.44,56.08,1.75,-0.07,450.3,14.2,4.79,0.724,0
39.51,52.08,76.73,113.36,32.26,49.94,1.91,-0.07,603.5,22.2,2.0,0.783,0
4.84,10.89,45.04,66.5,5.28,51.93,1.56,-0.22,892.6,27.4,2.71,0.765,0
10.87,21.43,35.84,102.61,10.71,64.7,1.89,-0.15,784.5,24.2,2.73,0.732,0
0.92,3.73,4.17,12.28,0.86,48.12,1.13,-0.32,3137.0,45.5,8.67,0.341,0
39.64,48.74,108.91,182.38,38.78,70.4,2.96,0.64,1114.8,25.0,3.62,0.738,0
2.04,11.23,18.28,21.4,2.02,36.45,1.76,-0.3,1766.1,43.9,8.0,0.425,0
17.22,80.27,116.39,189.06,19.5,54.71,2.89,0.18,1094.1,24.7,5.85,0.557,0
2.51,15.61,27.39,66.61,2.03,57.83,1.48,-0.31,440.0,19.2,1.9,0.81,0
12.43,16.8,21.85,42.74,11.75,27.81,1.78,-0.07,3176.7,46.2,8.76,0.274,0
31.37,67.18,94.09,127.25,40.15,75.08,3.27,1.28,2445.5,46.5,11.24,0.258,0
11.61,81.61,140.1,246.81,11.27,66.44,3.62,-0.18,1359.1,31.3,6.05,0.603,1
17.35,19.5,40.49,52.25,21.79,44.95,1.44,0.06,1062.9,25.3,2.97,0.614,0
86.54,96.75,135.0,315.41,96.68,75.66,4.05,2.71,1377.6,28.6,3.84,0.597,1
51.06,81.27,126.84,154.08,59.08,53.29,2.79,0.77,1868.9,35.9,8.05,0.462,0
10.17,14.86,20.08,53.22,11.1,44.57,1.7,-0.15,1962.9,29.8,8.43,0.523,0
4.42,7.94,17.41,26.27,5.31,56.71,1.58,-0.04,760.4,23.2,2.54,0.7,0
65.16,101.02,109.35,257.52,57.36,79.67,3.56,1.6,1521.6,29.9,8.13,0.502,1
8.83,10.87,20.77,52.96,11.31,57.81,1.9,-0.29,947.9,25.5,3.31,0.706,0
26.85,37.06,51.33,172.29,18.86,73.45,2.41,0.44,2891.3,44.7,9.26,0.356,0
15.28,28.62,33.56,47.02,18.04,32.22,1.08,-0.07,1037.2,20.8,7.81,0.638,0
3.77,33.5,78.34,153.41,4.02,56.67,1.95,-0.3,619.5,19.9,1.82,0.729,0
41.64,59.67,67.89,189.52,34.1,84.89,2.85,0.87,726.9,24.7,2.68,0.79,1
12.23,16.03,26.08,59.21,13.79,62.06,1.73,0.19,2107.5,32.4,5.65,0.495,0
22.45,26.1,43.41,123.31,18.39,52.95,1.98,-0.16,1403.0,35.0,4.42,0.564,0
3.28,5.42,11.1,27.78,4.14,36.44,1.39,-0.07,2309.8,49.3,7.48,0.385,0
7.94,15.25,17.36,31.43,9.21,29.16,1.47,-0.44,2334.6,42.5,8.32,0.328,0
13.75,36.75,72.85,123.0,10.29,72.65,2.84,-0.15,876.7,29.5,3.66,0.751,0
2.55,5.35,23.76,27.71,2.07,50.9,1.71,-0.35,3125.2,48.3,11.07,0.155,0
39.13,54.42,80.43,204.44,38.32,65.48,2.57,0.63,695.3,30.9,4.18,0.778,0
5.3,24.69,40.78,127.98,4.84,71.46,2.46,-0.04,574.8,33.0,5.02,0.601,0
13.36,28.42,54.08,103.81,13.5,50.74,1.91,0.0,1759.3,31.5,4.78,0.529,0
22.75,60.48,68.59,167.97,25.08,71.93,3.06,0.74,3073.0,56.7,10.73,0.232,0
32.74,58.99,75.52,128.88,38.39,49.26,2.14,0.16,3010.0,40.5,8.0,0.345,0
27.1,43.97,74.67,86.28,28.79,59.91,2.57,0.26,1017.2,26.5,5.09,0.67,0
29.43,41.26,80.9,159.4,35.73,60.31,2.85,0.32,1790.7,34.6,4.91,0.602,0
4.32,8.37,10.25,15.6,5.47,39.97,1.45,-0.23,1545.8,33.7,5.05,0.641,0
23.74,29.25,101.38,243.43,29.31,76.39,2.96,0.69,986.6,23.1,3.59,0.735,0
60.67,102.5,153.56,231.37,59.11,74.55,4.79,2.29,3173.9,55.0,13.49,0.109,1
23.39,27.71,44.65,77.39,19.23,58.02,1.45,0.07,989.1,21.5,7.72,0.614,0
4.98,16.33,61.39,102.74,4.85,71.48,2.39,0.0,2544.6,43.7,6.84,0.487,0
3.87,6.47,12.1,45.55,3.44,51.35,1.62,-0.43,2443.5,49.9,6.4,0.493,0
12.07,17.34,31.2,59.92,9.56,55.62,1.58,-0.31,2592.0,35.5,8.96,0.259,0
50.71,59.82,98.58,174.99,62.0,69.78,3.46,2.07,3157.4,54.5,8.58,0.274,1
4.37,15.88,35.54,88.62,3.3,65.8,2.0,-0.34,3129.1,41.9,11.54,0.188,0
17.17,39.44,62.88,118.62,17.38,62.4,2.56,0.2,1569.0,32.6,6.35,0.51,0
9.42,18.69,27.98,65.34,10.5,39.5,1.55,-0.03,2317.5,35.7,9.61,0.375,0
14.07,48.7,55.43,152.71,13.07,49.7,1.91,-0.05,851.9,18.4,3.12,0.67,0
21.33,41.14,88.05,132.42,21.41,61.15,2.31,-0.07,1450.5,24.9,3.89,0.604,0
42.83,82.89,132.94,295.36,43.96,76.0,4.27,1.23,847.1,30.4,3.28,0.65,1
26.69,51.92,80.27,91.01,33.96,60.74,2.21,0.35,729.7,17.4,3.92,0.693,0
10.12,13.46,29.18,54.68,8.92,50.65,1.67,-0.2,1916.3,33.8,7.23,0.36,0
25.23,42.15,50.39,63.25,24.45,57.5,2.28,0.12,1618.7,35.3,4.82,0.59,0
3.6,29.22,65.77,117.08,3.28,60.47,2.39,-0.33,1215.4,27.9,3.75,0.689,0
63.12,107.87,121.3,137.19,80.3,71.57,3.01,1.47,844.8,16.8,3.93,0.722,1
20.76,57.88,91.94,203.3,19.07,62.5,3.02,0.09,2910.8,42.5,9.5,0.307,0
15.68,41.88,79.41,140.35,16.18,67.85,2.64,0.09,892.8,28.7,4.03,0.671,0
25.37,42.53,61.83,130.81,20.68,61.96,2.06,0.24,1905.5,33.6,7.56,0.395,0
37.8,67.07,96.55,118.76,29.93,71.57,2.99,0.27,1053.0,19.4,3.85,0.724,0
16.85,61.38,142.18,304.35,13.6,61.14,3.38,0.03,2603.3,40.0,6.83,0.334,0
19.65,74.43,99.8,193.73,15.04,79.29,3.47,0.19,642.9,35.9,1.83,0.766,1
4.31,5.93,35.1,53.15,4.23,51.67,2.06,-0.21,2535.2,44.5,10.35,0.34,0
64.2,112.83,153.12,179.73,83.16,74.56,4.0,2.46,1435.3,35.5,3.8,0.629,1
24.36,41.03,55.23,109.65,23.31,52.71,2.54,0.03,2687.4,47.3,9.27,0.296,0
2.43,14.76,36.93,51.1,2.64,36.66,1.47,-0.42,1869.1,47.9,5.86,0.539,0
39.56,43.5,111.68,124.16,46.76,62.21,3.25,0.85,1584.8,38.3,8.84,0.491,0
7.71,30.61,50.03,121.27,7.72,70.21,2.29,-0.23,1116.4,32.5,5.21,0.593,0
2.67,7.47,14.53,17.24,2.83,37.09,1.39,-0.21,1087.7,27.2,7.24,0.524,0
20.17,43.7,72.29,102.44,23.57,54.11,2.42,0.25,2952.6,43.8,18.0,0.093,0
55.82,101.7,159.94,289.92,48.04,88.68,5.92,2.01,3199.9,40.8,9.56,0.319,1
5.01,13.45,20.76,27.98,6.13,25.92,1.67,-0.42,2707.1,46.9,8.89,0.42,0
44.34,69.68,115.09,150.39,32.05,67.02,3.12,0.68,3000.4,43.9,8.78,0.309,1
40.26,61.75,99.32,163.64,38.13,66.04,2.96,0.57,624.5,18.4,2.74,0.744,1
9.41,17.97,31.48,52.83,11.75,49.16,1.88,-0.12,2655.8,43.1,7.01,0.467,0
24.54,44.7,80.22,99.47,26.23,59.68,2.74,0.41,1877.3,39.1,7.45,0.588,0
17.65,19.75,34.45,77.7,15.22,62.89,1.91,0.11,2970.0,52.0,13.29,0.22,0
22.44,31.26,41.59,66.46,18.38,38.89,1.99,-0.05,2553.8,46.6,9.22,0.362,0
22.1,38.17,72.19,114.18,18.51,69.54,2.43,0.14,2717.5,37.8,7.63,0.378,0
13.44,26.47,45.71,51.07,9.6,46.98,1.48,-0.32,686.9,25.0,2.13,0.836,0
4.02,10.1,12.85,24.76,3.26,41.56,1.74,-0.29,569.8,25.3,1.98,0.782,0
17.38,30.92,54.92,69.18,16.59,64.41,2.42,-0.11,848.6,29.8,2.93,0.785,0
36.07,55.97,123.43,166.82,39.41,65.42,2.68,0.57,649.3,19.5,2.02,0.75,1
7.68,11.6,19.75,27.8,5.54,47.52,1.46,-0.22,981.1,23.2,4.12,0.769,0
26.59,30.44,58.94,99.8,30.46,64.47,2.15,0.21,449.0,22.5,7.99,0.513,0
16.73,18.65,45.01,50.76,21.07,48.98,1.81,-0.2,415.7,26.6,1.27,0.74,0
23.84,58.15,77.58,166.05,24.59,55.57,2.25,-0.03,1040.4,21.7,3.66,0.619,0
28.97,53.65,81.75,115.62,24.73,48.12,2.15,0.03,1187.6,24.3,4.05,0.565,0
2.93,8.4,21.43,44.34,2.95,29.69,1.46,-0.44,2770.4,53.7,7.31,0.319,0
45.48,73.22,139.53,159.68,39.62,49.77,2.8,0.43,973.9,27.4,4.68,0.695,1
11.13,16.35,60.72,106.69,8.46,52.82,2.04,-0.28,2044.5,38.6,5.39,0.574,0
31.85,92.08,149.93,183.55,35.44,69.75,3.25,0.62,593.2,22.9,1.85,0.763,1
26.02,57.88,84.67,139.26,24.14,54.03,2.68,0.14,2856.8,51.2,7.46,0.387,0
11.79,27.45,48.19,96.07,14.67,50.41,1.96,-0.21,1266.0,33.6,5.07,0.625,0
3.09,9.35,20.79,41.01,3.87,52.85,1.87,-0.17,3156.8,53.9,8.49,0.347,0
26.4,59.42,80.18,113.22,26.79,78.26,2.82,0.4,495.5,19.1,8.45,0.532,0
29.92,77.84,107.34,189.43,32.78,74.38,3.36,0.66,1721.4,35.1,4.56,0.636,1
6.3,10.41,22.52,36.85,7.63,52.3,1.74,0.04,3163.9,57.7,8.33,0.271,0
51.58,76.53,118.53,217.46,45.91,63.2,3.41,1.12,3031.9,44.8,9.88,0.247,1
23.37,43.63,74.16,91.18,17.29,45.67,2.0,-0.14,1674.2,33.2,5.24,0.617,0
42.58,66.75,80.43,170.42,50.54,78.68,3.06,1.56,1380.4,34.4,4.12,0.639,1
15.92,50.62,96.55,143.7,14.14,67.71,3.63,0.06,2835.2,50.4,8.61,0.311,0
10.06,18.89,51.21,78.75,11.39,65.49,2.12,0.14,1477.4,33.5,5.16,0.541,0
19.9,53.16,79.52,103.07,19.02,60.78,2.4,0.17,2675.8,39.7,8.61,0.382,0
1.19,1.77,2.24,5.2,1.07,45.83,1.78,-0.19,485.7,30.5,5.34,0.775,0
10.16,21.24,37.3,45.16,7.28,59.42,2.18,-0.33,1793.0,32.2,5.35,0.556,0
11.08,28.5,37.09,94.92,12.86,59.65,2.12,0.14,3043.1,48.6,9.57,0.381,0
6.9,12.61,19.2,80.01,7.68,43.74,1.58,-0.09,1180.7,27.3,3.44,0.707,0
25.46,37.39,45.85,99.41,26.2,61.3,2.07,0.27,2854.9,47.1,8.47,0.328,0
22.7,42.14,51.99,147.48,27.78,69.12,2.44,0.32,698.3,19.7,1.99,0.842,0
68.52,76.15,147.01,370.85,63.19,93.95,4.77,2.17,1594.9,24.6,6.07,0.485,1
12.66,22.23,28.38,32.53,14.55,47.75,2.03,-0.1,3084.3,49.2,11.99,0.102,0
33.69,62.95,115.02,141.89,34.8,47.93,2.1,0.12,616.5,20.6,6.95,0.628,0
25.89,60.31,90.26,154.77,30.59,50.46,2.48,0.37,2542.9,39.2,7.5,0.435,0
7.9,13.38,32.2,65.33,9.87,47.1,1.95,-0.0,852.5,20.9,2.57,0.685,0
17.48,27.28,91.4,225.37,17.61,65.64,2.15,0.16,749.1,14.8,6.11,0.659,1
45.87,91.25,110.8,217.01,32.59,64.73,2.92,0.5,689.3,21.1,3.74,0.804,0
4.41,9.26,13.77,27.81,5.02,23.77,1.83,-0.2,2004.8,34.0,9.63,0.429,0
17.02,50.52,102.89,137.46,15.96,52.59,2.06,-0.14,1113.2,23.5,3.42,0.62,0
4.63,8.45,9.2,19.68,4.3,50.99,1.5,-0.24,958.4,34.2,2.73,0.654,0
28.6,54.59,84.4,130.16,26.73,47.91,2.38,-0.07,2395.8,41.3,6.76,0.46,0
6.52,30.23,57.43,103.7,4.76,53.76,1.93,-0.08,1223.6,28.3,6.0,0.537,0
4.09,7.21,9.05,17.74,3.72,21.06,1.36,-0.36,1676.9,37.5,4.5,0.459,0
54.27,76.85,150.98,228.54,59.52,72.34,3.7,1.36,871.3,25.5,6.54,0.651,1
6.61,32.64,92.65,230.06,8.24,82.94,3.94,0.03,3110.3,55.7,9.3,0.251,0
34.8,41.6,49.21,100.69,27.76,45.75,1.74,0.2,2726.9,43.1,8.97,0.324,0
1.91,3.23,4.84,6.62,2.3,19.32,1.54,-0.43,2761.8,40.9,7.36,0.329,0
16.63,21.02,34.61,98.37,12.39,61.29,1.7,-0.06,2389.0,38.4,6.88,0.437,0
4.99,17.49,32.48,47.19,6.42,31.45,1.58,-0.32,1645.4,31.0,4.75,0.572,0
3.76,18.23,29.55,61.1,3.76,44.65,1.63,-0.26,1023.7,31.3,4.7,0.629,0
8.52,21.55,26.72,64.65,10.21,63.93,1.73,-0.23,849.9,21.3,2.54,0.73,0
15.35,19.46,24.44,61.52,18.04,64.71,2.09,0.23,2273.2,37.1,6.26,0.426,0
5.21,9.69,16.61,21.36,6.17,36.14,1.41,-0.37,2170.6,46.2,5.88,0.559,0
33.48,47.68,88.19,149.6,32.93,49.64,2.0,0.02,1132.5,24.3,3.71,0.655,1
8.63,19.0,40.03,78.59,8.93,51.9,1.67,-0.1,1152.4,22.5,7.06,0.524,0
0.45,1.76,3.04,4.56,0.53,46.23,1.68,-0.1,1300.4,34.5,5.6,0.567,0
16.02,23.45,35.76,43.62,19.65,37.26,1.92,-0.09,1490.7,33.9,4.23,0.625,0
32.68,40.74,84.66,136.88,26.96,75.67,2.88,0.56,1867.8,35.7,7.22,0.519,0
22.59,31.78,54.83,79.62,28.96,56.11,2.14,0.32,1719.0,28.3,5.17,0.431,0
12.93,28.96,45.89,59.1,12.74,55.77,2.2,0.18,2882.9,48.5,8.75,0.358,0
59.19,80.41,152.52,264.02,45.15,84.05,5.42,1.61,3159.5,42.7,8.73,0.31,1
19.68,44.25,59.03,102.16,23.07,58.07,2.51,0.18,2635.5,42.8,7.14,0.404,0
71.19,88.21,116.99,196.51,92.48,76.45,3.79,2.23,868.9,25.4,2.85,0.616,1
19.05,52.98,60.44,69.44,19.5,46.85,1.52,-0.12,1239.2,18.6,3.4,0.643,0
21.16,54.77,100.71,167.42,20.16,70.19,2.74,0.24,560.2,18.8,3.2,0.761,0
47.87,89.83,98.02,187.96,39.34,73.7,2.69,0.61,486.1,21.7,3.98,0.654,1
5.11,7.02,12.25,21.22,5.85,27.94,1.35,-0.41,1729.1,30.0,4.73,0.541,0
34.08,54.72,103.62,192.99,37.84,50.79,2.52,0.29,2978.0,42.2,8.81,0.319,0
8.99,11.92,14.26,26.3,8.38,29.09,1.93,-0.23,2536.2,45.3,6.57,0.485,0
12.21,35.46,64.07,82.92,11.22,58.15,2.44,-0.01,2973.6,43.9,7.84,0.307,0
42.21,61.17,119.28,227.42,35.28,67.73,3.55,0.7,1484.4,32.9,4.11,0.62,1
6.1,38.44,81.85,161.84,6.9,61.71,2.66,-0.3,2623.7,38.0,8.69,0.385,0
2.98,7.48,16.85,42.58,2.49,30.66,1.66,-0.44,1425.1,25.1,3.82,0.647,0
26.41,54.02,86.96,135.03,30.35,60.24,2.28,0.17,1534.9,27.5,4.75,0.613,0
14.2,16.14,24.3,41.35,12.71,46.11,1.68,-0.2,2213.9,45.8,6.35,0.487,0
17.26,51.21,80.52,102.28,12.57,64.21,2.39,-0.11,1658.5,36.1,7.48,0.527,0
15.31,24.64,34.82,56.39,10.72,42.34,1.5,-0.04,685.2,20.5,2.38,0.737,0
49.24,73.67,99.56,202.33,61.9,83.84,3.29,1.79,1695.0,29.4,4.46,0.57,1
21.12,36.16,83.16,173.83,22.74,63.67,2.95,0.37,1220.2,28.9,5.57,0.565,0
17.55,26.63,82.6,97.17,13.58,66.78,2.52,0.06,1928.1,31.8,5.34,0.486,0
31.27,63.64,91.8,103.36,23.48,60.27,2.67,0.15,2314.4,41.5,8.1,0.403,0
75.79,89.18,164.71,233.59,66.48,67.37,4.05,1.71,2582.3,37.9,7.89,0.418,1
13.62,98.89,216.17,368.84,12.83,78.49,5.3,0.17,1878.4,31.0,6.31,0.561,0
22.12,38.21,67.55,100.32,24.43,50.51,1.78,0.21,712.0,25.5,2.15,0.826,0
19.77,36.46,77.1,102.89,15.45,49.53,2.09,0.02,1791.4,41.7,7.47,0.483,0
11.34,24.2,32.92,53.41,11.48,55.78,2.15,-0.13,1007.7,26.7,3.94,0.692,0
4.37,14.76,64.54,110.98,4.98,66.54,2.24,-0.07,2347.3,41.0,6.17,0.371,0
69.54,137.62,174.22,297.18,66.96,61.26,3.89,1.34,2769.1,39.5,9.54,0.31,1
30.39,43.27,56.88,149.71,36.09,75.15,2.79,1.07,3080.6,50.5,9.84,0.156,1
42.38,67.98,92.32,135.56,36.71,69.91,2.81,0.8,1275.6,31.8,3.72,0.634,0
18.04,27.46,48.9,88.65,19.44,64.9,2.25,0.02,946.4,24.5,5.28,0.657,0
0.84,2.48,3.18,10.86,0.64,17.17,1.57,-0.16,3100.0,48.4,9.58,0.223,0
11.65,24.67,44.65,83.61,10.12,67.6,1.66,0.0,645.2,20.9,2.31,0.782,0
32.76,39.67,94.13,146.62,24.59,62.42,3.08,0.35,3143.4,48.8,9.24,0.271,0
2.53,8.89,13.28,27.31,2.85,43.43,1.79,-0.31,858.1,23.7,3.01,0.742,0
11.08,25.68,76.41,85.77,12.59,63.9,2.11,-0.25,521.6,13.2,1.95,0.788,0
19.62,44.17,47.8,131.96,14.6,68.3,2.64,0.29,1959.3,37.2,5.46,0.604,0
19.56,52.33,74.99,130.37,24.31,49.2,2.18,-0.01,909.1,26.1,4.02,0.704,0
79.33,100.17,117.77,170.54,67.93,73.8,4.15,2.13,2519.6,48.0,6.67,0.354,1
25.83,59.22,149.46,314.82,25.2,61.52,3.79,0.33,2984.0,45.9,10.89,0.202,0
3.06,7.69,13.5,16.67,2.3,29.9,1.61,-0.42,2434.1,35.4,9.76,0.251,0
52.4,80.44,143.71,270.83,67.09,88.55,5.29,2.99,1466.7,40.9,4.03,0.699,1
51.87,73.85,101.59,229.3,60.79,69.92,3.46,1.56,2931.8,41.0,13.24,0.07,1
8.94,21.2,33.35,66.29,7.8,56.17,2.18,-0.24,3181.4,39.8,9.42,0.289,0
65.3,111.85,190.86,344.75,58.92,87.34,4.81,1.61,841.9,22.4,4.91,0.64,1
48.91,72.82,96.43,137.48,60.41,52.92,2.16,0.85,765.3,28.7,3.46,0.704,0
14.4,19.1,92.04,184.51,15.43,56.36,2.8,-0.11,2932.1,53.4,8.34,0.343,0
4.33,10.15,19.58,31.68,4.45,38.35,1.81,-0.35,667.9,17.8,2.12,0.747,0
10.89,16.19,23.32,43.59,10.77,49.11,1.75,-0.03,1828.5,38.7,5.13,0.512,0
55.83,69.08,155.14,183.35,49.98,71.06,3.66,1.17,1022.4,26.6,4.49,0.655,1
33.34,80.27,110.79,185.06,32.79,64.95,3.49,0.67,1746.7,36.4,6.09,0.548,0
8.33,33.25,82.74,159.86,9.57,72.22,3.31,0.22,2602.0,45.5,10.14,0.401,0
42.25,69.56,121.36,147.05,48.01,76.41,2.97,0.74,415.3,17.8,2.81,0.83,0
34.08,40.29,69.63,95.28,36.87,43.99,1.98,0.17,1278.2,24.6,8.67,0.497,0
6.49,10.63,13.16,23.53,5.78,35.15,1.47,-0.12,1434.6,30.5,4.07,0.649,0
3.83,14.06,45.18,61.19,3.18,41.5,1.34,-0.1,676.6,18.8,3.25,0.758,0
12.43,13.94,27.09,33.51,14.27,54.76,1.65,-0.17,1208.9,27.8,4.06,0.703,0
8.79,15.83,22.81,31.33,10.12,36.22,1.71,-0.19,3038.5,49.0,8.08,0.273,0
31.78,71.98,118.64,217.68,32.05,67.61,3.57,0.72,2388.7,47.0,8.45,0.36,1
39.9,73.99,157.5,283.45,42.17,74.75,4.1,0.9,1761.5,30.6,7.09,0.405,1
39.48,45.46,64.24,88.54,29.63,58.09,2.42,0.26,3193.8,47.9,8.36,0.27,0
21.61,33.3,73.84,137.38,24.43,71.57,2.99,0.41,2411.1,39.2,6.41,0.384,0
20.87,56.34,145.14,239.48,16.59,78.7,4.05,0.37,1035.4,27.8,4.89,0.612,1
31.96,71.87,151.31,230.3,31.32,79.43,4.53,0.9,1617.2,36.6,5.71,0.595,1
74.53,122.28,151.6,319.67,92.33,81.64,4.47,3.0,1406.1,30.0,4.78,0.622,1
57.36,106.43,170.44,343.41,48.5,89.27,5.17,1.51,746.0,23.0,2.55,0.8,1
21.42,32.42,67.48,145.31,16.9,70.63,2.33,0.12,1231.9,26.0,3.98,0.642,0
19.65,43.49,70.81,130.19,17.21,64.57,2.16,-0.02,1958.4,38.3,9.65,0.397,0
49.02,54.99,103.77,117.46,49.02,48.91,2.31,0.49,2539.9,40.0,6.57,0.475,0
13.97,47.05,63.42,147.42,14.01,55.34,2.12,-0.11,485.2,23.6,2.73,0.744,0
47.67,57.0,100.08,143.95,55.33,64.52,2.67,0.93,1244.4,26.0,9.29,0.509,1
8.81,21.42,33.69,56.13,9.78,40.24,1.97,-0.08,1833.8,34.5,5.25,0.542,0
42.99,52.71,131.54,184.69,44.23,71.51,3.58,0.86,1095.4,28.9,4.46,0.654,1
37.71,95.46,163.77,273.71,44.46,68.51,3.85,0.79,993.3,24.9,4.68,0.679,1
1.0,3.91,9.74,17.53,1.18,28.71,1.7,-0.18,2073.0,39.3,5.62,0.451,0
18.91,21.37,32.77,56.78,15.47,41.4,1.76,-0.27,1349.1,31.5,5.95,0.559,0
7.15,11.71,24.27,42.91,7.48,38.87,1.83,-0.15,1643.8,35.7,6.15,0.473,0
25.43,66.22,90.99,198.57,20.08,86.29,3.17,0.52,882.2,22.7,5.72,0.673,0
14.5,41.83,67.44,147.07,14.09,47.98,2.16,0.02,1184.3,24.0,4.18,0.554,0
7.0,15.26,18.52,42.24,4.93,35.34,1.59,-0.06,1488.2,39.3,5.45,0.491,0
6.9,10.08,13.79,16.67,5.83,45.7,2.05,-0.17,2663.1,46.8,9.78,0.304,0
23.8,39.71,65.28,79.14,29.77,42.87,1.73,0.17,1546.0,29.7,7.61,0.512,0
9.36,11.06,13.64,36.73,9.83,27.27,1.53,-0.08,2851.7,43.2,12.03,0.303,0
40.15,52.32,63.7,156.48,42.33,60.46,2.52,0.6,1841.4,41.3,9.18,0.384,0
13.96,28.8,63.34,165.66,11.87,64.46,2.85,0.2,2809.6,52.3,9.4,0.261,0
39.67,54.16,87.8,213.0,35.98,65.82,2.73,0.81,2077.0,42.1,9.14,0.393,0
14.82,33.73,43.93,63.97,16.22,40.38,1.71,-0.05,1930.9,34.8,5.19,0.502,0
24.12,43.11,65.78,77.44,22.64,67.38,2.37,0.39,1913.6,32.8,6.75,0.456,0
5.49,6.42,20.03,49.75,6.31,24.9,1.43,-0.22,2666.1,51.9,8.26,0.425,0
16.42,31.65,50.7,114.39,13.69,72.05,2.39,0.03,2632.7,52.7,7.97,0.439,0
13.24,44.73,94.95,138.12,14.55,65.42,2.64,-0.0,1427.7,24.4,5.08,0.606,0
12.88,15.09,40.21,60.54,12.87,39.51,1.8,-0.25,1934.8,33.5,5.71,0.549,0
12.7,39.25,70.01,169.49,15.11,47.67,1.88,0.09,1491.2,38.5,5.48,0.576,0
32.19,50.13,92.44,140.58,39.3,61.8,2.42,0.37,1316.9,28.2,3.78,0.575,0
8.23,23.38,27.81,76.61,6.01,44.59,1.48,-0.14,1695.9,32.5,5.49,0.583,0
11.11,25.97,37.56,84.37,9.54,65.84,1.65,-0.21,2273.7,32.4,6.07,0.44,0
12.49,16.39,41.61,126.44,8.76,65.87,1.94,-0.28,1446.9,31.8,5.55,0.47,0
28.48,47.05,91.73,113.8,31.94,59.91,3.03,0.59,3134.6,45.7,8.08,0.283,0
22.09,51.77,61.97,113.85,26.48,43.74,1.73,-0.07,3026.8,47.7,8.9,0.236,0
35.0,68.03,126.33,234.87,34.18,70.94,2.83,0.43,1345.7,24.0,4.54,0.564,1
4.58,9.66,33.77,64.22,3.88,29.67,1.7,-0.34,2938.6,48.4,9.4,0.245,0
21.53,64.44,90.91,228.53,26.8,58.03,2.33,0.22,2005.3,27.6,6.86,0.458,0
2.84,4.41,7.3,8.9,3.5,23.07,1.24,-0.36,2839.4,46.3,7.36,0.318,0
5.99,13.19,15.43,19.98,4.39,54.27,1.3,-0.27,768.2,30.3,5.2,0.701,0
8.69,23.14,37.03,56.91,6.11,62.21,2.4,-0.24,2196.2,35.6,9.84,0.343,0
44.9,87.63,121.57,254.1,55.97,66.42,2.89,1.11,2091.4,35.5,7.3,0.505,1
9.12,23.7,32.04,59.5,6.99,44.79,1.69,-0.22,1891.7,25.2,5.16,0.542,0
64.9,83.24,157.89,303.58,52.6,87.01,3.73,0.78,903.9,11.0,2.99,0.854,1
33.69,64.99,77.99,125.22,29.15,39.07,1.94,0.2,2776.5,57.2,10.64,0.295,0
44.08,96.41,162.63,252.96,31.64,81.02,5.06,0.65,750.3,27.9,3.13,0.748,1
17.57,62.61,81.78,199.16,22.36,60.56,2.6,0.27,609.7,24.6,2.11,0.736,0
24.82,28.96,53.31,76.35,29.86,52.94,1.85,0.42,3154.1,52.1,12.63,0.096,0
2.32,15.83,23.56,32.1,2.18,40.44,1.59,-0.38,2014.7,38.7,5.39,0.56,0
80.21,103.63,152.51,310.47,74.21,71.4,3.97,1.64,1269.8,25.7,3.7,0.707,1
25.72,66.22,118.76,231.5,28.65,82.64,3.88,0.63,1469.4,29.7,4.24,0.633,1
5.49,6.4,9.05,18.51,5.5,54.0,1.99,-0.28,448.9,19.8,1.86,0.752,0
26.69,39.19,54.98,99.24,18.83,51.52,2.05,-0.07,2223.8,40.9,8.62,0.374,0
25.89,55.2,82.83,116.84,29.47,40.34,2.05,-0.13,2423.1,46.3,6.45,0.444,0
39.97,62.1,122.7,235.91,51.77,72.7,3.05,1.17,505.7,22.5,1.85,0.669,1
18.38,26.22,57.15,100.56,14.51,40.26,1.71,-0.25,1684.5,28.3,4.69,0.609,0
11.69,26.6,80.56,225.41,14.18,51.4,2.09,-0.14,2453.0,46.8,8.73,0.299,0
9.97,13.69,23.85,48.41,10.09,57.06,1.98,-0.23,2458.0,39.0,6.48,0.438,0
14.55,25.65,95.55,208.42,13.51,64.76,2.54,-0.23,693.5,15.3,2.99,0.748,0
6.85,28.78,58.14,86.88,5.79,55.22,1.84,-0.34,1513.4,26.3,7.57,0.463,0
42.48,51.17,111.49,198.6,40.78,54.97,2.5,0.45,1965.2,41.9,5.45,0.513,0
3.74,4.37,11.48,14.47,3.51,49.2,1.28,-0.07,1206.8,24.6,9.8,0.439,0
5.37,28.71,58.14,112.45,3.95,66.68,2.32,-0.04,499.6,17.4,2.84,0.771,0
17.52,32.77,45.95,81.12,16.37,43.43,1.93,0.09,2026.3,37.3,10.99,0.355,0
18.66,53.15,130.88,222.94,15.52,80.54,4.01,0.4,2230.8,33.0,9.21,0.369,0
22.34,47.52,87.54,99.03,16.19,72.48,3.01,-0.02,834.8,23.5,3.28,0.687,0
4.38,31.95,43.46,110.45,3.54,53.49,1.79,-0.45,596.0,13.3,2.52,0.738,0
28.01,34.61,55.63,152.01,30.11,56.29,2.19,0.32,1501.1,33.6,6.91,0.503,0
35.2,49.19,84.07,234.73,38.11,75.01,2.2,0.61,1010.0,18.8,3.54,0.773,0
1.44,3.67,10.44,21.31,1.79,35.74,1.25,-0.09,2930.7,41.0,11.02,0.231,0
12.35,15.75,26.74,60.23,11.8,34.14,1.76,-0.08,2657.5,36.4,7.19,0.373,0
28.7,36.68,85.41,114.92,31.05,66.26,3.21,0.8,2863.3,48.5,10.28,0.202,0
11.2,20.57,70.44,167.97,13.36,61.42,2.63,-0.1,3051.1,46.6,10.88,0.254,0
86.12,100.8,176.96,205.81,103.5,67.59,3.88,2.17,1372.6,23.8,5.86,0.623,1
37.63,65.12,134.38,250.04,32.64,86.91,5.24,1.41,2895.7,42.7,7.84,0.357,1
24.77,49.01,78.13,104.12,27.0,66.0,2.47,0.51,2085.6,44.5,6.55,0.405,0
18.82,55.73,107.5,149.29,23.86,81.05,3.44,0.51,652.9,26.7,4.89,0.649,0
17.62,35.08,68.58,87.93,16.37,69.61,2.69,0.21,1229.4,30.9,3.71,0.608,0
5.57,27.61,32.01,84.89,7.22,42.28,1.46,-0.33,1349.6,34.4,3.7,0.614,0
56.46,91.76,110.73,256.68,56.95,61.51,2.78,1.05,2187.2,37.2,8.7,0.379,1
26.7,48.1,65.58,105.98,20.25,64.81,2.26,0.2,1603.7,37.4,4.91,0.531,0
5.2,6.6,9.15,13.21,5.54,48.3,1.53,-0.27,2837.2,53.2,8.1,0.389,0
12.65,16.08,19.14,89.2,15.27,68.72,1.86,0.35,1696.4,41.0,4.85,0.609,0
13.81,45.86,50.8,131.24,12.89,76.06,2.73,0.21,2496.7,41.6,7.0,0.444,0
9.83,19.25,52.08,68.88,8.78,58.24,1.97,-0.31,736.3,25.2,2.14,0.706,0
24.31,66.5,119.16,291.64,28.89,65.24,3.06,0.27,872.6,27.3,5.56,0.634,1
57.49,96.76,165.78,276.57,51.63,65.2,3.46,0.92,429.3,22.9,6.39,0.646,1
16.71,27.18,45.29,83.77,19.8,53.28,1.9,-0.09,1985.1,31.9,5.43,0.547,0
18.15,27.56,41.93,89.2,13.09,49.39,1.55,-0.11,564.2,12.5,2.46,0.738,0
30.45,63.52,79.76,166.57,33.84,56.94,2.63,0.49,2417.1,47.5,6.35,0.395,0
2.7,11.13,13.94,31.53,1.9,40.51,1.95,-0.44,2686.2,46.4,7.7,0.303,0
4.82,10.13,22.99,25.2,3.67,39.22,1.72,-0.42,1407.3,29.1,6.6,0.564,0
26.9,49.03,63.4,106.49,33.19,54.02,2.14,-0.02,539.3,17.1,2.51,0.704,0
23.36,38.17,73.86,146.85,28.94,59.1,2.48,0.49,2404.2,44.4,7.15,0.353,0
4.86,17.69,23.66,78.34,4.72,72.38,1.85,-0.15,782.7,15.4,5.03,0.645,0
0.49,1.28,3.05,6.19,0.51,44.89,1.39,-0.35,524.1,26.5,4.9,0.712,0
35.79,48.16,129.21,164.67,42.06,66.32,3.76,1.0,1971.6,37.8,5.95,0.57,0
20.58,22.73,48.53,111.35,25.46,43.14,1.67,0.15,1126.3,23.5,4.89,0.626,0
6.15,15.07,20.4,43.41,5.62,48.93,1.9,-0.13,2606.6,47.6,7.36,0.373,0
83.52,128.98,202.02,227.39,68.19,72.44,4.76,1.65,2221.9,30.4,10.28,0.367,1
29.74,45.36,53.17,94.49,32.02,49.54,2.07,0.3,1840.7,29.6,8.25,0.465,0
4.71,8.56,10.67,30.15,4.41,53.31,1.23,-0.36,1587.9,34.8,4.24,0.572,0
22.87,36.06,45.68,62.3,24.88,38.7,1.99,-0.16,1125.5,30.4,3.27,0.712,0
6.21,58.44,93.65,176.17,6.7,68.64,3.41,-0.15,2990.7,51.7,8.49,0.34,0
34.19,82.68,94.14,128.15,29.79,48.99,2.36,0.11,2006.6,35.2,8.19,0.381,0
2.73,9.06,19.9,72.72,3.52,45.39,1.91,-0.08,3086.1,55.2,8.28,0.335,0
11.67,14.97,64.5,161.3,9.5,67.2,1.99,-0.15,960.4,26.2,4.59,0.758,0
0.48,1.39,5.62,6.61,0.36,27.4,1.68,-0.32,2717.9,37.5,7.03,0.349,0
5.8,8.64,52.02,77.35,7.27,60.37,1.85,-0.02,413.7,17.2,1.98,0.793,0
37.94,42.5,97.95,187.21,28.75,77.3,3.09,0.79,1494.6,28.7,4.75,0.537,0
42.21,71.98,84.04,163.86,51.07,56.6,2.5,0.57,1594.9,31.4,5.89,0.509,1
35.73,74.8,85.79,108.26,34.55,47.81,2.12,-0.03,484.9,16.5,1.89,0.834,0
50.7,71.98,112.48,197.98,43.68,55.89,2.91,0.51,2975.2,48.2,9.81,0.21,1
6.22,10.5,23.08,86.14,5.09,46.26,1.62,-0.33,1155.9,28.5,4.69,0.614,0
46.2,55.55,111.78,139.24,45.12,59.62,2.45,0.52,2735.1,36.4,7.86,0.363,0
0.36,0.71,3.23,5.91,0.46,28.66,1.77,-0.23,3065.9,53.2,9.2,0.268,0
4.96,6.71,12.49,22.87,3.54,43.9,1.69,-0.08,1389.9,30.6,4.26,0.571,0
17.73,33.7,39.12,91.83,19.77,54.44,1.96,-0.07,417.2,27.7,1.5,0.812,0
1.94,9.5,19.71,28.82,1.61,54.71,2.1,-0.17,2159.2,43.8,6.25,0.443,0
5.68,10.74,19.71,36.57,5.41,55.03,1.7,-0.26,1721.6,44.6,6.35,0.478,0
13.02,44.25,97.72,186.38,12.83,52.88,1.97,-0.14,1166.8,21.6,4.63,0.646,0
8.33,37.98,47.74,142.6,9.12,61.9,1.84,-0.12,1097.6,29.1,3.12,0.705,0
4.09,9.91,30.73,61.59,3.18,35.83,1.52,-0.47,1201.0,21.8,3.49,0.703,0
42.99,80.57,150.13,270.75,30.81,65.44,3.56,0.24,699.7,28.7,3.53,0.766,1
35.93,58.31,66.14,145.07,37.06,66.43,2.36,0.55,839.4,31.9,3.67,0.683,0
40.24,49.47,76.83,162.81,34.54,56.68,2.34,0.27,1013.2,21.9,4.56,0.627,1
20.2,63.17,127.38,224.66,20.84,76.89,3.75,0.36,1915.7,30.4,5.49,0.552,0
28.62,34.09,78.98,165.6,22.67,56.03,2.6,0.18,2910.1,50.4,8.21,0.409,0
23.06,55.97,65.32,84.77,29.47,47.54,2.19,-0.05,2842.6,37.2,7.64,0.353,0
3.53,5.98,12.16,20.05,2.71,34.15,1.31,-0.1,2971.3,41.0,9.63,0.272,0
45.12,70.96,147.25,268.19,47.63,75.94,4.88,1.53,2650.6,46.6,7.37,0.382,1
0.99,9.23,20.92,31.59,0.82,47.44,2.06,-0.45,2496.1,40.8,8.28,0.403,0
38.84,73.67,132.3,240.99,38.81,55.87,3.22,0.44,1718.7,33.5,8.12,0.475,1
11.01,19.57,25.45,65.74,11.16,36.24,2.03,-0.12,3187.7,40.0,9.07,0.252,0
6.14,45.29,66.9,182.79,7.18,49.13,2.09,-0.29,2647.8,41.8,9.08,0.349,0
31.44,87.05,165.6,178.76,22.27,56.43,3.61,0.02,1687.0,37.3,5.78,0.609,0
6.26,10.08,25.35,46.18,5.27,46.37,1.48,-0.23,1582.6,38.9,6.26,0.546,0
11.78,12.56,14.97,30.58,13.9,35.46,2.09,-0.24,1307.2,33.8,3.91,0.722,0
1.28,9.69,16.4,23.85,1.43,47.24,1.85,-0.14,3194.0,55.2,12.62,0.165,0
25.1,28.06,46.72,60.45,32.46,42.51,1.84,-0.01,2616.4,44.8,11.07,0.351,0
25.84,31.2,57.89,84.51,28.14,46.48,1.97,0.19,1305.1,36.8,3.52,0.64,0
9.01,11.37,19.73,28.54,8.39,37.52,1.76,-0.14,555.0,25.5,5.79,0.647,0
27.01,51.49,62.72,119.35,29.86,72.3,2.28,0.44,2244.6,35.4,5.83,0.483,0
46.64,72.63,93.23,110.64,53.88,61.6,2.11,0.47,438.3,18.0,4.16,0.818,0
29.09,31.72,56.83,108.75,21.66,72.24,2.76,0.56,2384.7,41.8,7.95,0.457,0
7.27,30.48,61.01,70.97,5.53,49.84,2.47,-0.34,2849.7,48.1,7.8,0.383,0
2.05,3.23,6.59,10.03,1.78,41.78,1.8,-0.38,604.9,16.6,4.6,0.701,0
17.5,47.18,86.85,97.73,18.46,43.42,1.95,0.07,2293.0,39.0,6.97,0.467,0
58.85,65.22,146.26,171.39,48.76,65.54,3.77,1.02,2504.6,39.9,6.47,0.455,1
3.92,7.68,16.3,20.81,3.68,36.19,1.56,-0.29,1759.8,37.7,6.38,0.444,0
4.11,8.81,14.77,16.76,4.0,48.32,1.48,-0.33,1362.2,30.2,3.65,0.655,0
24.27,63.03,79.83,110.84,26.1,72.06,3.28,0.74,2972.3,51.0,11.84,0.274,0
2.51,6.08,11.73,24.35,2.32,36.45,2.01,-0.28,1623.1,27.1,6.92,0.504,0
10.59,26.57,33.57,62.82,8.8,63.98,1.69,0.05,926.7,20.7,3.85,0.618,0
3.17,9.58,23.11,38.68,2.88,56.41,1.58,-0.42,1235.2,29.4,3.73,0.728,0
62.11,107.53,163.9,251.58,61.91,78.46,4.8,2.1,2812.0,44.8,8.21,0.389,1
19.03,23.34,45.53,85.85,13.49,72.76,2.06,-0.01,993.6,23.9,2.86,0.616,0
2.88,4.17,8.01,17.08,3.71,37.59,1.42,-0.46,988.4,27.8,3.03,0.654,0
32.71,48.52,65.87,77.28,37.83,42.25,2.12,0.23,3058.9,45.5,7.88,0.387,0
2.37,11.13,20.92,33.94,2.35,29.21,1.65,-0.18,1283.7,20.7,6.39,0.531,0
14.67,72.26,128.17,217.79,11.68,76.86,3.74,-0.06,1120.9,33.1,3.4,0.615,0
64.48,93.91,188.65,228.26,58.21,54.54,3.75,0.81,3012.7,50.1,9.35,0.33,0
18.03,28.65,41.77,71.81,21.22,61.02,1.67,0.38,2858.4,46.6,8.97,0.342,0
4.7,15.4,21.4,30.18,3.92,33.62,1.52,-0.15,2107.4,33.9,8.3,0.335,0
29.97,65.41,88.72,236.11,30.2,55.98,2.37,0.14,1044.7,24.1,4.87,0.611,1
26.67,46.14,76.12,118.66,29.44,73.48,2.2,0.37,1364.4,16.9,5.7,0.539,0
29.13,48.85,62.81,135.17,24.88,60.77,2.22,-0.0,786.4,23.3,2.26,0.763,0
5.57,19.61,45.98,101.77,6.81,59.99,2.56,0.08,2767.4,51.0,8.56,0.383,0
47.19,73.77,86.06,131.2,45.38,57.49,2.32,0.58,1204.8,22.1,6.06,0.57,0
12.51,26.96,130.01,235.59,8.84,83.51,4.53,0.11,619.7,32.8,13.03,0.486,0
52.11,102.16,169.6,188.19,51.11,79.81,5.5,2.09,2596.0,48.6,7.31,0.404,1
1.25,4.96,8.94,22.34,0.95,35.98,1.91,-0.24,1195.6,26.5,3.42,0.659,0
3.68,4.96,9.45,17.34,3.09,51.24,1.82,-0.41,1311.0,24.2,3.76,0.589,0
35.95,73.59,146.35,270.29,26.19,80.52,5.47,0.68,2971.7,50.2,7.95,0.325,1
36.79,41.62,95.08,209.78,26.74,70.68,3.1,0.43,3126.4,46.7,8.83,0.266,0
10.84,17.91,28.57,86.39,8.86,58.94,1.75,-0.03,1382.8,38.1,4.59,0.617,0
3.04,4.72,9.98,13.3,2.2,41.14,1.55,-0.1,2309.5,45.9,6.72,0.435,0
27.93,31.3,83.51,160.34,21.71,56.88,2.57,0.08,3076.0,44.7,9.6,0.242,0
2.1,3.68,10.45,16.01,1.75,26.82,1.41,-0.3,1607.2,33.4,4.26,0.68,0
36.3,40.49,84.64,141.1,27.22,50.96,2.05,0.34,1853.6,36.3,5.6,0.485,0
20.17,26.93,52.23,85.82,25.87,48.58,2.04,0.02,2328.0,32.5,8.11,0.302,0
7.9,33.83,93.32,115.65,8.25,63.54,3.06,0.11,2229.9,42.8,6.13,0.499,0
5.66,8.73,18.47,23.0,7.1,30.32,1.5,-0.28,1709.1,32.9,8.36,0.523,0
0.5,0.94,1.3,2.77,0.38,25.72,1.68,-0.13,1316.3,26.7,4.24,0.617,0
84.39,123.5,218.67,409.0,68.14,65.46,5.36,1.82,3003.4,45.8,8.33,0.394,1
75.41,91.77,126.27,247.86,94.12,69.25,3.35,2.01,1403.5,26.7,4.43,0.644,1
54.68,76.57,83.81,206.26,44.63,75.66,2.6,1.02,1342.7,24.4,5.16,0.523,1
4.05,16.31,24.34,64.96,4.32,59.17,1.92,-0.3,434.4,14.2,6.62,0.607,0
11.3,23.51,51.06,91.37,8.02,45.6,1.93,-0.42,762.1,18.6,2.43,0.743,0
6.37,47.82,54.06,170.4,6.38,83.41,2.73,-0.09,2405.4,32.2,6.82,0.47,0
50.13,73.91,94.66,265.36,38.97,88.0,2.78,0.69,795.5,13.5,2.54,0.684,1
5.27,33.24,96.85,167.2,5.74,63.71,2.79,-0.29,1203.5,31.9,3.69,0.703,0
1.37,2.43,3.94,5.75,1.18,41.3,1.49,-0.32,1669.5,37.4,7.3,0.497,0
54.98,60.1,162.97,191.8,47.82,55.75,2.72,0.28,1299.6,24.5,3.48,0.625,0
9.45,21.34,62.94,93.99,9.8,56.89,2.39,-0.06,1514.2,32.4,4.05,0.566,0
21.73,37.88,60.25,138.31,16.21,74.16,2.69,0.14,2309.5,33.0,7.43,0.472,0
39.96,83.75,157.05,337.33,34.67,62.98,3.88,0.53,2006.3,38.2,10.58,0.27,1
4.73,7.81,11.58,14.27,5.23,41.54,1.42,-0.31,938.4,21.2,4.82,0.511,0
28.19,42.26,88.76,197.33,32.13,75.26,3.26,0.71,939.1,38.2,4.54,0.68,1
23.71,43.22,64.25,123.02,25.18,48.87,2.02,0.18,2142.2,41.7,7.99,0.386,0
54.98,82.75,167.16,259.61,38.78,84.99,5.32,1.54,2339.9,37.9,6.15,0.49,1
18.62,73.37,103.41,229.42,22.21,55.03,3.16,0.04,2104.8,49.7,6.73,0.463,0
32.14,61.79,92.43,117.74,34.61,60.23,2.86,0.63,1825.7,37.1,6.95,0.579,0
9.2,21.08,23.56,54.95,11.39,40.9,1.47,-0.18,3038.6,54.2,11.23,0.16,0
13.39,36.22,82.92,137.84,13.64,70.09,2.69,0.15,1521.5,30.9,4.1,0.619,0
5.54,23.2,44.06,94.32,5.34,58.45,2.05,-0.11,482.3,18.0,2.31,0.719,0
27.51,69.46,101.79,152.63,19.64,67.0,2.75,0.32,1542.8,25.5,7.08,0.59,0
7.18,31.67,49.54,154.24,7.82,66.67,2.4,-0.06,2911.1,46.9,8.61,0.293,0
9.62,22.76,36.2,54.27,7.73,36.73,1.79,-0.38,2373.6,33.0,6.6,0.421,0
3.45,8.15,16.16,23.38,4.4,46.41,1.72,-0.27,3067.0,55.0,10.45,0.289,0
17.8,31.71,33.39,52.29,13.99,32.63,1.36,-0.35,1342.9,25.3,4.38,0.567,0
24.84,30.58,61.64,125.48,19.72,50.08,1.9,-0.11,3127.5,43.9,10.38,0.249,0
16.76,27.93,53.75,87.93,15.46,46.73,1.98,-0.24,861.1,20.2,6.33,0.73,0
10.54,19.76,30.54,41.16,9.19,25.93,1.87,-0.43,2754.8,53.3,8.42,0.43,0
11.51,24.89,50.08,83.0,8.44,50.34,1.98,-0.39,629.3,18.6,10.05,0.538,0
1.48,8.66,15.41,36.36,1.73,34.57,1.37,-0.18,647.1,29.9,1.97,0.768,0
44.5,81.94,102.96,256.28,35.52,61.19,2.47,0.21,775.6,23.3,2.18,0.869,1
24.78,46.56,61.76,118.2,28.88,66.85,2.58,0.67,3026.7,53.8,10.21,0.27,0
26.39,42.12,48.86,152.41,22.66,47.57,1.51,-0.04,2348.9,40.5,6.82,0.488,0
8.22,16.05,19.12,62.83,9.4,59.73,1.86,0.08,2535.3,46.4,10.25,0.319,0
19.91,50.21,81.64,98.72,20.88,62.86,2.43,0.12,2873.6,48.7,7.48,0.368,0
3.92,26.63,61.77,120.93,3.09,67.6,2.54,-0.22,3055.5,48.6,11.15,0.114,0
14.54,48.8,92.48,113.01,14.1,49.61,2.34,0.13,1859.9,45.8,6.78,0.432,0
3.85,7.88,9.78,23.25,3.59,56.23,1.71,-0.36,752.5,11.8,2.74,0.697,0
18.18,35.39,71.78,149.57,15.72,49.22,2.29,0.16,2843.8,48.4,10.47,0.263,0
26.99,33.36,38.84,82.19,19.7,59.47,1.48,0.04,1424.9,32.7,5.77,0.539,0
32.62,48.06,70.23,80.29,34.71,37.47,1.76,0.26,2905.8,50.1,11.46,0.177,0
37.35,46.11,88.1,123.53,41.53,77.93,2.93,1.15,1480.4,25.9,4.92,0.608,1
101.25,176.04,209.84,252.37,97.68,56.54,3.48,1.62,1836.1,35.2,5.84,0.459,1
44.08,73.62,107.97,165.93,45.68,81.4,3.5,1.48,2081.4,30.1,6.16,0.56,1
1.98,3.9,15.25,17.51,1.54,19.3,1.53,-0.1,2905.0,54.5,7.92,0.312,0
54.96,125.1,193.94,380.99,67.97,63.94,3.89,1.1,1502.8,29.1,4.8,0.636,1
7.52,13.78,35.89,72.59,7.44,41.93,1.73,-0.11,1511.0,33.4,8.23,0.463,0
44.91,81.79,140.8,273.25,42.03,77.98,4.36,1.07,1245.1,34.3,6.66,0.581,1
25.21,47.57,80.01,125.13,18.26,44.2,2.06,0.1,1372.0,35.1,5.5,0.569,0
24.73,54.96,101.62,112.86,19.87,60.54,2.75,0.07,1494.7,35.2,6.72,0.443,0
25.68,33.58,85.98,147.46,21.67,72.4,2.49,0.08,903.7,16.4,2.63,0.676,1
7.69,9.87,15.98,60.54,7.6,55.06,1.51,-0.24,751.7,24.8,4.05,0.673,0
5.43,8.27,18.74,34.99,6.63,49.01,1.33,-0.06,1841.4,31.5,7.85,0.425,0
2.35,21.19,29.11,65.86,2.13,40.16,1.3,-0.25,1680.4,34.1,4.91,0.557,0
14.98,60.87,99.58,184.09,17.12,87.41,3.27,0.09,1108.6,20.1,3.86,0.661,0
26.03,34.79,58.2,119.45,20.28,60.03,2.14,0.11,3119.4,49.2,9.37,0.248,0
25.37,55.53,73.43,139.39,25.1,67.04,2.58,0.65,2511.2,47.7,6.52,0.386,0
13.37,21.27,34.61,43.18,11.6,39.94,1.6,-0.05,2036.3,41.0,6.36,0.465,0
10.06,13.68,15.02,17.21,10.92,35.04,1.68,-0.27,1351.4,28.6,5.18,0.663,0
18.57,39.83,85.4,166.58,17.73,80.35,2.89,0.11,812.5,14.8,5.3,0.65,1
12.28,44.13,72.96,109.79,10.18,69.95,3.17,0.14,3128.0,56.2,10.22,0.227,0
44.22,81.17,120.73,254.11,45.39,54.87,3.09,0.62,1802.1,35.4,7.99,0.481,1
18.66,45.76,81.73,96.56,15.14,58.12,2.68,-0.25,1052.7,18.9,5.62,0.65,0
7.46,9.63,11.07,25.83,7.78,37.27,1.6,-0.35,3062.0,48.3,8.58,0.268,0
35.94,48.01,85.17,147.8,28.62,62.98,2.51,0.48,1961.8,39.7,7.73,0.387,0
8.62,10.25,23.9,34.84,8.31,38.8,1.83,-0.07,1453.4,29.0,8.12,0.537,0
0.79,1.66,4.83,7.81,0.6,28.0,1.35,-0.38,1145.7,26.7,4.28,0.6,0
14.79,19.99,51.39,111.63,19.04,62.05,1.93,0.19,782.4,19.1,2.31,0.749,0
3.25,14.63,30.73,38.42,3.51,39.17,1.61,-0.41,1573.8,32.7,5.25,0.61,0
50.12,69.29,131.55,150.29,59.16,79.07,4.4,1.95,3176.7,43.8,8.74,0.264,1
35.99,69.13,73.64,159.01,44.77,49.1,1.89,0.22,975.4,31.9,8.36,0.57,0
4.49,7.33,21.93,74.87,3.64,35.77,1.72,-0.37,1762.4,41.3,8.33,0.532,0
63.28,93.66,150.46,197.7,81.91,75.59,3.89,1.59,454.9,18.6,3.03,0.8,1
6.05,30.42,71.2,81.41,4.64,57.71,2.48,-0.26,1874.3,41.3,6.29,0.534,0
3.93,5.72,12.33,20.89,4.84,23.42,1.56,-0.42,3119.5,44.4,8.17,0.298,0
8.06,66.54,139.83,198.21,6.04,57.77,2.96,-0.17,1949.3,31.3,5.76,0.492,0
3.59,5.68,7.52,21.31,2.76,35.22,1.62,-0.32,717.4,21.2,2.0,0.651,0
9.86,17.36,33.18,72.94,7.29,49.3,1.8,-0.35,1048.2,33.4,4.1,0.722,0
35.43,56.2,110.88,225.87,31.06,66.71,2.97,0.44,1003.9,21.3,2.96,0.728,1
4.21,7.85,34.88,86.49,4.3,41.82,1.42,-0.08,927.4,23.8,3.73,0.612,0
4.88,10.85,17.06,21.51,4.27,37.77,1.66,-0.15,1954.5,38.3,5.09,0.511,0
54.03,58.79,85.21,124.63,54.87,68.11,3.29,1.39,2888.8,51.3,7.82,0.417,1
2.84,4.17,5.41,6.96,2.83,24.91,1.22,-0.11,2063.5,38.1,5.42,0.515,0
7.81,16.1,22.76,37.26,9.05,29.59,1.6,-0.15,679.3,30.0,1.95,0.761,0
34.14,65.32,87.49,155.26,40.19,70.86,3.24,0.89,2358.8,43.5,7.5,0.348,0
10.32,47.4,80.23,138.92,11.08,46.59,2.27,-0.32,1881.6,39.0,6.07,0.513,0
51.02,109.98,167.12,332.25,45.1,72.21,4.54,1.35,1939.8,47.5,6.02,0.565,1
74.13,104.07,137.31,187.92,82.12,70.28,3.64,1.76,1881.3,30.8,5.98,0.528,1
10.2,37.98,75.04,111.28,9.35,63.49,2.69,-0.15,2123.2,41.7,6.08,0.529,0
8.67,32.75,85.38,117.44,7.38,48.75,2.13,-0.23,1365.9,38.6,3.63,0.645,0
19.75,45.05,65.63,72.88,25.41,38.73,2.21,0.01,2385.7,40.4,8.4,0.405,0
31.52,50.09,87.94,147.99,36.81,69.64,3.53,0.92,2801.0,51.7,7.51,0.311,0
12.23,26.97,54.36,98.47,11.04,56.0,2.32,-0.18,1575.0,35.6,5.16,0.543,0
16.87,42.32,68.76,99.36,16.35,68.24,2.65,-0.02,1089.5,21.4,3.29,0.56,0
4.76,16.11,47.53,119.55,3.8,54.05,2.17,-0.13,3047.5,52.7,8.64,0.304,0
11.46,38.7,61.11,140.17,8.33,79.84,2.59,-0.0,714.5,25.2,2.75,0.717,0
36.2,58.49,91.0,148.5,34.05,76.39,3.42,0.47,519.9,23.7,1.52,0.846,1
6.39,14.34,25.41,37.71,6.72,36.53,1.49,-0.07,1037.9,31.9,3.65,0.763,0
24.25,37.29,54.85,93.04,30.94,38.96,1.87,0.24,3026.0,47.2,7.98,0.379,0
2.01,7.07,17.7,28.95,2.42,47.85,1.64,-0.09,2316.4,39.5,11.32,0.259,0
2.39,11.33,27.98,38.87,2.49,45.0,1.37,-0.3,2673.3,41.7,9.15,0.343,0
0.88,7.25,15.51,31.67,1.05,49.84,1.96,-0.19,2105.5,40.5,5.88,0.516,0
18.82,46.02,69.85,157.98,15.37,48.86,2.51,-0.27,1600.0,30.8,6.3,0.42,0
18.64,66.89,134.21,196.76,22.99,54.36,3.29,0.1,3133.9,50.1,14.52,0.027,0
11.02,27.19,53.43,102.56,8.64,43.91,1.72,-0.37,1222.3,34.5,5.09,0.682,0
24.71,64.76,140.61,247.6,26.5,58.19,3.59,0.38,2775.7,43.9,10.1,0.244,0
6.73,23.0,30.5,99.01,7.68,60.67,2.17,-0.04,2422.0,48.3,6.59,0.399,0
65.76,78.55,159.9,260.29,78.22,64.93,3.54,1.61,1973.8,36.6,5.72,0.538,1
2.16,3.64,4.69,7.05,2.42,40.06,1.25,-0.45,1728.4,46.6,6.12,0.487,0
24.36,56.56,137.14,258.11,22.14,54.87,3.08,0.06,2935.6,44.4,10.4,0.272,1
12.13,14.63,34.72,52.31,15.45,58.69,1.8,0.0,2991.6,44.0,7.93,0.383,0
8.59,16.25,17.81,39.21,10.51,36.32,1.52,-0.17,419.5,17.2,2.71,0.767,0
22.87,70.88,138.69,165.86,27.95,61.47,3.56,0.67,3007.1,52.3,8.39,0.289,0
38.31,69.51,120.23,215.01,48.78,53.77,2.83,0.53,1571.9,38.4,6.62,0.569,0
18.15,30.49,60.39,66.79,16.74,35.2,2.11,-0.12,2683.6,43.5,7.29,0.319,0
67.18,129.87,136.88,306.35,48.63,63.59,3.21,0.58,1987.3,28.8,6.23,0.5,1
9.86,28.32,55.83,128.55,7.95,55.87,2.11,-0.32,1237.6,36.5,3.99,0.696,0
21.33,37.15,51.12,60.7,26.02,57.96,2.5,0.24,2158.4,42.6,7.55,0.407,0
18.4,47.26,80.4,155.51,21.67,77.65,3.05,0.64,2802.5,40.8,7.87,0.454,0
15.71,27.02,32.2,53.82,17.07,31.81,1.7,-0.21,488.9,21.8,4.03,0.772,0
13.07,66.28,139.22,274.73,12.35,82.35,4.77,0.25,2162.4,45.2,6.83,0.436,0
4.65,24.04,32.11,87.36,5.02,49.73,1.5,-0.25,447.9,15.1,2.0,0.848,0
30.8,54.83,83.37,174.57,29.06,49.31,2.56,0.28,2555.6,46.6,7.21,0.431,0
37.87,45.49,93.12,182.5,29.96,53.08,2.47,0.18,2107.4,34.1,5.7,0.459,0
24.08,36.54,79.3,159.0,17.99,69.19,2.74,0.29,959.3,33.1,5.81,0.534,0
40.24,71.13,82.32,149.64,29.67,60.74,2.63,0.5,1111.1,31.3,3.99,0.586,0
25.01,33.59,63.88,87.66,18.22,70.81,2.48,0.33,1198.9,31.4,3.99,0.675,0
24.9,48.36,54.05,60.38,25.64,45.51,1.97,0.16,2480.2,47.9,8.35,0.351,0
47.29,58.17,144.01,248.18,35.21,62.18,3.59,0.71,2745.6,44.3,7.35,0.34,1
33.54,44.9,93.74,134.7,29.11,65.68,3.02,0.3,2164.8,35.8,8.25,0.444,0
38.67,54.91,97.38,156.31,48.34,74.82,3.87,1.5,2868.9,49.9,8.97,0.32,1
57.48,76.57,139.21,183.2,56.1,69.73,3.65,1.1,1267.9,30.5,6.09,0.62,0
2.36,3.88,6.45,9.26,2.56,40.51,1.7,-0.41,1628.6,28.9,4.36,0.564,0
14.86,32.26,52.15,99.68,17.46,69.93,1.84,0.26,1540.3,30.8,4.64,0.613,0
13.85,18.83,29.04,54.99,16.75,50.83,1.48,0.07,1476.0,31.5,4.88,0.646,0
31.76,34.0,43.2,75.59,35.13,43.06,1.63,0.16,3155.8,49.3,12.01,0.117,0
17.29,29.46,65.34,110.05,20.24,55.47,2.27,-0.1,1510.3,27.7,4.73,0.643,0
17.61,58.63,142.09,211.34,19.64,72.66,4.45,0.12,2044.4,34.8,5.75,0.421,0
4.5,16.28,28.24,44.58,4.41,47.7,1.8,-0.42,1882.5,34.1,5.48,0.483,0
17.27,53.15,72.11,96.57,21.88,73.58,2.53,0.51,1944.4,30.5,5.77,0.473,0
5.59,8.68,11.07,17.91,6.1,40.24,1.63,-0.2,3142.2,39.5,8.16,0.27,0
43.9,49.06,65.38,159.99,42.5,78.21,3.01,1.37,2058.2,45.2,6.23,0.547,1
11.44,26.65,29.68,53.26,8.48,29.37,1.45,-0.15,1162.7,34.6,3.24,0.645,0
20.21,22.93,54.52,101.66,23.83,74.54,2.73,0.35,1139.4,30.7,3.51,0.638,0
6.67,13.1,16.39,32.79,5.53,40.41,1.63,-0.39,527.5,22.9,6.33,0.676,0
21.88,51.91,76.81,107.09,27.59,51.75,2.48,0.03,928.2,29.8,4.71,0.579,0
4.16,16.34,20.97,35.77,3.49,54.96,1.55,-0.26,485.0,22.8,4.5,0.772,0
41.64,55.38,76.52,145.91,35.91,52.45,2.28,0.56,2993.3,54.7,9.02,0.316,0
9.08,32.12,53.74,91.96,8.34,63.86,2.28,-0.21,1329.1,28.1,4.45,0.63,0
33.12,64.47,129.37,310.41,25.99,65.55,3.32,0.35,2762.5,30.0,7.34,0.349,1
44.89,73.87,79.59,165.87,39.25,67.7,2.95,0.84,2577.6,53.5,6.66,0.47,0
17.07,39.44,45.67,61.37,18.23,35.24,1.81,-0.19,1908.6,33.3,5.16,0.623,0
4.23,6.95,13.41,18.0,4.5,32.85,1.69,-0.35,1576.7,31.2,5.16,0.645,0
0.16,0.25,0.42,0.56,0.14,27.42,1.32,-0.12,1126.1,27.8,3.59,0.635,0
41.45,63.55,97.57,148.64,38.76,62.97,2.86,0.78,1183.5,38.1,3.94,0.645,0
10.22,12.02,24.84,28.17,10.66,21.05,1.59,-0.1,2828.7,52.1,9.53,0.273,0
21.69,41.64,68.78,118.35,22.6,67.47,2.24,0.08,719.2,26.1,2.14,0.731,0
18.69,46.94,88.63,200.3,22.92,79.33,2.62,0.48,1067.3,17.2,4.08,0.677,0
28.29,62.72,95.68,155.67,27.8,78.64,3.78,0.74,1217.0,29.7,4.76,0.545,1
33.2,54.77,64.92,150.45,41.32,47.76,1.94,0.36,2383.0,30.1,6.7,0.444,0
2.22,2.59,3.79,5.6,1.87,27.51,1.48,-0.4,1955.9,32.4,6.84,0.511,0
33.79,42.31,110.27,203.0,34.18,77.64,4.13,1.05,2972.8,48.9,7.66,0.364,1
0.46,1.19,3.85,8.61,0.43,32.74,1.43,-0.48,677.8,18.9,6.0,0.68,0
3.79,4.39,12.32,16.87,4.35,18.9,1.5,-0.48,2797.3,42.6,9.83,0.346,0
11.4,13.28,26.91,38.67,13.13,37.14,1.61,-0.11,1408.9,23.9,4.85,0.567,0
12.09,32.29,78.87,152.99,15.32,77.4,2.56,-0.02,553.5,21.0,1.77,0.841,0
18.35,30.09,38.09,100.95,20.45,65.15,2.05,0.43,2701.4,44.6,12.19,0.3,0
61.54,113.38,230.47,380.8,71.89,81.89,5.38,1.72,1091.4,20.0,4.89,0.705,1
8.86,18.83,22.49,47.59,11.2,51.13,1.68,-0.15,607.8,23.4,3.08,0.802,0
15.83,34.04,45.84,157.31,13.72,59.69,2.18,0.03,3166.2,57.0,8.89,0.232,0
10.28,41.99,65.1,117.64,10.76,50.53,1.79,-0.21,794.7,23.7,3.12,0.725,0
10.13,28.58,65.64,93.23,12.61,43.95,2.02,-0.05,3196.8,48.9,9.33,0.259,0
14.52,25.04,62.01,100.77,14.91,65.5,2.42,-0.01,2159.6,35.4,9.35,0.491,0
49.4,87.51,156.55,191.6,54.24,69.62,4.02,1.05,1462.1,31.5,5.81,0.548,1
31.5,41.26,49.5,168.51,29.86,73.96,2.34,0.45,1289.8,25.1,5.68,0.611,0
12.85,26.59,40.97,69.78,16.05,38.5,2.0,-0.02,2085.0,43.2,5.85,0.468,0
9.21,51.98,68.53,126.74,10.08,64.9,2.14,-0.01,1252.0,26.8,11.04,0.447,0
75.09,111.73,187.53,234.04,55.59,70.34,4.85,1.67,2291.2,42.3,10.26,0.313,1
0.9,1.51,2.45,10.65,0.98,30.14,1.71,-0.26,1946.4,43.2,5.27,0.547,0
3.98,5.6,8.09,43.94,3.26,44.95,1.77,-0.42,1776.2,29.3,4.69,0.498,0
46.4,128.05,232.68,456.31,43.05,83.6,8.03,1.88,3100.1,52.0,9.5,0.321,1
4.23,22.38,49.42,98.42,4.08,69.31,2.33,-0.33,1556.4,34.7,4.69,0.525,0
36.31,67.47,102.53,118.06,33.67,55.56,2.92,0.35,1548.6,44.1,4.46,0.566,0
16.98,21.67,39.82,64.61,15.63,45.01,1.8,0.04,903.7,24.1,2.78,0.797,0
37.77,80.7,120.29,272.81,35.18,86.2,4.53,1.21,2616.6,46.8,7.18,0.362,1
11.77,15.5,28.25,57.16,13.53,36.22,1.72,-0.33,1313.8,30.3,4.28,0.599,0
44.21,95.3,117.21,177.62,34.99,85.17,3.7,0.86,956.9,20.5,5.06,0.601,1
34.44,65.29,87.1,96.56,30.22,50.64,2.31,0.31,1485.3,29.6,3.98,0.56,0
34.41,40.73,116.87,239.85,41.03,86.36,4.61,1.55,2512.8,35.5,7.93,0.41,1
19.96,60.24,76.2,86.4,23.9,37.85,1.79,-0.03,1552.1,27.6,4.72,0.608,0
14.5,35.31,50.97,94.01,13.51,61.96,2.37,-0.13,404.4,16.9,1.9,0.867,0
10.17,22.18,51.11,57.56,9.51,33.27,1.77,-0.25,1430.8,29.3,5.98,0.547,0
24.6,35.52,83.78,285.65,21.98,60.15,2.91,0.22,2736.9,52.8,8.01,0.385,0
40.57,48.07,87.49,205.14,46.5,71.9,3.0,1.24,2610.4,37.0,13.67,0.132,0
13.18,18.35,23.92,29.96,15.83,31.16,1.66,0.01,2835.4,44.8,9.37,0.332,0
56.16,101.1,133.36,235.47,46.15,59.02,3.14,0.69,1740.2,35.8,5.39,0.519,0
9.51,55.05,141.94,265.87,8.7,78.46,4.69,0.14,2395.6,37.1,6.2,0.422,0
16.03,33.14,50.8,62.57,20.23,33.33,1.84,-0.14,3187.4,47.5,8.83,0.26,0
14.24,18.17,27.08,33.74,10.95,54.77,1.72,0.03,973.0,33.6,2.93,0.64,0
23.02,65.7,134.31,242.76,27.32,81.91,4.23,0.5,913.2,22.1,2.83,0.663,1
8.44,16.62,37.4,75.61,6.73,35.47,1.45,-0.1,1767.8,40.4,4.91,0.51,0
4.98,14.26,29.58,54.55,4.91,46.92,1.55,-0.37,1499.5,44.7,5.31,0.645,0
2.41,2.85,10.91,25.84,2.51,20.68,1.76,-0.25,3158.9,47.4,9.74,0.278,0
2.55,4.26,18.05,31.48,2.56,54.21,1.92,-0.43,1558.8,33.9,4.1,0.769,0
28.41,49.22,123.79,245.18,27.17,71.63,3.38,0.37,1331.7,33.4,4.42,0.523,0
21.58,24.09,56.5,164.86,23.79,61.45,2.25,0.33,3070.4,57.3,8.51,0.296,0
3.26,7.3,29.84,36.62,3.19,42.52,1.31,-0.11,1758.9,37.2,5.46,0.548,0
7.63,42.58,69.14,156.28,8.05,70.6,2.75,-0.18,2884.6,49.6,7.68,0.295,0
27.28,52.66,90.28,164.48,22.66,55.06,2.84,0.28,2115.2,41.1,6.57,0.406,0
16.84,37.66,44.63,60.42,15.26,60.12,2.47,0.05,2968.8,45.6,8.97,0.376,0
8.0,9.84,19.39,36.15,6.22,35.99,1.53,-0.14,1135.9,37.0,5.95,0.53,0
18.23,21.99,31.63,99.75,19.5,41.04,1.7,0.06,1610.7,37.7,6.6,0.551,0
26.94,36.53,50.87,92.79,26.29,50.03,1.74,-0.09,650.8,19.7,3.6,0.755,0
3.01,5.72,7.84,17.34,3.29,19.25,1.87,-0.28,2805.6,48.4,9.97,0.241,0
18.92,38.71,103.76,148.94,19.75,48.87,2.42,0.04,2490.6,42.1,9.34,0.314,0
49.99,82.17,107.89,145.17,48.67,59.92,2.31,0.54,1755.6,28.7,5.78,0.453,0
57.09,77.58,128.33,173.61,48.22,75.42,3.55,0.95,856.3,22.8,3.61,0.719,1
24.66,45.67,52.07,103.96,26.87,57.71,2.17,0.4,2464.1,38.2,7.59,0.461,0
5.68,11.32,27.17,54.06,6.04,44.65,2.08,-0.11,3037.6,53.4,9.97,0.182,0
12.32,29.81,50.56,60.68,15.63,60.99,2.36,0.15,1945.0,29.6,5.73,0.529,0
49.28,58.98,122.05,202.68,48.15,70.47,3.71,1.4,2816.2,55.6,7.88,0.283,1
10.59,67.24,119.11,240.2,9.73,84.56,4.05,-0.09,1455.2,29.7,4.74,0.651,0
28.27,30.07,66.43,116.77,23.96,70.78,2.4,0.43,1108.2,24.4,3.89,0.618,0
18.52,26.88,60.22,80.41,23.25,68.91,2.67,0.41,2057.8,34.2,7.21,0.48,0
