station_id,datetime_utc,precipitation,rain,soil_moisture_0_to_7cm,soil_moisture_7_to_28cm,temperature_2m,relative_humidity_2m,surface_pressure,wind_speed_10m
AGR_GMT_01,2023-06-01 00:00:00+00:00,0.0,0.0,0.366,0.408,27.6,94,1003.4,9.6
AGR_GMT_01,2023-06-01 01:00:00+00:00,0.0,0.0,0.366,0.407,29.3,88,1004.4,13.8
AGR_GMT_01,2023-06-01 02:00:00+00:00,0.1,0.1,0.366,0.407,30.6,81,1004.8,12.3
AGR_GMT_01,2023-06-01 03:00:00+00:00,0.0,0.0,0.365,0.406,31.7,78,1004.7,10.7
AGR_GMT_01,2023-06-01 04:00:00+00:00,0.1,0.1,0.365,0.406,33.0,72,1004.2,9.2
AGR_GMT_01,2023-06-01 05:00:00+00:00,0.0,0.0,0.363,0.405,34.4,63,1003.5,7.6
AGR_GMT_01,2023-06-01 06:00:00+00:00,0.7,0.7,0.368,0.404,33.1,66,1003.0,6.9
AGR_GMT_01,2023-06-01 07:00:00+00:00,1.5,1.5,0.384,0.403,32.2,69,1002.1,3.6
AGR_GMT_01,2023-06-01 08:00:00+00:00,0.0,0.0,0.383,0.402,33.5,64,1000.3,6.8
AGR_GMT_01,2023-06-01 09:00:00+00:00,0.0,0.0,0.381,0.402,34.0,63,999.4,4.1
AGR_GMT_01,2023-06-01 10:00:00+00:00,0.0,0.0,0.38,0.401,34.4,61,999.1,4.3
AGR_GMT_01,2023-06-01 11:00:00+00:00,0.0,0.0,0.379,0.401,34.1,61,999.3,6.4
AGR_GMT_01,2023-06-01 12:00:00+00:00,0.0,0.0,0.344,0.395,32.5,72,1000.2,5.7
AGR_GMT_01,2023-06-01 13:00:00+00:00,0.0,0.0,0.344,0.395,31.0,68,1001.0,5.7
AGR_GMT_01,2023-06-01 14:00:00+00:00,0.0,0.0,0.344,0.395,30.1,69,1001.4,5.6
AGR_GMT_01,2023-06-01 15:00:00+00:00,0.0,0.0,0.344,0.395,29.3,74,1002.2,7.2
AGR_GMT_01,2023-06-01 16:00:00+00:00,0.0,0.0,0.344,0.395,29.1,81,1002.3,12.6
AGR_GMT_01,2023-06-01 17:00:00+00:00,0.0,0.0,0.344,0.395,28.6,83,1002.5,13.9
AGR_GMT_01,2023-06-01 18:00:00+00:00,0.0,0.0,0.345,0.395,28.0,86,1001.9,14.4
AGR_GMT_01,2023-06-01 19:00:00+00:00,0.0,0.0,0.345,0.395,27.6,88,1001.5,13.3
AGR_GMT_01,2023-06-01 20:00:00+00:00,0.0,0.0,0.345,0.395,27.3,89,1001.3,13.7
AGR_GMT_01,2023-06-01 21:00:00+00:00,0.0,0.0,0.345,0.395,27.1,92,1001.3,11.9
AGR_GMT_01,2023-06-01 22:00:00+00:00,0.0,0.0,0.345,0.394,26.9,94,1001.6,11.2
AGR_GMT_01,2023-06-01 23:00:00+00:00,0.0,0.0,0.345,0.394,27.0,94,1002.3,10.1
AGR_GMT_01,2023-06-02 00:00:00+00:00,0.0,0.0,0.342,0.394,28.4,92,1003.0,13.0
AGR_GMT_01,2023-06-02 01:00:00+00:00,0.0,0.0,0.342,0.393,29.6,85,1003.7,13.7
AGR_GMT_01,2023-06-02 02:00:00+00:00,0.0,0.0,0.342,0.393,31.1,77,1004.3,12.7
AGR_GMT_01,2023-06-02 03:00:00+00:00,0.0,0.0,0.341,0.392,32.4,70,1004.7,12.0
AGR_GMT_01,2023-06-02 04:00:00+00:00,0.0,0.0,0.341,0.392,33.4,66,1004.6,10.1
AGR_GMT_01,2023-06-02 05:00:00+00:00,0.0,0.0,0.339,0.391,33.8,64,1004.2,8.9
AGR_GMT_01,2023-06-02 06:00:00+00:00,0.0,0.0,0.338,0.39,34.4,60,1003.3,9.7
AGR_GMT_01,2023-06-02 07:00:00+00:00,0.1,0.1,0.338,0.389,34.8,57,1002.1,8.3
AGR_GMT_01,2023-06-02 08:00:00+00:00,0.0,0.0,0.336,0.388,35.5,50,1000.6,9.4
AGR_GMT_01,2023-06-02 09:00:00+00:00,0.0,0.0,0.335,0.387,36.1,46,999.7,8.5
AGR_GMT_01,2023-06-02 10:00:00+00:00,0.3,0.3,0.336,0.387,33.9,52,999.7,11.8
AGR_GMT_01,2023-06-02 11:00:00+00:00,0.1,0.1,0.337,0.386,32.9,55,1000.0,8.4
AGR_GMT_01,2023-06-02 12:00:00+00:00,0.0,0.0,0.333,0.387,33.0,55,1000.7,9.5
AGR_GMT_01,2023-06-02 13:00:00+00:00,0.0,0.0,0.333,0.387,31.2,61,1001.4,7.3
AGR_GMT_01,2023-06-02 14:00:00+00:00,0.0,0.0,0.333,0.387,30.5,65,1002.2,8.6
AGR_GMT_01,2023-06-02 15:00:00+00:00,0.0,0.0,0.333,0.386,29.6,69,1002.8,9.1
AGR_GMT_01,2023-06-02 16:00:00+00:00,0.0,0.0,0.333,0.386,29.1,75,1003.1,12.0
AGR_GMT_01,2023-06-02 17:00:00+00:00,0.0,0.0,0.333,0.386,28.4,84,1003.2,14.4
AGR_GMT_01,2023-06-02 18:00:00+00:00,0.0,0.0,0.333,0.386,27.9,87,1002.8,13.9
AGR_GMT_01,2023-06-02 19:00:00+00:00,0.0,0.0,0.333,0.386,27.5,90,1002.6,12.8
AGR_GMT_01,2023-06-02 20:00:00+00:00,0.0,0.0,0.333,0.386,27.3,92,1002.4,12.0
AGR_GMT_01,2023-06-02 21:00:00+00:00,0.0,0.0,0.334,0.386,27.3,93,1002.4,11.9
AGR_GMT_01,2023-06-02 22:00:00+00:00,0.0,0.0,0.334,0.386,27.3,94,1002.6,11.3
AGR_GMT_01,2023-06-02 23:00:00+00:00,0.0,0.0,0.334,0.386,27.4,93,1003.1,10.3
AGR_GMT_01,2023-06-03 00:00:00+00:00,0.0,0.0,0.333,0.385,28.2,91,1004.0,12.7
AGR_GMT_01,2023-06-03 01:00:00+00:00,0.3,0.3,0.335,0.385,29.4,83,1004.6,14.5
AGR_GMT_01,2023-06-03 02:00:00+00:00,0.4,0.4,0.338,0.385,30.0,83,1005.5,10.0
AGR_GMT_01,2023-06-03 03:00:00+00:00,0.1,0.1,0.339,0.384,31.7,74,1006.0,7.8
AGR_GMT_01,2023-06-03 04:00:00+00:00,0.1,0.1,0.338,0.384,32.7,67,1005.7,11.3
AGR_GMT_01,2023-06-03 05:00:00+00:00,0.0,0.0,0.338,0.383,33.7,62,1005.5,9.2
AGR_GMT_01,2023-06-03 06:00:00+00:00,0.0,0.0,0.336,0.382,34.7,57,1004.7,9.0
AGR_GMT_01,2023-06-03 07:00:00+00:00,0.0,0.0,0.335,0.381,35.5,52,1003.4,10.2
AGR_GMT_01,2023-06-03 08:00:00+00:00,0.0,0.0,0.333,0.38,35.5,50,1001.9,9.1
AGR_GMT_01,2023-06-03 09:00:00+00:00,0.0,0.0,0.332,0.38,35.7,47,1000.7,7.4
AGR_GMT_01,2023-06-03 10:00:00+00:00,0.0,0.0,0.331,0.379,35.6,47,1000.7,8.8
AGR_GMT_01,2023-06-03 11:00:00+00:00,0.4,0.4,0.333,0.378,33.1,58,1001.3,9.8
AGR_GMT_01,2023-06-03 12:00:00+00:00,0.1,0.1,0.322,0.374,31.6,66,1001.6,7.8
AGR_GMT_01,2023-06-03 13:00:00+00:00,0.0,0.0,0.322,0.374,30.3,70,1002.0,6.1
AGR_GMT_01,2023-06-03 14:00:00+00:00,0.0,0.0,0.322,0.374,29.9,71,1003.0,6.5
AGR_GMT_01,2023-06-03 15:00:00+00:00,0.0,0.0,0.322,0.374,29.8,72,1003.8,9.4
AGR_GMT_01,2023-06-03 16:00:00+00:00,0.0,0.0,0.322,0.374,29.3,78,1004.5,10.4
AGR_GMT_01,2023-06-03 17:00:00+00:00,0.0,0.0,0.322,0.374,28.7,83,1004.5,10.6
AGR_GMT_01,2023-06-03 18:00:00+00:00,0.0,0.0,0.322,0.374,28.3,86,1004.0,11.7
AGR_GMT_01,2023-06-03 19:00:00+00:00,0.0,0.0,0.322,0.374,27.9,89,1003.4,11.5
AGR_GMT_01,2023-06-03 20:00:00+00:00,0.0,0.0,0.322,0.374,27.6,90,1003.1,10.7
AGR_GMT_01,2023-06-03 21:00:00+00:00,0.0,0.0,0.322,0.374,27.5,92,1003.4,11.5
AGR_GMT_01,2023-06-03 22:00:00+00:00,0.0,0.0,0.322,0.373,27.3,93,1003.7,9.9
AGR_GMT_01,2023-06-03 23:00:00+00:00,0.0,0.0,0.322,0.373,26.8,95,1004.2,7.7
AGR_GMT_01,2023-06-04 00:00:00+00:00,0.0,0.0,0.334,0.373,26.7,90,1004.5,7.6
AGR_GMT_01,2023-06-04 01:00:00+00:00,0.0,0.0,0.334,0.373,28.0,89,1005.4,10.2
AGR_GMT_01,2023-06-04 02:00:00+00:00,0.0,0.0,0.334,0.373,29.6,82,1005.8,10.0
AGR_GMT_01,2023-06-04 03:00:00+00:00,0.1,0.1,0.334,0.372,31.4,73,1006.3,6.3
AGR_GMT_01,2023-06-04 04:00:00+00:00,0.1,0.1,0.334,0.372,32.4,70,1005.8,7.3
AGR_GMT_01,2023-06-04 05:00:00+00:00,0.0,0.0,0.332,0.371,33.6,66,1005.2,7.4
AGR_GMT_01,2023-06-04 06:00:00+00:00,0.0,0.0,0.331,0.37,34.6,61,1004.2,7.6
AGR_GMT_01,2023-06-04 07:00:00+00:00,0.0,0.0,0.329,0.369,35.2,58,1003.0,8.2
AGR_GMT_01,2023-06-04 08:00:00+00:00,0.0,0.0,0.328,0.369,35.5,53,1001.4,8.8
AGR_GMT_01,2023-06-04 09:00:00+00:00,0.2,0.2,0.328,0.368,33.6,59,1000.4,14.6
AGR_GMT_01,2023-06-04 10:00:00+00:00,0.0,0.0,0.327,0.367,33.0,65,1000.0,7.7
AGR_GMT_01,2023-06-04 11:00:00+00:00,0.0,0.0,0.327,0.367,32.4,67,1000.1,7.4
AGR_GMT_01,2023-06-04 12:00:00+00:00,0.0,0.0,0.32,0.363,32.6,73,1000.9,3.7
AGR_GMT_01,2023-06-04 13:00:00+00:00,0.0,0.0,0.32,0.363,32.4,60,1001.0,2.3
AGR_GMT_01,2023-06-04 14:00:00+00:00,0.0,0.0,0.32,0.363,29.6,76,1001.6,4.5
AGR_GMT_01,2023-06-04 15:00:00+00:00,0.0,0.0,0.32,0.363,29.4,76,1002.4,3.1
AGR_GMT_01,2023-06-04 16:00:00+00:00,0.0,0.0,0.32,0.363,28.7,80,1003.2,4.9
AGR_GMT_01,2023-06-04 17:00:00+00:00,0.0,0.0,0.32,0.363,28.7,75,1003.5,5.9
AGR_GMT_01,2023-06-04 18:00:00+00:00,0.0,0.0,0.32,0.363,28.4,80,1003.2,5.6
AGR_GMT_01,2023-06-04 19:00:00+00:00,0.0,0.0,0.32,0.363,27.9,85,1002.8,6.3
AGR_GMT_01,2023-06-04 20:00:00+00:00,0.0,0.0,0.321,0.363,27.6,89,1002.2,6.8
AGR_GMT_01,2023-06-04 21:00:00+00:00,0.0,0.0,0.321,0.363,27.2,91,1002.1,7.0
AGR_GMT_01,2023-06-04 22:00:00+00:00,0.0,0.0,0.321,0.363,26.8,93,1002.0,6.1
AGR_GMT_01,2023-06-04 23:00:00+00:00,0.0,0.0,0.321,0.363,26.4,96,1002.2,5.7
AGR_GMT_01,2023-06-05 00:00:00+00:00,0.0,0.0,0.32,0.362,27.4,93,1002.9,4.9
AGR_GMT_01,2023-06-05 01:00:00+00:00,0.0,0.0,0.32,0.362,29.0,87,1003.5,4.5
AGR_GMT_01,2023-06-05 02:00:00+00:00,0.0,0.0,0.32,0.362,30.8,79,1003.6,3.4
AGR_GMT_01,2023-06-05 03:00:00+00:00,0.0,0.0,0.319,0.362,32.2,70,1003.6,1.5
AGR_GMT_01,2023-06-05 04:00:00+00:00,0.0,0.0,0.318,0.361,33.6,63,1003.5,1.5
AGR_GMT_01,2023-06-05 05:00:00+00:00,0.0,0.0,0.317,0.36,34.7,57,1003.2,3.6
AGR_GMT_01,2023-06-05 06:00:00+00:00,0.0,0.0,0.315,0.359,35.6,52,1002.6,4.4
AGR_GMT_01,2023-06-05 07:00:00+00:00,0.0,0.0,0.314,0.358,36.3,47,1001.1,5.9
AGR_GMT_01,2023-06-05 08:00:00+00:00,0.0,0.0,0.312,0.358,36.6,43,999.6,9.5
AGR_GMT_01,2023-06-05 09:00:00+00:00,0.0,0.0,0.311,0.357,36.4,43,998.6,10.1
AGR_GMT_01,2023-06-05 10:00:00+00:00,0.0,0.0,0.31,0.356,36.0,44,998.2,8.1
AGR_GMT_01,2023-06-05 11:00:00+00:00,0.0,0.0,0.31,0.356,35.1,49,998.3,5.1
AGR_GMT_01,2023-06-05 12:00:00+00:00,0.0,0.0,0.309,0.355,33.6,62,999.5,4.0
AGR_GMT_01,2023-06-05 13:00:00+00:00,0.0,0.0,0.309,0.355,31.5,65,1000.2,4.8
AGR_GMT_01,2023-06-05 14:00:00+00:00,0.0,0.0,0.309,0.355,30.6,67,1001.0,4.9
AGR_GMT_01,2023-06-05 15:00:00+00:00,0.0,0.0,0.309,0.355,29.8,70,1001.5,4.7
AGR_GMT_01,2023-06-05 16:00:00+00:00,0.0,0.0,0.309,0.355,28.9,76,1002.3,4.2
AGR_GMT_01,2023-06-05 17:00:00+00:00,0.0,0.0,0.309,0.355,28.9,74,1002.5,6.4
AGR_GMT_01,2023-06-05 18:00:00+00:00,0.0,0.0,0.309,0.355,28.6,73,1002.1,6.7
AGR_GMT_01,2023-06-05 19:00:00+00:00,0.0,0.0,0.309,0.355,28.5,72,1001.6,9.8
AGR_GMT_01,2023-06-05 20:00:00+00:00,0.0,0.0,0.308,0.355,28.3,77,1001.1,9.2
AGR_GMT_01,2023-06-05 21:00:00+00:00,0.0,0.0,0.308,0.355,27.8,85,1000.9,10.0
AGR_GMT_01,2023-06-05 22:00:00+00:00,0.0,0.0,0.309,0.355,27.8,88,1000.8,9.0
AGR_GMT_01,2023-06-05 23:00:00+00:00,0.0,0.0,0.309,0.355,27.9,89,1001.1,7.3
AGR_GMT_01,2023-06-06 00:00:00+00:00,0.0,0.0,0.309,0.355,28.2,94,1001.4,8.4
AGR_GMT_01,2023-06-06 01:00:00+00:00,0.0,0.0,0.309,0.354,29.8,88,1001.8,7.6
AGR_GMT_01,2023-06-06 02:00:00+00:00,0.0,0.0,0.308,0.354,31.5,80,1002.4,6.4
AGR_GMT_01,2023-06-06 03:00:00+00:00,0.0,0.0,0.308,0.354,33.2,69,1002.6,5.7
AGR_GMT_01,2023-06-06 04:00:00+00:00,0.0,0.0,0.307,0.353,34.6,60,1002.6,3.3
AGR_GMT_01,2023-06-06 05:00:00+00:00,0.0,0.0,0.306,0.352,35.3,57,1002.0,2.5
AGR_GMT_01,2023-06-06 06:00:00+00:00,0.0,0.0,0.305,0.352,36.2,53,1001.0,5.6
AGR_GMT_01,2023-06-06 07:00:00+00:00,0.0,0.0,0.304,0.351,36.4,51,999.6,9.7
AGR_GMT_01,2023-06-06 08:00:00+00:00,0.0,0.0,0.303,0.35,36.3,49,998.4,10.2
AGR_GMT_01,2023-06-06 09:00:00+00:00,0.0,0.0,0.302,0.35,36.3,48,997.4,9.4
AGR_GMT_01,2023-06-06 10:00:00+00:00,0.0,0.0,0.301,0.349,35.8,48,997.0,8.2
AGR_GMT_01,2023-06-06 11:00:00+00:00,0.0,0.0,0.301,0.349,34.9,51,997.2,5.4
AGR_GMT_01,2023-06-06 12:00:00+00:00,0.0,0.0,0.303,0.351,34.0,61,997.9,2.6
AGR_GMT_01,2023-06-06 13:00:00+00:00,0.0,0.0,0.303,0.351,32.0,62,998.8,6.8
AGR_GMT_01,2023-06-06 14:00:00+00:00,0.0,0.0,0.303,0.351,31.0,65,999.5,6.4
AGR_GMT_01,2023-06-06 15:00:00+00:00,0.0,0.0,0.303,0.351,29.8,75,1000.3,6.1
AGR_GMT_01,2023-06-06 16:00:00+00:00,0.0,0.0,0.303,0.351,29.5,71,1000.9,4.7
AGR_GMT_01,2023-06-06 17:00:00+00:00,0.0,0.0,0.303,0.351,29.1,73,1001.0,6.4
AGR_GMT_01,2023-06-06 18:00:00+00:00,0.0,0.0,0.303,0.351,28.9,74,1000.7,5.4
AGR_GMT_01,2023-06-06 19:00:00+00:00,0.0,0.0,0.303,0.351,28.8,74,1000.2,7.5
AGR_GMT_01,2023-06-06 20:00:00+00:00,0.0,0.0,0.303,0.351,28.7,74,1000.0,7.4
AGR_GMT_01,2023-06-06 21:00:00+00:00,0.0,0.0,0.303,0.351,28.4,77,999.8,6.6
AGR_GMT_01,2023-06-06 22:00:00+00:00,0.0,0.0,0.303,0.351,28.2,81,999.7,4.6
AGR_GMT_01,2023-06-06 23:00:00+00:00,0.0,0.0,0.303,0.351,28.1,83,1000.0,5.4
AGR_GMT_01,2023-06-07 00:00:00+00:00,0.0,0.0,0.304,0.352,28.5,82,1000.4,7.4
AGR_GMT_01,2023-06-07 01:00:00+00:00,0.0,0.0,0.304,0.352,29.2,82,1001.3,4.6
AGR_GMT_01,2023-06-07 02:00:00+00:00,0.0,0.0,0.304,0.352,29.9,82,1002.2,5.4
AGR_GMT_01,2023-06-07 03:00:00+00:00,0.0,0.0,0.304,0.352,31.3,79,1002.2,3.5
AGR_GMT_01,2023-06-07 04:00:00+00:00,0.0,0.0,0.303,0.351,33.5,65,1001.8,3.0
AGR_GMT_01,2023-06-07 05:00:00+00:00,0.0,0.0,0.302,0.351,35.0,57,1001.1,3.8
AGR_GMT_01,2023-06-07 06:00:00+00:00,0.0,0.0,0.301,0.35,36.0,51,1000.1,5.8
AGR_GMT_01,2023-06-07 07:00:00+00:00,0.0,0.0,0.3,0.349,36.3,48,998.5,7.3
AGR_GMT_01,2023-06-07 08:00:00+00:00,0.0,0.0,0.299,0.349,36.1,47,997.6,4.0
AGR_GMT_01,2023-06-07 09:00:00+00:00,0.0,0.0,0.298,0.348,36.0,47,997.3,2.8
AGR_GMT_01,2023-06-07 10:00:00+00:00,0.0,0.0,0.298,0.348,35.6,50,997.1,4.1
AGR_GMT_01,2023-06-07 11:00:00+00:00,0.0,0.0,0.297,0.347,35.0,51,997.1,6.2
AGR_GMT_01,2023-06-07 12:00:00+00:00,0.0,0.0,0.289,0.346,32.0,67,998.0,9.4
AGR_GMT_01,2023-06-07 13:00:00+00:00,0.0,0.0,0.289,0.346,30.6,74,998.3,10.7
AGR_GMT_01,2023-06-07 14:00:00+00:00,0.0,0.0,0.289,0.346,29.3,84,999.0,10.9
AGR_GMT_01,2023-06-07 15:00:00+00:00,0.0,0.0,0.289,0.346,28.8,84,1000.2,12.3
AGR_GMT_01,2023-06-07 16:00:00+00:00,10.8,10.8,0.435,0.346,26.4,92,1002.2,9.2
AGR_GMT_01,2023-06-07 17:00:00+00:00,2.5,2.5,0.466,0.347,26.3,95,1002.4,9.2
AGR_GMT_01,2023-06-07 18:00:00+00:00,2.6,2.6,0.496,0.349,26.4,95,1001.5,7.2
AGR_GMT_01,2023-06-07 19:00:00+00:00,8.0,8.0,0.491,0.377,25.5,96,1000.9,6.6
AGR_GMT_01,2023-06-07 20:00:00+00:00,0.6,0.6,0.491,0.38,25.7,96,1000.5,5.6
AGR_GMT_01,2023-06-07 21:00:00+00:00,0.5,0.5,0.491,0.382,25.5,97,1000.0,10.2
AGR_GMT_01,2023-06-07 22:00:00+00:00,0.7,0.7,0.492,0.384,25.4,97,1000.5,10.6
AGR_GMT_01,2023-06-07 23:00:00+00:00,0.5,0.5,0.492,0.387,25.4,96,1000.2,6.4
AGR_GMT_01,2023-06-08 00:00:00+00:00,1.6,1.6,0.286,0.344,26.9,94,1000.6,8.6
AGR_GMT_01,2023-06-08 01:00:00+00:00,2.0,2.0,0.313,0.344,27.2,95,1001.1,5.1
AGR_GMT_01,2023-06-08 02:00:00+00:00,1.4,1.4,0.331,0.344,27.5,95,1001.1,0.8
AGR_GMT_01,2023-06-08 03:00:00+00:00,1.0,1.0,0.343,0.344,29.0,88,1002.4,0.4
AGR_GMT_01,2023-06-08 04:00:00+00:00,4.8,4.8,0.407,0.344,28.4,86,1002.8,5.6
AGR_GMT_01,2023-06-08 05:00:00+00:00,0.3,0.3,0.409,0.344,27.6,90,1001.9,2.8
AGR_GMT_01,2023-06-08 06:00:00+00:00,1.3,1.3,0.425,0.344,28.0,92,1001.1,3.6
AGR_GMT_01,2023-06-08 07:00:00+00:00,0.5,0.5,0.428,0.345,29.7,85,1000.0,3.6
AGR_GMT_01,2023-06-08 08:00:00+00:00,0.0,0.0,0.427,0.345,30.1,83,998.5,3.0
AGR_GMT_01,2023-06-08 09:00:00+00:00,0.0,0.0,0.425,0.345,31.3,78,997.7,4.1
AGR_GMT_01,2023-06-08 10:00:00+00:00,0.0,0.0,0.424,0.345,31.6,76,997.1,1.1
AGR_GMT_01,2023-06-08 11:00:00+00:00,0.0,0.0,0.422,0.345,31.6,75,996.8,1.8
AGR_GMT_01,2023-06-08 12:00:00+00:00,0.0,0.0,0.421,0.345,31.3,80,997.0,1.5
AGR_GMT_01,2023-06-08 13:00:00+00:00,0.0,0.0,0.305,0.342,29.3,84,998.5,6.6
AGR_GMT_01,2023-06-08 14:00:00+00:00,0.0,0.0,0.305,0.342,28.8,88,999.9,9.6
AGR_GMT_01,2023-06-08 15:00:00+00:00,0.2,0.2,0.306,0.342,28.8,88,999.3,4.7
AGR_GMT_01,2023-06-08 16:00:00+00:00,0.1,0.1,0.307,0.342,28.0,93,1000.1,9.4
AGR_GMT_01,2023-06-08 17:00:00+00:00,0.0,0.0,0.307,0.342,27.7,93,1000.5,6.8
AGR_GMT_01,2023-06-08 18:00:00+00:00,0.2,0.2,0.308,0.342,27.1,94,1000.0,9.7
AGR_GMT_01,2023-06-08 19:00:00+00:00,0.2,0.2,0.31,0.342,26.5,95,999.0,9.5
AGR_GMT_01,2023-06-08 20:00:00+00:00,0.1,0.1,0.311,0.342,26.2,95,998.9,11.0
AGR_GMT_01,2023-06-08 21:00:00+00:00,0.0,0.0,0.311,0.342,26.0,95,998.6,10.3
AGR_GMT_01,2023-06-08 22:00:00+00:00,0.0,0.0,0.311,0.342,25.9,96,998.5,10.0
AGR_GMT_01,2023-06-08 23:00:00+00:00,0.0,0.0,0.311,0.342,25.9,96,999.0,4.8
AGR_GMT_01,2023-06-09 00:00:00+00:00,0.2,0.2,0.313,0.342,26.2,92,999.6,3.3
AGR_GMT_01,2023-06-09 01:00:00+00:00,0.0,0.0,0.331,0.342,27.9,93,999.7,1.8
AGR_GMT_01,2023-06-09 02:00:00+00:00,0.0,0.0,0.331,0.342,29.3,85,1000.5,3.3
AGR_GMT_01,2023-06-09 03:00:00+00:00,0.2,0.2,0.332,0.342,30.5,79,1000.6,4.5
AGR_GMT_01,2023-06-09 04:00:00+00:00,0.2,0.2,0.333,0.342,31.6,73,1000.8,2.6
AGR_GMT_01,2023-06-09 05:00:00+00:00,0.3,0.3,0.334,0.341,32.5,66,999.6,2.7
AGR_GMT_01,2023-06-09 06:00:00+00:00,6.6,6.6,0.419,0.341,28.7,81,999.7,17.3
AGR_GMT_01,2023-06-09 07:00:00+00:00,5.4,5.4,0.486,0.343,27.3,90,998.4,3.1
AGR_GMT_01,2023-06-09 08:00:00+00:00,1.0,1.0,0.49,0.346,27.6,89,997.8,0.5
AGR_GMT_01,2023-06-09 09:00:00+00:00,0.2,0.2,0.484,0.348,28.0,88,996.6,4.7
AGR_GMT_01,2023-06-09 10:00:00+00:00,1.5,1.5,0.494,0.351,27.4,93,996.5,9.7
AGR_GMT_01,2023-06-09 11:00:00+00:00,1.1,1.1,0.496,0.355,26.8,95,996.7,7.6
AGR_GMT_01,2023-06-09 12:00:00+00:00,0.1,0.1,0.488,0.358,27.0,93,997.8,7.6
AGR_GMT_01,2023-06-09 13:00:00+00:00,0.1,0.1,0.487,0.439,27.1,90,998.2,6.0
AGR_GMT_01,2023-06-09 14:00:00+00:00,0.0,0.0,0.484,0.439,26.6,92,998.9,7.3
AGR_GMT_01,2023-06-09 15:00:00+00:00,0.0,0.0,0.482,0.44,26.4,93,999.3,4.6
AGR_GMT_01,2023-06-09 16:00:00+00:00,0.0,0.0,0.48,0.441,26.4,93,999.9,7.4
AGR_GMT_01,2023-06-09 17:00:00+00:00,0.2,0.2,0.479,0.441,26.3,93,1000.0,9.0
AGR_GMT_01,2023-06-09 18:00:00+00:00,0.0,0.0,0.478,0.442,26.0,93,999.3,7.3
AGR_GMT_01,2023-06-09 19:00:00+00:00,0.0,0.0,0.476,0.442,25.8,94,998.4,7.3
AGR_GMT_01,2023-06-09 20:00:00+00:00,0.0,0.0,0.475,0.442,25.5,96,998.0,3.6
AGR_GMT_01,2023-06-09 21:00:00+00:00,0.0,0.0,0.474,0.443,25.7,95,997.9,2.6
AGR_GMT_01,2023-06-09 22:00:00+00:00,0.7,0.7,0.479,0.443,25.3,96,997.9,3.8
AGR_GMT_01,2023-06-09 23:00:00+00:00,1.1,1.1,0.492,0.444,25.4,96,998.5,3.0
AGR_GMT_01,2023-06-10 00:00:00+00:00,0.1,0.1,0.493,0.444,26.0,97,998.1,5.5
AGR_GMT_01,2023-06-10 01:00:00+00:00,3.9,3.9,0.509,0.456,26.3,97,998.6,7.9
AGR_GMT_01,2023-06-10 02:00:00+00:00,0.3,0.3,0.503,0.459,27.4,92,999.2,9.0
AGR_GMT_01,2023-06-10 03:00:00+00:00,0.2,0.2,0.499,0.46,28.5,86,999.1,4.8
AGR_GMT_01,2023-06-10 04:00:00+00:00,0.0,0.0,0.494,0.461,30.4,78,999.1,4.4
AGR_GMT_01,2023-06-10 05:00:00+00:00,0.1,0.1,0.49,0.461,31.4,74,998.3,2.5
AGR_GMT_01,2023-06-10 06:00:00+00:00,0.0,0.0,0.485,0.46,32.4,70,997.5,3.5
AGR_GMT_01,2023-06-10 07:00:00+00:00,0.1,0.1,0.482,0.46,32.6,68,996.6,5.3
AGR_GMT_01,2023-06-10 08:00:00+00:00,3.7,3.7,0.52,0.459,30.8,74,996.0,9.5
AGR_GMT_01,2023-06-10 09:00:00+00:00,4.2,4.2,0.511,0.478,27.4,92,995.7,5.9
AGR_GMT_01,2023-06-10 10:00:00+00:00,1.4,1.4,0.518,0.48,26.6,95,996.1,9.7
AGR_GMT_01,2023-06-10 11:00:00+00:00,1.9,1.9,0.512,0.49,25.9,96,996.0,7.1
AGR_GMT_01,2023-06-10 12:00:00+00:00,1.2,1.2,0.508,0.492,26.1,91,997.2,7.3
AGR_GMT_01,2023-06-10 13:00:00+00:00,0.1,0.1,0.505,0.492,26.1,89,997.8,7.3
AGR_GMT_01,2023-06-10 14:00:00+00:00,0.1,0.1,0.503,0.492,25.9,88,998.3,10.1
AGR_GMT_01,2023-06-10 15:00:00+00:00,0.3,0.3,0.502,0.492,25.8,89,998.8,11.4
AGR_GMT_01,2023-06-10 16:00:00+00:00,0.1,0.1,0.501,0.492,25.7,90,999.1,14.0
AGR_GMT_01,2023-06-10 17:00:00+00:00,0.0,0.0,0.499,0.492,25.6,92,999.0,14.8
AGR_GMT_01,2023-06-10 18:00:00+00:00,0.8,0.8,0.506,0.491,25.3,96,998.2,13.5
AGR_GMT_01,2023-06-10 19:00:00+00:00,1.9,1.9,0.516,0.496,25.1,97,997.5,17.7
AGR_GMT_01,2023-06-10 20:00:00+00:00,0.1,0.1,0.51,0.497,25.2,96,997.5,16.2
AGR_GMT_01,2023-06-10 21:00:00+00:00,0.1,0.1,0.506,0.497,25.3,95,997.8,12.8
AGR_GMT_01,2023-06-10 22:00:00+00:00,0.1,0.1,0.505,0.497,25.4,95,997.8,10.8
AGR_GMT_01,2023-06-10 23:00:00+00:00,2.8,2.8,0.517,0.504,25.1,95,998.2,8.7
AGR_GMT_01,2023-06-11 00:00:00+00:00,1.5,1.5,0.512,0.51,25.3,96,998.8,6.2
AGR_GMT_01,2023-06-11 01:00:00+00:00,2.1,2.1,0.518,0.514,25.6,94,999.6,10.4
AGR_GMT_01,2023-06-11 02:00:00+00:00,1.1,1.1,0.507,0.514,25.7,96,999.8,10.2
AGR_GMT_01,2023-06-11 03:00:00+00:00,0.3,0.3,0.507,0.511,26.9,91,999.9,8.5
AGR_GMT_01,2023-06-11 04:00:00+00:00,0.2,0.2,0.506,0.509,28.5,85,1000.0,12.0
AGR_GMT_01,2023-06-11 05:00:00+00:00,0.1,0.1,0.504,0.507,30.0,78,999.6,14.3
AGR_GMT_01,2023-06-11 06:00:00+00:00,0.0,0.0,0.5,0.505,31.1,73,998.8,14.4
AGR_GMT_01,2023-06-11 07:00:00+00:00,0.2,0.2,0.499,0.502,31.1,69,997.7,14.1
AGR_GMT_01,2023-06-11 08:00:00+00:00,0.1,0.1,0.497,0.501,30.6,70,996.9,15.1
AGR_GMT_01,2023-06-11 09:00:00+00:00,0.3,0.3,0.497,0.499,30.4,74,996.2,14.9
AGR_GMT_01,2023-06-11 10:00:00+00:00,0.1,0.1,0.495,0.498,30.4,73,995.7,14.1
AGR_GMT_01,2023-06-11 11:00:00+00:00,0.0,0.0,0.494,0.497,30.2,74,996.1,13.0
AGR_GMT_01,2023-06-11 12:00:00+00:00,0.0,0.0,0.501,0.498,28.7,79,997.0,9.5
AGR_GMT_01,2023-06-11 13:00:00+00:00,0.0,0.0,0.499,0.497,27.7,83,997.5,10.3
AGR_GMT_01,2023-06-11 14:00:00+00:00,0.0,0.0,0.498,0.497,27.2,85,998.3,8.2
AGR_GMT_01,2023-06-11 15:00:00+00:00,0.0,0.0,0.497,0.496,26.7,89,999.3,9.2
AGR_GMT_01,2023-06-11 16:00:00+00:00,0.0,0.0,0.496,0.495,26.5,91,999.9,10.7
AGR_GMT_01,2023-06-11 17:00:00+00:00,0.0,0.0,0.495,0.495,26.3,91,1000.1,8.2
AGR_GMT_01,2023-06-11 18:00:00+00:00,0.0,0.0,0.494,0.494,26.0,91,999.5,9.1
AGR_GMT_01,2023-06-11 19:00:00+00:00,0.0,0.0,0.493,0.493,26.1,91,998.6,8.7
AGR_GMT_01,2023-06-11 20:00:00+00:00,0.0,0.0,0.492,0.493,26.0,92,998.4,9.5
AGR_GMT_01,2023-06-11 21:00:00+00:00,0.0,0.0,0.491,0.492,26.0,92,998.1,9.1
AGR_GMT_01,2023-06-11 22:00:00+00:00,0.0,0.0,0.49,0.492,25.7,93,998.0,7.4
AGR_GMT_01,2023-06-11 23:00:00+00:00,0.0,0.0,0.49,0.491,25.4,94,998.4,7.7
AGR_GMT_01,2023-06-12 00:00:00+00:00,0.0,0.0,0.496,0.494,24.7,91,999.6,14.8
AGR_GMT_01,2023-06-12 01:00:00+00:00,0.0,0.0,0.495,0.493,25.7,85,999.5,11.6
AGR_GMT_01,2023-06-12 02:00:00+00:00,0.0,0.0,0.493,0.492,27.5,83,1000.9,8.6
AGR_GMT_01,2023-06-12 03:00:00+00:00,0.0,0.0,0.491,0.491,29.2,79,1000.5,12.3
AGR_GMT_01,2023-06-12 04:00:00+00:00,0.0,0.0,0.489,0.49,30.6,75,1000.8,9.1
AGR_GMT_01,2023-06-12 05:00:00+00:00,0.0,0.0,0.487,0.489,30.9,74,1000.5,7.4
AGR_GMT_01,2023-06-12 06:00:00+00:00,0.0,0.0,0.485,0.488,31.2,72,999.6,6.5
AGR_GMT_01,2023-06-12 07:00:00+00:00,0.1,0.1,0.483,0.487,31.9,69,998.0,8.4
AGR_GMT_01,2023-06-12 08:00:00+00:00,0.1,0.1,0.481,0.486,32.7,67,997.0,7.9
AGR_GMT_01,2023-06-12 09:00:00+00:00,0.1,0.1,0.48,0.484,32.7,67,996.2,8.9
AGR_GMT_01,2023-06-12 10:00:00+00:00,0.0,0.0,0.478,0.483,32.6,67,995.7,7.8
AGR_GMT_01,2023-06-12 11:00:00+00:00,0.4,0.4,0.479,0.482,30.0,79,996.3,9.7
AGR_GMT_01,2023-06-12 12:00:00+00:00,0.2,0.2,0.502,0.491,28.5,86,997.2,3.8
AGR_GMT_01,2023-06-12 13:00:00+00:00,0.0,0.0,0.5,0.491,27.8,89,997.8,5.2
AGR_GMT_01,2023-06-12 14:00:00+00:00,0.0,0.0,0.498,0.491,27.6,90,998.4,8.2
AGR_GMT_01,2023-06-12 15:00:00+00:00,0.0,0.0,0.496,0.491,27.2,90,998.9,7.1
AGR_GMT_01,2023-06-12 16:00:00+00:00,0.0,0.0,0.495,0.49,26.7,92,999.8,5.0
AGR_GMT_01,2023-06-12 17:00:00+00:00,0.0,0.0,0.494,0.49,26.2,95,1000.1,4.3
AGR_GMT_01,2023-06-12 18:00:00+00:00,0.0,0.0,0.493,0.49,26.3,95,999.7,7.1
AGR_GMT_01,2023-06-12 19:00:00+00:00,0.0,0.0,0.492,0.489,26.1,95,998.9,8.2
AGR_GMT_01,2023-06-12 20:00:00+00:00,0.0,0.0,0.491,0.489,26.0,96,998.4,7.7
AGR_GMT_01,2023-06-12 21:00:00+00:00,0.0,0.0,0.49,0.489,26.1,95,997.9,8.9
AGR_GMT_01,2023-06-12 22:00:00+00:00,0.0,0.0,0.489,0.488,26.1,95,998.1,9.5
AGR_GMT_01,2023-06-12 23:00:00+00:00,0.0,0.0,0.489,0.488,26.1,93,998.3,11.4
AGR_GMT_01,2023-06-13 00:00:00+00:00,0.0,0.0,0.49,0.487,26.6,97,998.9,6.5
AGR_GMT_01,2023-06-13 01:00:00+00:00,0.0,0.0,0.489,0.487,27.8,92,999.5,9.5
AGR_GMT_01,2023-06-13 02:00:00+00:00,0.2,0.2,0.489,0.487,29.1,86,999.5,12.0
AGR_GMT_01,2023-06-13 03:00:00+00:00,0.1,0.1,0.488,0.486,30.1,83,999.9,11.4
AGR_GMT_01,2023-06-13 04:00:00+00:00,0.1,0.1,0.486,0.485,31.2,78,999.4,10.3
AGR_GMT_01,2023-06-13 05:00:00+00:00,0.1,0.1,0.484,0.484,32.1,72,999.0,9.9
AGR_GMT_01,2023-06-13 06:00:00+00:00,0.0,0.0,0.481,0.482,33.0,67,998.4,10.5
AGR_GMT_01,2023-06-13 07:00:00+00:00,0.1,0.1,0.478,0.481,33.2,65,996.7,12.4
AGR_GMT_01,2023-06-13 08:00:00+00:00,0.0,0.0,0.476,0.48,33.4,65,995.3,13.4
AGR_GMT_01,2023-06-13 09:00:00+00:00,0.0,0.0,0.473,0.479,33.5,64,994.4,15.1
AGR_GMT_01,2023-06-13 10:00:00+00:00,0.4,0.4,0.475,0.478,32.9,65,994.1,17.7
AGR_GMT_01,2023-06-13 11:00:00+00:00,0.7,0.7,0.481,0.477,31.8,73,994.4,16.0
AGR_GMT_01,2023-06-13 12:00:00+00:00,0.0,0.0,0.474,0.477,27.1,92,996.1,8.4
AGR_GMT_01,2023-06-13 13:00:00+00:00,0.1,0.1,0.474,0.476,28.0,89,996.7,9.4
AGR_GMT_01,2023-06-13 14:00:00+00:00,0.0,0.0,0.474,0.476,28.1,88,997.1,12.9
AGR_GMT_01,2023-06-13 15:00:00+00:00,0.0,0.0,0.474,0.476,27.7,89,998.1,13.1
AGR_GMT_01,2023-06-13 16:00:00+00:00,0.0,0.0,0.473,0.476,27.5,90,999.3,11.9
AGR_GMT_01,2023-06-13 17:00:00+00:00,0.0,0.0,0.473,0.475,27.4,92,999.4,13.0
AGR_GMT_01,2023-06-13 18:00:00+00:00,0.0,0.0,0.473,0.475,27.5,92,998.4,16.4
AGR_GMT_01,2023-06-13 19:00:00+00:00,0.0,0.0,0.473,0.475,27.4,92,997.8,19.1
AGR_GMT_01,2023-06-13 20:00:00+00:00,0.0,0.0,0.472,0.475,27.3,92,997.2,19.6
AGR_GMT_01,2023-06-13 21:00:00+00:00,0.0,0.0,0.472,0.474,27.2,92,997.2,18.7
AGR_GMT_01,2023-06-13 22:00:00+00:00,0.0,0.0,0.472,0.474,27.4,90,997.2,19.1
AGR_GMT_01,2023-06-13 23:00:00+00:00,0.0,0.0,0.472,0.474,27.4,90,997.6,20.1
AGR_GMT_01,2023-06-14 00:00:00+00:00,0.0,0.0,0.469,0.473,28.0,87,998.7,21.8
AGR_GMT_01,2023-06-14 01:00:00+00:00,0.2,0.2,0.47,0.473,28.0,87,999.5,18.3
AGR_GMT_01,2023-06-14 02:00:00+00:00,0.1,0.1,0.47,0.473,28.3,86,999.7,21.4
AGR_GMT_01,2023-06-14 03:00:00+00:00,0.0,0.0,0.469,0.472,30.2,76,999.4,26.4
AGR_GMT_01,2023-06-14 04:00:00+00:00,0.0,0.0,0.467,0.471,32.2,68,999.4,28.2
AGR_GMT_01,2023-06-14 05:00:00+00:00,1.3,1.3,0.48,0.47,31.8,74,999.7,18.8
AGR_GMT_01,2023-06-14 06:00:00+00:00,0.3,0.3,0.48,0.47,31.3,79,999.2,17.5
AGR_GMT_01,2023-06-14 07:00:00+00:00,0.0,0.0,0.477,0.469,33.3,70,997.8,21.9
AGR_GMT_01,2023-06-14 08:00:00+00:00,0.0,0.0,0.474,0.468,33.6,68,996.7,23.7
AGR_GMT_01,2023-06-14 09:00:00+00:00,0.0,0.0,0.471,0.467,33.0,70,996.0,24.5
AGR_GMT_01,2023-06-14 10:00:00+00:00,0.3,0.3,0.472,0.466,32.0,74,994.9,28.0
AGR_GMT_01,2023-06-14 11:00:00+00:00,0.0,0.0,0.471,0.466,31.5,76,995.2,28.9
AGR_GMT_01,2023-06-14 12:00:00+00:00,0.0,0.0,0.449,0.463,31.1,74,997.5,15.6
AGR_GMT_01,2023-06-14 13:00:00+00:00,0.2,0.2,0.45,0.463,30.1,78,998.5,14.1
AGR_GMT_01,2023-06-14 14:00:00+00:00,0.1,0.1,0.452,0.463,29.4,82,998.4,20.7
AGR_GMT_01,2023-06-14 15:00:00+00:00,0.0,0.0,0.452,0.463,28.7,85,999.0,22.9
AGR_GMT_01,2023-06-14 16:00:00+00:00,0.0,0.0,0.452,0.462,27.9,87,999.7,22.9
AGR_GMT_01,2023-06-14 17:00:00+00:00,0.0,0.0,0.451,0.462,27.5,86,1000.0,22.6
AGR_GMT_01,2023-06-14 18:00:00+00:00,0.0,0.0,0.451,0.462,27.2,85,999.7,22.7
AGR_GMT_01,2023-06-14 19:00:00+00:00,0.0,0.0,0.451,0.462,26.9,85,998.9,23.6
AGR_GMT_01,2023-06-14 20:00:00+00:00,0.0,0.0,0.451,0.462,26.9,84,998.1,23.9
AGR_GMT_01,2023-06-14 21:00:00+00:00,0.0,0.0,0.451,0.461,26.9,86,998.1,21.0
AGR_GMT_01,2023-06-14 22:00:00+00:00,0.0,0.0,0.451,0.461,27.2,87,998.6,20.3
AGR_GMT_01,2023-06-14 23:00:00+00:00,0.0,0.0,0.451,0.461,27.3,87,998.4,24.3
AGR_GMT_01,2023-06-15 00:00:00+00:00,0.0,0.0,0.454,0.461,25.8,90,999.7,26.3
AGR_GMT_01,2023-06-15 01:00:00+00:00,0.0,0.0,0.454,0.46,26.6,84,1000.0,28.7
AGR_GMT_01,2023-06-15 02:00:00+00:00,0.0,0.0,0.453,0.46,27.5,82,1000.4,24.9
AGR_GMT_01,2023-06-15 03:00:00+00:00,0.0,0.0,0.451,0.459,29.3,77,1000.2,32.5
AGR_GMT_01,2023-06-15 04:00:00+00:00,0.0,0.0,0.45,0.458,30.4,76,1000.6,33.8
AGR_GMT_01,2023-06-15 05:00:00+00:00,0.0,0.0,0.449,0.458,30.8,76,1000.6,27.4
AGR_GMT_01,2023-06-15 06:00:00+00:00,0.0,0.0,0.447,0.457,32.8,69,999.7,27.5
AGR_GMT_01,2023-06-15 07:00:00+00:00,0.0,0.0,0.444,0.456,33.3,67,999.0,24.9
AGR_GMT_01,2023-06-15 08:00:00+00:00,0.0,0.0,0.442,0.455,32.7,71,998.3,26.7
AGR_GMT_01,2023-06-15 09:00:00+00:00,0.0,0.0,0.44,0.454,32.1,73,997.1,25.6
AGR_GMT_01,2023-06-15 10:00:00+00:00,0.0,0.0,0.439,0.453,32.0,73,996.9,25.2
AGR_GMT_01,2023-06-15 11:00:00+00:00,0.0,0.0,0.438,0.453,31.0,78,997.6,24.1
AGR_GMT_01,2023-06-15 12:00:00+00:00,0.0,0.0,0.447,0.456,30.8,74,998.8,17.2
AGR_GMT_01,2023-06-15 13:00:00+00:00,0.1,0.1,0.448,0.455,29.8,77,999.1,18.3
AGR_GMT_01,2023-06-15 14:00:00+00:00,0.1,0.1,0.448,0.455,29.3,80,999.3,22.4
AGR_GMT_01,2023-06-15 15:00:00+00:00,0.0,0.0,0.448,0.455,29.0,83,1000.1,21.0
AGR_GMT_01,2023-06-15 16:00:00+00:00,0.0,0.0,0.448,0.455,28.8,84,1001.1,19.3
AGR_GMT_01,2023-06-15 17:00:00+00:00,0.0,0.0,0.448,0.455,28.8,84,1000.6,19.3
AGR_GMT_01,2023-06-15 18:00:00+00:00,0.0,0.0,0.448,0.455,28.5,84,1000.3,18.3
AGR_GMT_01,2023-06-15 19:00:00+00:00,0.2,0.2,0.449,0.454,28.2,85,999.1,21.7
AGR_GMT_01,2023-06-15 20:00:00+00:00,0.0,0.0,0.449,0.454,28.2,85,998.6,23.4
AGR_GMT_01,2023-06-15 21:00:00+00:00,0.0,0.0,0.449,0.454,28.1,86,998.5,24.5
AGR_GMT_01,2023-06-15 22:00:00+00:00,0.1,0.1,0.45,0.454,28.1,88,998.2,26.8
AGR_GMT_01,2023-06-15 23:00:00+00:00,0.0,0.0,0.45,0.454,27.9,89,998.8,27.7
AGR_GMT_01,2023-06-16 00:00:00+00:00,0.0,0.0,0.462,0.455,26.2,94,1000.5,21.5
AGR_GMT_01,2023-06-16 01:00:00+00:00,0.0,0.0,0.462,0.455,27.1,90,1000.4,23.8
AGR_GMT_01,2023-06-16 02:00:00+00:00,0.0,0.0,0.461,0.455,28.2,87,1000.9,24.1
AGR_GMT_01,2023-06-16 03:00:00+00:00,0.0,0.0,0.46,0.454,29.2,83,1001.6,24.6
AGR_GMT_01,2023-06-16 04:00:00+00:00,0.4,0.4,0.462,0.454,29.3,84,1001.6,25.6
AGR_GMT_01,2023-06-16 05:00:00+00:00,0.7,0.7,0.467,0.454,29.3,83,1000.8,24.9
AGR_GMT_01,2023-06-16 06:00:00+00:00,0.0,0.0,0.466,0.454,30.0,82,999.6,25.3
AGR_GMT_01,2023-06-16 07:00:00+00:00,0.0,0.0,0.464,0.453,31.5,75,999.1,24.9
AGR_GMT_01,2023-06-16 08:00:00+00:00,0.0,0.0,0.462,0.452,32.0,74,997.8,24.5
AGR_GMT_01,2023-06-16 09:00:00+00:00,0.0,0.0,0.461,0.452,31.0,77,996.7,22.5
AGR_GMT_01,2023-06-16 10:00:00+00:00,0.0,0.0,0.46,0.452,30.9,77,997.5,18.5
AGR_GMT_01,2023-06-16 11:00:00+00:00,0.9,0.9,0.466,0.452,29.3,83,999.5,18.6
AGR_GMT_01,2023-06-16 12:00:00+00:00,2.5,2.5,0.485,0.458,29.7,78,999.2,19.4
AGR_GMT_01,2023-06-16 13:00:00+00:00,0.1,0.1,0.484,0.458,29.4,78,999.9,18.9
AGR_GMT_01,2023-06-16 14:00:00+00:00,0.0,0.0,0.483,0.459,28.9,80,1000.8,18.4
AGR_GMT_01,2023-06-16 15:00:00+00:00,0.0,0.0,0.481,0.459,28.8,82,1001.2,19.9
AGR_GMT_01,2023-06-16 16:00:00+00:00,0.0,0.0,0.48,0.459,28.4,84,1001.5,18.7
AGR_GMT_01,2023-06-16 17:00:00+00:00,0.0,0.0,0.478,0.459,28.0,85,1001.4,19.8
AGR_GMT_01,2023-06-16 18:00:00+00:00,0.0,0.0,0.477,0.459,27.9,87,1000.8,20.7
AGR_GMT_01,2023-06-16 19:00:00+00:00,0.0,0.0,0.476,0.46,27.8,88,1000.0,21.0
AGR_GMT_01,2023-06-16 20:00:00+00:00,0.0,0.0,0.475,0.46,28.0,89,1000.0,19.9
AGR_GMT_01,2023-06-16 21:00:00+00:00,0.0,0.0,0.475,0.46,28.0,89,999.9,20.6
AGR_GMT_01,2023-06-16 22:00:00+00:00,0.0,0.0,0.474,0.46,28.0,90,999.8,20.2
AGR_GMT_01,2023-06-16 23:00:00+00:00,0.1,0.1,0.474,0.46,28.1,90,1000.6,18.4
AGR_GMT_01,2023-06-17 00:00:00+00:00,0.1,0.1,0.479,0.462,27.4,94,1002.0,15.0
AGR_GMT_01,2023-06-17 01:00:00+00:00,0.0,0.0,0.479,0.462,27.9,91,1002.4,17.3
AGR_GMT_01,2023-06-17 02:00:00+00:00,0.0,0.0,0.478,0.462,29.4,85,1002.6,19.0
AGR_GMT_01,2023-06-17 03:00:00+00:00,0.1,0.1,0.477,0.462,29.9,82,1002.9,21.6
AGR_GMT_01,2023-06-17 04:00:00+00:00,0.3,0.3,0.477,0.462,31.4,77,1002.7,23.1
AGR_GMT_01,2023-06-17 05:00:00+00:00,0.2,0.2,0.476,0.462,31.3,76,1002.4,24.9
AGR_GMT_01,2023-06-17 06:00:00+00:00,0.0,0.0,0.473,0.461,32.5,70,1001.4,27.4
AGR_GMT_01,2023-06-17 07:00:00+00:00,0.0,0.0,0.47,0.46,33.3,68,1000.4,26.0
AGR_GMT_01,2023-06-17 08:00:00+00:00,0.3,0.3,0.47,0.459,32.5,71,999.9,21.3
AGR_GMT_01,2023-06-17 09:00:00+00:00,0.2,0.2,0.469,0.459,32.1,72,999.0,23.5
AGR_GMT_01,2023-06-17 10:00:00+00:00,0.0,0.0,0.468,0.458,31.7,72,999.0,20.2
AGR_GMT_01,2023-06-17 11:00:00+00:00,0.0,0.0,0.467,0.458,30.5,77,998.7,22.7
AGR_GMT_01,2023-06-17 12:00:00+00:00,0.0,0.0,0.475,0.462,28.6,79,1001.6,19.6
AGR_GMT_01,2023-06-17 13:00:00+00:00,0.0,0.0,0.474,0.462,28.0,80,1002.0,13.9
AGR_GMT_01,2023-06-17 14:00:00+00:00,0.0,0.0,0.473,0.462,27.8,81,1003.4,13.8
AGR_GMT_01,2023-06-17 15:00:00+00:00,0.2,0.2,0.474,0.462,27.5,85,1004.2,12.4
AGR_GMT_01,2023-06-17 16:00:00+00:00,0.2,0.2,0.475,0.462,27.3,88,1003.7,17.4
AGR_GMT_01,2023-06-17 17:00:00+00:00,0.0,0.0,0.474,0.462,27.3,88,1003.6,17.0
AGR_GMT_01,2023-06-17 18:00:00+00:00,0.0,0.0,0.474,0.462,27.2,89,1003.2,16.1
AGR_GMT_01,2023-06-17 19:00:00+00:00,0.0,0.0,0.473,0.462,27.0,90,1002.7,15.3
AGR_GMT_01,2023-06-17 20:00:00+00:00,0.0,0.0,0.472,0.462,26.8,91,1002.2,15.8
AGR_GMT_01,2023-06-17 21:00:00+00:00,0.0,0.0,0.472,0.462,26.8,91,1001.9,16.5
AGR_GMT_01,2023-06-17 22:00:00+00:00,0.0,0.0,0.471,0.462,26.9,91,1001.7,17.7
AGR_GMT_01,2023-06-17 23:00:00+00:00,0.0,0.0,0.471,0.462,27.0,90,1002.2,17.1
AGR_GMT_01,2023-06-18 00:00:00+00:00,0.0,0.0,0.47,0.463,27.1,88,1003.9,13.5
AGR_GMT_01,2023-06-18 01:00:00+00:00,0.0,0.0,0.469,0.462,27.9,86,1003.9,15.2
AGR_GMT_01,2023-06-18 02:00:00+00:00,0.0,0.0,0.468,0.462,28.8,82,1004.2,17.2
AGR_GMT_01,2023-06-18 03:00:00+00:00,0.1,0.1,0.468,0.462,29.7,79,1004.0,17.0
AGR_GMT_01,2023-06-18 04:00:00+00:00,0.1,0.1,0.467,0.461,30.5,77,1003.9,14.9
AGR_GMT_01,2023-06-18 05:00:00+00:00,0.3,0.3,0.467,0.46,32.1,71,1003.6,16.4
AGR_GMT_01,2023-06-18 06:00:00+00:00,9.4,9.4,0.501,0.484,28.3,88,1003.8,13.9
AGR_GMT_01,2023-06-18 07:00:00+00:00,0.1,0.1,0.498,0.484,29.1,83,1002.3,18.4
AGR_GMT_01,2023-06-18 08:00:00+00:00,0.0,0.0,0.495,0.484,29.4,82,1000.4,18.1
AGR_GMT_01,2023-06-18 09:00:00+00:00,0.1,0.1,0.493,0.484,30.6,76,999.7,15.5
AGR_GMT_01,2023-06-18 10:00:00+00:00,0.0,0.0,0.491,0.483,30.1,78,999.2,16.0
AGR_GMT_01,2023-06-18 11:00:00+00:00,0.0,0.0,0.489,0.483,30.2,77,999.5,15.1
AGR_GMT_01,2023-06-18 12:00:00+00:00,0.0,0.0,0.491,0.465,28.6,79,1001.5,10.9
AGR_GMT_01,2023-06-18 13:00:00+00:00,0.0,0.0,0.489,0.466,28.2,80,1002.7,6.5
AGR_GMT_01,2023-06-18 14:00:00+00:00,0.0,0.0,0.487,0.466,27.9,81,1003.6,8.5
AGR_GMT_01,2023-06-18 15:00:00+00:00,0.0,0.0,0.486,0.466,27.6,82,1003.9,10.5
AGR_GMT_01,2023-06-18 16:00:00+00:00,0.0,0.0,0.484,0.467,27.5,83,1004.1,13.3
AGR_GMT_01,2023-06-18 17:00:00+00:00,0.0,0.0,0.483,0.467,27.4,87,1004.0,12.2
AGR_GMT_01,2023-06-18 18:00:00+00:00,0.0,0.0,0.482,0.467,27.4,88,1003.3,13.0
AGR_GMT_01,2023-06-18 19:00:00+00:00,0.0,0.0,0.481,0.467,27.0,90,1002.6,14.9
AGR_GMT_01,2023-06-18 20:00:00+00:00,0.0,0.0,0.48,0.467,26.9,90,1001.8,15.4
AGR_GMT_01,2023-06-18 21:00:00+00:00,0.0,0.0,0.479,0.467,26.7,91,1001.7,14.1
AGR_GMT_01,2023-06-18 22:00:00+00:00,0.0,0.0,0.478,0.467,26.5,92,1002.0,14.9
AGR_GMT_01,2023-06-18 23:00:00+00:00,0.0,0.0,0.477,0.467,26.6,92,1002.3,14.4
AGR_GMT_01,2023-06-19 00:00:00+00:00,0.1,0.1,0.48,0.468,27.0,92,1002.8,13.7
AGR_GMT_01,2023-06-19 01:00:00+00:00,0.1,0.1,0.479,0.468,27.7,88,1003.5,15.3
AGR_GMT_01,2023-06-19 02:00:00+00:00,0.0,0.0,0.478,0.467,28.7,83,1003.6,19.5
AGR_GMT_01,2023-06-19 03:00:00+00:00,0.1,0.1,0.477,0.467,29.9,78,1003.7,15.5
AGR_GMT_01,2023-06-19 04:00:00+00:00,0.1,0.1,0.476,0.466,31.5,72,1003.6,16.0
AGR_GMT_01,2023-06-19 05:00:00+00:00,0.6,0.6,0.478,0.466,30.9,73,1002.6,19.7
AGR_GMT_01,2023-06-19 06:00:00+00:00,0.0,0.0,0.475,0.465,32.0,71,1001.8,15.0
AGR_GMT_01,2023-06-19 07:00:00+00:00,0.0,0.0,0.472,0.464,32.7,69,1001.1,16.6
AGR_GMT_01,2023-06-19 08:00:00+00:00,0.4,0.4,0.473,0.463,31.5,71,1000.3,18.3
AGR_GMT_01,2023-06-19 09:00:00+00:00,0.5,0.5,0.474,0.463,31.2,71,999.9,16.1
AGR_GMT_01,2023-06-19 10:00:00+00:00,0.1,0.1,0.473,0.462,31.4,72,999.1,15.8
AGR_GMT_01,2023-06-19 11:00:00+00:00,0.0,0.0,0.472,0.462,30.7,73,999.2,15.3
AGR_GMT_01,2023-06-19 12:00:00+00:00,0.0,0.0,0.496,0.471,28.3,81,1001.4,11.4
AGR_GMT_01,2023-06-19 13:00:00+00:00,0.0,0.0,0.493,0.471,27.7,84,1001.7,11.8
AGR_GMT_01,2023-06-19 14:00:00+00:00,0.0,0.0,0.491,0.472,27.2,85,1002.2,11.6
AGR_GMT_01,2023-06-19 15:00:00+00:00,0.0,0.0,0.489,0.472,26.8,86,1002.7,9.9
AGR_GMT_01,2023-06-19 16:00:00+00:00,0.0,0.0,0.488,0.472,26.5,88,1003.1,10.9
AGR_GMT_01,2023-06-19 17:00:00+00:00,0.0,0.0,0.486,0.472,26.3,89,1003.3,10.2
AGR_GMT_01,2023-06-19 18:00:00+00:00,0.0,0.0,0.485,0.473,25.9,91,1003.1,9.0
AGR_GMT_01,2023-06-19 19:00:00+00:00,0.0,0.0,0.484,0.473,25.9,91,1002.4,10.1
AGR_GMT_01,2023-06-19 20:00:00+00:00,0.0,0.0,0.483,0.473,26.0,91,1001.9,11.4
AGR_GMT_01,2023-06-19 21:00:00+00:00,0.0,0.0,0.482,0.473,25.9,92,1001.3,12.5
AGR_GMT_01,2023-06-19 22:00:00+00:00,0.0,0.0,0.481,0.473,26.0,92,1001.1,12.8
AGR_GMT_01,2023-06-19 23:00:00+00:00,0.0,0.0,0.48,0.473,26.1,91,1001.5,13.4
AGR_GMT_01,2023-06-20 00:00:00+00:00,0.0,0.0,0.484,0.473,25.9,92,1002.5,9.2
AGR_GMT_01,2023-06-20 01:00:00+00:00,0.0,0.0,0.483,0.473,27.4,86,1003.2,16.1
AGR_GMT_01,2023-06-20 02:00:00+00:00,0.1,0.1,0.482,0.473,28.2,83,1003.9,14.2
AGR_GMT_01,2023-06-20 03:00:00+00:00,0.1,0.1,0.481,0.472,29.2,78,1004.1,13.8
AGR_GMT_01,2023-06-20 04:00:00+00:00,0.1,0.1,0.479,0.471,30.9,71,1003.4,15.5
AGR_GMT_01,2023-06-20 05:00:00+00:00,0.1,0.1,0.477,0.471,31.9,69,1002.4,14.9
AGR_GMT_01,2023-06-20 06:00:00+00:00,0.0,0.0,0.474,0.469,32.9,67,1001.8,13.7
AGR_GMT_01,2023-06-20 07:00:00+00:00,0.0,0.0,0.47,0.468,33.2,65,1000.6,16.9
AGR_GMT_01,2023-06-20 08:00:00+00:00,0.2,0.2,0.469,0.467,31.3,74,1000.0,13.3
AGR_GMT_01,2023-06-20 09:00:00+00:00,0.1,0.1,0.468,0.467,31.5,71,999.2,12.7
AGR_GMT_01,2023-06-20 10:00:00+00:00,0.0,0.0,0.466,0.466,32.0,70,998.5,13.7
AGR_GMT_01,2023-06-20 11:00:00+00:00,0.0,0.0,0.465,0.465,31.3,73,998.8,12.8
AGR_GMT_01,2023-06-20 12:00:00+00:00,0.0,0.0,0.507,0.473,27.6,89,1001.9,4.6
AGR_GMT_01,2023-06-20 13:00:00+00:00,0.3,0.3,0.504,0.475,27.4,92,1001.5,11.4
AGR_GMT_01,2023-06-20 14:00:00+00:00,0.2,0.2,0.501,0.476,27.0,90,1002.4,10.7
AGR_GMT_01,2023-06-20 15:00:00+00:00,0.1,0.1,0.498,0.477,27.0,91,1002.9,12.2
AGR_GMT_01,2023-06-20 16:00:00+00:00,0.0,0.0,0.496,0.477,27.0,91,1003.2,14.5
AGR_GMT_01,2023-06-20 17:00:00+00:00,0.0,0.0,0.494,0.478,26.9,92,1003.6,11.4
AGR_GMT_01,2023-06-20 18:00:00+00:00,0.0,0.0,0.492,0.478,26.8,92,1003.1,12.6
AGR_GMT_01,2023-06-20 19:00:00+00:00,0.0,0.0,0.49,0.478,26.7,93,1002.3,14.5
AGR_GMT_01,2023-06-20 20:00:00+00:00,0.0,0.0,0.489,0.478,26.6,93,1001.9,14.6
AGR_GMT_01,2023-06-20 21:00:00+00:00,0.0,0.0,0.488,0.478,26.5,94,1002.0,11.6
AGR_GMT_01,2023-06-20 22:00:00+00:00,0.0,0.0,0.487,0.478,26.6,93,1002.0,11.5
AGR_GMT_01,2023-06-20 23:00:00+00:00,0.0,0.0,0.486,0.478,26.5,93,1002.0,13.0
AGR_GMT_01,2023-06-21 00:00:00+00:00,0.0,0.0,0.487,0.477,26.9,93,1003.0,11.5
AGR_GMT_01,2023-06-21 01:00:00+00:00,0.0,0.0,0.485,0.477,27.4,91,1003.3,13.6
AGR_GMT_01,2023-06-21 02:00:00+00:00,0.0,0.0,0.484,0.476,28.2,88,1003.6,14.9
AGR_GMT_01,2023-06-21 03:00:00+00:00,0.1,0.1,0.483,0.476,29.9,79,1003.8,13.3
AGR_GMT_01,2023-06-21 04:00:00+00:00,0.1,0.1,0.482,0.475,31.2,72,1003.4,13.8
AGR_GMT_01,2023-06-21 05:00:00+00:00,0.0,0.0,0.479,0.474,32.2,68,1002.8,15.1
AGR_GMT_01,2023-06-21 06:00:00+00:00,0.0,0.0,0.476,0.473,32.9,64,1002.1,14.4
AGR_GMT_01,2023-06-21 07:00:00+00:00,0.0,0.0,0.473,0.472,32.9,64,1001.0,14.6
AGR_GMT_01,2023-06-21 08:00:00+00:00,0.3,0.3,0.473,0.471,33.1,64,1000.2,14.8
AGR_GMT_01,2023-06-21 09:00:00+00:00,4.2,4.2,0.52,0.471,30.1,79,1000.7,18.9
AGR_GMT_01,2023-06-21 10:00:00+00:00,5.2,5.2,0.507,0.494,29.5,82,1000.3,14.3
AGR_GMT_01,2023-06-21 11:00:00+00:00,0.1,0.1,0.504,0.494,29.4,82,999.9,15.6
AGR_GMT_01,2023-06-21 12:00:00+00:00,0.2,0.2,0.503,0.494,28.0,92,1001.2,5.8
AGR_GMT_01,2023-06-21 13:00:00+00:00,0.1,0.1,0.502,0.494,27.7,93,1001.9,5.4
AGR_GMT_01,2023-06-21 14:00:00+00:00,1.8,1.8,0.52,0.495,27.4,92,1003.1,6.5
AGR_GMT_01,2023-06-21 15:00:00+00:00,0.3,0.3,0.503,0.501,27.4,90,1003.5,13.2
AGR_GMT_01,2023-06-21 16:00:00+00:00,0.0,0.0,0.501,0.5,27.1,90,1004.3,14.5
AGR_GMT_01,2023-06-21 17:00:00+00:00,0.0,0.0,0.5,0.499,26.8,91,1004.3,14.9
AGR_GMT_01,2023-06-21 18:00:00+00:00,0.0,0.0,0.499,0.499,26.4,91,1003.4,15.5
AGR_GMT_01,2023-06-21 19:00:00+00:00,0.0,0.0,0.497,0.498,26.0,91,1002.8,15.3
AGR_GMT_01,2023-06-21 20:00:00+00:00,0.1,0.1,0.497,0.497,25.8,92,1002.6,13.4
AGR_GMT_01,2023-06-21 21:00:00+00:00,0.1,0.1,0.497,0.497,25.8,92,1002.3,13.4
AGR_GMT_01,2023-06-21 22:00:00+00:00,0.1,0.1,0.497,0.496,25.7,93,1002.4,12.4
AGR_GMT_01,2023-06-21 23:00:00+00:00,0.1,0.1,0.496,0.496,25.7,93,1002.7,13.6
AGR_GMT_01,2023-06-22 00:00:00+00:00,0.0,0.0,0.491,0.491,26.7,92,1003.5,14.5
AGR_GMT_01,2023-06-22 01:00:00+00:00,0.0,0.0,0.491,0.491,27.4,87,1003.9,15.0
AGR_GMT_01,2023-06-22 02:00:00+00:00,0.0,0.0,0.489,0.49,27.9,85,1004.0,13.8
AGR_GMT_01,2023-06-22 03:00:00+00:00,0.0,0.0,0.488,0.489,29.2,80,1004.6,11.5
AGR_GMT_01,2023-06-22 04:00:00+00:00,0.1,0.1,0.486,0.488,30.0,77,1004.1,14.0
AGR_GMT_01,2023-06-22 05:00:00+00:00,0.3,0.3,0.486,0.487,31.1,72,1003.3,14.2
AGR_GMT_01,2023-06-22 06:00:00+00:00,0.2,0.2,0.484,0.486,32.1,67,1002.3,15.7
AGR_GMT_01,2023-06-22 07:00:00+00:00,0.1,0.1,0.482,0.485,32.5,65,1001.3,15.1
AGR_GMT_01,2023-06-22 08:00:00+00:00,0.5,0.5,0.483,0.484,30.4,74,1000.8,11.5
AGR_GMT_01,2023-06-22 09:00:00+00:00,0.5,0.5,0.485,0.483,30.6,75,1000.1,12.2
AGR_GMT_01,2023-06-22 10:00:00+00:00,0.2,0.2,0.486,0.483,29.7,79,999.9,10.7
AGR_GMT_01,2023-06-22 11:00:00+00:00,1.8,1.8,0.504,0.483,28.6,83,1000.3,14.5
AGR_GMT_01,2023-06-22 12:00:00+00:00,0.2,0.2,0.497,0.485,28.4,81,1001.1,12.7
AGR_GMT_01,2023-06-22 13:00:00+00:00,0.0,0.0,0.495,0.485,27.6,84,1002.2,10.0
AGR_GMT_01,2023-06-22 14:00:00+00:00,0.0,0.0,0.494,0.485,27.2,87,1002.8,9.9
AGR_GMT_01,2023-06-22 15:00:00+00:00,0.0,0.0,0.492,0.485,27.0,88,1003.4,9.8
AGR_GMT_01,2023-06-22 16:00:00+00:00,3.4,3.4,0.52,0.486,26.3,91,1004.2,9.0
AGR_GMT_01,2023-06-22 17:00:00+00:00,6.1,6.1,0.518,0.507,25.9,95,1004.4,6.7
AGR_GMT_01,2023-06-22 18:00:00+00:00,0.3,0.3,0.513,0.508,25.8,95,1003.8,6.7
AGR_GMT_01,2023-06-22 19:00:00+00:00,1.8,1.8,0.514,0.514,25.4,96,1003.3,9.4
AGR_GMT_01,2023-06-22 20:00:00+00:00,0.6,0.6,0.514,0.513,25.5,95,1002.5,12.7
AGR_GMT_01,2023-06-22 21:00:00+00:00,0.2,0.2,0.512,0.511,25.5,95,1002.5,9.6
AGR_GMT_01,2023-06-22 22:00:00+00:00,1.8,1.8,0.513,0.515,25.1,96,1002.6,8.7
AGR_GMT_01,2023-06-22 23:00:00+00:00,0.0,0.0,0.51,0.513,25.2,95,1002.8,8.8
AGR_GMT_01,2023-06-23 00:00:00+00:00,0.0,0.0,0.508,0.493,25.5,93,1003.0,9.0
AGR_GMT_01,2023-06-23 01:00:00+00:00,1.4,1.4,0.503,0.499,26.7,89,1003.4,8.8
AGR_GMT_01,2023-06-23 02:00:00+00:00,0.2,0.2,0.502,0.498,27.6,87,1003.5,9.7
AGR_GMT_01,2023-06-23 03:00:00+00:00,0.1,0.1,0.501,0.498,28.8,82,1003.8,8.7
AGR_GMT_01,2023-06-23 04:00:00+00:00,0.1,0.1,0.499,0.497,29.3,79,1004.0,7.9
AGR_GMT_01,2023-06-23 05:00:00+00:00,0.1,0.1,0.497,0.496,29.4,76,1003.4,6.6
AGR_GMT_01,2023-06-23 06:00:00+00:00,0.1,0.1,0.496,0.495,29.7,76,1002.5,8.2
AGR_GMT_01,2023-06-23 07:00:00+00:00,0.1,0.1,0.494,0.494,30.0,76,1001.0,7.4
AGR_GMT_01,2023-06-23 08:00:00+00:00,0.4,0.4,0.494,0.493,31.2,71,999.9,13.7
AGR_GMT_01,2023-06-23 09:00:00+00:00,1.6,1.6,0.506,0.493,30.1,75,999.4,20.9
AGR_GMT_01,2023-06-23 10:00:00+00:00,0.2,0.2,0.503,0.493,30.1,74,998.7,19.9
AGR_GMT_01,2023-06-23 11:00:00+00:00,0.3,0.3,0.502,0.493,28.7,81,998.9,21.1
AGR_GMT_01,2023-06-23 12:00:00+00:00,0.0,0.0,0.5,0.503,27.5,89,1000.0,8.2
AGR_GMT_01,2023-06-23 13:00:00+00:00,0.1,0.1,0.499,0.502,27.2,89,1000.5,13.3
AGR_GMT_01,2023-06-23 14:00:00+00:00,0.0,0.0,0.498,0.501,26.7,91,1001.4,13.0
AGR_GMT_01,2023-06-23 15:00:00+00:00,0.0,0.0,0.497,0.5,26.5,91,1002.1,14.0
AGR_GMT_01,2023-06-23 16:00:00+00:00,0.0,0.0,0.496,0.5,26.4,91,1002.5,15.5
AGR_GMT_01,2023-06-23 17:00:00+00:00,0.0,0.0,0.495,0.499,26.3,92,1002.9,14.8
AGR_GMT_01,2023-06-23 18:00:00+00:00,0.0,0.0,0.494,0.498,26.0,93,1002.4,14.1
AGR_GMT_01,2023-06-23 19:00:00+00:00,0.0,0.0,0.493,0.497,25.7,93,1001.7,15.5
AGR_GMT_01,2023-06-23 20:00:00+00:00,0.0,0.0,0.493,0.497,25.5,93,1001.4,13.2
AGR_GMT_01,2023-06-23 21:00:00+00:00,0.0,0.0,0.492,0.496,25.4,93,1001.1,11.5
AGR_GMT_01,2023-06-23 22:00:00+00:00,0.0,0.0,0.491,0.496,25.3,92,1001.2,10.9
AGR_GMT_01,2023-06-23 23:00:00+00:00,0.0,0.0,0.49,0.495,25.3,92,1001.4,10.5
AGR_GMT_01,2023-06-24 00:00:00+00:00,0.0,0.0,0.494,0.494,25.7,91,1001.6,12.9
AGR_GMT_01,2023-06-24 01:00:00+00:00,0.0,0.0,0.493,0.494,26.8,86,1002.1,17.9
AGR_GMT_01,2023-06-24 02:00:00+00:00,0.0,0.0,0.491,0.493,27.6,82,1002.1,18.2
AGR_GMT_01,2023-06-24 03:00:00+00:00,0.1,0.1,0.491,0.492,28.8,77,1002.3,15.8
AGR_GMT_01,2023-06-24 04:00:00+00:00,0.3,0.3,0.49,0.491,29.9,73,1001.9,15.7
AGR_GMT_01,2023-06-24 05:00:00+00:00,0.2,0.2,0.489,0.49,31.2,70,1001.6,14.5
AGR_GMT_01,2023-06-24 06:00:00+00:00,0.0,0.0,0.486,0.489,32.1,67,1000.6,14.6
AGR_GMT_01,2023-06-24 07:00:00+00:00,0.2,0.2,0.485,0.488,31.7,66,999.6,14.8
AGR_GMT_01,2023-06-24 08:00:00+00:00,0.1,0.1,0.483,0.487,32.0,66,999.0,18.0
AGR_GMT_01,2023-06-24 09:00:00+00:00,0.1,0.1,0.482,0.486,31.7,67,998.1,16.8
AGR_GMT_01,2023-06-24 10:00:00+00:00,0.1,0.1,0.48,0.485,30.9,69,998.0,21.1
AGR_GMT_01,2023-06-24 11:00:00+00:00,0.0,0.0,0.479,0.484,30.1,72,998.1,19.6
AGR_GMT_01,2023-06-24 12:00:00+00:00,0.0,0.0,0.492,0.485,29.6,75,999.5,13.4
AGR_GMT_01,2023-06-24 13:00:00+00:00,0.0,0.0,0.491,0.485,28.5,78,1000.4,11.9
AGR_GMT_01,2023-06-24 14:00:00+00:00,0.0,0.0,0.49,0.485,27.8,80,1001.3,13.0
AGR_GMT_01,2023-06-24 15:00:00+00:00,0.0,0.0,0.489,0.485,27.3,83,1001.9,13.0
AGR_GMT_01,2023-06-24 16:00:00+00:00,0.0,0.0,0.488,0.485,26.8,86,1002.8,11.8
AGR_GMT_01,2023-06-24 17:00:00+00:00,0.0,0.0,0.487,0.485,26.5,87,1003.0,10.8
AGR_GMT_01,2023-06-24 18:00:00+00:00,0.0,0.0,0.486,0.484,26.2,88,1002.7,11.2
AGR_GMT_01,2023-06-24 19:00:00+00:00,0.0,0.0,0.486,0.484,26.0,88,1002.1,11.6
AGR_GMT_01,2023-06-24 20:00:00+00:00,0.0,0.0,0.485,0.484,25.8,88,1001.5,10.0
AGR_GMT_01,2023-06-24 21:00:00+00:00,0.0,0.0,0.484,0.484,25.6,89,1001.2,9.4
AGR_GMT_01,2023-06-24 22:00:00+00:00,0.0,0.0,0.484,0.483,25.4,90,1001.4,9.1
AGR_GMT_01,2023-06-24 23:00:00+00:00,0.0,0.0,0.483,0.483,25.3,91,1001.9,8.6
AGR_GMT_01,2023-06-25 00:00:00+00:00,0.0,0.0,0.481,0.483,26.6,87,1002.0,10.6
AGR_GMT_01,2023-06-25 01:00:00+00:00,0.0,0.0,0.48,0.483,27.9,81,1002.6,13.6
AGR_GMT_01,2023-06-25 02:00:00+00:00,0.0,0.0,0.478,0.482,29.1,76,1003.0,20.1
AGR_GMT_01,2023-06-25 03:00:00+00:00,0.0,0.0,0.477,0.481,29.9,74,1003.1,16.6
AGR_GMT_01,2023-06-25 04:00:00+00:00,0.1,0.1,0.475,0.48,31.2,70,1002.9,16.8
AGR_GMT_01,2023-06-25 05:00:00+00:00,0.0,0.0,0.472,0.479,32.2,67,1002.4,15.9
AGR_GMT_01,2023-06-25 06:00:00+00:00,0.0,0.0,0.469,0.477,33.0,63,1001.6,16.8
AGR_GMT_01,2023-06-25 07:00:00+00:00,1.0,1.0,0.476,0.477,29.9,76,1001.4,16.6
AGR_GMT_01,2023-06-25 08:00:00+00:00,0.1,0.1,0.475,0.476,31.4,69,1000.2,18.0
AGR_GMT_01,2023-06-25 09:00:00+00:00,0.0,0.0,0.473,0.475,31.4,66,999.4,20.2
AGR_GMT_01,2023-06-25 10:00:00+00:00,0.1,0.1,0.472,0.474,31.1,68,999.4,19.2
AGR_GMT_01,2023-06-25 11:00:00+00:00,0.0,0.0,0.471,0.473,30.5,69,999.3,18.8
AGR_GMT_01,2023-06-25 12:00:00+00:00,0.0,0.0,0.463,0.472,31.1,68,999.9,10.1
AGR_GMT_01,2023-06-25 13:00:00+00:00,0.0,0.0,0.463,0.472,29.8,71,1000.8,11.5
AGR_GMT_01,2023-06-25 14:00:00+00:00,0.0,0.0,0.463,0.471,29.1,76,1001.7,13.8
AGR_GMT_01,2023-06-25 15:00:00+00:00,0.0,0.0,0.463,0.471,28.3,80,1002.6,12.9
AGR_GMT_01,2023-06-25 16:00:00+00:00,0.0,0.0,0.463,0.471,27.6,85,1003.2,11.8
AGR_GMT_01,2023-06-25 17:00:00+00:00,0.0,0.0,0.462,0.471,27.3,87,1003.3,12.3
AGR_GMT_01,2023-06-25 18:00:00+00:00,0.0,0.0,0.462,0.47,27.0,88,1002.9,11.9
AGR_GMT_01,2023-06-25 19:00:00+00:00,0.0,0.0,0.462,0.47,26.6,89,1002.0,13.0
AGR_GMT_01,2023-06-25 20:00:00+00:00,0.0,0.0,0.462,0.47,26.3,88,1001.4,13.2
AGR_GMT_01,2023-06-25 21:00:00+00:00,0.0,0.0,0.462,0.47,26.1,87,1001.5,11.5
AGR_GMT_01,2023-06-25 22:00:00+00:00,0.0,0.0,0.462,0.47,25.9,87,1001.7,11.6
AGR_GMT_01,2023-06-25 23:00:00+00:00,0.0,0.0,0.462,0.469,25.8,87,1001.7,10.2
AGR_GMT_01,2023-06-26 00:00:00+00:00,0.0,0.0,0.461,0.469,26.5,88,1002.2,7.8
AGR_GMT_01,2023-06-26 01:00:00+00:00,0.0,0.0,0.46,0.469,27.8,85,1003.0,7.2
AGR_GMT_01,2023-06-26 02:00:00+00:00,0.0,0.0,0.459,0.468,28.9,79,1003.2,10.8
AGR_GMT_01,2023-06-26 03:00:00+00:00,0.0,0.0,0.458,0.467,30.2,74,1003.3,13.5
AGR_GMT_01,2023-06-26 04:00:00+00:00,0.0,0.0,0.456,0.466,31.1,68,1002.8,16.3
AGR_GMT_01,2023-06-26 05:00:00+00:00,1.0,1.0,0.463,0.466,29.6,75,1002.6,14.4
AGR_GMT_01,2023-06-26 06:00:00+00:00,1.8,1.8,0.482,0.465,29.7,75,1001.9,16.3
AGR_GMT_01,2023-06-26 07:00:00+00:00,1.2,1.2,0.493,0.466,30.0,76,1000.9,14.1
AGR_GMT_01,2023-06-26 08:00:00+00:00,0.1,0.1,0.49,0.466,31.5,70,1000.1,19.1
AGR_GMT_01,2023-06-26 09:00:00+00:00,0.2,0.2,0.488,0.465,29.9,73,999.7,19.7
AGR_GMT_01,2023-06-26 10:00:00+00:00,0.0,0.0,0.485,0.465,29.7,73,999.1,20.1
AGR_GMT_01,2023-06-26 11:00:00+00:00,1.0,1.0,0.491,0.466,28.1,82,999.2,17.7
AGR_GMT_01,2023-06-26 12:00:00+00:00,0.0,0.0,0.455,0.462,28.8,78,1000.1,15.0
AGR_GMT_01,2023-06-26 13:00:00+00:00,0.0,0.0,0.455,0.462,27.7,83,1001.0,14.2
AGR_GMT_01,2023-06-26 14:00:00+00:00,0.0,0.0,0.455,0.461,27.3,85,1002.0,14.0
AGR_GMT_01,2023-06-26 15:00:00+00:00,0.0,0.0,0.455,0.461,27.1,85,1002.7,15.0
AGR_GMT_01,2023-06-26 16:00:00+00:00,0.0,0.0,0.455,0.461,26.8,86,1003.2,15.0
AGR_GMT_01,2023-06-26 17:00:00+00:00,0.0,0.0,0.455,0.461,26.7,86,1003.2,16.3
AGR_GMT_01,2023-06-26 18:00:00+00:00,0.0,0.0,0.455,0.461,26.4,87,1002.6,16.4
AGR_GMT_01,2023-06-26 19:00:00+00:00,0.5,0.5,0.458,0.461,26.1,89,1002.1,16.3
AGR_GMT_01,2023-06-26 20:00:00+00:00,0.0,0.0,0.459,0.461,26.0,89,1001.5,15.2
AGR_GMT_01,2023-06-26 21:00:00+00:00,0.2,0.2,0.46,0.461,25.6,90,1001.4,15.0
AGR_GMT_01,2023-06-26 22:00:00+00:00,0.3,0.3,0.462,0.461,25.4,93,1001.5,12.7
AGR_GMT_01,2023-06-26 23:00:00+00:00,0.4,0.4,0.465,0.46,25.2,95,1001.7,13.0
AGR_GMT_01,2023-06-27 00:00:00+00:00,0.2,0.2,0.457,0.46,25.8,94,1001.9,13.5
AGR_GMT_01,2023-06-27 01:00:00+00:00,0.1,0.1,0.458,0.46,26.5,91,1002.8,15.3
AGR_GMT_01,2023-06-27 02:00:00+00:00,0.0,0.0,0.457,0.46,27.3,86,1003.2,16.8
AGR_GMT_01,2023-06-27 03:00:00+00:00,0.4,0.4,0.46,0.459,26.9,84,1003.9,19.2
AGR_GMT_01,2023-06-27 04:00:00+00:00,0.4,0.4,0.463,0.459,27.1,88,1003.7,17.0
AGR_GMT_01,2023-06-27 05:00:00+00:00,0.1,0.1,0.463,0.459,28.1,84,1003.6,17.6
AGR_GMT_01,2023-06-27 06:00:00+00:00,0.2,0.2,0.463,0.459,28.1,83,1002.9,20.3
AGR_GMT_01,2023-06-27 07:00:00+00:00,0.9,0.9,0.469,0.459,27.2,88,1002.0,20.9
AGR_GMT_01,2023-06-27 08:00:00+00:00,0.9,0.9,0.475,0.459,27.7,83,1001.5,26.0
AGR_GMT_01,2023-06-27 09:00:00+00:00,1.5,1.5,0.488,0.459,27.0,89,1001.5,23.4
AGR_GMT_01,2023-06-27 10:00:00+00:00,0.5,0.5,0.49,0.46,27.6,85,1001.2,19.2
AGR_GMT_01,2023-06-27 11:00:00+00:00,0.4,0.4,0.49,0.46,27.2,87,1001.5,18.7
AGR_GMT_01,2023-06-27 12:00:00+00:00,0.3,0.3,0.498,0.475,26.5,90,1002.7,15.5
AGR_GMT_01,2023-06-27 13:00:00+00:00,0.8,0.8,0.503,0.475,26.0,93,1003.4,14.1
AGR_GMT_01,2023-06-27 14:00:00+00:00,0.7,0.7,0.506,0.477,25.9,94,1003.6,16.0
AGR_GMT_01,2023-06-27 15:00:00+00:00,1.3,1.3,0.515,0.479,25.7,94,1004.5,16.1
AGR_GMT_01,2023-06-27 16:00:00+00:00,0.1,0.1,0.507,0.481,25.6,94,1005.3,15.1
AGR_GMT_01,2023-06-27 17:00:00+00:00,0.1,0.1,0.503,0.482,25.5,94,1005.6,15.7
AGR_GMT_01,2023-06-27 18:00:00+00:00,0.1,0.1,0.5,0.483,25.4,94,1005.3,15.6
AGR_GMT_01,2023-06-27 19:00:00+00:00,0.1,0.1,0.498,0.483,25.0,95,1004.8,14.0
AGR_GMT_01,2023-06-27 20:00:00+00:00,0.1,0.1,0.497,0.483,24.9,95,1004.2,14.7
AGR_GMT_01,2023-06-27 21:00:00+00:00,0.2,0.2,0.497,0.483,24.8,96,1003.8,15.2
AGR_GMT_01,2023-06-27 22:00:00+00:00,0.3,0.3,0.498,0.483,24.8,96,1004.1,13.2
AGR_GMT_01,2023-06-27 23:00:00+00:00,0.2,0.2,0.499,0.483,24.7,96,1004.5,13.8
AGR_GMT_01,2023-06-28 00:00:00+00:00,0.2,0.2,0.504,0.504,25.4,96,1004.5,14.4
AGR_GMT_01,2023-06-28 01:00:00+00:00,0.2,0.2,0.504,0.502,26.0,93,1005.2,17.1
AGR_GMT_01,2023-06-28 02:00:00+00:00,0.1,0.1,0.503,0.501,27.2,88,1006.0,16.9
AGR_GMT_01,2023-06-28 03:00:00+00:00,0.1,0.1,0.501,0.5,28.2,84,1006.1,17.1
AGR_GMT_01,2023-06-28 04:00:00+00:00,0.2,0.2,0.499,0.498,30.2,76,1006.1,19.2
AGR_GMT_01,2023-06-28 05:00:00+00:00,9.2,9.2,0.514,0.516,27.4,85,1006.0,20.0
AGR_GMT_01,2023-06-28 06:00:00+00:00,0.3,0.3,0.511,0.512,28.4,83,1005.2,15.8
AGR_GMT_01,2023-06-28 07:00:00+00:00,0.2,0.2,0.508,0.509,30.1,79,1004.1,15.4
AGR_GMT_01,2023-06-28 08:00:00+00:00,7.2,7.2,0.506,0.52,27.9,83,1004.0,18.2
AGR_GMT_01,2023-06-28 09:00:00+00:00,0.3,0.3,0.493,0.512,28.5,86,1003.1,12.8
AGR_GMT_01,2023-06-28 10:00:00+00:00,0.2,0.2,0.493,0.508,29.2,79,1002.7,19.1
AGR_GMT_01,2023-06-28 11:00:00+00:00,0.1,0.1,0.493,0.506,28.4,83,1002.6,17.7
AGR_GMT_01,2023-06-28 12:00:00+00:00,0.0,0.0,0.504,0.499,26.9,90,1004.2,11.8
AGR_GMT_01,2023-06-28 13:00:00+00:00,0.1,0.1,0.502,0.498,26.8,92,1004.9,10.5
AGR_GMT_01,2023-06-28 14:00:00+00:00,0.2,0.2,0.502,0.497,26.7,92,1005.1,12.9
AGR_GMT_01,2023-06-28 15:00:00+00:00,0.0,0.0,0.5,0.496,26.5,94,1005.8,12.5
AGR_GMT_01,2023-06-28 16:00:00+00:00,0.9,0.9,0.508,0.496,26.4,95,1005.9,13.2
AGR_GMT_01,2023-06-28 17:00:00+00:00,0.0,0.0,0.505,0.496,26.3,95,1006.2,11.4
AGR_GMT_01,2023-06-28 18:00:00+00:00,0.0,0.0,0.502,0.496,26.2,95,1005.8,12.7
AGR_GMT_01,2023-06-28 19:00:00+00:00,2.5,2.5,0.512,0.502,25.6,96,1005.3,11.8
AGR_GMT_01,2023-06-28 20:00:00+00:00,1.5,1.5,0.509,0.507,25.2,96,1004.9,13.0
AGR_GMT_01,2023-06-28 21:00:00+00:00,0.1,0.1,0.507,0.506,25.1,96,1004.0,13.5
AGR_GMT_01,2023-06-28 22:00:00+00:00,0.9,0.9,0.514,0.505,24.9,95,1004.4,6.6
AGR_GMT_01,2023-06-28 23:00:00+00:00,1.6,1.6,0.509,0.51,24.9,96,1004.5,7.1
AGR_GMT_01,2023-06-29 00:00:00+00:00,0.5,0.5,0.51,0.501,26.2,96,1004.5,12.5
AGR_GMT_01,2023-06-29 01:00:00+00:00,0.1,0.1,0.506,0.5,27.5,89,1005.1,18.1
AGR_GMT_01,2023-06-29 02:00:00+00:00,0.1,0.1,0.504,0.499,28.2,86,1005.5,15.7
AGR_GMT_01,2023-06-29 03:00:00+00:00,0.1,0.1,0.502,0.498,29.6,81,1005.7,16.8
AGR_GMT_01,2023-06-29 04:00:00+00:00,0.3,0.3,0.501,0.497,29.7,79,1005.6,23.2
AGR_GMT_01,2023-06-29 05:00:00+00:00,6.5,6.5,0.516,0.505,27.8,86,1005.9,20.3
AGR_GMT_01,2023-06-29 06:00:00+00:00,0.3,0.3,0.511,0.505,28.3,83,1005.4,18.7
AGR_GMT_01,2023-06-29 07:00:00+00:00,0.2,0.2,0.507,0.503,30.1,81,1004.0,19.8
AGR_GMT_01,2023-06-29 08:00:00+00:00,0.7,0.7,0.508,0.502,29.4,79,1002.6,20.0
AGR_GMT_01,2023-06-29 09:00:00+00:00,0.2,0.2,0.505,0.501,30.6,75,1001.8,20.5
AGR_GMT_01,2023-06-29 10:00:00+00:00,0.6,0.6,0.506,0.499,29.5,77,1001.3,17.6
AGR_GMT_01,2023-06-29 11:00:00+00:00,0.1,0.1,0.504,0.498,30.0,79,1001.0,13.5
AGR_GMT_01,2023-06-29 12:00:00+00:00,0.2,0.2,0.501,0.511,26.8,93,1003.1,5.2
AGR_GMT_01,2023-06-29 13:00:00+00:00,0.0,0.0,0.5,0.509,26.5,94,1003.3,7.2
AGR_GMT_01,2023-06-29 14:00:00+00:00,0.0,0.0,0.499,0.507,26.5,94,1003.9,7.6
AGR_GMT_01,2023-06-29 15:00:00+00:00,0.0,0.0,0.497,0.505,26.6,93,1004.4,7.7
AGR_GMT_01,2023-06-29 16:00:00+00:00,0.0,0.0,0.497,0.504,26.6,94,1005.1,6.8
AGR_GMT_01,2023-06-29 17:00:00+00:00,0.0,0.0,0.496,0.502,26.4,95,1005.1,7.3
AGR_GMT_01,2023-06-29 18:00:00+00:00,0.0,0.0,0.495,0.501,26.3,95,1004.9,8.7
AGR_GMT_01,2023-06-29 19:00:00+00:00,1.1,1.1,0.506,0.5,25.9,95,1004.2,9.8
AGR_GMT_01,2023-06-29 20:00:00+00:00,0.8,0.8,0.511,0.501,25.3,95,1003.5,11.1
AGR_GMT_01,2023-06-29 21:00:00+00:00,1.9,1.9,0.511,0.506,25.2,96,1003.6,8.1
AGR_GMT_01,2023-06-29 22:00:00+00:00,0.7,0.7,0.514,0.507,25.1,96,1003.6,13.1
AGR_GMT_01,2023-06-29 23:00:00+00:00,0.2,0.2,0.511,0.506,24.7,96,1003.9,11.6
AGR_GMT_01,2023-06-30 00:00:00+00:00,0.1,0.1,0.489,0.494,25.4,94,1003.8,12.6
AGR_GMT_01,2023-06-30 01:00:00+00:00,0.1,0.1,0.49,0.493,26.8,89,1004.5,16.9
AGR_GMT_01,2023-06-30 02:00:00+00:00,0.0,0.0,0.489,0.493,27.8,85,1005.2,17.6
AGR_GMT_01,2023-06-30 03:00:00+00:00,0.0,0.0,0.487,0.492,29.0,81,1005.3,16.3
AGR_GMT_01,2023-06-30 04:00:00+00:00,0.1,0.1,0.486,0.49,30.3,78,1005.0,15.5
AGR_GMT_01,2023-06-30 05:00:00+00:00,0.2,0.2,0.485,0.489,31.4,71,1004.6,15.5
AGR_GMT_01,2023-06-30 06:00:00+00:00,5.8,5.8,0.503,0.502,26.9,89,1005.0,16.6
AGR_GMT_01,2023-06-30 07:00:00+00:00,0.2,0.2,0.502,0.501,28.2,88,1003.3,7.0
AGR_GMT_01,2023-06-30 08:00:00+00:00,0.1,0.1,0.5,0.499,31.3,74,1001.9,13.1
AGR_GMT_01,2023-06-30 09:00:00+00:00,0.2,0.2,0.498,0.498,32.0,71,1000.5,14.2
AGR_GMT_01,2023-06-30 10:00:00+00:00,0.8,0.8,0.502,0.497,30.2,77,1000.1,16.2
AGR_GMT_01,2023-06-30 11:00:00+00:00,0.4,0.4,0.502,0.496,29.2,80,1000.0,15.2
AGR_GMT_01,2023-06-30 12:00:00+00:00,0.0,0.0,0.504,0.498,28.1,87,1001.9,6.2
AGR_GMT_01,2023-06-30 13:00:00+00:00,3.0,3.0,0.502,0.506,27.4,93,1002.1,4.7
AGR_GMT_01,2023-06-30 14:00:00+00:00,0.1,0.1,0.501,0.504,27.3,94,1002.7,5.2
AGR_GMT_01,2023-06-30 15:00:00+00:00,0.3,0.3,0.504,0.503,27.2,95,1003.3,3.8
AGR_GMT_01,2023-06-30 16:00:00+00:00,0.3,0.3,0.505,0.502,27.1,94,1003.5,5.9
AGR_GMT_01,2023-06-30 17:00:00+00:00,0.0,0.0,0.503,0.502,26.9,93,1003.5,7.6
AGR_GMT_01,2023-06-30 18:00:00+00:00,0.0,0.0,0.502,0.501,26.7,94,1002.9,7.8
AGR_GMT_01,2023-06-30 19:00:00+00:00,0.1,0.1,0.501,0.5,26.5,95,1002.1,9.6
AGR_GMT_01,2023-06-30 20:00:00+00:00,0.1,0.1,0.501,0.499,26.4,96,1001.7,11.3
AGR_GMT_01,2023-06-30 21:00:00+00:00,0.1,0.1,0.5,0.498,26.3,96,1001.6,12.9
AGR_GMT_01,2023-06-30 22:00:00+00:00,0.0,0.0,0.499,0.498,26.3,96,1001.9,13.0
AGR_GMT_01,2023-06-30 23:00:00+00:00,0.0,0.0,0.498,0.497,26.2,96,1002.1,12.7
AGR_GMT_01,2023-07-01 00:00:00+00:00,0.0,0.0,0.497,0.494,26.9,97,1002.6,8.8
AGR_GMT_01,2023-07-01 01:00:00+00:00,0.0,0.0,0.496,0.493,28.0,92,1003.0,11.5
AGR_GMT_01,2023-07-01 02:00:00+00:00,0.1,0.1,0.495,0.493,29.3,87,1004.2,10.6
AGR_GMT_01,2023-07-01 03:00:00+00:00,0.2,0.2,0.495,0.492,30.4,82,1004.1,10.8
AGR_GMT_01,2023-07-01 04:00:00+00:00,0.3,0.3,0.494,0.491,30.7,78,1004.4,14.2
AGR_GMT_01,2023-07-01 05:00:00+00:00,3.2,3.2,0.502,0.497,29.2,84,1004.7,6.5
AGR_GMT_01,2023-07-01 06:00:00+00:00,0.4,0.4,0.502,0.496,30.1,82,1003.9,8.9
AGR_GMT_01,2023-07-01 07:00:00+00:00,0.2,0.2,0.5,0.495,30.9,78,1002.9,14.3
AGR_GMT_01,2023-07-01 08:00:00+00:00,1.7,1.7,0.51,0.497,30.8,79,1001.9,11.9
AGR_GMT_01,2023-07-01 09:00:00+00:00,0.1,0.1,0.506,0.497,30.8,78,1000.9,9.5
AGR_GMT_01,2023-07-01 10:00:00+00:00,1.6,1.6,0.513,0.498,27.9,88,1000.9,8.2
AGR_GMT_01,2023-07-01 11:00:00+00:00,0.0,0.0,0.508,0.498,28.5,86,1001.0,8.0
AGR_GMT_01,2023-07-01 12:00:00+00:00,0.0,0.0,0.512,0.513,27.6,88,1002.0,3.1
AGR_GMT_01,2023-07-01 13:00:00+00:00,0.0,0.0,0.509,0.511,27.1,91,1002.5,3.7
AGR_GMT_01,2023-07-01 14:00:00+00:00,0.0,0.0,0.506,0.509,26.7,93,1003.4,5.2
AGR_GMT_01,2023-07-01 15:00:00+00:00,0.0,0.0,0.504,0.507,26.6,92,1003.7,6.2
AGR_GMT_01,2023-07-01 16:00:00+00:00,0.0,0.0,0.502,0.506,26.7,92,1004.2,6.9
AGR_GMT_01,2023-07-01 17:00:00+00:00,0.0,0.0,0.501,0.505,26.6,93,1004.4,8.7
AGR_GMT_01,2023-07-01 18:00:00+00:00,0.0,0.0,0.499,0.504,26.5,93,1004.3,9.3
AGR_GMT_01,2023-07-01 19:00:00+00:00,0.0,0.0,0.498,0.503,26.3,95,1003.5,9.0
AGR_GMT_01,2023-07-01 20:00:00+00:00,0.0,0.0,0.497,0.502,26.1,96,1003.0,9.9
AGR_GMT_01,2023-07-01 21:00:00+00:00,0.0,0.0,0.496,0.501,26.0,97,1002.4,10.6
AGR_GMT_01,2023-07-01 22:00:00+00:00,0.0,0.0,0.495,0.5,26.1,97,1002.1,10.4
AGR_GMT_01,2023-07-01 23:00:00+00:00,0.0,0.0,0.494,0.499,26.1,97,1002.5,11.1
AGR_GMT_01,2023-07-02 00:00:00+00:00,0.0,0.0,0.494,0.5,27.0,94,1002.6,10.6
AGR_GMT_01,2023-07-02 01:00:00+00:00,0.0,0.0,0.493,0.499,28.1,90,1003.1,13.0
AGR_GMT_01,2023-07-02 02:00:00+00:00,0.1,0.1,0.492,0.498,29.3,86,1003.8,11.5
AGR_GMT_01,2023-07-02 03:00:00+00:00,0.0,0.0,0.49,0.497,30.5,79,1003.8,11.9
AGR_GMT_01,2023-07-02 04:00:00+00:00,0.0,0.0,0.488,0.495,31.5,74,1004.0,13.0
AGR_GMT_01,2023-07-02 05:00:00+00:00,0.1,0.1,0.486,0.494,32.3,71,1003.2,11.6
AGR_GMT_01,2023-07-02 06:00:00+00:00,0.0,0.0,0.484,0.492,32.5,67,1002.3,13.4
AGR_GMT_01,2023-07-02 07:00:00+00:00,0.7,0.7,0.487,0.491,31.3,71,1001.2,13.9
AGR_GMT_01,2023-07-02 08:00:00+00:00,0.5,0.5,0.489,0.49,31.1,78,1000.6,10.4
AGR_GMT_01,2023-07-02 09:00:00+00:00,0.2,0.2,0.488,0.489,31.3,76,999.8,12.3
AGR_GMT_01,2023-07-02 10:00:00+00:00,2.3,2.3,0.509,0.49,29.0,85,999.7,6.6
AGR_GMT_01,2023-07-02 11:00:00+00:00,0.1,0.1,0.505,0.491,29.4,85,999.7,5.4
AGR_GMT_01,2023-07-02 12:00:00+00:00,2.5,2.5,0.496,0.509,30.2,83,1000.7,8.0
AGR_GMT_01,2023-07-02 13:00:00+00:00,0.0,0.0,0.495,0.507,28.9,88,1001.4,7.9
AGR_GMT_01,2023-07-02 14:00:00+00:00,0.0,0.0,0.495,0.506,28.3,87,1002.0,6.5
AGR_GMT_01,2023-07-02 15:00:00+00:00,0.0,0.0,0.494,0.504,27.7,89,1002.9,5.8
AGR_GMT_01,2023-07-02 16:00:00+00:00,0.0,0.0,0.493,0.503,27.5,90,1003.6,5.9
AGR_GMT_01,2023-07-02 17:00:00+00:00,0.0,0.0,0.492,0.502,27.4,91,1003.2,8.2
AGR_GMT_01,2023-07-02 18:00:00+00:00,0.0,0.0,0.492,0.501,27.4,93,1002.9,8.8
AGR_GMT_01,2023-07-02 19:00:00+00:00,0.0,0.0,0.491,0.5,27.3,94,1002.5,10.7
AGR_GMT_01,2023-07-02 20:00:00+00:00,0.0,0.0,0.491,0.499,27.1,95,1002.0,10.7
AGR_GMT_01,2023-07-02 21:00:00+00:00,0.0,0.0,0.49,0.498,26.9,96,1002.0,9.7
AGR_GMT_01,2023-07-02 22:00:00+00:00,0.0,0.0,0.49,0.498,26.7,97,1002.4,8.9
AGR_GMT_01,2023-07-02 23:00:00+00:00,0.0,0.0,0.489,0.497,26.7,97,1002.7,9.7
AGR_GMT_01,2023-07-03 00:00:00+00:00,0.0,0.0,0.492,0.495,27.4,95,1002.6,9.0
AGR_GMT_01,2023-07-03 01:00:00+00:00,0.0,0.0,0.491,0.495,28.5,89,1003.2,12.3
AGR_GMT_01,2023-07-03 02:00:00+00:00,0.1,0.1,0.49,0.494,29.6,86,1003.6,11.3
AGR_GMT_01,2023-07-03 03:00:00+00:00,0.1,0.1,0.49,0.493,30.8,81,1004.0,12.3
AGR_GMT_01,2023-07-03 04:00:00+00:00,0.2,0.2,0.489,0.492,32.0,73,1004.1,10.8
AGR_GMT_01,2023-07-03 05:00:00+00:00,2.8,2.8,0.515,0.492,29.8,81,1003.9,16.2
AGR_GMT_01,2023-07-03 06:00:00+00:00,0.6,0.6,0.511,0.493,30.1,78,1003.0,12.0
AGR_GMT_01,2023-07-03 07:00:00+00:00,0.4,0.4,0.507,0.494,31.8,74,1001.5,10.2
AGR_GMT_01,2023-07-03 08:00:00+00:00,0.4,0.4,0.504,0.494,32.3,70,1000.4,12.3
AGR_GMT_01,2023-07-03 09:00:00+00:00,0.1,0.1,0.5,0.493,32.6,71,999.9,11.2
AGR_GMT_01,2023-07-03 10:00:00+00:00,4.1,4.1,0.515,0.501,29.7,82,999.7,8.7
AGR_GMT_01,2023-07-03 11:00:00+00:00,0.3,0.3,0.51,0.502,30.5,79,999.5,8.4
AGR_GMT_01,2023-07-03 12:00:00+00:00,0.1,0.1,0.492,0.489,29.8,80,1000.8,5.5
AGR_GMT_01,2023-07-03 13:00:00+00:00,0.0,0.0,0.491,0.489,28.5,89,1001.6,4.1
AGR_GMT_01,2023-07-03 14:00:00+00:00,0.0,0.0,0.49,0.488,28.1,91,1002.4,2.9
AGR_GMT_01,2023-07-03 15:00:00+00:00,0.0,0.0,0.49,0.488,27.9,91,1002.8,3.5
AGR_GMT_01,2023-07-03 16:00:00+00:00,0.0,0.0,0.489,0.488,27.8,89,1002.9,6.1
AGR_GMT_01,2023-07-03 17:00:00+00:00,0.0,0.0,0.488,0.488,27.8,89,1003.1,7.6
AGR_GMT_01,2023-07-03 18:00:00+00:00,0.0,0.0,0.488,0.487,27.4,90,1002.9,8.4
AGR_GMT_01,2023-07-03 19:00:00+00:00,0.0,0.0,0.487,0.487,27.1,92,1002.0,8.4
AGR_GMT_01,2023-07-03 20:00:00+00:00,0.0,0.0,0.486,0.487,26.2,97,1001.8,4.6
AGR_GMT_01,2023-07-03 21:00:00+00:00,0.0,0.0,0.486,0.486,26.6,96,1001.5,9.6
AGR_GMT_01,2023-07-03 22:00:00+00:00,0.0,0.0,0.485,0.486,26.5,97,1001.5,9.2
AGR_GMT_01,2023-07-03 23:00:00+00:00,0.0,0.0,0.485,0.486,26.3,97,1001.9,8.0
AGR_GMT_01,2023-07-04 00:00:00+00:00,0.0,0.0,0.486,0.486,27.0,95,1002.2,10.4
AGR_GMT_01,2023-07-04 01:00:00+00:00,0.0,0.0,0.485,0.486,27.9,89,1002.6,10.7
AGR_GMT_01,2023-07-04 02:00:00+00:00,0.0,0.0,0.484,0.485,29.0,84,1003.0,12.4
AGR_GMT_01,2023-07-04 03:00:00+00:00,0.0,0.0,0.482,0.484,30.3,76,1003.0,12.1
AGR_GMT_01,2023-07-04 04:00:00+00:00,0.1,0.1,0.48,0.483,31.4,71,1003.0,9.7
AGR_GMT_01,2023-07-04 05:00:00+00:00,0.0,0.0,0.478,0.482,32.2,69,1002.8,7.2
AGR_GMT_01,2023-07-04 06:00:00+00:00,0.0,0.0,0.475,0.481,32.9,69,1001.8,6.0
AGR_GMT_01,2023-07-04 07:00:00+00:00,0.0,0.0,0.473,0.48,33.1,69,1000.3,6.1
AGR_GMT_01,2023-07-04 08:00:00+00:00,0.0,0.0,0.47,0.478,33.6,67,999.0,6.0
AGR_GMT_01,2023-07-04 09:00:00+00:00,0.0,0.0,0.468,0.477,33.3,68,998.5,7.4
AGR_GMT_01,2023-07-04 10:00:00+00:00,6.1,6.1,0.513,0.485,29.5,83,998.1,14.7
AGR_GMT_01,2023-07-04 11:00:00+00:00,1.4,1.4,0.501,0.492,29.4,84,997.9,6.9
AGR_GMT_01,2023-07-04 12:00:00+00:00,0.0,0.0,0.489,0.473,30.0,83,999.1,4.1
AGR_GMT_01,2023-07-04 13:00:00+00:00,0.0,0.0,0.487,0.473,28.9,89,999.8,6.5
AGR_GMT_01,2023-07-04 14:00:00+00:00,0.0,0.0,0.486,0.474,28.2,87,1000.6,9.4
AGR_GMT_01,2023-07-04 15:00:00+00:00,0.0,0.0,0.485,0.474,27.8,87,1001.4,5.6
AGR_GMT_01,2023-07-04 16:00:00+00:00,0.0,0.0,0.484,0.474,27.7,86,1002.0,8.5
AGR_GMT_01,2023-07-04 17:00:00+00:00,0.0,0.0,0.483,0.474,27.9,87,1002.1,11.6
AGR_GMT_01,2023-07-04 18:00:00+00:00,0.0,0.0,0.482,0.474,27.6,89,1002.0,10.3
AGR_GMT_01,2023-07-04 19:00:00+00:00,0.0,0.0,0.482,0.474,27.2,92,1001.7,9.9
AGR_GMT_01,2023-07-04 20:00:00+00:00,0.0,0.0,0.481,0.474,26.6,94,1000.9,10.2
AGR_GMT_01,2023-07-04 21:00:00+00:00,0.1,0.1,0.482,0.474,25.7,95,1000.9,10.0
AGR_GMT_01,2023-07-04 22:00:00+00:00,0.1,0.1,0.481,0.474,25.5,95,1000.7,8.6
AGR_GMT_01,2023-07-04 23:00:00+00:00,0.0,0.0,0.481,0.474,25.4,94,1000.4,9.2
AGR_GMT_01,2023-07-05 00:00:00+00:00,0.0,0.0,0.502,0.5,25.7,96,1000.8,6.5
AGR_GMT_01,2023-07-05 01:00:00+00:00,0.0,0.0,0.501,0.5,26.7,91,1001.6,8.3
AGR_GMT_01,2023-07-05 02:00:00+00:00,0.0,0.0,0.499,0.499,27.8,89,1001.7,4.9
AGR_GMT_01,2023-07-05 03:00:00+00:00,0.0,0.0,0.497,0.498,29.7,80,1001.8,7.7
AGR_GMT_01,2023-07-05 04:00:00+00:00,0.0,0.0,0.495,0.497,30.3,75,1002.0,7.4
AGR_GMT_01,2023-07-05 05:00:00+00:00,0.0,0.0,0.493,0.496,30.4,75,1001.4,6.6
AGR_GMT_01,2023-07-05 06:00:00+00:00,0.1,0.1,0.49,0.495,32.2,70,1000.4,7.6
AGR_GMT_01,2023-07-05 07:00:00+00:00,0.2,0.2,0.489,0.494,31.9,72,999.3,7.7
AGR_GMT_01,2023-07-05 08:00:00+00:00,4.1,4.1,0.503,0.5,29.3,84,999.0,9.7
AGR_GMT_01,2023-07-05 09:00:00+00:00,0.1,0.1,0.501,0.499,30.8,77,998.3,3.2
AGR_GMT_01,2023-07-05 10:00:00+00:00,2.9,2.9,0.507,0.505,28.3,84,998.1,14.7
AGR_GMT_01,2023-07-05 11:00:00+00:00,0.1,0.1,0.505,0.504,29.0,82,998.3,12.1
AGR_GMT_01,2023-07-05 12:00:00+00:00,0.2,0.2,0.495,0.5,29.1,81,999.2,11.3
AGR_GMT_01,2023-07-05 13:00:00+00:00,0.0,0.0,0.494,0.499,28.4,84,999.9,13.0
AGR_GMT_01,2023-07-05 14:00:00+00:00,0.1,0.1,0.494,0.498,28.1,85,1000.6,13.1
AGR_GMT_01,2023-07-05 15:00:00+00:00,1.6,1.6,0.509,0.498,27.5,89,1001.7,11.0
AGR_GMT_01,2023-07-05 16:00:00+00:00,0.4,0.4,0.509,0.499,26.8,91,1002.7,14.4
AGR_GMT_01,2023-07-05 17:00:00+00:00,0.0,0.0,0.506,0.499,26.6,92,1003.0,14.2
AGR_GMT_01,2023-07-05 18:00:00+00:00,0.0,0.0,0.503,0.499,26.5,91,1002.5,15.1
AGR_GMT_01,2023-07-05 19:00:00+00:00,0.0,0.0,0.502,0.498,26.4,91,1002.0,17.4
AGR_GMT_01,2023-07-05 20:00:00+00:00,0.0,0.0,0.5,0.498,26.3,90,1001.9,17.1
AGR_GMT_01,2023-07-05 21:00:00+00:00,0.1,0.1,0.5,0.498,26.0,91,1001.8,17.6
AGR_GMT_01,2023-07-05 22:00:00+00:00,0.1,0.1,0.499,0.497,26.0,91,1001.9,17.3
AGR_GMT_01,2023-07-05 23:00:00+00:00,0.1,0.1,0.498,0.497,25.8,92,1002.0,17.0
AGR_GMT_01,2023-07-06 00:00:00+00:00,0.1,0.1,0.5,0.495,26.3,92,1002.8,13.8
AGR_GMT_01,2023-07-06 01:00:00+00:00,0.0,0.0,0.498,0.495,26.9,89,1003.5,15.8
AGR_GMT_01,2023-07-06 02:00:00+00:00,0.0,0.0,0.497,0.495,27.9,84,1003.7,16.5
AGR_GMT_01,2023-07-06 03:00:00+00:00,0.1,0.1,0.495,0.494,29.0,79,1003.7,23.2
AGR_GMT_01,2023-07-06 04:00:00+00:00,0.0,0.0,0.493,0.493,30.0,77,1003.7,21.4
AGR_GMT_01,2023-07-06 05:00:00+00:00,0.1,0.1,0.491,0.492,30.7,74,1003.4,22.3
AGR_GMT_01,2023-07-06 06:00:00+00:00,0.1,0.1,0.489,0.491,30.2,75,1002.8,20.8
AGR_GMT_01,2023-07-06 07:00:00+00:00,0.1,0.1,0.487,0.49,31.6,71,1002.0,21.3
AGR_GMT_01,2023-07-06 08:00:00+00:00,0.2,0.2,0.486,0.489,30.2,74,1001.7,22.1
AGR_GMT_01,2023-07-06 09:00:00+00:00,0.7,0.7,0.49,0.488,29.8,76,1001.4,23.1
AGR_GMT_01,2023-07-06 10:00:00+00:00,0.3,0.3,0.49,0.488,29.5,77,1000.6,22.0
AGR_GMT_01,2023-07-06 11:00:00+00:00,0.0,0.0,0.489,0.487,28.8,80,1000.7,22.3
AGR_GMT_01,2023-07-06 12:00:00+00:00,0.0,0.0,0.491,0.489,28.4,83,1002.0,17.9
AGR_GMT_01,2023-07-06 13:00:00+00:00,0.0,0.0,0.49,0.488,27.9,85,1002.9,15.8
AGR_GMT_01,2023-07-06 14:00:00+00:00,0.0,0.0,0.489,0.488,27.5,87,1003.6,14.7
AGR_GMT_01,2023-07-06 15:00:00+00:00,0.0,0.0,0.488,0.488,27.3,87,1004.8,13.4
AGR_GMT_01,2023-07-06 16:00:00+00:00,0.0,0.0,0.488,0.488,27.2,88,1005.6,15.0
AGR_GMT_01,2023-07-06 17:00:00+00:00,0.0,0.0,0.487,0.487,27.0,89,1005.6,14.9
AGR_GMT_01,2023-07-06 18:00:00+00:00,0.0,0.0,0.487,0.487,26.8,89,1005.1,14.8
AGR_GMT_01,2023-07-06 19:00:00+00:00,0.0,0.0,0.486,0.487,26.6,89,1004.4,14.8
AGR_GMT_01,2023-07-06 20:00:00+00:00,0.0,0.0,0.486,0.486,26.4,89,1004.3,14.4
AGR_GMT_01,2023-07-06 21:00:00+00:00,0.0,0.0,0.485,0.486,26.4,89,1004.2,14.7
AGR_GMT_01,2023-07-06 22:00:00+00:00,0.0,0.0,0.485,0.486,26.3,88,1003.9,14.4
AGR_GMT_01,2023-07-06 23:00:00+00:00,0.0,0.0,0.484,0.486,26.1,88,1003.9,13.2
AGR_GMT_01,2023-07-07 00:00:00+00:00,0.0,0.0,0.481,0.484,26.6,89,1004.4,15.5
AGR_GMT_01,2023-07-07 01:00:00+00:00,0.0,0.0,0.48,0.484,27.6,84,1005.2,15.6
AGR_GMT_01,2023-07-07 02:00:00+00:00,0.0,0.0,0.479,0.483,28.4,81,1005.7,18.7
AGR_GMT_01,2023-07-07 03:00:00+00:00,0.0,0.0,0.478,0.483,29.5,77,1006.0,17.4
AGR_GMT_01,2023-07-07 04:00:00+00:00,0.1,0.1,0.476,0.482,30.9,71,1006.0,19.2
AGR_GMT_01,2023-07-07 05:00:00+00:00,4.0,4.0,0.513,0.485,28.7,82,1005.7,14.7
AGR_GMT_01,2023-07-07 06:00:00+00:00,1.3,1.3,0.512,0.488,28.9,83,1004.8,16.0
AGR_GMT_01,2023-07-07 07:00:00+00:00,0.4,0.4,0.507,0.489,30.4,76,1003.7,19.6
AGR_GMT_01,2023-07-07 08:00:00+00:00,0.1,0.1,0.502,0.489,30.9,73,1002.8,19.6
AGR_GMT_01,2023-07-07 09:00:00+00:00,0.5,0.5,0.502,0.489,29.3,78,1002.3,20.9
AGR_GMT_01,2023-07-07 10:00:00+00:00,0.2,0.2,0.5,0.489,29.4,79,1001.5,19.1
AGR_GMT_01,2023-07-07 11:00:00+00:00,0.0,0.0,0.497,0.489,29.5,76,1001.5,20.5
AGR_GMT_01,2023-07-07 12:00:00+00:00,0.1,0.1,0.477,0.474,29.0,80,1002.8,16.1
AGR_GMT_01,2023-07-07 13:00:00+00:00,0.0,0.0,0.477,0.473,28.2,82,1004.0,15.6
AGR_GMT_01,2023-07-07 14:00:00+00:00,0.0,0.0,0.476,0.473,27.4,85,1004.8,14.5
AGR_GMT_01,2023-07-07 15:00:00+00:00,0.0,0.0,0.476,0.473,27.1,87,1005.7,13.7
AGR_GMT_01,2023-07-07 16:00:00+00:00,0.0,0.0,0.475,0.473,27.1,88,1006.4,13.0
AGR_GMT_01,2023-07-07 17:00:00+00:00,0.0,0.0,0.475,0.473,27.0,89,1006.4,13.9
AGR_GMT_01,2023-07-07 18:00:00+00:00,0.0,0.0,0.474,0.473,26.5,90,1006.2,15.1
AGR_GMT_01,2023-07-07 19:00:00+00:00,0.0,0.0,0.474,0.473,25.9,90,1005.8,14.2
AGR_GMT_01,2023-07-07 20:00:00+00:00,0.0,0.0,0.474,0.473,25.9,91,1005.1,13.9
AGR_GMT_01,2023-07-07 21:00:00+00:00,0.0,0.0,0.473,0.473,26.1,91,1004.9,13.7
AGR_GMT_01,2023-07-07 22:00:00+00:00,0.0,0.0,0.473,0.473,26.1,90,1004.5,12.2
AGR_GMT_01,2023-07-07 23:00:00+00:00,0.0,0.0,0.472,0.472,25.8,91,1004.7,12.0
AGR_GMT_01,2023-07-08 00:00:00+00:00,0.0,0.0,0.469,0.472,26.2,90,1005.6,12.2
AGR_GMT_01,2023-07-08 01:00:00+00:00,0.0,0.0,0.468,0.472,27.4,85,1006.5,17.7
AGR_GMT_01,2023-07-08 02:00:00+00:00,0.0,0.0,0.467,0.471,28.7,80,1006.9,18.0
AGR_GMT_01,2023-07-08 03:00:00+00:00,0.0,0.0,0.466,0.471,29.3,78,1006.7,14.7
AGR_GMT_01,2023-07-08 04:00:00+00:00,0.0,0.0,0.464,0.47,30.9,73,1006.3,14.8
AGR_GMT_01,2023-07-08 05:00:00+00:00,0.0,0.0,0.462,0.469,31.7,70,1005.7,16.3
AGR_GMT_01,2023-07-08 06:00:00+00:00,0.1,0.1,0.46,0.468,31.7,69,1004.8,17.3
AGR_GMT_01,2023-07-08 07:00:00+00:00,0.3,0.3,0.46,0.467,30.7,75,1004.0,19.1
AGR_GMT_01,2023-07-08 08:00:00+00:00,0.7,0.7,0.463,0.466,31.3,68,1002.6,19.9
AGR_GMT_01,2023-07-08 09:00:00+00:00,1.0,1.0,0.47,0.466,30.7,77,1002.1,18.0
AGR_GMT_01,2023-07-08 10:00:00+00:00,0.1,0.1,0.469,0.465,30.9,69,1001.5,19.5
AGR_GMT_01,2023-07-08 11:00:00+00:00,0.1,0.1,0.468,0.465,30.4,73,1001.8,16.6
AGR_GMT_01,2023-07-08 12:00:00+00:00,0.0,0.0,0.467,0.464,29.6,79,1003.1,9.7
AGR_GMT_01,2023-07-08 13:00:00+00:00,0.0,0.0,0.467,0.464,29.0,79,1003.7,11.7
AGR_GMT_01,2023-07-08 14:00:00+00:00,0.0,0.0,0.467,0.464,28.4,81,1004.6,14.1
AGR_GMT_01,2023-07-08 15:00:00+00:00,0.0,0.0,0.466,0.464,27.8,86,1005.4,11.5
AGR_GMT_01,2023-07-08 16:00:00+00:00,0.0,0.0,0.466,0.464,27.4,88,1006.0,11.0
AGR_GMT_01,2023-07-08 17:00:00+00:00,0.0,0.0,0.466,0.464,27.2,89,1006.0,11.5
AGR_GMT_01,2023-07-08 18:00:00+00:00,0.0,0.0,0.465,0.464,26.9,90,1005.5,11.0
AGR_GMT_01,2023-07-08 19:00:00+00:00,0.0,0.0,0.465,0.464,26.8,90,1004.7,11.1
AGR_GMT_01,2023-07-08 20:00:00+00:00,0.0,0.0,0.465,0.464,26.6,91,1004.2,10.3
AGR_GMT_01,2023-07-08 21:00:00+00:00,0.0,0.0,0.465,0.464,26.4,92,1004.1,10.5
AGR_GMT_01,2023-07-08 22:00:00+00:00,0.0,0.0,0.464,0.464,26.2,93,1004.1,11.4
AGR_GMT_01,2023-07-08 23:00:00+00:00,0.0,0.0,0.464,0.464,26.4,91,1004.1,12.1
AGR_GMT_01,2023-07-09 00:00:00+00:00,0.0,0.0,0.463,0.463,26.5,93,1004.3,9.7
AGR_GMT_01,2023-07-09 01:00:00+00:00,0.0,0.0,0.462,0.463,27.6,87,1004.7,12.8
AGR_GMT_01,2023-07-09 02:00:00+00:00,0.0,0.0,0.462,0.463,28.3,84,1005.0,13.2
AGR_GMT_01,2023-07-09 03:00:00+00:00,0.0,0.0,0.46,0.462,29.7,80,1004.9,13.1
AGR_GMT_01,2023-07-09 04:00:00+00:00,0.1,0.1,0.459,0.462,30.3,76,1004.9,10.9
AGR_GMT_01,2023-07-09 05:00:00+00:00,0.0,0.0,0.458,0.461,30.4,75,1004.5,11.8
AGR_GMT_01,2023-07-09 06:00:00+00:00,0.1,0.1,0.457,0.46,31.1,74,1003.6,11.2
AGR_GMT_01,2023-07-09 07:00:00+00:00,1.6,1.6,0.47,0.46,30.3,75,1002.7,15.3
AGR_GMT_01,2023-07-09 08:00:00+00:00,0.1,0.1,0.47,0.459,30.7,75,1001.3,10.9
AGR_GMT_01,2023-07-09 09:00:00+00:00,0.0,0.0,0.468,0.459,31.3,73,1000.9,12.4
AGR_GMT_01,2023-07-09 10:00:00+00:00,0.0,0.0,0.466,0.458,31.4,73,1000.7,12.2
AGR_GMT_01,2023-07-09 11:00:00+00:00,2.3,2.3,0.491,0.458,29.0,84,1001.0,11.5
AGR_GMT_01,2023-07-09 12:00:00+00:00,0.1,0.1,0.501,0.46,30.0,78,1002.5,8.6
AGR_GMT_01,2023-07-09 13:00:00+00:00,0.1,0.1,0.497,0.461,28.7,84,1002.4,10.1
AGR_GMT_01,2023-07-09 14:00:00+00:00,0.0,0.0,0.494,0.462,28.1,86,1003.1,10.5
AGR_GMT_01,2023-07-09 15:00:00+00:00,0.0,0.0,0.491,0.463,27.8,88,1004.0,11.7
AGR_GMT_01,2023-07-09 16:00:00+00:00,0.0,0.0,0.489,0.464,27.5,89,1004.2,10.9
AGR_GMT_01,2023-07-09 17:00:00+00:00,0.0,0.0,0.487,0.464,27.2,92,1004.4,8.7
AGR_GMT_01,2023-07-09 18:00:00+00:00,0.0,0.0,0.486,0.465,27.0,93,1003.9,9.9
AGR_GMT_01,2023-07-09 19:00:00+00:00,0.0,0.0,0.484,0.465,26.9,94,1003.3,11.3
AGR_GMT_01,2023-07-09 20:00:00+00:00,0.1,0.1,0.483,0.465,26.7,94,1003.1,10.0
AGR_GMT_01,2023-07-09 21:00:00+00:00,0.3,0.3,0.484,0.466,26.5,95,1003.1,8.5
AGR_GMT_01,2023-07-09 22:00:00+00:00,0.0,0.0,0.483,0.466,26.4,96,1003.1,9.0
AGR_GMT_01,2023-07-09 23:00:00+00:00,0.6,0.6,0.487,0.466,26.3,95,1002.9,9.4
AGR_GMT_01,2023-07-10 00:00:00+00:00,0.8,0.8,0.498,0.476,25.8,96,1003.7,11.0
AGR_GMT_01,2023-07-10 01:00:00+00:00,0.0,0.0,0.496,0.477,27.0,91,1003.9,15.9
AGR_GMT_01,2023-07-10 02:00:00+00:00,0.0,0.0,0.493,0.477,27.7,89,1004.6,14.4
AGR_GMT_01,2023-07-10 03:00:00+00:00,0.0,0.0,0.491,0.477,29.2,83,1004.8,11.6
AGR_GMT_01,2023-07-10 04:00:00+00:00,0.0,0.0,0.488,0.477,30.6,78,1004.6,14.8
AGR_GMT_01,2023-07-10 05:00:00+00:00,0.1,0.1,0.486,0.476,30.8,74,1004.0,15.2
AGR_GMT_01,2023-07-10 06:00:00+00:00,0.2,0.2,0.485,0.476,29.9,75,1003.1,17.7
AGR_GMT_01,2023-07-10 07:00:00+00:00,1.2,1.2,0.494,0.476,30.2,79,1002.7,14.4
AGR_GMT_01,2023-07-10 08:00:00+00:00,0.2,0.2,0.492,0.476,30.2,79,1001.6,15.5
AGR_GMT_01,2023-07-10 09:00:00+00:00,0.1,0.1,0.489,0.475,31.0,74,1001.1,16.0
AGR_GMT_01,2023-07-10 10:00:00+00:00,0.0,0.0,0.487,0.475,30.8,72,1000.6,17.9
AGR_GMT_01,2023-07-10 11:00:00+00:00,0.2,0.2,0.486,0.475,29.5,77,1000.5,12.8
AGR_GMT_01,2023-07-10 12:00:00+00:00,0.0,0.0,0.492,0.475,28.5,86,1001.7,6.9
AGR_GMT_01,2023-07-10 13:00:00+00:00,0.0,0.0,0.49,0.475,28.1,87,1002.2,9.5
AGR_GMT_01,2023-07-10 14:00:00+00:00,0.0,0.0,0.489,0.475,27.6,88,1003.3,11.8
AGR_GMT_01,2023-07-10 15:00:00+00:00,0.0,0.0,0.487,0.476,27.4,89,1004.3,13.5
AGR_GMT_01,2023-07-10 16:00:00+00:00,0.0,0.0,0.486,0.476,27.1,91,1004.9,13.6
AGR_GMT_01,2023-07-10 17:00:00+00:00,0.0,0.0,0.485,0.476,26.8,92,1004.8,12.9
AGR_GMT_01,2023-07-10 18:00:00+00:00,0.0,0.0,0.484,0.476,26.6,93,1004.5,12.5
AGR_GMT_01,2023-07-10 19:00:00+00:00,0.0,0.0,0.483,0.476,26.4,93,1004.0,13.4
AGR_GMT_01,2023-07-10 20:00:00+00:00,0.0,0.0,0.483,0.476,26.2,93,1003.5,12.4
AGR_GMT_01,2023-07-10 21:00:00+00:00,0.0,0.0,0.482,0.476,26.1,94,1003.2,12.5
AGR_GMT_01,2023-07-10 22:00:00+00:00,0.0,0.0,0.481,0.476,26.2,94,1003.2,12.2
AGR_GMT_01,2023-07-10 23:00:00+00:00,0.1,0.1,0.481,0.476,26.2,93,1003.6,14.0
AGR_GMT_01,2023-07-11 00:00:00+00:00,0.3,0.3,0.478,0.476,26.3,92,1003.7,13.3
AGR_GMT_01,2023-07-11 01:00:00+00:00,0.0,0.0,0.477,0.475,27.3,86,1004.1,18.1
AGR_GMT_01,2023-07-11 02:00:00+00:00,0.1,0.1,0.477,0.475,28.1,83,1005.0,17.5
AGR_GMT_01,2023-07-11 03:00:00+00:00,0.0,0.0,0.476,0.475,28.6,84,1004.8,15.9
AGR_GMT_01,2023-07-11 04:00:00+00:00,0.1,0.1,0.474,0.474,29.5,79,1004.7,18.4
AGR_GMT_01,2023-07-11 05:00:00+00:00,0.2,0.2,0.473,0.473,30.3,76,1004.1,16.9
AGR_GMT_01,2023-07-11 06:00:00+00:00,0.1,0.1,0.472,0.472,31.3,71,1003.4,16.5
AGR_GMT_01,2023-07-11 07:00:00+00:00,0.6,0.6,0.474,0.471,30.3,73,1002.3,17.9
AGR_GMT_01,2023-07-11 08:00:00+00:00,0.3,0.3,0.474,0.471,31.2,73,1001.6,14.8
AGR_GMT_01,2023-07-11 09:00:00+00:00,0.1,0.1,0.473,0.47,30.7,73,1000.9,16.8
AGR_GMT_01,2023-07-11 10:00:00+00:00,0.1,0.1,0.472,0.47,30.7,71,1000.5,16.7
AGR_GMT_01,2023-07-11 11:00:00+00:00,0.1,0.1,0.471,0.469,29.9,76,1000.4,14.8
AGR_GMT_01,2023-07-11 12:00:00+00:00,0.0,0.0,0.476,0.468,29.4,79,1001.6,12.3
AGR_GMT_01,2023-07-11 13:00:00+00:00,0.0,0.0,0.475,0.468,28.6,80,1002.3,13.4
AGR_GMT_01,2023-07-11 14:00:00+00:00,0.0,0.0,0.474,0.468,28.1,82,1003.0,13.6
AGR_GMT_01,2023-07-11 15:00:00+00:00,0.0,0.0,0.474,0.468,27.6,84,1004.1,13.1
AGR_GMT_01,2023-07-11 16:00:00+00:00,0.0,0.0,0.473,0.468,27.3,86,1004.8,13.8
AGR_GMT_01,2023-07-11 17:00:00+00:00,0.0,0.0,0.473,0.468,27.0,88,1005.0,13.4
AGR_GMT_01,2023-07-11 18:00:00+00:00,0.0,0.0,0.472,0.468,26.8,89,1004.7,11.9
AGR_GMT_01,2023-07-11 19:00:00+00:00,0.0,0.0,0.472,0.468,26.6,89,1004.2,11.5
AGR_GMT_01,2023-07-11 20:00:00+00:00,0.0,0.0,0.472,0.468,26.5,89,1003.7,13.0
AGR_GMT_01,2023-07-11 21:00:00+00:00,0.0,0.0,0.471,0.468,26.3,90,1003.7,12.1
AGR_GMT_01,2023-07-11 22:00:00+00:00,0.0,0.0,0.471,0.468,26.0,90,1003.8,11.9
AGR_GMT_01,2023-07-11 23:00:00+00:00,0.0,0.0,0.47,0.468,25.9,90,1003.6,12.6
AGR_GMT_01,2023-07-12 00:00:00+00:00,0.0,0.0,0.47,0.468,26.5,88,1004.1,14.8
AGR_GMT_01,2023-07-12 01:00:00+00:00,0.0,0.0,0.47,0.468,27.0,86,1004.5,15.2
AGR_GMT_01,2023-07-12 02:00:00+00:00,0.0,0.0,0.468,0.467,28.2,83,1005.1,16.7
AGR_GMT_01,2023-07-12 03:00:00+00:00,0.1,0.1,0.468,0.467,29.0,80,1005.4,16.7
AGR_GMT_01,2023-07-12 04:00:00+00:00,0.1,0.1,0.466,0.466,30.6,74,1005.1,17.3
AGR_GMT_01,2023-07-12 05:00:00+00:00,0.1,0.1,0.465,0.465,30.3,74,1004.6,17.7
AGR_GMT_01,2023-07-12 06:00:00+00:00,0.2,0.2,0.465,0.465,30.9,75,1003.7,13.5
AGR_GMT_01,2023-07-12 07:00:00+00:00,0.7,0.7,0.468,0.464,29.7,78,1002.9,16.3
AGR_GMT_01,2023-07-12 08:00:00+00:00,0.1,0.1,0.466,0.463,31.2,72,1001.8,15.9
AGR_GMT_01,2023-07-12 09:00:00+00:00,0.0,0.0,0.464,0.462,31.6,71,1001.2,16.5
AGR_GMT_01,2023-07-12 10:00:00+00:00,1.2,1.2,0.472,0.462,29.8,78,1000.9,15.9
AGR_GMT_01,2023-07-12 11:00:00+00:00,0.2,0.2,0.473,0.462,29.3,81,1001.0,14.8
AGR_GMT_01,2023-07-12 12:00:00+00:00,0.0,0.0,0.467,0.462,29.4,79,1002.1,13.4
AGR_GMT_01,2023-07-12 13:00:00+00:00,0.0,0.0,0.467,0.461,28.7,80,1002.9,13.1
AGR_GMT_01,2023-07-12 14:00:00+00:00,0.0,0.0,0.466,0.461,28.1,83,1003.6,12.6
AGR_GMT_01,2023-07-12 15:00:00+00:00,0.0,0.0,0.466,0.461,27.7,86,1004.8,12.6
AGR_GMT_01,2023-07-12 16:00:00+00:00,0.0,0.0,0.466,0.461,27.5,88,1005.4,12.2
AGR_GMT_01,2023-07-12 17:00:00+00:00,0.0,0.0,0.465,0.461,27.3,88,1005.3,13.3
AGR_GMT_01,2023-07-12 18:00:00+00:00,0.0,0.0,0.465,0.461,27.1,87,1004.8,14.1
AGR_GMT_01,2023-07-12 19:00:00+00:00,0.0,0.0,0.465,0.461,26.8,88,1004.1,13.8
AGR_GMT_01,2023-07-12 20:00:00+00:00,0.0,0.0,0.464,0.461,26.5,88,1003.8,13.2
AGR_GMT_01,2023-07-12 21:00:00+00:00,0.0,0.0,0.464,0.461,26.2,89,1003.4,12.8
AGR_GMT_01,2023-07-12 22:00:00+00:00,0.0,0.0,0.464,0.461,26.0,90,1003.4,11.7
AGR_GMT_01,2023-07-12 23:00:00+00:00,0.0,0.0,0.464,0.461,26.0,90,1003.4,11.3
AGR_GMT_01,2023-07-13 00:00:00+00:00,0.0,0.0,0.464,0.461,26.1,92,1004.1,13.6
AGR_GMT_01,2023-07-13 01:00:00+00:00,0.0,0.0,0.464,0.461,27.0,87,1004.6,14.1
AGR_GMT_01,2023-07-13 02:00:00+00:00,0.0,0.0,0.463,0.461,27.9,83,1005.1,14.8
AGR_GMT_01,2023-07-13 03:00:00+00:00,0.0,0.0,0.462,0.46,28.9,79,1005.1,15.5
AGR_GMT_01,2023-07-13 04:00:00+00:00,0.1,0.1,0.461,0.46,30.0,77,1005.0,14.4
AGR_GMT_01,2023-07-13 05:00:00+00:00,0.0,0.0,0.459,0.459,31.4,70,1004.5,12.6
AGR_GMT_01,2023-07-13 06:00:00+00:00,3.0,3.0,0.49,0.458,27.8,86,1004.4,16.6
AGR_GMT_01,2023-07-13 07:00:00+00:00,0.4,0.4,0.49,0.459,29.2,84,1003.2,12.6
AGR_GMT_01,2023-07-13 08:00:00+00:00,0.1,0.1,0.487,0.459,30.8,74,1002.4,16.2
AGR_GMT_01,2023-07-13 09:00:00+00:00,3.3,3.3,0.498,0.467,29.1,83,1002.4,14.8
AGR_GMT_01,2023-07-13 10:00:00+00:00,0.2,0.2,0.496,0.468,28.3,84,1001.9,15.2
AGR_GMT_01,2023-07-13 11:00:00+00:00,0.0,0.0,0.493,0.468,28.4,83,1001.7,14.9
AGR_GMT_01,2023-07-13 12:00:00+00:00,0.0,0.0,0.488,0.46,29.2,81,1002.0,15.0
AGR_GMT_01,2023-07-13 13:00:00+00:00,0.1,0.1,0.487,0.46,28.4,83,1002.8,15.5
AGR_GMT_01,2023-07-13 14:00:00+00:00,0.0,0.0,0.485,0.461,27.5,87,1003.5,15.0
AGR_GMT_01,2023-07-13 15:00:00+00:00,0.0,0.0,0.483,0.461,27.0,88,1004.5,14.9
AGR_GMT_01,2023-07-13 16:00:00+00:00,0.0,0.0,0.482,0.461,26.8,89,1005.0,15.1
AGR_GMT_01,2023-07-13 17:00:00+00:00,0.0,0.0,0.481,0.462,26.6,89,1004.7,14.8
AGR_GMT_01,2023-07-13 18:00:00+00:00,0.0,0.0,0.479,0.462,26.3,90,1004.1,13.8
AGR_GMT_01,2023-07-13 19:00:00+00:00,0.0,0.0,0.478,0.462,26.0,91,1003.7,12.7
AGR_GMT_01,2023-07-13 20:00:00+00:00,0.0,0.0,0.477,0.462,25.9,92,1003.0,12.4
AGR_GMT_01,2023-07-13 21:00:00+00:00,0.0,0.0,0.477,0.462,25.9,91,1002.9,11.9
AGR_GMT_01,2023-07-13 22:00:00+00:00,0.0,0.0,0.476,0.463,25.9,91,1002.9,12.7
AGR_GMT_01,2023-07-13 23:00:00+00:00,0.0,0.0,0.475,0.463,25.9,90,1003.1,12.9
AGR_GMT_01,2023-07-14 00:00:00+00:00,0.0,0.0,0.471,0.462,26.1,91,1003.6,13.5
AGR_GMT_01,2023-07-14 01:00:00+00:00,0.0,0.0,0.47,0.462,27.1,86,1004.1,18.7
AGR_GMT_01,2023-07-14 02:00:00+00:00,0.0,0.0,0.469,0.462,28.0,83,1004.9,16.9
AGR_GMT_01,2023-07-14 03:00:00+00:00,0.0,0.0,0.467,0.461,28.8,80,1004.9,16.8
AGR_GMT_01,2023-07-14 04:00:00+00:00,0.1,0.1,0.466,0.461,29.9,76,1004.8,17.2
AGR_GMT_01,2023-07-14 05:00:00+00:00,0.1,0.1,0.464,0.46,31.3,69,1004.0,16.9
AGR_GMT_01,2023-07-14 06:00:00+00:00,0.3,0.3,0.465,0.46,28.3,83,1003.5,15.0
AGR_GMT_01,2023-07-14 07:00:00+00:00,0.1,0.1,0.464,0.459,30.3,76,1002.5,15.4
AGR_GMT_01,2023-07-14 08:00:00+00:00,0.1,0.1,0.462,0.458,31.6,72,1001.4,14.5
AGR_GMT_01,2023-07-14 09:00:00+00:00,0.9,0.9,0.468,0.458,29.0,81,1001.0,10.6
AGR_GMT_01,2023-07-14 10:00:00+00:00,2.7,2.7,0.496,0.458,27.6,87,1000.9,15.0
AGR_GMT_01,2023-07-14 11:00:00+00:00,0.2,0.2,0.494,0.459,28.1,86,1000.5,13.6
AGR_GMT_01,2023-07-14 12:00:00+00:00,0.1,0.1,0.485,0.464,28.9,80,1001.4,17.3
AGR_GMT_01,2023-07-14 13:00:00+00:00,0.0,0.0,0.484,0.464,27.5,85,1001.9,14.6
AGR_GMT_01,2023-07-14 14:00:00+00:00,0.0,0.0,0.482,0.464,26.9,88,1003.1,15.5
AGR_GMT_01,2023-07-14 15:00:00+00:00,0.0,0.0,0.481,0.465,26.8,88,1004.1,14.3
AGR_GMT_01,2023-07-14 16:00:00+00:00,0.0,0.0,0.48,0.465,26.8,88,1004.9,13.7
AGR_GMT_01,2023-07-14 17:00:00+00:00,0.0,0.0,0.479,0.465,26.6,89,1004.8,13.1
AGR_GMT_01,2023-07-14 18:00:00+00:00,0.1,0.1,0.479,0.465,26.3,90,1004.0,15.1
AGR_GMT_01,2023-07-14 19:00:00+00:00,0.1,0.1,0.478,0.465,25.9,91,1003.4,14.0
AGR_GMT_01,2023-07-14 20:00:00+00:00,0.0,0.0,0.478,0.465,25.6,91,1003.1,14.6
AGR_GMT_01,2023-07-14 21:00:00+00:00,0.1,0.1,0.477,0.465,25.5,91,1002.9,14.3
AGR_GMT_01,2023-07-14 22:00:00+00:00,0.2,0.2,0.478,0.466,25.3,92,1002.5,14.3
AGR_GMT_01,2023-07-14 23:00:00+00:00,0.0,0.0,0.477,0.466,25.4,92,1002.8,14.8
AGR_GMT_01,2023-07-15 00:00:00+00:00,0.0,0.0,0.474,0.466,26.0,90,1002.5,13.9
AGR_GMT_01,2023-07-15 01:00:00+00:00,0.0,0.0,0.473,0.466,26.9,86,1003.5,15.1
AGR_GMT_01,2023-07-15 02:00:00+00:00,0.0,0.0,0.472,0.465,27.9,82,1003.9,18.8
AGR_GMT_01,2023-07-15 03:00:00+00:00,0.1,0.1,0.471,0.465,28.8,80,1004.1,16.3
AGR_GMT_01,2023-07-15 04:00:00+00:00,0.0,0.0,0.469,0.464,30.3,75,1004.0,16.5
AGR_GMT_01,2023-07-15 05:00:00+00:00,0.0,0.0,0.467,0.463,31.2,71,1003.4,18.7
AGR_GMT_01,2023-07-15 06:00:00+00:00,0.1,0.1,0.465,0.463,30.9,70,1002.5,18.9
AGR_GMT_01,2023-07-15 07:00:00+00:00,0.6,0.6,0.468,0.462,31.6,70,1001.3,18.4
AGR_GMT_01,2023-07-15 08:00:00+00:00,0.1,0.1,0.465,0.461,31.7,66,1000.1,19.9
AGR_GMT_01,2023-07-15 09:00:00+00:00,0.2,0.2,0.464,0.46,31.3,69,999.2,19.9
AGR_GMT_01,2023-07-15 10:00:00+00:00,0.1,0.1,0.463,0.46,30.8,70,999.0,22.7
AGR_GMT_01,2023-07-15 11:00:00+00:00,0.0,0.0,0.462,0.459,30.0,74,999.3,21.0
AGR_GMT_01,2023-07-15 12:00:00+00:00,0.0,0.0,0.453,0.458,29.2,76,1000.4,17.7
AGR_GMT_01,2023-07-15 13:00:00+00:00,0.0,0.0,0.453,0.458,28.2,79,1001.2,16.3
AGR_GMT_01,2023-07-15 14:00:00+00:00,0.0,0.0,0.452,0.458,27.6,82,1002.1,14.0
AGR_GMT_01,2023-07-15 15:00:00+00:00,0.0,0.0,0.452,0.458,27.2,84,1003.0,13.6
AGR_GMT_01,2023-07-15 16:00:00+00:00,0.0,0.0,0.452,0.458,26.9,85,1003.6,12.4
AGR_GMT_01,2023-07-15 17:00:00+00:00,0.0,0.0,0.452,0.457,26.6,86,1003.8,12.6
AGR_GMT_01,2023-07-15 18:00:00+00:00,0.0,0.0,0.452,0.457,26.6,85,1003.4,13.4
AGR_GMT_01,2023-07-15 19:00:00+00:00,0.0,0.0,0.452,0.457,26.3,86,1002.7,13.4
AGR_GMT_01,2023-07-15 20:00:00+00:00,0.0,0.0,0.452,0.457,26.1,86,1002.0,13.8
AGR_GMT_01,2023-07-15 21:00:00+00:00,0.0,0.0,0.451,0.457,26.0,86,1002.1,12.7
AGR_GMT_01,2023-07-15 22:00:00+00:00,0.0,0.0,0.451,0.457,26.0,85,1001.5,13.8
AGR_GMT_01,2023-07-15 23:00:00+00:00,0.0,0.0,0.451,0.457,25.9,86,1001.5,13.2
AGR_GMT_01,2023-07-16 00:00:00+00:00,0.0,0.0,0.451,0.457,26.6,85,1002.0,11.8
AGR_GMT_01,2023-07-16 01:00:00+00:00,0.0,0.0,0.45,0.456,27.4,82,1002.5,13.9
AGR_GMT_01,2023-07-16 02:00:00+00:00,0.0,0.0,0.449,0.456,28.4,79,1002.9,16.6
AGR_GMT_01,2023-07-16 03:00:00+00:00,0.0,0.0,0.448,0.455,29.2,77,1003.1,16.3
AGR_GMT_01,2023-07-16 04:00:00+00:00,0.1,0.1,0.447,0.455,30.1,74,1003.1,15.8
AGR_GMT_01,2023-07-16 05:00:00+00:00,0.1,0.1,0.445,0.454,31.4,71,1002.4,13.6
AGR_GMT_01,2023-07-16 06:00:00+00:00,0.0,0.0,0.443,0.453,32.2,67,1001.6,14.7
AGR_GMT_01,2023-07-16 07:00:00+00:00,0.0,0.0,0.44,0.451,32.6,65,1000.6,15.0
AGR_GMT_01,2023-07-16 08:00:00+00:00,0.6,0.6,0.443,0.451,31.2,72,1000.0,14.4
AGR_GMT_01,2023-07-16 09:00:00+00:00,0.1,0.1,0.442,0.45,31.9,67,999.1,13.7
AGR_GMT_01,2023-07-16 10:00:00+00:00,0.2,0.2,0.441,0.449,31.5,69,998.7,14.5
AGR_GMT_01,2023-07-16 11:00:00+00:00,0.0,0.0,0.44,0.449,30.9,70,998.9,14.1
AGR_GMT_01,2023-07-16 12:00:00+00:00,0.0,0.0,0.434,0.447,29.7,74,1000.1,13.4
AGR_GMT_01,2023-07-16 13:00:00+00:00,0.0,0.0,0.434,0.447,28.9,76,1000.5,11.7
AGR_GMT_01,2023-07-16 14:00:00+00:00,0.0,0.0,0.434,0.447,28.4,79,1001.4,10.5
AGR_GMT_01,2023-07-16 15:00:00+00:00,0.0,0.0,0.434,0.447,27.8,83,1002.2,12.0
AGR_GMT_01,2023-07-16 16:00:00+00:00,0.0,0.0,0.434,0.447,27.4,85,1002.7,10.3
AGR_GMT_01,2023-07-16 17:00:00+00:00,0.0,0.0,0.434,0.447,27.0,88,1003.1,9.6
AGR_GMT_01,2023-07-16 18:00:00+00:00,0.0,0.0,0.434,0.447,26.8,89,1002.5,10.3
AGR_GMT_01,2023-07-16 19:00:00+00:00,0.0,0.0,0.434,0.447,26.6,90,1001.8,10.3
AGR_GMT_01,2023-07-16 20:00:00+00:00,0.0,0.0,0.434,0.447,26.4,90,1001.3,10.1
AGR_GMT_01,2023-07-16 21:00:00+00:00,0.1,0.1,0.434,0.447,26.2,90,1000.9,10.6
AGR_GMT_01,2023-07-16 22:00:00+00:00,0.0,0.0,0.435,0.446,26.0,90,1000.6,9.9
AGR_GMT_01,2023-07-16 23:00:00+00:00,0.0,0.0,0.435,0.446,25.8,90,1000.8,8.7
AGR_GMT_01,2023-07-17 00:00:00+00:00,0.0,0.0,0.437,0.446,26.4,87,1001.2,9.2
AGR_GMT_01,2023-07-17 01:00:00+00:00,1.0,1.0,0.447,0.446,26.7,88,1001.9,8.4
AGR_GMT_01,2023-07-17 02:00:00+00:00,0.3,0.3,0.45,0.446,27.0,89,1002.3,9.4
AGR_GMT_01,2023-07-17 03:00:00+00:00,0.0,0.0,0.45,0.446,28.5,80,1002.3,10.4
AGR_GMT_01,2023-07-17 04:00:00+00:00,0.1,0.1,0.449,0.445,29.3,76,1002.2,10.0
AGR_GMT_01,2023-07-17 05:00:00+00:00,0.0,0.0,0.447,0.445,30.5,71,1001.6,9.9
AGR_GMT_01,2023-07-17 06:00:00+00:00,0.1,0.1,0.445,0.444,31.5,66,1001.0,9.4
AGR_GMT_01,2023-07-17 07:00:00+00:00,0.1,0.1,0.443,0.443,31.8,64,1000.3,8.5
AGR_GMT_01,2023-07-17 08:00:00+00:00,0.0,0.0,0.442,0.442,31.7,65,999.3,6.2
AGR_GMT_01,2023-07-17 09:00:00+00:00,0.0,0.0,0.44,0.442,31.8,64,998.3,4.5
AGR_GMT_01,2023-07-17 10:00:00+00:00,0.0,0.0,0.439,0.441,31.8,64,997.8,3.3
AGR_GMT_01,2023-07-17 11:00:00+00:00,0.0,0.0,0.438,0.441,31.3,68,997.5,3.6
AGR_GMT_01,2023-07-17 12:00:00+00:00,0.0,0.0,0.421,0.437,30.8,67,998.5,8.0
AGR_GMT_01,2023-07-17 13:00:00+00:00,0.0,0.0,0.42,0.437,29.0,76,998.9,9.7
AGR_GMT_01,2023-07-17 14:00:00+00:00,0.0,0.0,0.42,0.437,28.2,79,999.7,7.7
AGR_GMT_01,2023-07-17 15:00:00+00:00,0.0,0.0,0.42,0.437,27.2,88,1000.4,5.4
AGR_GMT_01,2023-07-17 16:00:00+00:00,0.0,0.0,0.421,0.437,27.3,85,1001.2,5.2
AGR_GMT_01,2023-07-17 17:00:00+00:00,0.0,0.0,0.421,0.437,27.1,86,1001.9,4.2
AGR_GMT_01,2023-07-17 18:00:00+00:00,0.0,0.0,0.421,0.437,27.2,85,1001.6,4.6
AGR_GMT_01,2023-07-17 19:00:00+00:00,0.0,0.0,0.421,0.437,27.0,87,1001.2,4.3
AGR_GMT_01,2023-07-17 20:00:00+00:00,0.0,0.0,0.421,0.437,26.9,90,1000.7,6.3
AGR_GMT_01,2023-07-17 21:00:00+00:00,0.4,0.4,0.424,0.436,26.8,93,1000.3,6.2
AGR_GMT_01,2023-07-17 22:00:00+00:00,0.0,0.0,0.424,0.436,26.6,94,1000.3,5.0
AGR_GMT_01,2023-07-17 23:00:00+00:00,0.0,0.0,0.424,0.436,26.4,95,1000.3,5.2
AGR_GMT_01,2023-07-18 00:00:00+00:00,0.0,0.0,0.429,0.436,27.0,93,1001.0,7.4
AGR_GMT_01,2023-07-18 01:00:00+00:00,0.0,0.0,0.429,0.436,28.0,89,1001.5,6.8
AGR_GMT_01,2023-07-18 02:00:00+00:00,0.0,0.0,0.428,0.436,29.2,84,1001.6,7.4
AGR_GMT_01,2023-07-18 03:00:00+00:00,0.1,0.1,0.428,0.435,30.7,78,1001.6,6.6
AGR_GMT_01,2023-07-18 04:00:00+00:00,0.1,0.1,0.427,0.434,31.9,72,1001.5,7.5
AGR_GMT_01,2023-07-18 05:00:00+00:00,0.1,0.1,0.425,0.434,32.9,68,1001.0,6.1
AGR_GMT_01,2023-07-18 06:00:00+00:00,0.0,0.0,0.422,0.432,33.6,65,1000.3,4.7
AGR_GMT_01,2023-07-18 07:00:00+00:00,0.0,0.0,0.42,0.431,34.2,62,998.7,5.8
AGR_GMT_01,2023-07-18 08:00:00+00:00,0.0,0.0,0.417,0.43,34.3,61,997.5,7.4
AGR_GMT_01,2023-07-18 09:00:00+00:00,0.0,0.0,0.415,0.43,33.6,62,996.8,7.7
AGR_GMT_01,2023-07-18 10:00:00+00:00,2.1,2.1,0.438,0.429,31.1,73,996.9,9.6
AGR_GMT_01,2023-07-18 11:00:00+00:00,0.4,0.4,0.441,0.429,31.0,74,997.0,7.4
AGR_GMT_01,2023-07-18 12:00:00+00:00,0.4,0.4,0.415,0.427,32.1,69,997.1,5.7
AGR_GMT_01,2023-07-18 13:00:00+00:00,0.0,0.0,0.415,0.427,30.5,73,998.0,7.6
AGR_GMT_01,2023-07-18 14:00:00+00:00,0.0,0.0,0.415,0.427,29.8,75,998.8,11.1
AGR_GMT_01,2023-07-18 15:00:00+00:00,0.0,0.0,0.415,0.427,29.0,76,1000.0,11.5
AGR_GMT_01,2023-07-18 16:00:00+00:00,0.0,0.0,0.414,0.427,28.4,79,1000.6,12.0
AGR_GMT_01,2023-07-18 17:00:00+00:00,0.0,0.0,0.414,0.427,28.0,84,1000.8,10.7
AGR_GMT_01,2023-07-18 18:00:00+00:00,0.0,0.0,0.414,0.427,27.7,87,1000.6,9.4
AGR_GMT_01,2023-07-18 19:00:00+00:00,0.0,0.0,0.414,0.427,27.4,88,1000.2,8.6
AGR_GMT_01,2023-07-18 20:00:00+00:00,0.0,0.0,0.414,0.427,27.3,88,999.8,7.1
AGR_GMT_01,2023-07-18 21:00:00+00:00,0.0,0.0,0.414,0.427,27.0,89,999.9,6.6
AGR_GMT_01,2023-07-18 22:00:00+00:00,0.0,0.0,0.414,0.427,26.6,91,999.5,6.9
AGR_GMT_01,2023-07-18 23:00:00+00:00,0.0,0.0,0.415,0.427,26.3,93,999.6,5.9
AGR_GMT_01,2023-07-19 00:00:00+00:00,0.0,0.0,0.413,0.426,27.1,89,999.6,9.4
AGR_GMT_01,2023-07-19 01:00:00+00:00,0.0,0.0,0.412,0.426,28.3,85,1000.4,10.0
AGR_GMT_01,2023-07-19 02:00:00+00:00,0.0,0.0,0.411,0.425,29.6,78,1000.7,9.7
AGR_GMT_01,2023-07-19 03:00:00+00:00,0.0,0.0,0.41,0.425,30.9,73,1000.8,7.9
AGR_GMT_01,2023-07-19 04:00:00+00:00,0.1,0.1,0.409,0.424,31.8,68,1000.6,8.4
AGR_GMT_01,2023-07-19 05:00:00+00:00,0.1,0.1,0.407,0.423,33.0,63,999.8,7.9
AGR_GMT_01,2023-07-19 06:00:00+00:00,0.1,0.1,0.406,0.422,33.7,60,999.3,7.8
AGR_GMT_01,2023-07-19 07:00:00+00:00,0.1,0.1,0.404,0.421,34.2,58,998.0,7.3
AGR_GMT_01,2023-07-19 08:00:00+00:00,0.1,0.1,0.402,0.42,34.5,57,996.8,7.6
AGR_GMT_01,2023-07-19 09:00:00+00:00,0.0,0.0,0.4,0.419,34.4,57,996.1,9.4
AGR_GMT_01,2023-07-19 10:00:00+00:00,0.0,0.0,0.399,0.418,34.1,59,995.6,10.0
AGR_GMT_01,2023-07-19 11:00:00+00:00,0.1,0.1,0.398,0.418,32.7,62,996.0,14.6
AGR_GMT_01,2023-07-19 12:00:00+00:00,0.1,0.1,0.395,0.415,31.6,66,997.0,11.4
AGR_GMT_01,2023-07-19 13:00:00+00:00,0.0,0.0,0.395,0.415,30.6,69,997.6,11.5
AGR_GMT_01,2023-07-19 14:00:00+00:00,0.0,0.0,0.395,0.415,29.7,75,998.4,13.0
AGR_GMT_01,2023-07-19 15:00:00+00:00,0.0,0.0,0.395,0.415,28.9,79,999.6,11.9
AGR_GMT_01,2023-07-19 16:00:00+00:00,0.0,0.0,0.395,0.415,28.4,82,1000.6,11.2
AGR_GMT_01,2023-07-19 17:00:00+00:00,0.0,0.0,0.395,0.415,28.0,84,1000.6,10.4
AGR_GMT_01,2023-07-19 18:00:00+00:00,0.0,0.0,0.395,0.415,27.7,86,1000.3,8.4
AGR_GMT_01,2023-07-19 19:00:00+00:00,0.0,0.0,0.395,0.415,27.3,88,999.7,7.0
AGR_GMT_01,2023-07-19 20:00:00+00:00,0.0,0.0,0.395,0.415,27.1,89,999.3,7.3
AGR_GMT_01,2023-07-19 21:00:00+00:00,0.0,0.0,0.395,0.414,26.9,88,999.4,8.2
AGR_GMT_01,2023-07-19 22:00:00+00:00,0.0,0.0,0.395,0.414,26.6,89,999.1,8.9
AGR_GMT_01,2023-07-19 23:00:00+00:00,0.0,0.0,0.395,0.414,26.5,89,999.5,9.8
AGR_GMT_01,2023-07-20 00:00:00+00:00,0.0,0.0,0.394,0.414,27.2,87,999.8,10.2
AGR_GMT_01,2023-07-20 01:00:00+00:00,0.0,0.0,0.394,0.414,28.2,85,999.9,9.6
AGR_GMT_01,2023-07-20 02:00:00+00:00,0.0,0.0,0.393,0.413,29.6,79,1000.5,12.1
AGR_GMT_01,2023-07-20 03:00:00+00:00,0.0,0.0,0.392,0.413,31.0,73,1000.9,10.9
AGR_GMT_01,2023-07-20 04:00:00+00:00,0.0,0.0,0.39,0.412,32.2,68,1000.7,10.4
AGR_GMT_01,2023-07-20 05:00:00+00:00,0.0,0.0,0.388,0.411,33.2,63,1000.3,10.6
AGR_GMT_01,2023-07-20 06:00:00+00:00,0.0,0.0,0.386,0.41,34.0,61,999.3,9.9
AGR_GMT_01,2023-07-20 07:00:00+00:00,0.0,0.0,0.383,0.409,34.7,59,997.7,10.1
AGR_GMT_01,2023-07-20 08:00:00+00:00,0.0,0.0,0.381,0.408,34.7,58,996.8,12.7
AGR_GMT_01,2023-07-20 09:00:00+00:00,0.0,0.0,0.379,0.407,34.0,59,996.5,13.5
AGR_GMT_01,2023-07-20 10:00:00+00:00,0.1,0.1,0.379,0.406,33.3,61,996.3,15.1
AGR_GMT_01,2023-07-20 11:00:00+00:00,0.3,0.3,0.38,0.406,31.2,72,997.2,12.4
AGR_GMT_01,2023-07-20 12:00:00+00:00,1.3,1.3,0.374,0.405,31.5,70,997.5,7.2
AGR_GMT_01,2023-07-20 13:00:00+00:00,0.0,0.0,0.374,0.405,30.0,78,998.5,4.6
AGR_GMT_01,2023-07-20 14:00:00+00:00,0.0,0.0,0.374,0.405,29.4,80,999.8,6.4
AGR_GMT_01,2023-07-20 15:00:00+00:00,0.0,0.0,0.374,0.405,29.3,79,1000.9,10.4
AGR_GMT_01,2023-07-20 16:00:00+00:00,0.0,0.0,0.374,0.405,28.8,82,1001.7,9.0
AGR_GMT_01,2023-07-20 17:00:00+00:00,0.0,0.0,0.374,0.405,28.5,84,1002.0,9.2
AGR_GMT_01,2023-07-20 18:00:00+00:00,0.0,0.0,0.374,0.405,28.1,86,1001.6,8.8
AGR_GMT_01,2023-07-20 19:00:00+00:00,0.0,0.0,0.375,0.405,27.7,88,1001.2,7.8
AGR_GMT_01,2023-07-20 20:00:00+00:00,0.0,0.0,0.375,0.404,27.5,89,1000.6,6.8
AGR_GMT_01,2023-07-20 21:00:00+00:00,0.0,0.0,0.375,0.404,27.4,89,1001.0,8.4
AGR_GMT_01,2023-07-20 22:00:00+00:00,0.0,0.0,0.375,0.404,27.3,89,1001.1,9.2
AGR_GMT_01,2023-07-20 23:00:00+00:00,0.0,0.0,0.375,0.404,27.3,88,1001.3,6.4
AGR_GMT_01,2023-07-21 00:00:00+00:00,0.1,0.1,0.379,0.405,27.4,92,1001.9,7.6
AGR_GMT_01,2023-07-21 01:00:00+00:00,0.0,0.0,0.379,0.404,28.6,87,1003.0,8.4
AGR_GMT_01,2023-07-21 02:00:00+00:00,0.1,0.1,0.379,0.404,29.9,80,1003.6,9.1
AGR_GMT_01,2023-07-21 03:00:00+00:00,0.1,0.1,0.378,0.404,30.9,74,1003.5,10.0
AGR_GMT_01,2023-07-21 04:00:00+00:00,0.0,0.0,0.377,0.403,32.0,70,1003.6,10.0
AGR_GMT_01,2023-07-21 05:00:00+00:00,0.1,0.1,0.376,0.402,32.7,67,1003.4,10.4
AGR_GMT_01,2023-07-21 06:00:00+00:00,0.1,0.1,0.374,0.401,33.7,62,1002.4,11.1
AGR_GMT_01,2023-07-21 07:00:00+00:00,0.0,0.0,0.373,0.4,33.6,59,1001.3,10.0
AGR_GMT_01,2023-07-21 08:00:00+00:00,0.7,0.7,0.377,0.4,32.4,66,1000.9,12.3
AGR_GMT_01,2023-07-21 09:00:00+00:00,5.2,5.2,0.442,0.399,29.8,77,1001.1,17.6
AGR_GMT_01,2023-07-21 10:00:00+00:00,1.3,1.3,0.457,0.4,29.2,83,1000.5,10.7
AGR_GMT_01,2023-07-21 11:00:00+00:00,0.1,0.1,0.456,0.4,29.7,79,1001.0,13.7
AGR_GMT_01,2023-07-21 12:00:00+00:00,0.1,0.1,0.377,0.393,29.1,82,1002.4,10.5
AGR_GMT_01,2023-07-21 13:00:00+00:00,0.0,0.0,0.377,0.393,28.5,84,1003.2,9.1
AGR_GMT_01,2023-07-21 14:00:00+00:00,0.0,0.0,0.378,0.393,28.0,86,1004.1,8.8
AGR_GMT_01,2023-07-21 15:00:00+00:00,0.1,0.1,0.378,0.393,27.9,89,1005.3,8.3
AGR_GMT_01,2023-07-21 16:00:00+00:00,0.2,0.2,0.379,0.393,27.7,91,1006.0,8.4
AGR_GMT_01,2023-07-21 17:00:00+00:00,0.7,0.7,0.385,0.393,27.4,94,1006.3,6.3
AGR_GMT_01,2023-07-21 18:00:00+00:00,0.1,0.1,0.387,0.393,27.2,94,1006.1,4.1
AGR_GMT_01,2023-07-21 19:00:00+00:00,0.0,0.0,0.387,0.393,27.0,95,1005.7,5.4
AGR_GMT_01,2023-07-21 20:00:00+00:00,0.0,0.0,0.387,0.393,26.7,96,1004.9,4.5
AGR_GMT_01,2023-07-21 21:00:00+00:00,0.0,0.0,0.387,0.393,26.6,96,1004.6,5.4
AGR_GMT_01,2023-07-21 22:00:00+00:00,0.0,0.0,0.387,0.393,26.4,97,1004.6,5.7
AGR_GMT_01,2023-07-21 23:00:00+00:00,0.0,0.0,0.387,0.393,26.3,96,1005.3,6.6
AGR_GMT_01,2023-07-22 00:00:00+00:00,0.0,0.0,0.378,0.392,26.9,95,1005.3,6.1
AGR_GMT_01,2023-07-22 01:00:00+00:00,0.0,0.0,0.378,0.392,28.4,91,1006.4,6.7
AGR_GMT_01,2023-07-22 02:00:00+00:00,0.0,0.0,0.378,0.392,29.6,78,1007.1,8.8
AGR_GMT_01,2023-07-22 03:00:00+00:00,0.0,0.0,0.377,0.392,30.8,71,1006.8,7.9
AGR_GMT_01,2023-07-22 04:00:00+00:00,0.0,0.0,0.375,0.391,31.9,65,1006.8,9.2
AGR_GMT_01,2023-07-22 05:00:00+00:00,0.0,0.0,0.373,0.39,32.7,62,1006.5,8.5
AGR_GMT_01,2023-07-22 06:00:00+00:00,0.0,0.0,0.371,0.389,33.8,58,1005.7,8.5
AGR_GMT_01,2023-07-22 07:00:00+00:00,0.0,0.0,0.369,0.389,34.5,56,1004.7,8.4
AGR_GMT_01,2023-07-22 08:00:00+00:00,0.0,0.0,0.367,0.388,34.8,54,1003.7,8.0
AGR_GMT_01,2023-07-22 09:00:00+00:00,0.0,0.0,0.365,0.387,35.1,53,1002.7,7.9
AGR_GMT_01,2023-07-22 10:00:00+00:00,0.1,0.1,0.364,0.386,34.6,54,1002.5,9.4
AGR_GMT_01,2023-07-22 11:00:00+00:00,0.1,0.1,0.364,0.386,33.4,57,1002.8,8.8
AGR_GMT_01,2023-07-22 12:00:00+00:00,0.1,0.1,0.367,0.386,32.0,67,1004.0,4.7
AGR_GMT_01,2023-07-22 13:00:00+00:00,0.0,0.0,0.367,0.386,30.4,76,1004.8,3.7
AGR_GMT_01,2023-07-22 14:00:00+00:00,0.0,0.0,0.367,0.386,29.8,79,1005.5,4.9
AGR_GMT_01,2023-07-22 15:00:00+00:00,0.0,0.0,0.367,0.386,29.4,81,1006.2,6.2
AGR_GMT_01,2023-07-22 16:00:00+00:00,0.0,0.0,0.367,0.386,29.0,80,1006.9,7.6
AGR_GMT_01,2023-07-22 17:00:00+00:00,0.0,0.0,0.367,0.386,28.4,81,1007.3,7.4
AGR_GMT_01,2023-07-22 18:00:00+00:00,0.0,0.0,0.367,0.386,27.9,83,1006.9,7.6
AGR_GMT_01,2023-07-22 19:00:00+00:00,0.0,0.0,0.367,0.386,27.5,85,1006.5,6.5
AGR_GMT_01,2023-07-22 20:00:00+00:00,0.0,0.0,0.367,0.386,27.3,87,1006.2,7.2
AGR_GMT_01,2023-07-22 21:00:00+00:00,0.0,0.0,0.367,0.386,27.2,89,1005.8,7.4
AGR_GMT_01,2023-07-22 22:00:00+00:00,0.0,0.0,0.367,0.386,26.9,91,1006.0,5.2
AGR_GMT_01,2023-07-22 23:00:00+00:00,0.0,0.0,0.367,0.386,27.0,91,1006.0,9.7
AGR_GMT_01,2023-07-23 00:00:00+00:00,0.0,0.0,0.372,0.385,27.5,91,1006.1,5.8
AGR_GMT_01,2023-07-23 01:00:00+00:00,0.0,0.0,0.372,0.385,28.6,87,1007.0,3.9
AGR_GMT_01,2023-07-23 02:00:00+00:00,0.1,0.1,0.372,0.385,29.8,82,1006.9,6.1
AGR_GMT_01,2023-07-23 03:00:00+00:00,0.2,0.2,0.373,0.385,31.0,78,1006.9,8.0
AGR_GMT_01,2023-07-23 04:00:00+00:00,0.2,0.2,0.373,0.384,32.0,73,1006.6,7.0
AGR_GMT_01,2023-07-23 05:00:00+00:00,0.1,0.1,0.372,0.383,32.8,69,1006.3,6.2
AGR_GMT_01,2023-07-23 06:00:00+00:00,0.0,0.0,0.37,0.383,33.9,64,1005.3,5.4
AGR_GMT_01,2023-07-23 07:00:00+00:00,0.0,0.0,0.368,0.382,34.3,61,1003.9,4.0
AGR_GMT_01,2023-07-23 08:00:00+00:00,0.1,0.1,0.366,0.381,34.7,58,1002.5,4.9
AGR_GMT_01,2023-07-23 09:00:00+00:00,0.0,0.0,0.365,0.38,34.5,57,1001.7,6.5
AGR_GMT_01,2023-07-23 10:00:00+00:00,0.0,0.0,0.363,0.38,34.6,56,1001.2,3.9
AGR_GMT_01,2023-07-23 11:00:00+00:00,0.0,0.0,0.363,0.38,33.9,60,1001.3,3.6
AGR_GMT_01,2023-07-23 12:00:00+00:00,0.1,0.1,0.363,0.378,31.5,68,1002.3,5.5
AGR_GMT_01,2023-07-23 13:00:00+00:00,0.0,0.0,0.363,0.378,30.1,77,1002.7,6.7
AGR_GMT_01,2023-07-23 14:00:00+00:00,0.0,0.0,0.363,0.378,29.6,80,1003.5,5.6
AGR_GMT_01,2023-07-23 15:00:00+00:00,0.0,0.0,0.363,0.378,29.3,79,1004.1,7.0
AGR_GMT_01,2023-07-23 16:00:00+00:00,0.0,0.0,0.362,0.378,29.0,78,1004.7,8.9
AGR_GMT_01,2023-07-23 17:00:00+00:00,0.0,0.0,0.362,0.378,28.4,81,1005.2,8.0
AGR_GMT_01,2023-07-23 18:00:00+00:00,0.0,0.0,0.362,0.378,27.9,86,1004.8,7.2
AGR_GMT_01,2023-07-23 19:00:00+00:00,0.0,0.0,0.362,0.378,27.5,88,1004.0,7.6
AGR_GMT_01,2023-07-23 20:00:00+00:00,0.0,0.0,0.362,0.378,27.3,90,1004.0,6.8
AGR_GMT_01,2023-07-23 21:00:00+00:00,0.0,0.0,0.362,0.378,27.0,91,1003.4,7.4
AGR_GMT_01,2023-07-23 22:00:00+00:00,0.0,0.0,0.362,0.378,26.9,92,1003.3,7.6
AGR_GMT_01,2023-07-23 23:00:00+00:00,0.0,0.0,0.362,0.378,26.8,93,1003.5,7.2
AGR_GMT_01,2023-07-24 00:00:00+00:00,0.0,0.0,0.362,0.378,27.3,91,1003.9,7.7
AGR_GMT_01,2023-07-24 01:00:00+00:00,0.0,0.0,0.362,0.377,28.0,87,1004.4,6.8
AGR_GMT_01,2023-07-24 02:00:00+00:00,0.0,0.0,0.361,0.377,29.2,81,1005.0,8.9
AGR_GMT_01,2023-07-24 03:00:00+00:00,0.0,0.0,0.36,0.377,30.2,75,1004.6,7.9
AGR_GMT_01,2023-07-24 04:00:00+00:00,0.0,0.0,0.359,0.376,31.7,68,1004.3,7.8
AGR_GMT_01,2023-07-24 05:00:00+00:00,0.0,0.0,0.358,0.376,32.6,64,1003.9,6.2
AGR_GMT_01,2023-07-24 06:00:00+00:00,0.0,0.0,0.356,0.375,33.5,60,1002.8,5.4
AGR_GMT_01,2023-07-24 07:00:00+00:00,0.1,0.1,0.355,0.374,34.1,57,1001.8,4.4
AGR_GMT_01,2023-07-24 08:00:00+00:00,0.1,0.1,0.354,0.373,34.6,55,1000.8,2.7
AGR_GMT_01,2023-07-24 09:00:00+00:00,0.0,0.0,0.353,0.373,34.6,55,999.9,2.3
AGR_GMT_01,2023-07-24 10:00:00+00:00,0.0,0.0,0.351,0.372,34.5,54,999.5,0.8
AGR_GMT_01,2023-07-24 11:00:00+00:00,0.0,0.0,0.351,0.372,34.3,55,999.3,1.3
AGR_GMT_01,2023-07-24 12:00:00+00:00,0.0,0.0,0.337,0.369,33.4,56,1000.5,1.1
AGR_GMT_01,2023-07-24 13:00:00+00:00,0.0,0.0,0.337,0.369,31.3,65,1001.4,6.1
AGR_GMT_01,2023-07-24 14:00:00+00:00,0.0,0.0,0.337,0.369,29.8,72,1002.1,6.1
AGR_GMT_01,2023-07-24 15:00:00+00:00,0.0,0.0,0.337,0.369,28.9,76,1002.7,4.8
AGR_GMT_01,2023-07-24 16:00:00+00:00,0.0,0.0,0.337,0.369,28.5,78,1003.6,6.2
AGR_GMT_01,2023-07-24 17:00:00+00:00,0.0,0.0,0.337,0.369,28.3,80,1003.8,6.3
AGR_GMT_01,2023-07-24 18:00:00+00:00,0.0,0.0,0.337,0.369,28.1,83,1003.9,8.2
AGR_GMT_01,2023-07-24 19:00:00+00:00,0.4,0.4,0.341,0.369,27.4,88,1003.5,12.6
AGR_GMT_01,2023-07-24 20:00:00+00:00,0.1,0.1,0.341,0.369,26.6,90,1003.0,12.4
AGR_GMT_01,2023-07-24 21:00:00+00:00,0.0,0.0,0.341,0.369,26.0,93,1003.3,11.9
AGR_GMT_01,2023-07-24 22:00:00+00:00,0.1,0.1,0.342,0.369,26.0,94,1003.1,7.8
AGR_GMT_01,2023-07-24 23:00:00+00:00,0.0,0.0,0.343,0.369,26.1,94,1003.2,8.9
AGR_GMT_01,2023-07-25 00:00:00+00:00,0.0,0.0,0.338,0.369,27.4,90,1003.4,6.1
AGR_GMT_01,2023-07-25 01:00:00+00:00,0.0,0.0,0.338,0.369,28.4,85,1004.0,5.5
AGR_GMT_01,2023-07-25 02:00:00+00:00,0.0,0.0,0.337,0.369,29.7,79,1004.6,5.1
AGR_GMT_01,2023-07-25 03:00:00+00:00,0.0,0.0,0.336,0.368,31.2,72,1004.4,5.8
AGR_GMT_01,2023-07-25 04:00:00+00:00,0.0,0.0,0.335,0.367,32.6,65,1004.1,4.7
AGR_GMT_01,2023-07-25 05:00:00+00:00,0.1,0.1,0.335,0.367,33.3,62,1003.7,5.8
AGR_GMT_01,2023-07-25 06:00:00+00:00,0.1,0.1,0.334,0.366,33.8,60,1003.2,4.7
AGR_GMT_01,2023-07-25 07:00:00+00:00,0.0,0.0,0.333,0.365,34.6,58,1001.9,1.3
AGR_GMT_01,2023-07-25 08:00:00+00:00,0.0,0.0,0.331,0.364,35.1,56,1000.7,1.1
AGR_GMT_01,2023-07-25 09:00:00+00:00,0.0,0.0,0.33,0.364,34.9,55,1000.1,1.6
AGR_GMT_01,2023-07-25 10:00:00+00:00,0.4,0.4,0.332,0.364,32.0,65,1000.4,14.0
AGR_GMT_01,2023-07-25 11:00:00+00:00,1.4,1.4,0.347,0.363,31.0,74,1000.5,8.6
AGR_GMT_01,2023-07-25 12:00:00+00:00,0.0,0.0,0.33,0.362,31.1,74,1002.1,5.4
AGR_GMT_01,2023-07-25 13:00:00+00:00,1.6,1.6,0.349,0.362,30.3,74,1002.8,9.2
AGR_GMT_01,2023-07-25 14:00:00+00:00,0.0,0.0,0.349,0.362,29.5,80,1003.3,10.9
AGR_GMT_01,2023-07-25 15:00:00+00:00,0.0,0.0,0.349,0.362,29.1,81,1003.8,12.6
AGR_GMT_01,2023-07-25 16:00:00+00:00,0.1,0.1,0.349,0.362,28.3,85,1004.6,12.5
AGR_GMT_01,2023-07-25 17:00:00+00:00,0.0,0.0,0.35,0.362,27.9,87,1004.4,11.5
AGR_GMT_01,2023-07-25 18:00:00+00:00,0.2,0.2,0.351,0.362,27.4,90,1004.2,12.3
AGR_GMT_01,2023-07-25 19:00:00+00:00,0.9,0.9,0.359,0.362,26.8,95,1003.8,11.0
AGR_GMT_01,2023-07-25 20:00:00+00:00,0.1,0.1,0.36,0.362,26.7,94,1003.9,12.1
AGR_GMT_01,2023-07-25 21:00:00+00:00,0.0,0.0,0.36,0.362,26.5,93,1003.6,11.0
AGR_GMT_01,2023-07-25 22:00:00+00:00,0.0,0.0,0.36,0.362,26.2,94,1003.5,8.8
AGR_GMT_01,2023-07-25 23:00:00+00:00,0.0,0.0,0.36,0.362,26.0,94,1003.4,8.9
AGR_GMT_01,2023-07-26 00:00:00+00:00,0.0,0.0,0.335,0.361,26.8,90,1004.2,8.8
AGR_GMT_01,2023-07-26 01:00:00+00:00,0.0,0.0,0.335,0.361,28.1,83,1005.0,9.7
AGR_GMT_01,2023-07-26 02:00:00+00:00,0.0,0.0,0.334,0.361,29.3,76,1005.3,13.0
AGR_GMT_01,2023-07-26 03:00:00+00:00,0.0,0.0,0.333,0.361,30.7,71,1005.4,15.2
AGR_GMT_01,2023-07-26 04:00:00+00:00,0.0,0.0,0.332,0.36,31.9,66,1005.2,13.8
AGR_GMT_01,2023-07-26 05:00:00+00:00,0.0,0.0,0.331,0.359,32.9,62,1004.4,13.9
AGR_GMT_01,2023-07-26 06:00:00+00:00,0.1,0.1,0.329,0.359,33.7,59,1003.7,13.3
AGR_GMT_01,2023-07-26 07:00:00+00:00,0.3,0.3,0.33,0.358,33.6,59,1002.8,14.0
AGR_GMT_01,2023-07-26 08:00:00+00:00,0.9,0.9,0.337,0.358,32.8,64,1001.9,15.6
AGR_GMT_01,2023-07-26 09:00:00+00:00,0.5,0.5,0.34,0.357,31.9,69,1001.8,14.7
AGR_GMT_01,2023-07-26 10:00:00+00:00,0.6,0.6,0.344,0.357,31.1,69,1001.5,19.1
AGR_GMT_01,2023-07-26 11:00:00+00:00,0.7,0.7,0.349,0.357,29.7,78,1001.7,16.6
AGR_GMT_01,2023-07-26 12:00:00+00:00,0.1,0.1,0.352,0.356,29.4,79,1002.8,12.1
AGR_GMT_01,2023-07-26 13:00:00+00:00,0.0,0.0,0.352,0.356,29.1,79,1003.5,14.1
AGR_GMT_01,2023-07-26 14:00:00+00:00,0.0,0.0,0.352,0.356,28.3,81,1004.2,14.5
AGR_GMT_01,2023-07-26 15:00:00+00:00,0.0,0.0,0.352,0.356,27.9,84,1005.0,14.2
AGR_GMT_01,2023-07-26 16:00:00+00:00,0.0,0.0,0.352,0.356,27.4,86,1005.3,14.8
AGR_GMT_01,2023-07-26 17:00:00+00:00,0.0,0.0,0.352,0.356,27.0,88,1005.3,13.8
AGR_GMT_01,2023-07-26 18:00:00+00:00,0.0,0.0,0.352,0.356,26.8,89,1004.9,12.2
AGR_GMT_01,2023-07-26 19:00:00+00:00,0.0,0.0,0.351,0.356,26.5,90,1004.2,11.9
AGR_GMT_01,2023-07-26 20:00:00+00:00,0.0,0.0,0.351,0.356,26.4,91,1004.0,12.0
AGR_GMT_01,2023-07-26 21:00:00+00:00,0.0,0.0,0.351,0.356,26.3,91,1003.9,13.7
AGR_GMT_01,2023-07-26 22:00:00+00:00,0.0,0.0,0.351,0.356,26.3,90,1003.6,12.6
AGR_GMT_01,2023-07-26 23:00:00+00:00,0.0,0.0,0.351,0.356,26.0,91,1003.8,11.3
AGR_GMT_01,2023-07-27 00:00:00+00:00,0.0,0.0,0.35,0.356,26.9,89,1004.0,11.9
AGR_GMT_01,2023-07-27 01:00:00+00:00,0.0,0.0,0.35,0.356,28.2,83,1004.8,14.4
AGR_GMT_01,2023-07-27 02:00:00+00:00,0.0,0.0,0.349,0.355,29.3,78,1005.1,14.7
AGR_GMT_01,2023-07-27 03:00:00+00:00,0.0,0.0,0.348,0.355,30.6,73,1004.8,14.0
AGR_GMT_01,2023-07-27 04:00:00+00:00,0.0,0.0,0.347,0.355,31.7,68,1004.4,15.7
AGR_GMT_01,2023-07-27 05:00:00+00:00,0.2,0.2,0.348,0.354,32.1,65,1003.9,16.3
AGR_GMT_01,2023-07-27 06:00:00+00:00,1.9,1.9,0.365,0.354,31.0,77,1003.4,14.8
AGR_GMT_01,2023-07-27 07:00:00+00:00,0.1,0.1,0.365,0.354,32.1,68,1002.2,17.3
AGR_GMT_01,2023-07-27 08:00:00+00:00,0.0,0.0,0.363,0.353,32.5,66,1001.3,16.3
AGR_GMT_01,2023-07-27 09:00:00+00:00,2.0,2.0,0.382,0.353,30.7,75,1000.6,16.2
AGR_GMT_01,2023-07-27 10:00:00+00:00,0.4,0.4,0.383,0.353,31.6,71,999.9,16.2
AGR_GMT_01,2023-07-27 11:00:00+00:00,0.1,0.1,0.384,0.353,31.0,69,999.8,19.4
AGR_GMT_01,2023-07-27 12:00:00+00:00,0.0,0.0,0.37,0.352,30.1,75,1001.0,13.7
AGR_GMT_01,2023-07-27 13:00:00+00:00,0.0,0.0,0.37,0.352,29.4,77,1001.5,13.0
AGR_GMT_01,2023-07-27 14:00:00+00:00,0.0,0.0,0.37,0.352,28.9,79,1002.1,13.8
AGR_GMT_01,2023-07-27 15:00:00+00:00,0.0,0.0,0.369,0.352,28.4,81,1002.8,13.1
AGR_GMT_01,2023-07-27 16:00:00+00:00,0.0,0.0,0.369,0.352,28.1,84,1003.2,13.3
AGR_GMT_01,2023-07-27 17:00:00+00:00,0.0,0.0,0.369,0.352,27.7,85,1003.3,14.1
AGR_GMT_01,2023-07-27 18:00:00+00:00,0.0,0.0,0.369,0.352,27.3,87,1002.9,14.0
AGR_GMT_01,2023-07-27 19:00:00+00:00,0.0,0.0,0.369,0.352,27.1,88,1002.4,14.5
AGR_GMT_01,2023-07-27 20:00:00+00:00,0.0,0.0,0.369,0.352,26.9,88,1001.8,13.3
AGR_GMT_01,2023-07-27 21:00:00+00:00,0.1,0.1,0.37,0.353,26.6,90,1001.2,13.7
AGR_GMT_01,2023-07-27 22:00:00+00:00,0.0,0.0,0.37,0.353,26.3,90,1001.1,14.5
AGR_GMT_01,2023-07-27 23:00:00+00:00,0.0,0.0,0.37,0.353,25.9,90,1001.3,13.1
AGR_GMT_01,2023-07-28 00:00:00+00:00,0.0,0.0,0.371,0.353,26.7,93,1001.7,14.1
AGR_GMT_01,2023-07-28 01:00:00+00:00,0.4,0.4,0.374,0.353,27.4,90,1001.9,14.0
AGR_GMT_01,2023-07-28 02:00:00+00:00,0.0,0.0,0.374,0.353,28.3,84,1002.2,14.4
AGR_GMT_01,2023-07-28 03:00:00+00:00,0.3,0.3,0.376,0.352,29.4,80,1002.1,15.8
AGR_GMT_01,2023-07-28 04:00:00+00:00,0.0,0.0,0.374,0.352,31.4,72,1002.1,14.1
AGR_GMT_01,2023-07-28 05:00:00+00:00,0.0,0.0,0.373,0.352,32.5,65,1001.3,14.1
AGR_GMT_01,2023-07-28 06:00:00+00:00,0.5,0.5,0.375,0.351,31.7,67,1000.4,13.4
AGR_GMT_01,2023-07-28 07:00:00+00:00,1.0,1.0,0.382,0.351,31.7,69,999.3,17.2
AGR_GMT_01,2023-07-28 08:00:00+00:00,0.5,0.5,0.385,0.351,31.3,72,998.5,14.9
AGR_GMT_01,2023-07-28 09:00:00+00:00,0.0,0.0,0.384,0.351,31.9,68,997.6,15.8
AGR_GMT_01,2023-07-28 10:00:00+00:00,0.0,0.0,0.382,0.35,32.1,68,996.6,16.2
AGR_GMT_01,2023-07-28 11:00:00+00:00,0.1,0.1,0.382,0.35,31.4,69,996.7,16.2
AGR_GMT_01,2023-07-28 12:00:00+00:00,0.0,0.0,0.405,0.35,30.4,70,998.4,14.8
AGR_GMT_01,2023-07-28 13:00:00+00:00,0.0,0.0,0.404,0.351,29.5,73,999.3,14.4
AGR_GMT_01,2023-07-28 14:00:00+00:00,0.0,0.0,0.404,0.351,28.8,77,999.9,14.4
AGR_GMT_01,2023-07-28 15:00:00+00:00,0.0,0.0,0.403,0.351,28.4,80,1000.7,13.7
AGR_GMT_01,2023-07-28 16:00:00+00:00,0.0,0.0,0.403,0.351,28.1,81,1001.3,12.4
AGR_GMT_01,2023-07-28 17:00:00+00:00,0.0,0.0,0.403,0.351,27.8,83,1001.3,12.2
AGR_GMT_01,2023-07-28 18:00:00+00:00,0.0,0.0,0.402,0.351,27.4,85,1000.7,12.9
AGR_GMT_01,2023-07-28 19:00:00+00:00,0.0,0.0,0.402,0.351,27.1,86,1000.1,13.4
AGR_GMT_01,2023-07-28 20:00:00+00:00,0.0,0.0,0.402,0.351,26.7,87,999.3,12.9
AGR_GMT_01,2023-07-28 21:00:00+00:00,0.0,0.0,0.401,0.351,26.4,88,999.1,11.8
AGR_GMT_01,2023-07-28 22:00:00+00:00,0.0,0.0,0.401,0.351,26.5,87,999.0,11.5
AGR_GMT_01,2023-07-28 23:00:00+00:00,0.0,0.0,0.401,0.352,26.4,88,999.0,12.2
AGR_GMT_01,2023-07-29 00:00:00+00:00,0.0,0.0,0.4,0.352,26.5,91,999.5,11.9
AGR_GMT_01,2023-07-29 01:00:00+00:00,0.0,0.0,0.4,0.352,27.8,85,1000.3,15.5
AGR_GMT_01,2023-07-29 02:00:00+00:00,0.0,0.0,0.399,0.352,29.1,79,1000.8,16.7
AGR_GMT_01,2023-07-29 03:00:00+00:00,0.0,0.0,0.398,0.351,30.2,75,1001.2,14.2
AGR_GMT_01,2023-07-29 04:00:00+00:00,0.0,0.0,0.396,0.351,31.6,71,1001.2,14.2
AGR_GMT_01,2023-07-29 05:00:00+00:00,0.0,0.0,0.394,0.351,32.8,66,1000.7,15.2
AGR_GMT_01,2023-07-29 06:00:00+00:00,0.0,0.0,0.391,0.35,33.4,62,999.7,13.8
AGR_GMT_01,2023-07-29 07:00:00+00:00,0.0,0.0,0.389,0.35,33.5,60,997.7,13.4
AGR_GMT_01,2023-07-29 08:00:00+00:00,0.0,0.0,0.387,0.349,34.2,58,996.8,13.0
AGR_GMT_01,2023-07-29 09:00:00+00:00,0.1,0.1,0.386,0.349,33.1,62,996.0,15.5
AGR_GMT_01,2023-07-29 10:00:00+00:00,0.0,0.0,0.384,0.349,33.6,60,995.7,16.0
AGR_GMT_01,2023-07-29 11:00:00+00:00,0.1,0.1,0.383,0.349,32.6,63,996.2,17.0
AGR_GMT_01,2023-07-29 12:00:00+00:00,0.1,0.1,0.384,0.347,32.2,64,997.3,9.8
AGR_GMT_01,2023-07-29 13:00:00+00:00,0.0,0.0,0.383,0.348,30.7,69,997.5,8.4
AGR_GMT_01,2023-07-29 14:00:00+00:00,0.0,0.0,0.383,0.348,29.7,73,998.2,7.2
AGR_GMT_01,2023-07-29 15:00:00+00:00,0.0,0.0,0.383,0.348,29.2,77,999.4,7.6
AGR_GMT_01,2023-07-29 16:00:00+00:00,0.0,0.0,0.383,0.348,28.5,81,1000.1,6.8
AGR_GMT_01,2023-07-29 17:00:00+00:00,0.0,0.0,0.382,0.348,28.0,85,1000.1,5.0
AGR_GMT_01,2023-07-29 18:00:00+00:00,0.0,0.0,0.382,0.348,27.6,88,999.8,4.7
AGR_GMT_01,2023-07-29 19:00:00+00:00,0.0,0.0,0.382,0.348,27.3,90,999.1,4.6
AGR_GMT_01,2023-07-29 20:00:00+00:00,0.0,0.0,0.382,0.348,27.1,91,998.0,6.2
AGR_GMT_01,2023-07-29 21:00:00+00:00,0.0,0.0,0.382,0.348,26.9,92,997.5,4.2
AGR_GMT_01,2023-07-29 22:00:00+00:00,0.0,0.0,0.382,0.348,26.4,95,997.8,3.3
AGR_GMT_01,2023-07-29 23:00:00+00:00,0.0,0.0,0.382,0.348,26.5,94,997.6,6.0
AGR_GMT_01,2023-07-30 00:00:00+00:00,0.0,0.0,0.381,0.348,27.3,91,998.1,6.6
AGR_GMT_01,2023-07-30 01:00:00+00:00,0.0,0.0,0.38,0.348,28.7,85,998.8,5.4
AGR_GMT_01,2023-07-30 02:00:00+00:00,0.0,0.0,0.379,0.348,30.0,78,999.2,5.8
AGR_GMT_01,2023-07-30 03:00:00+00:00,0.0,0.0,0.378,0.347,31.5,70,999.2,6.1
AGR_GMT_01,2023-07-30 04:00:00+00:00,0.0,0.0,0.376,0.347,32.8,64,998.7,6.9
AGR_GMT_01,2023-07-30 05:00:00+00:00,0.0,0.0,0.374,0.346,34.1,61,998.3,4.8
AGR_GMT_01,2023-07-30 06:00:00+00:00,0.0,0.0,0.371,0.346,35.2,58,997.3,1.8
AGR_GMT_01,2023-07-30 07:00:00+00:00,0.1,0.1,0.369,0.345,35.4,57,995.8,1.5
AGR_GMT_01,2023-07-30 08:00:00+00:00,0.0,0.0,0.367,0.345,35.9,55,994.7,3.8
AGR_GMT_01,2023-07-30 09:00:00+00:00,0.0,0.0,0.365,0.344,35.9,53,993.8,6.3
AGR_GMT_01,2023-07-30 10:00:00+00:00,0.6,0.6,0.368,0.344,32.9,64,994.1,9.4
AGR_GMT_01,2023-07-30 11:00:00+00:00,0.1,0.1,0.368,0.344,32.8,64,994.1,3.6
AGR_GMT_01,2023-07-30 12:00:00+00:00,0.0,0.0,0.359,0.34,32.0,71,994.5,3.1
AGR_GMT_01,2023-07-30 13:00:00+00:00,0.0,0.0,0.358,0.34,31.5,72,995.3,1.1
AGR_GMT_01,2023-07-30 14:00:00+00:00,0.0,0.0,0.358,0.34,30.2,86,996.4,3.2
AGR_GMT_01,2023-07-30 15:00:00+00:00,0.0,0.0,0.358,0.34,29.6,89,997.6,2.9
AGR_GMT_01,2023-07-30 16:00:00+00:00,1.7,1.7,0.378,0.34,29.1,90,998.2,2.3
AGR_GMT_01,2023-07-30 17:00:00+00:00,1.4,1.4,0.398,0.34,28.7,88,997.9,3.3
AGR_GMT_01,2023-07-30 18:00:00+00:00,0.0,0.0,0.397,0.341,28.1,90,997.2,7.4
AGR_GMT_01,2023-07-30 19:00:00+00:00,0.9,0.9,0.408,0.341,27.4,93,996.2,5.5
AGR_GMT_01,2023-07-30 20:00:00+00:00,0.6,0.6,0.416,0.341,27.1,94,995.8,7.1
AGR_GMT_01,2023-07-30 21:00:00+00:00,0.1,0.1,0.416,0.341,26.6,93,995.7,8.6
AGR_GMT_01,2023-07-30 22:00:00+00:00,0.0,0.0,0.416,0.341,26.5,94,995.5,7.3
AGR_GMT_01,2023-07-30 23:00:00+00:00,0.0,0.0,0.415,0.341,26.2,96,995.6,2.5
AGR_GMT_01,2023-07-31 00:00:00+00:00,12.0,12.0,0.455,0.348,27.6,94,995.8,3.0
AGR_GMT_01,2023-07-31 01:00:00+00:00,0.0,0.0,0.453,0.349,28.9,90,996.7,0.5
AGR_GMT_01,2023-07-31 02:00:00+00:00,0.0,0.0,0.451,0.35,30.5,83,997.6,2.1
AGR_GMT_01,2023-07-31 03:00:00+00:00,0.1,0.1,0.449,0.35,31.8,77,997.4,3.9
AGR_GMT_01,2023-07-31 04:00:00+00:00,0.1,0.1,0.445,0.35,32.8,72,997.0,6.2
AGR_GMT_01,2023-07-31 05:00:00+00:00,0.1,0.1,0.442,0.35,33.6,69,996.5,6.9
AGR_GMT_01,2023-07-31 06:00:00+00:00,0.0,0.0,0.438,0.35,34.6,65,995.5,7.2
AGR_GMT_01,2023-07-31 07:00:00+00:00,0.0,0.0,0.433,0.35,35.0,62,994.2,8.7
AGR_GMT_01,2023-07-31 08:00:00+00:00,0.0,0.0,0.429,0.349,34.9,62,993.3,10.4
AGR_GMT_01,2023-07-31 09:00:00+00:00,0.0,0.0,0.426,0.349,33.7,67,992.6,8.0
AGR_GMT_01,2023-07-31 10:00:00+00:00,0.1,0.1,0.424,0.349,33.0,71,992.2,11.3
AGR_GMT_01,2023-07-31 11:00:00+00:00,0.0,0.0,0.423,0.349,32.9,72,992.6,6.3
AGR_GMT_01,2023-07-31 12:00:00+00:00,0.0,0.0,0.419,0.347,33.2,69,992.6,2.5
AGR_GMT_01,2023-07-31 13:00:00+00:00,0.0,0.0,0.418,0.347,31.4,84,993.1,3.6
AGR_GMT_01,2023-07-31 14:00:00+00:00,2.7,2.7,0.452,0.347,30.6,81,994.9,6.9
AGR_GMT_01,2023-07-31 15:00:00+00:00,21.0,21.0,0.517,0.408,28.0,92,996.7,17.7
AGR_GMT_01,2023-07-31 16:00:00+00:00,1.6,1.6,0.496,0.421,26.8,96,997.2,11.4
AGR_GMT_01,2023-07-31 17:00:00+00:00,0.2,0.2,0.493,0.423,27.0,96,997.0,9.1
AGR_GMT_01,2023-07-31 18:00:00+00:00,4.2,4.2,0.507,0.435,26.7,97,996.7,11.6
AGR_GMT_01,2023-07-31 19:00:00+00:00,0.4,0.4,0.503,0.438,26.8,97,995.3,4.0
AGR_GMT_01,2023-07-31 20:00:00+00:00,2.5,2.5,0.52,0.442,26.6,97,995.3,6.6
AGR_GMT_01,2023-07-31 21:00:00+00:00,1.0,1.0,0.502,0.453,26.5,97,993.9,4.3
AGR_GMT_01,2023-07-31 22:00:00+00:00,0.0,0.0,0.497,0.454,26.4,98,993.9,5.4
AGR_GMT_01,2023-07-31 23:00:00+00:00,0.0,0.0,0.493,0.455,26.3,98,994.0,7.9
AGR_GMT_01,2023-08-01 00:00:00+00:00,0.0,0.0,0.474,0.445,27.7,94,994.0,7.0
AGR_GMT_01,2023-08-01 01:00:00+00:00,0.0,0.0,0.473,0.445,29.0,90,994.4,6.3
AGR_GMT_01,2023-08-01 02:00:00+00:00,0.0,0.0,0.471,0.445,30.5,83,994.7,10.2
AGR_GMT_01,2023-08-01 03:00:00+00:00,0.0,0.0,0.468,0.445,32.0,74,994.2,13.1
AGR_GMT_01,2023-08-01 04:00:00+00:00,0.0,0.0,0.465,0.444,33.2,68,993.9,16.0
AGR_GMT_01,2023-08-01 05:00:00+00:00,0.0,0.0,0.462,0.443,34.2,63,993.3,14.8
AGR_GMT_01,2023-08-01 06:00:00+00:00,0.0,0.0,0.459,0.443,34.9,60,992.3,13.8
AGR_GMT_01,2023-08-01 07:00:00+00:00,0.3,0.3,0.458,0.441,34.2,61,991.9,13.3
AGR_GMT_01,2023-08-01 08:00:00+00:00,0.4,0.4,0.458,0.441,32.9,67,991.5,16.1
AGR_GMT_01,2023-08-01 09:00:00+00:00,0.1,0.1,0.456,0.44,33.4,59,991.0,24.2
AGR_GMT_01,2023-08-01 10:00:00+00:00,0.1,0.1,0.455,0.44,30.8,70,991.5,25.0
AGR_GMT_01,2023-08-01 11:00:00+00:00,0.1,0.1,0.454,0.439,29.7,77,991.9,23.8
AGR_GMT_01,2023-08-01 12:00:00+00:00,0.0,0.0,0.443,0.438,31.1,66,992.9,16.4
AGR_GMT_01,2023-08-01 13:00:00+00:00,0.0,0.0,0.443,0.438,30.6,67,993.6,18.3
AGR_GMT_01,2023-08-01 14:00:00+00:00,0.0,0.0,0.442,0.438,30.1,68,994.9,18.9
AGR_GMT_01,2023-08-01 15:00:00+00:00,0.0,0.0,0.442,0.438,29.8,71,996.0,17.1
AGR_GMT_01,2023-08-01 16:00:00+00:00,0.0,0.0,0.441,0.438,29.7,72,995.9,19.1
AGR_GMT_01,2023-08-01 17:00:00+00:00,0.0,0.0,0.441,0.438,29.5,72,995.8,21.9
AGR_GMT_01,2023-08-01 18:00:00+00:00,0.2,0.2,0.442,0.438,28.9,75,996.0,20.6
AGR_GMT_01,2023-08-01 19:00:00+00:00,1.2,1.2,0.453,0.437,27.6,83,995.7,23.4
AGR_GMT_01,2023-08-01 20:00:00+00:00,0.4,0.4,0.456,0.438,26.9,88,995.4,21.1
AGR_GMT_01,2023-08-01 21:00:00+00:00,0.4,0.4,0.46,0.438,26.5,90,995.4,20.9
AGR_GMT_01,2023-08-01 22:00:00+00:00,0.1,0.1,0.46,0.438,26.4,90,995.2,22.4
AGR_GMT_01,2023-08-01 23:00:00+00:00,0.0,0.0,0.46,0.438,26.3,89,995.6,21.1
AGR_GMT_01,2023-08-02 00:00:00+00:00,0.0,0.0,0.454,0.438,27.2,86,996.9,17.6
AGR_GMT_01,2023-08-02 01:00:00+00:00,0.0,0.0,0.453,0.438,28.1,83,997.6,21.3
AGR_GMT_01,2023-08-02 02:00:00+00:00,0.1,0.1,0.453,0.437,29.0,80,998.3,21.2
AGR_GMT_01,2023-08-02 03:00:00+00:00,0.1,0.1,0.452,0.437,29.8,78,998.8,22.1
AGR_GMT_01,2023-08-02 04:00:00+00:00,2.8,2.8,0.483,0.437,29.6,81,999.0,18.6
AGR_GMT_01,2023-08-02 05:00:00+00:00,0.2,0.2,0.481,0.437,30.3,77,998.6,24.0
AGR_GMT_01,2023-08-02 06:00:00+00:00,4.3,4.3,0.501,0.447,28.6,85,998.1,20.9
AGR_GMT_01,2023-08-02 07:00:00+00:00,0.5,0.5,0.499,0.449,29.2,82,997.2,21.7
AGR_GMT_01,2023-08-02 08:00:00+00:00,0.2,0.2,0.495,0.45,29.0,82,996.3,21.6
AGR_GMT_01,2023-08-02 09:00:00+00:00,0.3,0.3,0.492,0.451,28.5,85,995.8,24.5
AGR_GMT_01,2023-08-02 10:00:00+00:00,0.1,0.1,0.489,0.451,28.8,83,995.9,21.6
AGR_GMT_01,2023-08-02 11:00:00+00:00,0.0,0.0,0.486,0.452,28.4,85,996.2,18.4
AGR_GMT_01,2023-08-02 12:00:00+00:00,0.0,0.0,0.465,0.436,27.8,87,997.2,17.6
AGR_GMT_01,2023-08-02 13:00:00+00:00,0.0,0.0,0.464,0.436,27.2,89,997.6,17.9
AGR_GMT_01,2023-08-02 14:00:00+00:00,0.0,0.0,0.463,0.436,27.0,90,998.8,16.8
AGR_GMT_01,2023-08-02 15:00:00+00:00,0.0,0.0,0.463,0.437,26.9,90,999.5,17.5
AGR_GMT_01,2023-08-02 16:00:00+00:00,0.0,0.0,0.462,0.437,26.8,89,1000.0,19.0
AGR_GMT_01,2023-08-02 17:00:00+00:00,0.0,0.0,0.461,0.437,26.8,89,1000.4,18.0
AGR_GMT_01,2023-08-02 18:00:00+00:00,0.1,0.1,0.462,0.437,26.5,90,1000.2,17.2
AGR_GMT_01,2023-08-02 19:00:00+00:00,0.8,0.8,0.468,0.437,26.3,90,999.7,16.9
AGR_GMT_01,2023-08-02 20:00:00+00:00,0.1,0.1,0.467,0.438,26.2,91,999.1,18.1
AGR_GMT_01,2023-08-02 21:00:00+00:00,0.1,0.1,0.467,0.438,26.1,91,999.2,17.4
AGR_GMT_01,2023-08-02 22:00:00+00:00,0.0,0.0,0.466,0.438,26.0,91,999.0,17.2
AGR_GMT_01,2023-08-02 23:00:00+00:00,0.0,0.0,0.466,0.438,25.9,91,999.1,16.8
AGR_GMT_01,2023-08-03 00:00:00+00:00,0.0,0.0,0.458,0.438,26.3,94,999.4,14.1
AGR_GMT_01,2023-08-03 01:00:00+00:00,0.0,0.0,0.458,0.438,26.9,91,999.7,17.5
AGR_GMT_01,2023-08-03 02:00:00+00:00,0.1,0.1,0.458,0.438,27.6,87,1000.6,19.3
AGR_GMT_01,2023-08-03 03:00:00+00:00,0.0,0.0,0.457,0.438,28.2,85,1000.6,16.4
AGR_GMT_01,2023-08-03 04:00:00+00:00,0.2,0.2,0.456,0.437,29.1,81,1000.5,17.4
AGR_GMT_01,2023-08-03 05:00:00+00:00,0.1,0.1,0.455,0.437,30.3,77,1000.0,17.8
AGR_GMT_01,2023-08-03 06:00:00+00:00,0.8,0.8,0.46,0.437,29.4,78,999.4,19.3
AGR_GMT_01,2023-08-03 07:00:00+00:00,0.3,0.3,0.461,0.436,29.5,81,998.6,17.2
AGR_GMT_01,2023-08-03 08:00:00+00:00,0.2,0.2,0.46,0.436,30.3,78,997.9,17.1
AGR_GMT_01,2023-08-03 09:00:00+00:00,0.2,0.2,0.46,0.436,30.0,76,997.1,18.6
AGR_GMT_01,2023-08-03 10:00:00+00:00,0.0,0.0,0.458,0.436,29.7,77,997.2,19.0
AGR_GMT_01,2023-08-03 11:00:00+00:00,0.0,0.0,0.457,0.435,29.5,77,997.2,17.7
AGR_GMT_01,2023-08-03 12:00:00+00:00,0.0,0.0,0.486,0.44,28.4,83,999.0,13.6
AGR_GMT_01,2023-08-03 13:00:00+00:00,0.0,0.0,0.483,0.44,27.8,85,1000.1,12.4
AGR_GMT_01,2023-08-03 14:00:00+00:00,0.0,0.0,0.481,0.441,27.4,87,1000.6,14.7
AGR_GMT_01,2023-08-03 15:00:00+00:00,0.0,0.0,0.479,0.442,27.0,89,1001.8,14.3
AGR_GMT_01,2023-08-03 16:00:00+00:00,0.0,0.0,0.477,0.442,26.7,90,1002.2,15.0
AGR_GMT_01,2023-08-03 17:00:00+00:00,0.0,0.0,0.476,0.442,26.5,91,1002.5,15.5
AGR_GMT_01,2023-08-03 18:00:00+00:00,0.0,0.0,0.474,0.443,26.2,91,1002.2,14.7
AGR_GMT_01,2023-08-03 19:00:00+00:00,0.0,0.0,0.473,0.443,26.0,91,1001.8,14.7
AGR_GMT_01,2023-08-03 20:00:00+00:00,0.0,0.0,0.472,0.443,25.9,92,1001.7,15.5
AGR_GMT_01,2023-08-03 21:00:00+00:00,0.0,0.0,0.471,0.444,25.8,91,1001.1,15.0
AGR_GMT_01,2023-08-03 22:00:00+00:00,0.0,0.0,0.47,0.444,25.8,90,1001.1,14.2
AGR_GMT_01,2023-08-03 23:00:00+00:00,0.0,0.0,0.469,0.444,25.5,91,1001.3,14.3
AGR_GMT_01,2023-08-04 00:00:00+00:00,0.0,0.0,0.469,0.445,26.3,92,1001.7,13.2
AGR_GMT_01,2023-08-04 01:00:00+00:00,0.0,0.0,0.468,0.445,27.0,88,1002.4,15.3
AGR_GMT_01,2023-08-04 02:00:00+00:00,0.0,0.0,0.467,0.445,27.3,87,1002.8,17.8
AGR_GMT_01,2023-08-04 03:00:00+00:00,0.0,0.0,0.465,0.445,28.4,81,1003.0,17.1
AGR_GMT_01,2023-08-04 04:00:00+00:00,0.1,0.1,0.464,0.444,29.6,77,1003.2,15.6
AGR_GMT_01,2023-08-04 05:00:00+00:00,0.0,0.0,0.462,0.444,30.3,77,1002.5,14.8
AGR_GMT_01,2023-08-04 06:00:00+00:00,1.4,1.4,0.473,0.443,30.4,75,1002.2,16.9
AGR_GMT_01,2023-08-04 07:00:00+00:00,2.9,2.9,0.502,0.445,29.8,81,1001.7,15.0
AGR_GMT_01,2023-08-04 08:00:00+00:00,4.6,4.6,0.512,0.458,28.1,86,1001.3,15.8
AGR_GMT_01,2023-08-04 09:00:00+00:00,0.2,0.2,0.504,0.461,28.9,84,1000.8,16.5
AGR_GMT_01,2023-08-04 10:00:00+00:00,0.2,0.2,0.5,0.462,29.3,85,1000.3,15.7
AGR_GMT_01,2023-08-04 11:00:00+00:00,0.2,0.2,0.497,0.463,28.8,85,1000.7,14.4
AGR_GMT_01,2023-08-04 12:00:00+00:00,0.0,0.0,0.498,0.454,27.8,89,1001.8,12.9
AGR_GMT_01,2023-08-04 13:00:00+00:00,0.0,0.0,0.494,0.456,27.2,91,1002.5,13.2
AGR_GMT_01,2023-08-04 14:00:00+00:00,0.0,0.0,0.491,0.456,26.9,92,1003.3,14.3
AGR_GMT_01,2023-08-04 15:00:00+00:00,0.0,0.0,0.488,0.457,26.7,93,1004.4,14.7
AGR_GMT_01,2023-08-04 16:00:00+00:00,0.0,0.0,0.486,0.458,26.5,93,1005.2,14.0
AGR_GMT_01,2023-08-04 17:00:00+00:00,0.0,0.0,0.484,0.458,26.3,93,1005.2,15.8
AGR_GMT_01,2023-08-04 18:00:00+00:00,0.0,0.0,0.483,0.458,26.0,93,1004.7,15.7
AGR_GMT_01,2023-08-04 19:00:00+00:00,0.0,0.0,0.482,0.459,25.8,93,1004.3,15.0
AGR_GMT_01,2023-08-04 20:00:00+00:00,0.0,0.0,0.48,0.459,25.6,94,1003.7,15.1
AGR_GMT_01,2023-08-04 21:00:00+00:00,0.0,0.0,0.479,0.459,25.3,94,1003.3,16.3
AGR_GMT_01,2023-08-04 22:00:00+00:00,0.0,0.0,0.478,0.459,25.0,94,1003.3,16.1
AGR_GMT_01,2023-08-04 23:00:00+00:00,0.0,0.0,0.477,0.459,25.1,94,1003.2,16.6
AGR_GMT_01,2023-08-05 00:00:00+00:00,0.0,0.0,0.477,0.46,25.8,96,1003.5,13.0
AGR_GMT_01,2023-08-05 01:00:00+00:00,0.0,0.0,0.476,0.46,26.6,91,1004.4,17.5
AGR_GMT_01,2023-08-05 02:00:00+00:00,0.0,0.0,0.475,0.46,27.5,87,1004.8,16.4
AGR_GMT_01,2023-08-05 03:00:00+00:00,0.1,0.1,0.474,0.459,28.4,83,1005.0,16.7
AGR_GMT_01,2023-08-05 04:00:00+00:00,1.3,1.3,0.484,0.459,28.6,84,1004.8,16.4
AGR_GMT_01,2023-08-05 05:00:00+00:00,0.1,0.1,0.481,0.459,30.5,76,1004.0,17.3
AGR_GMT_01,2023-08-05 06:00:00+00:00,0.1,0.1,0.478,0.458,31.4,71,1003.1,17.7
AGR_GMT_01,2023-08-05 07:00:00+00:00,2.5,2.5,0.501,0.459,28.9,83,1002.7,17.0
AGR_GMT_01,2023-08-05 08:00:00+00:00,0.5,0.5,0.499,0.46,30.4,78,1001.4,16.1
AGR_GMT_01,2023-08-05 09:00:00+00:00,0.3,0.3,0.497,0.461,28.9,81,1000.9,17.3
AGR_GMT_01,2023-08-05 10:00:00+00:00,0.2,0.2,0.493,0.462,30.3,80,1000.3,14.5
AGR_GMT_01,2023-08-05 11:00:00+00:00,0.3,0.3,0.493,0.462,27.9,86,1000.5,14.8
AGR_GMT_01,2023-08-05 12:00:00+00:00,0.1,0.1,0.507,0.464,28.3,85,1001.8,15.9
AGR_GMT_01,2023-08-05 13:00:00+00:00,0.4,0.4,0.503,0.466,26.7,92,1002.0,15.5
AGR_GMT_01,2023-08-05 14:00:00+00:00,0.0,0.0,0.499,0.467,26.6,94,1002.8,13.1
AGR_GMT_01,2023-08-05 15:00:00+00:00,0.0,0.0,0.496,0.468,26.8,93,1003.6,14.8
AGR_GMT_01,2023-08-05 16:00:00+00:00,0.0,0.0,0.493,0.468,26.5,93,1003.7,15.4
AGR_GMT_01,2023-08-05 17:00:00+00:00,0.1,0.1,0.491,0.469,26.0,94,1003.6,19.7
AGR_GMT_01,2023-08-05 18:00:00+00:00,0.8,0.8,0.497,0.469,25.4,96,1002.9,17.2
AGR_GMT_01,2023-08-05 19:00:00+00:00,0.2,0.2,0.496,0.47,25.3,97,1002.1,15.5
AGR_GMT_01,2023-08-05 20:00:00+00:00,0.3,0.3,0.496,0.471,25.3,96,1001.4,14.4
AGR_GMT_01,2023-08-05 21:00:00+00:00,0.8,0.8,0.503,0.471,25.1,97,1000.8,13.3
AGR_GMT_01,2023-08-05 22:00:00+00:00,3.1,3.1,0.513,0.482,25.1,98,1000.4,13.4
AGR_GMT_01,2023-08-05 23:00:00+00:00,0.6,0.6,0.511,0.484,25.2,97,1000.7,15.3
AGR_GMT_01,2023-08-06 00:00:00+00:00,0.2,0.2,0.505,0.486,25.0,98,1001.0,14.2
AGR_GMT_01,2023-08-06 01:00:00+00:00,1.3,1.3,0.511,0.489,25.4,95,1001.3,13.7
AGR_GMT_01,2023-08-06 02:00:00+00:00,0.1,0.1,0.506,0.49,26.9,89,1001.3,17.0
AGR_GMT_01,2023-08-06 03:00:00+00:00,0.2,0.2,0.504,0.491,27.7,88,1001.6,13.8
AGR_GMT_01,2023-08-06 04:00:00+00:00,0.2,0.2,0.502,0.49,28.7,84,1001.1,14.4
AGR_GMT_01,2023-08-06 05:00:00+00:00,11.3,11.3,0.52,0.52,27.5,88,1000.8,16.3
AGR_GMT_01,2023-08-06 06:00:00+00:00,4.1,4.1,0.508,0.515,27.4,90,1000.4,16.2
AGR_GMT_01,2023-08-06 07:00:00+00:00,3.4,3.4,0.517,0.517,28.2,90,999.1,14.6
AGR_GMT_01,2023-08-06 08:00:00+00:00,4.2,4.2,0.52,0.52,28.8,84,998.0,20.1
AGR_GMT_01,2023-08-06 09:00:00+00:00,6.2,6.2,0.51,0.515,28.5,88,997.5,18.0
AGR_GMT_01,2023-08-06 10:00:00+00:00,1.6,1.6,0.504,0.517,27.8,91,997.1,14.3
AGR_GMT_01,2023-08-06 11:00:00+00:00,1.1,1.1,0.514,0.513,28.2,88,997.0,14.4
AGR_GMT_01,2023-08-06 12:00:00+00:00,1.1,1.1,0.509,0.514,27.1,93,998.4,12.7
AGR_GMT_01,2023-08-06 13:00:00+00:00,5.0,5.0,0.49,0.517,26.1,94,998.8,11.9
AGR_GMT_01,2023-08-06 14:00:00+00:00,2.0,2.0,0.516,0.513,26.0,96,999.4,14.1
AGR_GMT_01,2023-08-06 15:00:00+00:00,2.5,2.5,0.52,0.518,25.8,96,999.9,11.4
AGR_GMT_01,2023-08-06 16:00:00+00:00,3.4,3.4,0.495,0.516,25.3,98,1000.2,12.6
AGR_GMT_01,2023-08-06 17:00:00+00:00,1.9,1.9,0.519,0.512,25.1,98,999.7,13.7
AGR_GMT_01,2023-08-06 18:00:00+00:00,2.5,2.5,0.508,0.52,24.9,98,999.1,11.9
AGR_GMT_01,2023-08-06 19:00:00+00:00,1.8,1.8,0.512,0.514,24.9,98,998.0,12.4
AGR_GMT_01,2023-08-06 20:00:00+00:00,1.4,1.4,0.509,0.516,24.9,98,997.5,11.2
AGR_GMT_01,2023-08-06 21:00:00+00:00,6.9,6.9,0.518,0.52,24.8,98,997.1,9.4
AGR_GMT_01,2023-08-06 22:00:00+00:00,4.2,4.2,0.516,0.516,24.9,98,996.9,9.4
AGR_GMT_01,2023-08-06 23:00:00+00:00,2.5,2.5,0.51,0.515,25.0,98,996.9,11.8
AGR_GMT_01,2023-08-07 00:00:00+00:00,2.9,2.9,0.508,0.519,25.2,98,996.8,14.0
AGR_GMT_01,2023-08-07 01:00:00+00:00,3.3,3.3,0.514,0.516,25.3,95,997.3,18.4
AGR_GMT_01,2023-08-07 02:00:00+00:00,1.9,1.9,0.502,0.516,25.5,95,997.8,14.5
AGR_GMT_01,2023-08-07 03:00:00+00:00,1.9,1.9,0.519,0.514,26.1,95,997.9,13.1
AGR_GMT_01,2023-08-07 04:00:00+00:00,1.2,1.2,0.491,0.518,26.1,94,998.0,18.0
AGR_GMT_01,2023-08-07 05:00:00+00:00,0.8,0.8,0.499,0.513,26.2,95,997.4,16.6
AGR_GMT_01,2023-08-07 06:00:00+00:00,1.2,1.2,0.509,0.511,27.3,89,996.9,13.8
AGR_GMT_01,2023-08-07 07:00:00+00:00,1.0,1.0,0.515,0.51,27.5,92,995.9,12.2
AGR_GMT_01,2023-08-07 08:00:00+00:00,1.1,1.1,0.503,0.516,27.4,91,995.3,13.3
AGR_GMT_01,2023-08-07 09:00:00+00:00,1.7,1.7,0.517,0.514,26.7,93,994.6,13.7
AGR_GMT_01,2023-08-07 10:00:00+00:00,0.9,0.9,0.517,0.514,27.0,92,994.4,10.4
AGR_GMT_01,2023-08-07 11:00:00+00:00,0.5,0.5,0.515,0.513,27.1,92,994.7,13.1
AGR_GMT_01,2023-08-07 12:00:00+00:00,0.7,0.7,0.519,0.514,26.3,95,995.7,10.9
AGR_GMT_01,2023-08-07 13:00:00+00:00,0.9,0.9,0.519,0.515,26.3,93,996.5,11.8
AGR_GMT_01,2023-08-07 14:00:00+00:00,3.8,3.8,0.497,0.518,25.6,95,997.4,11.9
AGR_GMT_01,2023-08-07 15:00:00+00:00,1.3,1.3,0.511,0.515,25.4,97,997.9,13.8
AGR_GMT_01,2023-08-07 16:00:00+00:00,0.6,0.6,0.514,0.514,25.3,96,998.3,12.5
AGR_GMT_01,2023-08-07 17:00:00+00:00,0.3,0.3,0.513,0.513,25.1,97,998.4,11.0
AGR_GMT_01,2023-08-07 18:00:00+00:00,0.8,0.8,0.518,0.512,25.0,97,998.1,11.3
AGR_GMT_01,2023-08-07 19:00:00+00:00,1.4,1.4,0.513,0.516,24.8,98,997.3,12.6
AGR_GMT_01,2023-08-07 20:00:00+00:00,1.1,1.1,0.518,0.516,24.8,98,997.0,14.4
AGR_GMT_01,2023-08-07 21:00:00+00:00,0.8,0.8,0.519,0.516,24.8,98,996.7,14.8
AGR_GMT_01,2023-08-07 22:00:00+00:00,1.5,1.5,0.499,0.517,24.8,97,996.5,13.0
AGR_GMT_01,2023-08-07 23:00:00+00:00,2.3,2.3,0.52,0.516,24.7,98,996.6,12.5
AGR_GMT_01,2023-08-08 00:00:00+00:00,3.1,3.1,0.514,0.511,25.8,96,997.2,8.8
AGR_GMT_01,2023-08-08 01:00:00+00:00,3.7,3.7,0.503,0.519,25.6,96,998.1,10.9
AGR_GMT_01,2023-08-08 02:00:00+00:00,5.8,5.8,0.512,0.52,25.2,97,998.7,9.7
AGR_GMT_01,2023-08-08 03:00:00+00:00,6.8,6.8,0.516,0.52,26.2,94,999.3,15.2
AGR_GMT_01,2023-08-08 04:00:00+00:00,7.0,7.0,0.514,0.519,26.4,95,999.7,14.5
AGR_GMT_01,2023-08-08 05:00:00+00:00,2.8,2.8,0.512,0.517,27.3,95,999.4,12.1
AGR_GMT_01,2023-08-08 06:00:00+00:00,0.7,0.7,0.513,0.516,27.8,92,998.8,13.0
AGR_GMT_01,2023-08-08 07:00:00+00:00,0.8,0.8,0.515,0.515,27.4,89,998.5,14.4
AGR_GMT_01,2023-08-08 08:00:00+00:00,1.3,1.3,0.49,0.518,27.0,89,998.3,13.2
AGR_GMT_01,2023-08-08 09:00:00+00:00,0.2,0.2,0.494,0.515,27.6,87,997.7,14.8
AGR_GMT_01,2023-08-08 10:00:00+00:00,0.1,0.1,0.494,0.513,28.1,86,997.8,15.0
AGR_GMT_01,2023-08-08 11:00:00+00:00,0.0,0.0,0.494,0.511,27.7,86,998.1,13.7
AGR_GMT_01,2023-08-08 12:00:00+00:00,0.0,0.0,0.51,0.508,27.0,89,999.8,10.0
AGR_GMT_01,2023-08-08 13:00:00+00:00,0.2,0.2,0.508,0.508,26.5,91,1000.4,10.4
AGR_GMT_01,2023-08-08 14:00:00+00:00,0.1,0.1,0.507,0.508,26.2,93,1001.3,10.2
AGR_GMT_01,2023-08-08 15:00:00+00:00,0.2,0.2,0.506,0.508,26.1,95,1002.2,10.2
AGR_GMT_01,2023-08-08 16:00:00+00:00,0.2,0.2,0.506,0.507,26.0,95,1002.6,10.9
AGR_GMT_01,2023-08-08 17:00:00+00:00,0.1,0.1,0.504,0.507,25.7,96,1002.6,11.8
AGR_GMT_01,2023-08-08 18:00:00+00:00,0.0,0.0,0.503,0.506,25.4,96,1002.4,11.4
AGR_GMT_01,2023-08-08 19:00:00+00:00,0.0,0.0,0.501,0.506,25.2,97,1002.0,12.1
AGR_GMT_01,2023-08-08 20:00:00+00:00,0.0,0.0,0.5,0.506,25.2,97,1001.7,12.2
AGR_GMT_01,2023-08-08 21:00:00+00:00,0.0,0.0,0.499,0.505,25.1,96,1001.7,12.0
AGR_GMT_01,2023-08-08 22:00:00+00:00,0.0,0.0,0.498,0.505,24.7,94,1001.8,11.5
AGR_GMT_01,2023-08-08 23:00:00+00:00,0.0,0.0,0.497,0.504,24.3,95,1002.2,10.8
AGR_GMT_01,2023-08-09 00:00:00+00:00,0.0,0.0,0.495,0.504,24.8,93,1002.8,8.6
AGR_GMT_01,2023-08-09 01:00:00+00:00,0.0,0.0,0.494,0.503,26.5,92,1003.4,10.5
AGR_GMT_01,2023-08-09 02:00:00+00:00,0.0,0.0,0.493,0.502,28.0,86,1003.9,12.6
AGR_GMT_01,2023-08-09 03:00:00+00:00,0.1,0.1,0.492,0.502,29.0,83,1004.1,12.0
AGR_GMT_01,2023-08-09 04:00:00+00:00,0.0,0.0,0.49,0.501,30.2,79,1004.5,10.2
AGR_GMT_01,2023-08-09 05:00:00+00:00,0.0,0.0,0.488,0.499,31.1,74,1003.8,9.8
AGR_GMT_01,2023-08-09 06:00:00+00:00,0.0,0.0,0.485,0.498,31.4,72,1003.2,10.3
AGR_GMT_01,2023-08-09 07:00:00+00:00,0.0,0.0,0.483,0.497,31.7,70,1002.1,9.8
AGR_GMT_01,2023-08-09 08:00:00+00:00,0.0,0.0,0.482,0.496,31.5,70,1001.2,12.3
AGR_GMT_01,2023-08-09 09:00:00+00:00,0.0,0.0,0.48,0.495,31.9,68,1000.8,12.8
AGR_GMT_01,2023-08-09 10:00:00+00:00,0.0,0.0,0.478,0.494,30.8,71,1000.2,14.4
AGR_GMT_01,2023-08-09 11:00:00+00:00,0.0,0.0,0.477,0.493,30.0,76,1000.5,11.9
AGR_GMT_01,2023-08-09 12:00:00+00:00,0.0,0.0,0.481,0.492,28.9,82,1001.8,7.3
AGR_GMT_01,2023-08-09 13:00:00+00:00,0.0,0.0,0.481,0.491,28.2,86,1002.5,6.7
AGR_GMT_01,2023-08-09 14:00:00+00:00,0.0,0.0,0.481,0.491,27.8,87,1003.2,10.1
AGR_GMT_01,2023-08-09 15:00:00+00:00,0.0,0.0,0.481,0.491,27.5,87,1003.9,10.7
AGR_GMT_01,2023-08-09 16:00:00+00:00,0.0,0.0,0.48,0.491,27.1,90,1004.5,10.0
AGR_GMT_01,2023-08-09 17:00:00+00:00,0.0,0.0,0.48,0.491,26.7,92,1004.5,11.0
AGR_GMT_01,2023-08-09 18:00:00+00:00,0.0,0.0,0.48,0.49,26.4,93,1004.0,10.4
AGR_GMT_01,2023-08-09 19:00:00+00:00,0.1,0.1,0.481,0.49,25.8,93,1003.6,13.4
AGR_GMT_01,2023-08-09 20:00:00+00:00,0.4,0.4,0.484,0.49,25.6,95,1003.2,11.4
AGR_GMT_01,2023-08-09 21:00:00+00:00,0.0,0.0,0.484,0.49,25.5,96,1003.0,11.6
AGR_GMT_01,2023-08-09 22:00:00+00:00,0.0,0.0,0.483,0.49,25.5,96,1002.8,12.2
AGR_GMT_01,2023-08-09 23:00:00+00:00,0.0,0.0,0.483,0.49,25.5,96,1003.4,11.2
AGR_GMT_01,2023-08-10 00:00:00+00:00,0.0,0.0,0.49,0.49,25.6,96,1003.8,12.1
AGR_GMT_01,2023-08-10 01:00:00+00:00,0.0,0.0,0.489,0.49,26.4,92,1004.5,12.5
AGR_GMT_01,2023-08-10 02:00:00+00:00,0.0,0.0,0.488,0.489,27.5,86,1005.0,8.7
AGR_GMT_01,2023-08-10 03:00:00+00:00,0.0,0.0,0.487,0.489,29.1,80,1005.3,11.9
AGR_GMT_01,2023-08-10 04:00:00+00:00,0.1,0.1,0.485,0.488,29.9,78,1005.3,9.8
AGR_GMT_01,2023-08-10 05:00:00+00:00,0.1,0.1,0.484,0.487,31.0,75,1005.1,10.3
AGR_GMT_01,2023-08-10 06:00:00+00:00,0.1,0.1,0.481,0.486,31.9,69,1004.0,9.1
AGR_GMT_01,2023-08-10 07:00:00+00:00,0.0,0.0,0.479,0.486,31.4,69,1002.7,8.8
AGR_GMT_01,2023-08-10 08:00:00+00:00,1.0,1.0,0.486,0.485,30.7,73,1001.8,9.9
AGR_GMT_01,2023-08-10 09:00:00+00:00,0.8,0.8,0.491,0.485,30.8,74,1001.1,11.9
AGR_GMT_01,2023-08-10 10:00:00+00:00,0.2,0.2,0.491,0.485,29.4,81,1000.9,12.7
AGR_GMT_01,2023-08-10 11:00:00+00:00,0.0,0.0,0.489,0.485,29.4,80,1001.2,12.0
AGR_GMT_01,2023-08-10 12:00:00+00:00,0.0,0.0,0.503,0.497,27.6,86,1003.4,7.2
AGR_GMT_01,2023-08-10 13:00:00+00:00,0.0,0.0,0.501,0.497,27.0,90,1004.0,4.8
AGR_GMT_01,2023-08-10 14:00:00+00:00,0.3,0.3,0.501,0.497,27.0,90,1005.0,5.4
AGR_GMT_01,2023-08-10 15:00:00+00:00,2.6,2.6,0.503,0.503,26.8,92,1005.6,6.6
AGR_GMT_01,2023-08-10 16:00:00+00:00,0.2,0.2,0.503,0.503,26.8,93,1006.0,9.7
AGR_GMT_01,2023-08-10 17:00:00+00:00,0.0,0.0,0.502,0.503,26.5,93,1005.9,9.0
AGR_GMT_01,2023-08-10 18:00:00+00:00,0.0,0.0,0.501,0.503,26.2,93,1005.5,9.2
AGR_GMT_01,2023-08-10 19:00:00+00:00,0.5,0.5,0.504,0.503,25.9,94,1005.0,9.9
AGR_GMT_01,2023-08-10 20:00:00+00:00,0.1,0.1,0.503,0.503,25.8,95,1004.4,10.2
AGR_GMT_01,2023-08-10 21:00:00+00:00,0.1,0.1,0.502,0.503,25.7,96,1004.1,10.7
AGR_GMT_01,2023-08-10 22:00:00+00:00,0.0,0.0,0.501,0.502,25.6,96,1003.9,10.5
AGR_GMT_01,2023-08-10 23:00:00+00:00,0.0,0.0,0.5,0.502,25.5,96,1004.0,11.2
AGR_GMT_01,2023-08-11 00:00:00+00:00,0.0,0.0,0.512,0.501,26.0,96,1004.3,10.0
AGR_GMT_01,2023-08-11 01:00:00+00:00,0.4,0.4,0.511,0.502,26.9,93,1004.6,12.3
AGR_GMT_01,2023-08-11 02:00:00+00:00,0.7,0.7,0.512,0.504,27.1,92,1005.3,11.6
AGR_GMT_01,2023-08-11 03:00:00+00:00,0.2,0.2,0.509,0.505,28.4,88,1005.3,10.5
AGR_GMT_01,2023-08-11 04:00:00+00:00,0.1,0.1,0.506,0.505,29.3,84,1005.1,8.8
AGR_GMT_01,2023-08-11 05:00:00+00:00,0.0,0.0,0.503,0.504,30.9,76,1004.2,9.0
AGR_GMT_01,2023-08-11 06:00:00+00:00,0.1,0.1,0.5,0.503,31.2,73,1002.9,11.5
AGR_GMT_01,2023-08-11 07:00:00+00:00,0.1,0.1,0.497,0.502,31.7,71,1002.0,11.9
AGR_GMT_01,2023-08-11 08:00:00+00:00,1.5,1.5,0.507,0.501,30.2,77,1000.8,11.9
AGR_GMT_01,2023-08-11 09:00:00+00:00,0.1,0.1,0.504,0.501,31.0,74,1000.0,12.4
AGR_GMT_01,2023-08-11 10:00:00+00:00,0.0,0.0,0.502,0.501,30.9,73,999.4,12.0
AGR_GMT_01,2023-08-11 11:00:00+00:00,0.0,0.0,0.499,0.5,30.9,73,999.2,12.6
AGR_GMT_01,2023-08-11 12:00:00+00:00,0.0,0.0,0.489,0.498,28.4,82,1001.5,11.6
AGR_GMT_01,2023-08-11 13:00:00+00:00,0.0,0.0,0.489,0.497,27.6,86,1002.1,10.4
AGR_GMT_01,2023-08-11 14:00:00+00:00,0.0,0.0,0.488,0.497,27.3,89,1002.9,9.6
AGR_GMT_01,2023-08-11 15:00:00+00:00,0.0,0.0,0.488,0.497,27.2,90,1003.7,11.4
AGR_GMT_01,2023-08-11 16:00:00+00:00,0.0,0.0,0.487,0.496,27.0,91,1004.8,11.5
AGR_GMT_01,2023-08-11 17:00:00+00:00,0.0,0.0,0.487,0.496,27.0,90,1004.4,11.6
AGR_GMT_01,2023-08-11 18:00:00+00:00,0.0,0.0,0.487,0.496,26.6,91,1003.7,12.0
AGR_GMT_01,2023-08-11 19:00:00+00:00,0.0,0.0,0.486,0.496,26.4,92,1002.9,14.9
AGR_GMT_01,2023-08-11 20:00:00+00:00,0.0,0.0,0.486,0.495,26.1,91,1002.6,14.9
AGR_GMT_01,2023-08-11 21:00:00+00:00,0.0,0.0,0.485,0.495,25.7,93,1002.0,13.8
AGR_GMT_01,2023-08-11 22:00:00+00:00,0.0,0.0,0.485,0.495,25.3,94,1002.1,13.5
AGR_GMT_01,2023-08-11 23:00:00+00:00,0.3,0.3,0.487,0.494,25.2,94,1002.4,12.1
AGR_GMT_01,2023-08-12 00:00:00+00:00,0.1,0.1,0.481,0.493,26.1,95,1002.1,14.1
AGR_GMT_01,2023-08-12 01:00:00+00:00,0.0,0.0,0.481,0.493,27.3,89,1002.7,18.4
AGR_GMT_01,2023-08-12 02:00:00+00:00,0.0,0.0,0.48,0.492,28.1,86,1003.2,17.7
AGR_GMT_01,2023-08-12 03:00:00+00:00,0.2,0.2,0.48,0.491,29.3,80,1003.3,20.6
AGR_GMT_01,2023-08-12 04:00:00+00:00,0.1,0.1,0.479,0.491,30.3,76,1003.0,17.8
AGR_GMT_01,2023-08-12 05:00:00+00:00,0.1,0.1,0.477,0.49,31.4,73,1002.7,16.7
AGR_GMT_01,2023-08-12 06:00:00+00:00,0.1,0.1,0.476,0.489,31.5,71,1002.0,14.7
AGR_GMT_01,2023-08-12 07:00:00+00:00,0.1,0.1,0.475,0.488,31.2,71,1000.1,16.5
AGR_GMT_01,2023-08-12 08:00:00+00:00,1.1,1.1,0.482,0.487,30.3,78,999.0,18.1
AGR_GMT_01,2023-08-12 09:00:00+00:00,0.0,0.0,0.48,0.486,31.0,76,998.6,16.4
AGR_GMT_01,2023-08-12 10:00:00+00:00,0.0,0.0,0.479,0.486,31.1,73,998.3,15.9
AGR_GMT_01,2023-08-12 11:00:00+00:00,0.1,0.1,0.478,0.485,30.0,78,998.2,12.2
AGR_GMT_01,2023-08-12 12:00:00+00:00,0.0,0.0,0.503,0.508,28.6,84,1000.1,12.2
AGR_GMT_01,2023-08-12 13:00:00+00:00,0.4,0.4,0.504,0.508,27.6,87,1000.8,15.5
AGR_GMT_01,2023-08-12 14:00:00+00:00,0.1,0.1,0.503,0.507,27.0,89,1001.3,13.5
AGR_GMT_01,2023-08-12 15:00:00+00:00,0.0,0.0,0.501,0.507,26.9,90,1002.2,14.5
AGR_GMT_01,2023-08-12 16:00:00+00:00,0.0,0.0,0.5,0.506,26.7,91,1002.6,15.4
AGR_GMT_01,2023-08-12 17:00:00+00:00,0.0,0.0,0.498,0.506,26.5,91,1002.6,16.7
AGR_GMT_01,2023-08-12 18:00:00+00:00,0.0,0.0,0.497,0.505,26.2,92,1002.7,16.4
AGR_GMT_01,2023-08-12 19:00:00+00:00,0.0,0.0,0.496,0.505,26.1,93,1001.8,15.2
AGR_GMT_01,2023-08-12 20:00:00+00:00,3.0,3.0,0.506,0.511,25.3,96,1001.5,11.4
AGR_GMT_01,2023-08-12 21:00:00+00:00,1.2,1.2,0.515,0.511,25.3,96,1000.9,12.8
AGR_GMT_01,2023-08-12 22:00:00+00:00,0.3,0.3,0.513,0.512,25.2,96,1000.8,13.5
AGR_GMT_01,2023-08-12 23:00:00+00:00,0.1,0.1,0.51,0.511,25.3,96,1001.1,13.0
AGR_GMT_01,2023-08-13 00:00:00+00:00,0.0,0.0,0.506,0.503,25.9,97,1001.8,9.3
AGR_GMT_01,2023-08-13 01:00:00+00:00,0.4,0.4,0.508,0.503,26.3,95,1003.0,12.9
AGR_GMT_01,2023-08-13 02:00:00+00:00,0.1,0.1,0.506,0.504,26.9,91,1003.5,15.4
AGR_GMT_01,2023-08-13 03:00:00+00:00,0.0,0.0,0.504,0.503,27.1,89,1004.0,13.9
AGR_GMT_01,2023-08-13 04:00:00+00:00,0.1,0.1,0.503,0.503,27.1,88,1004.1,11.6
AGR_GMT_01,2023-08-13 05:00:00+00:00,0.3,0.3,0.502,0.503,28.2,85,1003.9,11.4
AGR_GMT_01,2023-08-13 06:00:00+00:00,0.2,0.2,0.501,0.502,29.4,83,1003.0,9.0
AGR_GMT_01,2023-08-13 07:00:00+00:00,0.1,0.1,0.498,0.501,31.3,75,1001.8,5.4
AGR_GMT_01,2023-08-13 08:00:00+00:00,0.0,0.0,0.496,0.5,31.7,70,1000.2,1.9
AGR_GMT_01,2023-08-13 09:00:00+00:00,0.4,0.4,0.497,0.5,28.3,84,999.9,14.2
AGR_GMT_01,2023-08-13 10:00:00+00:00,0.1,0.1,0.496,0.499,29.0,83,999.4,6.2
AGR_GMT_01,2023-08-13 11:00:00+00:00,0.5,0.5,0.498,0.499,29.2,84,999.5,7.5
AGR_GMT_01,2023-08-13 12:00:00+00:00,8.4,8.4,0.507,0.514,28.2,88,1001.5,4.0
AGR_GMT_01,2023-08-13 13:00:00+00:00,0.3,0.3,0.507,0.513,26.7,90,1002.4,10.1
AGR_GMT_01,2023-08-13 14:00:00+00:00,0.1,0.1,0.505,0.512,26.0,92,1002.9,7.7
AGR_GMT_01,2023-08-13 15:00:00+00:00,0.0,0.0,0.503,0.511,25.8,94,1004.0,5.0
AGR_GMT_01,2023-08-13 16:00:00+00:00,0.0,0.0,0.501,0.511,25.8,95,1004.4,5.7
AGR_GMT_01,2023-08-13 17:00:00+00:00,2.4,2.4,0.51,0.516,25.5,96,1004.7,5.8
AGR_GMT_01,2023-08-13 18:00:00+00:00,1.1,1.1,0.491,0.516,25.5,97,1004.4,7.3
AGR_GMT_01,2023-08-13 19:00:00+00:00,0.1,0.1,0.493,0.514,25.5,97,1003.7,5.1
AGR_GMT_01,2023-08-13 20:00:00+00:00,3.9,3.9,0.52,0.519,25.3,97,1003.5,3.1
AGR_GMT_01,2023-08-13 21:00:00+00:00,0.8,0.8,0.499,0.516,25.3,98,1002.8,5.4
AGR_GMT_01,2023-08-13 22:00:00+00:00,0.1,0.1,0.499,0.514,25.1,99,1002.7,7.2
AGR_GMT_01,2023-08-13 23:00:00+00:00,0.0,0.0,0.498,0.513,25.2,97,1003.0,7.0
AGR_GMT_01,2023-08-14 00:00:00+00:00,0.0,0.0,0.496,0.51,25.6,96,1003.3,6.4
AGR_GMT_01,2023-08-14 01:00:00+00:00,0.0,0.0,0.495,0.509,26.5,92,1003.9,5.8
AGR_GMT_01,2023-08-14 02:00:00+00:00,0.0,0.0,0.494,0.508,27.8,85,1004.6,11.2
AGR_GMT_01,2023-08-14 03:00:00+00:00,0.0,0.0,0.493,0.507,28.7,83,1004.7,8.1
AGR_GMT_01,2023-08-14 04:00:00+00:00,0.2,0.2,0.493,0.506,29.4,80,1004.8,5.0
AGR_GMT_01,2023-08-14 05:00:00+00:00,0.1,0.1,0.492,0.505,30.9,74,1004.6,6.2
AGR_GMT_01,2023-08-14 06:00:00+00:00,0.2,0.2,0.491,0.503,30.8,73,1003.4,5.0
AGR_GMT_01,2023-08-14 07:00:00+00:00,2.3,2.3,0.512,0.503,29.2,80,1002.5,12.1
AGR_GMT_01,2023-08-14 08:00:00+00:00,0.2,0.2,0.508,0.503,30.3,78,1001.2,7.2
AGR_GMT_01,2023-08-14 09:00:00+00:00,0.1,0.1,0.505,0.503,31.2,72,1000.1,7.0
AGR_GMT_01,2023-08-14 10:00:00+00:00,0.0,0.0,0.502,0.502,31.1,71,999.5,9.3
AGR_GMT_01,2023-08-14 11:00:00+00:00,0.1,0.1,0.5,0.502,30.2,77,999.6,9.9
AGR_GMT_01,2023-08-14 12:00:00+00:00,0.4,0.4,0.497,0.503,29.7,82,1001.0,3.5
AGR_GMT_01,2023-08-14 13:00:00+00:00,0.0,0.0,0.496,0.502,28.5,86,1001.8,6.8
AGR_GMT_01,2023-08-14 14:00:00+00:00,0.0,0.0,0.495,0.502,28.0,88,1002.5,7.6
AGR_GMT_01,2023-08-14 15:00:00+00:00,0.0,0.0,0.494,0.501,27.5,89,1003.4,8.4
AGR_GMT_01,2023-08-14 16:00:00+00:00,0.0,0.0,0.493,0.501,27.3,90,1003.9,8.9
AGR_GMT_01,2023-08-14 17:00:00+00:00,0.0,0.0,0.493,0.5,26.9,91,1004.5,7.4
AGR_GMT_01,2023-08-14 18:00:00+00:00,0.0,0.0,0.492,0.5,26.6,93,1004.2,9.7
AGR_GMT_01,2023-08-14 19:00:00+00:00,0.1,0.1,0.492,0.499,26.3,94,1003.5,10.1
AGR_GMT_01,2023-08-14 20:00:00+00:00,0.0,0.0,0.491,0.498,25.7,94,1003.1,12.9
AGR_GMT_01,2023-08-14 21:00:00+00:00,0.0,0.0,0.49,0.498,25.3,93,1002.8,9.7
AGR_GMT_01,2023-08-14 22:00:00+00:00,0.0,0.0,0.49,0.497,25.3,94,1003.0,9.4
AGR_GMT_01,2023-08-14 23:00:00+00:00,0.0,0.0,0.489,0.497,25.3,96,1003.2,9.0
AGR_GMT_01,2023-08-15 00:00:00+00:00,0.0,0.0,0.485,0.495,26.1,96,1003.2,9.5
AGR_GMT_01,2023-08-15 01:00:00+00:00,0.0,0.0,0.485,0.494,27.7,91,1004.2,8.7
AGR_GMT_01,2023-08-15 02:00:00+00:00,0.0,0.0,0.484,0.494,29.0,86,1004.4,9.4
AGR_GMT_01,2023-08-15 03:00:00+00:00,0.1,0.1,0.483,0.493,29.9,83,1004.3,9.8
AGR_GMT_01,2023-08-15 04:00:00+00:00,0.1,0.1,0.482,0.492,30.9,76,1004.4,8.2
AGR_GMT_01,2023-08-15 05:00:00+00:00,0.1,0.1,0.481,0.491,31.4,73,1004.1,6.5
AGR_GMT_01,2023-08-15 06:00:00+00:00,0.1,0.1,0.48,0.49,32.0,70,1003.1,5.6
AGR_GMT_01,2023-08-15 07:00:00+00:00,0.1,0.1,0.478,0.488,32.6,67,1001.7,4.0
AGR_GMT_01,2023-08-15 08:00:00+00:00,0.0,0.0,0.476,0.487,32.7,65,1000.5,5.1
AGR_GMT_01,2023-08-15 09:00:00+00:00,0.1,0.1,0.475,0.486,32.2,67,999.7,7.6
AGR_GMT_01,2023-08-15 10:00:00+00:00,0.1,0.1,0.474,0.485,30.9,74,999.3,12.9
AGR_GMT_01,2023-08-15 11:00:00+00:00,0.0,0.0,0.474,0.485,30.7,77,999.6,9.4
AGR_GMT_01,2023-08-15 12:00:00+00:00,0.4,0.4,0.487,0.485,29.3,81,1001.6,6.0
AGR_GMT_01,2023-08-15 13:00:00+00:00,0.0,0.0,0.486,0.485,28.2,87,1002.0,9.3
AGR_GMT_01,2023-08-15 14:00:00+00:00,0.0,0.0,0.485,0.485,27.3,88,1002.6,9.0
AGR_GMT_01,2023-08-15 15:00:00+00:00,0.0,0.0,0.485,0.485,27.1,88,1004.1,7.6
AGR_GMT_01,2023-08-15 16:00:00+00:00,0.0,0.0,0.484,0.485,27.1,89,1004.3,8.4
AGR_GMT_01,2023-08-15 17:00:00+00:00,0.0,0.0,0.484,0.485,27.1,92,1003.8,9.8
AGR_GMT_01,2023-08-15 18:00:00+00:00,0.3,0.3,0.486,0.484,26.8,94,1004.1,10.0
AGR_GMT_01,2023-08-15 19:00:00+00:00,1.4,1.4,0.5,0.485,26.7,96,1003.0,11.9
AGR_GMT_01,2023-08-15 20:00:00+00:00,0.0,0.0,0.498,0.485,26.4,96,1002.8,11.6
AGR_GMT_01,2023-08-15 21:00:00+00:00,0.1,0.1,0.497,0.486,26.1,96,1002.3,11.4
AGR_GMT_01,2023-08-15 22:00:00+00:00,0.1,0.1,0.496,0.486,26.0,97,1002.3,10.6
AGR_GMT_01,2023-08-15 23:00:00+00:00,0.0,0.0,0.494,0.486,26.0,97,1002.8,8.6
AGR_GMT_01,2023-08-16 00:00:00+00:00,0.0,0.0,0.485,0.482,26.1,96,1002.8,10.3
AGR_GMT_01,2023-08-16 01:00:00+00:00,0.1,0.1,0.485,0.482,26.6,93,1004.0,7.6
AGR_GMT_01,2023-08-16 02:00:00+00:00,0.0,0.0,0.484,0.482,27.3,89,1003.9,9.7
AGR_GMT_01,2023-08-16 03:00:00+00:00,0.0,0.0,0.483,0.481,28.9,84,1004.0,7.4
AGR_GMT_01,2023-08-16 04:00:00+00:00,0.1,0.1,0.482,0.481,30.4,77,1004.2,5.4
AGR_GMT_01,2023-08-16 05:00:00+00:00,0.1,0.1,0.481,0.48,30.7,75,1003.7,3.1
AGR_GMT_01,2023-08-16 06:00:00+00:00,0.3,0.3,0.481,0.48,31.4,72,1002.4,1.8
AGR_GMT_01,2023-08-16 07:00:00+00:00,0.4,0.4,0.482,0.479,31.7,73,1000.7,1.8
AGR_GMT_01,2023-08-16 08:00:00+00:00,0.2,0.2,0.481,0.478,32.4,72,999.4,0.7
AGR_GMT_01,2023-08-16 09:00:00+00:00,0.2,0.2,0.48,0.477,31.3,76,998.7,4.5
AGR_GMT_01,2023-08-16 10:00:00+00:00,0.1,0.1,0.479,0.477,31.6,74,999.1,2.6
AGR_GMT_01,2023-08-16 11:00:00+00:00,10.6,10.6,0.504,0.5,26.6,92,1000.3,11.6
AGR_GMT_01,2023-08-16 12:00:00+00:00,1.5,1.5,0.489,0.473,28.6,84,1000.1,6.2
AGR_GMT_01,2023-08-16 13:00:00+00:00,0.0,0.0,0.487,0.473,27.4,90,1001.4,3.6
AGR_GMT_01,2023-08-16 14:00:00+00:00,0.0,0.0,0.486,0.473,26.9,94,1002.3,3.7
AGR_GMT_01,2023-08-16 15:00:00+00:00,0.0,0.0,0.485,0.474,26.9,94,1003.1,5.1
AGR_GMT_01,2023-08-16 16:00:00+00:00,0.0,0.0,0.484,0.474,26.6,95,1003.4,4.4
AGR_GMT_01,2023-08-16 17:00:00+00:00,0.0,0.0,0.483,0.474,26.2,97,1003.5,3.8
AGR_GMT_01,2023-08-16 18:00:00+00:00,0.0,0.0,0.482,0.474,26.2,96,1003.0,5.1
AGR_GMT_01,2023-08-16 19:00:00+00:00,0.0,0.0,0.481,0.474,26.0,96,1002.4,5.7
AGR_GMT_01,2023-08-16 20:00:00+00:00,0.0,0.0,0.481,0.474,26.0,96,1001.9,6.4
AGR_GMT_01,2023-08-16 21:00:00+00:00,0.0,0.0,0.48,0.474,25.8,96,1001.7,6.4
AGR_GMT_01,2023-08-16 22:00:00+00:00,0.0,0.0,0.479,0.474,25.8,97,1001.8,8.0
AGR_GMT_01,2023-08-16 23:00:00+00:00,0.0,0.0,0.479,0.474,25.7,98,1001.9,6.4
AGR_GMT_01,2023-08-17 00:00:00+00:00,0.0,0.0,0.496,0.48,26.9,98,1001.6,3.2
AGR_GMT_01,2023-08-17 01:00:00+00:00,0.1,0.1,0.494,0.48,28.1,94,1002.2,2.7
AGR_GMT_01,2023-08-17 02:00:00+00:00,0.0,0.0,0.492,0.48,29.3,89,1002.7,3.1
AGR_GMT_01,2023-08-17 03:00:00+00:00,0.0,0.0,0.49,0.48,30.8,79,1002.9,2.7
AGR_GMT_01,2023-08-17 04:00:00+00:00,0.0,0.0,0.487,0.48,31.9,74,1003.0,2.6
AGR_GMT_01,2023-08-17 05:00:00+00:00,0.1,0.1,0.485,0.479,32.6,71,1002.2,2.4
AGR_GMT_01,2023-08-17 06:00:00+00:00,0.0,0.0,0.481,0.478,33.4,67,1001.1,0.7
AGR_GMT_01,2023-08-17 07:00:00+00:00,0.0,0.0,0.478,0.477,33.9,65,999.6,0.8
AGR_GMT_01,2023-08-17 08:00:00+00:00,0.0,0.0,0.475,0.476,34.3,63,998.7,3.2
AGR_GMT_01,2023-08-17 09:00:00+00:00,0.0,0.0,0.473,0.475,33.4,66,997.8,4.7
AGR_GMT_01,2023-08-17 10:00:00+00:00,1.5,1.5,0.486,0.475,31.4,77,998.1,5.5
AGR_GMT_01,2023-08-17 11:00:00+00:00,0.0,0.0,0.485,0.475,32.0,74,997.9,3.8
AGR_GMT_01,2023-08-17 12:00:00+00:00,0.0,0.0,0.454,0.473,30.4,78,999.8,6.6
AGR_GMT_01,2023-08-17 13:00:00+00:00,0.1,0.1,0.455,0.473,29.3,83,1001.3,6.2
AGR_GMT_01,2023-08-17 14:00:00+00:00,0.3,0.3,0.458,0.472,29.0,85,1002.1,5.9
AGR_GMT_01,2023-08-17 15:00:00+00:00,0.0,0.0,0.458,0.472,28.7,86,1002.9,10.3
AGR_GMT_01,2023-08-17 16:00:00+00:00,0.0,0.0,0.458,0.472,28.0,86,1003.2,9.1
AGR_GMT_01,2023-08-17 17:00:00+00:00,0.0,0.0,0.459,0.472,27.5,89,1003.1,7.9
AGR_GMT_01,2023-08-17 18:00:00+00:00,0.1,0.1,0.459,0.472,27.0,92,1003.2,6.3
AGR_GMT_01,2023-08-17 19:00:00+00:00,0.0,0.0,0.459,0.471,26.7,94,1002.3,7.1
AGR_GMT_01,2023-08-17 20:00:00+00:00,0.0,0.0,0.46,0.471,26.4,94,1002.3,6.4
AGR_GMT_01,2023-08-17 21:00:00+00:00,0.0,0.0,0.46,0.471,26.1,95,1002.4,3.4
AGR_GMT_01,2023-08-17 22:00:00+00:00,0.0,0.0,0.46,0.471,26.0,95,1002.1,4.8
AGR_GMT_01,2023-08-17 23:00:00+00:00,0.0,0.0,0.46,0.471,25.8,96,1002.5,4.2
AGR_GMT_01,2023-08-18 00:00:00+00:00,0.0,0.0,0.462,0.471,26.8,93,1002.8,5.0
AGR_GMT_01,2023-08-18 01:00:00+00:00,0.0,0.0,0.462,0.47,28.2,89,1003.5,6.5
AGR_GMT_01,2023-08-18 02:00:00+00:00,0.0,0.0,0.461,0.47,29.5,80,1004.0,8.6
AGR_GMT_01,2023-08-18 03:00:00+00:00,0.0,0.0,0.46,0.469,30.7,74,1004.1,10.8
AGR_GMT_01,2023-08-18 04:00:00+00:00,0.0,0.0,0.458,0.468,31.6,69,1003.7,13.0
AGR_GMT_01,2023-08-18 05:00:00+00:00,0.0,0.0,0.455,0.467,32.5,65,1003.4,15.5
AGR_GMT_01,2023-08-18 06:00:00+00:00,0.1,0.1,0.453,0.466,32.9,63,1002.5,15.0
AGR_GMT_01,2023-08-18 07:00:00+00:00,0.0,0.0,0.45,0.465,33.2,63,1001.7,13.9
AGR_GMT_01,2023-08-18 08:00:00+00:00,0.2,0.2,0.449,0.464,31.9,67,1001.1,13.3
AGR_GMT_01,2023-08-18 09:00:00+00:00,0.3,0.3,0.45,0.463,31.6,69,999.9,14.0
AGR_GMT_01,2023-08-18 10:00:00+00:00,0.1,0.1,0.449,0.462,31.1,72,1000.0,14.4
AGR_GMT_01,2023-08-18 11:00:00+00:00,0.0,0.0,0.449,0.462,30.7,73,1000.3,14.4
AGR_GMT_01,2023-08-18 12:00:00+00:00,0.5,0.5,0.442,0.461,30.2,74,1001.2,11.9
AGR_GMT_01,2023-08-18 13:00:00+00:00,0.0,0.0,0.442,0.46,29.2,78,1001.7,13.0
AGR_GMT_01,2023-08-18 14:00:00+00:00,0.0,0.0,0.442,0.46,28.5,81,1002.7,14.1
AGR_GMT_01,2023-08-18 15:00:00+00:00,0.0,0.0,0.443,0.46,28.0,84,1003.7,13.4
AGR_GMT_01,2023-08-18 16:00:00+00:00,0.0,0.0,0.443,0.46,27.6,87,1004.5,12.4
AGR_GMT_01,2023-08-18 17:00:00+00:00,0.0,0.0,0.443,0.46,27.3,88,1005.0,10.0
AGR_GMT_01,2023-08-18 18:00:00+00:00,0.0,0.0,0.443,0.46,27.1,89,1004.5,9.9
AGR_GMT_01,2023-08-18 19:00:00+00:00,0.0,0.0,0.443,0.459,27.0,88,1004.4,11.0
AGR_GMT_01,2023-08-18 20:00:00+00:00,0.0,0.0,0.443,0.459,26.7,87,1004.4,11.1
AGR_GMT_01,2023-08-18 21:00:00+00:00,0.0,0.0,0.443,0.459,26.3,88,1004.2,11.1
AGR_GMT_01,2023-08-18 22:00:00+00:00,0.0,0.0,0.443,0.459,26.1,88,1004.3,10.3
AGR_GMT_01,2023-08-18 23:00:00+00:00,0.0,0.0,0.443,0.459,25.9,89,1004.4,9.8
AGR_GMT_01,2023-08-19 00:00:00+00:00,0.0,0.0,0.443,0.459,26.7,87,1004.7,10.3
AGR_GMT_01,2023-08-19 01:00:00+00:00,0.0,0.0,0.443,0.458,27.8,83,1005.1,12.9
AGR_GMT_01,2023-08-19 02:00:00+00:00,0.0,0.0,0.442,0.458,28.7,79,1005.5,17.5
AGR_GMT_01,2023-08-19 03:00:00+00:00,0.1,0.1,0.441,0.457,29.7,75,1005.9,16.5
AGR_GMT_01,2023-08-19 04:00:00+00:00,0.1,0.1,0.44,0.456,30.8,73,1005.6,14.1
AGR_GMT_01,2023-08-19 05:00:00+00:00,0.0,0.0,0.438,0.455,31.7,70,1005.2,13.4
AGR_GMT_01,2023-08-19 06:00:00+00:00,0.0,0.0,0.436,0.454,32.3,68,1004.8,13.7
AGR_GMT_01,2023-08-19 07:00:00+00:00,0.1,0.1,0.435,0.453,32.3,67,1003.6,15.9
AGR_GMT_01,2023-08-19 08:00:00+00:00,0.1,0.1,0.433,0.452,31.8,67,1002.6,16.7
AGR_GMT_01,2023-08-19 09:00:00+00:00,0.0,0.0,0.431,0.452,31.4,70,1001.7,15.5
AGR_GMT_01,2023-08-19 10:00:00+00:00,0.0,0.0,0.43,0.451,31.6,68,1001.2,16.3
AGR_GMT_01,2023-08-19 11:00:00+00:00,0.1,0.1,0.43,0.45,30.7,71,1001.4,15.1
AGR_GMT_01,2023-08-19 12:00:00+00:00,0.0,0.0,0.426,0.449,29.5,77,1003.0,10.6
AGR_GMT_01,2023-08-19 13:00:00+00:00,0.0,0.0,0.426,0.449,28.7,79,1003.6,9.8
AGR_GMT_01,2023-08-19 14:00:00+00:00,0.0,0.0,0.426,0.449,28.3,81,1004.3,10.0
AGR_GMT_01,2023-08-19 15:00:00+00:00,0.0,0.0,0.426,0.448,27.7,85,1005.3,8.2
AGR_GMT_01,2023-08-19 16:00:00+00:00,0.0,0.0,0.426,0.448,27.3,88,1005.5,8.0
AGR_GMT_01,2023-08-19 17:00:00+00:00,0.0,0.0,0.426,0.448,27.0,90,1005.6,8.3
AGR_GMT_01,2023-08-19 18:00:00+00:00,0.0,0.0,0.427,0.448,26.7,91,1005.5,8.6
AGR_GMT_01,2023-08-19 19:00:00+00:00,0.0,0.0,0.427,0.448,26.5,93,1005.1,8.6
AGR_GMT_01,2023-08-19 20:00:00+00:00,0.0,0.0,0.427,0.448,26.3,94,1005.0,7.7
AGR_GMT_01,2023-08-19 21:00:00+00:00,0.0,0.0,0.427,0.448,26.0,96,1004.8,6.9
AGR_GMT_01,2023-08-19 22:00:00+00:00,0.0,0.0,0.428,0.448,25.8,96,1004.8,9.0
AGR_GMT_01,2023-08-19 23:00:00+00:00,0.0,0.0,0.428,0.448,25.7,97,1005.0,8.9
AGR_GMT_01,2023-08-20 00:00:00+00:00,0.0,0.0,0.427,0.447,26.3,95,1005.5,8.1
AGR_GMT_01,2023-08-20 01:00:00+00:00,0.0,0.0,0.427,0.447,27.6,89,1006.1,11.1
AGR_GMT_01,2023-08-20 02:00:00+00:00,0.0,0.0,0.426,0.446,28.7,86,1006.7,7.4
AGR_GMT_01,2023-08-20 03:00:00+00:00,0.0,0.0,0.425,0.446,29.9,81,1006.7,6.1
AGR_GMT_01,2023-08-20 04:00:00+00:00,0.1,0.1,0.424,0.445,30.8,76,1006.7,6.7
AGR_GMT_01,2023-08-20 05:00:00+00:00,0.2,0.2,0.424,0.444,31.3,74,1006.0,7.8
AGR_GMT_01,2023-08-20 06:00:00+00:00,0.2,0.2,0.424,0.443,31.7,73,1005.2,8.4
AGR_GMT_01,2023-08-20 07:00:00+00:00,0.1,0.1,0.422,0.442,32.4,69,1004.1,7.8
AGR_GMT_01,2023-08-20 08:00:00+00:00,0.1,0.1,0.421,0.441,32.5,69,1002.7,9.4
AGR_GMT_01,2023-08-20 09:00:00+00:00,0.0,0.0,0.42,0.441,32.5,69,1001.5,10.2
AGR_GMT_01,2023-08-20 10:00:00+00:00,0.1,0.1,0.419,0.44,32.0,71,1000.9,9.5
AGR_GMT_01,2023-08-20 11:00:00+00:00,0.7,0.7,0.425,0.44,30.8,75,1001.1,8.7
AGR_GMT_01,2023-08-20 12:00:00+00:00,0.0,0.0,0.418,0.439,30.1,78,1002.4,4.3
AGR_GMT_01,2023-08-20 13:00:00+00:00,0.0,0.0,0.418,0.439,28.8,87,1002.9,5.9
AGR_GMT_01,2023-08-20 14:00:00+00:00,0.0,0.0,0.418,0.439,28.5,85,1003.6,4.2
AGR_GMT_01,2023-08-20 15:00:00+00:00,0.0,0.0,0.418,0.439,28.4,83,1004.2,8.8
AGR_GMT_01,2023-08-20 16:00:00+00:00,0.0,0.0,0.419,0.439,28.0,85,1004.6,8.4
AGR_GMT_01,2023-08-20 17:00:00+00:00,0.0,0.0,0.419,0.439,27.7,87,1004.7,8.1
AGR_GMT_01,2023-08-20 18:00:00+00:00,0.0,0.0,0.419,0.439,27.3,90,1004.3,6.9
AGR_GMT_01,2023-08-20 19:00:00+00:00,0.0,0.0,0.419,0.439,27.0,91,1003.9,8.0
AGR_GMT_01,2023-08-20 20:00:00+00:00,0.0,0.0,0.419,0.439,26.8,92,1003.5,9.1
AGR_GMT_01,2023-08-20 21:00:00+00:00,0.0,0.0,0.419,0.439,26.5,93,1003.3,8.4
AGR_GMT_01,2023-08-20 22:00:00+00:00,0.0,0.0,0.419,0.439,26.3,94,1003.2,8.0
AGR_GMT_01,2023-08-20 23:00:00+00:00,0.0,0.0,0.42,0.439,26.2,95,1003.2,7.7
AGR_GMT_01,2023-08-21 00:00:00+00:00,0.0,0.0,0.418,0.438,27.1,94,1003.3,7.9
AGR_GMT_01,2023-08-21 01:00:00+00:00,0.0,0.0,0.418,0.438,28.3,91,1004.2,8.3
AGR_GMT_01,2023-08-21 02:00:00+00:00,0.0,0.0,0.418,0.438,29.4,83,1004.7,10.3
AGR_GMT_01,2023-08-21 03:00:00+00:00,0.0,0.0,0.417,0.437,30.6,75,1004.9,9.7
AGR_GMT_01,2023-08-21 04:00:00+00:00,0.0,0.0,0.415,0.436,31.7,68,1005.1,9.2
AGR_GMT_01,2023-08-21 05:00:00+00:00,0.0,0.0,0.414,0.435,32.2,64,1004.5,9.4
AGR_GMT_01,2023-08-21 06:00:00+00:00,0.0,0.0,0.412,0.435,32.5,63,1003.7,9.7
AGR_GMT_01,2023-08-21 07:00:00+00:00,0.0,0.0,0.41,0.434,33.1,60,1002.7,10.0
AGR_GMT_01,2023-08-21 08:00:00+00:00,0.0,0.0,0.408,0.433,33.2,59,1001.4,11.5
AGR_GMT_01,2023-08-21 09:00:00+00:00,0.1,0.1,0.407,0.432,32.8,60,1000.5,11.9
AGR_GMT_01,2023-08-21 10:00:00+00:00,0.0,0.0,0.406,0.431,32.0,64,1000.5,11.5
AGR_GMT_01,2023-08-21 11:00:00+00:00,0.0,0.0,0.406,0.431,31.1,70,1000.7,10.2
AGR_GMT_01,2023-08-21 12:00:00+00:00,0.0,0.0,0.403,0.432,30.5,71,1002.0,6.5
AGR_GMT_01,2023-08-21 13:00:00+00:00,0.0,0.0,0.404,0.432,29.4,75,1002.8,8.0
AGR_GMT_01,2023-08-21 14:00:00+00:00,0.0,0.0,0.404,0.432,28.8,78,1003.7,9.0
AGR_GMT_01,2023-08-21 15:00:00+00:00,0.0,0.0,0.404,0.432,28.4,78,1004.3,9.2
AGR_GMT_01,2023-08-21 16:00:00+00:00,0.0,0.0,0.404,0.432,28.0,80,1004.7,9.3
AGR_GMT_01,2023-08-21 17:00:00+00:00,0.0,0.0,0.404,0.432,27.6,83,1004.9,10.5
AGR_GMT_01,2023-08-21 18:00:00+00:00,0.0,0.0,0.404,0.432,27.3,85,1004.7,10.9
AGR_GMT_01,2023-08-21 19:00:00+00:00,0.0,0.0,0.405,0.432,27.0,88,1004.1,9.8
AGR_GMT_01,2023-08-21 20:00:00+00:00,0.0,0.0,0.405,0.432,27.0,89,1003.6,9.6
AGR_GMT_01,2023-08-21 21:00:00+00:00,0.1,0.1,0.406,0.432,26.9,90,1003.1,9.1
AGR_GMT_01,2023-08-21 22:00:00+00:00,0.3,0.3,0.408,0.432,26.8,92,1002.9,9.9
AGR_GMT_01,2023-08-21 23:00:00+00:00,0.3,0.3,0.411,0.432,26.6,93,1002.9,10.2
AGR_GMT_01,2023-08-22 00:00:00+00:00,0.4,0.4,0.407,0.432,26.6,91,1003.3,10.5
AGR_GMT_01,2023-08-22 01:00:00+00:00,0.0,0.0,0.407,0.431,27.3,90,1004.0,8.9
AGR_GMT_01,2023-08-22 02:00:00+00:00,0.0,0.0,0.407,0.431,27.8,88,1004.6,11.5
AGR_GMT_01,2023-08-22 03:00:00+00:00,0.0,0.0,0.407,0.431,28.5,84,1004.9,13.3
AGR_GMT_01,2023-08-22 04:00:00+00:00,0.3,0.3,0.408,0.431,28.2,85,1005.4,13.4
AGR_GMT_01,2023-08-22 05:00:00+00:00,0.8,0.8,0.415,0.431,28.1,86,1005.0,13.3
AGR_GMT_01,2023-08-22 06:00:00+00:00,0.7,0.7,0.421,0.431,27.9,90,1004.2,11.8
AGR_GMT_01,2023-08-22 07:00:00+00:00,0.7,0.7,0.428,0.431,27.8,87,1003.5,12.6
AGR_GMT_01,2023-08-22 08:00:00+00:00,0.3,0.3,0.43,0.431,28.2,86,1002.2,13.4
AGR_GMT_01,2023-08-22 09:00:00+00:00,0.1,0.1,0.43,0.431,29.1,81,1001.6,12.9
AGR_GMT_01,2023-08-22 10:00:00+00:00,0.1,0.1,0.429,0.43,29.6,78,1001.3,12.3
AGR_GMT_01,2023-08-22 11:00:00+00:00,0.6,0.6,0.433,0.43,29.0,80,1001.6,11.5
AGR_GMT_01,2023-08-22 12:00:00+00:00,0.8,0.8,0.462,0.428,26.2,92,1003.4,10.0
AGR_GMT_01,2023-08-22 13:00:00+00:00,0.1,0.1,0.462,0.428,25.9,93,1003.7,11.1
AGR_GMT_01,2023-08-22 14:00:00+00:00,0.0,0.0,0.461,0.428,25.8,95,1004.5,11.9
AGR_GMT_01,2023-08-22 15:00:00+00:00,0.0,0.0,0.46,0.429,25.8,95,1005.3,11.9
AGR_GMT_01,2023-08-22 16:00:00+00:00,0.0,0.0,0.459,0.429,25.7,95,1005.6,11.6
AGR_GMT_01,2023-08-22 17:00:00+00:00,0.0,0.0,0.459,0.429,25.6,95,1005.5,11.3
AGR_GMT_01,2023-08-22 18:00:00+00:00,0.0,0.0,0.458,0.43,25.6,95,1005.0,12.9
AGR_GMT_01,2023-08-22 19:00:00+00:00,0.1,0.1,0.458,0.43,25.6,95,1004.3,13.4
AGR_GMT_01,2023-08-22 20:00:00+00:00,0.3,0.3,0.46,0.43,25.4,95,1003.8,12.9
AGR_GMT_01,2023-08-22 21:00:00+00:00,0.2,0.2,0.46,0.431,25.3,96,1003.5,11.9
AGR_GMT_01,2023-08-22 22:00:00+00:00,0.1,0.1,0.461,0.431,25.1,96,1003.2,11.6
AGR_GMT_01,2023-08-22 23:00:00+00:00,0.8,0.8,0.47,0.431,24.9,97,1003.5,9.8
AGR_GMT_01,2023-08-23 00:00:00+00:00,2.6,2.6,0.478,0.435,25.3,96,1003.5,10.8
AGR_GMT_01,2023-08-23 01:00:00+00:00,0.0,0.0,0.476,0.436,26.1,93,1003.9,13.4
AGR_GMT_01,2023-08-23 02:00:00+00:00,0.0,0.0,0.475,0.436,26.9,88,1004.3,15.4
AGR_GMT_01,2023-08-23 03:00:00+00:00,0.1,0.1,0.473,0.436,28.1,84,1004.8,13.9
AGR_GMT_01,2023-08-23 04:00:00+00:00,0.0,0.0,0.471,0.437,29.0,81,1004.6,14.3
AGR_GMT_01,2023-08-23 05:00:00+00:00,0.0,0.0,0.468,0.436,30.0,76,1004.1,14.1
AGR_GMT_01,2023-08-23 06:00:00+00:00,0.0,0.0,0.465,0.436,30.9,70,1002.8,13.7
AGR_GMT_01,2023-08-23 07:00:00+00:00,0.9,0.9,0.47,0.436,29.9,71,1001.8,14.8
AGR_GMT_01,2023-08-23 08:00:00+00:00,1.1,1.1,0.476,0.436,29.9,79,1000.5,10.7
AGR_GMT_01,2023-08-23 09:00:00+00:00,3.3,3.3,0.509,0.438,28.6,83,999.5,11.9
AGR_GMT_01,2023-08-23 10:00:00+00:00,0.1,0.1,0.5,0.441,29.1,79,998.9,14.4
AGR_GMT_01,2023-08-23 11:00:00+00:00,0.1,0.1,0.495,0.443,28.5,81,999.0,13.8
AGR_GMT_01,2023-08-23 12:00:00+00:00,0.0,0.0,0.455,0.436,28.2,83,1000.4,11.1
AGR_GMT_01,2023-08-23 13:00:00+00:00,0.0,0.0,0.455,0.436,27.0,88,1001.3,9.8
AGR_GMT_01,2023-08-23 14:00:00+00:00,0.0,0.0,0.454,0.436,27.1,87,1002.1,12.3
AGR_GMT_01,2023-08-23 15:00:00+00:00,0.0,0.0,0.454,0.436,26.6,90,1002.5,13.0
AGR_GMT_01,2023-08-23 16:00:00+00:00,0.0,0.0,0.453,0.437,26.1,92,1002.4,11.4
AGR_GMT_01,2023-08-23 17:00:00+00:00,0.0,0.0,0.453,0.437,25.8,93,1002.5,10.3
AGR_GMT_01,2023-08-23 18:00:00+00:00,0.0,0.0,0.453,0.437,25.6,94,1001.9,11.1
AGR_GMT_01,2023-08-23 19:00:00+00:00,0.0,0.0,0.452,0.437,25.3,95,1001.3,11.1
AGR_GMT_01,2023-08-23 20:00:00+00:00,0.0,0.0,0.452,0.437,25.1,95,1000.5,10.8
AGR_GMT_01,2023-08-23 21:00:00+00:00,0.0,0.0,0.452,0.437,25.1,95,1000.1,12.2
AGR_GMT_01,2023-08-23 22:00:00+00:00,0.0,0.0,0.451,0.437,25.3,94,1000.1,11.9
AGR_GMT_01,2023-08-23 23:00:00+00:00,0.0,0.0,0.451,0.438,25.2,94,1000.2,11.8
AGR_GMT_01,2023-08-24 00:00:00+00:00,0.0,0.0,0.446,0.437,25.7,95,1000.2,11.8
AGR_GMT_01,2023-08-24 01:00:00+00:00,0.0,0.0,0.445,0.437,26.6,91,1001.1,16.4
AGR_GMT_01,2023-08-24 02:00:00+00:00,0.0,0.0,0.445,0.437,27.8,85,1001.5,17.1
AGR_GMT_01,2023-08-24 03:00:00+00:00,0.0,0.0,0.444,0.437,28.5,82,1001.8,16.1
AGR_GMT_01,2023-08-24 04:00:00+00:00,0.1,0.1,0.443,0.436,29.7,76,1001.6,15.0
AGR_GMT_01,2023-08-24 05:00:00+00:00,0.1,0.1,0.442,0.436,30.8,71,1001.2,15.2
AGR_GMT_01,2023-08-24 06:00:00+00:00,0.1,0.1,0.439,0.435,31.4,72,999.9,14.3
AGR_GMT_01,2023-08-24 07:00:00+00:00,0.2,0.2,0.439,0.434,31.4,69,999.4,17.0
AGR_GMT_01,2023-08-24 08:00:00+00:00,0.9,0.9,0.444,0.434,29.0,82,998.6,18.0
AGR_GMT_01,2023-08-24 09:00:00+00:00,0.1,0.1,0.444,0.433,29.5,79,997.3,15.8
AGR_GMT_01,2023-08-24 10:00:00+00:00,0.0,0.0,0.443,0.433,30.3,74,997.2,15.2
AGR_GMT_01,2023-08-24 11:00:00+00:00,0.3,0.3,0.444,0.433,28.6,81,997.7,12.0
AGR_GMT_01,2023-08-24 12:00:00+00:00,1.4,1.4,0.455,0.435,28.8,80,998.6,9.4
AGR_GMT_01,2023-08-24 13:00:00+00:00,0.0,0.0,0.455,0.435,27.7,84,999.6,9.2
AGR_GMT_01,2023-08-24 14:00:00+00:00,0.0,0.0,0.454,0.435,27.4,85,1000.5,9.6
AGR_GMT_01,2023-08-24 15:00:00+00:00,1.6,1.6,0.469,0.435,26.2,93,1001.3,7.3
AGR_GMT_01,2023-08-24 16:00:00+00:00,1.1,1.1,0.482,0.436,25.9,94,1001.1,10.7
AGR_GMT_01,2023-08-24 17:00:00+00:00,6.0,6.0,0.52,0.448,25.2,96,1001.2,9.7
AGR_GMT_01,2023-08-24 18:00:00+00:00,5.6,5.6,0.508,0.474,25.3,97,1001.0,10.6
AGR_GMT_01,2023-08-24 19:00:00+00:00,1.5,1.5,0.512,0.48,25.2,97,1000.3,11.0
AGR_GMT_01,2023-08-24 20:00:00+00:00,0.1,0.1,0.506,0.482,25.0,96,999.5,12.8
AGR_GMT_01,2023-08-24 21:00:00+00:00,0.1,0.1,0.502,0.483,24.9,96,999.1,12.9
AGR_GMT_01,2023-08-24 22:00:00+00:00,0.0,0.0,0.5,0.484,25.1,96,999.5,13.4
AGR_GMT_01,2023-08-24 23:00:00+00:00,0.0,0.0,0.497,0.484,25.2,96,999.6,13.8
AGR_GMT_01,2023-08-25 00:00:00+00:00,0.0,0.0,0.504,0.482,25.6,94,999.7,11.9
AGR_GMT_01,2023-08-25 01:00:00+00:00,0.2,0.2,0.502,0.483,26.1,95,1000.3,14.7
AGR_GMT_01,2023-08-25 02:00:00+00:00,0.2,0.2,0.5,0.484,26.6,90,1001.1,16.2
AGR_GMT_01,2023-08-25 03:00:00+00:00,0.7,0.7,0.503,0.485,27.3,90,1001.0,12.4
AGR_GMT_01,2023-08-25 04:00:00+00:00,0.0,0.0,0.5,0.486,28.5,85,1001.2,12.3
AGR_GMT_01,2023-08-25 05:00:00+00:00,0.0,0.0,0.496,0.485,30.1,77,1000.3,12.7
AGR_GMT_01,2023-08-25 06:00:00+00:00,0.0,0.0,0.493,0.485,31.0,72,999.4,12.2
AGR_GMT_01,2023-08-25 07:00:00+00:00,0.3,0.3,0.492,0.485,29.9,74,998.7,15.7
AGR_GMT_01,2023-08-25 08:00:00+00:00,0.4,0.4,0.493,0.485,30.3,77,997.7,13.0
AGR_GMT_01,2023-08-25 09:00:00+00:00,0.2,0.2,0.492,0.484,29.9,74,997.2,20.2
AGR_GMT_01,2023-08-25 10:00:00+00:00,0.4,0.4,0.493,0.484,28.6,83,997.5,15.3
AGR_GMT_01,2023-08-25 11:00:00+00:00,0.0,0.0,0.492,0.484,28.8,82,997.8,13.0
AGR_GMT_01,2023-08-25 12:00:00+00:00,0.3,0.3,0.504,0.484,27.3,88,999.1,13.3
AGR_GMT_01,2023-08-25 13:00:00+00:00,0.9,0.9,0.508,0.486,26.7,90,999.7,12.5
AGR_GMT_01,2023-08-25 14:00:00+00:00,0.8,0.8,0.51,0.488,26.3,93,1000.1,12.1
AGR_GMT_01,2023-08-25 15:00:00+00:00,0.1,0.1,0.506,0.489,26.1,93,1000.6,13.1
AGR_GMT_01,2023-08-25 16:00:00+00:00,0.6,0.6,0.51,0.49,25.7,95,1000.8,12.7
AGR_GMT_01,2023-08-25 17:00:00+00:00,1.9,1.9,0.519,0.496,25.4,97,1000.5,11.6
AGR_GMT_01,2023-08-25 18:00:00+00:00,2.1,2.1,0.518,0.505,25.3,98,1000.3,10.6
AGR_GMT_01,2023-08-25 19:00:00+00:00,1.2,1.2,0.517,0.509,25.4,98,999.6,12.2
AGR_GMT_01,2023-08-25 20:00:00+00:00,0.3,0.3,0.513,0.51,25.1,98,999.1,10.9
AGR_GMT_01,2023-08-25 21:00:00+00:00,0.6,0.6,0.516,0.511,25.3,97,998.8,9.7
AGR_GMT_01,2023-08-25 22:00:00+00:00,0.3,0.3,0.513,0.511,25.5,96,998.9,12.5
AGR_GMT_01,2023-08-25 23:00:00+00:00,2.3,2.3,0.519,0.517,25.4,96,999.2,11.2
AGR_GMT_01,2023-08-26 00:00:00+00:00,0.5,0.5,0.52,0.513,25.6,94,1000.3,13.0
AGR_GMT_01,2023-08-26 01:00:00+00:00,1.2,1.2,0.513,0.516,25.9,95,1001.1,9.8
AGR_GMT_01,2023-08-26 02:00:00+00:00,0.2,0.2,0.51,0.515,27.1,91,1001.6,12.9
AGR_GMT_01,2023-08-26 03:00:00+00:00,0.1,0.1,0.507,0.514,28.0,88,1001.9,11.8
AGR_GMT_01,2023-08-26 04:00:00+00:00,0.4,0.4,0.506,0.512,28.7,84,1002.0,13.4
AGR_GMT_01,2023-08-26 05:00:00+00:00,10.6,10.6,0.52,0.52,28.4,87,1001.1,12.6
AGR_GMT_01,2023-08-26 06:00:00+00:00,7.5,7.5,0.515,0.517,27.6,86,1000.8,13.0
AGR_GMT_01,2023-08-26 07:00:00+00:00,1.4,1.4,0.495,0.517,27.3,90,999.9,14.0
AGR_GMT_01,2023-08-26 08:00:00+00:00,1.1,1.1,0.505,0.515,28.5,84,998.9,16.3
AGR_GMT_01,2023-08-26 09:00:00+00:00,0.4,0.4,0.505,0.513,28.5,82,998.0,17.6
AGR_GMT_01,2023-08-26 10:00:00+00:00,0.5,0.5,0.506,0.512,28.4,84,997.8,17.2
AGR_GMT_01,2023-08-26 11:00:00+00:00,0.0,0.0,0.503,0.511,28.3,84,998.3,15.6
AGR_GMT_01,2023-08-26 12:00:00+00:00,0.1,0.1,0.519,0.509,26.8,91,999.6,10.5
AGR_GMT_01,2023-08-26 13:00:00+00:00,0.0,0.0,0.512,0.51,26.4,92,1000.7,10.5
AGR_GMT_01,2023-08-26 14:00:00+00:00,0.1,0.1,0.509,0.51,26.2,95,1001.4,10.6
AGR_GMT_01,2023-08-26 15:00:00+00:00,0.0,0.0,0.507,0.51,26.1,96,1002.1,10.5
AGR_GMT_01,2023-08-26 16:00:00+00:00,0.0,0.0,0.504,0.509,26.0,97,1002.3,11.1
AGR_GMT_01,2023-08-26 17:00:00+00:00,0.0,0.0,0.503,0.509,25.9,97,1002.2,12.0
AGR_GMT_01,2023-08-26 18:00:00+00:00,0.0,0.0,0.501,0.508,25.8,97,1001.4,12.4
AGR_GMT_01,2023-08-26 19:00:00+00:00,0.0,0.0,0.499,0.508,25.6,97,1000.9,11.0
AGR_GMT_01,2023-08-26 20:00:00+00:00,0.0,0.0,0.498,0.507,25.4,96,1000.2,12.2
AGR_GMT_01,2023-08-26 21:00:00+00:00,0.0,0.0,0.497,0.507,25.5,96,1000.3,10.7
AGR_GMT_01,2023-08-26 22:00:00+00:00,0.0,0.0,0.496,0.506,25.5,96,1000.0,10.7
AGR_GMT_01,2023-08-26 23:00:00+00:00,0.0,0.0,0.496,0.506,25.4,96,1000.5,10.0
AGR_GMT_01,2023-08-27 00:00:00+00:00,0.7,0.7,0.492,0.502,24.9,97,1001.0,11.5
AGR_GMT_01,2023-08-27 01:00:00+00:00,7.0,7.0,0.52,0.516,25.2,96,1002.1,14.7
AGR_GMT_01,2023-08-27 02:00:00+00:00,1.4,1.4,0.502,0.517,25.3,95,1001.8,11.9
AGR_GMT_01,2023-08-27 03:00:00+00:00,0.2,0.2,0.502,0.515,27.2,87,1002.0,14.0
AGR_GMT_01,2023-08-27 04:00:00+00:00,0.1,0.1,0.5,0.513,28.5,83,1002.1,13.3
AGR_GMT_01,2023-08-27 05:00:00+00:00,0.0,0.0,0.498,0.512,29.9,80,1001.8,13.7
AGR_GMT_01,2023-08-27 06:00:00+00:00,0.0,0.0,0.495,0.51,30.6,77,1000.7,13.3
AGR_GMT_01,2023-08-27 07:00:00+00:00,0.1,0.1,0.494,0.508,30.2,78,999.5,16.0
AGR_GMT_01,2023-08-27 08:00:00+00:00,0.2,0.2,0.493,0.507,31.1,74,998.3,15.2
AGR_GMT_01,2023-08-27 09:00:00+00:00,0.6,0.6,0.496,0.506,29.7,77,998.1,18.9
AGR_GMT_01,2023-08-27 10:00:00+00:00,0.2,0.2,0.495,0.505,29.3,81,997.5,18.0
AGR_GMT_01,2023-08-27 11:00:00+00:00,0.0,0.0,0.494,0.505,29.1,81,997.8,17.3
AGR_GMT_01,2023-08-27 12:00:00+00:00,0.0,0.0,0.479,0.497,28.2,86,999.3,12.4
AGR_GMT_01,2023-08-27 13:00:00+00:00,0.0,0.0,0.479,0.496,27.2,90,1000.0,13.0
AGR_GMT_01,2023-08-27 14:00:00+00:00,0.0,0.0,0.479,0.496,27.0,91,1000.7,13.7
AGR_GMT_01,2023-08-27 15:00:00+00:00,0.0,0.0,0.479,0.495,26.7,93,1001.5,13.6
AGR_GMT_01,2023-08-27 16:00:00+00:00,0.0,0.0,0.479,0.495,26.5,93,1001.9,13.8
AGR_GMT_01,2023-08-27 17:00:00+00:00,0.0,0.0,0.479,0.494,26.4,93,1002.1,14.9
AGR_GMT_01,2023-08-27 18:00:00+00:00,0.0,0.0,0.479,0.494,26.3,93,1001.6,14.8
AGR_GMT_01,2023-08-27 19:00:00+00:00,4.3,4.3,0.505,0.501,25.4,97,1001.5,10.4
AGR_GMT_01,2023-08-27 20:00:00+00:00,1.0,1.0,0.514,0.502,25.0,97,1000.9,15.2
AGR_GMT_01,2023-08-27 21:00:00+00:00,0.1,0.1,0.51,0.503,25.0,97,1000.3,13.4
AGR_GMT_01,2023-08-27 22:00:00+00:00,0.0,0.0,0.506,0.504,25.2,97,1000.4,10.1
AGR_GMT_01,2023-08-27 23:00:00+00:00,0.0,0.0,0.504,0.504,25.2,98,1000.6,10.5
AGR_GMT_01,2023-08-28 00:00:00+00:00,0.0,0.0,0.477,0.489,25.7,98,1000.8,14.6
AGR_GMT_01,2023-08-28 01:00:00+00:00,0.0,0.0,0.477,0.488,26.5,93,1001.8,15.6
AGR_GMT_01,2023-08-28 02:00:00+00:00,0.1,0.1,0.477,0.488,27.3,89,1002.8,5.5
AGR_GMT_01,2023-08-28 03:00:00+00:00,0.4,0.4,0.48,0.487,27.3,88,1003.2,12.4
AGR_GMT_01,2023-08-28 04:00:00+00:00,0.7,0.7,0.484,0.487,28.3,85,1003.5,6.8
AGR_GMT_01,2023-08-28 05:00:00+00:00,0.1,0.1,0.483,0.486,30.1,81,1002.7,8.8
AGR_GMT_01,2023-08-28 06:00:00+00:00,0.1,0.1,0.481,0.485,31.6,74,1001.7,7.6
AGR_GMT_01,2023-08-28 07:00:00+00:00,0.3,0.3,0.481,0.484,31.7,72,1000.7,7.2
AGR_GMT_01,2023-08-28 08:00:00+00:00,1.2,1.2,0.488,0.484,30.0,75,1000.0,13.4
AGR_GMT_01,2023-08-28 09:00:00+00:00,0.3,0.3,0.488,0.484,30.1,78,998.8,9.5
AGR_GMT_01,2023-08-28 10:00:00+00:00,0.0,0.0,0.486,0.483,30.8,73,998.4,9.4
AGR_GMT_01,2023-08-28 11:00:00+00:00,0.0,0.0,0.484,0.483,30.5,74,998.5,6.5
AGR_GMT_01,2023-08-28 12:00:00+00:00,0.0,0.0,0.468,0.481,29.1,85,999.9,3.4
AGR_GMT_01,2023-08-28 13:00:00+00:00,0.0,0.0,0.468,0.481,28.1,86,1000.4,6.1
AGR_GMT_01,2023-08-28 14:00:00+00:00,0.0,0.0,0.468,0.48,26.9,93,1001.4,6.1
AGR_GMT_01,2023-08-28 15:00:00+00:00,0.0,0.0,0.468,0.48,26.8,92,1002.2,4.1
AGR_GMT_01,2023-08-28 16:00:00+00:00,0.0,0.0,0.468,0.48,26.3,94,1002.7,4.2
AGR_GMT_01,2023-08-28 17:00:00+00:00,0.0,0.0,0.468,0.48,26.2,95,1002.7,5.6
AGR_GMT_01,2023-08-28 18:00:00+00:00,0.0,0.0,0.468,0.48,26.1,95,1002.7,7.3
AGR_GMT_01,2023-08-28 19:00:00+00:00,0.0,0.0,0.468,0.479,25.8,96,1002.3,6.3
AGR_GMT_01,2023-08-28 20:00:00+00:00,0.0,0.0,0.468,0.479,25.5,97,1001.9,5.8
AGR_GMT_01,2023-08-28 21:00:00+00:00,0.0,0.0,0.468,0.479,25.3,98,1001.8,6.5
AGR_GMT_01,2023-08-28 22:00:00+00:00,0.0,0.0,0.468,0.479,25.2,99,1001.8,6.0
AGR_GMT_01,2023-08-28 23:00:00+00:00,0.0,0.0,0.468,0.479,25.1,99,1001.8,7.2
AGR_GMT_01,2023-08-29 00:00:00+00:00,0.5,0.5,0.469,0.477,25.2,93,1002.0,3.8
AGR_GMT_01,2023-08-29 01:00:00+00:00,0.0,0.0,0.469,0.477,26.6,91,1003.2,3.7
AGR_GMT_01,2023-08-29 02:00:00+00:00,0.0,0.0,0.469,0.477,27.1,87,1003.7,6.8
AGR_GMT_01,2023-08-29 03:00:00+00:00,0.0,0.0,0.468,0.477,27.3,86,1004.0,10.0
AGR_GMT_01,2023-08-29 04:00:00+00:00,0.0,0.0,0.467,0.476,29.3,82,1003.6,4.3
AGR_GMT_01,2023-08-29 05:00:00+00:00,0.0,0.0,0.465,0.475,31.1,74,1002.9,3.2
AGR_GMT_01,2023-08-29 06:00:00+00:00,0.0,0.0,0.462,0.474,32.1,67,1001.7,2.9
AGR_GMT_01,2023-08-29 07:00:00+00:00,0.0,0.0,0.46,0.472,32.7,63,1000.2,5.5
AGR_GMT_01,2023-08-29 08:00:00+00:00,0.0,0.0,0.457,0.471,32.7,63,999.3,7.2
AGR_GMT_01,2023-08-29 09:00:00+00:00,0.0,0.0,0.455,0.47,32.9,61,998.4,6.7
AGR_GMT_01,2023-08-29 10:00:00+00:00,0.0,0.0,0.453,0.469,32.8,62,998.0,5.4
AGR_GMT_01,2023-08-29 11:00:00+00:00,0.0,0.0,0.452,0.469,32.3,67,998.3,3.2
AGR_GMT_01,2023-08-29 12:00:00+00:00,0.0,0.0,0.456,0.469,30.3,79,999.4,5.5
AGR_GMT_01,2023-08-29 13:00:00+00:00,0.0,0.0,0.457,0.469,28.9,83,1000.3,6.5
AGR_GMT_01,2023-08-29 14:00:00+00:00,0.0,0.0,0.457,0.469,28.7,82,1001.5,5.4
AGR_GMT_01,2023-08-29 15:00:00+00:00,0.0,0.0,0.457,0.469,28.1,85,1002.4,5.8
AGR_GMT_01,2023-08-29 16:00:00+00:00,0.0,0.0,0.457,0.469,28.2,84,1003.1,5.5
AGR_GMT_01,2023-08-29 17:00:00+00:00,0.0,0.0,0.457,0.469,27.2,90,1003.4,6.6
AGR_GMT_01,2023-08-29 18:00:00+00:00,0.0,0.0,0.457,0.468,26.8,93,1003.1,6.6
AGR_GMT_01,2023-08-29 19:00:00+00:00,0.0,0.0,0.457,0.468,26.6,93,1002.8,5.8
AGR_GMT_01,2023-08-29 20:00:00+00:00,0.0,0.0,0.457,0.468,26.3,94,1002.2,4.9
AGR_GMT_01,2023-08-29 21:00:00+00:00,0.0,0.0,0.457,0.468,25.9,94,1001.8,4.7
AGR_GMT_01,2023-08-29 22:00:00+00:00,0.0,0.0,0.457,0.468,25.5,95,1001.9,5.1
AGR_GMT_01,2023-08-29 23:00:00+00:00,0.0,0.0,0.457,0.468,25.4,94,1002.3,4.6
AGR_GMT_01,2023-08-30 00:00:00+00:00,0.0,0.0,0.463,0.466,26.3,92,1002.7,4.3
AGR_GMT_01,2023-08-30 01:00:00+00:00,0.0,0.0,0.463,0.466,28.7,85,1002.8,5.5
AGR_GMT_01,2023-08-30 02:00:00+00:00,0.0,0.0,0.462,0.466,30.7,77,1003.5,4.0
AGR_GMT_01,2023-08-30 03:00:00+00:00,0.0,0.0,0.46,0.465,32.0,69,1003.8,6.6
AGR_GMT_01,2023-08-30 04:00:00+00:00,0.0,0.0,0.458,0.464,33.0,61,1003.9,6.9
AGR_GMT_01,2023-08-30 05:00:00+00:00,0.0,0.0,0.455,0.463,33.6,59,1003.3,6.5
AGR_GMT_01,2023-08-30 06:00:00+00:00,0.0,0.0,0.452,0.462,34.1,57,1002.5,6.2
AGR_GMT_01,2023-08-30 07:00:00+00:00,0.0,0.0,0.449,0.46,34.5,55,1001.3,7.4
AGR_GMT_01,2023-08-30 08:00:00+00:00,0.0,0.0,0.446,0.459,34.6,55,1000.3,8.1
AGR_GMT_01,2023-08-30 09:00:00+00:00,0.0,0.0,0.444,0.458,34.4,55,999.7,6.4
AGR_GMT_01,2023-08-30 10:00:00+00:00,0.0,0.0,0.442,0.457,34.0,58,999.3,6.6
AGR_GMT_01,2023-08-30 11:00:00+00:00,0.0,0.0,0.441,0.457,33.4,65,999.8,3.6
AGR_GMT_01,2023-08-30 12:00:00+00:00,0.0,0.0,0.437,0.455,31.9,78,1001.3,5.9
AGR_GMT_01,2023-08-30 13:00:00+00:00,0.0,0.0,0.437,0.455,30.6,75,1001.7,4.7
AGR_GMT_01,2023-08-30 14:00:00+00:00,0.0,0.0,0.437,0.455,29.7,83,1002.7,6.5
AGR_GMT_01,2023-08-30 15:00:00+00:00,0.0,0.0,0.437,0.454,29.5,80,1003.6,3.8
AGR_GMT_01,2023-08-30 16:00:00+00:00,0.0,0.0,0.437,0.454,28.8,83,1004.2,12.2
AGR_GMT_01,2023-08-30 17:00:00+00:00,0.0,0.0,0.437,0.454,28.4,86,1004.4,9.4
AGR_GMT_01,2023-08-30 18:00:00+00:00,0.0,0.0,0.437,0.454,28.1,91,1004.1,10.3
AGR_GMT_01,2023-08-30 19:00:00+00:00,0.0,0.0,0.437,0.454,27.8,92,1003.5,11.8
AGR_GMT_01,2023-08-30 20:00:00+00:00,0.0,0.0,0.437,0.454,27.3,93,1003.3,11.6
AGR_GMT_01,2023-08-30 21:00:00+00:00,0.0,0.0,0.438,0.454,27.1,93,1003.4,12.0
AGR_GMT_01,2023-08-30 22:00:00+00:00,0.0,0.0,0.438,0.454,26.8,93,1003.4,11.9
AGR_GMT_01,2023-08-30 23:00:00+00:00,0.0,0.0,0.438,0.454,26.5,93,1003.7,11.2
AGR_GMT_01,2023-08-31 00:00:00+00:00,0.0,0.0,0.439,0.453,27.3,95,1004.6,12.4
AGR_GMT_01,2023-08-31 01:00:00+00:00,0.0,0.0,0.439,0.453,27.4,91,1005.2,11.5
AGR_GMT_01,2023-08-31 02:00:00+00:00,0.0,0.0,0.438,0.453,28.3,87,1005.6,12.2
AGR_GMT_01,2023-08-31 03:00:00+00:00,0.0,0.0,0.437,0.452,30.0,80,1005.9,5.8
AGR_GMT_01,2023-08-31 04:00:00+00:00,0.1,0.1,0.436,0.451,31.4,74,1005.7,2.3
AGR_GMT_01,2023-08-31 05:00:00+00:00,0.1,0.1,0.435,0.45,32.2,70,1005.3,1.6
AGR_GMT_01,2023-08-31 06:00:00+00:00,0.1,0.1,0.434,0.449,32.8,70,1004.7,1.8
AGR_GMT_01,2023-08-31 07:00:00+00:00,0.0,0.0,0.432,0.448,33.1,68,1003.0,2.9
AGR_GMT_01,2023-08-31 08:00:00+00:00,0.0,0.0,0.43,0.447,33.2,67,1001.6,3.6
AGR_GMT_01,2023-08-31 09:00:00+00:00,0.0,0.0,0.429,0.447,32.7,70,1001.1,4.3
AGR_GMT_01,2023-08-31 10:00:00+00:00,0.1,0.1,0.429,0.446,31.5,75,1000.9,8.4
AGR_GMT_01,2023-08-31 11:00:00+00:00,0.0,0.0,0.429,0.446,30.4,81,1001.2,6.4
AGR_GMT_01,2023-08-31 12:00:00+00:00,0.0,0.0,0.492,0.455,29.1,87,1002.1,4.1
AGR_GMT_01,2023-08-31 13:00:00+00:00,0.0,0.0,0.49,0.456,28.0,93,1002.6,4.0
AGR_GMT_01,2023-08-31 14:00:00+00:00,0.0,0.0,0.487,0.457,28.1,92,1003.6,4.3
AGR_GMT_01,2023-08-31 15:00:00+00:00,0.0,0.0,0.485,0.457,28.0,93,1004.3,6.9
AGR_GMT_01,2023-08-31 16:00:00+00:00,0.0,0.0,0.484,0.458,27.8,93,1004.9,10.1
AGR_GMT_01,2023-08-31 17:00:00+00:00,0.0,0.0,0.482,0.458,27.5,92,1005.1,11.3
AGR_GMT_01,2023-08-31 18:00:00+00:00,0.0,0.0,0.481,0.459,27.1,93,1004.9,12.7
AGR_GMT_01,2023-08-31 19:00:00+00:00,0.0,0.0,0.479,0.459,26.7,95,1004.1,11.2
AGR_GMT_01,2023-08-31 20:00:00+00:00,0.0,0.0,0.478,0.459,26.3,95,1003.7,10.7
AGR_GMT_01,2023-08-31 21:00:00+00:00,0.0,0.0,0.477,0.459,26.0,96,1003.6,9.0
AGR_GMT_01,2023-08-31 22:00:00+00:00,0.0,0.0,0.476,0.46,26.0,95,1003.5,9.6
AGR_GMT_01,2023-08-31 23:00:00+00:00,0.0,0.0,0.476,0.46,26.0,95,1003.9,9.4
