station_id,datetime_utc,precipitation,rain,soil_moisture_0_to_7cm,soil_moisture_7_to_28cm,temperature_2m,relative_humidity_2m,surface_pressure,wind_speed_10m
JMP_JMP_05,2023-06-01 00:00:00+00:00,0.0,0.0,0.287,0.317,27.3,88,995.8,10.1
JMP_JMP_05,2023-06-01 01:00:00+00:00,0.0,0.0,0.287,0.317,28.9,83,996.7,9.8
JMP_JMP_05,2023-06-01 02:00:00+00:00,0.0,0.0,0.286,0.316,30.7,74,997.3,11.0
JMP_JMP_05,2023-06-01 03:00:00+00:00,0.0,0.0,0.284,0.315,32.2,66,997.0,9.4
JMP_JMP_05,2023-06-01 04:00:00+00:00,0.0,0.0,0.283,0.315,33.6,58,996.6,7.4
JMP_JMP_05,2023-06-01 05:00:00+00:00,0.0,0.0,0.281,0.314,34.3,55,996.0,7.6
JMP_JMP_05,2023-06-01 06:00:00+00:00,0.0,0.0,0.279,0.313,34.8,53,995.1,7.8
JMP_JMP_05,2023-06-01 07:00:00+00:00,0.0,0.0,0.277,0.312,34.6,55,993.7,9.3
JMP_JMP_05,2023-06-01 08:00:00+00:00,0.5,0.5,0.279,0.311,32.6,66,992.9,8.6
JMP_JMP_05,2023-06-01 09:00:00+00:00,1.3,1.3,0.288,0.31,32.5,64,992.3,5.4
JMP_JMP_05,2023-06-01 10:00:00+00:00,0.0,0.0,0.288,0.31,32.3,70,991.6,2.3
JMP_JMP_05,2023-06-01 11:00:00+00:00,0.0,0.0,0.287,0.309,32.1,78,991.8,2.6
JMP_JMP_05,2023-06-01 12:00:00+00:00,0.0,0.0,0.281,0.309,32.0,68,992.6,3.7
JMP_JMP_05,2023-06-01 13:00:00+00:00,0.0,0.0,0.281,0.309,30.6,70,993.4,8.8
JMP_JMP_05,2023-06-01 14:00:00+00:00,0.0,0.0,0.281,0.309,28.8,85,994.2,4.3
JMP_JMP_05,2023-06-01 15:00:00+00:00,0.0,0.0,0.281,0.309,28.3,83,994.7,2.9
JMP_JMP_05,2023-06-01 16:00:00+00:00,0.0,0.0,0.281,0.309,27.6,84,995.0,6.2
JMP_JMP_05,2023-06-01 17:00:00+00:00,0.0,0.0,0.282,0.308,27.5,79,995.0,8.8
JMP_JMP_05,2023-06-01 18:00:00+00:00,0.0,0.0,0.282,0.308,27.4,78,994.5,9.7
JMP_JMP_05,2023-06-01 19:00:00+00:00,0.0,0.0,0.282,0.308,27.0,80,994.0,9.0
JMP_JMP_05,2023-06-01 20:00:00+00:00,0.0,0.0,0.282,0.308,26.5,84,993.8,8.1
JMP_JMP_05,2023-06-01 21:00:00+00:00,0.0,0.0,0.282,0.308,26.1,87,993.7,8.4
JMP_JMP_05,2023-06-01 22:00:00+00:00,0.0,0.0,0.282,0.308,25.8,91,994.3,7.9
JMP_JMP_05,2023-06-01 23:00:00+00:00,0.0,0.0,0.282,0.308,25.6,93,995.0,7.6
JMP_JMP_05,2023-06-02 00:00:00+00:00,0.0,0.0,0.281,0.306,26.9,93,995.9,3.8
JMP_JMP_05,2023-06-02 01:00:00+00:00,0.0,0.0,0.281,0.306,27.7,89,996.9,1.6
JMP_JMP_05,2023-06-02 02:00:00+00:00,0.0,0.0,0.281,0.305,28.7,84,997.4,2.5
JMP_JMP_05,2023-06-02 03:00:00+00:00,0.0,0.0,0.28,0.305,30.4,75,997.5,3.5
JMP_JMP_05,2023-06-02 04:00:00+00:00,0.0,0.0,0.279,0.304,31.9,68,997.6,8.2
JMP_JMP_05,2023-06-02 05:00:00+00:00,1.6,1.6,0.291,0.304,28.4,79,997.4,5.4
JMP_JMP_05,2023-06-02 06:00:00+00:00,0.1,0.1,0.29,0.304,30.6,72,996.5,2.2
JMP_JMP_05,2023-06-02 07:00:00+00:00,0.0,0.0,0.288,0.303,33.0,63,994.9,2.2
JMP_JMP_05,2023-06-02 08:00:00+00:00,0.0,0.0,0.286,0.302,34.3,57,993.4,5.8
JMP_JMP_05,2023-06-02 09:00:00+00:00,0.0,0.0,0.284,0.301,34.2,58,992.7,6.8
JMP_JMP_05,2023-06-02 10:00:00+00:00,0.0,0.0,0.283,0.301,33.7,59,992.1,5.8
JMP_JMP_05,2023-06-02 11:00:00+00:00,0.0,0.0,0.282,0.3,32.7,68,992.1,3.8
JMP_JMP_05,2023-06-02 12:00:00+00:00,0.0,0.0,0.266,0.297,31.0,75,993.1,7.7
JMP_JMP_05,2023-06-02 13:00:00+00:00,0.0,0.0,0.266,0.297,29.7,70,994.1,10.9
JMP_JMP_05,2023-06-02 14:00:00+00:00,0.1,0.1,0.267,0.297,28.5,75,994.9,7.4
JMP_JMP_05,2023-06-02 15:00:00+00:00,0.0,0.0,0.267,0.297,28.1,78,995.4,5.8
JMP_JMP_05,2023-06-02 16:00:00+00:00,0.0,0.0,0.267,0.297,27.9,78,995.8,8.0
JMP_JMP_05,2023-06-02 17:00:00+00:00,0.0,0.0,0.267,0.297,27.7,79,995.9,9.1
JMP_JMP_05,2023-06-02 18:00:00+00:00,0.0,0.0,0.267,0.297,27.3,79,995.4,10.1
JMP_JMP_05,2023-06-02 19:00:00+00:00,0.0,0.0,0.267,0.297,26.7,82,994.9,9.7
JMP_JMP_05,2023-06-02 20:00:00+00:00,0.0,0.0,0.267,0.297,26.3,85,994.7,8.3
JMP_JMP_05,2023-06-02 21:00:00+00:00,0.0,0.0,0.268,0.297,25.8,89,995.1,4.5
JMP_JMP_05,2023-06-02 22:00:00+00:00,0.0,0.0,0.268,0.296,25.7,90,995.2,5.5
JMP_JMP_05,2023-06-02 23:00:00+00:00,0.0,0.0,0.268,0.296,25.4,93,995.6,10.0
JMP_JMP_05,2023-06-03 00:00:00+00:00,0.0,0.0,0.267,0.296,26.1,92,996.8,2.3
JMP_JMP_05,2023-06-03 01:00:00+00:00,1.8,1.8,0.281,0.296,24.5,98,998.2,6.9
JMP_JMP_05,2023-06-03 02:00:00+00:00,0.5,0.5,0.285,0.296,24.6,94,999.3,5.8
JMP_JMP_05,2023-06-03 03:00:00+00:00,0.2,0.2,0.286,0.296,25.9,86,999.3,8.0
JMP_JMP_05,2023-06-03 04:00:00+00:00,0.0,0.0,0.286,0.295,28.9,80,998.9,5.8
JMP_JMP_05,2023-06-03 05:00:00+00:00,0.0,0.0,0.284,0.295,31.6,69,998.3,1.8
JMP_JMP_05,2023-06-03 06:00:00+00:00,0.0,0.0,0.282,0.294,33.1,61,997.5,4.0
JMP_JMP_05,2023-06-03 07:00:00+00:00,0.0,0.0,0.28,0.293,33.7,58,996.4,6.2
JMP_JMP_05,2023-06-03 08:00:00+00:00,0.0,0.0,0.278,0.293,33.5,59,995.1,6.6
JMP_JMP_05,2023-06-03 09:00:00+00:00,0.0,0.0,0.277,0.292,33.5,60,993.7,5.0
JMP_JMP_05,2023-06-03 10:00:00+00:00,0.0,0.0,0.275,0.291,32.9,63,993.4,5.7
JMP_JMP_05,2023-06-03 11:00:00+00:00,0.0,0.0,0.274,0.291,32.4,67,993.7,3.9
JMP_JMP_05,2023-06-03 12:00:00+00:00,0.0,0.0,0.258,0.288,31.0,74,993.9,4.2
JMP_JMP_05,2023-06-03 13:00:00+00:00,0.0,0.0,0.258,0.288,29.6,78,994.4,5.6
JMP_JMP_05,2023-06-03 14:00:00+00:00,0.0,0.0,0.258,0.288,28.6,86,995.3,1.1
JMP_JMP_05,2023-06-03 15:00:00+00:00,0.0,0.0,0.258,0.288,28.2,83,996.2,7.8
JMP_JMP_05,2023-06-03 16:00:00+00:00,0.0,0.0,0.258,0.288,27.9,79,997.1,8.7
JMP_JMP_05,2023-06-03 17:00:00+00:00,0.0,0.0,0.258,0.288,27.5,78,997.3,8.6
JMP_JMP_05,2023-06-03 18:00:00+00:00,0.0,0.0,0.258,0.288,27.3,79,996.7,10.9
JMP_JMP_05,2023-06-03 19:00:00+00:00,0.0,0.0,0.258,0.288,26.9,83,996.2,9.1
JMP_JMP_05,2023-06-03 20:00:00+00:00,0.0,0.0,0.259,0.288,26.5,87,995.9,8.0
JMP_JMP_05,2023-06-03 21:00:00+00:00,0.0,0.0,0.259,0.288,25.9,90,996.2,4.6
JMP_JMP_05,2023-06-03 22:00:00+00:00,0.0,0.0,0.259,0.288,25.5,93,996.4,3.3
JMP_JMP_05,2023-06-03 23:00:00+00:00,0.0,0.0,0.259,0.288,25.1,94,996.8,3.3
JMP_JMP_05,2023-06-04 00:00:00+00:00,0.0,0.0,0.257,0.285,25.4,91,997.2,2.9
JMP_JMP_05,2023-06-04 01:00:00+00:00,0.5,0.5,0.26,0.285,25.1,90,998.5,7.9
JMP_JMP_05,2023-06-04 02:00:00+00:00,0.0,0.0,0.26,0.285,26.8,87,998.9,0.4
JMP_JMP_05,2023-06-04 03:00:00+00:00,0.0,0.0,0.26,0.285,29.2,79,998.9,3.1
JMP_JMP_05,2023-06-04 04:00:00+00:00,0.0,0.0,0.259,0.284,31.1,73,998.5,2.2
JMP_JMP_05,2023-06-04 05:00:00+00:00,0.0,0.0,0.257,0.284,33.1,64,997.8,2.9
JMP_JMP_05,2023-06-04 06:00:00+00:00,0.0,0.0,0.255,0.283,34.4,57,996.7,5.0
JMP_JMP_05,2023-06-04 07:00:00+00:00,0.0,0.0,0.253,0.282,35.1,53,995.3,6.9
JMP_JMP_05,2023-06-04 08:00:00+00:00,0.0,0.0,0.251,0.281,35.5,47,993.9,6.9
JMP_JMP_05,2023-06-04 09:00:00+00:00,0.0,0.0,0.25,0.281,35.3,46,992.6,8.2
JMP_JMP_05,2023-06-04 10:00:00+00:00,0.0,0.0,0.248,0.28,34.8,49,992.1,7.6
JMP_JMP_05,2023-06-04 11:00:00+00:00,0.0,0.0,0.248,0.28,33.1,61,992.2,6.6
JMP_JMP_05,2023-06-04 12:00:00+00:00,0.0,0.0,0.299,0.279,30.1,87,993.5,1.5
JMP_JMP_05,2023-06-04 13:00:00+00:00,0.0,0.0,0.299,0.279,29.2,88,993.7,2.7
JMP_JMP_05,2023-06-04 14:00:00+00:00,0.0,0.0,0.298,0.279,28.2,91,994.1,4.0
JMP_JMP_05,2023-06-04 15:00:00+00:00,0.0,0.0,0.298,0.279,27.7,92,995.0,3.7
JMP_JMP_05,2023-06-04 16:00:00+00:00,0.0,0.0,0.298,0.279,27.1,94,995.6,2.9
JMP_JMP_05,2023-06-04 17:00:00+00:00,0.0,0.0,0.298,0.279,26.5,95,995.9,2.3
JMP_JMP_05,2023-06-04 18:00:00+00:00,0.0,0.0,0.298,0.279,26.6,93,995.8,2.1
JMP_JMP_05,2023-06-04 19:00:00+00:00,0.0,0.0,0.297,0.279,26.5,92,995.3,2.3
JMP_JMP_05,2023-06-04 20:00:00+00:00,0.0,0.0,0.297,0.279,26.1,93,994.9,5.3
JMP_JMP_05,2023-06-04 21:00:00+00:00,0.0,0.0,0.297,0.279,25.8,91,994.7,8.2
JMP_JMP_05,2023-06-04 22:00:00+00:00,0.0,0.0,0.297,0.279,25.5,89,994.6,7.0
JMP_JMP_05,2023-06-04 23:00:00+00:00,0.0,0.0,0.297,0.279,25.1,89,994.6,5.5
JMP_JMP_05,2023-06-05 00:00:00+00:00,0.0,0.0,0.296,0.279,25.9,89,995.4,5.9
JMP_JMP_05,2023-06-05 01:00:00+00:00,0.0,0.0,0.296,0.279,28.0,84,996.1,1.8
JMP_JMP_05,2023-06-05 02:00:00+00:00,0.0,0.0,0.294,0.279,30.1,77,996.3,2.3
JMP_JMP_05,2023-06-05 03:00:00+00:00,0.0,0.0,0.293,0.279,31.9,68,996.0,1.0
JMP_JMP_05,2023-06-05 04:00:00+00:00,0.0,0.0,0.29,0.278,33.3,60,995.9,3.4
JMP_JMP_05,2023-06-05 05:00:00+00:00,0.0,0.0,0.288,0.277,34.6,51,995.5,4.9
JMP_JMP_05,2023-06-05 06:00:00+00:00,0.0,0.0,0.285,0.277,35.4,46,994.8,7.1
JMP_JMP_05,2023-06-05 07:00:00+00:00,0.0,0.0,0.282,0.276,35.7,45,993.5,6.9
JMP_JMP_05,2023-06-05 08:00:00+00:00,0.0,0.0,0.28,0.275,35.7,45,992.0,6.7
JMP_JMP_05,2023-06-05 09:00:00+00:00,0.0,0.0,0.278,0.275,35.8,46,991.1,7.5
JMP_JMP_05,2023-06-05 10:00:00+00:00,0.0,0.0,0.276,0.274,35.0,49,990.8,7.6
JMP_JMP_05,2023-06-05 11:00:00+00:00,0.0,0.0,0.275,0.274,33.9,59,990.8,5.2
JMP_JMP_05,2023-06-05 12:00:00+00:00,0.0,0.0,0.274,0.273,32.1,64,991.9,7.5
JMP_JMP_05,2023-06-05 13:00:00+00:00,0.0,0.0,0.274,0.273,30.7,70,992.6,4.6
JMP_JMP_05,2023-06-05 14:00:00+00:00,0.0,0.0,0.274,0.273,29.6,76,993.5,3.6
JMP_JMP_05,2023-06-05 15:00:00+00:00,0.0,0.0,0.274,0.273,28.7,82,994.2,3.7
JMP_JMP_05,2023-06-05 16:00:00+00:00,0.0,0.0,0.274,0.273,28.4,80,994.8,2.5
JMP_JMP_05,2023-06-05 17:00:00+00:00,0.0,0.0,0.274,0.273,28.0,79,995.0,3.6
JMP_JMP_05,2023-06-05 18:00:00+00:00,0.0,0.0,0.274,0.273,27.3,79,994.7,8.0
JMP_JMP_05,2023-06-05 19:00:00+00:00,0.0,0.0,0.273,0.273,27.0,77,994.2,7.0
JMP_JMP_05,2023-06-05 20:00:00+00:00,0.0,0.0,0.273,0.273,26.5,79,993.7,8.3
JMP_JMP_05,2023-06-05 21:00:00+00:00,0.0,0.0,0.273,0.273,26.4,80,993.5,7.6
JMP_JMP_05,2023-06-05 22:00:00+00:00,0.0,0.0,0.273,0.273,26.4,81,993.4,5.8
JMP_JMP_05,2023-06-05 23:00:00+00:00,0.0,0.0,0.273,0.273,26.3,81,993.7,5.8
JMP_JMP_05,2023-06-06 00:00:00+00:00,0.0,0.0,0.272,0.273,26.6,84,994.0,7.6
JMP_JMP_05,2023-06-06 01:00:00+00:00,0.0,0.0,0.272,0.273,28.7,80,994.4,4.3
JMP_JMP_05,2023-06-06 02:00:00+00:00,0.0,0.0,0.271,0.273,31.0,74,994.9,3.9
JMP_JMP_05,2023-06-06 03:00:00+00:00,0.0,0.0,0.27,0.272,32.4,67,995.1,2.9
JMP_JMP_05,2023-06-06 04:00:00+00:00,0.0,0.0,0.268,0.272,33.5,60,995.2,1.5
JMP_JMP_05,2023-06-06 05:00:00+00:00,0.0,0.0,0.267,0.271,34.2,54,994.6,2.9
JMP_JMP_05,2023-06-06 06:00:00+00:00,0.0,0.0,0.264,0.271,35.0,51,993.6,6.2
JMP_JMP_05,2023-06-06 07:00:00+00:00,0.0,0.0,0.263,0.27,34.9,49,992.4,6.5
JMP_JMP_05,2023-06-06 08:00:00+00:00,0.0,0.0,0.261,0.27,35.6,47,991.2,6.0
JMP_JMP_05,2023-06-06 09:00:00+00:00,0.0,0.0,0.259,0.269,35.5,48,990.2,7.1
JMP_JMP_05,2023-06-06 10:00:00+00:00,0.0,0.0,0.257,0.269,35.1,49,989.7,5.8
JMP_JMP_05,2023-06-06 11:00:00+00:00,0.0,0.0,0.256,0.268,34.2,56,989.8,3.9
JMP_JMP_05,2023-06-06 12:00:00+00:00,0.0,0.0,0.259,0.271,31.7,66,990.8,3.0
JMP_JMP_05,2023-06-06 13:00:00+00:00,0.0,0.0,0.259,0.271,31.5,62,991.5,2.8
JMP_JMP_05,2023-06-06 14:00:00+00:00,0.0,0.0,0.259,0.271,31.2,62,992.1,3.3
JMP_JMP_05,2023-06-06 15:00:00+00:00,0.0,0.0,0.259,0.271,29.8,76,992.9,1.1
JMP_JMP_05,2023-06-06 16:00:00+00:00,0.0,0.0,0.259,0.271,29.5,73,993.6,3.6
JMP_JMP_05,2023-06-06 17:00:00+00:00,0.0,0.0,0.259,0.271,28.6,77,993.5,5.0
JMP_JMP_05,2023-06-06 18:00:00+00:00,0.0,0.0,0.259,0.271,27.8,82,993.1,4.1
JMP_JMP_05,2023-06-06 19:00:00+00:00,0.0,0.0,0.259,0.271,27.5,84,992.7,3.4
JMP_JMP_05,2023-06-06 20:00:00+00:00,0.0,0.0,0.259,0.271,27.5,84,992.5,3.1
JMP_JMP_05,2023-06-06 21:00:00+00:00,0.0,0.0,0.259,0.271,27.1,85,992.3,3.3
JMP_JMP_05,2023-06-06 22:00:00+00:00,0.0,0.0,0.259,0.271,27.2,83,992.3,5.5
JMP_JMP_05,2023-06-06 23:00:00+00:00,0.0,0.0,0.259,0.271,27.2,81,992.5,4.7
JMP_JMP_05,2023-06-07 00:00:00+00:00,0.0,0.0,0.26,0.271,26.8,85,992.8,4.6
JMP_JMP_05,2023-06-07 01:00:00+00:00,0.0,0.0,0.26,0.271,27.7,83,993.5,3.5
JMP_JMP_05,2023-06-07 02:00:00+00:00,0.0,0.0,0.259,0.271,30.8,70,994.4,4.1
JMP_JMP_05,2023-06-07 03:00:00+00:00,0.0,0.0,0.258,0.27,32.1,64,994.7,3.2
JMP_JMP_05,2023-06-07 04:00:00+00:00,0.0,0.0,0.256,0.27,33.8,59,994.2,3.4
JMP_JMP_05,2023-06-07 05:00:00+00:00,0.0,0.0,0.254,0.269,35.1,53,993.5,4.8
JMP_JMP_05,2023-06-07 06:00:00+00:00,0.0,0.0,0.252,0.268,36.0,51,992.5,6.5
JMP_JMP_05,2023-06-07 07:00:00+00:00,0.0,0.0,0.25,0.268,36.3,50,990.7,9.4
JMP_JMP_05,2023-06-07 08:00:00+00:00,0.0,0.0,0.248,0.267,36.5,48,989.8,9.0
JMP_JMP_05,2023-06-07 09:00:00+00:00,0.0,0.0,0.246,0.266,35.8,50,989.7,3.0
JMP_JMP_05,2023-06-07 10:00:00+00:00,0.0,0.0,0.245,0.266,35.1,53,989.4,3.1
JMP_JMP_05,2023-06-07 11:00:00+00:00,0.0,0.0,0.245,0.266,32.6,68,990.0,8.0
JMP_JMP_05,2023-06-07 12:00:00+00:00,0.0,0.0,0.246,0.263,30.2,77,991.0,12.1
JMP_JMP_05,2023-06-07 13:00:00+00:00,0.3,0.3,0.248,0.263,28.2,84,991.2,8.8
JMP_JMP_05,2023-06-07 14:00:00+00:00,0.0,0.0,0.249,0.263,27.5,89,991.6,7.2
JMP_JMP_05,2023-06-07 15:00:00+00:00,0.0,0.0,0.249,0.263,27.2,92,992.8,5.6
JMP_JMP_05,2023-06-07 16:00:00+00:00,0.0,0.0,0.249,0.263,27.1,94,993.7,4.3
JMP_JMP_05,2023-06-07 17:00:00+00:00,0.0,0.0,0.249,0.263,27.0,94,994.4,6.9
JMP_JMP_05,2023-06-07 18:00:00+00:00,0.0,0.0,0.249,0.263,26.6,96,993.9,6.5
JMP_JMP_05,2023-06-07 19:00:00+00:00,0.1,0.1,0.25,0.263,26.2,99,993.0,1.8
JMP_JMP_05,2023-06-07 20:00:00+00:00,0.1,0.1,0.251,0.263,26.1,99,992.7,5.0
JMP_JMP_05,2023-06-07 21:00:00+00:00,0.0,0.0,0.251,0.263,26.1,99,992.4,6.8
JMP_JMP_05,2023-06-07 22:00:00+00:00,0.0,0.0,0.251,0.263,25.9,99,992.7,5.5
JMP_JMP_05,2023-06-07 23:00:00+00:00,0.1,0.1,0.252,0.263,25.6,98,993.1,6.9
JMP_JMP_05,2023-06-08 00:00:00+00:00,0.6,0.6,0.254,0.262,27.0,94,992.9,4.1
JMP_JMP_05,2023-06-08 01:00:00+00:00,0.0,0.0,0.254,0.262,29.0,87,993.6,2.6
JMP_JMP_05,2023-06-08 02:00:00+00:00,0.0,0.0,0.254,0.262,30.2,82,993.7,4.9
JMP_JMP_05,2023-06-08 03:00:00+00:00,0.0,0.0,0.253,0.262,31.3,74,994.0,3.4
JMP_JMP_05,2023-06-08 04:00:00+00:00,0.0,0.0,0.252,0.262,32.5,67,993.9,2.5
JMP_JMP_05,2023-06-08 05:00:00+00:00,0.0,0.0,0.251,0.261,33.2,63,993.5,4.4
JMP_JMP_05,2023-06-08 06:00:00+00:00,0.0,0.0,0.249,0.261,33.3,64,992.9,8.7
JMP_JMP_05,2023-06-08 07:00:00+00:00,0.9,0.9,0.255,0.26,31.0,76,992.0,6.3
JMP_JMP_05,2023-06-08 08:00:00+00:00,0.5,0.5,0.258,0.26,30.5,79,990.8,5.2
JMP_JMP_05,2023-06-08 09:00:00+00:00,0.0,0.0,0.257,0.26,31.1,77,990.1,3.2
JMP_JMP_05,2023-06-08 10:00:00+00:00,0.0,0.0,0.257,0.26,31.0,77,989.6,2.9
JMP_JMP_05,2023-06-08 11:00:00+00:00,0.0,0.0,0.256,0.259,31.1,76,989.3,2.2
JMP_JMP_05,2023-06-08 12:00:00+00:00,0.0,0.0,0.256,0.259,30.2,84,989.4,3.8
JMP_JMP_05,2023-06-08 13:00:00+00:00,0.0,0.0,0.257,0.257,28.1,94,990.6,7.2
JMP_JMP_05,2023-06-08 14:00:00+00:00,0.0,0.0,0.257,0.257,27.7,95,991.7,6.7
JMP_JMP_05,2023-06-08 15:00:00+00:00,11.5,11.5,0.409,0.257,26.3,97,992.7,7.6
JMP_JMP_05,2023-06-08 16:00:00+00:00,7.0,7.0,0.422,0.283,25.4,100,993.6,8.1
JMP_JMP_05,2023-06-08 17:00:00+00:00,0.4,0.4,0.412,0.288,25.3,100,993.2,8.3
JMP_JMP_05,2023-06-08 18:00:00+00:00,0.5,0.5,0.409,0.292,25.5,100,992.6,3.3
JMP_JMP_05,2023-06-08 19:00:00+00:00,0.5,0.5,0.406,0.295,25.5,100,991.6,2.4
JMP_JMP_05,2023-06-08 20:00:00+00:00,4.7,4.7,0.424,0.308,24.9,100,991.4,7.2
JMP_JMP_05,2023-06-08 21:00:00+00:00,1.1,1.1,0.422,0.314,24.9,100,991.2,5.1
JMP_JMP_05,2023-06-08 22:00:00+00:00,0.5,0.5,0.415,0.318,24.7,100,991.1,4.7
JMP_JMP_05,2023-06-08 23:00:00+00:00,2.9,2.9,0.423,0.329,24.6,100,991.6,3.6
JMP_JMP_05,2023-06-09 00:00:00+00:00,5.0,5.0,0.439,0.347,24.8,100,992.3,1.0
JMP_JMP_05,2023-06-09 01:00:00+00:00,7.7,7.7,0.435,0.273,25.9,100,992.8,4.9
JMP_JMP_05,2023-06-09 02:00:00+00:00,0.5,0.5,0.414,0.281,26.1,96,992.8,4.7
JMP_JMP_05,2023-06-09 03:00:00+00:00,0.1,0.1,0.404,0.285,27.8,89,993.3,1.8
JMP_JMP_05,2023-06-09 04:00:00+00:00,0.2,0.2,0.397,0.287,29.2,84,993.3,2.1
JMP_JMP_05,2023-06-09 05:00:00+00:00,0.2,0.2,0.391,0.289,30.0,80,992.6,4.6
JMP_JMP_05,2023-06-09 06:00:00+00:00,9.3,9.3,0.439,0.309,28.3,86,991.8,6.9
JMP_JMP_05,2023-06-09 07:00:00+00:00,1.6,1.6,0.419,0.321,27.0,93,990.6,3.1
JMP_JMP_05,2023-06-09 08:00:00+00:00,0.1,0.1,0.41,0.324,28.0,88,989.9,3.3
JMP_JMP_05,2023-06-09 09:00:00+00:00,0.0,0.0,0.403,0.326,28.6,84,989.1,7.1
JMP_JMP_05,2023-06-09 10:00:00+00:00,0.5,0.5,0.401,0.328,28.2,88,988.7,6.4
JMP_JMP_05,2023-06-09 11:00:00+00:00,0.5,0.5,0.4,0.329,27.5,93,989.0,6.8
JMP_JMP_05,2023-06-09 12:00:00+00:00,0.1,0.1,0.397,0.331,26.9,96,990.1,8.8
JMP_JMP_05,2023-06-09 13:00:00+00:00,0.3,0.3,0.39,0.276,25.8,97,990.8,10.2
JMP_JMP_05,2023-06-09 14:00:00+00:00,0.3,0.3,0.387,0.278,25.2,100,991.2,8.7
JMP_JMP_05,2023-06-09 15:00:00+00:00,1.5,1.5,0.403,0.28,24.9,100,992.0,8.6
JMP_JMP_05,2023-06-09 16:00:00+00:00,2.4,2.4,0.418,0.286,24.8,100,992.1,6.3
JMP_JMP_05,2023-06-09 17:00:00+00:00,1.1,1.1,0.419,0.29,24.8,100,992.4,3.3
JMP_JMP_05,2023-06-09 18:00:00+00:00,1.2,1.2,0.417,0.297,24.8,100,992.1,4.3
JMP_JMP_05,2023-06-09 19:00:00+00:00,0.1,0.1,0.407,0.301,24.9,100,991.0,1.1
JMP_JMP_05,2023-06-09 20:00:00+00:00,0.0,0.0,0.4,0.303,24.5,100,990.8,2.8
JMP_JMP_05,2023-06-09 21:00:00+00:00,0.0,0.0,0.395,0.305,24.7,99,990.5,2.8
JMP_JMP_05,2023-06-09 22:00:00+00:00,0.0,0.0,0.39,0.306,24.6,100,990.5,2.6
JMP_JMP_05,2023-06-09 23:00:00+00:00,0.2,0.2,0.388,0.308,24.6,100,990.9,1.3
JMP_JMP_05,2023-06-10 00:00:00+00:00,0.1,0.1,0.36,0.287,25.4,97,990.8,5.3
JMP_JMP_05,2023-06-10 01:00:00+00:00,0.0,0.0,0.358,0.288,26.9,90,991.7,6.0
JMP_JMP_05,2023-06-10 02:00:00+00:00,0.3,0.3,0.358,0.288,27.8,87,991.9,5.2
JMP_JMP_05,2023-06-10 03:00:00+00:00,0.2,0.2,0.357,0.289,28.3,84,992.1,5.1
JMP_JMP_05,2023-06-10 04:00:00+00:00,0.0,0.0,0.354,0.289,29.8,77,991.9,3.8
JMP_JMP_05,2023-06-10 05:00:00+00:00,0.1,0.1,0.351,0.289,31.2,71,991.0,4.9
JMP_JMP_05,2023-06-10 06:00:00+00:00,0.1,0.1,0.348,0.289,32.3,68,989.8,6.8
JMP_JMP_05,2023-06-10 07:00:00+00:00,0.1,0.1,0.344,0.288,33.1,65,988.8,8.5
JMP_JMP_05,2023-06-10 08:00:00+00:00,0.1,0.1,0.341,0.288,32.9,65,988.1,8.8
JMP_JMP_05,2023-06-10 09:00:00+00:00,2.1,2.1,0.359,0.288,29.9,86,988.0,3.6
JMP_JMP_05,2023-06-10 10:00:00+00:00,1.9,1.9,0.375,0.289,26.5,100,988.6,15.2
JMP_JMP_05,2023-06-10 11:00:00+00:00,3.1,3.1,0.411,0.291,25.8,100,988.6,7.9
JMP_JMP_05,2023-06-10 12:00:00+00:00,4.5,4.5,0.371,0.295,27.0,86,989.9,4.6
JMP_JMP_05,2023-06-10 13:00:00+00:00,0.3,0.3,0.371,0.296,26.1,92,990.6,3.8
JMP_JMP_05,2023-06-10 14:00:00+00:00,0.1,0.1,0.369,0.296,25.7,97,991.3,3.6
JMP_JMP_05,2023-06-10 15:00:00+00:00,0.0,0.0,0.367,0.297,25.8,96,991.8,6.0
JMP_JMP_05,2023-06-10 16:00:00+00:00,0.1,0.1,0.365,0.298,25.8,97,992.3,5.4
JMP_JMP_05,2023-06-10 17:00:00+00:00,0.0,0.0,0.363,0.298,25.5,98,992.3,6.5
JMP_JMP_05,2023-06-10 18:00:00+00:00,0.0,0.0,0.362,0.299,25.5,98,991.7,5.4
JMP_JMP_05,2023-06-10 19:00:00+00:00,0.0,0.0,0.36,0.299,25.4,98,990.8,5.4
JMP_JMP_05,2023-06-10 20:00:00+00:00,0.0,0.0,0.359,0.3,25.3,98,990.3,4.6
JMP_JMP_05,2023-06-10 21:00:00+00:00,0.6,0.6,0.362,0.3,25.3,97,990.4,6.6
JMP_JMP_05,2023-06-10 22:00:00+00:00,1.1,1.1,0.37,0.301,24.3,100,990.4,9.0
JMP_JMP_05,2023-06-10 23:00:00+00:00,0.4,0.4,0.372,0.302,24.4,95,990.9,11.5
JMP_JMP_05,2023-06-11 00:00:00+00:00,0.1,0.1,0.373,0.308,25.3,96,991.5,6.2
JMP_JMP_05,2023-06-11 01:00:00+00:00,0.5,0.5,0.377,0.308,25.7,95,991.9,7.7
JMP_JMP_05,2023-06-11 02:00:00+00:00,0.1,0.1,0.375,0.309,25.7,97,992.4,8.3
JMP_JMP_05,2023-06-11 03:00:00+00:00,0.2,0.2,0.374,0.31,26.0,93,992.4,9.2
JMP_JMP_05,2023-06-11 04:00:00+00:00,1.6,1.6,0.387,0.311,25.5,99,992.7,10.3
JMP_JMP_05,2023-06-11 05:00:00+00:00,5.9,5.9,0.428,0.323,25.5,99,992.4,12.1
JMP_JMP_05,2023-06-11 06:00:00+00:00,0.5,0.5,0.416,0.328,26.7,92,991.3,12.4
JMP_JMP_05,2023-06-11 07:00:00+00:00,0.1,0.1,0.408,0.331,29.7,79,990.2,12.7
JMP_JMP_05,2023-06-11 08:00:00+00:00,3.4,3.4,0.437,0.333,29.3,78,989.5,20.1
JMP_JMP_05,2023-06-11 09:00:00+00:00,1.1,1.1,0.421,0.341,27.0,92,989.1,11.4
JMP_JMP_05,2023-06-11 10:00:00+00:00,0.2,0.2,0.413,0.344,27.7,88,988.5,9.7
JMP_JMP_05,2023-06-11 11:00:00+00:00,0.0,0.0,0.407,0.346,27.8,87,988.8,9.0
JMP_JMP_05,2023-06-11 12:00:00+00:00,0.0,0.0,0.363,0.314,27.5,81,990.1,6.8
JMP_JMP_05,2023-06-11 13:00:00+00:00,0.0,0.0,0.362,0.314,26.7,84,990.7,6.6
JMP_JMP_05,2023-06-11 14:00:00+00:00,0.0,0.0,0.36,0.315,26.1,87,991.1,4.1
JMP_JMP_05,2023-06-11 15:00:00+00:00,0.0,0.0,0.359,0.315,25.2,94,992.0,4.0
JMP_JMP_05,2023-06-11 16:00:00+00:00,0.0,0.0,0.358,0.315,25.2,93,993.0,3.1
JMP_JMP_05,2023-06-11 17:00:00+00:00,0.0,0.0,0.357,0.316,25.1,94,992.9,4.7
JMP_JMP_05,2023-06-11 18:00:00+00:00,0.0,0.0,0.356,0.316,24.8,96,992.1,3.9
JMP_JMP_05,2023-06-11 19:00:00+00:00,0.0,0.0,0.355,0.316,24.5,98,991.3,3.5
JMP_JMP_05,2023-06-11 20:00:00+00:00,0.0,0.0,0.354,0.317,24.2,99,991.2,2.1
JMP_JMP_05,2023-06-11 21:00:00+00:00,0.1,0.1,0.353,0.317,24.1,99,990.9,2.6
JMP_JMP_05,2023-06-11 22:00:00+00:00,0.0,0.0,0.352,0.317,24.3,99,990.8,5.2
JMP_JMP_05,2023-06-11 23:00:00+00:00,0.0,0.0,0.352,0.317,24.2,100,991.3,5.5
JMP_JMP_05,2023-06-12 00:00:00+00:00,0.0,0.0,0.407,0.364,24.5,100,991.9,5.4
JMP_JMP_05,2023-06-12 01:00:00+00:00,2.3,2.3,0.428,0.367,25.1,99,992.6,5.6
JMP_JMP_05,2023-06-12 02:00:00+00:00,1.6,1.6,0.42,0.375,26.2,93,993.2,5.4
JMP_JMP_05,2023-06-12 03:00:00+00:00,0.0,0.0,0.414,0.376,27.0,92,994.0,2.7
JMP_JMP_05,2023-06-12 04:00:00+00:00,0.0,0.0,0.409,0.377,27.9,88,993.6,1.4
JMP_JMP_05,2023-06-12 05:00:00+00:00,0.0,0.0,0.404,0.377,29.4,80,992.8,3.8
JMP_JMP_05,2023-06-12 06:00:00+00:00,0.1,0.1,0.401,0.377,29.9,77,992.4,8.0
JMP_JMP_05,2023-06-12 07:00:00+00:00,0.1,0.1,0.397,0.377,30.6,72,990.9,7.1
JMP_JMP_05,2023-06-12 08:00:00+00:00,0.1,0.1,0.394,0.376,31.8,66,989.9,5.6
JMP_JMP_05,2023-06-12 09:00:00+00:00,0.0,0.0,0.391,0.376,32.1,66,989.1,4.2
JMP_JMP_05,2023-06-12 10:00:00+00:00,0.0,0.0,0.388,0.375,31.8,67,988.5,3.1
JMP_JMP_05,2023-06-12 11:00:00+00:00,0.0,0.0,0.385,0.375,31.3,73,988.5,2.7
JMP_JMP_05,2023-06-12 12:00:00+00:00,0.1,0.1,0.388,0.368,26.8,91,989.9,4.5
JMP_JMP_05,2023-06-12 13:00:00+00:00,0.0,0.0,0.386,0.368,25.9,96,990.7,3.6
JMP_JMP_05,2023-06-12 14:00:00+00:00,0.0,0.0,0.385,0.368,25.5,97,991.4,3.7
JMP_JMP_05,2023-06-12 15:00:00+00:00,0.0,0.0,0.384,0.368,25.5,97,991.5,5.0
JMP_JMP_05,2023-06-12 16:00:00+00:00,0.0,0.0,0.383,0.368,25.1,98,992.1,3.6
JMP_JMP_05,2023-06-12 17:00:00+00:00,0.0,0.0,0.382,0.368,24.9,99,992.4,4.7
JMP_JMP_05,2023-06-12 18:00:00+00:00,0.0,0.0,0.381,0.368,25.2,98,992.2,4.5
JMP_JMP_05,2023-06-12 19:00:00+00:00,0.0,0.0,0.38,0.368,25.2,97,991.8,6.5
JMP_JMP_05,2023-06-12 20:00:00+00:00,0.0,0.0,0.379,0.368,24.6,98,991.2,3.3
JMP_JMP_05,2023-06-12 21:00:00+00:00,0.0,0.0,0.379,0.368,24.5,98,990.7,3.0
JMP_JMP_05,2023-06-12 22:00:00+00:00,0.0,0.0,0.378,0.368,24.3,99,990.7,5.4
JMP_JMP_05,2023-06-12 23:00:00+00:00,0.0,0.0,0.377,0.368,24.1,99,991.1,4.0
JMP_JMP_05,2023-06-13 00:00:00+00:00,0.0,0.0,0.386,0.37,24.9,100,991.9,3.7
JMP_JMP_05,2023-06-13 01:00:00+00:00,0.4,0.4,0.389,0.37,25.5,97,992.3,1.8
JMP_JMP_05,2023-06-13 02:00:00+00:00,0.2,0.2,0.389,0.37,27.1,90,992.5,2.4
JMP_JMP_05,2023-06-13 03:00:00+00:00,0.1,0.1,0.388,0.37,28.6,87,992.8,5.2
JMP_JMP_05,2023-06-13 04:00:00+00:00,0.1,0.1,0.386,0.37,29.8,81,992.3,4.1
JMP_JMP_05,2023-06-13 05:00:00+00:00,0.0,0.0,0.384,0.37,30.8,74,991.7,3.9
JMP_JMP_05,2023-06-13 06:00:00+00:00,0.0,0.0,0.381,0.369,31.2,69,991.3,4.1
JMP_JMP_05,2023-06-13 07:00:00+00:00,0.0,0.0,0.378,0.368,32.2,65,989.6,2.9
JMP_JMP_05,2023-06-13 08:00:00+00:00,0.0,0.0,0.375,0.367,33.2,61,988.0,5.7
JMP_JMP_05,2023-06-13 09:00:00+00:00,0.0,0.0,0.372,0.367,34.0,57,986.9,6.8
JMP_JMP_05,2023-06-13 10:00:00+00:00,0.0,0.0,0.369,0.366,33.5,59,986.7,8.8
JMP_JMP_05,2023-06-13 11:00:00+00:00,0.0,0.0,0.368,0.365,32.4,68,986.8,5.6
JMP_JMP_05,2023-06-13 12:00:00+00:00,0.0,0.0,0.406,0.362,30.0,76,988.6,10.1
JMP_JMP_05,2023-06-13 13:00:00+00:00,0.8,0.8,0.407,0.363,26.4,89,990.3,3.7
JMP_JMP_05,2023-06-13 14:00:00+00:00,0.2,0.2,0.405,0.364,26.0,93,990.2,7.4
JMP_JMP_05,2023-06-13 15:00:00+00:00,0.0,0.0,0.402,0.365,25.6,94,990.8,7.0
JMP_JMP_05,2023-06-13 16:00:00+00:00,0.0,0.0,0.399,0.366,25.2,96,991.7,3.2
JMP_JMP_05,2023-06-13 17:00:00+00:00,0.0,0.0,0.396,0.366,25.0,96,992.0,4.1
JMP_JMP_05,2023-06-13 18:00:00+00:00,0.0,0.0,0.394,0.367,24.8,97,991.4,4.5
JMP_JMP_05,2023-06-13 19:00:00+00:00,0.0,0.0,0.392,0.367,25.2,96,990.7,5.1
JMP_JMP_05,2023-06-13 20:00:00+00:00,0.0,0.0,0.391,0.367,24.8,96,990.6,4.0
JMP_JMP_05,2023-06-13 21:00:00+00:00,0.0,0.0,0.389,0.368,25.2,93,990.2,9.0
JMP_JMP_05,2023-06-13 22:00:00+00:00,0.0,0.0,0.388,0.368,25.1,92,990.2,5.2
JMP_JMP_05,2023-06-13 23:00:00+00:00,0.0,0.0,0.386,0.368,25.1,91,990.5,11.9
JMP_JMP_05,2023-06-14 00:00:00+00:00,0.0,0.0,0.394,0.389,25.8,93,992.0,4.1
JMP_JMP_05,2023-06-14 01:00:00+00:00,0.5,0.5,0.397,0.389,26.5,90,992.5,3.3
JMP_JMP_05,2023-06-14 02:00:00+00:00,0.1,0.1,0.396,0.388,27.3,87,992.7,4.1
JMP_JMP_05,2023-06-14 03:00:00+00:00,0.2,0.2,0.396,0.388,28.2,85,992.5,11.9
JMP_JMP_05,2023-06-14 04:00:00+00:00,0.0,0.0,0.394,0.387,29.8,76,992.3,16.0
JMP_JMP_05,2023-06-14 05:00:00+00:00,0.0,0.0,0.391,0.387,31.3,68,992.2,20.3
JMP_JMP_05,2023-06-14 06:00:00+00:00,0.0,0.0,0.388,0.385,32.4,62,991.5,19.9
JMP_JMP_05,2023-06-14 07:00:00+00:00,0.1,0.1,0.386,0.385,31.2,71,990.5,17.9
JMP_JMP_05,2023-06-14 08:00:00+00:00,0.0,0.0,0.383,0.383,32.3,69,989.3,16.9
JMP_JMP_05,2023-06-14 09:00:00+00:00,0.0,0.0,0.38,0.382,31.1,71,989.1,14.2
JMP_JMP_05,2023-06-14 10:00:00+00:00,0.9,0.9,0.385,0.382,30.0,78,988.7,11.5
JMP_JMP_05,2023-06-14 11:00:00+00:00,3.8,3.8,0.424,0.383,28.2,92,989.2,4.4
JMP_JMP_05,2023-06-14 12:00:00+00:00,0.1,0.1,0.429,0.414,25.3,96,990.3,4.8
JMP_JMP_05,2023-06-14 13:00:00+00:00,0.1,0.1,0.424,0.414,25.6,99,990.7,5.2
JMP_JMP_05,2023-06-14 14:00:00+00:00,0.0,0.0,0.42,0.414,26.4,91,991.4,14.9
JMP_JMP_05,2023-06-14 15:00:00+00:00,0.0,0.0,0.418,0.413,26.4,87,992.1,8.5
JMP_JMP_05,2023-06-14 16:00:00+00:00,0.0,0.0,0.415,0.412,26.2,87,992.7,8.2
JMP_JMP_05,2023-06-14 17:00:00+00:00,0.0,0.0,0.413,0.412,25.4,91,992.9,5.4
JMP_JMP_05,2023-06-14 18:00:00+00:00,0.0,0.0,0.412,0.411,24.9,93,992.5,5.0
JMP_JMP_05,2023-06-14 19:00:00+00:00,0.0,0.0,0.41,0.41,26.2,85,992.2,3.3
JMP_JMP_05,2023-06-14 20:00:00+00:00,0.0,0.0,0.409,0.409,25.5,87,991.1,8.9
JMP_JMP_05,2023-06-14 21:00:00+00:00,0.0,0.0,0.407,0.408,25.6,86,990.9,11.6
JMP_JMP_05,2023-06-14 22:00:00+00:00,0.0,0.0,0.406,0.408,25.9,87,991.4,14.0
JMP_JMP_05,2023-06-14 23:00:00+00:00,0.0,0.0,0.405,0.407,26.2,87,991.4,14.8
JMP_JMP_05,2023-06-15 00:00:00+00:00,0.0,0.0,0.415,0.411,27.1,86,991.7,19.2
JMP_JMP_05,2023-06-15 01:00:00+00:00,0.0,0.0,0.413,0.411,27.2,84,992.4,22.7
JMP_JMP_05,2023-06-15 02:00:00+00:00,0.0,0.0,0.41,0.41,28.2,79,992.0,14.9
JMP_JMP_05,2023-06-15 03:00:00+00:00,0.0,0.0,0.408,0.408,30.1,73,993.3,13.7
JMP_JMP_05,2023-06-15 04:00:00+00:00,0.1,0.1,0.406,0.407,30.6,71,993.5,13.2
JMP_JMP_05,2023-06-15 05:00:00+00:00,6.3,6.3,0.439,0.408,29.0,80,993.8,10.2
JMP_JMP_05,2023-06-15 06:00:00+00:00,11.4,11.4,0.432,0.426,28.5,87,993.4,7.0
JMP_JMP_05,2023-06-15 07:00:00+00:00,0.0,0.0,0.426,0.424,30.7,74,992.0,16.9
JMP_JMP_05,2023-06-15 08:00:00+00:00,0.0,0.0,0.422,0.423,31.1,73,990.8,16.0
JMP_JMP_05,2023-06-15 09:00:00+00:00,0.0,0.0,0.419,0.421,31.6,71,990.1,16.7
JMP_JMP_05,2023-06-15 10:00:00+00:00,0.0,0.0,0.416,0.419,31.2,73,989.4,14.3
JMP_JMP_05,2023-06-15 11:00:00+00:00,0.0,0.0,0.413,0.417,30.5,76,989.9,13.2
JMP_JMP_05,2023-06-15 12:00:00+00:00,15.6,15.6,0.413,0.406,28.7,80,992.3,6.8
JMP_JMP_05,2023-06-15 13:00:00+00:00,0.0,0.0,0.411,0.406,28.0,81,992.1,10.4
JMP_JMP_05,2023-06-15 14:00:00+00:00,0.0,0.0,0.409,0.406,27.4,84,992.8,6.5
JMP_JMP_05,2023-06-15 15:00:00+00:00,0.0,0.0,0.408,0.405,27.0,86,993.3,7.4
JMP_JMP_05,2023-06-15 16:00:00+00:00,0.0,0.0,0.406,0.405,27.2,85,993.9,5.6
JMP_JMP_05,2023-06-15 17:00:00+00:00,0.0,0.0,0.405,0.404,26.7,90,994.0,3.6
JMP_JMP_05,2023-06-15 18:00:00+00:00,0.0,0.0,0.404,0.403,27.0,82,992.8,10.9
JMP_JMP_05,2023-06-15 19:00:00+00:00,0.0,0.0,0.403,0.403,27.1,80,991.7,15.5
JMP_JMP_05,2023-06-15 20:00:00+00:00,0.0,0.0,0.402,0.402,27.5,78,991.4,18.0
JMP_JMP_05,2023-06-15 21:00:00+00:00,0.5,0.5,0.404,0.402,27.2,80,990.8,18.8
JMP_JMP_05,2023-06-15 22:00:00+00:00,0.4,0.4,0.405,0.401,27.4,78,991.5,10.1
JMP_JMP_05,2023-06-15 23:00:00+00:00,0.0,0.0,0.404,0.401,27.6,78,991.2,17.4
JMP_JMP_05,2023-06-16 00:00:00+00:00,0.0,0.0,0.427,0.424,25.0,95,993.7,8.2
JMP_JMP_05,2023-06-16 01:00:00+00:00,7.4,7.4,0.435,0.437,24.7,98,994.5,5.2
JMP_JMP_05,2023-06-16 02:00:00+00:00,1.2,1.2,0.43,0.435,24.8,99,995.0,6.2
JMP_JMP_05,2023-06-16 03:00:00+00:00,0.2,0.2,0.427,0.431,26.8,93,994.7,8.4
JMP_JMP_05,2023-06-16 04:00:00+00:00,0.0,0.0,0.423,0.429,28.1,85,994.1,10.2
JMP_JMP_05,2023-06-16 05:00:00+00:00,0.0,0.0,0.419,0.426,30.9,70,993.1,15.2
JMP_JMP_05,2023-06-16 06:00:00+00:00,0.0,0.0,0.415,0.423,32.6,62,992.2,23.9
JMP_JMP_05,2023-06-16 07:00:00+00:00,0.0,0.0,0.411,0.421,33.1,59,991.4,24.1
JMP_JMP_05,2023-06-16 08:00:00+00:00,0.0,0.0,0.407,0.419,33.1,60,990.8,19.4
JMP_JMP_05,2023-06-16 09:00:00+00:00,0.0,0.0,0.405,0.417,32.1,67,989.6,11.4
JMP_JMP_05,2023-06-16 10:00:00+00:00,0.1,0.1,0.404,0.415,31.1,72,990.6,13.9
JMP_JMP_05,2023-06-16 11:00:00+00:00,0.6,0.6,0.407,0.414,29.6,80,990.4,15.3
JMP_JMP_05,2023-06-16 12:00:00+00:00,7.3,7.3,0.409,0.416,27.8,93,992.2,5.3
JMP_JMP_05,2023-06-16 13:00:00+00:00,0.0,0.0,0.408,0.415,27.7,85,992.8,8.3
JMP_JMP_05,2023-06-16 14:00:00+00:00,0.0,0.0,0.407,0.414,27.5,82,993.9,6.2
JMP_JMP_05,2023-06-16 15:00:00+00:00,0.0,0.0,0.406,0.413,27.0,82,994.3,8.2
JMP_JMP_05,2023-06-16 16:00:00+00:00,0.0,0.0,0.404,0.412,26.6,85,994.5,3.7
JMP_JMP_05,2023-06-16 17:00:00+00:00,0.0,0.0,0.404,0.411,26.2,86,994.3,5.3
JMP_JMP_05,2023-06-16 18:00:00+00:00,0.0,0.0,0.403,0.41,25.8,88,993.9,3.6
JMP_JMP_05,2023-06-16 19:00:00+00:00,0.0,0.0,0.402,0.409,25.7,88,993.1,5.4
JMP_JMP_05,2023-06-16 20:00:00+00:00,0.0,0.0,0.401,0.409,26.1,87,992.9,10.4
JMP_JMP_05,2023-06-16 21:00:00+00:00,0.0,0.0,0.4,0.408,26.5,87,992.8,12.7
JMP_JMP_05,2023-06-16 22:00:00+00:00,0.0,0.0,0.399,0.407,26.6,87,992.8,13.4
JMP_JMP_05,2023-06-16 23:00:00+00:00,0.0,0.0,0.398,0.406,27.0,85,993.2,15.6
JMP_JMP_05,2023-06-17 00:00:00+00:00,0.0,0.0,0.416,0.411,26.6,89,995.2,8.0
JMP_JMP_05,2023-06-17 01:00:00+00:00,0.0,0.0,0.414,0.41,27.1,89,995.6,12.6
JMP_JMP_05,2023-06-17 02:00:00+00:00,0.2,0.2,0.413,0.41,28.1,86,995.5,13.1
JMP_JMP_05,2023-06-17 03:00:00+00:00,0.0,0.0,0.411,0.409,28.9,81,995.4,11.8
JMP_JMP_05,2023-06-17 04:00:00+00:00,0.0,0.0,0.408,0.408,30.4,76,996.0,14.6
JMP_JMP_05,2023-06-17 05:00:00+00:00,0.9,0.9,0.412,0.407,29.7,81,995.6,10.6
JMP_JMP_05,2023-06-17 06:00:00+00:00,0.0,0.0,0.409,0.406,31.2,73,994.2,17.2
JMP_JMP_05,2023-06-17 07:00:00+00:00,0.0,0.0,0.405,0.405,32.6,65,993.5,19.5
JMP_JMP_05,2023-06-17 08:00:00+00:00,1.0,1.0,0.409,0.404,32.1,67,992.9,18.1
JMP_JMP_05,2023-06-17 09:00:00+00:00,0.1,0.1,0.407,0.403,31.4,74,992.2,11.3
JMP_JMP_05,2023-06-17 10:00:00+00:00,0.0,0.0,0.405,0.403,30.7,75,990.9,14.1
JMP_JMP_05,2023-06-17 11:00:00+00:00,0.0,0.0,0.403,0.402,30.2,76,991.2,15.5
JMP_JMP_05,2023-06-17 12:00:00+00:00,0.6,0.6,0.412,0.407,27.9,81,994.4,12.0
JMP_JMP_05,2023-06-17 13:00:00+00:00,0.0,0.0,0.41,0.407,26.9,84,994.7,8.5
JMP_JMP_05,2023-06-17 14:00:00+00:00,0.0,0.0,0.408,0.406,26.5,86,996.0,5.8
JMP_JMP_05,2023-06-17 15:00:00+00:00,0.0,0.0,0.407,0.406,26.1,88,996.7,7.0
JMP_JMP_05,2023-06-17 16:00:00+00:00,0.0,0.0,0.406,0.405,25.9,89,996.8,7.1
JMP_JMP_05,2023-06-17 17:00:00+00:00,0.0,0.0,0.405,0.405,25.6,91,996.5,8.0
JMP_JMP_05,2023-06-17 18:00:00+00:00,0.0,0.0,0.403,0.404,25.5,92,996.2,4.1
JMP_JMP_05,2023-06-17 19:00:00+00:00,0.0,0.0,0.402,0.404,25.5,91,995.4,6.4
JMP_JMP_05,2023-06-17 20:00:00+00:00,0.0,0.0,0.401,0.404,25.4,91,995.0,5.2
JMP_JMP_05,2023-06-17 21:00:00+00:00,0.0,0.0,0.4,0.403,25.6,88,994.5,9.4
JMP_JMP_05,2023-06-17 22:00:00+00:00,0.0,0.0,0.4,0.403,25.8,86,994.5,9.0
JMP_JMP_05,2023-06-17 23:00:00+00:00,0.0,0.0,0.399,0.402,25.9,86,995.0,10.1
JMP_JMP_05,2023-06-18 00:00:00+00:00,0.0,0.0,0.4,0.402,24.8,95,996.9,3.2
JMP_JMP_05,2023-06-18 01:00:00+00:00,0.0,0.0,0.399,0.402,26.7,88,997.1,3.3
JMP_JMP_05,2023-06-18 02:00:00+00:00,0.0,0.0,0.397,0.401,28.6,80,997.3,4.0
JMP_JMP_05,2023-06-18 03:00:00+00:00,0.2,0.2,0.396,0.4,30.2,72,997.0,11.3
JMP_JMP_05,2023-06-18 04:00:00+00:00,0.1,0.1,0.394,0.399,31.9,64,996.3,11.3
JMP_JMP_05,2023-06-18 05:00:00+00:00,0.0,0.0,0.392,0.398,32.8,63,995.8,9.7
JMP_JMP_05,2023-06-18 06:00:00+00:00,0.0,0.0,0.388,0.396,33.7,60,995.1,11.8
JMP_JMP_05,2023-06-18 07:00:00+00:00,2.7,2.7,0.412,0.395,28.2,84,995.0,10.8
JMP_JMP_05,2023-06-18 08:00:00+00:00,4.3,4.3,0.428,0.402,27.0,93,993.6,5.6
JMP_JMP_05,2023-06-18 09:00:00+00:00,0.0,0.0,0.421,0.403,29.8,79,992.4,10.8
JMP_JMP_05,2023-06-18 10:00:00+00:00,0.1,0.1,0.417,0.404,30.4,76,991.8,11.7
JMP_JMP_05,2023-06-18 11:00:00+00:00,0.2,0.2,0.414,0.403,30.1,78,992.0,9.0
JMP_JMP_05,2023-06-18 12:00:00+00:00,0.1,0.1,0.411,0.398,26.0,93,994.5,1.1
JMP_JMP_05,2023-06-18 13:00:00+00:00,0.1,0.1,0.409,0.398,25.8,98,995.5,0.4
JMP_JMP_05,2023-06-18 14:00:00+00:00,0.0,0.0,0.407,0.398,25.6,99,996.3,3.0
JMP_JMP_05,2023-06-18 15:00:00+00:00,0.0,0.0,0.406,0.398,25.6,98,996.7,4.7
JMP_JMP_05,2023-06-18 16:00:00+00:00,0.0,0.0,0.404,0.398,25.5,98,996.8,5.1
JMP_JMP_05,2023-06-18 17:00:00+00:00,0.0,0.0,0.403,0.398,25.1,99,996.7,3.3
JMP_JMP_05,2023-06-18 18:00:00+00:00,0.0,0.0,0.401,0.398,25.5,95,996.0,4.2
JMP_JMP_05,2023-06-18 19:00:00+00:00,0.0,0.0,0.4,0.398,25.3,94,995.1,6.2
JMP_JMP_05,2023-06-18 20:00:00+00:00,0.0,0.0,0.399,0.397,25.0,93,994.3,5.9
JMP_JMP_05,2023-06-18 21:00:00+00:00,0.0,0.0,0.398,0.397,24.4,95,994.2,4.3
JMP_JMP_05,2023-06-18 22:00:00+00:00,0.0,0.0,0.397,0.397,24.6,94,994.8,4.0
JMP_JMP_05,2023-06-18 23:00:00+00:00,0.0,0.0,0.397,0.397,24.6,94,995.2,5.8
JMP_JMP_05,2023-06-19 00:00:00+00:00,0.0,0.0,0.414,0.414,24.4,97,995.9,3.0
JMP_JMP_05,2023-06-19 01:00:00+00:00,0.0,0.0,0.413,0.413,25.5,94,996.2,0.8
JMP_JMP_05,2023-06-19 02:00:00+00:00,0.2,0.2,0.412,0.413,26.6,91,996.9,4.8
JMP_JMP_05,2023-06-19 03:00:00+00:00,0.2,0.2,0.412,0.412,27.0,90,996.8,3.1
JMP_JMP_05,2023-06-19 04:00:00+00:00,0.2,0.2,0.41,0.411,30.1,78,996.6,3.5
JMP_JMP_05,2023-06-19 05:00:00+00:00,0.1,0.1,0.407,0.41,32.6,64,995.3,8.5
JMP_JMP_05,2023-06-19 06:00:00+00:00,0.7,0.7,0.41,0.408,30.3,74,994.5,7.5
JMP_JMP_05,2023-06-19 07:00:00+00:00,0.5,0.5,0.411,0.408,28.0,87,993.8,6.3
JMP_JMP_05,2023-06-19 08:00:00+00:00,3.3,3.3,0.43,0.411,27.3,91,993.7,10.1
JMP_JMP_05,2023-06-19 09:00:00+00:00,0.4,0.4,0.426,0.412,26.6,94,992.6,8.4
JMP_JMP_05,2023-06-19 10:00:00+00:00,0.0,0.0,0.421,0.413,28.7,86,992.1,6.1
JMP_JMP_05,2023-06-19 11:00:00+00:00,0.0,0.0,0.418,0.412,28.6,87,992.1,6.5
JMP_JMP_05,2023-06-19 12:00:00+00:00,0.0,0.0,0.433,0.422,24.9,96,994.5,7.5
JMP_JMP_05,2023-06-19 13:00:00+00:00,0.0,0.0,0.427,0.422,24.9,95,994.6,5.6
JMP_JMP_05,2023-06-19 14:00:00+00:00,0.0,0.0,0.423,0.422,24.8,94,995.0,4.0
JMP_JMP_05,2023-06-19 15:00:00+00:00,0.0,0.0,0.421,0.421,24.6,96,995.1,3.2
JMP_JMP_05,2023-06-19 16:00:00+00:00,0.0,0.0,0.418,0.42,24.2,98,995.6,3.1
JMP_JMP_05,2023-06-19 17:00:00+00:00,0.0,0.0,0.416,0.419,24.3,99,995.7,3.1
JMP_JMP_05,2023-06-19 18:00:00+00:00,0.0,0.0,0.414,0.418,24.2,99,995.5,3.1
JMP_JMP_05,2023-06-19 19:00:00+00:00,0.0,0.0,0.413,0.417,24.1,99,995.1,2.3
JMP_JMP_05,2023-06-19 20:00:00+00:00,0.0,0.0,0.411,0.416,23.6,100,994.7,0.7
JMP_JMP_05,2023-06-19 21:00:00+00:00,0.0,0.0,0.41,0.416,23.7,100,994.2,3.6
JMP_JMP_05,2023-06-19 22:00:00+00:00,0.0,0.0,0.409,0.415,23.9,99,994.1,3.8
JMP_JMP_05,2023-06-19 23:00:00+00:00,0.0,0.0,0.408,0.414,24.1,98,994.4,7.0
JMP_JMP_05,2023-06-20 00:00:00+00:00,0.0,0.0,0.41,0.414,24.1,97,995.3,7.1
JMP_JMP_05,2023-06-20 01:00:00+00:00,0.0,0.0,0.409,0.413,25.8,93,996.2,3.7
JMP_JMP_05,2023-06-20 02:00:00+00:00,0.2,0.2,0.408,0.412,27.4,84,996.8,6.2
JMP_JMP_05,2023-06-20 03:00:00+00:00,0.1,0.1,0.407,0.411,28.6,78,997.0,8.4
JMP_JMP_05,2023-06-20 04:00:00+00:00,0.0,0.0,0.404,0.41,30.7,68,996.3,8.0
JMP_JMP_05,2023-06-20 05:00:00+00:00,0.0,0.0,0.4,0.409,32.2,62,995.0,6.6
JMP_JMP_05,2023-06-20 06:00:00+00:00,0.0,0.0,0.397,0.407,33.6,58,994.1,5.7
JMP_JMP_05,2023-06-20 07:00:00+00:00,0.0,0.0,0.393,0.405,34.2,56,992.7,8.2
JMP_JMP_05,2023-06-20 08:00:00+00:00,0.0,0.0,0.39,0.404,34.1,56,991.5,10.7
JMP_JMP_05,2023-06-20 09:00:00+00:00,0.0,0.0,0.387,0.402,34.1,57,990.6,11.5
JMP_JMP_05,2023-06-20 10:00:00+00:00,0.7,0.7,0.391,0.401,29.3,80,991.5,11.9
JMP_JMP_05,2023-06-20 11:00:00+00:00,0.0,0.0,0.39,0.401,29.0,83,991.6,4.6
JMP_JMP_05,2023-06-20 12:00:00+00:00,0.0,0.0,0.417,0.404,25.8,97,994.4,4.0
JMP_JMP_05,2023-06-20 13:00:00+00:00,0.0,0.0,0.415,0.405,26.1,95,994.7,4.7
JMP_JMP_05,2023-06-20 14:00:00+00:00,0.0,0.0,0.412,0.405,26.0,96,995.5,4.8
JMP_JMP_05,2023-06-20 15:00:00+00:00,0.1,0.1,0.411,0.405,25.8,98,996.0,5.6
JMP_JMP_05,2023-06-20 16:00:00+00:00,0.9,0.9,0.42,0.405,25.5,100,995.9,4.8
JMP_JMP_05,2023-06-20 17:00:00+00:00,0.1,0.1,0.418,0.405,25.7,96,995.6,4.3
JMP_JMP_05,2023-06-20 18:00:00+00:00,0.0,0.0,0.415,0.406,25.5,95,995.5,4.7
JMP_JMP_05,2023-06-20 19:00:00+00:00,0.0,0.0,0.412,0.406,25.3,95,995.1,7.2
JMP_JMP_05,2023-06-20 20:00:00+00:00,0.0,0.0,0.41,0.406,24.9,96,994.7,8.6
JMP_JMP_05,2023-06-20 21:00:00+00:00,0.0,0.0,0.409,0.405,24.5,96,994.5,7.2
JMP_JMP_05,2023-06-20 22:00:00+00:00,0.0,0.0,0.407,0.405,24.4,96,994.6,6.6
JMP_JMP_05,2023-06-20 23:00:00+00:00,0.0,0.0,0.406,0.405,24.2,96,994.8,7.4
JMP_JMP_05,2023-06-21 00:00:00+00:00,0.0,0.0,0.414,0.42,25.0,98,995.8,7.2
JMP_JMP_05,2023-06-21 01:00:00+00:00,0.0,0.0,0.413,0.419,26.4,94,996.5,6.1
JMP_JMP_05,2023-06-21 02:00:00+00:00,0.3,0.3,0.413,0.418,27.4,89,996.5,9.0
JMP_JMP_05,2023-06-21 03:00:00+00:00,0.1,0.1,0.411,0.417,29.2,79,996.6,10.1
JMP_JMP_05,2023-06-21 04:00:00+00:00,0.0,0.0,0.409,0.415,30.9,70,996.3,8.9
JMP_JMP_05,2023-06-21 05:00:00+00:00,0.0,0.0,0.405,0.414,32.5,62,995.5,7.3
JMP_JMP_05,2023-06-21 06:00:00+00:00,0.0,0.0,0.402,0.412,33.5,60,994.5,7.8
JMP_JMP_05,2023-06-21 07:00:00+00:00,0.0,0.0,0.398,0.411,34.1,58,993.1,7.3
JMP_JMP_05,2023-06-21 08:00:00+00:00,0.0,0.0,0.395,0.409,34.5,56,992.1,8.0
JMP_JMP_05,2023-06-21 09:00:00+00:00,0.2,0.2,0.394,0.407,34.1,58,991.6,7.8
JMP_JMP_05,2023-06-21 10:00:00+00:00,3.1,3.1,0.422,0.407,28.4,86,992.6,9.7
JMP_JMP_05,2023-06-21 11:00:00+00:00,14.5,14.5,0.433,0.43,26.2,99,993.3,10.5
JMP_JMP_05,2023-06-21 12:00:00+00:00,1.4,1.4,0.406,0.407,26.9,93,994.0,3.1
JMP_JMP_05,2023-06-21 13:00:00+00:00,0.5,0.5,0.409,0.406,26.0,100,994.9,4.2
JMP_JMP_05,2023-06-21 14:00:00+00:00,0.4,0.4,0.413,0.406,25.9,100,995.7,2.7
JMP_JMP_05,2023-06-21 15:00:00+00:00,3.6,3.6,0.439,0.412,26.1,94,996.6,1.1
JMP_JMP_05,2023-06-21 16:00:00+00:00,0.4,0.4,0.428,0.417,25.5,100,996.9,3.3
JMP_JMP_05,2023-06-21 17:00:00+00:00,0.2,0.2,0.426,0.417,25.4,100,997.0,3.2
JMP_JMP_05,2023-06-21 18:00:00+00:00,0.2,0.2,0.424,0.417,25.0,100,996.4,5.8
JMP_JMP_05,2023-06-21 19:00:00+00:00,0.2,0.2,0.423,0.417,24.8,100,995.5,5.9
JMP_JMP_05,2023-06-21 20:00:00+00:00,0.1,0.1,0.421,0.417,24.7,100,995.4,4.0
JMP_JMP_05,2023-06-21 21:00:00+00:00,0.2,0.2,0.421,0.417,24.7,100,995.1,4.0
JMP_JMP_05,2023-06-21 22:00:00+00:00,0.1,0.1,0.419,0.417,24.4,100,995.1,5.2
JMP_JMP_05,2023-06-21 23:00:00+00:00,0.0,0.0,0.417,0.416,24.7,96,995.2,6.1
JMP_JMP_05,2023-06-22 00:00:00+00:00,0.0,0.0,0.401,0.403,25.5,97,996.2,7.3
JMP_JMP_05,2023-06-22 01:00:00+00:00,0.0,0.0,0.4,0.402,26.5,93,996.6,8.7
JMP_JMP_05,2023-06-22 02:00:00+00:00,0.0,0.0,0.4,0.402,27.1,90,996.7,7.3
JMP_JMP_05,2023-06-22 03:00:00+00:00,0.0,0.0,0.398,0.401,28.3,85,997.0,6.8
JMP_JMP_05,2023-06-22 04:00:00+00:00,0.1,0.1,0.397,0.401,29.5,80,997.0,8.9
JMP_JMP_05,2023-06-22 05:00:00+00:00,0.0,0.0,0.395,0.4,31.1,70,995.9,10.5
JMP_JMP_05,2023-06-22 06:00:00+00:00,0.0,0.0,0.392,0.399,32.2,63,994.9,10.5
JMP_JMP_05,2023-06-22 07:00:00+00:00,0.0,0.0,0.389,0.398,32.3,62,993.8,10.8
JMP_JMP_05,2023-06-22 08:00:00+00:00,0.1,0.1,0.387,0.397,31.1,69,993.2,3.3
JMP_JMP_05,2023-06-22 09:00:00+00:00,1.1,1.1,0.395,0.396,29.8,77,993.1,6.5
JMP_JMP_05,2023-06-22 10:00:00+00:00,0.2,0.2,0.395,0.395,28.4,85,993.0,0.7
JMP_JMP_05,2023-06-22 11:00:00+00:00,0.0,0.0,0.394,0.395,27.8,95,992.7,0.7
JMP_JMP_05,2023-06-22 12:00:00+00:00,0.0,0.0,0.374,0.391,27.7,91,994.2,3.6
JMP_JMP_05,2023-06-22 13:00:00+00:00,1.4,1.4,0.389,0.39,26.1,100,995.2,3.7
JMP_JMP_05,2023-06-22 14:00:00+00:00,0.0,0.0,0.389,0.39,26.3,98,995.5,1.8
JMP_JMP_05,2023-06-22 15:00:00+00:00,0.0,0.0,0.388,0.39,25.7,99,996.1,2.5
JMP_JMP_05,2023-06-22 16:00:00+00:00,1.1,1.1,0.403,0.39,25.4,100,996.7,3.9
JMP_JMP_05,2023-06-22 17:00:00+00:00,3.7,3.7,0.439,0.392,24.9,100,997.0,2.6
JMP_JMP_05,2023-06-22 18:00:00+00:00,2.7,2.7,0.435,0.404,25.0,100,996.8,0.4
JMP_JMP_05,2023-06-22 19:00:00+00:00,1.3,1.3,0.433,0.41,24.8,100,995.9,3.6
JMP_JMP_05,2023-06-22 20:00:00+00:00,1.0,1.0,0.436,0.412,24.6,100,995.6,6.4
JMP_JMP_05,2023-06-22 21:00:00+00:00,2.1,2.1,0.432,0.421,24.3,100,995.3,4.8
JMP_JMP_05,2023-06-22 22:00:00+00:00,0.2,0.2,0.428,0.421,24.2,100,995.4,6.0
JMP_JMP_05,2023-06-22 23:00:00+00:00,0.2,0.2,0.426,0.421,24.2,100,995.7,5.8
JMP_JMP_05,2023-06-23 00:00:00+00:00,0.4,0.4,0.418,0.407,25.1,99,995.9,6.9
JMP_JMP_05,2023-06-23 01:00:00+00:00,0.3,0.3,0.417,0.408,25.9,97,996.1,6.3
JMP_JMP_05,2023-06-23 02:00:00+00:00,0.1,0.1,0.415,0.408,27.0,93,996.5,4.1
JMP_JMP_05,2023-06-23 03:00:00+00:00,0.1,0.1,0.413,0.408,28.2,87,996.7,5.2
JMP_JMP_05,2023-06-23 04:00:00+00:00,0.1,0.1,0.411,0.407,29.1,82,996.7,3.8
JMP_JMP_05,2023-06-23 05:00:00+00:00,0.4,0.4,0.41,0.406,30.0,77,996.3,2.7
JMP_JMP_05,2023-06-23 06:00:00+00:00,7.0,7.0,0.43,0.421,27.5,93,995.4,4.9
JMP_JMP_05,2023-06-23 07:00:00+00:00,0.2,0.2,0.426,0.421,29.3,87,993.9,3.0
JMP_JMP_05,2023-06-23 08:00:00+00:00,0.9,0.9,0.427,0.42,30.2,74,993.0,9.1
JMP_JMP_05,2023-06-23 09:00:00+00:00,0.2,0.2,0.423,0.42,30.5,74,992.2,9.4
JMP_JMP_05,2023-06-23 10:00:00+00:00,0.6,0.6,0.423,0.419,29.5,78,991.7,11.4
JMP_JMP_05,2023-06-23 11:00:00+00:00,0.2,0.2,0.421,0.418,29.2,77,991.7,9.0
JMP_JMP_05,2023-06-23 12:00:00+00:00,0.0,0.0,0.406,0.407,28.8,83,992.4,7.2
JMP_JMP_05,2023-06-23 13:00:00+00:00,0.0,0.0,0.405,0.407,27.6,86,993.2,6.8
JMP_JMP_05,2023-06-23 14:00:00+00:00,0.0,0.0,0.404,0.406,27.1,86,994.3,7.3
JMP_JMP_05,2023-06-23 15:00:00+00:00,0.0,0.0,0.403,0.406,26.6,87,994.8,6.5
JMP_JMP_05,2023-06-23 16:00:00+00:00,0.0,0.0,0.402,0.405,26.2,89,995.3,6.7
JMP_JMP_05,2023-06-23 17:00:00+00:00,0.0,0.0,0.401,0.405,25.9,90,995.7,6.5
JMP_JMP_05,2023-06-23 18:00:00+00:00,0.0,0.0,0.4,0.405,25.7,91,995.1,5.4
JMP_JMP_05,2023-06-23 19:00:00+00:00,0.0,0.0,0.399,0.404,25.3,93,994.4,3.2
JMP_JMP_05,2023-06-23 20:00:00+00:00,0.1,0.1,0.399,0.404,24.7,95,994.4,3.6
JMP_JMP_05,2023-06-23 21:00:00+00:00,0.1,0.1,0.399,0.404,25.0,94,994.2,4.6
JMP_JMP_05,2023-06-23 22:00:00+00:00,0.1,0.1,0.399,0.403,25.0,95,993.8,7.1
JMP_JMP_05,2023-06-23 23:00:00+00:00,0.0,0.0,0.398,0.403,24.6,99,994.2,7.9
JMP_JMP_05,2023-06-24 00:00:00+00:00,0.0,0.0,0.393,0.402,25.4,96,994.4,5.5
JMP_JMP_05,2023-06-24 01:00:00+00:00,0.0,0.0,0.393,0.401,27.1,91,995.0,2.9
JMP_JMP_05,2023-06-24 02:00:00+00:00,0.0,0.0,0.391,0.401,28.6,81,994.9,4.2
JMP_JMP_05,2023-06-24 03:00:00+00:00,0.0,0.0,0.389,0.4,29.6,75,995.3,2.9
JMP_JMP_05,2023-06-24 04:00:00+00:00,0.1,0.1,0.388,0.399,30.5,70,994.7,4.0
JMP_JMP_05,2023-06-24 05:00:00+00:00,0.2,0.2,0.386,0.397,32.1,61,994.0,5.2
JMP_JMP_05,2023-06-24 06:00:00+00:00,0.1,0.1,0.384,0.396,33.4,56,992.9,6.4
JMP_JMP_05,2023-06-24 07:00:00+00:00,0.3,0.3,0.383,0.395,33.7,56,991.7,7.4
JMP_JMP_05,2023-06-24 08:00:00+00:00,0.4,0.4,0.384,0.394,33.4,57,991.2,8.8
JMP_JMP_05,2023-06-24 09:00:00+00:00,0.8,0.8,0.388,0.393,30.6,71,991.1,7.6
JMP_JMP_05,2023-06-24 10:00:00+00:00,0.2,0.2,0.387,0.392,30.0,79,990.7,8.0
JMP_JMP_05,2023-06-24 11:00:00+00:00,1.3,1.3,0.398,0.392,29.3,82,991.2,6.4
JMP_JMP_05,2023-06-24 12:00:00+00:00,0.0,0.0,0.37,0.386,28.3,82,992.6,9.1
JMP_JMP_05,2023-06-24 13:00:00+00:00,0.0,0.0,0.37,0.385,27.2,84,993.2,8.4
JMP_JMP_05,2023-06-24 14:00:00+00:00,0.0,0.0,0.37,0.385,26.7,86,993.9,7.1
JMP_JMP_05,2023-06-24 15:00:00+00:00,0.0,0.0,0.37,0.385,26.4,87,994.7,6.4
JMP_JMP_05,2023-06-24 16:00:00+00:00,0.0,0.0,0.37,0.385,26.0,88,995.5,6.8
JMP_JMP_05,2023-06-24 17:00:00+00:00,0.0,0.0,0.37,0.384,25.7,89,995.6,7.0
JMP_JMP_05,2023-06-24 18:00:00+00:00,0.0,0.0,0.37,0.384,25.4,90,995.4,6.2
JMP_JMP_05,2023-06-24 19:00:00+00:00,0.0,0.0,0.37,0.384,25.1,91,994.9,3.7
JMP_JMP_05,2023-06-24 20:00:00+00:00,0.0,0.0,0.37,0.384,24.6,95,994.3,4.0
JMP_JMP_05,2023-06-24 21:00:00+00:00,0.0,0.0,0.37,0.383,24.3,98,994.1,7.1
JMP_JMP_05,2023-06-24 22:00:00+00:00,0.0,0.0,0.37,0.383,24.5,99,994.4,7.6
JMP_JMP_05,2023-06-24 23:00:00+00:00,0.0,0.0,0.37,0.383,24.5,99,994.6,7.7
JMP_JMP_05,2023-06-25 00:00:00+00:00,0.0,0.0,0.368,0.383,25.8,95,994.8,7.0
JMP_JMP_05,2023-06-25 01:00:00+00:00,0.0,0.0,0.368,0.382,27.7,87,995.6,5.6
JMP_JMP_05,2023-06-25 02:00:00+00:00,0.0,0.0,0.367,0.382,29.3,79,996.0,5.8
JMP_JMP_05,2023-06-25 03:00:00+00:00,0.1,0.1,0.366,0.381,30.3,73,996.3,3.5
JMP_JMP_05,2023-06-25 04:00:00+00:00,0.1,0.1,0.365,0.38,31.4,68,996.1,4.3
JMP_JMP_05,2023-06-25 05:00:00+00:00,0.0,0.0,0.362,0.379,32.9,60,995.1,4.4
JMP_JMP_05,2023-06-25 06:00:00+00:00,0.0,0.0,0.359,0.378,34.3,55,993.9,4.7
JMP_JMP_05,2023-06-25 07:00:00+00:00,0.0,0.0,0.357,0.377,34.3,55,993.2,7.5
JMP_JMP_05,2023-06-25 08:00:00+00:00,1.6,1.6,0.368,0.376,32.0,70,992.5,4.3
JMP_JMP_05,2023-06-25 09:00:00+00:00,0.7,0.7,0.372,0.375,30.3,80,991.9,7.1
JMP_JMP_05,2023-06-25 10:00:00+00:00,0.1,0.1,0.37,0.375,29.7,77,992.2,9.4
JMP_JMP_05,2023-06-25 11:00:00+00:00,0.0,0.0,0.369,0.374,29.2,83,992.1,4.0
JMP_JMP_05,2023-06-25 12:00:00+00:00,0.0,0.0,0.372,0.37,28.9,80,992.6,7.2
JMP_JMP_05,2023-06-25 13:00:00+00:00,0.0,0.0,0.372,0.37,27.5,87,993.6,4.1
JMP_JMP_05,2023-06-25 14:00:00+00:00,0.0,0.0,0.371,0.37,26.9,92,994.4,1.9
JMP_JMP_05,2023-06-25 15:00:00+00:00,0.0,0.0,0.371,0.37,26.6,96,995.2,5.0
JMP_JMP_05,2023-06-25 16:00:00+00:00,0.0,0.0,0.371,0.37,26.7,92,995.7,6.5
JMP_JMP_05,2023-06-25 17:00:00+00:00,0.0,0.0,0.37,0.37,26.6,89,995.9,7.9
JMP_JMP_05,2023-06-25 18:00:00+00:00,0.0,0.0,0.37,0.37,26.3,89,995.6,7.9
JMP_JMP_05,2023-06-25 19:00:00+00:00,0.0,0.0,0.37,0.37,25.9,90,994.6,7.0
JMP_JMP_05,2023-06-25 20:00:00+00:00,0.0,0.0,0.369,0.37,25.5,91,994.1,6.2
JMP_JMP_05,2023-06-25 21:00:00+00:00,0.0,0.0,0.369,0.37,24.7,95,994.3,4.7
JMP_JMP_05,2023-06-25 22:00:00+00:00,0.0,0.0,0.369,0.37,24.8,95,994.4,2.8
JMP_JMP_05,2023-06-25 23:00:00+00:00,0.0,0.0,0.369,0.37,24.6,97,994.8,6.2
JMP_JMP_05,2023-06-26 00:00:00+00:00,0.0,0.0,0.364,0.369,25.7,95,995.2,7.7
JMP_JMP_05,2023-06-26 01:00:00+00:00,0.0,0.0,0.363,0.368,27.6,88,995.7,6.0
JMP_JMP_05,2023-06-26 02:00:00+00:00,0.0,0.0,0.362,0.368,29.1,80,996.1,6.3
JMP_JMP_05,2023-06-26 03:00:00+00:00,0.1,0.1,0.361,0.367,30.3,75,996.3,5.5
JMP_JMP_05,2023-06-26 04:00:00+00:00,0.1,0.1,0.359,0.367,31.5,70,995.9,4.8
JMP_JMP_05,2023-06-26 05:00:00+00:00,0.2,0.2,0.358,0.366,31.5,70,995.1,2.5
JMP_JMP_05,2023-06-26 06:00:00+00:00,0.1,0.1,0.357,0.365,31.9,68,994.0,5.7
JMP_JMP_05,2023-06-26 07:00:00+00:00,0.4,0.4,0.358,0.364,31.0,75,993.2,5.8
JMP_JMP_05,2023-06-26 08:00:00+00:00,4.7,4.7,0.412,0.364,30.4,75,992.8,10.9
JMP_JMP_05,2023-06-26 09:00:00+00:00,1.0,1.0,0.415,0.366,29.3,78,992.6,5.9
JMP_JMP_05,2023-06-26 10:00:00+00:00,0.0,0.0,0.409,0.367,29.4,83,992.0,5.5
JMP_JMP_05,2023-06-26 11:00:00+00:00,0.5,0.5,0.408,0.368,29.0,77,992.1,11.4
JMP_JMP_05,2023-06-26 12:00:00+00:00,0.0,0.0,0.401,0.375,28.2,87,992.8,9.1
JMP_JMP_05,2023-06-26 13:00:00+00:00,0.0,0.0,0.398,0.375,26.9,88,993.7,7.3
JMP_JMP_05,2023-06-26 14:00:00+00:00,0.0,0.0,0.396,0.376,26.2,89,994.6,8.1
JMP_JMP_05,2023-06-26 15:00:00+00:00,0.0,0.0,0.395,0.376,25.9,90,995.3,4.8
JMP_JMP_05,2023-06-26 16:00:00+00:00,0.0,0.0,0.393,0.377,25.5,93,995.9,4.8
JMP_JMP_05,2023-06-26 17:00:00+00:00,0.0,0.0,0.392,0.377,25.7,92,996.0,4.7
JMP_JMP_05,2023-06-26 18:00:00+00:00,0.1,0.1,0.391,0.377,25.5,92,995.7,4.0
JMP_JMP_05,2023-06-26 19:00:00+00:00,0.0,0.0,0.39,0.377,25.5,92,995.1,3.6
JMP_JMP_05,2023-06-26 20:00:00+00:00,0.0,0.0,0.389,0.378,25.2,94,994.4,2.7
JMP_JMP_05,2023-06-26 21:00:00+00:00,0.0,0.0,0.389,0.378,24.8,97,994.4,2.9
JMP_JMP_05,2023-06-26 22:00:00+00:00,0.5,0.5,0.391,0.378,25.0,97,994.5,3.6
JMP_JMP_05,2023-06-26 23:00:00+00:00,0.6,0.6,0.394,0.378,24.9,97,994.7,4.7
JMP_JMP_05,2023-06-27 00:00:00+00:00,0.2,0.2,0.387,0.378,25.8,95,994.9,4.7
JMP_JMP_05,2023-06-27 01:00:00+00:00,0.0,0.0,0.386,0.378,27.2,92,995.6,3.6
JMP_JMP_05,2023-06-27 02:00:00+00:00,0.1,0.1,0.386,0.378,28.2,87,996.2,2.6
JMP_JMP_05,2023-06-27 03:00:00+00:00,0.1,0.1,0.384,0.378,29.4,79,996.7,3.3
JMP_JMP_05,2023-06-27 04:00:00+00:00,0.1,0.1,0.383,0.377,30.4,70,996.4,8.4
JMP_JMP_05,2023-06-27 05:00:00+00:00,1.6,1.6,0.393,0.377,28.7,78,996.4,13.6
JMP_JMP_05,2023-06-27 06:00:00+00:00,2.3,2.3,0.413,0.378,28.9,81,995.6,10.3
JMP_JMP_05,2023-06-27 07:00:00+00:00,0.0,0.0,0.408,0.379,29.6,75,994.6,10.1
JMP_JMP_05,2023-06-27 08:00:00+00:00,0.5,0.5,0.407,0.379,29.6,75,994.1,14.1
JMP_JMP_05,2023-06-27 09:00:00+00:00,0.3,0.3,0.405,0.379,29.1,74,994.2,15.5
JMP_JMP_05,2023-06-27 10:00:00+00:00,0.4,0.4,0.405,0.38,28.8,76,994.0,14.4
JMP_JMP_05,2023-06-27 11:00:00+00:00,0.1,0.1,0.402,0.38,28.0,81,994.3,12.9
JMP_JMP_05,2023-06-27 12:00:00+00:00,0.3,0.3,0.396,0.387,27.9,84,995.2,8.4
JMP_JMP_05,2023-06-27 13:00:00+00:00,0.0,0.0,0.395,0.387,27.1,85,995.8,9.4
JMP_JMP_05,2023-06-27 14:00:00+00:00,0.0,0.0,0.394,0.388,26.7,85,996.5,7.2
JMP_JMP_05,2023-06-27 15:00:00+00:00,0.0,0.0,0.393,0.388,26.1,87,997.3,6.5
JMP_JMP_05,2023-06-27 16:00:00+00:00,0.0,0.0,0.392,0.388,25.4,91,998.0,4.5
JMP_JMP_05,2023-06-27 17:00:00+00:00,0.1,0.1,0.392,0.388,25.5,90,998.4,3.4
JMP_JMP_05,2023-06-27 18:00:00+00:00,0.2,0.2,0.392,0.388,25.4,91,998.1,3.9
JMP_JMP_05,2023-06-27 19:00:00+00:00,0.1,0.1,0.392,0.388,25.1,95,997.7,6.3
JMP_JMP_05,2023-06-27 20:00:00+00:00,0.2,0.2,0.392,0.388,24.9,98,997.2,3.9
JMP_JMP_05,2023-06-27 21:00:00+00:00,8.3,8.3,0.439,0.395,24.7,100,997.2,3.4
JMP_JMP_05,2023-06-27 22:00:00+00:00,6.9,6.9,0.436,0.419,24.7,100,997.1,3.2
JMP_JMP_05,2023-06-27 23:00:00+00:00,1.0,1.0,0.434,0.423,24.6,100,997.6,1.8
JMP_JMP_05,2023-06-28 00:00:00+00:00,0.7,0.7,0.403,0.388,25.0,98,997.3,6.4
JMP_JMP_05,2023-06-28 01:00:00+00:00,3.8,3.8,0.426,0.394,25.5,95,998.1,7.1
JMP_JMP_05,2023-06-28 02:00:00+00:00,0.0,0.0,0.42,0.396,26.8,93,998.9,0.8
JMP_JMP_05,2023-06-28 03:00:00+00:00,3.4,3.4,0.429,0.405,27.7,87,999.3,1.0
JMP_JMP_05,2023-06-28 04:00:00+00:00,1.5,1.5,0.427,0.41,28.1,88,999.3,4.6
JMP_JMP_05,2023-06-28 05:00:00+00:00,0.9,0.9,0.428,0.411,29.0,81,998.4,8.3
JMP_JMP_05,2023-06-28 06:00:00+00:00,0.0,0.0,0.422,0.412,30.4,73,997.4,9.4
JMP_JMP_05,2023-06-28 07:00:00+00:00,1.6,1.6,0.428,0.413,28.3,86,996.9,11.0
JMP_JMP_05,2023-06-28 08:00:00+00:00,0.2,0.2,0.423,0.413,29.5,82,996.2,11.4
JMP_JMP_05,2023-06-28 09:00:00+00:00,0.1,0.1,0.42,0.413,29.6,80,995.6,10.1
JMP_JMP_05,2023-06-28 10:00:00+00:00,1.1,1.1,0.423,0.413,27.5,89,995.9,11.3
JMP_JMP_05,2023-06-28 11:00:00+00:00,0.0,0.0,0.42,0.413,26.8,92,996.0,10.9
JMP_JMP_05,2023-06-28 12:00:00+00:00,0.0,0.0,0.401,0.392,28.8,79,996.6,9.2
JMP_JMP_05,2023-06-28 13:00:00+00:00,0.0,0.0,0.399,0.392,27.1,85,997.5,7.8
JMP_JMP_05,2023-06-28 14:00:00+00:00,0.0,0.0,0.398,0.392,26.4,88,998.0,6.9
JMP_JMP_05,2023-06-28 15:00:00+00:00,0.0,0.0,0.397,0.392,26.1,90,998.2,6.3
JMP_JMP_05,2023-06-28 16:00:00+00:00,0.0,0.0,0.396,0.392,25.5,93,998.9,4.1
JMP_JMP_05,2023-06-28 17:00:00+00:00,0.0,0.0,0.395,0.392,25.4,92,998.8,4.3
JMP_JMP_05,2023-06-28 18:00:00+00:00,0.0,0.0,0.394,0.392,25.4,91,998.5,5.4
JMP_JMP_05,2023-06-28 19:00:00+00:00,0.0,0.0,0.393,0.392,25.1,93,997.7,3.9
JMP_JMP_05,2023-06-28 20:00:00+00:00,0.0,0.0,0.392,0.392,24.9,93,997.5,4.3
JMP_JMP_05,2023-06-28 21:00:00+00:00,0.0,0.0,0.392,0.392,24.8,94,996.9,6.9
JMP_JMP_05,2023-06-28 22:00:00+00:00,0.0,0.0,0.391,0.392,24.5,95,996.7,4.0
JMP_JMP_05,2023-06-28 23:00:00+00:00,0.0,0.0,0.391,0.392,24.2,96,997.1,3.6
JMP_JMP_05,2023-06-29 00:00:00+00:00,0.0,0.0,0.393,0.391,25.5,92,997.1,5.8
JMP_JMP_05,2023-06-29 01:00:00+00:00,0.0,0.0,0.392,0.391,26.7,90,998.0,3.7
JMP_JMP_05,2023-06-29 02:00:00+00:00,0.0,0.0,0.391,0.391,28.3,85,998.2,4.5
JMP_JMP_05,2023-06-29 03:00:00+00:00,0.0,0.0,0.39,0.39,30.0,78,998.6,9.4
JMP_JMP_05,2023-06-29 04:00:00+00:00,0.0,0.0,0.387,0.389,31.5,66,998.3,11.2
JMP_JMP_05,2023-06-29 05:00:00+00:00,0.0,0.0,0.385,0.388,32.4,59,997.6,11.6
JMP_JMP_05,2023-06-29 06:00:00+00:00,0.0,0.0,0.382,0.387,33.6,55,996.9,15.8
JMP_JMP_05,2023-06-29 07:00:00+00:00,1.6,1.6,0.392,0.387,29.8,79,996.4,12.0
JMP_JMP_05,2023-06-29 08:00:00+00:00,0.1,0.1,0.39,0.386,30.9,72,995.0,13.2
JMP_JMP_05,2023-06-29 09:00:00+00:00,0.1,0.1,0.388,0.385,31.9,66,993.9,15.0
JMP_JMP_05,2023-06-29 10:00:00+00:00,0.1,0.1,0.386,0.385,31.3,64,993.3,16.2
JMP_JMP_05,2023-06-29 11:00:00+00:00,0.1,0.1,0.385,0.384,30.0,73,993.7,12.0
JMP_JMP_05,2023-06-29 12:00:00+00:00,0.1,0.1,0.376,0.382,28.9,77,995.1,10.0
JMP_JMP_05,2023-06-29 13:00:00+00:00,0.0,0.0,0.376,0.382,27.6,80,995.7,7.9
JMP_JMP_05,2023-06-29 14:00:00+00:00,0.0,0.0,0.375,0.382,26.8,84,996.5,4.9
JMP_JMP_05,2023-06-29 15:00:00+00:00,0.0,0.0,0.375,0.382,26.2,89,997.2,2.9
JMP_JMP_05,2023-06-29 16:00:00+00:00,0.0,0.0,0.375,0.382,26.1,88,997.8,4.1
JMP_JMP_05,2023-06-29 17:00:00+00:00,0.8,0.8,0.38,0.382,25.7,92,997.9,3.8
JMP_JMP_05,2023-06-29 18:00:00+00:00,0.0,0.0,0.38,0.382,25.6,93,997.6,5.4
JMP_JMP_05,2023-06-29 19:00:00+00:00,0.0,0.0,0.379,0.381,25.7,92,996.8,6.6
JMP_JMP_05,2023-06-29 20:00:00+00:00,0.0,0.0,0.379,0.381,25.4,92,996.1,3.6
JMP_JMP_05,2023-06-29 21:00:00+00:00,0.0,0.0,0.379,0.381,24.7,94,995.7,4.8
JMP_JMP_05,2023-06-29 22:00:00+00:00,0.0,0.0,0.378,0.381,24.6,91,995.8,5.2
JMP_JMP_05,2023-06-29 23:00:00+00:00,0.0,0.0,0.378,0.381,24.6,89,996.2,4.3
JMP_JMP_05,2023-06-30 00:00:00+00:00,0.5,0.5,0.374,0.381,25.5,91,996.8,6.0
JMP_JMP_05,2023-06-30 01:00:00+00:00,0.5,0.5,0.378,0.381,26.6,91,997.1,11.0
JMP_JMP_05,2023-06-30 02:00:00+00:00,0.0,0.0,0.378,0.381,27.9,85,997.7,10.5
JMP_JMP_05,2023-06-30 03:00:00+00:00,0.0,0.0,0.377,0.38,29.5,78,998.0,10.5
JMP_JMP_05,2023-06-30 04:00:00+00:00,0.1,0.1,0.376,0.38,30.6,72,997.9,13.1
JMP_JMP_05,2023-06-30 05:00:00+00:00,0.0,0.0,0.374,0.379,30.9,68,997.2,12.7
JMP_JMP_05,2023-06-30 06:00:00+00:00,0.0,0.0,0.372,0.378,31.1,67,996.3,11.3
JMP_JMP_05,2023-06-30 07:00:00+00:00,0.2,0.2,0.372,0.377,31.5,67,995.4,12.9
JMP_JMP_05,2023-06-30 08:00:00+00:00,0.3,0.3,0.372,0.376,32.0,67,994.4,10.0
JMP_JMP_05,2023-06-30 09:00:00+00:00,0.2,0.2,0.371,0.376,31.7,68,992.9,9.5
JMP_JMP_05,2023-06-30 10:00:00+00:00,0.1,0.1,0.37,0.375,31.5,68,992.4,10.0
JMP_JMP_05,2023-06-30 11:00:00+00:00,0.9,0.9,0.376,0.375,28.6,81,992.7,5.9
JMP_JMP_05,2023-06-30 12:00:00+00:00,0.1,0.1,0.383,0.378,28.9,89,994.2,4.7
JMP_JMP_05,2023-06-30 13:00:00+00:00,0.0,0.0,0.382,0.378,27.6,88,994.7,6.8
JMP_JMP_05,2023-06-30 14:00:00+00:00,0.0,0.0,0.381,0.378,26.8,86,995.4,7.5
JMP_JMP_05,2023-06-30 15:00:00+00:00,0.0,0.0,0.381,0.378,26.4,86,995.9,8.0
JMP_JMP_05,2023-06-30 16:00:00+00:00,0.0,0.0,0.38,0.378,26.2,87,996.0,4.8
JMP_JMP_05,2023-06-30 17:00:00+00:00,0.2,0.2,0.381,0.378,25.9,90,996.1,5.9
JMP_JMP_05,2023-06-30 18:00:00+00:00,0.0,0.0,0.381,0.378,25.9,90,995.6,5.9
JMP_JMP_05,2023-06-30 19:00:00+00:00,0.0,0.0,0.38,0.378,25.5,92,994.9,7.6
JMP_JMP_05,2023-06-30 20:00:00+00:00,0.0,0.0,0.38,0.378,25.2,94,994.2,3.9
JMP_JMP_05,2023-06-30 21:00:00+00:00,0.0,0.0,0.379,0.378,24.9,96,994.0,3.7
JMP_JMP_05,2023-06-30 22:00:00+00:00,0.0,0.0,0.379,0.378,24.3,98,994.6,3.8
JMP_JMP_05,2023-06-30 23:00:00+00:00,0.0,0.0,0.379,0.378,24.7,97,995.1,3.0
JMP_JMP_05,2023-07-01 00:00:00+00:00,0.0,0.0,0.378,0.377,25.7,97,995.3,2.4
JMP_JMP_05,2023-07-01 01:00:00+00:00,0.0,0.0,0.378,0.377,26.7,95,995.9,4.1
JMP_JMP_05,2023-07-01 02:00:00+00:00,0.0,0.0,0.377,0.377,28.2,89,996.5,3.0
JMP_JMP_05,2023-07-01 03:00:00+00:00,0.0,0.0,0.376,0.377,29.6,82,997.1,3.1
JMP_JMP_05,2023-07-01 04:00:00+00:00,0.0,0.0,0.374,0.376,31.3,73,996.8,3.6
JMP_JMP_05,2023-07-01 05:00:00+00:00,0.0,0.0,0.372,0.375,31.9,67,996.8,6.5
JMP_JMP_05,2023-07-01 06:00:00+00:00,0.0,0.0,0.37,0.374,32.5,62,995.9,8.9
JMP_JMP_05,2023-07-01 07:00:00+00:00,0.2,0.2,0.369,0.373,30.6,70,994.9,14.3
JMP_JMP_05,2023-07-01 08:00:00+00:00,1.0,1.0,0.375,0.373,29.9,77,994.6,12.3
JMP_JMP_05,2023-07-01 09:00:00+00:00,0.3,0.3,0.376,0.373,29.2,81,993.8,8.5
JMP_JMP_05,2023-07-01 10:00:00+00:00,0.0,0.0,0.374,0.372,29.8,80,993.3,6.9
JMP_JMP_05,2023-07-01 11:00:00+00:00,0.0,0.0,0.373,0.372,29.9,80,993.1,5.9
JMP_JMP_05,2023-07-01 12:00:00+00:00,1.9,1.9,0.391,0.375,26.5,97,994.7,1.8
JMP_JMP_05,2023-07-01 13:00:00+00:00,0.1,0.1,0.39,0.376,26.1,99,995.0,2.9
JMP_JMP_05,2023-07-01 14:00:00+00:00,0.0,0.0,0.389,0.376,26.0,98,996.1,4.7
JMP_JMP_05,2023-07-01 15:00:00+00:00,0.0,0.0,0.388,0.376,25.7,99,996.5,2.8
JMP_JMP_05,2023-07-01 16:00:00+00:00,0.0,0.0,0.387,0.376,25.5,99,997.1,5.0
JMP_JMP_05,2023-07-01 17:00:00+00:00,0.0,0.0,0.386,0.376,25.3,99,997.0,4.0
JMP_JMP_05,2023-07-01 18:00:00+00:00,0.0,0.0,0.385,0.377,25.0,99,996.6,3.4
JMP_JMP_05,2023-07-01 19:00:00+00:00,0.0,0.0,0.384,0.377,24.7,99,996.1,3.9
JMP_JMP_05,2023-07-01 20:00:00+00:00,0.0,0.0,0.384,0.377,24.8,99,995.4,3.7
JMP_JMP_05,2023-07-01 21:00:00+00:00,0.0,0.0,0.383,0.377,24.5,99,995.0,4.8
JMP_JMP_05,2023-07-01 22:00:00+00:00,0.0,0.0,0.382,0.377,24.8,98,994.9,5.7
JMP_JMP_05,2023-07-01 23:00:00+00:00,0.0,0.0,0.382,0.377,24.8,97,995.2,5.9
JMP_JMP_05,2023-07-02 00:00:00+00:00,0.0,0.0,0.381,0.377,25.8,96,995.3,7.2
JMP_JMP_05,2023-07-02 01:00:00+00:00,0.0,0.0,0.381,0.377,27.0,96,995.7,5.9
JMP_JMP_05,2023-07-02 02:00:00+00:00,0.0,0.0,0.38,0.377,28.3,88,996.5,6.2
JMP_JMP_05,2023-07-02 03:00:00+00:00,0.0,0.0,0.379,0.377,30.1,78,996.8,6.8
JMP_JMP_05,2023-07-02 04:00:00+00:00,0.0,0.0,0.377,0.376,31.3,69,996.4,7.8
JMP_JMP_05,2023-07-02 05:00:00+00:00,0.1,0.1,0.375,0.375,32.2,64,995.7,8.9
JMP_JMP_05,2023-07-02 06:00:00+00:00,0.2,0.2,0.374,0.374,33.1,60,994.8,8.9
JMP_JMP_05,2023-07-02 07:00:00+00:00,0.3,0.3,0.374,0.373,33.1,60,993.3,9.7
JMP_JMP_05,2023-07-02 08:00:00+00:00,0.3,0.3,0.374,0.372,33.3,60,992.4,10.6
JMP_JMP_05,2023-07-02 09:00:00+00:00,0.1,0.1,0.372,0.372,32.7,64,991.7,10.6
JMP_JMP_05,2023-07-02 10:00:00+00:00,1.9,1.9,0.386,0.372,27.9,89,992.1,7.2
JMP_JMP_05,2023-07-02 11:00:00+00:00,0.2,0.2,0.386,0.372,28.4,90,992.1,2.7
JMP_JMP_05,2023-07-02 12:00:00+00:00,1.1,1.1,0.362,0.365,28.7,94,993.6,5.1
JMP_JMP_05,2023-07-02 13:00:00+00:00,0.0,0.0,0.362,0.365,27.7,95,994.0,6.6
JMP_JMP_05,2023-07-02 14:00:00+00:00,0.0,0.0,0.362,0.365,27.2,95,994.6,5.7
JMP_JMP_05,2023-07-02 15:00:00+00:00,0.0,0.0,0.362,0.365,26.9,96,995.7,4.3
JMP_JMP_05,2023-07-02 16:00:00+00:00,0.0,0.0,0.362,0.365,26.8,97,995.9,6.7
JMP_JMP_05,2023-07-02 17:00:00+00:00,0.0,0.0,0.362,0.365,26.4,97,995.9,6.6
JMP_JMP_05,2023-07-02 18:00:00+00:00,0.0,0.0,0.362,0.365,26.2,97,995.6,7.6
JMP_JMP_05,2023-07-02 19:00:00+00:00,0.0,0.0,0.361,0.365,26.0,96,995.2,6.3
JMP_JMP_05,2023-07-02 20:00:00+00:00,0.0,0.0,0.361,0.365,25.4,98,994.8,4.0
JMP_JMP_05,2023-07-02 21:00:00+00:00,0.0,0.0,0.361,0.365,25.6,97,994.8,6.4
JMP_JMP_05,2023-07-02 22:00:00+00:00,0.0,0.0,0.361,0.365,25.2,98,994.9,3.1
JMP_JMP_05,2023-07-02 23:00:00+00:00,0.0,0.0,0.361,0.365,24.7,99,995.5,4.8
JMP_JMP_05,2023-07-03 00:00:00+00:00,0.0,0.0,0.391,0.373,26.2,98,995.5,5.1
JMP_JMP_05,2023-07-03 01:00:00+00:00,0.0,0.0,0.39,0.373,27.4,93,996.2,4.0
JMP_JMP_05,2023-07-03 02:00:00+00:00,0.1,0.1,0.389,0.374,28.5,88,996.4,7.0
JMP_JMP_05,2023-07-03 03:00:00+00:00,0.0,0.0,0.388,0.374,30.1,80,996.9,4.3
JMP_JMP_05,2023-07-03 04:00:00+00:00,0.0,0.0,0.386,0.374,30.7,75,996.7,3.9
JMP_JMP_05,2023-07-03 05:00:00+00:00,0.0,0.0,0.383,0.373,31.6,70,996.0,4.1
JMP_JMP_05,2023-07-03 06:00:00+00:00,0.1,0.1,0.381,0.372,33.1,63,994.7,6.9
JMP_JMP_05,2023-07-03 07:00:00+00:00,0.0,0.0,0.378,0.371,33.0,63,993.6,10.0
JMP_JMP_05,2023-07-03 08:00:00+00:00,4.0,4.0,0.413,0.372,29.5,82,993.3,5.5
JMP_JMP_05,2023-07-03 09:00:00+00:00,0.1,0.1,0.409,0.373,30.0,83,992.5,4.3
JMP_JMP_05,2023-07-03 10:00:00+00:00,0.1,0.1,0.405,0.374,30.6,82,992.0,3.5
JMP_JMP_05,2023-07-03 11:00:00+00:00,3.2,3.2,0.431,0.376,29.2,89,992.3,5.6
JMP_JMP_05,2023-07-03 12:00:00+00:00,0.5,0.5,0.368,0.367,29.0,93,993.8,0.8
JMP_JMP_05,2023-07-03 13:00:00+00:00,0.5,0.5,0.371,0.367,27.5,99,994.3,2.3
JMP_JMP_05,2023-07-03 14:00:00+00:00,0.1,0.1,0.372,0.367,27.3,100,995.3,4.5
JMP_JMP_05,2023-07-03 15:00:00+00:00,0.0,0.0,0.371,0.367,27.0,99,995.4,5.4
JMP_JMP_05,2023-07-03 16:00:00+00:00,0.0,0.0,0.371,0.367,26.7,98,995.6,4.2
JMP_JMP_05,2023-07-03 17:00:00+00:00,0.0,0.0,0.37,0.367,26.3,99,995.7,5.1
JMP_JMP_05,2023-07-03 18:00:00+00:00,0.9,0.9,0.377,0.367,25.3,99,995.5,2.5
JMP_JMP_05,2023-07-03 19:00:00+00:00,1.0,1.0,0.389,0.367,25.1,100,994.6,2.1
JMP_JMP_05,2023-07-03 20:00:00+00:00,0.1,0.1,0.389,0.368,25.2,100,994.2,5.0
JMP_JMP_05,2023-07-03 21:00:00+00:00,0.0,0.0,0.387,0.368,25.2,99,994.2,3.3
JMP_JMP_05,2023-07-03 22:00:00+00:00,0.0,0.0,0.386,0.368,25.0,99,994.1,2.9
JMP_JMP_05,2023-07-03 23:00:00+00:00,0.0,0.0,0.385,0.369,24.7,99,994.4,4.8
JMP_JMP_05,2023-07-04 00:00:00+00:00,0.0,0.0,0.379,0.368,25.8,97,994.8,6.5
JMP_JMP_05,2023-07-04 01:00:00+00:00,0.0,0.0,0.378,0.368,27.2,91,995.3,8.9
JMP_JMP_05,2023-07-04 02:00:00+00:00,0.0,0.0,0.377,0.368,28.4,87,995.8,4.3
JMP_JMP_05,2023-07-04 03:00:00+00:00,0.1,0.1,0.376,0.368,29.7,82,995.9,3.0
JMP_JMP_05,2023-07-04 04:00:00+00:00,0.1,0.1,0.375,0.367,31.2,75,995.8,1.8
JMP_JMP_05,2023-07-04 05:00:00+00:00,0.1,0.1,0.373,0.367,32.4,68,995.2,2.2
JMP_JMP_05,2023-07-04 06:00:00+00:00,0.0,0.0,0.37,0.366,33.1,64,993.9,4.6
JMP_JMP_05,2023-07-04 07:00:00+00:00,0.0,0.0,0.368,0.365,33.4,62,992.6,6.2
JMP_JMP_05,2023-07-04 08:00:00+00:00,0.4,0.4,0.368,0.364,31.7,70,991.9,7.9
JMP_JMP_05,2023-07-04 09:00:00+00:00,0.5,0.5,0.37,0.364,31.2,76,991.2,2.3
JMP_JMP_05,2023-07-04 10:00:00+00:00,1.8,1.8,0.383,0.363,30.6,78,990.4,4.1
JMP_JMP_05,2023-07-04 11:00:00+00:00,0.7,0.7,0.389,0.364,29.5,85,990.3,5.4
JMP_JMP_05,2023-07-04 12:00:00+00:00,0.0,0.0,0.376,0.366,28.4,92,991.8,2.6
JMP_JMP_05,2023-07-04 13:00:00+00:00,0.0,0.0,0.375,0.366,27.3,97,992.4,3.9
JMP_JMP_05,2023-07-04 14:00:00+00:00,0.0,0.0,0.375,0.366,27.3,97,993.2,4.7
JMP_JMP_05,2023-07-04 15:00:00+00:00,0.0,0.0,0.374,0.367,27.2,96,993.7,4.7
JMP_JMP_05,2023-07-04 16:00:00+00:00,0.0,0.0,0.374,0.367,26.9,98,994.4,3.6
JMP_JMP_05,2023-07-04 17:00:00+00:00,0.0,0.0,0.373,0.367,26.8,98,994.4,6.5
JMP_JMP_05,2023-07-04 18:00:00+00:00,0.1,0.1,0.373,0.367,26.7,93,994.3,10.3
JMP_JMP_05,2023-07-04 19:00:00+00:00,0.3,0.3,0.375,0.367,26.2,92,994.1,10.5
JMP_JMP_05,2023-07-04 20:00:00+00:00,4.4,4.4,0.422,0.368,24.7,100,994.2,10.1
JMP_JMP_05,2023-07-04 21:00:00+00:00,0.2,0.2,0.416,0.371,24.9,100,993.6,5.2
JMP_JMP_05,2023-07-04 22:00:00+00:00,0.1,0.1,0.412,0.373,24.6,100,993.5,3.6
JMP_JMP_05,2023-07-04 23:00:00+00:00,0.0,0.0,0.408,0.374,24.6,100,993.1,4.1
JMP_JMP_05,2023-07-05 00:00:00+00:00,0.0,0.0,0.415,0.409,25.2,99,993.4,5.7
JMP_JMP_05,2023-07-05 01:00:00+00:00,0.0,0.0,0.413,0.409,26.7,96,994.1,2.9
JMP_JMP_05,2023-07-05 02:00:00+00:00,0.0,0.0,0.411,0.409,27.8,92,994.7,2.4
JMP_JMP_05,2023-07-05 03:00:00+00:00,0.1,0.1,0.409,0.409,28.5,88,994.7,1.1
JMP_JMP_05,2023-07-05 04:00:00+00:00,0.1,0.1,0.407,0.408,30.4,75,994.5,1.4
JMP_JMP_05,2023-07-05 05:00:00+00:00,0.1,0.1,0.405,0.407,31.5,70,993.9,4.6
JMP_JMP_05,2023-07-05 06:00:00+00:00,0.0,0.0,0.402,0.406,32.6,67,992.8,5.7
JMP_JMP_05,2023-07-05 07:00:00+00:00,0.0,0.0,0.399,0.404,33.9,62,991.4,5.1
JMP_JMP_05,2023-07-05 08:00:00+00:00,2.1,2.1,0.416,0.403,31.6,74,991.0,7.9
JMP_JMP_05,2023-07-05 09:00:00+00:00,2.1,2.1,0.431,0.405,30.3,80,990.8,7.2
JMP_JMP_05,2023-07-05 10:00:00+00:00,0.1,0.1,0.424,0.406,30.1,80,990.4,7.1
JMP_JMP_05,2023-07-05 11:00:00+00:00,1.5,1.5,0.428,0.409,28.2,88,990.9,9.0
JMP_JMP_05,2023-07-05 12:00:00+00:00,0.3,0.3,0.412,0.406,28.1,88,992.1,12.7
JMP_JMP_05,2023-07-05 13:00:00+00:00,1.6,1.6,0.424,0.407,25.9,100,992.9,8.3
JMP_JMP_05,2023-07-05 14:00:00+00:00,0.4,0.4,0.423,0.408,26.2,97,993.4,5.1
JMP_JMP_05,2023-07-05 15:00:00+00:00,0.0,0.0,0.42,0.409,26.1,98,994.8,4.3
JMP_JMP_05,2023-07-05 16:00:00+00:00,1.2,1.2,0.429,0.41,25.5,100,995.3,5.9
JMP_JMP_05,2023-07-05 17:00:00+00:00,0.1,0.1,0.425,0.411,25.7,96,995.7,6.1
JMP_JMP_05,2023-07-05 18:00:00+00:00,0.0,0.0,0.421,0.412,25.6,96,995.3,7.1
JMP_JMP_05,2023-07-05 19:00:00+00:00,0.0,0.0,0.418,0.412,25.4,96,995.0,6.7
JMP_JMP_05,2023-07-05 20:00:00+00:00,0.0,0.0,0.415,0.412,25.4,96,994.7,7.0
JMP_JMP_05,2023-07-05 21:00:00+00:00,0.0,0.0,0.413,0.412,25.2,95,994.8,7.1
JMP_JMP_05,2023-07-05 22:00:00+00:00,0.0,0.0,0.412,0.411,25.2,94,994.9,6.6
JMP_JMP_05,2023-07-05 23:00:00+00:00,0.0,0.0,0.41,0.411,25.1,94,994.9,5.9
JMP_JMP_05,2023-07-06 00:00:00+00:00,0.0,0.0,0.43,0.41,25.6,96,995.7,4.2
JMP_JMP_05,2023-07-06 01:00:00+00:00,0.1,0.1,0.424,0.411,26.6,96,996.5,3.8
JMP_JMP_05,2023-07-06 02:00:00+00:00,0.0,0.0,0.42,0.412,27.3,92,996.7,4.3
JMP_JMP_05,2023-07-06 03:00:00+00:00,0.0,0.0,0.417,0.412,28.4,87,996.6,3.9
JMP_JMP_05,2023-07-06 04:00:00+00:00,0.1,0.1,0.415,0.411,30.0,79,996.7,6.6
JMP_JMP_05,2023-07-06 05:00:00+00:00,0.2,0.2,0.413,0.411,30.9,71,996.3,10.6
JMP_JMP_05,2023-07-06 06:00:00+00:00,0.0,0.0,0.41,0.41,32.0,67,995.2,13.8
JMP_JMP_05,2023-07-06 07:00:00+00:00,2.8,2.8,0.428,0.411,29.1,86,994.9,10.9
JMP_JMP_05,2023-07-06 08:00:00+00:00,0.5,0.5,0.425,0.412,31.1,68,994.1,12.4
JMP_JMP_05,2023-07-06 09:00:00+00:00,1.8,1.8,0.437,0.412,29.3,80,994.3,17.1
JMP_JMP_05,2023-07-06 10:00:00+00:00,0.7,0.7,0.428,0.416,27.9,92,993.6,8.7
JMP_JMP_05,2023-07-06 11:00:00+00:00,0.0,0.0,0.423,0.416,28.1,87,993.7,12.1
JMP_JMP_05,2023-07-06 12:00:00+00:00,0.0,0.0,0.408,0.409,28.1,84,994.8,8.1
JMP_JMP_05,2023-07-06 13:00:00+00:00,0.0,0.0,0.406,0.409,27.5,87,995.6,10.9
JMP_JMP_05,2023-07-06 14:00:00+00:00,0.0,0.0,0.405,0.409,27.0,87,996.4,8.0
JMP_JMP_05,2023-07-06 15:00:00+00:00,0.0,0.0,0.404,0.408,26.5,89,997.5,6.6
JMP_JMP_05,2023-07-06 16:00:00+00:00,0.0,0.0,0.403,0.408,26.3,90,998.3,5.9
JMP_JMP_05,2023-07-06 17:00:00+00:00,0.0,0.0,0.402,0.408,26.1,90,998.2,6.5
JMP_JMP_05,2023-07-06 18:00:00+00:00,0.0,0.0,0.401,0.407,26.1,90,997.9,7.3
JMP_JMP_05,2023-07-06 19:00:00+00:00,0.0,0.0,0.401,0.407,26.1,90,997.2,6.3
JMP_JMP_05,2023-07-06 20:00:00+00:00,0.0,0.0,0.4,0.407,25.9,90,996.8,6.4
JMP_JMP_05,2023-07-06 21:00:00+00:00,0.0,0.0,0.399,0.406,25.6,91,996.7,5.1
JMP_JMP_05,2023-07-06 22:00:00+00:00,0.0,0.0,0.398,0.406,24.8,95,996.8,4.8
JMP_JMP_05,2023-07-06 23:00:00+00:00,0.0,0.0,0.398,0.405,24.6,95,996.7,3.4
JMP_JMP_05,2023-07-07 00:00:00+00:00,0.0,0.0,0.392,0.405,25.9,93,997.3,5.2
JMP_JMP_05,2023-07-07 01:00:00+00:00,0.0,0.0,0.392,0.404,27.0,92,998.3,4.1
JMP_JMP_05,2023-07-07 02:00:00+00:00,0.0,0.0,0.391,0.403,28.2,84,998.5,3.3
JMP_JMP_05,2023-07-07 03:00:00+00:00,0.0,0.0,0.389,0.402,30.0,76,998.7,5.0
JMP_JMP_05,2023-07-07 04:00:00+00:00,0.1,0.1,0.388,0.401,31.5,67,998.6,11.3
JMP_JMP_05,2023-07-07 05:00:00+00:00,0.1,0.1,0.386,0.4,32.4,61,997.8,15.1
JMP_JMP_05,2023-07-07 06:00:00+00:00,1.7,1.7,0.398,0.399,32.4,65,996.5,11.6
JMP_JMP_05,2023-07-07 07:00:00+00:00,0.9,0.9,0.402,0.398,30.0,76,996.2,15.6
JMP_JMP_05,2023-07-07 08:00:00+00:00,0.2,0.2,0.401,0.398,31.1,73,995.4,12.9
JMP_JMP_05,2023-07-07 09:00:00+00:00,0.8,0.8,0.404,0.397,29.5,77,994.8,13.7
JMP_JMP_05,2023-07-07 10:00:00+00:00,1.5,1.5,0.415,0.398,29.0,81,994.5,11.2
JMP_JMP_05,2023-07-07 11:00:00+00:00,0.0,0.0,0.412,0.398,28.9,83,994.4,9.2
JMP_JMP_05,2023-07-07 12:00:00+00:00,0.3,0.3,0.379,0.389,29.5,83,995.5,8.0
JMP_JMP_05,2023-07-07 13:00:00+00:00,0.0,0.0,0.379,0.389,28.4,82,996.2,10.2
JMP_JMP_05,2023-07-07 14:00:00+00:00,0.0,0.0,0.379,0.388,27.5,84,997.3,8.0
JMP_JMP_05,2023-07-07 15:00:00+00:00,0.0,0.0,0.379,0.388,26.9,88,998.4,6.5
JMP_JMP_05,2023-07-07 16:00:00+00:00,0.0,0.0,0.378,0.388,26.5,90,999.0,6.2
JMP_JMP_05,2023-07-07 17:00:00+00:00,0.0,0.0,0.378,0.388,26.2,90,999.3,7.2
JMP_JMP_05,2023-07-07 18:00:00+00:00,0.0,0.0,0.378,0.388,26.0,90,999.0,6.8
JMP_JMP_05,2023-07-07 19:00:00+00:00,0.0,0.0,0.378,0.387,25.4,93,998.5,3.8
JMP_JMP_05,2023-07-07 20:00:00+00:00,0.0,0.0,0.378,0.387,25.4,93,997.8,4.6
JMP_JMP_05,2023-07-07 21:00:00+00:00,0.0,0.0,0.378,0.387,25.3,94,997.7,3.9
JMP_JMP_05,2023-07-07 22:00:00+00:00,0.0,0.0,0.377,0.387,24.7,96,997.5,3.3
JMP_JMP_05,2023-07-07 23:00:00+00:00,0.0,0.0,0.377,0.387,24.7,98,997.3,5.1
JMP_JMP_05,2023-07-08 00:00:00+00:00,0.0,0.0,0.373,0.385,25.7,96,998.2,5.2
JMP_JMP_05,2023-07-08 01:00:00+00:00,0.0,0.0,0.372,0.385,27.2,89,999.3,2.7
JMP_JMP_05,2023-07-08 02:00:00+00:00,0.0,0.0,0.372,0.385,28.5,81,999.9,3.8
JMP_JMP_05,2023-07-08 03:00:00+00:00,0.0,0.0,0.371,0.384,29.2,77,999.5,5.2
JMP_JMP_05,2023-07-08 04:00:00+00:00,0.2,0.2,0.37,0.383,31.0,70,998.9,9.0
JMP_JMP_05,2023-07-08 05:00:00+00:00,0.1,0.1,0.369,0.382,32.1,65,998.2,9.8
JMP_JMP_05,2023-07-08 06:00:00+00:00,0.1,0.1,0.367,0.381,33.0,61,997.2,8.8
JMP_JMP_05,2023-07-08 07:00:00+00:00,0.2,0.2,0.367,0.38,33.3,61,996.3,8.1
JMP_JMP_05,2023-07-08 08:00:00+00:00,0.1,0.1,0.366,0.379,32.8,62,994.8,9.7
JMP_JMP_05,2023-07-08 09:00:00+00:00,0.3,0.3,0.366,0.378,31.9,68,994.1,8.9
JMP_JMP_05,2023-07-08 10:00:00+00:00,0.3,0.3,0.367,0.377,30.8,71,994.0,8.5
JMP_JMP_05,2023-07-08 11:00:00+00:00,0.0,0.0,0.366,0.377,30.6,75,994.3,9.2
JMP_JMP_05,2023-07-08 12:00:00+00:00,0.0,0.0,0.366,0.377,28.5,93,995.6,3.2
JMP_JMP_05,2023-07-08 13:00:00+00:00,0.0,0.0,0.366,0.376,27.8,91,996.2,4.7
JMP_JMP_05,2023-07-08 14:00:00+00:00,0.0,0.0,0.366,0.376,28.0,86,997.1,8.7
JMP_JMP_05,2023-07-08 15:00:00+00:00,0.0,0.0,0.366,0.376,27.5,87,998.1,8.4
JMP_JMP_05,2023-07-08 16:00:00+00:00,0.0,0.0,0.366,0.376,27.0,89,998.7,6.7
JMP_JMP_05,2023-07-08 17:00:00+00:00,0.0,0.0,0.366,0.376,26.6,90,998.6,7.3
JMP_JMP_05,2023-07-08 18:00:00+00:00,0.0,0.0,0.366,0.376,26.3,91,998.1,7.2
JMP_JMP_05,2023-07-08 19:00:00+00:00,0.0,0.0,0.366,0.376,26.2,92,997.3,6.1
JMP_JMP_05,2023-07-08 20:00:00+00:00,0.0,0.0,0.366,0.376,25.9,93,996.8,4.7
JMP_JMP_05,2023-07-08 21:00:00+00:00,0.0,0.0,0.366,0.375,25.7,94,996.8,5.4
JMP_JMP_05,2023-07-08 22:00:00+00:00,0.0,0.0,0.366,0.375,25.6,94,996.8,5.5
JMP_JMP_05,2023-07-08 23:00:00+00:00,0.1,0.1,0.366,0.375,25.4,95,996.7,4.7
JMP_JMP_05,2023-07-09 00:00:00+00:00,0.0,0.0,0.365,0.375,26.0,95,996.9,4.7
JMP_JMP_05,2023-07-09 01:00:00+00:00,0.1,0.1,0.366,0.375,27.2,92,997.2,3.8
JMP_JMP_05,2023-07-09 02:00:00+00:00,0.0,0.0,0.365,0.374,27.7,90,997.6,3.4
JMP_JMP_05,2023-07-09 03:00:00+00:00,0.1,0.1,0.366,0.374,28.8,82,997.6,5.8
JMP_JMP_05,2023-07-09 04:00:00+00:00,0.1,0.1,0.365,0.373,30.5,73,997.5,8.0
JMP_JMP_05,2023-07-09 05:00:00+00:00,0.1,0.1,0.363,0.372,31.6,68,996.8,9.2
JMP_JMP_05,2023-07-09 06:00:00+00:00,0.2,0.2,0.362,0.371,32.3,65,995.8,10.0
JMP_JMP_05,2023-07-09 07:00:00+00:00,0.3,0.3,0.362,0.371,32.1,66,994.6,11.4
JMP_JMP_05,2023-07-09 08:00:00+00:00,0.1,0.1,0.361,0.37,32.0,65,993.5,9.9
JMP_JMP_05,2023-07-09 09:00:00+00:00,0.2,0.2,0.361,0.369,31.6,67,992.9,11.9
JMP_JMP_05,2023-07-09 10:00:00+00:00,0.7,0.7,0.365,0.368,31.2,68,993.0,10.8
JMP_JMP_05,2023-07-09 11:00:00+00:00,0.2,0.2,0.365,0.368,29.9,81,993.1,9.0
JMP_JMP_05,2023-07-09 12:00:00+00:00,0.2,0.2,0.355,0.366,27.7,93,995.3,8.1
JMP_JMP_05,2023-07-09 13:00:00+00:00,0.1,0.1,0.356,0.366,27.0,95,995.1,11.9
JMP_JMP_05,2023-07-09 14:00:00+00:00,0.1,0.1,0.357,0.366,26.5,95,995.9,9.4
JMP_JMP_05,2023-07-09 15:00:00+00:00,0.1,0.1,0.358,0.366,26.2,95,996.7,8.3
JMP_JMP_05,2023-07-09 16:00:00+00:00,0.1,0.1,0.359,0.366,26.2,96,997.0,7.6
JMP_JMP_05,2023-07-09 17:00:00+00:00,0.0,0.0,0.359,0.366,26.0,96,996.9,7.6
JMP_JMP_05,2023-07-09 18:00:00+00:00,0.2,0.2,0.36,0.366,25.6,97,996.4,7.0
JMP_JMP_05,2023-07-09 19:00:00+00:00,1.4,1.4,0.377,0.366,25.4,97,996.1,6.6
JMP_JMP_05,2023-07-09 20:00:00+00:00,0.2,0.2,0.379,0.366,25.3,100,995.7,3.2
JMP_JMP_05,2023-07-09 21:00:00+00:00,0.4,0.4,0.384,0.366,25.3,100,995.6,3.7
JMP_JMP_05,2023-07-09 22:00:00+00:00,0.3,0.3,0.386,0.367,25.2,100,995.7,3.6
JMP_JMP_05,2023-07-09 23:00:00+00:00,0.1,0.1,0.386,0.367,25.2,100,995.3,4.3
JMP_JMP_05,2023-07-10 00:00:00+00:00,0.1,0.1,0.424,0.365,25.9,98,996.0,7.7
JMP_JMP_05,2023-07-10 01:00:00+00:00,0.0,0.0,0.415,0.367,26.7,94,996.8,9.6
JMP_JMP_05,2023-07-10 02:00:00+00:00,0.0,0.0,0.41,0.369,27.1,92,997.2,10.4
JMP_JMP_05,2023-07-10 03:00:00+00:00,0.1,0.1,0.406,0.37,28.6,85,997.4,9.8
JMP_JMP_05,2023-07-10 04:00:00+00:00,0.1,0.1,0.403,0.371,29.8,79,996.9,11.7
JMP_JMP_05,2023-07-10 05:00:00+00:00,0.1,0.1,0.399,0.371,30.7,74,996.8,12.9
JMP_JMP_05,2023-07-10 06:00:00+00:00,0.0,0.0,0.395,0.371,30.9,69,995.5,12.7
JMP_JMP_05,2023-07-10 07:00:00+00:00,0.2,0.2,0.394,0.371,30.7,70,994.9,12.3
JMP_JMP_05,2023-07-10 08:00:00+00:00,0.1,0.1,0.391,0.371,31.3,70,994.1,11.4
JMP_JMP_05,2023-07-10 09:00:00+00:00,0.7,0.7,0.394,0.371,29.3,78,993.7,10.2
JMP_JMP_05,2023-07-10 10:00:00+00:00,0.3,0.3,0.394,0.371,29.0,80,993.5,10.3
JMP_JMP_05,2023-07-10 11:00:00+00:00,0.6,0.6,0.395,0.371,28.0,87,993.2,9.5
JMP_JMP_05,2023-07-10 12:00:00+00:00,0.1,0.1,0.395,0.376,28.5,85,994.3,6.4
JMP_JMP_05,2023-07-10 13:00:00+00:00,0.0,0.0,0.394,0.376,27.6,86,994.9,8.0
JMP_JMP_05,2023-07-10 14:00:00+00:00,0.0,0.0,0.392,0.377,26.9,87,996.0,8.3
JMP_JMP_05,2023-07-10 15:00:00+00:00,0.0,0.0,0.391,0.377,26.4,89,997.0,8.0
JMP_JMP_05,2023-07-10 16:00:00+00:00,0.0,0.0,0.39,0.377,26.2,89,997.3,7.9
JMP_JMP_05,2023-07-10 17:00:00+00:00,0.0,0.0,0.388,0.377,25.9,89,997.4,6.6
JMP_JMP_05,2023-07-10 18:00:00+00:00,0.0,0.0,0.387,0.378,25.8,90,997.1,7.6
JMP_JMP_05,2023-07-10 19:00:00+00:00,0.0,0.0,0.386,0.378,25.8,88,996.4,7.6
JMP_JMP_05,2023-07-10 20:00:00+00:00,0.0,0.0,0.386,0.378,25.6,88,996.0,7.8
JMP_JMP_05,2023-07-10 21:00:00+00:00,0.0,0.0,0.385,0.378,25.3,89,995.8,5.8
JMP_JMP_05,2023-07-10 22:00:00+00:00,0.0,0.0,0.384,0.378,25.2,90,996.2,5.2
JMP_JMP_05,2023-07-10 23:00:00+00:00,0.0,0.0,0.384,0.378,25.4,89,996.3,6.5
JMP_JMP_05,2023-07-11 00:00:00+00:00,0.0,0.0,0.382,0.378,26.2,90,996.2,10.9
JMP_JMP_05,2023-07-11 01:00:00+00:00,0.0,0.0,0.381,0.378,27.5,85,996.4,9.5
JMP_JMP_05,2023-07-11 02:00:00+00:00,0.0,0.0,0.379,0.377,28.6,79,997.2,13.7
JMP_JMP_05,2023-07-11 03:00:00+00:00,0.0,0.0,0.378,0.377,29.4,76,997.1,14.2
JMP_JMP_05,2023-07-11 04:00:00+00:00,0.1,0.1,0.376,0.376,30.2,72,997.1,14.0
JMP_JMP_05,2023-07-11 05:00:00+00:00,0.1,0.1,0.375,0.375,31.2,69,996.6,12.2
JMP_JMP_05,2023-07-11 06:00:00+00:00,0.0,0.0,0.373,0.374,31.7,66,995.6,13.0
JMP_JMP_05,2023-07-11 07:00:00+00:00,0.1,0.1,0.372,0.374,31.3,66,994.4,13.3
JMP_JMP_05,2023-07-11 08:00:00+00:00,0.3,0.3,0.371,0.373,31.5,67,993.8,13.6
JMP_JMP_05,2023-07-11 09:00:00+00:00,0.0,0.0,0.37,0.372,31.5,67,993.0,13.8
JMP_JMP_05,2023-07-11 10:00:00+00:00,0.6,0.6,0.373,0.372,30.7,72,992.9,12.2
JMP_JMP_05,2023-07-11 11:00:00+00:00,0.1,0.1,0.372,0.371,29.7,75,992.9,12.3
JMP_JMP_05,2023-07-11 12:00:00+00:00,0.0,0.0,0.366,0.372,29.2,77,994.2,9.0
JMP_JMP_05,2023-07-11 13:00:00+00:00,0.0,0.0,0.366,0.372,28.1,81,995.0,9.6
JMP_JMP_05,2023-07-11 14:00:00+00:00,0.0,0.0,0.365,0.372,27.6,83,995.7,8.3
JMP_JMP_05,2023-07-11 15:00:00+00:00,0.0,0.0,0.365,0.371,27.0,86,996.6,8.3
JMP_JMP_05,2023-07-11 16:00:00+00:00,0.0,0.0,0.365,0.371,26.6,88,997.5,10.1
JMP_JMP_05,2023-07-11 17:00:00+00:00,0.0,0.0,0.365,0.371,26.6,87,997.4,8.8
JMP_JMP_05,2023-07-11 18:00:00+00:00,0.0,0.0,0.365,0.371,26.3,90,997.1,7.5
JMP_JMP_05,2023-07-11 19:00:00+00:00,0.0,0.0,0.365,0.371,25.9,91,996.7,8.0
JMP_JMP_05,2023-07-11 20:00:00+00:00,0.0,0.0,0.364,0.371,25.6,91,996.3,8.7
JMP_JMP_05,2023-07-11 21:00:00+00:00,0.0,0.0,0.364,0.371,25.3,91,996.2,6.7
JMP_JMP_05,2023-07-11 22:00:00+00:00,0.0,0.0,0.364,0.371,25.3,90,996.4,6.2
JMP_JMP_05,2023-07-11 23:00:00+00:00,0.0,0.0,0.364,0.371,25.0,90,996.3,6.9
JMP_JMP_05,2023-07-12 00:00:00+00:00,0.0,0.0,0.362,0.37,26.1,92,996.4,8.5
JMP_JMP_05,2023-07-12 01:00:00+00:00,0.0,0.0,0.362,0.37,27.3,84,997.0,11.4
JMP_JMP_05,2023-07-12 02:00:00+00:00,0.0,0.0,0.361,0.37,28.2,81,997.5,10.2
JMP_JMP_05,2023-07-12 03:00:00+00:00,0.0,0.0,0.36,0.369,29.5,74,997.9,11.3
JMP_JMP_05,2023-07-12 04:00:00+00:00,0.0,0.0,0.358,0.368,30.9,69,997.4,11.6
JMP_JMP_05,2023-07-12 05:00:00+00:00,0.0,0.0,0.356,0.367,31.9,65,996.8,13.1
JMP_JMP_05,2023-07-12 06:00:00+00:00,0.1,0.1,0.354,0.366,32.9,60,995.8,12.7
JMP_JMP_05,2023-07-12 07:00:00+00:00,0.8,0.8,0.36,0.366,29.2,79,995.2,16.0
JMP_JMP_05,2023-07-12 08:00:00+00:00,0.0,0.0,0.358,0.365,30.9,72,994.2,13.2
JMP_JMP_05,2023-07-12 09:00:00+00:00,0.0,0.0,0.356,0.364,31.3,68,993.6,13.8
JMP_JMP_05,2023-07-12 10:00:00+00:00,0.2,0.2,0.356,0.364,30.1,73,993.4,13.3
JMP_JMP_05,2023-07-12 11:00:00+00:00,0.1,0.1,0.356,0.363,29.9,76,993.5,9.3
JMP_JMP_05,2023-07-12 12:00:00+00:00,0.0,0.0,0.351,0.362,29.0,93,994.6,4.1
JMP_JMP_05,2023-07-12 13:00:00+00:00,8.2,8.2,0.426,0.37,26.6,100,995.4,2.5
JMP_JMP_05,2023-07-12 14:00:00+00:00,0.1,0.1,0.418,0.373,26.9,94,996.1,8.3
JMP_JMP_05,2023-07-12 15:00:00+00:00,0.0,0.0,0.412,0.375,27.0,92,997.2,9.8
JMP_JMP_05,2023-07-12 16:00:00+00:00,0.0,0.0,0.408,0.376,26.5,93,997.9,8.2
JMP_JMP_05,2023-07-12 17:00:00+00:00,3.2,3.2,0.439,0.379,25.6,100,998.1,2.5
JMP_JMP_05,2023-07-12 18:00:00+00:00,1.7,1.7,0.424,0.391,25.4,96,997.5,4.2
JMP_JMP_05,2023-07-12 19:00:00+00:00,0.0,0.0,0.418,0.393,25.6,94,996.9,6.9
JMP_JMP_05,2023-07-12 20:00:00+00:00,0.0,0.0,0.414,0.394,25.4,93,996.3,6.5
JMP_JMP_05,2023-07-12 21:00:00+00:00,0.0,0.0,0.411,0.394,25.3,93,996.1,6.6
JMP_JMP_05,2023-07-12 22:00:00+00:00,0.0,0.0,0.409,0.395,25.2,92,995.8,6.1
JMP_JMP_05,2023-07-12 23:00:00+00:00,0.0,0.0,0.407,0.395,25.0,92,996.0,5.8
JMP_JMP_05,2023-07-13 00:00:00+00:00,0.0,0.0,0.35,0.36,25.7,90,996.6,6.4
JMP_JMP_05,2023-07-13 01:00:00+00:00,0.0,0.0,0.35,0.36,26.4,90,997.2,4.3
JMP_JMP_05,2023-07-13 02:00:00+00:00,0.0,0.0,0.35,0.36,27.7,84,997.5,5.1
JMP_JMP_05,2023-07-13 03:00:00+00:00,0.1,0.1,0.349,0.359,28.8,78,997.6,9.3
JMP_JMP_05,2023-07-13 04:00:00+00:00,0.1,0.1,0.349,0.358,30.1,72,997.8,8.7
JMP_JMP_05,2023-07-13 05:00:00+00:00,0.0,0.0,0.348,0.358,30.2,71,997.4,9.6
JMP_JMP_05,2023-07-13 06:00:00+00:00,0.1,0.1,0.346,0.357,31.0,67,996.3,9.7
JMP_JMP_05,2023-07-13 07:00:00+00:00,0.2,0.2,0.346,0.356,31.9,65,995.1,7.9
JMP_JMP_05,2023-07-13 08:00:00+00:00,1.0,1.0,0.351,0.355,29.9,76,995.0,10.0
JMP_JMP_05,2023-07-13 09:00:00+00:00,1.4,1.4,0.362,0.355,29.6,77,994.5,11.8
JMP_JMP_05,2023-07-13 10:00:00+00:00,0.9,0.9,0.368,0.355,28.5,82,994.5,13.2
JMP_JMP_05,2023-07-13 11:00:00+00:00,0.2,0.2,0.369,0.355,28.0,87,994.5,11.9
JMP_JMP_05,2023-07-13 12:00:00+00:00,0.0,0.0,0.417,0.359,27.9,87,994.9,6.8
JMP_JMP_05,2023-07-13 13:00:00+00:00,0.1,0.1,0.411,0.361,26.9,90,995.4,8.1
JMP_JMP_05,2023-07-13 14:00:00+00:00,0.1,0.1,0.406,0.363,26.4,90,996.4,7.9
JMP_JMP_05,2023-07-13 15:00:00+00:00,0.1,0.1,0.403,0.364,26.1,90,997.1,9.7
JMP_JMP_05,2023-07-13 16:00:00+00:00,0.1,0.1,0.401,0.365,26.0,91,997.7,8.7
JMP_JMP_05,2023-07-13 17:00:00+00:00,0.2,0.2,0.399,0.366,25.7,93,997.4,9.7
JMP_JMP_05,2023-07-13 18:00:00+00:00,0.1,0.1,0.397,0.367,25.6,93,997.0,8.0
JMP_JMP_05,2023-07-13 19:00:00+00:00,0.1,0.1,0.395,0.367,25.2,95,996.3,6.4
JMP_JMP_05,2023-07-13 20:00:00+00:00,0.0,0.0,0.393,0.368,24.8,96,995.8,3.3
JMP_JMP_05,2023-07-13 21:00:00+00:00,0.0,0.0,0.391,0.368,24.6,97,995.5,3.7
JMP_JMP_05,2023-07-13 22:00:00+00:00,0.0,0.0,0.39,0.369,24.8,96,995.6,4.9
JMP_JMP_05,2023-07-13 23:00:00+00:00,0.0,0.0,0.388,0.369,24.5,97,995.7,4.6
JMP_JMP_05,2023-07-14 00:00:00+00:00,0.0,0.0,0.387,0.373,25.3,93,996.4,5.4
JMP_JMP_05,2023-07-14 01:00:00+00:00,0.0,0.0,0.386,0.373,26.5,92,996.9,4.2
JMP_JMP_05,2023-07-14 02:00:00+00:00,0.0,0.0,0.384,0.373,27.8,85,997.3,7.3
JMP_JMP_05,2023-07-14 03:00:00+00:00,0.0,0.0,0.383,0.373,29.0,77,998.0,7.8
JMP_JMP_05,2023-07-14 04:00:00+00:00,0.0,0.0,0.381,0.373,29.2,76,997.7,7.2
JMP_JMP_05,2023-07-14 05:00:00+00:00,0.1,0.1,0.38,0.372,30.3,72,996.8,7.1
JMP_JMP_05,2023-07-14 06:00:00+00:00,0.2,0.2,0.379,0.372,31.3,68,995.9,8.0
JMP_JMP_05,2023-07-14 07:00:00+00:00,1.2,1.2,0.385,0.371,30.3,71,995.4,13.6
JMP_JMP_05,2023-07-14 08:00:00+00:00,0.3,0.3,0.386,0.371,29.6,79,994.3,6.1
JMP_JMP_05,2023-07-14 09:00:00+00:00,2.8,2.8,0.41,0.371,28.5,83,993.6,9.5
JMP_JMP_05,2023-07-14 10:00:00+00:00,0.4,0.4,0.409,0.373,28.9,81,993.2,9.1
JMP_JMP_05,2023-07-14 11:00:00+00:00,0.1,0.1,0.406,0.373,29.0,81,993.5,11.0
JMP_JMP_05,2023-07-14 12:00:00+00:00,1.0,1.0,0.381,0.368,28.2,87,994.2,7.8
JMP_JMP_05,2023-07-14 13:00:00+00:00,0.0,0.0,0.381,0.369,27.1,87,994.5,10.8
JMP_JMP_05,2023-07-14 14:00:00+00:00,0.0,0.0,0.38,0.369,26.5,88,995.8,10.4
JMP_JMP_05,2023-07-14 15:00:00+00:00,0.0,0.0,0.379,0.369,26.2,89,996.8,7.2
JMP_JMP_05,2023-07-14 16:00:00+00:00,0.0,0.0,0.378,0.369,25.8,91,997.6,8.8
JMP_JMP_05,2023-07-14 17:00:00+00:00,0.0,0.0,0.378,0.369,25.7,91,997.9,10.1
JMP_JMP_05,2023-07-14 18:00:00+00:00,0.0,0.0,0.377,0.369,25.8,90,997.0,10.1
JMP_JMP_05,2023-07-14 19:00:00+00:00,0.0,0.0,0.376,0.369,25.9,88,996.3,8.8
JMP_JMP_05,2023-07-14 20:00:00+00:00,0.0,0.0,0.376,0.369,25.8,88,995.9,7.1
JMP_JMP_05,2023-07-14 21:00:00+00:00,0.0,0.0,0.375,0.369,25.4,90,995.8,6.2
JMP_JMP_05,2023-07-14 22:00:00+00:00,0.0,0.0,0.375,0.369,25.1,92,995.6,3.4
JMP_JMP_05,2023-07-14 23:00:00+00:00,0.1,0.1,0.375,0.369,25.1,92,995.7,4.4
JMP_JMP_05,2023-07-15 00:00:00+00:00,0.0,0.0,0.371,0.369,25.5,93,995.5,4.4
JMP_JMP_05,2023-07-15 01:00:00+00:00,0.0,0.0,0.371,0.369,27.0,89,996.4,2.3
JMP_JMP_05,2023-07-15 02:00:00+00:00,0.1,0.1,0.37,0.369,28.2,83,996.7,5.5
JMP_JMP_05,2023-07-15 03:00:00+00:00,0.2,0.2,0.37,0.369,29.6,74,996.8,8.2
JMP_JMP_05,2023-07-15 04:00:00+00:00,0.1,0.1,0.369,0.368,31.4,65,996.6,7.9
JMP_JMP_05,2023-07-15 05:00:00+00:00,0.1,0.1,0.367,0.367,32.7,59,996.0,8.4
JMP_JMP_05,2023-07-15 06:00:00+00:00,0.2,0.2,0.365,0.366,33.4,56,994.9,9.1
JMP_JMP_05,2023-07-15 07:00:00+00:00,0.2,0.2,0.364,0.365,34.0,54,993.4,8.9
JMP_JMP_05,2023-07-15 08:00:00+00:00,0.1,0.1,0.362,0.364,34.3,53,991.8,9.6
JMP_JMP_05,2023-07-15 09:00:00+00:00,0.3,0.3,0.362,0.363,31.8,62,991.9,15.9
JMP_JMP_05,2023-07-15 10:00:00+00:00,0.4,0.4,0.364,0.363,30.9,71,991.5,8.8
JMP_JMP_05,2023-07-15 11:00:00+00:00,0.0,0.0,0.362,0.362,30.7,73,991.9,11.2
JMP_JMP_05,2023-07-15 12:00:00+00:00,0.0,0.0,0.359,0.362,30.6,70,992.9,10.8
JMP_JMP_05,2023-07-15 13:00:00+00:00,0.0,0.0,0.359,0.362,29.3,70,993.8,12.0
JMP_JMP_05,2023-07-15 14:00:00+00:00,0.0,0.0,0.359,0.362,28.2,77,994.9,9.3
JMP_JMP_05,2023-07-15 15:00:00+00:00,0.0,0.0,0.359,0.362,27.5,81,995.5,8.0
JMP_JMP_05,2023-07-15 16:00:00+00:00,0.0,0.0,0.358,0.362,27.0,84,996.2,6.8
JMP_JMP_05,2023-07-15 17:00:00+00:00,0.0,0.0,0.358,0.362,26.6,86,996.6,5.6
JMP_JMP_05,2023-07-15 18:00:00+00:00,0.0,0.0,0.358,0.362,26.2,88,996.2,5.1
JMP_JMP_05,2023-07-15 19:00:00+00:00,0.0,0.0,0.358,0.362,25.6,92,995.5,5.4
JMP_JMP_05,2023-07-15 20:00:00+00:00,0.0,0.0,0.358,0.362,26.2,85,995.3,2.3
JMP_JMP_05,2023-07-15 21:00:00+00:00,0.0,0.0,0.358,0.362,25.2,92,994.8,2.6
JMP_JMP_05,2023-07-15 22:00:00+00:00,0.0,0.0,0.358,0.362,24.8,94,994.6,3.6
JMP_JMP_05,2023-07-15 23:00:00+00:00,0.0,0.0,0.357,0.362,24.6,96,994.7,6.7
JMP_JMP_05,2023-07-16 00:00:00+00:00,0.0,0.0,0.355,0.361,25.5,95,995.0,6.6
JMP_JMP_05,2023-07-16 01:00:00+00:00,0.0,0.0,0.354,0.361,27.2,90,995.6,5.4
JMP_JMP_05,2023-07-16 02:00:00+00:00,0.1,0.1,0.354,0.36,28.7,79,995.8,5.3
JMP_JMP_05,2023-07-16 03:00:00+00:00,0.1,0.1,0.353,0.36,30.0,71,996.0,6.8
JMP_JMP_05,2023-07-16 04:00:00+00:00,0.0,0.0,0.351,0.359,31.7,62,995.7,6.3
JMP_JMP_05,2023-07-16 05:00:00+00:00,0.1,0.1,0.35,0.358,32.6,57,995.0,5.4
JMP_JMP_05,2023-07-16 06:00:00+00:00,0.2,0.2,0.349,0.357,33.4,54,994.0,4.7
JMP_JMP_05,2023-07-16 07:00:00+00:00,0.2,0.2,0.348,0.356,34.0,52,992.8,4.0
JMP_JMP_05,2023-07-16 08:00:00+00:00,0.3,0.3,0.348,0.355,34.5,51,992.0,4.3
JMP_JMP_05,2023-07-16 09:00:00+00:00,0.4,0.4,0.349,0.354,34.1,53,991.1,1.8
JMP_JMP_05,2023-07-16 10:00:00+00:00,0.4,0.4,0.35,0.353,32.7,69,990.8,2.1
JMP_JMP_05,2023-07-16 11:00:00+00:00,0.2,0.2,0.35,0.353,31.3,80,991.3,4.3
JMP_JMP_05,2023-07-16 12:00:00+00:00,0.7,0.7,0.346,0.353,29.8,74,992.6,11.9
JMP_JMP_05,2023-07-16 13:00:00+00:00,0.0,0.0,0.345,0.353,28.1,76,993.1,7.7
JMP_JMP_05,2023-07-16 14:00:00+00:00,0.0,0.0,0.345,0.353,27.0,81,993.9,6.4
JMP_JMP_05,2023-07-16 15:00:00+00:00,0.0,0.0,0.345,0.352,26.6,83,994.7,7.0
JMP_JMP_05,2023-07-16 16:00:00+00:00,0.8,0.8,0.351,0.352,26.6,86,995.4,7.7
JMP_JMP_05,2023-07-16 17:00:00+00:00,0.1,0.1,0.351,0.352,26.5,90,995.7,6.7
JMP_JMP_05,2023-07-16 18:00:00+00:00,0.1,0.1,0.352,0.352,26.3,93,995.0,6.6
JMP_JMP_05,2023-07-16 19:00:00+00:00,0.1,0.1,0.353,0.352,26.2,95,994.4,5.4
JMP_JMP_05,2023-07-16 20:00:00+00:00,0.0,0.0,0.353,0.352,26.0,96,994.1,3.6
JMP_JMP_05,2023-07-16 21:00:00+00:00,0.0,0.0,0.352,0.352,25.7,99,993.7,0.5
JMP_JMP_05,2023-07-16 22:00:00+00:00,0.0,0.0,0.352,0.352,25.6,100,993.5,3.1
JMP_JMP_05,2023-07-16 23:00:00+00:00,0.0,0.0,0.352,0.352,25.5,99,993.7,3.6
JMP_JMP_05,2023-07-17 00:00:00+00:00,0.0,0.0,0.378,0.355,25.8,97,994.1,4.6
JMP_JMP_05,2023-07-17 01:00:00+00:00,0.0,0.0,0.376,0.356,26.5,96,994.6,4.7
JMP_JMP_05,2023-07-17 02:00:00+00:00,0.4,0.4,0.378,0.356,26.9,89,995.3,5.5
JMP_JMP_05,2023-07-17 03:00:00+00:00,0.5,0.5,0.38,0.356,26.8,92,995.3,6.3
JMP_JMP_05,2023-07-17 04:00:00+00:00,0.4,0.4,0.382,0.357,27.4,90,995.1,6.6
JMP_JMP_05,2023-07-17 05:00:00+00:00,0.3,0.3,0.382,0.357,29.2,80,994.6,8.8
JMP_JMP_05,2023-07-17 06:00:00+00:00,0.0,0.0,0.38,0.357,29.7,75,993.8,7.5
JMP_JMP_05,2023-07-17 07:00:00+00:00,0.0,0.0,0.377,0.356,30.6,72,992.9,7.1
JMP_JMP_05,2023-07-17 08:00:00+00:00,0.0,0.0,0.375,0.356,30.1,73,992.0,8.6
JMP_JMP_05,2023-07-17 09:00:00+00:00,0.0,0.0,0.373,0.356,29.8,74,991.1,7.7
JMP_JMP_05,2023-07-17 10:00:00+00:00,0.0,0.0,0.371,0.356,29.6,76,990.5,5.8
JMP_JMP_05,2023-07-17 11:00:00+00:00,0.0,0.0,0.37,0.355,29.1,80,990.3,5.1
JMP_JMP_05,2023-07-17 12:00:00+00:00,0.0,0.0,0.384,0.361,27.3,92,991.3,3.1
JMP_JMP_05,2023-07-17 13:00:00+00:00,0.0,0.0,0.383,0.361,26.3,98,991.6,3.6
JMP_JMP_05,2023-07-17 14:00:00+00:00,0.0,0.0,0.382,0.361,26.0,99,992.1,4.4
JMP_JMP_05,2023-07-17 15:00:00+00:00,0.1,0.1,0.382,0.362,25.7,99,993.0,3.4
JMP_JMP_05,2023-07-17 16:00:00+00:00,0.0,0.0,0.381,0.362,25.6,99,993.6,4.4
JMP_JMP_05,2023-07-17 17:00:00+00:00,0.0,0.0,0.38,0.362,25.5,99,994.1,4.1
JMP_JMP_05,2023-07-17 18:00:00+00:00,0.1,0.1,0.379,0.363,25.4,99,994.0,1.4
JMP_JMP_05,2023-07-17 19:00:00+00:00,0.0,0.0,0.378,0.363,25.4,99,993.4,1.5
JMP_JMP_05,2023-07-17 20:00:00+00:00,0.0,0.0,0.377,0.363,25.3,99,993.4,3.8
JMP_JMP_05,2023-07-17 21:00:00+00:00,1.5,1.5,0.388,0.363,25.2,99,993.4,4.6
JMP_JMP_05,2023-07-17 22:00:00+00:00,0.0,0.0,0.387,0.364,25.0,99,992.8,0.4
JMP_JMP_05,2023-07-17 23:00:00+00:00,0.1,0.1,0.387,0.364,25.0,100,993.4,3.3
JMP_JMP_05,2023-07-18 00:00:00+00:00,0.1,0.1,0.396,0.37,25.6,99,994.1,5.4
JMP_JMP_05,2023-07-18 01:00:00+00:00,0.0,0.0,0.394,0.37,26.7,95,994.4,6.1
JMP_JMP_05,2023-07-18 02:00:00+00:00,0.0,0.0,0.392,0.371,28.2,86,994.4,5.0
JMP_JMP_05,2023-07-18 03:00:00+00:00,0.0,0.0,0.39,0.371,29.4,81,994.3,3.8
JMP_JMP_05,2023-07-18 04:00:00+00:00,0.1,0.1,0.388,0.37,31.0,72,994.2,4.2
JMP_JMP_05,2023-07-18 05:00:00+00:00,0.0,0.0,0.385,0.37,32.5,66,993.4,3.7
JMP_JMP_05,2023-07-18 06:00:00+00:00,0.0,0.0,0.381,0.369,33.7,63,992.6,2.9
JMP_JMP_05,2023-07-18 07:00:00+00:00,0.0,0.0,0.378,0.368,34.2,61,991.0,2.5
JMP_JMP_05,2023-07-18 08:00:00+00:00,0.0,0.0,0.375,0.367,34.1,62,990.0,4.0
JMP_JMP_05,2023-07-18 09:00:00+00:00,0.0,0.0,0.373,0.366,34.3,61,989.2,4.7
JMP_JMP_05,2023-07-18 10:00:00+00:00,0.2,0.2,0.372,0.366,33.0,65,988.5,6.0
JMP_JMP_05,2023-07-18 11:00:00+00:00,1.4,1.4,0.38,0.365,30.4,87,988.9,3.3
JMP_JMP_05,2023-07-18 12:00:00+00:00,3.9,3.9,0.362,0.364,31.0,81,989.2,6.0
JMP_JMP_05,2023-07-18 13:00:00+00:00,0.0,0.0,0.361,0.364,29.6,83,990.2,7.9
JMP_JMP_05,2023-07-18 14:00:00+00:00,0.0,0.0,0.361,0.364,28.9,84,991.1,6.0
JMP_JMP_05,2023-07-18 15:00:00+00:00,0.0,0.0,0.361,0.363,28.5,85,992.3,8.7
JMP_JMP_05,2023-07-18 16:00:00+00:00,0.0,0.0,0.361,0.363,28.4,83,993.1,10.0
JMP_JMP_05,2023-07-18 17:00:00+00:00,0.0,0.0,0.361,0.363,28.0,85,993.4,9.7
JMP_JMP_05,2023-07-18 18:00:00+00:00,0.0,0.0,0.361,0.363,27.4,89,993.3,7.0
JMP_JMP_05,2023-07-18 19:00:00+00:00,0.1,0.1,0.361,0.363,26.4,95,993.1,1.6
JMP_JMP_05,2023-07-18 20:00:00+00:00,0.1,0.1,0.361,0.363,26.3,96,992.8,5.1
JMP_JMP_05,2023-07-18 21:00:00+00:00,0.0,0.0,0.361,0.363,25.8,98,992.5,2.2
JMP_JMP_05,2023-07-18 22:00:00+00:00,0.0,0.0,0.361,0.363,25.5,99,992.2,4.5
JMP_JMP_05,2023-07-18 23:00:00+00:00,0.0,0.0,0.361,0.363,25.2,100,992.3,6.0
JMP_JMP_05,2023-07-19 00:00:00+00:00,0.0,0.0,0.392,0.367,25.7,99,992.5,7.7
JMP_JMP_05,2023-07-19 01:00:00+00:00,0.0,0.0,0.39,0.368,27.0,93,993.4,7.5
JMP_JMP_05,2023-07-19 02:00:00+00:00,0.0,0.0,0.389,0.368,28.4,89,993.7,5.7
JMP_JMP_05,2023-07-19 03:00:00+00:00,0.0,0.0,0.387,0.368,29.9,79,993.7,3.9
JMP_JMP_05,2023-07-19 04:00:00+00:00,0.0,0.0,0.384,0.367,31.5,71,993.2,2.1
JMP_JMP_05,2023-07-19 05:00:00+00:00,0.0,0.0,0.381,0.367,32.8,64,992.4,2.3
JMP_JMP_05,2023-07-19 06:00:00+00:00,0.0,0.0,0.378,0.366,34.0,62,991.5,3.6
JMP_JMP_05,2023-07-19 07:00:00+00:00,0.0,0.0,0.375,0.365,34.6,61,990.2,3.3
JMP_JMP_05,2023-07-19 08:00:00+00:00,0.0,0.0,0.372,0.364,34.6,61,988.9,3.1
JMP_JMP_05,2023-07-19 09:00:00+00:00,0.0,0.0,0.369,0.363,34.6,61,988.2,5.1
JMP_JMP_05,2023-07-19 10:00:00+00:00,0.6,0.6,0.371,0.363,32.8,70,987.8,5.8
JMP_JMP_05,2023-07-19 11:00:00+00:00,0.0,0.0,0.37,0.362,31.7,80,988.3,6.8
JMP_JMP_05,2023-07-19 12:00:00+00:00,0.0,0.0,0.357,0.359,30.4,78,989.3,10.8
JMP_JMP_05,2023-07-19 13:00:00+00:00,0.0,0.0,0.357,0.359,29.0,81,990.1,8.2
JMP_JMP_05,2023-07-19 14:00:00+00:00,0.0,0.0,0.357,0.359,28.6,82,990.8,9.1
JMP_JMP_05,2023-07-19 15:00:00+00:00,0.0,0.0,0.356,0.359,28.3,83,992.1,8.7
JMP_JMP_05,2023-07-19 16:00:00+00:00,0.0,0.0,0.356,0.359,27.9,85,992.9,8.7
JMP_JMP_05,2023-07-19 17:00:00+00:00,0.0,0.0,0.356,0.358,27.6,88,993.1,8.4
JMP_JMP_05,2023-07-19 18:00:00+00:00,0.0,0.0,0.356,0.358,27.1,92,992.9,6.9
JMP_JMP_05,2023-07-19 19:00:00+00:00,0.0,0.0,0.356,0.358,26.7,94,992.2,7.0
JMP_JMP_05,2023-07-19 20:00:00+00:00,0.0,0.0,0.356,0.358,26.6,94,991.8,6.3
JMP_JMP_05,2023-07-19 21:00:00+00:00,0.0,0.0,0.356,0.358,26.6,94,991.9,7.2
JMP_JMP_05,2023-07-19 22:00:00+00:00,0.0,0.0,0.356,0.358,26.2,95,991.7,3.0
JMP_JMP_05,2023-07-19 23:00:00+00:00,0.0,0.0,0.356,0.358,26.0,95,992.3,2.6
JMP_JMP_05,2023-07-20 00:00:00+00:00,0.0,0.0,0.354,0.358,27.1,92,992.6,2.6
JMP_JMP_05,2023-07-20 01:00:00+00:00,0.0,0.0,0.353,0.358,28.3,86,993.0,2.2
JMP_JMP_05,2023-07-20 02:00:00+00:00,0.0,0.0,0.352,0.357,29.7,78,993.4,4.3
JMP_JMP_05,2023-07-20 03:00:00+00:00,0.1,0.1,0.351,0.356,31.0,70,993.5,3.1
JMP_JMP_05,2023-07-20 04:00:00+00:00,0.0,0.0,0.349,0.355,32.6,64,993.2,2.9
JMP_JMP_05,2023-07-20 05:00:00+00:00,0.0,0.0,0.347,0.355,33.2,64,992.6,3.2
JMP_JMP_05,2023-07-20 06:00:00+00:00,0.0,0.0,0.345,0.353,34.2,62,991.2,1.8
JMP_JMP_05,2023-07-20 07:00:00+00:00,0.0,0.0,0.343,0.352,35.1,59,989.8,3.7
JMP_JMP_05,2023-07-20 08:00:00+00:00,0.0,0.0,0.34,0.351,35.1,60,989.1,5.3
JMP_JMP_05,2023-07-20 09:00:00+00:00,0.2,0.2,0.34,0.35,34.7,61,988.5,6.6
JMP_JMP_05,2023-07-20 10:00:00+00:00,4.8,4.8,0.39,0.35,31.0,85,989.3,9.2
JMP_JMP_05,2023-07-20 11:00:00+00:00,1.0,1.0,0.397,0.351,27.5,94,990.2,9.4
JMP_JMP_05,2023-07-20 12:00:00+00:00,5.1,5.1,0.413,0.363,29.3,89,990.2,4.3
JMP_JMP_05,2023-07-20 13:00:00+00:00,0.0,0.0,0.408,0.364,28.0,95,991.4,4.1
JMP_JMP_05,2023-07-20 14:00:00+00:00,4.2,4.2,0.434,0.373,27.0,100,992.5,7.1
JMP_JMP_05,2023-07-20 15:00:00+00:00,2.3,2.3,0.427,0.385,27.1,95,993.5,3.4
JMP_JMP_05,2023-07-20 16:00:00+00:00,0.0,0.0,0.419,0.387,26.6,98,994.4,5.8
JMP_JMP_05,2023-07-20 17:00:00+00:00,0.0,0.0,0.415,0.388,26.1,98,994.6,7.4
JMP_JMP_05,2023-07-20 18:00:00+00:00,0.1,0.1,0.411,0.389,26.0,98,994.2,4.8
JMP_JMP_05,2023-07-20 19:00:00+00:00,0.1,0.1,0.409,0.39,25.9,99,993.8,3.1
JMP_JMP_05,2023-07-20 20:00:00+00:00,3.0,3.0,0.439,0.392,25.6,100,993.8,7.6
JMP_JMP_05,2023-07-20 21:00:00+00:00,2.4,2.4,0.431,0.404,25.3,100,993.8,4.6
JMP_JMP_05,2023-07-20 22:00:00+00:00,1.9,1.9,0.433,0.411,24.9,100,993.9,5.2
JMP_JMP_05,2023-07-20 23:00:00+00:00,1.2,1.2,0.437,0.414,24.9,100,994.5,4.7
JMP_JMP_05,2023-07-21 00:00:00+00:00,2.2,2.2,0.421,0.391,25.7,99,995.0,9.4
JMP_JMP_05,2023-07-21 01:00:00+00:00,0.0,0.0,0.416,0.392,26.2,96,996.0,9.8
JMP_JMP_05,2023-07-21 02:00:00+00:00,0.0,0.0,0.412,0.393,27.3,89,996.4,8.2
JMP_JMP_05,2023-07-21 03:00:00+00:00,0.0,0.0,0.409,0.393,29.0,82,996.6,4.1
JMP_JMP_05,2023-07-21 04:00:00+00:00,0.0,0.0,0.406,0.393,30.7,76,996.6,3.1
JMP_JMP_05,2023-07-21 05:00:00+00:00,0.1,0.1,0.402,0.392,32.0,71,995.9,3.9
JMP_JMP_05,2023-07-21 06:00:00+00:00,0.1,0.1,0.399,0.392,32.9,67,995.0,1.0
JMP_JMP_05,2023-07-21 07:00:00+00:00,0.0,0.0,0.396,0.391,33.3,65,994.2,2.5
JMP_JMP_05,2023-07-21 08:00:00+00:00,0.0,0.0,0.393,0.39,34.0,61,993.1,3.5
JMP_JMP_05,2023-07-21 09:00:00+00:00,2.3,2.3,0.412,0.389,31.0,75,993.2,10.2
JMP_JMP_05,2023-07-21 10:00:00+00:00,4.7,4.7,0.426,0.401,27.4,97,993.3,4.0
JMP_JMP_05,2023-07-21 11:00:00+00:00,2.3,2.3,0.432,0.408,27.1,100,993.4,7.0
JMP_JMP_05,2023-07-21 12:00:00+00:00,0.4,0.4,0.4,0.392,29.0,89,994.8,10.4
JMP_JMP_05,2023-07-21 13:00:00+00:00,0.0,0.0,0.399,0.392,27.5,89,995.7,10.0
JMP_JMP_05,2023-07-21 14:00:00+00:00,3.8,3.8,0.439,0.393,26.0,97,996.7,8.9
JMP_JMP_05,2023-07-21 15:00:00+00:00,0.1,0.1,0.422,0.398,26.2,97,998.0,2.9
JMP_JMP_05,2023-07-21 16:00:00+00:00,2.4,2.4,0.436,0.404,26.0,98,999.0,1.8
JMP_JMP_05,2023-07-21 17:00:00+00:00,0.1,0.1,0.426,0.407,26.0,99,998.9,3.7
JMP_JMP_05,2023-07-21 18:00:00+00:00,0.0,0.0,0.421,0.408,25.9,99,998.8,6.2
JMP_JMP_05,2023-07-21 19:00:00+00:00,0.2,0.2,0.419,0.408,25.6,100,998.6,6.6
JMP_JMP_05,2023-07-21 20:00:00+00:00,0.1,0.1,0.417,0.409,25.6,99,997.7,8.2
JMP_JMP_05,2023-07-21 21:00:00+00:00,0.0,0.0,0.415,0.409,25.4,99,997.3,7.7
JMP_JMP_05,2023-07-21 22:00:00+00:00,0.0,0.0,0.413,0.408,25.2,99,997.4,7.2
JMP_JMP_05,2023-07-21 23:00:00+00:00,0.0,0.0,0.411,0.408,25.2,99,998.1,7.3
JMP_JMP_05,2023-07-22 00:00:00+00:00,0.0,0.0,0.404,0.401,26.2,98,998.5,7.9
JMP_JMP_05,2023-07-22 01:00:00+00:00,0.0,0.0,0.403,0.401,27.6,89,999.5,8.4
JMP_JMP_05,2023-07-22 02:00:00+00:00,0.0,0.0,0.401,0.4,29.0,83,999.8,5.2
JMP_JMP_05,2023-07-22 03:00:00+00:00,0.0,0.0,0.399,0.399,30.3,76,999.6,3.8
JMP_JMP_05,2023-07-22 04:00:00+00:00,0.0,0.0,0.396,0.398,31.8,69,999.4,3.4
JMP_JMP_05,2023-07-22 05:00:00+00:00,0.0,0.0,0.394,0.397,32.7,63,999.1,3.6
JMP_JMP_05,2023-07-22 06:00:00+00:00,0.0,0.0,0.391,0.396,33.5,61,998.1,4.5
JMP_JMP_05,2023-07-22 07:00:00+00:00,0.0,0.0,0.388,0.394,33.8,61,997.2,5.4
JMP_JMP_05,2023-07-22 08:00:00+00:00,0.0,0.0,0.385,0.393,34.2,60,995.9,6.3
JMP_JMP_05,2023-07-22 09:00:00+00:00,0.0,0.0,0.383,0.392,34.0,61,995.4,2.9
JMP_JMP_05,2023-07-22 10:00:00+00:00,0.1,0.1,0.382,0.391,32.5,68,995.1,1.8
JMP_JMP_05,2023-07-22 11:00:00+00:00,0.0,0.0,0.381,0.39,31.7,76,995.2,3.0
JMP_JMP_05,2023-07-22 12:00:00+00:00,0.0,0.0,0.385,0.391,29.0,87,996.6,6.8
JMP_JMP_05,2023-07-22 13:00:00+00:00,0.0,0.0,0.384,0.39,28.0,90,997.1,4.3
JMP_JMP_05,2023-07-22 14:00:00+00:00,0.0,0.0,0.384,0.39,27.8,93,998.2,4.0
JMP_JMP_05,2023-07-22 15:00:00+00:00,0.0,0.0,0.384,0.39,27.5,95,998.8,4.3
JMP_JMP_05,2023-07-22 16:00:00+00:00,0.0,0.0,0.383,0.389,27.5,95,999.2,6.1
JMP_JMP_05,2023-07-22 17:00:00+00:00,0.0,0.0,0.383,0.389,27.4,94,999.6,8.2
JMP_JMP_05,2023-07-22 18:00:00+00:00,0.0,0.0,0.383,0.389,27.2,94,999.2,8.4
JMP_JMP_05,2023-07-22 19:00:00+00:00,0.0,0.0,0.383,0.389,26.8,96,999.0,4.7
JMP_JMP_05,2023-07-22 20:00:00+00:00,6.4,6.4,0.432,0.396,25.8,99,999.3,2.9
JMP_JMP_05,2023-07-22 21:00:00+00:00,1.2,1.2,0.438,0.399,25.6,99,999.0,7.9
JMP_JMP_05,2023-07-22 22:00:00+00:00,3.4,3.4,0.428,0.413,25.3,100,998.7,6.5
JMP_JMP_05,2023-07-22 23:00:00+00:00,0.2,0.2,0.424,0.413,25.2,100,999.0,2.6
JMP_JMP_05,2023-07-23 00:00:00+00:00,0.1,0.1,0.418,0.421,25.9,99,999.0,6.8
JMP_JMP_05,2023-07-23 01:00:00+00:00,0.0,0.0,0.416,0.42,26.6,95,999.6,7.2
JMP_JMP_05,2023-07-23 02:00:00+00:00,0.0,0.0,0.415,0.419,27.6,93,999.6,5.1
JMP_JMP_05,2023-07-23 03:00:00+00:00,0.0,0.0,0.413,0.418,29.2,85,999.2,3.7
JMP_JMP_05,2023-07-23 04:00:00+00:00,0.0,0.0,0.41,0.417,30.7,76,999.4,0.0
JMP_JMP_05,2023-07-23 05:00:00+00:00,0.1,0.1,0.408,0.415,31.9,70,999.2,1.9
JMP_JMP_05,2023-07-23 06:00:00+00:00,0.0,0.0,0.405,0.414,32.8,67,997.8,2.9
JMP_JMP_05,2023-07-23 07:00:00+00:00,0.0,0.0,0.402,0.412,33.2,66,996.4,3.7
JMP_JMP_05,2023-07-23 08:00:00+00:00,0.0,0.0,0.399,0.41,33.2,65,995.2,6.1
JMP_JMP_05,2023-07-23 09:00:00+00:00,0.0,0.0,0.397,0.409,33.3,65,994.4,6.0
JMP_JMP_05,2023-07-23 10:00:00+00:00,0.3,0.3,0.397,0.407,32.7,67,993.7,2.9
JMP_JMP_05,2023-07-23 11:00:00+00:00,0.0,0.0,0.395,0.406,31.4,80,993.7,4.1
JMP_JMP_05,2023-07-23 12:00:00+00:00,1.0,1.0,0.411,0.41,29.4,95,994.8,3.8
JMP_JMP_05,2023-07-23 13:00:00+00:00,0.0,0.0,0.41,0.41,28.7,96,995.3,6.2
JMP_JMP_05,2023-07-23 14:00:00+00:00,0.0,0.0,0.408,0.409,28.2,94,996.0,6.5
JMP_JMP_05,2023-07-23 15:00:00+00:00,6.3,6.3,0.439,0.418,26.1,100,996.9,8.1
JMP_JMP_05,2023-07-23 16:00:00+00:00,1.3,1.3,0.429,0.424,25.9,100,997.5,2.8
JMP_JMP_05,2023-07-23 17:00:00+00:00,0.1,0.1,0.425,0.423,25.8,99,997.9,3.3
JMP_JMP_05,2023-07-23 18:00:00+00:00,0.7,0.7,0.431,0.423,25.5,100,997.5,7.0
JMP_JMP_05,2023-07-23 19:00:00+00:00,0.3,0.3,0.429,0.423,25.3,100,996.7,5.9
JMP_JMP_05,2023-07-23 20:00:00+00:00,2.7,2.7,0.439,0.429,25.1,100,996.7,6.8
JMP_JMP_05,2023-07-23 21:00:00+00:00,4.0,4.0,0.436,0.438,24.7,100,996.4,8.4
JMP_JMP_05,2023-07-23 22:00:00+00:00,0.4,0.4,0.433,0.434,24.6,100,996.1,4.6
JMP_JMP_05,2023-07-23 23:00:00+00:00,0.1,0.1,0.428,0.432,24.5,100,996.3,5.4
JMP_JMP_05,2023-07-24 00:00:00+00:00,0.1,0.1,0.428,0.43,25.5,98,996.7,4.3
JMP_JMP_05,2023-07-24 01:00:00+00:00,0.1,0.1,0.425,0.429,26.2,97,997.7,6.9
JMP_JMP_05,2023-07-24 02:00:00+00:00,0.0,0.0,0.422,0.427,27.1,92,997.7,3.6
JMP_JMP_05,2023-07-24 03:00:00+00:00,0.0,0.0,0.419,0.426,28.3,87,997.4,3.4
JMP_JMP_05,2023-07-24 04:00:00+00:00,0.0,0.0,0.416,0.424,29.3,81,997.3,3.6
JMP_JMP_05,2023-07-24 05:00:00+00:00,0.1,0.1,0.414,0.422,30.8,72,996.8,5.5
JMP_JMP_05,2023-07-24 06:00:00+00:00,0.0,0.0,0.411,0.42,31.2,70,995.7,5.4
JMP_JMP_05,2023-07-24 07:00:00+00:00,0.0,0.0,0.407,0.419,32.2,66,994.7,2.8
JMP_JMP_05,2023-07-24 08:00:00+00:00,0.0,0.0,0.404,0.417,32.6,64,993.7,2.9
JMP_JMP_05,2023-07-24 09:00:00+00:00,0.0,0.0,0.402,0.415,33.5,61,992.7,3.6
JMP_JMP_05,2023-07-24 10:00:00+00:00,0.0,0.0,0.399,0.413,33.2,62,992.1,1.8
JMP_JMP_05,2023-07-24 11:00:00+00:00,0.0,0.0,0.398,0.412,32.5,67,992.0,3.2
JMP_JMP_05,2023-07-24 12:00:00+00:00,0.0,0.0,0.388,0.409,29.7,80,993.3,8.5
JMP_JMP_05,2023-07-24 13:00:00+00:00,0.0,0.0,0.388,0.408,28.3,84,993.5,6.4
JMP_JMP_05,2023-07-24 14:00:00+00:00,0.0,0.0,0.388,0.407,27.6,88,994.4,4.3
JMP_JMP_05,2023-07-24 15:00:00+00:00,0.0,0.0,0.388,0.406,27.0,91,995.1,3.5
JMP_JMP_05,2023-07-24 16:00:00+00:00,0.0,0.0,0.388,0.406,26.7,93,995.9,3.8
JMP_JMP_05,2023-07-24 17:00:00+00:00,0.0,0.0,0.388,0.405,26.3,95,996.3,4.6
JMP_JMP_05,2023-07-24 18:00:00+00:00,0.0,0.0,0.388,0.405,26.5,93,996.2,6.8
JMP_JMP_05,2023-07-24 19:00:00+00:00,0.0,0.0,0.388,0.404,26.4,91,995.8,8.9
JMP_JMP_05,2023-07-24 20:00:00+00:00,0.0,0.0,0.388,0.403,26.3,90,995.6,9.0
JMP_JMP_05,2023-07-24 21:00:00+00:00,0.3,0.3,0.39,0.403,26.0,91,995.7,7.9
JMP_JMP_05,2023-07-24 22:00:00+00:00,0.3,0.3,0.391,0.402,25.4,94,995.8,7.4
JMP_JMP_05,2023-07-24 23:00:00+00:00,0.1,0.1,0.392,0.402,25.2,96,996.2,4.0
JMP_JMP_05,2023-07-25 00:00:00+00:00,0.1,0.1,0.393,0.401,25.2,97,996.5,0.7
JMP_JMP_05,2023-07-25 01:00:00+00:00,0.0,0.0,0.393,0.401,26.6,93,996.8,2.1
JMP_JMP_05,2023-07-25 02:00:00+00:00,0.0,0.0,0.392,0.4,28.1,89,997.5,2.2
JMP_JMP_05,2023-07-25 03:00:00+00:00,0.0,0.0,0.391,0.399,29.9,79,997.4,2.3
JMP_JMP_05,2023-07-25 04:00:00+00:00,0.0,0.0,0.389,0.398,31.2,73,996.9,3.9
JMP_JMP_05,2023-07-25 05:00:00+00:00,0.1,0.1,0.387,0.397,32.4,68,996.3,4.7
JMP_JMP_05,2023-07-25 06:00:00+00:00,0.0,0.0,0.384,0.396,33.1,66,995.5,3.7
JMP_JMP_05,2023-07-25 07:00:00+00:00,0.0,0.0,0.382,0.394,34.2,62,994.1,3.7
JMP_JMP_05,2023-07-25 08:00:00+00:00,0.0,0.0,0.379,0.393,34.6,61,993.1,3.4
JMP_JMP_05,2023-07-25 09:00:00+00:00,0.0,0.0,0.377,0.392,34.1,62,992.6,3.1
JMP_JMP_05,2023-07-25 10:00:00+00:00,1.1,1.1,0.384,0.391,31.6,79,992.4,3.1
JMP_JMP_05,2023-07-25 11:00:00+00:00,2.6,2.6,0.411,0.391,30.3,88,992.5,8.3
JMP_JMP_05,2023-07-25 12:00:00+00:00,8.2,8.2,0.391,0.389,27.6,93,994.3,7.4
JMP_JMP_05,2023-07-25 13:00:00+00:00,0.1,0.1,0.391,0.389,27.0,95,995.1,12.5
JMP_JMP_05,2023-07-25 14:00:00+00:00,0.2,0.2,0.391,0.389,26.6,95,995.6,12.9
JMP_JMP_05,2023-07-25 15:00:00+00:00,0.1,0.1,0.392,0.389,25.9,97,996.2,12.4
JMP_JMP_05,2023-07-25 16:00:00+00:00,1.8,1.8,0.412,0.389,25.7,97,997.2,6.5
JMP_JMP_05,2023-07-25 17:00:00+00:00,3.4,3.4,0.432,0.397,25.4,100,997.5,3.9
JMP_JMP_05,2023-07-25 18:00:00+00:00,1.3,1.3,0.434,0.402,25.5,100,997.0,6.4
JMP_JMP_05,2023-07-25 19:00:00+00:00,2.2,2.2,0.439,0.41,25.4,100,996.8,4.7
JMP_JMP_05,2023-07-25 20:00:00+00:00,0.8,0.8,0.433,0.415,25.4,100,996.3,2.5
JMP_JMP_05,2023-07-25 21:00:00+00:00,0.3,0.3,0.428,0.416,25.4,100,996.3,0.8
JMP_JMP_05,2023-07-25 22:00:00+00:00,0.1,0.1,0.425,0.417,25.4,100,996.0,2.2
JMP_JMP_05,2023-07-25 23:00:00+00:00,0.5,0.5,0.427,0.417,25.3,100,996.4,4.8
JMP_JMP_05,2023-07-26 00:00:00+00:00,0.6,0.6,0.41,0.402,25.4,98,997.1,6.9
JMP_JMP_05,2023-07-26 01:00:00+00:00,0.0,0.0,0.408,0.402,26.4,95,997.7,5.0
JMP_JMP_05,2023-07-26 02:00:00+00:00,0.0,0.0,0.406,0.402,27.4,92,998.3,6.4
JMP_JMP_05,2023-07-26 03:00:00+00:00,0.0,0.0,0.404,0.401,28.4,84,998.3,4.8
JMP_JMP_05,2023-07-26 04:00:00+00:00,0.1,0.1,0.403,0.401,29.6,77,998.3,1.8
JMP_JMP_05,2023-07-26 05:00:00+00:00,0.4,0.4,0.403,0.4,30.4,76,997.6,1.8
JMP_JMP_05,2023-07-26 06:00:00+00:00,0.3,0.3,0.403,0.399,31.5,72,996.4,1.3
JMP_JMP_05,2023-07-26 07:00:00+00:00,0.1,0.1,0.4,0.398,33.1,64,995.2,1.5
JMP_JMP_05,2023-07-26 08:00:00+00:00,0.1,0.1,0.398,0.397,33.9,60,994.0,0.8
JMP_JMP_05,2023-07-26 09:00:00+00:00,0.1,0.1,0.395,0.396,34.3,55,993.4,5.1
JMP_JMP_05,2023-07-26 10:00:00+00:00,0.5,0.5,0.396,0.395,30.7,70,993.9,15.0
JMP_JMP_05,2023-07-26 11:00:00+00:00,0.2,0.2,0.396,0.395,29.2,80,994.5,14.0
JMP_JMP_05,2023-07-26 12:00:00+00:00,0.1,0.1,0.39,0.389,27.0,98,995.7,4.1
JMP_JMP_05,2023-07-26 13:00:00+00:00,0.0,0.0,0.389,0.389,27.2,96,996.3,7.9
JMP_JMP_05,2023-07-26 14:00:00+00:00,0.0,0.0,0.389,0.389,26.9,95,997.0,9.2
JMP_JMP_05,2023-07-26 15:00:00+00:00,0.0,0.0,0.389,0.389,26.1,96,997.7,7.6
JMP_JMP_05,2023-07-26 16:00:00+00:00,0.0,0.0,0.388,0.388,25.8,96,997.9,6.8
JMP_JMP_05,2023-07-26 17:00:00+00:00,0.0,0.0,0.387,0.388,25.5,96,998.0,4.7
JMP_JMP_05,2023-07-26 18:00:00+00:00,0.0,0.0,0.387,0.388,25.3,96,997.6,4.0
JMP_JMP_05,2023-07-26 19:00:00+00:00,0.0,0.0,0.386,0.388,25.0,98,997.0,3.3
JMP_JMP_05,2023-07-26 20:00:00+00:00,0.0,0.0,0.386,0.388,24.9,98,996.8,2.9
JMP_JMP_05,2023-07-26 21:00:00+00:00,0.0,0.0,0.385,0.388,25.0,99,996.7,3.1
JMP_JMP_05,2023-07-26 22:00:00+00:00,0.0,0.0,0.385,0.388,25.0,100,996.4,5.2
JMP_JMP_05,2023-07-26 23:00:00+00:00,0.0,0.0,0.385,0.388,25.0,100,996.7,4.9
JMP_JMP_05,2023-07-27 00:00:00+00:00,0.0,0.0,0.377,0.385,25.6,99,996.9,4.2
JMP_JMP_05,2023-07-27 01:00:00+00:00,0.0,0.0,0.376,0.384,27.1,93,997.7,2.9
JMP_JMP_05,2023-07-27 02:00:00+00:00,0.0,0.0,0.376,0.384,28.1,88,998.0,3.1
JMP_JMP_05,2023-07-27 03:00:00+00:00,0.0,0.0,0.375,0.383,29.5,79,997.7,3.1
JMP_JMP_05,2023-07-27 04:00:00+00:00,0.0,0.0,0.373,0.383,31.3,72,997.3,4.9
JMP_JMP_05,2023-07-27 05:00:00+00:00,0.1,0.1,0.372,0.382,32.1,66,996.6,7.7
JMP_JMP_05,2023-07-27 06:00:00+00:00,0.0,0.0,0.369,0.38,33.1,61,995.5,9.7
JMP_JMP_05,2023-07-27 07:00:00+00:00,0.0,0.0,0.367,0.379,34.3,57,994.0,10.9
JMP_JMP_05,2023-07-27 08:00:00+00:00,3.1,3.1,0.392,0.379,27.8,95,994.2,10.8
JMP_JMP_05,2023-07-27 09:00:00+00:00,0.3,0.3,0.392,0.379,29.7,86,993.3,6.5
JMP_JMP_05,2023-07-27 10:00:00+00:00,0.7,0.7,0.395,0.379,29.1,85,992.7,10.3
JMP_JMP_05,2023-07-27 11:00:00+00:00,0.8,0.8,0.401,0.379,29.3,82,992.8,9.8
JMP_JMP_05,2023-07-27 12:00:00+00:00,0.3,0.3,0.401,0.379,28.1,89,994.0,8.6
JMP_JMP_05,2023-07-27 13:00:00+00:00,0.0,0.0,0.399,0.38,27.3,90,994.2,10.2
JMP_JMP_05,2023-07-27 14:00:00+00:00,0.0,0.0,0.397,0.38,26.6,91,995.0,8.6
JMP_JMP_05,2023-07-27 15:00:00+00:00,0.0,0.0,0.395,0.38,26.1,92,995.6,8.3
JMP_JMP_05,2023-07-27 16:00:00+00:00,0.0,0.0,0.394,0.381,26.0,92,996.1,9.0
JMP_JMP_05,2023-07-27 17:00:00+00:00,0.0,0.0,0.393,0.381,25.9,93,995.8,9.4
JMP_JMP_05,2023-07-27 18:00:00+00:00,0.0,0.0,0.391,0.381,25.8,93,995.4,8.9
JMP_JMP_05,2023-07-27 19:00:00+00:00,0.0,0.0,0.39,0.381,25.8,92,995.0,8.4
JMP_JMP_05,2023-07-27 20:00:00+00:00,0.0,0.0,0.389,0.381,25.6,92,994.5,8.3
JMP_JMP_05,2023-07-27 21:00:00+00:00,0.0,0.0,0.388,0.381,25.5,91,993.8,9.4
JMP_JMP_05,2023-07-27 22:00:00+00:00,0.0,0.0,0.388,0.381,25.3,93,993.7,8.0
JMP_JMP_05,2023-07-27 23:00:00+00:00,0.0,0.0,0.387,0.381,25.1,93,993.8,8.4
JMP_JMP_05,2023-07-28 00:00:00+00:00,0.0,0.0,0.383,0.381,26.2,91,994.4,8.7
JMP_JMP_05,2023-07-28 01:00:00+00:00,0.0,0.0,0.383,0.381,27.3,86,994.5,10.2
JMP_JMP_05,2023-07-28 02:00:00+00:00,0.0,0.0,0.382,0.381,28.6,80,994.8,12.8
JMP_JMP_05,2023-07-28 03:00:00+00:00,0.1,0.1,0.381,0.38,29.8,75,994.9,11.4
JMP_JMP_05,2023-07-28 04:00:00+00:00,0.0,0.0,0.379,0.379,31.2,70,994.8,11.9
JMP_JMP_05,2023-07-28 05:00:00+00:00,0.0,0.0,0.377,0.379,31.6,67,993.9,12.1
JMP_JMP_05,2023-07-28 06:00:00+00:00,0.1,0.1,0.375,0.378,32.0,67,992.9,12.7
JMP_JMP_05,2023-07-28 07:00:00+00:00,0.0,0.0,0.372,0.377,32.8,66,991.6,11.5
JMP_JMP_05,2023-07-28 08:00:00+00:00,1.4,1.4,0.381,0.376,30.2,79,991.0,13.2
JMP_JMP_05,2023-07-28 09:00:00+00:00,0.0,0.0,0.38,0.376,31.5,71,990.2,10.5
JMP_JMP_05,2023-07-28 10:00:00+00:00,1.6,1.6,0.39,0.375,29.2,84,989.6,12.1
JMP_JMP_05,2023-07-28 11:00:00+00:00,0.1,0.1,0.389,0.376,28.9,86,990.0,8.6
JMP_JMP_05,2023-07-28 12:00:00+00:00,0.0,0.0,0.393,0.377,28.9,80,991.3,8.4
JMP_JMP_05,2023-07-28 13:00:00+00:00,0.0,0.0,0.391,0.377,27.8,84,992.2,6.8
JMP_JMP_05,2023-07-28 14:00:00+00:00,0.0,0.0,0.39,0.377,27.4,85,992.8,7.9
JMP_JMP_05,2023-07-28 15:00:00+00:00,0.0,0.0,0.389,0.377,26.8,86,993.5,7.8
JMP_JMP_05,2023-07-28 16:00:00+00:00,0.0,0.0,0.388,0.377,26.3,89,994.1,5.8
JMP_JMP_05,2023-07-28 17:00:00+00:00,0.0,0.0,0.387,0.378,26.0,90,994.1,5.8
JMP_JMP_05,2023-07-28 18:00:00+00:00,0.0,0.0,0.386,0.378,25.5,93,993.5,4.0
JMP_JMP_05,2023-07-28 19:00:00+00:00,0.0,0.0,0.385,0.378,25.4,93,993.0,4.0
JMP_JMP_05,2023-07-28 20:00:00+00:00,0.0,0.0,0.384,0.378,25.3,93,992.1,4.8
JMP_JMP_05,2023-07-28 21:00:00+00:00,0.0,0.0,0.384,0.378,25.0,95,992.0,3.5
JMP_JMP_05,2023-07-28 22:00:00+00:00,0.0,0.0,0.383,0.378,25.0,95,991.8,3.2
JMP_JMP_05,2023-07-28 23:00:00+00:00,0.0,0.0,0.382,0.378,24.7,97,992.0,3.6
JMP_JMP_05,2023-07-29 00:00:00+00:00,0.0,0.0,0.379,0.377,25.8,94,992.6,5.6
JMP_JMP_05,2023-07-29 01:00:00+00:00,0.0,0.0,0.379,0.377,27.7,87,993.1,3.1
JMP_JMP_05,2023-07-29 02:00:00+00:00,0.0,0.0,0.377,0.376,29.2,79,993.9,3.4
JMP_JMP_05,2023-07-29 03:00:00+00:00,0.0,0.0,0.376,0.376,30.5,74,994.1,4.2
JMP_JMP_05,2023-07-29 04:00:00+00:00,0.0,0.0,0.374,0.375,31.8,68,993.8,3.8
JMP_JMP_05,2023-07-29 05:00:00+00:00,0.0,0.0,0.371,0.374,32.8,64,993.2,3.8
JMP_JMP_05,2023-07-29 06:00:00+00:00,0.2,0.2,0.371,0.373,33.2,62,992.2,3.7
JMP_JMP_05,2023-07-29 07:00:00+00:00,0.0,0.0,0.368,0.372,33.8,59,990.6,4.6
JMP_JMP_05,2023-07-29 08:00:00+00:00,0.0,0.0,0.366,0.371,34.3,57,989.3,4.4
JMP_JMP_05,2023-07-29 09:00:00+00:00,0.0,0.0,0.364,0.37,34.0,58,988.7,5.7
JMP_JMP_05,2023-07-29 10:00:00+00:00,0.0,0.0,0.362,0.369,33.6,59,988.2,3.6
JMP_JMP_05,2023-07-29 11:00:00+00:00,0.0,0.0,0.361,0.368,32.7,67,988.7,3.3
JMP_JMP_05,2023-07-29 12:00:00+00:00,0.1,0.1,0.346,0.358,30.7,80,989.7,3.2
JMP_JMP_05,2023-07-29 13:00:00+00:00,0.0,0.0,0.346,0.358,29.6,82,990.7,6.5
JMP_JMP_05,2023-07-29 14:00:00+00:00,0.0,0.0,0.346,0.358,28.8,88,991.1,3.7
JMP_JMP_05,2023-07-29 15:00:00+00:00,0.0,0.0,0.347,0.358,27.8,92,991.8,2.1
JMP_JMP_05,2023-07-29 16:00:00+00:00,0.0,0.0,0.347,0.358,27.3,95,992.6,1.8
JMP_JMP_05,2023-07-29 17:00:00+00:00,0.0,0.0,0.347,0.358,27.3,95,992.5,5.5
JMP_JMP_05,2023-07-29 18:00:00+00:00,0.0,0.0,0.347,0.358,27.0,95,992.1,6.6
JMP_JMP_05,2023-07-29 19:00:00+00:00,0.0,0.0,0.347,0.357,26.7,93,991.5,6.0
JMP_JMP_05,2023-07-29 20:00:00+00:00,0.0,0.0,0.347,0.357,26.3,94,990.9,6.2
JMP_JMP_05,2023-07-29 21:00:00+00:00,0.0,0.0,0.347,0.357,26.0,96,990.4,4.1
JMP_JMP_05,2023-07-29 22:00:00+00:00,0.0,0.0,0.347,0.357,25.8,97,990.1,7.3
JMP_JMP_05,2023-07-29 23:00:00+00:00,0.0,0.0,0.347,0.357,25.7,98,990.5,2.6
JMP_JMP_05,2023-07-30 00:00:00+00:00,0.0,0.0,0.345,0.356,26.2,95,991.0,6.6
JMP_JMP_05,2023-07-30 01:00:00+00:00,0.0,0.0,0.345,0.356,28.0,88,991.8,5.2
JMP_JMP_05,2023-07-30 02:00:00+00:00,0.0,0.0,0.344,0.356,29.4,83,992.3,4.7
JMP_JMP_05,2023-07-30 03:00:00+00:00,0.0,0.0,0.343,0.355,30.7,77,992.0,5.1
JMP_JMP_05,2023-07-30 04:00:00+00:00,0.0,0.0,0.342,0.354,32.1,71,991.6,5.9
JMP_JMP_05,2023-07-30 05:00:00+00:00,0.0,0.0,0.34,0.353,33.0,68,990.8,7.3
JMP_JMP_05,2023-07-30 06:00:00+00:00,0.0,0.0,0.337,0.352,33.9,64,989.7,6.1
JMP_JMP_05,2023-07-30 07:00:00+00:00,0.0,0.0,0.335,0.351,34.5,63,988.4,5.9
JMP_JMP_05,2023-07-30 08:00:00+00:00,0.0,0.0,0.333,0.35,34.6,62,987.2,4.7
JMP_JMP_05,2023-07-30 09:00:00+00:00,0.0,0.0,0.331,0.349,35.0,60,986.2,3.7
JMP_JMP_05,2023-07-30 10:00:00+00:00,0.7,0.7,0.335,0.348,31.8,75,986.3,5.3
JMP_JMP_05,2023-07-30 11:00:00+00:00,0.1,0.1,0.336,0.348,30.3,85,986.7,12.0
JMP_JMP_05,2023-07-30 12:00:00+00:00,0.1,0.1,0.329,0.346,30.7,88,986.9,5.5
JMP_JMP_05,2023-07-30 13:00:00+00:00,0.0,0.0,0.329,0.346,29.3,91,987.8,8.3
JMP_JMP_05,2023-07-30 14:00:00+00:00,0.0,0.0,0.329,0.345,28.7,87,988.7,6.3
JMP_JMP_05,2023-07-30 15:00:00+00:00,0.0,0.0,0.33,0.345,28.4,87,989.9,6.0
JMP_JMP_05,2023-07-30 16:00:00+00:00,0.0,0.0,0.33,0.345,28.1,88,990.4,4.6
JMP_JMP_05,2023-07-30 17:00:00+00:00,0.0,0.0,0.33,0.345,27.9,88,990.2,7.3
JMP_JMP_05,2023-07-30 18:00:00+00:00,4.3,4.3,0.378,0.345,25.5,96,990.2,9.7
JMP_JMP_05,2023-07-30 19:00:00+00:00,0.2,0.2,0.378,0.346,25.6,98,988.9,4.5
JMP_JMP_05,2023-07-30 20:00:00+00:00,0.1,0.1,0.377,0.346,25.5,99,988.5,1.8
JMP_JMP_05,2023-07-30 21:00:00+00:00,0.0,0.0,0.376,0.347,25.5,99,988.1,2.3
JMP_JMP_05,2023-07-30 22:00:00+00:00,0.0,0.0,0.375,0.347,25.4,100,988.1,2.9
JMP_JMP_05,2023-07-30 23:00:00+00:00,0.0,0.0,0.374,0.347,25.1,99,988.0,1.6
JMP_JMP_05,2023-07-31 00:00:00+00:00,0.0,0.0,0.338,0.345,26.3,98,988.8,5.4
JMP_JMP_05,2023-07-31 01:00:00+00:00,0.0,0.0,0.338,0.345,28.0,91,989.4,4.9
JMP_JMP_05,2023-07-31 02:00:00+00:00,0.0,0.0,0.338,0.344,29.5,86,990.0,3.9
JMP_JMP_05,2023-07-31 03:00:00+00:00,0.1,0.1,0.338,0.344,31.2,76,989.7,5.7
JMP_JMP_05,2023-07-31 04:00:00+00:00,0.1,0.1,0.337,0.343,32.4,72,989.4,5.6
JMP_JMP_05,2023-07-31 05:00:00+00:00,0.0,0.0,0.335,0.342,33.6,67,988.7,5.8
JMP_JMP_05,2023-07-31 06:00:00+00:00,0.0,0.0,0.333,0.341,34.5,63,987.8,6.0
JMP_JMP_05,2023-07-31 07:00:00+00:00,0.0,0.0,0.331,0.34,35.2,61,986.4,5.5
JMP_JMP_05,2023-07-31 08:00:00+00:00,0.0,0.0,0.329,0.339,35.3,60,985.2,6.1
JMP_JMP_05,2023-07-31 09:00:00+00:00,0.0,0.0,0.327,0.338,34.9,61,984.5,5.8
JMP_JMP_05,2023-07-31 10:00:00+00:00,0.5,0.5,0.33,0.338,32.8,77,984.4,2.9
JMP_JMP_05,2023-07-31 11:00:00+00:00,3.3,3.3,0.364,0.337,30.1,87,985.4,13.0
JMP_JMP_05,2023-07-31 12:00:00+00:00,0.2,0.2,0.329,0.337,30.4,93,985.1,4.1
JMP_JMP_05,2023-07-31 13:00:00+00:00,0.0,0.0,0.329,0.337,29.7,96,985.9,3.2
JMP_JMP_05,2023-07-31 14:00:00+00:00,0.0,0.0,0.329,0.337,29.4,92,987.2,10.8
JMP_JMP_05,2023-07-31 15:00:00+00:00,0.1,0.1,0.33,0.337,28.6,85,988.5,14.1
JMP_JMP_05,2023-07-31 16:00:00+00:00,6.1,6.1,0.401,0.337,26.3,95,989.4,12.0
JMP_JMP_05,2023-07-31 17:00:00+00:00,7.1,7.1,0.431,0.357,25.9,100,989.5,9.9
JMP_JMP_05,2023-07-31 18:00:00+00:00,0.1,0.1,0.419,0.361,26.4,97,988.7,8.4
JMP_JMP_05,2023-07-31 19:00:00+00:00,6.2,6.2,0.439,0.381,26.0,98,988.3,4.6
JMP_JMP_05,2023-07-31 20:00:00+00:00,5.0,5.0,0.429,0.405,25.8,100,988.3,3.3
JMP_JMP_05,2023-07-31 21:00:00+00:00,0.1,0.1,0.424,0.407,25.8,99,987.0,4.7
JMP_JMP_05,2023-07-31 22:00:00+00:00,0.0,0.0,0.419,0.407,25.7,99,986.9,5.6
JMP_JMP_05,2023-07-31 23:00:00+00:00,0.0,0.0,0.416,0.408,25.6,99,986.6,5.5
JMP_JMP_05,2023-08-01 00:00:00+00:00,0.0,0.0,0.398,0.364,26.6,97,986.6,8.2
JMP_JMP_05,2023-08-01 01:00:00+00:00,0.0,0.0,0.395,0.365,28.1,95,987.4,5.2
JMP_JMP_05,2023-08-01 02:00:00+00:00,0.0,0.0,0.393,0.365,29.4,88,987.4,7.7
JMP_JMP_05,2023-08-01 03:00:00+00:00,0.0,0.0,0.39,0.366,30.7,80,987.2,9.8
JMP_JMP_05,2023-08-01 04:00:00+00:00,0.0,0.0,0.387,0.366,32.2,74,986.9,10.5
JMP_JMP_05,2023-08-01 05:00:00+00:00,0.0,0.0,0.384,0.365,33.6,68,986.5,9.4
JMP_JMP_05,2023-08-01 06:00:00+00:00,0.0,0.0,0.381,0.364,35.3,60,985.5,9.7
JMP_JMP_05,2023-08-01 07:00:00+00:00,0.0,0.0,0.377,0.363,35.0,60,984.4,9.9
JMP_JMP_05,2023-08-01 08:00:00+00:00,3.1,3.1,0.406,0.363,33.1,73,983.8,6.1
JMP_JMP_05,2023-08-01 09:00:00+00:00,16.7,16.7,0.439,0.388,29.2,93,984.6,19.0
JMP_JMP_05,2023-08-01 10:00:00+00:00,10.6,10.6,0.433,0.413,28.6,95,985.1,5.4
JMP_JMP_05,2023-08-01 11:00:00+00:00,0.0,0.0,0.425,0.414,28.6,92,985.1,10.4
JMP_JMP_05,2023-08-01 12:00:00+00:00,0.0,0.0,0.418,0.423,28.7,95,985.9,4.0
JMP_JMP_05,2023-08-01 13:00:00+00:00,0.0,0.0,0.416,0.422,27.6,99,986.7,4.6
JMP_JMP_05,2023-08-01 14:00:00+00:00,0.0,0.0,0.414,0.421,27.7,98,987.8,3.1
JMP_JMP_05,2023-08-01 15:00:00+00:00,3.7,3.7,0.439,0.424,27.1,98,989.1,9.4
JMP_JMP_05,2023-08-01 16:00:00+00:00,2.9,2.9,0.432,0.432,26.8,97,989.0,6.8
JMP_JMP_05,2023-08-01 17:00:00+00:00,0.0,0.0,0.427,0.43,26.8,97,988.9,2.3
JMP_JMP_05,2023-08-01 18:00:00+00:00,0.0,0.0,0.424,0.428,26.4,99,989.0,3.3
JMP_JMP_05,2023-08-01 19:00:00+00:00,0.0,0.0,0.421,0.427,26.4,99,988.6,2.4
JMP_JMP_05,2023-08-01 20:00:00+00:00,6.4,6.4,0.439,0.433,26.2,100,988.9,6.1
JMP_JMP_05,2023-08-01 21:00:00+00:00,3.4,3.4,0.427,0.435,26.0,100,988.7,4.6
JMP_JMP_05,2023-08-01 22:00:00+00:00,0.3,0.3,0.426,0.432,25.8,100,988.5,5.3
JMP_JMP_05,2023-08-01 23:00:00+00:00,0.1,0.1,0.424,0.43,25.6,100,989.0,6.5
JMP_JMP_05,2023-08-02 00:00:00+00:00,0.4,0.4,0.421,0.426,26.7,96,989.6,4.6
JMP_JMP_05,2023-08-02 01:00:00+00:00,0.0,0.0,0.419,0.425,28.2,97,990.6,3.2
JMP_JMP_05,2023-08-02 02:00:00+00:00,1.9,1.9,0.43,0.426,29.1,85,991.7,6.5
JMP_JMP_05,2023-08-02 03:00:00+00:00,0.0,0.0,0.426,0.426,29.2,88,991.8,4.1
JMP_JMP_05,2023-08-02 04:00:00+00:00,0.2,0.2,0.424,0.424,30.2,83,992.0,3.4
JMP_JMP_05,2023-08-02 05:00:00+00:00,0.1,0.1,0.42,0.423,30.9,79,991.1,3.1
JMP_JMP_05,2023-08-02 06:00:00+00:00,2.7,2.7,0.439,0.422,31.0,74,991.0,11.9
JMP_JMP_05,2023-08-02 07:00:00+00:00,0.1,0.1,0.427,0.424,30.0,78,990.2,9.3
JMP_JMP_05,2023-08-02 08:00:00+00:00,0.1,0.1,0.423,0.423,29.4,80,989.6,10.5
JMP_JMP_05,2023-08-02 09:00:00+00:00,0.1,0.1,0.421,0.422,29.2,80,989.0,12.0
JMP_JMP_05,2023-08-02 10:00:00+00:00,0.0,0.0,0.418,0.421,28.9,79,989.2,15.9
JMP_JMP_05,2023-08-02 11:00:00+00:00,0.0,0.0,0.415,0.42,28.4,82,989.4,11.2
JMP_JMP_05,2023-08-02 12:00:00+00:00,0.0,0.0,0.417,0.424,27.9,83,990.4,11.3
JMP_JMP_05,2023-08-02 13:00:00+00:00,0.0,0.0,0.415,0.423,27.2,84,990.8,9.4
JMP_JMP_05,2023-08-02 14:00:00+00:00,0.0,0.0,0.413,0.422,26.8,86,991.8,5.4
JMP_JMP_05,2023-08-02 15:00:00+00:00,0.0,0.0,0.412,0.421,26.0,93,992.5,4.4
JMP_JMP_05,2023-08-02 16:00:00+00:00,0.0,0.0,0.411,0.42,25.9,93,993.0,3.0
JMP_JMP_05,2023-08-02 17:00:00+00:00,0.0,0.0,0.409,0.419,25.7,95,993.4,2.6
JMP_JMP_05,2023-08-02 18:00:00+00:00,0.0,0.0,0.408,0.418,25.5,97,993.3,2.3
JMP_JMP_05,2023-08-02 19:00:00+00:00,0.0,0.0,0.407,0.417,25.5,98,992.8,1.9
JMP_JMP_05,2023-08-02 20:00:00+00:00,0.0,0.0,0.406,0.416,25.6,97,992.1,3.7
JMP_JMP_05,2023-08-02 21:00:00+00:00,0.0,0.0,0.405,0.416,25.7,98,992.3,4.0
JMP_JMP_05,2023-08-02 22:00:00+00:00,0.0,0.0,0.405,0.415,25.5,98,992.2,2.4
JMP_JMP_05,2023-08-02 23:00:00+00:00,0.0,0.0,0.404,0.414,25.6,96,992.3,4.3
JMP_JMP_05,2023-08-03 00:00:00+00:00,0.0,0.0,0.402,0.413,26.3,99,992.5,6.6
JMP_JMP_05,2023-08-03 01:00:00+00:00,0.1,0.1,0.401,0.412,27.4,94,992.8,4.7
JMP_JMP_05,2023-08-03 02:00:00+00:00,0.1,0.1,0.401,0.411,28.2,88,993.3,3.7
JMP_JMP_05,2023-08-03 03:00:00+00:00,0.1,0.1,0.4,0.411,29.0,84,993.5,1.8
JMP_JMP_05,2023-08-03 04:00:00+00:00,0.3,0.3,0.401,0.41,29.1,84,993.4,3.9
JMP_JMP_05,2023-08-03 05:00:00+00:00,0.4,0.4,0.402,0.409,29.4,80,992.9,6.5
JMP_JMP_05,2023-08-03 06:00:00+00:00,0.4,0.4,0.403,0.408,29.6,77,992.3,7.9
JMP_JMP_05,2023-08-03 07:00:00+00:00,0.1,0.1,0.402,0.407,30.3,78,991.2,8.2
JMP_JMP_05,2023-08-03 08:00:00+00:00,5.2,5.2,0.434,0.412,27.6,89,991.0,14.6
JMP_JMP_05,2023-08-03 09:00:00+00:00,0.5,0.5,0.428,0.415,26.9,95,990.3,11.9
JMP_JMP_05,2023-08-03 10:00:00+00:00,0.2,0.2,0.424,0.415,27.8,90,990.2,12.3
JMP_JMP_05,2023-08-03 11:00:00+00:00,0.1,0.1,0.421,0.415,27.8,89,990.2,12.3
JMP_JMP_05,2023-08-03 12:00:00+00:00,0.0,0.0,0.411,0.413,27.6,87,991.9,10.7
JMP_JMP_05,2023-08-03 13:00:00+00:00,0.0,0.0,0.41,0.413,26.8,89,992.9,10.1
JMP_JMP_05,2023-08-03 14:00:00+00:00,0.0,0.0,0.409,0.412,26.4,89,993.7,10.2
JMP_JMP_05,2023-08-03 15:00:00+00:00,0.0,0.0,0.407,0.412,26.2,90,994.7,9.4
JMP_JMP_05,2023-08-03 16:00:00+00:00,0.0,0.0,0.406,0.411,26.1,89,994.9,9.3
JMP_JMP_05,2023-08-03 17:00:00+00:00,0.0,0.0,0.405,0.411,26.2,89,995.1,8.6
JMP_JMP_05,2023-08-03 18:00:00+00:00,0.0,0.0,0.404,0.41,25.9,89,995.0,7.3
JMP_JMP_05,2023-08-03 19:00:00+00:00,0.0,0.0,0.403,0.41,25.7,90,994.6,6.9
JMP_JMP_05,2023-08-03 20:00:00+00:00,0.0,0.0,0.402,0.41,25.4,91,994.3,5.2
JMP_JMP_05,2023-08-03 21:00:00+00:00,0.0,0.0,0.401,0.409,25.2,92,993.9,5.5
JMP_JMP_05,2023-08-03 22:00:00+00:00,0.0,0.0,0.401,0.409,24.9,93,993.9,4.8
JMP_JMP_05,2023-08-03 23:00:00+00:00,0.0,0.0,0.4,0.408,24.9,93,994.2,4.6
JMP_JMP_05,2023-08-04 00:00:00+00:00,0.0,0.0,0.395,0.406,25.9,94,994.6,5.7
JMP_JMP_05,2023-08-04 01:00:00+00:00,0.0,0.0,0.395,0.406,27.3,87,995.1,8.9
JMP_JMP_05,2023-08-04 02:00:00+00:00,0.0,0.0,0.394,0.405,28.2,82,995.6,11.6
JMP_JMP_05,2023-08-04 03:00:00+00:00,0.0,0.0,0.393,0.404,28.0,81,995.7,10.5
JMP_JMP_05,2023-08-04 04:00:00+00:00,0.0,0.0,0.392,0.404,28.9,76,995.8,13.7
JMP_JMP_05,2023-08-04 05:00:00+00:00,0.0,0.0,0.391,0.403,29.0,76,995.4,13.1
JMP_JMP_05,2023-08-04 06:00:00+00:00,0.1,0.1,0.389,0.402,30.9,70,994.6,12.1
JMP_JMP_05,2023-08-04 07:00:00+00:00,1.3,1.3,0.396,0.401,29.6,76,994.0,17.1
JMP_JMP_05,2023-08-04 08:00:00+00:00,0.8,0.8,0.401,0.4,29.0,83,993.5,15.1
JMP_JMP_05,2023-08-04 09:00:00+00:00,1.3,1.3,0.41,0.4,28.1,86,993.4,16.6
JMP_JMP_05,2023-08-04 10:00:00+00:00,0.1,0.1,0.409,0.4,27.1,92,993.3,14.5
JMP_JMP_05,2023-08-04 11:00:00+00:00,0.2,0.2,0.408,0.4,27.0,92,993.5,13.6
JMP_JMP_05,2023-08-04 12:00:00+00:00,0.0,0.0,0.384,0.397,27.2,88,994.5,13.3
JMP_JMP_05,2023-08-04 13:00:00+00:00,0.0,0.0,0.383,0.397,26.6,89,995.1,13.4
JMP_JMP_05,2023-08-04 14:00:00+00:00,0.0,0.0,0.383,0.397,26.3,90,996.1,12.7
JMP_JMP_05,2023-08-04 15:00:00+00:00,0.0,0.0,0.383,0.396,26.2,90,997.2,11.9
JMP_JMP_05,2023-08-04 16:00:00+00:00,0.0,0.0,0.383,0.396,26.1,90,997.5,12.2
JMP_JMP_05,2023-08-04 17:00:00+00:00,0.0,0.0,0.383,0.396,25.8,90,997.6,11.7
JMP_JMP_05,2023-08-04 18:00:00+00:00,0.0,0.0,0.383,0.395,25.6,89,997.3,12.1
JMP_JMP_05,2023-08-04 19:00:00+00:00,0.0,0.0,0.382,0.395,25.5,89,996.9,11.6
JMP_JMP_05,2023-08-04 20:00:00+00:00,0.0,0.0,0.382,0.395,25.4,89,996.4,11.7
JMP_JMP_05,2023-08-04 21:00:00+00:00,0.0,0.0,0.382,0.394,25.3,90,996.0,12.6
JMP_JMP_05,2023-08-04 22:00:00+00:00,0.0,0.0,0.382,0.394,25.2,89,996.0,12.2
JMP_JMP_05,2023-08-04 23:00:00+00:00,0.0,0.0,0.382,0.394,25.1,89,995.9,12.3
JMP_JMP_05,2023-08-05 00:00:00+00:00,0.0,0.0,0.379,0.393,25.6,92,996.4,9.4
JMP_JMP_05,2023-08-05 01:00:00+00:00,0.0,0.0,0.379,0.393,26.8,87,997.1,12.0
JMP_JMP_05,2023-08-05 02:00:00+00:00,0.0,0.0,0.378,0.392,28.1,80,997.7,13.8
JMP_JMP_05,2023-08-05 03:00:00+00:00,0.0,0.0,0.377,0.391,29.1,77,997.7,12.3
JMP_JMP_05,2023-08-05 04:00:00+00:00,0.1,0.1,0.376,0.39,29.8,74,997.2,15.8
JMP_JMP_05,2023-08-05 05:00:00+00:00,0.2,0.2,0.376,0.389,30.8,70,996.7,14.9
JMP_JMP_05,2023-08-05 06:00:00+00:00,0.1,0.1,0.375,0.388,31.2,70,996.0,14.9
JMP_JMP_05,2023-08-05 07:00:00+00:00,0.1,0.1,0.373,0.387,31.3,67,994.8,17.2
JMP_JMP_05,2023-08-05 08:00:00+00:00,0.1,0.1,0.372,0.386,31.5,70,993.7,16.5
JMP_JMP_05,2023-08-05 09:00:00+00:00,0.7,0.7,0.376,0.386,29.4,81,993.1,15.1
JMP_JMP_05,2023-08-05 10:00:00+00:00,0.1,0.1,0.375,0.385,29.6,75,992.8,17.0
JMP_JMP_05,2023-08-05 11:00:00+00:00,0.0,0.0,0.374,0.384,29.2,78,992.9,16.5
JMP_JMP_05,2023-08-05 12:00:00+00:00,0.1,0.1,0.367,0.383,27.6,86,994.3,14.8
JMP_JMP_05,2023-08-05 13:00:00+00:00,0.1,0.1,0.367,0.383,27.1,87,994.9,13.4
JMP_JMP_05,2023-08-05 14:00:00+00:00,0.1,0.1,0.368,0.382,26.7,89,995.6,12.7
JMP_JMP_05,2023-08-05 15:00:00+00:00,0.2,0.2,0.369,0.382,26.4,91,996.5,14.0
JMP_JMP_05,2023-08-05 16:00:00+00:00,0.1,0.1,0.369,0.382,26.1,92,996.4,14.5
JMP_JMP_05,2023-08-05 17:00:00+00:00,0.0,0.0,0.37,0.382,25.9,92,996.0,14.8
JMP_JMP_05,2023-08-05 18:00:00+00:00,0.0,0.0,0.37,0.382,25.7,91,995.4,14.5
JMP_JMP_05,2023-08-05 19:00:00+00:00,0.0,0.0,0.37,0.381,25.5,91,994.6,14.1
JMP_JMP_05,2023-08-05 20:00:00+00:00,0.0,0.0,0.37,0.381,25.4,91,994.0,14.5
JMP_JMP_05,2023-08-05 21:00:00+00:00,0.0,0.0,0.37,0.381,25.4,90,993.3,14.1
JMP_JMP_05,2023-08-05 22:00:00+00:00,0.0,0.0,0.37,0.381,25.3,90,993.0,14.0
JMP_JMP_05,2023-08-05 23:00:00+00:00,0.0,0.0,0.37,0.381,25.3,89,992.9,14.4
JMP_JMP_05,2023-08-06 00:00:00+00:00,0.0,0.0,0.363,0.379,26.0,89,993.5,11.9
JMP_JMP_05,2023-08-06 01:00:00+00:00,0.0,0.0,0.363,0.379,27.0,85,993.9,11.2
JMP_JMP_05,2023-08-06 02:00:00+00:00,0.2,0.2,0.364,0.378,27.3,84,994.1,13.7
JMP_JMP_05,2023-08-06 03:00:00+00:00,0.1,0.1,0.364,0.378,27.9,80,994.0,16.6
JMP_JMP_05,2023-08-06 04:00:00+00:00,0.0,0.0,0.363,0.377,28.5,78,993.9,18.5
JMP_JMP_05,2023-08-06 05:00:00+00:00,2.1,2.1,0.381,0.377,27.3,86,993.6,16.7
JMP_JMP_05,2023-08-06 06:00:00+00:00,3.0,3.0,0.409,0.377,27.1,91,992.9,16.7
JMP_JMP_05,2023-08-06 07:00:00+00:00,0.5,0.5,0.409,0.378,27.4,89,991.5,17.8
JMP_JMP_05,2023-08-06 08:00:00+00:00,0.2,0.2,0.406,0.379,28.7,85,990.5,16.3
JMP_JMP_05,2023-08-06 09:00:00+00:00,1.2,1.2,0.41,0.38,27.9,85,990.0,19.0
JMP_JMP_05,2023-08-06 10:00:00+00:00,0.3,0.3,0.409,0.381,27.8,89,989.8,16.1
JMP_JMP_05,2023-08-06 11:00:00+00:00,4.7,4.7,0.428,0.388,25.8,97,990.0,14.8
JMP_JMP_05,2023-08-06 12:00:00+00:00,0.4,0.4,0.399,0.376,26.3,93,991.2,14.6
JMP_JMP_05,2023-08-06 13:00:00+00:00,0.2,0.2,0.398,0.376,26.0,95,991.5,14.6
JMP_JMP_05,2023-08-06 14:00:00+00:00,0.1,0.1,0.397,0.377,25.4,93,992.0,15.2
JMP_JMP_05,2023-08-06 15:00:00+00:00,0.0,0.0,0.395,0.377,25.4,93,992.6,14.4
JMP_JMP_05,2023-08-06 16:00:00+00:00,0.0,0.0,0.394,0.378,25.4,92,992.9,15.1
JMP_JMP_05,2023-08-06 17:00:00+00:00,0.0,0.0,0.392,0.378,25.3,91,992.5,13.7
JMP_JMP_05,2023-08-06 18:00:00+00:00,0.0,0.0,0.391,0.378,25.1,91,991.6,15.1
JMP_JMP_05,2023-08-06 19:00:00+00:00,0.1,0.1,0.39,0.378,24.9,91,990.4,13.3
JMP_JMP_05,2023-08-06 20:00:00+00:00,0.0,0.0,0.39,0.379,24.8,91,990.0,14.8
JMP_JMP_05,2023-08-06 21:00:00+00:00,0.1,0.1,0.389,0.379,24.7,90,989.6,15.1
JMP_JMP_05,2023-08-06 22:00:00+00:00,0.1,0.1,0.389,0.379,24.7,91,989.3,14.0
JMP_JMP_05,2023-08-06 23:00:00+00:00,0.2,0.2,0.389,0.379,24.6,92,989.5,13.0
JMP_JMP_05,2023-08-07 00:00:00+00:00,1.1,1.1,0.432,0.378,25.1,95,989.6,15.5
JMP_JMP_05,2023-08-07 01:00:00+00:00,1.0,1.0,0.426,0.382,25.4,95,990.0,14.1
JMP_JMP_05,2023-08-07 02:00:00+00:00,0.7,0.7,0.423,0.385,26.0,95,990.4,14.5
JMP_JMP_05,2023-08-07 03:00:00+00:00,0.4,0.4,0.419,0.387,26.5,93,990.4,15.9
JMP_JMP_05,2023-08-07 04:00:00+00:00,0.2,0.2,0.415,0.388,27.9,85,990.7,18.7
JMP_JMP_05,2023-08-07 05:00:00+00:00,0.1,0.1,0.411,0.389,28.7,80,990.0,18.8
JMP_JMP_05,2023-08-07 06:00:00+00:00,0.1,0.1,0.407,0.389,28.9,79,989.4,16.7
JMP_JMP_05,2023-08-07 07:00:00+00:00,0.1,0.1,0.404,0.389,29.7,75,988.3,15.9
JMP_JMP_05,2023-08-07 08:00:00+00:00,0.3,0.3,0.403,0.388,29.5,73,987.6,16.9
JMP_JMP_05,2023-08-07 09:00:00+00:00,0.7,0.7,0.405,0.389,28.0,83,986.9,12.6
JMP_JMP_05,2023-08-07 10:00:00+00:00,0.2,0.2,0.403,0.389,28.0,86,986.9,13.4
JMP_JMP_05,2023-08-07 11:00:00+00:00,0.0,0.0,0.401,0.389,27.6,86,987.2,13.1
JMP_JMP_05,2023-08-07 12:00:00+00:00,0.1,0.1,0.426,0.428,25.7,95,988.5,13.0
JMP_JMP_05,2023-08-07 13:00:00+00:00,0.1,0.1,0.423,0.427,25.3,95,989.1,11.9
JMP_JMP_05,2023-08-07 14:00:00+00:00,0.1,0.1,0.421,0.426,25.0,95,990.2,11.9
JMP_JMP_05,2023-08-07 15:00:00+00:00,0.1,0.1,0.42,0.425,24.9,94,990.9,12.7
JMP_JMP_05,2023-08-07 16:00:00+00:00,2.2,2.2,0.432,0.428,24.0,100,991.1,8.4
JMP_JMP_05,2023-08-07 17:00:00+00:00,0.1,0.1,0.428,0.427,24.5,96,991.1,12.4
JMP_JMP_05,2023-08-07 18:00:00+00:00,0.0,0.0,0.424,0.426,24.5,96,990.7,13.7
JMP_JMP_05,2023-08-07 19:00:00+00:00,0.1,0.1,0.422,0.426,24.4,96,989.9,12.2
JMP_JMP_05,2023-08-07 20:00:00+00:00,1.6,1.6,0.433,0.426,23.8,100,989.5,9.7
JMP_JMP_05,2023-08-07 21:00:00+00:00,0.6,0.6,0.434,0.427,23.8,100,989.5,9.4
JMP_JMP_05,2023-08-07 22:00:00+00:00,1.0,1.0,0.436,0.429,23.9,100,989.6,8.0
JMP_JMP_05,2023-08-07 23:00:00+00:00,0.5,0.5,0.433,0.429,23.9,100,989.4,9.0
JMP_JMP_05,2023-08-08 00:00:00+00:00,0.1,0.1,0.419,0.424,24.7,97,989.8,7.1
JMP_JMP_05,2023-08-08 01:00:00+00:00,0.1,0.1,0.417,0.423,25.3,96,990.6,9.0
JMP_JMP_05,2023-08-08 02:00:00+00:00,0.1,0.1,0.416,0.423,26.1,95,991.4,12.7
JMP_JMP_05,2023-08-08 03:00:00+00:00,0.6,0.6,0.418,0.422,26.4,93,991.9,14.4
JMP_JMP_05,2023-08-08 04:00:00+00:00,0.2,0.2,0.417,0.421,27.4,89,992.2,14.8
JMP_JMP_05,2023-08-08 05:00:00+00:00,0.1,0.1,0.415,0.42,27.8,84,992.0,15.8
JMP_JMP_05,2023-08-08 06:00:00+00:00,0.6,0.6,0.417,0.42,27.1,86,991.6,13.7
JMP_JMP_05,2023-08-08 07:00:00+00:00,0.5,0.5,0.418,0.419,26.5,91,991.0,14.2
JMP_JMP_05,2023-08-08 08:00:00+00:00,0.1,0.1,0.416,0.418,28.2,83,990.4,15.4
JMP_JMP_05,2023-08-08 09:00:00+00:00,0.2,0.2,0.415,0.418,27.2,89,990.2,14.2
JMP_JMP_05,2023-08-08 10:00:00+00:00,0.4,0.4,0.416,0.418,26.4,93,990.2,11.9
JMP_JMP_05,2023-08-08 11:00:00+00:00,0.1,0.1,0.415,0.417,26.5,94,990.8,12.0
JMP_JMP_05,2023-08-08 12:00:00+00:00,0.0,0.0,0.417,0.427,26.5,91,992.3,10.1
JMP_JMP_05,2023-08-08 13:00:00+00:00,0.2,0.2,0.416,0.426,25.7,93,992.8,10.4
JMP_JMP_05,2023-08-08 14:00:00+00:00,0.0,0.0,0.414,0.425,25.3,95,993.9,8.8
JMP_JMP_05,2023-08-08 15:00:00+00:00,0.1,0.1,0.414,0.424,25.2,96,994.7,9.0
JMP_JMP_05,2023-08-08 16:00:00+00:00,0.3,0.3,0.415,0.423,25.1,96,995.0,10.1
JMP_JMP_05,2023-08-08 17:00:00+00:00,0.1,0.1,0.414,0.423,24.9,97,995.0,9.7
JMP_JMP_05,2023-08-08 18:00:00+00:00,0.1,0.1,0.413,0.422,24.8,97,994.7,8.8
JMP_JMP_05,2023-08-08 19:00:00+00:00,0.0,0.0,0.411,0.421,24.6,97,994.4,9.1
JMP_JMP_05,2023-08-08 20:00:00+00:00,0.0,0.0,0.41,0.421,24.4,97,994.0,8.0
JMP_JMP_05,2023-08-08 21:00:00+00:00,0.0,0.0,0.409,0.42,24.3,97,994.1,7.6
JMP_JMP_05,2023-08-08 22:00:00+00:00,0.0,0.0,0.408,0.419,24.2,97,994.3,7.9
JMP_JMP_05,2023-08-08 23:00:00+00:00,0.0,0.0,0.407,0.419,24.2,97,994.6,8.3
JMP_JMP_05,2023-08-09 00:00:00+00:00,0.0,0.0,0.402,0.417,25.4,96,995.2,6.2
JMP_JMP_05,2023-08-09 01:00:00+00:00,0.0,0.0,0.402,0.416,26.6,90,996.1,10.0
JMP_JMP_05,2023-08-09 02:00:00+00:00,0.1,0.1,0.401,0.415,27.6,86,996.4,11.0
JMP_JMP_05,2023-08-09 03:00:00+00:00,0.1,0.1,0.4,0.414,29.1,77,996.6,8.9
JMP_JMP_05,2023-08-09 04:00:00+00:00,0.3,0.3,0.4,0.413,30.3,72,996.9,5.9
JMP_JMP_05,2023-08-09 05:00:00+00:00,0.2,0.2,0.399,0.412,31.0,70,996.4,6.1
JMP_JMP_05,2023-08-09 06:00:00+00:00,0.0,0.0,0.397,0.411,31.3,70,995.5,5.9
JMP_JMP_05,2023-08-09 07:00:00+00:00,0.0,0.0,0.396,0.41,31.5,68,994.4,5.4
JMP_JMP_05,2023-08-09 08:00:00+00:00,0.0,0.0,0.394,0.409,31.3,69,993.6,4.1
JMP_JMP_05,2023-08-09 09:00:00+00:00,1.0,1.0,0.4,0.408,29.5,83,993.4,4.1
JMP_JMP_05,2023-08-09 10:00:00+00:00,0.2,0.2,0.4,0.407,30.0,76,992.8,6.8
JMP_JMP_05,2023-08-09 11:00:00+00:00,0.2,0.2,0.4,0.407,28.5,89,993.1,3.0
JMP_JMP_05,2023-08-09 12:00:00+00:00,0.0,0.0,0.414,0.415,27.1,93,994.2,8.4
JMP_JMP_05,2023-08-09 13:00:00+00:00,0.1,0.1,0.413,0.415,26.7,93,994.9,6.7
JMP_JMP_05,2023-08-09 14:00:00+00:00,0.0,0.0,0.412,0.415,26.4,94,995.7,10.2
JMP_JMP_05,2023-08-09 15:00:00+00:00,1.5,1.5,0.428,0.414,25.7,95,996.6,5.2
JMP_JMP_05,2023-08-09 16:00:00+00:00,8.2,8.2,0.439,0.436,25.2,100,997.3,2.9
JMP_JMP_05,2023-08-09 17:00:00+00:00,0.3,0.3,0.429,0.435,25.3,96,997.1,8.6
JMP_JMP_05,2023-08-09 18:00:00+00:00,0.0,0.0,0.425,0.433,25.1,97,996.6,9.4
JMP_JMP_05,2023-08-09 19:00:00+00:00,0.0,0.0,0.422,0.432,24.8,98,996.1,7.9
JMP_JMP_05,2023-08-09 20:00:00+00:00,0.0,0.0,0.419,0.43,24.6,98,995.9,7.2
JMP_JMP_05,2023-08-09 21:00:00+00:00,0.0,0.0,0.417,0.429,24.6,97,995.5,7.6
JMP_JMP_05,2023-08-09 22:00:00+00:00,0.0,0.0,0.415,0.428,24.5,97,995.4,7.9
JMP_JMP_05,2023-08-09 23:00:00+00:00,0.0,0.0,0.414,0.427,24.4,97,995.9,7.2
JMP_JMP_05,2023-08-10 00:00:00+00:00,0.0,0.0,0.413,0.416,25.0,96,996.2,8.0
JMP_JMP_05,2023-08-10 01:00:00+00:00,0.0,0.0,0.412,0.415,26.3,95,997.0,7.1
JMP_JMP_05,2023-08-10 02:00:00+00:00,0.0,0.0,0.41,0.415,27.4,89,997.6,8.3
JMP_JMP_05,2023-08-10 03:00:00+00:00,0.0,0.0,0.408,0.414,28.6,82,997.7,12.2
JMP_JMP_05,2023-08-10 04:00:00+00:00,0.0,0.0,0.406,0.414,30.0,73,997.5,11.3
JMP_JMP_05,2023-08-10 05:00:00+00:00,0.1,0.1,0.404,0.412,31.2,69,997.3,11.1
JMP_JMP_05,2023-08-10 06:00:00+00:00,0.1,0.1,0.401,0.411,32.0,67,996.2,8.9
JMP_JMP_05,2023-08-10 07:00:00+00:00,0.0,0.0,0.399,0.41,31.3,69,994.9,7.6
JMP_JMP_05,2023-08-10 08:00:00+00:00,3.9,3.9,0.434,0.411,28.9,86,994.5,8.2
JMP_JMP_05,2023-08-10 09:00:00+00:00,1.7,1.7,0.435,0.415,28.9,83,994.0,6.6
JMP_JMP_05,2023-08-10 10:00:00+00:00,0.2,0.2,0.428,0.417,28.8,85,993.5,7.4
JMP_JMP_05,2023-08-10 11:00:00+00:00,0.0,0.0,0.423,0.418,28.7,86,993.6,6.4
JMP_JMP_05,2023-08-10 12:00:00+00:00,0.4,0.4,0.406,0.408,27.9,87,995.8,7.5
JMP_JMP_05,2023-08-10 13:00:00+00:00,0.0,0.0,0.405,0.408,26.9,91,996.6,6.1
JMP_JMP_05,2023-08-10 14:00:00+00:00,0.0,0.0,0.404,0.408,26.5,92,997.4,7.2
JMP_JMP_05,2023-08-10 15:00:00+00:00,0.0,0.0,0.403,0.408,26.2,91,998.1,6.3
JMP_JMP_05,2023-08-10 16:00:00+00:00,0.0,0.0,0.402,0.408,25.9,92,998.6,6.8
JMP_JMP_05,2023-08-10 17:00:00+00:00,0.0,0.0,0.401,0.407,25.7,93,998.2,7.6
JMP_JMP_05,2023-08-10 18:00:00+00:00,0.0,0.0,0.401,0.407,25.4,93,998.0,7.7
JMP_JMP_05,2023-08-10 19:00:00+00:00,0.0,0.0,0.4,0.407,25.4,93,997.4,7.2
JMP_JMP_05,2023-08-10 20:00:00+00:00,0.0,0.0,0.399,0.407,25.2,94,996.8,7.3
JMP_JMP_05,2023-08-10 21:00:00+00:00,0.0,0.0,0.399,0.407,24.9,96,996.6,7.6
JMP_JMP_05,2023-08-10 22:00:00+00:00,0.0,0.0,0.398,0.406,24.7,97,996.4,6.6
JMP_JMP_05,2023-08-10 23:00:00+00:00,0.0,0.0,0.398,0.406,24.5,97,996.6,6.5
JMP_JMP_05,2023-08-11 00:00:00+00:00,0.0,0.0,0.394,0.404,25.4,96,996.8,7.8
JMP_JMP_05,2023-08-11 01:00:00+00:00,0.0,0.0,0.393,0.404,26.7,89,997.5,9.4
JMP_JMP_05,2023-08-11 02:00:00+00:00,0.0,0.0,0.392,0.403,28.0,82,997.9,11.5
JMP_JMP_05,2023-08-11 03:00:00+00:00,0.0,0.0,0.391,0.402,29.3,76,997.6,9.5
JMP_JMP_05,2023-08-11 04:00:00+00:00,0.1,0.1,0.39,0.401,30.1,72,997.5,10.1
JMP_JMP_05,2023-08-11 05:00:00+00:00,0.1,0.1,0.389,0.401,30.1,72,996.8,10.4
JMP_JMP_05,2023-08-11 06:00:00+00:00,0.2,0.2,0.388,0.4,31.1,68,995.3,7.7
JMP_JMP_05,2023-08-11 07:00:00+00:00,0.0,0.0,0.386,0.399,31.5,66,994.3,8.1
JMP_JMP_05,2023-08-11 08:00:00+00:00,0.0,0.0,0.384,0.397,31.8,64,992.9,8.4
JMP_JMP_05,2023-08-11 09:00:00+00:00,0.1,0.1,0.383,0.396,31.6,65,992.3,9.5
JMP_JMP_05,2023-08-11 10:00:00+00:00,0.1,0.1,0.382,0.396,31.0,72,991.6,8.2
JMP_JMP_05,2023-08-11 11:00:00+00:00,0.2,0.2,0.383,0.395,29.6,81,991.9,7.6
JMP_JMP_05,2023-08-11 12:00:00+00:00,0.0,0.0,0.375,0.393,28.3,82,993.9,11.5
JMP_JMP_05,2023-08-11 13:00:00+00:00,0.1,0.1,0.376,0.393,27.3,85,994.5,9.2
JMP_JMP_05,2023-08-11 14:00:00+00:00,0.0,0.0,0.376,0.392,27.0,87,995.6,9.1
JMP_JMP_05,2023-08-11 15:00:00+00:00,0.0,0.0,0.376,0.392,26.5,90,996.5,9.7
JMP_JMP_05,2023-08-11 16:00:00+00:00,0.0,0.0,0.376,0.392,26.3,90,997.3,11.3
JMP_JMP_05,2023-08-11 17:00:00+00:00,0.0,0.0,0.376,0.391,26.0,91,996.9,10.5
JMP_JMP_05,2023-08-11 18:00:00+00:00,0.0,0.0,0.376,0.391,25.7,92,996.1,9.2
JMP_JMP_05,2023-08-11 19:00:00+00:00,0.0,0.0,0.376,0.391,25.5,92,995.5,9.7
JMP_JMP_05,2023-08-11 20:00:00+00:00,0.0,0.0,0.376,0.391,25.5,91,994.9,9.8
JMP_JMP_05,2023-08-11 21:00:00+00:00,0.0,0.0,0.376,0.39,25.4,91,994.6,9.6
JMP_JMP_05,2023-08-11 22:00:00+00:00,0.0,0.0,0.376,0.39,25.2,90,994.5,9.0
JMP_JMP_05,2023-08-11 23:00:00+00:00,0.0,0.0,0.376,0.39,25.0,90,994.9,8.8
JMP_JMP_05,2023-08-12 00:00:00+00:00,0.0,0.0,0.373,0.389,26.0,89,994.5,11.4
JMP_JMP_05,2023-08-12 01:00:00+00:00,0.0,0.0,0.372,0.388,27.1,84,995.3,14.0
JMP_JMP_05,2023-08-12 02:00:00+00:00,0.0,0.0,0.372,0.387,28.4,80,995.5,15.4
JMP_JMP_05,2023-08-12 03:00:00+00:00,0.0,0.0,0.37,0.387,29.4,75,995.7,17.6
JMP_JMP_05,2023-08-12 04:00:00+00:00,0.0,0.0,0.369,0.386,30.1,71,995.5,16.9
JMP_JMP_05,2023-08-12 05:00:00+00:00,0.0,0.0,0.367,0.385,31.2,69,995.5,12.8
JMP_JMP_05,2023-08-12 06:00:00+00:00,0.0,0.0,0.366,0.383,31.8,66,994.1,16.3
JMP_JMP_05,2023-08-12 07:00:00+00:00,0.8,0.8,0.37,0.383,30.0,79,992.8,12.1
JMP_JMP_05,2023-08-12 08:00:00+00:00,0.4,0.4,0.371,0.382,31.0,74,991.7,10.1
JMP_JMP_05,2023-08-12 09:00:00+00:00,0.1,0.1,0.37,0.381,30.9,69,990.8,12.6
JMP_JMP_05,2023-08-12 10:00:00+00:00,0.0,0.0,0.37,0.381,29.5,79,990.9,9.5
JMP_JMP_05,2023-08-12 11:00:00+00:00,0.5,0.5,0.373,0.38,29.4,80,991.2,8.2
JMP_JMP_05,2023-08-12 12:00:00+00:00,0.3,0.3,0.364,0.379,29.2,75,992.4,11.7
JMP_JMP_05,2023-08-12 13:00:00+00:00,0.0,0.0,0.364,0.378,28.4,76,993.2,11.9
JMP_JMP_05,2023-08-12 14:00:00+00:00,0.0,0.0,0.364,0.378,27.7,80,994.1,12.6
JMP_JMP_05,2023-08-12 15:00:00+00:00,0.0,0.0,0.364,0.378,27.3,82,994.6,11.2
JMP_JMP_05,2023-08-12 16:00:00+00:00,0.0,0.0,0.364,0.378,27.0,83,995.5,10.9
JMP_JMP_05,2023-08-12 17:00:00+00:00,0.1,0.1,0.364,0.378,26.6,85,995.2,12.3
JMP_JMP_05,2023-08-12 18:00:00+00:00,0.0,0.0,0.365,0.377,26.5,86,994.9,12.6
JMP_JMP_05,2023-08-12 19:00:00+00:00,0.3,0.3,0.366,0.377,26.3,87,994.5,12.5
JMP_JMP_05,2023-08-12 20:00:00+00:00,0.9,0.9,0.372,0.377,25.8,91,993.7,12.6
JMP_JMP_05,2023-08-12 21:00:00+00:00,0.6,0.6,0.377,0.377,25.3,94,993.4,11.6
JMP_JMP_05,2023-08-12 22:00:00+00:00,0.2,0.2,0.378,0.377,25.0,95,993.2,10.8
JMP_JMP_05,2023-08-12 23:00:00+00:00,0.1,0.1,0.379,0.377,24.9,96,993.8,8.7
JMP_JMP_05,2023-08-13 00:00:00+00:00,0.2,0.2,0.371,0.375,25.9,91,994.6,5.1
JMP_JMP_05,2023-08-13 01:00:00+00:00,0.0,0.0,0.371,0.375,26.6,91,995.6,5.5
JMP_JMP_05,2023-08-13 02:00:00+00:00,0.0,0.0,0.37,0.374,27.9,85,996.2,6.2
JMP_JMP_05,2023-08-13 03:00:00+00:00,0.0,0.0,0.369,0.374,28.3,82,996.6,8.4
JMP_JMP_05,2023-08-13 04:00:00+00:00,0.1,0.1,0.369,0.373,28.5,80,996.5,10.2
JMP_JMP_05,2023-08-13 05:00:00+00:00,0.2,0.2,0.368,0.373,30.2,72,996.1,9.4
JMP_JMP_05,2023-08-13 06:00:00+00:00,0.1,0.1,0.367,0.372,31.0,70,995.4,7.7
JMP_JMP_05,2023-08-13 07:00:00+00:00,0.0,0.0,0.365,0.371,32.2,68,994.0,5.2
JMP_JMP_05,2023-08-13 08:00:00+00:00,0.0,0.0,0.363,0.37,32.6,65,992.4,5.5
JMP_JMP_05,2023-08-13 09:00:00+00:00,0.7,0.7,0.366,0.369,29.9,79,991.9,7.8
JMP_JMP_05,2023-08-13 10:00:00+00:00,0.4,0.4,0.368,0.369,28.5,87,991.6,8.1
JMP_JMP_05,2023-08-13 11:00:00+00:00,0.0,0.0,0.368,0.369,28.7,86,991.7,7.7
JMP_JMP_05,2023-08-13 12:00:00+00:00,0.0,0.0,0.417,0.39,26.3,98,993.8,4.5
JMP_JMP_05,2023-08-13 13:00:00+00:00,0.0,0.0,0.413,0.391,26.1,99,994.8,4.5
JMP_JMP_05,2023-08-13 14:00:00+00:00,0.0,0.0,0.41,0.392,26.1,98,995.5,4.6
JMP_JMP_05,2023-08-13 15:00:00+00:00,0.0,0.0,0.408,0.393,26.0,98,996.3,4.6
JMP_JMP_05,2023-08-13 16:00:00+00:00,0.0,0.0,0.406,0.393,25.9,98,996.9,5.8
JMP_JMP_05,2023-08-13 17:00:00+00:00,0.0,0.0,0.404,0.394,25.6,98,996.9,6.1
JMP_JMP_05,2023-08-13 18:00:00+00:00,0.0,0.0,0.402,0.394,25.3,98,996.8,6.1
JMP_JMP_05,2023-08-13 19:00:00+00:00,0.0,0.0,0.401,0.394,25.0,98,996.4,7.2
JMP_JMP_05,2023-08-13 20:00:00+00:00,0.0,0.0,0.4,0.394,24.7,98,995.7,6.4
JMP_JMP_05,2023-08-13 21:00:00+00:00,0.0,0.0,0.398,0.395,24.6,98,995.3,6.3
JMP_JMP_05,2023-08-13 22:00:00+00:00,0.0,0.0,0.397,0.395,24.5,98,995.4,5.1
JMP_JMP_05,2023-08-13 23:00:00+00:00,0.0,0.0,0.396,0.395,24.5,98,995.5,4.6
JMP_JMP_05,2023-08-14 00:00:00+00:00,0.0,0.0,0.392,0.393,25.0,99,995.7,3.1
JMP_JMP_05,2023-08-14 01:00:00+00:00,0.0,0.0,0.392,0.393,26.5,95,996.5,2.5
JMP_JMP_05,2023-08-14 02:00:00+00:00,0.0,0.0,0.391,0.393,27.6,92,997.1,3.2
JMP_JMP_05,2023-08-14 03:00:00+00:00,0.1,0.1,0.391,0.393,28.7,86,997.3,4.7
JMP_JMP_05,2023-08-14 04:00:00+00:00,0.1,0.1,0.389,0.392,29.8,79,997.2,6.5
JMP_JMP_05,2023-08-14 05:00:00+00:00,0.1,0.1,0.388,0.392,30.3,74,996.7,4.9
JMP_JMP_05,2023-08-14 06:00:00+00:00,0.1,0.1,0.386,0.391,31.8,69,995.7,6.6
JMP_JMP_05,2023-08-14 07:00:00+00:00,0.1,0.1,0.385,0.39,31.9,66,994.1,3.9
JMP_JMP_05,2023-08-14 08:00:00+00:00,0.4,0.4,0.386,0.389,31.0,69,993.4,10.7
JMP_JMP_05,2023-08-14 09:00:00+00:00,0.1,0.1,0.385,0.389,30.1,75,992.3,8.0
JMP_JMP_05,2023-08-14 10:00:00+00:00,0.0,0.0,0.384,0.388,29.9,76,991.9,9.7
JMP_JMP_05,2023-08-14 11:00:00+00:00,0.0,0.0,0.382,0.388,29.4,80,992.2,7.8
JMP_JMP_05,2023-08-14 12:00:00+00:00,0.0,0.0,0.377,0.386,28.5,94,993.4,5.2
JMP_JMP_05,2023-08-14 13:00:00+00:00,0.0,0.0,0.377,0.386,27.7,94,994.1,7.2
JMP_JMP_05,2023-08-14 14:00:00+00:00,0.0,0.0,0.377,0.386,27.4,90,995.0,8.6
JMP_JMP_05,2023-08-14 15:00:00+00:00,0.0,0.0,0.377,0.386,27.2,89,995.9,9.3
JMP_JMP_05,2023-08-14 16:00:00+00:00,0.0,0.0,0.377,0.386,26.8,90,996.5,9.8
JMP_JMP_05,2023-08-14 17:00:00+00:00,0.0,0.0,0.377,0.386,26.6,90,996.9,10.1
JMP_JMP_05,2023-08-14 18:00:00+00:00,0.0,0.0,0.376,0.385,26.3,90,996.6,10.2
JMP_JMP_05,2023-08-14 19:00:00+00:00,0.0,0.0,0.376,0.385,26.0,91,995.9,8.8
JMP_JMP_05,2023-08-14 20:00:00+00:00,0.0,0.0,0.376,0.385,25.6,93,995.5,8.7
JMP_JMP_05,2023-08-14 21:00:00+00:00,0.0,0.0,0.376,0.385,25.5,93,995.4,7.7
JMP_JMP_05,2023-08-14 22:00:00+00:00,0.0,0.0,0.376,0.385,25.3,94,995.6,6.6
JMP_JMP_05,2023-08-14 23:00:00+00:00,0.0,0.0,0.375,0.385,25.2,94,995.8,6.8
JMP_JMP_05,2023-08-15 00:00:00+00:00,0.0,0.0,0.371,0.383,26.1,95,996.1,7.0
JMP_JMP_05,2023-08-15 01:00:00+00:00,0.1,0.1,0.371,0.383,27.2,90,996.8,7.8
JMP_JMP_05,2023-08-15 02:00:00+00:00,0.1,0.1,0.372,0.382,28.3,86,997.0,7.2
JMP_JMP_05,2023-08-15 03:00:00+00:00,0.1,0.1,0.371,0.382,29.7,80,996.9,6.8
JMP_JMP_05,2023-08-15 04:00:00+00:00,0.1,0.1,0.37,0.381,30.6,75,996.7,6.6
JMP_JMP_05,2023-08-15 05:00:00+00:00,0.1,0.1,0.369,0.38,31.7,70,996.3,6.8
JMP_JMP_05,2023-08-15 06:00:00+00:00,0.1,0.1,0.368,0.379,31.6,70,995.6,6.5
JMP_JMP_05,2023-08-15 07:00:00+00:00,1.8,1.8,0.38,0.379,30.3,80,994.5,6.3
JMP_JMP_05,2023-08-15 08:00:00+00:00,2.0,2.0,0.397,0.379,29.8,83,993.1,6.5
JMP_JMP_05,2023-08-15 09:00:00+00:00,0.2,0.2,0.396,0.379,30.3,80,992.3,5.4
JMP_JMP_05,2023-08-15 10:00:00+00:00,0.0,0.0,0.394,0.379,30.8,76,991.6,4.6
JMP_JMP_05,2023-08-15 11:00:00+00:00,0.0,0.0,0.392,0.379,30.1,83,991.8,3.8
JMP_JMP_05,2023-08-15 12:00:00+00:00,0.0,0.0,0.384,0.38,28.1,91,993.7,5.8
JMP_JMP_05,2023-08-15 13:00:00+00:00,0.0,0.0,0.384,0.38,27.6,90,994.4,7.1
JMP_JMP_05,2023-08-15 14:00:00+00:00,0.0,0.0,0.383,0.38,27.2,90,995.5,6.5
JMP_JMP_05,2023-08-15 15:00:00+00:00,0.0,0.0,0.382,0.38,27.1,89,996.5,8.4
JMP_JMP_05,2023-08-15 16:00:00+00:00,0.0,0.0,0.382,0.38,26.9,89,996.8,7.6
JMP_JMP_05,2023-08-15 17:00:00+00:00,0.0,0.0,0.382,0.38,26.5,91,996.6,7.0
JMP_JMP_05,2023-08-15 18:00:00+00:00,0.0,0.0,0.381,0.38,26.4,92,996.5,8.5
JMP_JMP_05,2023-08-15 19:00:00+00:00,1.3,1.3,0.39,0.38,26.2,93,995.8,7.2
JMP_JMP_05,2023-08-15 20:00:00+00:00,0.3,0.3,0.391,0.381,25.8,95,995.6,8.7
JMP_JMP_05,2023-08-15 21:00:00+00:00,0.0,0.0,0.39,0.381,25.5,95,994.8,4.9
JMP_JMP_05,2023-08-15 22:00:00+00:00,0.0,0.0,0.389,0.381,25.7,94,995.1,1.6
JMP_JMP_05,2023-08-15 23:00:00+00:00,0.0,0.0,0.389,0.381,25.2,98,995.4,4.1
JMP_JMP_05,2023-08-16 00:00:00+00:00,0.0,0.0,0.403,0.4,25.4,95,995.6,4.4
JMP_JMP_05,2023-08-16 01:00:00+00:00,1.8,1.8,0.417,0.4,26.1,97,996.4,3.4
JMP_JMP_05,2023-08-16 02:00:00+00:00,2.2,2.2,0.434,0.403,26.4,99,996.8,3.2
JMP_JMP_05,2023-08-16 03:00:00+00:00,1.1,1.1,0.432,0.408,27.3,95,996.6,5.4
JMP_JMP_05,2023-08-16 04:00:00+00:00,0.6,0.6,0.428,0.41,27.2,96,996.8,3.4
JMP_JMP_05,2023-08-16 05:00:00+00:00,0.2,0.2,0.424,0.411,28.0,89,996.5,2.9
JMP_JMP_05,2023-08-16 06:00:00+00:00,0.0,0.0,0.42,0.411,28.6,87,995.1,1.8
JMP_JMP_05,2023-08-16 07:00:00+00:00,0.0,0.0,0.416,0.411,29.7,81,993.1,1.9
JMP_JMP_05,2023-08-16 08:00:00+00:00,0.0,0.0,0.413,0.411,31.5,70,992.2,2.5
JMP_JMP_05,2023-08-16 09:00:00+00:00,0.0,0.0,0.409,0.41,32.0,68,991.0,2.2
JMP_JMP_05,2023-08-16 10:00:00+00:00,0.0,0.0,0.407,0.409,31.8,70,990.8,2.9
JMP_JMP_05,2023-08-16 11:00:00+00:00,0.2,0.2,0.406,0.408,30.5,79,991.6,6.9
JMP_JMP_05,2023-08-16 12:00:00+00:00,7.0,7.0,0.388,0.394,27.9,92,992.4,3.4
JMP_JMP_05,2023-08-16 13:00:00+00:00,0.0,0.0,0.387,0.394,26.4,97,993.7,2.9
JMP_JMP_05,2023-08-16 14:00:00+00:00,0.0,0.0,0.387,0.393,26.1,99,994.6,3.7
JMP_JMP_05,2023-08-16 15:00:00+00:00,0.0,0.0,0.387,0.393,25.8,99,995.7,2.2
JMP_JMP_05,2023-08-16 16:00:00+00:00,0.0,0.0,0.386,0.393,25.5,99,996.2,2.8
JMP_JMP_05,2023-08-16 17:00:00+00:00,0.0,0.0,0.386,0.393,25.4,99,995.6,4.2
JMP_JMP_05,2023-08-16 18:00:00+00:00,0.0,0.0,0.386,0.393,24.8,99,995.4,3.4
JMP_JMP_05,2023-08-16 19:00:00+00:00,0.0,0.0,0.385,0.393,24.8,100,994.6,3.1
JMP_JMP_05,2023-08-16 20:00:00+00:00,0.0,0.0,0.385,0.393,24.7,99,994.4,3.1
JMP_JMP_05,2023-08-16 21:00:00+00:00,0.0,0.0,0.385,0.392,24.2,100,994.3,3.1
JMP_JMP_05,2023-08-16 22:00:00+00:00,0.0,0.0,0.384,0.392,24.4,100,994.2,2.8
JMP_JMP_05,2023-08-16 23:00:00+00:00,0.0,0.0,0.384,0.392,24.3,100,994.3,3.3
JMP_JMP_05,2023-08-17 00:00:00+00:00,0.0,0.0,0.378,0.39,25.9,97,994.1,2.8
JMP_JMP_05,2023-08-17 01:00:00+00:00,0.0,0.0,0.378,0.39,27.9,92,994.8,1.1
JMP_JMP_05,2023-08-17 02:00:00+00:00,0.0,0.0,0.377,0.389,29.5,82,995.2,2.3
JMP_JMP_05,2023-08-17 03:00:00+00:00,0.0,0.0,0.375,0.389,31.1,73,995.1,4.3
JMP_JMP_05,2023-08-17 04:00:00+00:00,0.0,0.0,0.374,0.388,32.3,69,995.0,3.6
JMP_JMP_05,2023-08-17 05:00:00+00:00,0.0,0.0,0.371,0.386,33.3,66,994.5,3.4
JMP_JMP_05,2023-08-17 06:00:00+00:00,0.0,0.0,0.369,0.385,33.9,63,993.3,3.2
JMP_JMP_05,2023-08-17 07:00:00+00:00,0.0,0.0,0.367,0.384,34.5,62,991.9,3.0
JMP_JMP_05,2023-08-17 08:00:00+00:00,0.0,0.0,0.365,0.383,34.5,62,991.2,2.3
JMP_JMP_05,2023-08-17 09:00:00+00:00,0.8,0.8,0.369,0.382,33.0,67,990.5,4.2
JMP_JMP_05,2023-08-17 10:00:00+00:00,0.2,0.2,0.37,0.381,31.3,83,990.1,2.9
JMP_JMP_05,2023-08-17 11:00:00+00:00,0.0,0.0,0.369,0.381,31.4,84,990.4,4.5
JMP_JMP_05,2023-08-17 12:00:00+00:00,0.0,0.0,0.356,0.376,30.2,84,992.3,6.1
JMP_JMP_05,2023-08-17 13:00:00+00:00,0.0,0.0,0.356,0.375,29.3,84,993.6,8.0
JMP_JMP_05,2023-08-17 14:00:00+00:00,0.0,0.0,0.356,0.375,28.7,86,994.5,8.0
JMP_JMP_05,2023-08-17 15:00:00+00:00,0.0,0.0,0.356,0.375,28.5,87,995.2,10.8
JMP_JMP_05,2023-08-17 16:00:00+00:00,0.0,0.0,0.357,0.375,28.1,87,995.6,11.7
JMP_JMP_05,2023-08-17 17:00:00+00:00,0.5,0.5,0.36,0.375,27.3,88,996.1,6.3
JMP_JMP_05,2023-08-17 18:00:00+00:00,0.7,0.7,0.365,0.374,26.7,92,995.7,2.2
JMP_JMP_05,2023-08-17 19:00:00+00:00,0.2,0.2,0.367,0.374,26.1,95,995.3,5.5
JMP_JMP_05,2023-08-17 20:00:00+00:00,0.0,0.0,0.367,0.374,25.8,97,995.0,5.4
JMP_JMP_05,2023-08-17 21:00:00+00:00,0.5,0.5,0.371,0.374,25.6,99,994.9,2.2
JMP_JMP_05,2023-08-17 22:00:00+00:00,0.0,0.0,0.371,0.374,25.4,99,995.0,3.0
JMP_JMP_05,2023-08-17 23:00:00+00:00,0.0,0.0,0.37,0.374,25.3,99,995.2,3.8
JMP_JMP_05,2023-08-18 00:00:00+00:00,0.0,0.0,0.393,0.377,26.0,99,995.8,5.4
JMP_JMP_05,2023-08-18 01:00:00+00:00,0.0,0.0,0.392,0.378,27.4,94,996.3,3.4
JMP_JMP_05,2023-08-18 02:00:00+00:00,0.1,0.1,0.39,0.378,28.6,88,996.8,3.4
JMP_JMP_05,2023-08-18 03:00:00+00:00,0.2,0.2,0.39,0.378,29.4,84,996.7,3.3
JMP_JMP_05,2023-08-18 04:00:00+00:00,0.3,0.3,0.389,0.377,30.2,81,996.9,3.9
JMP_JMP_05,2023-08-18 05:00:00+00:00,0.1,0.1,0.388,0.377,31.5,75,996.3,3.6
JMP_JMP_05,2023-08-18 06:00:00+00:00,0.0,0.0,0.385,0.376,32.7,68,995.3,2.9
JMP_JMP_05,2023-08-18 07:00:00+00:00,0.0,0.0,0.382,0.375,33.5,63,994.1,1.8
JMP_JMP_05,2023-08-18 08:00:00+00:00,0.0,0.0,0.379,0.374,33.6,61,993.2,1.8
JMP_JMP_05,2023-08-18 09:00:00+00:00,2.0,2.0,0.392,0.374,30.8,77,992.4,8.3
JMP_JMP_05,2023-08-18 10:00:00+00:00,0.3,0.3,0.392,0.374,29.4,88,992.2,6.4
JMP_JMP_05,2023-08-18 11:00:00+00:00,0.0,0.0,0.391,0.375,29.5,87,992.8,6.4
JMP_JMP_05,2023-08-18 12:00:00+00:00,0.0,0.0,0.369,0.37,27.9,97,993.6,1.5
JMP_JMP_05,2023-08-18 13:00:00+00:00,0.0,0.0,0.369,0.37,27.9,97,994.0,6.9
JMP_JMP_05,2023-08-18 14:00:00+00:00,0.0,0.0,0.369,0.37,28.1,93,995.1,8.3
JMP_JMP_05,2023-08-18 15:00:00+00:00,0.0,0.0,0.369,0.37,27.8,87,996.1,9.1
JMP_JMP_05,2023-08-18 16:00:00+00:00,0.0,0.0,0.368,0.37,27.0,90,997.0,8.4
JMP_JMP_05,2023-08-18 17:00:00+00:00,0.0,0.0,0.368,0.37,26.6,91,997.4,7.7
JMP_JMP_05,2023-08-18 18:00:00+00:00,0.0,0.0,0.368,0.37,26.3,90,997.2,5.0
JMP_JMP_05,2023-08-18 19:00:00+00:00,0.0,0.0,0.368,0.37,25.9,92,996.9,4.1
JMP_JMP_05,2023-08-18 20:00:00+00:00,0.0,0.0,0.367,0.37,25.6,93,997.1,4.7
JMP_JMP_05,2023-08-18 21:00:00+00:00,0.0,0.0,0.367,0.37,25.1,96,996.8,4.1
JMP_JMP_05,2023-08-18 22:00:00+00:00,0.0,0.0,0.367,0.37,25.2,95,997.0,3.5
JMP_JMP_05,2023-08-18 23:00:00+00:00,0.0,0.0,0.367,0.37,24.8,96,997.3,4.8
JMP_JMP_05,2023-08-19 00:00:00+00:00,0.0,0.0,0.363,0.37,25.9,95,997.4,4.3
JMP_JMP_05,2023-08-19 01:00:00+00:00,0.0,0.0,0.362,0.369,26.9,92,998.2,2.2
JMP_JMP_05,2023-08-19 02:00:00+00:00,0.0,0.0,0.362,0.369,28.3,84,998.5,5.3
JMP_JMP_05,2023-08-19 03:00:00+00:00,0.1,0.1,0.361,0.369,29.9,72,998.7,10.5
JMP_JMP_05,2023-08-19 04:00:00+00:00,0.0,0.0,0.359,0.368,31.4,65,998.2,9.7
JMP_JMP_05,2023-08-19 05:00:00+00:00,0.1,0.1,0.358,0.367,32.0,62,997.7,7.6
JMP_JMP_05,2023-08-19 06:00:00+00:00,0.1,0.1,0.356,0.366,33.0,59,997.0,7.3
JMP_JMP_05,2023-08-19 07:00:00+00:00,0.2,0.2,0.355,0.365,33.4,57,995.8,7.4
JMP_JMP_05,2023-08-19 08:00:00+00:00,0.1,0.1,0.354,0.363,33.7,56,994.7,6.2
JMP_JMP_05,2023-08-19 09:00:00+00:00,0.0,0.0,0.352,0.363,32.0,62,994.1,8.3
JMP_JMP_05,2023-08-19 10:00:00+00:00,0.1,0.1,0.351,0.362,31.1,70,993.6,6.0
JMP_JMP_05,2023-08-19 11:00:00+00:00,0.1,0.1,0.351,0.361,30.4,76,994.0,8.9
JMP_JMP_05,2023-08-19 12:00:00+00:00,0.0,0.0,0.35,0.361,29.8,75,995.3,6.6
JMP_JMP_05,2023-08-19 13:00:00+00:00,0.0,0.0,0.35,0.361,28.9,75,996.0,10.4
JMP_JMP_05,2023-08-19 14:00:00+00:00,0.0,0.0,0.35,0.361,28.4,75,996.9,8.5
JMP_JMP_05,2023-08-19 15:00:00+00:00,0.0,0.0,0.35,0.361,27.7,78,997.9,8.9
JMP_JMP_05,2023-08-19 16:00:00+00:00,0.0,0.0,0.35,0.36,27.2,81,998.1,8.5
JMP_JMP_05,2023-08-19 17:00:00+00:00,0.0,0.0,0.35,0.36,26.7,85,998.2,7.7
JMP_JMP_05,2023-08-19 18:00:00+00:00,0.0,0.0,0.35,0.36,26.3,88,997.8,6.8
JMP_JMP_05,2023-08-19 19:00:00+00:00,0.0,0.0,0.35,0.36,25.9,90,997.6,6.3
JMP_JMP_05,2023-08-19 20:00:00+00:00,0.0,0.0,0.35,0.36,25.6,93,997.4,4.5
JMP_JMP_05,2023-08-19 21:00:00+00:00,0.0,0.0,0.35,0.36,25.2,96,997.2,3.9
JMP_JMP_05,2023-08-19 22:00:00+00:00,0.0,0.0,0.35,0.36,24.9,97,997.3,4.0
JMP_JMP_05,2023-08-19 23:00:00+00:00,0.0,0.0,0.35,0.36,24.8,97,997.6,3.7
JMP_JMP_05,2023-08-20 00:00:00+00:00,0.0,0.0,0.348,0.359,25.5,94,998.1,2.2
JMP_JMP_05,2023-08-20 01:00:00+00:00,0.0,0.0,0.348,0.359,27.3,88,998.8,1.9
JMP_JMP_05,2023-08-20 02:00:00+00:00,0.0,0.0,0.347,0.359,28.9,80,999.3,3.8
JMP_JMP_05,2023-08-20 03:00:00+00:00,0.1,0.1,0.347,0.358,29.7,75,999.2,3.9
JMP_JMP_05,2023-08-20 04:00:00+00:00,0.1,0.1,0.346,0.357,30.8,69,999.2,4.3
JMP_JMP_05,2023-08-20 05:00:00+00:00,0.0,0.0,0.344,0.356,31.8,64,998.4,4.2
JMP_JMP_05,2023-08-20 06:00:00+00:00,0.1,0.1,0.342,0.355,32.6,60,997.3,4.0
JMP_JMP_05,2023-08-20 07:00:00+00:00,0.1,0.1,0.341,0.354,33.3,57,996.2,4.7
JMP_JMP_05,2023-08-20 08:00:00+00:00,0.1,0.1,0.34,0.353,33.2,57,994.6,6.2
JMP_JMP_05,2023-08-20 09:00:00+00:00,0.1,0.1,0.339,0.352,33.0,58,993.6,7.6
JMP_JMP_05,2023-08-20 10:00:00+00:00,0.0,0.0,0.338,0.352,31.9,68,993.2,7.2
JMP_JMP_05,2023-08-20 11:00:00+00:00,0.0,0.0,0.337,0.351,30.7,74,993.5,7.8
JMP_JMP_05,2023-08-20 12:00:00+00:00,0.0,0.0,0.333,0.354,29.4,84,994.6,3.7
JMP_JMP_05,2023-08-20 13:00:00+00:00,0.0,0.0,0.333,0.353,28.9,86,995.4,4.8
JMP_JMP_05,2023-08-20 14:00:00+00:00,0.0,0.0,0.333,0.353,28.4,84,995.9,7.8
JMP_JMP_05,2023-08-20 15:00:00+00:00,0.0,0.0,0.333,0.353,27.9,82,996.8,6.8
JMP_JMP_05,2023-08-20 16:00:00+00:00,0.0,0.0,0.334,0.353,27.3,84,997.2,5.2
JMP_JMP_05,2023-08-20 17:00:00+00:00,0.0,0.0,0.334,0.353,27.2,84,997.1,7.6
JMP_JMP_05,2023-08-20 18:00:00+00:00,0.0,0.0,0.334,0.353,26.9,87,996.7,8.0
JMP_JMP_05,2023-08-20 19:00:00+00:00,0.0,0.0,0.334,0.353,26.6,90,996.4,8.0
JMP_JMP_05,2023-08-20 20:00:00+00:00,0.0,0.0,0.334,0.352,26.5,90,996.0,8.4
JMP_JMP_05,2023-08-20 21:00:00+00:00,0.0,0.0,0.334,0.352,26.4,90,995.7,8.5
JMP_JMP_05,2023-08-20 22:00:00+00:00,0.0,0.0,0.335,0.352,26.2,90,995.5,8.6
JMP_JMP_05,2023-08-20 23:00:00+00:00,0.0,0.0,0.335,0.352,26.1,91,995.6,7.4
JMP_JMP_05,2023-08-21 00:00:00+00:00,0.0,0.0,0.335,0.353,26.7,93,995.9,7.2
JMP_JMP_05,2023-08-21 01:00:00+00:00,0.0,0.0,0.335,0.352,27.9,89,996.6,7.2
JMP_JMP_05,2023-08-21 02:00:00+00:00,0.0,0.0,0.334,0.352,29.2,82,997.1,7.9
JMP_JMP_05,2023-08-21 03:00:00+00:00,0.1,0.1,0.334,0.352,29.8,78,997.4,7.4
JMP_JMP_05,2023-08-21 04:00:00+00:00,0.0,0.0,0.333,0.351,30.3,75,997.6,7.2
JMP_JMP_05,2023-08-21 05:00:00+00:00,0.0,0.0,0.333,0.35,30.3,75,997.0,7.0
JMP_JMP_05,2023-08-21 06:00:00+00:00,0.0,0.0,0.331,0.349,31.7,70,996.2,5.4
JMP_JMP_05,2023-08-21 07:00:00+00:00,0.0,0.0,0.329,0.348,32.8,66,995.2,5.6
JMP_JMP_05,2023-08-21 08:00:00+00:00,0.0,0.0,0.327,0.347,32.7,64,993.7,8.0
JMP_JMP_05,2023-08-21 09:00:00+00:00,0.0,0.0,0.326,0.346,32.2,64,992.9,7.3
JMP_JMP_05,2023-08-21 10:00:00+00:00,0.0,0.0,0.325,0.346,31.5,68,992.9,6.5
JMP_JMP_05,2023-08-21 11:00:00+00:00,0.0,0.0,0.325,0.345,30.9,74,993.3,3.6
JMP_JMP_05,2023-08-21 12:00:00+00:00,0.0,0.0,0.321,0.341,28.5,86,994.7,5.4
JMP_JMP_05,2023-08-21 13:00:00+00:00,0.0,0.0,0.321,0.341,27.9,88,995.6,6.2
JMP_JMP_05,2023-08-21 14:00:00+00:00,0.1,0.1,0.322,0.341,27.6,90,996.2,5.6
JMP_JMP_05,2023-08-21 15:00:00+00:00,0.1,0.1,0.323,0.341,27.4,92,996.8,6.1
JMP_JMP_05,2023-08-21 16:00:00+00:00,0.1,0.1,0.324,0.341,27.2,90,997.1,6.5
JMP_JMP_05,2023-08-21 17:00:00+00:00,0.0,0.0,0.325,0.341,27.1,86,997.3,8.4
JMP_JMP_05,2023-08-21 18:00:00+00:00,0.0,0.0,0.325,0.341,27.0,85,997.2,10.0
JMP_JMP_05,2023-08-21 19:00:00+00:00,0.0,0.0,0.325,0.341,26.8,86,996.8,9.2
JMP_JMP_05,2023-08-21 20:00:00+00:00,0.1,0.1,0.326,0.341,26.5,87,996.2,9.7
JMP_JMP_05,2023-08-21 21:00:00+00:00,0.4,0.4,0.329,0.34,26.2,90,995.7,8.4
JMP_JMP_05,2023-08-21 22:00:00+00:00,0.2,0.2,0.331,0.34,26.0,91,995.6,9.1
JMP_JMP_05,2023-08-21 23:00:00+00:00,0.4,0.4,0.334,0.34,25.7,93,995.5,8.8
JMP_JMP_05,2023-08-22 00:00:00+00:00,0.4,0.4,0.335,0.338,25.5,96,996.1,7.7
JMP_JMP_05,2023-08-22 01:00:00+00:00,0.0,0.0,0.335,0.338,26.1,94,996.6,7.7
JMP_JMP_05,2023-08-22 02:00:00+00:00,0.0,0.0,0.335,0.338,26.8,92,997.3,5.1
JMP_JMP_05,2023-08-22 03:00:00+00:00,0.4,0.4,0.337,0.338,28.0,89,997.8,5.4
JMP_JMP_05,2023-08-22 04:00:00+00:00,0.1,0.1,0.338,0.338,28.2,86,998.1,5.5
JMP_JMP_05,2023-08-22 05:00:00+00:00,0.2,0.2,0.339,0.338,28.0,88,997.6,5.1
JMP_JMP_05,2023-08-22 06:00:00+00:00,0.4,0.4,0.342,0.338,28.1,86,996.8,4.7
JMP_JMP_05,2023-08-22 07:00:00+00:00,0.2,0.2,0.342,0.338,28.4,85,995.9,4.8
JMP_JMP_05,2023-08-22 08:00:00+00:00,0.1,0.1,0.342,0.337,28.7,79,994.8,4.2
JMP_JMP_05,2023-08-22 09:00:00+00:00,0.1,0.1,0.341,0.337,29.6,75,994.4,3.6
JMP_JMP_05,2023-08-22 10:00:00+00:00,0.1,0.1,0.341,0.337,29.4,75,994.2,2.9
JMP_JMP_05,2023-08-22 11:00:00+00:00,0.1,0.1,0.34,0.336,28.8,80,994.3,1.1
JMP_JMP_05,2023-08-22 12:00:00+00:00,0.0,0.0,0.332,0.335,27.0,96,995.8,2.1
JMP_JMP_05,2023-08-22 13:00:00+00:00,0.1,0.1,0.333,0.335,26.2,98,996.2,3.4
JMP_JMP_05,2023-08-22 14:00:00+00:00,0.1,0.1,0.333,0.335,26.2,95,997.1,5.5
JMP_JMP_05,2023-08-22 15:00:00+00:00,0.1,0.1,0.333,0.335,25.9,94,998.0,6.9
JMP_JMP_05,2023-08-22 16:00:00+00:00,0.5,0.5,0.337,0.335,25.3,95,998.2,3.2
JMP_JMP_05,2023-08-22 17:00:00+00:00,1.2,1.2,0.349,0.335,24.7,100,998.2,2.3
JMP_JMP_05,2023-08-22 18:00:00+00:00,1.0,1.0,0.362,0.335,24.6,100,997.7,3.6
JMP_JMP_05,2023-08-22 19:00:00+00:00,1.1,1.1,0.376,0.336,24.6,100,997.1,3.3
JMP_JMP_05,2023-08-22 20:00:00+00:00,0.4,0.4,0.379,0.336,24.5,100,996.4,3.3
JMP_JMP_05,2023-08-22 21:00:00+00:00,1.7,1.7,0.4,0.337,24.5,100,996.2,2.6
JMP_JMP_05,2023-08-22 22:00:00+00:00,0.2,0.2,0.399,0.339,24.4,100,995.8,3.2
JMP_JMP_05,2023-08-22 23:00:00+00:00,0.1,0.1,0.397,0.34,24.5,100,995.8,2.5
JMP_JMP_05,2023-08-23 00:00:00+00:00,0.0,0.0,0.351,0.335,25.0,94,996.2,3.9
JMP_JMP_05,2023-08-23 01:00:00+00:00,0.0,0.0,0.351,0.335,26.1,95,996.7,3.3
JMP_JMP_05,2023-08-23 02:00:00+00:00,0.0,0.0,0.351,0.335,27.1,89,997.2,3.3
JMP_JMP_05,2023-08-23 03:00:00+00:00,0.0,0.0,0.35,0.335,28.3,85,997.2,7.9
JMP_JMP_05,2023-08-23 04:00:00+00:00,0.0,0.0,0.349,0.335,29.6,76,997.2,9.2
JMP_JMP_05,2023-08-23 05:00:00+00:00,0.0,0.0,0.347,0.335,29.8,73,996.6,10.2
JMP_JMP_05,2023-08-23 06:00:00+00:00,0.1,0.1,0.346,0.334,31.0,67,995.4,9.2
JMP_JMP_05,2023-08-23 07:00:00+00:00,1.3,1.3,0.354,0.334,29.2,78,994.4,3.7
JMP_JMP_05,2023-08-23 08:00:00+00:00,2.5,2.5,0.374,0.334,28.3,80,993.3,7.9
JMP_JMP_05,2023-08-23 09:00:00+00:00,1.4,1.4,0.385,0.335,27.9,88,991.9,4.3
JMP_JMP_05,2023-08-23 10:00:00+00:00,0.9,0.9,0.39,0.335,28.3,87,991.7,10.5
JMP_JMP_05,2023-08-23 11:00:00+00:00,0.4,0.4,0.392,0.336,27.7,88,991.7,9.2
JMP_JMP_05,2023-08-23 12:00:00+00:00,0.0,0.0,0.333,0.33,26.8,96,993.1,7.5
JMP_JMP_05,2023-08-23 13:00:00+00:00,0.0,0.0,0.333,0.33,26.3,97,993.8,7.7
JMP_JMP_05,2023-08-23 14:00:00+00:00,0.0,0.0,0.333,0.33,25.8,96,994.7,8.9
JMP_JMP_05,2023-08-23 15:00:00+00:00,0.0,0.0,0.333,0.33,25.4,97,995.2,8.0
JMP_JMP_05,2023-08-23 16:00:00+00:00,0.0,0.0,0.333,0.33,25.0,98,995.2,6.5
JMP_JMP_05,2023-08-23 17:00:00+00:00,0.0,0.0,0.332,0.33,24.9,97,994.8,6.8
JMP_JMP_05,2023-08-23 18:00:00+00:00,0.0,0.0,0.332,0.33,24.7,98,994.6,6.9
JMP_JMP_05,2023-08-23 19:00:00+00:00,0.0,0.0,0.332,0.33,24.7,97,993.9,6.5
JMP_JMP_05,2023-08-23 20:00:00+00:00,0.0,0.0,0.332,0.33,24.6,97,993.3,6.9
JMP_JMP_05,2023-08-23 21:00:00+00:00,0.0,0.0,0.332,0.331,24.6,97,992.8,6.7
JMP_JMP_05,2023-08-23 22:00:00+00:00,0.0,0.0,0.332,0.331,24.5,97,992.8,5.2
JMP_JMP_05,2023-08-23 23:00:00+00:00,0.0,0.0,0.333,0.331,24.2,97,993.2,3.8
JMP_JMP_05,2023-08-24 00:00:00+00:00,0.0,0.0,0.341,0.33,25.0,98,993.3,8.4
JMP_JMP_05,2023-08-24 01:00:00+00:00,0.0,0.0,0.341,0.33,26.1,95,993.9,8.8
JMP_JMP_05,2023-08-24 02:00:00+00:00,0.0,0.0,0.34,0.33,27.1,90,994.3,10.9
JMP_JMP_05,2023-08-24 03:00:00+00:00,0.1,0.1,0.34,0.33,28.5,82,994.4,11.2
JMP_JMP_05,2023-08-24 04:00:00+00:00,0.1,0.1,0.339,0.329,30.0,74,994.3,10.2
JMP_JMP_05,2023-08-24 05:00:00+00:00,0.1,0.1,0.338,0.329,31.9,64,993.6,10.2
JMP_JMP_05,2023-08-24 06:00:00+00:00,0.1,0.1,0.336,0.328,32.3,62,992.3,10.9
JMP_JMP_05,2023-08-24 07:00:00+00:00,0.8,0.8,0.339,0.327,31.2,67,991.7,10.2
JMP_JMP_05,2023-08-24 08:00:00+00:00,1.2,1.2,0.347,0.327,30.4,74,990.6,10.1
JMP_JMP_05,2023-08-24 09:00:00+00:00,2.8,2.8,0.378,0.327,29.9,81,989.9,7.3
JMP_JMP_05,2023-08-24 10:00:00+00:00,1.6,1.6,0.391,0.328,29.6,80,989.8,6.3
JMP_JMP_05,2023-08-24 11:00:00+00:00,0.2,0.2,0.389,0.329,27.7,88,990.8,7.9
JMP_JMP_05,2023-08-24 12:00:00+00:00,0.2,0.2,0.337,0.326,28.3,83,991.4,7.5
JMP_JMP_05,2023-08-24 13:00:00+00:00,0.0,0.0,0.337,0.326,27.5,85,992.2,8.8
JMP_JMP_05,2023-08-24 14:00:00+00:00,0.0,0.0,0.336,0.326,26.9,86,993.4,7.2
JMP_JMP_05,2023-08-24 15:00:00+00:00,0.0,0.0,0.336,0.327,26.6,87,993.9,8.3
JMP_JMP_05,2023-08-24 16:00:00+00:00,0.0,0.0,0.336,0.327,26.3,88,993.8,8.5
JMP_JMP_05,2023-08-24 17:00:00+00:00,0.0,0.0,0.336,0.327,26.0,90,993.7,8.6
JMP_JMP_05,2023-08-24 18:00:00+00:00,0.0,0.0,0.335,0.327,25.7,91,993.6,8.7
JMP_JMP_05,2023-08-24 19:00:00+00:00,0.0,0.0,0.335,0.327,25.7,91,992.9,8.6
JMP_JMP_05,2023-08-24 20:00:00+00:00,0.0,0.0,0.335,0.327,25.8,90,992.3,8.5
JMP_JMP_05,2023-08-24 21:00:00+00:00,0.0,0.0,0.335,0.327,25.8,90,992.0,7.9
JMP_JMP_05,2023-08-24 22:00:00+00:00,0.0,0.0,0.335,0.327,25.7,90,992.2,8.7
JMP_JMP_05,2023-08-24 23:00:00+00:00,0.0,0.0,0.334,0.327,25.4,91,992.4,8.3
JMP_JMP_05,2023-08-25 00:00:00+00:00,0.0,0.0,0.33,0.326,25.7,91,992.7,8.2
JMP_JMP_05,2023-08-25 01:00:00+00:00,0.0,0.0,0.33,0.326,27.1,86,993.2,9.4
JMP_JMP_05,2023-08-25 02:00:00+00:00,0.0,0.0,0.329,0.326,27.9,82,993.7,10.1
JMP_JMP_05,2023-08-25 03:00:00+00:00,0.0,0.0,0.328,0.325,29.7,75,993.7,11.2
JMP_JMP_05,2023-08-25 04:00:00+00:00,0.0,0.0,0.326,0.325,30.9,70,993.6,11.0
JMP_JMP_05,2023-08-25 05:00:00+00:00,0.0,0.0,0.324,0.324,32.0,65,992.9,11.4
JMP_JMP_05,2023-08-25 06:00:00+00:00,0.0,0.0,0.322,0.323,32.9,62,991.7,10.0
JMP_JMP_05,2023-08-25 07:00:00+00:00,0.0,0.0,0.32,0.322,33.6,60,990.5,9.7
JMP_JMP_05,2023-08-25 08:00:00+00:00,5.4,5.4,0.377,0.322,27.6,99,990.4,13.6
JMP_JMP_05,2023-08-25 09:00:00+00:00,1.0,1.0,0.385,0.323,28.1,91,989.6,11.5
JMP_JMP_05,2023-08-25 10:00:00+00:00,0.4,0.4,0.385,0.324,28.3,87,990.1,14.7
JMP_JMP_05,2023-08-25 11:00:00+00:00,0.1,0.1,0.383,0.324,27.7,88,990.7,12.0
JMP_JMP_05,2023-08-25 12:00:00+00:00,0.0,0.0,0.321,0.319,27.7,82,991.8,12.0
JMP_JMP_05,2023-08-25 13:00:00+00:00,0.0,0.0,0.321,0.319,27.1,84,992.4,11.2
JMP_JMP_05,2023-08-25 14:00:00+00:00,0.0,0.0,0.321,0.319,26.7,86,993.1,10.8
JMP_JMP_05,2023-08-25 15:00:00+00:00,0.0,0.0,0.321,0.319,26.5,87,993.5,9.4
JMP_JMP_05,2023-08-25 16:00:00+00:00,0.0,0.0,0.321,0.319,26.2,87,993.9,9.4
JMP_JMP_05,2023-08-25 17:00:00+00:00,0.0,0.0,0.321,0.319,26.0,88,993.6,7.9
JMP_JMP_05,2023-08-25 18:00:00+00:00,0.0,0.0,0.321,0.319,25.8,89,993.3,6.8
JMP_JMP_05,2023-08-25 19:00:00+00:00,0.0,0.0,0.321,0.319,25.6,90,992.4,5.4
JMP_JMP_05,2023-08-25 20:00:00+00:00,0.3,0.3,0.323,0.319,25.5,91,991.7,5.5
JMP_JMP_05,2023-08-25 21:00:00+00:00,2.4,2.4,0.347,0.32,24.9,100,991.2,4.1
JMP_JMP_05,2023-08-25 22:00:00+00:00,7.7,7.7,0.439,0.323,24.6,100,991.3,7.4
JMP_JMP_05,2023-08-25 23:00:00+00:00,8.3,8.3,0.439,0.356,24.5,100,991.4,9.3
JMP_JMP_05,2023-08-26 00:00:00+00:00,4.3,4.3,0.418,0.32,25.1,98,992.5,15.0
JMP_JMP_05,2023-08-26 01:00:00+00:00,10.4,10.4,0.439,0.351,24.9,100,993.1,12.9
JMP_JMP_05,2023-08-26 02:00:00+00:00,4.5,4.5,0.433,0.372,25.0,100,993.9,14.3
JMP_JMP_05,2023-08-26 03:00:00+00:00,0.4,0.4,0.423,0.377,26.1,98,994.5,8.4
JMP_JMP_05,2023-08-26 04:00:00+00:00,0.4,0.4,0.418,0.379,26.7,99,994.4,9.5
JMP_JMP_05,2023-08-26 05:00:00+00:00,3.9,3.9,0.434,0.388,27.1,93,994.0,15.8
JMP_JMP_05,2023-08-26 06:00:00+00:00,0.8,0.8,0.428,0.392,27.7,97,993.2,10.4
JMP_JMP_05,2023-08-26 07:00:00+00:00,2.5,2.5,0.43,0.401,27.5,93,992.1,10.1
JMP_JMP_05,2023-08-26 08:00:00+00:00,1.1,1.1,0.429,0.403,27.1,97,991.3,12.6
JMP_JMP_05,2023-08-26 09:00:00+00:00,0.8,0.8,0.427,0.405,27.4,92,990.7,14.7
JMP_JMP_05,2023-08-26 10:00:00+00:00,0.3,0.3,0.423,0.406,27.5,91,990.5,9.2
JMP_JMP_05,2023-08-26 11:00:00+00:00,0.1,0.1,0.419,0.407,27.1,92,991.1,13.1
JMP_JMP_05,2023-08-26 12:00:00+00:00,0.2,0.2,0.418,0.414,26.2,97,992.1,10.7
JMP_JMP_05,2023-08-26 13:00:00+00:00,0.0,0.0,0.416,0.414,25.8,97,993.1,12.3
JMP_JMP_05,2023-08-26 14:00:00+00:00,0.0,0.0,0.414,0.414,25.4,97,993.9,13.5
JMP_JMP_05,2023-08-26 15:00:00+00:00,0.0,0.0,0.412,0.413,25.2,97,994.5,12.3
JMP_JMP_05,2023-08-26 16:00:00+00:00,0.0,0.0,0.411,0.413,25.1,97,994.8,12.6
JMP_JMP_05,2023-08-26 17:00:00+00:00,0.0,0.0,0.41,0.412,24.9,97,994.8,14.1
JMP_JMP_05,2023-08-26 18:00:00+00:00,0.1,0.1,0.409,0.412,24.6,97,994.1,11.9
JMP_JMP_05,2023-08-26 19:00:00+00:00,0.0,0.0,0.408,0.411,24.8,97,993.3,11.2
JMP_JMP_05,2023-08-26 20:00:00+00:00,0.0,0.0,0.407,0.411,24.8,97,992.6,11.4
JMP_JMP_05,2023-08-26 21:00:00+00:00,0.0,0.0,0.406,0.411,24.7,97,992.5,11.4
JMP_JMP_05,2023-08-26 22:00:00+00:00,0.0,0.0,0.405,0.41,24.7,97,992.7,9.9
JMP_JMP_05,2023-08-26 23:00:00+00:00,0.0,0.0,0.404,0.41,24.5,97,992.9,9.1
JMP_JMP_05,2023-08-27 00:00:00+00:00,0.0,0.0,0.398,0.409,25.2,96,993.6,12.7
JMP_JMP_05,2023-08-27 01:00:00+00:00,0.0,0.0,0.398,0.408,26.1,92,994.2,12.8
JMP_JMP_05,2023-08-27 02:00:00+00:00,0.0,0.0,0.397,0.407,27.1,86,994.3,17.2
JMP_JMP_05,2023-08-27 03:00:00+00:00,0.0,0.0,0.395,0.406,28.6,79,994.4,14.7
JMP_JMP_05,2023-08-27 04:00:00+00:00,0.0,0.0,0.393,0.405,30.0,75,994.5,11.8
JMP_JMP_05,2023-08-27 05:00:00+00:00,0.0,0.0,0.391,0.404,31.0,71,994.0,12.9
JMP_JMP_05,2023-08-27 06:00:00+00:00,0.0,0.0,0.39,0.403,30.7,71,993.0,14.0
JMP_JMP_05,2023-08-27 07:00:00+00:00,0.0,0.0,0.388,0.401,31.7,68,991.7,13.0
JMP_JMP_05,2023-08-27 08:00:00+00:00,0.0,0.0,0.385,0.4,31.9,66,990.5,12.7
JMP_JMP_05,2023-08-27 09:00:00+00:00,0.0,0.0,0.384,0.399,31.7,65,989.9,14.6
JMP_JMP_05,2023-08-27 10:00:00+00:00,0.0,0.0,0.382,0.398,30.7,70,989.7,15.3
JMP_JMP_05,2023-08-27 11:00:00+00:00,0.0,0.0,0.381,0.397,29.4,79,990.0,10.6
JMP_JMP_05,2023-08-27 12:00:00+00:00,0.0,0.0,0.387,0.4,27.9,85,991.8,8.5
JMP_JMP_05,2023-08-27 13:00:00+00:00,0.0,0.0,0.387,0.399,27.0,88,992.1,9.2
JMP_JMP_05,2023-08-27 14:00:00+00:00,0.0,0.0,0.387,0.399,26.8,89,993.2,9.9
JMP_JMP_05,2023-08-27 15:00:00+00:00,0.0,0.0,0.386,0.398,26.5,90,993.9,10.2
JMP_JMP_05,2023-08-27 16:00:00+00:00,0.0,0.0,0.386,0.398,26.2,89,994.4,11.2
JMP_JMP_05,2023-08-27 17:00:00+00:00,0.0,0.0,0.386,0.398,25.9,90,994.7,11.2
JMP_JMP_05,2023-08-27 18:00:00+00:00,0.0,0.0,0.386,0.397,25.6,90,994.3,11.3
JMP_JMP_05,2023-08-27 19:00:00+00:00,0.0,0.0,0.385,0.397,25.3,91,993.8,9.4
JMP_JMP_05,2023-08-27 20:00:00+00:00,0.0,0.0,0.385,0.396,25.4,91,993.5,9.2
JMP_JMP_05,2023-08-27 21:00:00+00:00,0.0,0.0,0.385,0.396,25.4,91,992.9,8.8
JMP_JMP_05,2023-08-27 22:00:00+00:00,0.0,0.0,0.385,0.396,25.5,90,992.8,8.8
JMP_JMP_05,2023-08-27 23:00:00+00:00,2.7,2.7,0.408,0.396,24.2,100,993.5,6.3
JMP_JMP_05,2023-08-28 00:00:00+00:00,0.9,0.9,0.384,0.395,25.4,93,993.7,10.9
JMP_JMP_05,2023-08-28 01:00:00+00:00,0.0,0.0,0.383,0.394,26.4,89,994.2,9.8
JMP_JMP_05,2023-08-28 02:00:00+00:00,0.0,0.0,0.382,0.394,27.7,84,994.7,9.3
JMP_JMP_05,2023-08-28 03:00:00+00:00,0.0,0.0,0.382,0.393,28.5,81,995.5,8.0
JMP_JMP_05,2023-08-28 04:00:00+00:00,0.1,0.1,0.381,0.392,28.6,79,996.0,7.0
JMP_JMP_05,2023-08-28 05:00:00+00:00,0.0,0.0,0.38,0.391,29.7,76,995.6,6.6
JMP_JMP_05,2023-08-28 06:00:00+00:00,0.1,0.1,0.378,0.39,30.1,75,994.4,6.9
JMP_JMP_05,2023-08-28 07:00:00+00:00,0.4,0.4,0.379,0.389,31.0,70,993.3,5.6
JMP_JMP_05,2023-08-28 08:00:00+00:00,0.2,0.2,0.378,0.388,31.6,70,991.9,1.8
JMP_JMP_05,2023-08-28 09:00:00+00:00,0.2,0.2,0.378,0.387,31.5,71,991.3,1.1
JMP_JMP_05,2023-08-28 10:00:00+00:00,0.0,0.0,0.376,0.387,31.3,71,991.0,4.8
JMP_JMP_05,2023-08-28 11:00:00+00:00,0.2,0.2,0.377,0.386,28.9,88,991.0,2.1
JMP_JMP_05,2023-08-28 12:00:00+00:00,0.0,0.0,0.368,0.383,26.2,95,992.4,0.8
JMP_JMP_05,2023-08-28 13:00:00+00:00,0.0,0.0,0.368,0.383,25.4,100,992.8,2.5
JMP_JMP_05,2023-08-28 14:00:00+00:00,0.0,0.0,0.368,0.383,25.6,97,994.0,3.6
JMP_JMP_05,2023-08-28 15:00:00+00:00,0.0,0.0,0.368,0.382,25.6,96,994.6,5.7
JMP_JMP_05,2023-08-28 16:00:00+00:00,0.0,0.0,0.368,0.382,24.9,97,995.1,5.9
JMP_JMP_05,2023-08-28 17:00:00+00:00,0.0,0.0,0.368,0.382,25.1,96,995.1,3.8
JMP_JMP_05,2023-08-28 18:00:00+00:00,0.0,0.0,0.368,0.382,24.8,97,995.2,2.9
JMP_JMP_05,2023-08-28 19:00:00+00:00,0.0,0.0,0.368,0.381,24.6,98,994.7,3.9
JMP_JMP_05,2023-08-28 20:00:00+00:00,0.0,0.0,0.368,0.381,24.4,98,994.3,4.9
JMP_JMP_05,2023-08-28 21:00:00+00:00,0.0,0.0,0.368,0.381,24.1,99,994.1,2.6
JMP_JMP_05,2023-08-28 22:00:00+00:00,0.0,0.0,0.368,0.381,23.5,99,994.4,3.2
JMP_JMP_05,2023-08-28 23:00:00+00:00,0.0,0.0,0.368,0.381,23.4,100,994.5,1.5
JMP_JMP_05,2023-08-29 00:00:00+00:00,0.0,0.0,0.368,0.38,24.8,100,994.3,4.7
JMP_JMP_05,2023-08-29 01:00:00+00:00,0.0,0.0,0.368,0.38,26.6,97,995.5,0.7
JMP_JMP_05,2023-08-29 02:00:00+00:00,0.0,0.0,0.367,0.38,28.3,86,996.0,3.6
JMP_JMP_05,2023-08-29 03:00:00+00:00,0.0,0.0,0.366,0.379,29.8,77,996.0,3.2
JMP_JMP_05,2023-08-29 04:00:00+00:00,0.0,0.0,0.364,0.378,31.2,67,995.9,2.7
JMP_JMP_05,2023-08-29 05:00:00+00:00,0.0,0.0,0.362,0.377,32.2,61,995.1,3.2
JMP_JMP_05,2023-08-29 06:00:00+00:00,0.0,0.0,0.36,0.375,32.8,59,993.9,4.5
JMP_JMP_05,2023-08-29 07:00:00+00:00,0.0,0.0,0.358,0.374,33.2,59,992.2,5.2
JMP_JMP_05,2023-08-29 08:00:00+00:00,0.0,0.0,0.355,0.373,33.4,58,991.2,5.6
JMP_JMP_05,2023-08-29 09:00:00+00:00,0.0,0.0,0.353,0.372,33.3,59,990.5,5.4
JMP_JMP_05,2023-08-29 10:00:00+00:00,0.0,0.0,0.352,0.371,32.8,62,990.1,4.8
JMP_JMP_05,2023-08-29 11:00:00+00:00,0.0,0.0,0.351,0.37,32.1,68,990.5,4.3
JMP_JMP_05,2023-08-29 12:00:00+00:00,0.0,0.0,0.352,0.37,29.9,76,991.7,4.6
JMP_JMP_05,2023-08-29 13:00:00+00:00,0.0,0.0,0.352,0.37,28.7,79,992.7,5.6
JMP_JMP_05,2023-08-29 14:00:00+00:00,0.0,0.0,0.353,0.37,28.1,81,993.8,6.3
JMP_JMP_05,2023-08-29 15:00:00+00:00,0.0,0.0,0.353,0.37,26.8,89,994.7,6.8
JMP_JMP_05,2023-08-29 16:00:00+00:00,0.0,0.0,0.353,0.369,27.5,83,995.4,5.4
JMP_JMP_05,2023-08-29 17:00:00+00:00,0.0,0.0,0.353,0.369,27.5,82,995.7,5.1
JMP_JMP_05,2023-08-29 18:00:00+00:00,0.0,0.0,0.353,0.369,27.2,83,995.5,2.5
JMP_JMP_05,2023-08-29 19:00:00+00:00,0.0,0.0,0.353,0.369,25.4,92,995.2,1.5
JMP_JMP_05,2023-08-29 20:00:00+00:00,0.0,0.0,0.354,0.369,25.2,93,994.6,1.5
JMP_JMP_05,2023-08-29 21:00:00+00:00,0.0,0.0,0.354,0.369,24.7,94,994.3,1.8
JMP_JMP_05,2023-08-29 22:00:00+00:00,0.0,0.0,0.354,0.369,24.6,95,994.3,2.6
JMP_JMP_05,2023-08-29 23:00:00+00:00,0.0,0.0,0.354,0.368,24.2,96,994.6,3.0
JMP_JMP_05,2023-08-30 00:00:00+00:00,0.0,0.0,0.353,0.368,24.9,94,995.0,3.3
JMP_JMP_05,2023-08-30 01:00:00+00:00,0.0,0.0,0.353,0.367,27.7,88,995.6,2.5
JMP_JMP_05,2023-08-30 02:00:00+00:00,0.0,0.0,0.352,0.367,30.0,79,995.8,3.4
JMP_JMP_05,2023-08-30 03:00:00+00:00,0.0,0.0,0.35,0.366,31.5,71,996.2,5.9
JMP_JMP_05,2023-08-30 04:00:00+00:00,0.0,0.0,0.348,0.365,32.6,64,996.1,6.4
JMP_JMP_05,2023-08-30 05:00:00+00:00,0.0,0.0,0.346,0.364,33.5,60,995.5,5.7
JMP_JMP_05,2023-08-30 06:00:00+00:00,0.0,0.0,0.344,0.363,34.3,57,994.6,4.7
JMP_JMP_05,2023-08-30 07:00:00+00:00,0.0,0.0,0.342,0.361,34.7,55,993.1,5.9
JMP_JMP_05,2023-08-30 08:00:00+00:00,0.0,0.0,0.34,0.36,34.6,55,992.2,5.7
JMP_JMP_05,2023-08-30 09:00:00+00:00,0.0,0.0,0.338,0.359,34.3,56,991.7,5.7
JMP_JMP_05,2023-08-30 10:00:00+00:00,0.0,0.0,0.337,0.358,33.7,60,991.6,3.8
JMP_JMP_05,2023-08-30 11:00:00+00:00,0.0,0.0,0.336,0.358,32.4,74,991.9,3.8
JMP_JMP_05,2023-08-30 12:00:00+00:00,0.0,0.0,0.329,0.353,30.5,85,993.3,4.0
JMP_JMP_05,2023-08-30 13:00:00+00:00,0.0,0.0,0.329,0.353,29.7,83,994.2,9.7
JMP_JMP_05,2023-08-30 14:00:00+00:00,0.0,0.0,0.33,0.353,28.9,77,995.4,11.7
JMP_JMP_05,2023-08-30 15:00:00+00:00,0.0,0.0,0.33,0.353,28.2,81,996.2,9.4
JMP_JMP_05,2023-08-30 16:00:00+00:00,0.0,0.0,0.33,0.352,27.9,84,996.8,8.7
JMP_JMP_05,2023-08-30 17:00:00+00:00,0.0,0.0,0.33,0.352,27.4,87,997.1,8.2
JMP_JMP_05,2023-08-30 18:00:00+00:00,0.0,0.0,0.331,0.352,27.0,89,996.7,6.6
JMP_JMP_05,2023-08-30 19:00:00+00:00,0.0,0.0,0.331,0.352,26.8,90,996.0,6.5
JMP_JMP_05,2023-08-30 20:00:00+00:00,0.0,0.0,0.331,0.352,26.5,91,995.9,7.2
JMP_JMP_05,2023-08-30 21:00:00+00:00,0.0,0.0,0.332,0.352,26.3,90,996.0,7.2
JMP_JMP_05,2023-08-30 22:00:00+00:00,0.1,0.1,0.332,0.352,26.1,89,996.3,6.8
JMP_JMP_05,2023-08-30 23:00:00+00:00,0.0,0.0,0.333,0.351,25.9,91,996.1,1.6
JMP_JMP_05,2023-08-31 00:00:00+00:00,0.0,0.0,0.329,0.349,26.1,92,997.0,5.0
JMP_JMP_05,2023-08-31 01:00:00+00:00,0.0,0.0,0.329,0.349,27.4,89,997.9,3.0
JMP_JMP_05,2023-08-31 02:00:00+00:00,0.1,0.1,0.329,0.348,28.7,84,998.2,1.1
JMP_JMP_05,2023-08-31 03:00:00+00:00,0.2,0.2,0.33,0.348,29.9,80,998.5,2.2
JMP_JMP_05,2023-08-31 04:00:00+00:00,0.1,0.1,0.329,0.347,31.1,76,998.4,1.9
JMP_JMP_05,2023-08-31 05:00:00+00:00,0.1,0.1,0.329,0.346,32.2,70,997.6,2.3
JMP_JMP_05,2023-08-31 06:00:00+00:00,0.2,0.2,0.328,0.345,32.6,68,996.6,2.3
JMP_JMP_05,2023-08-31 07:00:00+00:00,0.1,0.1,0.327,0.344,32.7,69,995.2,4.3
JMP_JMP_05,2023-08-31 08:00:00+00:00,0.1,0.1,0.326,0.343,33.0,68,994.0,4.1
JMP_JMP_05,2023-08-31 09:00:00+00:00,0.1,0.1,0.325,0.342,32.5,67,993.2,3.8
JMP_JMP_05,2023-08-31 10:00:00+00:00,0.0,0.0,0.324,0.341,31.9,71,993.2,1.6
JMP_JMP_05,2023-08-31 11:00:00+00:00,0.0,0.0,0.323,0.341,30.7,80,993.4,4.3
JMP_JMP_05,2023-08-31 12:00:00+00:00,0.1,0.1,0.317,0.34,30.1,87,994.2,8.1
JMP_JMP_05,2023-08-31 13:00:00+00:00,0.0,0.0,0.318,0.34,28.5,85,995.0,10.5
JMP_JMP_05,2023-08-31 14:00:00+00:00,0.0,0.0,0.318,0.34,27.5,88,996.0,8.8
JMP_JMP_05,2023-08-31 15:00:00+00:00,0.0,0.0,0.318,0.34,27.2,89,996.8,7.6
JMP_JMP_05,2023-08-31 16:00:00+00:00,0.0,0.0,0.318,0.339,27.1,91,997.3,10.1
JMP_JMP_05,2023-08-31 17:00:00+00:00,0.0,0.0,0.319,0.339,26.8,92,997.6,11.6
JMP_JMP_05,2023-08-31 18:00:00+00:00,0.0,0.0,0.319,0.339,26.5,91,997.2,8.3
JMP_JMP_05,2023-08-31 19:00:00+00:00,0.0,0.0,0.319,0.339,26.1,91,996.6,9.3
JMP_JMP_05,2023-08-31 20:00:00+00:00,0.0,0.0,0.319,0.339,25.8,92,996.0,7.3
JMP_JMP_05,2023-08-31 21:00:00+00:00,1.0,1.0,0.327,0.339,25.1,96,996.3,8.2
JMP_JMP_05,2023-08-31 22:00:00+00:00,3.2,3.2,0.365,0.339,24.5,99,996.7,7.8
JMP_JMP_05,2023-08-31 23:00:00+00:00,9.4,9.4,0.436,0.356,24.4,100,996.8,7.3
