station_id,datetime_utc,precipitation,rain,soil_moisture_0_to_7cm,soil_moisture_7_to_28cm,temperature_2m,relative_humidity_2m,surface_pressure,wind_speed_10m
AZL_TLW_01,2023-06-01 00:00:00+00:00,0.0,0.0,0.246,0.264,20.1,97,890.6,4.2
AZL_TLW_01,2023-06-01 01:00:00+00:00,0.0,0.0,0.246,0.263,21.5,95,892.0,3.7
AZL_TLW_01,2023-06-01 02:00:00+00:00,0.0,0.0,0.246,0.263,23.0,84,893.0,5.4
AZL_TLW_01,2023-06-01 03:00:00+00:00,0.1,0.1,0.246,0.263,24.4,75,893.1,4.5
AZL_TLW_01,2023-06-01 04:00:00+00:00,0.1,0.1,0.246,0.262,26.5,62,893.1,3.6
AZL_TLW_01,2023-06-01 05:00:00+00:00,0.0,0.0,0.244,0.262,27.9,53,892.8,5.1
AZL_TLW_01,2023-06-01 06:00:00+00:00,0.0,0.0,0.243,0.261,29.6,46,892.2,5.8
AZL_TLW_01,2023-06-01 07:00:00+00:00,0.0,0.0,0.241,0.26,30.6,42,891.1,7.1
AZL_TLW_01,2023-06-01 08:00:00+00:00,0.0,0.0,0.239,0.26,30.7,41,890.1,8.9
AZL_TLW_01,2023-06-01 09:00:00+00:00,0.0,0.0,0.237,0.259,30.3,42,889.6,8.4
AZL_TLW_01,2023-06-01 10:00:00+00:00,0.1,0.1,0.237,0.259,28.7,46,889.0,8.9
AZL_TLW_01,2023-06-01 11:00:00+00:00,0.0,0.0,0.237,0.258,27.1,54,889.0,7.1
AZL_TLW_01,2023-06-01 12:00:00+00:00,0.0,0.0,0.235,0.257,26.7,56,889.5,4.3
AZL_TLW_01,2023-06-01 13:00:00+00:00,0.0,0.0,0.235,0.257,24.6,67,889.5,3.6
AZL_TLW_01,2023-06-01 14:00:00+00:00,0.0,0.0,0.235,0.257,23.9,69,889.9,3.4
AZL_TLW_01,2023-06-01 15:00:00+00:00,0.0,0.0,0.235,0.257,23.1,71,890.7,3.9
AZL_TLW_01,2023-06-01 16:00:00+00:00,0.0,0.0,0.235,0.257,22.2,80,890.7,1.5
AZL_TLW_01,2023-06-01 17:00:00+00:00,0.0,0.0,0.236,0.257,21.8,79,890.6,3.3
AZL_TLW_01,2023-06-01 18:00:00+00:00,0.0,0.0,0.236,0.256,21.1,83,890.1,3.3
AZL_TLW_01,2023-06-01 19:00:00+00:00,0.0,0.0,0.236,0.256,20.9,85,889.3,5.5
AZL_TLW_01,2023-06-01 20:00:00+00:00,0.0,0.0,0.236,0.256,20.2,89,888.8,4.9
AZL_TLW_01,2023-06-01 21:00:00+00:00,0.0,0.0,0.236,0.256,19.7,92,888.3,5.9
AZL_TLW_01,2023-06-01 22:00:00+00:00,0.0,0.0,0.236,0.256,19.3,95,888.7,5.2
AZL_TLW_01,2023-06-01 23:00:00+00:00,0.0,0.0,0.236,0.256,19.2,96,889.3,4.8
AZL_TLW_01,2023-06-02 00:00:00+00:00,0.0,0.0,0.235,0.255,20.5,93,890.5,5.9
AZL_TLW_01,2023-06-02 01:00:00+00:00,0.0,0.0,0.235,0.255,22.7,84,891.8,7.1
AZL_TLW_01,2023-06-02 02:00:00+00:00,0.1,0.1,0.235,0.254,24.4,74,892.7,5.0
AZL_TLW_01,2023-06-02 03:00:00+00:00,0.1,0.1,0.234,0.254,25.8,65,893.3,4.6
AZL_TLW_01,2023-06-02 04:00:00+00:00,0.0,0.0,0.233,0.253,27.7,55,893.7,5.4
AZL_TLW_01,2023-06-02 05:00:00+00:00,0.0,0.0,0.232,0.253,28.7,49,893.6,7.2
AZL_TLW_01,2023-06-02 06:00:00+00:00,0.0,0.0,0.23,0.252,29.7,45,893.0,8.7
AZL_TLW_01,2023-06-02 07:00:00+00:00,0.0,0.0,0.229,0.252,29.8,43,891.9,9.0
AZL_TLW_01,2023-06-02 08:00:00+00:00,0.0,0.0,0.227,0.251,30.0,41,890.9,8.1
AZL_TLW_01,2023-06-02 09:00:00+00:00,0.0,0.0,0.226,0.25,29.7,41,890.4,8.9
AZL_TLW_01,2023-06-02 10:00:00+00:00,0.4,0.4,0.227,0.25,28.2,46,889.7,7.7
AZL_TLW_01,2023-06-02 11:00:00+00:00,0.2,0.2,0.228,0.25,27.1,52,889.4,3.9
AZL_TLW_01,2023-06-02 12:00:00+00:00,0.0,0.0,0.226,0.251,26.3,56,890.2,3.7
AZL_TLW_01,2023-06-02 13:00:00+00:00,0.0,0.0,0.226,0.251,24.2,70,890.0,2.9
AZL_TLW_01,2023-06-02 14:00:00+00:00,0.0,0.0,0.226,0.251,23.6,67,890.8,6.3
AZL_TLW_01,2023-06-02 15:00:00+00:00,0.0,0.0,0.226,0.251,22.6,72,891.0,4.6
AZL_TLW_01,2023-06-02 16:00:00+00:00,0.0,0.0,0.226,0.251,21.8,77,891.3,4.3
AZL_TLW_01,2023-06-02 17:00:00+00:00,0.0,0.0,0.226,0.251,21.2,81,891.1,3.3
AZL_TLW_01,2023-06-02 18:00:00+00:00,0.0,0.0,0.226,0.251,20.5,87,890.6,2.3
AZL_TLW_01,2023-06-02 19:00:00+00:00,0.0,0.0,0.227,0.251,20.2,86,889.9,5.0
AZL_TLW_01,2023-06-02 20:00:00+00:00,0.0,0.0,0.227,0.251,19.8,89,889.4,3.9
AZL_TLW_01,2023-06-02 21:00:00+00:00,0.0,0.0,0.227,0.251,19.3,91,889.3,4.2
AZL_TLW_01,2023-06-02 22:00:00+00:00,0.0,0.0,0.227,0.251,18.6,94,889.2,5.6
AZL_TLW_01,2023-06-02 23:00:00+00:00,0.0,0.0,0.227,0.251,18.0,96,889.4,5.2
AZL_TLW_01,2023-06-03 00:00:00+00:00,0.0,0.0,0.227,0.25,19.2,93,890.5,6.5
AZL_TLW_01,2023-06-03 01:00:00+00:00,0.0,0.0,0.227,0.25,22.2,84,892.1,8.1
AZL_TLW_01,2023-06-03 02:00:00+00:00,0.2,0.2,0.228,0.25,23.9,75,893.4,4.2
AZL_TLW_01,2023-06-03 03:00:00+00:00,0.0,0.0,0.228,0.249,25.0,69,894.4,6.5
AZL_TLW_01,2023-06-03 04:00:00+00:00,0.0,0.0,0.227,0.249,24.7,67,894.3,6.0
AZL_TLW_01,2023-06-03 05:00:00+00:00,0.0,0.0,0.226,0.249,27.7,54,894.6,4.3
AZL_TLW_01,2023-06-03 06:00:00+00:00,0.0,0.0,0.224,0.248,29.0,48,894.0,5.9
AZL_TLW_01,2023-06-03 07:00:00+00:00,0.0,0.0,0.222,0.247,30.2,41,893.3,7.7
AZL_TLW_01,2023-06-03 08:00:00+00:00,0.0,0.0,0.221,0.247,30.6,36,892.1,8.8
AZL_TLW_01,2023-06-03 09:00:00+00:00,0.0,0.0,0.219,0.246,30.2,36,891.0,9.9
AZL_TLW_01,2023-06-03 10:00:00+00:00,0.0,0.0,0.218,0.246,29.4,38,890.3,9.8
AZL_TLW_01,2023-06-03 11:00:00+00:00,0.0,0.0,0.217,0.245,28.1,44,890.5,7.9
AZL_TLW_01,2023-06-03 12:00:00+00:00,0.0,0.0,0.216,0.246,27.0,51,890.7,6.1
AZL_TLW_01,2023-06-03 13:00:00+00:00,0.0,0.0,0.216,0.245,24.3,70,890.3,3.8
AZL_TLW_01,2023-06-03 14:00:00+00:00,0.0,0.0,0.216,0.245,23.1,77,890.8,3.4
AZL_TLW_01,2023-06-03 15:00:00+00:00,0.0,0.0,0.217,0.245,22.7,70,891.8,4.0
AZL_TLW_01,2023-06-03 16:00:00+00:00,0.0,0.0,0.217,0.245,21.8,76,892.4,3.6
AZL_TLW_01,2023-06-03 17:00:00+00:00,0.0,0.0,0.217,0.245,21.2,80,892.3,4.8
AZL_TLW_01,2023-06-03 18:00:00+00:00,0.0,0.0,0.217,0.245,20.6,84,891.6,4.3
AZL_TLW_01,2023-06-03 19:00:00+00:00,0.0,0.0,0.217,0.245,20.2,87,891.0,4.0
AZL_TLW_01,2023-06-03 20:00:00+00:00,0.0,0.0,0.217,0.245,19.8,89,890.5,4.0
AZL_TLW_01,2023-06-03 21:00:00+00:00,0.0,0.0,0.218,0.245,19.1,93,890.5,4.2
AZL_TLW_01,2023-06-03 22:00:00+00:00,0.0,0.0,0.218,0.245,18.8,95,890.3,3.9
AZL_TLW_01,2023-06-03 23:00:00+00:00,0.0,0.0,0.218,0.245,18.3,96,890.3,3.5
AZL_TLW_01,2023-06-04 00:00:00+00:00,0.0,0.0,0.216,0.245,19.7,93,891.2,3.3
AZL_TLW_01,2023-06-04 01:00:00+00:00,0.0,0.0,0.216,0.244,22.1,83,892.7,3.1
AZL_TLW_01,2023-06-04 02:00:00+00:00,0.0,0.0,0.216,0.244,24.4,72,893.6,2.6
AZL_TLW_01,2023-06-04 03:00:00+00:00,0.0,0.0,0.215,0.244,26.7,58,894.6,5.2
AZL_TLW_01,2023-06-04 04:00:00+00:00,0.1,0.1,0.215,0.243,27.0,56,894.5,6.9
AZL_TLW_01,2023-06-04 05:00:00+00:00,0.0,0.0,0.213,0.243,28.5,49,894.3,6.1
AZL_TLW_01,2023-06-04 06:00:00+00:00,0.0,0.0,0.212,0.242,29.7,44,893.7,5.9
AZL_TLW_01,2023-06-04 07:00:00+00:00,0.0,0.0,0.21,0.241,30.5,43,892.7,6.4
AZL_TLW_01,2023-06-04 08:00:00+00:00,0.0,0.0,0.209,0.241,30.7,42,891.5,8.5
AZL_TLW_01,2023-06-04 09:00:00+00:00,0.0,0.0,0.208,0.24,30.3,41,890.4,8.6
AZL_TLW_01,2023-06-04 10:00:00+00:00,0.0,0.0,0.207,0.24,29.8,39,889.8,5.7
AZL_TLW_01,2023-06-04 11:00:00+00:00,0.0,0.0,0.206,0.239,29.2,43,889.6,3.2
AZL_TLW_01,2023-06-04 12:00:00+00:00,0.0,0.0,0.211,0.24,24.8,64,889.9,6.1
AZL_TLW_01,2023-06-04 13:00:00+00:00,0.0,0.0,0.211,0.24,22.6,78,889.5,3.3
AZL_TLW_01,2023-06-04 14:00:00+00:00,0.0,0.0,0.211,0.24,21.9,82,889.7,1.6
AZL_TLW_01,2023-06-04 15:00:00+00:00,0.0,0.0,0.211,0.239,21.7,88,890.1,1.8
AZL_TLW_01,2023-06-04 16:00:00+00:00,0.0,0.0,0.211,0.239,21.6,84,890.8,2.1
AZL_TLW_01,2023-06-04 17:00:00+00:00,0.0,0.0,0.211,0.239,21.0,88,890.7,2.9
AZL_TLW_01,2023-06-04 18:00:00+00:00,0.0,0.0,0.211,0.239,20.7,87,890.4,2.9
AZL_TLW_01,2023-06-04 19:00:00+00:00,0.0,0.0,0.211,0.239,20.1,89,889.7,2.5
AZL_TLW_01,2023-06-04 20:00:00+00:00,0.0,0.0,0.212,0.239,19.8,88,889.3,2.4
AZL_TLW_01,2023-06-04 21:00:00+00:00,0.0,0.0,0.212,0.239,19.8,85,889.2,4.0
AZL_TLW_01,2023-06-04 22:00:00+00:00,0.0,0.0,0.212,0.239,19.3,90,889.1,2.1
AZL_TLW_01,2023-06-04 23:00:00+00:00,0.0,0.0,0.212,0.239,19.0,91,889.0,1.6
AZL_TLW_01,2023-06-05 00:00:00+00:00,0.0,0.0,0.211,0.238,19.4,87,889.5,3.1
AZL_TLW_01,2023-06-05 01:00:00+00:00,0.0,0.0,0.211,0.238,22.8,72,891.3,1.3
AZL_TLW_01,2023-06-05 02:00:00+00:00,0.0,0.0,0.21,0.237,25.2,66,892.1,2.6
AZL_TLW_01,2023-06-05 03:00:00+00:00,0.0,0.0,0.209,0.237,27.1,58,892.3,4.0
AZL_TLW_01,2023-06-05 04:00:00+00:00,0.0,0.0,0.208,0.237,28.8,47,892.5,4.0
AZL_TLW_01,2023-06-05 05:00:00+00:00,0.0,0.0,0.207,0.236,30.1,41,892.5,4.3
AZL_TLW_01,2023-06-05 06:00:00+00:00,0.0,0.0,0.205,0.235,30.7,39,892.1,5.9
AZL_TLW_01,2023-06-05 07:00:00+00:00,0.0,0.0,0.204,0.235,31.2,37,891.1,6.7
AZL_TLW_01,2023-06-05 08:00:00+00:00,0.0,0.0,0.203,0.234,31.8,35,889.9,6.9
AZL_TLW_01,2023-06-05 09:00:00+00:00,0.0,0.0,0.201,0.234,31.8,35,889.1,6.1
AZL_TLW_01,2023-06-05 10:00:00+00:00,0.0,0.0,0.2,0.233,31.3,36,888.6,6.2
AZL_TLW_01,2023-06-05 11:00:00+00:00,0.0,0.0,0.2,0.233,30.1,41,888.5,4.7
AZL_TLW_01,2023-06-05 12:00:00+00:00,0.0,0.0,0.209,0.239,25.8,64,888.7,4.0
AZL_TLW_01,2023-06-05 13:00:00+00:00,0.0,0.0,0.209,0.239,24.1,73,888.8,3.1
AZL_TLW_01,2023-06-05 14:00:00+00:00,0.0,0.0,0.209,0.239,23.3,72,889.7,7.4
AZL_TLW_01,2023-06-05 15:00:00+00:00,0.0,0.0,0.209,0.239,22.9,73,890.0,3.2
AZL_TLW_01,2023-06-05 16:00:00+00:00,0.0,0.0,0.209,0.239,23.0,66,890.7,2.2
AZL_TLW_01,2023-06-05 17:00:00+00:00,0.0,0.0,0.209,0.239,21.6,80,890.4,1.6
AZL_TLW_01,2023-06-05 18:00:00+00:00,0.0,0.0,0.209,0.239,21.0,80,889.8,2.5
AZL_TLW_01,2023-06-05 19:00:00+00:00,0.0,0.0,0.209,0.239,20.5,83,889.2,3.4
AZL_TLW_01,2023-06-05 20:00:00+00:00,0.0,0.0,0.209,0.239,20.5,84,888.7,3.7
AZL_TLW_01,2023-06-05 21:00:00+00:00,0.0,0.0,0.209,0.239,20.5,87,888.4,2.2
AZL_TLW_01,2023-06-05 22:00:00+00:00,0.0,0.0,0.209,0.239,20.7,84,888.4,2.3
AZL_TLW_01,2023-06-05 23:00:00+00:00,0.0,0.0,0.209,0.239,20.7,83,888.6,2.1
AZL_TLW_01,2023-06-06 00:00:00+00:00,0.0,0.0,0.21,0.238,21.0,80,889.2,3.6
AZL_TLW_01,2023-06-06 01:00:00+00:00,0.3,0.3,0.213,0.238,20.8,86,889.5,3.1
AZL_TLW_01,2023-06-06 02:00:00+00:00,0.5,0.5,0.217,0.238,21.4,87,890.2,3.3
AZL_TLW_01,2023-06-06 03:00:00+00:00,0.6,0.6,0.222,0.238,21.2,91,890.6,3.1
AZL_TLW_01,2023-06-06 04:00:00+00:00,0.2,0.2,0.223,0.238,22.4,90,891.2,1.5
AZL_TLW_01,2023-06-06 05:00:00+00:00,0.0,0.0,0.223,0.238,23.4,84,890.6,1.1
AZL_TLW_01,2023-06-06 06:00:00+00:00,0.0,0.0,0.222,0.237,27.0,54,890.6,4.7
AZL_TLW_01,2023-06-06 07:00:00+00:00,0.0,0.0,0.22,0.237,30.1,41,889.9,6.9
AZL_TLW_01,2023-06-06 08:00:00+00:00,0.0,0.0,0.218,0.236,31.1,37,889.2,8.2
AZL_TLW_01,2023-06-06 09:00:00+00:00,0.0,0.0,0.217,0.236,31.0,37,888.1,7.9
AZL_TLW_01,2023-06-06 10:00:00+00:00,0.0,0.0,0.216,0.235,30.5,38,887.9,6.4
AZL_TLW_01,2023-06-06 11:00:00+00:00,0.0,0.0,0.215,0.235,29.9,44,887.8,2.9
AZL_TLW_01,2023-06-06 12:00:00+00:00,0.0,0.0,0.227,0.241,26.2,56,887.6,6.8
AZL_TLW_01,2023-06-06 13:00:00+00:00,0.0,0.0,0.227,0.241,23.7,75,887.4,3.0
AZL_TLW_01,2023-06-06 14:00:00+00:00,0.0,0.0,0.227,0.241,23.2,82,888.1,2.2
AZL_TLW_01,2023-06-06 15:00:00+00:00,0.0,0.0,0.227,0.241,23.2,78,889.0,2.2
AZL_TLW_01,2023-06-06 16:00:00+00:00,0.0,0.0,0.227,0.241,22.8,78,889.4,2.5
AZL_TLW_01,2023-06-06 17:00:00+00:00,0.0,0.0,0.227,0.241,22.4,78,889.3,2.7
AZL_TLW_01,2023-06-06 18:00:00+00:00,0.0,0.0,0.227,0.241,21.9,80,888.7,2.7
AZL_TLW_01,2023-06-06 19:00:00+00:00,0.0,0.0,0.227,0.241,21.3,84,888.3,2.8
AZL_TLW_01,2023-06-06 20:00:00+00:00,0.0,0.0,0.227,0.241,21.0,86,888.0,2.6
AZL_TLW_01,2023-06-06 21:00:00+00:00,0.0,0.0,0.227,0.241,20.7,89,887.6,2.7
AZL_TLW_01,2023-06-06 22:00:00+00:00,0.0,0.0,0.227,0.241,20.1,93,887.2,2.3
AZL_TLW_01,2023-06-06 23:00:00+00:00,0.0,0.0,0.228,0.241,19.8,95,887.4,3.7
AZL_TLW_01,2023-06-07 00:00:00+00:00,0.0,0.0,0.226,0.239,20.6,99,887.6,2.5
AZL_TLW_01,2023-06-07 01:00:00+00:00,0.0,0.0,0.225,0.239,22.9,90,889.1,1.1
AZL_TLW_01,2023-06-07 02:00:00+00:00,0.0,0.0,0.225,0.239,25.0,76,890.6,1.5
AZL_TLW_01,2023-06-07 03:00:00+00:00,0.1,0.1,0.225,0.239,27.1,62,891.2,3.1
AZL_TLW_01,2023-06-07 04:00:00+00:00,0.0,0.0,0.223,0.238,29.3,51,891.2,3.9
AZL_TLW_01,2023-06-07 05:00:00+00:00,0.0,0.0,0.221,0.237,31.0,44,891.0,3.2
AZL_TLW_01,2023-06-07 06:00:00+00:00,0.0,0.0,0.22,0.237,31.5,41,889.8,3.2
AZL_TLW_01,2023-06-07 07:00:00+00:00,0.6,0.6,0.223,0.237,28.7,48,888.2,11.9
AZL_TLW_01,2023-06-07 08:00:00+00:00,0.5,0.5,0.227,0.236,25.9,67,887.9,5.2
AZL_TLW_01,2023-06-07 09:00:00+00:00,0.6,0.6,0.231,0.236,24.3,74,887.5,4.0
AZL_TLW_01,2023-06-07 10:00:00+00:00,0.4,0.4,0.234,0.236,23.9,78,886.8,4.6
AZL_TLW_01,2023-06-07 11:00:00+00:00,0.0,0.0,0.233,0.236,23.4,81,887.1,2.4
AZL_TLW_01,2023-06-07 12:00:00+00:00,0.0,0.0,0.413,0.295,22.7,99,887.2,2.1
AZL_TLW_01,2023-06-07 13:00:00+00:00,0.0,0.0,0.399,0.299,21.8,99,887.0,3.3
AZL_TLW_01,2023-06-07 14:00:00+00:00,0.0,0.0,0.391,0.302,21.1,98,887.1,4.0
AZL_TLW_01,2023-06-07 15:00:00+00:00,0.0,0.0,0.385,0.304,20.9,99,887.8,2.9
AZL_TLW_01,2023-06-07 16:00:00+00:00,0.0,0.0,0.38,0.305,20.4,99,888.5,4.0
AZL_TLW_01,2023-06-07 17:00:00+00:00,0.0,0.0,0.376,0.306,20.7,98,888.9,2.3
AZL_TLW_01,2023-06-07 18:00:00+00:00,0.0,0.0,0.373,0.307,20.0,99,888.1,2.9
AZL_TLW_01,2023-06-07 19:00:00+00:00,0.0,0.0,0.37,0.308,19.9,100,887.1,2.2
AZL_TLW_01,2023-06-07 20:00:00+00:00,0.0,0.0,0.367,0.309,20.0,100,887.2,1.8
AZL_TLW_01,2023-06-07 21:00:00+00:00,0.0,0.0,0.365,0.309,19.6,100,886.9,2.0
AZL_TLW_01,2023-06-07 22:00:00+00:00,0.7,0.7,0.372,0.31,19.5,100,887.1,4.7
AZL_TLW_01,2023-06-07 23:00:00+00:00,0.0,0.0,0.369,0.311,19.4,99,887.5,2.3
AZL_TLW_01,2023-06-08 00:00:00+00:00,0.0,0.0,0.362,0.316,20.7,99,887.5,2.2
AZL_TLW_01,2023-06-08 01:00:00+00:00,0.0,0.0,0.36,0.317,22.2,94,888.8,2.2
AZL_TLW_01,2023-06-08 02:00:00+00:00,0.0,0.0,0.358,0.317,24.1,87,889.7,3.9
AZL_TLW_01,2023-06-08 03:00:00+00:00,0.0,0.0,0.356,0.317,25.4,78,890.1,3.1
AZL_TLW_01,2023-06-08 04:00:00+00:00,0.2,0.2,0.355,0.317,27.0,67,890.7,1.0
AZL_TLW_01,2023-06-08 05:00:00+00:00,0.1,0.1,0.353,0.316,26.0,71,890.1,6.9
AZL_TLW_01,2023-06-08 06:00:00+00:00,0.0,0.0,0.351,0.316,24.8,78,889.1,3.9
AZL_TLW_01,2023-06-08 07:00:00+00:00,0.1,0.1,0.349,0.316,25.7,75,888.4,4.3
AZL_TLW_01,2023-06-08 08:00:00+00:00,0.1,0.1,0.347,0.315,26.7,70,887.4,5.2
AZL_TLW_01,2023-06-08 09:00:00+00:00,1.2,1.2,0.354,0.315,25.2,76,886.7,4.6
AZL_TLW_01,2023-06-08 10:00:00+00:00,2.4,2.4,0.379,0.315,24.3,79,886.3,4.8
AZL_TLW_01,2023-06-08 11:00:00+00:00,0.1,0.1,0.376,0.316,22.8,90,885.8,3.8
AZL_TLW_01,2023-06-08 12:00:00+00:00,0.0,0.0,0.373,0.317,22.6,92,885.9,3.3
AZL_TLW_01,2023-06-08 13:00:00+00:00,0.0,0.0,0.379,0.333,21.9,97,886.6,2.4
AZL_TLW_01,2023-06-08 14:00:00+00:00,0.0,0.0,0.377,0.334,21.6,98,887.2,3.4
AZL_TLW_01,2023-06-08 15:00:00+00:00,0.1,0.1,0.375,0.334,21.2,98,887.2,2.2
AZL_TLW_01,2023-06-08 16:00:00+00:00,2.9,2.9,0.404,0.335,20.4,100,887.8,2.2
AZL_TLW_01,2023-06-08 17:00:00+00:00,4.7,4.7,0.43,0.347,20.3,100,888.2,2.9
AZL_TLW_01,2023-06-08 18:00:00+00:00,2.8,2.8,0.414,0.363,20.0,99,887.3,5.7
AZL_TLW_01,2023-06-08 19:00:00+00:00,0.1,0.1,0.408,0.365,19.6,100,886.5,0.8
AZL_TLW_01,2023-06-08 20:00:00+00:00,0.9,0.9,0.412,0.367,19.3,100,885.6,3.3
AZL_TLW_01,2023-06-08 21:00:00+00:00,0.1,0.1,0.406,0.368,19.2,100,885.6,1.5
AZL_TLW_01,2023-06-08 22:00:00+00:00,0.0,0.0,0.402,0.369,19.1,100,885.7,2.1
AZL_TLW_01,2023-06-08 23:00:00+00:00,0.0,0.0,0.398,0.369,19.0,100,885.2,2.6
AZL_TLW_01,2023-06-09 00:00:00+00:00,0.1,0.1,0.396,0.369,19.6,99,886.6,0.8
AZL_TLW_01,2023-06-09 01:00:00+00:00,0.7,0.7,0.378,0.336,20.9,95,887.2,2.0
AZL_TLW_01,2023-06-09 02:00:00+00:00,0.0,0.0,0.376,0.336,22.6,86,888.4,2.6
AZL_TLW_01,2023-06-09 03:00:00+00:00,0.0,0.0,0.373,0.336,23.7,81,888.5,2.3
AZL_TLW_01,2023-06-09 04:00:00+00:00,0.0,0.0,0.37,0.336,25.9,71,888.9,1.3
AZL_TLW_01,2023-06-09 05:00:00+00:00,0.1,0.1,0.367,0.336,27.3,66,888.5,3.3
AZL_TLW_01,2023-06-09 06:00:00+00:00,0.0,0.0,0.363,0.335,27.9,61,887.7,6.8
AZL_TLW_01,2023-06-09 07:00:00+00:00,2.2,2.2,0.379,0.335,22.9,86,885.9,8.9
AZL_TLW_01,2023-06-09 08:00:00+00:00,3.0,3.0,0.408,0.336,23.0,88,885.6,1.9
AZL_TLW_01,2023-06-09 09:00:00+00:00,7.9,7.9,0.423,0.356,22.0,91,885.2,2.5
AZL_TLW_01,2023-06-09 10:00:00+00:00,0.8,0.8,0.414,0.362,21.6,94,885.0,1.5
AZL_TLW_01,2023-06-09 11:00:00+00:00,0.1,0.1,0.407,0.363,21.5,94,884.6,3.1
AZL_TLW_01,2023-06-09 12:00:00+00:00,0.1,0.1,0.402,0.364,21.0,96,885.5,4.4
AZL_TLW_01,2023-06-09 13:00:00+00:00,0.0,0.0,0.4,0.36,20.3,98,885.7,2.6
AZL_TLW_01,2023-06-09 14:00:00+00:00,0.0,0.0,0.396,0.361,19.9,98,886.3,3.1
AZL_TLW_01,2023-06-09 15:00:00+00:00,0.0,0.0,0.393,0.361,19.7,98,886.5,2.9
AZL_TLW_01,2023-06-09 16:00:00+00:00,0.0,0.0,0.39,0.361,19.2,99,886.6,3.2
AZL_TLW_01,2023-06-09 17:00:00+00:00,0.0,0.0,0.388,0.361,19.0,99,886.3,3.1
AZL_TLW_01,2023-06-09 18:00:00+00:00,0.0,0.0,0.386,0.361,19.4,98,886.2,2.8
AZL_TLW_01,2023-06-09 19:00:00+00:00,0.1,0.1,0.385,0.361,19.6,99,885.2,1.1
AZL_TLW_01,2023-06-09 20:00:00+00:00,0.0,0.0,0.383,0.361,18.8,100,885.0,2.9
AZL_TLW_01,2023-06-09 21:00:00+00:00,0.2,0.2,0.383,0.361,19.3,100,884.8,1.3
AZL_TLW_01,2023-06-09 22:00:00+00:00,0.3,0.3,0.384,0.36,19.4,99,885.0,1.3
AZL_TLW_01,2023-06-09 23:00:00+00:00,0.8,0.8,0.391,0.361,19.3,100,885.1,1.6
AZL_TLW_01,2023-06-10 00:00:00+00:00,0.2,0.2,0.38,0.361,19.9,100,885.3,3.1
AZL_TLW_01,2023-06-10 01:00:00+00:00,0.1,0.1,0.379,0.36,21.2,93,886.6,3.9
AZL_TLW_01,2023-06-10 02:00:00+00:00,0.0,0.0,0.378,0.36,21.4,92,886.7,4.0
AZL_TLW_01,2023-06-10 03:00:00+00:00,0.0,0.0,0.376,0.36,23.9,79,887.6,4.7
AZL_TLW_01,2023-06-10 04:00:00+00:00,0.1,0.1,0.374,0.359,25.7,73,887.9,5.4
AZL_TLW_01,2023-06-10 05:00:00+00:00,0.1,0.1,0.372,0.358,27.2,67,887.2,5.0
AZL_TLW_01,2023-06-10 06:00:00+00:00,0.0,0.0,0.369,0.356,28.4,60,886.5,4.3
AZL_TLW_01,2023-06-10 07:00:00+00:00,12.2,12.2,0.43,0.367,23.2,94,884.9,2.3
AZL_TLW_01,2023-06-10 08:00:00+00:00,7.4,7.4,0.428,0.391,23.0,98,885.1,4.3
AZL_TLW_01,2023-06-10 09:00:00+00:00,0.4,0.4,0.419,0.393,21.8,98,884.3,3.7
AZL_TLW_01,2023-06-10 10:00:00+00:00,2.0,2.0,0.428,0.396,22.2,92,884.3,2.8
AZL_TLW_01,2023-06-10 11:00:00+00:00,0.3,0.3,0.419,0.398,21.7,100,884.0,1.3
AZL_TLW_01,2023-06-10 12:00:00+00:00,0.1,0.1,0.362,0.352,21.8,85,885.3,2.3
AZL_TLW_01,2023-06-10 13:00:00+00:00,0.0,0.0,0.361,0.351,21.0,92,885.6,1.1
AZL_TLW_01,2023-06-10 14:00:00+00:00,0.0,0.0,0.361,0.351,20.8,93,886.3,1.1
AZL_TLW_01,2023-06-10 15:00:00+00:00,0.0,0.0,0.361,0.351,20.7,95,886.5,1.0
AZL_TLW_01,2023-06-10 16:00:00+00:00,0.0,0.0,0.36,0.35,19.8,98,886.8,1.0
AZL_TLW_01,2023-06-10 17:00:00+00:00,0.0,0.0,0.36,0.35,19.5,100,886.8,2.2
AZL_TLW_01,2023-06-10 18:00:00+00:00,0.0,0.0,0.359,0.35,19.1,100,886.0,3.9
AZL_TLW_01,2023-06-10 19:00:00+00:00,0.0,0.0,0.359,0.349,19.0,100,885.4,5.2
AZL_TLW_01,2023-06-10 20:00:00+00:00,0.0,0.0,0.358,0.349,18.8,98,884.9,5.7
AZL_TLW_01,2023-06-10 21:00:00+00:00,0.0,0.0,0.358,0.348,19.3,94,885.3,6.1
AZL_TLW_01,2023-06-10 22:00:00+00:00,0.1,0.1,0.358,0.348,19.5,91,885.4,7.2
AZL_TLW_01,2023-06-10 23:00:00+00:00,0.1,0.1,0.358,0.348,19.5,91,885.7,6.8
AZL_TLW_01,2023-06-11 00:00:00+00:00,0.4,0.4,0.369,0.349,19.6,95,886.3,3.9
AZL_TLW_01,2023-06-11 01:00:00+00:00,0.2,0.2,0.37,0.349,20.1,95,886.9,6.5
AZL_TLW_01,2023-06-11 02:00:00+00:00,0.0,0.0,0.369,0.349,21.2,91,887.5,5.8
AZL_TLW_01,2023-06-11 03:00:00+00:00,0.0,0.0,0.367,0.348,22.8,81,887.8,8.1
AZL_TLW_01,2023-06-11 04:00:00+00:00,0.1,0.1,0.366,0.348,24.0,72,888.3,10.5
AZL_TLW_01,2023-06-11 05:00:00+00:00,0.2,0.2,0.365,0.347,23.8,72,887.8,13.1
AZL_TLW_01,2023-06-11 06:00:00+00:00,0.1,0.1,0.364,0.347,24.2,70,887.2,10.5
AZL_TLW_01,2023-06-11 07:00:00+00:00,0.0,0.0,0.362,0.346,25.6,65,886.6,10.5
AZL_TLW_01,2023-06-11 08:00:00+00:00,1.5,1.5,0.371,0.345,24.5,70,885.8,15.8
AZL_TLW_01,2023-06-11 09:00:00+00:00,0.7,0.7,0.375,0.345,21.9,89,884.8,5.9
AZL_TLW_01,2023-06-11 10:00:00+00:00,0.1,0.1,0.373,0.345,23.6,76,884.8,9.6
AZL_TLW_01,2023-06-11 11:00:00+00:00,0.0,0.0,0.371,0.345,23.1,77,884.8,8.7
AZL_TLW_01,2023-06-11 12:00:00+00:00,0.0,0.0,0.361,0.343,22.2,77,885.9,6.6
AZL_TLW_01,2023-06-11 13:00:00+00:00,0.0,0.0,0.36,0.343,21.1,83,885.8,3.9
AZL_TLW_01,2023-06-11 14:00:00+00:00,0.0,0.0,0.359,0.343,20.6,86,886.2,3.3
AZL_TLW_01,2023-06-11 15:00:00+00:00,0.0,0.0,0.359,0.343,20.5,86,886.8,3.1
AZL_TLW_01,2023-06-11 16:00:00+00:00,0.0,0.0,0.358,0.343,20.5,86,887.6,4.1
AZL_TLW_01,2023-06-11 17:00:00+00:00,0.0,0.0,0.357,0.342,20.1,89,887.4,2.2
AZL_TLW_01,2023-06-11 18:00:00+00:00,0.0,0.0,0.357,0.342,19.8,90,886.7,2.3
AZL_TLW_01,2023-06-11 19:00:00+00:00,0.0,0.0,0.356,0.342,19.5,91,885.8,3.1
AZL_TLW_01,2023-06-11 20:00:00+00:00,0.0,0.0,0.356,0.342,18.9,94,885.4,1.8
AZL_TLW_01,2023-06-11 21:00:00+00:00,0.0,0.0,0.355,0.341,18.6,95,885.0,2.5
AZL_TLW_01,2023-06-11 22:00:00+00:00,0.0,0.0,0.354,0.341,18.1,97,884.9,4.1
AZL_TLW_01,2023-06-11 23:00:00+00:00,0.0,0.0,0.354,0.341,17.9,97,885.2,3.3
AZL_TLW_01,2023-06-12 00:00:00+00:00,0.0,0.0,0.354,0.341,19.3,97,886.5,2.0
AZL_TLW_01,2023-06-12 01:00:00+00:00,0.4,0.4,0.356,0.34,20.5,93,887.2,2.8
AZL_TLW_01,2023-06-12 02:00:00+00:00,0.1,0.1,0.356,0.34,21.4,90,887.9,1.8
AZL_TLW_01,2023-06-12 03:00:00+00:00,0.1,0.1,0.355,0.34,23.9,74,889.3,7.9
AZL_TLW_01,2023-06-12 04:00:00+00:00,0.0,0.0,0.354,0.339,23.9,75,888.9,6.4
AZL_TLW_01,2023-06-12 05:00:00+00:00,0.0,0.0,0.352,0.338,26.4,66,888.9,5.5
AZL_TLW_01,2023-06-12 06:00:00+00:00,0.1,0.1,0.349,0.337,27.5,60,888.5,7.4
AZL_TLW_01,2023-06-12 07:00:00+00:00,0.1,0.1,0.348,0.336,27.1,58,887.5,12.0
AZL_TLW_01,2023-06-12 08:00:00+00:00,2.2,2.2,0.364,0.336,22.7,86,886.2,6.2
AZL_TLW_01,2023-06-12 09:00:00+00:00,0.1,0.1,0.363,0.336,23.4,83,885.6,4.1
AZL_TLW_01,2023-06-12 10:00:00+00:00,0.1,0.1,0.362,0.336,23.8,81,885.5,2.0
AZL_TLW_01,2023-06-12 11:00:00+00:00,0.2,0.2,0.361,0.335,23.8,81,885.4,2.9
AZL_TLW_01,2023-06-12 12:00:00+00:00,0.0,0.0,0.354,0.334,21.6,92,885.7,2.3
AZL_TLW_01,2023-06-12 13:00:00+00:00,0.0,0.0,0.354,0.334,20.6,98,885.9,2.6
AZL_TLW_01,2023-06-12 14:00:00+00:00,0.0,0.0,0.353,0.334,20.3,98,886.5,2.5
AZL_TLW_01,2023-06-12 15:00:00+00:00,0.0,0.0,0.352,0.334,20.0,98,886.3,2.6
AZL_TLW_01,2023-06-12 16:00:00+00:00,0.3,0.3,0.354,0.334,20.3,98,886.9,1.9
AZL_TLW_01,2023-06-12 17:00:00+00:00,0.1,0.1,0.354,0.333,19.6,99,886.7,2.5
AZL_TLW_01,2023-06-12 18:00:00+00:00,0.4,0.4,0.356,0.333,19.0,100,886.5,4.1
AZL_TLW_01,2023-06-12 19:00:00+00:00,0.9,0.9,0.364,0.333,19.3,99,886.3,2.1
AZL_TLW_01,2023-06-12 20:00:00+00:00,0.4,0.4,0.368,0.334,19.1,100,885.6,2.4
AZL_TLW_01,2023-06-12 21:00:00+00:00,0.0,0.0,0.367,0.334,19.0,100,885.3,2.4
AZL_TLW_01,2023-06-12 22:00:00+00:00,0.0,0.0,0.366,0.334,18.7,100,885.0,3.1
AZL_TLW_01,2023-06-12 23:00:00+00:00,0.0,0.0,0.364,0.334,18.1,100,885.1,3.4
AZL_TLW_01,2023-06-13 00:00:00+00:00,0.0,0.0,0.369,0.337,19.7,98,886.4,5.2
AZL_TLW_01,2023-06-13 01:00:00+00:00,0.0,0.0,0.368,0.337,20.7,92,887.2,3.9
AZL_TLW_01,2023-06-13 02:00:00+00:00,0.1,0.1,0.367,0.337,22.1,87,887.9,1.8
AZL_TLW_01,2023-06-13 03:00:00+00:00,0.0,0.0,0.365,0.337,23.6,82,888.6,1.6
AZL_TLW_01,2023-06-13 04:00:00+00:00,0.1,0.1,0.363,0.336,25.5,70,888.5,3.9
AZL_TLW_01,2023-06-13 05:00:00+00:00,0.4,0.4,0.364,0.336,25.3,69,887.9,4.9
AZL_TLW_01,2023-06-13 06:00:00+00:00,0.0,0.0,0.361,0.335,27.2,62,888.0,5.9
AZL_TLW_01,2023-06-13 07:00:00+00:00,0.1,0.1,0.358,0.334,28.0,59,886.9,8.0
AZL_TLW_01,2023-06-13 08:00:00+00:00,0.2,0.2,0.356,0.334,27.5,61,886.0,7.1
AZL_TLW_01,2023-06-13 09:00:00+00:00,0.0,0.0,0.353,0.333,27.6,60,885.0,5.9
AZL_TLW_01,2023-06-13 10:00:00+00:00,0.0,0.0,0.351,0.332,27.6,59,884.7,6.6
AZL_TLW_01,2023-06-13 11:00:00+00:00,0.0,0.0,0.349,0.332,26.9,60,884.6,6.4
AZL_TLW_01,2023-06-13 12:00:00+00:00,0.0,0.0,0.342,0.33,25.1,70,885.4,6.4
AZL_TLW_01,2023-06-13 13:00:00+00:00,0.0,0.0,0.342,0.33,23.7,74,885.9,7.2
AZL_TLW_01,2023-06-13 14:00:00+00:00,0.0,0.0,0.341,0.329,22.5,80,886.6,8.0
AZL_TLW_01,2023-06-13 15:00:00+00:00,0.0,0.0,0.341,0.329,21.6,87,886.8,8.0
AZL_TLW_01,2023-06-13 16:00:00+00:00,0.0,0.0,0.341,0.329,20.9,91,887.3,6.3
AZL_TLW_01,2023-06-13 17:00:00+00:00,0.0,0.0,0.34,0.329,20.6,91,887.3,6.6
AZL_TLW_01,2023-06-13 18:00:00+00:00,0.0,0.0,0.34,0.329,20.3,92,886.6,6.3
AZL_TLW_01,2023-06-13 19:00:00+00:00,0.0,0.0,0.34,0.329,19.9,93,885.9,7.2
AZL_TLW_01,2023-06-13 20:00:00+00:00,0.0,0.0,0.339,0.328,19.5,94,885.4,6.8
AZL_TLW_01,2023-06-13 21:00:00+00:00,0.0,0.0,0.339,0.328,19.3,95,885.4,6.5
AZL_TLW_01,2023-06-13 22:00:00+00:00,0.0,0.0,0.339,0.328,19.1,95,885.3,7.8
AZL_TLW_01,2023-06-13 23:00:00+00:00,0.0,0.0,0.338,0.328,19.1,95,885.6,7.8
AZL_TLW_01,2023-06-14 00:00:00+00:00,0.0,0.0,0.334,0.327,20.3,93,886.8,7.4
AZL_TLW_01,2023-06-14 01:00:00+00:00,0.0,0.0,0.334,0.327,22.4,81,888.0,7.9
AZL_TLW_01,2023-06-14 02:00:00+00:00,0.1,0.1,0.333,0.326,24.2,73,888.7,16.5
AZL_TLW_01,2023-06-14 03:00:00+00:00,0.2,0.2,0.333,0.326,24.2,73,889.2,15.5
AZL_TLW_01,2023-06-14 04:00:00+00:00,0.1,0.1,0.332,0.325,25.7,68,889.4,14.8
AZL_TLW_01,2023-06-14 05:00:00+00:00,0.0,0.0,0.33,0.324,27.0,63,889.4,17.1
AZL_TLW_01,2023-06-14 06:00:00+00:00,0.0,0.0,0.328,0.323,27.8,61,889.0,15.0
AZL_TLW_01,2023-06-14 07:00:00+00:00,0.0,0.0,0.325,0.322,27.4,62,888.3,14.8
AZL_TLW_01,2023-06-14 08:00:00+00:00,0.5,0.5,0.328,0.322,25.7,67,887.6,10.9
AZL_TLW_01,2023-06-14 09:00:00+00:00,0.1,0.1,0.327,0.321,24.4,73,886.6,14.8
AZL_TLW_01,2023-06-14 10:00:00+00:00,0.0,0.0,0.325,0.32,25.2,70,886.1,16.6
AZL_TLW_01,2023-06-14 11:00:00+00:00,0.0,0.0,0.324,0.32,24.1,75,886.0,17.5
AZL_TLW_01,2023-06-14 12:00:00+00:00,0.0,0.0,0.348,0.327,23.6,75,886.8,7.2
AZL_TLW_01,2023-06-14 13:00:00+00:00,0.0,0.0,0.347,0.327,22.1,80,887.0,8.9
AZL_TLW_01,2023-06-14 14:00:00+00:00,0.0,0.0,0.346,0.327,21.3,85,887.6,9.0
AZL_TLW_01,2023-06-14 15:00:00+00:00,0.0,0.0,0.345,0.327,20.8,87,887.6,8.8
AZL_TLW_01,2023-06-14 16:00:00+00:00,0.0,0.0,0.345,0.327,20.5,88,888.1,5.9
AZL_TLW_01,2023-06-14 17:00:00+00:00,0.0,0.0,0.344,0.326,20.1,89,888.0,7.3
AZL_TLW_01,2023-06-14 18:00:00+00:00,0.0,0.0,0.344,0.326,19.7,90,887.5,7.0
AZL_TLW_01,2023-06-14 19:00:00+00:00,0.0,0.0,0.343,0.326,19.5,90,886.8,7.4
AZL_TLW_01,2023-06-14 20:00:00+00:00,0.0,0.0,0.343,0.326,19.3,90,886.1,8.9
AZL_TLW_01,2023-06-14 21:00:00+00:00,0.0,0.0,0.342,0.326,19.3,89,885.8,8.8
AZL_TLW_01,2023-06-14 22:00:00+00:00,0.0,0.0,0.342,0.326,19.8,86,886.5,10.8
AZL_TLW_01,2023-06-14 23:00:00+00:00,0.0,0.0,0.341,0.326,20.3,86,887.3,10.8
AZL_TLW_01,2023-06-15 00:00:00+00:00,0.0,0.0,0.341,0.325,20.8,87,888.6,11.7
AZL_TLW_01,2023-06-15 01:00:00+00:00,0.1,0.1,0.341,0.325,21.4,83,889.4,14.1
AZL_TLW_01,2023-06-15 02:00:00+00:00,0.0,0.0,0.339,0.325,23.3,76,889.8,14.8
AZL_TLW_01,2023-06-15 03:00:00+00:00,0.0,0.0,0.338,0.324,25.0,67,890.0,19.3
AZL_TLW_01,2023-06-15 04:00:00+00:00,0.0,0.0,0.335,0.323,26.7,60,890.2,19.5
AZL_TLW_01,2023-06-15 05:00:00+00:00,0.0,0.0,0.332,0.322,28.1,55,890.5,17.0
AZL_TLW_01,2023-06-15 06:00:00+00:00,0.0,0.0,0.33,0.321,27.3,58,890.1,18.1
AZL_TLW_01,2023-06-15 07:00:00+00:00,0.4,0.4,0.331,0.321,25.2,72,889.3,14.3
AZL_TLW_01,2023-06-15 08:00:00+00:00,0.0,0.0,0.329,0.32,27.3,63,888.6,18.4
AZL_TLW_01,2023-06-15 09:00:00+00:00,0.7,0.7,0.333,0.319,26.8,63,887.8,15.1
AZL_TLW_01,2023-06-15 10:00:00+00:00,0.0,0.0,0.331,0.319,26.0,67,887.1,14.7
AZL_TLW_01,2023-06-15 11:00:00+00:00,0.0,0.0,0.33,0.318,25.2,70,886.8,11.0
AZL_TLW_01,2023-06-15 12:00:00+00:00,0.0,0.0,0.36,0.329,22.6,80,888.0,8.6
AZL_TLW_01,2023-06-15 13:00:00+00:00,0.0,0.0,0.359,0.329,21.4,86,888.4,7.7
AZL_TLW_01,2023-06-15 14:00:00+00:00,0.0,0.0,0.358,0.329,21.0,87,888.2,8.9
AZL_TLW_01,2023-06-15 15:00:00+00:00,0.0,0.0,0.357,0.329,20.8,88,889.0,6.2
AZL_TLW_01,2023-06-15 16:00:00+00:00,0.0,0.0,0.356,0.329,20.1,91,889.0,7.4
AZL_TLW_01,2023-06-15 17:00:00+00:00,0.0,0.0,0.355,0.329,19.7,92,888.7,7.1
AZL_TLW_01,2023-06-15 18:00:00+00:00,0.0,0.0,0.354,0.329,19.5,92,888.0,8.4
AZL_TLW_01,2023-06-15 19:00:00+00:00,0.0,0.0,0.353,0.329,19.8,90,887.4,7.8
AZL_TLW_01,2023-06-15 20:00:00+00:00,0.0,0.0,0.352,0.329,19.8,89,887.0,8.5
AZL_TLW_01,2023-06-15 21:00:00+00:00,0.0,0.0,0.351,0.329,20.1,87,887.0,9.4
AZL_TLW_01,2023-06-15 22:00:00+00:00,0.0,0.0,0.351,0.329,20.2,86,887.1,10.9
AZL_TLW_01,2023-06-15 23:00:00+00:00,0.0,0.0,0.35,0.329,20.4,85,887.6,11.2
AZL_TLW_01,2023-06-16 00:00:00+00:00,0.0,0.0,0.353,0.33,19.2,99,888.3,7.3
AZL_TLW_01,2023-06-16 01:00:00+00:00,0.0,0.0,0.353,0.33,20.9,93,889.3,6.8
AZL_TLW_01,2023-06-16 02:00:00+00:00,0.4,0.4,0.355,0.33,20.8,91,890.7,11.9
AZL_TLW_01,2023-06-16 03:00:00+00:00,0.0,0.0,0.354,0.33,21.1,84,890.9,12.4
AZL_TLW_01,2023-06-16 04:00:00+00:00,0.0,0.0,0.353,0.33,22.6,79,890.5,12.6
AZL_TLW_01,2023-06-16 05:00:00+00:00,0.0,0.0,0.35,0.329,25.5,70,890.6,14.8
AZL_TLW_01,2023-06-16 06:00:00+00:00,0.0,0.0,0.347,0.329,26.7,66,889.9,17.3
AZL_TLW_01,2023-06-16 07:00:00+00:00,0.0,0.0,0.345,0.328,26.0,67,889.1,14.9
AZL_TLW_01,2023-06-16 08:00:00+00:00,0.0,0.0,0.342,0.327,27.1,63,888.7,15.4
AZL_TLW_01,2023-06-16 09:00:00+00:00,0.0,0.0,0.34,0.326,26.7,64,887.6,14.5
AZL_TLW_01,2023-06-16 10:00:00+00:00,0.4,0.4,0.341,0.326,25.6,69,887.0,14.4
AZL_TLW_01,2023-06-16 11:00:00+00:00,1.4,1.4,0.351,0.325,23.2,83,887.5,8.2
AZL_TLW_01,2023-06-16 12:00:00+00:00,0.0,0.0,0.353,0.328,22.5,81,888.3,10.1
AZL_TLW_01,2023-06-16 13:00:00+00:00,0.0,0.0,0.352,0.328,21.2,85,888.3,8.6
AZL_TLW_01,2023-06-16 14:00:00+00:00,0.0,0.0,0.351,0.328,20.6,87,888.8,5.2
AZL_TLW_01,2023-06-16 15:00:00+00:00,0.0,0.0,0.35,0.328,20.4,87,889.2,5.2
AZL_TLW_01,2023-06-16 16:00:00+00:00,0.0,0.0,0.35,0.328,20.1,89,889.3,5.5
AZL_TLW_01,2023-06-16 17:00:00+00:00,0.0,0.0,0.349,0.328,19.7,91,889.0,7.9
AZL_TLW_01,2023-06-16 18:00:00+00:00,0.0,0.0,0.348,0.328,19.4,91,888.4,6.8
AZL_TLW_01,2023-06-16 19:00:00+00:00,0.0,0.0,0.348,0.328,19.3,91,887.8,7.4
AZL_TLW_01,2023-06-16 20:00:00+00:00,0.0,0.0,0.347,0.328,19.3,91,887.5,8.2
AZL_TLW_01,2023-06-16 21:00:00+00:00,0.0,0.0,0.347,0.328,19.5,90,887.7,8.5
AZL_TLW_01,2023-06-16 22:00:00+00:00,0.0,0.0,0.346,0.328,19.7,90,888.0,9.7
AZL_TLW_01,2023-06-16 23:00:00+00:00,0.0,0.0,0.345,0.328,19.8,92,888.4,9.8
AZL_TLW_01,2023-06-17 00:00:00+00:00,0.0,0.0,0.346,0.328,20.6,89,889.6,7.3
AZL_TLW_01,2023-06-17 01:00:00+00:00,0.6,0.6,0.35,0.328,22.3,82,891.3,4.7
AZL_TLW_01,2023-06-17 02:00:00+00:00,0.3,0.3,0.351,0.328,22.6,81,891.6,12.3
AZL_TLW_01,2023-06-17 03:00:00+00:00,0.2,0.2,0.35,0.328,24.6,72,891.6,17.2
AZL_TLW_01,2023-06-17 04:00:00+00:00,0.2,0.2,0.349,0.327,25.8,69,892.1,15.6
AZL_TLW_01,2023-06-17 05:00:00+00:00,0.0,0.0,0.347,0.326,26.0,69,892.2,15.2
AZL_TLW_01,2023-06-17 06:00:00+00:00,0.0,0.0,0.345,0.326,26.6,66,891.4,12.8
AZL_TLW_01,2023-06-17 07:00:00+00:00,1.7,1.7,0.356,0.325,24.8,73,890.8,11.9
AZL_TLW_01,2023-06-17 08:00:00+00:00,0.2,0.2,0.355,0.325,24.9,73,890.0,15.3
AZL_TLW_01,2023-06-17 09:00:00+00:00,0.0,0.0,0.353,0.325,24.6,73,889.1,10.7
AZL_TLW_01,2023-06-17 10:00:00+00:00,0.0,0.0,0.351,0.325,26.0,64,888.2,14.2
AZL_TLW_01,2023-06-17 11:00:00+00:00,0.0,0.0,0.349,0.324,25.2,69,888.2,12.8
AZL_TLW_01,2023-06-17 12:00:00+00:00,0.0,0.0,0.36,0.326,22.5,79,889.9,9.1
AZL_TLW_01,2023-06-17 13:00:00+00:00,0.0,0.0,0.358,0.326,21.5,84,889.9,6.9
AZL_TLW_01,2023-06-17 14:00:00+00:00,0.0,0.0,0.357,0.326,21.2,86,890.4,6.5
AZL_TLW_01,2023-06-17 15:00:00+00:00,0.0,0.0,0.356,0.326,20.7,88,891.1,4.2
AZL_TLW_01,2023-06-17 16:00:00+00:00,0.0,0.0,0.355,0.326,20.3,90,891.4,4.3
AZL_TLW_01,2023-06-17 17:00:00+00:00,0.0,0.0,0.354,0.326,20.0,91,891.3,5.5
AZL_TLW_01,2023-06-17 18:00:00+00:00,0.0,0.0,0.353,0.326,19.6,93,890.6,7.6
AZL_TLW_01,2023-06-17 19:00:00+00:00,0.0,0.0,0.352,0.326,19.5,92,889.9,5.5
AZL_TLW_01,2023-06-17 20:00:00+00:00,0.0,0.0,0.351,0.326,19.6,92,889.6,5.4
AZL_TLW_01,2023-06-17 21:00:00+00:00,0.0,0.0,0.35,0.326,19.4,92,889.1,6.5
AZL_TLW_01,2023-06-17 22:00:00+00:00,0.0,0.0,0.35,0.326,19.0,93,888.9,6.5
AZL_TLW_01,2023-06-17 23:00:00+00:00,0.0,0.0,0.349,0.326,18.8,93,889.4,6.8
AZL_TLW_01,2023-06-18 00:00:00+00:00,0.0,0.0,0.348,0.326,19.5,92,891.0,5.2
AZL_TLW_01,2023-06-18 01:00:00+00:00,0.0,0.0,0.347,0.326,21.7,82,891.9,6.2
AZL_TLW_01,2023-06-18 02:00:00+00:00,0.0,0.0,0.345,0.325,23.7,71,892.8,12.2
AZL_TLW_01,2023-06-18 03:00:00+00:00,0.0,0.0,0.343,0.325,24.6,67,892.8,9.3
AZL_TLW_01,2023-06-18 04:00:00+00:00,0.0,0.0,0.341,0.324,25.9,63,892.6,10.5
AZL_TLW_01,2023-06-18 05:00:00+00:00,0.0,0.0,0.339,0.323,27.8,57,892.5,7.8
AZL_TLW_01,2023-06-18 06:00:00+00:00,0.0,0.0,0.336,0.323,28.5,56,892.3,9.3
AZL_TLW_01,2023-06-18 07:00:00+00:00,0.0,0.0,0.333,0.322,27.8,58,891.0,10.7
AZL_TLW_01,2023-06-18 08:00:00+00:00,1.3,1.3,0.342,0.321,22.4,82,889.6,8.8
AZL_TLW_01,2023-06-18 09:00:00+00:00,0.1,0.1,0.342,0.321,22.8,80,888.7,10.9
AZL_TLW_01,2023-06-18 10:00:00+00:00,0.1,0.1,0.341,0.321,24.3,75,888.3,11.1
AZL_TLW_01,2023-06-18 11:00:00+00:00,0.0,0.0,0.34,0.32,24.0,77,888.5,7.9
AZL_TLW_01,2023-06-18 12:00:00+00:00,0.0,0.0,0.39,0.332,22.1,81,889.5,5.4
AZL_TLW_01,2023-06-18 13:00:00+00:00,0.0,0.0,0.386,0.333,21.3,85,890.2,1.8
AZL_TLW_01,2023-06-18 14:00:00+00:00,0.0,0.0,0.383,0.334,20.2,92,890.7,2.5
AZL_TLW_01,2023-06-18 15:00:00+00:00,0.0,0.0,0.38,0.334,20.2,92,891.2,3.8
AZL_TLW_01,2023-06-18 16:00:00+00:00,0.0,0.0,0.377,0.335,19.4,95,890.9,3.5
AZL_TLW_01,2023-06-18 17:00:00+00:00,0.0,0.0,0.375,0.335,19.2,96,890.7,2.9
AZL_TLW_01,2023-06-18 18:00:00+00:00,0.0,0.0,0.373,0.336,19.0,97,890.2,4.5
AZL_TLW_01,2023-06-18 19:00:00+00:00,0.0,0.0,0.371,0.336,18.7,97,889.3,5.8
AZL_TLW_01,2023-06-18 20:00:00+00:00,0.0,0.0,0.37,0.336,18.8,96,888.6,6.2
AZL_TLW_01,2023-06-18 21:00:00+00:00,0.0,0.0,0.368,0.336,18.6,96,888.2,6.3
AZL_TLW_01,2023-06-18 22:00:00+00:00,0.0,0.0,0.367,0.336,18.5,96,888.6,4.4
AZL_TLW_01,2023-06-18 23:00:00+00:00,0.0,0.0,0.365,0.336,18.5,95,889.2,4.3
AZL_TLW_01,2023-06-19 00:00:00+00:00,0.0,0.0,0.365,0.337,19.6,92,890.0,5.9
AZL_TLW_01,2023-06-19 01:00:00+00:00,0.0,0.0,0.364,0.337,21.5,86,891.2,5.8
AZL_TLW_01,2023-06-19 02:00:00+00:00,0.0,0.0,0.362,0.336,23.4,75,891.9,10.2
AZL_TLW_01,2023-06-19 03:00:00+00:00,0.1,0.1,0.36,0.336,24.8,67,892.4,9.9
AZL_TLW_01,2023-06-19 04:00:00+00:00,0.1,0.1,0.358,0.335,26.4,62,892.7,9.2
AZL_TLW_01,2023-06-19 05:00:00+00:00,0.0,0.0,0.355,0.334,27.4,59,892.1,8.8
AZL_TLW_01,2023-06-19 06:00:00+00:00,0.0,0.0,0.352,0.334,27.8,57,891.0,10.3
AZL_TLW_01,2023-06-19 07:00:00+00:00,1.0,1.0,0.358,0.333,25.6,66,890.2,10.6
AZL_TLW_01,2023-06-19 08:00:00+00:00,0.2,0.2,0.357,0.333,25.5,70,889.6,7.7
AZL_TLW_01,2023-06-19 09:00:00+00:00,1.0,1.0,0.362,0.332,23.4,75,889.0,10.0
AZL_TLW_01,2023-06-19 10:00:00+00:00,1.2,1.2,0.372,0.332,22.1,87,887.9,5.4
AZL_TLW_01,2023-06-19 11:00:00+00:00,0.0,0.0,0.37,0.333,23.2,84,887.8,7.6
AZL_TLW_01,2023-06-19 12:00:00+00:00,0.0,0.0,0.4,0.348,20.8,89,889.2,5.4
AZL_TLW_01,2023-06-19 13:00:00+00:00,0.0,0.0,0.395,0.349,20.0,93,889.3,3.7
AZL_TLW_01,2023-06-19 14:00:00+00:00,0.0,0.0,0.391,0.35,20.0,92,889.5,4.6
AZL_TLW_01,2023-06-19 15:00:00+00:00,0.0,0.0,0.388,0.35,19.9,93,889.4,3.6
AZL_TLW_01,2023-06-19 16:00:00+00:00,0.0,0.0,0.385,0.351,19.7,95,889.5,2.7
AZL_TLW_01,2023-06-19 17:00:00+00:00,0.0,0.0,0.383,0.351,19.5,96,889.8,1.9
AZL_TLW_01,2023-06-19 18:00:00+00:00,0.0,0.0,0.381,0.351,19.5,96,889.4,3.4
AZL_TLW_01,2023-06-19 19:00:00+00:00,0.0,0.0,0.379,0.351,19.1,97,888.8,3.8
AZL_TLW_01,2023-06-19 20:00:00+00:00,0.0,0.0,0.378,0.351,18.7,97,888.3,2.9
AZL_TLW_01,2023-06-19 21:00:00+00:00,0.0,0.0,0.376,0.351,18.3,97,888.0,3.2
AZL_TLW_01,2023-06-19 22:00:00+00:00,0.0,0.0,0.375,0.351,18.3,96,887.9,4.3
AZL_TLW_01,2023-06-19 23:00:00+00:00,0.0,0.0,0.373,0.351,18.5,95,888.3,4.2
AZL_TLW_01,2023-06-20 00:00:00+00:00,0.0,0.0,0.373,0.351,19.0,95,889.4,3.9
AZL_TLW_01,2023-06-20 01:00:00+00:00,0.0,0.0,0.372,0.351,20.0,91,890.3,2.4
AZL_TLW_01,2023-06-20 02:00:00+00:00,0.1,0.1,0.371,0.351,22.3,79,891.5,6.3
AZL_TLW_01,2023-06-20 03:00:00+00:00,0.1,0.1,0.369,0.35,23.7,71,892.2,7.3
AZL_TLW_01,2023-06-20 04:00:00+00:00,0.1,0.1,0.367,0.349,25.8,62,892.4,6.5
AZL_TLW_01,2023-06-20 05:00:00+00:00,0.0,0.0,0.364,0.348,27.1,57,891.8,7.2
AZL_TLW_01,2023-06-20 06:00:00+00:00,0.0,0.0,0.36,0.347,28.5,54,891.1,7.4
AZL_TLW_01,2023-06-20 07:00:00+00:00,0.0,0.0,0.357,0.346,29.2,50,890.1,7.1
AZL_TLW_01,2023-06-20 08:00:00+00:00,0.0,0.0,0.354,0.345,29.0,50,889.3,8.2
AZL_TLW_01,2023-06-20 09:00:00+00:00,0.0,0.0,0.351,0.344,28.7,52,888.3,7.9
AZL_TLW_01,2023-06-20 10:00:00+00:00,0.0,0.0,0.349,0.343,28.3,54,887.8,9.2
AZL_TLW_01,2023-06-20 11:00:00+00:00,0.1,0.1,0.348,0.342,26.3,62,888.0,8.7
AZL_TLW_01,2023-06-20 12:00:00+00:00,0.0,0.0,0.354,0.342,22.7,83,889.6,2.5
AZL_TLW_01,2023-06-20 13:00:00+00:00,0.0,0.0,0.354,0.342,21.7,87,889.9,4.7
AZL_TLW_01,2023-06-20 14:00:00+00:00,0.0,0.0,0.354,0.342,21.6,87,890.6,4.3
AZL_TLW_01,2023-06-20 15:00:00+00:00,0.0,0.0,0.353,0.341,21.3,88,890.9,4.0
AZL_TLW_01,2023-06-20 16:00:00+00:00,0.0,0.0,0.353,0.341,21.0,89,891.0,3.7
AZL_TLW_01,2023-06-20 17:00:00+00:00,0.0,0.0,0.352,0.341,20.5,91,890.5,5.8
AZL_TLW_01,2023-06-20 18:00:00+00:00,0.0,0.0,0.352,0.341,20.3,91,890.0,5.6
AZL_TLW_01,2023-06-20 19:00:00+00:00,0.0,0.0,0.351,0.34,20.2,91,889.6,5.8
AZL_TLW_01,2023-06-20 20:00:00+00:00,0.0,0.0,0.351,0.34,20.1,91,889.2,5.4
AZL_TLW_01,2023-06-20 21:00:00+00:00,0.0,0.0,0.35,0.34,19.8,92,888.9,4.6
AZL_TLW_01,2023-06-20 22:00:00+00:00,0.0,0.0,0.35,0.34,19.7,92,888.8,3.6
AZL_TLW_01,2023-06-20 23:00:00+00:00,0.0,0.0,0.35,0.34,19.6,92,889.1,4.3
AZL_TLW_01,2023-06-21 00:00:00+00:00,0.0,0.0,0.384,0.357,19.9,95,890.2,3.4
AZL_TLW_01,2023-06-21 01:00:00+00:00,0.0,0.0,0.382,0.357,21.7,87,891.3,5.8
AZL_TLW_01,2023-06-21 02:00:00+00:00,0.0,0.0,0.38,0.356,23.4,76,891.8,8.5
AZL_TLW_01,2023-06-21 03:00:00+00:00,0.0,0.0,0.377,0.356,25.0,68,892.3,7.9
AZL_TLW_01,2023-06-21 04:00:00+00:00,0.0,0.0,0.374,0.355,26.8,60,892.5,7.4
AZL_TLW_01,2023-06-21 05:00:00+00:00,0.0,0.0,0.37,0.354,27.7,57,892.2,5.6
AZL_TLW_01,2023-06-21 06:00:00+00:00,0.0,0.0,0.367,0.353,29.0,53,891.7,7.4
AZL_TLW_01,2023-06-21 07:00:00+00:00,0.0,0.0,0.363,0.352,29.4,51,890.5,7.1
AZL_TLW_01,2023-06-21 08:00:00+00:00,0.0,0.0,0.36,0.351,30.1,48,889.6,8.1
AZL_TLW_01,2023-06-21 09:00:00+00:00,0.1,0.1,0.358,0.349,28.9,50,889.1,10.9
AZL_TLW_01,2023-06-21 10:00:00+00:00,0.3,0.3,0.359,0.349,26.4,61,888.5,8.5
AZL_TLW_01,2023-06-21 11:00:00+00:00,2.6,2.6,0.383,0.349,22.4,87,888.5,9.0
AZL_TLW_01,2023-06-21 12:00:00+00:00,2.6,2.6,0.359,0.347,22.9,78,889.5,7.2
AZL_TLW_01,2023-06-21 13:00:00+00:00,0.0,0.0,0.358,0.347,21.2,87,889.9,5.6
AZL_TLW_01,2023-06-21 14:00:00+00:00,0.0,0.0,0.358,0.347,20.9,89,890.5,4.5
AZL_TLW_01,2023-06-21 15:00:00+00:00,0.0,0.0,0.357,0.347,20.9,91,891.0,2.8
AZL_TLW_01,2023-06-21 16:00:00+00:00,0.0,0.0,0.357,0.346,20.7,92,891.6,4.4
AZL_TLW_01,2023-06-21 17:00:00+00:00,0.0,0.0,0.356,0.346,20.3,94,891.3,6.1
AZL_TLW_01,2023-06-21 18:00:00+00:00,0.0,0.0,0.356,0.346,19.9,95,890.7,7.2
AZL_TLW_01,2023-06-21 19:00:00+00:00,0.0,0.0,0.355,0.346,19.9,94,890.1,5.1
AZL_TLW_01,2023-06-21 20:00:00+00:00,0.0,0.0,0.355,0.345,20.0,93,889.8,5.2
AZL_TLW_01,2023-06-21 21:00:00+00:00,0.0,0.0,0.355,0.345,19.9,93,889.3,4.7
AZL_TLW_01,2023-06-21 22:00:00+00:00,0.0,0.0,0.354,0.345,19.6,93,889.2,4.0
AZL_TLW_01,2023-06-21 23:00:00+00:00,0.0,0.0,0.354,0.344,19.3,95,889.3,4.3
AZL_TLW_01,2023-06-22 00:00:00+00:00,0.0,0.0,0.355,0.343,20.4,93,890.8,5.4
AZL_TLW_01,2023-06-22 01:00:00+00:00,0.0,0.0,0.354,0.343,21.7,86,891.3,5.9
AZL_TLW_01,2023-06-22 02:00:00+00:00,0.0,0.0,0.353,0.343,23.2,76,891.7,9.3
AZL_TLW_01,2023-06-22 03:00:00+00:00,0.0,0.0,0.352,0.342,24.6,68,892.2,10.0
AZL_TLW_01,2023-06-22 04:00:00+00:00,0.1,0.1,0.35,0.341,25.7,66,892.9,9.8
AZL_TLW_01,2023-06-22 05:00:00+00:00,0.0,0.0,0.348,0.34,26.1,65,892.3,9.2
AZL_TLW_01,2023-06-22 06:00:00+00:00,0.1,0.1,0.347,0.34,25.6,65,891.3,10.4
AZL_TLW_01,2023-06-22 07:00:00+00:00,0.0,0.0,0.345,0.339,27.4,59,890.6,9.2
AZL_TLW_01,2023-06-22 08:00:00+00:00,0.6,0.6,0.347,0.338,24.7,67,889.8,12.1
AZL_TLW_01,2023-06-22 09:00:00+00:00,0.2,0.2,0.348,0.337,23.9,76,889.0,8.1
AZL_TLW_01,2023-06-22 10:00:00+00:00,0.0,0.0,0.347,0.337,24.2,71,888.8,8.0
AZL_TLW_01,2023-06-22 11:00:00+00:00,0.0,0.0,0.346,0.336,24.0,72,888.6,7.6
AZL_TLW_01,2023-06-22 12:00:00+00:00,0.0,0.0,0.357,0.333,20.6,94,889.4,6.5
AZL_TLW_01,2023-06-22 13:00:00+00:00,0.3,0.3,0.359,0.333,20.0,100,889.6,3.4
AZL_TLW_01,2023-06-22 14:00:00+00:00,0.1,0.1,0.359,0.333,19.8,99,889.8,2.1
AZL_TLW_01,2023-06-22 15:00:00+00:00,0.0,0.0,0.358,0.333,19.6,98,890.3,2.9
AZL_TLW_01,2023-06-22 16:00:00+00:00,0.0,0.0,0.357,0.333,19.3,99,890.6,3.3
AZL_TLW_01,2023-06-22 17:00:00+00:00,0.0,0.0,0.356,0.333,20.0,96,890.9,3.6
AZL_TLW_01,2023-06-22 18:00:00+00:00,0.0,0.0,0.355,0.333,19.9,95,890.5,2.7
AZL_TLW_01,2023-06-22 19:00:00+00:00,0.1,0.1,0.355,0.333,19.4,99,889.9,4.0
AZL_TLW_01,2023-06-22 20:00:00+00:00,0.2,0.2,0.357,0.333,19.5,100,889.5,2.8
AZL_TLW_01,2023-06-22 21:00:00+00:00,0.2,0.2,0.359,0.333,19.4,100,889.1,2.5
AZL_TLW_01,2023-06-22 22:00:00+00:00,0.1,0.1,0.359,0.333,19.1,100,889.0,3.3
AZL_TLW_01,2023-06-22 23:00:00+00:00,0.0,0.0,0.358,0.333,19.2,99,889.3,2.3
AZL_TLW_01,2023-06-23 00:00:00+00:00,0.0,0.0,0.35,0.332,19.5,100,889.8,3.1
AZL_TLW_01,2023-06-23 01:00:00+00:00,0.0,0.0,0.349,0.332,21.1,95,890.4,2.8
AZL_TLW_01,2023-06-23 02:00:00+00:00,0.0,0.0,0.349,0.332,21.6,93,890.9,1.5
AZL_TLW_01,2023-06-23 03:00:00+00:00,0.1,0.1,0.348,0.331,23.7,78,891.6,5.1
AZL_TLW_01,2023-06-23 04:00:00+00:00,0.0,0.0,0.347,0.331,25.6,69,892.2,6.0
AZL_TLW_01,2023-06-23 05:00:00+00:00,0.0,0.0,0.344,0.33,27.2,59,892.0,10.0
AZL_TLW_01,2023-06-23 06:00:00+00:00,0.2,0.2,0.344,0.33,26.1,61,890.8,8.4
AZL_TLW_01,2023-06-23 07:00:00+00:00,4.1,4.1,0.384,0.33,23.3,84,890.2,5.3
AZL_TLW_01,2023-06-23 08:00:00+00:00,1.5,1.5,0.396,0.33,23.0,83,889.2,8.7
AZL_TLW_01,2023-06-23 09:00:00+00:00,2.8,2.8,0.411,0.336,22.0,89,888.2,4.7
AZL_TLW_01,2023-06-23 10:00:00+00:00,0.3,0.3,0.403,0.339,22.5,87,887.7,6.2
AZL_TLW_01,2023-06-23 11:00:00+00:00,0.1,0.1,0.397,0.341,23.1,81,887.6,8.5
AZL_TLW_01,2023-06-23 12:00:00+00:00,0.1,0.1,0.389,0.33,22.5,82,888.4,6.5
AZL_TLW_01,2023-06-23 13:00:00+00:00,0.1,0.1,0.385,0.331,21.4,88,888.5,4.5
AZL_TLW_01,2023-06-23 14:00:00+00:00,0.0,0.0,0.382,0.332,20.7,91,889.1,3.4
AZL_TLW_01,2023-06-23 15:00:00+00:00,0.0,0.0,0.379,0.333,20.0,95,889.4,4.1
AZL_TLW_01,2023-06-23 16:00:00+00:00,0.0,0.0,0.377,0.333,20.2,93,889.8,4.3
AZL_TLW_01,2023-06-23 17:00:00+00:00,0.0,0.0,0.374,0.334,19.8,95,889.9,3.6
AZL_TLW_01,2023-06-23 18:00:00+00:00,0.0,0.0,0.372,0.334,19.5,96,889.5,3.1
AZL_TLW_01,2023-06-23 19:00:00+00:00,0.0,0.0,0.37,0.334,19.3,97,888.7,3.8
AZL_TLW_01,2023-06-23 20:00:00+00:00,0.0,0.0,0.369,0.335,18.5,98,888.1,3.4
AZL_TLW_01,2023-06-23 21:00:00+00:00,0.0,0.0,0.367,0.335,18.5,98,888.0,2.8
AZL_TLW_01,2023-06-23 22:00:00+00:00,0.0,0.0,0.366,0.335,19.0,98,887.9,1.5
AZL_TLW_01,2023-06-23 23:00:00+00:00,0.0,0.0,0.365,0.335,18.2,99,887.7,1.9
AZL_TLW_01,2023-06-24 00:00:00+00:00,0.0,0.0,0.362,0.335,19.8,95,888.8,1.8
AZL_TLW_01,2023-06-24 01:00:00+00:00,0.0,0.0,0.361,0.335,21.8,84,890.0,2.3
AZL_TLW_01,2023-06-24 02:00:00+00:00,0.1,0.1,0.359,0.335,23.3,75,890.1,5.2
AZL_TLW_01,2023-06-24 03:00:00+00:00,0.1,0.1,0.358,0.335,24.9,67,890.8,5.8
AZL_TLW_01,2023-06-24 04:00:00+00:00,0.0,0.0,0.356,0.334,26.4,63,890.9,6.2
AZL_TLW_01,2023-06-24 05:00:00+00:00,0.1,0.1,0.353,0.333,27.4,58,890.5,7.5
AZL_TLW_01,2023-06-24 06:00:00+00:00,0.1,0.1,0.351,0.332,28.3,55,889.8,9.4
AZL_TLW_01,2023-06-24 07:00:00+00:00,0.1,0.1,0.348,0.332,28.6,54,888.9,9.6
AZL_TLW_01,2023-06-24 08:00:00+00:00,3.3,3.3,0.378,0.331,25.3,69,888.2,10.9
AZL_TLW_01,2023-06-24 09:00:00+00:00,2.5,2.5,0.402,0.332,23.3,87,887.6,3.4
AZL_TLW_01,2023-06-24 10:00:00+00:00,7.4,7.4,0.414,0.347,21.6,93,887.0,3.6
AZL_TLW_01,2023-06-24 11:00:00+00:00,0.3,0.3,0.406,0.35,22.1,92,887.0,3.9
AZL_TLW_01,2023-06-24 12:00:00+00:00,0.7,0.7,0.394,0.352,20.9,94,888.0,5.6
AZL_TLW_01,2023-06-24 13:00:00+00:00,0.0,0.0,0.391,0.353,20.1,96,888.3,3.4
AZL_TLW_01,2023-06-24 14:00:00+00:00,0.0,0.0,0.388,0.353,20.2,94,888.8,3.8
AZL_TLW_01,2023-06-24 15:00:00+00:00,0.0,0.0,0.386,0.354,19.5,95,888.9,3.7
AZL_TLW_01,2023-06-24 16:00:00+00:00,0.0,0.0,0.383,0.354,19.3,95,889.6,3.3
AZL_TLW_01,2023-06-24 17:00:00+00:00,0.0,0.0,0.382,0.354,18.9,96,889.6,3.3
AZL_TLW_01,2023-06-24 18:00:00+00:00,0.0,0.0,0.38,0.354,18.7,97,889.3,3.1
AZL_TLW_01,2023-06-24 19:00:00+00:00,0.0,0.0,0.378,0.354,18.0,98,888.6,4.1
AZL_TLW_01,2023-06-24 20:00:00+00:00,0.0,0.0,0.377,0.354,17.7,99,887.8,3.3
AZL_TLW_01,2023-06-24 21:00:00+00:00,0.0,0.0,0.376,0.354,17.5,99,887.5,3.8
AZL_TLW_01,2023-06-24 22:00:00+00:00,0.0,0.0,0.374,0.354,17.8,98,887.8,3.3
AZL_TLW_01,2023-06-24 23:00:00+00:00,0.0,0.0,0.373,0.354,17.2,99,887.9,2.6
AZL_TLW_01,2023-06-25 00:00:00+00:00,0.0,0.0,0.366,0.355,19.9,98,889.2,2.3
AZL_TLW_01,2023-06-25 01:00:00+00:00,0.0,0.0,0.365,0.355,21.6,93,890.3,1.8
AZL_TLW_01,2023-06-25 02:00:00+00:00,0.0,0.0,0.364,0.354,23.0,85,891.4,2.4
AZL_TLW_01,2023-06-25 03:00:00+00:00,0.0,0.0,0.363,0.354,24.3,72,891.9,5.9
AZL_TLW_01,2023-06-25 04:00:00+00:00,0.1,0.1,0.361,0.353,25.6,68,892.2,5.6
AZL_TLW_01,2023-06-25 05:00:00+00:00,0.0,0.0,0.359,0.352,27.0,62,891.7,6.2
AZL_TLW_01,2023-06-25 06:00:00+00:00,0.0,0.0,0.356,0.35,28.2,55,891.1,6.6
AZL_TLW_01,2023-06-25 07:00:00+00:00,0.0,0.0,0.353,0.349,27.6,55,890.4,11.5
AZL_TLW_01,2023-06-25 08:00:00+00:00,0.7,0.7,0.357,0.349,25.2,69,889.2,6.0
AZL_TLW_01,2023-06-25 09:00:00+00:00,0.1,0.1,0.355,0.348,26.8,60,888.7,8.1
AZL_TLW_01,2023-06-25 10:00:00+00:00,0.3,0.3,0.356,0.347,25.0,67,888.6,9.8
AZL_TLW_01,2023-06-25 11:00:00+00:00,0.5,0.5,0.358,0.346,24.0,75,888.2,7.0
AZL_TLW_01,2023-06-25 12:00:00+00:00,0.0,0.0,0.402,0.356,21.9,92,888.5,3.6
AZL_TLW_01,2023-06-25 13:00:00+00:00,0.0,0.0,0.397,0.357,20.7,98,888.8,3.1
AZL_TLW_01,2023-06-25 14:00:00+00:00,0.0,0.0,0.394,0.358,20.1,98,889.2,3.6
AZL_TLW_01,2023-06-25 15:00:00+00:00,0.0,0.0,0.391,0.358,19.9,99,889.8,2.9
AZL_TLW_01,2023-06-25 16:00:00+00:00,0.0,0.0,0.388,0.358,19.7,99,890.1,3.3
AZL_TLW_01,2023-06-25 17:00:00+00:00,0.0,0.0,0.386,0.358,20.0,98,890.4,4.0
AZL_TLW_01,2023-06-25 18:00:00+00:00,0.0,0.0,0.384,0.359,20.0,96,890.0,3.8
AZL_TLW_01,2023-06-25 19:00:00+00:00,0.0,0.0,0.382,0.359,19.3,97,889.0,2.9
AZL_TLW_01,2023-06-25 20:00:00+00:00,0.0,0.0,0.381,0.359,18.9,97,888.3,2.8
AZL_TLW_01,2023-06-25 21:00:00+00:00,0.0,0.0,0.379,0.359,18.3,99,887.9,3.1
AZL_TLW_01,2023-06-25 22:00:00+00:00,0.0,0.0,0.378,0.358,17.7,99,887.7,2.9
AZL_TLW_01,2023-06-25 23:00:00+00:00,0.0,0.0,0.377,0.358,17.6,99,888.0,2.6
AZL_TLW_01,2023-06-26 00:00:00+00:00,0.0,0.0,0.371,0.356,19.4,97,889.1,1.3
AZL_TLW_01,2023-06-26 01:00:00+00:00,0.0,0.0,0.37,0.356,21.8,88,890.6,1.4
AZL_TLW_01,2023-06-26 02:00:00+00:00,0.0,0.0,0.368,0.356,23.4,82,891.4,2.1
AZL_TLW_01,2023-06-26 03:00:00+00:00,0.1,0.1,0.367,0.355,25.2,74,892.1,0.8
AZL_TLW_01,2023-06-26 04:00:00+00:00,0.1,0.1,0.365,0.354,27.0,63,892.1,1.3
AZL_TLW_01,2023-06-26 05:00:00+00:00,0.0,0.0,0.363,0.353,27.6,58,891.3,4.8
AZL_TLW_01,2023-06-26 06:00:00+00:00,0.9,0.9,0.367,0.352,26.5,63,890.5,8.2
AZL_TLW_01,2023-06-26 07:00:00+00:00,7.3,7.3,0.416,0.363,23.7,78,889.6,6.7
AZL_TLW_01,2023-06-26 08:00:00+00:00,0.0,0.0,0.407,0.365,24.3,75,888.9,3.9
AZL_TLW_01,2023-06-26 09:00:00+00:00,0.2,0.2,0.402,0.365,23.9,77,888.7,8.4
AZL_TLW_01,2023-06-26 10:00:00+00:00,3.8,3.8,0.414,0.371,22.8,85,888.0,5.4
AZL_TLW_01,2023-06-26 11:00:00+00:00,1.4,1.4,0.417,0.375,21.5,90,887.8,9.3
AZL_TLW_01,2023-06-26 12:00:00+00:00,0.0,0.0,0.389,0.352,21.8,89,888.3,6.0
AZL_TLW_01,2023-06-26 13:00:00+00:00,0.0,0.0,0.386,0.352,20.8,91,888.7,3.7
AZL_TLW_01,2023-06-26 14:00:00+00:00,0.0,0.0,0.384,0.352,20.6,92,889.4,4.2
AZL_TLW_01,2023-06-26 15:00:00+00:00,0.0,0.0,0.382,0.353,20.2,94,889.7,3.4
AZL_TLW_01,2023-06-26 16:00:00+00:00,0.0,0.0,0.38,0.353,20.5,92,890.4,3.6
AZL_TLW_01,2023-06-26 17:00:00+00:00,0.0,0.0,0.378,0.353,20.2,93,890.3,2.9
AZL_TLW_01,2023-06-26 18:00:00+00:00,0.0,0.0,0.377,0.353,19.9,94,890.0,2.5
AZL_TLW_01,2023-06-26 19:00:00+00:00,0.0,0.0,0.375,0.353,19.9,94,889.5,2.7
AZL_TLW_01,2023-06-26 20:00:00+00:00,0.0,0.0,0.374,0.353,19.7,94,888.9,3.8
AZL_TLW_01,2023-06-26 21:00:00+00:00,0.6,0.6,0.378,0.353,19.1,95,888.5,3.7
AZL_TLW_01,2023-06-26 22:00:00+00:00,1.8,1.8,0.397,0.353,19.0,100,888.5,1.8
AZL_TLW_01,2023-06-26 23:00:00+00:00,0.1,0.1,0.394,0.354,19.2,97,888.8,3.0
AZL_TLW_01,2023-06-27 00:00:00+00:00,0.0,0.0,0.37,0.353,20.0,96,889.0,2.9
AZL_TLW_01,2023-06-27 01:00:00+00:00,0.0,0.0,0.368,0.352,22.1,86,890.5,1.8
AZL_TLW_01,2023-06-27 02:00:00+00:00,0.1,0.1,0.368,0.352,23.6,73,891.6,6.9
AZL_TLW_01,2023-06-27 03:00:00+00:00,0.2,0.2,0.367,0.351,24.9,67,892.3,8.0
AZL_TLW_01,2023-06-27 04:00:00+00:00,0.0,0.0,0.364,0.35,25.8,61,892.4,12.1
AZL_TLW_01,2023-06-27 05:00:00+00:00,0.6,0.6,0.366,0.35,25.0,66,892.1,14.0
AZL_TLW_01,2023-06-27 06:00:00+00:00,1.0,1.0,0.372,0.349,24.0,72,891.4,13.6
AZL_TLW_01,2023-06-27 07:00:00+00:00,0.0,0.0,0.37,0.349,24.5,71,890.7,11.2
AZL_TLW_01,2023-06-27 08:00:00+00:00,0.0,0.0,0.368,0.349,25.0,66,890.4,15.5
AZL_TLW_01,2023-06-27 09:00:00+00:00,0.1,0.1,0.366,0.348,24.3,69,890.1,14.7
AZL_TLW_01,2023-06-27 10:00:00+00:00,0.2,0.2,0.366,0.347,24.2,68,889.9,14.6
AZL_TLW_01,2023-06-27 11:00:00+00:00,0.1,0.1,0.365,0.347,22.4,78,889.8,9.9
AZL_TLW_01,2023-06-27 12:00:00+00:00,0.0,0.0,0.323,0.325,22.8,76,890.7,8.0
AZL_TLW_01,2023-06-27 13:00:00+00:00,0.0,0.0,0.323,0.325,21.6,83,890.8,6.1
AZL_TLW_01,2023-06-27 14:00:00+00:00,0.0,0.0,0.323,0.324,20.8,86,891.2,5.1
AZL_TLW_01,2023-06-27 15:00:00+00:00,0.0,0.0,0.323,0.324,20.3,89,891.7,5.5
AZL_TLW_01,2023-06-27 16:00:00+00:00,0.0,0.0,0.323,0.324,19.9,91,892.0,5.0
AZL_TLW_01,2023-06-27 17:00:00+00:00,0.0,0.0,0.323,0.324,19.5,92,892.1,4.0
AZL_TLW_01,2023-06-27 18:00:00+00:00,0.0,0.0,0.323,0.324,19.3,93,891.9,4.7
AZL_TLW_01,2023-06-27 19:00:00+00:00,0.0,0.0,0.323,0.324,19.0,95,891.3,3.9
AZL_TLW_01,2023-06-27 20:00:00+00:00,0.0,0.0,0.323,0.323,18.9,96,890.7,3.7
AZL_TLW_01,2023-06-27 21:00:00+00:00,0.0,0.0,0.323,0.323,18.6,97,890.5,4.8
AZL_TLW_01,2023-06-27 22:00:00+00:00,0.1,0.1,0.323,0.323,19.0,94,890.9,5.9
AZL_TLW_01,2023-06-27 23:00:00+00:00,0.6,0.6,0.327,0.323,18.7,96,891.2,3.8
AZL_TLW_01,2023-06-28 00:00:00+00:00,0.1,0.1,0.328,0.321,20.1,90,891.5,4.2
AZL_TLW_01,2023-06-28 01:00:00+00:00,0.1,0.1,0.328,0.321,20.7,90,892.5,3.4
AZL_TLW_01,2023-06-28 02:00:00+00:00,0.1,0.1,0.328,0.321,22.1,85,893.6,3.2
AZL_TLW_01,2023-06-28 03:00:00+00:00,0.0,0.0,0.327,0.321,23.0,80,894.2,5.4
AZL_TLW_01,2023-06-28 04:00:00+00:00,0.1,0.1,0.326,0.32,24.4,73,894.6,11.4
AZL_TLW_01,2023-06-28 05:00:00+00:00,0.6,0.6,0.329,0.32,23.4,77,893.8,8.9
AZL_TLW_01,2023-06-28 06:00:00+00:00,0.4,0.4,0.33,0.32,25.9,64,893.3,13.7
AZL_TLW_01,2023-06-28 07:00:00+00:00,0.1,0.1,0.328,0.319,27.1,61,892.9,12.6
AZL_TLW_01,2023-06-28 08:00:00+00:00,0.0,0.0,0.327,0.318,27.3,59,892.2,12.8
AZL_TLW_01,2023-06-28 09:00:00+00:00,1.1,1.1,0.333,0.318,24.0,75,891.5,10.4
AZL_TLW_01,2023-06-28 10:00:00+00:00,0.5,0.5,0.336,0.318,23.1,76,891.5,13.9
AZL_TLW_01,2023-06-28 11:00:00+00:00,0.5,0.5,0.338,0.318,22.1,84,891.3,11.0
AZL_TLW_01,2023-06-28 12:00:00+00:00,0.1,0.1,0.334,0.318,22.8,78,892.0,7.6
AZL_TLW_01,2023-06-28 13:00:00+00:00,0.0,0.0,0.333,0.318,21.3,86,892.2,6.1
AZL_TLW_01,2023-06-28 14:00:00+00:00,0.0,0.0,0.333,0.318,20.8,90,892.8,5.4
AZL_TLW_01,2023-06-28 15:00:00+00:00,0.0,0.0,0.333,0.318,20.2,93,892.6,5.0
AZL_TLW_01,2023-06-28 16:00:00+00:00,0.0,0.0,0.332,0.318,19.9,94,893.1,4.5
AZL_TLW_01,2023-06-28 17:00:00+00:00,0.0,0.0,0.332,0.318,19.7,95,893.0,4.2
AZL_TLW_01,2023-06-28 18:00:00+00:00,0.0,0.0,0.332,0.318,19.3,96,892.4,4.0
AZL_TLW_01,2023-06-28 19:00:00+00:00,0.0,0.0,0.331,0.318,18.9,97,891.5,3.5
AZL_TLW_01,2023-06-28 20:00:00+00:00,0.0,0.0,0.331,0.318,18.4,99,891.2,3.5
AZL_TLW_01,2023-06-28 21:00:00+00:00,0.0,0.0,0.331,0.318,18.4,98,890.7,4.7
AZL_TLW_01,2023-06-28 22:00:00+00:00,0.0,0.0,0.33,0.318,18.8,97,890.6,5.1
AZL_TLW_01,2023-06-28 23:00:00+00:00,0.0,0.0,0.33,0.318,18.7,97,890.7,4.8
AZL_TLW_01,2023-06-29 00:00:00+00:00,0.0,0.0,0.329,0.317,19.4,95,891.2,6.1
AZL_TLW_01,2023-06-29 01:00:00+00:00,0.0,0.0,0.328,0.317,21.0,90,892.4,4.1
AZL_TLW_01,2023-06-29 02:00:00+00:00,0.0,0.0,0.328,0.317,22.7,79,893.4,6.1
AZL_TLW_01,2023-06-29 03:00:00+00:00,0.0,0.0,0.326,0.317,24.6,67,894.2,9.5
AZL_TLW_01,2023-06-29 04:00:00+00:00,0.0,0.0,0.324,0.316,26.3,58,894.6,11.3
AZL_TLW_01,2023-06-29 05:00:00+00:00,0.0,0.0,0.322,0.315,27.1,54,894.1,10.2
AZL_TLW_01,2023-06-29 06:00:00+00:00,0.0,0.0,0.32,0.315,28.6,49,893.9,12.0
AZL_TLW_01,2023-06-29 07:00:00+00:00,0.0,0.0,0.318,0.314,28.2,50,892.9,12.8
AZL_TLW_01,2023-06-29 08:00:00+00:00,0.0,0.0,0.316,0.313,28.1,52,891.8,13.2
AZL_TLW_01,2023-06-29 09:00:00+00:00,0.2,0.2,0.316,0.313,26.6,58,890.6,13.2
AZL_TLW_01,2023-06-29 10:00:00+00:00,0.1,0.1,0.315,0.312,26.3,59,890.1,12.6
AZL_TLW_01,2023-06-29 11:00:00+00:00,0.0,0.0,0.314,0.312,25.2,64,889.9,10.9
AZL_TLW_01,2023-06-29 12:00:00+00:00,0.0,0.0,0.309,0.31,24.6,64,890.8,7.5
AZL_TLW_01,2023-06-29 13:00:00+00:00,0.0,0.0,0.309,0.31,22.8,72,890.7,5.0
AZL_TLW_01,2023-06-29 14:00:00+00:00,0.0,0.0,0.309,0.31,21.8,77,891.2,4.4
AZL_TLW_01,2023-06-29 15:00:00+00:00,0.0,0.0,0.309,0.31,20.8,83,891.6,3.5
AZL_TLW_01,2023-06-29 16:00:00+00:00,0.0,0.0,0.309,0.31,20.3,86,892.1,4.0
AZL_TLW_01,2023-06-29 17:00:00+00:00,0.0,0.0,0.309,0.31,19.8,88,892.1,4.2
AZL_TLW_01,2023-06-29 18:00:00+00:00,0.1,0.1,0.31,0.31,19.6,89,891.8,4.2
AZL_TLW_01,2023-06-29 19:00:00+00:00,0.1,0.1,0.31,0.31,19.2,90,890.9,3.8
AZL_TLW_01,2023-06-29 20:00:00+00:00,0.0,0.0,0.31,0.31,19.2,91,890.3,3.1
AZL_TLW_01,2023-06-29 21:00:00+00:00,0.0,0.0,0.31,0.31,19.0,93,889.8,4.8
AZL_TLW_01,2023-06-29 22:00:00+00:00,0.0,0.0,0.31,0.309,18.4,96,889.6,4.2
AZL_TLW_01,2023-06-29 23:00:00+00:00,0.0,0.0,0.31,0.309,18.1,97,889.9,5.5
AZL_TLW_01,2023-06-30 00:00:00+00:00,0.0,0.0,0.308,0.309,19.7,90,891.0,5.8
AZL_TLW_01,2023-06-30 01:00:00+00:00,0.6,0.6,0.312,0.309,21.0,85,892.1,6.8
AZL_TLW_01,2023-06-30 02:00:00+00:00,0.4,0.4,0.314,0.309,21.3,86,892.5,6.2
AZL_TLW_01,2023-06-30 03:00:00+00:00,0.2,0.2,0.315,0.308,24.0,72,893.6,9.6
AZL_TLW_01,2023-06-30 04:00:00+00:00,0.1,0.1,0.314,0.308,25.0,67,893.8,10.6
AZL_TLW_01,2023-06-30 05:00:00+00:00,0.3,0.3,0.314,0.307,25.8,64,893.2,9.7
AZL_TLW_01,2023-06-30 06:00:00+00:00,0.0,0.0,0.313,0.307,26.2,61,892.4,10.0
AZL_TLW_01,2023-06-30 07:00:00+00:00,0.0,0.0,0.311,0.306,27.9,55,892.1,8.7
AZL_TLW_01,2023-06-30 08:00:00+00:00,0.4,0.4,0.312,0.306,27.1,57,890.8,11.7
AZL_TLW_01,2023-06-30 09:00:00+00:00,2.3,2.3,0.33,0.306,23.3,85,889.1,2.5
AZL_TLW_01,2023-06-30 10:00:00+00:00,0.1,0.1,0.33,0.305,24.0,82,888.8,1.1
AZL_TLW_01,2023-06-30 11:00:00+00:00,1.0,1.0,0.336,0.306,22.2,93,888.4,0.4
AZL_TLW_01,2023-06-30 12:00:00+00:00,0.2,0.2,0.337,0.304,22.4,88,889.5,0.4
AZL_TLW_01,2023-06-30 13:00:00+00:00,0.0,0.0,0.336,0.304,21.4,96,889.9,1.8
AZL_TLW_01,2023-06-30 14:00:00+00:00,0.0,0.0,0.336,0.304,20.4,99,890.0,2.3
AZL_TLW_01,2023-06-30 15:00:00+00:00,0.0,0.0,0.335,0.304,20.4,98,890.6,3.7
AZL_TLW_01,2023-06-30 16:00:00+00:00,0.0,0.0,0.335,0.305,20.2,95,890.6,4.5
AZL_TLW_01,2023-06-30 17:00:00+00:00,0.0,0.0,0.334,0.305,19.9,95,890.5,3.9
AZL_TLW_01,2023-06-30 18:00:00+00:00,0.0,0.0,0.333,0.305,19.2,97,889.8,2.9
AZL_TLW_01,2023-06-30 19:00:00+00:00,0.0,0.0,0.333,0.305,19.4,97,889.3,3.9
AZL_TLW_01,2023-06-30 20:00:00+00:00,0.0,0.0,0.332,0.305,19.0,99,888.7,2.8
AZL_TLW_01,2023-06-30 21:00:00+00:00,0.0,0.0,0.331,0.305,18.6,100,888.2,5.0
AZL_TLW_01,2023-06-30 22:00:00+00:00,0.0,0.0,0.331,0.305,18.4,99,888.2,4.6
AZL_TLW_01,2023-06-30 23:00:00+00:00,0.0,0.0,0.33,0.305,18.3,99,888.7,3.9
AZL_TLW_01,2023-07-01 00:00:00+00:00,0.0,0.0,0.329,0.305,20.0,97,889.6,3.6
AZL_TLW_01,2023-07-01 01:00:00+00:00,0.0,0.0,0.328,0.305,22.0,88,890.8,2.8
AZL_TLW_01,2023-07-01 02:00:00+00:00,0.0,0.0,0.327,0.305,23.9,75,891.9,2.7
AZL_TLW_01,2023-07-01 03:00:00+00:00,0.0,0.0,0.325,0.304,25.9,62,892.8,6.3
AZL_TLW_01,2023-07-01 04:00:00+00:00,0.0,0.0,0.323,0.304,27.6,55,893.2,8.4
AZL_TLW_01,2023-07-01 05:00:00+00:00,0.0,0.0,0.32,0.303,28.4,52,893.1,8.9
AZL_TLW_01,2023-07-01 06:00:00+00:00,0.0,0.0,0.318,0.303,28.8,51,892.4,11.5
AZL_TLW_01,2023-07-01 07:00:00+00:00,1.0,1.0,0.324,0.302,25.8,63,891.1,7.7
AZL_TLW_01,2023-07-01 08:00:00+00:00,0.2,0.2,0.323,0.302,26.1,63,890.4,6.2
AZL_TLW_01,2023-07-01 09:00:00+00:00,2.6,2.6,0.342,0.302,23.6,76,889.6,11.1
AZL_TLW_01,2023-07-01 10:00:00+00:00,0.9,0.9,0.348,0.302,22.2,95,889.2,1.4
AZL_TLW_01,2023-07-01 11:00:00+00:00,0.1,0.1,0.347,0.303,22.8,89,889.2,3.8
AZL_TLW_01,2023-07-01 12:00:00+00:00,0.2,0.2,0.311,0.301,23.7,73,890.2,3.6
AZL_TLW_01,2023-07-01 13:00:00+00:00,0.0,0.0,0.311,0.301,22.6,80,890.1,3.1
AZL_TLW_01,2023-07-01 14:00:00+00:00,0.0,0.0,0.311,0.301,22.0,84,890.7,5.0
AZL_TLW_01,2023-07-01 15:00:00+00:00,0.0,0.0,0.311,0.301,21.1,90,891.2,2.9
AZL_TLW_01,2023-07-01 16:00:00+00:00,0.0,0.0,0.31,0.301,20.8,92,891.8,3.7
AZL_TLW_01,2023-07-01 17:00:00+00:00,0.0,0.0,0.31,0.301,20.3,94,891.5,3.2
AZL_TLW_01,2023-07-01 18:00:00+00:00,0.0,0.0,0.31,0.301,20.0,96,891.0,2.9
AZL_TLW_01,2023-07-01 19:00:00+00:00,0.0,0.0,0.31,0.301,19.5,98,890.2,3.8
AZL_TLW_01,2023-07-01 20:00:00+00:00,0.0,0.0,0.31,0.301,19.3,98,889.7,3.9
AZL_TLW_01,2023-07-01 21:00:00+00:00,0.0,0.0,0.31,0.301,19.1,98,889.1,4.7
AZL_TLW_01,2023-07-01 22:00:00+00:00,0.0,0.0,0.31,0.301,19.0,98,889.3,4.5
AZL_TLW_01,2023-07-01 23:00:00+00:00,0.0,0.0,0.309,0.301,19.0,97,889.4,4.4
AZL_TLW_01,2023-07-02 00:00:00+00:00,0.0,0.0,0.31,0.3,20.5,93,890.1,5.4
AZL_TLW_01,2023-07-02 01:00:00+00:00,0.0,0.0,0.309,0.3,21.7,86,890.8,4.7
AZL_TLW_01,2023-07-02 02:00:00+00:00,0.0,0.0,0.309,0.3,23.0,79,891.8,5.8
AZL_TLW_01,2023-07-02 03:00:00+00:00,0.0,0.0,0.308,0.3,24.2,70,892.4,7.1
AZL_TLW_01,2023-07-02 04:00:00+00:00,0.0,0.0,0.306,0.299,26.2,59,892.6,9.2
AZL_TLW_01,2023-07-02 05:00:00+00:00,0.0,0.0,0.304,0.299,27.5,55,892.3,8.2
AZL_TLW_01,2023-07-02 06:00:00+00:00,0.2,0.2,0.304,0.298,28.5,52,891.5,8.5
AZL_TLW_01,2023-07-02 07:00:00+00:00,0.6,0.6,0.306,0.298,26.6,59,890.0,10.9
AZL_TLW_01,2023-07-02 08:00:00+00:00,0.2,0.2,0.306,0.297,26.8,63,889.5,8.4
AZL_TLW_01,2023-07-02 09:00:00+00:00,0.1,0.1,0.305,0.297,27.5,61,888.8,8.0
AZL_TLW_01,2023-07-02 10:00:00+00:00,0.4,0.4,0.306,0.296,25.6,67,888.3,11.3
AZL_TLW_01,2023-07-02 11:00:00+00:00,2.0,2.0,0.323,0.296,22.4,88,888.0,3.3
AZL_TLW_01,2023-07-02 12:00:00+00:00,0.3,0.3,0.343,0.295,22.3,96,889.2,1.8
AZL_TLW_01,2023-07-02 13:00:00+00:00,0.0,0.0,0.342,0.295,21.4,100,889.4,0.7
AZL_TLW_01,2023-07-02 14:00:00+00:00,0.2,0.2,0.342,0.296,21.1,100,890.0,2.6
AZL_TLW_01,2023-07-02 15:00:00+00:00,0.0,0.0,0.341,0.296,20.4,100,890.5,3.2
AZL_TLW_01,2023-07-02 16:00:00+00:00,0.0,0.0,0.34,0.296,20.5,100,890.6,3.9
AZL_TLW_01,2023-07-02 17:00:00+00:00,0.0,0.0,0.339,0.297,20.0,100,890.5,2.9
AZL_TLW_01,2023-07-02 18:00:00+00:00,0.0,0.0,0.339,0.297,20.0,100,890.3,3.9
AZL_TLW_01,2023-07-02 19:00:00+00:00,0.0,0.0,0.338,0.297,19.8,99,889.7,4.2
AZL_TLW_01,2023-07-02 20:00:00+00:00,0.0,0.0,0.337,0.297,19.3,100,889.3,2.8
AZL_TLW_01,2023-07-02 21:00:00+00:00,0.0,0.0,0.336,0.298,19.1,100,889.1,3.4
AZL_TLW_01,2023-07-02 22:00:00+00:00,0.0,0.0,0.335,0.298,18.9,100,889.0,3.7
AZL_TLW_01,2023-07-02 23:00:00+00:00,0.0,0.0,0.334,0.298,18.5,100,889.4,3.2
AZL_TLW_01,2023-07-03 00:00:00+00:00,0.0,0.0,0.351,0.305,19.7,99,889.9,4.4
AZL_TLW_01,2023-07-03 01:00:00+00:00,0.0,0.0,0.349,0.305,21.7,91,891.0,4.4
AZL_TLW_01,2023-07-03 02:00:00+00:00,0.0,0.0,0.348,0.305,23.3,81,891.8,5.8
AZL_TLW_01,2023-07-03 03:00:00+00:00,0.1,0.1,0.346,0.305,25.0,68,892.6,7.3
AZL_TLW_01,2023-07-03 04:00:00+00:00,0.0,0.0,0.343,0.305,26.5,61,893.0,7.5
AZL_TLW_01,2023-07-03 05:00:00+00:00,0.0,0.0,0.34,0.304,27.7,55,892.4,7.2
AZL_TLW_01,2023-07-03 06:00:00+00:00,0.0,0.0,0.337,0.304,29.0,52,891.6,7.4
AZL_TLW_01,2023-07-03 07:00:00+00:00,0.0,0.0,0.334,0.304,29.1,52,890.8,8.9
AZL_TLW_01,2023-07-03 08:00:00+00:00,0.0,0.0,0.332,0.303,28.8,54,889.9,8.9
AZL_TLW_01,2023-07-03 09:00:00+00:00,0.8,0.8,0.335,0.303,25.8,68,888.7,5.7
AZL_TLW_01,2023-07-03 10:00:00+00:00,1.8,1.8,0.349,0.303,24.2,81,888.4,7.0
AZL_TLW_01,2023-07-03 11:00:00+00:00,1.3,1.3,0.36,0.303,22.1,95,888.3,0.7
AZL_TLW_01,2023-07-03 12:00:00+00:00,0.9,0.9,0.365,0.302,22.9,91,889.3,4.9
AZL_TLW_01,2023-07-03 13:00:00+00:00,0.1,0.1,0.363,0.302,21.7,97,889.6,5.2
AZL_TLW_01,2023-07-03 14:00:00+00:00,0.0,0.0,0.361,0.303,21.0,98,890.3,2.2
AZL_TLW_01,2023-07-03 15:00:00+00:00,0.0,0.0,0.359,0.304,21.2,96,890.5,2.3
AZL_TLW_01,2023-07-03 16:00:00+00:00,0.0,0.0,0.357,0.304,20.3,98,890.6,3.6
AZL_TLW_01,2023-07-03 17:00:00+00:00,0.1,0.1,0.356,0.305,20.4,99,890.4,2.0
AZL_TLW_01,2023-07-03 18:00:00+00:00,0.0,0.0,0.354,0.305,20.4,100,889.9,2.1
AZL_TLW_01,2023-07-03 19:00:00+00:00,0.0,0.0,0.353,0.306,20.0,99,888.9,2.5
AZL_TLW_01,2023-07-03 20:00:00+00:00,0.0,0.0,0.352,0.306,20.2,99,888.8,3.6
AZL_TLW_01,2023-07-03 21:00:00+00:00,0.0,0.0,0.35,0.306,20.0,99,888.7,1.9
AZL_TLW_01,2023-07-03 22:00:00+00:00,0.0,0.0,0.349,0.307,19.6,99,888.6,2.3
AZL_TLW_01,2023-07-03 23:00:00+00:00,0.0,0.0,0.348,0.307,19.6,99,888.8,2.9
AZL_TLW_01,2023-07-04 00:00:00+00:00,0.0,0.0,0.379,0.308,19.3,98,889.0,2.9
AZL_TLW_01,2023-07-04 01:00:00+00:00,0.0,0.0,0.375,0.309,20.5,92,890.0,5.4
AZL_TLW_01,2023-07-04 02:00:00+00:00,0.0,0.0,0.372,0.31,22.1,87,890.8,4.0
AZL_TLW_01,2023-07-04 03:00:00+00:00,0.1,0.1,0.369,0.311,23.9,79,891.3,2.3
AZL_TLW_01,2023-07-04 04:00:00+00:00,0.1,0.1,0.366,0.311,25.7,72,891.6,0.7
AZL_TLW_01,2023-07-04 05:00:00+00:00,0.0,0.0,0.362,0.311,27.4,64,891.4,1.5
AZL_TLW_01,2023-07-04 06:00:00+00:00,0.0,0.0,0.359,0.311,27.7,60,890.2,2.7
AZL_TLW_01,2023-07-04 07:00:00+00:00,2.4,2.4,0.377,0.311,25.1,74,889.0,10.1
AZL_TLW_01,2023-07-04 08:00:00+00:00,4.3,4.3,0.411,0.316,22.4,91,887.8,3.7
AZL_TLW_01,2023-07-04 09:00:00+00:00,0.2,0.2,0.401,0.319,23.7,88,887.6,1.3
AZL_TLW_01,2023-07-04 10:00:00+00:00,2.2,2.2,0.412,0.323,23.5,85,886.9,3.1
AZL_TLW_01,2023-07-04 11:00:00+00:00,0.5,0.5,0.404,0.326,23.2,87,886.6,1.4
AZL_TLW_01,2023-07-04 12:00:00+00:00,1.6,1.6,0.386,0.339,22.4,99,887.5,1.6
AZL_TLW_01,2023-07-04 13:00:00+00:00,0.0,0.0,0.383,0.34,22.1,99,888.0,1.3
AZL_TLW_01,2023-07-04 14:00:00+00:00,0.0,0.0,0.38,0.341,20.9,100,888.3,3.3
AZL_TLW_01,2023-07-04 15:00:00+00:00,0.0,0.0,0.378,0.341,20.8,100,888.8,1.9
AZL_TLW_01,2023-07-04 16:00:00+00:00,0.0,0.0,0.376,0.341,20.6,100,889.1,3.0
AZL_TLW_01,2023-07-04 17:00:00+00:00,0.5,0.5,0.379,0.342,20.4,98,889.4,4.9
AZL_TLW_01,2023-07-04 18:00:00+00:00,3.8,3.8,0.416,0.345,19.9,100,889.3,3.5
AZL_TLW_01,2023-07-04 19:00:00+00:00,0.8,0.8,0.415,0.349,19.7,100,888.8,4.1
AZL_TLW_01,2023-07-04 20:00:00+00:00,0.6,0.6,0.41,0.352,19.4,100,888.5,2.3
AZL_TLW_01,2023-07-04 21:00:00+00:00,0.0,0.0,0.403,0.354,19.3,99,888.0,3.3
AZL_TLW_01,2023-07-04 22:00:00+00:00,0.0,0.0,0.398,0.355,18.9,99,887.6,2.2
AZL_TLW_01,2023-07-04 23:00:00+00:00,0.0,0.0,0.394,0.356,18.5,99,887.2,3.0
AZL_TLW_01,2023-07-05 00:00:00+00:00,0.0,0.0,0.377,0.347,19.7,99,888.1,3.8
AZL_TLW_01,2023-07-05 01:00:00+00:00,0.0,0.0,0.375,0.347,21.1,96,889.0,4.6
AZL_TLW_01,2023-07-05 02:00:00+00:00,0.0,0.0,0.373,0.347,22.4,86,889.7,4.1
AZL_TLW_01,2023-07-05 03:00:00+00:00,0.0,0.0,0.371,0.347,24.2,78,890.1,2.9
AZL_TLW_01,2023-07-05 04:00:00+00:00,0.1,0.1,0.369,0.347,26.1,66,890.4,1.9
AZL_TLW_01,2023-07-05 05:00:00+00:00,0.0,0.0,0.366,0.346,27.3,61,890.3,2.3
AZL_TLW_01,2023-07-05 06:00:00+00:00,0.1,0.1,0.364,0.345,28.2,57,889.1,4.3
AZL_TLW_01,2023-07-05 07:00:00+00:00,7.7,7.7,0.43,0.346,23.1,84,888.3,6.6
AZL_TLW_01,2023-07-05 08:00:00+00:00,2.3,2.3,0.413,0.36,22.6,90,887.3,2.2
AZL_TLW_01,2023-07-05 09:00:00+00:00,0.1,0.1,0.406,0.362,23.5,86,886.9,3.7
AZL_TLW_01,2023-07-05 10:00:00+00:00,1.0,1.0,0.406,0.363,22.8,85,886.7,7.7
AZL_TLW_01,2023-07-05 11:00:00+00:00,0.2,0.2,0.402,0.364,22.1,89,887.0,7.2
AZL_TLW_01,2023-07-05 12:00:00+00:00,1.1,1.1,0.376,0.345,21.7,96,887.4,5.5
AZL_TLW_01,2023-07-05 13:00:00+00:00,0.1,0.1,0.375,0.345,21.2,90,888.0,2.5
AZL_TLW_01,2023-07-05 14:00:00+00:00,0.0,0.0,0.374,0.346,20.9,94,888.3,4.5
AZL_TLW_01,2023-07-05 15:00:00+00:00,0.0,0.0,0.373,0.346,20.3,97,889.0,3.0
AZL_TLW_01,2023-07-05 16:00:00+00:00,0.2,0.2,0.374,0.346,20.4,95,890.1,7.2
AZL_TLW_01,2023-07-05 17:00:00+00:00,0.0,0.0,0.372,0.346,20.3,96,890.2,7.6
AZL_TLW_01,2023-07-05 18:00:00+00:00,0.0,0.0,0.371,0.346,20.1,95,890.1,7.6
AZL_TLW_01,2023-07-05 19:00:00+00:00,0.0,0.0,0.37,0.347,19.7,95,889.4,6.8
AZL_TLW_01,2023-07-05 20:00:00+00:00,0.0,0.0,0.369,0.347,19.6,95,889.2,6.5
AZL_TLW_01,2023-07-05 21:00:00+00:00,0.0,0.0,0.368,0.347,19.6,94,889.2,8.0
AZL_TLW_01,2023-07-05 22:00:00+00:00,0.0,0.0,0.367,0.347,19.4,95,889.2,4.8
AZL_TLW_01,2023-07-05 23:00:00+00:00,0.0,0.0,0.366,0.347,19.1,95,889.0,3.8
AZL_TLW_01,2023-07-06 00:00:00+00:00,0.0,0.0,0.38,0.35,20.7,90,890.1,2.9
AZL_TLW_01,2023-07-06 01:00:00+00:00,0.0,0.0,0.378,0.35,21.3,96,891.2,3.6
AZL_TLW_01,2023-07-06 02:00:00+00:00,0.4,0.4,0.379,0.35,22.5,86,891.8,6.1
AZL_TLW_01,2023-07-06 03:00:00+00:00,0.1,0.1,0.377,0.35,23.7,80,892.0,8.3
AZL_TLW_01,2023-07-06 04:00:00+00:00,0.1,0.1,0.375,0.35,25.8,67,892.6,11.8
AZL_TLW_01,2023-07-06 05:00:00+00:00,0.0,0.0,0.372,0.349,27.1,61,892.5,11.8
AZL_TLW_01,2023-07-06 06:00:00+00:00,0.6,0.6,0.373,0.349,25.2,65,891.5,13.9
AZL_TLW_01,2023-07-06 07:00:00+00:00,0.6,0.6,0.375,0.349,25.7,66,891.2,13.6
AZL_TLW_01,2023-07-06 08:00:00+00:00,0.2,0.2,0.373,0.348,25.2,67,890.3,15.8
AZL_TLW_01,2023-07-06 09:00:00+00:00,0.2,0.2,0.372,0.348,25.1,71,890.2,11.0
AZL_TLW_01,2023-07-06 10:00:00+00:00,1.9,1.9,0.385,0.348,22.5,86,889.4,13.4
AZL_TLW_01,2023-07-06 11:00:00+00:00,0.2,0.2,0.383,0.349,21.9,89,889.6,9.8
AZL_TLW_01,2023-07-06 12:00:00+00:00,0.1,0.1,0.35,0.344,22.8,82,890.4,8.0
AZL_TLW_01,2023-07-06 13:00:00+00:00,0.0,0.0,0.349,0.344,21.9,86,890.8,6.9
AZL_TLW_01,2023-07-06 14:00:00+00:00,0.0,0.0,0.349,0.344,21.3,88,891.1,6.5
AZL_TLW_01,2023-07-06 15:00:00+00:00,0.0,0.0,0.349,0.344,20.9,90,891.8,5.1
AZL_TLW_01,2023-07-06 16:00:00+00:00,0.0,0.0,0.349,0.343,20.7,91,892.7,5.6
AZL_TLW_01,2023-07-06 17:00:00+00:00,0.0,0.0,0.348,0.343,20.4,92,892.5,5.9
AZL_TLW_01,2023-07-06 18:00:00+00:00,0.0,0.0,0.348,0.343,20.1,93,892.2,6.2
AZL_TLW_01,2023-07-06 19:00:00+00:00,0.0,0.0,0.348,0.343,19.9,93,891.7,6.1
AZL_TLW_01,2023-07-06 20:00:00+00:00,0.0,0.0,0.348,0.343,19.8,93,891.0,5.2
AZL_TLW_01,2023-07-06 21:00:00+00:00,0.0,0.0,0.347,0.342,19.7,93,890.7,4.1
AZL_TLW_01,2023-07-06 22:00:00+00:00,0.0,0.0,0.347,0.342,19.5,93,890.7,4.0
AZL_TLW_01,2023-07-06 23:00:00+00:00,0.0,0.0,0.347,0.342,19.3,94,890.5,3.8
AZL_TLW_01,2023-07-07 00:00:00+00:00,0.0,0.0,0.345,0.342,20.1,93,891.5,4.4
AZL_TLW_01,2023-07-07 01:00:00+00:00,0.0,0.0,0.345,0.342,21.7,85,892.9,4.1
AZL_TLW_01,2023-07-07 02:00:00+00:00,0.0,0.0,0.344,0.341,23.4,76,893.6,7.2
AZL_TLW_01,2023-07-07 03:00:00+00:00,0.0,0.0,0.342,0.34,25.1,65,894.3,11.1
AZL_TLW_01,2023-07-07 04:00:00+00:00,0.0,0.0,0.341,0.34,26.4,60,894.5,12.1
AZL_TLW_01,2023-07-07 05:00:00+00:00,0.0,0.0,0.339,0.339,27.1,57,894.2,12.6
AZL_TLW_01,2023-07-07 06:00:00+00:00,0.0,0.0,0.337,0.338,28.2,54,893.2,13.2
AZL_TLW_01,2023-07-07 07:00:00+00:00,0.4,0.4,0.337,0.337,27.8,55,892.4,14.2
AZL_TLW_01,2023-07-07 08:00:00+00:00,1.7,1.7,0.348,0.337,23.6,78,891.3,13.3
AZL_TLW_01,2023-07-07 09:00:00+00:00,0.1,0.1,0.348,0.336,23.1,81,890.8,10.4
AZL_TLW_01,2023-07-07 10:00:00+00:00,0.1,0.1,0.348,0.336,23.7,79,890.3,12.5
AZL_TLW_01,2023-07-07 11:00:00+00:00,0.2,0.2,0.348,0.336,23.0,80,890.2,10.2
AZL_TLW_01,2023-07-07 12:00:00+00:00,0.2,0.2,0.329,0.331,22.9,86,891.2,6.8
AZL_TLW_01,2023-07-07 13:00:00+00:00,0.0,0.0,0.329,0.331,22.0,88,891.5,5.5
AZL_TLW_01,2023-07-07 14:00:00+00:00,0.0,0.0,0.329,0.33,21.5,90,892.0,5.5
AZL_TLW_01,2023-07-07 15:00:00+00:00,0.0,0.0,0.329,0.33,21.0,92,892.8,4.8
AZL_TLW_01,2023-07-07 16:00:00+00:00,0.0,0.0,0.329,0.33,20.4,95,893.2,5.1
AZL_TLW_01,2023-07-07 17:00:00+00:00,0.0,0.0,0.329,0.33,20.1,95,893.3,4.6
AZL_TLW_01,2023-07-07 18:00:00+00:00,0.0,0.0,0.329,0.33,19.9,95,893.2,5.2
AZL_TLW_01,2023-07-07 19:00:00+00:00,0.0,0.0,0.329,0.33,19.8,95,892.5,4.5
AZL_TLW_01,2023-07-07 20:00:00+00:00,0.0,0.0,0.329,0.329,19.4,96,891.7,3.6
AZL_TLW_01,2023-07-07 21:00:00+00:00,0.0,0.0,0.329,0.329,19.3,96,891.5,3.4
AZL_TLW_01,2023-07-07 22:00:00+00:00,0.0,0.0,0.329,0.329,19.1,96,891.2,3.2
AZL_TLW_01,2023-07-07 23:00:00+00:00,0.0,0.0,0.329,0.329,18.6,98,890.7,2.5
AZL_TLW_01,2023-07-08 00:00:00+00:00,0.0,0.0,0.325,0.328,19.8,96,891.9,1.8
AZL_TLW_01,2023-07-08 01:00:00+00:00,0.0,0.0,0.325,0.328,22.1,84,893.8,1.9
AZL_TLW_01,2023-07-08 02:00:00+00:00,0.0,0.0,0.324,0.327,23.7,72,894.8,5.9
AZL_TLW_01,2023-07-08 03:00:00+00:00,0.0,0.0,0.323,0.326,25.1,65,895.0,8.5
AZL_TLW_01,2023-07-08 04:00:00+00:00,0.2,0.2,0.323,0.326,26.2,61,894.6,9.2
AZL_TLW_01,2023-07-08 05:00:00+00:00,0.1,0.1,0.322,0.325,27.2,56,894.3,8.7
AZL_TLW_01,2023-07-08 06:00:00+00:00,0.1,0.1,0.321,0.324,27.8,54,893.6,10.2
AZL_TLW_01,2023-07-08 07:00:00+00:00,0.3,0.3,0.321,0.324,27.4,56,892.7,10.5
AZL_TLW_01,2023-07-08 08:00:00+00:00,0.2,0.2,0.321,0.323,27.5,57,891.5,9.4
AZL_TLW_01,2023-07-08 09:00:00+00:00,0.2,0.2,0.321,0.322,26.8,60,890.7,10.7
AZL_TLW_01,2023-07-08 10:00:00+00:00,0.2,0.2,0.322,0.322,25.0,70,890.3,11.2
AZL_TLW_01,2023-07-08 11:00:00+00:00,0.1,0.1,0.322,0.321,24.3,74,890.6,10.6
AZL_TLW_01,2023-07-08 12:00:00+00:00,0.1,0.1,0.325,0.322,22.8,89,891.3,5.2
AZL_TLW_01,2023-07-08 13:00:00+00:00,0.4,0.4,0.327,0.322,21.9,91,891.7,5.8
AZL_TLW_01,2023-07-08 14:00:00+00:00,0.0,0.0,0.327,0.322,21.4,90,892.3,5.4
AZL_TLW_01,2023-07-08 15:00:00+00:00,0.0,0.0,0.327,0.322,20.9,92,892.7,2.5
AZL_TLW_01,2023-07-08 16:00:00+00:00,0.0,0.0,0.327,0.322,20.8,92,893.1,2.9
AZL_TLW_01,2023-07-08 17:00:00+00:00,0.0,0.0,0.327,0.322,20.5,93,893.0,3.0
AZL_TLW_01,2023-07-08 18:00:00+00:00,0.0,0.0,0.327,0.322,20.1,95,892.3,3.3
AZL_TLW_01,2023-07-08 19:00:00+00:00,0.0,0.0,0.326,0.322,19.7,97,891.3,2.6
AZL_TLW_01,2023-07-08 20:00:00+00:00,0.0,0.0,0.326,0.322,19.4,98,890.8,2.4
AZL_TLW_01,2023-07-08 21:00:00+00:00,0.0,0.0,0.326,0.322,19.1,100,890.7,2.1
AZL_TLW_01,2023-07-08 22:00:00+00:00,0.5,0.5,0.33,0.321,19.3,99,890.8,3.3
AZL_TLW_01,2023-07-08 23:00:00+00:00,0.0,0.0,0.33,0.321,19.0,99,890.6,3.4
AZL_TLW_01,2023-07-09 00:00:00+00:00,0.0,0.0,0.321,0.32,20.1,97,891.3,3.1
AZL_TLW_01,2023-07-09 01:00:00+00:00,0.0,0.0,0.32,0.32,21.3,90,891.8,2.0
AZL_TLW_01,2023-07-09 02:00:00+00:00,0.0,0.0,0.32,0.319,22.7,82,892.4,2.6
AZL_TLW_01,2023-07-09 03:00:00+00:00,0.0,0.0,0.319,0.319,25.2,68,893.0,6.8
AZL_TLW_01,2023-07-09 04:00:00+00:00,0.0,0.0,0.317,0.318,26.6,60,893.3,7.8
AZL_TLW_01,2023-07-09 05:00:00+00:00,0.0,0.0,0.315,0.318,27.5,55,893.1,7.7
AZL_TLW_01,2023-07-09 06:00:00+00:00,0.1,0.1,0.314,0.317,28.4,52,892.5,7.2
AZL_TLW_01,2023-07-09 07:00:00+00:00,0.1,0.1,0.313,0.316,28.5,52,891.2,8.2
AZL_TLW_01,2023-07-09 08:00:00+00:00,0.0,0.0,0.312,0.315,28.2,54,890.2,8.1
AZL_TLW_01,2023-07-09 09:00:00+00:00,0.2,0.2,0.312,0.315,26.4,62,889.6,11.4
AZL_TLW_01,2023-07-09 10:00:00+00:00,0.5,0.5,0.314,0.314,24.8,73,889.5,9.2
AZL_TLW_01,2023-07-09 11:00:00+00:00,0.3,0.3,0.316,0.314,24.2,76,889.4,8.1
AZL_TLW_01,2023-07-09 12:00:00+00:00,0.2,0.2,0.316,0.314,22.3,87,890.7,5.6
AZL_TLW_01,2023-07-09 13:00:00+00:00,0.1,0.1,0.317,0.314,21.5,93,890.5,6.2
AZL_TLW_01,2023-07-09 14:00:00+00:00,0.1,0.1,0.318,0.314,21.2,95,891.0,4.4
AZL_TLW_01,2023-07-09 15:00:00+00:00,0.1,0.1,0.318,0.314,20.7,98,891.5,2.3
AZL_TLW_01,2023-07-09 16:00:00+00:00,0.1,0.1,0.319,0.314,20.8,97,891.6,4.2
AZL_TLW_01,2023-07-09 17:00:00+00:00,0.1,0.1,0.319,0.314,20.5,98,891.3,2.1
AZL_TLW_01,2023-07-09 18:00:00+00:00,0.1,0.1,0.319,0.314,20.2,98,890.9,3.1
AZL_TLW_01,2023-07-09 19:00:00+00:00,0.2,0.2,0.321,0.314,20.0,99,890.4,2.6
AZL_TLW_01,2023-07-09 20:00:00+00:00,0.1,0.1,0.321,0.314,20.1,99,890.0,2.4
AZL_TLW_01,2023-07-09 21:00:00+00:00,0.1,0.1,0.322,0.314,19.8,99,890.0,2.0
AZL_TLW_01,2023-07-09 22:00:00+00:00,1.0,1.0,0.333,0.314,20.0,100,890.0,2.9
AZL_TLW_01,2023-07-09 23:00:00+00:00,1.0,1.0,0.345,0.314,19.9,100,890.1,4.3
AZL_TLW_01,2023-07-10 00:00:00+00:00,4.0,4.0,0.414,0.353,20.3,100,890.5,4.4
AZL_TLW_01,2023-07-10 01:00:00+00:00,0.2,0.2,0.407,0.355,21.4,92,891.5,6.9
AZL_TLW_01,2023-07-10 02:00:00+00:00,0.4,0.4,0.403,0.357,21.1,94,891.7,7.2
AZL_TLW_01,2023-07-10 03:00:00+00:00,0.2,0.2,0.4,0.358,21.6,93,892.3,7.7
AZL_TLW_01,2023-07-10 04:00:00+00:00,0.4,0.4,0.398,0.359,22.0,90,892.1,7.3
AZL_TLW_01,2023-07-10 05:00:00+00:00,0.2,0.2,0.395,0.36,23.3,84,892.2,9.4
AZL_TLW_01,2023-07-10 06:00:00+00:00,0.1,0.1,0.392,0.36,25.0,72,891.7,11.7
AZL_TLW_01,2023-07-10 07:00:00+00:00,0.5,0.5,0.391,0.36,23.6,76,890.8,8.4
AZL_TLW_01,2023-07-10 08:00:00+00:00,0.1,0.1,0.389,0.36,23.6,77,890.3,9.5
AZL_TLW_01,2023-07-10 09:00:00+00:00,0.1,0.1,0.386,0.36,24.2,73,889.7,10.8
AZL_TLW_01,2023-07-10 10:00:00+00:00,0.0,0.0,0.383,0.36,24.3,72,889.3,10.6
AZL_TLW_01,2023-07-10 11:00:00+00:00,0.0,0.0,0.381,0.36,23.8,74,889.1,8.9
AZL_TLW_01,2023-07-10 12:00:00+00:00,0.0,0.0,0.401,0.39,22.1,86,890.0,5.6
AZL_TLW_01,2023-07-10 13:00:00+00:00,0.0,0.0,0.4,0.389,20.7,93,889.9,4.0
AZL_TLW_01,2023-07-10 14:00:00+00:00,0.0,0.0,0.398,0.388,20.2,95,890.7,4.8
AZL_TLW_01,2023-07-10 15:00:00+00:00,0.0,0.0,0.397,0.388,19.9,96,891.2,3.6
AZL_TLW_01,2023-07-10 16:00:00+00:00,0.0,0.0,0.395,0.387,19.5,97,891.6,3.3
AZL_TLW_01,2023-07-10 17:00:00+00:00,0.0,0.0,0.394,0.387,19.3,98,891.4,3.6
AZL_TLW_01,2023-07-10 18:00:00+00:00,0.0,0.0,0.393,0.386,19.1,98,891.1,4.1
AZL_TLW_01,2023-07-10 19:00:00+00:00,0.0,0.0,0.392,0.385,18.9,98,890.6,3.9
AZL_TLW_01,2023-07-10 20:00:00+00:00,0.0,0.0,0.391,0.385,18.8,98,890.0,4.0
AZL_TLW_01,2023-07-10 21:00:00+00:00,0.0,0.0,0.39,0.384,18.6,98,889.8,4.4
AZL_TLW_01,2023-07-10 22:00:00+00:00,0.0,0.0,0.39,0.383,18.3,98,889.9,3.6
AZL_TLW_01,2023-07-10 23:00:00+00:00,0.0,0.0,0.389,0.383,18.2,98,890.1,3.9
AZL_TLW_01,2023-07-11 00:00:00+00:00,0.0,0.0,0.386,0.382,19.9,94,890.7,6.0
AZL_TLW_01,2023-07-11 01:00:00+00:00,0.0,0.0,0.385,0.381,21.1,89,891.3,6.9
AZL_TLW_01,2023-07-11 02:00:00+00:00,0.0,0.0,0.384,0.38,22.7,79,892.3,13.1
AZL_TLW_01,2023-07-11 03:00:00+00:00,0.0,0.0,0.383,0.379,23.8,74,892.8,10.5
AZL_TLW_01,2023-07-11 04:00:00+00:00,0.0,0.0,0.381,0.378,23.5,74,892.4,10.3
AZL_TLW_01,2023-07-11 05:00:00+00:00,0.0,0.0,0.379,0.377,24.8,68,892.4,11.4
AZL_TLW_01,2023-07-11 06:00:00+00:00,0.0,0.0,0.377,0.376,25.9,62,891.8,12.1
AZL_TLW_01,2023-07-11 07:00:00+00:00,0.1,0.1,0.376,0.375,25.9,62,890.7,12.3
AZL_TLW_01,2023-07-11 08:00:00+00:00,0.2,0.2,0.375,0.374,25.8,64,890.2,12.0
AZL_TLW_01,2023-07-11 09:00:00+00:00,0.4,0.4,0.377,0.373,24.6,72,889.5,11.8
AZL_TLW_01,2023-07-11 10:00:00+00:00,0.4,0.4,0.378,0.372,24.2,71,889.2,11.2
AZL_TLW_01,2023-07-11 11:00:00+00:00,0.3,0.3,0.378,0.371,22.8,81,889.0,8.9
AZL_TLW_01,2023-07-11 12:00:00+00:00,0.0,0.0,0.379,0.369,21.5,88,889.9,4.5
AZL_TLW_01,2023-07-11 13:00:00+00:00,0.0,0.0,0.378,0.369,20.7,92,890.0,5.4
AZL_TLW_01,2023-07-11 14:00:00+00:00,0.0,0.0,0.377,0.368,20.0,95,890.4,2.9
AZL_TLW_01,2023-07-11 15:00:00+00:00,0.0,0.0,0.377,0.368,19.9,95,891.1,5.5
AZL_TLW_01,2023-07-11 16:00:00+00:00,0.0,0.0,0.376,0.368,19.6,96,891.7,3.6
AZL_TLW_01,2023-07-11 17:00:00+00:00,0.0,0.0,0.375,0.367,19.5,96,891.6,3.3
AZL_TLW_01,2023-07-11 18:00:00+00:00,0.0,0.0,0.375,0.367,19.2,97,891.2,5.5
AZL_TLW_01,2023-07-11 19:00:00+00:00,0.0,0.0,0.374,0.367,19.0,98,890.8,5.7
AZL_TLW_01,2023-07-11 20:00:00+00:00,0.0,0.0,0.373,0.366,18.9,97,890.3,5.3
AZL_TLW_01,2023-07-11 21:00:00+00:00,0.0,0.0,0.373,0.366,18.8,97,890.0,4.2
AZL_TLW_01,2023-07-11 22:00:00+00:00,0.0,0.0,0.372,0.366,18.4,97,890.0,3.9
AZL_TLW_01,2023-07-11 23:00:00+00:00,0.0,0.0,0.372,0.365,18.4,96,889.8,4.1
AZL_TLW_01,2023-07-12 00:00:00+00:00,0.0,0.0,0.369,0.365,19.9,94,890.7,5.4
AZL_TLW_01,2023-07-12 01:00:00+00:00,0.0,0.0,0.368,0.364,21.1,87,891.9,7.2
AZL_TLW_01,2023-07-12 02:00:00+00:00,0.0,0.0,0.367,0.364,22.5,78,892.5,8.0
AZL_TLW_01,2023-07-12 03:00:00+00:00,0.0,0.0,0.366,0.363,23.8,71,893.3,12.0
AZL_TLW_01,2023-07-12 04:00:00+00:00,0.0,0.0,0.364,0.362,25.4,64,893.4,11.6
AZL_TLW_01,2023-07-12 05:00:00+00:00,0.0,0.0,0.362,0.361,25.9,63,893.0,12.9
AZL_TLW_01,2023-07-12 06:00:00+00:00,0.1,0.1,0.36,0.36,26.8,60,892.4,13.0
AZL_TLW_01,2023-07-12 07:00:00+00:00,0.0,0.0,0.358,0.359,27.3,59,891.6,11.3
AZL_TLW_01,2023-07-12 08:00:00+00:00,0.0,0.0,0.356,0.358,27.2,59,890.8,10.5
AZL_TLW_01,2023-07-12 09:00:00+00:00,0.3,0.3,0.357,0.357,24.1,73,889.8,11.5
AZL_TLW_01,2023-07-12 10:00:00+00:00,0.0,0.0,0.356,0.356,23.7,79,889.5,7.1
AZL_TLW_01,2023-07-12 11:00:00+00:00,0.0,0.0,0.356,0.356,23.6,76,889.6,9.2
AZL_TLW_01,2023-07-12 12:00:00+00:00,0.1,0.1,0.362,0.351,22.1,92,890.2,4.0
AZL_TLW_01,2023-07-12 13:00:00+00:00,0.4,0.4,0.364,0.351,21.2,93,890.4,5.5
AZL_TLW_01,2023-07-12 14:00:00+00:00,0.0,0.0,0.364,0.351,20.9,94,890.9,5.8
AZL_TLW_01,2023-07-12 15:00:00+00:00,0.0,0.0,0.363,0.35,20.4,96,891.7,4.1
AZL_TLW_01,2023-07-12 16:00:00+00:00,0.0,0.0,0.363,0.35,20.1,98,892.1,5.1
AZL_TLW_01,2023-07-12 17:00:00+00:00,0.0,0.0,0.362,0.35,20.0,98,892.0,4.7
AZL_TLW_01,2023-07-12 18:00:00+00:00,0.0,0.0,0.361,0.35,19.9,96,891.7,5.1
AZL_TLW_01,2023-07-12 19:00:00+00:00,0.0,0.0,0.361,0.35,19.7,96,891.2,4.7
AZL_TLW_01,2023-07-12 20:00:00+00:00,0.0,0.0,0.36,0.35,19.7,95,890.7,5.6
AZL_TLW_01,2023-07-12 21:00:00+00:00,0.0,0.0,0.36,0.35,19.4,95,890.1,4.5
AZL_TLW_01,2023-07-12 22:00:00+00:00,0.0,0.0,0.36,0.35,19.2,95,889.8,4.1
AZL_TLW_01,2023-07-12 23:00:00+00:00,0.1,0.1,0.36,0.349,19.0,96,889.9,3.1
AZL_TLW_01,2023-07-13 00:00:00+00:00,0.1,0.1,0.365,0.349,19.9,93,890.7,3.9
AZL_TLW_01,2023-07-13 01:00:00+00:00,0.0,0.0,0.364,0.349,20.8,93,891.4,3.0
AZL_TLW_01,2023-07-13 02:00:00+00:00,0.0,0.0,0.363,0.349,21.4,90,892.1,3.1
AZL_TLW_01,2023-07-13 03:00:00+00:00,0.0,0.0,0.362,0.349,22.2,84,892.6,6.1
AZL_TLW_01,2023-07-13 04:00:00+00:00,0.0,0.0,0.361,0.349,23.4,75,892.8,7.4
AZL_TLW_01,2023-07-13 05:00:00+00:00,0.0,0.0,0.359,0.348,25.1,65,893.0,10.1
AZL_TLW_01,2023-07-13 06:00:00+00:00,0.2,0.2,0.359,0.347,25.9,62,892.4,10.0
AZL_TLW_01,2023-07-13 07:00:00+00:00,0.5,0.5,0.36,0.347,26.0,62,891.6,9.5
AZL_TLW_01,2023-07-13 08:00:00+00:00,0.6,0.6,0.361,0.346,26.1,62,891.0,9.3
AZL_TLW_01,2023-07-13 09:00:00+00:00,1.0,1.0,0.366,0.346,24.9,67,890.4,9.9
AZL_TLW_01,2023-07-13 10:00:00+00:00,2.0,2.0,0.381,0.346,22.8,81,890.0,9.4
AZL_TLW_01,2023-07-13 11:00:00+00:00,1.3,1.3,0.389,0.346,21.4,88,890.0,8.7
AZL_TLW_01,2023-07-13 12:00:00+00:00,0.2,0.2,0.357,0.344,22.0,83,890.3,8.2
AZL_TLW_01,2023-07-13 13:00:00+00:00,0.0,0.0,0.356,0.344,20.8,89,890.4,6.8
AZL_TLW_01,2023-07-13 14:00:00+00:00,0.0,0.0,0.356,0.344,20.6,91,890.9,5.8
AZL_TLW_01,2023-07-13 15:00:00+00:00,0.1,0.1,0.356,0.344,20.4,92,891.7,6.9
AZL_TLW_01,2023-07-13 16:00:00+00:00,0.0,0.0,0.355,0.344,20.2,93,892.0,5.4
AZL_TLW_01,2023-07-13 17:00:00+00:00,0.0,0.0,0.355,0.344,19.8,95,891.6,4.7
AZL_TLW_01,2023-07-13 18:00:00+00:00,0.0,0.0,0.355,0.344,19.4,96,891.1,4.0
AZL_TLW_01,2023-07-13 19:00:00+00:00,0.0,0.0,0.354,0.343,19.4,96,890.5,4.0
AZL_TLW_01,2023-07-13 20:00:00+00:00,0.0,0.0,0.354,0.343,19.0,97,889.7,4.8
AZL_TLW_01,2023-07-13 21:00:00+00:00,0.0,0.0,0.353,0.343,18.8,97,889.3,3.7
AZL_TLW_01,2023-07-13 22:00:00+00:00,0.0,0.0,0.353,0.343,18.5,98,889.3,2.4
AZL_TLW_01,2023-07-13 23:00:00+00:00,0.0,0.0,0.353,0.343,18.3,98,889.4,2.3
AZL_TLW_01,2023-07-14 00:00:00+00:00,0.0,0.0,0.372,0.344,19.7,95,890.4,3.1
AZL_TLW_01,2023-07-14 01:00:00+00:00,0.0,0.0,0.371,0.344,20.6,95,891.0,2.5
AZL_TLW_01,2023-07-14 02:00:00+00:00,0.0,0.0,0.37,0.344,21.5,88,892.0,5.8
AZL_TLW_01,2023-07-14 03:00:00+00:00,0.1,0.1,0.369,0.344,22.1,83,892.6,8.3
AZL_TLW_01,2023-07-14 04:00:00+00:00,0.1,0.1,0.367,0.344,23.8,76,893.1,10.0
AZL_TLW_01,2023-07-14 05:00:00+00:00,0.1,0.1,0.366,0.344,24.7,70,892.5,10.4
AZL_TLW_01,2023-07-14 06:00:00+00:00,0.2,0.2,0.364,0.343,26.2,62,892.0,10.2
AZL_TLW_01,2023-07-14 07:00:00+00:00,0.0,0.0,0.362,0.343,27.1,60,891.4,7.4
AZL_TLW_01,2023-07-14 08:00:00+00:00,1.1,1.1,0.367,0.342,23.5,76,890.0,13.5
AZL_TLW_01,2023-07-14 09:00:00+00:00,0.2,0.2,0.367,0.342,22.3,85,889.1,6.0
AZL_TLW_01,2023-07-14 10:00:00+00:00,0.1,0.1,0.366,0.342,23.1,79,889.1,8.4
AZL_TLW_01,2023-07-14 11:00:00+00:00,0.1,0.1,0.365,0.342,23.2,76,889.1,10.1
AZL_TLW_01,2023-07-14 12:00:00+00:00,1.3,1.3,0.359,0.34,21.8,90,889.6,4.9
AZL_TLW_01,2023-07-14 13:00:00+00:00,0.0,0.0,0.358,0.34,20.8,93,889.6,4.7
AZL_TLW_01,2023-07-14 14:00:00+00:00,0.0,0.0,0.357,0.34,20.5,94,890.6,6.9
AZL_TLW_01,2023-07-14 15:00:00+00:00,0.0,0.0,0.357,0.34,20.3,93,891.1,7.2
AZL_TLW_01,2023-07-14 16:00:00+00:00,0.0,0.0,0.356,0.34,19.8,95,891.8,6.2
AZL_TLW_01,2023-07-14 17:00:00+00:00,0.0,0.0,0.356,0.34,19.5,96,891.7,5.6
AZL_TLW_01,2023-07-14 18:00:00+00:00,0.0,0.0,0.355,0.34,19.2,96,891.1,4.0
AZL_TLW_01,2023-07-14 19:00:00+00:00,0.0,0.0,0.355,0.34,19.8,93,890.7,2.6
AZL_TLW_01,2023-07-14 20:00:00+00:00,0.0,0.0,0.354,0.34,19.8,94,890.2,4.9
AZL_TLW_01,2023-07-14 21:00:00+00:00,0.0,0.0,0.353,0.34,19.6,95,889.9,2.4
AZL_TLW_01,2023-07-14 22:00:00+00:00,0.0,0.0,0.353,0.339,19.3,96,889.5,2.2
AZL_TLW_01,2023-07-14 23:00:00+00:00,0.0,0.0,0.352,0.339,19.3,96,889.7,2.9
AZL_TLW_01,2023-07-15 00:00:00+00:00,0.0,0.0,0.348,0.338,19.5,96,889.6,2.7
AZL_TLW_01,2023-07-15 01:00:00+00:00,0.0,0.0,0.348,0.338,21.3,88,890.9,2.3
AZL_TLW_01,2023-07-15 02:00:00+00:00,0.1,0.1,0.347,0.338,22.9,78,891.8,7.2
AZL_TLW_01,2023-07-15 03:00:00+00:00,0.1,0.1,0.347,0.337,24.5,68,892.3,8.3
AZL_TLW_01,2023-07-15 04:00:00+00:00,0.1,0.1,0.345,0.337,25.9,62,892.7,8.8
AZL_TLW_01,2023-07-15 05:00:00+00:00,0.1,0.1,0.344,0.336,26.9,59,892.5,9.4
AZL_TLW_01,2023-07-15 06:00:00+00:00,0.1,0.1,0.342,0.335,27.8,56,891.7,8.9
AZL_TLW_01,2023-07-15 07:00:00+00:00,0.1,0.1,0.34,0.335,28.3,53,890.6,9.8
AZL_TLW_01,2023-07-15 08:00:00+00:00,0.0,0.0,0.338,0.334,28.9,51,889.5,9.5
AZL_TLW_01,2023-07-15 09:00:00+00:00,0.1,0.1,0.336,0.333,28.0,53,888.7,13.0
AZL_TLW_01,2023-07-15 10:00:00+00:00,1.4,1.4,0.345,0.333,23.9,80,888.0,10.7
AZL_TLW_01,2023-07-15 11:00:00+00:00,0.2,0.2,0.345,0.332,24.3,73,888.6,10.8
AZL_TLW_01,2023-07-15 12:00:00+00:00,0.0,0.0,0.318,0.327,24.6,69,889.3,11.3
AZL_TLW_01,2023-07-15 13:00:00+00:00,0.0,0.0,0.318,0.327,22.4,80,889.4,6.0
AZL_TLW_01,2023-07-15 14:00:00+00:00,0.0,0.0,0.318,0.327,21.5,83,890.2,5.5
AZL_TLW_01,2023-07-15 15:00:00+00:00,0.0,0.0,0.318,0.327,21.0,85,890.4,6.5
AZL_TLW_01,2023-07-15 16:00:00+00:00,0.0,0.0,0.318,0.326,20.5,88,890.6,6.6
AZL_TLW_01,2023-07-15 17:00:00+00:00,0.0,0.0,0.318,0.326,20.1,90,890.7,4.0
AZL_TLW_01,2023-07-15 18:00:00+00:00,0.0,0.0,0.318,0.326,19.8,92,890.2,2.5
AZL_TLW_01,2023-07-15 19:00:00+00:00,0.0,0.0,0.318,0.326,19.6,93,889.7,1.8
AZL_TLW_01,2023-07-15 20:00:00+00:00,0.0,0.0,0.318,0.326,19.4,94,889.1,2.2
AZL_TLW_01,2023-07-15 21:00:00+00:00,0.0,0.0,0.318,0.326,19.1,95,888.9,1.8
AZL_TLW_01,2023-07-15 22:00:00+00:00,0.0,0.0,0.319,0.325,18.6,97,888.4,1.3
AZL_TLW_01,2023-07-15 23:00:00+00:00,0.0,0.0,0.319,0.325,18.3,98,888.4,2.3
AZL_TLW_01,2023-07-16 00:00:00+00:00,0.0,0.0,0.317,0.325,19.4,95,889.1,1.8
AZL_TLW_01,2023-07-16 01:00:00+00:00,0.0,0.0,0.317,0.325,21.6,85,890.4,1.6
AZL_TLW_01,2023-07-16 02:00:00+00:00,0.0,0.0,0.316,0.324,23.3,74,891.1,1.9
AZL_TLW_01,2023-07-16 03:00:00+00:00,0.0,0.0,0.315,0.324,25.2,63,891.6,6.5
AZL_TLW_01,2023-07-16 04:00:00+00:00,0.1,0.1,0.315,0.323,26.5,57,891.8,5.8
AZL_TLW_01,2023-07-16 05:00:00+00:00,0.1,0.1,0.313,0.322,27.6,52,891.4,4.9
AZL_TLW_01,2023-07-16 06:00:00+00:00,0.2,0.2,0.313,0.321,28.6,48,890.8,4.0
AZL_TLW_01,2023-07-16 07:00:00+00:00,0.3,0.3,0.313,0.321,29.0,47,889.9,4.6
AZL_TLW_01,2023-07-16 08:00:00+00:00,0.4,0.4,0.314,0.32,28.4,50,889.2,5.6
AZL_TLW_01,2023-07-16 09:00:00+00:00,0.1,0.1,0.314,0.319,27.3,53,888.5,6.0
AZL_TLW_01,2023-07-16 10:00:00+00:00,0.0,0.0,0.313,0.319,27.2,55,888.1,4.8
AZL_TLW_01,2023-07-16 11:00:00+00:00,0.1,0.1,0.313,0.318,26.5,59,888.2,6.7
AZL_TLW_01,2023-07-16 12:00:00+00:00,0.0,0.0,0.303,0.322,24.0,75,888.5,3.9
AZL_TLW_01,2023-07-16 13:00:00+00:00,0.0,0.0,0.303,0.322,22.7,84,888.4,2.3
AZL_TLW_01,2023-07-16 14:00:00+00:00,0.1,0.1,0.304,0.321,21.9,89,889.0,1.1
AZL_TLW_01,2023-07-16 15:00:00+00:00,0.0,0.0,0.305,0.321,21.6,90,889.7,2.1
AZL_TLW_01,2023-07-16 16:00:00+00:00,0.0,0.0,0.305,0.321,21.1,92,890.1,2.6
AZL_TLW_01,2023-07-16 17:00:00+00:00,0.0,0.0,0.305,0.321,21.0,92,890.2,3.2
AZL_TLW_01,2023-07-16 18:00:00+00:00,0.0,0.0,0.305,0.321,20.3,95,889.5,1.8
AZL_TLW_01,2023-07-16 19:00:00+00:00,0.0,0.0,0.305,0.32,20.5,93,889.0,2.6
AZL_TLW_01,2023-07-16 20:00:00+00:00,0.0,0.0,0.306,0.32,20.3,94,888.6,3.1
AZL_TLW_01,2023-07-16 21:00:00+00:00,0.0,0.0,0.306,0.32,19.9,95,888.0,1.8
AZL_TLW_01,2023-07-16 22:00:00+00:00,0.0,0.0,0.306,0.32,19.3,98,887.6,1.0
AZL_TLW_01,2023-07-16 23:00:00+00:00,0.0,0.0,0.306,0.32,19.0,98,887.5,1.3
AZL_TLW_01,2023-07-17 00:00:00+00:00,0.0,0.0,0.305,0.32,20.2,93,888.3,2.4
AZL_TLW_01,2023-07-17 01:00:00+00:00,0.0,0.0,0.305,0.32,21.8,83,889.3,2.7
AZL_TLW_01,2023-07-17 02:00:00+00:00,0.0,0.0,0.305,0.319,23.2,75,890.2,3.3
AZL_TLW_01,2023-07-17 03:00:00+00:00,0.0,0.0,0.304,0.319,23.4,74,890.3,5.0
AZL_TLW_01,2023-07-17 04:00:00+00:00,0.1,0.1,0.304,0.318,25.1,66,890.4,5.9
AZL_TLW_01,2023-07-17 05:00:00+00:00,0.1,0.1,0.303,0.317,26.2,64,890.1,5.8
AZL_TLW_01,2023-07-17 06:00:00+00:00,0.0,0.0,0.302,0.317,27.6,60,889.7,5.7
AZL_TLW_01,2023-07-17 07:00:00+00:00,0.0,0.0,0.3,0.316,28.3,56,889.1,7.6
AZL_TLW_01,2023-07-17 08:00:00+00:00,0.0,0.0,0.299,0.315,28.2,56,888.2,5.9
AZL_TLW_01,2023-07-17 09:00:00+00:00,3.1,3.1,0.326,0.315,23.1,86,887.1,6.2
AZL_TLW_01,2023-07-17 10:00:00+00:00,0.4,0.4,0.329,0.315,21.8,94,886.1,1.8
AZL_TLW_01,2023-07-17 11:00:00+00:00,0.3,0.3,0.331,0.315,21.9,92,885.9,2.3
AZL_TLW_01,2023-07-17 12:00:00+00:00,0.1,0.1,0.315,0.315,22.8,90,886.6,1.8
AZL_TLW_01,2023-07-17 13:00:00+00:00,0.0,0.0,0.315,0.315,21.7,98,886.8,0.5
AZL_TLW_01,2023-07-17 14:00:00+00:00,0.0,0.0,0.315,0.315,20.8,100,886.9,3.1
AZL_TLW_01,2023-07-17 15:00:00+00:00,0.0,0.0,0.315,0.315,21.2,100,888.0,1.9
AZL_TLW_01,2023-07-17 16:00:00+00:00,0.0,0.0,0.315,0.315,20.2,100,888.3,1.8
AZL_TLW_01,2023-07-17 17:00:00+00:00,0.0,0.0,0.315,0.315,20.4,100,888.7,2.3
AZL_TLW_01,2023-07-17 18:00:00+00:00,0.0,0.0,0.315,0.314,20.1,100,888.6,2.4
AZL_TLW_01,2023-07-17 19:00:00+00:00,0.0,0.0,0.315,0.314,19.9,100,888.1,3.4
AZL_TLW_01,2023-07-17 20:00:00+00:00,0.0,0.0,0.315,0.314,19.8,100,887.9,4.0
AZL_TLW_01,2023-07-17 21:00:00+00:00,0.0,0.0,0.315,0.314,19.7,98,887.5,1.5
AZL_TLW_01,2023-07-17 22:00:00+00:00,0.0,0.0,0.315,0.314,19.3,99,887.3,2.3
AZL_TLW_01,2023-07-17 23:00:00+00:00,0.0,0.0,0.315,0.314,19.2,99,887.4,2.0
AZL_TLW_01,2023-07-18 00:00:00+00:00,0.0,0.0,0.314,0.313,19.8,98,888.3,2.5
AZL_TLW_01,2023-07-18 01:00:00+00:00,0.0,0.0,0.314,0.313,21.7,90,889.2,1.0
AZL_TLW_01,2023-07-18 02:00:00+00:00,0.0,0.0,0.313,0.313,23.9,79,889.8,0.8
AZL_TLW_01,2023-07-18 03:00:00+00:00,0.0,0.0,0.312,0.312,26.2,65,890.2,3.2
AZL_TLW_01,2023-07-18 04:00:00+00:00,0.0,0.0,0.31,0.311,27.8,59,890.4,2.6
AZL_TLW_01,2023-07-18 05:00:00+00:00,0.0,0.0,0.308,0.311,29.0,55,890.1,2.4
AZL_TLW_01,2023-07-18 06:00:00+00:00,0.0,0.0,0.306,0.31,29.8,53,889.6,3.1
AZL_TLW_01,2023-07-18 07:00:00+00:00,0.0,0.0,0.305,0.309,30.5,50,888.7,3.7
AZL_TLW_01,2023-07-18 08:00:00+00:00,0.1,0.1,0.304,0.309,28.2,56,887.7,5.2
AZL_TLW_01,2023-07-18 09:00:00+00:00,7.2,7.2,0.381,0.309,23.6,88,886.3,1.1
AZL_TLW_01,2023-07-18 10:00:00+00:00,0.0,0.0,0.377,0.31,23.9,82,885.8,3.7
AZL_TLW_01,2023-07-18 11:00:00+00:00,0.0,0.0,0.373,0.311,24.3,80,885.6,4.2
AZL_TLW_01,2023-07-18 12:00:00+00:00,0.0,0.0,0.378,0.314,23.4,93,885.9,3.6
AZL_TLW_01,2023-07-18 13:00:00+00:00,0.0,0.0,0.375,0.315,21.8,98,886.2,3.4
AZL_TLW_01,2023-07-18 14:00:00+00:00,0.0,0.0,0.372,0.316,21.6,98,886.9,2.9
AZL_TLW_01,2023-07-18 15:00:00+00:00,0.9,0.9,0.376,0.317,21.3,97,888.1,7.2
AZL_TLW_01,2023-07-18 16:00:00+00:00,0.1,0.1,0.374,0.318,20.8,98,888.3,2.1
AZL_TLW_01,2023-07-18 17:00:00+00:00,0.0,0.0,0.371,0.319,20.6,98,888.6,3.1
AZL_TLW_01,2023-07-18 18:00:00+00:00,0.0,0.0,0.369,0.319,20.0,98,888.2,2.8
AZL_TLW_01,2023-07-18 19:00:00+00:00,0.0,0.0,0.367,0.32,19.5,99,887.4,3.4
AZL_TLW_01,2023-07-18 20:00:00+00:00,0.0,0.0,0.365,0.321,20.1,99,887.1,1.8
AZL_TLW_01,2023-07-18 21:00:00+00:00,0.0,0.0,0.363,0.321,19.9,100,886.9,1.4
AZL_TLW_01,2023-07-18 22:00:00+00:00,0.0,0.0,0.362,0.321,19.6,100,886.6,1.8
AZL_TLW_01,2023-07-18 23:00:00+00:00,0.0,0.0,0.36,0.322,18.6,100,886.3,2.5
AZL_TLW_01,2023-07-19 00:00:00+00:00,0.0,0.0,0.37,0.342,19.9,100,887.1,2.5
AZL_TLW_01,2023-07-19 01:00:00+00:00,0.0,0.0,0.368,0.343,21.7,92,888.4,2.1
AZL_TLW_01,2023-07-19 02:00:00+00:00,0.0,0.0,0.367,0.343,23.4,84,889.0,1.1
AZL_TLW_01,2023-07-19 03:00:00+00:00,0.1,0.1,0.365,0.342,25.4,73,889.4,3.1
AZL_TLW_01,2023-07-19 04:00:00+00:00,0.0,0.0,0.363,0.342,26.9,66,889.5,2.7
AZL_TLW_01,2023-07-19 05:00:00+00:00,0.0,0.0,0.359,0.341,28.6,60,889.2,4.5
AZL_TLW_01,2023-07-19 06:00:00+00:00,0.0,0.0,0.357,0.34,29.4,58,888.8,4.8
AZL_TLW_01,2023-07-19 07:00:00+00:00,0.0,0.0,0.354,0.34,29.7,57,887.6,4.6
AZL_TLW_01,2023-07-19 08:00:00+00:00,0.5,0.5,0.355,0.339,27.7,65,886.5,6.7
AZL_TLW_01,2023-07-19 09:00:00+00:00,1.5,1.5,0.364,0.339,23.7,90,885.4,6.0
AZL_TLW_01,2023-07-19 10:00:00+00:00,0.1,0.1,0.363,0.339,24.2,84,885.2,3.6
AZL_TLW_01,2023-07-19 11:00:00+00:00,0.0,0.0,0.362,0.339,24.2,84,885.4,3.8
AZL_TLW_01,2023-07-19 12:00:00+00:00,1.5,1.5,0.367,0.34,22.9,90,885.9,4.3
AZL_TLW_01,2023-07-19 13:00:00+00:00,0.0,0.0,0.366,0.34,21.7,97,886.3,3.8
AZL_TLW_01,2023-07-19 14:00:00+00:00,0.0,0.0,0.365,0.34,21.2,97,886.6,2.6
AZL_TLW_01,2023-07-19 15:00:00+00:00,0.0,0.0,0.364,0.34,20.6,98,887.2,3.6
AZL_TLW_01,2023-07-19 16:00:00+00:00,0.0,0.0,0.363,0.34,20.5,98,888.0,2.9
AZL_TLW_01,2023-07-19 17:00:00+00:00,0.0,0.0,0.362,0.34,20.5,98,888.1,2.7
AZL_TLW_01,2023-07-19 18:00:00+00:00,0.0,0.0,0.361,0.34,20.4,98,887.8,3.8
AZL_TLW_01,2023-07-19 19:00:00+00:00,0.0,0.0,0.36,0.34,20.0,98,886.9,3.7
AZL_TLW_01,2023-07-19 20:00:00+00:00,0.0,0.0,0.359,0.341,19.6,98,886.5,2.9
AZL_TLW_01,2023-07-19 21:00:00+00:00,0.0,0.0,0.359,0.341,19.3,98,886.6,2.9
AZL_TLW_01,2023-07-19 22:00:00+00:00,0.0,0.0,0.358,0.341,19.7,98,886.4,2.9
AZL_TLW_01,2023-07-19 23:00:00+00:00,0.0,0.0,0.357,0.341,19.9,98,886.8,1.8
AZL_TLW_01,2023-07-20 00:00:00+00:00,0.0,0.0,0.354,0.341,20.0,99,887.2,3.4
AZL_TLW_01,2023-07-20 01:00:00+00:00,0.0,0.0,0.353,0.34,22.2,88,888.3,1.5
AZL_TLW_01,2023-07-20 02:00:00+00:00,0.0,0.0,0.352,0.34,23.7,81,888.9,3.4
AZL_TLW_01,2023-07-20 03:00:00+00:00,0.1,0.1,0.351,0.34,25.5,71,889.4,5.5
AZL_TLW_01,2023-07-20 04:00:00+00:00,0.1,0.1,0.349,0.339,27.2,65,889.8,5.1
AZL_TLW_01,2023-07-20 05:00:00+00:00,0.0,0.0,0.347,0.338,28.6,60,889.5,3.9
AZL_TLW_01,2023-07-20 06:00:00+00:00,0.0,0.0,0.344,0.337,29.9,55,888.8,3.4
AZL_TLW_01,2023-07-20 07:00:00+00:00,0.0,0.0,0.342,0.337,30.7,52,887.5,2.7
AZL_TLW_01,2023-07-20 08:00:00+00:00,0.1,0.1,0.341,0.336,27.5,62,886.7,2.6
AZL_TLW_01,2023-07-20 09:00:00+00:00,18.2,18.2,0.42,0.359,23.2,98,886.3,3.1
AZL_TLW_01,2023-07-20 10:00:00+00:00,0.9,0.9,0.416,0.362,21.9,100,885.7,4.2
AZL_TLW_01,2023-07-20 11:00:00+00:00,8.4,8.4,0.42,0.381,21.4,100,885.5,4.0
AZL_TLW_01,2023-07-20 12:00:00+00:00,0.2,0.2,0.399,0.363,22.1,97,886.2,2.2
AZL_TLW_01,2023-07-20 13:00:00+00:00,0.0,0.0,0.396,0.364,21.3,98,886.8,2.9
AZL_TLW_01,2023-07-20 14:00:00+00:00,0.0,0.0,0.393,0.364,21.1,98,887.7,2.5
AZL_TLW_01,2023-07-20 15:00:00+00:00,0.3,0.3,0.393,0.365,21.3,98,888.7,3.3
AZL_TLW_01,2023-07-20 16:00:00+00:00,0.8,0.8,0.398,0.365,20.5,99,889.3,0.8
AZL_TLW_01,2023-07-20 17:00:00+00:00,0.9,0.9,0.403,0.366,20.7,99,889.1,2.0
AZL_TLW_01,2023-07-20 18:00:00+00:00,0.0,0.0,0.399,0.367,20.0,100,888.8,2.7
AZL_TLW_01,2023-07-20 19:00:00+00:00,0.2,0.2,0.399,0.368,20.3,100,888.6,1.4
AZL_TLW_01,2023-07-20 20:00:00+00:00,0.2,0.2,0.398,0.368,19.9,100,887.9,2.5
AZL_TLW_01,2023-07-20 21:00:00+00:00,0.1,0.1,0.396,0.369,19.7,100,888.0,2.4
AZL_TLW_01,2023-07-20 22:00:00+00:00,0.0,0.0,0.394,0.369,19.5,100,888.0,2.7
AZL_TLW_01,2023-07-20 23:00:00+00:00,0.0,0.0,0.392,0.37,19.6,100,888.5,2.2
AZL_TLW_01,2023-07-21 00:00:00+00:00,0.0,0.0,0.385,0.372,20.4,97,889.3,4.1
AZL_TLW_01,2023-07-21 01:00:00+00:00,0.0,0.0,0.384,0.371,21.5,96,890.6,1.3
AZL_TLW_01,2023-07-21 02:00:00+00:00,0.0,0.0,0.383,0.371,22.5,90,891.3,2.1
AZL_TLW_01,2023-07-21 03:00:00+00:00,0.1,0.1,0.382,0.371,23.7,84,891.8,1.9
AZL_TLW_01,2023-07-21 04:00:00+00:00,0.2,0.2,0.381,0.37,25.0,78,892.1,3.0
AZL_TLW_01,2023-07-21 05:00:00+00:00,0.3,0.3,0.38,0.369,25.5,75,891.8,3.3
AZL_TLW_01,2023-07-21 06:00:00+00:00,0.1,0.1,0.379,0.369,26.6,70,891.3,3.9
AZL_TLW_01,2023-07-21 07:00:00+00:00,0.1,0.1,0.377,0.368,27.2,66,890.9,3.1
AZL_TLW_01,2023-07-21 08:00:00+00:00,2.1,2.1,0.391,0.368,23.7,90,889.7,0.4
AZL_TLW_01,2023-07-21 09:00:00+00:00,6.0,6.0,0.42,0.378,22.7,91,889.2,1.1
AZL_TLW_01,2023-07-21 10:00:00+00:00,0.7,0.7,0.416,0.381,22.7,99,889.2,4.4
AZL_TLW_01,2023-07-21 11:00:00+00:00,0.2,0.2,0.411,0.382,22.4,90,889.4,5.4
AZL_TLW_01,2023-07-21 12:00:00+00:00,0.2,0.2,0.403,0.381,22.5,93,890.5,4.5
AZL_TLW_01,2023-07-21 13:00:00+00:00,0.0,0.0,0.401,0.382,21.6,96,890.9,3.2
AZL_TLW_01,2023-07-21 14:00:00+00:00,0.0,0.0,0.399,0.382,21.1,97,891.4,2.5
AZL_TLW_01,2023-07-21 15:00:00+00:00,0.0,0.0,0.397,0.382,20.9,97,892.4,2.7
AZL_TLW_01,2023-07-21 16:00:00+00:00,0.0,0.0,0.395,0.381,21.3,95,893.2,1.9
AZL_TLW_01,2023-07-21 17:00:00+00:00,0.0,0.0,0.394,0.381,20.3,98,892.9,2.6
AZL_TLW_01,2023-07-21 18:00:00+00:00,0.0,0.0,0.393,0.381,20.0,98,892.6,2.1
AZL_TLW_01,2023-07-21 19:00:00+00:00,0.0,0.0,0.391,0.381,20.0,98,892.1,1.1
AZL_TLW_01,2023-07-21 20:00:00+00:00,0.0,0.0,0.39,0.38,19.6,99,891.3,2.6
AZL_TLW_01,2023-07-21 21:00:00+00:00,0.0,0.0,0.389,0.38,19.2,100,890.9,3.9
AZL_TLW_01,2023-07-21 22:00:00+00:00,0.0,0.0,0.388,0.38,19.7,99,891.2,2.7
AZL_TLW_01,2023-07-21 23:00:00+00:00,0.0,0.0,0.387,0.379,19.1,100,891.7,3.3
AZL_TLW_01,2023-07-22 00:00:00+00:00,0.1,0.1,0.386,0.378,20.1,100,892.5,2.4
AZL_TLW_01,2023-07-22 01:00:00+00:00,0.0,0.0,0.386,0.378,21.5,92,893.8,3.1
AZL_TLW_01,2023-07-22 02:00:00+00:00,0.0,0.0,0.385,0.377,22.7,88,894.4,2.2
AZL_TLW_01,2023-07-22 03:00:00+00:00,0.1,0.1,0.384,0.377,23.9,83,894.6,2.9
AZL_TLW_01,2023-07-22 04:00:00+00:00,0.1,0.1,0.382,0.376,25.5,75,895.0,5.5
AZL_TLW_01,2023-07-22 05:00:00+00:00,0.1,0.1,0.38,0.375,26.9,67,894.9,4.1
AZL_TLW_01,2023-07-22 06:00:00+00:00,0.0,0.0,0.377,0.374,28.5,61,894.6,4.4
AZL_TLW_01,2023-07-22 07:00:00+00:00,0.0,0.0,0.375,0.372,29.3,56,893.8,2.3
AZL_TLW_01,2023-07-22 08:00:00+00:00,0.3,0.3,0.374,0.371,28.5,58,892.6,7.1
AZL_TLW_01,2023-07-22 09:00:00+00:00,1.9,1.9,0.387,0.371,25.1,76,891.9,0.4
AZL_TLW_01,2023-07-22 10:00:00+00:00,0.0,0.0,0.386,0.37,24.3,85,891.5,0.8
AZL_TLW_01,2023-07-22 11:00:00+00:00,0.1,0.1,0.385,0.37,23.6,86,891.2,2.6
AZL_TLW_01,2023-07-22 12:00:00+00:00,0.1,0.1,0.373,0.368,22.9,92,892.0,1.5
AZL_TLW_01,2023-07-22 13:00:00+00:00,0.0,0.0,0.373,0.367,21.9,97,892.5,1.5
AZL_TLW_01,2023-07-22 14:00:00+00:00,0.0,0.0,0.372,0.367,21.7,98,893.2,2.7
AZL_TLW_01,2023-07-22 15:00:00+00:00,0.0,0.0,0.372,0.367,21.3,99,893.4,1.8
AZL_TLW_01,2023-07-22 16:00:00+00:00,0.0,0.0,0.371,0.366,21.0,100,893.7,1.8
AZL_TLW_01,2023-07-22 17:00:00+00:00,0.0,0.0,0.371,0.366,20.8,100,893.9,4.3
AZL_TLW_01,2023-07-22 18:00:00+00:00,0.0,0.0,0.371,0.366,20.5,100,893.5,4.1
AZL_TLW_01,2023-07-22 19:00:00+00:00,0.0,0.0,0.37,0.366,19.9,100,893.0,2.1
AZL_TLW_01,2023-07-22 20:00:00+00:00,0.8,0.8,0.375,0.365,19.6,100,892.9,1.1
AZL_TLW_01,2023-07-22 21:00:00+00:00,6.1,6.1,0.419,0.371,19.5,100,892.8,3.2
AZL_TLW_01,2023-07-22 22:00:00+00:00,2.2,2.2,0.43,0.375,19.4,100,892.9,3.9
AZL_TLW_01,2023-07-22 23:00:00+00:00,3.0,3.0,0.416,0.386,19.3,100,892.8,5.3
AZL_TLW_01,2023-07-23 00:00:00+00:00,0.1,0.1,0.389,0.367,19.5,99,893.0,3.6
AZL_TLW_01,2023-07-23 01:00:00+00:00,0.0,0.0,0.388,0.367,20.6,95,893.9,2.7
AZL_TLW_01,2023-07-23 02:00:00+00:00,0.0,0.0,0.386,0.367,22.0,88,894.4,3.3
AZL_TLW_01,2023-07-23 03:00:00+00:00,0.0,0.0,0.384,0.367,24.1,78,894.4,2.9
AZL_TLW_01,2023-07-23 04:00:00+00:00,0.0,0.0,0.381,0.367,25.7,72,895.0,2.3
AZL_TLW_01,2023-07-23 05:00:00+00:00,0.0,0.0,0.379,0.366,27.3,65,895.2,3.1
AZL_TLW_01,2023-07-23 06:00:00+00:00,0.0,0.0,0.376,0.365,28.3,60,894.1,4.0
AZL_TLW_01,2023-07-23 07:00:00+00:00,0.0,0.0,0.372,0.364,29.3,56,893.1,4.0
AZL_TLW_01,2023-07-23 08:00:00+00:00,0.0,0.0,0.37,0.363,29.0,56,891.9,5.6
AZL_TLW_01,2023-07-23 09:00:00+00:00,0.6,0.6,0.372,0.362,24.7,77,890.8,6.8
AZL_TLW_01,2023-07-23 10:00:00+00:00,0.4,0.4,0.373,0.362,24.5,78,890.3,5.4
AZL_TLW_01,2023-07-23 11:00:00+00:00,0.1,0.1,0.373,0.362,23.8,85,890.2,4.3
AZL_TLW_01,2023-07-23 12:00:00+00:00,0.0,0.0,0.368,0.362,22.6,95,890.4,2.3
AZL_TLW_01,2023-07-23 13:00:00+00:00,0.1,0.1,0.368,0.362,21.7,98,890.5,2.1
AZL_TLW_01,2023-07-23 14:00:00+00:00,0.1,0.1,0.368,0.361,21.4,99,891.1,2.5
AZL_TLW_01,2023-07-23 15:00:00+00:00,0.0,0.0,0.368,0.361,21.6,99,891.6,2.4
AZL_TLW_01,2023-07-23 16:00:00+00:00,0.0,0.0,0.368,0.361,21.0,99,891.8,2.9
AZL_TLW_01,2023-07-23 17:00:00+00:00,1.2,1.2,0.378,0.361,20.3,95,892.2,2.3
AZL_TLW_01,2023-07-23 18:00:00+00:00,1.1,1.1,0.389,0.361,20.1,100,891.7,3.1
AZL_TLW_01,2023-07-23 19:00:00+00:00,2.6,2.6,0.417,0.362,19.6,100,891.1,2.3
AZL_TLW_01,2023-07-23 20:00:00+00:00,2.2,2.2,0.415,0.37,19.3,100,890.4,3.0
AZL_TLW_01,2023-07-23 21:00:00+00:00,9.6,9.6,0.43,0.39,18.8,100,890.4,1.6
AZL_TLW_01,2023-07-23 22:00:00+00:00,3.9,3.9,0.422,0.403,18.8,100,890.3,4.7
AZL_TLW_01,2023-07-23 23:00:00+00:00,0.2,0.2,0.419,0.403,18.7,100,890.4,2.8
AZL_TLW_01,2023-07-24 00:00:00+00:00,0.3,0.3,0.403,0.366,19.3,99,890.7,3.6
AZL_TLW_01,2023-07-24 01:00:00+00:00,0.1,0.1,0.4,0.367,20.4,95,891.9,2.3
AZL_TLW_01,2023-07-24 02:00:00+00:00,0.0,0.0,0.396,0.367,20.9,93,892.3,2.3
AZL_TLW_01,2023-07-24 03:00:00+00:00,0.0,0.0,0.393,0.368,21.4,90,892.1,3.4
AZL_TLW_01,2023-07-24 04:00:00+00:00,0.0,0.0,0.39,0.368,23.9,76,892.6,1.3
AZL_TLW_01,2023-07-24 05:00:00+00:00,0.0,0.0,0.387,0.367,25.4,69,892.4,3.9
AZL_TLW_01,2023-07-24 06:00:00+00:00,0.0,0.0,0.384,0.367,26.4,66,891.5,6.3
AZL_TLW_01,2023-07-24 07:00:00+00:00,0.0,0.0,0.38,0.366,27.1,64,890.8,8.1
AZL_TLW_01,2023-07-24 08:00:00+00:00,0.0,0.0,0.377,0.365,27.4,63,890.2,8.4
AZL_TLW_01,2023-07-24 09:00:00+00:00,0.3,0.3,0.376,0.364,27.2,64,889.6,9.5
AZL_TLW_01,2023-07-24 10:00:00+00:00,0.0,0.0,0.374,0.364,26.6,66,889.1,8.7
AZL_TLW_01,2023-07-24 11:00:00+00:00,0.0,0.0,0.372,0.363,25.6,70,888.8,1.8
AZL_TLW_01,2023-07-24 12:00:00+00:00,0.0,0.0,0.368,0.361,23.3,89,889.2,1.5
AZL_TLW_01,2023-07-24 13:00:00+00:00,0.0,0.0,0.367,0.36,22.1,96,889.1,1.8
AZL_TLW_01,2023-07-24 14:00:00+00:00,0.0,0.0,0.367,0.36,21.7,98,889.7,2.9
AZL_TLW_01,2023-07-24 15:00:00+00:00,0.0,0.0,0.366,0.36,21.4,99,890.2,2.7
AZL_TLW_01,2023-07-24 16:00:00+00:00,0.0,0.0,0.366,0.36,21.1,100,891.0,4.1
AZL_TLW_01,2023-07-24 17:00:00+00:00,2.9,2.9,0.391,0.36,20.5,98,890.9,2.5
AZL_TLW_01,2023-07-24 18:00:00+00:00,0.0,0.0,0.389,0.361,20.1,100,890.8,3.8
AZL_TLW_01,2023-07-24 19:00:00+00:00,0.0,0.0,0.387,0.361,19.8,100,890.4,2.6
AZL_TLW_01,2023-07-24 20:00:00+00:00,0.0,0.0,0.385,0.361,19.7,100,890.0,4.3
AZL_TLW_01,2023-07-24 21:00:00+00:00,0.0,0.0,0.383,0.362,19.5,100,889.6,2.3
AZL_TLW_01,2023-07-24 22:00:00+00:00,0.0,0.0,0.382,0.362,19.5,100,889.8,2.5
AZL_TLW_01,2023-07-24 23:00:00+00:00,0.0,0.0,0.381,0.362,19.4,100,890.2,1.9
AZL_TLW_01,2023-07-25 00:00:00+00:00,0.0,0.0,0.365,0.358,19.7,99,890.8,0.4
AZL_TLW_01,2023-07-25 01:00:00+00:00,0.0,0.0,0.365,0.358,21.0,93,891.4,1.8
AZL_TLW_01,2023-07-25 02:00:00+00:00,0.0,0.0,0.365,0.358,22.4,87,892.3,3.8
AZL_TLW_01,2023-07-25 03:00:00+00:00,0.1,0.1,0.364,0.357,23.9,80,892.6,5.1
AZL_TLW_01,2023-07-25 04:00:00+00:00,0.0,0.0,0.362,0.356,25.6,72,892.7,4.0
AZL_TLW_01,2023-07-25 05:00:00+00:00,0.0,0.0,0.36,0.356,27.4,64,892.5,4.7
AZL_TLW_01,2023-07-25 06:00:00+00:00,0.1,0.1,0.358,0.355,28.3,61,892.1,2.7
AZL_TLW_01,2023-07-25 07:00:00+00:00,0.1,0.1,0.357,0.354,28.8,58,891.0,4.0
AZL_TLW_01,2023-07-25 08:00:00+00:00,0.0,0.0,0.355,0.353,29.4,54,890.5,3.3
AZL_TLW_01,2023-07-25 09:00:00+00:00,0.3,0.3,0.355,0.352,25.1,70,889.5,2.6
AZL_TLW_01,2023-07-25 10:00:00+00:00,0.6,0.6,0.359,0.352,23.1,86,889.2,6.6
AZL_TLW_01,2023-07-25 11:00:00+00:00,0.2,0.2,0.359,0.351,22.7,87,888.8,6.2
AZL_TLW_01,2023-07-25 12:00:00+00:00,0.0,0.0,0.364,0.349,22.1,96,889.7,1.9
AZL_TLW_01,2023-07-25 13:00:00+00:00,1.0,1.0,0.373,0.349,21.3,98,890.2,4.6
AZL_TLW_01,2023-07-25 14:00:00+00:00,0.8,0.8,0.38,0.35,20.8,98,890.7,7.9
AZL_TLW_01,2023-07-25 15:00:00+00:00,7.4,7.4,0.43,0.36,19.9,100,891.1,5.8
AZL_TLW_01,2023-07-25 16:00:00+00:00,1.2,1.2,0.415,0.37,19.7,100,891.3,5.2
AZL_TLW_01,2023-07-25 17:00:00+00:00,0.6,0.6,0.413,0.372,19.8,100,891.5,2.5
AZL_TLW_01,2023-07-25 18:00:00+00:00,2.9,2.9,0.429,0.378,19.9,100,891.5,2.3
AZL_TLW_01,2023-07-25 19:00:00+00:00,5.9,5.9,0.43,0.399,19.7,100,891.0,3.9
AZL_TLW_01,2023-07-25 20:00:00+00:00,7.2,7.2,0.43,0.414,19.7,100,890.5,3.2
AZL_TLW_01,2023-07-25 21:00:00+00:00,5.2,5.2,0.43,0.421,19.6,100,890.4,2.4
AZL_TLW_01,2023-07-25 22:00:00+00:00,2.0,2.0,0.428,0.423,19.6,100,889.9,2.6
AZL_TLW_01,2023-07-25 23:00:00+00:00,0.1,0.1,0.424,0.42,19.7,98,890.3,2.4
AZL_TLW_01,2023-07-26 00:00:00+00:00,0.0,0.0,0.362,0.349,19.5,100,891.0,3.2
AZL_TLW_01,2023-07-26 01:00:00+00:00,0.0,0.0,0.361,0.349,21.2,95,892.0,1.8
AZL_TLW_01,2023-07-26 02:00:00+00:00,0.0,0.0,0.361,0.349,22.5,88,892.9,1.0
AZL_TLW_01,2023-07-26 03:00:00+00:00,0.0,0.0,0.359,0.349,24.0,78,893.4,1.4
AZL_TLW_01,2023-07-26 04:00:00+00:00,0.0,0.0,0.357,0.348,25.7,64,893.8,6.9
AZL_TLW_01,2023-07-26 05:00:00+00:00,0.0,0.0,0.355,0.347,27.2,57,893.4,7.9
AZL_TLW_01,2023-07-26 06:00:00+00:00,0.1,0.1,0.353,0.346,28.4,52,892.8,7.0
AZL_TLW_01,2023-07-26 07:00:00+00:00,0.2,0.2,0.352,0.345,29.1,49,892.0,7.0
AZL_TLW_01,2023-07-26 08:00:00+00:00,0.3,0.3,0.351,0.345,29.2,49,891.2,8.2
AZL_TLW_01,2023-07-26 09:00:00+00:00,0.2,0.2,0.35,0.344,27.7,54,890.5,13.2
AZL_TLW_01,2023-07-26 10:00:00+00:00,0.1,0.1,0.349,0.343,25.6,70,890.1,8.5
AZL_TLW_01,2023-07-26 11:00:00+00:00,6.8,6.8,0.416,0.344,21.8,89,889.8,11.4
AZL_TLW_01,2023-07-26 12:00:00+00:00,0.1,0.1,0.355,0.342,21.8,91,890.9,6.0
AZL_TLW_01,2023-07-26 13:00:00+00:00,0.1,0.1,0.355,0.342,21.0,94,891.3,4.8
AZL_TLW_01,2023-07-26 14:00:00+00:00,0.0,0.0,0.354,0.342,20.5,97,891.6,2.7
AZL_TLW_01,2023-07-26 15:00:00+00:00,0.0,0.0,0.354,0.342,20.4,98,892.2,3.7
AZL_TLW_01,2023-07-26 16:00:00+00:00,0.0,0.0,0.354,0.342,20.2,97,892.2,4.7
AZL_TLW_01,2023-07-26 17:00:00+00:00,0.0,0.0,0.353,0.342,19.9,97,892.1,3.8
AZL_TLW_01,2023-07-26 18:00:00+00:00,0.0,0.0,0.353,0.342,19.7,97,891.6,3.4
AZL_TLW_01,2023-07-26 19:00:00+00:00,0.0,0.0,0.352,0.342,19.4,97,890.9,3.1
AZL_TLW_01,2023-07-26 20:00:00+00:00,0.0,0.0,0.352,0.342,19.2,98,890.5,3.4
AZL_TLW_01,2023-07-26 21:00:00+00:00,0.0,0.0,0.351,0.342,18.8,98,890.3,2.8
AZL_TLW_01,2023-07-26 22:00:00+00:00,0.0,0.0,0.351,0.342,18.5,99,889.8,2.6
AZL_TLW_01,2023-07-26 23:00:00+00:00,0.0,0.0,0.351,0.342,18.1,99,890.0,2.5
AZL_TLW_01,2023-07-27 00:00:00+00:00,0.0,0.0,0.348,0.342,19.4,97,890.9,4.8
AZL_TLW_01,2023-07-27 01:00:00+00:00,0.0,0.0,0.348,0.341,21.4,89,892.1,2.8
AZL_TLW_01,2023-07-27 02:00:00+00:00,0.0,0.0,0.347,0.341,22.6,85,892.9,3.7
AZL_TLW_01,2023-07-27 03:00:00+00:00,0.1,0.1,0.347,0.341,24.2,71,893.2,9.8
AZL_TLW_01,2023-07-27 04:00:00+00:00,0.1,0.1,0.345,0.34,26.1,62,893.3,11.6
AZL_TLW_01,2023-07-27 05:00:00+00:00,0.2,0.2,0.344,0.339,26.8,58,892.8,12.1
AZL_TLW_01,2023-07-27 06:00:00+00:00,0.6,0.6,0.347,0.339,27.1,59,892.0,12.4
AZL_TLW_01,2023-07-27 07:00:00+00:00,0.3,0.3,0.346,0.338,27.6,59,891.0,10.6
AZL_TLW_01,2023-07-27 08:00:00+00:00,0.2,0.2,0.346,0.337,27.1,62,890.3,13.6
AZL_TLW_01,2023-07-27 09:00:00+00:00,3.7,3.7,0.378,0.338,24.3,79,889.6,7.7
AZL_TLW_01,2023-07-27 10:00:00+00:00,0.6,0.6,0.379,0.338,23.6,82,889.1,7.8
AZL_TLW_01,2023-07-27 11:00:00+00:00,0.2,0.2,0.378,0.339,22.6,85,888.7,10.7
AZL_TLW_01,2023-07-27 12:00:00+00:00,0.0,0.0,0.342,0.334,21.8,91,889.4,5.4
AZL_TLW_01,2023-07-27 13:00:00+00:00,0.0,0.0,0.342,0.334,21.2,95,889.5,5.4
AZL_TLW_01,2023-07-27 14:00:00+00:00,0.0,0.0,0.342,0.334,20.8,96,889.8,5.4
AZL_TLW_01,2023-07-27 15:00:00+00:00,0.0,0.0,0.342,0.334,20.5,96,890.4,5.1
AZL_TLW_01,2023-07-27 16:00:00+00:00,0.0,0.0,0.342,0.334,20.2,96,890.6,5.4
AZL_TLW_01,2023-07-27 17:00:00+00:00,0.0,0.0,0.341,0.334,19.9,97,890.3,5.4
AZL_TLW_01,2023-07-27 18:00:00+00:00,0.0,0.0,0.341,0.334,19.7,97,889.8,5.8
AZL_TLW_01,2023-07-27 19:00:00+00:00,0.0,0.0,0.341,0.334,19.6,97,889.4,5.8
AZL_TLW_01,2023-07-27 20:00:00+00:00,0.0,0.0,0.341,0.333,19.4,97,888.8,6.1
AZL_TLW_01,2023-07-27 21:00:00+00:00,0.0,0.0,0.34,0.333,19.2,97,888.3,5.4
AZL_TLW_01,2023-07-27 22:00:00+00:00,0.0,0.0,0.34,0.333,19.0,97,888.0,5.2
AZL_TLW_01,2023-07-27 23:00:00+00:00,0.0,0.0,0.34,0.333,19.0,96,888.1,5.4
AZL_TLW_01,2023-07-28 00:00:00+00:00,0.0,0.0,0.338,0.333,20.1,95,888.7,6.1
AZL_TLW_01,2023-07-28 01:00:00+00:00,0.0,0.0,0.338,0.333,21.6,88,889.8,7.2
AZL_TLW_01,2023-07-28 02:00:00+00:00,0.1,0.1,0.338,0.332,22.8,81,890.4,9.9
AZL_TLW_01,2023-07-28 03:00:00+00:00,0.1,0.1,0.337,0.332,24.1,73,890.6,10.0
AZL_TLW_01,2023-07-28 04:00:00+00:00,0.2,0.2,0.337,0.331,25.6,66,890.9,10.2
AZL_TLW_01,2023-07-28 05:00:00+00:00,0.2,0.2,0.337,0.331,25.9,65,890.3,10.5
AZL_TLW_01,2023-07-28 06:00:00+00:00,0.1,0.1,0.336,0.33,26.7,63,889.6,10.3
AZL_TLW_01,2023-07-28 07:00:00+00:00,0.3,0.3,0.336,0.33,26.9,61,888.5,13.9
AZL_TLW_01,2023-07-28 08:00:00+00:00,0.7,0.7,0.339,0.329,25.6,71,887.5,11.9
AZL_TLW_01,2023-07-28 09:00:00+00:00,2.2,2.2,0.356,0.329,24.8,73,886.9,14.7
AZL_TLW_01,2023-07-28 10:00:00+00:00,0.9,0.9,0.362,0.329,23.3,83,886.1,6.7
AZL_TLW_01,2023-07-28 11:00:00+00:00,0.1,0.1,0.361,0.329,22.8,84,886.3,7.6
AZL_TLW_01,2023-07-28 12:00:00+00:00,0.1,0.1,0.36,0.329,22.3,85,887.1,6.8
AZL_TLW_01,2023-07-28 13:00:00+00:00,0.0,0.0,0.359,0.329,21.3,90,887.7,3.9
AZL_TLW_01,2023-07-28 14:00:00+00:00,0.0,0.0,0.358,0.33,21.0,91,888.1,4.8
AZL_TLW_01,2023-07-28 15:00:00+00:00,0.0,0.0,0.357,0.33,20.4,93,888.5,4.0
AZL_TLW_01,2023-07-28 16:00:00+00:00,0.0,0.0,0.356,0.33,20.1,95,888.8,3.6
AZL_TLW_01,2023-07-28 17:00:00+00:00,0.0,0.0,0.355,0.33,19.8,96,888.6,3.3
AZL_TLW_01,2023-07-28 18:00:00+00:00,0.0,0.0,0.354,0.33,19.7,96,888.0,3.9
AZL_TLW_01,2023-07-28 19:00:00+00:00,0.0,0.0,0.353,0.331,19.4,97,887.5,3.8
AZL_TLW_01,2023-07-28 20:00:00+00:00,0.0,0.0,0.353,0.331,18.7,98,886.4,2.5
AZL_TLW_01,2023-07-28 21:00:00+00:00,0.0,0.0,0.352,0.331,18.4,98,886.1,2.3
AZL_TLW_01,2023-07-28 22:00:00+00:00,0.0,0.0,0.351,0.331,18.2,99,885.8,2.5
AZL_TLW_01,2023-07-28 23:00:00+00:00,0.0,0.0,0.35,0.331,18.0,99,886.0,3.1
AZL_TLW_01,2023-07-29 00:00:00+00:00,0.0,0.0,0.34,0.326,19.1,99,886.9,3.8
AZL_TLW_01,2023-07-29 01:00:00+00:00,0.0,0.0,0.34,0.326,21.6,88,888.3,2.4
AZL_TLW_01,2023-07-29 02:00:00+00:00,0.1,0.1,0.339,0.325,23.5,77,889.4,4.1
AZL_TLW_01,2023-07-29 03:00:00+00:00,0.0,0.0,0.338,0.325,25.0,69,890.1,5.5
AZL_TLW_01,2023-07-29 04:00:00+00:00,0.0,0.0,0.336,0.324,26.5,63,890.4,6.6
AZL_TLW_01,2023-07-29 05:00:00+00:00,0.0,0.0,0.334,0.324,27.3,58,890.1,8.4
AZL_TLW_01,2023-07-29 06:00:00+00:00,0.1,0.1,0.332,0.323,28.0,55,889.1,9.2
AZL_TLW_01,2023-07-29 07:00:00+00:00,0.1,0.1,0.331,0.322,28.8,52,888.0,7.7
AZL_TLW_01,2023-07-29 08:00:00+00:00,0.2,0.2,0.33,0.322,28.9,51,887.0,6.6
AZL_TLW_01,2023-07-29 09:00:00+00:00,0.2,0.2,0.329,0.321,29.0,51,886.5,6.4
AZL_TLW_01,2023-07-29 10:00:00+00:00,0.2,0.2,0.329,0.321,27.9,55,885.9,6.4
AZL_TLW_01,2023-07-29 11:00:00+00:00,0.0,0.0,0.328,0.32,26.5,65,886.2,6.4
AZL_TLW_01,2023-07-29 12:00:00+00:00,0.1,0.1,0.314,0.313,24.7,73,886.5,6.9
AZL_TLW_01,2023-07-29 13:00:00+00:00,0.0,0.0,0.314,0.313,23.4,81,886.7,3.2
AZL_TLW_01,2023-07-29 14:00:00+00:00,0.0,0.0,0.314,0.313,22.7,87,887.1,2.1
AZL_TLW_01,2023-07-29 15:00:00+00:00,0.0,0.0,0.314,0.313,22.2,89,887.3,2.5
AZL_TLW_01,2023-07-29 16:00:00+00:00,0.0,0.0,0.313,0.313,21.7,90,888.1,1.8
AZL_TLW_01,2023-07-29 17:00:00+00:00,0.0,0.0,0.313,0.313,21.2,93,887.6,1.8
AZL_TLW_01,2023-07-29 18:00:00+00:00,0.0,0.0,0.313,0.313,20.8,95,887.0,2.3
AZL_TLW_01,2023-07-29 19:00:00+00:00,0.0,0.0,0.313,0.313,20.4,96,886.5,2.5
AZL_TLW_01,2023-07-29 20:00:00+00:00,0.0,0.0,0.313,0.313,20.1,96,885.7,2.0
AZL_TLW_01,2023-07-29 21:00:00+00:00,0.0,0.0,0.313,0.313,20.0,96,885.4,2.0
AZL_TLW_01,2023-07-29 22:00:00+00:00,0.0,0.0,0.313,0.313,19.8,96,884.6,2.6
AZL_TLW_01,2023-07-29 23:00:00+00:00,0.0,0.0,0.313,0.313,19.7,96,884.9,1.3
AZL_TLW_01,2023-07-30 00:00:00+00:00,0.0,0.0,0.313,0.312,19.7,98,885.6,1.4
AZL_TLW_01,2023-07-30 01:00:00+00:00,0.0,0.0,0.313,0.312,21.7,91,886.6,1.1
AZL_TLW_01,2023-07-30 02:00:00+00:00,0.0,0.0,0.312,0.311,24.1,79,887.9,6.8
AZL_TLW_01,2023-07-30 03:00:00+00:00,0.1,0.1,0.312,0.311,25.0,74,888.1,8.0
AZL_TLW_01,2023-07-30 04:00:00+00:00,0.1,0.1,0.312,0.31,26.4,67,888.1,7.6
AZL_TLW_01,2023-07-30 05:00:00+00:00,0.0,0.0,0.31,0.31,28.0,62,887.9,5.8
AZL_TLW_01,2023-07-30 06:00:00+00:00,0.0,0.0,0.308,0.309,29.2,58,887.3,4.7
AZL_TLW_01,2023-07-30 07:00:00+00:00,0.0,0.0,0.306,0.308,30.1,55,886.2,4.2
AZL_TLW_01,2023-07-30 08:00:00+00:00,1.6,1.6,0.316,0.308,27.3,69,884.8,3.1
AZL_TLW_01,2023-07-30 09:00:00+00:00,6.3,6.3,0.384,0.308,25.2,81,884.2,8.8
AZL_TLW_01,2023-07-30 10:00:00+00:00,3.4,3.4,0.407,0.313,22.8,96,883.3,2.5
AZL_TLW_01,2023-07-30 11:00:00+00:00,1.1,1.1,0.406,0.317,22.1,99,883.5,3.1
AZL_TLW_01,2023-07-30 12:00:00+00:00,0.3,0.3,0.362,0.307,23.2,97,883.8,2.8
AZL_TLW_01,2023-07-30 13:00:00+00:00,0.0,0.0,0.36,0.308,22.8,99,884.2,2.2
AZL_TLW_01,2023-07-30 14:00:00+00:00,0.0,0.0,0.358,0.308,22.6,100,884.9,1.8
AZL_TLW_01,2023-07-30 15:00:00+00:00,0.0,0.0,0.357,0.309,22.3,100,886.0,1.3
AZL_TLW_01,2023-07-30 16:00:00+00:00,2.7,2.7,0.384,0.31,21.8,97,886.4,3.4
AZL_TLW_01,2023-07-30 17:00:00+00:00,0.0,0.0,0.379,0.311,21.8,98,885.8,2.6
AZL_TLW_01,2023-07-30 18:00:00+00:00,0.0,0.0,0.376,0.312,21.2,100,885.3,3.3
AZL_TLW_01,2023-07-30 19:00:00+00:00,0.0,0.0,0.373,0.313,21.0,98,884.4,1.8
AZL_TLW_01,2023-07-30 20:00:00+00:00,0.0,0.0,0.37,0.314,20.5,99,883.6,2.2
AZL_TLW_01,2023-07-30 21:00:00+00:00,0.0,0.0,0.368,0.315,20.5,99,883.3,1.8
AZL_TLW_01,2023-07-30 22:00:00+00:00,0.0,0.0,0.366,0.316,20.3,100,883.2,1.8
AZL_TLW_01,2023-07-30 23:00:00+00:00,0.0,0.0,0.364,0.316,20.3,99,882.9,1.8
AZL_TLW_01,2023-07-31 00:00:00+00:00,0.0,0.0,0.348,0.312,20.5,99,884.1,2.1
AZL_TLW_01,2023-07-31 01:00:00+00:00,0.0,0.0,0.347,0.312,21.7,92,885.1,2.8
AZL_TLW_01,2023-07-31 02:00:00+00:00,0.0,0.0,0.346,0.312,23.4,87,885.9,3.6
AZL_TLW_01,2023-07-31 03:00:00+00:00,0.0,0.0,0.345,0.312,24.6,82,886.0,4.3
AZL_TLW_01,2023-07-31 04:00:00+00:00,0.0,0.0,0.343,0.312,26.5,69,886.2,3.5
AZL_TLW_01,2023-07-31 05:00:00+00:00,0.0,0.0,0.34,0.312,28.5,61,886.2,2.9
AZL_TLW_01,2023-07-31 06:00:00+00:00,0.0,0.0,0.337,0.311,29.6,58,885.7,1.9
AZL_TLW_01,2023-07-31 07:00:00+00:00,0.0,0.0,0.335,0.311,30.3,55,884.6,2.6
AZL_TLW_01,2023-07-31 08:00:00+00:00,0.0,0.0,0.332,0.31,30.9,52,883.4,4.0
AZL_TLW_01,2023-07-31 09:00:00+00:00,10.8,10.8,0.43,0.311,25.4,82,882.3,2.8
AZL_TLW_01,2023-07-31 10:00:00+00:00,9.1,9.1,0.41,0.34,23.5,94,881.6,4.3
AZL_TLW_01,2023-07-31 11:00:00+00:00,0.0,0.0,0.402,0.343,23.1,97,882.1,1.5
AZL_TLW_01,2023-07-31 12:00:00+00:00,0.0,0.0,0.333,0.31,24.7,91,882.6,2.5
AZL_TLW_01,2023-07-31 13:00:00+00:00,0.2,0.2,0.334,0.31,23.6,94,883.1,6.8
AZL_TLW_01,2023-07-31 14:00:00+00:00,0.0,0.0,0.333,0.31,22.7,91,884.2,7.1
AZL_TLW_01,2023-07-31 15:00:00+00:00,0.0,0.0,0.333,0.311,21.9,92,884.8,3.2
AZL_TLW_01,2023-07-31 16:00:00+00:00,0.0,0.0,0.332,0.311,21.5,94,884.9,4.0
AZL_TLW_01,2023-07-31 17:00:00+00:00,0.0,0.0,0.332,0.311,21.1,96,884.7,2.5
AZL_TLW_01,2023-07-31 18:00:00+00:00,0.0,0.0,0.332,0.311,21.0,96,884.3,1.8
AZL_TLW_01,2023-07-31 19:00:00+00:00,0.0,0.0,0.331,0.311,20.8,97,883.5,1.0
AZL_TLW_01,2023-07-31 20:00:00+00:00,0.0,0.0,0.331,0.311,20.0,99,882.8,2.5
AZL_TLW_01,2023-07-31 21:00:00+00:00,0.0,0.0,0.33,0.311,20.1,100,882.2,3.8
AZL_TLW_01,2023-07-31 22:00:00+00:00,0.0,0.0,0.33,0.311,20.0,99,881.7,5.0
AZL_TLW_01,2023-07-31 23:00:00+00:00,0.0,0.0,0.329,0.311,20.0,98,881.7,3.8
AZL_TLW_01,2023-08-01 00:00:00+00:00,0.0,0.0,0.325,0.309,20.9,99,881.8,4.2
AZL_TLW_01,2023-08-01 01:00:00+00:00,0.0,0.0,0.325,0.309,22.8,91,883.2,4.4
AZL_TLW_01,2023-08-01 02:00:00+00:00,0.0,0.0,0.324,0.309,23.0,89,883.7,3.7
AZL_TLW_01,2023-08-01 03:00:00+00:00,0.0,0.0,0.324,0.309,23.6,87,883.6,3.1
AZL_TLW_01,2023-08-01 04:00:00+00:00,0.0,0.0,0.322,0.309,27.5,67,884.6,2.3
AZL_TLW_01,2023-08-01 05:00:00+00:00,0.1,0.1,0.32,0.308,29.7,57,884.7,5.9
AZL_TLW_01,2023-08-01 06:00:00+00:00,0.1,0.1,0.319,0.307,29.0,55,884.0,7.4
AZL_TLW_01,2023-08-01 07:00:00+00:00,0.0,0.0,0.317,0.307,29.0,56,882.9,3.8
AZL_TLW_01,2023-08-01 08:00:00+00:00,1.2,1.2,0.326,0.306,28.9,61,882.5,9.3
AZL_TLW_01,2023-08-01 09:00:00+00:00,2.7,2.7,0.354,0.307,26.1,78,882.2,7.6
AZL_TLW_01,2023-08-01 10:00:00+00:00,2.7,2.7,0.376,0.307,25.3,78,882.4,9.4
AZL_TLW_01,2023-08-01 11:00:00+00:00,0.1,0.1,0.373,0.308,24.6,79,882.6,5.0
AZL_TLW_01,2023-08-01 12:00:00+00:00,0.0,0.0,0.353,0.307,24.0,90,883.0,1.3
AZL_TLW_01,2023-08-01 13:00:00+00:00,0.0,0.0,0.351,0.307,22.9,97,883.4,1.8
AZL_TLW_01,2023-08-01 14:00:00+00:00,0.0,0.0,0.35,0.308,23.1,96,884.1,2.2
AZL_TLW_01,2023-08-01 15:00:00+00:00,0.0,0.0,0.349,0.308,22.6,97,884.9,2.3
AZL_TLW_01,2023-08-01 16:00:00+00:00,0.0,0.0,0.348,0.308,21.9,98,884.8,2.5
AZL_TLW_01,2023-08-01 17:00:00+00:00,0.0,0.0,0.347,0.309,21.8,99,884.7,2.3
AZL_TLW_01,2023-08-01 18:00:00+00:00,0.0,0.0,0.346,0.309,21.5,99,884.4,3.1
AZL_TLW_01,2023-08-01 19:00:00+00:00,0.0,0.0,0.345,0.309,20.9,100,884.0,3.1
AZL_TLW_01,2023-08-01 20:00:00+00:00,0.0,0.0,0.344,0.31,20.5,99,883.7,3.7
AZL_TLW_01,2023-08-01 21:00:00+00:00,0.0,0.0,0.343,0.31,20.2,98,883.7,2.5
AZL_TLW_01,2023-08-01 22:00:00+00:00,0.0,0.0,0.342,0.31,19.9,98,883.5,2.3
AZL_TLW_01,2023-08-01 23:00:00+00:00,0.0,0.0,0.341,0.31,20.0,95,883.9,1.5
AZL_TLW_01,2023-08-02 00:00:00+00:00,0.0,0.0,0.336,0.308,20.8,98,884.9,1.1
AZL_TLW_01,2023-08-02 01:00:00+00:00,0.0,0.0,0.335,0.308,22.1,93,886.5,3.2
AZL_TLW_01,2023-08-02 02:00:00+00:00,0.5,0.5,0.338,0.308,23.7,84,887.5,2.9
AZL_TLW_01,2023-08-02 03:00:00+00:00,0.2,0.2,0.337,0.308,25.4,76,888.2,4.3
AZL_TLW_01,2023-08-02 04:00:00+00:00,0.2,0.2,0.337,0.308,26.4,72,888.6,5.1
AZL_TLW_01,2023-08-02 05:00:00+00:00,0.1,0.1,0.335,0.307,26.7,66,888.1,9.1
AZL_TLW_01,2023-08-02 06:00:00+00:00,5.2,5.2,0.385,0.307,22.8,85,887.2,12.6
AZL_TLW_01,2023-08-02 07:00:00+00:00,0.7,0.7,0.386,0.309,23.4,89,886.6,8.3
AZL_TLW_01,2023-08-02 08:00:00+00:00,1.2,1.2,0.389,0.311,24.2,80,886.4,10.1
AZL_TLW_01,2023-08-02 09:00:00+00:00,1.6,1.6,0.396,0.313,22.4,89,885.7,10.9
AZL_TLW_01,2023-08-02 10:00:00+00:00,0.1,0.1,0.39,0.315,22.5,87,885.4,11.6
AZL_TLW_01,2023-08-02 11:00:00+00:00,0.1,0.1,0.386,0.317,22.3,86,885.6,10.1
AZL_TLW_01,2023-08-02 12:00:00+00:00,0.0,0.0,0.382,0.32,22.0,88,886.3,6.9
AZL_TLW_01,2023-08-02 13:00:00+00:00,0.0,0.0,0.379,0.321,21.0,93,886.2,3.4
AZL_TLW_01,2023-08-02 14:00:00+00:00,0.0,0.0,0.376,0.322,20.3,95,886.8,3.2
AZL_TLW_01,2023-08-02 15:00:00+00:00,0.0,0.0,0.373,0.322,20.3,95,887.4,3.2
AZL_TLW_01,2023-08-02 16:00:00+00:00,0.0,0.0,0.371,0.323,19.9,96,887.5,3.5
AZL_TLW_01,2023-08-02 17:00:00+00:00,0.0,0.0,0.368,0.324,19.6,97,887.7,3.4
AZL_TLW_01,2023-08-02 18:00:00+00:00,0.0,0.0,0.367,0.324,19.4,97,887.6,3.7
AZL_TLW_01,2023-08-02 19:00:00+00:00,0.0,0.0,0.365,0.325,19.0,98,887.1,3.1
AZL_TLW_01,2023-08-02 20:00:00+00:00,0.0,0.0,0.363,0.325,18.8,98,886.4,3.6
AZL_TLW_01,2023-08-02 21:00:00+00:00,0.0,0.0,0.362,0.325,18.6,98,886.5,2.8
AZL_TLW_01,2023-08-02 22:00:00+00:00,0.0,0.0,0.36,0.326,18.7,98,886.3,3.9
AZL_TLW_01,2023-08-02 23:00:00+00:00,0.0,0.0,0.359,0.326,18.9,98,886.7,3.9
AZL_TLW_01,2023-08-03 00:00:00+00:00,0.0,0.0,0.355,0.324,19.7,97,887.0,3.7
AZL_TLW_01,2023-08-03 01:00:00+00:00,0.0,0.0,0.354,0.324,21.2,93,888.0,2.8
AZL_TLW_01,2023-08-03 02:00:00+00:00,0.0,0.0,0.353,0.324,22.8,85,889.0,4.5
AZL_TLW_01,2023-08-03 03:00:00+00:00,0.1,0.1,0.351,0.324,24.3,76,889.3,8.7
AZL_TLW_01,2023-08-03 04:00:00+00:00,0.1,0.1,0.35,0.324,25.5,70,889.8,10.2
AZL_TLW_01,2023-08-03 05:00:00+00:00,2.5,2.5,0.369,0.324,22.9,85,888.7,11.9
AZL_TLW_01,2023-08-03 06:00:00+00:00,0.1,0.1,0.367,0.324,24.6,77,888.5,10.3
AZL_TLW_01,2023-08-03 07:00:00+00:00,0.2,0.2,0.365,0.324,25.2,70,887.9,15.7
AZL_TLW_01,2023-08-03 08:00:00+00:00,1.7,1.7,0.374,0.325,23.1,82,887.1,12.4
AZL_TLW_01,2023-08-03 09:00:00+00:00,0.5,0.5,0.375,0.325,22.9,84,886.3,11.2
AZL_TLW_01,2023-08-03 10:00:00+00:00,0.3,0.3,0.374,0.326,22.9,82,886.5,12.6
AZL_TLW_01,2023-08-03 11:00:00+00:00,0.1,0.1,0.372,0.326,22.4,84,886.4,10.2
AZL_TLW_01,2023-08-03 12:00:00+00:00,0.0,0.0,0.343,0.321,21.6,88,887.7,9.7
AZL_TLW_01,2023-08-03 13:00:00+00:00,0.0,0.0,0.343,0.321,20.8,91,888.1,8.4
AZL_TLW_01,2023-08-03 14:00:00+00:00,0.0,0.0,0.342,0.321,20.2,94,888.6,6.1
AZL_TLW_01,2023-08-03 15:00:00+00:00,0.0,0.0,0.341,0.321,20.0,95,889.4,5.4
AZL_TLW_01,2023-08-03 16:00:00+00:00,0.0,0.0,0.341,0.321,19.7,96,889.5,4.4
AZL_TLW_01,2023-08-03 17:00:00+00:00,0.0,0.0,0.34,0.321,19.6,96,889.6,3.5
AZL_TLW_01,2023-08-03 18:00:00+00:00,0.0,0.0,0.34,0.322,19.4,97,889.1,3.1
AZL_TLW_01,2023-08-03 19:00:00+00:00,0.0,0.0,0.339,0.322,19.1,97,888.7,3.8
AZL_TLW_01,2023-08-03 20:00:00+00:00,0.0,0.0,0.339,0.322,18.9,97,888.5,4.0
AZL_TLW_01,2023-08-03 21:00:00+00:00,0.0,0.0,0.339,0.322,18.8,97,888.0,4.5
AZL_TLW_01,2023-08-03 22:00:00+00:00,0.0,0.0,0.338,0.322,18.5,98,887.9,5.3
AZL_TLW_01,2023-08-03 23:00:00+00:00,0.0,0.0,0.338,0.322,18.4,98,888.1,3.8
AZL_TLW_01,2023-08-04 00:00:00+00:00,0.0,0.0,0.334,0.322,19.7,98,888.9,4.2
AZL_TLW_01,2023-08-04 01:00:00+00:00,0.8,0.8,0.339,0.322,20.7,94,889.9,5.4
AZL_TLW_01,2023-08-04 02:00:00+00:00,0.5,0.5,0.342,0.322,20.8,95,890.4,6.1
AZL_TLW_01,2023-08-04 03:00:00+00:00,0.2,0.2,0.342,0.322,21.9,91,890.9,8.0
AZL_TLW_01,2023-08-04 04:00:00+00:00,0.2,0.2,0.343,0.322,22.1,91,891.2,8.4
AZL_TLW_01,2023-08-04 05:00:00+00:00,0.4,0.4,0.345,0.322,23.6,77,891.1,14.5
AZL_TLW_01,2023-08-04 06:00:00+00:00,0.7,0.7,0.348,0.322,23.2,81,890.6,11.7
AZL_TLW_01,2023-08-04 07:00:00+00:00,2.2,2.2,0.365,0.322,22.5,92,889.9,10.2
AZL_TLW_01,2023-08-04 08:00:00+00:00,0.2,0.2,0.364,0.322,23.3,86,889.4,10.8
AZL_TLW_01,2023-08-04 09:00:00+00:00,2.2,2.2,0.381,0.322,21.8,86,889.0,15.3
AZL_TLW_01,2023-08-04 10:00:00+00:00,1.2,1.2,0.388,0.324,21.3,93,889.1,12.7
AZL_TLW_01,2023-08-04 11:00:00+00:00,0.2,0.2,0.385,0.325,21.1,95,888.8,10.0
AZL_TLW_01,2023-08-04 12:00:00+00:00,0.1,0.1,0.371,0.323,20.4,97,889.4,9.5
AZL_TLW_01,2023-08-04 13:00:00+00:00,0.0,0.0,0.369,0.324,20.0,97,890.0,8.6
AZL_TLW_01,2023-08-04 14:00:00+00:00,0.0,0.0,0.367,0.325,19.9,97,890.8,7.9
AZL_TLW_01,2023-08-04 15:00:00+00:00,0.0,0.0,0.365,0.325,20.1,95,891.8,7.2
AZL_TLW_01,2023-08-04 16:00:00+00:00,0.0,0.0,0.364,0.325,20.1,95,892.1,7.6
AZL_TLW_01,2023-08-04 17:00:00+00:00,0.0,0.0,0.362,0.326,20.0,95,892.0,7.6
AZL_TLW_01,2023-08-04 18:00:00+00:00,0.0,0.0,0.361,0.326,19.6,96,891.6,6.5
AZL_TLW_01,2023-08-04 19:00:00+00:00,0.0,0.0,0.36,0.327,19.3,96,891.1,7.2
AZL_TLW_01,2023-08-04 20:00:00+00:00,0.0,0.0,0.359,0.327,19.0,97,890.6,6.7
AZL_TLW_01,2023-08-04 21:00:00+00:00,0.1,0.1,0.359,0.327,18.8,97,890.3,5.8
AZL_TLW_01,2023-08-04 22:00:00+00:00,0.0,0.0,0.358,0.327,18.8,97,890.3,6.5
AZL_TLW_01,2023-08-04 23:00:00+00:00,0.0,0.0,0.357,0.328,18.8,97,890.2,6.5
AZL_TLW_01,2023-08-05 00:00:00+00:00,0.0,0.0,0.357,0.327,19.4,97,890.7,5.9
AZL_TLW_01,2023-08-05 01:00:00+00:00,0.0,0.0,0.356,0.328,20.4,94,891.6,6.8
AZL_TLW_01,2023-08-05 02:00:00+00:00,0.0,0.0,0.355,0.328,21.5,90,892.5,8.0
AZL_TLW_01,2023-08-05 03:00:00+00:00,0.1,0.1,0.355,0.328,22.6,85,893.0,9.2
AZL_TLW_01,2023-08-05 04:00:00+00:00,0.1,0.1,0.353,0.328,24.7,72,893.0,12.9
AZL_TLW_01,2023-08-05 05:00:00+00:00,1.3,1.3,0.361,0.328,22.6,81,892.3,14.3
AZL_TLW_01,2023-08-05 06:00:00+00:00,0.2,0.2,0.36,0.328,24.5,76,892.2,12.5
AZL_TLW_01,2023-08-05 07:00:00+00:00,0.3,0.3,0.36,0.328,24.0,75,891.1,14.1
AZL_TLW_01,2023-08-05 08:00:00+00:00,0.4,0.4,0.36,0.328,23.8,79,890.0,14.7
AZL_TLW_01,2023-08-05 09:00:00+00:00,1.1,1.1,0.365,0.328,23.2,80,889.3,12.8
AZL_TLW_01,2023-08-05 10:00:00+00:00,0.5,0.5,0.366,0.328,23.0,85,889.1,12.3
AZL_TLW_01,2023-08-05 11:00:00+00:00,0.2,0.2,0.366,0.328,22.0,87,888.9,11.9
AZL_TLW_01,2023-08-05 12:00:00+00:00,0.3,0.3,0.36,0.331,20.8,95,889.7,9.9
AZL_TLW_01,2023-08-05 13:00:00+00:00,0.2,0.2,0.36,0.331,20.2,95,890.0,10.1
AZL_TLW_01,2023-08-05 14:00:00+00:00,0.2,0.2,0.36,0.331,20.1,96,890.5,9.4
AZL_TLW_01,2023-08-05 15:00:00+00:00,0.1,0.1,0.36,0.331,20.0,96,891.2,9.7
AZL_TLW_01,2023-08-05 16:00:00+00:00,0.0,0.0,0.359,0.331,19.9,96,891.2,9.0
AZL_TLW_01,2023-08-05 17:00:00+00:00,0.0,0.0,0.358,0.332,19.8,96,890.7,10.1
AZL_TLW_01,2023-08-05 18:00:00+00:00,0.0,0.0,0.357,0.332,19.7,96,890.1,9.4
AZL_TLW_01,2023-08-05 19:00:00+00:00,0.0,0.0,0.356,0.332,19.6,96,889.3,9.7
AZL_TLW_01,2023-08-05 20:00:00+00:00,0.0,0.0,0.355,0.332,19.5,96,888.8,9.0
AZL_TLW_01,2023-08-05 21:00:00+00:00,0.0,0.0,0.355,0.332,19.4,96,888.2,9.1
AZL_TLW_01,2023-08-05 22:00:00+00:00,0.0,0.0,0.354,0.332,19.5,95,887.9,8.4
AZL_TLW_01,2023-08-05 23:00:00+00:00,0.0,0.0,0.353,0.333,19.4,95,887.8,7.9
AZL_TLW_01,2023-08-06 00:00:00+00:00,0.0,0.0,0.347,0.331,19.7,96,888.3,7.2
AZL_TLW_01,2023-08-06 01:00:00+00:00,0.3,0.3,0.349,0.331,20.6,93,889.0,9.7
AZL_TLW_01,2023-08-06 02:00:00+00:00,0.5,0.5,0.351,0.331,20.7,94,889.3,9.8
AZL_TLW_01,2023-08-06 03:00:00+00:00,0.2,0.2,0.352,0.331,21.3,91,889.5,10.7
AZL_TLW_01,2023-08-06 04:00:00+00:00,2.5,2.5,0.375,0.331,20.9,91,889.2,10.8
AZL_TLW_01,2023-08-06 05:00:00+00:00,1.0,1.0,0.381,0.332,20.6,94,889.0,10.9
AZL_TLW_01,2023-08-06 06:00:00+00:00,0.6,0.6,0.382,0.333,21.5,89,888.5,13.4
AZL_TLW_01,2023-08-06 07:00:00+00:00,0.2,0.2,0.381,0.334,21.4,89,887.3,14.1
AZL_TLW_01,2023-08-06 08:00:00+00:00,0.5,0.5,0.381,0.334,22.1,85,886.6,14.8
AZL_TLW_01,2023-08-06 09:00:00+00:00,0.9,0.9,0.385,0.335,20.6,96,885.8,9.4
AZL_TLW_01,2023-08-06 10:00:00+00:00,0.3,0.3,0.383,0.336,20.3,95,885.5,9.7
AZL_TLW_01,2023-08-06 11:00:00+00:00,0.2,0.2,0.382,0.337,20.0,97,885.7,9.7
AZL_TLW_01,2023-08-06 12:00:00+00:00,0.5,0.5,0.39,0.346,19.9,93,886.8,10.4
AZL_TLW_01,2023-08-06 13:00:00+00:00,0.4,0.4,0.389,0.347,19.0,98,886.8,6.4
AZL_TLW_01,2023-08-06 14:00:00+00:00,0.1,0.1,0.387,0.348,19.6,97,887.2,9.0
AZL_TLW_01,2023-08-06 15:00:00+00:00,0.0,0.0,0.384,0.348,19.6,97,887.8,8.7
AZL_TLW_01,2023-08-06 16:00:00+00:00,0.0,0.0,0.382,0.349,19.5,97,887.9,9.4
AZL_TLW_01,2023-08-06 17:00:00+00:00,0.0,0.0,0.38,0.349,19.5,97,887.6,9.4
AZL_TLW_01,2023-08-06 18:00:00+00:00,0.2,0.2,0.38,0.35,19.4,97,886.8,8.3
AZL_TLW_01,2023-08-06 19:00:00+00:00,0.4,0.4,0.381,0.35,19.2,97,885.5,8.4
AZL_TLW_01,2023-08-06 20:00:00+00:00,2.2,2.2,0.403,0.351,19.0,97,884.8,7.6
AZL_TLW_01,2023-08-06 21:00:00+00:00,0.6,0.6,0.404,0.352,18.6,100,884.5,5.5
AZL_TLW_01,2023-08-06 22:00:00+00:00,2.9,2.9,0.424,0.357,18.6,100,884.1,6.8
AZL_TLW_01,2023-08-06 23:00:00+00:00,5.4,5.4,0.43,0.376,18.6,100,884.2,6.9
AZL_TLW_01,2023-08-07 00:00:00+00:00,5.1,5.1,0.428,0.394,19.6,97,885.0,9.5
AZL_TLW_01,2023-08-07 01:00:00+00:00,0.5,0.5,0.421,0.397,19.8,100,885.4,8.0
AZL_TLW_01,2023-08-07 02:00:00+00:00,2.3,2.3,0.43,0.4,19.9,100,885.8,4.9
AZL_TLW_01,2023-08-07 03:00:00+00:00,16.0,16.0,0.43,0.419,20.2,100,886.0,4.1
AZL_TLW_01,2023-08-07 04:00:00+00:00,3.0,3.0,0.426,0.421,20.6,95,886.1,7.6
AZL_TLW_01,2023-08-07 05:00:00+00:00,0.3,0.3,0.424,0.418,21.8,91,886.0,12.8
AZL_TLW_01,2023-08-07 06:00:00+00:00,0.3,0.3,0.421,0.416,22.4,86,885.4,13.7
AZL_TLW_01,2023-08-07 07:00:00+00:00,0.2,0.2,0.418,0.414,23.5,80,885.0,14.5
AZL_TLW_01,2023-08-07 08:00:00+00:00,0.4,0.4,0.418,0.412,22.3,85,884.2,14.0
AZL_TLW_01,2023-08-07 09:00:00+00:00,0.1,0.1,0.416,0.41,21.9,87,883.4,12.2
AZL_TLW_01,2023-08-07 10:00:00+00:00,0.5,0.5,0.416,0.409,21.8,87,883.5,12.0
AZL_TLW_01,2023-08-07 11:00:00+00:00,0.7,0.7,0.417,0.408,21.1,89,883.6,12.3
AZL_TLW_01,2023-08-07 12:00:00+00:00,0.3,0.3,0.421,0.416,20.1,95,884.0,9.5
AZL_TLW_01,2023-08-07 13:00:00+00:00,0.1,0.1,0.419,0.414,19.5,96,884.6,7.2
AZL_TLW_01,2023-08-07 14:00:00+00:00,1.1,1.1,0.424,0.413,19.1,100,885.1,5.2
AZL_TLW_01,2023-08-07 15:00:00+00:00,0.0,0.0,0.42,0.412,19.6,95,885.9,6.8
AZL_TLW_01,2023-08-07 16:00:00+00:00,0.9,0.9,0.423,0.412,18.8,100,885.9,4.2
AZL_TLW_01,2023-08-07 17:00:00+00:00,0.4,0.4,0.423,0.412,18.8,100,886.0,4.1
AZL_TLW_01,2023-08-07 18:00:00+00:00,0.5,0.5,0.423,0.412,18.9,100,885.4,6.2
AZL_TLW_01,2023-08-07 19:00:00+00:00,0.1,0.1,0.419,0.411,19.2,97,884.9,6.9
AZL_TLW_01,2023-08-07 20:00:00+00:00,0.0,0.0,0.416,0.41,19.2,97,884.5,6.6
AZL_TLW_01,2023-08-07 21:00:00+00:00,0.0,0.0,0.414,0.409,19.2,97,884.5,5.8
AZL_TLW_01,2023-08-07 22:00:00+00:00,0.0,0.0,0.412,0.408,19.2,97,884.4,5.9
AZL_TLW_01,2023-08-07 23:00:00+00:00,0.0,0.0,0.411,0.407,19.2,96,884.5,6.2
AZL_TLW_01,2023-08-08 00:00:00+00:00,0.0,0.0,0.412,0.406,19.9,94,884.8,4.3
AZL_TLW_01,2023-08-08 01:00:00+00:00,0.0,0.0,0.41,0.405,20.6,95,885.8,5.8
AZL_TLW_01,2023-08-08 02:00:00+00:00,0.0,0.0,0.409,0.404,21.3,91,886.7,7.6
AZL_TLW_01,2023-08-08 03:00:00+00:00,0.2,0.2,0.408,0.403,21.1,91,887.1,9.8
AZL_TLW_01,2023-08-08 04:00:00+00:00,0.0,0.0,0.407,0.402,22.1,85,887.7,12.9
AZL_TLW_01,2023-08-08 05:00:00+00:00,0.1,0.1,0.405,0.401,23.3,79,887.9,13.9
AZL_TLW_01,2023-08-08 06:00:00+00:00,0.0,0.0,0.403,0.4,23.7,76,887.5,13.7
AZL_TLW_01,2023-08-08 07:00:00+00:00,0.4,0.4,0.403,0.399,22.1,84,886.6,11.9
AZL_TLW_01,2023-08-08 08:00:00+00:00,0.6,0.6,0.405,0.398,22.8,81,886.4,11.5
AZL_TLW_01,2023-08-08 09:00:00+00:00,0.6,0.6,0.407,0.397,21.8,89,886.1,10.2
AZL_TLW_01,2023-08-08 10:00:00+00:00,0.3,0.3,0.406,0.397,21.1,93,885.9,9.1
AZL_TLW_01,2023-08-08 11:00:00+00:00,0.1,0.1,0.405,0.396,21.1,93,886.4,7.3
AZL_TLW_01,2023-08-08 12:00:00+00:00,0.1,0.1,0.405,0.398,20.0,96,887.3,5.8
AZL_TLW_01,2023-08-08 13:00:00+00:00,0.2,0.2,0.404,0.398,19.8,97,887.8,6.3
AZL_TLW_01,2023-08-08 14:00:00+00:00,0.2,0.2,0.405,0.397,19.7,97,888.5,6.5
AZL_TLW_01,2023-08-08 15:00:00+00:00,0.2,0.2,0.404,0.397,19.5,97,889.1,5.4
AZL_TLW_01,2023-08-08 16:00:00+00:00,0.1,0.1,0.403,0.396,19.1,100,889.4,4.4
AZL_TLW_01,2023-08-08 17:00:00+00:00,0.1,0.1,0.402,0.396,19.3,97,889.4,5.8
AZL_TLW_01,2023-08-08 18:00:00+00:00,0.0,0.0,0.401,0.395,19.2,98,889.2,5.1
AZL_TLW_01,2023-08-08 19:00:00+00:00,0.0,0.0,0.4,0.395,18.6,100,888.5,4.7
AZL_TLW_01,2023-08-08 20:00:00+00:00,0.0,0.0,0.4,0.394,18.6,100,888.1,5.4
AZL_TLW_01,2023-08-08 21:00:00+00:00,0.0,0.0,0.398,0.394,19.0,98,888.3,5.8
AZL_TLW_01,2023-08-08 22:00:00+00:00,0.1,0.1,0.398,0.393,18.8,100,888.4,4.7
AZL_TLW_01,2023-08-08 23:00:00+00:00,0.0,0.0,0.397,0.393,18.5,100,888.5,4.0
AZL_TLW_01,2023-08-09 00:00:00+00:00,0.0,0.0,0.393,0.391,19.6,98,889.4,3.4
AZL_TLW_01,2023-08-09 01:00:00+00:00,0.1,0.1,0.393,0.39,20.4,94,890.4,5.4
AZL_TLW_01,2023-08-09 02:00:00+00:00,0.2,0.2,0.393,0.389,21.8,85,891.4,6.3
AZL_TLW_01,2023-08-09 03:00:00+00:00,0.5,0.5,0.394,0.389,23.0,78,891.9,7.3
AZL_TLW_01,2023-08-09 04:00:00+00:00,0.9,0.9,0.398,0.388,23.8,74,892.2,7.4
AZL_TLW_01,2023-08-09 05:00:00+00:00,0.3,0.3,0.397,0.388,24.0,77,891.9,5.8
AZL_TLW_01,2023-08-09 06:00:00+00:00,0.0,0.0,0.395,0.387,25.3,69,891.4,7.3
AZL_TLW_01,2023-08-09 07:00:00+00:00,0.0,0.0,0.392,0.386,26.1,65,890.4,6.9
AZL_TLW_01,2023-08-09 08:00:00+00:00,0.8,0.8,0.395,0.385,23.5,73,889.9,7.2
AZL_TLW_01,2023-08-09 09:00:00+00:00,0.4,0.4,0.396,0.385,22.5,84,889.3,1.0
AZL_TLW_01,2023-08-09 10:00:00+00:00,0.1,0.1,0.394,0.384,23.1,83,888.8,3.6
AZL_TLW_01,2023-08-09 11:00:00+00:00,0.2,0.2,0.393,0.384,22.7,84,888.9,6.9
AZL_TLW_01,2023-08-09 12:00:00+00:00,0.1,0.1,0.388,0.383,21.1,98,889.1,3.3
AZL_TLW_01,2023-08-09 13:00:00+00:00,0.1,0.1,0.388,0.383,20.8,95,889.7,5.2
AZL_TLW_01,2023-08-09 14:00:00+00:00,0.0,0.0,0.387,0.382,20.3,96,890.5,5.2
AZL_TLW_01,2023-08-09 15:00:00+00:00,0.0,0.0,0.386,0.382,20.0,97,891.0,6.1
AZL_TLW_01,2023-08-09 16:00:00+00:00,0.0,0.0,0.386,0.382,19.7,98,891.2,6.2
AZL_TLW_01,2023-08-09 17:00:00+00:00,0.0,0.0,0.385,0.381,19.5,98,891.4,4.9
AZL_TLW_01,2023-08-09 18:00:00+00:00,0.0,0.0,0.384,0.381,19.4,98,890.8,6.2
AZL_TLW_01,2023-08-09 19:00:00+00:00,0.0,0.0,0.384,0.381,19.1,98,890.3,4.7
AZL_TLW_01,2023-08-09 20:00:00+00:00,0.0,0.0,0.383,0.38,18.9,98,889.8,4.0
AZL_TLW_01,2023-08-09 21:00:00+00:00,0.0,0.0,0.383,0.38,18.7,98,889.4,4.4
AZL_TLW_01,2023-08-09 22:00:00+00:00,0.0,0.0,0.382,0.38,18.5,98,889.5,3.6
AZL_TLW_01,2023-08-09 23:00:00+00:00,0.0,0.0,0.382,0.379,18.6,98,889.7,4.0
AZL_TLW_01,2023-08-10 00:00:00+00:00,0.0,0.0,0.377,0.376,19.4,96,890.4,4.7
AZL_TLW_01,2023-08-10 01:00:00+00:00,0.0,0.0,0.377,0.375,20.2,97,891.3,3.8
AZL_TLW_01,2023-08-10 02:00:00+00:00,0.0,0.0,0.377,0.375,21.5,90,892.2,6.2
AZL_TLW_01,2023-08-10 03:00:00+00:00,0.0,0.0,0.376,0.374,23.0,78,892.9,8.4
AZL_TLW_01,2023-08-10 04:00:00+00:00,0.0,0.0,0.374,0.374,24.5,69,893.2,7.8
AZL_TLW_01,2023-08-10 05:00:00+00:00,0.0,0.0,0.372,0.373,25.1,66,892.9,7.2
AZL_TLW_01,2023-08-10 06:00:00+00:00,0.1,0.1,0.371,0.372,26.0,64,892.2,6.1
AZL_TLW_01,2023-08-10 07:00:00+00:00,0.2,0.2,0.37,0.371,26.0,66,891.3,5.4
AZL_TLW_01,2023-08-10 08:00:00+00:00,1.0,1.0,0.374,0.37,24.0,74,890.0,7.4
AZL_TLW_01,2023-08-10 09:00:00+00:00,0.3,0.3,0.375,0.369,23.4,81,889.5,3.1
AZL_TLW_01,2023-08-10 10:00:00+00:00,0.2,0.2,0.375,0.369,22.4,90,889.2,3.6
AZL_TLW_01,2023-08-10 11:00:00+00:00,0.7,0.7,0.379,0.369,21.8,93,889.2,2.9
AZL_TLW_01,2023-08-10 12:00:00+00:00,0.6,0.6,0.368,0.369,21.6,92,890.7,2.1
AZL_TLW_01,2023-08-10 13:00:00+00:00,0.5,0.5,0.371,0.369,20.7,95,891.1,2.5
AZL_TLW_01,2023-08-10 14:00:00+00:00,0.0,0.0,0.371,0.369,20.7,93,891.9,3.3
AZL_TLW_01,2023-08-10 15:00:00+00:00,0.0,0.0,0.37,0.369,20.4,92,892.5,2.7
AZL_TLW_01,2023-08-10 16:00:00+00:00,0.0,0.0,0.37,0.369,20.0,94,892.7,2.6
AZL_TLW_01,2023-08-10 17:00:00+00:00,0.0,0.0,0.37,0.368,19.4,96,892.1,2.5
AZL_TLW_01,2023-08-10 18:00:00+00:00,0.0,0.0,0.37,0.368,19.3,97,891.9,3.3
AZL_TLW_01,2023-08-10 19:00:00+00:00,0.0,0.0,0.369,0.368,19.1,97,891.2,3.3
AZL_TLW_01,2023-08-10 20:00:00+00:00,0.0,0.0,0.369,0.368,18.9,98,890.6,3.6
AZL_TLW_01,2023-08-10 21:00:00+00:00,0.0,0.0,0.369,0.367,18.8,98,890.4,3.6
AZL_TLW_01,2023-08-10 22:00:00+00:00,0.0,0.0,0.369,0.367,18.6,98,890.2,2.9
AZL_TLW_01,2023-08-10 23:00:00+00:00,0.0,0.0,0.368,0.367,18.3,98,890.3,3.0
AZL_TLW_01,2023-08-11 00:00:00+00:00,0.0,0.0,0.373,0.367,19.4,99,890.7,4.7
AZL_TLW_01,2023-08-11 01:00:00+00:00,0.1,0.1,0.372,0.366,20.7,93,891.8,5.5
AZL_TLW_01,2023-08-11 02:00:00+00:00,0.0,0.0,0.372,0.366,21.8,90,892.6,4.9
AZL_TLW_01,2023-08-11 03:00:00+00:00,0.0,0.0,0.371,0.366,23.0,83,892.7,5.8
AZL_TLW_01,2023-08-11 04:00:00+00:00,0.1,0.1,0.37,0.365,24.1,76,892.7,6.1
AZL_TLW_01,2023-08-11 05:00:00+00:00,0.1,0.1,0.369,0.365,25.3,72,892.5,6.1
AZL_TLW_01,2023-08-11 06:00:00+00:00,0.0,0.0,0.367,0.364,26.2,66,891.3,4.8
AZL_TLW_01,2023-08-11 07:00:00+00:00,0.1,0.1,0.366,0.363,25.6,68,890.4,7.1
AZL_TLW_01,2023-08-11 08:00:00+00:00,1.0,1.0,0.371,0.362,24.7,73,889.3,7.3
AZL_TLW_01,2023-08-11 09:00:00+00:00,0.8,0.8,0.375,0.362,23.3,84,888.5,3.0
AZL_TLW_01,2023-08-11 10:00:00+00:00,0.1,0.1,0.375,0.362,22.6,92,887.8,2.6
AZL_TLW_01,2023-08-11 11:00:00+00:00,0.5,0.5,0.377,0.362,22.2,90,887.9,5.1
AZL_TLW_01,2023-08-11 12:00:00+00:00,0.1,0.1,0.356,0.358,22.5,82,889.4,8.9
AZL_TLW_01,2023-08-11 13:00:00+00:00,0.0,0.0,0.355,0.358,21.2,88,889.8,5.5
AZL_TLW_01,2023-08-11 14:00:00+00:00,0.0,0.0,0.355,0.358,20.5,92,890.4,5.8
AZL_TLW_01,2023-08-11 15:00:00+00:00,0.0,0.0,0.355,0.358,20.0,94,891.1,5.1
AZL_TLW_01,2023-08-11 16:00:00+00:00,0.0,0.0,0.355,0.358,20.0,94,891.8,5.8
AZL_TLW_01,2023-08-11 17:00:00+00:00,0.0,0.0,0.355,0.357,20.0,94,891.7,5.8
AZL_TLW_01,2023-08-11 18:00:00+00:00,0.0,0.0,0.355,0.357,19.6,95,890.5,6.3
AZL_TLW_01,2023-08-11 19:00:00+00:00,0.0,0.0,0.355,0.357,19.4,95,890.1,5.4
AZL_TLW_01,2023-08-11 20:00:00+00:00,0.0,0.0,0.355,0.357,19.2,96,889.4,6.1
AZL_TLW_01,2023-08-11 21:00:00+00:00,0.0,0.0,0.355,0.357,18.9,96,888.9,5.8
AZL_TLW_01,2023-08-11 22:00:00+00:00,0.0,0.0,0.355,0.356,18.7,96,888.7,4.8
AZL_TLW_01,2023-08-11 23:00:00+00:00,0.0,0.0,0.355,0.356,18.6,95,888.8,4.5
AZL_TLW_01,2023-08-12 00:00:00+00:00,0.0,0.0,0.351,0.355,19.4,95,889.2,6.6
AZL_TLW_01,2023-08-12 01:00:00+00:00,0.0,0.0,0.351,0.354,21.2,85,890.4,9.0
AZL_TLW_01,2023-08-12 02:00:00+00:00,0.0,0.0,0.35,0.354,22.3,79,890.9,12.0
AZL_TLW_01,2023-08-12 03:00:00+00:00,0.0,0.0,0.349,0.353,23.7,72,891.5,12.0
AZL_TLW_01,2023-08-12 04:00:00+00:00,0.0,0.0,0.348,0.353,24.7,67,891.3,14.2
AZL_TLW_01,2023-08-12 05:00:00+00:00,0.2,0.2,0.347,0.352,25.0,67,891.4,13.7
AZL_TLW_01,2023-08-12 06:00:00+00:00,0.0,0.0,0.346,0.351,25.0,69,890.7,11.7
AZL_TLW_01,2023-08-12 07:00:00+00:00,0.0,0.0,0.345,0.35,24.9,68,889.6,10.9
AZL_TLW_01,2023-08-12 08:00:00+00:00,0.1,0.1,0.344,0.35,25.1,67,888.4,11.6
AZL_TLW_01,2023-08-12 09:00:00+00:00,0.0,0.0,0.343,0.349,25.3,69,887.9,10.1
AZL_TLW_01,2023-08-12 10:00:00+00:00,0.1,0.1,0.342,0.348,24.6,71,887.3,12.4
AZL_TLW_01,2023-08-12 11:00:00+00:00,0.0,0.0,0.342,0.348,23.3,78,887.4,8.6
AZL_TLW_01,2023-08-12 12:00:00+00:00,0.0,0.0,0.347,0.349,21.6,86,888.2,8.6
AZL_TLW_01,2023-08-12 13:00:00+00:00,0.0,0.0,0.347,0.348,20.9,89,888.8,7.9
AZL_TLW_01,2023-08-12 14:00:00+00:00,0.1,0.1,0.348,0.348,20.6,89,889.3,7.2
AZL_TLW_01,2023-08-12 15:00:00+00:00,0.1,0.1,0.348,0.348,20.4,90,889.8,6.7
AZL_TLW_01,2023-08-12 16:00:00+00:00,0.2,0.2,0.349,0.348,20.1,91,890.1,6.5
AZL_TLW_01,2023-08-12 17:00:00+00:00,0.3,0.3,0.351,0.348,20.0,93,890.1,6.6
AZL_TLW_01,2023-08-12 18:00:00+00:00,0.4,0.4,0.353,0.348,19.8,94,889.7,6.6
AZL_TLW_01,2023-08-12 19:00:00+00:00,0.6,0.6,0.357,0.348,19.7,95,889.2,7.2
AZL_TLW_01,2023-08-12 20:00:00+00:00,0.9,0.9,0.365,0.348,19.1,100,888.3,6.2
AZL_TLW_01,2023-08-12 21:00:00+00:00,0.1,0.1,0.365,0.348,19.0,100,887.6,4.0
AZL_TLW_01,2023-08-12 22:00:00+00:00,0.1,0.1,0.365,0.348,18.8,100,887.7,3.6
AZL_TLW_01,2023-08-12 23:00:00+00:00,0.0,0.0,0.365,0.348,19.1,96,888.2,5.7
AZL_TLW_01,2023-08-13 00:00:00+00:00,0.0,0.0,0.371,0.347,19.9,93,888.8,3.4
AZL_TLW_01,2023-08-13 01:00:00+00:00,0.0,0.0,0.37,0.347,20.7,95,890.2,2.6
AZL_TLW_01,2023-08-13 02:00:00+00:00,0.0,0.0,0.369,0.347,21.2,95,891.1,2.9
AZL_TLW_01,2023-08-13 03:00:00+00:00,0.0,0.0,0.368,0.347,22.3,87,891.6,6.5
AZL_TLW_01,2023-08-13 04:00:00+00:00,0.1,0.1,0.366,0.347,24.4,73,891.9,9.1
AZL_TLW_01,2023-08-13 05:00:00+00:00,0.0,0.0,0.364,0.347,25.5,65,891.8,8.6
AZL_TLW_01,2023-08-13 06:00:00+00:00,0.1,0.1,0.362,0.346,26.8,60,891.5,8.0
AZL_TLW_01,2023-08-13 07:00:00+00:00,0.3,0.3,0.361,0.345,27.0,63,890.2,6.4
AZL_TLW_01,2023-08-13 08:00:00+00:00,0.0,0.0,0.358,0.345,27.2,61,889.1,3.8
AZL_TLW_01,2023-08-13 09:00:00+00:00,0.1,0.1,0.357,0.345,24.1,76,887.9,7.1
AZL_TLW_01,2023-08-13 10:00:00+00:00,0.0,0.0,0.356,0.344,23.3,83,887.6,3.1
AZL_TLW_01,2023-08-13 11:00:00+00:00,0.0,0.0,0.355,0.344,23.1,84,887.7,3.8
AZL_TLW_01,2023-08-13 12:00:00+00:00,1.1,1.1,0.351,0.34,21.6,96,888.9,0.4
AZL_TLW_01,2023-08-13 13:00:00+00:00,0.4,0.4,0.354,0.34,20.8,93,889.5,2.1
AZL_TLW_01,2023-08-13 14:00:00+00:00,0.5,0.5,0.357,0.34,20.5,96,890.1,3.8
AZL_TLW_01,2023-08-13 15:00:00+00:00,0.2,0.2,0.357,0.34,20.1,100,890.8,3.2
AZL_TLW_01,2023-08-13 16:00:00+00:00,0.5,0.5,0.362,0.34,19.9,100,891.1,2.6
AZL_TLW_01,2023-08-13 17:00:00+00:00,0.2,0.2,0.363,0.34,19.7,100,891.2,3.9
AZL_TLW_01,2023-08-13 18:00:00+00:00,0.1,0.1,0.363,0.341,19.7,100,891.0,3.4
AZL_TLW_01,2023-08-13 19:00:00+00:00,0.0,0.0,0.362,0.341,19.4,100,890.5,3.0
AZL_TLW_01,2023-08-13 20:00:00+00:00,0.0,0.0,0.361,0.341,19.1,100,889.6,2.9
AZL_TLW_01,2023-08-13 21:00:00+00:00,0.0,0.0,0.361,0.341,18.9,100,889.2,2.9
AZL_TLW_01,2023-08-13 22:00:00+00:00,0.0,0.0,0.36,0.341,18.6,100,889.0,3.3
AZL_TLW_01,2023-08-13 23:00:00+00:00,0.0,0.0,0.359,0.341,18.6,100,889.1,2.7
AZL_TLW_01,2023-08-14 00:00:00+00:00,0.0,0.0,0.348,0.34,19.6,100,889.9,1.1
AZL_TLW_01,2023-08-14 01:00:00+00:00,0.0,0.0,0.348,0.34,20.8,96,890.9,3.9
AZL_TLW_01,2023-08-14 02:00:00+00:00,0.1,0.1,0.348,0.34,22.3,88,891.8,4.7
AZL_TLW_01,2023-08-14 03:00:00+00:00,0.0,0.0,0.348,0.339,23.2,84,892.3,5.2
AZL_TLW_01,2023-08-14 04:00:00+00:00,0.0,0.0,0.347,0.339,24.6,75,892.7,6.4
AZL_TLW_01,2023-08-14 05:00:00+00:00,0.2,0.2,0.346,0.338,26.1,66,892.7,7.1
AZL_TLW_01,2023-08-14 06:00:00+00:00,0.0,0.0,0.344,0.338,26.6,64,891.9,6.9
AZL_TLW_01,2023-08-14 07:00:00+00:00,0.0,0.0,0.343,0.337,25.8,66,890.5,7.4
AZL_TLW_01,2023-08-14 08:00:00+00:00,0.2,0.2,0.343,0.337,25.0,71,889.4,6.1
AZL_TLW_01,2023-08-14 09:00:00+00:00,0.4,0.4,0.343,0.336,25.2,69,888.8,6.3
AZL_TLW_01,2023-08-14 10:00:00+00:00,0.3,0.3,0.344,0.336,24.2,76,888.2,6.1
AZL_TLW_01,2023-08-14 11:00:00+00:00,0.1,0.1,0.344,0.336,23.3,81,888.2,9.5
AZL_TLW_01,2023-08-14 12:00:00+00:00,0.0,0.0,0.33,0.334,21.7,92,888.9,0.8
AZL_TLW_01,2023-08-14 13:00:00+00:00,0.0,0.0,0.33,0.334,21.0,98,889.2,3.6
AZL_TLW_01,2023-08-14 14:00:00+00:00,0.0,0.0,0.33,0.334,20.8,96,890.0,3.9
AZL_TLW_01,2023-08-14 15:00:00+00:00,0.0,0.0,0.33,0.333,20.5,96,890.5,4.4
AZL_TLW_01,2023-08-14 16:00:00+00:00,0.0,0.0,0.33,0.333,20.2,97,891.0,3.4
AZL_TLW_01,2023-08-14 17:00:00+00:00,0.0,0.0,0.33,0.333,20.1,98,891.4,3.5
AZL_TLW_01,2023-08-14 18:00:00+00:00,0.0,0.0,0.33,0.333,19.8,98,891.0,4.7
AZL_TLW_01,2023-08-14 19:00:00+00:00,0.0,0.0,0.33,0.333,19.5,99,890.2,4.0
AZL_TLW_01,2023-08-14 20:00:00+00:00,0.0,0.0,0.33,0.333,19.3,99,889.6,5.1
AZL_TLW_01,2023-08-14 21:00:00+00:00,0.0,0.0,0.33,0.333,18.8,99,889.6,2.7
AZL_TLW_01,2023-08-14 22:00:00+00:00,0.0,0.0,0.33,0.333,19.0,98,889.6,3.8
AZL_TLW_01,2023-08-14 23:00:00+00:00,0.0,0.0,0.33,0.333,18.7,98,889.8,2.3
AZL_TLW_01,2023-08-15 00:00:00+00:00,0.0,0.0,0.327,0.332,19.9,98,890.3,3.4
AZL_TLW_01,2023-08-15 01:00:00+00:00,0.1,0.1,0.327,0.331,20.9,93,891.5,6.8
AZL_TLW_01,2023-08-15 02:00:00+00:00,0.1,0.1,0.328,0.331,21.8,88,892.2,6.1
AZL_TLW_01,2023-08-15 03:00:00+00:00,0.0,0.0,0.327,0.331,23.2,81,892.0,5.9
AZL_TLW_01,2023-08-15 04:00:00+00:00,0.1,0.1,0.326,0.33,24.7,72,892.4,5.4
AZL_TLW_01,2023-08-15 05:00:00+00:00,0.1,0.1,0.326,0.33,25.4,68,892.0,4.8
AZL_TLW_01,2023-08-15 06:00:00+00:00,0.1,0.1,0.325,0.329,26.2,66,891.8,5.5
AZL_TLW_01,2023-08-15 07:00:00+00:00,0.1,0.1,0.324,0.328,26.3,67,890.7,4.7
AZL_TLW_01,2023-08-15 08:00:00+00:00,0.9,0.9,0.329,0.328,23.8,78,889.3,4.2
AZL_TLW_01,2023-08-15 09:00:00+00:00,0.0,0.0,0.328,0.328,24.1,77,888.5,1.1
AZL_TLW_01,2023-08-15 10:00:00+00:00,0.0,0.0,0.327,0.327,24.0,79,888.1,1.6
AZL_TLW_01,2023-08-15 11:00:00+00:00,0.1,0.1,0.327,0.327,23.0,84,887.9,5.0
AZL_TLW_01,2023-08-15 12:00:00+00:00,0.0,0.0,0.33,0.327,21.6,94,889.1,3.9
AZL_TLW_01,2023-08-15 13:00:00+00:00,0.0,0.0,0.33,0.327,21.3,97,889.7,3.1
AZL_TLW_01,2023-08-15 14:00:00+00:00,0.0,0.0,0.329,0.327,20.9,98,890.3,4.3
AZL_TLW_01,2023-08-15 15:00:00+00:00,0.0,0.0,0.329,0.327,20.7,98,891.3,2.4
AZL_TLW_01,2023-08-15 16:00:00+00:00,0.0,0.0,0.329,0.327,20.4,99,891.4,3.3
AZL_TLW_01,2023-08-15 17:00:00+00:00,0.0,0.0,0.329,0.327,20.1,99,890.9,4.3
AZL_TLW_01,2023-08-15 18:00:00+00:00,0.0,0.0,0.329,0.327,19.7,99,890.6,3.4
AZL_TLW_01,2023-08-15 19:00:00+00:00,0.0,0.0,0.329,0.327,19.6,99,890.0,3.6
AZL_TLW_01,2023-08-15 20:00:00+00:00,0.1,0.1,0.329,0.327,19.3,99,889.9,2.9
AZL_TLW_01,2023-08-15 21:00:00+00:00,0.1,0.1,0.33,0.327,19.3,99,889.4,5.4
AZL_TLW_01,2023-08-15 22:00:00+00:00,0.0,0.0,0.33,0.327,19.1,99,889.1,3.9
AZL_TLW_01,2023-08-15 23:00:00+00:00,0.0,0.0,0.33,0.327,18.4,99,889.1,2.5
AZL_TLW_01,2023-08-16 00:00:00+00:00,0.0,0.0,0.337,0.325,19.4,100,889.7,2.3
AZL_TLW_01,2023-08-16 01:00:00+00:00,0.0,0.0,0.337,0.325,21.0,92,891.0,2.5
AZL_TLW_01,2023-08-16 02:00:00+00:00,0.0,0.0,0.336,0.325,22.5,84,891.5,1.8
AZL_TLW_01,2023-08-16 03:00:00+00:00,0.0,0.0,0.335,0.325,24.1,76,892.0,2.3
AZL_TLW_01,2023-08-16 04:00:00+00:00,0.0,0.0,0.334,0.324,25.4,68,892.2,1.8
AZL_TLW_01,2023-08-16 05:00:00+00:00,0.0,0.0,0.332,0.324,26.6,63,892.2,1.5
AZL_TLW_01,2023-08-16 06:00:00+00:00,0.1,0.1,0.33,0.323,27.4,61,890.9,3.6
AZL_TLW_01,2023-08-16 07:00:00+00:00,0.1,0.1,0.329,0.322,27.6,62,889.4,4.3
AZL_TLW_01,2023-08-16 08:00:00+00:00,0.0,0.0,0.327,0.322,27.3,63,888.6,7.1
AZL_TLW_01,2023-08-16 09:00:00+00:00,0.5,0.5,0.33,0.321,24.4,80,887.6,2.2
AZL_TLW_01,2023-08-16 10:00:00+00:00,1.2,1.2,0.337,0.321,23.2,86,887.3,1.5
AZL_TLW_01,2023-08-16 11:00:00+00:00,3.2,3.2,0.368,0.322,21.6,100,887.7,4.9
AZL_TLW_01,2023-08-16 12:00:00+00:00,2.9,2.9,0.34,0.319,23.3,85,888.2,4.3
AZL_TLW_01,2023-08-16 13:00:00+00:00,0.0,0.0,0.339,0.319,22.3,90,889.1,2.7
AZL_TLW_01,2023-08-16 14:00:00+00:00,0.0,0.0,0.339,0.319,21.7,94,889.6,2.0
AZL_TLW_01,2023-08-16 15:00:00+00:00,4.1,4.1,0.378,0.319,20.7,95,890.3,2.7
AZL_TLW_01,2023-08-16 16:00:00+00:00,9.2,9.2,0.43,0.337,19.8,100,890.8,2.5
AZL_TLW_01,2023-08-16 17:00:00+00:00,3.0,3.0,0.417,0.354,19.5,100,890.4,3.1
AZL_TLW_01,2023-08-16 18:00:00+00:00,0.3,0.3,0.41,0.357,19.2,100,889.9,5.5
AZL_TLW_01,2023-08-16 19:00:00+00:00,0.3,0.3,0.406,0.359,19.2,100,889.3,2.0
AZL_TLW_01,2023-08-16 20:00:00+00:00,0.1,0.1,0.401,0.361,19.0,100,888.7,1.8
AZL_TLW_01,2023-08-16 21:00:00+00:00,0.0,0.0,0.398,0.362,18.8,100,888.5,2.1
AZL_TLW_01,2023-08-16 22:00:00+00:00,0.0,0.0,0.394,0.363,18.6,100,888.2,2.2
AZL_TLW_01,2023-08-16 23:00:00+00:00,0.0,0.0,0.392,0.363,18.2,100,888.0,2.2
AZL_TLW_01,2023-08-17 00:00:00+00:00,0.0,0.0,0.365,0.333,19.8,99,888.5,1.3
AZL_TLW_01,2023-08-17 01:00:00+00:00,0.0,0.0,0.363,0.333,21.3,97,889.5,1.3
AZL_TLW_01,2023-08-17 02:00:00+00:00,0.0,0.0,0.362,0.333,22.8,88,890.5,2.5
AZL_TLW_01,2023-08-17 03:00:00+00:00,0.0,0.0,0.36,0.333,24.4,80,891.0,2.9
AZL_TLW_01,2023-08-17 04:00:00+00:00,0.1,0.1,0.359,0.333,25.8,71,891.0,2.8
AZL_TLW_01,2023-08-17 05:00:00+00:00,0.0,0.0,0.356,0.333,26.6,68,891.0,2.6
AZL_TLW_01,2023-08-17 06:00:00+00:00,0.0,0.0,0.353,0.332,28.4,61,890.4,1.1
AZL_TLW_01,2023-08-17 07:00:00+00:00,0.0,0.0,0.35,0.332,28.6,59,889.2,1.5
AZL_TLW_01,2023-08-17 08:00:00+00:00,1.8,1.8,0.362,0.331,25.9,72,888.4,3.5
AZL_TLW_01,2023-08-17 09:00:00+00:00,8.2,8.2,0.41,0.342,23.3,86,887.6,2.4
AZL_TLW_01,2023-08-17 10:00:00+00:00,0.1,0.1,0.402,0.345,23.5,86,886.8,1.8
AZL_TLW_01,2023-08-17 11:00:00+00:00,0.0,0.0,0.396,0.346,23.7,86,887.0,2.5
AZL_TLW_01,2023-08-17 12:00:00+00:00,0.0,0.0,0.383,0.334,22.4,95,888.5,4.5
AZL_TLW_01,2023-08-17 13:00:00+00:00,0.0,0.0,0.38,0.335,21.7,98,889.2,2.4
AZL_TLW_01,2023-08-17 14:00:00+00:00,0.0,0.0,0.377,0.336,21.4,98,890.0,3.3
AZL_TLW_01,2023-08-17 15:00:00+00:00,0.2,0.2,0.377,0.337,21.1,99,890.8,7.6
AZL_TLW_01,2023-08-17 16:00:00+00:00,0.5,0.5,0.378,0.337,20.5,96,890.8,7.2
AZL_TLW_01,2023-08-17 17:00:00+00:00,0.0,0.0,0.376,0.338,19.8,97,890.1,2.5
AZL_TLW_01,2023-08-17 18:00:00+00:00,0.0,0.0,0.374,0.338,19.3,98,889.6,2.9
AZL_TLW_01,2023-08-17 19:00:00+00:00,0.0,0.0,0.372,0.339,19.6,97,889.2,2.6
AZL_TLW_01,2023-08-17 20:00:00+00:00,0.0,0.0,0.371,0.339,19.8,97,888.9,0.4
AZL_TLW_01,2023-08-17 21:00:00+00:00,0.0,0.0,0.369,0.34,19.2,99,888.9,3.1
AZL_TLW_01,2023-08-17 22:00:00+00:00,0.0,0.0,0.368,0.34,19.4,99,889.0,2.1
AZL_TLW_01,2023-08-17 23:00:00+00:00,0.0,0.0,0.367,0.34,19.3,100,889.1,2.5
AZL_TLW_01,2023-08-18 00:00:00+00:00,0.0,0.0,0.365,0.342,20.0,100,890.2,3.1
AZL_TLW_01,2023-08-18 01:00:00+00:00,0.2,0.2,0.366,0.342,21.1,97,891.1,2.3
AZL_TLW_01,2023-08-18 02:00:00+00:00,0.1,0.1,0.365,0.342,22.5,91,891.7,2.0
AZL_TLW_01,2023-08-18 03:00:00+00:00,0.0,0.0,0.363,0.342,23.8,83,892.2,2.3
AZL_TLW_01,2023-08-18 04:00:00+00:00,0.0,0.0,0.361,0.342,25.4,75,892.5,1.8
AZL_TLW_01,2023-08-18 05:00:00+00:00,0.1,0.1,0.359,0.341,26.5,70,892.4,0.8
AZL_TLW_01,2023-08-18 06:00:00+00:00,0.1,0.1,0.357,0.34,27.9,62,891.6,0.4
AZL_TLW_01,2023-08-18 07:00:00+00:00,0.2,0.2,0.356,0.34,28.2,59,890.7,4.3
AZL_TLW_01,2023-08-18 08:00:00+00:00,0.6,0.6,0.357,0.339,26.0,65,889.9,7.2
AZL_TLW_01,2023-08-18 09:00:00+00:00,1.1,1.1,0.363,0.339,23.5,91,889.0,2.3
AZL_TLW_01,2023-08-18 10:00:00+00:00,0.1,0.1,0.362,0.339,23.7,81,888.8,3.1
AZL_TLW_01,2023-08-18 11:00:00+00:00,0.0,0.0,0.36,0.339,23.1,84,889.3,7.6
AZL_TLW_01,2023-08-18 12:00:00+00:00,0.1,0.1,0.379,0.34,21.7,96,889.1,2.6
AZL_TLW_01,2023-08-18 13:00:00+00:00,0.0,0.0,0.377,0.341,21.1,98,889.6,3.9
AZL_TLW_01,2023-08-18 14:00:00+00:00,0.0,0.0,0.375,0.341,20.7,99,890.1,3.7
AZL_TLW_01,2023-08-18 15:00:00+00:00,0.0,0.0,0.373,0.342,20.6,99,890.9,3.5
AZL_TLW_01,2023-08-18 16:00:00+00:00,0.0,0.0,0.371,0.342,20.2,99,891.3,3.1
AZL_TLW_01,2023-08-18 17:00:00+00:00,0.0,0.0,0.37,0.342,20.0,98,891.4,3.3
AZL_TLW_01,2023-08-18 18:00:00+00:00,0.0,0.0,0.369,0.343,19.7,98,891.2,3.3
AZL_TLW_01,2023-08-18 19:00:00+00:00,0.0,0.0,0.367,0.343,20.0,97,890.9,3.9
AZL_TLW_01,2023-08-18 20:00:00+00:00,0.0,0.0,0.366,0.343,20.0,97,891.2,0.8
AZL_TLW_01,2023-08-18 21:00:00+00:00,0.0,0.0,0.365,0.343,19.8,98,890.9,1.3
AZL_TLW_01,2023-08-18 22:00:00+00:00,0.0,0.0,0.365,0.343,19.8,98,891.0,1.5
AZL_TLW_01,2023-08-18 23:00:00+00:00,0.1,0.1,0.364,0.344,19.8,98,891.1,2.1
AZL_TLW_01,2023-08-19 00:00:00+00:00,0.0,0.0,0.365,0.346,19.8,100,891.5,3.3
AZL_TLW_01,2023-08-19 01:00:00+00:00,0.0,0.0,0.364,0.346,21.1,93,892.4,3.2
AZL_TLW_01,2023-08-19 02:00:00+00:00,0.1,0.1,0.363,0.346,22.3,86,893.3,2.3
AZL_TLW_01,2023-08-19 03:00:00+00:00,0.2,0.2,0.363,0.346,23.6,78,893.8,4.0
AZL_TLW_01,2023-08-19 04:00:00+00:00,0.3,0.3,0.362,0.345,25.1,69,893.9,6.5
AZL_TLW_01,2023-08-19 05:00:00+00:00,0.3,0.3,0.362,0.345,25.9,64,893.7,6.4
AZL_TLW_01,2023-08-19 06:00:00+00:00,0.1,0.1,0.36,0.344,26.8,59,893.4,6.2
AZL_TLW_01,2023-08-19 07:00:00+00:00,0.1,0.1,0.358,0.344,27.2,57,892.4,7.6
AZL_TLW_01,2023-08-19 08:00:00+00:00,0.2,0.2,0.357,0.343,27.4,57,891.4,5.0
AZL_TLW_01,2023-08-19 09:00:00+00:00,0.3,0.3,0.357,0.342,26.6,61,890.5,6.0
AZL_TLW_01,2023-08-19 10:00:00+00:00,0.2,0.2,0.356,0.342,25.1,67,890.2,9.7
AZL_TLW_01,2023-08-19 11:00:00+00:00,0.1,0.1,0.355,0.342,24.0,76,890.2,7.0
AZL_TLW_01,2023-08-19 12:00:00+00:00,0.0,0.0,0.337,0.339,23.0,83,891.1,4.4
AZL_TLW_01,2023-08-19 13:00:00+00:00,0.0,0.0,0.337,0.339,21.9,87,891.4,4.8
AZL_TLW_01,2023-08-19 14:00:00+00:00,0.0,0.0,0.337,0.339,21.4,88,891.8,3.3
AZL_TLW_01,2023-08-19 15:00:00+00:00,0.0,0.0,0.337,0.339,20.8,92,892.3,2.6
AZL_TLW_01,2023-08-19 16:00:00+00:00,0.0,0.0,0.337,0.339,20.6,92,892.4,1.9
AZL_TLW_01,2023-08-19 17:00:00+00:00,0.0,0.0,0.337,0.338,20.2,93,892.4,2.5
AZL_TLW_01,2023-08-19 18:00:00+00:00,0.0,0.0,0.337,0.338,19.9,94,892.0,2.9
AZL_TLW_01,2023-08-19 19:00:00+00:00,0.0,0.0,0.337,0.338,19.5,96,891.6,3.0
AZL_TLW_01,2023-08-19 20:00:00+00:00,0.0,0.0,0.337,0.338,19.2,97,891.2,1.9
AZL_TLW_01,2023-08-19 21:00:00+00:00,0.0,0.0,0.336,0.338,18.9,97,890.9,2.3
AZL_TLW_01,2023-08-19 22:00:00+00:00,0.0,0.0,0.336,0.338,18.7,97,890.9,2.1
AZL_TLW_01,2023-08-19 23:00:00+00:00,0.0,0.0,0.336,0.338,18.5,97,891.1,2.9
AZL_TLW_01,2023-08-20 00:00:00+00:00,0.0,0.0,0.334,0.337,18.3,100,891.6,2.7
AZL_TLW_01,2023-08-20 01:00:00+00:00,0.0,0.0,0.334,0.337,20.8,91,893.0,2.6
AZL_TLW_01,2023-08-20 02:00:00+00:00,0.0,0.0,0.333,0.337,22.7,80,893.9,1.6
AZL_TLW_01,2023-08-20 03:00:00+00:00,0.0,0.0,0.332,0.336,24.2,71,894.3,1.9
AZL_TLW_01,2023-08-20 04:00:00+00:00,0.1,0.1,0.331,0.335,25.2,66,894.4,2.9
AZL_TLW_01,2023-08-20 05:00:00+00:00,0.3,0.3,0.332,0.335,25.9,64,894.1,5.0
AZL_TLW_01,2023-08-20 06:00:00+00:00,0.5,0.5,0.333,0.334,26.1,65,893.4,6.3
AZL_TLW_01,2023-08-20 07:00:00+00:00,0.1,0.1,0.332,0.333,26.3,67,892.5,4.7
AZL_TLW_01,2023-08-20 08:00:00+00:00,0.0,0.0,0.33,0.332,27.0,63,891.3,4.3
AZL_TLW_01,2023-08-20 09:00:00+00:00,0.2,0.2,0.33,0.332,24.8,69,890.1,3.5
AZL_TLW_01,2023-08-20 10:00:00+00:00,0.4,0.4,0.332,0.331,23.6,79,889.6,4.3
AZL_TLW_01,2023-08-20 11:00:00+00:00,0.1,0.1,0.332,0.331,22.9,86,889.6,3.6
AZL_TLW_01,2023-08-20 12:00:00+00:00,0.2,0.2,0.333,0.33,22.3,96,890.3,3.4
AZL_TLW_01,2023-08-20 13:00:00+00:00,0.1,0.1,0.334,0.33,21.7,99,890.9,2.6
AZL_TLW_01,2023-08-20 14:00:00+00:00,0.2,0.2,0.336,0.33,21.2,99,891.0,2.1
AZL_TLW_01,2023-08-20 15:00:00+00:00,0.1,0.1,0.336,0.33,21.3,98,891.8,2.6
AZL_TLW_01,2023-08-20 16:00:00+00:00,0.0,0.0,0.336,0.33,21.2,97,892.0,3.3
AZL_TLW_01,2023-08-20 17:00:00+00:00,0.0,0.0,0.336,0.33,20.7,97,891.6,3.0
AZL_TLW_01,2023-08-20 18:00:00+00:00,0.0,0.0,0.336,0.33,20.1,98,891.1,2.5
AZL_TLW_01,2023-08-20 19:00:00+00:00,0.0,0.0,0.336,0.33,20.1,98,890.8,2.9
AZL_TLW_01,2023-08-20 20:00:00+00:00,0.0,0.0,0.335,0.329,19.9,98,890.3,3.7
AZL_TLW_01,2023-08-20 21:00:00+00:00,0.0,0.0,0.335,0.329,19.7,99,890.0,3.0
AZL_TLW_01,2023-08-20 22:00:00+00:00,0.0,0.0,0.335,0.329,19.3,99,889.7,2.2
AZL_TLW_01,2023-08-20 23:00:00+00:00,0.0,0.0,0.335,0.329,19.5,99,889.8,3.0
AZL_TLW_01,2023-08-21 00:00:00+00:00,0.0,0.0,0.334,0.329,20.4,99,890.6,3.8
AZL_TLW_01,2023-08-21 01:00:00+00:00,0.2,0.2,0.335,0.329,21.4,95,891.6,2.9
AZL_TLW_01,2023-08-21 02:00:00+00:00,0.0,0.0,0.335,0.329,21.9,96,892.0,3.8
AZL_TLW_01,2023-08-21 03:00:00+00:00,0.1,0.1,0.335,0.329,23.2,88,892.6,2.4
AZL_TLW_01,2023-08-21 04:00:00+00:00,0.2,0.2,0.335,0.328,23.8,82,892.8,1.4
AZL_TLW_01,2023-08-21 05:00:00+00:00,0.1,0.1,0.335,0.328,23.8,80,892.5,2.5
AZL_TLW_01,2023-08-21 06:00:00+00:00,0.1,0.1,0.334,0.328,25.0,75,892.3,2.6
AZL_TLW_01,2023-08-21 07:00:00+00:00,0.1,0.1,0.334,0.327,24.2,76,891.2,2.2
AZL_TLW_01,2023-08-21 08:00:00+00:00,0.2,0.2,0.334,0.327,23.8,79,890.0,3.3
AZL_TLW_01,2023-08-21 09:00:00+00:00,0.1,0.1,0.334,0.327,23.6,79,889.2,6.3
AZL_TLW_01,2023-08-21 10:00:00+00:00,0.1,0.1,0.333,0.326,23.2,80,889.2,5.7
AZL_TLW_01,2023-08-21 11:00:00+00:00,0.0,0.0,0.333,0.326,23.0,81,889.4,4.7
AZL_TLW_01,2023-08-21 12:00:00+00:00,0.0,0.0,0.379,0.329,21.1,98,890.1,4.0
AZL_TLW_01,2023-08-21 13:00:00+00:00,0.0,0.0,0.376,0.33,20.6,98,890.6,3.5
AZL_TLW_01,2023-08-21 14:00:00+00:00,0.0,0.0,0.374,0.331,20.4,97,891.0,3.3
AZL_TLW_01,2023-08-21 15:00:00+00:00,0.0,0.0,0.372,0.331,20.2,97,891.4,2.9
AZL_TLW_01,2023-08-21 16:00:00+00:00,0.0,0.0,0.37,0.332,20.0,97,891.6,3.2
AZL_TLW_01,2023-08-21 17:00:00+00:00,0.1,0.1,0.369,0.332,19.9,98,891.5,3.6
AZL_TLW_01,2023-08-21 18:00:00+00:00,0.0,0.0,0.367,0.333,19.6,98,891.5,4.0
AZL_TLW_01,2023-08-21 19:00:00+00:00,0.0,0.0,0.366,0.333,19.4,98,890.9,4.0
AZL_TLW_01,2023-08-21 20:00:00+00:00,0.0,0.0,0.365,0.333,19.2,98,890.4,3.8
AZL_TLW_01,2023-08-21 21:00:00+00:00,0.1,0.1,0.364,0.334,19.2,98,890.1,3.7
AZL_TLW_01,2023-08-21 22:00:00+00:00,0.3,0.3,0.365,0.334,18.8,100,889.8,3.1
AZL_TLW_01,2023-08-21 23:00:00+00:00,0.2,0.2,0.366,0.334,18.6,100,889.8,3.4
AZL_TLW_01,2023-08-22 00:00:00+00:00,0.1,0.1,0.366,0.334,19.5,89,890.7,3.1
AZL_TLW_01,2023-08-22 01:00:00+00:00,0.2,0.2,0.367,0.334,19.5,95,890.9,4.7
AZL_TLW_01,2023-08-22 02:00:00+00:00,0.0,0.0,0.365,0.335,19.6,96,891.5,3.6
AZL_TLW_01,2023-08-22 03:00:00+00:00,0.0,0.0,0.364,0.335,20.6,93,892.1,2.6
AZL_TLW_01,2023-08-22 04:00:00+00:00,0.0,0.0,0.362,0.335,21.1,90,892.7,2.8
AZL_TLW_01,2023-08-22 05:00:00+00:00,0.0,0.0,0.361,0.335,22.1,82,892.6,4.5
AZL_TLW_01,2023-08-22 06:00:00+00:00,0.0,0.0,0.359,0.335,21.9,81,891.9,5.8
AZL_TLW_01,2023-08-22 07:00:00+00:00,0.1,0.1,0.358,0.335,22.0,80,891.2,4.3
AZL_TLW_01,2023-08-22 08:00:00+00:00,0.0,0.0,0.356,0.335,23.1,72,890.4,6.9
AZL_TLW_01,2023-08-22 09:00:00+00:00,0.0,0.0,0.354,0.335,22.8,75,889.8,4.7
AZL_TLW_01,2023-08-22 10:00:00+00:00,0.2,0.2,0.354,0.334,22.3,78,889.7,4.3
AZL_TLW_01,2023-08-22 11:00:00+00:00,0.1,0.1,0.354,0.334,21.7,83,889.6,4.1
AZL_TLW_01,2023-08-22 12:00:00+00:00,0.0,0.0,0.35,0.334,22.1,80,890.8,2.9
AZL_TLW_01,2023-08-22 13:00:00+00:00,0.0,0.0,0.35,0.334,21.2,83,891.0,5.4
AZL_TLW_01,2023-08-22 14:00:00+00:00,0.0,0.0,0.349,0.334,20.5,87,891.5,5.5
AZL_TLW_01,2023-08-22 15:00:00+00:00,0.0,0.0,0.349,0.334,20.1,90,892.2,4.0
AZL_TLW_01,2023-08-22 16:00:00+00:00,0.0,0.0,0.348,0.334,19.9,91,892.1,4.7
AZL_TLW_01,2023-08-22 17:00:00+00:00,0.1,0.1,0.348,0.334,19.6,92,892.1,4.5
AZL_TLW_01,2023-08-22 18:00:00+00:00,0.2,0.2,0.349,0.334,19.4,93,891.5,3.7
AZL_TLW_01,2023-08-22 19:00:00+00:00,0.3,0.3,0.351,0.334,19.1,95,890.9,3.9
AZL_TLW_01,2023-08-22 20:00:00+00:00,0.4,0.4,0.353,0.334,18.9,96,890.3,3.4
AZL_TLW_01,2023-08-22 21:00:00+00:00,0.3,0.3,0.354,0.334,18.8,97,889.9,3.4
AZL_TLW_01,2023-08-22 22:00:00+00:00,0.3,0.3,0.356,0.335,18.7,98,889.5,3.8
AZL_TLW_01,2023-08-22 23:00:00+00:00,0.3,0.3,0.357,0.335,18.5,98,889.5,3.4
AZL_TLW_01,2023-08-23 00:00:00+00:00,0.2,0.2,0.367,0.334,19.4,94,890.2,3.3
AZL_TLW_01,2023-08-23 01:00:00+00:00,0.3,0.3,0.368,0.335,20.3,95,891.2,4.0
AZL_TLW_01,2023-08-23 02:00:00+00:00,0.1,0.1,0.367,0.335,20.7,92,891.6,5.4
AZL_TLW_01,2023-08-23 03:00:00+00:00,0.0,0.0,0.365,0.335,21.8,85,892.1,6.1
AZL_TLW_01,2023-08-23 04:00:00+00:00,0.0,0.0,0.364,0.335,22.5,79,892.3,6.9
AZL_TLW_01,2023-08-23 05:00:00+00:00,0.0,0.0,0.362,0.335,22.4,79,891.8,6.4
AZL_TLW_01,2023-08-23 06:00:00+00:00,0.0,0.0,0.36,0.335,23.1,74,891.1,7.4
AZL_TLW_01,2023-08-23 07:00:00+00:00,0.1,0.1,0.358,0.335,25.2,67,890.4,6.6
AZL_TLW_01,2023-08-23 08:00:00+00:00,0.0,0.0,0.356,0.334,25.9,64,889.2,7.9
AZL_TLW_01,2023-08-23 09:00:00+00:00,0.5,0.5,0.356,0.334,24.3,70,887.9,11.5
AZL_TLW_01,2023-08-23 10:00:00+00:00,0.0,0.0,0.355,0.334,23.3,77,887.6,10.2
AZL_TLW_01,2023-08-23 11:00:00+00:00,0.1,0.1,0.354,0.334,22.3,81,887.5,9.0
AZL_TLW_01,2023-08-23 12:00:00+00:00,0.0,0.0,0.361,0.34,21.4,88,888.3,6.3
AZL_TLW_01,2023-08-23 13:00:00+00:00,0.0,0.0,0.361,0.34,20.3,92,888.5,3.5
AZL_TLW_01,2023-08-23 14:00:00+00:00,0.0,0.0,0.36,0.34,20.0,93,889.0,4.9
AZL_TLW_01,2023-08-23 15:00:00+00:00,0.0,0.0,0.359,0.34,19.7,94,889.5,6.4
AZL_TLW_01,2023-08-23 16:00:00+00:00,0.0,0.0,0.359,0.34,19.4,95,889.5,4.3
AZL_TLW_01,2023-08-23 17:00:00+00:00,0.0,0.0,0.358,0.34,19.0,96,889.0,4.8
AZL_TLW_01,2023-08-23 18:00:00+00:00,0.0,0.0,0.357,0.34,18.7,97,888.6,5.6
AZL_TLW_01,2023-08-23 19:00:00+00:00,0.0,0.0,0.357,0.34,18.7,98,888.0,4.5
AZL_TLW_01,2023-08-23 20:00:00+00:00,0.0,0.0,0.356,0.34,18.6,98,887.5,5.2
AZL_TLW_01,2023-08-23 21:00:00+00:00,0.0,0.0,0.355,0.34,18.6,98,887.0,4.3
AZL_TLW_01,2023-08-23 22:00:00+00:00,0.0,0.0,0.355,0.34,18.5,98,887.0,4.6
AZL_TLW_01,2023-08-23 23:00:00+00:00,0.0,0.0,0.354,0.34,18.5,98,887.1,5.5
AZL_TLW_01,2023-08-24 00:00:00+00:00,0.0,0.0,0.349,0.339,19.8,96,888.1,5.2
AZL_TLW_01,2023-08-24 01:00:00+00:00,0.0,0.0,0.349,0.339,21.1,88,888.7,7.6
AZL_TLW_01,2023-08-24 02:00:00+00:00,0.0,0.0,0.348,0.339,22.3,81,889.7,6.9
AZL_TLW_01,2023-08-24 03:00:00+00:00,0.0,0.0,0.347,0.338,23.7,74,890.2,6.9
AZL_TLW_01,2023-08-24 04:00:00+00:00,0.1,0.1,0.346,0.338,25.4,64,890.4,10.7
AZL_TLW_01,2023-08-24 05:00:00+00:00,0.4,0.4,0.346,0.337,25.3,65,889.9,13.1
AZL_TLW_01,2023-08-24 06:00:00+00:00,0.4,0.4,0.347,0.337,25.7,65,888.9,12.1
AZL_TLW_01,2023-08-24 07:00:00+00:00,0.0,0.0,0.344,0.336,26.9,64,888.3,10.9
AZL_TLW_01,2023-08-24 08:00:00+00:00,2.4,2.4,0.363,0.336,23.6,80,887.1,9.2
AZL_TLW_01,2023-08-24 09:00:00+00:00,0.9,0.9,0.367,0.336,23.5,78,886.5,10.5
AZL_TLW_01,2023-08-24 10:00:00+00:00,0.3,0.3,0.368,0.336,22.8,81,886.2,11.8
AZL_TLW_01,2023-08-24 11:00:00+00:00,0.4,0.4,0.369,0.336,22.2,85,886.7,8.4
AZL_TLW_01,2023-08-24 12:00:00+00:00,0.0,0.0,0.345,0.327,21.2,89,887.0,5.1
AZL_TLW_01,2023-08-24 13:00:00+00:00,0.0,0.0,0.344,0.327,20.6,96,887.1,3.4
AZL_TLW_01,2023-08-24 14:00:00+00:00,0.0,0.0,0.344,0.327,20.3,96,888.1,3.7
AZL_TLW_01,2023-08-24 15:00:00+00:00,0.1,0.1,0.344,0.327,20.6,93,888.7,6.9
AZL_TLW_01,2023-08-24 16:00:00+00:00,0.4,0.4,0.347,0.327,20.4,94,888.7,9.4
AZL_TLW_01,2023-08-24 17:00:00+00:00,0.1,0.1,0.347,0.327,20.0,95,888.3,7.6
AZL_TLW_01,2023-08-24 18:00:00+00:00,0.0,0.0,0.346,0.327,19.9,95,888.2,8.6
AZL_TLW_01,2023-08-24 19:00:00+00:00,0.1,0.1,0.346,0.327,19.8,95,887.5,8.3
AZL_TLW_01,2023-08-24 20:00:00+00:00,0.0,0.0,0.346,0.327,19.7,96,886.9,7.2
AZL_TLW_01,2023-08-24 21:00:00+00:00,0.0,0.0,0.345,0.327,19.8,95,886.6,5.4
AZL_TLW_01,2023-08-24 22:00:00+00:00,0.0,0.0,0.345,0.328,19.5,96,887.1,7.0
AZL_TLW_01,2023-08-24 23:00:00+00:00,0.0,0.0,0.344,0.328,19.2,97,886.9,5.6
AZL_TLW_01,2023-08-25 00:00:00+00:00,0.0,0.0,0.359,0.332,19.8,96,887.4,6.5
AZL_TLW_01,2023-08-25 01:00:00+00:00,0.0,0.0,0.358,0.332,20.9,90,888.2,8.6
AZL_TLW_01,2023-08-25 02:00:00+00:00,0.0,0.0,0.357,0.332,22.1,84,888.9,10.1
AZL_TLW_01,2023-08-25 03:00:00+00:00,0.0,0.0,0.355,0.332,23.0,79,889.2,11.0
AZL_TLW_01,2023-08-25 04:00:00+00:00,0.0,0.0,0.354,0.332,24.5,71,889.5,9.2
AZL_TLW_01,2023-08-25 05:00:00+00:00,0.0,0.0,0.351,0.331,26.2,66,889.3,6.1
AZL_TLW_01,2023-08-25 06:00:00+00:00,0.0,0.0,0.348,0.331,26.9,62,888.8,9.2
AZL_TLW_01,2023-08-25 07:00:00+00:00,0.1,0.1,0.347,0.33,24.9,67,887.6,10.0
AZL_TLW_01,2023-08-25 08:00:00+00:00,0.1,0.1,0.346,0.33,25.5,66,886.7,11.0
AZL_TLW_01,2023-08-25 09:00:00+00:00,0.1,0.1,0.344,0.329,25.3,66,886.4,12.9
AZL_TLW_01,2023-08-25 10:00:00+00:00,0.1,0.1,0.343,0.329,23.8,73,886.3,14.8
AZL_TLW_01,2023-08-25 11:00:00+00:00,0.1,0.1,0.342,0.329,22.5,81,886.7,12.0
AZL_TLW_01,2023-08-25 12:00:00+00:00,0.1,0.1,0.344,0.327,21.1,89,887.4,9.3
AZL_TLW_01,2023-08-25 13:00:00+00:00,0.1,0.1,0.344,0.327,20.5,91,887.8,9.4
AZL_TLW_01,2023-08-25 14:00:00+00:00,0.1,0.1,0.343,0.327,20.3,92,888.2,7.3
AZL_TLW_01,2023-08-25 15:00:00+00:00,0.0,0.0,0.343,0.328,19.9,93,888.4,6.9
AZL_TLW_01,2023-08-25 16:00:00+00:00,0.0,0.0,0.343,0.328,19.8,93,888.4,5.4
AZL_TLW_01,2023-08-25 17:00:00+00:00,0.0,0.0,0.342,0.328,19.7,94,888.2,4.3
AZL_TLW_01,2023-08-25 18:00:00+00:00,0.0,0.0,0.342,0.328,19.7,95,887.6,2.8
AZL_TLW_01,2023-08-25 19:00:00+00:00,5.0,5.0,0.393,0.328,19.3,100,886.7,1.3
AZL_TLW_01,2023-08-25 20:00:00+00:00,3.2,3.2,0.415,0.334,19.3,100,886.2,5.0
AZL_TLW_01,2023-08-25 21:00:00+00:00,0.2,0.2,0.406,0.337,19.3,100,886.1,5.4
AZL_TLW_01,2023-08-25 22:00:00+00:00,0.1,0.1,0.399,0.34,19.4,98,886.2,7.2
AZL_TLW_01,2023-08-25 23:00:00+00:00,0.1,0.1,0.395,0.341,19.4,98,886.4,8.3
AZL_TLW_01,2023-08-26 00:00:00+00:00,0.0,0.0,0.429,0.344,19.7,98,887.5,8.0
AZL_TLW_01,2023-08-26 01:00:00+00:00,0.2,0.2,0.409,0.351,20.2,97,888.1,8.3
AZL_TLW_01,2023-08-26 02:00:00+00:00,0.2,0.2,0.403,0.353,20.6,98,888.9,7.0
AZL_TLW_01,2023-08-26 03:00:00+00:00,0.1,0.1,0.398,0.354,21.7,90,889.8,8.9
AZL_TLW_01,2023-08-26 04:00:00+00:00,0.2,0.2,0.395,0.355,21.8,88,889.7,9.5
AZL_TLW_01,2023-08-26 05:00:00+00:00,1.6,1.6,0.402,0.356,21.7,84,889.4,11.9
AZL_TLW_01,2023-08-26 06:00:00+00:00,0.4,0.4,0.4,0.357,22.0,93,888.6,8.2
AZL_TLW_01,2023-08-26 07:00:00+00:00,0.1,0.1,0.395,0.358,23.7,80,888.2,9.8
AZL_TLW_01,2023-08-26 08:00:00+00:00,1.7,1.7,0.402,0.359,22.2,86,887.2,11.0
AZL_TLW_01,2023-08-26 09:00:00+00:00,0.6,0.6,0.401,0.36,22.3,83,886.8,9.5
AZL_TLW_01,2023-08-26 10:00:00+00:00,1.1,1.1,0.403,0.362,21.7,90,886.5,10.9
AZL_TLW_01,2023-08-26 11:00:00+00:00,0.3,0.3,0.4,0.363,21.4,89,887.0,10.1
AZL_TLW_01,2023-08-26 12:00:00+00:00,0.2,0.2,0.405,0.399,20.6,94,887.3,7.7
AZL_TLW_01,2023-08-26 13:00:00+00:00,0.0,0.0,0.404,0.399,20.1,96,888.1,9.7
AZL_TLW_01,2023-08-26 14:00:00+00:00,0.0,0.0,0.403,0.398,19.7,97,888.7,9.0
AZL_TLW_01,2023-08-26 15:00:00+00:00,0.0,0.0,0.402,0.397,19.9,96,889.3,8.3
AZL_TLW_01,2023-08-26 16:00:00+00:00,0.0,0.0,0.401,0.396,19.8,96,889.4,8.3
AZL_TLW_01,2023-08-26 17:00:00+00:00,0.0,0.0,0.4,0.396,19.8,95,889.4,9.4
AZL_TLW_01,2023-08-26 18:00:00+00:00,0.0,0.0,0.399,0.395,19.6,96,888.7,7.9
AZL_TLW_01,2023-08-26 19:00:00+00:00,0.0,0.0,0.398,0.394,19.6,96,888.1,7.2
AZL_TLW_01,2023-08-26 20:00:00+00:00,0.0,0.0,0.397,0.393,19.6,95,887.3,6.8
AZL_TLW_01,2023-08-26 21:00:00+00:00,0.0,0.0,0.397,0.393,19.6,95,887.2,6.8
AZL_TLW_01,2023-08-26 22:00:00+00:00,0.0,0.0,0.396,0.392,19.3,96,887.1,5.4
AZL_TLW_01,2023-08-26 23:00:00+00:00,0.0,0.0,0.395,0.392,19.5,95,887.3,4.0
AZL_TLW_01,2023-08-27 00:00:00+00:00,0.0,0.0,0.393,0.391,19.8,96,888.3,6.8
AZL_TLW_01,2023-08-27 01:00:00+00:00,0.0,0.0,0.393,0.391,20.2,92,889.0,7.9
AZL_TLW_01,2023-08-27 02:00:00+00:00,0.0,0.0,0.392,0.39,21.1,87,889.5,8.2
AZL_TLW_01,2023-08-27 03:00:00+00:00,0.1,0.1,0.391,0.389,22.2,85,890.0,9.4
AZL_TLW_01,2023-08-27 04:00:00+00:00,0.0,0.0,0.39,0.388,23.8,78,890.6,9.6
AZL_TLW_01,2023-08-27 05:00:00+00:00,0.0,0.0,0.388,0.387,23.9,75,890.0,7.9
AZL_TLW_01,2023-08-27 06:00:00+00:00,0.2,0.2,0.387,0.386,24.5,71,889.2,8.2
AZL_TLW_01,2023-08-27 07:00:00+00:00,0.3,0.3,0.387,0.384,25.8,67,888.5,9.0
AZL_TLW_01,2023-08-27 08:00:00+00:00,0.1,0.1,0.385,0.383,25.4,70,887.3,7.6
AZL_TLW_01,2023-08-27 09:00:00+00:00,0.1,0.1,0.384,0.382,24.7,70,886.8,12.0
AZL_TLW_01,2023-08-27 10:00:00+00:00,0.0,0.0,0.382,0.381,24.0,74,886.4,11.3
AZL_TLW_01,2023-08-27 11:00:00+00:00,0.0,0.0,0.381,0.38,23.0,80,886.5,9.1
AZL_TLW_01,2023-08-27 12:00:00+00:00,0.0,0.0,0.401,0.388,22.0,85,887.2,7.2
AZL_TLW_01,2023-08-27 13:00:00+00:00,0.0,0.0,0.399,0.388,21.1,88,887.6,6.1
AZL_TLW_01,2023-08-27 14:00:00+00:00,0.0,0.0,0.398,0.388,20.7,90,888.3,7.2
AZL_TLW_01,2023-08-27 15:00:00+00:00,0.0,0.0,0.396,0.388,20.1,93,888.7,7.2
AZL_TLW_01,2023-08-27 16:00:00+00:00,0.0,0.0,0.395,0.387,19.6,95,889.0,6.5
AZL_TLW_01,2023-08-27 17:00:00+00:00,0.0,0.0,0.394,0.387,19.3,95,888.9,6.1
AZL_TLW_01,2023-08-27 18:00:00+00:00,0.0,0.0,0.393,0.386,19.3,95,888.8,6.2
AZL_TLW_01,2023-08-27 19:00:00+00:00,0.0,0.0,0.392,0.386,19.2,94,888.2,6.9
AZL_TLW_01,2023-08-27 20:00:00+00:00,0.0,0.0,0.391,0.386,18.8,95,887.8,5.5
AZL_TLW_01,2023-08-27 21:00:00+00:00,0.0,0.0,0.39,0.385,18.6,95,887.3,4.8
AZL_TLW_01,2023-08-27 22:00:00+00:00,0.0,0.0,0.389,0.385,18.4,95,887.1,4.8
AZL_TLW_01,2023-08-27 23:00:00+00:00,0.0,0.0,0.389,0.384,18.0,96,887.2,5.2
AZL_TLW_01,2023-08-28 00:00:00+00:00,0.0,0.0,0.386,0.383,19.5,93,888.4,3.5
AZL_TLW_01,2023-08-28 01:00:00+00:00,0.0,0.0,0.385,0.383,20.4,89,889.3,5.4
AZL_TLW_01,2023-08-28 02:00:00+00:00,0.0,0.0,0.384,0.382,21.5,83,889.9,9.7
AZL_TLW_01,2023-08-28 03:00:00+00:00,0.0,0.0,0.383,0.381,22.7,77,890.8,9.4
AZL_TLW_01,2023-08-28 04:00:00+00:00,0.1,0.1,0.382,0.38,23.5,74,891.2,8.2
AZL_TLW_01,2023-08-28 05:00:00+00:00,0.0,0.0,0.381,0.379,23.1,78,890.8,6.2
AZL_TLW_01,2023-08-28 06:00:00+00:00,0.0,0.0,0.38,0.379,23.4,77,889.9,4.1
AZL_TLW_01,2023-08-28 07:00:00+00:00,0.0,0.0,0.378,0.378,23.9,75,889.1,3.8
AZL_TLW_01,2023-08-28 08:00:00+00:00,0.0,0.0,0.377,0.377,24.3,73,888.2,3.1
AZL_TLW_01,2023-08-28 09:00:00+00:00,0.0,0.0,0.375,0.376,25.2,69,887.8,2.5
AZL_TLW_01,2023-08-28 10:00:00+00:00,0.0,0.0,0.373,0.375,25.3,68,887.5,3.2
AZL_TLW_01,2023-08-28 11:00:00+00:00,0.0,0.0,0.372,0.374,24.7,73,887.2,2.5
AZL_TLW_01,2023-08-28 12:00:00+00:00,0.0,0.0,0.36,0.368,22.3,88,887.7,4.1
AZL_TLW_01,2023-08-28 13:00:00+00:00,0.0,0.0,0.36,0.368,21.3,90,887.8,3.3
AZL_TLW_01,2023-08-28 14:00:00+00:00,0.0,0.0,0.36,0.367,20.7,92,888.6,3.3
AZL_TLW_01,2023-08-28 15:00:00+00:00,0.0,0.0,0.361,0.367,20.7,91,889.3,1.3
AZL_TLW_01,2023-08-28 16:00:00+00:00,0.0,0.0,0.361,0.367,19.3,97,889.2,1.9
AZL_TLW_01,2023-08-28 17:00:00+00:00,0.0,0.0,0.361,0.366,19.0,97,889.0,2.4
AZL_TLW_01,2023-08-28 18:00:00+00:00,0.0,0.0,0.361,0.366,18.5,98,888.9,3.3
AZL_TLW_01,2023-08-28 19:00:00+00:00,0.0,0.0,0.361,0.366,18.7,98,888.6,1.4
AZL_TLW_01,2023-08-28 20:00:00+00:00,0.0,0.0,0.361,0.365,18.0,99,888.1,1.5
AZL_TLW_01,2023-08-28 21:00:00+00:00,0.0,0.0,0.361,0.365,18.0,98,887.9,2.3
AZL_TLW_01,2023-08-28 22:00:00+00:00,0.0,0.0,0.361,0.365,17.6,98,888.0,2.0
AZL_TLW_01,2023-08-28 23:00:00+00:00,0.0,0.0,0.361,0.364,17.2,99,887.8,2.9
AZL_TLW_01,2023-08-29 00:00:00+00:00,0.0,0.0,0.35,0.359,17.8,99,888.0,2.2
AZL_TLW_01,2023-08-29 01:00:00+00:00,0.0,0.0,0.349,0.358,20.7,91,890.0,1.0
AZL_TLW_01,2023-08-29 02:00:00+00:00,0.0,0.0,0.349,0.358,23.1,79,891.1,3.3
AZL_TLW_01,2023-08-29 03:00:00+00:00,0.0,0.0,0.348,0.357,24.5,69,891.6,4.3
AZL_TLW_01,2023-08-29 04:00:00+00:00,0.0,0.0,0.346,0.356,26.0,60,891.8,6.1
AZL_TLW_01,2023-08-29 05:00:00+00:00,0.0,0.0,0.344,0.355,26.8,57,891.3,6.9
AZL_TLW_01,2023-08-29 06:00:00+00:00,0.0,0.0,0.342,0.353,28.0,52,890.3,7.0
AZL_TLW_01,2023-08-29 07:00:00+00:00,0.0,0.0,0.34,0.352,28.0,52,889.0,7.8
AZL_TLW_01,2023-08-29 08:00:00+00:00,0.0,0.0,0.338,0.351,28.2,52,888.3,6.6
AZL_TLW_01,2023-08-29 09:00:00+00:00,0.0,0.0,0.336,0.35,28.0,52,887.7,7.0
AZL_TLW_01,2023-08-29 10:00:00+00:00,0.0,0.0,0.335,0.349,27.1,56,887.2,7.1
AZL_TLW_01,2023-08-29 11:00:00+00:00,0.0,0.0,0.334,0.349,25.9,66,887.3,5.9
AZL_TLW_01,2023-08-29 12:00:00+00:00,0.0,0.0,0.328,0.346,23.7,78,887.6,4.1
AZL_TLW_01,2023-08-29 13:00:00+00:00,0.0,0.0,0.328,0.346,22.6,81,888.3,3.1
AZL_TLW_01,2023-08-29 14:00:00+00:00,0.0,0.0,0.329,0.346,22.2,83,889.0,4.0
AZL_TLW_01,2023-08-29 15:00:00+00:00,0.0,0.0,0.329,0.345,21.4,87,889.7,3.7
AZL_TLW_01,2023-08-29 16:00:00+00:00,0.0,0.0,0.329,0.345,20.8,90,890.0,3.2
AZL_TLW_01,2023-08-29 17:00:00+00:00,0.0,0.0,0.33,0.345,20.6,90,890.1,3.7
AZL_TLW_01,2023-08-29 18:00:00+00:00,0.0,0.0,0.33,0.345,20.7,89,890.2,2.4
AZL_TLW_01,2023-08-29 19:00:00+00:00,0.0,0.0,0.33,0.344,19.8,95,889.5,2.9
AZL_TLW_01,2023-08-29 20:00:00+00:00,0.0,0.0,0.33,0.344,19.3,96,888.8,3.1
AZL_TLW_01,2023-08-29 21:00:00+00:00,0.0,0.0,0.331,0.344,19.2,96,888.6,1.4
AZL_TLW_01,2023-08-29 22:00:00+00:00,0.0,0.0,0.331,0.344,19.0,97,888.4,1.1
AZL_TLW_01,2023-08-29 23:00:00+00:00,0.0,0.0,0.331,0.344,18.7,97,888.4,1.1
AZL_TLW_01,2023-08-30 00:00:00+00:00,0.0,0.0,0.33,0.341,19.0,98,889.0,1.8
AZL_TLW_01,2023-08-30 01:00:00+00:00,0.0,0.0,0.33,0.34,22.0,87,890.6,0.4
AZL_TLW_01,2023-08-30 02:00:00+00:00,0.0,0.0,0.329,0.34,24.0,78,891.3,2.3
AZL_TLW_01,2023-08-30 03:00:00+00:00,0.0,0.0,0.328,0.339,25.8,70,892.1,3.3
AZL_TLW_01,2023-08-30 04:00:00+00:00,0.0,0.0,0.326,0.338,27.4,61,892.4,5.1
AZL_TLW_01,2023-08-30 05:00:00+00:00,0.0,0.0,0.324,0.337,28.4,56,892.1,5.0
AZL_TLW_01,2023-08-30 06:00:00+00:00,0.0,0.0,0.322,0.336,29.2,53,891.4,6.0
AZL_TLW_01,2023-08-30 07:00:00+00:00,0.0,0.0,0.32,0.335,29.5,54,890.4,6.4
AZL_TLW_01,2023-08-30 08:00:00+00:00,0.0,0.0,0.318,0.334,29.0,55,889.7,5.0
AZL_TLW_01,2023-08-30 09:00:00+00:00,1.4,1.4,0.327,0.333,27.4,66,888.8,5.8
AZL_TLW_01,2023-08-30 10:00:00+00:00,0.5,0.5,0.329,0.333,24.7,80,888.7,7.8
AZL_TLW_01,2023-08-30 11:00:00+00:00,0.1,0.1,0.33,0.333,23.2,86,889.0,5.9
AZL_TLW_01,2023-08-30 12:00:00+00:00,0.0,0.0,0.396,0.344,21.4,98,889.0,2.9
AZL_TLW_01,2023-08-30 13:00:00+00:00,0.1,0.1,0.392,0.345,20.6,99,889.6,2.7
AZL_TLW_01,2023-08-30 14:00:00+00:00,0.4,0.4,0.392,0.347,20.6,100,890.7,5.1
AZL_TLW_01,2023-08-30 15:00:00+00:00,3.7,3.7,0.43,0.348,20.0,100,891.7,6.5
AZL_TLW_01,2023-08-30 16:00:00+00:00,3.4,3.4,0.414,0.365,19.8,100,891.5,2.4
AZL_TLW_01,2023-08-30 17:00:00+00:00,2.9,2.9,0.43,0.37,19.6,100,891.7,4.1
AZL_TLW_01,2023-08-30 18:00:00+00:00,0.2,0.2,0.413,0.376,19.5,100,891.1,1.5
AZL_TLW_01,2023-08-30 19:00:00+00:00,0.9,0.9,0.418,0.378,19.3,100,890.6,5.4
AZL_TLW_01,2023-08-30 20:00:00+00:00,3.0,3.0,0.43,0.385,19.1,100,890.6,4.1
AZL_TLW_01,2023-08-30 21:00:00+00:00,4.2,4.2,0.426,0.402,19.1,100,890.5,3.1
AZL_TLW_01,2023-08-30 22:00:00+00:00,0.3,0.3,0.42,0.403,19.1,100,890.3,3.3
AZL_TLW_01,2023-08-30 23:00:00+00:00,0.3,0.3,0.418,0.404,18.9,100,890.0,3.2
AZL_TLW_01,2023-08-31 00:00:00+00:00,0.2,0.2,0.418,0.41,19.6,100,891.2,3.6
AZL_TLW_01,2023-08-31 01:00:00+00:00,0.0,0.0,0.415,0.409,21.0,95,892.2,2.8
AZL_TLW_01,2023-08-31 02:00:00+00:00,0.0,0.0,0.413,0.408,22.2,91,892.9,1.1
AZL_TLW_01,2023-08-31 03:00:00+00:00,0.0,0.0,0.41,0.407,23.7,81,893.5,2.6
AZL_TLW_01,2023-08-31 04:00:00+00:00,0.0,0.0,0.408,0.405,25.0,74,893.8,3.9
AZL_TLW_01,2023-08-31 05:00:00+00:00,0.0,0.0,0.405,0.403,26.5,69,893.7,4.8
AZL_TLW_01,2023-08-31 06:00:00+00:00,0.0,0.0,0.402,0.401,27.4,65,892.9,5.3
AZL_TLW_01,2023-08-31 07:00:00+00:00,0.1,0.1,0.399,0.399,27.6,64,891.6,6.1
AZL_TLW_01,2023-08-31 08:00:00+00:00,2.1,2.1,0.412,0.398,26.4,71,890.5,7.9
AZL_TLW_01,2023-08-31 09:00:00+00:00,0.9,0.9,0.414,0.398,25.3,79,889.7,4.4
AZL_TLW_01,2023-08-31 10:00:00+00:00,1.9,1.9,0.423,0.399,22.9,88,889.3,2.6
AZL_TLW_01,2023-08-31 11:00:00+00:00,0.2,0.2,0.417,0.4,22.3,96,889.3,3.3
AZL_TLW_01,2023-08-31 12:00:00+00:00,0.1,0.1,0.403,0.4,21.7,99,889.7,4.0
AZL_TLW_01,2023-08-31 13:00:00+00:00,0.1,0.1,0.403,0.399,21.4,98,890.3,4.8
AZL_TLW_01,2023-08-31 14:00:00+00:00,0.0,0.0,0.402,0.398,21.0,97,891.0,5.4
AZL_TLW_01,2023-08-31 15:00:00+00:00,0.0,0.0,0.401,0.398,20.4,98,891.8,7.6
AZL_TLW_01,2023-08-31 16:00:00+00:00,0.0,0.0,0.4,0.397,19.7,96,891.9,6.2
AZL_TLW_01,2023-08-31 17:00:00+00:00,0.0,0.0,0.399,0.396,19.1,98,891.9,5.4
AZL_TLW_01,2023-08-31 18:00:00+00:00,0.0,0.0,0.398,0.395,18.7,98,891.2,3.3
AZL_TLW_01,2023-08-31 19:00:00+00:00,0.0,0.0,0.397,0.395,18.6,98,890.6,3.1
AZL_TLW_01,2023-08-31 20:00:00+00:00,0.0,0.0,0.397,0.394,18.6,98,890.0,2.5
AZL_TLW_01,2023-08-31 21:00:00+00:00,0.0,0.0,0.396,0.393,18.6,98,889.9,2.4
AZL_TLW_01,2023-08-31 22:00:00+00:00,0.0,0.0,0.395,0.393,18.7,99,890.0,4.7
AZL_TLW_01,2023-08-31 23:00:00+00:00,0.0,0.0,0.394,0.392,17.9,99,890.1,2.2
