station_id,datetime_utc,precipitation,rain,soil_moisture_0_to_7cm,soil_moisture_7_to_28cm,temperature_2m,relative_humidity_2m,surface_pressure,wind_speed_10m
TUR_SMS_04,2023-05-01 00:00:00+00:00,0.0,0.0,0.401,0.312,21.9,92,967.3,4.2
TUR_SMS_04,2023-05-01 01:00:00+00:00,0.0,0.0,0.4,0.312,24.1,83,968.4,1.5
TUR_SMS_04,2023-05-01 02:00:00+00:00,0.0,0.0,0.4,0.312,25.7,71,969.5,3.4
TUR_SMS_04,2023-05-01 03:00:00+00:00,0.0,0.0,0.398,0.312,26.7,66,970.2,4.7
TUR_SMS_04,2023-05-01 04:00:00+00:00,0.0,0.0,0.396,0.312,27.6,61,970.3,5.3
TUR_SMS_04,2023-05-01 05:00:00+00:00,0.0,0.0,0.394,0.312,28.8,56,970.0,7.0
TUR_SMS_04,2023-05-01 06:00:00+00:00,0.1,0.1,0.392,0.312,29.7,53,969.3,8.9
TUR_SMS_04,2023-05-01 07:00:00+00:00,0.0,0.0,0.389,0.312,30.1,53,968.5,10.8
TUR_SMS_04,2023-05-01 08:00:00+00:00,0.0,0.0,0.387,0.312,30.0,50,967.6,13.0
TUR_SMS_04,2023-05-01 09:00:00+00:00,0.0,0.0,0.386,0.312,28.2,56,966.9,11.0
TUR_SMS_04,2023-05-01 10:00:00+00:00,0.0,0.0,0.384,0.312,27.2,60,967.1,11.5
TUR_SMS_04,2023-05-01 11:00:00+00:00,6.3,6.3,0.464,0.312,22.9,82,969.0,14.1
TUR_SMS_04,2023-05-01 12:00:00+00:00,2.0,2.0,0.384,0.31,24.4,78,968.6,4.1
TUR_SMS_04,2023-05-01 13:00:00+00:00,0.2,0.2,0.385,0.31,23.8,84,969.0,1.3
TUR_SMS_04,2023-05-01 14:00:00+00:00,0.0,0.0,0.385,0.311,23.3,88,970.1,2.3
TUR_SMS_04,2023-05-01 15:00:00+00:00,0.0,0.0,0.385,0.311,23.0,88,970.3,2.5
TUR_SMS_04,2023-05-01 16:00:00+00:00,0.0,0.0,0.385,0.311,22.5,88,970.3,2.5
TUR_SMS_04,2023-05-01 17:00:00+00:00,0.0,0.0,0.384,0.311,22.3,86,970.0,2.1
TUR_SMS_04,2023-05-01 18:00:00+00:00,0.0,0.0,0.384,0.311,22.3,85,969.6,4.0
TUR_SMS_04,2023-05-01 19:00:00+00:00,0.0,0.0,0.384,0.311,23.7,75,969.3,2.2
TUR_SMS_04,2023-05-01 20:00:00+00:00,0.0,0.0,0.384,0.311,21.8,86,968.2,3.1
TUR_SMS_04,2023-05-01 21:00:00+00:00,0.0,0.0,0.384,0.311,21.6,86,967.6,3.3
TUR_SMS_04,2023-05-01 22:00:00+00:00,0.0,0.0,0.383,0.311,23.8,74,967.9,3.1
TUR_SMS_04,2023-05-01 23:00:00+00:00,0.0,0.0,0.383,0.311,22.9,79,968.5,3.2
TUR_SMS_04,2023-05-02 00:00:00+00:00,0.0,0.0,0.381,0.311,21.8,90,968.7,2.8
TUR_SMS_04,2023-05-02 01:00:00+00:00,0.0,0.0,0.38,0.311,24.0,79,969.9,0.8
TUR_SMS_04,2023-05-02 02:00:00+00:00,0.0,0.0,0.38,0.311,25.4,72,970.9,3.2
TUR_SMS_04,2023-05-02 03:00:00+00:00,0.0,0.0,0.379,0.311,26.6,66,971.3,6.0
TUR_SMS_04,2023-05-02 04:00:00+00:00,0.4,0.4,0.38,0.311,27.8,59,971.5,10.5
TUR_SMS_04,2023-05-02 05:00:00+00:00,1.8,1.8,0.398,0.311,28.6,55,971.1,11.3
TUR_SMS_04,2023-05-02 06:00:00+00:00,0.2,0.2,0.398,0.311,29.1,53,970.7,11.8
TUR_SMS_04,2023-05-02 07:00:00+00:00,0.8,0.8,0.402,0.311,29.3,53,969.6,11.6
TUR_SMS_04,2023-05-02 08:00:00+00:00,0.5,0.5,0.404,0.311,29.7,50,968.4,11.9
TUR_SMS_04,2023-05-02 09:00:00+00:00,0.3,0.3,0.405,0.311,28.9,53,967.4,13.3
TUR_SMS_04,2023-05-02 10:00:00+00:00,0.3,0.3,0.405,0.311,27.7,56,967.2,12.5
TUR_SMS_04,2023-05-02 11:00:00+00:00,0.4,0.4,0.407,0.311,26.8,62,967.6,7.2
TUR_SMS_04,2023-05-02 12:00:00+00:00,0.6,0.6,0.375,0.31,23.2,76,968.4,13.7
TUR_SMS_04,2023-05-02 13:00:00+00:00,0.2,0.2,0.377,0.31,22.4,81,968.3,3.1
TUR_SMS_04,2023-05-02 14:00:00+00:00,0.0,0.0,0.377,0.31,22.7,79,968.8,2.8
TUR_SMS_04,2023-05-02 15:00:00+00:00,0.0,0.0,0.376,0.31,22.8,75,969.3,3.7
TUR_SMS_04,2023-05-02 16:00:00+00:00,0.0,0.0,0.376,0.31,22.0,75,970.0,1.1
TUR_SMS_04,2023-05-02 17:00:00+00:00,0.0,0.0,0.376,0.31,22.0,74,970.2,1.6
TUR_SMS_04,2023-05-02 18:00:00+00:00,0.0,0.0,0.376,0.31,21.9,74,970.1,2.6
TUR_SMS_04,2023-05-02 19:00:00+00:00,0.0,0.0,0.376,0.31,21.8,75,969.5,3.7
TUR_SMS_04,2023-05-02 20:00:00+00:00,0.0,0.0,0.376,0.311,21.8,75,969.1,4.0
TUR_SMS_04,2023-05-02 21:00:00+00:00,1.0,1.0,0.386,0.311,21.3,82,968.9,10.9
TUR_SMS_04,2023-05-02 22:00:00+00:00,0.0,0.0,0.386,0.311,20.8,85,968.7,4.2
TUR_SMS_04,2023-05-02 23:00:00+00:00,0.0,0.0,0.385,0.311,21.0,83,969.1,1.8
TUR_SMS_04,2023-05-03 00:00:00+00:00,0.0,0.0,0.374,0.311,21.6,83,970.2,8.8
TUR_SMS_04,2023-05-03 01:00:00+00:00,0.0,0.0,0.373,0.311,24.3,75,971.2,6.6
TUR_SMS_04,2023-05-03 02:00:00+00:00,0.0,0.0,0.373,0.311,26.2,63,971.9,3.4
TUR_SMS_04,2023-05-03 03:00:00+00:00,0.0,0.0,0.372,0.311,27.1,62,972.6,5.4
TUR_SMS_04,2023-05-03 04:00:00+00:00,0.9,0.9,0.377,0.311,27.1,62,972.6,9.9
TUR_SMS_04,2023-05-03 05:00:00+00:00,0.2,0.2,0.378,0.311,26.3,71,971.7,7.4
TUR_SMS_04,2023-05-03 06:00:00+00:00,0.1,0.1,0.377,0.31,28.7,56,971.3,7.3
TUR_SMS_04,2023-05-03 07:00:00+00:00,0.2,0.2,0.377,0.31,27.4,62,970.5,7.2
TUR_SMS_04,2023-05-03 08:00:00+00:00,0.4,0.4,0.378,0.31,28.2,60,969.1,9.2
TUR_SMS_04,2023-05-03 09:00:00+00:00,0.2,0.2,0.379,0.31,27.5,62,968.4,14.1
TUR_SMS_04,2023-05-03 10:00:00+00:00,1.6,1.6,0.393,0.31,22.3,93,968.5,8.2
TUR_SMS_04,2023-05-03 11:00:00+00:00,1.4,1.4,0.41,0.31,23.4,89,967.2,7.6
TUR_SMS_04,2023-05-03 12:00:00+00:00,0.0,0.0,0.363,0.309,24.8,74,968.0,11.4
TUR_SMS_04,2023-05-03 13:00:00+00:00,0.0,0.0,0.362,0.309,25.2,72,968.0,7.9
TUR_SMS_04,2023-05-03 14:00:00+00:00,3.2,3.2,0.401,0.309,23.3,81,970.2,5.1
TUR_SMS_04,2023-05-03 15:00:00+00:00,0.1,0.1,0.402,0.309,23.1,87,970.2,6.6
TUR_SMS_04,2023-05-03 16:00:00+00:00,0.0,0.0,0.401,0.31,23.4,84,970.3,9.7
TUR_SMS_04,2023-05-03 17:00:00+00:00,0.0,0.0,0.401,0.31,23.4,85,970.4,8.1
TUR_SMS_04,2023-05-03 18:00:00+00:00,0.0,0.0,0.401,0.31,23.4,86,969.6,7.6
TUR_SMS_04,2023-05-03 19:00:00+00:00,0.0,0.0,0.4,0.31,22.7,88,969.0,6.1
TUR_SMS_04,2023-05-03 20:00:00+00:00,0.0,0.0,0.4,0.31,22.9,87,968.4,8.9
TUR_SMS_04,2023-05-03 21:00:00+00:00,0.0,0.0,0.399,0.31,22.1,91,968.1,2.9
TUR_SMS_04,2023-05-03 22:00:00+00:00,2.7,2.7,0.433,0.311,20.7,92,968.4,13.3
TUR_SMS_04,2023-05-03 23:00:00+00:00,0.0,0.0,0.432,0.311,21.6,89,968.7,4.7
TUR_SMS_04,2023-05-04 00:00:00+00:00,0.0,0.0,0.48,0.333,22.4,92,969.5,4.3
TUR_SMS_04,2023-05-04 01:00:00+00:00,0.0,0.0,0.475,0.335,24.1,84,970.4,6.9
TUR_SMS_04,2023-05-04 02:00:00+00:00,0.0,0.0,0.47,0.336,24.0,86,971.1,9.4
TUR_SMS_04,2023-05-04 03:00:00+00:00,0.0,0.0,0.466,0.337,25.4,78,971.3,9.3
TUR_SMS_04,2023-05-04 04:00:00+00:00,0.4,0.4,0.465,0.338,25.9,72,971.6,10.1
TUR_SMS_04,2023-05-04 05:00:00+00:00,0.0,0.0,0.461,0.339,26.4,72,971.1,9.1
TUR_SMS_04,2023-05-04 06:00:00+00:00,0.1,0.1,0.457,0.34,28.0,64,970.2,8.4
TUR_SMS_04,2023-05-04 07:00:00+00:00,1.0,1.0,0.462,0.34,27.8,64,969.2,7.6
TUR_SMS_04,2023-05-04 08:00:00+00:00,0.3,0.3,0.461,0.341,26.8,70,968.0,9.4
TUR_SMS_04,2023-05-04 09:00:00+00:00,0.8,0.8,0.463,0.342,27.4,66,966.6,10.9
TUR_SMS_04,2023-05-04 10:00:00+00:00,1.4,1.4,0.472,0.343,25.3,80,966.3,11.4
TUR_SMS_04,2023-05-04 11:00:00+00:00,1.2,1.2,0.481,0.344,24.7,82,966.0,10.4
TUR_SMS_04,2023-05-04 12:00:00+00:00,0.3,0.3,0.447,0.342,22.1,86,967.5,5.6
TUR_SMS_04,2023-05-04 13:00:00+00:00,2.0,2.0,0.47,0.343,21.3,89,967.4,9.8
TUR_SMS_04,2023-05-04 14:00:00+00:00,0.0,0.0,0.466,0.344,21.8,89,968.2,8.7
TUR_SMS_04,2023-05-04 15:00:00+00:00,0.1,0.1,0.464,0.345,22.3,88,968.2,10.3
TUR_SMS_04,2023-05-04 16:00:00+00:00,0.2,0.2,0.463,0.346,22.3,88,968.5,8.7
TUR_SMS_04,2023-05-04 17:00:00+00:00,0.0,0.0,0.46,0.347,21.9,90,968.5,9.4
TUR_SMS_04,2023-05-04 18:00:00+00:00,0.0,0.0,0.458,0.348,21.7,90,968.2,10.1
TUR_SMS_04,2023-05-04 19:00:00+00:00,0.0,0.0,0.456,0.349,21.4,91,967.5,10.0
TUR_SMS_04,2023-05-04 20:00:00+00:00,0.0,0.0,0.454,0.349,21.2,92,967.1,9.7
TUR_SMS_04,2023-05-04 21:00:00+00:00,0.0,0.0,0.452,0.35,21.1,93,966.4,8.9
TUR_SMS_04,2023-05-04 22:00:00+00:00,0.0,0.0,0.45,0.351,20.9,94,966.1,8.5
TUR_SMS_04,2023-05-04 23:00:00+00:00,0.0,0.0,0.449,0.351,20.7,95,966.3,7.9
TUR_SMS_04,2023-05-05 00:00:00+00:00,0.0,0.0,0.45,0.369,21.4,95,967.4,10.0
TUR_SMS_04,2023-05-05 01:00:00+00:00,0.0,0.0,0.449,0.369,22.5,92,968.1,10.8
TUR_SMS_04,2023-05-05 02:00:00+00:00,0.0,0.0,0.447,0.369,23.5,86,968.9,9.5
TUR_SMS_04,2023-05-05 03:00:00+00:00,0.1,0.1,0.446,0.37,24.8,80,969.1,8.7
TUR_SMS_04,2023-05-05 04:00:00+00:00,0.1,0.1,0.444,0.37,26.0,77,969.1,8.6
TUR_SMS_04,2023-05-05 05:00:00+00:00,0.0,0.0,0.441,0.37,26.8,74,968.4,10.4
TUR_SMS_04,2023-05-05 06:00:00+00:00,0.2,0.2,0.44,0.369,27.2,72,967.3,10.6
TUR_SMS_04,2023-05-05 07:00:00+00:00,0.0,0.0,0.437,0.369,27.9,70,966.3,10.1
TUR_SMS_04,2023-05-05 08:00:00+00:00,0.1,0.1,0.434,0.369,28.2,69,964.9,11.6
TUR_SMS_04,2023-05-05 09:00:00+00:00,1.5,1.5,0.444,0.369,28.3,63,964.1,11.5
TUR_SMS_04,2023-05-05 10:00:00+00:00,0.7,0.7,0.449,0.369,28.2,62,963.4,11.4
TUR_SMS_04,2023-05-05 11:00:00+00:00,0.0,0.0,0.447,0.369,27.3,69,963.4,10.1
TUR_SMS_04,2023-05-05 12:00:00+00:00,0.0,0.0,0.425,0.369,27.3,68,963.9,6.3
TUR_SMS_04,2023-05-05 13:00:00+00:00,0.0,0.0,0.424,0.369,25.7,74,964.2,5.9
TUR_SMS_04,2023-05-05 14:00:00+00:00,0.0,0.0,0.424,0.369,25.4,74,964.7,5.4
TUR_SMS_04,2023-05-05 15:00:00+00:00,0.0,0.0,0.423,0.369,25.1,75,965.5,5.9
TUR_SMS_04,2023-05-05 16:00:00+00:00,0.0,0.0,0.423,0.369,24.8,76,966.2,5.9
TUR_SMS_04,2023-05-05 17:00:00+00:00,0.0,0.0,0.422,0.37,24.5,77,966.1,6.1
TUR_SMS_04,2023-05-05 18:00:00+00:00,0.0,0.0,0.422,0.37,24.2,79,965.6,7.4
TUR_SMS_04,2023-05-05 19:00:00+00:00,0.0,0.0,0.421,0.37,24.0,81,965.0,8.3
TUR_SMS_04,2023-05-05 20:00:00+00:00,0.0,0.0,0.421,0.37,23.7,83,964.6,9.4
TUR_SMS_04,2023-05-05 21:00:00+00:00,0.0,0.0,0.42,0.37,23.3,85,964.3,8.7
TUR_SMS_04,2023-05-05 22:00:00+00:00,0.0,0.0,0.42,0.37,23.0,87,964.0,7.6
TUR_SMS_04,2023-05-05 23:00:00+00:00,0.0,0.0,0.42,0.37,23.0,87,964.6,7.3
TUR_SMS_04,2023-05-06 00:00:00+00:00,0.0,0.0,0.417,0.37,23.4,89,965.4,9.1
TUR_SMS_04,2023-05-06 01:00:00+00:00,0.0,0.0,0.417,0.37,25.1,83,966.6,11.0
TUR_SMS_04,2023-05-06 02:00:00+00:00,0.0,0.0,0.415,0.37,26.6,78,967.5,11.4
TUR_SMS_04,2023-05-06 03:00:00+00:00,0.0,0.0,0.414,0.37,27.8,72,967.9,12.0
TUR_SMS_04,2023-05-06 04:00:00+00:00,0.1,0.1,0.412,0.369,28.7,66,967.7,13.0
TUR_SMS_04,2023-05-06 05:00:00+00:00,0.4,0.4,0.413,0.369,29.0,70,967.5,15.8
TUR_SMS_04,2023-05-06 06:00:00+00:00,0.1,0.1,0.412,0.369,30.7,47,966.7,12.4
TUR_SMS_04,2023-05-06 07:00:00+00:00,0.0,0.0,0.409,0.368,32.2,38,965.6,14.8
TUR_SMS_04,2023-05-06 08:00:00+00:00,0.0,0.0,0.406,0.368,32.5,37,964.5,15.8
TUR_SMS_04,2023-05-06 09:00:00+00:00,0.0,0.0,0.404,0.367,32.1,38,963.5,14.5
TUR_SMS_04,2023-05-06 10:00:00+00:00,0.0,0.0,0.402,0.367,32.1,38,962.8,11.9
TUR_SMS_04,2023-05-06 11:00:00+00:00,0.0,0.0,0.4,0.367,31.4,40,962.5,9.4
TUR_SMS_04,2023-05-06 12:00:00+00:00,0.0,0.0,0.386,0.363,29.9,47,963.4,8.4
TUR_SMS_04,2023-05-06 13:00:00+00:00,0.0,0.0,0.386,0.363,27.4,59,963.6,6.3
TUR_SMS_04,2023-05-06 14:00:00+00:00,0.0,0.0,0.386,0.363,26.6,60,964.3,7.9
TUR_SMS_04,2023-05-06 15:00:00+00:00,0.0,0.0,0.386,0.363,26.2,66,965.0,8.7
TUR_SMS_04,2023-05-06 16:00:00+00:00,0.0,0.0,0.386,0.363,25.4,71,965.3,9.1
TUR_SMS_04,2023-05-06 17:00:00+00:00,0.0,0.0,0.385,0.363,25.3,74,965.5,10.8
TUR_SMS_04,2023-05-06 18:00:00+00:00,0.0,0.0,0.385,0.363,25.2,76,965.1,9.4
TUR_SMS_04,2023-05-06 19:00:00+00:00,0.0,0.0,0.385,0.363,24.7,78,964.8,10.0
TUR_SMS_04,2023-05-06 20:00:00+00:00,0.0,0.0,0.385,0.363,24.2,81,964.5,9.8
TUR_SMS_04,2023-05-06 21:00:00+00:00,0.0,0.0,0.385,0.363,24.1,81,964.3,10.0
TUR_SMS_04,2023-05-06 22:00:00+00:00,0.0,0.0,0.385,0.363,24.4,79,964.4,11.5
TUR_SMS_04,2023-05-06 23:00:00+00:00,0.0,0.0,0.385,0.363,24.3,80,964.6,10.1
TUR_SMS_04,2023-05-07 00:00:00+00:00,0.0,0.0,0.389,0.365,24.7,80,966.0,10.3
TUR_SMS_04,2023-05-07 01:00:00+00:00,0.0,0.0,0.389,0.365,26.2,76,966.9,11.3
TUR_SMS_04,2023-05-07 02:00:00+00:00,0.0,0.0,0.388,0.365,27.5,72,967.7,10.6
TUR_SMS_04,2023-05-07 03:00:00+00:00,0.0,0.0,0.386,0.365,28.5,69,968.2,10.4
TUR_SMS_04,2023-05-07 04:00:00+00:00,0.0,0.0,0.384,0.364,29.5,65,968.1,9.7
TUR_SMS_04,2023-05-07 05:00:00+00:00,0.0,0.0,0.382,0.364,30.5,57,967.7,8.9
TUR_SMS_04,2023-05-07 06:00:00+00:00,0.0,0.0,0.38,0.363,31.3,50,967.0,9.2
TUR_SMS_04,2023-05-07 07:00:00+00:00,0.0,0.0,0.378,0.362,32.3,44,965.8,10.9
TUR_SMS_04,2023-05-07 08:00:00+00:00,0.0,0.0,0.376,0.362,32.9,38,964.3,12.8
TUR_SMS_04,2023-05-07 09:00:00+00:00,0.0,0.0,0.374,0.361,32.9,38,963.5,10.7
TUR_SMS_04,2023-05-07 10:00:00+00:00,0.0,0.0,0.372,0.361,33.1,36,962.7,9.6
TUR_SMS_04,2023-05-07 11:00:00+00:00,0.0,0.0,0.371,0.361,32.0,38,962.5,9.1
TUR_SMS_04,2023-05-07 12:00:00+00:00,0.0,0.0,0.368,0.359,30.4,47,963.1,6.8
TUR_SMS_04,2023-05-07 13:00:00+00:00,0.0,0.0,0.367,0.359,28.1,54,963.6,6.9
TUR_SMS_04,2023-05-07 14:00:00+00:00,0.0,0.0,0.367,0.359,28.1,50,964.1,5.8
TUR_SMS_04,2023-05-07 15:00:00+00:00,0.0,0.0,0.367,0.359,27.1,51,964.5,7.2
TUR_SMS_04,2023-05-07 16:00:00+00:00,0.0,0.0,0.367,0.359,26.5,58,964.8,5.6
TUR_SMS_04,2023-05-07 17:00:00+00:00,0.0,0.0,0.367,0.359,26.9,55,965.0,5.8
TUR_SMS_04,2023-05-07 18:00:00+00:00,0.0,0.0,0.367,0.359,26.3,60,964.2,8.1
TUR_SMS_04,2023-05-07 19:00:00+00:00,0.0,0.0,0.366,0.359,25.6,66,963.6,8.2
TUR_SMS_04,2023-05-07 20:00:00+00:00,0.0,0.0,0.366,0.359,25.4,66,963.4,10.4
TUR_SMS_04,2023-05-07 21:00:00+00:00,0.0,0.0,0.366,0.359,25.1,67,963.5,11.6
TUR_SMS_04,2023-05-07 22:00:00+00:00,0.0,0.0,0.366,0.359,25.0,67,963.6,11.4
TUR_SMS_04,2023-05-07 23:00:00+00:00,0.0,0.0,0.366,0.359,25.0,63,964.1,10.3
TUR_SMS_04,2023-05-08 00:00:00+00:00,0.0,0.0,0.365,0.359,25.9,64,964.6,12.1
TUR_SMS_04,2023-05-08 01:00:00+00:00,0.0,0.0,0.364,0.359,28.0,59,965.8,11.6
TUR_SMS_04,2023-05-08 02:00:00+00:00,0.0,0.0,0.364,0.358,29.4,55,966.7,12.9
TUR_SMS_04,2023-05-08 03:00:00+00:00,0.0,0.0,0.362,0.358,30.1,55,967.2,10.1
TUR_SMS_04,2023-05-08 04:00:00+00:00,0.0,0.0,0.361,0.358,30.9,52,967.2,10.2
TUR_SMS_04,2023-05-08 05:00:00+00:00,0.0,0.0,0.359,0.357,32.1,46,966.9,10.3
TUR_SMS_04,2023-05-08 06:00:00+00:00,0.0,0.0,0.356,0.356,33.2,41,966.6,10.9
TUR_SMS_04,2023-05-08 07:00:00+00:00,0.0,0.0,0.354,0.356,34.3,33,965.9,10.9
TUR_SMS_04,2023-05-08 08:00:00+00:00,0.0,0.0,0.352,0.355,34.8,28,964.8,11.8
TUR_SMS_04,2023-05-08 09:00:00+00:00,0.0,0.0,0.351,0.355,34.6,24,964.2,12.6
TUR_SMS_04,2023-05-08 10:00:00+00:00,0.0,0.0,0.349,0.355,34.1,26,963.5,9.7
TUR_SMS_04,2023-05-08 11:00:00+00:00,0.0,0.0,0.348,0.354,32.9,32,963.0,6.0
TUR_SMS_04,2023-05-08 12:00:00+00:00,0.0,0.0,0.349,0.354,33.1,28,963.8,3.1
TUR_SMS_04,2023-05-08 13:00:00+00:00,0.0,0.0,0.349,0.354,29.0,57,963.5,2.9
TUR_SMS_04,2023-05-08 14:00:00+00:00,0.0,0.0,0.349,0.354,27.9,52,964.2,5.1
TUR_SMS_04,2023-05-08 15:00:00+00:00,0.0,0.0,0.349,0.354,27.7,45,964.7,5.8
TUR_SMS_04,2023-05-08 16:00:00+00:00,0.0,0.0,0.348,0.354,26.5,47,964.7,8.5
TUR_SMS_04,2023-05-08 17:00:00+00:00,0.0,0.0,0.348,0.354,25.4,55,964.6,8.0
TUR_SMS_04,2023-05-08 18:00:00+00:00,0.0,0.0,0.348,0.354,25.4,56,964.2,4.5
TUR_SMS_04,2023-05-08 19:00:00+00:00,0.0,0.0,0.348,0.354,26.4,53,964.2,5.0
TUR_SMS_04,2023-05-08 20:00:00+00:00,0.0,0.0,0.348,0.354,26.8,46,964.0,7.4
TUR_SMS_04,2023-05-08 21:00:00+00:00,0.0,0.0,0.348,0.354,26.5,45,963.8,9.7
TUR_SMS_04,2023-05-08 22:00:00+00:00,0.0,0.0,0.348,0.354,26.3,44,964.0,8.2
TUR_SMS_04,2023-05-08 23:00:00+00:00,0.0,0.0,0.347,0.354,25.7,44,964.4,6.9
TUR_SMS_04,2023-05-09 00:00:00+00:00,0.0,0.0,0.35,0.355,26.9,46,965.2,9.4
TUR_SMS_04,2023-05-09 01:00:00+00:00,0.0,0.0,0.349,0.355,28.2,48,965.7,8.2
TUR_SMS_04,2023-05-09 02:00:00+00:00,0.0,0.0,0.348,0.355,29.8,43,966.6,10.2
TUR_SMS_04,2023-05-09 03:00:00+00:00,0.0,0.0,0.347,0.354,31.1,40,967.0,9.8
TUR_SMS_04,2023-05-09 04:00:00+00:00,0.0,0.0,0.345,0.354,32.4,37,967.2,9.9
TUR_SMS_04,2023-05-09 05:00:00+00:00,0.0,0.0,0.344,0.353,33.4,36,967.3,9.7
TUR_SMS_04,2023-05-09 06:00:00+00:00,0.0,0.0,0.342,0.353,34.3,34,966.9,10.9
TUR_SMS_04,2023-05-09 07:00:00+00:00,0.0,0.0,0.34,0.352,35.2,27,966.1,15.0
TUR_SMS_04,2023-05-09 08:00:00+00:00,0.0,0.0,0.338,0.352,35.2,28,965.0,14.0
TUR_SMS_04,2023-05-09 09:00:00+00:00,0.0,0.0,0.337,0.351,35.0,28,963.9,15.8
TUR_SMS_04,2023-05-09 10:00:00+00:00,0.0,0.0,0.335,0.351,34.4,29,963.2,14.5
TUR_SMS_04,2023-05-09 11:00:00+00:00,0.0,0.0,0.334,0.351,33.5,30,962.7,11.2
TUR_SMS_04,2023-05-09 12:00:00+00:00,0.0,0.0,0.334,0.351,32.3,35,963.0,11.3
TUR_SMS_04,2023-05-09 13:00:00+00:00,0.0,0.0,0.333,0.35,29.2,47,963.2,6.6
TUR_SMS_04,2023-05-09 14:00:00+00:00,0.0,0.0,0.333,0.35,28.1,57,963.9,7.7
TUR_SMS_04,2023-05-09 15:00:00+00:00,0.0,0.0,0.333,0.35,27.7,52,964.7,3.8
TUR_SMS_04,2023-05-09 16:00:00+00:00,0.0,0.0,0.333,0.35,27.3,45,964.9,3.6
TUR_SMS_04,2023-05-09 17:00:00+00:00,0.0,0.0,0.333,0.35,26.5,44,964.6,6.3
TUR_SMS_04,2023-05-09 18:00:00+00:00,0.0,0.0,0.333,0.35,26.8,43,964.3,6.6
TUR_SMS_04,2023-05-09 19:00:00+00:00,0.0,0.0,0.333,0.35,26.7,43,964.4,11.6
TUR_SMS_04,2023-05-09 20:00:00+00:00,0.0,0.0,0.333,0.35,26.8,52,964.1,10.1
TUR_SMS_04,2023-05-09 21:00:00+00:00,0.0,0.0,0.333,0.35,26.0,59,964.3,9.4
TUR_SMS_04,2023-05-09 22:00:00+00:00,0.0,0.0,0.332,0.35,25.4,65,964.4,7.9
TUR_SMS_04,2023-05-09 23:00:00+00:00,0.0,0.0,0.332,0.35,25.5,67,964.8,7.6
TUR_SMS_04,2023-05-10 00:00:00+00:00,0.0,0.0,0.332,0.35,27.2,67,965.8,10.7
TUR_SMS_04,2023-05-10 01:00:00+00:00,0.0,0.0,0.332,0.35,28.8,64,966.7,9.3
TUR_SMS_04,2023-05-10 02:00:00+00:00,0.0,0.0,0.331,0.349,30.0,60,967.1,11.9
TUR_SMS_04,2023-05-10 03:00:00+00:00,0.0,0.0,0.33,0.349,31.3,56,967.4,13.0
TUR_SMS_04,2023-05-10 04:00:00+00:00,0.0,0.0,0.329,0.349,32.5,51,967.3,12.7
TUR_SMS_04,2023-05-10 05:00:00+00:00,0.0,0.0,0.327,0.348,33.7,48,967.1,12.2
TUR_SMS_04,2023-05-10 06:00:00+00:00,0.0,0.0,0.326,0.347,34.7,43,966.8,12.9
TUR_SMS_04,2023-05-10 07:00:00+00:00,1.9,1.9,0.346,0.347,30.6,66,966.4,12.8
TUR_SMS_04,2023-05-10 08:00:00+00:00,0.0,0.0,0.345,0.347,33.2,51,965.0,5.5
TUR_SMS_04,2023-05-10 09:00:00+00:00,0.0,0.0,0.343,0.346,34.7,35,964.3,7.1
TUR_SMS_04,2023-05-10 10:00:00+00:00,0.0,0.0,0.342,0.346,34.3,35,963.4,9.7
TUR_SMS_04,2023-05-10 11:00:00+00:00,0.0,0.0,0.341,0.346,31.4,54,963.5,13.6
TUR_SMS_04,2023-05-10 12:00:00+00:00,0.0,0.0,0.329,0.348,29.7,63,964.1,11.8
TUR_SMS_04,2023-05-10 13:00:00+00:00,0.0,0.0,0.329,0.348,28.2,71,964.9,11.2
TUR_SMS_04,2023-05-10 14:00:00+00:00,0.0,0.0,0.329,0.348,28.0,67,965.6,15.0
TUR_SMS_04,2023-05-10 15:00:00+00:00,0.0,0.0,0.329,0.348,27.6,66,966.2,11.3
TUR_SMS_04,2023-05-10 16:00:00+00:00,0.0,0.0,0.329,0.348,27.1,68,966.3,12.5
TUR_SMS_04,2023-05-10 17:00:00+00:00,0.0,0.0,0.329,0.348,26.9,67,966.6,12.1
TUR_SMS_04,2023-05-10 18:00:00+00:00,0.0,0.0,0.328,0.348,26.9,67,966.6,12.7
TUR_SMS_04,2023-05-10 19:00:00+00:00,0.0,0.0,0.328,0.348,26.4,68,966.8,12.6
TUR_SMS_04,2023-05-10 20:00:00+00:00,0.0,0.0,0.328,0.348,26.6,66,966.6,12.4
TUR_SMS_04,2023-05-10 21:00:00+00:00,0.0,0.0,0.328,0.348,26.3,67,966.9,10.0
TUR_SMS_04,2023-05-10 22:00:00+00:00,0.0,0.0,0.328,0.348,25.8,69,967.3,10.0
TUR_SMS_04,2023-05-10 23:00:00+00:00,0.0,0.0,0.328,0.348,25.3,71,967.7,9.7
TUR_SMS_04,2023-05-11 00:00:00+00:00,0.0,0.0,0.328,0.347,25.7,71,968.9,11.8
TUR_SMS_04,2023-05-11 01:00:00+00:00,0.0,0.0,0.327,0.347,27.8,66,969.9,9.7
TUR_SMS_04,2023-05-11 02:00:00+00:00,0.0,0.0,0.327,0.347,29.3,61,970.5,9.8
TUR_SMS_04,2023-05-11 03:00:00+00:00,0.0,0.0,0.326,0.346,30.6,59,970.8,11.0
TUR_SMS_04,2023-05-11 04:00:00+00:00,0.0,0.0,0.325,0.346,31.5,56,970.5,11.5
TUR_SMS_04,2023-05-11 05:00:00+00:00,0.0,0.0,0.323,0.345,32.6,50,969.9,10.9
TUR_SMS_04,2023-05-11 06:00:00+00:00,0.0,0.0,0.322,0.345,33.6,44,969.0,11.6
TUR_SMS_04,2023-05-11 07:00:00+00:00,0.0,0.0,0.32,0.344,33.3,44,968.1,11.2
TUR_SMS_04,2023-05-11 08:00:00+00:00,0.5,0.5,0.324,0.344,32.1,49,966.9,12.0
TUR_SMS_04,2023-05-11 09:00:00+00:00,0.0,0.0,0.323,0.344,32.7,49,965.8,10.9
TUR_SMS_04,2023-05-11 10:00:00+00:00,1.9,1.9,0.343,0.344,31.9,52,965.2,6.5
TUR_SMS_04,2023-05-11 11:00:00+00:00,0.8,0.8,0.351,0.344,27.3,70,965.3,7.0
TUR_SMS_04,2023-05-11 12:00:00+00:00,0.0,0.0,0.326,0.346,26.8,78,966.4,4.6
TUR_SMS_04,2023-05-11 13:00:00+00:00,0.0,0.0,0.326,0.346,26.6,78,966.2,4.1
TUR_SMS_04,2023-05-11 14:00:00+00:00,0.0,0.0,0.326,0.346,26.6,78,967.0,5.1
TUR_SMS_04,2023-05-11 15:00:00+00:00,0.0,0.0,0.326,0.346,26.6,76,967.6,4.4
TUR_SMS_04,2023-05-11 16:00:00+00:00,0.0,0.0,0.326,0.346,26.7,72,968.0,5.1
TUR_SMS_04,2023-05-11 17:00:00+00:00,0.0,0.0,0.326,0.346,26.7,70,967.9,5.1
TUR_SMS_04,2023-05-11 18:00:00+00:00,0.0,0.0,0.326,0.346,26.8,66,967.4,4.1
TUR_SMS_04,2023-05-11 19:00:00+00:00,0.0,0.0,0.326,0.346,26.6,67,967.2,2.5
TUR_SMS_04,2023-05-11 20:00:00+00:00,0.0,0.0,0.326,0.346,27.5,61,967.1,2.7
TUR_SMS_04,2023-05-11 21:00:00+00:00,0.0,0.0,0.326,0.346,26.6,64,967.0,4.7
TUR_SMS_04,2023-05-11 22:00:00+00:00,0.0,0.0,0.326,0.346,25.4,71,966.7,5.6
TUR_SMS_04,2023-05-11 23:00:00+00:00,0.0,0.0,0.326,0.346,25.7,67,967.0,6.0
TUR_SMS_04,2023-05-12 00:00:00+00:00,0.0,0.0,0.323,0.344,25.6,69,968.5,8.7
TUR_SMS_04,2023-05-12 01:00:00+00:00,0.0,0.0,0.323,0.344,28.4,64,969.4,5.4
TUR_SMS_04,2023-05-12 02:00:00+00:00,0.0,0.0,0.322,0.344,29.7,58,970.2,10.3
TUR_SMS_04,2023-05-12 03:00:00+00:00,0.0,0.0,0.321,0.344,30.6,57,970.4,9.5
TUR_SMS_04,2023-05-12 04:00:00+00:00,0.0,0.0,0.32,0.343,31.8,52,970.2,7.3
TUR_SMS_04,2023-05-12 05:00:00+00:00,1.6,1.6,0.336,0.343,30.0,59,970.3,8.8
TUR_SMS_04,2023-05-12 06:00:00+00:00,0.9,0.9,0.346,0.343,29.7,58,969.3,3.0
TUR_SMS_04,2023-05-12 07:00:00+00:00,0.0,0.0,0.344,0.342,33.2,46,967.5,3.5
TUR_SMS_04,2023-05-12 08:00:00+00:00,0.0,0.0,0.342,0.342,33.8,39,966.4,11.5
TUR_SMS_04,2023-05-12 09:00:00+00:00,0.0,0.0,0.341,0.341,32.9,40,965.6,10.0
TUR_SMS_04,2023-05-12 10:00:00+00:00,0.0,0.0,0.34,0.341,32.5,40,965.1,7.0
TUR_SMS_04,2023-05-12 11:00:00+00:00,0.0,0.0,0.339,0.341,31.4,44,965.2,11.6
TUR_SMS_04,2023-05-12 12:00:00+00:00,0.0,0.0,0.331,0.34,29.2,60,965.8,10.7
TUR_SMS_04,2023-05-12 13:00:00+00:00,0.0,0.0,0.331,0.34,27.8,71,966.4,6.1
TUR_SMS_04,2023-05-12 14:00:00+00:00,0.0,0.0,0.331,0.34,27.4,75,967.7,4.4
TUR_SMS_04,2023-05-12 15:00:00+00:00,0.0,0.0,0.331,0.34,27.4,76,968.6,3.6
TUR_SMS_04,2023-05-12 16:00:00+00:00,0.0,0.0,0.331,0.34,27.0,77,968.7,2.0
TUR_SMS_04,2023-05-12 17:00:00+00:00,0.0,0.0,0.331,0.34,26.5,74,968.6,5.7
TUR_SMS_04,2023-05-12 18:00:00+00:00,0.0,0.0,0.331,0.34,25.7,76,968.0,3.7
TUR_SMS_04,2023-05-12 19:00:00+00:00,0.0,0.0,0.331,0.34,25.0,78,966.9,5.7
TUR_SMS_04,2023-05-12 20:00:00+00:00,0.0,0.0,0.331,0.34,24.5,77,965.8,7.9
TUR_SMS_04,2023-05-12 21:00:00+00:00,0.0,0.0,0.331,0.34,24.3,74,965.3,7.7
TUR_SMS_04,2023-05-12 22:00:00+00:00,0.0,0.0,0.331,0.34,24.1,72,965.0,7.4
TUR_SMS_04,2023-05-12 23:00:00+00:00,0.0,0.0,0.33,0.34,23.8,70,965.1,7.9
TUR_SMS_04,2023-05-13 00:00:00+00:00,0.0,0.0,0.333,0.341,24.9,70,966.5,8.9
TUR_SMS_04,2023-05-13 01:00:00+00:00,0.0,0.0,0.333,0.341,28.3,61,967.5,5.8
TUR_SMS_04,2023-05-13 02:00:00+00:00,0.0,0.0,0.332,0.341,30.9,50,968.4,4.1
TUR_SMS_04,2023-05-13 03:00:00+00:00,0.0,0.0,0.331,0.341,32.1,49,968.5,6.6
TUR_SMS_04,2023-05-13 04:00:00+00:00,1.0,1.0,0.339,0.34,32.9,41,968.6,7.3
TUR_SMS_04,2023-05-13 05:00:00+00:00,0.0,0.0,0.338,0.34,33.6,40,967.9,8.3
TUR_SMS_04,2023-05-13 06:00:00+00:00,0.0,0.0,0.336,0.34,33.4,40,967.4,12.5
TUR_SMS_04,2023-05-13 07:00:00+00:00,0.0,0.0,0.335,0.339,33.6,40,966.6,12.7
TUR_SMS_04,2023-05-13 08:00:00+00:00,0.3,0.3,0.336,0.339,33.1,39,965.8,11.0
TUR_SMS_04,2023-05-13 09:00:00+00:00,0.0,0.0,0.335,0.339,33.1,37,965.1,8.3
TUR_SMS_04,2023-05-13 10:00:00+00:00,0.0,0.0,0.334,0.338,32.9,37,964.7,4.9
TUR_SMS_04,2023-05-13 11:00:00+00:00,0.0,0.0,0.333,0.338,32.5,41,964.2,2.2
TUR_SMS_04,2023-05-13 12:00:00+00:00,0.0,0.0,0.327,0.339,29.9,56,964.9,9.4
TUR_SMS_04,2023-05-13 13:00:00+00:00,0.0,0.0,0.327,0.339,28.1,66,965.4,8.4
TUR_SMS_04,2023-05-13 14:00:00+00:00,0.0,0.0,0.327,0.339,27.6,66,966.2,10.9
TUR_SMS_04,2023-05-13 15:00:00+00:00,0.0,0.0,0.327,0.339,27.4,63,966.6,6.2
TUR_SMS_04,2023-05-13 16:00:00+00:00,0.0,0.0,0.327,0.339,26.3,67,966.4,4.6
TUR_SMS_04,2023-05-13 17:00:00+00:00,0.0,0.0,0.326,0.339,25.6,69,965.8,4.0
TUR_SMS_04,2023-05-13 18:00:00+00:00,0.0,0.0,0.326,0.339,24.7,71,964.7,3.4
TUR_SMS_04,2023-05-13 19:00:00+00:00,0.0,0.0,0.326,0.339,24.1,71,963.7,2.6
TUR_SMS_04,2023-05-13 20:00:00+00:00,0.0,0.0,0.326,0.339,23.6,68,962.6,4.0
TUR_SMS_04,2023-05-13 21:00:00+00:00,0.0,0.0,0.326,0.339,23.1,66,962.0,3.3
TUR_SMS_04,2023-05-13 22:00:00+00:00,0.0,0.0,0.326,0.339,23.0,65,961.8,3.3
TUR_SMS_04,2023-05-13 23:00:00+00:00,0.0,0.0,0.326,0.339,23.0,66,961.8,1.9
TUR_SMS_04,2023-05-14 00:00:00+00:00,0.0,0.0,0.327,0.339,23.5,69,962.8,4.6
TUR_SMS_04,2023-05-14 01:00:00+00:00,0.0,0.0,0.326,0.339,27.2,61,963.7,5.9
TUR_SMS_04,2023-05-14 02:00:00+00:00,0.0,0.0,0.326,0.339,29.1,55,964.1,5.0
TUR_SMS_04,2023-05-14 03:00:00+00:00,0.0,0.0,0.325,0.339,30.7,52,964.2,4.7
TUR_SMS_04,2023-05-14 04:00:00+00:00,0.0,0.0,0.324,0.338,33.3,39,964.0,0.4
TUR_SMS_04,2023-05-14 05:00:00+00:00,0.3,0.3,0.325,0.338,31.3,42,964.0,9.2
TUR_SMS_04,2023-05-14 06:00:00+00:00,0.0,0.0,0.324,0.338,31.6,50,963.3,5.8
TUR_SMS_04,2023-05-14 07:00:00+00:00,3.1,3.1,0.357,0.337,28.7,65,962.6,13.1
TUR_SMS_04,2023-05-14 08:00:00+00:00,0.7,0.7,0.365,0.337,29.5,56,961.6,7.3
TUR_SMS_04,2023-05-14 09:00:00+00:00,0.0,0.0,0.363,0.337,31.1,51,960.5,4.7
TUR_SMS_04,2023-05-14 10:00:00+00:00,0.1,0.1,0.363,0.337,31.1,53,959.8,6.7
TUR_SMS_04,2023-05-14 11:00:00+00:00,0.0,0.0,0.362,0.336,31.2,46,959.2,7.6
TUR_SMS_04,2023-05-14 12:00:00+00:00,0.0,0.0,0.324,0.336,28.7,58,960.0,7.7
TUR_SMS_04,2023-05-14 13:00:00+00:00,0.0,0.0,0.324,0.336,27.3,66,960.4,8.3
TUR_SMS_04,2023-05-14 14:00:00+00:00,0.0,0.0,0.324,0.336,26.5,67,961.1,10.1
TUR_SMS_04,2023-05-14 15:00:00+00:00,0.0,0.0,0.323,0.336,26.2,53,961.5,9.7
TUR_SMS_04,2023-05-14 16:00:00+00:00,0.0,0.0,0.323,0.336,24.8,59,961.7,4.7
TUR_SMS_04,2023-05-14 17:00:00+00:00,0.0,0.0,0.323,0.336,23.6,61,961.2,4.8
TUR_SMS_04,2023-05-14 18:00:00+00:00,0.0,0.0,0.323,0.336,22.9,63,960.3,3.7
TUR_SMS_04,2023-05-14 19:00:00+00:00,0.0,0.0,0.323,0.336,22.5,63,960.1,4.4
TUR_SMS_04,2023-05-14 20:00:00+00:00,0.0,0.0,0.323,0.336,22.2,62,959.8,3.8
TUR_SMS_04,2023-05-14 21:00:00+00:00,0.0,0.0,0.323,0.336,21.9,60,960.1,4.8
TUR_SMS_04,2023-05-14 22:00:00+00:00,0.0,0.0,0.323,0.336,21.6,60,960.3,6.6
TUR_SMS_04,2023-05-14 23:00:00+00:00,0.0,0.0,0.323,0.336,21.6,60,961.1,6.8
TUR_SMS_04,2023-05-15 00:00:00+00:00,0.0,0.0,0.323,0.338,22.2,76,963.3,10.5
TUR_SMS_04,2023-05-15 01:00:00+00:00,0.0,0.0,0.323,0.338,23.9,71,963.9,10.6
TUR_SMS_04,2023-05-15 02:00:00+00:00,0.0,0.0,0.323,0.337,24.8,67,964.5,11.6
TUR_SMS_04,2023-05-15 03:00:00+00:00,0.0,0.0,0.322,0.337,25.9,63,965.4,12.4
TUR_SMS_04,2023-05-15 04:00:00+00:00,0.0,0.0,0.321,0.337,26.9,60,966.1,13.3
TUR_SMS_04,2023-05-15 05:00:00+00:00,0.0,0.0,0.32,0.336,28.1,57,966.2,13.0
TUR_SMS_04,2023-05-15 06:00:00+00:00,0.0,0.0,0.318,0.336,29.2,51,965.7,14.3
TUR_SMS_04,2023-05-15 07:00:00+00:00,0.0,0.0,0.317,0.336,30.4,46,964.6,16.7
TUR_SMS_04,2023-05-15 08:00:00+00:00,0.0,0.0,0.316,0.335,30.6,45,963.6,14.9
TUR_SMS_04,2023-05-15 09:00:00+00:00,0.0,0.0,0.315,0.335,30.9,45,962.8,16.1
TUR_SMS_04,2023-05-15 10:00:00+00:00,0.0,0.0,0.314,0.335,30.1,48,962.9,15.5
TUR_SMS_04,2023-05-15 11:00:00+00:00,0.0,0.0,0.314,0.334,30.0,48,962.8,15.5
TUR_SMS_04,2023-05-15 12:00:00+00:00,0.0,0.0,0.311,0.333,28.8,54,963.2,13.1
TUR_SMS_04,2023-05-15 13:00:00+00:00,0.0,0.0,0.311,0.333,26.9,62,963.1,12.5
TUR_SMS_04,2023-05-15 14:00:00+00:00,3.2,3.2,0.349,0.333,24.4,77,965.1,7.9
TUR_SMS_04,2023-05-15 15:00:00+00:00,0.0,0.0,0.349,0.333,24.6,73,964.8,15.0
TUR_SMS_04,2023-05-15 16:00:00+00:00,0.0,0.0,0.349,0.333,24.9,71,965.2,19.1
TUR_SMS_04,2023-05-15 17:00:00+00:00,0.0,0.0,0.349,0.333,23.5,78,964.7,22.4
TUR_SMS_04,2023-05-15 18:00:00+00:00,0.1,0.1,0.349,0.333,23.5,76,964.6,9.4
TUR_SMS_04,2023-05-15 19:00:00+00:00,0.1,0.1,0.35,0.333,23.0,81,964.6,4.3
TUR_SMS_04,2023-05-15 20:00:00+00:00,0.0,0.0,0.35,0.333,22.9,81,963.7,8.5
TUR_SMS_04,2023-05-15 21:00:00+00:00,0.9,0.9,0.359,0.333,22.6,83,964.4,5.3
TUR_SMS_04,2023-05-15 22:00:00+00:00,0.8,0.8,0.368,0.333,22.3,85,965.1,10.6
TUR_SMS_04,2023-05-15 23:00:00+00:00,0.0,0.0,0.368,0.333,22.1,84,965.0,8.1
TUR_SMS_04,2023-05-16 00:00:00+00:00,0.0,0.0,0.323,0.329,22.9,78,965.5,11.5
TUR_SMS_04,2023-05-16 01:00:00+00:00,0.0,0.0,0.322,0.329,24.6,73,966.4,15.0
TUR_SMS_04,2023-05-16 02:00:00+00:00,0.0,0.0,0.322,0.329,26.3,68,967.3,16.5
TUR_SMS_04,2023-05-16 03:00:00+00:00,0.0,0.0,0.321,0.329,27.7,65,967.9,15.7
TUR_SMS_04,2023-05-16 04:00:00+00:00,0.0,0.0,0.32,0.329,29.2,60,968.1,13.9
TUR_SMS_04,2023-05-16 05:00:00+00:00,0.0,0.0,0.319,0.328,30.3,55,967.8,13.0
TUR_SMS_04,2023-05-16 06:00:00+00:00,0.0,0.0,0.317,0.328,31.3,54,967.1,11.0
TUR_SMS_04,2023-05-16 07:00:00+00:00,0.0,0.0,0.316,0.327,31.7,53,966.2,11.2
TUR_SMS_04,2023-05-16 08:00:00+00:00,0.0,0.0,0.315,0.327,31.7,54,965.1,10.8
TUR_SMS_04,2023-05-16 09:00:00+00:00,0.0,0.0,0.314,0.327,32.3,52,963.9,11.9
TUR_SMS_04,2023-05-16 10:00:00+00:00,1.9,1.9,0.333,0.327,29.5,63,963.5,9.1
TUR_SMS_04,2023-05-16 11:00:00+00:00,6.8,6.8,0.423,0.327,23.7,82,964.8,4.3
TUR_SMS_04,2023-05-16 12:00:00+00:00,1.5,1.5,0.318,0.328,29.4,52,965.3,10.9
TUR_SMS_04,2023-05-16 13:00:00+00:00,0.0,0.0,0.318,0.328,26.3,72,965.8,14.0
TUR_SMS_04,2023-05-16 14:00:00+00:00,0.0,0.0,0.318,0.328,25.1,79,965.6,19.5
TUR_SMS_04,2023-05-16 15:00:00+00:00,0.0,0.0,0.318,0.328,24.1,82,967.1,21.9
TUR_SMS_04,2023-05-16 16:00:00+00:00,0.1,0.1,0.319,0.328,23.7,81,967.0,6.9
TUR_SMS_04,2023-05-16 17:00:00+00:00,2.8,2.8,0.351,0.328,22.5,92,967.8,7.1
TUR_SMS_04,2023-05-16 18:00:00+00:00,3.4,3.4,0.398,0.328,22.1,92,967.6,6.9
TUR_SMS_04,2023-05-16 19:00:00+00:00,6.1,6.1,0.483,0.328,22.0,93,966.7,2.3
TUR_SMS_04,2023-05-16 20:00:00+00:00,10.6,10.6,0.49,0.368,21.4,96,966.4,3.2
TUR_SMS_04,2023-05-16 21:00:00+00:00,0.4,0.4,0.487,0.37,21.6,91,965.8,10.5
TUR_SMS_04,2023-05-16 22:00:00+00:00,1.8,1.8,0.502,0.373,21.7,93,965.2,8.3
TUR_SMS_04,2023-05-16 23:00:00+00:00,16.6,16.6,0.52,0.422,21.3,90,965.8,12.4
TUR_SMS_04,2023-05-17 00:00:00+00:00,10.1,10.1,0.484,0.331,21.9,90,968.2,10.2
TUR_SMS_04,2023-05-17 01:00:00+00:00,0.0,0.0,0.478,0.333,23.1,89,969.0,15.4
TUR_SMS_04,2023-05-17 02:00:00+00:00,0.1,0.1,0.474,0.335,23.9,87,969.4,16.6
TUR_SMS_04,2023-05-17 03:00:00+00:00,0.6,0.6,0.475,0.336,23.9,85,970.1,7.7
TUR_SMS_04,2023-05-17 04:00:00+00:00,9.2,9.2,0.517,0.361,22.0,92,971.3,6.3
TUR_SMS_04,2023-05-17 05:00:00+00:00,0.4,0.4,0.497,0.369,24.2,83,970.0,5.4
TUR_SMS_04,2023-05-17 06:00:00+00:00,0.0,0.0,0.488,0.372,27.9,69,969.5,11.8
TUR_SMS_04,2023-05-17 07:00:00+00:00,0.4,0.4,0.483,0.373,28.2,68,968.4,8.3
TUR_SMS_04,2023-05-17 08:00:00+00:00,0.1,0.1,0.477,0.374,28.0,68,967.4,8.7
TUR_SMS_04,2023-05-17 09:00:00+00:00,0.0,0.0,0.472,0.375,28.2,66,966.5,8.4
TUR_SMS_04,2023-05-17 10:00:00+00:00,0.3,0.3,0.47,0.375,28.6,69,965.8,8.1
TUR_SMS_04,2023-05-17 11:00:00+00:00,0.0,0.0,0.466,0.376,28.0,73,966.0,9.6
TUR_SMS_04,2023-05-17 12:00:00+00:00,0.3,0.3,0.484,0.382,25.0,81,968.6,14.8
TUR_SMS_04,2023-05-17 13:00:00+00:00,0.0,0.0,0.479,0.383,23.7,84,968.8,14.0
TUR_SMS_04,2023-05-17 14:00:00+00:00,0.0,0.0,0.476,0.384,23.5,85,969.7,16.0
TUR_SMS_04,2023-05-17 15:00:00+00:00,0.0,0.0,0.473,0.385,23.3,86,970.0,13.0
TUR_SMS_04,2023-05-17 16:00:00+00:00,0.0,0.0,0.47,0.386,23.1,86,970.7,7.1
TUR_SMS_04,2023-05-17 17:00:00+00:00,0.5,0.5,0.472,0.387,22.2,91,970.6,5.1
TUR_SMS_04,2023-05-17 18:00:00+00:00,0.8,0.8,0.475,0.388,22.3,92,970.4,7.1
TUR_SMS_04,2023-05-17 19:00:00+00:00,3.0,3.0,0.512,0.389,21.6,92,969.5,3.2
TUR_SMS_04,2023-05-17 20:00:00+00:00,1.8,1.8,0.499,0.402,21.6,93,968.1,12.6
TUR_SMS_04,2023-05-17 21:00:00+00:00,0.1,0.1,0.492,0.404,22.3,93,967.9,11.5
TUR_SMS_04,2023-05-17 22:00:00+00:00,6.2,6.2,0.52,0.418,21.3,95,968.1,3.3
TUR_SMS_04,2023-05-17 23:00:00+00:00,11.7,11.7,0.501,0.46,21.7,94,968.4,6.1
TUR_SMS_04,2023-05-18 00:00:00+00:00,2.7,2.7,0.512,0.484,21.3,91,970.7,9.2
TUR_SMS_04,2023-05-18 01:00:00+00:00,1.7,1.7,0.506,0.492,22.0,91,971.3,9.1
TUR_SMS_04,2023-05-18 02:00:00+00:00,0.9,0.9,0.511,0.493,22.2,89,970.6,15.1
TUR_SMS_04,2023-05-18 03:00:00+00:00,0.0,0.0,0.506,0.493,24.1,86,971.4,16.0
TUR_SMS_04,2023-05-18 04:00:00+00:00,0.0,0.0,0.502,0.492,25.3,80,972.1,14.7
TUR_SMS_04,2023-05-18 05:00:00+00:00,0.0,0.0,0.499,0.491,26.8,76,971.7,12.1
TUR_SMS_04,2023-05-18 06:00:00+00:00,1.4,1.4,0.509,0.49,24.5,86,970.9,13.3
TUR_SMS_04,2023-05-18 07:00:00+00:00,3.2,3.2,0.52,0.497,23.1,89,969.8,9.7
TUR_SMS_04,2023-05-18 08:00:00+00:00,1.0,1.0,0.509,0.502,23.5,88,968.6,6.6
TUR_SMS_04,2023-05-18 09:00:00+00:00,9.5,9.5,0.52,0.516,23.1,88,967.6,8.0
TUR_SMS_04,2023-05-18 10:00:00+00:00,7.9,7.9,0.489,0.516,24.3,84,966.6,7.6
TUR_SMS_04,2023-05-18 11:00:00+00:00,0.5,0.5,0.494,0.51,24.4,86,966.5,5.2
TUR_SMS_04,2023-05-18 12:00:00+00:00,0.4,0.4,0.511,0.506,23.1,92,967.9,12.7
TUR_SMS_04,2023-05-18 13:00:00+00:00,0.0,0.0,0.507,0.504,22.9,91,967.7,13.3
TUR_SMS_04,2023-05-18 14:00:00+00:00,0.0,0.0,0.505,0.502,23.2,87,967.9,15.2
TUR_SMS_04,2023-05-18 15:00:00+00:00,4.9,4.9,0.52,0.508,22.6,88,969.1,5.0
TUR_SMS_04,2023-05-18 16:00:00+00:00,1.5,1.5,0.514,0.511,22.5,91,968.7,15.1
TUR_SMS_04,2023-05-18 17:00:00+00:00,0.1,0.1,0.511,0.509,22.2,92,968.9,5.6
TUR_SMS_04,2023-05-18 18:00:00+00:00,0.2,0.2,0.509,0.506,22.8,88,967.6,13.9
TUR_SMS_04,2023-05-18 19:00:00+00:00,2.6,2.6,0.52,0.511,21.6,95,966.7,5.2
TUR_SMS_04,2023-05-18 20:00:00+00:00,4.5,4.5,0.501,0.513,22.0,92,966.0,8.9
TUR_SMS_04,2023-05-18 21:00:00+00:00,0.8,0.8,0.51,0.509,21.8,94,966.0,7.2
TUR_SMS_04,2023-05-18 22:00:00+00:00,6.7,6.7,0.52,0.52,21.4,96,966.4,4.1
TUR_SMS_04,2023-05-18 23:00:00+00:00,15.4,15.4,0.517,0.517,21.5,95,966.4,6.5
TUR_SMS_04,2023-05-19 00:00:00+00:00,0.5,0.5,0.511,0.508,21.7,93,967.6,13.0
TUR_SMS_04,2023-05-19 01:00:00+00:00,0.6,0.6,0.515,0.506,22.6,92,967.6,13.0
TUR_SMS_04,2023-05-19 02:00:00+00:00,12.6,12.6,0.52,0.518,22.2,94,969.2,6.9
TUR_SMS_04,2023-05-19 03:00:00+00:00,0.3,0.3,0.493,0.512,22.4,90,968.9,6.3
TUR_SMS_04,2023-05-19 04:00:00+00:00,3.9,3.9,0.503,0.513,24.2,85,969.8,9.4
TUR_SMS_04,2023-05-19 05:00:00+00:00,0.6,0.6,0.505,0.51,24.9,82,969.4,9.5
TUR_SMS_04,2023-05-19 06:00:00+00:00,0.5,0.5,0.506,0.507,25.7,78,968.6,7.3
TUR_SMS_04,2023-05-19 07:00:00+00:00,0.1,0.1,0.503,0.505,27.2,74,967.3,10.5
TUR_SMS_04,2023-05-19 08:00:00+00:00,0.0,0.0,0.5,0.502,27.6,75,966.2,9.3
TUR_SMS_04,2023-05-19 09:00:00+00:00,0.0,0.0,0.498,0.5,27.6,76,965.1,8.2
TUR_SMS_04,2023-05-19 10:00:00+00:00,0.0,0.0,0.496,0.498,27.4,77,964.1,8.7
TUR_SMS_04,2023-05-19 11:00:00+00:00,0.1,0.1,0.495,0.497,26.5,81,964.2,11.8
TUR_SMS_04,2023-05-19 12:00:00+00:00,0.0,0.0,0.494,0.492,26.6,83,965.4,7.1
TUR_SMS_04,2023-05-19 13:00:00+00:00,0.0,0.0,0.493,0.492,25.2,88,965.1,7.5
TUR_SMS_04,2023-05-19 14:00:00+00:00,0.0,0.0,0.492,0.491,24.8,89,965.9,5.4
TUR_SMS_04,2023-05-19 15:00:00+00:00,0.0,0.0,0.491,0.49,24.7,91,966.4,8.7
TUR_SMS_04,2023-05-19 16:00:00+00:00,0.5,0.5,0.494,0.489,24.0,92,967.2,6.9
TUR_SMS_04,2023-05-19 17:00:00+00:00,0.2,0.2,0.495,0.489,24.2,88,966.7,14.8
TUR_SMS_04,2023-05-19 18:00:00+00:00,0.5,0.5,0.497,0.488,23.0,98,967.0,1.9
TUR_SMS_04,2023-05-19 19:00:00+00:00,0.4,0.4,0.5,0.488,23.2,96,965.9,4.3
TUR_SMS_04,2023-05-19 20:00:00+00:00,0.8,0.8,0.509,0.488,22.0,98,965.4,5.2
TUR_SMS_04,2023-05-19 21:00:00+00:00,0.1,0.1,0.505,0.489,22.6,90,964.4,13.7
TUR_SMS_04,2023-05-19 22:00:00+00:00,1.3,1.3,0.52,0.489,22.3,92,964.4,5.2
TUR_SMS_04,2023-05-19 23:00:00+00:00,13.6,13.6,0.492,0.517,21.4,95,964.9,4.5
TUR_SMS_04,2023-05-20 00:00:00+00:00,0.2,0.2,0.498,0.489,23.0,98,966.0,3.8
TUR_SMS_04,2023-05-20 01:00:00+00:00,0.0,0.0,0.497,0.489,23.7,93,965.9,16.4
TUR_SMS_04,2023-05-20 02:00:00+00:00,0.0,0.0,0.495,0.488,25.1,86,966.9,19.4
TUR_SMS_04,2023-05-20 03:00:00+00:00,0.0,0.0,0.493,0.487,26.1,83,967.9,16.1
TUR_SMS_04,2023-05-20 04:00:00+00:00,0.0,0.0,0.49,0.486,26.4,81,967.8,18.2
TUR_SMS_04,2023-05-20 05:00:00+00:00,0.0,0.0,0.488,0.485,26.9,79,967.5,19.1
TUR_SMS_04,2023-05-20 06:00:00+00:00,0.2,0.2,0.487,0.484,26.8,81,967.1,17.6
TUR_SMS_04,2023-05-20 07:00:00+00:00,0.1,0.1,0.486,0.483,27.2,83,966.4,12.1
TUR_SMS_04,2023-05-20 08:00:00+00:00,0.0,0.0,0.484,0.482,28.2,79,965.5,11.3
TUR_SMS_04,2023-05-20 09:00:00+00:00,0.3,0.3,0.484,0.481,27.6,79,964.6,8.7
TUR_SMS_04,2023-05-20 10:00:00+00:00,0.1,0.1,0.484,0.48,26.1,83,964.6,8.0
TUR_SMS_04,2023-05-20 11:00:00+00:00,0.2,0.2,0.484,0.48,24.6,90,964.4,9.9
TUR_SMS_04,2023-05-20 12:00:00+00:00,0.0,0.0,0.492,0.483,27.0,78,965.4,8.4
TUR_SMS_04,2023-05-20 13:00:00+00:00,5.6,5.6,0.502,0.496,23.2,86,965.8,11.4
TUR_SMS_04,2023-05-20 14:00:00+00:00,0.0,0.0,0.5,0.496,24.5,85,966.0,14.0
TUR_SMS_04,2023-05-20 15:00:00+00:00,0.0,0.0,0.498,0.495,24.9,85,966.6,11.0
TUR_SMS_04,2023-05-20 16:00:00+00:00,0.0,0.0,0.497,0.494,25.1,83,966.8,10.8
TUR_SMS_04,2023-05-20 17:00:00+00:00,0.0,0.0,0.496,0.493,24.7,84,967.2,14.5
TUR_SMS_04,2023-05-20 18:00:00+00:00,0.0,0.0,0.494,0.492,24.4,86,966.8,17.7
TUR_SMS_04,2023-05-20 19:00:00+00:00,0.0,0.0,0.493,0.492,23.8,88,966.2,18.5
TUR_SMS_04,2023-05-20 20:00:00+00:00,0.0,0.0,0.492,0.491,23.6,88,966.0,18.4
TUR_SMS_04,2023-05-20 21:00:00+00:00,0.0,0.0,0.492,0.49,23.3,90,965.8,18.1
TUR_SMS_04,2023-05-20 22:00:00+00:00,0.0,0.0,0.491,0.489,23.2,92,965.4,20.1
TUR_SMS_04,2023-05-20 23:00:00+00:00,0.0,0.0,0.49,0.489,23.5,91,966.5,13.4
TUR_SMS_04,2023-05-21 00:00:00+00:00,0.0,0.0,0.482,0.474,23.8,90,966.5,20.6
TUR_SMS_04,2023-05-21 01:00:00+00:00,0.0,0.0,0.481,0.473,25.1,86,968.5,7.3
TUR_SMS_04,2023-05-21 02:00:00+00:00,8.2,8.2,0.501,0.489,24.1,89,970.4,9.9
TUR_SMS_04,2023-05-21 03:00:00+00:00,0.2,0.2,0.5,0.489,24.1,90,968.9,22.0
TUR_SMS_04,2023-05-21 04:00:00+00:00,0.0,0.0,0.497,0.488,27.0,79,969.0,22.4
TUR_SMS_04,2023-05-21 05:00:00+00:00,0.0,0.0,0.494,0.487,28.4,73,968.6,23.8
TUR_SMS_04,2023-05-21 06:00:00+00:00,0.0,0.0,0.491,0.486,28.1,75,968.0,19.2
TUR_SMS_04,2023-05-21 07:00:00+00:00,1.6,1.6,0.504,0.485,26.7,81,967.2,11.9
TUR_SMS_04,2023-05-21 08:00:00+00:00,8.8,8.8,0.52,0.502,25.0,91,966.1,5.5
TUR_SMS_04,2023-05-21 09:00:00+00:00,50.7,50.7,0.52,0.519,24.4,91,965.9,10.5
TUR_SMS_04,2023-05-21 10:00:00+00:00,2.4,2.4,0.509,0.514,25.1,78,965.9,9.0
TUR_SMS_04,2023-05-21 11:00:00+00:00,0.0,0.0,0.506,0.51,24.6,85,966.7,4.4
TUR_SMS_04,2023-05-21 12:00:00+00:00,0.0,0.0,0.494,0.502,24.5,83,966.5,6.2
TUR_SMS_04,2023-05-21 13:00:00+00:00,0.0,0.0,0.493,0.5,23.8,85,966.2,5.8
TUR_SMS_04,2023-05-21 14:00:00+00:00,0.0,0.0,0.492,0.499,24.4,79,966.9,11.3
TUR_SMS_04,2023-05-21 15:00:00+00:00,0.0,0.0,0.492,0.498,23.7,82,967.6,6.1
TUR_SMS_04,2023-05-21 16:00:00+00:00,0.0,0.0,0.491,0.496,23.7,82,968.5,6.2
TUR_SMS_04,2023-05-21 17:00:00+00:00,0.0,0.0,0.49,0.495,22.4,87,968.6,5.0
TUR_SMS_04,2023-05-21 18:00:00+00:00,0.0,0.0,0.49,0.494,23.3,85,968.5,6.9
TUR_SMS_04,2023-05-21 19:00:00+00:00,0.0,0.0,0.489,0.493,23.5,85,967.8,8.2
TUR_SMS_04,2023-05-21 20:00:00+00:00,0.9,0.9,0.497,0.493,21.5,89,968.0,11.3
TUR_SMS_04,2023-05-21 21:00:00+00:00,0.8,0.8,0.505,0.492,21.5,93,967.6,10.5
TUR_SMS_04,2023-05-21 22:00:00+00:00,3.7,3.7,0.52,0.5,21.1,95,967.6,8.7
TUR_SMS_04,2023-05-21 23:00:00+00:00,3.7,3.7,0.516,0.511,21.8,93,967.8,6.2
TUR_SMS_04,2023-05-22 00:00:00+00:00,3.8,3.8,0.499,0.501,23.9,89,969.1,3.9
TUR_SMS_04,2023-05-22 01:00:00+00:00,0.0,0.0,0.498,0.5,25.6,85,969.2,11.3
TUR_SMS_04,2023-05-22 02:00:00+00:00,0.0,0.0,0.497,0.499,26.4,80,970.2,10.3
TUR_SMS_04,2023-05-22 03:00:00+00:00,0.1,0.1,0.495,0.497,27.6,75,970.9,11.2
TUR_SMS_04,2023-05-22 04:00:00+00:00,0.0,0.0,0.493,0.496,27.7,73,970.8,13.1
TUR_SMS_04,2023-05-22 05:00:00+00:00,0.0,0.0,0.491,0.494,28.2,72,970.4,15.3
TUR_SMS_04,2023-05-22 06:00:00+00:00,0.2,0.2,0.49,0.493,28.7,72,970.0,11.3
TUR_SMS_04,2023-05-22 07:00:00+00:00,0.6,0.6,0.492,0.491,29.3,70,969.0,11.6
TUR_SMS_04,2023-05-22 08:00:00+00:00,0.5,0.5,0.493,0.49,28.9,73,968.1,10.2
TUR_SMS_04,2023-05-22 09:00:00+00:00,0.0,0.0,0.491,0.489,28.9,72,966.8,9.4
TUR_SMS_04,2023-05-22 10:00:00+00:00,0.0,0.0,0.489,0.488,29.2,70,965.9,9.7
TUR_SMS_04,2023-05-22 11:00:00+00:00,0.0,0.0,0.488,0.487,28.6,73,965.7,8.6
TUR_SMS_04,2023-05-22 12:00:00+00:00,0.0,0.0,0.478,0.487,27.8,76,967.7,4.4
TUR_SMS_04,2023-05-22 13:00:00+00:00,0.0,0.0,0.477,0.486,26.4,82,967.4,3.1
TUR_SMS_04,2023-05-22 14:00:00+00:00,0.0,0.0,0.477,0.485,25.7,84,967.8,4.7
TUR_SMS_04,2023-05-22 15:00:00+00:00,0.0,0.0,0.477,0.485,24.9,86,968.5,5.6
TUR_SMS_04,2023-05-22 16:00:00+00:00,0.0,0.0,0.477,0.484,24.5,87,969.2,7.2
TUR_SMS_04,2023-05-22 17:00:00+00:00,0.0,0.0,0.477,0.483,24.6,86,969.3,8.0
TUR_SMS_04,2023-05-22 18:00:00+00:00,0.0,0.0,0.476,0.483,24.5,85,969.1,7.2
TUR_SMS_04,2023-05-22 19:00:00+00:00,0.0,0.0,0.476,0.482,24.3,85,968.4,5.9
TUR_SMS_04,2023-05-22 20:00:00+00:00,0.5,0.5,0.48,0.482,23.5,90,967.8,4.7
TUR_SMS_04,2023-05-22 21:00:00+00:00,0.5,0.5,0.483,0.481,22.5,95,967.6,3.6
TUR_SMS_04,2023-05-22 22:00:00+00:00,2.1,2.1,0.51,0.481,21.9,98,968.8,8.6
TUR_SMS_04,2023-05-22 23:00:00+00:00,3.0,3.0,0.511,0.491,21.8,93,968.3,8.3
TUR_SMS_04,2023-05-23 00:00:00+00:00,0.1,0.1,0.48,0.477,22.5,89,970.7,10.9
TUR_SMS_04,2023-05-23 01:00:00+00:00,0.0,0.0,0.479,0.477,23.0,90,969.2,6.3
TUR_SMS_04,2023-05-23 02:00:00+00:00,0.0,0.0,0.478,0.477,26.7,80,969.7,4.6
TUR_SMS_04,2023-05-23 03:00:00+00:00,0.0,0.0,0.477,0.476,26.6,82,970.5,9.7
TUR_SMS_04,2023-05-23 04:00:00+00:00,0.0,0.0,0.475,0.475,27.5,78,970.7,8.9
TUR_SMS_04,2023-05-23 05:00:00+00:00,0.1,0.1,0.474,0.474,28.3,75,970.5,8.2
TUR_SMS_04,2023-05-23 06:00:00+00:00,0.1,0.1,0.473,0.473,29.0,72,969.7,6.9
TUR_SMS_04,2023-05-23 07:00:00+00:00,0.0,0.0,0.471,0.472,30.0,68,968.9,7.9
TUR_SMS_04,2023-05-23 08:00:00+00:00,0.0,0.0,0.469,0.471,28.5,73,967.9,10.3
TUR_SMS_04,2023-05-23 09:00:00+00:00,0.0,0.0,0.467,0.471,28.4,74,966.4,8.5
TUR_SMS_04,2023-05-23 10:00:00+00:00,1.0,1.0,0.475,0.47,27.4,76,966.1,11.8
TUR_SMS_04,2023-05-23 11:00:00+00:00,0.6,0.6,0.48,0.47,25.0,86,966.4,7.1
TUR_SMS_04,2023-05-23 12:00:00+00:00,0.0,0.0,0.476,0.47,23.1,90,965.9,8.0
TUR_SMS_04,2023-05-23 13:00:00+00:00,0.6,0.6,0.482,0.47,23.8,92,967.6,8.2
TUR_SMS_04,2023-05-23 14:00:00+00:00,0.4,0.4,0.485,0.47,23.3,91,967.8,10.9
TUR_SMS_04,2023-05-23 15:00:00+00:00,0.1,0.1,0.484,0.47,23.5,88,968.7,12.5
TUR_SMS_04,2023-05-23 16:00:00+00:00,0.2,0.2,0.485,0.47,23.6,89,968.6,7.6
TUR_SMS_04,2023-05-23 17:00:00+00:00,0.0,0.0,0.484,0.47,23.0,91,968.1,4.4
TUR_SMS_04,2023-05-23 18:00:00+00:00,0.0,0.0,0.483,0.47,24.0,85,967.3,1.4
TUR_SMS_04,2023-05-23 19:00:00+00:00,0.0,0.0,0.482,0.47,22.7,93,966.6,3.6
TUR_SMS_04,2023-05-23 20:00:00+00:00,0.0,0.0,0.481,0.47,21.9,95,966.8,3.2
TUR_SMS_04,2023-05-23 21:00:00+00:00,0.0,0.0,0.48,0.47,22.7,93,967.0,1.5
TUR_SMS_04,2023-05-23 22:00:00+00:00,0.0,0.0,0.479,0.47,22.0,96,966.9,2.5
TUR_SMS_04,2023-05-23 23:00:00+00:00,3.8,3.8,0.507,0.478,21.1,99,967.2,6.3
TUR_SMS_04,2023-05-24 00:00:00+00:00,0.3,0.3,0.472,0.467,21.3,98,967.9,12.1
TUR_SMS_04,2023-05-24 01:00:00+00:00,0.0,0.0,0.471,0.467,22.7,90,968.4,8.7
TUR_SMS_04,2023-05-24 02:00:00+00:00,0.0,0.0,0.471,0.466,24.2,83,969.4,9.2
TUR_SMS_04,2023-05-24 03:00:00+00:00,0.0,0.0,0.47,0.466,24.3,78,969.6,10.0
TUR_SMS_04,2023-05-24 04:00:00+00:00,0.0,0.0,0.468,0.465,26.6,65,969.6,5.9
TUR_SMS_04,2023-05-24 05:00:00+00:00,0.0,0.0,0.465,0.464,28.2,58,969.2,6.1
TUR_SMS_04,2023-05-24 06:00:00+00:00,0.2,0.2,0.464,0.463,28.1,61,967.7,10.5
TUR_SMS_04,2023-05-24 07:00:00+00:00,0.0,0.0,0.462,0.462,28.4,63,966.4,9.9
TUR_SMS_04,2023-05-24 08:00:00+00:00,0.0,0.0,0.46,0.461,28.2,63,965.6,7.9
TUR_SMS_04,2023-05-24 09:00:00+00:00,0.0,0.0,0.458,0.46,28.3,62,964.9,6.6
TUR_SMS_04,2023-05-24 10:00:00+00:00,0.0,0.0,0.457,0.46,28.1,63,964.3,5.4
TUR_SMS_04,2023-05-24 11:00:00+00:00,0.0,0.0,0.456,0.459,27.7,65,963.9,4.7
TUR_SMS_04,2023-05-24 12:00:00+00:00,0.0,0.0,0.445,0.458,26.1,70,965.0,9.7
TUR_SMS_04,2023-05-24 13:00:00+00:00,0.0,0.0,0.445,0.457,24.6,76,965.0,8.4
TUR_SMS_04,2023-05-24 14:00:00+00:00,0.0,0.0,0.445,0.457,24.1,77,966.0,8.9
TUR_SMS_04,2023-05-24 15:00:00+00:00,0.0,0.0,0.445,0.457,23.9,76,967.1,10.3
TUR_SMS_04,2023-05-24 16:00:00+00:00,0.0,0.0,0.445,0.457,23.8,77,967.6,11.2
TUR_SMS_04,2023-05-24 17:00:00+00:00,0.0,0.0,0.445,0.456,23.5,80,967.6,11.1
TUR_SMS_04,2023-05-24 18:00:00+00:00,0.0,0.0,0.445,0.456,23.1,83,967.4,10.3
TUR_SMS_04,2023-05-24 19:00:00+00:00,0.0,0.0,0.445,0.456,22.7,86,966.6,9.2
TUR_SMS_04,2023-05-24 20:00:00+00:00,0.0,0.0,0.445,0.456,22.4,87,965.9,9.2
TUR_SMS_04,2023-05-24 21:00:00+00:00,0.0,0.0,0.445,0.455,22.1,89,965.5,9.2
TUR_SMS_04,2023-05-24 22:00:00+00:00,0.0,0.0,0.445,0.455,21.7,91,965.4,8.1
TUR_SMS_04,2023-05-24 23:00:00+00:00,0.0,0.0,0.445,0.455,21.4,93,965.8,7.3
TUR_SMS_04,2023-05-25 00:00:00+00:00,0.0,0.0,0.444,0.455,22.4,91,966.8,9.8
TUR_SMS_04,2023-05-25 01:00:00+00:00,0.0,0.0,0.443,0.454,24.5,84,967.5,6.3
TUR_SMS_04,2023-05-25 02:00:00+00:00,0.0,0.0,0.443,0.454,26.3,72,968.2,7.7
TUR_SMS_04,2023-05-25 03:00:00+00:00,0.0,0.0,0.441,0.453,27.2,68,968.6,9.3
TUR_SMS_04,2023-05-25 04:00:00+00:00,0.0,0.0,0.439,0.452,27.9,64,968.4,11.6
TUR_SMS_04,2023-05-25 05:00:00+00:00,0.0,0.0,0.437,0.451,28.5,63,967.8,13.0
TUR_SMS_04,2023-05-25 06:00:00+00:00,0.0,0.0,0.435,0.45,28.9,62,967.2,13.6
TUR_SMS_04,2023-05-25 07:00:00+00:00,0.0,0.0,0.433,0.449,29.1,60,966.3,13.8
TUR_SMS_04,2023-05-25 08:00:00+00:00,0.0,0.0,0.43,0.448,29.1,60,965.1,14.3
TUR_SMS_04,2023-05-25 09:00:00+00:00,0.0,0.0,0.429,0.447,29.3,60,964.3,13.9
TUR_SMS_04,2023-05-25 10:00:00+00:00,0.0,0.0,0.427,0.446,29.3,59,963.6,13.2
TUR_SMS_04,2023-05-25 11:00:00+00:00,0.0,0.0,0.426,0.445,29.4,58,963.2,10.7
TUR_SMS_04,2023-05-25 12:00:00+00:00,0.0,0.0,0.442,0.453,28.9,63,964.7,9.2
TUR_SMS_04,2023-05-25 13:00:00+00:00,0.0,0.0,0.442,0.453,27.0,70,964.7,8.4
TUR_SMS_04,2023-05-25 14:00:00+00:00,0.0,0.0,0.442,0.452,26.1,75,965.3,8.9
TUR_SMS_04,2023-05-25 15:00:00+00:00,0.0,0.0,0.442,0.452,26.2,72,965.6,9.7
TUR_SMS_04,2023-05-25 16:00:00+00:00,0.0,0.0,0.442,0.452,25.7,75,967.1,5.2
TUR_SMS_04,2023-05-25 17:00:00+00:00,5.8,5.8,0.515,0.452,22.9,86,967.6,5.8
TUR_SMS_04,2023-05-25 18:00:00+00:00,0.1,0.1,0.504,0.456,22.4,90,965.8,10.5
TUR_SMS_04,2023-05-25 19:00:00+00:00,0.0,0.0,0.498,0.458,23.0,88,965.7,6.6
TUR_SMS_04,2023-05-25 20:00:00+00:00,0.0,0.0,0.495,0.459,23.5,86,965.4,8.5
TUR_SMS_04,2023-05-25 21:00:00+00:00,0.0,0.0,0.492,0.46,23.2,90,965.0,12.4
TUR_SMS_04,2023-05-25 22:00:00+00:00,0.5,0.5,0.495,0.46,22.8,93,965.4,3.2
TUR_SMS_04,2023-05-25 23:00:00+00:00,2.3,2.3,0.513,0.464,22.2,96,966.0,4.9
TUR_SMS_04,2023-05-26 00:00:00+00:00,0.1,0.1,0.485,0.453,22.3,96,967.8,11.7
TUR_SMS_04,2023-05-26 01:00:00+00:00,0.0,0.0,0.484,0.453,23.3,88,968.5,13.1
TUR_SMS_04,2023-05-26 02:00:00+00:00,0.0,0.0,0.481,0.453,24.6,82,969.6,14.0
TUR_SMS_04,2023-05-26 03:00:00+00:00,0.0,0.0,0.479,0.453,26.1,75,970.3,14.9
TUR_SMS_04,2023-05-26 04:00:00+00:00,0.0,0.0,0.476,0.453,27.1,71,970.1,14.7
TUR_SMS_04,2023-05-26 05:00:00+00:00,0.0,0.0,0.473,0.452,28.1,67,969.7,14.0
TUR_SMS_04,2023-05-26 06:00:00+00:00,0.2,0.2,0.471,0.452,28.2,67,969.2,12.7
TUR_SMS_04,2023-05-26 07:00:00+00:00,0.0,0.0,0.469,0.451,28.5,65,968.1,10.9
TUR_SMS_04,2023-05-26 08:00:00+00:00,0.0,0.0,0.466,0.45,29.3,61,966.7,9.8
TUR_SMS_04,2023-05-26 09:00:00+00:00,0.0,0.0,0.463,0.449,29.4,60,965.7,10.1
TUR_SMS_04,2023-05-26 10:00:00+00:00,0.0,0.0,0.461,0.449,29.1,62,965.3,9.4
TUR_SMS_04,2023-05-26 11:00:00+00:00,0.0,0.0,0.459,0.448,28.4,65,965.1,8.8
TUR_SMS_04,2023-05-26 12:00:00+00:00,0.0,0.0,0.455,0.452,27.5,70,966.1,8.0
TUR_SMS_04,2023-05-26 13:00:00+00:00,0.0,0.0,0.454,0.451,25.9,76,966.3,7.0
TUR_SMS_04,2023-05-26 14:00:00+00:00,0.0,0.0,0.454,0.451,25.4,79,967.1,6.6
TUR_SMS_04,2023-05-26 15:00:00+00:00,0.0,0.0,0.454,0.451,25.3,76,967.2,7.7
TUR_SMS_04,2023-05-26 16:00:00+00:00,0.0,0.0,0.454,0.451,24.9,77,967.8,7.6
TUR_SMS_04,2023-05-26 17:00:00+00:00,0.0,0.0,0.453,0.451,24.9,76,967.6,9.1
TUR_SMS_04,2023-05-26 18:00:00+00:00,0.0,0.0,0.453,0.451,25.0,76,967.0,7.4
TUR_SMS_04,2023-05-26 19:00:00+00:00,0.0,0.0,0.453,0.451,24.6,77,966.1,7.7
TUR_SMS_04,2023-05-26 20:00:00+00:00,0.0,0.0,0.453,0.451,24.4,78,965.7,9.2
TUR_SMS_04,2023-05-26 21:00:00+00:00,0.0,0.0,0.453,0.45,23.7,82,965.4,10.7
TUR_SMS_04,2023-05-26 22:00:00+00:00,0.0,0.0,0.452,0.45,23.2,86,965.6,7.9
TUR_SMS_04,2023-05-26 23:00:00+00:00,0.0,0.0,0.452,0.45,23.0,89,965.4,9.4
TUR_SMS_04,2023-05-27 00:00:00+00:00,0.0,0.0,0.45,0.449,23.9,88,965.8,11.4
TUR_SMS_04,2023-05-27 01:00:00+00:00,0.0,0.0,0.45,0.449,25.0,86,966.2,13.8
TUR_SMS_04,2023-05-27 02:00:00+00:00,0.0,0.0,0.449,0.449,25.9,82,967.3,15.8
TUR_SMS_04,2023-05-27 03:00:00+00:00,0.4,0.4,0.45,0.448,24.8,81,968.4,13.0
TUR_SMS_04,2023-05-27 04:00:00+00:00,14.2,14.2,0.503,0.474,23.8,87,968.4,6.8
TUR_SMS_04,2023-05-27 05:00:00+00:00,5.8,5.8,0.509,0.489,23.0,94,968.2,7.1
TUR_SMS_04,2023-05-27 06:00:00+00:00,0.5,0.5,0.507,0.49,24.8,85,967.9,9.0
TUR_SMS_04,2023-05-27 07:00:00+00:00,0.2,0.2,0.504,0.49,25.3,84,967.4,12.7
TUR_SMS_04,2023-05-27 08:00:00+00:00,0.2,0.2,0.502,0.49,26.9,78,966.5,12.0
TUR_SMS_04,2023-05-27 09:00:00+00:00,0.1,0.1,0.499,0.489,27.5,74,965.5,11.3
TUR_SMS_04,2023-05-27 10:00:00+00:00,0.0,0.0,0.496,0.489,26.4,78,965.2,8.2
TUR_SMS_04,2023-05-27 11:00:00+00:00,0.3,0.3,0.496,0.488,25.8,77,965.1,6.5
TUR_SMS_04,2023-05-27 12:00:00+00:00,0.3,0.3,0.48,0.451,24.0,87,966.9,8.0
TUR_SMS_04,2023-05-27 13:00:00+00:00,0.0,0.0,0.478,0.451,23.2,92,966.4,2.6
TUR_SMS_04,2023-05-27 14:00:00+00:00,0.0,0.0,0.477,0.452,22.7,92,966.7,3.4
TUR_SMS_04,2023-05-27 15:00:00+00:00,0.0,0.0,0.476,0.452,22.1,93,966.9,3.7
TUR_SMS_04,2023-05-27 16:00:00+00:00,0.0,0.0,0.475,0.452,21.9,92,967.2,2.0
TUR_SMS_04,2023-05-27 17:00:00+00:00,0.0,0.0,0.474,0.452,22.1,90,967.2,3.8
TUR_SMS_04,2023-05-27 18:00:00+00:00,0.0,0.0,0.473,0.452,22.0,88,967.0,5.2
TUR_SMS_04,2023-05-27 19:00:00+00:00,0.0,0.0,0.472,0.453,23.6,81,966.8,0.7
TUR_SMS_04,2023-05-27 20:00:00+00:00,0.0,0.0,0.471,0.453,21.5,88,965.9,3.2
TUR_SMS_04,2023-05-27 21:00:00+00:00,0.0,0.0,0.471,0.453,22.1,85,966.2,1.5
TUR_SMS_04,2023-05-27 22:00:00+00:00,0.0,0.0,0.47,0.453,22.8,82,966.6,1.5
TUR_SMS_04,2023-05-27 23:00:00+00:00,0.0,0.0,0.469,0.453,21.0,90,966.6,2.6
TUR_SMS_04,2023-05-28 00:00:00+00:00,0.0,0.0,0.464,0.452,22.3,88,967.5,1.5
TUR_SMS_04,2023-05-28 01:00:00+00:00,0.0,0.0,0.464,0.452,24.6,81,968.4,0.8
TUR_SMS_04,2023-05-28 02:00:00+00:00,0.0,0.0,0.463,0.452,25.9,77,969.2,4.9
TUR_SMS_04,2023-05-28 03:00:00+00:00,0.1,0.1,0.462,0.451,26.8,73,969.4,6.2
TUR_SMS_04,2023-05-28 04:00:00+00:00,0.1,0.1,0.46,0.45,27.7,71,969.4,5.6
TUR_SMS_04,2023-05-28 05:00:00+00:00,0.1,0.1,0.459,0.45,28.4,68,969.0,5.7
TUR_SMS_04,2023-05-28 06:00:00+00:00,0.0,0.0,0.457,0.449,29.2,65,968.6,7.1
TUR_SMS_04,2023-05-28 07:00:00+00:00,0.0,0.0,0.454,0.448,29.3,64,967.9,8.5
TUR_SMS_04,2023-05-28 08:00:00+00:00,0.0,0.0,0.453,0.447,29.0,62,967.2,7.4
TUR_SMS_04,2023-05-28 09:00:00+00:00,0.0,0.0,0.451,0.447,28.7,62,966.7,6.4
TUR_SMS_04,2023-05-28 10:00:00+00:00,0.0,0.0,0.45,0.446,28.1,67,966.4,7.0
TUR_SMS_04,2023-05-28 11:00:00+00:00,0.0,0.0,0.449,0.446,27.5,71,966.1,6.1
TUR_SMS_04,2023-05-28 12:00:00+00:00,0.0,0.0,0.428,0.44,27.1,75,966.8,5.2
TUR_SMS_04,2023-05-28 13:00:00+00:00,0.0,0.0,0.428,0.44,25.5,85,966.7,3.3
TUR_SMS_04,2023-05-28 14:00:00+00:00,0.0,0.0,0.428,0.44,25.3,80,967.7,5.4
TUR_SMS_04,2023-05-28 15:00:00+00:00,0.0,0.0,0.428,0.44,24.3,81,968.0,6.6
TUR_SMS_04,2023-05-28 16:00:00+00:00,0.0,0.0,0.428,0.439,23.4,84,968.5,6.5
TUR_SMS_04,2023-05-28 17:00:00+00:00,0.0,0.0,0.428,0.439,22.7,86,968.6,6.0
TUR_SMS_04,2023-05-28 18:00:00+00:00,0.0,0.0,0.428,0.439,22.3,87,968.2,5.7
TUR_SMS_04,2023-05-28 19:00:00+00:00,0.0,0.0,0.428,0.439,22.0,87,967.5,5.2
TUR_SMS_04,2023-05-28 20:00:00+00:00,0.0,0.0,0.428,0.439,21.7,87,967.1,3.9
TUR_SMS_04,2023-05-28 21:00:00+00:00,0.0,0.0,0.428,0.439,21.8,84,967.1,2.6
TUR_SMS_04,2023-05-28 22:00:00+00:00,0.0,0.0,0.428,0.439,22.4,79,967.4,2.6
TUR_SMS_04,2023-05-28 23:00:00+00:00,0.0,0.0,0.428,0.439,23.0,74,967.8,3.3
TUR_SMS_04,2023-05-29 00:00:00+00:00,0.0,0.0,0.426,0.438,23.9,74,968.2,5.4
TUR_SMS_04,2023-05-29 01:00:00+00:00,0.0,0.0,0.425,0.438,26.6,75,969.2,4.1
TUR_SMS_04,2023-05-29 02:00:00+00:00,0.0,0.0,0.425,0.437,28.8,60,970.0,1.9
TUR_SMS_04,2023-05-29 03:00:00+00:00,0.0,0.0,0.423,0.437,29.8,56,970.3,5.2
TUR_SMS_04,2023-05-29 04:00:00+00:00,0.0,0.0,0.421,0.436,30.5,53,970.1,6.6
TUR_SMS_04,2023-05-29 05:00:00+00:00,0.0,0.0,0.419,0.435,31.0,52,969.7,6.3
TUR_SMS_04,2023-05-29 06:00:00+00:00,0.0,0.0,0.417,0.434,31.5,50,969.2,5.6
TUR_SMS_04,2023-05-29 07:00:00+00:00,0.0,0.0,0.415,0.433,31.8,49,968.2,5.3
TUR_SMS_04,2023-05-29 08:00:00+00:00,0.0,0.0,0.413,0.432,32.2,48,967.4,5.8
TUR_SMS_04,2023-05-29 09:00:00+00:00,0.0,0.0,0.412,0.431,32.1,49,966.8,5.8
TUR_SMS_04,2023-05-29 10:00:00+00:00,0.0,0.0,0.41,0.43,31.8,50,966.3,6.5
TUR_SMS_04,2023-05-29 11:00:00+00:00,0.0,0.0,0.409,0.43,31.0,55,965.9,7.2
TUR_SMS_04,2023-05-29 12:00:00+00:00,0.0,0.0,0.404,0.427,29.3,66,966.7,6.8
TUR_SMS_04,2023-05-29 13:00:00+00:00,0.0,0.0,0.404,0.427,27.3,76,966.8,4.8
TUR_SMS_04,2023-05-29 14:00:00+00:00,0.0,0.0,0.404,0.427,26.9,74,967.8,4.8
TUR_SMS_04,2023-05-29 15:00:00+00:00,0.0,0.0,0.404,0.427,26.0,77,968.1,5.9
TUR_SMS_04,2023-05-29 16:00:00+00:00,0.0,0.0,0.404,0.427,24.9,81,968.5,6.4
TUR_SMS_04,2023-05-29 17:00:00+00:00,0.0,0.0,0.405,0.427,23.6,86,968.4,5.9
TUR_SMS_04,2023-05-29 18:00:00+00:00,0.0,0.0,0.405,0.427,23.3,87,967.8,3.6
TUR_SMS_04,2023-05-29 19:00:00+00:00,0.0,0.0,0.405,0.426,24.1,82,967.5,3.3
TUR_SMS_04,2023-05-29 20:00:00+00:00,0.0,0.0,0.405,0.426,24.3,81,967.2,3.9
TUR_SMS_04,2023-05-29 21:00:00+00:00,0.0,0.0,0.405,0.426,24.5,80,967.4,3.6
TUR_SMS_04,2023-05-29 22:00:00+00:00,0.0,0.0,0.405,0.426,25.3,76,967.7,3.8
TUR_SMS_04,2023-05-29 23:00:00+00:00,0.0,0.0,0.405,0.426,24.7,77,967.8,5.1
TUR_SMS_04,2023-05-30 00:00:00+00:00,0.0,0.0,0.404,0.425,26.4,72,968.1,3.3
TUR_SMS_04,2023-05-30 01:00:00+00:00,0.0,0.0,0.403,0.424,28.3,71,969.0,3.1
TUR_SMS_04,2023-05-30 02:00:00+00:00,0.0,0.0,0.403,0.424,29.7,62,969.5,3.4
TUR_SMS_04,2023-05-30 03:00:00+00:00,0.0,0.0,0.401,0.423,30.7,58,969.8,4.3
TUR_SMS_04,2023-05-30 04:00:00+00:00,0.0,0.0,0.4,0.422,31.6,55,969.5,5.9
TUR_SMS_04,2023-05-30 05:00:00+00:00,0.0,0.0,0.398,0.421,32.1,53,969.1,5.8
TUR_SMS_04,2023-05-30 06:00:00+00:00,0.0,0.0,0.396,0.421,32.4,52,968.5,5.5
TUR_SMS_04,2023-05-30 07:00:00+00:00,0.0,0.0,0.394,0.42,33.0,51,967.5,6.2
TUR_SMS_04,2023-05-30 08:00:00+00:00,0.0,0.0,0.392,0.419,33.1,50,966.6,4.8
TUR_SMS_04,2023-05-30 09:00:00+00:00,0.0,0.0,0.391,0.418,32.9,50,965.6,6.5
TUR_SMS_04,2023-05-30 10:00:00+00:00,0.0,0.0,0.39,0.417,32.7,52,965.0,5.9
TUR_SMS_04,2023-05-30 11:00:00+00:00,0.0,0.0,0.389,0.417,31.8,56,964.6,5.4
TUR_SMS_04,2023-05-30 12:00:00+00:00,0.0,0.0,0.384,0.414,31.0,61,965.6,5.5
TUR_SMS_04,2023-05-30 13:00:00+00:00,0.0,0.0,0.384,0.413,28.9,76,965.8,2.7
TUR_SMS_04,2023-05-30 14:00:00+00:00,0.0,0.0,0.384,0.413,28.3,72,966.3,2.9
TUR_SMS_04,2023-05-30 15:00:00+00:00,0.0,0.0,0.384,0.413,27.7,71,966.7,3.8
TUR_SMS_04,2023-05-30 16:00:00+00:00,0.0,0.0,0.384,0.413,26.8,74,967.1,4.2
TUR_SMS_04,2023-05-30 17:00:00+00:00,0.0,0.0,0.384,0.413,26.5,74,967.1,5.5
TUR_SMS_04,2023-05-30 18:00:00+00:00,0.0,0.0,0.384,0.413,26.7,73,966.8,6.1
TUR_SMS_04,2023-05-30 19:00:00+00:00,0.0,0.0,0.384,0.413,26.5,74,966.3,6.5
TUR_SMS_04,2023-05-30 20:00:00+00:00,0.0,0.0,0.384,0.413,26.2,74,965.9,6.5
TUR_SMS_04,2023-05-30 21:00:00+00:00,0.0,0.0,0.384,0.413,26.1,74,965.7,5.8
TUR_SMS_04,2023-05-30 22:00:00+00:00,0.0,0.0,0.385,0.413,26.0,74,965.8,6.1
TUR_SMS_04,2023-05-30 23:00:00+00:00,0.0,0.0,0.385,0.412,25.8,73,966.2,6.8
TUR_SMS_04,2023-05-31 00:00:00+00:00,0.0,0.0,0.384,0.412,26.0,73,966.8,5.9
TUR_SMS_04,2023-05-31 01:00:00+00:00,0.0,0.0,0.384,0.411,28.6,69,967.4,4.7
TUR_SMS_04,2023-05-31 02:00:00+00:00,0.0,0.0,0.383,0.411,30.1,61,968.0,4.4
TUR_SMS_04,2023-05-31 03:00:00+00:00,0.0,0.0,0.382,0.41,31.0,58,968.2,5.5
TUR_SMS_04,2023-05-31 04:00:00+00:00,0.0,0.0,0.38,0.41,31.9,55,968.2,6.1
TUR_SMS_04,2023-05-31 05:00:00+00:00,0.0,0.0,0.378,0.409,32.6,54,967.6,7.3
TUR_SMS_04,2023-05-31 06:00:00+00:00,0.0,0.0,0.376,0.408,33.0,52,967.0,7.8
TUR_SMS_04,2023-05-31 07:00:00+00:00,0.0,0.0,0.375,0.407,33.1,52,965.8,8.2
TUR_SMS_04,2023-05-31 08:00:00+00:00,0.0,0.0,0.373,0.406,33.4,51,964.8,8.4
TUR_SMS_04,2023-05-31 09:00:00+00:00,0.0,0.0,0.371,0.405,33.2,51,964.0,8.1
TUR_SMS_04,2023-05-31 10:00:00+00:00,0.0,0.0,0.37,0.405,32.9,52,963.3,6.8
TUR_SMS_04,2023-05-31 11:00:00+00:00,0.0,0.0,0.369,0.404,32.3,54,962.9,7.3
TUR_SMS_04,2023-05-31 12:00:00+00:00,0.0,0.0,0.366,0.402,31.2,61,963.4,7.0
TUR_SMS_04,2023-05-31 13:00:00+00:00,0.0,0.0,0.366,0.402,29.1,73,963.5,4.1
TUR_SMS_04,2023-05-31 14:00:00+00:00,0.0,0.0,0.366,0.402,28.7,71,964.3,4.6
TUR_SMS_04,2023-05-31 15:00:00+00:00,0.0,0.0,0.366,0.402,28.1,71,964.8,6.9
TUR_SMS_04,2023-05-31 16:00:00+00:00,0.0,0.0,0.366,0.401,27.9,69,965.2,8.4
TUR_SMS_04,2023-05-31 17:00:00+00:00,0.0,0.0,0.367,0.401,28.0,69,964.9,8.0
TUR_SMS_04,2023-05-31 18:00:00+00:00,0.0,0.0,0.367,0.401,27.8,69,964.3,8.9
TUR_SMS_04,2023-05-31 19:00:00+00:00,0.0,0.0,0.367,0.401,27.7,69,963.8,9.5
TUR_SMS_04,2023-05-31 20:00:00+00:00,0.0,0.0,0.367,0.401,27.4,70,963.1,9.4
TUR_SMS_04,2023-05-31 21:00:00+00:00,0.0,0.0,0.367,0.401,27.2,70,963.0,9.2
TUR_SMS_04,2023-05-31 22:00:00+00:00,0.0,0.0,0.367,0.401,27.0,71,963.2,9.8
TUR_SMS_04,2023-05-31 23:00:00+00:00,0.0,0.0,0.367,0.401,26.9,71,963.8,10.7
TUR_SMS_04,2023-06-01 00:00:00+00:00,0.0,0.0,0.368,0.402,27.9,72,964.8,12.0
TUR_SMS_04,2023-06-01 01:00:00+00:00,6.5,6.5,0.451,0.401,25.7,83,966.8,7.4
TUR_SMS_04,2023-06-01 02:00:00+00:00,0.3,0.3,0.453,0.402,26.1,85,966.3,11.6
TUR_SMS_04,2023-06-01 03:00:00+00:00,0.0,0.0,0.452,0.402,29.0,76,966.1,10.0
TUR_SMS_04,2023-06-01 04:00:00+00:00,0.0,0.0,0.449,0.402,30.9,68,966.2,10.9
TUR_SMS_04,2023-06-01 05:00:00+00:00,0.0,0.0,0.446,0.401,32.2,62,965.8,13.1
TUR_SMS_04,2023-06-01 06:00:00+00:00,0.0,0.0,0.442,0.401,32.4,62,965.0,14.1
TUR_SMS_04,2023-06-01 07:00:00+00:00,0.0,0.0,0.439,0.4,33.0,60,964.0,13.4
TUR_SMS_04,2023-06-01 08:00:00+00:00,0.0,0.0,0.436,0.4,33.5,55,962.9,13.0
TUR_SMS_04,2023-06-01 09:00:00+00:00,0.0,0.0,0.434,0.399,33.5,50,961.6,9.2
TUR_SMS_04,2023-06-01 10:00:00+00:00,0.0,0.0,0.432,0.399,32.7,63,960.9,7.9
TUR_SMS_04,2023-06-01 11:00:00+00:00,0.0,0.0,0.431,0.399,31.0,79,961.0,10.4
TUR_SMS_04,2023-06-01 12:00:00+00:00,0.0,0.0,0.367,0.402,31.1,59,962.0,14.3
TUR_SMS_04,2023-06-01 13:00:00+00:00,0.0,0.0,0.367,0.402,28.9,73,962.5,10.5
TUR_SMS_04,2023-06-01 14:00:00+00:00,0.0,0.0,0.367,0.402,28.2,76,963.1,12.1
TUR_SMS_04,2023-06-01 15:00:00+00:00,0.0,0.0,0.367,0.402,28.2,76,963.6,12.4
TUR_SMS_04,2023-06-01 16:00:00+00:00,0.0,0.0,0.367,0.402,27.9,78,963.8,10.4
TUR_SMS_04,2023-06-01 17:00:00+00:00,0.0,0.0,0.367,0.402,27.6,77,964.0,11.7
TUR_SMS_04,2023-06-01 18:00:00+00:00,0.0,0.0,0.368,0.402,27.5,78,963.5,12.2
TUR_SMS_04,2023-06-01 19:00:00+00:00,0.0,0.0,0.368,0.402,27.0,79,963.1,11.9
TUR_SMS_04,2023-06-01 20:00:00+00:00,0.0,0.0,0.368,0.402,26.8,80,962.8,12.8
TUR_SMS_04,2023-06-01 21:00:00+00:00,0.0,0.0,0.368,0.402,26.4,82,962.7,14.4
TUR_SMS_04,2023-06-01 22:00:00+00:00,0.0,0.0,0.368,0.401,25.8,85,962.6,15.7
TUR_SMS_04,2023-06-01 23:00:00+00:00,0.0,0.0,0.368,0.401,25.4,87,963.1,15.1
TUR_SMS_04,2023-06-02 00:00:00+00:00,0.0,0.0,0.368,0.402,26.7,85,964.3,13.6
TUR_SMS_04,2023-06-02 01:00:00+00:00,0.0,0.0,0.368,0.402,28.0,80,965.1,14.8
TUR_SMS_04,2023-06-02 02:00:00+00:00,0.0,0.0,0.368,0.401,28.9,77,965.8,15.3
TUR_SMS_04,2023-06-02 03:00:00+00:00,0.0,0.0,0.367,0.401,30.0,72,966.2,14.4
TUR_SMS_04,2023-06-02 04:00:00+00:00,0.0,0.0,0.365,0.4,30.9,67,966.3,14.5
TUR_SMS_04,2023-06-02 05:00:00+00:00,0.0,0.0,0.364,0.399,31.9,61,966.0,14.6
TUR_SMS_04,2023-06-02 06:00:00+00:00,0.0,0.0,0.362,0.398,32.6,54,965.6,13.7
TUR_SMS_04,2023-06-02 07:00:00+00:00,0.0,0.0,0.36,0.398,33.4,50,964.6,14.1
TUR_SMS_04,2023-06-02 08:00:00+00:00,0.0,0.0,0.359,0.397,34.7,38,963.1,10.9
TUR_SMS_04,2023-06-02 09:00:00+00:00,0.0,0.0,0.357,0.396,35.5,32,962.0,13.4
TUR_SMS_04,2023-06-02 10:00:00+00:00,0.0,0.0,0.356,0.396,35.1,32,961.4,12.0
TUR_SMS_04,2023-06-02 11:00:00+00:00,0.0,0.0,0.355,0.395,34.3,35,961.1,8.0
TUR_SMS_04,2023-06-02 12:00:00+00:00,0.0,0.0,0.348,0.392,31.9,49,962.6,11.0
TUR_SMS_04,2023-06-02 13:00:00+00:00,0.0,0.0,0.348,0.392,28.6,81,962.7,14.5
TUR_SMS_04,2023-06-02 14:00:00+00:00,0.0,0.0,0.348,0.392,28.2,82,963.4,13.4
TUR_SMS_04,2023-06-02 15:00:00+00:00,0.0,0.0,0.349,0.392,27.9,80,964.1,13.4
TUR_SMS_04,2023-06-02 16:00:00+00:00,0.0,0.0,0.349,0.392,27.9,77,964.5,12.9
TUR_SMS_04,2023-06-02 17:00:00+00:00,0.0,0.0,0.349,0.392,27.5,76,964.8,12.0
TUR_SMS_04,2023-06-02 18:00:00+00:00,0.0,0.0,0.349,0.392,27.3,77,964.9,13.5
TUR_SMS_04,2023-06-02 19:00:00+00:00,0.0,0.0,0.349,0.392,27.1,78,964.2,14.0
TUR_SMS_04,2023-06-02 20:00:00+00:00,0.0,0.0,0.349,0.392,26.8,79,963.8,13.0
TUR_SMS_04,2023-06-02 21:00:00+00:00,0.0,0.0,0.349,0.392,26.6,79,963.8,13.2
TUR_SMS_04,2023-06-02 22:00:00+00:00,0.0,0.0,0.349,0.392,26.3,81,963.9,14.8
TUR_SMS_04,2023-06-02 23:00:00+00:00,0.0,0.0,0.349,0.391,26.0,83,964.2,15.2
TUR_SMS_04,2023-06-03 00:00:00+00:00,0.0,0.0,0.351,0.393,26.8,84,965.2,13.7
TUR_SMS_04,2023-06-03 01:00:00+00:00,0.0,0.0,0.351,0.393,27.6,82,966.0,16.0
TUR_SMS_04,2023-06-03 02:00:00+00:00,0.0,0.0,0.351,0.393,28.6,78,966.7,18.5
TUR_SMS_04,2023-06-03 03:00:00+00:00,0.0,0.0,0.35,0.392,29.3,76,967.6,17.0
TUR_SMS_04,2023-06-03 04:00:00+00:00,0.0,0.0,0.349,0.392,30.4,70,967.7,15.0
TUR_SMS_04,2023-06-03 05:00:00+00:00,0.0,0.0,0.348,0.391,31.1,67,967.4,13.5
TUR_SMS_04,2023-06-03 06:00:00+00:00,0.0,0.0,0.346,0.39,31.8,65,966.8,13.1
TUR_SMS_04,2023-06-03 07:00:00+00:00,0.0,0.0,0.345,0.389,32.1,64,965.7,15.3
TUR_SMS_04,2023-06-03 08:00:00+00:00,0.7,0.7,0.35,0.389,29.8,72,965.3,13.4
TUR_SMS_04,2023-06-03 09:00:00+00:00,0.0,0.0,0.35,0.389,29.9,74,963.8,11.0
TUR_SMS_04,2023-06-03 10:00:00+00:00,0.0,0.0,0.349,0.388,30.6,70,963.5,14.1
TUR_SMS_04,2023-06-03 11:00:00+00:00,0.0,0.0,0.348,0.388,30.0,72,963.0,14.8
TUR_SMS_04,2023-06-03 12:00:00+00:00,0.0,0.0,0.352,0.39,29.6,72,963.5,11.7
TUR_SMS_04,2023-06-03 13:00:00+00:00,0.0,0.0,0.352,0.389,28.2,74,963.2,13.0
TUR_SMS_04,2023-06-03 14:00:00+00:00,0.0,0.0,0.352,0.389,27.8,75,964.2,12.7
TUR_SMS_04,2023-06-03 15:00:00+00:00,0.0,0.0,0.352,0.389,27.4,77,965.2,13.4
TUR_SMS_04,2023-06-03 16:00:00+00:00,0.0,0.0,0.352,0.389,27.3,79,966.0,13.3
TUR_SMS_04,2023-06-03 17:00:00+00:00,0.0,0.0,0.352,0.389,27.2,80,966.2,12.9
TUR_SMS_04,2023-06-03 18:00:00+00:00,0.0,0.0,0.352,0.389,27.0,80,965.8,12.9
TUR_SMS_04,2023-06-03 19:00:00+00:00,0.0,0.0,0.352,0.389,26.8,81,965.2,12.8
TUR_SMS_04,2023-06-03 20:00:00+00:00,0.0,0.0,0.352,0.389,26.5,83,964.7,12.0
TUR_SMS_04,2023-06-03 21:00:00+00:00,0.0,0.0,0.352,0.389,26.4,83,964.6,11.9
TUR_SMS_04,2023-06-03 22:00:00+00:00,0.0,0.0,0.352,0.389,26.2,83,964.7,13.3
TUR_SMS_04,2023-06-03 23:00:00+00:00,0.0,0.0,0.352,0.389,25.9,84,965.3,12.3
TUR_SMS_04,2023-06-04 00:00:00+00:00,0.0,0.0,0.35,0.39,27.2,83,965.8,14.9
TUR_SMS_04,2023-06-04 01:00:00+00:00,0.0,0.0,0.35,0.39,28.2,79,966.5,15.3
TUR_SMS_04,2023-06-04 02:00:00+00:00,0.0,0.0,0.35,0.389,28.4,82,967.6,7.9
TUR_SMS_04,2023-06-04 03:00:00+00:00,0.0,0.0,0.35,0.389,28.5,81,968.2,9.9
TUR_SMS_04,2023-06-04 04:00:00+00:00,0.0,0.0,0.35,0.389,28.1,83,967.8,13.3
TUR_SMS_04,2023-06-04 05:00:00+00:00,0.0,0.0,0.348,0.388,30.6,72,967.2,14.5
TUR_SMS_04,2023-06-04 06:00:00+00:00,0.0,0.0,0.347,0.388,31.2,69,966.7,13.9
TUR_SMS_04,2023-06-04 07:00:00+00:00,0.0,0.0,0.346,0.387,32.5,62,965.4,13.0
TUR_SMS_04,2023-06-04 08:00:00+00:00,0.0,0.0,0.344,0.386,32.6,60,964.4,9.4
TUR_SMS_04,2023-06-04 09:00:00+00:00,0.7,0.7,0.35,0.386,32.0,60,963.3,10.2
TUR_SMS_04,2023-06-04 10:00:00+00:00,0.1,0.1,0.35,0.385,30.1,69,963.0,10.3
TUR_SMS_04,2023-06-04 11:00:00+00:00,0.0,0.0,0.35,0.385,30.6,63,962.3,6.5
TUR_SMS_04,2023-06-04 12:00:00+00:00,0.0,0.0,0.342,0.388,29.8,70,963.5,8.2
TUR_SMS_04,2023-06-04 13:00:00+00:00,0.0,0.0,0.342,0.388,28.6,74,963.2,8.7
TUR_SMS_04,2023-06-04 14:00:00+00:00,0.0,0.0,0.342,0.388,27.9,75,963.7,8.4
TUR_SMS_04,2023-06-04 15:00:00+00:00,0.0,0.0,0.343,0.388,27.6,75,964.4,8.9
TUR_SMS_04,2023-06-04 16:00:00+00:00,0.0,0.0,0.343,0.388,27.5,76,965.2,7.9
TUR_SMS_04,2023-06-04 17:00:00+00:00,0.0,0.0,0.343,0.388,27.5,75,965.3,9.7
TUR_SMS_04,2023-06-04 18:00:00+00:00,0.0,0.0,0.343,0.388,27.3,75,964.9,9.5
TUR_SMS_04,2023-06-04 19:00:00+00:00,0.0,0.0,0.343,0.388,26.8,77,964.6,9.7
TUR_SMS_04,2023-06-04 20:00:00+00:00,0.0,0.0,0.343,0.387,26.4,80,964.1,11.0
TUR_SMS_04,2023-06-04 21:00:00+00:00,0.0,0.0,0.343,0.387,26.2,82,963.9,9.4
TUR_SMS_04,2023-06-04 22:00:00+00:00,0.0,0.0,0.343,0.387,26.1,82,963.8,9.0
TUR_SMS_04,2023-06-04 23:00:00+00:00,0.0,0.0,0.343,0.387,26.3,80,964.0,9.5
TUR_SMS_04,2023-06-05 00:00:00+00:00,0.0,0.0,0.343,0.387,27.4,79,964.8,9.0
TUR_SMS_04,2023-06-05 01:00:00+00:00,0.0,0.0,0.343,0.387,29.0,75,965.6,9.5
TUR_SMS_04,2023-06-05 02:00:00+00:00,1.1,1.1,0.352,0.387,28.7,74,966.3,0.8
TUR_SMS_04,2023-06-05 03:00:00+00:00,0.4,0.4,0.355,0.386,29.2,74,966.2,10.4
TUR_SMS_04,2023-06-05 04:00:00+00:00,0.0,0.0,0.354,0.386,30.7,64,966.4,8.0
TUR_SMS_04,2023-06-05 05:00:00+00:00,0.0,0.0,0.352,0.385,32.1,58,966.1,5.9
TUR_SMS_04,2023-06-05 06:00:00+00:00,0.1,0.1,0.352,0.385,32.5,55,966.0,5.3
TUR_SMS_04,2023-06-05 07:00:00+00:00,0.0,0.0,0.351,0.384,32.9,54,964.9,6.0
TUR_SMS_04,2023-06-05 08:00:00+00:00,0.0,0.0,0.349,0.383,33.3,53,963.7,6.6
TUR_SMS_04,2023-06-05 09:00:00+00:00,0.0,0.0,0.348,0.383,33.5,51,962.5,6.8
TUR_SMS_04,2023-06-05 10:00:00+00:00,0.0,0.0,0.347,0.382,33.1,52,961.7,6.0
TUR_SMS_04,2023-06-05 11:00:00+00:00,0.0,0.0,0.346,0.382,32.4,56,961.7,7.0
TUR_SMS_04,2023-06-05 12:00:00+00:00,0.0,0.0,0.339,0.388,31.2,63,962.4,5.6
TUR_SMS_04,2023-06-05 13:00:00+00:00,0.0,0.0,0.339,0.388,29.5,73,962.8,3.7
TUR_SMS_04,2023-06-05 14:00:00+00:00,0.0,0.0,0.339,0.388,29.2,74,963.5,3.2
TUR_SMS_04,2023-06-05 15:00:00+00:00,0.0,0.0,0.339,0.388,29.0,71,964.2,4.0
TUR_SMS_04,2023-06-05 16:00:00+00:00,0.0,0.0,0.339,0.388,28.2,73,964.6,4.1
TUR_SMS_04,2023-06-05 17:00:00+00:00,0.0,0.0,0.34,0.388,27.8,72,964.4,5.0
TUR_SMS_04,2023-06-05 18:00:00+00:00,0.0,0.0,0.34,0.388,27.5,70,963.9,3.7
TUR_SMS_04,2023-06-05 19:00:00+00:00,0.0,0.0,0.34,0.387,27.6,68,963.5,4.7
TUR_SMS_04,2023-06-05 20:00:00+00:00,0.0,0.0,0.34,0.387,27.7,67,963.0,5.2
TUR_SMS_04,2023-06-05 21:00:00+00:00,0.0,0.0,0.34,0.387,27.6,67,962.8,6.4
TUR_SMS_04,2023-06-05 22:00:00+00:00,0.0,0.0,0.34,0.387,27.4,68,963.0,6.8
TUR_SMS_04,2023-06-05 23:00:00+00:00,0.0,0.0,0.34,0.387,27.2,70,963.3,6.7
TUR_SMS_04,2023-06-06 00:00:00+00:00,0.0,0.0,0.343,0.392,28.5,69,963.6,8.8
TUR_SMS_04,2023-06-06 01:00:00+00:00,0.0,0.0,0.343,0.392,30.1,67,964.5,5.9
TUR_SMS_04,2023-06-06 02:00:00+00:00,0.0,0.0,0.343,0.392,31.4,61,964.9,6.6
TUR_SMS_04,2023-06-06 03:00:00+00:00,1.0,1.0,0.351,0.391,29.8,67,965.7,5.2
TUR_SMS_04,2023-06-06 04:00:00+00:00,0.0,0.0,0.351,0.391,31.2,62,965.6,5.4
TUR_SMS_04,2023-06-06 05:00:00+00:00,0.0,0.0,0.349,0.39,32.8,56,965.3,6.9
TUR_SMS_04,2023-06-06 06:00:00+00:00,0.0,0.0,0.348,0.389,33.8,51,964.5,6.8
TUR_SMS_04,2023-06-06 07:00:00+00:00,0.0,0.0,0.346,0.389,34.1,49,963.4,6.1
TUR_SMS_04,2023-06-06 08:00:00+00:00,0.0,0.0,0.345,0.388,34.3,49,962.1,7.1
TUR_SMS_04,2023-06-06 09:00:00+00:00,0.0,0.0,0.343,0.387,34.1,48,961.0,7.4
TUR_SMS_04,2023-06-06 10:00:00+00:00,0.0,0.0,0.342,0.387,33.7,47,960.4,7.0
TUR_SMS_04,2023-06-06 11:00:00+00:00,0.0,0.0,0.342,0.386,33.3,48,960.0,6.1
TUR_SMS_04,2023-06-06 12:00:00+00:00,0.0,0.0,0.334,0.385,32.7,53,960.5,1.8
TUR_SMS_04,2023-06-06 13:00:00+00:00,0.0,0.0,0.334,0.385,30.4,73,961.4,2.3
TUR_SMS_04,2023-06-06 14:00:00+00:00,0.0,0.0,0.334,0.385,29.4,70,962.0,5.8
TUR_SMS_04,2023-06-06 15:00:00+00:00,0.0,0.0,0.334,0.385,28.6,73,962.6,6.5
TUR_SMS_04,2023-06-06 16:00:00+00:00,0.0,0.0,0.334,0.385,28.3,73,963.4,6.5
TUR_SMS_04,2023-06-06 17:00:00+00:00,0.0,0.0,0.334,0.385,28.0,74,963.4,5.4
TUR_SMS_04,2023-06-06 18:00:00+00:00,0.0,0.0,0.334,0.385,28.1,73,963.2,6.0
TUR_SMS_04,2023-06-06 19:00:00+00:00,0.0,0.0,0.334,0.384,28.2,71,962.9,7.8
TUR_SMS_04,2023-06-06 20:00:00+00:00,0.0,0.0,0.334,0.384,27.9,73,962.4,7.2
TUR_SMS_04,2023-06-06 21:00:00+00:00,0.0,0.0,0.335,0.384,27.6,74,962.2,6.5
TUR_SMS_04,2023-06-06 22:00:00+00:00,0.0,0.0,0.335,0.384,27.3,75,962.3,7.2
TUR_SMS_04,2023-06-06 23:00:00+00:00,0.0,0.0,0.335,0.384,27.2,76,962.4,7.2
TUR_SMS_04,2023-06-07 00:00:00+00:00,0.0,0.0,0.334,0.382,25.9,80,962.4,7.0
TUR_SMS_04,2023-06-07 01:00:00+00:00,0.0,0.0,0.334,0.382,29.6,73,963.6,3.2
TUR_SMS_04,2023-06-07 02:00:00+00:00,0.0,0.0,0.333,0.381,30.6,67,964.5,3.8
TUR_SMS_04,2023-06-07 03:00:00+00:00,0.0,0.0,0.333,0.381,31.8,64,965.1,6.6
TUR_SMS_04,2023-06-07 04:00:00+00:00,1.2,1.2,0.343,0.381,29.9,72,965.5,4.4
TUR_SMS_04,2023-06-07 05:00:00+00:00,0.0,0.0,0.342,0.38,31.0,68,964.7,3.6
TUR_SMS_04,2023-06-07 06:00:00+00:00,0.0,0.0,0.341,0.38,33.4,55,963.9,4.3
TUR_SMS_04,2023-06-07 07:00:00+00:00,0.0,0.0,0.34,0.379,34.5,49,962.6,6.8
TUR_SMS_04,2023-06-07 08:00:00+00:00,0.0,0.0,0.338,0.378,35.0,46,961.1,8.5
TUR_SMS_04,2023-06-07 09:00:00+00:00,0.0,0.0,0.337,0.378,34.7,46,960.4,10.5
TUR_SMS_04,2023-06-07 10:00:00+00:00,0.0,0.0,0.336,0.377,33.7,50,960.2,7.6
TUR_SMS_04,2023-06-07 11:00:00+00:00,0.0,0.0,0.336,0.377,33.2,54,960.0,8.1
TUR_SMS_04,2023-06-07 12:00:00+00:00,0.0,0.0,0.336,0.378,29.9,78,960.7,2.2
TUR_SMS_04,2023-06-07 13:00:00+00:00,0.0,0.0,0.336,0.378,30.1,74,960.8,5.9
TUR_SMS_04,2023-06-07 14:00:00+00:00,0.0,0.0,0.336,0.378,29.8,74,961.4,3.8
TUR_SMS_04,2023-06-07 15:00:00+00:00,0.0,0.0,0.336,0.378,29.1,75,962.4,4.4
TUR_SMS_04,2023-06-07 16:00:00+00:00,0.0,0.0,0.336,0.378,28.8,76,963.2,5.9
TUR_SMS_04,2023-06-07 17:00:00+00:00,0.0,0.0,0.336,0.378,28.3,78,963.5,5.2
TUR_SMS_04,2023-06-07 18:00:00+00:00,0.0,0.0,0.336,0.378,28.1,78,963.0,4.7
TUR_SMS_04,2023-06-07 19:00:00+00:00,0.0,0.0,0.336,0.378,27.7,80,962.5,4.5
TUR_SMS_04,2023-06-07 20:00:00+00:00,0.0,0.0,0.336,0.378,27.5,79,961.9,7.4
TUR_SMS_04,2023-06-07 21:00:00+00:00,0.0,0.0,0.336,0.378,26.9,81,961.5,7.6
TUR_SMS_04,2023-06-07 22:00:00+00:00,0.0,0.0,0.336,0.378,26.3,84,961.7,9.0
TUR_SMS_04,2023-06-07 23:00:00+00:00,0.0,0.0,0.337,0.378,26.1,84,962.5,9.7
TUR_SMS_04,2023-06-08 00:00:00+00:00,0.0,0.0,0.335,0.377,26.3,80,962.7,9.9
TUR_SMS_04,2023-06-08 01:00:00+00:00,0.0,0.0,0.335,0.377,28.5,76,964.0,7.1
TUR_SMS_04,2023-06-08 02:00:00+00:00,0.0,0.0,0.335,0.377,29.7,71,964.7,8.2
TUR_SMS_04,2023-06-08 03:00:00+00:00,0.0,0.0,0.335,0.376,29.7,72,964.9,7.7
TUR_SMS_04,2023-06-08 04:00:00+00:00,0.1,0.1,0.335,0.376,31.8,66,964.8,1.8
TUR_SMS_04,2023-06-08 05:00:00+00:00,0.0,0.0,0.333,0.375,33.2,58,964.2,4.6
TUR_SMS_04,2023-06-08 06:00:00+00:00,0.0,0.0,0.332,0.375,33.5,57,963.8,4.7
TUR_SMS_04,2023-06-08 07:00:00+00:00,0.0,0.0,0.331,0.374,33.9,55,962.5,6.7
TUR_SMS_04,2023-06-08 08:00:00+00:00,0.0,0.0,0.33,0.374,34.1,55,961.1,8.3
TUR_SMS_04,2023-06-08 09:00:00+00:00,0.0,0.0,0.329,0.373,33.9,55,960.2,9.3
TUR_SMS_04,2023-06-08 10:00:00+00:00,0.0,0.0,0.328,0.373,33.7,52,959.7,7.0
TUR_SMS_04,2023-06-08 11:00:00+00:00,0.0,0.0,0.327,0.372,33.1,52,959.4,5.7
TUR_SMS_04,2023-06-08 12:00:00+00:00,0.0,0.0,0.327,0.372,32.1,61,959.3,3.3
TUR_SMS_04,2023-06-08 13:00:00+00:00,0.0,0.0,0.339,0.378,28.8,79,960.5,4.9
TUR_SMS_04,2023-06-08 14:00:00+00:00,0.0,0.0,0.339,0.378,28.6,81,961.6,6.1
TUR_SMS_04,2023-06-08 15:00:00+00:00,0.0,0.0,0.339,0.378,28.3,85,961.8,5.9
TUR_SMS_04,2023-06-08 16:00:00+00:00,0.0,0.0,0.34,0.378,27.7,88,962.0,6.2
TUR_SMS_04,2023-06-08 17:00:00+00:00,0.0,0.0,0.34,0.378,27.7,89,962.6,7.4
TUR_SMS_04,2023-06-08 18:00:00+00:00,0.1,0.1,0.341,0.378,27.6,90,961.9,7.3
TUR_SMS_04,2023-06-08 19:00:00+00:00,0.2,0.2,0.342,0.378,27.5,90,960.8,5.8
TUR_SMS_04,2023-06-08 20:00:00+00:00,0.0,0.0,0.343,0.378,27.2,91,960.2,4.3
TUR_SMS_04,2023-06-08 21:00:00+00:00,0.0,0.0,0.343,0.378,26.9,92,960.3,7.3
TUR_SMS_04,2023-06-08 22:00:00+00:00,1.1,1.1,0.353,0.378,25.4,95,960.6,2.3
TUR_SMS_04,2023-06-08 23:00:00+00:00,0.3,0.3,0.356,0.378,25.2,94,960.9,4.0
TUR_SMS_04,2023-06-09 00:00:00+00:00,0.0,0.0,0.357,0.378,25.3,93,961.4,9.8
TUR_SMS_04,2023-06-09 01:00:00+00:00,0.6,0.6,0.35,0.377,25.9,91,962.0,8.0
TUR_SMS_04,2023-06-09 02:00:00+00:00,0.3,0.3,0.353,0.377,27.3,88,962.9,5.0
TUR_SMS_04,2023-06-09 03:00:00+00:00,2.2,2.2,0.38,0.377,27.8,82,963.8,5.6
TUR_SMS_04,2023-06-09 04:00:00+00:00,0.5,0.5,0.384,0.377,27.9,84,963.7,3.1
TUR_SMS_04,2023-06-09 05:00:00+00:00,0.3,0.3,0.387,0.377,29.5,79,963.2,3.2
TUR_SMS_04,2023-06-09 06:00:00+00:00,0.0,0.0,0.386,0.377,30.1,75,961.9,4.3
TUR_SMS_04,2023-06-09 07:00:00+00:00,0.1,0.1,0.386,0.376,31.3,71,960.4,4.7
TUR_SMS_04,2023-06-09 08:00:00+00:00,0.0,0.0,0.384,0.376,31.9,69,959.1,7.9
TUR_SMS_04,2023-06-09 09:00:00+00:00,0.0,0.0,0.382,0.375,32.0,67,958.3,8.7
TUR_SMS_04,2023-06-09 10:00:00+00:00,2.3,2.3,0.406,0.375,29.9,72,958.2,7.5
TUR_SMS_04,2023-06-09 11:00:00+00:00,0.1,0.1,0.406,0.375,28.9,79,958.3,6.8
TUR_SMS_04,2023-06-09 12:00:00+00:00,2.3,2.3,0.435,0.375,27.8,84,959.2,6.4
TUR_SMS_04,2023-06-09 13:00:00+00:00,0.0,0.0,0.347,0.376,27.3,82,959.7,3.1
TUR_SMS_04,2023-06-09 14:00:00+00:00,0.0,0.0,0.347,0.375,27.2,84,960.6,2.2
TUR_SMS_04,2023-06-09 15:00:00+00:00,0.0,0.0,0.347,0.375,26.9,86,961.3,4.0
TUR_SMS_04,2023-06-09 16:00:00+00:00,0.0,0.0,0.347,0.375,26.5,89,961.7,4.1
TUR_SMS_04,2023-06-09 17:00:00+00:00,0.0,0.0,0.347,0.375,26.3,90,961.8,3.3
TUR_SMS_04,2023-06-09 18:00:00+00:00,0.2,0.2,0.349,0.375,26.0,92,961.2,2.3
TUR_SMS_04,2023-06-09 19:00:00+00:00,0.0,0.0,0.349,0.375,25.9,92,960.5,5.5
TUR_SMS_04,2023-06-09 20:00:00+00:00,0.3,0.3,0.351,0.375,25.0,96,960.1,7.5
TUR_SMS_04,2023-06-09 21:00:00+00:00,0.0,0.0,0.351,0.375,24.8,96,959.8,3.3
TUR_SMS_04,2023-06-09 22:00:00+00:00,0.0,0.0,0.352,0.375,24.4,99,959.8,4.1
TUR_SMS_04,2023-06-09 23:00:00+00:00,0.2,0.2,0.353,0.375,24.2,92,960.4,2.8
TUR_SMS_04,2023-06-10 00:00:00+00:00,0.2,0.2,0.415,0.376,25.2,95,960.3,5.9
TUR_SMS_04,2023-06-10 01:00:00+00:00,1.4,1.4,0.433,0.376,26.1,89,961.1,5.6
TUR_SMS_04,2023-06-10 02:00:00+00:00,4.7,4.7,0.494,0.377,25.5,91,962.0,4.4
TUR_SMS_04,2023-06-10 03:00:00+00:00,0.6,0.6,0.492,0.38,26.3,89,962.1,5.5
TUR_SMS_04,2023-06-10 04:00:00+00:00,0.2,0.2,0.486,0.382,28.6,81,962.1,6.2
TUR_SMS_04,2023-06-10 05:00:00+00:00,0.5,0.5,0.484,0.383,28.9,80,961.7,7.3
TUR_SMS_04,2023-06-10 06:00:00+00:00,6.3,6.3,0.504,0.4,28.2,81,961.2,1.6
TUR_SMS_04,2023-06-10 07:00:00+00:00,0.6,0.6,0.499,0.403,27.6,80,960.0,4.7
TUR_SMS_04,2023-06-10 08:00:00+00:00,0.2,0.2,0.492,0.406,28.2,79,958.9,3.6
TUR_SMS_04,2023-06-10 09:00:00+00:00,0.0,0.0,0.486,0.407,29.0,77,958.1,3.9
TUR_SMS_04,2023-06-10 10:00:00+00:00,0.0,0.0,0.482,0.408,29.7,72,957.7,2.9
TUR_SMS_04,2023-06-10 11:00:00+00:00,0.0,0.0,0.478,0.409,29.6,73,957.9,2.6
TUR_SMS_04,2023-06-10 12:00:00+00:00,0.0,0.0,0.426,0.376,27.5,80,959.0,5.0
TUR_SMS_04,2023-06-10 13:00:00+00:00,0.0,0.0,0.425,0.376,26.6,86,959.7,7.4
TUR_SMS_04,2023-06-10 14:00:00+00:00,0.0,0.0,0.425,0.377,25.9,90,960.3,11.3
TUR_SMS_04,2023-06-10 15:00:00+00:00,0.1,0.1,0.425,0.377,25.5,91,961.0,12.7
TUR_SMS_04,2023-06-10 16:00:00+00:00,0.4,0.4,0.428,0.377,25.2,93,961.6,13.0
TUR_SMS_04,2023-06-10 17:00:00+00:00,0.6,0.6,0.433,0.377,24.7,94,961.3,14.5
TUR_SMS_04,2023-06-10 18:00:00+00:00,0.6,0.6,0.439,0.377,24.4,93,961.0,7.1
TUR_SMS_04,2023-06-10 19:00:00+00:00,0.3,0.3,0.442,0.378,24.1,93,960.2,7.4
TUR_SMS_04,2023-06-10 20:00:00+00:00,0.8,0.8,0.452,0.378,23.8,94,959.8,7.1
TUR_SMS_04,2023-06-10 21:00:00+00:00,1.8,1.8,0.475,0.379,23.8,94,959.5,6.0
TUR_SMS_04,2023-06-10 22:00:00+00:00,2.2,2.2,0.499,0.381,23.8,94,959.5,3.3
TUR_SMS_04,2023-06-10 23:00:00+00:00,1.7,1.7,0.507,0.386,23.9,93,959.8,4.8
TUR_SMS_04,2023-06-11 00:00:00+00:00,0.8,0.8,0.42,0.378,24.9,88,960.7,5.8
TUR_SMS_04,2023-06-11 01:00:00+00:00,0.0,0.0,0.42,0.378,26.2,82,961.0,8.6
TUR_SMS_04,2023-06-11 02:00:00+00:00,0.0,0.0,0.419,0.377,26.8,80,961.4,11.3
TUR_SMS_04,2023-06-11 03:00:00+00:00,0.1,0.1,0.418,0.377,27.8,76,961.7,6.0
TUR_SMS_04,2023-06-11 04:00:00+00:00,0.3,0.3,0.419,0.377,28.1,76,961.3,6.1
TUR_SMS_04,2023-06-11 05:00:00+00:00,0.1,0.1,0.418,0.377,30.0,70,961.4,8.6
TUR_SMS_04,2023-06-11 06:00:00+00:00,0.1,0.1,0.416,0.376,31.0,65,960.5,10.7
TUR_SMS_04,2023-06-11 07:00:00+00:00,0.0,0.0,0.414,0.376,30.0,69,959.6,8.3
TUR_SMS_04,2023-06-11 08:00:00+00:00,0.2,0.2,0.414,0.376,30.1,70,958.5,6.2
TUR_SMS_04,2023-06-11 09:00:00+00:00,0.0,0.0,0.412,0.375,30.8,66,957.8,8.3
TUR_SMS_04,2023-06-11 10:00:00+00:00,0.0,0.0,0.411,0.375,30.2,68,957.5,9.4
TUR_SMS_04,2023-06-11 11:00:00+00:00,0.0,0.0,0.41,0.375,29.0,75,958.0,13.2
TUR_SMS_04,2023-06-11 12:00:00+00:00,0.0,0.0,0.42,0.377,27.5,79,958.5,11.5
TUR_SMS_04,2023-06-11 13:00:00+00:00,0.0,0.0,0.419,0.377,26.4,85,959.2,9.0
TUR_SMS_04,2023-06-11 14:00:00+00:00,0.0,0.0,0.419,0.377,26.0,87,959.6,10.5
TUR_SMS_04,2023-06-11 15:00:00+00:00,0.0,0.0,0.419,0.377,25.9,85,960.9,11.2
TUR_SMS_04,2023-06-11 16:00:00+00:00,0.0,0.0,0.418,0.378,25.7,85,961.6,14.5
TUR_SMS_04,2023-06-11 17:00:00+00:00,0.0,0.0,0.418,0.378,25.3,87,961.5,14.0
TUR_SMS_04,2023-06-11 18:00:00+00:00,0.0,0.0,0.417,0.378,25.4,88,961.0,14.3
TUR_SMS_04,2023-06-11 19:00:00+00:00,0.0,0.0,0.417,0.378,25.2,89,960.4,15.3
TUR_SMS_04,2023-06-11 20:00:00+00:00,0.0,0.0,0.417,0.378,25.3,88,960.1,14.0
TUR_SMS_04,2023-06-11 21:00:00+00:00,0.0,0.0,0.416,0.378,25.2,88,959.8,14.0
TUR_SMS_04,2023-06-11 22:00:00+00:00,0.0,0.0,0.416,0.378,25.0,90,959.7,14.3
TUR_SMS_04,2023-06-11 23:00:00+00:00,0.0,0.0,0.416,0.378,25.0,91,960.0,13.5
TUR_SMS_04,2023-06-12 00:00:00+00:00,0.0,0.0,0.413,0.378,25.3,92,961.1,6.0
TUR_SMS_04,2023-06-12 01:00:00+00:00,0.0,0.0,0.412,0.378,25.6,90,961.3,9.3
TUR_SMS_04,2023-06-12 02:00:00+00:00,0.2,0.2,0.414,0.378,25.8,90,962.0,12.0
TUR_SMS_04,2023-06-12 03:00:00+00:00,0.2,0.2,0.415,0.378,26.8,84,962.5,16.8
TUR_SMS_04,2023-06-12 04:00:00+00:00,0.5,0.5,0.417,0.378,27.7,79,962.9,17.1
TUR_SMS_04,2023-06-12 05:00:00+00:00,0.1,0.1,0.418,0.378,27.1,83,962.3,14.1
TUR_SMS_04,2023-06-12 06:00:00+00:00,0.1,0.1,0.417,0.378,28.8,75,961.5,17.1
TUR_SMS_04,2023-06-12 07:00:00+00:00,0.1,0.1,0.415,0.377,29.5,74,960.5,14.8
TUR_SMS_04,2023-06-12 08:00:00+00:00,0.0,0.0,0.413,0.377,29.9,71,959.5,13.9
TUR_SMS_04,2023-06-12 09:00:00+00:00,1.0,1.0,0.419,0.376,29.2,73,959.4,9.4
TUR_SMS_04,2023-06-12 10:00:00+00:00,0.6,0.6,0.424,0.377,28.5,79,958.3,10.7
TUR_SMS_04,2023-06-12 11:00:00+00:00,0.0,0.0,0.423,0.377,28.5,76,958.2,10.5
TUR_SMS_04,2023-06-12 12:00:00+00:00,0.0,0.0,0.428,0.379,27.2,81,959.1,10.4
TUR_SMS_04,2023-06-12 13:00:00+00:00,0.0,0.0,0.428,0.379,26.2,87,959.2,8.0
TUR_SMS_04,2023-06-12 14:00:00+00:00,0.0,0.0,0.427,0.38,25.8,90,960.4,7.4
TUR_SMS_04,2023-06-12 15:00:00+00:00,0.0,0.0,0.427,0.38,25.6,90,961.2,9.2
TUR_SMS_04,2023-06-12 16:00:00+00:00,0.0,0.0,0.426,0.38,25.6,89,961.7,10.9
TUR_SMS_04,2023-06-12 17:00:00+00:00,0.0,0.0,0.426,0.38,25.6,90,961.5,10.5
TUR_SMS_04,2023-06-12 18:00:00+00:00,0.0,0.0,0.425,0.38,25.4,93,961.2,11.4
TUR_SMS_04,2023-06-12 19:00:00+00:00,0.0,0.0,0.425,0.38,25.3,93,960.7,12.5
TUR_SMS_04,2023-06-12 20:00:00+00:00,0.0,0.0,0.424,0.38,25.4,90,959.9,12.1
TUR_SMS_04,2023-06-12 21:00:00+00:00,0.2,0.2,0.426,0.38,24.8,92,959.6,6.8
TUR_SMS_04,2023-06-12 22:00:00+00:00,0.6,0.6,0.43,0.381,24.4,94,959.6,4.5
TUR_SMS_04,2023-06-12 23:00:00+00:00,0.3,0.3,0.432,0.381,24.6,95,959.6,6.2
TUR_SMS_04,2023-06-13 00:00:00+00:00,0.4,0.4,0.469,0.398,24.5,93,960.8,7.4
TUR_SMS_04,2023-06-13 01:00:00+00:00,0.0,0.0,0.467,0.399,25.4,91,961.1,10.7
TUR_SMS_04,2023-06-13 02:00:00+00:00,0.0,0.0,0.465,0.399,26.6,84,961.4,12.5
TUR_SMS_04,2023-06-13 03:00:00+00:00,0.0,0.0,0.462,0.4,27.9,78,961.6,12.7
TUR_SMS_04,2023-06-13 04:00:00+00:00,0.0,0.0,0.459,0.4,29.3,71,961.4,12.6
TUR_SMS_04,2023-06-13 05:00:00+00:00,0.0,0.0,0.456,0.4,29.9,71,961.0,11.7
TUR_SMS_04,2023-06-13 06:00:00+00:00,3.0,3.0,0.485,0.4,28.1,84,960.1,10.8
TUR_SMS_04,2023-06-13 07:00:00+00:00,3.2,3.2,0.511,0.405,27.3,89,958.7,10.7
TUR_SMS_04,2023-06-13 08:00:00+00:00,0.2,0.2,0.499,0.409,28.0,85,957.7,10.7
TUR_SMS_04,2023-06-13 09:00:00+00:00,0.3,0.3,0.494,0.412,27.5,84,957.0,12.5
TUR_SMS_04,2023-06-13 10:00:00+00:00,0.0,0.0,0.488,0.413,28.0,84,956.9,15.2
TUR_SMS_04,2023-06-13 11:00:00+00:00,0.0,0.0,0.484,0.414,28.2,82,956.7,12.0
TUR_SMS_04,2023-06-13 12:00:00+00:00,0.0,0.0,0.487,0.449,27.6,82,957.7,10.4
TUR_SMS_04,2023-06-13 13:00:00+00:00,0.0,0.0,0.485,0.45,26.7,84,958.1,11.2
TUR_SMS_04,2023-06-13 14:00:00+00:00,0.0,0.0,0.483,0.45,26.3,85,958.9,14.2
TUR_SMS_04,2023-06-13 15:00:00+00:00,0.0,0.0,0.481,0.451,26.0,86,959.2,14.7
TUR_SMS_04,2023-06-13 16:00:00+00:00,0.0,0.0,0.479,0.451,25.8,87,960.0,16.7
TUR_SMS_04,2023-06-13 17:00:00+00:00,0.0,0.0,0.478,0.451,24.9,90,960.0,18.2
TUR_SMS_04,2023-06-13 18:00:00+00:00,0.0,0.0,0.477,0.452,24.2,91,959.1,19.0
TUR_SMS_04,2023-06-13 19:00:00+00:00,0.0,0.0,0.476,0.452,25.1,88,958.5,18.4
TUR_SMS_04,2023-06-13 20:00:00+00:00,0.7,0.7,0.48,0.452,24.9,90,958.3,12.2
TUR_SMS_04,2023-06-13 21:00:00+00:00,9.6,9.6,0.52,0.472,23.9,97,957.9,9.3
TUR_SMS_04,2023-06-13 22:00:00+00:00,4.1,4.1,0.52,0.487,23.9,97,958.2,3.7
TUR_SMS_04,2023-06-13 23:00:00+00:00,6.7,6.7,0.518,0.508,23.9,94,958.7,0.5
TUR_SMS_04,2023-06-14 00:00:00+00:00,1.8,1.8,0.512,0.513,23.1,94,960.2,4.9
TUR_SMS_04,2023-06-14 01:00:00+00:00,2.4,2.4,0.52,0.515,23.3,93,960.3,7.4
TUR_SMS_04,2023-06-14 02:00:00+00:00,0.7,0.7,0.496,0.512,24.3,91,960.5,7.1
TUR_SMS_04,2023-06-14 03:00:00+00:00,3.7,3.7,0.506,0.52,25.0,92,961.5,4.3
TUR_SMS_04,2023-06-14 04:00:00+00:00,1.3,1.3,0.505,0.513,24.7,91,960.4,18.1
TUR_SMS_04,2023-06-14 05:00:00+00:00,0.0,0.0,0.502,0.51,26.7,85,960.1,21.1
TUR_SMS_04,2023-06-14 06:00:00+00:00,0.0,0.0,0.5,0.507,27.4,83,959.7,22.9
TUR_SMS_04,2023-06-14 07:00:00+00:00,0.0,0.0,0.497,0.505,27.4,85,959.3,18.4
TUR_SMS_04,2023-06-14 08:00:00+00:00,0.0,0.0,0.496,0.503,27.8,84,958.6,14.3
TUR_SMS_04,2023-06-14 09:00:00+00:00,0.0,0.0,0.494,0.501,27.7,84,957.2,15.8
TUR_SMS_04,2023-06-14 10:00:00+00:00,0.0,0.0,0.492,0.5,29.1,80,956.8,15.3
TUR_SMS_04,2023-06-14 11:00:00+00:00,0.0,0.0,0.491,0.498,28.4,82,956.9,17.2
TUR_SMS_04,2023-06-14 12:00:00+00:00,0.0,0.0,0.493,0.492,27.4,85,958.6,11.6
TUR_SMS_04,2023-06-14 13:00:00+00:00,0.0,0.0,0.492,0.492,27.3,85,958.8,17.5
TUR_SMS_04,2023-06-14 14:00:00+00:00,0.0,0.0,0.491,0.491,26.7,87,959.1,21.6
TUR_SMS_04,2023-06-14 15:00:00+00:00,0.0,0.0,0.49,0.49,26.4,87,959.4,24.0
TUR_SMS_04,2023-06-14 16:00:00+00:00,0.0,0.0,0.489,0.49,26.3,87,960.2,24.2
TUR_SMS_04,2023-06-14 17:00:00+00:00,0.0,0.0,0.488,0.489,25.9,90,960.4,23.4
TUR_SMS_04,2023-06-14 18:00:00+00:00,0.0,0.0,0.488,0.489,24.7,94,959.8,23.3
TUR_SMS_04,2023-06-14 19:00:00+00:00,0.1,0.1,0.488,0.488,24.7,90,958.0,23.8
TUR_SMS_04,2023-06-14 20:00:00+00:00,16.7,16.7,0.52,0.517,23.6,94,959.0,18.0
TUR_SMS_04,2023-06-14 21:00:00+00:00,9.1,9.1,0.514,0.515,24.1,93,958.1,22.7
TUR_SMS_04,2023-06-14 22:00:00+00:00,0.1,0.1,0.51,0.512,24.5,91,958.1,22.8
TUR_SMS_04,2023-06-14 23:00:00+00:00,0.1,0.1,0.508,0.51,24.1,92,958.4,21.9
TUR_SMS_04,2023-06-15 00:00:00+00:00,0.1,0.1,0.486,0.485,25.1,96,959.3,20.1
TUR_SMS_04,2023-06-15 01:00:00+00:00,0.0,0.0,0.486,0.484,25.3,95,960.1,23.1
TUR_SMS_04,2023-06-15 02:00:00+00:00,0.0,0.0,0.485,0.484,25.8,92,960.6,22.3
TUR_SMS_04,2023-06-15 03:00:00+00:00,0.0,0.0,0.484,0.483,26.0,91,960.8,20.5
TUR_SMS_04,2023-06-15 04:00:00+00:00,0.0,0.0,0.483,0.483,26.2,84,960.8,22.2
TUR_SMS_04,2023-06-15 05:00:00+00:00,0.0,0.0,0.482,0.482,26.5,81,960.9,26.3
TUR_SMS_04,2023-06-15 06:00:00+00:00,0.0,0.0,0.48,0.481,26.4,81,960.0,27.4
TUR_SMS_04,2023-06-15 07:00:00+00:00,0.0,0.0,0.478,0.48,27.0,82,959.3,30.8
TUR_SMS_04,2023-06-15 08:00:00+00:00,0.0,0.0,0.477,0.479,26.7,82,957.7,24.9
TUR_SMS_04,2023-06-15 09:00:00+00:00,1.4,1.4,0.488,0.479,25.8,90,959.4,16.2
TUR_SMS_04,2023-06-15 10:00:00+00:00,0.0,0.0,0.487,0.479,26.5,89,958.4,15.8
TUR_SMS_04,2023-06-15 11:00:00+00:00,0.0,0.0,0.486,0.478,27.2,88,957.7,19.3
TUR_SMS_04,2023-06-15 12:00:00+00:00,0.0,0.0,0.5,0.495,25.8,88,958.8,23.2
TUR_SMS_04,2023-06-15 13:00:00+00:00,0.0,0.0,0.498,0.495,25.5,87,959.7,22.4
TUR_SMS_04,2023-06-15 14:00:00+00:00,0.0,0.0,0.497,0.494,25.6,86,959.8,22.1
TUR_SMS_04,2023-06-15 15:00:00+00:00,0.0,0.0,0.495,0.493,25.9,85,960.4,23.5
TUR_SMS_04,2023-06-15 16:00:00+00:00,0.0,0.0,0.494,0.493,25.3,89,960.7,26.7
TUR_SMS_04,2023-06-15 17:00:00+00:00,0.0,0.0,0.493,0.492,24.3,92,960.4,24.3
TUR_SMS_04,2023-06-15 18:00:00+00:00,0.2,0.2,0.494,0.492,24.4,87,959.7,24.4
TUR_SMS_04,2023-06-15 19:00:00+00:00,7.2,7.2,0.52,0.499,23.7,93,959.2,4.0
TUR_SMS_04,2023-06-15 20:00:00+00:00,18.9,18.9,0.52,0.519,23.6,94,959.5,7.1
TUR_SMS_04,2023-06-15 21:00:00+00:00,26.9,26.9,0.52,0.52,23.6,93,959.2,7.9
TUR_SMS_04,2023-06-15 22:00:00+00:00,3.5,3.5,0.511,0.515,23.6,90,958.3,19.8
TUR_SMS_04,2023-06-15 23:00:00+00:00,0.0,0.0,0.507,0.512,24.7,91,959.3,15.1
TUR_SMS_04,2023-06-16 00:00:00+00:00,0.0,0.0,0.503,0.5,24.2,96,959.8,26.6
TUR_SMS_04,2023-06-16 01:00:00+00:00,0.0,0.0,0.501,0.499,24.7,95,960.4,28.1
TUR_SMS_04,2023-06-16 02:00:00+00:00,0.0,0.0,0.5,0.498,25.3,92,960.9,19.5
TUR_SMS_04,2023-06-16 03:00:00+00:00,2.2,2.2,0.52,0.498,23.9,99,962.0,7.8
TUR_SMS_04,2023-06-16 04:00:00+00:00,6.2,6.2,0.493,0.516,23.4,93,961.8,11.2
TUR_SMS_04,2023-06-16 05:00:00+00:00,0.9,0.9,0.501,0.512,26.6,85,961.9,19.1
TUR_SMS_04,2023-06-16 06:00:00+00:00,0.4,0.4,0.502,0.509,27.9,80,960.8,17.8
TUR_SMS_04,2023-06-16 07:00:00+00:00,0.2,0.2,0.501,0.507,28.2,79,960.4,15.0
TUR_SMS_04,2023-06-16 08:00:00+00:00,1.0,1.0,0.507,0.505,27.7,83,959.4,18.7
TUR_SMS_04,2023-06-16 09:00:00+00:00,0.0,0.0,0.504,0.504,28.3,81,958.4,15.6
TUR_SMS_04,2023-06-16 10:00:00+00:00,0.0,0.0,0.501,0.502,27.7,81,959.1,21.1
TUR_SMS_04,2023-06-16 11:00:00+00:00,0.0,0.0,0.499,0.501,27.0,83,958.8,14.3
TUR_SMS_04,2023-06-16 12:00:00+00:00,0.0,0.0,0.489,0.488,26.6,85,959.4,17.3
TUR_SMS_04,2023-06-16 13:00:00+00:00,0.0,0.0,0.488,0.488,25.9,87,960.1,20.9
TUR_SMS_04,2023-06-16 14:00:00+00:00,0.0,0.0,0.487,0.487,25.5,90,961.1,22.7
TUR_SMS_04,2023-06-16 15:00:00+00:00,0.0,0.0,0.487,0.487,25.4,92,961.7,24.3
TUR_SMS_04,2023-06-16 16:00:00+00:00,0.0,0.0,0.486,0.486,25.4,91,962.0,23.8
TUR_SMS_04,2023-06-16 17:00:00+00:00,0.1,0.1,0.486,0.486,24.9,92,962.1,22.4
TUR_SMS_04,2023-06-16 18:00:00+00:00,0.0,0.0,0.486,0.485,24.4,94,961.0,22.2
TUR_SMS_04,2023-06-16 19:00:00+00:00,0.0,0.0,0.485,0.485,24.1,94,960.2,24.5
TUR_SMS_04,2023-06-16 20:00:00+00:00,0.0,0.0,0.485,0.485,24.4,94,959.5,26.8
TUR_SMS_04,2023-06-16 21:00:00+00:00,0.6,0.6,0.489,0.484,24.5,93,960.0,21.9
TUR_SMS_04,2023-06-16 22:00:00+00:00,9.4,9.4,0.514,0.512,23.8,97,959.9,13.5
TUR_SMS_04,2023-06-16 23:00:00+00:00,11.8,11.8,0.52,0.52,23.8,95,960.4,8.1
TUR_SMS_04,2023-06-17 00:00:00+00:00,6.6,6.6,0.503,0.511,24.0,97,961.8,19.1
TUR_SMS_04,2023-06-17 01:00:00+00:00,0.0,0.0,0.502,0.509,24.4,96,962.3,22.4
TUR_SMS_04,2023-06-17 02:00:00+00:00,0.2,0.2,0.502,0.507,24.2,97,963.2,18.9
TUR_SMS_04,2023-06-17 03:00:00+00:00,3.5,3.5,0.519,0.513,23.6,98,963.7,2.0
TUR_SMS_04,2023-06-17 04:00:00+00:00,1.9,1.9,0.508,0.518,23.6,99,963.8,4.3
TUR_SMS_04,2023-06-17 05:00:00+00:00,2.8,2.8,0.501,0.515,24.7,89,963.5,11.7
TUR_SMS_04,2023-06-17 06:00:00+00:00,0.0,0.0,0.499,0.511,26.4,85,963.2,13.2
TUR_SMS_04,2023-06-17 07:00:00+00:00,0.0,0.0,0.497,0.509,28.1,81,961.5,17.1
TUR_SMS_04,2023-06-17 08:00:00+00:00,5.9,5.9,0.509,0.519,27.5,85,961.8,1.1
TUR_SMS_04,2023-06-17 09:00:00+00:00,1.4,1.4,0.492,0.514,26.8,89,960.6,16.6
TUR_SMS_04,2023-06-17 10:00:00+00:00,0.0,0.0,0.492,0.51,26.9,88,960.2,15.1
TUR_SMS_04,2023-06-17 11:00:00+00:00,0.1,0.1,0.492,0.508,26.0,88,960.2,12.2
TUR_SMS_04,2023-06-17 12:00:00+00:00,0.0,0.0,0.494,0.503,25.5,90,962.0,17.8
TUR_SMS_04,2023-06-17 13:00:00+00:00,0.0,0.0,0.493,0.502,25.2,89,962.5,18.6
TUR_SMS_04,2023-06-17 14:00:00+00:00,0.0,0.0,0.492,0.501,25.3,88,963.7,18.7
TUR_SMS_04,2023-06-17 15:00:00+00:00,0.0,0.0,0.491,0.5,25.5,89,964.5,17.3
TUR_SMS_04,2023-06-17 16:00:00+00:00,0.8,0.8,0.497,0.499,25.1,91,964.6,17.4
TUR_SMS_04,2023-06-17 17:00:00+00:00,0.1,0.1,0.497,0.498,24.9,92,964.4,18.7
TUR_SMS_04,2023-06-17 18:00:00+00:00,0.1,0.1,0.497,0.498,24.7,92,963.8,19.6
TUR_SMS_04,2023-06-17 19:00:00+00:00,0.1,0.1,0.497,0.497,24.4,91,963.1,19.1
TUR_SMS_04,2023-06-17 20:00:00+00:00,0.4,0.4,0.498,0.496,24.1,92,962.4,20.0
TUR_SMS_04,2023-06-17 21:00:00+00:00,7.7,7.7,0.52,0.512,23.2,94,962.3,15.0
TUR_SMS_04,2023-06-17 22:00:00+00:00,5.2,5.2,0.498,0.516,23.5,94,962.2,14.8
TUR_SMS_04,2023-06-17 23:00:00+00:00,5.0,5.0,0.493,0.518,23.7,96,962.8,16.1
TUR_SMS_04,2023-06-18 00:00:00+00:00,1.6,1.6,0.517,0.512,23.9,96,964.5,18.1
TUR_SMS_04,2023-06-18 01:00:00+00:00,0.1,0.1,0.512,0.511,24.3,96,964.6,19.6
TUR_SMS_04,2023-06-18 02:00:00+00:00,0.0,0.0,0.509,0.51,24.7,96,965.0,19.6
TUR_SMS_04,2023-06-18 03:00:00+00:00,0.0,0.0,0.506,0.508,25.2,94,964.8,20.9
TUR_SMS_04,2023-06-18 04:00:00+00:00,0.0,0.0,0.504,0.507,25.4,93,964.5,17.4
TUR_SMS_04,2023-06-18 05:00:00+00:00,0.0,0.0,0.502,0.506,26.1,90,964.4,18.6
TUR_SMS_04,2023-06-18 06:00:00+00:00,0.1,0.1,0.501,0.505,26.4,88,964.0,15.6
TUR_SMS_04,2023-06-18 07:00:00+00:00,3.5,3.5,0.52,0.51,26.1,90,963.5,11.8
TUR_SMS_04,2023-06-18 08:00:00+00:00,7.2,7.2,0.501,0.516,24.8,94,962.1,15.1
TUR_SMS_04,2023-06-18 09:00:00+00:00,0.9,0.9,0.509,0.514,25.1,91,960.8,12.2
TUR_SMS_04,2023-06-18 10:00:00+00:00,0.0,0.0,0.506,0.512,26.4,89,961.3,8.9
TUR_SMS_04,2023-06-18 11:00:00+00:00,0.0,0.0,0.504,0.51,25.9,92,960.8,11.3
TUR_SMS_04,2023-06-18 12:00:00+00:00,0.0,0.0,0.492,0.507,24.9,90,962.6,11.7
TUR_SMS_04,2023-06-18 13:00:00+00:00,0.0,0.0,0.492,0.505,24.6,89,963.4,14.4
TUR_SMS_04,2023-06-18 14:00:00+00:00,0.0,0.0,0.491,0.504,24.6,90,964.2,16.2
TUR_SMS_04,2023-06-18 15:00:00+00:00,0.0,0.0,0.491,0.503,24.5,91,964.7,16.5
TUR_SMS_04,2023-06-18 16:00:00+00:00,0.0,0.0,0.49,0.502,24.5,92,964.9,17.6
TUR_SMS_04,2023-06-18 17:00:00+00:00,0.0,0.0,0.49,0.501,24.5,93,964.4,19.6
TUR_SMS_04,2023-06-18 18:00:00+00:00,0.1,0.1,0.49,0.5,24.4,94,963.6,18.2
TUR_SMS_04,2023-06-18 19:00:00+00:00,0.9,0.9,0.496,0.5,24.5,93,963.5,18.6
TUR_SMS_04,2023-06-18 20:00:00+00:00,5.0,5.0,0.52,0.507,23.9,95,962.5,16.4
TUR_SMS_04,2023-06-18 21:00:00+00:00,10.9,10.9,0.52,0.518,23.6,95,962.4,16.3
TUR_SMS_04,2023-06-18 22:00:00+00:00,5.7,5.7,0.507,0.52,23.3,96,962.6,17.1
TUR_SMS_04,2023-06-18 23:00:00+00:00,2.1,2.1,0.517,0.515,23.3,98,961.8,17.3
TUR_SMS_04,2023-06-19 00:00:00+00:00,1.6,1.6,0.516,0.514,23.5,95,963.1,14.2
TUR_SMS_04,2023-06-19 01:00:00+00:00,1.9,1.9,0.504,0.52,24.2,96,963.7,16.1
TUR_SMS_04,2023-06-19 02:00:00+00:00,1.1,1.1,0.504,0.514,24.6,95,964.3,16.9
TUR_SMS_04,2023-06-19 03:00:00+00:00,1.5,1.5,0.516,0.514,24.3,96,963.9,18.0
TUR_SMS_04,2023-06-19 04:00:00+00:00,1.0,1.0,0.517,0.514,24.4,97,963.5,17.9
TUR_SMS_04,2023-06-19 05:00:00+00:00,0.9,0.9,0.517,0.514,24.3,96,963.8,18.6
TUR_SMS_04,2023-06-19 06:00:00+00:00,9.8,9.8,0.508,0.517,24.4,92,963.0,18.6
TUR_SMS_04,2023-06-19 07:00:00+00:00,2.4,2.4,0.502,0.517,24.0,95,961.7,20.4
TUR_SMS_04,2023-06-19 08:00:00+00:00,2.5,2.5,0.497,0.519,24.6,94,961.7,15.0
TUR_SMS_04,2023-06-19 09:00:00+00:00,2.2,2.2,0.519,0.517,24.4,93,960.9,17.1
TUR_SMS_04,2023-06-19 10:00:00+00:00,4.1,4.1,0.509,0.52,24.4,93,960.9,9.1
TUR_SMS_04,2023-06-19 11:00:00+00:00,1.4,1.4,0.507,0.516,24.2,93,960.3,16.0
TUR_SMS_04,2023-06-19 12:00:00+00:00,0.0,0.0,0.506,0.512,24.6,93,962.4,14.8
TUR_SMS_04,2023-06-19 13:00:00+00:00,0.0,0.0,0.503,0.511,24.0,96,962.5,15.8
TUR_SMS_04,2023-06-19 14:00:00+00:00,0.0,0.0,0.502,0.51,23.8,95,963.1,14.6
TUR_SMS_04,2023-06-19 15:00:00+00:00,0.0,0.0,0.5,0.509,23.9,93,963.7,16.1
TUR_SMS_04,2023-06-19 16:00:00+00:00,0.0,0.0,0.499,0.509,24.0,93,963.9,16.5
TUR_SMS_04,2023-06-19 17:00:00+00:00,0.0,0.0,0.498,0.508,24.0,95,963.8,16.4
TUR_SMS_04,2023-06-19 18:00:00+00:00,0.0,0.0,0.497,0.507,24.1,94,963.4,17.6
TUR_SMS_04,2023-06-19 19:00:00+00:00,0.2,0.2,0.498,0.506,24.1,94,962.2,19.6
TUR_SMS_04,2023-06-19 20:00:00+00:00,0.9,0.9,0.506,0.506,24.1,93,962.1,17.7
TUR_SMS_04,2023-06-19 21:00:00+00:00,1.0,1.0,0.515,0.506,23.4,96,961.3,20.5
TUR_SMS_04,2023-06-19 22:00:00+00:00,0.3,0.3,0.513,0.507,23.4,96,961.4,20.9
TUR_SMS_04,2023-06-19 23:00:00+00:00,0.8,0.8,0.516,0.508,23.2,96,961.6,19.1
TUR_SMS_04,2023-06-20 00:00:00+00:00,6.1,6.1,0.515,0.511,23.1,96,963.4,12.0
TUR_SMS_04,2023-06-20 01:00:00+00:00,1.3,1.3,0.506,0.515,23.5,92,963.9,14.3
TUR_SMS_04,2023-06-20 02:00:00+00:00,0.1,0.1,0.504,0.514,24.6,87,964.4,16.5
TUR_SMS_04,2023-06-20 03:00:00+00:00,0.2,0.2,0.503,0.512,25.5,85,964.7,17.1
TUR_SMS_04,2023-06-20 04:00:00+00:00,0.2,0.2,0.502,0.511,25.2,89,964.4,17.8
TUR_SMS_04,2023-06-20 05:00:00+00:00,0.0,0.0,0.5,0.51,25.2,92,963.8,19.4
TUR_SMS_04,2023-06-20 06:00:00+00:00,0.1,0.1,0.5,0.509,25.8,91,963.2,20.4
TUR_SMS_04,2023-06-20 07:00:00+00:00,0.1,0.1,0.499,0.508,26.2,90,962.4,15.0
TUR_SMS_04,2023-06-20 08:00:00+00:00,0.4,0.4,0.5,0.508,25.4,91,961.7,17.2
TUR_SMS_04,2023-06-20 09:00:00+00:00,1.6,1.6,0.514,0.507,25.6,90,961.1,15.1
TUR_SMS_04,2023-06-20 10:00:00+00:00,0.4,0.4,0.512,0.508,25.5,93,960.9,12.2
TUR_SMS_04,2023-06-20 11:00:00+00:00,0.2,0.2,0.51,0.508,25.1,95,960.6,12.5
TUR_SMS_04,2023-06-20 12:00:00+00:00,0.1,0.1,0.513,0.511,25.2,92,962.5,14.3
TUR_SMS_04,2023-06-20 13:00:00+00:00,0.0,0.0,0.509,0.511,25.1,92,962.4,16.1
TUR_SMS_04,2023-06-20 14:00:00+00:00,0.0,0.0,0.507,0.511,24.7,92,963.2,17.3
TUR_SMS_04,2023-06-20 15:00:00+00:00,0.0,0.0,0.504,0.511,25.1,91,963.6,18.4
TUR_SMS_04,2023-06-20 16:00:00+00:00,0.0,0.0,0.502,0.51,25.1,93,964.2,19.6
TUR_SMS_04,2023-06-20 17:00:00+00:00,0.0,0.0,0.501,0.51,24.8,94,964.1,19.6
TUR_SMS_04,2023-06-20 18:00:00+00:00,0.0,0.0,0.5,0.509,24.6,94,963.5,20.0
TUR_SMS_04,2023-06-20 19:00:00+00:00,0.6,0.6,0.503,0.509,24.4,94,963.1,18.8
TUR_SMS_04,2023-06-20 20:00:00+00:00,9.7,9.7,0.515,0.52,23.5,96,963.2,15.2
TUR_SMS_04,2023-06-20 21:00:00+00:00,3.5,3.5,0.502,0.518,23.4,96,962.8,16.1
TUR_SMS_04,2023-06-20 22:00:00+00:00,0.8,0.8,0.51,0.516,23.3,94,962.2,17.1
TUR_SMS_04,2023-06-20 23:00:00+00:00,0.8,0.8,0.514,0.516,23.6,96,962.1,15.8
TUR_SMS_04,2023-06-21 00:00:00+00:00,0.3,0.3,0.512,0.508,23.8,92,964.4,11.0
TUR_SMS_04,2023-06-21 01:00:00+00:00,5.3,5.3,0.505,0.52,24.0,92,964.7,10.8
TUR_SMS_04,2023-06-21 02:00:00+00:00,1.6,1.6,0.51,0.516,24.7,92,964.7,13.5
TUR_SMS_04,2023-06-21 03:00:00+00:00,1.8,1.8,0.497,0.518,25.2,94,964.5,16.8
TUR_SMS_04,2023-06-21 04:00:00+00:00,0.7,0.7,0.503,0.516,25.5,94,964.6,16.6
TUR_SMS_04,2023-06-21 05:00:00+00:00,0.3,0.3,0.503,0.514,26.6,89,964.6,16.9
TUR_SMS_04,2023-06-21 06:00:00+00:00,0.3,0.3,0.503,0.513,26.6,87,964.4,14.7
TUR_SMS_04,2023-06-21 07:00:00+00:00,0.6,0.6,0.504,0.513,27.0,89,963.7,12.3
TUR_SMS_04,2023-06-21 08:00:00+00:00,0.8,0.8,0.508,0.512,26.9,88,962.7,12.3
TUR_SMS_04,2023-06-21 09:00:00+00:00,1.4,1.4,0.516,0.513,25.9,91,962.0,11.1
TUR_SMS_04,2023-06-21 10:00:00+00:00,0.0,0.0,0.511,0.513,26.7,89,961.5,11.5
TUR_SMS_04,2023-06-21 11:00:00+00:00,0.0,0.0,0.508,0.513,26.6,88,961.5,13.2
TUR_SMS_04,2023-06-21 12:00:00+00:00,0.0,0.0,0.5,0.512,25.9,90,962.7,10.7
TUR_SMS_04,2023-06-21 13:00:00+00:00,0.0,0.0,0.499,0.511,25.2,90,963.3,13.0
TUR_SMS_04,2023-06-21 14:00:00+00:00,0.0,0.0,0.498,0.51,25.1,90,964.2,14.3
TUR_SMS_04,2023-06-21 15:00:00+00:00,0.0,0.0,0.497,0.508,25.2,92,964.4,14.7
TUR_SMS_04,2023-06-21 16:00:00+00:00,0.0,0.0,0.496,0.507,25.1,94,964.7,15.9
TUR_SMS_04,2023-06-21 17:00:00+00:00,0.1,0.1,0.496,0.506,24.9,95,964.7,10.2
TUR_SMS_04,2023-06-21 18:00:00+00:00,0.7,0.7,0.501,0.505,24.3,96,964.4,14.8
TUR_SMS_04,2023-06-21 19:00:00+00:00,0.2,0.2,0.501,0.505,24.2,92,963.8,19.2
TUR_SMS_04,2023-06-21 20:00:00+00:00,0.2,0.2,0.501,0.504,23.9,91,962.9,16.4
TUR_SMS_04,2023-06-21 21:00:00+00:00,0.5,0.5,0.506,0.503,23.5,94,963.2,13.0
TUR_SMS_04,2023-06-21 22:00:00+00:00,1.5,1.5,0.504,0.509,23.4,95,963.3,12.6
TUR_SMS_04,2023-06-21 23:00:00+00:00,0.8,0.8,0.511,0.509,23.4,95,963.6,13.2
TUR_SMS_04,2023-06-22 00:00:00+00:00,0.5,0.5,0.52,0.516,23.9,93,964.6,10.2
TUR_SMS_04,2023-06-22 01:00:00+00:00,1.3,1.3,0.504,0.517,24.2,93,965.1,10.9
TUR_SMS_04,2023-06-22 02:00:00+00:00,0.7,0.7,0.508,0.516,24.3,93,965.2,12.5
TUR_SMS_04,2023-06-22 03:00:00+00:00,0.4,0.4,0.508,0.515,25.0,91,965.5,13.5
TUR_SMS_04,2023-06-22 04:00:00+00:00,0.3,0.3,0.507,0.514,25.8,87,965.4,14.3
TUR_SMS_04,2023-06-22 05:00:00+00:00,0.3,0.3,0.505,0.513,27.2,82,965.2,13.0
TUR_SMS_04,2023-06-22 06:00:00+00:00,0.2,0.2,0.504,0.512,27.8,81,964.5,13.8
TUR_SMS_04,2023-06-22 07:00:00+00:00,0.0,0.0,0.5,0.511,29.0,76,963.6,14.2
TUR_SMS_04,2023-06-22 08:00:00+00:00,0.0,0.0,0.497,0.51,29.6,72,962.8,13.7
TUR_SMS_04,2023-06-22 09:00:00+00:00,0.0,0.0,0.495,0.508,29.6,73,962.2,13.2
TUR_SMS_04,2023-06-22 10:00:00+00:00,0.0,0.0,0.493,0.507,29.1,76,961.4,14.5
TUR_SMS_04,2023-06-22 11:00:00+00:00,0.0,0.0,0.492,0.505,28.6,78,961.6,13.5
TUR_SMS_04,2023-06-22 12:00:00+00:00,0.0,0.0,0.505,0.509,25.7,90,962.6,12.5
TUR_SMS_04,2023-06-22 13:00:00+00:00,0.0,0.0,0.503,0.508,25.1,92,963.3,12.1
TUR_SMS_04,2023-06-22 14:00:00+00:00,0.0,0.0,0.501,0.508,25.3,90,964.2,13.0
TUR_SMS_04,2023-06-22 15:00:00+00:00,0.0,0.0,0.5,0.507,25.2,90,964.9,12.6
TUR_SMS_04,2023-06-22 16:00:00+00:00,0.0,0.0,0.498,0.507,25.3,90,965.5,11.0
TUR_SMS_04,2023-06-22 17:00:00+00:00,0.0,0.0,0.497,0.506,25.3,90,965.4,12.1
TUR_SMS_04,2023-06-22 18:00:00+00:00,0.0,0.0,0.496,0.505,25.2,90,965.1,12.5
TUR_SMS_04,2023-06-22 19:00:00+00:00,0.0,0.0,0.495,0.505,24.9,91,964.6,10.9
TUR_SMS_04,2023-06-22 20:00:00+00:00,0.0,0.0,0.494,0.504,24.7,92,964.3,10.0
TUR_SMS_04,2023-06-22 21:00:00+00:00,0.0,0.0,0.494,0.503,24.5,92,964.1,10.0
TUR_SMS_04,2023-06-22 22:00:00+00:00,0.0,0.0,0.493,0.503,24.2,94,964.0,11.0
TUR_SMS_04,2023-06-22 23:00:00+00:00,0.0,0.0,0.492,0.502,24.0,93,964.2,9.8
TUR_SMS_04,2023-06-23 00:00:00+00:00,0.0,0.0,0.487,0.5,24.4,94,964.9,13.0
TUR_SMS_04,2023-06-23 01:00:00+00:00,0.0,0.0,0.487,0.5,24.8,92,965.4,12.7
TUR_SMS_04,2023-06-23 02:00:00+00:00,0.1,0.1,0.487,0.499,24.9,91,965.7,12.6
TUR_SMS_04,2023-06-23 03:00:00+00:00,0.0,0.0,0.486,0.498,26.2,85,966.0,12.5
TUR_SMS_04,2023-06-23 04:00:00+00:00,0.0,0.0,0.485,0.497,27.5,78,965.7,12.1
TUR_SMS_04,2023-06-23 05:00:00+00:00,0.0,0.0,0.484,0.496,29.0,72,965.5,11.9
TUR_SMS_04,2023-06-23 06:00:00+00:00,0.0,0.0,0.482,0.495,29.6,69,964.5,12.0
TUR_SMS_04,2023-06-23 07:00:00+00:00,0.0,0.0,0.48,0.493,30.0,68,963.7,13.9
TUR_SMS_04,2023-06-23 08:00:00+00:00,0.1,0.1,0.479,0.492,29.6,71,962.3,12.7
TUR_SMS_04,2023-06-23 09:00:00+00:00,0.0,0.0,0.477,0.491,30.0,71,961.4,8.7
TUR_SMS_04,2023-06-23 10:00:00+00:00,0.0,0.0,0.476,0.49,29.9,72,960.8,10.4
TUR_SMS_04,2023-06-23 11:00:00+00:00,0.0,0.0,0.475,0.489,29.4,74,960.5,10.5
TUR_SMS_04,2023-06-23 12:00:00+00:00,0.0,0.0,0.479,0.489,28.4,78,961.6,9.9
TUR_SMS_04,2023-06-23 13:00:00+00:00,0.0,0.0,0.478,0.489,27.2,83,962.2,7.2
TUR_SMS_04,2023-06-23 14:00:00+00:00,0.0,0.0,0.478,0.488,26.8,85,962.7,8.3
TUR_SMS_04,2023-06-23 15:00:00+00:00,0.0,0.0,0.478,0.488,26.7,85,963.5,9.6
TUR_SMS_04,2023-06-23 16:00:00+00:00,0.0,0.0,0.478,0.487,26.5,85,964.2,12.0
TUR_SMS_04,2023-06-23 17:00:00+00:00,0.0,0.0,0.478,0.487,26.1,87,964.6,13.8
TUR_SMS_04,2023-06-23 18:00:00+00:00,0.0,0.0,0.477,0.486,25.7,89,964.3,12.8
TUR_SMS_04,2023-06-23 19:00:00+00:00,0.0,0.0,0.477,0.486,25.5,90,963.6,14.0
TUR_SMS_04,2023-06-23 20:00:00+00:00,0.0,0.0,0.477,0.486,25.0,92,963.0,14.3
TUR_SMS_04,2023-06-23 21:00:00+00:00,0.0,0.0,0.477,0.485,25.1,91,963.0,13.6
TUR_SMS_04,2023-06-23 22:00:00+00:00,0.0,0.0,0.477,0.485,25.0,92,962.7,12.3
TUR_SMS_04,2023-06-23 23:00:00+00:00,0.0,0.0,0.476,0.484,25.1,91,962.7,10.3
TUR_SMS_04,2023-06-24 00:00:00+00:00,0.0,0.0,0.473,0.483,25.3,90,963.3,11.0
TUR_SMS_04,2023-06-24 01:00:00+00:00,0.0,0.0,0.473,0.482,25.8,88,964.1,13.8
TUR_SMS_04,2023-06-24 02:00:00+00:00,0.0,0.0,0.472,0.482,26.4,85,964.3,16.1
TUR_SMS_04,2023-06-24 03:00:00+00:00,0.0,0.0,0.471,0.481,28.0,78,964.5,15.5
TUR_SMS_04,2023-06-24 04:00:00+00:00,0.0,0.0,0.47,0.48,29.0,73,964.2,14.5
TUR_SMS_04,2023-06-24 05:00:00+00:00,0.0,0.0,0.468,0.479,29.9,70,963.8,13.6
TUR_SMS_04,2023-06-24 06:00:00+00:00,0.1,0.1,0.467,0.478,31.0,65,962.9,12.1
TUR_SMS_04,2023-06-24 07:00:00+00:00,0.3,0.3,0.468,0.477,31.0,67,962.3,11.8
TUR_SMS_04,2023-06-24 08:00:00+00:00,0.5,0.5,0.47,0.476,30.8,68,961.8,8.8
TUR_SMS_04,2023-06-24 09:00:00+00:00,0.1,0.1,0.469,0.476,30.7,68,960.6,9.2
TUR_SMS_04,2023-06-24 10:00:00+00:00,0.1,0.1,0.468,0.475,31.1,66,960.2,10.0
TUR_SMS_04,2023-06-24 11:00:00+00:00,0.1,0.1,0.468,0.475,30.3,71,959.9,10.5
TUR_SMS_04,2023-06-24 12:00:00+00:00,0.0,0.0,0.457,0.479,29.6,73,961.5,9.2
TUR_SMS_04,2023-06-24 13:00:00+00:00,0.0,0.0,0.458,0.478,27.9,80,961.9,8.1
TUR_SMS_04,2023-06-24 14:00:00+00:00,0.0,0.0,0.458,0.478,27.3,82,962.6,7.3
TUR_SMS_04,2023-06-24 15:00:00+00:00,0.0,0.0,0.458,0.477,26.8,83,963.4,7.8
TUR_SMS_04,2023-06-24 16:00:00+00:00,0.0,0.0,0.458,0.477,26.5,85,964.3,11.2
TUR_SMS_04,2023-06-24 17:00:00+00:00,0.0,0.0,0.459,0.477,26.2,87,964.2,14.3
TUR_SMS_04,2023-06-24 18:00:00+00:00,0.0,0.0,0.459,0.476,25.7,90,964.0,16.1
TUR_SMS_04,2023-06-24 19:00:00+00:00,0.0,0.0,0.459,0.476,25.3,92,963.5,16.6
TUR_SMS_04,2023-06-24 20:00:00+00:00,0.0,0.0,0.46,0.476,25.1,91,963.3,16.1
TUR_SMS_04,2023-06-24 21:00:00+00:00,0.0,0.0,0.46,0.475,24.7,92,962.7,14.5
TUR_SMS_04,2023-06-24 22:00:00+00:00,0.0,0.0,0.46,0.475,24.7,91,962.9,14.0
TUR_SMS_04,2023-06-24 23:00:00+00:00,0.0,0.0,0.46,0.475,24.6,92,963.0,11.5
TUR_SMS_04,2023-06-25 00:00:00+00:00,0.0,0.0,0.459,0.476,25.8,88,963.7,11.4
TUR_SMS_04,2023-06-25 01:00:00+00:00,0.0,0.0,0.459,0.475,26.5,85,964.4,12.8
TUR_SMS_04,2023-06-25 02:00:00+00:00,0.0,0.0,0.459,0.475,27.7,78,964.6,17.6
TUR_SMS_04,2023-06-25 03:00:00+00:00,0.0,0.0,0.458,0.474,28.5,76,965.0,17.8
TUR_SMS_04,2023-06-25 04:00:00+00:00,0.0,0.0,0.457,0.473,29.6,69,965.1,17.8
TUR_SMS_04,2023-06-25 05:00:00+00:00,0.0,0.0,0.455,0.472,30.2,68,964.8,17.1
TUR_SMS_04,2023-06-25 06:00:00+00:00,0.0,0.0,0.453,0.471,30.6,67,964.1,16.4
TUR_SMS_04,2023-06-25 07:00:00+00:00,0.0,0.0,0.451,0.47,31.1,65,963.3,15.1
TUR_SMS_04,2023-06-25 08:00:00+00:00,0.6,0.6,0.454,0.469,30.4,67,962.3,16.1
TUR_SMS_04,2023-06-25 09:00:00+00:00,0.3,0.3,0.456,0.469,30.5,66,961.8,14.0
TUR_SMS_04,2023-06-25 10:00:00+00:00,0.1,0.1,0.455,0.468,30.1,69,961.6,12.0
TUR_SMS_04,2023-06-25 11:00:00+00:00,0.0,0.0,0.455,0.468,28.7,76,961.5,11.8
TUR_SMS_04,2023-06-25 12:00:00+00:00,0.0,0.0,0.446,0.469,29.2,75,962.3,6.1
TUR_SMS_04,2023-06-25 13:00:00+00:00,0.0,0.0,0.447,0.468,27.8,82,962.8,4.4
TUR_SMS_04,2023-06-25 14:00:00+00:00,0.0,0.0,0.447,0.468,27.4,82,963.5,5.1
TUR_SMS_04,2023-06-25 15:00:00+00:00,0.0,0.0,0.447,0.468,27.0,82,964.4,5.4
TUR_SMS_04,2023-06-25 16:00:00+00:00,0.0,0.0,0.448,0.467,26.8,81,964.7,7.6
TUR_SMS_04,2023-06-25 17:00:00+00:00,0.0,0.0,0.448,0.467,26.7,82,964.6,9.0
TUR_SMS_04,2023-06-25 18:00:00+00:00,0.0,0.0,0.448,0.467,26.6,82,964.2,11.2
TUR_SMS_04,2023-06-25 19:00:00+00:00,0.0,0.0,0.448,0.467,26.1,86,963.5,14.3
TUR_SMS_04,2023-06-25 20:00:00+00:00,0.0,0.0,0.448,0.467,25.6,88,962.9,15.3
TUR_SMS_04,2023-06-25 21:00:00+00:00,0.0,0.0,0.449,0.466,25.4,88,963.0,15.0
TUR_SMS_04,2023-06-25 22:00:00+00:00,0.0,0.0,0.449,0.466,25.3,87,963.1,15.0
TUR_SMS_04,2023-06-25 23:00:00+00:00,0.0,0.0,0.449,0.466,25.1,88,963.2,15.5
TUR_SMS_04,2023-06-26 00:00:00+00:00,0.1,0.1,0.449,0.467,26.0,85,964.1,14.9
TUR_SMS_04,2023-06-26 01:00:00+00:00,0.0,0.0,0.449,0.467,26.8,82,964.3,13.1
TUR_SMS_04,2023-06-26 02:00:00+00:00,0.0,0.0,0.448,0.466,28.0,76,965.1,12.2
TUR_SMS_04,2023-06-26 03:00:00+00:00,0.0,0.0,0.447,0.466,29.1,70,965.5,13.0
TUR_SMS_04,2023-06-26 04:00:00+00:00,0.0,0.0,0.446,0.465,30.2,66,965.5,12.8
TUR_SMS_04,2023-06-26 05:00:00+00:00,0.0,0.0,0.444,0.464,31.3,64,965.0,11.5
TUR_SMS_04,2023-06-26 06:00:00+00:00,0.0,0.0,0.442,0.463,31.3,62,964.1,12.0
TUR_SMS_04,2023-06-26 07:00:00+00:00,0.0,0.0,0.44,0.462,31.6,61,962.9,11.8
TUR_SMS_04,2023-06-26 08:00:00+00:00,0.1,0.1,0.439,0.461,31.5,61,961.8,12.5
TUR_SMS_04,2023-06-26 09:00:00+00:00,1.2,1.2,0.448,0.46,28.0,80,962.2,16.7
TUR_SMS_04,2023-06-26 10:00:00+00:00,0.3,0.3,0.449,0.46,28.2,80,960.9,13.9
TUR_SMS_04,2023-06-26 11:00:00+00:00,0.0,0.0,0.449,0.46,28.6,77,960.5,13.5
TUR_SMS_04,2023-06-26 12:00:00+00:00,0.1,0.1,0.442,0.455,28.2,76,961.6,13.8
TUR_SMS_04,2023-06-26 13:00:00+00:00,0.0,0.0,0.442,0.455,27.0,80,962.4,10.9
TUR_SMS_04,2023-06-26 14:00:00+00:00,0.0,0.0,0.442,0.455,26.8,82,963.4,12.4
TUR_SMS_04,2023-06-26 15:00:00+00:00,0.0,0.0,0.442,0.455,26.2,85,964.2,13.0
TUR_SMS_04,2023-06-26 16:00:00+00:00,0.1,0.1,0.443,0.455,25.9,85,964.8,14.0
TUR_SMS_04,2023-06-26 17:00:00+00:00,0.1,0.1,0.444,0.454,25.7,85,964.6,13.3
TUR_SMS_04,2023-06-26 18:00:00+00:00,0.0,0.0,0.444,0.454,25.1,89,964.5,16.4
TUR_SMS_04,2023-06-26 19:00:00+00:00,0.1,0.1,0.445,0.454,25.2,86,963.3,15.3
TUR_SMS_04,2023-06-26 20:00:00+00:00,0.0,0.0,0.445,0.454,25.1,87,962.7,15.9
TUR_SMS_04,2023-06-26 21:00:00+00:00,0.0,0.0,0.445,0.454,25.0,88,962.7,13.8
TUR_SMS_04,2023-06-26 22:00:00+00:00,0.2,0.2,0.447,0.454,24.9,89,962.7,13.3
TUR_SMS_04,2023-06-26 23:00:00+00:00,0.5,0.5,0.45,0.454,24.8,89,963.1,10.6
TUR_SMS_04,2023-06-27 00:00:00+00:00,0.1,0.1,0.447,0.453,24.6,93,963.5,12.8
TUR_SMS_04,2023-06-27 01:00:00+00:00,0.1,0.1,0.448,0.453,25.3,90,964.0,14.8
TUR_SMS_04,2023-06-27 02:00:00+00:00,0.3,0.3,0.45,0.453,25.8,88,964.6,16.3
TUR_SMS_04,2023-06-27 03:00:00+00:00,0.4,0.4,0.453,0.453,26.6,85,965.2,17.3
TUR_SMS_04,2023-06-27 04:00:00+00:00,0.1,0.1,0.452,0.452,27.0,81,965.2,19.4
TUR_SMS_04,2023-06-27 05:00:00+00:00,0.2,0.2,0.452,0.452,28.1,77,965.2,16.3
TUR_SMS_04,2023-06-27 06:00:00+00:00,0.4,0.4,0.454,0.451,27.4,79,964.6,19.1
TUR_SMS_04,2023-06-27 07:00:00+00:00,0.6,0.6,0.457,0.451,26.8,82,963.9,20.2
TUR_SMS_04,2023-06-27 08:00:00+00:00,1.3,1.3,0.466,0.451,26.4,88,962.6,17.6
TUR_SMS_04,2023-06-27 09:00:00+00:00,0.1,0.1,0.466,0.451,27.1,83,962.6,17.8
TUR_SMS_04,2023-06-27 10:00:00+00:00,0.2,0.2,0.466,0.451,26.4,85,962.1,16.1
TUR_SMS_04,2023-06-27 11:00:00+00:00,0.2,0.2,0.467,0.451,25.7,89,962.2,15.0
TUR_SMS_04,2023-06-27 12:00:00+00:00,0.2,0.2,0.414,0.442,25.6,89,964.1,12.7
TUR_SMS_04,2023-06-27 13:00:00+00:00,0.1,0.1,0.416,0.442,24.9,92,964.1,15.5
TUR_SMS_04,2023-06-27 14:00:00+00:00,0.0,0.0,0.416,0.442,24.6,93,965.4,16.1
TUR_SMS_04,2023-06-27 15:00:00+00:00,0.0,0.0,0.416,0.442,24.9,92,965.9,16.3
TUR_SMS_04,2023-06-27 16:00:00+00:00,0.0,0.0,0.417,0.442,24.6,94,966.3,17.6
TUR_SMS_04,2023-06-27 17:00:00+00:00,0.0,0.0,0.417,0.442,24.4,94,966.7,18.2
TUR_SMS_04,2023-06-27 18:00:00+00:00,0.2,0.2,0.419,0.442,24.6,92,966.3,18.4
TUR_SMS_04,2023-06-27 19:00:00+00:00,0.1,0.1,0.419,0.442,24.6,92,965.7,17.1
TUR_SMS_04,2023-06-27 20:00:00+00:00,0.0,0.0,0.42,0.442,24.5,93,965.2,14.9
TUR_SMS_04,2023-06-27 21:00:00+00:00,0.0,0.0,0.42,0.442,24.4,93,964.8,15.1
TUR_SMS_04,2023-06-27 22:00:00+00:00,0.0,0.0,0.42,0.442,24.4,92,965.1,14.6
TUR_SMS_04,2023-06-27 23:00:00+00:00,0.1,0.1,0.421,0.442,24.4,91,965.4,13.8
TUR_SMS_04,2023-06-28 00:00:00+00:00,0.1,0.1,0.461,0.443,24.8,92,965.3,12.2
TUR_SMS_04,2023-06-28 01:00:00+00:00,0.2,0.2,0.462,0.443,25.3,90,965.7,14.9
TUR_SMS_04,2023-06-28 02:00:00+00:00,0.1,0.1,0.462,0.443,25.8,87,967.1,18.3
TUR_SMS_04,2023-06-28 03:00:00+00:00,0.7,0.7,0.467,0.444,25.6,88,967.2,18.2
TUR_SMS_04,2023-06-28 04:00:00+00:00,0.2,0.2,0.468,0.444,26.0,85,967.4,16.9
TUR_SMS_04,2023-06-28 05:00:00+00:00,0.1,0.1,0.467,0.444,27.2,80,967.1,19.6
TUR_SMS_04,2023-06-28 06:00:00+00:00,0.1,0.1,0.466,0.444,27.6,81,966.2,19.4
TUR_SMS_04,2023-06-28 07:00:00+00:00,0.5,0.5,0.468,0.444,26.4,86,965.3,18.4
TUR_SMS_04,2023-06-28 08:00:00+00:00,0.3,0.3,0.468,0.444,26.5,86,964.7,20.8
TUR_SMS_04,2023-06-28 09:00:00+00:00,0.4,0.4,0.47,0.444,26.6,87,964.0,19.2
TUR_SMS_04,2023-06-28 10:00:00+00:00,0.5,0.5,0.472,0.444,26.0,90,963.8,19.5
TUR_SMS_04,2023-06-28 11:00:00+00:00,0.1,0.1,0.471,0.444,26.0,90,963.4,17.3
TUR_SMS_04,2023-06-28 12:00:00+00:00,0.1,0.1,0.496,0.451,24.3,95,965.0,15.0
TUR_SMS_04,2023-06-28 13:00:00+00:00,0.4,0.4,0.496,0.452,24.7,94,965.6,17.3
TUR_SMS_04,2023-06-28 14:00:00+00:00,0.3,0.3,0.495,0.454,24.6,94,966.1,17.3
TUR_SMS_04,2023-06-28 15:00:00+00:00,0.2,0.2,0.493,0.455,24.5,93,966.7,16.5
TUR_SMS_04,2023-06-28 16:00:00+00:00,0.2,0.2,0.492,0.456,24.7,93,967.4,15.0
TUR_SMS_04,2023-06-28 17:00:00+00:00,0.2,0.2,0.491,0.457,24.7,92,967.4,14.8
TUR_SMS_04,2023-06-28 18:00:00+00:00,0.1,0.1,0.489,0.457,24.7,93,967.0,14.4
TUR_SMS_04,2023-06-28 19:00:00+00:00,0.1,0.1,0.488,0.458,24.5,94,966.1,13.0
TUR_SMS_04,2023-06-28 20:00:00+00:00,1.5,1.5,0.505,0.459,24.1,93,965.6,9.9
TUR_SMS_04,2023-06-28 21:00:00+00:00,2.5,2.5,0.5,0.47,23.9,96,965.1,12.2
TUR_SMS_04,2023-06-28 22:00:00+00:00,1.2,1.2,0.511,0.471,23.4,96,965.1,13.6
TUR_SMS_04,2023-06-28 23:00:00+00:00,0.9,0.9,0.512,0.475,23.5,94,964.8,13.3
TUR_SMS_04,2023-06-29 00:00:00+00:00,1.4,1.4,0.497,0.495,24.0,95,965.4,10.7
TUR_SMS_04,2023-06-29 01:00:00+00:00,0.4,0.4,0.499,0.495,24.4,93,965.9,12.2
TUR_SMS_04,2023-06-29 02:00:00+00:00,0.2,0.2,0.499,0.495,25.1,89,966.2,10.0
TUR_SMS_04,2023-06-29 03:00:00+00:00,0.4,0.4,0.5,0.495,25.0,91,966.7,12.1
TUR_SMS_04,2023-06-29 04:00:00+00:00,0.9,0.9,0.507,0.496,24.7,95,967.0,11.3
TUR_SMS_04,2023-06-29 05:00:00+00:00,2.1,2.1,0.52,0.498,25.0,92,966.7,12.3
TUR_SMS_04,2023-06-29 06:00:00+00:00,0.4,0.4,0.504,0.504,25.5,89,966.2,10.7
TUR_SMS_04,2023-06-29 07:00:00+00:00,0.1,0.1,0.503,0.504,25.4,91,965.1,10.8
TUR_SMS_04,2023-06-29 08:00:00+00:00,0.2,0.2,0.503,0.504,26.7,89,964.2,10.0
TUR_SMS_04,2023-06-29 09:00:00+00:00,0.6,0.6,0.505,0.503,26.6,85,963.4,10.2
TUR_SMS_04,2023-06-29 10:00:00+00:00,0.6,0.6,0.507,0.503,25.8,90,962.6,12.4
TUR_SMS_04,2023-06-29 11:00:00+00:00,0.3,0.3,0.506,0.504,25.6,93,962.4,13.0
TUR_SMS_04,2023-06-29 12:00:00+00:00,0.1,0.1,0.502,0.5,25.6,90,964.1,11.2
TUR_SMS_04,2023-06-29 13:00:00+00:00,0.1,0.1,0.501,0.5,24.7,93,964.7,12.8
TUR_SMS_04,2023-06-29 14:00:00+00:00,0.1,0.1,0.5,0.5,24.6,94,965.5,11.7
TUR_SMS_04,2023-06-29 15:00:00+00:00,0.1,0.1,0.5,0.499,24.7,92,965.9,12.2
TUR_SMS_04,2023-06-29 16:00:00+00:00,0.1,0.1,0.499,0.499,24.5,94,966.4,12.8
TUR_SMS_04,2023-06-29 17:00:00+00:00,0.0,0.0,0.498,0.499,24.3,95,966.2,12.5
TUR_SMS_04,2023-06-29 18:00:00+00:00,0.0,0.0,0.497,0.499,24.2,94,965.7,13.4
TUR_SMS_04,2023-06-29 19:00:00+00:00,0.0,0.0,0.496,0.499,24.0,94,964.9,13.2
TUR_SMS_04,2023-06-29 20:00:00+00:00,0.0,0.0,0.495,0.499,24.2,92,964.4,13.6
TUR_SMS_04,2023-06-29 21:00:00+00:00,0.0,0.0,0.494,0.499,24.0,93,964.4,14.3
TUR_SMS_04,2023-06-29 22:00:00+00:00,0.1,0.1,0.494,0.498,23.5,94,964.5,15.8
TUR_SMS_04,2023-06-29 23:00:00+00:00,0.2,0.2,0.494,0.498,23.5,94,964.5,13.7
TUR_SMS_04,2023-06-30 00:00:00+00:00,0.0,0.0,0.492,0.496,23.4,94,965.0,13.6
TUR_SMS_04,2023-06-30 01:00:00+00:00,0.2,0.2,0.492,0.496,24.7,91,965.3,12.5
TUR_SMS_04,2023-06-30 02:00:00+00:00,0.0,0.0,0.492,0.496,25.6,88,966.2,15.1
TUR_SMS_04,2023-06-30 03:00:00+00:00,0.0,0.0,0.491,0.495,26.6,85,966.1,14.8
TUR_SMS_04,2023-06-30 04:00:00+00:00,0.0,0.0,0.489,0.495,27.3,81,966.4,14.5
TUR_SMS_04,2023-06-30 05:00:00+00:00,0.1,0.1,0.488,0.494,28.3,78,966.0,15.5
TUR_SMS_04,2023-06-30 06:00:00+00:00,0.3,0.3,0.488,0.493,28.6,77,965.6,12.6
TUR_SMS_04,2023-06-30 07:00:00+00:00,4.4,4.4,0.501,0.5,27.1,86,965.1,14.8
TUR_SMS_04,2023-06-30 08:00:00+00:00,0.3,0.3,0.502,0.5,27.0,85,963.8,14.8
TUR_SMS_04,2023-06-30 09:00:00+00:00,0.2,0.2,0.501,0.5,26.4,87,962.1,16.4
TUR_SMS_04,2023-06-30 10:00:00+00:00,0.1,0.1,0.5,0.499,26.9,85,961.4,16.5
TUR_SMS_04,2023-06-30 11:00:00+00:00,0.1,0.1,0.499,0.499,26.3,88,961.5,14.8
TUR_SMS_04,2023-06-30 12:00:00+00:00,0.1,0.1,0.506,0.489,25.0,94,962.7,13.3
TUR_SMS_04,2023-06-30 13:00:00+00:00,0.1,0.1,0.504,0.49,24.8,94,962.7,14.8
TUR_SMS_04,2023-06-30 14:00:00+00:00,0.3,0.3,0.503,0.491,24.7,95,963.6,14.8
TUR_SMS_04,2023-06-30 15:00:00+00:00,0.3,0.3,0.504,0.492,24.8,95,964.4,15.8
TUR_SMS_04,2023-06-30 16:00:00+00:00,0.1,0.1,0.502,0.492,24.9,94,964.8,15.8
TUR_SMS_04,2023-06-30 17:00:00+00:00,0.2,0.2,0.502,0.493,24.8,94,964.5,15.8
TUR_SMS_04,2023-06-30 18:00:00+00:00,0.1,0.1,0.5,0.493,24.6,96,964.2,15.3
TUR_SMS_04,2023-06-30 19:00:00+00:00,0.1,0.1,0.499,0.494,24.3,96,963.3,15.5
TUR_SMS_04,2023-06-30 20:00:00+00:00,0.0,0.0,0.498,0.494,24.2,95,962.9,14.7
TUR_SMS_04,2023-06-30 21:00:00+00:00,0.0,0.0,0.496,0.494,24.2,93,962.8,13.4
TUR_SMS_04,2023-06-30 22:00:00+00:00,0.0,0.0,0.495,0.494,24.1,94,963.1,14.1
TUR_SMS_04,2023-06-30 23:00:00+00:00,6.9,6.9,0.514,0.508,23.9,97,963.0,14.6
TUR_SMS_04,2023-07-01 00:00:00+00:00,15.9,15.9,0.502,0.493,24.4,95,964.1,11.5
TUR_SMS_04,2023-07-01 01:00:00+00:00,0.1,0.1,0.5,0.493,25.1,94,964.7,11.2
TUR_SMS_04,2023-07-01 02:00:00+00:00,3.4,3.4,0.507,0.5,25.0,91,965.8,12.4
TUR_SMS_04,2023-07-01 03:00:00+00:00,6.5,6.5,0.518,0.515,24.7,94,966.2,9.4
TUR_SMS_04,2023-07-01 04:00:00+00:00,1.7,1.7,0.506,0.516,24.1,97,966.1,8.9
TUR_SMS_04,2023-07-01 05:00:00+00:00,1.6,1.6,0.518,0.516,25.3,92,965.7,9.1
TUR_SMS_04,2023-07-01 06:00:00+00:00,0.1,0.1,0.512,0.515,25.9,88,965.4,13.1
TUR_SMS_04,2023-07-01 07:00:00+00:00,0.0,0.0,0.508,0.514,26.1,87,964.6,13.8
TUR_SMS_04,2023-07-01 08:00:00+00:00,0.0,0.0,0.504,0.513,27.7,79,963.4,14.5
TUR_SMS_04,2023-07-01 09:00:00+00:00,0.1,0.1,0.502,0.511,27.6,82,962.8,15.8
TUR_SMS_04,2023-07-01 10:00:00+00:00,0.1,0.1,0.5,0.51,27.0,86,962.1,15.3
TUR_SMS_04,2023-07-01 11:00:00+00:00,0.0,0.0,0.498,0.509,26.8,86,962.3,14.5
TUR_SMS_04,2023-07-01 12:00:00+00:00,0.0,0.0,0.497,0.509,25.5,90,963.4,14.9
TUR_SMS_04,2023-07-01 13:00:00+00:00,0.0,0.0,0.496,0.508,25.2,91,963.6,13.7
TUR_SMS_04,2023-07-01 14:00:00+00:00,0.0,0.0,0.495,0.508,25.1,93,964.7,14.1
TUR_SMS_04,2023-07-01 15:00:00+00:00,0.0,0.0,0.494,0.507,24.9,93,965.2,16.0
TUR_SMS_04,2023-07-01 16:00:00+00:00,0.0,0.0,0.494,0.506,24.9,92,965.6,15.1
TUR_SMS_04,2023-07-01 17:00:00+00:00,0.0,0.0,0.493,0.505,24.8,91,965.5,14.7
TUR_SMS_04,2023-07-01 18:00:00+00:00,0.0,0.0,0.492,0.505,24.7,92,965.4,14.7
TUR_SMS_04,2023-07-01 19:00:00+00:00,0.0,0.0,0.492,0.504,24.8,92,964.6,14.5
TUR_SMS_04,2023-07-01 20:00:00+00:00,0.1,0.1,0.492,0.504,24.6,92,963.7,15.3
TUR_SMS_04,2023-07-01 21:00:00+00:00,0.1,0.1,0.492,0.503,24.5,92,963.4,15.1
TUR_SMS_04,2023-07-01 22:00:00+00:00,0.6,0.6,0.496,0.503,24.0,94,963.4,15.3
TUR_SMS_04,2023-07-01 23:00:00+00:00,5.0,5.0,0.51,0.515,23.8,95,963.4,13.7
TUR_SMS_04,2023-07-02 00:00:00+00:00,0.8,0.8,0.509,0.513,24.0,96,963.8,11.5
TUR_SMS_04,2023-07-02 01:00:00+00:00,0.1,0.1,0.507,0.512,24.9,93,964.2,12.7
TUR_SMS_04,2023-07-02 02:00:00+00:00,0.0,0.0,0.504,0.512,25.6,90,965.0,12.7
TUR_SMS_04,2023-07-02 03:00:00+00:00,0.0,0.0,0.502,0.511,26.3,87,965.8,14.7
TUR_SMS_04,2023-07-02 04:00:00+00:00,0.0,0.0,0.5,0.51,27.1,84,965.4,12.3
TUR_SMS_04,2023-07-02 05:00:00+00:00,0.1,0.1,0.498,0.508,27.7,84,964.9,15.3
TUR_SMS_04,2023-07-02 06:00:00+00:00,0.2,0.2,0.497,0.507,27.1,84,964.7,15.4
TUR_SMS_04,2023-07-02 07:00:00+00:00,0.2,0.2,0.497,0.506,27.8,82,963.5,12.4
TUR_SMS_04,2023-07-02 08:00:00+00:00,0.6,0.6,0.5,0.506,27.3,84,962.4,13.6
TUR_SMS_04,2023-07-02 09:00:00+00:00,0.4,0.4,0.501,0.505,27.6,84,961.8,14.8
TUR_SMS_04,2023-07-02 10:00:00+00:00,0.0,0.0,0.499,0.505,26.9,86,961.4,14.5
TUR_SMS_04,2023-07-02 11:00:00+00:00,0.0,0.0,0.498,0.504,26.9,86,961.3,12.7
TUR_SMS_04,2023-07-02 12:00:00+00:00,0.0,0.0,0.511,0.515,26.4,92,962.3,8.1
TUR_SMS_04,2023-07-02 13:00:00+00:00,0.1,0.1,0.508,0.515,26.1,93,963.2,9.4
TUR_SMS_04,2023-07-02 14:00:00+00:00,0.1,0.1,0.506,0.514,26.0,92,964.1,10.0
TUR_SMS_04,2023-07-02 15:00:00+00:00,0.0,0.0,0.503,0.513,25.7,93,964.9,10.5
TUR_SMS_04,2023-07-02 16:00:00+00:00,0.0,0.0,0.502,0.512,25.8,91,965.0,11.6
TUR_SMS_04,2023-07-02 17:00:00+00:00,0.0,0.0,0.5,0.511,25.8,91,964.6,11.4
TUR_SMS_04,2023-07-02 18:00:00+00:00,0.0,0.0,0.499,0.511,25.8,91,964.3,12.1
TUR_SMS_04,2023-07-02 19:00:00+00:00,0.0,0.0,0.498,0.51,26.0,89,963.9,12.8
TUR_SMS_04,2023-07-02 20:00:00+00:00,0.0,0.0,0.497,0.509,25.9,90,963.4,12.7
TUR_SMS_04,2023-07-02 21:00:00+00:00,0.0,0.0,0.496,0.509,25.5,91,963.5,12.2
TUR_SMS_04,2023-07-02 22:00:00+00:00,0.0,0.0,0.495,0.508,25.3,91,963.5,13.9
TUR_SMS_04,2023-07-02 23:00:00+00:00,0.3,0.3,0.497,0.507,25.1,91,964.0,9.4
TUR_SMS_04,2023-07-03 00:00:00+00:00,3.0,3.0,0.497,0.506,25.1,95,964.0,12.0
TUR_SMS_04,2023-07-03 01:00:00+00:00,0.0,0.0,0.496,0.506,25.2,95,964.7,13.3
TUR_SMS_04,2023-07-03 02:00:00+00:00,0.5,0.5,0.499,0.505,24.5,97,965.2,12.7
TUR_SMS_04,2023-07-03 03:00:00+00:00,0.1,0.1,0.498,0.505,26.0,89,965.4,13.6
TUR_SMS_04,2023-07-03 04:00:00+00:00,0.1,0.1,0.497,0.505,27.7,82,965.5,16.5
TUR_SMS_04,2023-07-03 05:00:00+00:00,0.0,0.0,0.495,0.504,28.7,78,965.2,17.7
TUR_SMS_04,2023-07-03 06:00:00+00:00,0.1,0.1,0.493,0.503,28.7,79,964.7,16.0
TUR_SMS_04,2023-07-03 07:00:00+00:00,0.3,0.3,0.493,0.502,28.7,81,963.7,14.8
TUR_SMS_04,2023-07-03 08:00:00+00:00,0.3,0.3,0.493,0.501,29.3,77,962.6,12.7
TUR_SMS_04,2023-07-03 09:00:00+00:00,0.1,0.1,0.492,0.5,29.8,73,962.2,14.1
TUR_SMS_04,2023-07-03 10:00:00+00:00,0.0,0.0,0.49,0.499,29.7,73,961.3,13.0
TUR_SMS_04,2023-07-03 11:00:00+00:00,0.3,0.3,0.491,0.498,27.9,82,961.3,11.3
TUR_SMS_04,2023-07-03 12:00:00+00:00,7.3,7.3,0.5,0.51,27.4,86,962.9,10.3
TUR_SMS_04,2023-07-03 13:00:00+00:00,0.0,0.0,0.499,0.509,26.3,90,963.7,8.4
TUR_SMS_04,2023-07-03 14:00:00+00:00,0.0,0.0,0.498,0.509,25.7,91,964.2,11.1
TUR_SMS_04,2023-07-03 15:00:00+00:00,0.0,0.0,0.497,0.508,25.8,90,964.6,11.0
TUR_SMS_04,2023-07-03 16:00:00+00:00,0.0,0.0,0.496,0.508,25.9,90,964.8,9.8
TUR_SMS_04,2023-07-03 17:00:00+00:00,0.0,0.0,0.495,0.507,25.8,90,964.8,9.7
TUR_SMS_04,2023-07-03 18:00:00+00:00,0.0,0.0,0.494,0.506,25.8,90,964.3,11.5
TUR_SMS_04,2023-07-03 19:00:00+00:00,0.0,0.0,0.494,0.506,25.7,90,963.7,11.3
TUR_SMS_04,2023-07-03 20:00:00+00:00,0.0,0.0,0.493,0.505,25.7,90,963.2,11.3
TUR_SMS_04,2023-07-03 21:00:00+00:00,0.0,0.0,0.493,0.505,25.7,90,962.8,12.0
TUR_SMS_04,2023-07-03 22:00:00+00:00,0.0,0.0,0.492,0.504,25.4,92,963.0,13.8
TUR_SMS_04,2023-07-03 23:00:00+00:00,0.1,0.1,0.492,0.503,25.1,93,963.4,11.2
TUR_SMS_04,2023-07-04 00:00:00+00:00,0.4,0.4,0.487,0.501,24.9,95,963.8,11.5
TUR_SMS_04,2023-07-04 01:00:00+00:00,0.8,0.8,0.492,0.5,24.9,95,963.9,11.9
TUR_SMS_04,2023-07-04 02:00:00+00:00,0.3,0.3,0.494,0.5,25.6,91,964.5,13.1
TUR_SMS_04,2023-07-04 03:00:00+00:00,0.5,0.5,0.496,0.499,26.2,88,965.2,14.6
TUR_SMS_04,2023-07-04 04:00:00+00:00,2.0,2.0,0.514,0.5,25.9,93,965.8,12.4
TUR_SMS_04,2023-07-04 05:00:00+00:00,0.9,0.9,0.514,0.502,25.7,94,965.4,9.9
TUR_SMS_04,2023-07-04 06:00:00+00:00,0.4,0.4,0.511,0.503,27.8,84,964.6,10.5
TUR_SMS_04,2023-07-04 07:00:00+00:00,0.1,0.1,0.507,0.503,29.3,79,963.6,7.6
TUR_SMS_04,2023-07-04 08:00:00+00:00,0.1,0.1,0.503,0.502,30.2,75,962.4,5.9
TUR_SMS_04,2023-07-04 09:00:00+00:00,0.2,0.2,0.501,0.502,30.2,75,961.1,4.6
TUR_SMS_04,2023-07-04 10:00:00+00:00,0.1,0.1,0.499,0.501,30.0,75,960.0,4.7
TUR_SMS_04,2023-07-04 11:00:00+00:00,0.0,0.0,0.497,0.5,29.9,74,959.8,4.5
TUR_SMS_04,2023-07-04 12:00:00+00:00,0.0,0.0,0.49,0.496,29.0,75,961.7,3.6
TUR_SMS_04,2023-07-04 13:00:00+00:00,0.0,0.0,0.49,0.496,27.2,87,961.8,3.8
TUR_SMS_04,2023-07-04 14:00:00+00:00,0.0,0.0,0.489,0.495,26.9,85,963.0,2.2
TUR_SMS_04,2023-07-04 15:00:00+00:00,0.0,0.0,0.488,0.495,26.7,84,963.7,2.5
TUR_SMS_04,2023-07-04 16:00:00+00:00,0.0,0.0,0.488,0.495,26.4,84,964.2,3.3
TUR_SMS_04,2023-07-04 17:00:00+00:00,0.0,0.0,0.487,0.494,26.3,84,964.0,4.3
TUR_SMS_04,2023-07-04 18:00:00+00:00,0.0,0.0,0.487,0.494,25.9,85,963.3,6.1
TUR_SMS_04,2023-07-04 19:00:00+00:00,0.0,0.0,0.486,0.493,25.8,84,962.9,6.6
TUR_SMS_04,2023-07-04 20:00:00+00:00,0.0,0.0,0.486,0.493,25.7,83,962.7,8.0
TUR_SMS_04,2023-07-04 21:00:00+00:00,0.0,0.0,0.485,0.493,25.4,84,962.7,12.5
TUR_SMS_04,2023-07-04 22:00:00+00:00,0.0,0.0,0.485,0.492,24.6,90,962.4,9.8
TUR_SMS_04,2023-07-04 23:00:00+00:00,0.0,0.0,0.485,0.492,24.5,90,962.2,9.7
TUR_SMS_04,2023-07-05 00:00:00+00:00,0.0,0.0,0.477,0.488,26.0,88,962.7,9.2
TUR_SMS_04,2023-07-05 01:00:00+00:00,0.0,0.0,0.476,0.488,27.3,84,963.5,9.2
TUR_SMS_04,2023-07-05 02:00:00+00:00,0.0,0.0,0.476,0.487,28.5,79,963.9,9.6
TUR_SMS_04,2023-07-05 03:00:00+00:00,1.7,1.7,0.489,0.486,28.9,76,964.0,10.8
TUR_SMS_04,2023-07-05 04:00:00+00:00,2.2,2.2,0.51,0.488,27.6,85,964.3,10.5
TUR_SMS_04,2023-07-05 05:00:00+00:00,0.1,0.1,0.505,0.489,28.1,85,963.8,10.5
TUR_SMS_04,2023-07-05 06:00:00+00:00,0.1,0.1,0.501,0.489,29.0,80,963.2,12.3
TUR_SMS_04,2023-07-05 07:00:00+00:00,0.3,0.3,0.5,0.489,28.4,81,961.9,13.2
TUR_SMS_04,2023-07-05 08:00:00+00:00,0.0,0.0,0.497,0.489,28.8,80,961.2,8.8
TUR_SMS_04,2023-07-05 09:00:00+00:00,0.1,0.1,0.495,0.489,30.1,73,960.6,10.0
TUR_SMS_04,2023-07-05 10:00:00+00:00,0.0,0.0,0.492,0.488,30.2,73,959.8,8.8
TUR_SMS_04,2023-07-05 11:00:00+00:00,0.0,0.0,0.49,0.488,29.8,74,959.7,9.0
TUR_SMS_04,2023-07-05 12:00:00+00:00,0.0,0.0,0.49,0.488,29.3,76,961.2,5.4
TUR_SMS_04,2023-07-05 13:00:00+00:00,0.0,0.0,0.489,0.488,27.9,83,961.4,6.3
TUR_SMS_04,2023-07-05 14:00:00+00:00,0.0,0.0,0.488,0.487,27.1,89,962.2,8.4
TUR_SMS_04,2023-07-05 15:00:00+00:00,0.0,0.0,0.488,0.487,26.7,87,963.3,10.3
TUR_SMS_04,2023-07-05 16:00:00+00:00,0.0,0.0,0.487,0.487,26.5,86,964.1,10.5
TUR_SMS_04,2023-07-05 17:00:00+00:00,0.0,0.0,0.486,0.487,26.2,87,964.4,14.0
TUR_SMS_04,2023-07-05 18:00:00+00:00,0.2,0.2,0.487,0.487,25.5,87,964.4,13.0
TUR_SMS_04,2023-07-05 19:00:00+00:00,0.1,0.1,0.487,0.486,25.4,89,963.5,14.3
TUR_SMS_04,2023-07-05 20:00:00+00:00,0.2,0.2,0.488,0.486,25.1,92,963.0,15.1
TUR_SMS_04,2023-07-05 21:00:00+00:00,0.1,0.1,0.488,0.486,25.1,93,963.2,16.0
TUR_SMS_04,2023-07-05 22:00:00+00:00,0.1,0.1,0.488,0.486,24.8,94,963.3,15.8
TUR_SMS_04,2023-07-05 23:00:00+00:00,0.0,0.0,0.487,0.486,24.7,95,963.2,15.5
TUR_SMS_04,2023-07-06 00:00:00+00:00,0.0,0.0,0.487,0.485,25.4,93,964.1,13.5
TUR_SMS_04,2023-07-06 01:00:00+00:00,0.0,0.0,0.487,0.485,25.6,91,964.4,16.8
TUR_SMS_04,2023-07-06 02:00:00+00:00,0.1,0.1,0.486,0.485,25.7,90,964.9,17.6
TUR_SMS_04,2023-07-06 03:00:00+00:00,0.0,0.0,0.486,0.485,26.1,88,965.2,20.2
TUR_SMS_04,2023-07-06 04:00:00+00:00,0.1,0.1,0.486,0.485,26.5,89,965.6,17.9
TUR_SMS_04,2023-07-06 05:00:00+00:00,0.1,0.1,0.485,0.484,27.7,82,965.3,18.8
TUR_SMS_04,2023-07-06 06:00:00+00:00,0.2,0.2,0.485,0.484,27.5,84,964.8,18.2
TUR_SMS_04,2023-07-06 07:00:00+00:00,0.4,0.4,0.486,0.483,27.8,84,964.1,16.1
TUR_SMS_04,2023-07-06 08:00:00+00:00,0.1,0.1,0.485,0.483,28.9,79,963.6,17.2
TUR_SMS_04,2023-07-06 09:00:00+00:00,0.5,0.5,0.487,0.482,27.9,83,963.0,18.0
TUR_SMS_04,2023-07-06 10:00:00+00:00,0.1,0.1,0.486,0.482,27.8,83,962.1,16.0
TUR_SMS_04,2023-07-06 11:00:00+00:00,0.0,0.0,0.485,0.482,27.8,82,962.0,14.5
TUR_SMS_04,2023-07-06 12:00:00+00:00,0.0,0.0,0.492,0.493,26.8,87,963.3,16.0
TUR_SMS_04,2023-07-06 13:00:00+00:00,0.1,0.1,0.492,0.493,26.2,88,964.0,17.1
TUR_SMS_04,2023-07-06 14:00:00+00:00,0.0,0.0,0.491,0.493,26.1,88,965.5,16.9
TUR_SMS_04,2023-07-06 15:00:00+00:00,0.0,0.0,0.49,0.493,26.0,88,966.0,15.2
TUR_SMS_04,2023-07-06 16:00:00+00:00,0.0,0.0,0.49,0.492,25.9,89,966.8,15.5
TUR_SMS_04,2023-07-06 17:00:00+00:00,0.0,0.0,0.489,0.492,25.4,91,966.8,16.0
TUR_SMS_04,2023-07-06 18:00:00+00:00,0.1,0.1,0.489,0.492,25.0,93,966.4,16.3
TUR_SMS_04,2023-07-06 19:00:00+00:00,0.0,0.0,0.489,0.492,24.9,92,965.9,16.1
TUR_SMS_04,2023-07-06 20:00:00+00:00,0.2,0.2,0.49,0.492,24.7,93,965.5,14.3
TUR_SMS_04,2023-07-06 21:00:00+00:00,0.7,0.7,0.494,0.492,24.5,94,965.3,13.8
TUR_SMS_04,2023-07-06 22:00:00+00:00,0.3,0.3,0.496,0.492,24.6,93,965.1,14.8
TUR_SMS_04,2023-07-06 23:00:00+00:00,0.1,0.1,0.495,0.492,24.5,93,965.2,14.8
TUR_SMS_04,2023-07-07 00:00:00+00:00,0.1,0.1,0.488,0.491,24.4,96,965.5,11.2
TUR_SMS_04,2023-07-07 01:00:00+00:00,0.1,0.1,0.488,0.491,25.3,93,966.5,14.6
TUR_SMS_04,2023-07-07 02:00:00+00:00,0.0,0.0,0.488,0.491,25.7,89,967.2,14.5
TUR_SMS_04,2023-07-07 03:00:00+00:00,0.1,0.1,0.487,0.491,25.9,88,967.6,16.2
TUR_SMS_04,2023-07-07 04:00:00+00:00,0.5,0.5,0.49,0.49,26.4,89,967.7,16.3
TUR_SMS_04,2023-07-07 05:00:00+00:00,0.1,0.1,0.49,0.49,26.7,89,967.1,15.2
TUR_SMS_04,2023-07-07 06:00:00+00:00,0.0,0.0,0.488,0.489,28.3,81,966.5,16.9
TUR_SMS_04,2023-07-07 07:00:00+00:00,0.2,0.2,0.487,0.489,28.4,77,965.5,15.8
TUR_SMS_04,2023-07-07 08:00:00+00:00,0.2,0.2,0.487,0.488,28.8,77,964.3,16.8
TUR_SMS_04,2023-07-07 09:00:00+00:00,0.5,0.5,0.489,0.487,28.5,81,963.7,14.2
TUR_SMS_04,2023-07-07 10:00:00+00:00,0.4,0.4,0.49,0.487,27.5,85,963.1,13.8
TUR_SMS_04,2023-07-07 11:00:00+00:00,0.0,0.0,0.489,0.487,28.0,81,962.8,13.8
TUR_SMS_04,2023-07-07 12:00:00+00:00,0.0,0.0,0.488,0.489,26.8,87,964.4,13.1
TUR_SMS_04,2023-07-07 13:00:00+00:00,0.1,0.1,0.488,0.489,26.3,87,965.6,14.2
TUR_SMS_04,2023-07-07 14:00:00+00:00,0.0,0.0,0.487,0.489,26.2,86,966.5,15.1
TUR_SMS_04,2023-07-07 15:00:00+00:00,0.0,0.0,0.486,0.489,25.9,86,966.8,14.9
TUR_SMS_04,2023-07-07 16:00:00+00:00,0.0,0.0,0.486,0.489,26.0,87,967.5,16.1
TUR_SMS_04,2023-07-07 17:00:00+00:00,0.0,0.0,0.485,0.489,25.6,90,967.7,16.6
TUR_SMS_04,2023-07-07 18:00:00+00:00,0.0,0.0,0.485,0.488,25.4,91,967.3,15.3
TUR_SMS_04,2023-07-07 19:00:00+00:00,0.0,0.0,0.484,0.488,25.1,93,966.9,14.3
TUR_SMS_04,2023-07-07 20:00:00+00:00,0.0,0.0,0.484,0.488,24.9,93,966.3,13.8
TUR_SMS_04,2023-07-07 21:00:00+00:00,0.1,0.1,0.484,0.488,24.8,92,966.4,13.2
TUR_SMS_04,2023-07-07 22:00:00+00:00,0.1,0.1,0.484,0.488,24.7,93,966.1,11.7
TUR_SMS_04,2023-07-07 23:00:00+00:00,0.0,0.0,0.484,0.488,24.6,94,966.2,10.7
TUR_SMS_04,2023-07-08 00:00:00+00:00,0.0,0.0,0.481,0.486,25.4,92,966.9,12.2
TUR_SMS_04,2023-07-08 01:00:00+00:00,0.1,0.1,0.481,0.486,25.6,90,967.7,15.1
TUR_SMS_04,2023-07-08 02:00:00+00:00,0.0,0.0,0.481,0.486,25.8,90,968.0,18.6
TUR_SMS_04,2023-07-08 03:00:00+00:00,0.1,0.1,0.48,0.485,26.9,84,968.1,20.0
TUR_SMS_04,2023-07-08 04:00:00+00:00,0.2,0.2,0.481,0.485,27.0,84,967.9,18.0
TUR_SMS_04,2023-07-08 05:00:00+00:00,0.2,0.2,0.481,0.484,28.5,80,967.8,16.4
TUR_SMS_04,2023-07-08 06:00:00+00:00,0.0,0.0,0.478,0.483,29.6,75,966.8,16.4
TUR_SMS_04,2023-07-08 07:00:00+00:00,0.0,0.0,0.477,0.483,29.6,74,965.8,16.1
TUR_SMS_04,2023-07-08 08:00:00+00:00,0.1,0.1,0.475,0.482,29.4,75,964.6,15.5
TUR_SMS_04,2023-07-08 09:00:00+00:00,0.1,0.1,0.474,0.481,29.9,75,963.8,15.0
TUR_SMS_04,2023-07-08 10:00:00+00:00,0.0,0.0,0.473,0.48,29.8,75,963.5,13.8
TUR_SMS_04,2023-07-08 11:00:00+00:00,0.3,0.3,0.474,0.48,27.9,81,963.7,14.0
TUR_SMS_04,2023-07-08 12:00:00+00:00,0.0,0.0,0.472,0.48,27.8,81,964.8,10.2
TUR_SMS_04,2023-07-08 13:00:00+00:00,0.0,0.0,0.472,0.48,26.9,83,965.6,9.2
TUR_SMS_04,2023-07-08 14:00:00+00:00,0.0,0.0,0.472,0.48,26.5,83,966.1,10.3
TUR_SMS_04,2023-07-08 15:00:00+00:00,0.0,0.0,0.472,0.48,26.3,85,966.7,10.0
TUR_SMS_04,2023-07-08 16:00:00+00:00,0.0,0.0,0.472,0.48,26.3,86,967.4,10.5
TUR_SMS_04,2023-07-08 17:00:00+00:00,0.0,0.0,0.472,0.479,26.1,88,967.6,11.2
TUR_SMS_04,2023-07-08 18:00:00+00:00,0.1,0.1,0.472,0.479,26.0,88,967.3,12.5
TUR_SMS_04,2023-07-08 19:00:00+00:00,0.1,0.1,0.473,0.479,25.4,90,966.4,14.6
TUR_SMS_04,2023-07-08 20:00:00+00:00,0.1,0.1,0.474,0.479,25.2,92,965.4,12.5
TUR_SMS_04,2023-07-08 21:00:00+00:00,0.0,0.0,0.474,0.479,25.1,93,965.3,13.0
TUR_SMS_04,2023-07-08 22:00:00+00:00,0.0,0.0,0.474,0.479,24.8,95,965.6,12.2
TUR_SMS_04,2023-07-08 23:00:00+00:00,0.0,0.0,0.474,0.479,24.6,96,965.2,12.2
TUR_SMS_04,2023-07-09 00:00:00+00:00,0.0,0.0,0.467,0.476,25.4,94,965.8,12.7
TUR_SMS_04,2023-07-09 01:00:00+00:00,0.0,0.0,0.467,0.476,26.3,89,966.0,13.5
TUR_SMS_04,2023-07-09 02:00:00+00:00,0.0,0.0,0.466,0.476,27.1,84,966.4,16.5
TUR_SMS_04,2023-07-09 03:00:00+00:00,0.0,0.0,0.466,0.475,27.6,82,966.6,16.1
TUR_SMS_04,2023-07-09 04:00:00+00:00,0.1,0.1,0.465,0.475,28.3,78,966.6,15.0
TUR_SMS_04,2023-07-09 05:00:00+00:00,0.3,0.3,0.466,0.474,29.2,75,966.4,15.6
TUR_SMS_04,2023-07-09 06:00:00+00:00,1.0,1.0,0.472,0.473,29.6,73,965.5,15.5
TUR_SMS_04,2023-07-09 07:00:00+00:00,1.3,1.3,0.481,0.473,29.6,75,964.2,15.9
TUR_SMS_04,2023-07-09 08:00:00+00:00,0.4,0.4,0.482,0.473,30.2,75,963.4,14.2
TUR_SMS_04,2023-07-09 09:00:00+00:00,0.5,0.5,0.484,0.472,28.7,80,962.8,14.6
TUR_SMS_04,2023-07-09 10:00:00+00:00,0.1,0.1,0.483,0.472,29.3,77,962.6,11.4
TUR_SMS_04,2023-07-09 11:00:00+00:00,0.0,0.0,0.481,0.472,29.2,77,962.3,10.8
TUR_SMS_04,2023-07-09 12:00:00+00:00,0.4,0.4,0.456,0.468,28.0,84,963.8,9.3
TUR_SMS_04,2023-07-09 13:00:00+00:00,0.0,0.0,0.456,0.468,27.2,85,963.9,10.0
TUR_SMS_04,2023-07-09 14:00:00+00:00,0.0,0.0,0.456,0.467,26.8,86,964.3,8.7
TUR_SMS_04,2023-07-09 15:00:00+00:00,0.0,0.0,0.456,0.467,26.8,85,965.4,9.1
TUR_SMS_04,2023-07-09 16:00:00+00:00,0.0,0.0,0.456,0.467,26.8,84,965.9,10.1
TUR_SMS_04,2023-07-09 17:00:00+00:00,0.0,0.0,0.456,0.467,26.4,86,966.0,11.5
TUR_SMS_04,2023-07-09 18:00:00+00:00,0.0,0.0,0.456,0.467,26.0,87,965.4,13.9
TUR_SMS_04,2023-07-09 19:00:00+00:00,0.0,0.0,0.456,0.467,25.9,87,964.9,12.8
TUR_SMS_04,2023-07-09 20:00:00+00:00,0.0,0.0,0.456,0.466,25.7,88,964.7,11.8
TUR_SMS_04,2023-07-09 21:00:00+00:00,0.0,0.0,0.456,0.466,25.5,90,964.3,12.9
TUR_SMS_04,2023-07-09 22:00:00+00:00,0.0,0.0,0.456,0.466,25.4,91,964.4,12.5
TUR_SMS_04,2023-07-09 23:00:00+00:00,0.0,0.0,0.456,0.466,25.0,93,964.2,12.3
TUR_SMS_04,2023-07-10 00:00:00+00:00,0.0,0.0,0.453,0.464,25.0,93,964.8,11.5
TUR_SMS_04,2023-07-10 01:00:00+00:00,0.0,0.0,0.453,0.464,26.3,89,965.5,11.5
TUR_SMS_04,2023-07-10 02:00:00+00:00,0.0,0.0,0.452,0.463,27.2,86,965.7,13.4
TUR_SMS_04,2023-07-10 03:00:00+00:00,0.0,0.0,0.451,0.463,28.3,80,966.2,12.8
TUR_SMS_04,2023-07-10 04:00:00+00:00,0.0,0.0,0.45,0.462,28.3,82,965.9,14.0
TUR_SMS_04,2023-07-10 05:00:00+00:00,0.2,0.2,0.449,0.461,29.3,77,965.6,13.8
TUR_SMS_04,2023-07-10 06:00:00+00:00,0.6,0.6,0.453,0.461,29.4,78,964.6,13.7
TUR_SMS_04,2023-07-10 07:00:00+00:00,0.9,0.9,0.459,0.46,29.2,77,964.0,15.6
TUR_SMS_04,2023-07-10 08:00:00+00:00,0.6,0.6,0.463,0.46,29.6,78,963.2,15.4
TUR_SMS_04,2023-07-10 09:00:00+00:00,0.1,0.1,0.462,0.46,29.7,77,962.6,14.0
TUR_SMS_04,2023-07-10 10:00:00+00:00,0.1,0.1,0.461,0.459,28.8,79,962.3,17.2
TUR_SMS_04,2023-07-10 11:00:00+00:00,0.8,0.8,0.466,0.459,27.3,84,962.2,11.0
TUR_SMS_04,2023-07-10 12:00:00+00:00,0.3,0.3,0.45,0.46,27.2,84,963.3,11.2
TUR_SMS_04,2023-07-10 13:00:00+00:00,0.0,0.0,0.45,0.459,26.8,86,963.4,12.9
TUR_SMS_04,2023-07-10 14:00:00+00:00,0.0,0.0,0.45,0.459,26.7,87,964.4,13.4
TUR_SMS_04,2023-07-10 15:00:00+00:00,0.0,0.0,0.45,0.459,26.6,88,965.2,15.1
TUR_SMS_04,2023-07-10 16:00:00+00:00,0.0,0.0,0.45,0.459,26.3,89,965.8,15.9
TUR_SMS_04,2023-07-10 17:00:00+00:00,0.0,0.0,0.45,0.459,25.9,91,965.7,17.6
TUR_SMS_04,2023-07-10 18:00:00+00:00,0.0,0.0,0.45,0.459,25.6,92,965.5,16.1
TUR_SMS_04,2023-07-10 19:00:00+00:00,0.0,0.0,0.451,0.459,25.2,94,965.1,16.8
TUR_SMS_04,2023-07-10 20:00:00+00:00,0.0,0.0,0.451,0.459,24.8,93,964.9,16.1
TUR_SMS_04,2023-07-10 21:00:00+00:00,0.1,0.1,0.452,0.459,25.1,89,964.4,16.1
TUR_SMS_04,2023-07-10 22:00:00+00:00,0.1,0.1,0.452,0.459,24.9,94,964.2,15.9
TUR_SMS_04,2023-07-10 23:00:00+00:00,0.1,0.1,0.453,0.459,24.6,96,964.4,16.6
TUR_SMS_04,2023-07-11 00:00:00+00:00,0.1,0.1,0.453,0.457,25.1,93,964.5,12.2
TUR_SMS_04,2023-07-11 01:00:00+00:00,0.2,0.2,0.455,0.457,25.4,91,964.9,13.5
TUR_SMS_04,2023-07-11 02:00:00+00:00,1.1,1.1,0.465,0.457,26.0,88,965.5,13.8
TUR_SMS_04,2023-07-11 03:00:00+00:00,2.3,2.3,0.491,0.457,26.4,86,965.8,16.1
TUR_SMS_04,2023-07-11 04:00:00+00:00,0.7,0.7,0.494,0.458,27.5,88,965.9,14.7
TUR_SMS_04,2023-07-11 05:00:00+00:00,0.1,0.1,0.491,0.459,28.5,80,965.4,15.6
TUR_SMS_04,2023-07-11 06:00:00+00:00,0.4,0.4,0.491,0.459,27.8,85,964.9,13.6
TUR_SMS_04,2023-07-11 07:00:00+00:00,0.1,0.1,0.488,0.459,28.7,83,963.7,16.6
TUR_SMS_04,2023-07-11 08:00:00+00:00,0.2,0.2,0.486,0.46,29.7,75,963.1,15.6
TUR_SMS_04,2023-07-11 09:00:00+00:00,0.5,0.5,0.488,0.46,29.2,77,962.5,12.6
TUR_SMS_04,2023-07-11 10:00:00+00:00,0.9,0.9,0.491,0.46,28.9,78,962.2,12.4
TUR_SMS_04,2023-07-11 11:00:00+00:00,0.6,0.6,0.493,0.461,28.4,85,961.4,12.9
TUR_SMS_04,2023-07-11 12:00:00+00:00,0.5,0.5,0.489,0.459,27.3,84,962.9,10.6
TUR_SMS_04,2023-07-11 13:00:00+00:00,0.2,0.2,0.488,0.46,26.2,89,963.7,12.3
TUR_SMS_04,2023-07-11 14:00:00+00:00,0.0,0.0,0.486,0.461,25.9,89,964.2,13.0
TUR_SMS_04,2023-07-11 15:00:00+00:00,0.0,0.0,0.485,0.461,25.9,89,965.1,13.2
TUR_SMS_04,2023-07-11 16:00:00+00:00,0.1,0.1,0.484,0.462,25.2,91,965.9,15.0
TUR_SMS_04,2023-07-11 17:00:00+00:00,0.1,0.1,0.483,0.462,25.1,92,965.8,14.5
TUR_SMS_04,2023-07-11 18:00:00+00:00,0.6,0.6,0.488,0.462,24.4,93,965.4,16.3
TUR_SMS_04,2023-07-11 19:00:00+00:00,0.7,0.7,0.493,0.463,24.4,94,965.1,13.5
TUR_SMS_04,2023-07-11 20:00:00+00:00,3.3,3.3,0.52,0.469,24.3,96,964.8,13.7
TUR_SMS_04,2023-07-11 21:00:00+00:00,5.5,5.5,0.518,0.493,24.3,97,964.6,15.8
TUR_SMS_04,2023-07-11 22:00:00+00:00,0.8,0.8,0.515,0.497,24.2,97,964.7,14.3
TUR_SMS_04,2023-07-11 23:00:00+00:00,0.5,0.5,0.513,0.499,24.0,98,964.2,15.8
TUR_SMS_04,2023-07-12 00:00:00+00:00,0.2,0.2,0.5,0.471,24.4,98,964.5,13.4
TUR_SMS_04,2023-07-12 01:00:00+00:00,0.2,0.2,0.498,0.472,24.9,96,965.4,14.5
TUR_SMS_04,2023-07-12 02:00:00+00:00,0.1,0.1,0.496,0.473,25.3,94,966.1,13.4
TUR_SMS_04,2023-07-12 03:00:00+00:00,0.0,0.0,0.493,0.473,26.5,89,966.6,16.1
TUR_SMS_04,2023-07-12 04:00:00+00:00,0.2,0.2,0.492,0.474,27.5,83,966.2,17.9
TUR_SMS_04,2023-07-12 05:00:00+00:00,0.4,0.4,0.492,0.474,28.2,79,965.8,16.3
TUR_SMS_04,2023-07-12 06:00:00+00:00,0.1,0.1,0.491,0.474,28.2,81,965.6,12.4
TUR_SMS_04,2023-07-12 07:00:00+00:00,0.0,0.0,0.488,0.474,29.0,79,964.5,14.2
TUR_SMS_04,2023-07-12 08:00:00+00:00,0.2,0.2,0.487,0.474,29.1,76,963.7,16.2
TUR_SMS_04,2023-07-12 09:00:00+00:00,0.2,0.2,0.486,0.473,28.4,81,962.9,13.0
TUR_SMS_04,2023-07-12 10:00:00+00:00,0.0,0.0,0.484,0.473,28.7,77,962.4,14.3
TUR_SMS_04,2023-07-12 11:00:00+00:00,0.1,0.1,0.483,0.473,27.9,81,962.4,14.6
TUR_SMS_04,2023-07-12 12:00:00+00:00,0.3,0.3,0.494,0.48,27.1,85,963.5,12.8
TUR_SMS_04,2023-07-12 13:00:00+00:00,0.0,0.0,0.492,0.48,26.2,87,964.4,12.2
TUR_SMS_04,2023-07-12 14:00:00+00:00,0.0,0.0,0.491,0.481,26.0,87,965.1,12.0
TUR_SMS_04,2023-07-12 15:00:00+00:00,0.0,0.0,0.489,0.481,25.9,87,965.8,12.7
TUR_SMS_04,2023-07-12 16:00:00+00:00,0.0,0.0,0.488,0.481,25.5,90,966.1,14.3
TUR_SMS_04,2023-07-12 17:00:00+00:00,0.1,0.1,0.488,0.481,25.2,91,966.4,14.5
TUR_SMS_04,2023-07-12 18:00:00+00:00,0.0,0.0,0.487,0.481,24.7,90,965.9,14.8
TUR_SMS_04,2023-07-12 19:00:00+00:00,0.1,0.1,0.486,0.481,24.7,89,965.6,12.7
TUR_SMS_04,2023-07-12 20:00:00+00:00,0.0,0.0,0.486,0.481,24.7,91,964.8,13.5
TUR_SMS_04,2023-07-12 21:00:00+00:00,0.1,0.1,0.486,0.481,24.4,94,964.7,11.5
TUR_SMS_04,2023-07-12 22:00:00+00:00,1.8,1.8,0.502,0.482,24.2,94,964.4,12.5
TUR_SMS_04,2023-07-12 23:00:00+00:00,0.4,0.4,0.504,0.483,24.0,94,964.6,11.7
TUR_SMS_04,2023-07-13 00:00:00+00:00,0.3,0.3,0.503,0.508,24.2,94,965.3,13.8
TUR_SMS_04,2023-07-13 01:00:00+00:00,5.1,5.1,0.501,0.517,24.4,95,965.9,10.7
TUR_SMS_04,2023-07-13 02:00:00+00:00,0.7,0.7,0.505,0.515,25.4,93,966.3,13.5
TUR_SMS_04,2023-07-13 03:00:00+00:00,0.5,0.5,0.507,0.514,25.5,94,966.5,13.8
TUR_SMS_04,2023-07-13 04:00:00+00:00,0.2,0.2,0.506,0.513,25.6,93,966.2,17.6
TUR_SMS_04,2023-07-13 05:00:00+00:00,0.2,0.2,0.505,0.512,25.9,87,966.4,14.3
TUR_SMS_04,2023-07-13 06:00:00+00:00,0.8,0.8,0.508,0.511,25.9,90,965.6,14.0
TUR_SMS_04,2023-07-13 07:00:00+00:00,1.1,1.1,0.515,0.511,25.8,93,964.7,13.8
TUR_SMS_04,2023-07-13 08:00:00+00:00,0.7,0.7,0.514,0.512,26.7,89,964.1,11.2
TUR_SMS_04,2023-07-13 09:00:00+00:00,0.2,0.2,0.511,0.511,26.8,89,963.3,12.4
TUR_SMS_04,2023-07-13 10:00:00+00:00,0.9,0.9,0.513,0.511,25.8,92,963.5,13.5
TUR_SMS_04,2023-07-13 11:00:00+00:00,0.2,0.2,0.511,0.511,25.1,95,963.3,11.8
TUR_SMS_04,2023-07-13 12:00:00+00:00,0.3,0.3,0.498,0.501,27.2,85,963.7,11.2
TUR_SMS_04,2023-07-13 13:00:00+00:00,0.0,0.0,0.497,0.501,26.3,89,964.3,11.8
TUR_SMS_04,2023-07-13 14:00:00+00:00,0.0,0.0,0.496,0.501,26.0,90,964.7,11.5
TUR_SMS_04,2023-07-13 15:00:00+00:00,0.0,0.0,0.495,0.501,26.0,88,965.6,13.3
TUR_SMS_04,2023-07-13 16:00:00+00:00,0.0,0.0,0.494,0.5,25.8,88,965.8,14.8
TUR_SMS_04,2023-07-13 17:00:00+00:00,0.0,0.0,0.493,0.5,25.4,90,965.8,16.5
TUR_SMS_04,2023-07-13 18:00:00+00:00,0.0,0.0,0.493,0.5,24.9,92,965.5,15.9
TUR_SMS_04,2023-07-13 19:00:00+00:00,0.1,0.1,0.492,0.5,24.6,91,964.9,15.6
TUR_SMS_04,2023-07-13 20:00:00+00:00,0.0,0.0,0.492,0.499,24.7,90,964.2,14.7
TUR_SMS_04,2023-07-13 21:00:00+00:00,0.0,0.0,0.491,0.499,24.7,90,963.8,14.6
TUR_SMS_04,2023-07-13 22:00:00+00:00,0.0,0.0,0.491,0.499,24.6,91,963.9,13.6
TUR_SMS_04,2023-07-13 23:00:00+00:00,0.0,0.0,0.49,0.498,24.6,92,964.4,14.3
TUR_SMS_04,2023-07-14 00:00:00+00:00,0.1,0.1,0.488,0.497,24.9,92,964.8,14.8
TUR_SMS_04,2023-07-14 01:00:00+00:00,0.0,0.0,0.488,0.497,25.6,89,965.0,13.0
TUR_SMS_04,2023-07-14 02:00:00+00:00,0.1,0.1,0.488,0.497,26.3,86,965.9,15.1
TUR_SMS_04,2023-07-14 03:00:00+00:00,0.1,0.1,0.488,0.496,25.8,90,966.4,19.1
TUR_SMS_04,2023-07-14 04:00:00+00:00,0.1,0.1,0.488,0.496,26.7,87,966.3,17.6
TUR_SMS_04,2023-07-14 05:00:00+00:00,0.2,0.2,0.488,0.495,27.1,83,966.3,15.5
TUR_SMS_04,2023-07-14 06:00:00+00:00,0.6,0.6,0.491,0.495,27.6,85,965.6,15.3
TUR_SMS_04,2023-07-14 07:00:00+00:00,0.1,0.1,0.491,0.494,28.8,78,964.9,12.9
TUR_SMS_04,2023-07-14 08:00:00+00:00,0.2,0.2,0.49,0.494,29.0,76,963.4,11.4
TUR_SMS_04,2023-07-14 09:00:00+00:00,0.0,0.0,0.488,0.493,29.8,71,963.0,8.9
TUR_SMS_04,2023-07-14 10:00:00+00:00,0.6,0.6,0.491,0.493,29.5,69,962.5,7.9
TUR_SMS_04,2023-07-14 11:00:00+00:00,1.0,1.0,0.498,0.493,28.0,80,962.4,9.5
TUR_SMS_04,2023-07-14 12:00:00+00:00,1.7,1.7,0.485,0.49,28.1,81,963.2,7.4
TUR_SMS_04,2023-07-14 13:00:00+00:00,0.0,0.0,0.484,0.489,26.8,88,963.7,8.0
TUR_SMS_04,2023-07-14 14:00:00+00:00,0.0,0.0,0.484,0.489,26.3,89,964.7,8.9
TUR_SMS_04,2023-07-14 15:00:00+00:00,0.0,0.0,0.483,0.489,26.3,86,965.6,6.9
TUR_SMS_04,2023-07-14 16:00:00+00:00,0.0,0.0,0.483,0.489,26.1,87,966.1,7.8
TUR_SMS_04,2023-07-14 17:00:00+00:00,0.0,0.0,0.483,0.489,25.9,88,966.0,10.2
TUR_SMS_04,2023-07-14 18:00:00+00:00,0.0,0.0,0.482,0.489,25.8,89,965.5,12.1
TUR_SMS_04,2023-07-14 19:00:00+00:00,0.0,0.0,0.482,0.489,25.6,90,964.9,11.4
TUR_SMS_04,2023-07-14 20:00:00+00:00,0.0,0.0,0.482,0.489,25.4,90,964.4,12.4
TUR_SMS_04,2023-07-14 21:00:00+00:00,0.0,0.0,0.481,0.488,25.1,91,964.3,12.6
TUR_SMS_04,2023-07-14 22:00:00+00:00,0.0,0.0,0.481,0.488,24.9,92,963.8,13.8
TUR_SMS_04,2023-07-14 23:00:00+00:00,0.0,0.0,0.481,0.488,24.8,92,964.0,14.1
TUR_SMS_04,2023-07-15 00:00:00+00:00,0.0,0.0,0.477,0.486,25.5,90,963.9,9.0
TUR_SMS_04,2023-07-15 01:00:00+00:00,0.0,0.0,0.476,0.486,26.1,87,964.5,14.1
TUR_SMS_04,2023-07-15 02:00:00+00:00,0.0,0.0,0.476,0.486,26.6,85,965.1,17.3
TUR_SMS_04,2023-07-15 03:00:00+00:00,0.1,0.1,0.476,0.485,26.9,83,965.6,20.1
TUR_SMS_04,2023-07-15 04:00:00+00:00,0.1,0.1,0.475,0.484,28.2,77,965.6,18.8
TUR_SMS_04,2023-07-15 05:00:00+00:00,0.2,0.2,0.475,0.484,28.8,75,965.2,17.9
TUR_SMS_04,2023-07-15 06:00:00+00:00,0.4,0.4,0.476,0.483,29.1,76,964.6,17.1
TUR_SMS_04,2023-07-15 07:00:00+00:00,0.1,0.1,0.475,0.482,29.8,71,963.6,18.0
TUR_SMS_04,2023-07-15 08:00:00+00:00,0.1,0.1,0.474,0.482,30.2,69,962.4,16.7
TUR_SMS_04,2023-07-15 09:00:00+00:00,0.1,0.1,0.472,0.481,30.1,71,961.3,16.0
TUR_SMS_04,2023-07-15 10:00:00+00:00,0.0,0.0,0.471,0.48,30.3,69,961.1,16.2
TUR_SMS_04,2023-07-15 11:00:00+00:00,0.0,0.0,0.47,0.48,29.2,74,961.3,14.8
TUR_SMS_04,2023-07-15 12:00:00+00:00,0.0,0.0,0.467,0.48,28.4,76,962.4,10.0
TUR_SMS_04,2023-07-15 13:00:00+00:00,0.0,0.0,0.467,0.48,27.4,81,963.1,9.4
TUR_SMS_04,2023-07-15 14:00:00+00:00,0.0,0.0,0.467,0.479,27.0,82,964.2,9.2
TUR_SMS_04,2023-07-15 15:00:00+00:00,0.0,0.0,0.467,0.479,26.6,83,964.9,9.8
TUR_SMS_04,2023-07-15 16:00:00+00:00,0.0,0.0,0.467,0.479,26.4,84,965.1,11.1
TUR_SMS_04,2023-07-15 17:00:00+00:00,0.0,0.0,0.467,0.479,26.3,83,965.4,12.9
TUR_SMS_04,2023-07-15 18:00:00+00:00,0.0,0.0,0.467,0.479,25.7,86,965.0,14.3
TUR_SMS_04,2023-07-15 19:00:00+00:00,0.0,0.0,0.467,0.478,25.3,88,964.2,13.8
TUR_SMS_04,2023-07-15 20:00:00+00:00,0.0,0.0,0.467,0.478,24.9,88,963.8,14.8
TUR_SMS_04,2023-07-15 21:00:00+00:00,0.0,0.0,0.467,0.478,24.6,89,963.4,14.4
TUR_SMS_04,2023-07-15 22:00:00+00:00,0.0,0.0,0.467,0.478,24.5,90,963.1,13.9
TUR_SMS_04,2023-07-15 23:00:00+00:00,0.0,0.0,0.467,0.478,24.6,89,963.3,13.4
TUR_SMS_04,2023-07-16 00:00:00+00:00,0.0,0.0,0.467,0.478,25.0,91,963.7,13.1
TUR_SMS_04,2023-07-16 01:00:00+00:00,0.0,0.0,0.466,0.478,25.8,86,963.9,14.8
TUR_SMS_04,2023-07-16 02:00:00+00:00,0.0,0.0,0.466,0.478,26.5,82,964.4,18.1
TUR_SMS_04,2023-07-16 03:00:00+00:00,0.0,0.0,0.465,0.477,27.3,79,964.8,19.9
TUR_SMS_04,2023-07-16 04:00:00+00:00,0.0,0.0,0.464,0.476,28.3,74,965.2,21.4
TUR_SMS_04,2023-07-16 05:00:00+00:00,0.0,0.0,0.463,0.476,28.7,73,964.8,20.5
TUR_SMS_04,2023-07-16 06:00:00+00:00,0.1,0.1,0.461,0.475,29.6,69,963.9,18.6
TUR_SMS_04,2023-07-16 07:00:00+00:00,0.1,0.1,0.46,0.474,30.3,67,962.8,17.8
TUR_SMS_04,2023-07-16 08:00:00+00:00,0.0,0.0,0.458,0.473,30.3,67,962.3,17.9
TUR_SMS_04,2023-07-16 09:00:00+00:00,0.1,0.1,0.457,0.472,29.9,69,961.7,17.4
TUR_SMS_04,2023-07-16 10:00:00+00:00,0.0,0.0,0.456,0.472,29.2,73,961.1,14.3
TUR_SMS_04,2023-07-16 11:00:00+00:00,0.0,0.0,0.455,0.471,28.6,75,961.3,11.7
TUR_SMS_04,2023-07-16 12:00:00+00:00,0.0,0.0,0.462,0.474,27.8,79,962.3,12.0
TUR_SMS_04,2023-07-16 13:00:00+00:00,0.0,0.0,0.462,0.474,26.9,82,962.8,9.3
TUR_SMS_04,2023-07-16 14:00:00+00:00,0.0,0.0,0.463,0.474,26.6,83,963.5,7.5
TUR_SMS_04,2023-07-16 15:00:00+00:00,0.0,0.0,0.463,0.474,26.5,83,964.1,6.2
TUR_SMS_04,2023-07-16 16:00:00+00:00,0.0,0.0,0.463,0.473,26.5,84,964.7,5.9
TUR_SMS_04,2023-07-16 17:00:00+00:00,0.1,0.1,0.463,0.473,26.1,85,965.1,10.0
TUR_SMS_04,2023-07-16 18:00:00+00:00,0.2,0.2,0.465,0.473,25.6,84,964.3,9.7
TUR_SMS_04,2023-07-16 19:00:00+00:00,0.3,0.3,0.467,0.473,25.7,84,963.7,11.1
TUR_SMS_04,2023-07-16 20:00:00+00:00,0.7,0.7,0.473,0.473,25.5,87,963.1,10.1
TUR_SMS_04,2023-07-16 21:00:00+00:00,3.1,3.1,0.511,0.474,25.1,89,962.8,7.3
TUR_SMS_04,2023-07-16 22:00:00+00:00,2.8,2.8,0.52,0.484,24.9,89,962.2,7.9
TUR_SMS_04,2023-07-16 23:00:00+00:00,3.8,3.8,0.505,0.505,24.7,91,962.4,6.8
TUR_SMS_04,2023-07-17 00:00:00+00:00,3.5,3.5,0.513,0.483,25.1,89,963.2,5.2
TUR_SMS_04,2023-07-17 01:00:00+00:00,0.6,0.6,0.511,0.486,25.7,90,963.8,4.7
TUR_SMS_04,2023-07-17 02:00:00+00:00,0.2,0.2,0.507,0.488,26.2,86,964.2,7.4
TUR_SMS_04,2023-07-17 03:00:00+00:00,0.1,0.1,0.504,0.489,26.4,85,964.4,7.8
TUR_SMS_04,2023-07-17 04:00:00+00:00,0.1,0.1,0.501,0.49,27.2,81,964.5,7.1
TUR_SMS_04,2023-07-17 05:00:00+00:00,0.1,0.1,0.499,0.49,27.7,78,964.2,6.4
TUR_SMS_04,2023-07-17 06:00:00+00:00,0.0,0.0,0.496,0.49,28.9,72,963.9,6.1
TUR_SMS_04,2023-07-17 07:00:00+00:00,0.1,0.1,0.494,0.489,30.5,65,963.2,8.5
TUR_SMS_04,2023-07-17 08:00:00+00:00,0.2,0.2,0.492,0.489,30.5,64,962.2,9.7
TUR_SMS_04,2023-07-17 09:00:00+00:00,0.0,0.0,0.49,0.488,30.7,63,961.3,9.3
TUR_SMS_04,2023-07-17 10:00:00+00:00,0.0,0.0,0.488,0.488,30.8,63,960.7,6.6
TUR_SMS_04,2023-07-17 11:00:00+00:00,0.1,0.1,0.487,0.487,29.9,67,960.5,5.6
TUR_SMS_04,2023-07-17 12:00:00+00:00,0.0,0.0,0.485,0.487,28.8,74,961.4,3.6
TUR_SMS_04,2023-07-17 13:00:00+00:00,0.0,0.0,0.485,0.487,27.6,80,961.7,2.6
TUR_SMS_04,2023-07-17 14:00:00+00:00,0.0,0.0,0.484,0.487,27.1,81,962.4,1.4
TUR_SMS_04,2023-07-17 15:00:00+00:00,0.0,0.0,0.484,0.487,25.8,90,963.0,1.8
TUR_SMS_04,2023-07-17 16:00:00+00:00,0.0,0.0,0.484,0.487,25.8,88,963.7,2.2
TUR_SMS_04,2023-07-17 17:00:00+00:00,0.2,0.2,0.485,0.487,25.0,90,963.8,2.7
TUR_SMS_04,2023-07-17 18:00:00+00:00,0.4,0.4,0.487,0.487,25.0,89,963.7,3.6
TUR_SMS_04,2023-07-17 19:00:00+00:00,0.1,0.1,0.487,0.487,25.0,88,963.1,3.8
TUR_SMS_04,2023-07-17 20:00:00+00:00,0.4,0.4,0.489,0.487,25.1,87,962.8,3.6
TUR_SMS_04,2023-07-17 21:00:00+00:00,0.0,0.0,0.488,0.487,24.8,86,962.2,3.0
TUR_SMS_04,2023-07-17 22:00:00+00:00,0.0,0.0,0.488,0.487,24.6,86,962.3,3.6
TUR_SMS_04,2023-07-17 23:00:00+00:00,0.0,0.0,0.487,0.487,24.4,88,962.1,3.7
TUR_SMS_04,2023-07-18 00:00:00+00:00,0.0,0.0,0.478,0.485,25.2,83,963.0,4.0
TUR_SMS_04,2023-07-18 01:00:00+00:00,0.0,0.0,0.477,0.485,27.6,77,963.8,4.0
TUR_SMS_04,2023-07-18 02:00:00+00:00,0.0,0.0,0.476,0.485,29.0,71,964.2,4.0
TUR_SMS_04,2023-07-18 03:00:00+00:00,0.0,0.0,0.474,0.484,30.2,68,964.1,2.5
TUR_SMS_04,2023-07-18 04:00:00+00:00,0.0,0.0,0.473,0.483,31.2,67,964.2,4.7
TUR_SMS_04,2023-07-18 05:00:00+00:00,0.4,0.4,0.474,0.482,31.5,66,964.0,5.5
TUR_SMS_04,2023-07-18 06:00:00+00:00,0.1,0.1,0.472,0.481,32.0,65,963.4,7.5
TUR_SMS_04,2023-07-18 07:00:00+00:00,3.6,3.6,0.512,0.481,31.1,70,962.2,8.4
TUR_SMS_04,2023-07-18 08:00:00+00:00,1.9,1.9,0.505,0.489,29.4,77,961.3,1.6
TUR_SMS_04,2023-07-18 09:00:00+00:00,0.0,0.0,0.501,0.489,30.6,72,960.1,2.0
TUR_SMS_04,2023-07-18 10:00:00+00:00,0.0,0.0,0.498,0.489,31.3,68,959.5,4.0
TUR_SMS_04,2023-07-18 11:00:00+00:00,0.1,0.1,0.496,0.489,30.4,71,959.5,3.1
TUR_SMS_04,2023-07-18 12:00:00+00:00,0.1,0.1,0.487,0.484,30.2,73,960.3,2.0
TUR_SMS_04,2023-07-18 13:00:00+00:00,0.0,0.0,0.486,0.484,29.9,72,960.7,3.0
TUR_SMS_04,2023-07-18 14:00:00+00:00,0.0,0.0,0.485,0.484,27.8,84,961.2,2.7
TUR_SMS_04,2023-07-18 15:00:00+00:00,0.0,0.0,0.485,0.484,27.5,84,961.7,4.2
TUR_SMS_04,2023-07-18 16:00:00+00:00,0.0,0.0,0.484,0.484,26.9,87,962.3,3.9
TUR_SMS_04,2023-07-18 17:00:00+00:00,0.0,0.0,0.483,0.484,26.8,86,962.6,4.7
TUR_SMS_04,2023-07-18 18:00:00+00:00,0.0,0.0,0.483,0.484,26.8,85,962.5,6.4
TUR_SMS_04,2023-07-18 19:00:00+00:00,0.0,0.0,0.482,0.484,26.4,85,962.0,7.8
TUR_SMS_04,2023-07-18 20:00:00+00:00,0.0,0.0,0.482,0.484,26.3,85,961.9,8.2
TUR_SMS_04,2023-07-18 21:00:00+00:00,0.0,0.0,0.482,0.484,26.2,87,962.0,10.7
TUR_SMS_04,2023-07-18 22:00:00+00:00,0.0,0.0,0.481,0.483,25.7,90,961.5,10.2
TUR_SMS_04,2023-07-18 23:00:00+00:00,0.0,0.0,0.481,0.483,25.3,92,961.9,12.0
TUR_SMS_04,2023-07-19 00:00:00+00:00,0.0,0.0,0.479,0.483,26.3,90,962.0,8.2
TUR_SMS_04,2023-07-19 01:00:00+00:00,0.0,0.0,0.478,0.483,27.5,85,962.7,9.2
TUR_SMS_04,2023-07-19 02:00:00+00:00,0.0,0.0,0.477,0.483,28.7,81,963.4,11.3
TUR_SMS_04,2023-07-19 03:00:00+00:00,0.0,0.0,0.476,0.482,29.7,76,963.5,12.6
TUR_SMS_04,2023-07-19 04:00:00+00:00,0.0,0.0,0.474,0.481,30.6,74,963.3,12.1
TUR_SMS_04,2023-07-19 05:00:00+00:00,0.1,0.1,0.472,0.481,31.2,72,962.6,8.9
TUR_SMS_04,2023-07-19 06:00:00+00:00,0.2,0.2,0.472,0.48,31.9,70,962.2,7.2
TUR_SMS_04,2023-07-19 07:00:00+00:00,0.1,0.1,0.47,0.479,32.1,69,961.1,7.2
TUR_SMS_04,2023-07-19 08:00:00+00:00,0.1,0.1,0.469,0.478,32.3,66,960.1,8.0
TUR_SMS_04,2023-07-19 09:00:00+00:00,0.0,0.0,0.467,0.477,32.3,65,959.2,6.8
TUR_SMS_04,2023-07-19 10:00:00+00:00,0.0,0.0,0.466,0.477,31.9,67,958.6,8.3
TUR_SMS_04,2023-07-19 11:00:00+00:00,0.0,0.0,0.465,0.476,31.4,70,958.7,9.0
TUR_SMS_04,2023-07-19 12:00:00+00:00,0.0,0.0,0.486,0.482,30.4,75,959.6,8.7
TUR_SMS_04,2023-07-19 13:00:00+00:00,0.0,0.0,0.485,0.482,28.8,81,960.1,6.7
TUR_SMS_04,2023-07-19 14:00:00+00:00,0.0,0.0,0.485,0.482,28.3,81,960.5,8.0
TUR_SMS_04,2023-07-19 15:00:00+00:00,0.0,0.0,0.484,0.482,28.2,80,961.7,8.0
TUR_SMS_04,2023-07-19 16:00:00+00:00,0.0,0.0,0.483,0.482,28.1,81,962.6,8.2
TUR_SMS_04,2023-07-19 17:00:00+00:00,0.0,0.0,0.483,0.482,27.8,82,962.7,8.8
TUR_SMS_04,2023-07-19 18:00:00+00:00,0.0,0.0,0.482,0.482,27.2,83,962.6,9.4
TUR_SMS_04,2023-07-19 19:00:00+00:00,0.0,0.0,0.482,0.482,26.6,85,962.0,9.3
TUR_SMS_04,2023-07-19 20:00:00+00:00,0.0,0.0,0.481,0.482,26.2,86,961.5,8.9
TUR_SMS_04,2023-07-19 21:00:00+00:00,0.0,0.0,0.481,0.482,26.0,86,961.4,8.7
TUR_SMS_04,2023-07-19 22:00:00+00:00,0.0,0.0,0.48,0.482,25.8,85,961.2,10.4
TUR_SMS_04,2023-07-19 23:00:00+00:00,0.0,0.0,0.48,0.482,25.5,85,961.3,11.3
TUR_SMS_04,2023-07-20 00:00:00+00:00,0.0,0.0,0.48,0.483,26.3,84,961.6,12.5
TUR_SMS_04,2023-07-20 01:00:00+00:00,0.0,0.0,0.479,0.482,27.4,81,962.2,14.3
TUR_SMS_04,2023-07-20 02:00:00+00:00,0.0,0.0,0.478,0.482,28.4,77,962.7,16.3
TUR_SMS_04,2023-07-20 03:00:00+00:00,0.0,0.0,0.476,0.481,29.6,72,963.1,17.6
TUR_SMS_04,2023-07-20 04:00:00+00:00,0.0,0.0,0.474,0.481,30.6,69,963.2,16.8
TUR_SMS_04,2023-07-20 05:00:00+00:00,0.0,0.0,0.472,0.48,31.2,66,963.0,15.5
TUR_SMS_04,2023-07-20 06:00:00+00:00,0.0,0.0,0.47,0.479,31.7,67,962.3,13.7
TUR_SMS_04,2023-07-20 07:00:00+00:00,0.0,0.0,0.467,0.478,32.2,66,961.4,10.8
TUR_SMS_04,2023-07-20 08:00:00+00:00,0.0,0.0,0.465,0.477,32.5,65,960.4,7.3
TUR_SMS_04,2023-07-20 09:00:00+00:00,0.1,0.1,0.464,0.476,32.6,63,959.8,3.8
TUR_SMS_04,2023-07-20 10:00:00+00:00,0.0,0.0,0.463,0.476,32.1,64,959.1,2.2
TUR_SMS_04,2023-07-20 11:00:00+00:00,0.0,0.0,0.462,0.475,31.7,65,959.3,4.6
TUR_SMS_04,2023-07-20 12:00:00+00:00,0.0,0.0,0.458,0.471,29.7,77,960.4,4.1
TUR_SMS_04,2023-07-20 13:00:00+00:00,0.0,0.0,0.458,0.47,28.4,81,960.9,4.7
TUR_SMS_04,2023-07-20 14:00:00+00:00,0.0,0.0,0.458,0.47,28.0,80,961.6,5.7
TUR_SMS_04,2023-07-20 15:00:00+00:00,0.0,0.0,0.458,0.47,27.6,82,962.9,5.1
TUR_SMS_04,2023-07-20 16:00:00+00:00,0.0,0.0,0.458,0.47,27.4,82,963.5,6.2
TUR_SMS_04,2023-07-20 17:00:00+00:00,0.0,0.0,0.458,0.47,27.3,81,963.7,7.8
TUR_SMS_04,2023-07-20 18:00:00+00:00,0.0,0.0,0.458,0.47,27.4,81,963.6,7.6
TUR_SMS_04,2023-07-20 19:00:00+00:00,0.0,0.0,0.458,0.47,27.1,81,963.4,9.7
TUR_SMS_04,2023-07-20 20:00:00+00:00,0.0,0.0,0.458,0.47,26.6,85,963.1,14.0
TUR_SMS_04,2023-07-20 21:00:00+00:00,0.0,0.0,0.458,0.469,26.1,88,963.2,10.1
TUR_SMS_04,2023-07-20 22:00:00+00:00,0.0,0.0,0.459,0.469,25.9,89,962.8,10.0
TUR_SMS_04,2023-07-20 23:00:00+00:00,0.0,0.0,0.459,0.469,25.7,90,963.3,7.6
TUR_SMS_04,2023-07-21 00:00:00+00:00,0.0,0.0,0.457,0.468,26.2,88,964.1,10.0
TUR_SMS_04,2023-07-21 01:00:00+00:00,0.0,0.0,0.457,0.468,27.4,82,964.9,8.9
TUR_SMS_04,2023-07-21 02:00:00+00:00,0.0,0.0,0.457,0.467,28.4,78,965.7,6.5
TUR_SMS_04,2023-07-21 03:00:00+00:00,0.1,0.1,0.456,0.467,29.3,76,966.4,9.0
TUR_SMS_04,2023-07-21 04:00:00+00:00,0.1,0.1,0.456,0.466,30.3,73,966.3,8.1
TUR_SMS_04,2023-07-21 05:00:00+00:00,0.2,0.2,0.456,0.466,31.0,70,965.9,6.1
TUR_SMS_04,2023-07-21 06:00:00+00:00,0.1,0.1,0.455,0.465,30.3,71,965.2,4.4
TUR_SMS_04,2023-07-21 07:00:00+00:00,0.1,0.1,0.454,0.465,30.0,74,964.4,1.8
TUR_SMS_04,2023-07-21 08:00:00+00:00,0.4,0.4,0.457,0.464,29.1,78,964.0,3.1
TUR_SMS_04,2023-07-21 09:00:00+00:00,0.3,0.3,0.458,0.464,29.0,77,963.3,1.8
TUR_SMS_04,2023-07-21 10:00:00+00:00,0.0,0.0,0.457,0.464,29.8,73,962.9,0.7
TUR_SMS_04,2023-07-21 11:00:00+00:00,0.0,0.0,0.456,0.463,30.1,71,963.1,3.6
TUR_SMS_04,2023-07-21 12:00:00+00:00,0.1,0.1,0.487,0.487,29.1,77,964.9,1.1
TUR_SMS_04,2023-07-21 13:00:00+00:00,0.0,0.0,0.486,0.487,28.7,79,965.3,1.3
TUR_SMS_04,2023-07-21 14:00:00+00:00,0.0,0.0,0.486,0.487,27.2,88,966.3,3.2
TUR_SMS_04,2023-07-21 15:00:00+00:00,0.0,0.0,0.485,0.487,26.4,92,967.3,3.4
TUR_SMS_04,2023-07-21 16:00:00+00:00,0.0,0.0,0.485,0.487,26.4,92,967.6,6.5
TUR_SMS_04,2023-07-21 17:00:00+00:00,0.0,0.0,0.484,0.487,26.3,92,968.5,8.8
TUR_SMS_04,2023-07-21 18:00:00+00:00,0.1,0.1,0.484,0.486,26.2,91,968.3,5.0
TUR_SMS_04,2023-07-21 19:00:00+00:00,0.0,0.0,0.484,0.486,25.9,92,967.9,4.3
TUR_SMS_04,2023-07-21 20:00:00+00:00,0.3,0.3,0.486,0.486,25.8,91,967.1,6.2
TUR_SMS_04,2023-07-21 21:00:00+00:00,0.6,0.6,0.49,0.486,25.5,94,966.8,3.4
TUR_SMS_04,2023-07-21 22:00:00+00:00,0.4,0.4,0.495,0.486,25.5,94,966.7,4.0
TUR_SMS_04,2023-07-21 23:00:00+00:00,0.1,0.1,0.494,0.487,25.4,93,966.8,3.8
TUR_SMS_04,2023-07-22 00:00:00+00:00,0.0,0.0,0.487,0.485,25.9,92,967.8,7.4
TUR_SMS_04,2023-07-22 01:00:00+00:00,0.0,0.0,0.487,0.485,27.2,87,968.2,9.7
TUR_SMS_04,2023-07-22 02:00:00+00:00,0.0,0.0,0.486,0.485,28.3,81,969.1,10.2
TUR_SMS_04,2023-07-22 03:00:00+00:00,0.0,0.0,0.484,0.484,29.1,76,969.1,13.0
TUR_SMS_04,2023-07-22 04:00:00+00:00,0.0,0.0,0.482,0.484,30.1,71,969.2,13.3
TUR_SMS_04,2023-07-22 05:00:00+00:00,0.0,0.0,0.479,0.483,31.1,66,968.7,12.9
TUR_SMS_04,2023-07-22 06:00:00+00:00,0.0,0.0,0.477,0.482,31.1,66,968.3,14.2
TUR_SMS_04,2023-07-22 07:00:00+00:00,0.0,0.0,0.474,0.481,31.9,62,967.6,12.2
TUR_SMS_04,2023-07-22 08:00:00+00:00,0.0,0.0,0.472,0.48,32.0,61,966.6,11.4
TUR_SMS_04,2023-07-22 09:00:00+00:00,0.0,0.0,0.47,0.48,31.7,62,965.9,9.4
TUR_SMS_04,2023-07-22 10:00:00+00:00,0.0,0.0,0.469,0.479,31.5,63,965.7,9.8
TUR_SMS_04,2023-07-22 11:00:00+00:00,0.0,0.0,0.468,0.478,30.9,67,965.7,8.3
TUR_SMS_04,2023-07-22 12:00:00+00:00,0.0,0.0,0.465,0.477,30.0,72,966.5,6.5
TUR_SMS_04,2023-07-22 13:00:00+00:00,0.0,0.0,0.465,0.477,28.7,76,966.9,6.0
TUR_SMS_04,2023-07-22 14:00:00+00:00,0.0,0.0,0.464,0.476,28.2,76,967.6,5.1
TUR_SMS_04,2023-07-22 15:00:00+00:00,0.0,0.0,0.464,0.476,27.6,79,968.3,3.8
TUR_SMS_04,2023-07-22 16:00:00+00:00,0.0,0.0,0.464,0.476,27.3,80,969.0,3.8
TUR_SMS_04,2023-07-22 17:00:00+00:00,0.0,0.0,0.464,0.476,27.3,80,969.1,3.2
TUR_SMS_04,2023-07-22 18:00:00+00:00,0.0,0.0,0.464,0.476,27.5,79,968.9,5.2
TUR_SMS_04,2023-07-22 19:00:00+00:00,0.0,0.0,0.464,0.476,27.5,79,968.4,5.9
TUR_SMS_04,2023-07-22 20:00:00+00:00,0.0,0.0,0.464,0.476,27.0,81,968.1,6.9
TUR_SMS_04,2023-07-22 21:00:00+00:00,0.0,0.0,0.464,0.475,26.6,84,967.4,8.2
TUR_SMS_04,2023-07-22 22:00:00+00:00,0.0,0.0,0.464,0.475,26.3,86,967.5,9.6
TUR_SMS_04,2023-07-22 23:00:00+00:00,0.0,0.0,0.464,0.475,26.0,88,967.7,9.4
TUR_SMS_04,2023-07-23 00:00:00+00:00,0.0,0.0,0.463,0.475,26.8,89,968.5,8.9
TUR_SMS_04,2023-07-23 01:00:00+00:00,0.0,0.0,0.463,0.474,27.2,89,968.0,12.7
TUR_SMS_04,2023-07-23 02:00:00+00:00,0.0,0.0,0.462,0.474,28.1,80,968.8,12.3
TUR_SMS_04,2023-07-23 03:00:00+00:00,0.0,0.0,0.461,0.474,28.8,75,969.4,11.5
TUR_SMS_04,2023-07-23 04:00:00+00:00,0.0,0.0,0.46,0.473,29.5,73,969.2,11.1
TUR_SMS_04,2023-07-23 05:00:00+00:00,0.0,0.0,0.459,0.472,30.1,73,968.9,12.8
TUR_SMS_04,2023-07-23 06:00:00+00:00,0.4,0.4,0.46,0.472,30.2,73,967.9,12.6
TUR_SMS_04,2023-07-23 07:00:00+00:00,0.0,0.0,0.459,0.471,31.0,70,966.9,10.4
TUR_SMS_04,2023-07-23 08:00:00+00:00,0.0,0.0,0.457,0.47,30.9,70,965.8,9.9
TUR_SMS_04,2023-07-23 09:00:00+00:00,0.0,0.0,0.455,0.469,31.1,68,964.9,10.2
TUR_SMS_04,2023-07-23 10:00:00+00:00,0.1,0.1,0.454,0.469,30.9,68,964.3,10.1
TUR_SMS_04,2023-07-23 11:00:00+00:00,0.1,0.1,0.454,0.468,29.6,76,964.0,9.1
TUR_SMS_04,2023-07-23 12:00:00+00:00,0.0,0.0,0.447,0.466,29.1,78,964.6,6.6
TUR_SMS_04,2023-07-23 13:00:00+00:00,0.0,0.0,0.448,0.466,27.8,85,965.0,3.8
TUR_SMS_04,2023-07-23 14:00:00+00:00,0.0,0.0,0.448,0.466,27.4,86,966.0,4.5
TUR_SMS_04,2023-07-23 15:00:00+00:00,0.0,0.0,0.448,0.466,27.3,86,966.6,4.9
TUR_SMS_04,2023-07-23 16:00:00+00:00,0.0,0.0,0.448,0.466,27.2,85,966.9,4.1
TUR_SMS_04,2023-07-23 17:00:00+00:00,0.0,0.0,0.449,0.466,27.1,85,966.9,3.8
TUR_SMS_04,2023-07-23 18:00:00+00:00,0.0,0.0,0.449,0.465,27.1,84,966.7,5.6
TUR_SMS_04,2023-07-23 19:00:00+00:00,0.0,0.0,0.449,0.465,26.8,85,965.7,6.8
TUR_SMS_04,2023-07-23 20:00:00+00:00,0.0,0.0,0.449,0.465,26.7,85,965.2,7.1
TUR_SMS_04,2023-07-23 21:00:00+00:00,0.0,0.0,0.449,0.465,26.4,86,964.9,5.0
TUR_SMS_04,2023-07-23 22:00:00+00:00,0.0,0.0,0.45,0.465,25.7,88,964.5,10.7
TUR_SMS_04,2023-07-23 23:00:00+00:00,4.7,4.7,0.508,0.465,24.5,92,965.2,9.2
TUR_SMS_04,2023-07-24 00:00:00+00:00,0.1,0.1,0.463,0.463,25.9,84,965.9,12.5
TUR_SMS_04,2023-07-24 01:00:00+00:00,0.1,0.1,0.463,0.463,26.1,86,965.9,10.9
TUR_SMS_04,2023-07-24 02:00:00+00:00,0.0,0.0,0.463,0.463,26.6,85,966.7,12.2
TUR_SMS_04,2023-07-24 03:00:00+00:00,0.0,0.0,0.462,0.463,28.1,80,966.8,10.5
TUR_SMS_04,2023-07-24 04:00:00+00:00,0.0,0.0,0.46,0.462,29.1,76,966.8,9.0
TUR_SMS_04,2023-07-24 05:00:00+00:00,0.0,0.0,0.459,0.462,29.9,72,966.3,10.1
TUR_SMS_04,2023-07-24 06:00:00+00:00,0.1,0.1,0.457,0.461,30.6,68,965.6,10.5
TUR_SMS_04,2023-07-24 07:00:00+00:00,0.1,0.1,0.455,0.46,30.9,67,964.8,11.2
TUR_SMS_04,2023-07-24 08:00:00+00:00,0.2,0.2,0.455,0.459,30.9,67,964.0,11.5
TUR_SMS_04,2023-07-24 09:00:00+00:00,0.1,0.1,0.454,0.459,30.8,68,963.0,10.8
TUR_SMS_04,2023-07-24 10:00:00+00:00,0.0,0.0,0.452,0.458,30.4,72,962.5,9.7
TUR_SMS_04,2023-07-24 11:00:00+00:00,0.0,0.0,0.451,0.458,30.0,73,962.1,8.7
TUR_SMS_04,2023-07-24 12:00:00+00:00,0.0,0.0,0.463,0.46,28.9,80,963.3,6.8
TUR_SMS_04,2023-07-24 13:00:00+00:00,0.0,0.0,0.462,0.46,27.9,84,963.6,8.5
TUR_SMS_04,2023-07-24 14:00:00+00:00,0.0,0.0,0.462,0.46,27.6,83,964.1,7.4
TUR_SMS_04,2023-07-24 15:00:00+00:00,0.0,0.0,0.462,0.46,27.4,82,964.9,7.5
TUR_SMS_04,2023-07-24 16:00:00+00:00,0.0,0.0,0.461,0.46,27.3,82,965.5,7.6
TUR_SMS_04,2023-07-24 17:00:00+00:00,0.0,0.0,0.461,0.46,27.2,82,965.7,7.8
TUR_SMS_04,2023-07-24 18:00:00+00:00,0.0,0.0,0.461,0.46,26.9,83,965.6,6.8
TUR_SMS_04,2023-07-24 19:00:00+00:00,0.0,0.0,0.461,0.46,26.7,83,964.9,8.0
TUR_SMS_04,2023-07-24 20:00:00+00:00,0.0,0.0,0.461,0.46,25.8,88,965.2,16.6
TUR_SMS_04,2023-07-24 21:00:00+00:00,0.2,0.2,0.462,0.46,25.0,91,964.7,11.7
TUR_SMS_04,2023-07-24 22:00:00+00:00,0.0,0.0,0.462,0.46,24.5,90,965.0,12.9
TUR_SMS_04,2023-07-24 23:00:00+00:00,0.0,0.0,0.462,0.46,24.7,88,965.1,9.5
TUR_SMS_04,2023-07-25 00:00:00+00:00,0.0,0.0,0.454,0.458,26.4,82,965.3,9.4
TUR_SMS_04,2023-07-25 01:00:00+00:00,0.0,0.0,0.454,0.457,27.7,80,966.0,7.2
TUR_SMS_04,2023-07-25 02:00:00+00:00,0.0,0.0,0.453,0.457,28.8,75,966.7,9.4
TUR_SMS_04,2023-07-25 03:00:00+00:00,0.0,0.0,0.451,0.457,29.3,73,966.8,9.9
TUR_SMS_04,2023-07-25 04:00:00+00:00,0.0,0.0,0.449,0.456,30.4,68,966.6,8.8
TUR_SMS_04,2023-07-25 05:00:00+00:00,0.0,0.0,0.447,0.455,31.1,65,966.4,9.0
TUR_SMS_04,2023-07-25 06:00:00+00:00,0.0,0.0,0.445,0.454,31.7,62,966.0,8.7
TUR_SMS_04,2023-07-25 07:00:00+00:00,0.1,0.1,0.444,0.453,31.8,61,965.1,6.9
TUR_SMS_04,2023-07-25 08:00:00+00:00,0.2,0.2,0.443,0.453,31.8,62,964.1,6.2
TUR_SMS_04,2023-07-25 09:00:00+00:00,0.0,0.0,0.442,0.452,31.8,63,963.1,5.9
TUR_SMS_04,2023-07-25 10:00:00+00:00,0.0,0.0,0.44,0.451,31.8,63,962.7,7.0
TUR_SMS_04,2023-07-25 11:00:00+00:00,0.0,0.0,0.439,0.451,31.1,65,962.4,8.4
TUR_SMS_04,2023-07-25 12:00:00+00:00,0.0,0.0,0.432,0.449,29.8,72,964.1,5.6
TUR_SMS_04,2023-07-25 13:00:00+00:00,0.0,0.0,0.432,0.449,28.5,77,964.3,6.0
TUR_SMS_04,2023-07-25 14:00:00+00:00,0.0,0.0,0.432,0.448,28.0,77,964.9,7.4
TUR_SMS_04,2023-07-25 15:00:00+00:00,0.0,0.0,0.432,0.448,27.7,77,965.4,6.2
TUR_SMS_04,2023-07-25 16:00:00+00:00,0.0,0.0,0.432,0.448,26.7,82,966.3,13.5
TUR_SMS_04,2023-07-25 17:00:00+00:00,0.2,0.2,0.434,0.448,25.2,92,966.0,9.9
TUR_SMS_04,2023-07-25 18:00:00+00:00,0.1,0.1,0.435,0.448,26.2,87,965.9,11.0
TUR_SMS_04,2023-07-25 19:00:00+00:00,0.1,0.1,0.435,0.448,26.1,86,965.6,8.1
TUR_SMS_04,2023-07-25 20:00:00+00:00,2.3,2.3,0.462,0.448,25.4,87,965.4,7.7
TUR_SMS_04,2023-07-25 21:00:00+00:00,0.0,0.0,0.462,0.448,25.3,88,965.5,11.3
TUR_SMS_04,2023-07-25 22:00:00+00:00,0.0,0.0,0.462,0.448,25.1,90,965.2,11.5
TUR_SMS_04,2023-07-25 23:00:00+00:00,0.0,0.0,0.462,0.449,24.8,92,964.9,13.0
TUR_SMS_04,2023-07-26 00:00:00+00:00,0.0,0.0,0.443,0.446,25.0,93,966.0,11.9
TUR_SMS_04,2023-07-26 01:00:00+00:00,0.0,0.0,0.443,0.446,25.7,91,966.8,14.5
TUR_SMS_04,2023-07-26 02:00:00+00:00,0.0,0.0,0.442,0.446,26.6,85,967.4,14.8
TUR_SMS_04,2023-07-26 03:00:00+00:00,0.0,0.0,0.441,0.446,28.0,79,967.5,15.4
TUR_SMS_04,2023-07-26 04:00:00+00:00,0.0,0.0,0.44,0.445,29.0,75,967.7,14.0
TUR_SMS_04,2023-07-26 05:00:00+00:00,0.0,0.0,0.438,0.444,29.9,73,967.2,13.0
TUR_SMS_04,2023-07-26 06:00:00+00:00,0.0,0.0,0.436,0.444,30.9,68,966.6,11.8
TUR_SMS_04,2023-07-26 07:00:00+00:00,0.0,0.0,0.434,0.443,31.1,65,965.3,10.9
TUR_SMS_04,2023-07-26 08:00:00+00:00,0.0,0.0,0.432,0.442,31.5,63,964.3,11.6
TUR_SMS_04,2023-07-26 09:00:00+00:00,0.0,0.0,0.43,0.441,30.9,66,963.5,13.7
TUR_SMS_04,2023-07-26 10:00:00+00:00,0.0,0.0,0.429,0.441,29.8,71,963.6,13.4
TUR_SMS_04,2023-07-26 11:00:00+00:00,0.2,0.2,0.43,0.441,28.0,80,963.3,12.5
TUR_SMS_04,2023-07-26 12:00:00+00:00,0.0,0.0,0.465,0.443,28.4,76,964.8,9.7
TUR_SMS_04,2023-07-26 13:00:00+00:00,0.0,0.0,0.464,0.443,27.4,79,965.1,9.7
TUR_SMS_04,2023-07-26 14:00:00+00:00,0.0,0.0,0.463,0.444,27.0,81,965.7,9.9
TUR_SMS_04,2023-07-26 15:00:00+00:00,0.0,0.0,0.462,0.444,26.8,84,966.2,10.5
TUR_SMS_04,2023-07-26 16:00:00+00:00,0.0,0.0,0.462,0.444,26.6,86,966.5,11.1
TUR_SMS_04,2023-07-26 17:00:00+00:00,0.0,0.0,0.461,0.444,26.2,86,966.6,13.4
TUR_SMS_04,2023-07-26 18:00:00+00:00,0.0,0.0,0.461,0.444,25.8,87,966.3,12.9
TUR_SMS_04,2023-07-26 19:00:00+00:00,0.0,0.0,0.46,0.444,25.3,90,965.7,13.3
TUR_SMS_04,2023-07-26 20:00:00+00:00,0.0,0.0,0.46,0.445,25.1,91,965.2,15.3
TUR_SMS_04,2023-07-26 21:00:00+00:00,0.0,0.0,0.459,0.445,24.9,91,965.0,15.6
TUR_SMS_04,2023-07-26 22:00:00+00:00,0.0,0.0,0.459,0.445,24.9,91,964.9,16.0
TUR_SMS_04,2023-07-26 23:00:00+00:00,0.0,0.0,0.459,0.445,24.7,93,965.2,15.0
TUR_SMS_04,2023-07-27 00:00:00+00:00,0.0,0.0,0.457,0.444,25.5,93,965.7,11.7
TUR_SMS_04,2023-07-27 01:00:00+00:00,0.0,0.0,0.456,0.445,25.9,91,966.0,15.8
TUR_SMS_04,2023-07-27 02:00:00+00:00,0.0,0.0,0.456,0.444,26.2,89,966.8,15.9
TUR_SMS_04,2023-07-27 03:00:00+00:00,0.1,0.1,0.456,0.444,26.7,87,966.8,16.9
TUR_SMS_04,2023-07-27 04:00:00+00:00,0.3,0.3,0.456,0.444,28.0,82,966.7,16.1
TUR_SMS_04,2023-07-27 05:00:00+00:00,0.2,0.2,0.455,0.444,28.7,79,966.5,14.2
TUR_SMS_04,2023-07-27 06:00:00+00:00,0.1,0.1,0.454,0.443,29.1,76,965.5,14.5
TUR_SMS_04,2023-07-27 07:00:00+00:00,0.1,0.1,0.452,0.442,30.0,73,964.1,14.9
TUR_SMS_04,2023-07-27 08:00:00+00:00,0.2,0.2,0.452,0.442,29.7,74,963.2,18.0
TUR_SMS_04,2023-07-27 09:00:00+00:00,0.3,0.3,0.452,0.442,29.0,78,962.4,14.5
TUR_SMS_04,2023-07-27 10:00:00+00:00,0.1,0.1,0.452,0.441,29.3,76,962.0,15.0
TUR_SMS_04,2023-07-27 11:00:00+00:00,0.1,0.1,0.451,0.441,28.1,81,961.5,13.5
TUR_SMS_04,2023-07-27 12:00:00+00:00,0.0,0.0,0.447,0.44,27.9,82,962.9,12.6
TUR_SMS_04,2023-07-27 13:00:00+00:00,0.1,0.1,0.447,0.44,26.3,89,963.3,13.8
TUR_SMS_04,2023-07-27 14:00:00+00:00,0.0,0.0,0.447,0.44,26.2,87,963.6,12.2
TUR_SMS_04,2023-07-27 15:00:00+00:00,0.0,0.0,0.446,0.44,26.4,86,964.2,13.1
TUR_SMS_04,2023-07-27 16:00:00+00:00,0.0,0.0,0.446,0.44,26.3,87,964.6,13.8
TUR_SMS_04,2023-07-27 17:00:00+00:00,0.0,0.0,0.446,0.44,26.1,87,964.7,14.8
TUR_SMS_04,2023-07-27 18:00:00+00:00,0.0,0.0,0.446,0.44,25.8,89,964.0,15.0
TUR_SMS_04,2023-07-27 19:00:00+00:00,0.1,0.1,0.446,0.44,25.3,91,963.5,15.0
TUR_SMS_04,2023-07-27 20:00:00+00:00,0.9,0.9,0.453,0.44,25.1,91,962.9,14.9
TUR_SMS_04,2023-07-27 21:00:00+00:00,1.6,1.6,0.472,0.441,24.6,94,962.6,14.0
TUR_SMS_04,2023-07-27 22:00:00+00:00,0.3,0.3,0.474,0.441,24.4,96,962.3,12.5
TUR_SMS_04,2023-07-27 23:00:00+00:00,0.1,0.1,0.473,0.442,24.5,94,962.5,14.0
TUR_SMS_04,2023-07-28 00:00:00+00:00,0.0,0.0,0.462,0.441,24.8,96,963.2,12.2
TUR_SMS_04,2023-07-28 01:00:00+00:00,0.0,0.0,0.461,0.441,25.4,95,962.9,16.7
TUR_SMS_04,2023-07-28 02:00:00+00:00,0.1,0.1,0.461,0.441,25.8,92,963.4,16.2
TUR_SMS_04,2023-07-28 03:00:00+00:00,0.1,0.1,0.461,0.441,26.2,89,963.9,16.6
TUR_SMS_04,2023-07-28 04:00:00+00:00,0.1,0.1,0.46,0.441,27.0,85,963.7,16.0
TUR_SMS_04,2023-07-28 05:00:00+00:00,0.2,0.2,0.459,0.441,28.2,78,963.3,15.1
TUR_SMS_04,2023-07-28 06:00:00+00:00,0.2,0.2,0.459,0.44,29.2,77,962.8,14.3
TUR_SMS_04,2023-07-28 07:00:00+00:00,0.3,0.3,0.459,0.44,29.3,73,961.6,14.3
TUR_SMS_04,2023-07-28 08:00:00+00:00,1.3,1.3,0.468,0.44,28.3,83,960.8,12.3
TUR_SMS_04,2023-07-28 09:00:00+00:00,0.2,0.2,0.468,0.44,29.0,79,959.7,11.6
TUR_SMS_04,2023-07-28 10:00:00+00:00,0.0,0.0,0.465,0.44,29.4,77,958.9,11.3
TUR_SMS_04,2023-07-28 11:00:00+00:00,0.0,0.0,0.464,0.44,28.9,77,958.7,13.5
TUR_SMS_04,2023-07-28 12:00:00+00:00,0.1,0.1,0.461,0.44,27.4,83,960.6,14.0
TUR_SMS_04,2023-07-28 13:00:00+00:00,0.0,0.0,0.46,0.44,26.3,87,961.1,10.7
TUR_SMS_04,2023-07-28 14:00:00+00:00,0.0,0.0,0.46,0.44,26.5,84,961.5,10.8
TUR_SMS_04,2023-07-28 15:00:00+00:00,0.0,0.0,0.459,0.441,26.4,83,962.2,12.8
TUR_SMS_04,2023-07-28 16:00:00+00:00,0.0,0.0,0.458,0.441,25.9,87,962.9,14.8
TUR_SMS_04,2023-07-28 17:00:00+00:00,0.0,0.0,0.458,0.441,25.8,90,962.8,16.6
TUR_SMS_04,2023-07-28 18:00:00+00:00,0.1,0.1,0.458,0.441,25.4,88,962.3,14.9
TUR_SMS_04,2023-07-28 19:00:00+00:00,0.1,0.1,0.458,0.441,25.5,87,961.4,16.1
TUR_SMS_04,2023-07-28 20:00:00+00:00,0.0,0.0,0.457,0.441,25.2,91,960.7,16.1
TUR_SMS_04,2023-07-28 21:00:00+00:00,0.0,0.0,0.457,0.441,25.0,91,960.9,14.8
TUR_SMS_04,2023-07-28 22:00:00+00:00,0.0,0.0,0.456,0.441,24.7,93,960.5,14.2
TUR_SMS_04,2023-07-28 23:00:00+00:00,0.0,0.0,0.456,0.442,24.6,92,960.7,11.1
TUR_SMS_04,2023-07-29 00:00:00+00:00,0.0,0.0,0.456,0.442,25.4,91,961.5,11.9
TUR_SMS_04,2023-07-29 01:00:00+00:00,0.0,0.0,0.455,0.442,26.2,88,962.1,11.3
TUR_SMS_04,2023-07-29 02:00:00+00:00,0.0,0.0,0.454,0.441,27.1,83,962.7,12.0
TUR_SMS_04,2023-07-29 03:00:00+00:00,0.0,0.0,0.453,0.441,28.1,79,963.3,14.9
TUR_SMS_04,2023-07-29 04:00:00+00:00,0.5,0.5,0.455,0.441,27.7,81,963.3,16.3
TUR_SMS_04,2023-07-29 05:00:00+00:00,0.1,0.1,0.454,0.441,28.9,78,962.9,16.9
TUR_SMS_04,2023-07-29 06:00:00+00:00,0.1,0.1,0.453,0.44,29.9,74,962.4,17.4
TUR_SMS_04,2023-07-29 07:00:00+00:00,0.6,0.6,0.456,0.44,27.8,83,961.4,16.5
TUR_SMS_04,2023-07-29 08:00:00+00:00,0.0,0.0,0.454,0.44,29.4,75,959.8,13.3
TUR_SMS_04,2023-07-29 09:00:00+00:00,0.8,0.8,0.458,0.439,29.2,76,959.4,15.9
TUR_SMS_04,2023-07-29 10:00:00+00:00,0.1,0.1,0.458,0.439,29.1,77,958.3,10.3
TUR_SMS_04,2023-07-29 11:00:00+00:00,0.0,0.0,0.456,0.439,29.7,73,958.8,7.6
TUR_SMS_04,2023-07-29 12:00:00+00:00,0.1,0.1,0.446,0.438,29.2,76,960.0,9.4
TUR_SMS_04,2023-07-29 13:00:00+00:00,0.0,0.0,0.446,0.438,27.8,84,960.3,7.9
TUR_SMS_04,2023-07-29 14:00:00+00:00,0.0,0.0,0.446,0.438,27.2,86,960.6,5.8
TUR_SMS_04,2023-07-29 15:00:00+00:00,0.0,0.0,0.446,0.438,26.6,87,961.2,4.0
TUR_SMS_04,2023-07-29 16:00:00+00:00,0.0,0.0,0.446,0.438,26.6,86,962.2,4.7
TUR_SMS_04,2023-07-29 17:00:00+00:00,0.0,0.0,0.445,0.438,26.7,85,962.2,6.2
TUR_SMS_04,2023-07-29 18:00:00+00:00,0.0,0.0,0.445,0.438,26.7,85,961.5,7.5
TUR_SMS_04,2023-07-29 19:00:00+00:00,0.0,0.0,0.445,0.438,26.7,83,960.9,11.6
TUR_SMS_04,2023-07-29 20:00:00+00:00,0.1,0.1,0.446,0.438,25.8,87,960.7,7.9
TUR_SMS_04,2023-07-29 21:00:00+00:00,0.1,0.1,0.446,0.438,25.6,88,959.9,8.0
TUR_SMS_04,2023-07-29 22:00:00+00:00,0.0,0.0,0.446,0.438,25.4,90,960.1,3.8
TUR_SMS_04,2023-07-29 23:00:00+00:00,0.0,0.0,0.446,0.438,26.0,85,960.4,1.8
TUR_SMS_04,2023-07-30 00:00:00+00:00,0.0,0.0,0.459,0.439,26.0,90,960.6,5.0
TUR_SMS_04,2023-07-30 01:00:00+00:00,0.0,0.0,0.458,0.439,27.7,83,961.4,1.8
TUR_SMS_04,2023-07-30 02:00:00+00:00,0.2,0.2,0.459,0.439,28.6,78,961.8,4.7
TUR_SMS_04,2023-07-30 03:00:00+00:00,0.0,0.0,0.458,0.439,29.6,73,962.1,8.3
TUR_SMS_04,2023-07-30 04:00:00+00:00,0.0,0.0,0.456,0.439,30.2,69,961.9,8.9
TUR_SMS_04,2023-07-30 05:00:00+00:00,0.1,0.1,0.454,0.438,31.1,66,961.6,7.9
TUR_SMS_04,2023-07-30 06:00:00+00:00,0.2,0.2,0.453,0.438,31.3,66,961.0,6.8
TUR_SMS_04,2023-07-30 07:00:00+00:00,0.1,0.1,0.451,0.437,31.7,63,959.4,6.1
TUR_SMS_04,2023-07-30 08:00:00+00:00,0.1,0.1,0.45,0.437,32.3,61,958.5,5.1
TUR_SMS_04,2023-07-30 09:00:00+00:00,0.7,0.7,0.453,0.436,31.4,65,957.8,5.4
TUR_SMS_04,2023-07-30 10:00:00+00:00,1.4,1.4,0.463,0.436,30.8,69,957.0,4.3
TUR_SMS_04,2023-07-30 11:00:00+00:00,0.3,0.3,0.465,0.436,28.9,80,957.5,7.7
TUR_SMS_04,2023-07-30 12:00:00+00:00,0.1,0.1,0.443,0.435,30.1,72,957.9,2.9
TUR_SMS_04,2023-07-30 13:00:00+00:00,0.0,0.0,0.443,0.435,28.0,85,958.4,4.8
TUR_SMS_04,2023-07-30 14:00:00+00:00,0.0,0.0,0.443,0.435,27.8,82,959.2,3.4
TUR_SMS_04,2023-07-30 15:00:00+00:00,0.0,0.0,0.443,0.435,27.7,80,960.0,3.1
TUR_SMS_04,2023-07-30 16:00:00+00:00,0.0,0.0,0.442,0.435,27.5,79,960.6,2.4
TUR_SMS_04,2023-07-30 17:00:00+00:00,0.0,0.0,0.442,0.435,27.2,78,960.4,2.8
TUR_SMS_04,2023-07-30 18:00:00+00:00,0.0,0.0,0.442,0.436,27.0,79,959.7,2.6
TUR_SMS_04,2023-07-30 19:00:00+00:00,0.0,0.0,0.442,0.436,26.9,78,958.8,2.9
TUR_SMS_04,2023-07-30 20:00:00+00:00,0.0,0.0,0.441,0.436,26.5,80,958.0,3.1
TUR_SMS_04,2023-07-30 21:00:00+00:00,0.0,0.0,0.441,0.436,26.6,80,957.8,2.6
TUR_SMS_04,2023-07-30 22:00:00+00:00,0.0,0.0,0.441,0.436,26.7,79,957.8,3.6
TUR_SMS_04,2023-07-30 23:00:00+00:00,0.0,0.0,0.441,0.436,26.6,79,957.9,2.4
TUR_SMS_04,2023-07-31 00:00:00+00:00,0.0,0.0,0.442,0.436,28.6,73,958.6,3.3
TUR_SMS_04,2023-07-31 01:00:00+00:00,0.0,0.0,0.441,0.436,29.4,75,959.6,6.6
TUR_SMS_04,2023-07-31 02:00:00+00:00,0.0,0.0,0.44,0.436,29.2,78,960.5,6.8
TUR_SMS_04,2023-07-31 03:00:00+00:00,0.1,0.1,0.44,0.435,29.1,80,960.6,5.3
TUR_SMS_04,2023-07-31 04:00:00+00:00,0.1,0.1,0.439,0.435,30.9,72,960.5,1.4
TUR_SMS_04,2023-07-31 05:00:00+00:00,0.1,0.1,0.437,0.434,32.2,69,960.2,6.6
TUR_SMS_04,2023-07-31 06:00:00+00:00,0.1,0.1,0.435,0.433,32.9,67,959.5,7.2
TUR_SMS_04,2023-07-31 07:00:00+00:00,1.0,1.0,0.444,0.433,31.0,74,958.3,6.0
TUR_SMS_04,2023-07-31 08:00:00+00:00,6.8,6.8,0.495,0.444,29.3,79,958.0,3.7
TUR_SMS_04,2023-07-31 09:00:00+00:00,0.0,0.0,0.49,0.445,31.0,75,956.5,3.2
TUR_SMS_04,2023-07-31 10:00:00+00:00,0.0,0.0,0.486,0.445,30.9,76,955.9,6.4
TUR_SMS_04,2023-07-31 11:00:00+00:00,0.1,0.1,0.484,0.446,30.9,74,955.9,6.5
TUR_SMS_04,2023-07-31 12:00:00+00:00,0.0,0.0,0.479,0.459,29.0,82,956.1,4.2
TUR_SMS_04,2023-07-31 13:00:00+00:00,0.0,0.0,0.478,0.459,28.3,84,956.6,5.2
TUR_SMS_04,2023-07-31 14:00:00+00:00,0.0,0.0,0.477,0.46,27.6,90,957.5,3.9
TUR_SMS_04,2023-07-31 15:00:00+00:00,0.0,0.0,0.476,0.46,27.2,91,958.2,2.6
TUR_SMS_04,2023-07-31 16:00:00+00:00,0.0,0.0,0.475,0.46,27.3,88,958.6,1.6
TUR_SMS_04,2023-07-31 17:00:00+00:00,0.0,0.0,0.475,0.46,27.3,87,958.7,3.1
TUR_SMS_04,2023-07-31 18:00:00+00:00,0.1,0.1,0.475,0.46,26.7,89,958.6,7.4
TUR_SMS_04,2023-07-31 19:00:00+00:00,0.5,0.5,0.477,0.461,26.9,85,957.8,8.7
TUR_SMS_04,2023-07-31 20:00:00+00:00,0.1,0.1,0.477,0.461,26.4,87,956.7,7.6
TUR_SMS_04,2023-07-31 21:00:00+00:00,0.0,0.0,0.476,0.461,26.4,87,956.7,6.6
TUR_SMS_04,2023-07-31 22:00:00+00:00,0.0,0.0,0.475,0.461,26.2,87,956.3,5.9
TUR_SMS_04,2023-07-31 23:00:00+00:00,0.0,0.0,0.474,0.461,25.7,90,956.6,2.4
