{"type":"FeatureCollection","features":[{"type":"Feature","geometry":{"type":"Polygon","coordinates":[[[78.89602093980339,29.456179436752755],[78.90033731497604,29.456179461014493],[78.9197923913119,29.460148054668924],[78.92292716037089,29.456179432250877],[78.90714195712124,29.451831838769145],[78.900404236024,29.446690512580602],[78.896475763125,29.42358345860188],[78.89061652296111,29.416431054651877],[78.88719192117502,29.40898874677676],[78.88279524882773,29.404801646806376],[78.8727577886931,29.39856783750769],[78.8701849269496,29.392360835308455],[78.8659978247337,29.393118880418374],[78.86258661269636,29.394608166373754],[78.86020543152402,29.393881323324845],[78.85888554197594,29.391477896387766],[78.86003153780726,29.389310758257388],[78.85975501765384,29.387669795396523],[78.85679419024522,29.38558741649013],[78.8403936416353,29.379928805895027],[78.83631353225893,29.38143150062126],[78.83250993739058,29.38135125347388],[78.83185443121346,29.376579996802096],[78.83471724835773,29.374350520444096],[78.83580079563721,29.37228589005184],[78.84828180929466,29.367791122559563],[78.87374322680671,29.36254724286882],[78.90069402521846,29.357307768778888],[78.91342921842036,29.357307785938648],[78.92316344453003,29.361802550044597],[78.93364682092565,29.365543720689132],[78.94038448224737,29.373779753493753],[78.9508678968713,29.376027079841922],[78.96284497665926,29.368540241614802],[78.96958716545159,29.358056895551883],[78.99503968568737,29.344581542894996],[79.02874157337054,29.33409368908644],[79.06393280453545,29.32286571238151],[79.08564864399554,29.31313147915616],[79.10137144971321,29.30938588065978],[79.11710312171095,29.308235404473553],[79.11324155010044,29.304289057647207],[79.11966716351871,29.295379769851703],[79.11853010595746,29.28598003137528],[79.12162023795162,29.276170030540793],[79.12560216285046,29.27904165337655],[79.13725381211306,29.273048584494944],[79.18242010156868,29.261089279739675],[79.2127775908031,29.251841163033646],[79.22450955829107,29.24928163579409],[79.25063989478785,29.245121293398416],[79.26841832931198,29.243680960914293],[79.25781898089534,29.233349242317747],[79.2537389584288,29.22685237020676],[79.24224785465253,29.219650902588555],[79.23831936956167,29.21578036802993],[79.23628153821136,29.204940276404713],[79.23507755949443,29.18936023478658],[79.25224957611752,29.182350549580654],[79.25829170006556,29.173811325111984],[79.2611455140067,29.16930767138269],[79.26777620545758,29.16352863018212],[79.28391364034059,29.15292047798992],[79.29490534657197,29.142668963797732],[79.3026954114807,29.138370383286976],[79.31915393737772,29.124021002451766],[79.33761462512663,29.106452143579773],[79.37188723187504,29.084691763820242],[79.38385550338752,29.073361157853626],[79.40744857110333,29.05400865591495],[79.4504610994625,29.05452146980187],[79.50591450935818,29.053290782119554],[79.54502971206078,29.05547120782712],[79.56828392157894,29.053830299213757],[79.61617462348106,29.054757804404776],[79.62111538287687,29.055988541587084],[79.62185110086183,29.056340779376107],[79.63152292998502,29.0631275433519],[79.63385943994562,29.070132794176946],[79.64064620793489,29.070382458370513],[79.65524977240027,29.064888844594496],[79.66443548302388,29.059471030381385],[79.677077073669,29.054360945150396],[79.68004685424296,29.050570698813832],[79.68273121844572,29.04080077549091],[79.68824715167408,29.03487908431722],[79.69901139820495,29.027539429921998],[79.70244489372334,29.026063512023565],[79.71393597979838,29.022317849739053],[79.72796429634415,29.02214841622145],[79.7378323143568,29.02087756817283],[79.7376628714469,29.02547039232968],[79.7450337685379,29.03020153597515],[79.75351500190659,29.031351935472415],[79.76161274465146,29.02581821061234],[79.76439518451578,29.024721299230706],[79.76130055636985,29.02288856114328],[79.76168854575177,29.0203290431093],[79.77744248052515,29.021537470579595],[79.77897644011728,29.018581138302192],[79.78814885138799,29.019539820578295],[79.7927639512288,29.011370733172427],[79.78777868195546,29.01156245510225],[79.78537083241389,29.006719900851053],[79.78238761544024,29.00094978839921],[79.78323936241286,28.998907594684066],[79.789045103197,28.99798004599584],[79.78778766251679,28.994020398889095],[79.79123005860988,28.994319117615763],[79.79416859217943,28.99644167934587],[79.80074130487172,29.003549512168355],[79.803327633358,29.0038794558547],[79.81043990427102,29.002492717756294],[79.81842165277597,29.002363340856554],[79.82184627354803,29.003290884867635],[79.8229520758622,29.0066129069365],[79.8332303148181,29.019071650915368],[79.83727470306572,29.022268742458003],[79.84200135583254,29.022210850499597],[79.84487751858494,29.01761793868319],[79.8436423246163,29.006550473029463],[79.84313844667494,29.003393427311895],[79.84678596229627,28.99624102227694],[79.84591644941248,28.98960141109801],[79.85054059035217,28.98808085558832],[79.85314913760945,28.994488614494063],[79.85669855591136,28.99977264447395],[79.86105960415127,29.006492528422303],[79.89089097319606,29.015861049354324],[79.8932587883791,29.020177428612453],[79.89637118469645,29.023169563073544],[79.89845362841608,29.028279666300694],[79.90244445650413,29.030990806657606],[79.90482118521801,29.032439969601935],[79.90817446274994,29.03205204506124],[79.913083927367,29.035820022010352],[79.91911257317554,29.039133125574388],[79.92472663244374,29.044421626942608],[79.93396143369262,29.045893076598514],[79.94992948414072,29.049420234752343],[79.95542751703692,29.052332030652327],[79.95956999983117,29.058021896419284],[79.95405412969066,29.06202166270014],[79.94959055707736,29.06645848422529],[79.94747253196321,29.070739175342563],[79.94682146519837,29.077441247675917],[79.9490287206797,29.09580830837855],[79.95276096776583,29.106139982716872],[79.95822339649764,29.112891051809463],[79.96792641479922,29.118821744176753],[79.96589751959493,29.122781357496272],[79.96325775132632,29.124828072191978],[79.95858900882581,29.126629566108587],[79.94703549987705,29.12851128459484],[79.937238885307,29.13190918480128],[79.9112779602952,29.13645748012198],[79.90580662256258,29.131668391958975],[79.90400520363336,29.13107083749394],[79.88957996363007,29.139168582716064],[79.88374305987313,29.15419131635193],[79.8702185559398,29.158802016423603],[79.8677215156978,29.162181979029555],[79.86702584897658,29.163979025704162],[79.86763674736527,29.175510249101357],[79.86979498182365,29.177971678069543],[79.88070634298265,29.17873867839813],[79.88977175531585,29.184539897968104],[79.89055651640312,29.192633223667187],[79.89267010817223,29.19992828890036],[79.89769106235498,29.202309450945204],[79.90159727489949,29.205519958928466],[79.90695262692479,29.211570989107777],[79.91282531208854,29.21480384551667],[79.9130080851847,29.221381006427944],[79.91142067959458,29.226192375536126],[79.9024667506465,29.23394229187233],[79.90001871750039,29.239208490121108],[79.88974945795205,29.255341513847053],[79.8853750500512,29.258801792559016],[79.87902086563078,29.25700030986496],[79.87684482878504,29.257031501075307],[79.86955862709425,29.260179642540447],[79.86266483948155,29.26615041898404],[79.85611886124633,29.26607902573803],[79.85392055062529,29.272861359546823],[79.84937231292474,29.27521130316677],[79.84728990489843,29.279220051881218],[79.84263012109628,29.280597898056012],[79.83479989657458,29.279710519910857],[79.81537610418985,29.27278106628598],[79.81230377316776,29.273360801553967],[79.80822814440911,29.27642865056591],[79.80339895215316,29.281378241133094],[79.80159749364813,29.286760340571828],[79.80451370706506,29.291562797826867],[79.80181153955094,29.295812378667836],[79.8035416750854,29.305881019662507],[79.80612347530895,29.311200664588053],[79.80561066147405,29.313778026221783],[79.79997883495783,29.31837983005936],[79.79516740973777,29.320729770093134],[79.79395906056934,29.32245103251139],[79.79274616216047,29.332961136055406],[79.78631612128137,29.340871590491602],[79.80828167330924,29.347511153561964],[79.81112652536744,29.345071996035795],[79.81480981896908,29.34339090818079],[79.8200536543509,29.342869209594383],[79.81921987356607,29.330441704594083],[79.82596641562483,29.3283415147912],[79.84079740659342,29.321019629040396],[79.84564891841391,29.31960162068483],[79.84935000533348,29.321108841201927],[79.85146356046585,29.323851166489654],[79.8519897832953,29.333870748821855],[79.85555258057416,29.338160428042112],[79.85653805701793,29.341321963306545],[79.85684127832423,29.346851198727535],[79.8586293911148,29.350552245092953],[79.86485430121662,29.35354879724512],[79.87445914090415,29.35538142614871],[79.88735045069451,29.35415075732711],[79.88902261205378,29.359448149454963],[79.88804604224352,29.36346134733553],[79.87924378076994,29.374172141788154],[79.87436104956367,29.373088520229718],[79.86099269022544,29.37638830487147],[79.84760204700798,29.37479196864465],[79.84533676940002,29.37598247769952],[79.8447437516133,29.385779144923724],[79.83783657048433,29.389609499037704],[79.82948469684565,29.401760550597384],[79.82705002421923,29.403049231578613],[79.82357635988754,29.40352190943552],[79.8216456134905,29.406603127157062],[79.82347829748704,29.41112021619286],[79.83957566128282,29.42779278027315],[79.84424432463744,29.43581031325265],[79.84440484588683,29.43890042163383],[79.84217085620763,29.440599376183236],[79.83925460094218,29.44038979123122],[79.83600837261942,29.436742203427617],[79.83281562463013,29.43447254346026],[79.82457074239909,29.43213149793978],[79.81597804011994,29.432858309153062],[79.80499976181557,29.439912628695176],[79.79691093049995,29.443671688399924],[79.78497396546894,29.444300416410456],[79.7744058758828,29.45542141755204],[79.76406076247846,29.455818246982663],[79.75702871148086,29.453561982642157],[79.75396531411168,29.442481048184973],[79.75106695099177,29.44009102495416],[79.73677996599005,29.43832073798375],[79.73158068499674,29.436751107086277],[79.72738461641339,29.437741041370924],[79.7215120319359,29.440492361598654],[79.7164465078146,29.445999290866123],[79.71598718977035,29.45335235474308],[79.71939837886843,29.467313797247222],[79.70594083689556,29.463577071264975],[79.70046057965705,29.46626146722313],[79.69547973896873,29.46734948394956],[79.68238784214998,29.474889810219995],[79.67827655828476,29.479380185707576],[79.6701520854346,29.494269087273995],[79.66725811587682,29.50258087253329],[79.67003612632602,29.511409897625768],[79.67173062172857,29.522178612853406],[79.66998260009916,29.52785055803558],[79.66555916821532,29.533081101408733],[79.6595751259646,29.536630576317005],[79.65487519786343,29.538231391492413],[79.65447389686479,29.54271273037686],[79.65067922269856,29.54617298953478],[79.63970092128301,29.5487727055413],[79.63317719660073,29.55213930917393],[79.6227429345216,29.5475732250507],[79.61474773591793,29.55529185144241],[79.60957969676254,29.5586719063841],[79.60235589327341,29.560290567719267],[79.5842341563664,29.554698834954657],[79.57829461826424,29.554159290349652],[79.56482808240528,29.546489622785128],[79.54540431256612,29.544162015289906],[79.536231903072,29.54494230521864],[79.53640584172719,29.55542122849015],[79.53251744447255,29.555760068721426],[79.52754115190237,29.551412450457125],[79.52459810151427,29.550199582011714],[79.52079892999225,29.5515328346164],[79.51727180122384,29.551599792256553],[79.51481038236678,29.546329054994736],[79.5144179835874,29.53936841730003],[79.51043599288381,29.52580827018326],[79.50554437972252,29.520051655020815],[79.50211533280788,29.514540166246203],[79.48870232564796,29.505162643378295],[79.48332021548842,29.505421313799594],[79.46644695047954,29.50018189045061],[79.46826180924529,29.507610684863216],[79.46566662914424,29.513153421810042],[79.46118971736753,29.514410854793585],[79.45622224951846,29.51450892637022],[79.45056368903552,29.522419404186454],[79.4419397559092,29.52189326114698],[79.43596013552742,29.525879641557328],[79.43216098074917,29.533411045523053],[79.42764388180964,29.540122034778864],[79.39615818178973,29.56528919462023],[79.39096780767012,29.567389395822236],[79.38208082137612,29.57876013476712],[79.37831733826971,29.58002206390916],[79.37409007836622,29.58564051140361],[79.36633125174568,29.593461800417117],[79.35634733446354,29.594969007979984],[79.35028740546129,29.600337726126867],[79.34529317127985,29.60140789999495],[79.3412621790755,29.59967775342282],[79.34123983193645,29.607209158583146],[79.33793566237382,29.61020129316026],[79.32829959300307,29.61482979825133],[79.32287726445355,29.614910102707455],[79.31497127126075,29.61018788432783],[79.29593098286759,29.60505098584373],[79.28765041334687,29.59715841395912],[79.27681035000728,29.59107174293754],[79.27279712676493,29.583419928162712],[79.26676393750913,29.580900529471595],[79.26056579437875,29.5768917739235],[79.25646791142299,29.570158567364537],[79.24611835788615,29.56275200227433],[79.24189112535366,29.55859159923612],[79.23507755949443,29.547149551484964],[79.23049813482307,29.542249032068682],[79.22606572987004,29.53810206139609],[79.22075495069971,29.53553810125818],[79.21526132545772,29.53021834161254],[79.21055699499998,29.52726200749885],[79.2018885105636,29.528269711851834],[79.19072733860185,29.52762317034192],[79.18432410160486,29.529808142446935],[79.1686637569528,29.53696049331462],[79.16163615702465,29.538102077023545],[79.15463990073312,29.538102069131284],[79.14243974058608,29.540880108252455],[79.13503316585383,29.543729458728144],[79.13308906717384,29.552718947660438],[79.13069896605523,29.556580607139328],[79.12551747943853,29.556660812197936],[79.12065257944106,29.553771326956575],[79.10640130751828,29.552179437391555],[79.09951197318168,29.55356176520461],[79.09826790721279,29.564410734218296],[79.09297943323737,29.564241318132755],[79.0875616513669,29.5674875086198],[79.07966452817622,29.57282058940804],[79.06784791910148,29.58382125468628],[79.05890743437187,29.58467737989026],[79.04841515991014,29.584200200585748],[79.03669661628574,29.585939316170954],[79.02818423346908,29.588601389240182],[79.02410864648337,29.591468611436355],[79.02005082524302,29.591450746355818],[79.01548026748094,29.592449542316086],[79.01162761757166,29.59169155009476],[79.00847502110956,29.590139766325102],[79.00047986148262,29.59087104650852],[78.99627491245612,29.58944856263227],[78.99623919901934,29.580200409380186],[78.99532513757013,29.577939621814977],[78.98886831823303,29.571259890668575],[78.98899763829861,29.56822774585488],[78.99178457731001,29.561668385861704],[78.98745924453809,29.554872739268795],[78.98304028085602,29.555068916465665],[78.97793458166149,29.55328084353201],[78.97424247283702,29.55091307780043],[78.96230097657121,29.54782288026979],[78.95906815154076,29.54597233557147],[78.95387333081705,29.5450805699538],[78.95117997475533,29.542592355807464],[78.9475325017048,29.536719773910782],[78.94184266334618,29.530151480663974],[78.9375976157016,29.51324258156937],[78.93968887363123,29.50584044984808],[78.93547955394205,29.499432690080532],[78.93118096699376,29.489970530087312],[78.927421899651,29.481730086777777],[78.92658807587652,29.47768125362824],[78.92331063623496,29.4762900133984],[78.9141382247697,29.469793069098028],[78.90898356521366,29.467701789485016],[78.9048365521068,29.46475879781542],[78.89997170936812,29.4632382179872],[78.89788037401577,29.460839250210455],[78.89602093980339,29.456179436752755]]]},"id":"00010000000000001845","properties":{"ADM0_CODE":115,"ADM0_NAME":"India","ADM1_CODE":70082,"ADM1_NAME":"Uttarakhand","ADM2_CODE":70285,"ADM2_NAME":"Naini Tal","DISP_AREA":"NO","EXP2_YEAR":3000,"STATUS":"Member State","STR2_YEAR":1996,"Shape_Area":0.377428762878,"Shape_Leng":3.77495477766}},{"type":"Feature","geometry":{"type":"Polygon","coordinates":[[[78.96080720425556,29.1615978763888],[78.96127544524533,29.163180865879355],[78.96034793582776,29.164598832684668],[78.96057981401552,29.16586971609211],[78.96232772791609,29.166810555118467],[78.96663080118225,29.165548611531957],[78.97319903458846,29.16082201224626],[78.97901368859534,29.15474868688108],[78.98263003685177,29.14695863139745],[78.98353524590733,29.137349290052523],[78.9880968803251,29.135119700902237],[78.99262292940395,29.133634875174486],[78.99540536414843,29.129269365735468],[78.99466072091212,29.125372106554025],[78.99838405210711,29.12294191693556],[79.00057345414574,29.11655199058676],[79.00657544371093,29.12052057795713],[79.01700527704261,29.117863019355138],[79.02185233894028,29.118919764884403],[79.02607057249976,29.121550683402493],[79.0297003318626,29.12543008627249],[79.03096667521619,29.13022810255175],[79.02768923910838,29.132961507522882],[79.02351997462974,29.13313097352649],[79.01899848208085,29.13508851426035],[79.01187282764974,29.134709470422887],[79.0087603469391,29.136221114052116],[79.0085998297007,29.13936027779478],[79.01203782444176,29.14487175480368],[79.01278699084506,29.149130188047714],[79.010481599333,29.15303194503661],[79.01095425696178,29.157219045238826],[79.01335321739668,29.15769168372493],[79.0169695712926,29.15397279330786],[79.02147770552378,29.150802347066673],[79.02639611898667,29.149861503766108],[79.02867922527975,29.152403187726048],[79.02742173412594,29.155881325346144],[79.02751090253616,29.16075061673337],[79.02388123295258,29.163390377117416],[79.021758680723,29.167301045767942],[79.0230696287416,29.17079249262289],[79.02614637534315,29.17196078672442],[79.02696243788982,29.172268499947698],[79.03378482211463,29.171100190512615],[79.03823060168294,29.166288873852444],[79.04612760847145,29.1547308557407],[79.05438140143106,29.155181224598053],[79.05947821659721,29.156269249489814],[79.07285997668679,29.15199296206787],[79.09223925272211,29.136738383286897],[79.10074714737235,29.131677305001165],[79.10853723436165,29.13043766289731],[79.1136161690391,29.130665050654336],[79.11778986539639,29.133880075041727],[79.1308059559365,29.12935852256324],[79.13384262656074,29.124159279026994],[79.14222130800215,29.119731382214475],[79.14398262172807,29.106621567260433],[79.14319779077685,29.09894750458858],[79.1370175371299,29.090912197876456],[79.13472108250832,29.08190927448941],[79.13698626919711,29.069339088539977],[79.1437016612619,29.06009083463878],[79.15345821961874,29.054771187006263],[79.16541309395606,29.051261858372783],[79.1601557392284,29.043315771804266],[79.15866642815958,29.034210280710415],[79.15421178955494,29.03292153922881],[79.15451950273355,29.027410140278157],[79.1582784662756,29.022879692532175],[79.16410211950678,29.020587728299155],[79.1656270814283,29.017301361528528],[79.1685879811786,29.015861085827403],[79.17759531517706,29.01962007333796],[79.18493502652045,29.01801031774048],[79.18295957931414,29.02420851343618],[79.19758543272859,29.022090409308696],[79.19911045721626,29.02527866648568],[79.20403330495049,29.029100127168988],[79.21116792227195,29.023700193910024],[79.22154421558834,29.017287994754422],[79.23774862979681,29.0068403340683],[79.23937169687174,28.99990189756087],[79.24389768852821,28.99648179364698],[79.24997097847242,28.99217880686034],[79.25801968251926,28.98694827949847],[79.26434263905134,28.98214131882764],[79.26846288643691,28.977401341560874],[79.27052298519014,28.97543042644279],[79.27365330237271,28.972870827805878],[79.27887938196076,28.964840032337797],[79.2860049615983,28.96050135059066],[79.29548055389323,28.954298665069317],[79.29892742396055,28.95310815531264],[79.30150484016404,28.952849488963597],[79.30467969192622,28.953937493961508],[79.30719014133886,28.958467964461477],[79.31215761752797,28.95806216989723],[79.31658999072721,28.956791371097285],[79.32095544103865,28.956760094328253],[79.32881235790632,28.955400067912745],[79.33368619127263,28.954980982492483],[79.33763688718301,28.954530568491858],[79.34390194005759,28.95313041308271],[79.34961851508383,28.952100389243142],[79.35189270552654,28.95243032325824],[79.35476875219969,28.95341132684952],[79.35389922713435,28.956818072671318],[79.3527533116322,28.958820210797867],[79.3528513690017,28.961232576633332],[79.35508096453998,28.96528149025472],[79.35711869790528,28.967979199833906],[79.35967379351952,28.970480778863628],[79.36338819425252,28.966659361342124],[79.36506484621923,28.96199068481097],[79.36743266162496,28.959948408050018],[79.36897098744672,28.957678728333967],[79.37074128076902,28.954579640102267],[79.37224398005087,28.951177360891972],[79.37252047612691,28.947627918660853],[79.37336765909197,28.94186227142484],[79.3749015904461,28.939391898527983],[79.37702858615346,28.937050911233225],[79.37934291439046,28.93629285075861],[79.38497921337942,28.93730957249737],[79.3894294176624,28.938299412156063],[79.39556066191729,28.936752108039652],[79.39830745186067,28.935160256481204],[79.40143776688015,28.932261821566545],[79.40261941325839,28.92904238571027],[79.4013975681332,28.921368281205584],[79.39900304840735,28.916971550201936],[79.40007769956182,28.911009783013075],[79.40123711655028,28.901859681642122],[79.40114787167879,28.899768335972233],[79.4003809119585,28.89559018026805],[79.39565429308978,28.885441240437252],[79.39791953726228,28.88104010612193],[79.40187917889324,28.877281082425394],[79.40429604191955,28.874899992036106],[79.40482221531677,28.871132000678166],[79.4049381688945,28.86744882780314],[79.4062178572663,28.862249450152458],[79.4087685061322,28.85801337075916],[79.41121653713219,28.855881927536597],[79.41712038517818,28.85584174223617],[79.41963088544432,28.855302178736828],[79.42388929608967,28.855239811609326],[79.42752795676648,28.857250825805785],[79.43031484028045,28.859792496936787],[79.43345858068636,28.86164307105702],[79.43976368407144,28.861050024965085],[79.44777673177359,28.860060058308417],[79.45510747670745,28.86006006752492],[79.45971816692932,28.85915928936325],[79.46338802884512,28.860528306778384],[79.46470793466004,28.862748889194172],[79.46776689814111,28.864911538158353],[79.47663154812498,28.867172361351276],[79.4826290320423,28.866222553319517],[79.48654855840361,28.864599462250926],[79.4913733111103,28.862597329803663],[79.4969160051397,28.862387716771423],[79.50248539052565,28.862762242703667],[79.5072388645039,28.86330181174297],[79.51013280026932,28.864702013911515],[79.51406127155941,28.86759152772505],[79.51732533197162,28.870579103325483],[79.51996511381715,28.87329018602178],[79.52260044446503,28.8763313049522],[79.52591798257598,28.881998879045696],[79.52989106355933,28.88689047999111],[79.5330882563109,28.890310628290393],[79.53645481551942,28.892540182456834],[79.53866658519716,28.892410817943855],[79.54332632374923,28.890662843040623],[79.5505010589324,28.884179305229285],[79.55253437799966,28.881530601798875],[79.55397021981655,28.87852073626035],[79.55374280538719,28.874810752312982],[79.55166483544656,28.868251428926992],[79.55126350531128,28.86611108064764],[79.55120107602002,28.863199305091516],[79.5499213518652,28.86016260783089],[79.54767392300381,28.854298897086284],[79.54821796933214,28.85004936531625],[79.55092460292954,28.845889080685957],[79.55359565457108,28.84505076109507],[79.55716733895535,28.845688361972112],[79.55941033168206,28.846700603607268],[79.56233990998591,28.84790899024849],[79.56347704041546,28.848760718142106],[79.56578684102065,28.849469665919685],[79.57190021110449,28.849019330162932],[79.57428138439253,28.84930022641671],[79.57655558918947,28.85028123106169],[79.57878953033048,28.852381481208806],[79.58196888804832,28.855841726896553],[79.59226050868529,28.86655251879642],[79.59805291007164,28.864920504714462],[79.60360890958196,28.864702018888853],[79.60867890608874,28.86670857903649],[79.61354826229098,28.86872858722213],[79.61904187011186,28.86758253837067],[79.62399146971418,28.862690893329663],[79.63075147686675,28.85886058491126],[79.63455058840385,28.85844138454004],[79.64109657348375,28.85646155247789],[79.64327263752435,28.85322870834476],[79.64393707147464,28.852912170444146],[79.6540546917342,28.848738362100697],[79.65946806102642,28.8477306191149],[79.66619688757488,28.84832816191112],[79.6672803834659,28.85002710088684],[79.66709316425685,28.854102692460966],[79.6728587546216,28.85761198148351],[79.68434095928393,28.857353407520943],[79.68644114001617,28.866998422519504],[79.68814012089466,28.868189022880756],[79.69233614556723,28.868318360971248],[79.69705825801609,28.870284775734707],[79.70189638227455,28.869901309549437],[79.70517832610277,28.870222317200106],[79.70564206561708,28.872353847117733],[79.70672559899936,28.875238869781775],[79.70961957988182,28.87920741198673],[79.71218801014697,28.880678933486408],[79.7155546616963,28.881780353771724],[79.71813199480546,28.882761368067932],[79.72836116053314,28.88507116793539],[79.7328247128155,28.88309135947196],[79.73726604858577,28.88259191220609],[79.74044092438223,28.883180534189872],[79.74128810934768,28.885352103779656],[79.74487323862238,28.88978001573649],[79.74870362951405,28.891541359114324],[79.74997000797262,28.89335171722215],[79.75977108319597,28.889530219769835],[79.76196941992102,28.889690806494848],[79.77446832154197,28.891831124125986],[79.79064146785578,28.877428238690108],[79.79125238085028,28.8738119589306],[79.79161800295448,28.870396263457447],[79.79485533925477,28.869870089466357],[79.7969644662309,28.87044980928432],[79.8028014630644,28.871818708120358],[79.80573995548696,28.86904961805983],[79.8069395076171,28.866311736056755],[79.80863388582517,28.862829206237155],[79.8090129466755,28.8589095809554],[79.80812117202146,28.856292155685118],[79.79992085413772,28.854272182057326],[79.7946145080086,28.852863065977747],[79.79670140536382,28.84954993949689],[79.7981550720159,28.848038353367905],[79.79817286000018,28.84604065491855],[79.79431132996038,28.843030766272435],[79.79366922194734,28.839258323848103],[79.79920293214163,28.836230623025948],[79.8014592144183,28.8332920692717],[79.8011917200335,28.829635624949372],[79.79988074643909,28.82469047063745],[79.79782060593618,28.820811054998845],[79.79704468424653,28.8164902170289],[79.794792907922,28.81472883631389],[79.79189442081844,28.81517026592105],[79.78940628695463,28.81970070188123],[79.78616900858246,28.820931425357013],[79.78214238812134,28.81319044116489],[79.78336424127878,28.805418229700933],[79.78544661327122,28.80620746679129],[79.79202826764937,28.803037091258958],[79.79474826521606,28.803799554756633],[79.80126304054616,28.804539777823063],[79.80303773982327,28.80558772923008],[79.80419713724982,28.80706362971335],[79.80503986719938,28.808731308517796],[79.80905305024383,28.81075128584124],[79.81128710671928,28.81138006150358],[79.81406953003662,28.810608651785138],[79.8159111775524,28.812258467656488],[79.81503272527014,28.814581712041104],[79.814653690171,28.819121093930384],[79.81620992116521,28.821743028545914],[79.81571939627621,28.824681555035834],[79.81282997256666,28.830179633420073],[79.81379754198527,28.831709082214275],[79.82235010184525,28.84175095635788],[79.82446370425421,28.844787680911516],[79.82964969031883,28.846678262465332],[79.83384119069872,28.844390748272776],[79.8417115034542,28.842611578752273],[79.84413731030911,28.84353913311772],[79.84948820974492,28.8453807109626],[79.85404985950363,28.844288230658012],[79.85468306858482,28.841407625967914],[79.8556060808354,28.839057732938],[79.86060923741327,28.834130408520252],[79.87101673596426,28.830652254096997],[79.87531974247457,28.83024206295785],[79.87547140639501,28.82128815018748],[79.87563195625484,28.81834069330112],[79.8712396713688,28.816409956112846],[79.86042191151962,28.81791263350548],[79.85423266928656,28.820828859594727],[79.84971564399177,28.821743042936056],[79.84620628799175,28.821301541084868],[79.84332127905412,28.815041000088925],[79.84052986009002,28.808660028188477],[79.84648723648215,28.804958965726737],[79.85336314428933,28.800798602810755],[79.85965944316922,28.79844866623353],[79.86728451356163,28.796450969833142],[79.87307688028964,28.796459923908486],[79.88012672081427,28.796821135055897],[79.88604835892211,28.798809823769343],[79.89480603062891,28.801449622374484],[79.90128959510457,28.802118525105957],[79.90056720107735,28.799398411036968],[79.89813252629655,28.794885800061852],[79.89340145154195,28.79186254444193],[79.88893786423303,28.785771426425235],[79.89209936395476,28.781258841891592],[79.89450729676668,28.779002542099917],[79.89926957616666,28.773861140171164],[79.90571744935154,28.772099851555662],[79.91204937626955,28.76496083805778],[79.91014089513008,28.763333228390223],[79.91172832387757,28.7592799048972],[79.91808253415309,28.752198902218876],[79.92150712586513,28.745001852957614],[79.92233208232352,28.738290949792066],[79.92237666049483,28.73270812358567],[79.92952014749707,28.72651449010752],[79.94087302098403,28.721457843224357],[79.95289030189349,28.71752040598606],[79.96782825730378,28.715620860521348],[79.97482908495878,28.71674903053147],[79.98825987497715,28.717021027852063],[79.99958156044507,28.725640476718553],[80.00286789512167,28.726951416737226],[80.00565483004861,28.729502062269887],[80.01362770902229,28.737367928066277],[80.02297396955348,28.74867172539677],[80.02906957104716,28.758062625217455],[80.0312411369851,28.760559699717135],[80.03344838504415,28.761380151949545],[80.03476832305941,28.763230698316583],[80.03398349286306,28.7663788073485],[80.0345453781037,28.769040905171313],[80.03816172351476,28.775118662692886],[80.0404581720284,28.78310940134095],[80.03623979655383,28.790721076003862],[80.03267701883597,28.794181283557933],[80.0273662269459,28.797378467888986],[80.02568954755142,28.79984881930794],[80.0319813845995,28.803491930050303],[80.03360898596861,28.805467286991504],[80.03408609604091,28.80982832280038],[80.05842383653093,28.83525852521235],[80.06436782403084,28.840912665213935],[80.0664011547098,28.84284344408259],[80.06217398313473,28.882739049471024],[80.05875381298702,28.914991770239187],[80.08905340906648,28.95985477532923],[80.09786908519081,28.972911004353055],[80.0988500357819,28.97683503775267],[80.09925136152115,28.97843138087004],[80.10555650663001,28.97720508577505],[80.12033396956602,28.974337906208603],[80.13057660459175,29.001476006232775],[80.13115626269519,29.00302330571273],[80.1316111092509,29.004222768063613],[80.13508469775292,29.004222807448947],[80.1360835392654,29.006175908149228],[80.13656067898306,29.009792176552445],[80.1256626437183,29.01288679967896],[80.13175380738329,29.029300810089868],[80.13118301343029,29.031967319301874],[80.12723224849375,29.032350795318077],[80.14686117241322,29.083893595249464],[80.14423032929696,29.084125425021135],[80.13858514962385,29.084629303618886],[80.14477880448295,29.099937383701253],[80.14501509322369,29.100521575465503],[80.14633059801072,29.103772270580812],[80.15280961586731,29.109305995746013],[80.15672470945724,29.11190120582435],[80.15074059446121,29.120391260716467],[80.1431824329526,29.131057496364743],[80.13913800538111,29.133291513523197],[80.1356420910859,29.132930287044758],[80.1236248325329,29.126041012017875],[80.11512136098234,29.12347256605707],[80.10987741824526,29.122870603370995],[80.09216136747449,29.12356175261434],[80.08519182941826,29.122032271739933],[80.06926840299745,29.128529205591715],[80.06731971441725,29.126339739132682],[80.07099854447551,29.117011320530583],[80.07232728732804,29.109381801021136],[80.06694961463708,29.08981079375236],[80.06195989074662,29.081490131490025],[80.05895896050544,29.079247167063727],[80.05629686504457,29.079429965902587],[80.05340735719179,29.08299286474237],[80.04984903785893,29.0897082529461],[80.04754806295996,29.09138932651072],[80.04453375553621,29.091928873131806],[80.04073909410874,29.089610119896747],[80.03714059585221,29.08587784199693],[80.02876191392507,29.079590493309304],[80.02015142186225,29.077780118388795],[80.01467112312615,29.07899304695789],[80.0096190088841,29.081900386270977],[79.99936748407171,29.093529664853495],[79.9950778251447,29.095549661183426],[79.99208132077041,29.094880769779472],[79.98934788156213,29.091670249487994],[79.98777833172188,29.074770212209298],[79.95956999983117,29.058021896419284],[79.95542751703692,29.052332030652327],[79.94992948414072,29.049420234752343],[79.93396143369262,29.045893076598514],[79.92472663244374,29.044421626942608],[79.91911257317554,29.039133125574388],[79.913083927367,29.035820022010352],[79.90817446274994,29.03205204506124],[79.90482118521801,29.032439969601935],[79.90244445650413,29.030990806657606],[79.89845362841608,29.028279666300694],[79.89637118469645,29.023169563073544],[79.8932587883791,29.020177428612453],[79.89089097319606,29.015861049354324],[79.86105960415127,29.006492528422303],[79.85669855591136,28.99977264447395],[79.85314913760945,28.994488614494063],[79.85054059035217,28.98808085558832],[79.84591644941248,28.98960141109801],[79.84678596229627,28.99624102227694],[79.84313844667494,29.003393427311895],[79.8436423246163,29.006550473029463],[79.84487751858494,29.01761793868319],[79.84200135583254,29.022210850499597],[79.83727470306572,29.022268742458003],[79.8332303148181,29.019071650915368],[79.8229520758622,29.0066129069365],[79.82184627354803,29.003290884867635],[79.81842165277597,29.002363340856554],[79.81043990427102,29.002492717756294],[79.803327633358,29.0038794558547],[79.80074130487172,29.003549512168355],[79.79416859217943,28.99644167934587],[79.79123005860988,28.994319117615763],[79.78778766251679,28.994020398889095],[79.789045103197,28.99798004599584],[79.78323936241286,28.998907594684066],[79.78238761544024,29.00094978839921],[79.78537083241389,29.006719900851053],[79.78777868195546,29.01156245510225],[79.7927639512288,29.011370733172427],[79.78814885138799,29.019539820578295],[79.77897644011728,29.018581138302192],[79.77744248052515,29.021537470579595],[79.76168854575177,29.0203290431093],[79.76130055636985,29.02288856114328],[79.76439518451578,29.024721299230706],[79.76161274465146,29.02581821061234],[79.75351500190659,29.031351935472415],[79.7450337685379,29.03020153597515],[79.7376628714469,29.02547039232968],[79.7378323143568,29.02087756817283],[79.72796429634415,29.02214841622145],[79.71393597979838,29.022317849739053],[79.70244489372334,29.026063512023565],[79.69901139820495,29.027539429921998],[79.68824715167408,29.03487908431722],[79.68273121844572,29.04080077549091],[79.68004685424296,29.050570698813832],[79.677077073669,29.054360945150396],[79.66443548302388,29.059471030381385],[79.65524977240027,29.064888844594496],[79.64064620793489,29.070382458370513],[79.63385943994562,29.070132794176946],[79.63152292998502,29.0631275433519],[79.62185110086183,29.056340779376107],[79.62111538287687,29.055988541587084],[79.61617462348106,29.054757804404776],[79.56828392157894,29.053830299213757],[79.54502971206078,29.05547120782712],[79.50591450935818,29.053290782119554],[79.4504610994625,29.05452146980187],[79.40744857110333,29.05400865591495],[79.38385550338752,29.073361157853626],[79.37188723187504,29.084691763820242],[79.33761462512663,29.106452143579773],[79.31915393737772,29.124021002451766],[79.3026954114807,29.138370383286976],[79.29490534657197,29.142668963797732],[79.28391364034059,29.15292047798992],[79.26777620545758,29.16352863018212],[79.2611455140067,29.16930767138269],[79.25829170006556,29.173811325111984],[79.25224957611752,29.182350549580654],[79.23507755949443,29.18936023478658],[79.23628153821136,29.204940276404713],[79.23831936956167,29.21578036802993],[79.24224785465253,29.219650902588555],[79.2537389584288,29.22685237020676],[79.25781898089534,29.233349242317747],[79.26841832931198,29.243680960914293],[79.25063989478785,29.245121293398416],[79.22450955829107,29.24928163579409],[79.2127775908031,29.251841163033646],[79.18242010156868,29.261089279739675],[79.13725381211306,29.273048584494944],[79.12560216285046,29.27904165337655],[79.12162023795162,29.276170030540793],[79.11853010595746,29.28598003137528],[79.11966716351871,29.295379769851703],[79.11324155010044,29.304289057647207],[79.11710312171095,29.308235404473553],[79.10137144971321,29.30938588065978],[79.08564864399554,29.31313147915616],[79.06393280453545,29.32286571238151],[79.02874157337054,29.33409368908644],[78.99503968568737,29.344581542894996],[78.96958716545159,29.358056895551883],[78.96284497665926,29.368540241614802],[78.9508678968713,29.376027079841922],[78.94038448224737,29.373779753493753],[78.93364682092565,29.365543720689132],[78.92316344453003,29.361802550044597],[78.91342921842036,29.357307785938648],[78.90069402521846,29.357307768778888],[78.87374322680671,29.36254724286882],[78.84828180929466,29.367791122559563],[78.83580079563721,29.37228589005184],[78.83626004671362,29.37141190626113],[78.83436496330268,29.36967291033937],[78.82881784066474,29.36817912038576],[78.82392173357914,29.368442147752926],[78.8141785684945,29.37004297465523],[78.81176622113595,29.37231267704671],[78.81095915362381,29.380281080333045],[78.81500349957999,29.385337674489595],[78.81160572430117,29.384700049586197],[78.80898372034066,29.382880773778858],[78.80777083512301,29.380272148919172],[78.80684782921954,29.373150952954052],[78.79720281158144,29.355631161807043],[78.79014406713391,29.352117377848387],[78.79012176382247,29.350400693212833],[78.79167347441926,29.34788121544527],[78.79270355471343,29.343426584929905],[78.7979117959861,29.3383165104442],[78.79738563357867,29.33696980460942],[78.7913346071149,29.33499889254436],[78.78884199481848,29.329282379950396],[78.78132841987433,29.331962243013116],[78.78444532056204,29.34293164221629],[78.7824609694455,29.346440971170498],[78.78089139059017,29.343520265619738],[78.77905429023927,29.342271674383543],[78.7696232343461,29.340648555701296],[78.7659311135753,29.34104988944928],[78.763848679325,29.343199231666084],[78.7653291205233,29.34573200886366],[78.76352761582042,29.34739075948386],[78.75740974306855,29.349758562505507],[78.74704682972194,29.343341896073692],[78.74608814272041,29.340920571736447],[78.74164684034243,29.335881793124766],[78.74149972182143,29.3326221942316],[78.73478877474503,29.33175714777758],[78.7315960069831,29.334312214688296],[78.72834985187335,29.33416063400373],[78.72772998402246,29.331382623845478],[78.72570998031375,29.329982430564385],[78.72591957750566,29.325122036438948],[78.72860840292077,29.318959571823925],[78.72734202401291,29.31748800472998],[78.72110824593136,29.319458970178268],[78.7197570796066,29.318420009193776],[78.71412530624421,29.31933413410968],[78.71385772007373,29.3173497785049],[78.7208005390763,29.31227977431007],[78.72756052742892,29.312788151295056],[78.73139091969355,29.311008955429397],[78.73890007298569,29.30630910254409],[78.7467570192309,29.30271060085508],[78.76107961282808,29.29333308478165],[78.76552531774239,29.289921884788935],[78.76683184812646,29.285908673950185],[78.75863604590278,29.28667122032154],[78.78153798575238,29.27122928862717],[78.78600152948127,29.273021872920214],[78.78737046469338,29.26532990028492],[78.78994783239901,29.262988862742798],[78.79286857748596,29.262609897261463],[78.79988269740774,29.25785198404142],[78.81378170028246,29.252291515618218],[78.81611829068414,29.253829899763247],[78.82290062191898,29.255791948538988],[78.8275603513418,29.25793231344684],[78.83125249537275,29.260737058667818],[78.83319222601294,29.259421658544927],[78.8340527704612,29.25619317973718],[78.84232887143504,29.254280290827143],[78.84519164198142,29.25814188853818],[78.84668546109268,29.258253301975646],[78.85060055872027,29.262230864797804],[78.85262491624925,29.261312272250553],[78.85383785197097,29.259212053523658],[78.85437736164215,29.25541730521709],[78.85787334679628,29.252202338073285],[78.86406703632454,29.24949117584653],[78.87097863701801,29.240729100008263],[78.87359613294167,29.235253263212975],[78.8730387635149,29.232261227445093],[78.86958288116817,29.22954120489244],[78.87014925346506,29.2285289293522],[78.88286658654512,29.225322853140113],[78.88445405317736,29.219512619955875],[78.88687981052192,29.21783156767405],[78.89103561929035,29.216471562143376],[78.8921415137103,29.214870771348053],[78.89225740477795,29.212850797208777],[78.88774929615481,29.210331338568267],[78.89356397635828,29.204837778749106],[78.89916010146233,29.20259035046182],[78.89720708556034,29.198688638802803],[78.89434877445105,29.19590168095925],[78.89911554443289,29.190631104147222],[78.90130494568056,29.182742913565765],[78.90570164662796,29.180339467235246],[78.90573281717238,29.177490124385557],[78.90239742597649,29.174498069939162],[78.9045110279739,29.17056955986371],[78.90332048110683,29.16768007712383],[78.90571503010393,29.165209729292172],[78.90479199767438,29.163171937939495],[78.89961050625914,29.16141948582757],[78.89504436210841,29.15680878909166],[78.89589607242554,29.155792084651342],[78.89834408286653,29.154891383474595],[78.900404236024,29.150619579120146],[78.91445042076339,29.148983075529046],[78.92077787186832,29.152862469547546],[78.92363609745367,29.157129864659407],[78.93371371905155,29.154209159477677],[78.94438877416077,29.149589460069432],[78.94888355512722,29.15278218129621],[78.95146987142448,29.15971162087103],[78.95610732343063,29.160371597377974],[78.96080720425556,29.1615978763888]]]},"id":"00010000000000001848","properties":{"ADM0_CODE":115,"ADM0_NAME":"India","ADM1_CODE":70082,"ADM1_NAME":"Uttarakhand","ADM2_CODE":70288,"ADM2_NAME":"Udham Singh Nagar","DISP_AREA":"NO","EXP2_YEAR":3000,"STATUS":"Member State","STR2_YEAR":1996,"Shape_Area":0.265448739572,"Shape_Leng":4.88839395447}},{"type":"Feature","geometry":{"type":"Polygon","coordinates":[[[79.80874538956866,29.778403042361763],[79.81185341445685,29.774202554129594],[79.81511745858843,29.767041239849718],[79.81699918428816,29.760392674818107],[79.82009828431508,29.755889019515205],[79.84957735446693,29.746221699883062],[79.85709988732954,29.74488836866931],[79.86546965827159,29.73836916040229],[79.87754041795318,29.72648124474418],[79.88095163889149,29.721839329760677],[79.88044771781995,29.711998084461662],[79.88327033923245,29.707498810872067],[79.88403285952323,29.7062681585249],[79.88790781286995,29.70386914298272],[79.89966644248551,29.701479033255982],[79.90503523712368,29.701059896540002],[79.90952106755402,29.702879229272252],[79.92127082479459,29.696667694626417],[79.92928378264713,29.688672542570416],[79.93218219671782,29.690951089338878],[79.93773829654148,29.68863241515],[79.94325861154721,29.68497142292217],[79.94602773090358,29.67827836852277],[79.94526079761208,29.673908436848812],[79.94905100297001,29.67089853715357],[79.94915806033151,29.666599992887754],[79.94639783378675,29.662662591305075],[79.94946121806561,29.658328364098185],[79.95424586569537,29.65378001344914],[79.96555413060149,29.63357141940188],[79.97068212006528,29.62612915138644],[79.97284029389809,29.617309092484422],[79.97769185048202,29.60818129582496],[79.98021119069728,29.60011921615704],[79.98116104497893,29.592302423699866],[79.98301156692054,29.58555132768406],[79.98702029890467,29.573899680144038],[79.98970022211307,29.566140881321438],[79.99246035863308,29.560558106808223],[79.99672770587118,29.55444016722312],[80.0024264480351,29.55232216503871],[80.00987315721254,29.552968720800298],[80.01692741739866,29.551911860327515],[80.03138835115182,29.54894212484626],[80.03961983508455,29.54595006366733],[80.04438212918589,29.542592356680036],[80.0488947329359,29.540509941081655],[80.05127147926656,29.53707203032117],[80.05187341538708,29.532349799685047],[80.05288567165881,29.53037892636908],[80.05744728642568,29.52937109691784],[80.05954754189304,29.525589803157747],[80.07369181487665,29.52603125666857],[80.09023953322865,29.526173942094758],[80.09671860596433,29.52314175501393],[80.10217205998714,29.51812977144169],[80.1094894355827,29.514009569260075],[80.11369443351869,29.510660728999092],[80.11414920211584,29.499290016120185],[80.12161824247305,29.49289126068775],[80.12988090746714,29.48832068093757],[80.13321638566788,29.481172735183574],[80.13765763877174,29.477021279580967],[80.14494379780707,29.477311146022103],[80.14765937022696,29.47561224254748],[80.14865823562202,29.47332914843799],[80.15305491066204,29.471291385122885],[80.16175015717442,29.469391778344917],[80.17027148641766,29.462497957798192],[80.17389669416369,29.461940644119796],[80.17906928679997,29.46237757713945],[80.18715809380535,29.459131378991522],[80.20302807653911,29.456580745628223],[80.21106779935533,29.453789402537662],[80.22236718955025,29.451229884393705],[80.22572484440113,29.449869817530352],[80.22699128112916,29.445272472051045],[80.23351489293312,29.446989280916604],[80.2442792081056,29.444376248413814],[80.24568379226163,29.444032848059756],[80.24546088446147,29.444987139054334],[80.24789548236093,29.447733892376917],[80.24845732890408,29.448367088818916],[80.24899245790357,29.448264523524433],[80.2543567481824,29.447225571560338],[80.25686280313874,29.44866140809083],[80.26106769467225,29.451078228980773],[80.2652012677725,29.450413850990056],[80.26787226786998,29.44998578756062],[80.27366461737584,29.451256589275797],[80.27415519081293,29.451363604441717],[80.27496223236308,29.452839603097686],[80.27168035149566,29.45398113092139],[80.27168035149566,29.456170502589426],[80.27910473739664,29.458694361515626],[80.28095973282399,29.457218446001956],[80.27948378501934,29.45393204212637],[80.28048263583189,29.452982254681928],[80.28804970623216,29.450507485176875],[80.29485432063473,29.452603280018593],[80.29684305941977,29.45194779922108],[80.29975929277843,29.450984554268842],[80.30289852266952,29.451983455549005],[80.30351832864815,29.455934236563053],[80.29528686616462,29.463880361081493],[80.28919123060153,29.47244626286871],[80.28819239762146,29.476111611950415],[80.29485432063473,29.48077586419876],[80.298461718263,29.487272794996034],[80.30018739191473,29.490389695821204],[80.30543578737382,29.486751055321786],[80.30575231308413,29.48653255410758],[80.31522347452508,29.48496297576181],[80.31560695054462,29.497096197002225],[80.31689117021253,29.49947729433871],[80.32992956278927,29.504475943966423],[80.33271656958433,29.50800314083112],[80.33544994111433,29.511467855011986],[80.33890577266172,29.51013454601874],[80.3417328488379,29.509042122944855],[80.34453765026963,29.509706519515426],[80.35129759765613,29.518321453214735],[80.35106128781818,29.523177423668216],[80.35781680184961,29.52617395902318],[80.35881565922968,29.52960303703046],[80.35776777630475,29.53383466765888],[80.35515026344895,29.534360871742066],[80.35044149179505,29.54021121735448],[80.34487204468174,29.53997491255155],[80.34815838688202,29.546971221814005],[80.3450147248913,29.5498741195295],[80.34520643776358,29.55139912003849],[80.34815838688202,29.552513841936182],[80.35163205014167,29.553824806551052],[80.35762503278755,29.554279696816714],[80.36419336221758,29.554774651802212],[80.36586102159943,29.556629626886835],[80.36502273570684,29.560277160219705],[80.36462138860901,29.562007287922025],[80.37451169018415,29.561307197891583],[80.3800409458463,29.56091482533349],[80.38128060566964,29.562676166189995],[80.38146790364333,29.570287838421606],[80.39088993756235,29.57124210891602],[80.39350743867216,29.579473579547738],[80.40849897183713,29.59089778338478],[80.411878939165,29.595463884917177],[80.41002394375708,29.607886960926027],[80.40873970509763,29.610531187733617],[80.40787917602833,29.612310407045623],[80.41292682438332,29.623779208018068],[80.4226788878543,29.62796633809185],[80.42130102738345,29.63234517546411],[80.42192080846259,29.63919877566248],[80.41658773882533,29.644482809724458],[80.41825545815364,29.649191602217066],[80.41768472525177,29.65176453262429],[80.41292682438332,29.653476856339513],[80.41063930819374,29.658520052040966],[80.40055285653384,29.65790022677176],[80.40169438272171,29.661280286511104],[80.39293670658088,29.663563357776255],[80.39017649952287,29.666515216156707],[80.39141617915173,29.67122853428197],[80.38503965105667,29.676173622117314],[80.3862748201436,29.68440957689695],[80.38246673415485,29.68850306214891],[80.38203862899059,29.695164957153953],[80.37785157718822,29.70282572714318],[80.37571116640916,29.712105068535557],[80.3736644860449,29.715293361479656],[80.37713811300316,29.719672177927425],[80.36990544003247,29.721955239764288],[80.36704711343411,29.72861713837865],[80.36733256817283,29.730712912357312],[80.37114057738262,29.733709421711964],[80.36586102159943,29.738757119457617],[80.36673498115853,29.748500306378816],[80.36676174268113,29.748799001388914],[80.36819317434757,29.749797900877866],[80.37073033947595,29.74935191983567],[80.3752340963349,29.748558207160528],[80.38636842112918,29.750604972585695],[80.38784436403272,29.751652872974503],[80.386801005813,29.756504391654623],[80.38770167171916,29.758551072864837],[80.39013190944345,29.75964798808936],[80.39884053802813,29.758693766555716],[80.39864877791261,29.765502805298404],[80.40278680919641,29.77511217027383],[80.40607317402457,29.77749331897459],[80.40640766267114,29.782014856972435],[80.40988128928701,29.79010368662317],[80.41449646238199,29.791343328723254],[80.41968235823681,29.79595845208924],[80.42824833997972,29.797242694153887],[80.43587782264443,29.80450211389712],[80.43605175590793,29.80466715241574],[80.43848194506269,29.8044307995883],[80.44527317914216,29.79904865104258],[80.44604903998034,29.798433304880362],[80.45037882346179,29.798335155031136],[80.45398623846822,29.800529064510226],[80.4563273038664,29.801955979996965],[80.45829371392358,29.80148777478225],[80.46175397689167,29.800667325620488],[80.46564236831036,29.801224727004467],[80.46708262738383,29.801429835985598],[80.47712895516842,29.796881520554532],[80.48126258013126,29.79500422696993],[80.49549159890866,29.795432293443714],[80.49435000135084,29.801385204356794],[80.49815806453446,29.804332645221674],[80.5000487559185,29.812604280787898],[80.50006215770424,29.81266229242548],[80.50029397432583,29.812880780539178],[80.50748649830483,29.819658630026336],[80.50891347842742,29.822548122190607],[80.50939054653018,29.82351128712791],[80.50989441227168,29.823649463517754],[80.52504643673582,29.827796485994597],[80.53232820961938,29.838168385321772],[80.53703696451774,29.84074120070494],[80.53932006747061,29.846444394159708],[80.53951184218995,29.846926013850574],[80.54236119573785,29.847171266289095],[80.54503216864276,29.84740310871954],[80.54795737219835,29.848513419140346],[80.55233175911073,29.85017224709963],[80.55431157116281,29.85092136845005],[80.55564484045351,29.858822887652785],[80.56111611288158,29.865391162382227],[80.55749980265315,29.86981455023395],[80.55783427457513,29.87205308903838],[80.5674970953015,29.881283367965473],[80.57482342275087,29.89375545892075],[80.5718268838711,29.904033728711134],[80.57442207135041,29.92031833712261],[80.57448901988319,29.920737501763096],[80.574979522154,29.921321625732283],[80.57958127056207,29.9268286209457],[80.58514627672548,29.939684280603327],[80.58557875768565,29.940678636893228],[80.58633686487674,29.941195915790804],[80.58924416267404,29.943198049628315],[80.59148709731429,29.94777307728365],[80.59176356238754,29.94833936551659],[80.59229420665368,29.9488031401247],[80.60204624916477,29.957333320971454],[80.61394314122354,29.95852395527281],[80.61646254443774,29.960615254400714],[80.6312310538316,29.964503616132593],[80.63164576167114,29.964615045213808],[80.64628054373823,29.958399089462265],[80.65406166607414,29.95509489556815],[80.67324024153176,29.956000089964412],[80.68118636740763,29.960856045535042],[80.69051483641763,29.973368299713506],[80.70155550283907,29.97984289040758],[80.7059298910551,29.98626846687288],[80.71273899917048,29.99064734401667],[80.7193027190093,29.998829788153998],[80.72685651062709,30.0012733826781],[80.73749142894115,30.0047157292767],[80.74062616942487,30.005732429645654],[80.74809518340935,30.01006222621895],[80.75623302618399,30.019149897497098],[80.76322932432878,30.041900186458857],[80.772147552351,30.05498322487693],[80.77350761260283,30.05698536327729],[80.77774370503792,30.05926841034593],[80.77987967300541,30.059562748253647],[80.78669312387679,30.06050806764258],[80.79206640571321,30.06907393671335],[80.80748594352573,30.080970814466976],[80.81676529596744,30.094865442352713],[80.8213581865433,30.097050390469224],[80.82876033232958,30.10057751577821],[80.8323944975084,30.100301038807117],[80.8401354410178,30.09972132733888],[80.84517870211965,30.105099071787652],[80.84594122827866,30.114614727321214],[80.86050021673353,30.121990106302523],[80.86778635954195,30.124259820346097],[80.87382401984917,30.126141578981315],[80.8742564820809,30.12627533987399],[80.87589748693745,30.12759971540113],[80.87614714704992,30.127800304471243],[80.87768114229657,30.12903551448046],[80.87958515001921,30.132460130328397],[80.87939341734857,30.137744122624383],[80.87411379175556,30.148833872230206],[80.87011405294349,30.175860483962115],[80.88705856624493,30.188997017033934],[80.89738144103971,30.209410768764137],[80.90429750066467,30.2165720892357],[80.91263598140019,30.216902090230413],[80.9193692061437,30.217169657619156],[80.9230346074705,30.214788479550084],[80.9247469209923,30.201941817284403],[80.92193765438779,30.192898714337023],[80.92312826968657,30.191137370551377],[80.93457920526201,30.186294839597725],[80.94473260313696,30.18200072045231],[80.95922472181775,30.181398757976343],[80.98837384700556,30.192136225220874],[81.00119371606446,30.19529775827401],[81.03692006711844,30.202757847117994],[81.03692006711844,30.202762301057074],[81.03604166167909,30.208050780200907],[81.03691113565924,30.20864381488641],[81.04200788500545,30.21210859422906],[81.04328768670882,30.212978063465176],[81.04329215207659,30.212978107533917],[81.03800809663562,30.2222797555911],[81.03769145488822,30.222841590971388],[81.02839874151442,30.231082021909405],[81.03177874935017,30.248820351156656],[81.03201949279612,30.250077776174532],[81.03016902723185,30.251348608361322],[81.02393071667242,30.255629424442862],[81.02296308877479,30.256284828726933],[81.02228080367826,30.25674858886109],[81.0142276909548,30.262268940197046],[81.01408053214165,30.26237150143206],[81.01194020848982,30.262692638938816],[81.01194020848982,30.26269709066104],[81.01085215605725,30.262862042724155],[81.00030193050017,30.26760208499581],[80.99410821498894,30.270491603833957],[80.99102698289673,30.27136551207486],[80.98556902579504,30.27292179109818],[80.98393256011425,30.273033229048412],[80.98197944808791,30.273171466495207],[80.97385054736934,30.27376008003606],[80.97034569583006,30.27339893859745],[80.96727779038682,30.27307780817335],[80.95539879320424,30.271838195457676],[80.95019497761669,30.270959750721055],[80.94302924054277,30.26975139688872],[80.93185921323511,30.269751338840337],[80.92875117575716,30.271441318695828],[80.9286575201641,30.27184270427219],[80.92794851843301,30.274941779402166],[80.929433423892,30.277175782261704],[80.93053035794277,30.278830043499152],[80.93086928143187,30.27960599402372],[80.93159167215596,30.281251382207508],[80.93210000787336,30.282397393135824],[80.93210000787336,30.282401843524628],[80.93048133752261,30.28596015165913],[80.92685163313168,30.286450703313857],[80.92059099722324,30.287297933518083],[80.9196100386071,30.289148433429265],[80.9194940948282,30.28936696669716],[80.91642177628944,30.295199481291124],[80.91341187262543,30.30364050604711],[80.91340739992197,30.30364054340044],[80.90857825262601,30.306159918636475],[80.89843821732805,30.30559804723584],[80.88902059771833,30.303881320021464],[80.88464179583211,30.303471073487138],[80.87987946003946,30.303930336464656],[80.87689181681267,30.305441969567298],[80.87261113739781,30.308438477929624],[80.86667158934986,30.313570945620317],[80.86153020525275,30.31602348461493],[80.85909112840044,30.31719170355041],[80.84248100065193,30.317918526497124],[80.8359305100133,30.317570731823444],[80.83334873530926,30.317428029629767],[80.82599119731891,30.32055838691002],[80.82589311253118,30.320598495174682],[80.82587080899683,30.32061184001271],[80.82099252231758,30.32232860019845],[80.81507981838166,30.324411007942466],[80.80383839784464,30.334310250797795],[80.79451884533161,30.34309914374249],[80.79301613591107,30.345266224582073],[80.79299830268938,30.345288507684472],[80.78751807647208,30.353181158806198],[80.78281818486153,30.359999101173052],[80.78251050115739,30.360440545256438],[80.78140908530331,30.36152407290592],[80.78115050821039,30.361778309478932],[80.78033005510119,30.362580914472574],[80.77760101211106,30.365238565174465],[80.75645151905769,30.3802300840658],[80.75644703759214,30.380234472950086],[80.75574251429501,30.381139719682693],[80.74361820463946,30.39671982128892],[80.74183013460134,30.399025185922202],[80.74183013460134,30.399029630739637],[80.74075996301185,30.400411901936486],[80.73218513992614,30.40789434139772],[80.72752981942988,30.411960964221123],[80.72251776400361,30.414953054468192],[80.7175503194618,30.417918374903593],[80.71142800197451,30.41863178510426],[80.70382073769811,30.4168883119399],[80.7032276976686,30.416750079496573],[80.70268812816644,30.41662080721987],[80.69554020743004,30.41729856101283],[80.69290485854789,30.418498041828204],[80.69002875030993,30.419800102781032],[80.68677357408363,30.424335000722145],[80.68466003049343,30.42727798941244],[80.67926006404932,30.43240155003124],[80.6755545102326,30.435910818396064],[80.67411865906959,30.437270877067267],[80.67064954022409,30.43989278096236],[80.66400096339932,30.444918246652595],[80.65061921016418,30.450567905311818],[80.64528167714276,30.4536402263139],[80.64234309098462,30.455330236783006],[80.63135147768477,30.461662112300036],[80.61914245927714,30.46427073656935],[80.61816138685178,30.464480328308813],[80.61586056793733,30.46518479665348],[80.61585607871928,30.465184820778536],[80.6106701052314,30.46676778188572],[80.60509624078499,30.468471167096563],[80.60509183569046,30.468471196889208],[80.6040929743937,30.468778907576148],[80.60408848453086,30.46877884411713],[80.59829169712488,30.46884131456473],[80.59662844968457,30.468859140404618],[80.59197309229928,30.468194767999268],[80.58886957170506,30.46774880477667],[80.5831396674609,30.466999659706037],[80.57204985473446,30.46353942324101],[80.57174222088774,30.463441339095997],[80.56286856553065,30.459138296610544],[80.5620882049064,30.458759237111742],[80.56149964519805,30.45828211671836],[80.55682203936756,30.454491919101336],[80.55565823322011,30.453479711879506],[80.55107421977003,30.4504252251669],[80.55044997808145,30.450010501497562],[80.54434099297248,30.44746884232619],[80.53813837945602,30.446568120589255],[80.53442398083722,30.448708424643005],[80.53257791085963,30.449769698425705],[80.53111979756316,30.45069278330939],[80.53075859322013,30.450924663064296],[80.52725822083148,30.4531408240242],[80.52217927131417,30.45681952871408],[80.51620854559145,30.458928722746244],[80.51061233720098,30.459325536684897],[80.50968043296876,30.459387990163815],[80.50341092453999,30.457760393187673],[80.5002583494207,30.457809511253327],[80.49699877539314,30.457858559493783],[80.49183059307714,30.46135000381395],[80.48644847327226,30.464609565390102],[80.48273854003163,30.469291640135097],[80.48041086033325,30.47458911607077],[80.47992038996944,30.47561909701366],[80.47790935480471,30.479850815931627],[80.47434200824853,30.48460868653072],[80.4716085933129,30.4897678544169],[80.46850062981761,30.494762022753623],[80.4683445837003,30.494971652910486],[80.46797886272256,30.49547105587355],[80.46718962966854,30.496536806307446],[80.46495120819515,30.49955109616742],[80.46093795336087,30.504068218108284],[80.45606863147209,30.5078806986781],[80.4504278795838,30.510689956217895],[80.44722177203616,30.511283021871836],[80.44397106452956,30.511880543184787],[80.44067583676558,30.512286279558236],[80.43746969318359,30.512678732429062],[80.43713974309962,30.512718816519662],[80.4312404021667,30.513467990650952],[80.4309817367099,30.513499215943625],[80.4244402135998,30.51401202625451],[80.41788985671725,30.51430183783305],[80.41133941028096,30.514618441216623],[80.40694722340845,30.514841401521217],[80.40478004309897,30.51494839045821],[80.40136437608312,30.51526502426764],[80.39826084024924,30.51555036013138],[80.39183081714337,30.516901503060755],[80.38652003411885,30.520187852650743],[80.38165069926642,30.523639153443884],[80.38136979523316,30.523839847256014],[80.37684827440653,30.527558714368343],[80.37659852991135,30.527759436711335],[80.3731293829791,30.532361162974944],[80.37206366904746,30.535607422441455],[80.37130113795507,30.537930616244324],[80.36970919602454,30.540793382966164],[80.36970919602454,30.54079781965932],[80.36846069958133,30.543040774082005],[80.36526350906045,30.5470182975016],[80.36471059589874,30.547709395415783],[80.36450100109717,30.54799479955904],[80.3611522559508,30.552569804172332],[80.3576027715743,30.557309874239003],[80.35759835331753,30.557309893529176],[80.35538214340933,30.557327690158232],[80.3510122583295,30.55735894760926],[80.34243293195905,30.559249563082062],[80.33976191103528,30.559838192873546],[80.3378712392531,30.56601850745953],[80.32996976515345,30.564230420405522],[80.32386074051263,30.562170316714838],[80.31751988411246,30.560712112311535],[80.31677079935822,30.560391064465378],[80.31162946031523,30.55821952419484],[80.30527969206585,30.556761377980163],[80.30256855277412,30.556279836183972],[80.29884076410887,30.555619878166794],[80.29236163501344,30.554719095757477],[80.28579790557387,30.554130487411218],[80.28314473462616,30.553978941526466],[80.27925195129252,30.553760390059693],[80.27702236897619,30.553952178602096],[80.27266134842168,30.554331167627662],[80.26964704735173,30.55587852690797],[80.26711866004204,30.5571805862148],[80.26220924278235,30.56098865868467],[80.25837887130382,30.56395840387903],[80.2572819320903,30.564810047175502],[80.2561760464728,30.5655101279363],[80.25592186087832,30.565670668947273],[80.25194879337323,30.568190096002652],[80.24758333433205,30.569750772454316],[80.24599143809606,30.570321526561195],[80.24578188852408,30.570361662321446],[80.24440853053305,30.570651466281586],[80.23421944674598,30.572818642609757],[80.2334613704301,30.57516412146025],[80.23236002470071,30.578548561842176],[80.2207485236454,30.582080145656732],[80.21762267519279,30.5830299753237],[80.21761824961331,30.583029988863075],[80.20692971886626,30.58827834578369],[80.19494366823668,30.6064446927548],[80.17928777060189,30.63017159586333],[80.1481008417184,30.650612068789332],[80.13676129665785,30.66600487339762],[80.13281947805356,30.671360271105197],[80.12608625154628,30.67680042157181],[80.11652150946973,30.684527993247958],[80.10946719448533,30.68826031850017],[80.10346077996594,30.69143961705086],[80.09028862798444,30.693481867416036],[80.07729919241153,30.69550187243425],[80.06668207780305,30.703278550193502],[80.06497870642622,30.706324089730117],[80.05762122962497,30.719478424692248],[80.05864237146687,30.732614952714414],[80.05776839894087,30.73264176135653],[80.05016113958885,30.731317331525425],[80.02243887909188,30.738340467744454],[80.016824879228,30.73821112148276],[80.01217854462408,30.737038375852197],[80.0088743047846,30.73390808321745],[80.00324244935722,30.731130069418505],[79.98487988512916,30.725279717671988],[79.97587697575634,30.71774834900194],[79.96663772612234,30.713922433361684],[79.96582172318463,30.710872344456075],[79.9706420048044,30.699109245362855],[79.97165862224512,30.69398133852416],[79.97321933014551,30.691341522543883],[79.98037624249012,30.68550460192965],[79.98496906297538,30.684028594158445],[79.98735020570153,30.68302972894558],[79.99051617215879,30.678740080078427],[79.99540787205517,30.669839708517728],[79.99932294519844,30.669888747068363],[80.00196716663247,30.667311420649526],[80.00205189028382,30.66224141936195],[80.00421013986787,30.650759287394457],[80.0071798637565,30.64605043679463],[80.00984193258385,30.64391899383019],[80.01988826146314,30.640436464697604],[80.02034761872324,30.638028488194994],[80.01705230565592,30.632851451818247],[80.02018707854215,30.630180494046375],[80.02059729991315,30.626889713385893],[80.01880473169857,30.6223592255473],[80.01542029883342,30.619808641361754],[80.02770067186015,30.607028878342714],[80.02768728044103,30.601370260985938],[80.02569406832593,30.597111766285224],[80.02131520397172,30.595519886755373],[80.01648152049519,30.59526129045086],[80.01191544536813,30.590490020976894],[80.00401390654939,30.57964103780388],[80.00100849527416,30.574218750016744],[79.99683922698611,30.55973114891456],[79.9939274295126,30.554942044651046],[79.98745721607018,30.549617907034918],[79.98504484273849,30.54623790084947],[79.98219102351148,30.54367837971564],[79.98184326097225,30.540628366481446],[79.98306951243954,30.534782483122637],[79.98506720116951,30.533801489314282],[79.99209471767934,30.52612295087792],[79.9955282688972,30.51725825845074],[79.9968570601121,30.50718958636623],[79.99841330624656,30.50574929891651],[79.99978667736859,30.50226676315406],[79.99973317978169,30.49905173223643],[79.99846680464542,30.495930317211254],[80.00270288597825,30.493999536119446],[80.00489234581812,30.486539449177062],[80.00649315398823,30.483832798327075],[80.00668485994477,30.481219722887566],[80.0029080808584,30.479369209065865],[80.00020578332206,30.475980345276316],[79.99981790560985,30.470839017853642],[80.00949863155465,30.461871696657738],[80.01185743375181,30.452801899140532],[80.0142297360066,30.449872318220628],[80.02253697499187,30.446068694284936],[80.02337087096346,30.438729028286442],[80.02234530403004,30.434541891881615],[80.02246122790669,30.427808624494343],[80.0191258168779,30.42233290128687],[80.01965197089486,30.417579443796335],[80.02281343423147,30.414551723270733],[80.02371420243993,30.409169595155877],[80.01898753884187,30.39914112823369],[80.0158617652081,30.394668585033394],[80.01228552444381,30.391988724944195],[80.0037463459718,30.38274945248534],[79.99945221025618,30.3751823061177],[79.98512958286847,30.369751113188556],[79.98282424645913,30.36726745836228],[79.98259681583583,30.36502000670086],[79.98499133608827,30.362710225276892],[79.9890669638308,30.36085079586685],[79.9891650974062,30.35813968015746],[79.98499133608827,30.355343772917955],[79.98223121879766,30.341150508372024],[79.98034056948175,30.337681316441362],[79.9785212266886,30.33109969562235],[79.97854793933293,30.32805855327479],[79.9767286444589,30.323719842926163],[79.97934171931763,30.32005890269261],[79.98516977679857,30.32013025443862],[79.99362869277859,30.32050927060603],[80.00058034902628,30.320790209109617],[80.00890996609562,30.31981816211936],[80.01531775888273,30.318119190883344],[80.02291152970794,30.3100527395927],[80.0304028814498,30.2993999495814],[80.03706921113304,30.294080250645667],[80.0553648863091,30.284488644087382],[80.05340735719179,30.280212404136442],[80.0515077688989,30.272119138519443],[80.0553604523515,30.26963988242857],[80.05996670011936,30.269742406053652],[80.06162105925638,30.266402586966407],[80.0610948190894,30.263597769887827],[80.06212043877198,30.25249906860896],[80.06685600241656,30.241989030581113],[80.06977225678361,30.23783307144467],[80.0741288069566,30.234212314344802],[80.08994965199113,30.231728598651035],[80.10031266264328,30.233128728030955],[80.10320213416959,30.23269173387811],[80.10505712291368,30.22989144600724],[80.10523991814267,30.225138078442434],[80.1041786777676,30.21975141613892],[80.09810090076105,30.20399299158162],[80.0969683223701,30.183828976204605],[80.09279463946076,30.167490778017793],[80.09207221467845,30.15042136863224],[80.09036440091202,30.144749393876026],[80.08479947356373,30.134738685328834],[80.07782541909272,30.129240583631887],[80.07145780110245,30.118801822427194],[80.07058830612101,30.10810896667652],[80.07071755016867,30.10322622195962],[80.07190818906975,30.098981152524832],[80.06961615620408,30.088060784452495],[80.07254578709812,30.07108947782364],[80.07228721903084,30.06633159773356],[80.06842113766825,30.05544251776917],[80.06524624853535,30.050461707411063],[80.06389514388626,30.043509947039244],[80.05822764063016,30.02994093127241],[80.05825884783059,30.024523068775117],[80.06160767308317,30.010900581464956],[80.06507683939928,30.006129277268094],[80.0752123263514,29.982710140118925],[80.07935489368298,29.977118400927182],[80.08415284539865,29.972101867918127],[80.10494122457202,29.961279658059844],[80.11097880908602,29.95689190953248],[80.13035356637744,29.94617226487984],[80.13336794102086,29.93876117241424],[80.13590072445156,29.935488224731547],[80.14337860571061,29.921758646301058],[80.14697267013217,29.91437879306337],[80.1467274431014,29.910931981868686],[80.1438512754405,29.904840781031194],[80.13871889163612,29.902209984641402],[80.13704676074434,29.900809792534876],[80.13246720929445,29.90312849334787],[80.131446090279,29.90463126215313],[80.1181490511728,29.903948976957544],[80.11303890468118,29.904822999120295],[80.10896331704855,29.906909861791245],[80.10008076780314,29.90938906021874],[80.08590084422488,29.903159750848392],[80.07762031638106,29.89284141602774],[80.07382113952875,29.8935191511191],[80.06947352555348,29.896230306697767],[80.06347600471196,29.904158581447643],[80.0591283816343,29.906312312663584],[80.05433040373191,29.907578700823883],[80.04389160162599,29.907431545104558],[80.04139901009248,29.904568783530358],[80.03823302204842,29.90356994236712],[80.02353584084125,29.90291000389004],[80.00879854577866,29.89780881902269],[80.00356350674882,29.89478104605477],[80.00010774752165,29.890709887993772],[79.9964067085664,29.881158538707712],[79.99585822877185,29.874371757790282],[79.99604099886977,29.869609418364455],[79.99958156044507,29.860307760223883],[79.99912226401523,29.858261041140043],[79.98658773168394,29.856263373153254],[79.9633468659337,29.855647982105086],[79.96673579960184,29.849369573119006],[79.96920612237008,29.84714898499513],[79.97949772640332,29.848112115288096],[79.98294022304742,29.84324277838292],[79.98660112943834,29.840050108024954],[79.99041812543884,29.840009934534034],[80.00440185086029,29.8370535612074],[80.0072645823269,29.835171782538186],[80.0078888353488,29.83254983966448],[80.00723335676072,29.822347468430575],[80.00862902623214,29.818989708117307],[80.01109944017492,29.815449192966586],[80.01877794611185,29.812421455085026],[80.02172994099084,29.805251249446243],[80.02468183544383,29.801982762243615],[80.02622018251243,29.797759929889367],[80.02403970501477,29.793251775360694],[80.02149357013548,29.79034000582306],[80.00858449210416,29.78872140585424],[80.00467828252151,29.782719388220805],[80.00134287107885,29.781470898528404],[79.99267436667459,29.78213977290596],[79.98670814072763,29.77624929195664],[79.98194131734778,29.771861479289857],[79.97592152662527,29.767999938214384],[79.96708806087712,29.764923151431923],[79.94989823802314,29.769190470038602],[79.93139746632261,29.769609667249235],[79.92053954281543,29.77297184420324],[79.9190278543959,29.77721244972252],[79.91739589168377,29.795088979453986],[79.90791139153112,29.797001964834408],[79.90042002228213,29.79768863752245],[79.89769106235498,29.796110074369967],[79.89617052328623,29.80046218091493],[79.89382055527852,29.803882329429854],[79.89084637903052,29.803503269499988],[79.88683315323999,29.798402068712864],[79.88086688329427,29.79759049043529],[79.87622946574734,29.788271004872964],[79.87428081623442,29.780721764799612],[79.86789088121476,29.778518933461406],[79.86218328904275,29.778220190223443],[79.8579158766692,29.77438093938296],[79.84297792312402,29.773930531866085],[79.82817815994146,29.784342489280906],[79.82000013256344,29.787508458368823],[79.81186675338454,29.788168458097637],[79.80938747396318,29.783927788695316],[79.80874538956866,29.778403042361763]]]},"id":"0001000000000000183f","properties":{"ADM0_CODE":115,"ADM0_NAME":"India","ADM1_CODE":70082,"ADM1_NAME":"Uttarakhand","ADM2_CODE":17932,"ADM2_NAME":"Pithoragarh","DISP_AREA":"NO","EXP2_YEAR":3000,"STATUS":"Member State","STR2_YEAR":1998,"Shape_Area":0.673952441399,"Shape_Leng":5.24432414928}},{"type":"Feature","geometry":{"type":"Polygon","coordinates":[[[79.02410864648337,29.591468611436355],[79.02818423346908,29.588601389240182],[79.03669661628574,29.585939316170954],[79.04841515991014,29.584200200585748],[79.05890743437187,29.58467737989026],[79.06784791910148,29.58382125468628],[79.07966452817622,29.57282058940804],[79.0875616513669,29.5674875086198],[79.09297943323737,29.564241318132755],[79.09826790721279,29.564410734218296],[79.09951197318168,29.55356176520461],[79.10640130751828,29.552179437391555],[79.12065257944106,29.553771326956575],[79.12551747943853,29.556660812197936],[79.13069896605523,29.556580607139328],[79.13308906717384,29.552718947660438],[79.13503316585383,29.543729458728144],[79.14243974058608,29.540880108252455],[79.15463990073312,29.538102069131284],[79.16163615702465,29.538102077023545],[79.1686637569528,29.53696049331462],[79.18432410160486,29.529808142446935],[79.19072733860185,29.52762317034192],[79.2018885105636,29.528269711851834],[79.21055699499998,29.52726200749885],[79.21526132545772,29.53021834161254],[79.22075495069971,29.53553810125818],[79.22606572987004,29.53810206139609],[79.23049813482307,29.542249032068682],[79.23507755949443,29.547149551484964],[79.24189112535366,29.55859159923612],[79.24611835788615,29.56275200227433],[79.25646791142299,29.570158567364537],[79.26056579437875,29.5768917739235],[79.26676393750913,29.580900529471595],[79.27279712676493,29.583419928162712],[79.27681035000728,29.59107174293754],[79.28765041334687,29.59715841395912],[79.29593098286759,29.60505098584373],[79.31497127126075,29.61018788432783],[79.32287726445355,29.614910102707455],[79.32829959300307,29.61482979825133],[79.33793566237382,29.61020129316026],[79.34123983193645,29.607209158583146],[79.3412621790755,29.59967775342282],[79.34529317127985,29.60140789999495],[79.35028740546129,29.600337726126867],[79.35634733446354,29.594969007979984],[79.36633125174568,29.593461800417117],[79.37409007836622,29.58564051140361],[79.37831733826971,29.58002206390916],[79.38208082137612,29.57876013476712],[79.39096780767012,29.567389395822236],[79.39615818178973,29.56528919462023],[79.42764388180964,29.540122034778864],[79.43216098074917,29.533411045523053],[79.43596013552742,29.525879641557328],[79.4419397559092,29.52189326114698],[79.45056368903552,29.522419404186454],[79.45622224951846,29.51450892637022],[79.46118971736753,29.514410854793585],[79.46566662914424,29.513153421810042],[79.46826180924529,29.507610684863216],[79.46644695047954,29.50018189045061],[79.48332021548842,29.505421313799594],[79.48870232564796,29.505162643378295],[79.50211533280788,29.514540166246203],[79.50554437972252,29.520051655020815],[79.51043599288381,29.52580827018326],[79.5144179835874,29.53936841730003],[79.51481038236678,29.546329054994736],[79.51727180122384,29.551599792256553],[79.52079892999225,29.5515328346164],[79.52459810151427,29.550199582011714],[79.52754115190237,29.551412450457125],[79.53251744447255,29.555760068721426],[79.53640584172719,29.55542122849015],[79.536231903072,29.54494230521864],[79.54540431256612,29.544162015289906],[79.56482808240528,29.546489622785128],[79.57829461826424,29.554159290349652],[79.5842341563664,29.554698834954657],[79.60235589327341,29.560290567719267],[79.60957969676254,29.5586719063841],[79.61474773591793,29.55529185144241],[79.6227429345216,29.5475732250507],[79.63317719660073,29.55213930917393],[79.63970092128301,29.5487727055413],[79.65067922269856,29.54617298953478],[79.65447389686479,29.54271273037686],[79.65487519786343,29.538231391492413],[79.6595751259646,29.536630576317005],[79.66555916821532,29.533081101408733],[79.66998260009916,29.52785055803558],[79.67173062172857,29.522178612853406],[79.67003612632602,29.511409897625768],[79.66725811587682,29.50258087253329],[79.6701520854346,29.494269087273995],[79.67827655828476,29.479380185707576],[79.68238784214998,29.474889810219995],[79.69547973896873,29.46734948394956],[79.70046057965705,29.46626146722313],[79.70594083689556,29.463577071264975],[79.71939837886843,29.467313797247222],[79.71598718977035,29.45335235474308],[79.7164465078146,29.445999290866123],[79.7215120319359,29.440492361598654],[79.72738461641339,29.437741041370924],[79.73158068499674,29.436751107086277],[79.73677996599005,29.43832073798375],[79.75106695099177,29.44009102495416],[79.75396531411168,29.442481048184973],[79.75702871148086,29.453561982642157],[79.76406076247846,29.455818246982663],[79.7744058758828,29.45542141755204],[79.78497396546894,29.444300416410456],[79.79691093049995,29.443671688399924],[79.80499976181557,29.439912628695176],[79.81597804011994,29.432858309153062],[79.82457074239909,29.43213149793978],[79.83281562463013,29.43447254346026],[79.83600837261942,29.436742203427617],[79.83925460094218,29.44038979123122],[79.83676189869378,29.443930283389246],[79.8361376222448,29.449539851729863],[79.83853221091067,29.458061219696805],[79.84144395971893,29.459969684553688],[79.84542147369113,29.458101298551316],[79.84897539080362,29.454841708707093],[79.85479895843082,29.46059844175676],[79.8542861703482,29.4622081906661],[79.85854914346129,29.4683795364644],[79.86418091570852,29.47912148043717],[79.87407121806558,29.488079851835426],[79.88468832266301,29.4922402305427],[79.89523409731265,29.495120807588723],[79.8993052822498,29.49360917164052],[79.90255148541952,29.490951481612978],[79.9070507673198,29.48490055473104],[79.90891464526644,29.48037011168932],[79.91465797947642,29.480191681283372],[79.9319770915851,29.483522622874567],[79.94796744532486,29.481270802446474],[79.96319526861632,29.486086639940314],[79.9664771721725,29.4897698672178],[79.97392388425027,29.49138849542619],[79.9778612596201,29.493881116544326],[79.98155344357225,29.493560052385043],[79.98715845712822,29.491821000550832],[79.9911270630288,29.493399568013857],[79.99463642384238,29.492761899979413],[79.9980476049865,29.495531041330626],[80.00389795804563,29.496779571490606],[80.01093444666152,29.50172920655198],[80.0144794347938,29.503169480010566],[80.01685166541738,29.509202635919888],[80.01911242413512,29.511552540325034],[80.02912313585732,29.51185129736342],[80.0521454321778,29.517492077780876],[80.059676887722,29.522241069723748],[80.05954754189304,29.525589803157747],[80.05744728642568,29.52937109691784],[80.05288567165881,29.53037892636908],[80.05187341538708,29.532349799685047],[80.05127147926656,29.53707203032117],[80.0488947329359,29.540509941081655],[80.04438212918589,29.542592356680036],[80.03961983508455,29.54595006366733],[80.03138835115182,29.54894212484626],[80.01692741739866,29.551911860327515],[80.00987315721254,29.552968720800298],[80.0024264480351,29.55232216503871],[79.99672770587118,29.55444016722312],[79.99246035863308,29.560558106808223],[79.98970022211307,29.566140881321438],[79.98702029890467,29.573899680144038],[79.98301156692054,29.58555132768406],[79.98116104497893,29.592302423699866],[79.98021119069728,29.60011921615704],[79.97769185048202,29.60818129582496],[79.97284029389809,29.617309092484422],[79.97068212006528,29.62612915138644],[79.96555413060149,29.63357141940188],[79.95424586569537,29.65378001344914],[79.94946121806561,29.658328364098185],[79.94639783378675,29.662662591305075],[79.94915806033151,29.666599992887754],[79.94905100297001,29.67089853715357],[79.94526079761208,29.673908436848812],[79.94602773090358,29.67827836852277],[79.94325861154721,29.68497142292217],[79.93773829654148,29.68863241515],[79.93218219671782,29.690951089338878],[79.92928378264713,29.688672542570416],[79.92127082479459,29.696667694626417],[79.90952106755402,29.702879229272252],[79.90503523712368,29.701059896540002],[79.89966644248551,29.701479033255982],[79.88790781286995,29.70386914298272],[79.88403285952323,29.7062681585249],[79.88327033923245,29.707498810872067],[79.86334259483527,29.69704222140395],[79.85811653983714,29.690656840855482],[79.85120946473934,29.694861756596374],[79.83933931106547,29.701920517372606],[79.82494973504545,29.705719653546957],[79.81614750486686,29.711271201322347],[79.80339005868542,29.702031955000848],[79.79496677479845,29.693532934579125],[79.78186149209796,29.698290773976293],[79.77208714342565,29.69574910325646],[79.75311362918258,29.69524970007353],[79.74436939871717,29.69259208362159],[79.74169834935901,29.696360012482724],[79.73530398735576,29.69581157959282],[79.72635456904919,29.708328249886623],[79.72793759332056,29.721009932689917],[79.71808739927103,29.734779589405093],[79.70958833435927,29.74260088366236],[79.70175375333773,29.738690239269985],[79.69890438027248,29.741298849956312],[79.70510701427533,29.748861449315516],[79.70405462316667,29.75712860097927],[79.69740166377782,29.754261426742016],[79.68142912172944,29.76981922432081],[79.67591773648425,29.77616903759075],[79.68019842345483,29.785087173556793],[79.69584541128285,29.801059698170054],[79.70783146240578,29.8127425297579],[79.70125429343443,29.819199317295066],[79.69262597106521,29.82586123956909],[79.67761212097386,29.831970229360714],[79.66931827273967,29.82459040998106],[79.66198747937756,29.83346397926551],[79.64700937229566,29.83139942236088],[79.63799305771151,29.826431954528566],[79.63426965737098,29.8221199949927],[79.61968394607803,29.83168031326847],[79.62100390214233,29.833892072330688],[79.60904013185366,29.847871388274047],[79.5976114152557,29.848959376449173],[79.57845510277757,29.847291628795986],[79.55747955025716,29.84812103543669],[79.54550233620765,29.862069152924853],[79.53719507991539,29.86284945725234],[79.5316702690591,29.869221551532124],[79.51679019465554,29.868298493692375],[79.50681966476294,29.872730861775565],[79.49681792929965,29.877180982811154],[79.495110037099,29.877568936487712],[79.49543112738463,29.881122866925033],[79.49233206999271,29.887392338738046],[79.48179521105295,29.894428842346056],[79.48982158153063,29.906562004118975],[79.49205112799328,29.913937414522422],[79.49125738066604,29.92826001919373],[79.48943362357323,29.93419950894724],[79.49038785474895,29.938859287841115],[79.49868178130157,29.938591716676786],[79.49265308421506,29.946769709039362],[79.48690082956051,29.951581139420192],[79.48377058898332,29.951937803819927],[79.48015423673974,29.95499232576977],[79.47450899551507,29.962389957871228],[79.47358601181769,29.965239301966974],[79.47725583409867,29.972891184890095],[79.47767499760485,29.97535702635798],[79.4746606509584,29.978719237518618],[79.45675731162734,29.988529198363576],[79.45651205733022,29.986602869959977],[79.45493355513395,29.98242914662369],[79.45162048374692,29.9781707104501],[79.4359957684977,29.96977867238112],[79.43725768192814,29.962898314854975],[79.42440213327468,29.95706134022769],[79.41967099037413,29.95004271159818],[79.41679936461816,29.9426406032246],[79.41224655792581,29.940522565022228],[79.41002598264309,29.941039835242048],[79.40379211169835,29.947630386150774],[79.40042102525203,29.948553372809002],[79.39618489657595,29.947229014375807],[79.37592273662727,29.935421311037665],[79.36157333386083,29.93295986638953],[79.35727475728723,29.936982056312612],[79.35424710688845,29.944170058280605],[79.34644364798868,29.947960325510905],[79.34332230437236,29.955621068207293],[79.3372133055208,29.962702103554417],[79.33464934036236,29.96829832089895],[79.33106866184673,29.973131957051265],[79.32655161511025,29.976739345273604],[79.32119624067853,29.978041416456126],[79.3170091096535,29.975909943671788],[79.31506936845506,29.968851239817372],[79.32166889735511,29.950381583819098],[79.32166889735511,29.947331587884204],[79.31503377491883,29.943269389449654],[79.31311634651559,29.935131512521938],[79.30580341378636,29.932197438998063],[79.29891409557416,29.935769170013625],[79.27275695839818,29.93270127603181],[79.27400999689247,29.95744926434222],[79.26116779430075,29.96552024721936],[79.25842994523974,29.96655924479778],[79.24986395141956,29.96865944053322],[79.2413025104448,29.96799951247083],[79.23121598113394,29.977541980548377],[79.2250044757944,29.98186284034681],[79.21502059764792,29.98349047266596],[79.21787434881263,29.97731904173555],[79.22109833466686,29.9713304727039],[79.22046062058823,29.96424942996248],[79.21608179213096,29.95326216241227],[79.21050345905991,29.95145179911169],[79.1939602586851,29.94380890031083],[79.19055791586834,29.945191250511314],[79.18300417692167,29.95053321743793],[79.1801548813276,29.946912482739442],[79.17896430595951,29.927078395409637],[79.17756853786416,29.92450987722794],[79.16684891049272,29.914601792041253],[79.15963852190453,29.91333092776798],[79.15112159800991,29.92187012583042],[79.13649580060665,29.915105696772617],[79.1276087844415,29.91237227454996],[79.11461500207349,29.910419151530416],[79.11131079172587,29.90484082528257],[79.10708804221517,29.900921301020432],[79.10069363555293,29.898089773863692],[79.09440634787308,29.895699692504905],[79.08067233565188,29.895231429404735],[79.07581187001549,29.894170193671776],[79.06996152130839,29.890620721427325],[79.064566054012,29.87845188498409],[79.05705247640901,29.866991997325734],[79.0655380743249,29.865359920345842],[79.07351540537894,29.862220765565397],[79.09024601948218,29.851188884152993],[79.09102637495221,29.84219048229511],[79.09501724833412,29.840299776787056],[79.10024330784412,29.835452775400537],[79.11032975951048,29.81416946519994],[79.10883156785802,29.80893003264087],[79.1158011296158,29.79099105877116],[79.11663047100167,29.78635805692516],[79.11429389127642,29.780039461217665],[79.11060177165095,29.775611584164505],[79.10653064149507,29.772842500659582],[79.10180841583481,29.772931653197315],[79.10253973288299,29.76511934492692],[79.10195111228474,29.756152090957936],[79.09932920326843,29.747242782341715],[79.09842844666464,29.740781533132925],[79.0994719034287,29.73557337370187],[79.10589741170938,29.730052969444458],[79.10502790944399,29.725852522809515],[79.10858178079522,29.72537979272815],[79.11030752978584,29.723970739971573],[79.10884940361152,29.714009174268757],[79.10264675441947,29.7110705515242],[79.09503060554411,29.702428805869047],[79.09644413249333,29.699022068065936],[79.09916866533288,29.697216185861617],[79.10357866392819,29.695860543340977],[79.10484506393868,29.687477504909864],[79.09845076533246,29.677551479119344],[79.09906163989237,29.67134891096213],[79.09588675571578,29.667268830051242],[79.09201182854206,29.66547179314598],[79.0882572260659,29.677248308363982],[79.0860678421139,29.677333022028375],[79.07689548083438,29.66762109785537],[79.07377407609225,29.662912332460525],[79.0671701256026,29.644161748785958],[79.0698322239825,29.639613522016994],[79.07955308520202,29.629950616096274],[79.07514749294316,29.62494305354174],[79.06852122542733,29.621942031614626],[79.0581984562139,29.62428309057243],[79.05767223654198,29.618459506236565],[79.05445278509589,29.612832090200925],[79.0507561965803,29.610107618488247],[79.05008733479377,29.60464073358106],[79.05120658502747,29.598678979424562],[79.04913309079716,29.593131837453576],[79.0444777820212,29.59247188701317],[79.03279049074973,29.59327895086101],[79.02410864648337,29.591468611436355]]]},"id":"00010000000000001840","properties":{"ADM0_CODE":115,"ADM0_NAME":"India","ADM1_CODE":70082,"ADM1_NAME":"Uttarakhand","ADM2_CODE":70280,"ADM2_NAME":"Almora","DISP_AREA":"NO","EXP2_YEAR":3000,"STATUS":"Member State","STR2_YEAR":1998,"Shape_Area":0.289156501576,"Shape_Leng":3.47411188109}},{"type":"Feature","geometry":{"type":"Polygon","coordinates":[[[79.80874538956866,29.778403042361763],[79.80938747396318,29.783927788695316],[79.81186675338454,29.788168458097637],[79.82000013256344,29.787508458368823],[79.82817815994146,29.784342489280906],[79.84297792312402,29.773930531866085],[79.8579158766692,29.77438093938296],[79.86218328904275,29.778220190223443],[79.86789088121476,29.778518933461406],[79.87428081623442,29.780721764799612],[79.87622946574734,29.788271004872964],[79.88086688329427,29.79759049043529],[79.88683315323999,29.798402068712864],[79.89084637903052,29.803503269499988],[79.89382055527852,29.803882329429854],[79.89617052328623,29.80046218091493],[79.89769106235498,29.796110074369967],[79.90042002228213,29.79768863752245],[79.90791139153112,29.797001964834408],[79.91739589168377,29.795088979453986],[79.9190278543959,29.77721244972252],[79.92053954281543,29.77297184420324],[79.93139746632261,29.769609667249235],[79.94989823802314,29.769190470038602],[79.96708806087712,29.764923151431923],[79.97592152662527,29.767999938214384],[79.98194131734778,29.771861479289857],[79.98670814072763,29.77624929195664],[79.99267436667459,29.78213977290596],[80.00134287107885,29.781470898528404],[80.00467828252151,29.782719388220805],[80.00858449210416,29.78872140585424],[80.02149357013548,29.79034000582306],[80.02403970501477,29.793251775360694],[80.02622018251243,29.797759929889367],[80.02468183544383,29.801982762243615],[80.02172994099084,29.805251249446243],[80.01877794611185,29.812421455085026],[80.01109944017492,29.815449192966586],[80.00862902623214,29.818989708117307],[80.00723335676072,29.822347468430575],[80.0078888353488,29.83254983966448],[80.0072645823269,29.835171782538186],[80.00440185086029,29.8370535612074],[79.99041812543884,29.840009934534034],[79.98660112943834,29.840050108024954],[79.98294022304742,29.84324277838292],[79.97949772640332,29.848112115288096],[79.96920612237008,29.84714898499513],[79.96673579960184,29.849369573119006],[79.9633468659337,29.855647982105086],[79.98658773168394,29.856263373153254],[79.99912226401523,29.858261041140043],[79.99958156044507,29.860307760223883],[79.99604099886977,29.869609418364455],[79.99585822877185,29.874371757790282],[79.9964067085664,29.881158538707712],[80.00010774752165,29.890709887993772],[80.00356350674882,29.89478104605477],[80.00879854577866,29.89780881902269],[80.02353584084125,29.90291000389004],[80.03823302204842,29.90356994236712],[80.04139901009248,29.904568783530358],[80.04389160162599,29.907431545104558],[80.05433040373191,29.907578700823883],[80.0591283816343,29.906312312663584],[80.06347600471196,29.904158581447643],[80.06947352555348,29.896230306697767],[80.07382113952875,29.8935191511191],[80.07762031638106,29.89284141602774],[80.08590084422488,29.903159750848392],[80.10008076780314,29.90938906021874],[80.10896331704855,29.906909861791245],[80.11303890468118,29.904822999120295],[80.1181490511728,29.903948976957544],[80.131446090279,29.90463126215313],[80.13246720929445,29.90312849334787],[80.13704676074434,29.900809792534876],[80.13871889163612,29.902209984641402],[80.1438512754405,29.904840781031194],[80.1467274431014,29.910931981868686],[80.14697267013217,29.91437879306337],[80.14337860571061,29.921758646301058],[80.13590072445156,29.935488224731547],[80.13336794102086,29.93876117241424],[80.13035356637744,29.94617226487984],[80.11097880908602,29.95689190953248],[80.10494122457202,29.961279658059844],[80.08415284539865,29.972101867918127],[80.07935489368298,29.977118400927182],[80.0752123263514,29.982710140118925],[80.06507683939928,30.006129277268094],[80.06160767308317,30.010900581464956],[80.05825884783059,30.024523068775117],[80.05822764063016,30.02994093127241],[80.06389514388626,30.043509947039244],[80.06524624853535,30.050461707411063],[80.06842113766825,30.05544251776917],[80.07228721903084,30.06633159773356],[80.07254578709812,30.07108947782364],[80.06961615620408,30.088060784452495],[80.07190818906975,30.098981152524832],[80.07071755016867,30.10322622195962],[80.07058830612101,30.10810896667652],[80.07145780110245,30.118801822427194],[80.07782541909272,30.129240583631887],[80.08479947356373,30.134738685328834],[80.09036440091202,30.144749393876026],[80.09207221467845,30.15042136863224],[80.09279463946076,30.167490778017793],[80.0969683223701,30.183828976204605],[80.09810090076105,30.20399299158162],[80.1041786777676,30.21975141613892],[80.10523991814267,30.225138078442434],[80.10505712291368,30.22989144600724],[80.10320213416959,30.23269173387811],[80.10031266264328,30.233128728030955],[80.08994965199113,30.231728598651035],[80.0741288069566,30.234212314344802],[80.06977225678361,30.23783307144467],[80.06685600241656,30.241989030581113],[80.06212043877198,30.25249906860896],[80.0610948190894,30.263597769887827],[80.06162105925638,30.266402586966407],[80.05996670011936,30.269742406053652],[80.0553604523515,30.26963988242857],[80.0515077688989,30.272119138519443],[80.05340735719179,30.280212404136442],[80.0553648863091,30.284488644087382],[80.03706921113304,30.294080250645667],[80.0304028814498,30.2993999495814],[80.02291152970794,30.3100527395927],[80.01531775888273,30.318119190883344],[80.00890996609562,30.31981816211936],[80.00058034902628,30.320790209109617],[79.99362869277859,30.32050927060603],[79.98516977679857,30.32013025443862],[79.97934171931763,30.32005890269261],[79.97097197361462,30.31421304469242],[79.96132691249079,30.299498027155828],[79.95375986617925,30.29661742458856],[79.94270125954023,30.294338852644596],[79.94020858558623,30.294338807688963],[79.93618651771543,30.298797923098185],[79.93315878771325,30.30034968423919],[79.92770973701377,30.3017409040643],[79.9203031537354,30.30174983998421],[79.91655756567698,30.300661802711854],[79.91249973589161,30.29796855392652],[79.90925800037212,30.294240748640718],[79.90529831696318,30.291418127371077],[79.89148846448866,30.286058319880677],[79.88593242474589,30.280778707886544],[79.87637215653209,30.27815675443575],[79.87351829689847,30.276609480555432],[79.86425671456264,30.27561061171827],[79.85916890299606,30.27379126136928],[79.84340598527825,30.28737814533348],[79.83902713975525,30.289687981609987],[79.82682261712537,30.293429206536977],[79.80487936004258,30.29069129170864],[79.79444953480699,30.290098211734886],[79.78553582248205,30.288461760528104],[79.78476885983144,30.285799675824197],[79.78547783222862,30.28394914624426],[79.79339717132046,30.26848053999611],[79.79865894949792,30.255767621549474],[79.80029097294005,30.24936879951497],[79.80404552197048,30.245547320068972],[79.8017981135946,30.240312355484242],[79.80552591906569,30.23517099016254],[79.80644893140848,30.228362014320602],[79.80532077540273,30.225771269848913],[79.80069675067503,30.221628720515877],[79.7882781708446,30.21551087846754],[79.78504085135845,30.203239433566257],[79.78337313675294,30.19977910850263],[79.77871785947895,30.194272175207516],[79.77001361197605,30.186700566179564],[79.76803379303475,30.183989469068113],[79.76782419980692,30.177189355721158],[79.76966141735815,30.173269801466276],[79.77139149479402,30.169921016171084],[79.77191323177767,30.165082877753726],[79.76966141735815,30.159888066197414],[79.76693688782537,30.156102268281035],[79.75781798725478,30.149721277573295],[79.75176258727028,30.143679214652753],[79.75055861113489,30.141610133687283],[79.7509465617269,30.138680548173504],[79.75596752025284,30.13571972729538],[79.7585359012927,30.132892601714516],[79.7618311645771,30.124982216803186],[79.76683876282762,30.119613439202535],[79.76735599241762,30.113727405010682],[79.76550101830699,30.105549451971903],[79.76570171976435,30.101170567197254],[79.76930015337133,30.09188226503546],[79.77424531334961,30.08276785902327],[79.77958734778781,30.08166199040134],[79.79370043801435,30.08058293076344],[79.80417481826558,30.07471473758086],[79.81043092600227,30.06629150342316],[79.81556780070697,30.06107882012675],[79.80974421400846,30.054309864276394],[79.80462076931842,30.05156309979585],[79.80142800108057,30.046791870278724],[79.79911818361077,30.03533190824471],[79.80062987657963,30.027608806804654],[79.7933436334378,30.022980205375692],[79.7892769691406,30.02120104864413],[79.78405979624434,30.020001542365176],[79.77761193333673,30.01963147839575],[79.77036144235828,30.01210001627438],[79.76277208377259,30.008550615897317],[79.75920923454993,30.009139171800157],[79.75347042404032,30.012951683920818],[79.73964721601976,30.01085149932396],[79.73397073329147,30.011101195367242],[79.72731777281918,30.010352089959472],[79.69198826811233,30.0083276141124],[79.68401539989841,30.008171574300608],[79.6820890780152,30.00858183603677],[79.67827655828476,30.010949601598522],[79.67333139638757,30.012389916498762],[79.66422145023597,30.01229177734602],[79.65363111611651,30.009848185559992],[79.65120089280339,30.010080032311016],[79.63578576640522,30.019760766918157],[79.62256007849155,30.023020400002917],[79.60398798216472,30.025129566220514],[79.59792357314116,30.02463904448881],[79.58672232873384,30.02073281647041],[79.58378822230446,30.0158590763404],[79.58125101978442,30.014231464429024],[79.5719582536962,30.01185926319518],[79.56345920587522,30.011988591496305],[79.54801729688467,30.00991060347057],[79.54347795078566,30.008929574503814],[79.54152041604361,30.006909614823662],[79.54028523928434,30.003480574654443],[79.53028794184374,30.000961223424284],[79.5213295831099,30.004581978406467],[79.5212626726055,30.00690965258789],[79.51667875736236,30.012001966990454],[79.51393190090772,30.016251430123294],[79.50955755514974,30.020429657928315],[79.49196643333622,30.0215221603525],[79.48652633223645,30.023551045923664],[79.48058231236548,30.028224139773716],[79.47384460954446,30.02953959695437],[79.46898863535193,30.019542281700627],[79.46150182758349,30.006869479507873],[79.45675731162734,29.988529198363576],[79.4746606509584,29.978719237518618],[79.47767499760485,29.97535702635798],[79.47725583409867,29.972891184890095],[79.47358601181769,29.965239301966974],[79.47450899551507,29.962389957871228],[79.48015423673974,29.95499232576977],[79.48377058898332,29.951937803819927],[79.48690082956051,29.951581139420192],[79.49265308421506,29.946769709039362],[79.49868178130157,29.938591716676786],[79.49038785474895,29.938859287841115],[79.48943362357323,29.93419950894724],[79.49125738066604,29.92826001919373],[79.49205112799328,29.913937414522422],[79.48982158153063,29.906562004118975],[79.48179521105295,29.894428842346056],[79.49233206999271,29.887392338738046],[79.49543112738463,29.881122866925033],[79.495110037099,29.877568936487712],[79.49681792929965,29.877180982811154],[79.50681966476294,29.872730861775565],[79.51679019465554,29.868298493692375],[79.5316702690591,29.869221551532124],[79.53719507991539,29.86284945725234],[79.54550233620765,29.862069152924853],[79.55747955025716,29.84812103543669],[79.57845510277757,29.847291628795986],[79.5976114152557,29.848959376449173],[79.60904013185366,29.847871388274047],[79.62100390214233,29.833892072330688],[79.61968394607803,29.83168031326847],[79.63426965737098,29.8221199949927],[79.63799305771151,29.826431954528566],[79.64700937229566,29.83139942236088],[79.66198747937756,29.83346397926551],[79.66931827273967,29.82459040998106],[79.67761212097386,29.831970229360714],[79.69262597106521,29.82586123956909],[79.70125429343443,29.819199317295066],[79.70783146240578,29.8127425297579],[79.69584541128285,29.801059698170054],[79.68019842345483,29.785087173556793],[79.67591773648425,29.77616903759075],[79.68142912172944,29.76981922432081],[79.69740166377782,29.754261426742016],[79.70405462316667,29.75712860097927],[79.70510701427533,29.748861449315516],[79.69890438027248,29.741298849956312],[79.70175375333773,29.738690239269985],[79.70958833435927,29.74260088366236],[79.71808739927103,29.734779589405093],[79.72793759332056,29.721009932689917],[79.72635456904919,29.708328249886623],[79.73530398735576,29.69581157959282],[79.74169834935901,29.696360012482724],[79.74436939871717,29.69259208362159],[79.75311362918258,29.69524970007353],[79.77208714342565,29.69574910325646],[79.78186149209796,29.698290773976293],[79.79496677479845,29.693532934579125],[79.80339005868542,29.702031955000848],[79.81614750486686,29.711271201322347],[79.82494973504545,29.705719653546957],[79.83933931106547,29.701920517372606],[79.85120946473934,29.694861756596374],[79.85811653983714,29.690656840855482],[79.86334259483527,29.69704222140395],[79.88327033923245,29.707498810872067],[79.88044771781995,29.711998084461662],[79.88095163889149,29.721839329760677],[79.87754041795318,29.72648124474418],[79.86546965827159,29.73836916040229],[79.85709988732954,29.74488836866931],[79.84957735446693,29.746221699883062],[79.82009828431508,29.755889019515205],[79.81699918428816,29.760392674818107],[79.81511745858843,29.767041239849718],[79.81185341445685,29.774202554129594],[79.80874538956866,29.778403042361763]]]},"id":"00010000000000001841","properties":{"ADM0_CODE":115,"ADM0_NAME":"India","ADM1_CODE":70082,"ADM1_NAME":"Uttarakhand","ADM2_CODE":70281,"ADM2_NAME":"Bageshwar","DISP_AREA":"NO","EXP2_YEAR":3000,"STATUS":"Member State","STR2_YEAR":1998,"Shape_Area":0.21327990632,"Shape_Leng":3.0014577602}},{"type":"Feature","geometry":{"type":"Polygon","coordinates":[[[79.21502059764792,29.98349047266596],[79.2250044757944,29.98186284034681],[79.23121598113394,29.977541980548377],[79.2413025104448,29.96799951247083],[79.24986395141956,29.96865944053322],[79.25842994523974,29.96655924479778],[79.26116779430075,29.96552024721936],[79.27400999689247,29.95744926434222],[79.27275695839818,29.93270127603181],[79.29891409557416,29.935769170013625],[79.30580341378636,29.932197438998063],[79.31311634651559,29.935131512521938],[79.31503377491883,29.943269389449654],[79.32166889735511,29.947331587884204],[79.32166889735511,29.950381583819098],[79.31506936845506,29.968851239817372],[79.3170091096535,29.975909943671788],[79.32119624067853,29.978041416456126],[79.32655161511025,29.976739345273604],[79.33106866184673,29.973131957051265],[79.33464934036236,29.96829832089895],[79.3372133055208,29.962702103554417],[79.34332230437236,29.955621068207293],[79.34644364798868,29.947960325510905],[79.35424710688845,29.944170058280605],[79.35727475728723,29.936982056312612],[79.36157333386083,29.93295986638953],[79.37592273662727,29.935421311037665],[79.39618489657595,29.947229014375807],[79.40042102525203,29.948553372809002],[79.40379211169835,29.947630386150774],[79.41002598264309,29.941039835242048],[79.41224655792581,29.940522565022228],[79.41679936461816,29.9426406032246],[79.41967099037413,29.95004271159818],[79.42440213327468,29.95706134022769],[79.43725768192814,29.962898314854975],[79.4359957684977,29.96977867238112],[79.45162048374692,29.9781707104501],[79.45493355513395,29.98242914662369],[79.45651205733022,29.986602869959977],[79.45675731162734,29.988529198363576],[79.46150182758349,30.006869479507873],[79.46898863535193,30.019542281700627],[79.47384460954446,30.02953959695437],[79.48058231236548,30.028224139773716],[79.48652633223645,30.023551045923664],[79.49196643333622,30.0215221603525],[79.50955755514974,30.020429657928315],[79.51393190090772,30.016251430123294],[79.51667875736236,30.012001966990454],[79.5212626726055,30.00690965258789],[79.5213295831099,30.004581978406467],[79.53028794184374,30.000961223424284],[79.54028523928434,30.003480574654443],[79.54152041604361,30.006909614823662],[79.54347795078566,30.008929574503814],[79.54801729688467,30.00991060347057],[79.56345920587522,30.011988591496305],[79.5719582536962,30.01185926319518],[79.58125101978442,30.014231464429024],[79.58378822230446,30.0158590763404],[79.58672232873384,30.02073281647041],[79.59792357314116,30.02463904448881],[79.60398798216472,30.025129566220514],[79.62256007849155,30.023020400002917],[79.63578576640522,30.019760766918157],[79.65120089280339,30.010080032311016],[79.65363111611651,30.009848185559992],[79.66422145023597,30.01229177734602],[79.67333139638757,30.012389916498762],[79.67827655828476,30.010949601598522],[79.6820890780152,30.00858183603677],[79.68401539989841,30.008171574300608],[79.69198826811233,30.0083276141124],[79.72731777281918,30.010352089959472],[79.73397073329147,30.011101195367242],[79.73964721601976,30.01085149932396],[79.75347042404032,30.012951683920818],[79.75920923454993,30.009139171800157],[79.76277208377259,30.008550615897317],[79.77036144235828,30.01210001627438],[79.77761193333673,30.01963147839575],[79.78405979624434,30.020001542365176],[79.7892769691406,30.02120104864413],[79.7933436334378,30.022980205375692],[79.80062987657963,30.027608806804654],[79.79911818361077,30.03533190824471],[79.80142800108057,30.046791870278724],[79.80462076931842,30.05156309979585],[79.80974421400846,30.054309864276394],[79.81556780070697,30.06107882012675],[79.81043092600227,30.06629150342316],[79.80417481826558,30.07471473758086],[79.79370043801435,30.08058293076344],[79.77958734778781,30.08166199040134],[79.77424531334961,30.08276785902327],[79.76930015337133,30.09188226503546],[79.76570171976435,30.101170567197254],[79.76550101830699,30.105549451971903],[79.76735599241762,30.113727405010682],[79.76683876282762,30.119613439202535],[79.7618311645771,30.124982216803186],[79.7585359012927,30.132892601714516],[79.75596752025284,30.13571972729538],[79.7509465617269,30.138680548173504],[79.75055861113489,30.141610133687283],[79.75176258727028,30.143679214652753],[79.75781798725478,30.149721277573295],[79.76693688782537,30.156102268281035],[79.76966141735815,30.159888066197414],[79.77191323177767,30.165082877753726],[79.77139149479402,30.169921016171084],[79.76966141735815,30.173269801466276],[79.76782419980692,30.177189355721158],[79.76803379303475,30.183989469068113],[79.77001361197605,30.186700566179564],[79.77871785947895,30.194272175207516],[79.78337313675294,30.19977910850263],[79.78504085135845,30.203239433566257],[79.7882781708446,30.21551087846754],[79.80069675067503,30.221628720515877],[79.80532077540273,30.225771269848913],[79.80644893140848,30.228362014320602],[79.80552591906569,30.23517099016254],[79.8017981135946,30.240312355484242],[79.80404552197048,30.245547320068972],[79.80029097294005,30.24936879951497],[79.79865894949792,30.255767621549474],[79.79339717132046,30.26848053999611],[79.78547783222862,30.28394914624426],[79.78476885983144,30.285799675824197],[79.78553582248205,30.288461760528104],[79.79444953480699,30.290098211734886],[79.80487936004258,30.29069129170864],[79.82682261712537,30.293429206536977],[79.83902713975525,30.289687981609987],[79.84340598527825,30.28737814533348],[79.85916890299606,30.27379126136928],[79.86425671456264,30.27561061171827],[79.87351829689847,30.276609480555432],[79.87637215653209,30.27815675443575],[79.88593242474589,30.280778707886544],[79.89148846448866,30.286058319880677],[79.90529831696318,30.291418127371077],[79.90925800037212,30.294240748640718],[79.91249973589161,30.29796855392652],[79.91655756567698,30.300661802711854],[79.9203031537354,30.30174983998421],[79.92770973701377,30.3017409040643],[79.93315878771325,30.30034968423919],[79.93618651771543,30.298797923098185],[79.94020858558623,30.294338807688963],[79.94270125954023,30.294338852644596],[79.95375986617925,30.29661742458856],[79.96132691249079,30.299498027155828],[79.97097197361462,30.31421304469242],[79.97934171931763,30.32005890269261],[79.9767286444589,30.323719842926163],[79.97854793933293,30.32805855327479],[79.9785212266886,30.33109969562235],[79.98034056948175,30.337681316441362],[79.98223121879766,30.341150508372024],[79.98499133608827,30.355343772917955],[79.9891650974062,30.35813968015746],[79.9890669638308,30.36085079586685],[79.98499133608827,30.362710225276892],[79.98259681583583,30.36502000670086],[79.98282424645913,30.36726745836228],[79.98512958286847,30.369751113188556],[79.99945221025618,30.3751823061177],[80.0037463459718,30.38274945248534],[80.01228552444381,30.391988724944195],[80.0158617652081,30.394668585033394],[80.01898753884187,30.39914112823369],[80.02371420243993,30.409169595155877],[80.02281343423147,30.414551723270733],[80.01965197089486,30.417579443796335],[80.0191258168779,30.42233290128687],[80.02246122790669,30.427808624494343],[80.02234530403004,30.434541891881615],[80.02337087096346,30.438729028286442],[80.02253697499187,30.446068694284936],[80.0142297360066,30.449872318220628],[80.01185743375181,30.452801899140532],[80.00949863155465,30.461871696657738],[79.99981790560985,30.470839017853642],[80.00020578332206,30.475980345276316],[80.0029080808584,30.479369209065865],[80.00668485994477,30.481219722887566],[80.00649315398823,30.483832798327075],[80.00489234581812,30.486539449177062],[80.00270288597825,30.493999536119446],[79.99846680464542,30.495930317211254],[79.99973317978169,30.49905173223643],[79.99978667736859,30.50226676315406],[79.99841330624656,30.50574929891651],[79.9968570601121,30.50718958636623],[79.9955282688972,30.51725825845074],[79.99209471767934,30.52612295087792],[79.98506720116951,30.533801489314282],[79.98306951243954,30.534782483122637],[79.98184326097225,30.540628366481446],[79.98219102351148,30.54367837971564],[79.98504484273849,30.54623790084947],[79.98745721607018,30.549617907034918],[79.9939274295126,30.554942044651046],[79.99683922698611,30.55973114891456],[80.00100849527416,30.574218750016744],[80.00401390654939,30.57964103780388],[80.01191544536813,30.590490020976894],[80.01648152049519,30.59526129045086],[80.02131520397172,30.595519886755373],[80.02569406832593,30.597111766285224],[80.02768728044103,30.601370260985938],[80.02770067186015,30.607028878342714],[80.01542029883342,30.619808641361754],[80.01880473169857,30.6223592255473],[80.02059729991315,30.626889713385893],[80.02018707854215,30.630180494046375],[80.01705230565592,30.632851451818247],[80.02034761872324,30.638028488194994],[80.01988826146314,30.640436464697604],[80.00984193258385,30.64391899383019],[80.0071798637565,30.64605043679463],[80.00421013986787,30.650759287394457],[80.00205189028382,30.66224141936195],[80.00196716663247,30.667311420649526],[79.99932294519844,30.669888747068363],[79.99540787205517,30.669839708517728],[79.99051617215879,30.678740080078427],[79.98735020570153,30.68302972894558],[79.98496906297538,30.684028594158445],[79.98037624249012,30.68550460192965],[79.97321933014551,30.691341522543883],[79.97165862224512,30.69398133852416],[79.9706420048044,30.699109245362855],[79.96582172318463,30.710872344456075],[79.96663772612234,30.713922433361684],[79.97587697575634,30.71774834900194],[79.98487988512916,30.725279717671988],[80.00324244935722,30.731130069418505],[80.0088743047846,30.73390808321745],[80.01217854462408,30.737038375852197],[80.016824879228,30.73821112148276],[80.02243887909188,30.738340467744454],[80.05016113958885,30.731317331525425],[80.05776839894087,30.73264176135653],[80.05864237146687,30.732614952714414],[80.05886977340639,30.735531193025214],[80.06403786900762,30.749140386612563],[80.0648717064024,30.75899942411869],[80.06327086791454,30.767306789361744],[80.06278931461641,30.769808296523173],[80.05998008654672,30.775551635810455],[80.05553883369731,30.78460808832647],[80.04913998288704,30.791109419399366],[80.04468086183714,30.795639926666116],[80.02254149593067,30.811469673246098],[80.0100693772999,30.819500507788124],[80.00000066738711,30.823188220962123],[79.99610345803089,30.826626209669683],[79.99543014249706,30.827219220130985],[79.99510018099875,30.828467842918823],[79.99410132948698,30.832262531954257],[79.99040029099312,30.84633094742335],[79.98407275746426,30.85620339784841],[79.98323891112162,30.857500991621166],[79.97028975788095,30.86805120115122],[79.95528034503506,30.873437795719227],[79.95263171881595,30.874392092118395],[79.93438059982171,30.88483087602657],[79.9314687669265,30.88841591489895],[79.93146432665105,30.888415914261174],[79.9249004995118,30.896500265236604],[79.91835010121146,30.91105036651364],[79.91393561007317,30.915719028355692],[79.91343170734508,30.916249699202723],[79.91342726615564,30.916249697585396],[79.90079014701236,30.919219423998097],[79.89892182549247,30.921257201441886],[79.8982395604668,30.922001896848574],[79.89007050527314,30.954250081408677],[79.88705169149537,30.959030258472385],[79.88705169149537,30.959034762626537],[79.88039867549986,30.96958051084886],[79.85066990418312,30.971453291795278],[79.84774025415582,30.971640657959544],[79.84717836425486,30.972001817841278],[79.84717391972055,30.97200181305357],[79.83962917122618,30.976831025552],[79.83448779471522,30.97830249501724],[79.82854824619392,30.980001458239787],[79.81722217058017,30.977927926084725],[79.81274079079553,30.977111966167293],[79.80708658588873,30.980046023896534],[79.79573818201655,30.985940930531488],[79.78217805603641,30.986221866672384],[79.77677364772393,30.992790146914416],[79.77185078432483,30.998778722295686],[79.76851987632705,30.998921436681336],[79.76068079650575,30.997891335692476],[79.74753974339825,30.98442041765738],[79.73620470778069,30.97853439742967],[79.73512118920843,30.97796808710877],[79.70866979672789,30.972969442398767],[79.70042941655224,30.973174525878555],[79.68862612523148,30.973468877752133],[79.68862167277241,30.9734688665935],[79.68790379648148,30.97384789905088],[79.67849954916115,30.97881084959311],[79.67483862658074,30.980621220629367],[79.66937171371954,30.983327920673897],[79.66853789378627,30.98324318013474],[79.66651788669097,30.98302914127198],[79.6665045260249,30.982975610327614],[79.6647208592821,30.975649322228577],[79.66471640563798,30.971917064087563],[79.66471195199361,30.96920146298104],[79.65862978098322,30.95968127831826],[79.65341705762982,30.957331350025214],[79.65112953810535,30.95630133606793],[79.63829179695426,30.954468607556937],[79.62968125038715,30.95273850761305],[79.62615860682999,30.952029467424115],[79.62545848293574,30.95172628150355],[79.6254540273508,30.95172626801415],[79.61473882369133,30.947119999267915],[79.6112785853239,30.944319668245697],[79.60632897515008,30.940319892308125],[79.6061639977637,30.93891079064482],[79.60579830396,30.93577163270931],[79.60421089975648,30.92894918143288],[79.59938166705561,30.925618222225825],[79.59937721018547,30.925622710546694],[79.59608198034466,30.928739583980498],[79.59580992953262,30.92899827216398],[79.59579210134754,30.929118654802117],[79.59510991349453,30.933310196538848],[79.59421806448256,30.93838017494346],[79.59180124238085,30.94203218342332],[79.59136871733851,30.942678754545323],[79.58102804569339,30.948221414123132],[79.5632005189051,30.953460890791753],[79.55429127451359,30.957148569864163],[79.54894030072275,30.96084070366281],[79.54038781396766,30.98083085433515],[79.53357869704595,30.987149335752346],[79.53357423694622,30.987153817937116],[79.53110836878336,30.989441302692125],[79.52927125407774,30.99083255641873],[79.52236857685196,30.996049771579887],[79.51808779857402,31.004040410962435],[79.51238021091413,31.014800282799385],[79.50519209453724,31.028659121615767],[79.50132158698548,31.031651194257012],[79.50132158698548,31.03165569200885],[79.49845886241414,31.03387186518657],[79.47939171135091,31.032418169858907],[79.47636849536602,31.03192768975402],[79.47275210857242,31.03133906344958],[79.44884240113001,31.02923878668937],[79.44883802275062,31.029238858894377],[79.44499424031446,31.02758451502547],[79.43670919776409,31.024008322536183],[79.4334808197001,31.02267502841912],[79.42779106346913,31.020320599253438],[79.42625259992356,31.0204811788856],[79.42492827790366,31.020619350371273],[79.42426387704724,31.022545742400975],[79.42425941162526,31.02254572012797],[79.4238581238781,31.023700608780956],[79.42491934712385,31.033840612351597],[79.42239997393892,31.063961823518323],[79.42239550842665,31.063966296547573],[79.41918054109489,31.069812203631027],[79.41167138638757,31.07256789705979],[79.40953101596013,31.07226020733174],[79.40239196661658,31.074101865434955],[79.39633650928398,31.070909083906418],[79.39596198678879,31.070708479179125],[79.3925730046327,31.067422077292242],[79.39024981533885,31.065170250532102],[79.38097941377652,31.052559896544466],[79.37813897604595,31.05065140003758],[79.37136112891636,31.046089770883412],[79.36601014078539,31.03962848899141],[79.36403481561906,31.03825956909205],[79.36214855908001,31.03694858671744],[79.35608866502936,31.03387179717276],[79.34709915378527,31.031619964931913],[79.33282111071343,31.028222154502373],[79.32409911259982,31.025435212516527],[79.31926991210537,31.023887870705384],[79.31428011728786,31.0204989741595],[79.3121486758786,31.01405109230444],[79.31431132636612,31.00606039842403],[79.32082167274417,31.00018773810067],[79.32274796923511,30.995585965703043],[79.32379143842432,30.993097808309468],[79.32333658770457,30.98963755419583],[79.32239128887568,30.982462881900585],[79.32239128887568,30.98245838411298],[79.32821483393901,30.976737407081508],[79.32903981315192,30.975930265433593],[79.32999845439892,30.971841285724096],[79.32935640998554,30.970347508368352],[79.32717141431158,30.965290892954883],[79.3212007110694,30.962115986235194],[79.32099997311462,30.962008970288135],[79.32065669731445,30.961942088421807],[79.31672823570133,30.961179542150425],[79.30958023758797,30.96254854031015],[79.3027890503111,30.96500103384827],[79.29279177967554,30.96599093287743],[79.29117754924255,30.965473662908607],[79.2799718495349,30.96188852373706],[79.27479924427217,30.95906591965363],[79.2703580069255,30.956640214109324],[79.26384775675938,30.954932405250084],[79.25716800957778,30.953184400325302],[79.25717248303162,30.953179930470192],[79.26024474911326,30.95096372835685],[79.26233608291912,30.94992030645553],[79.26368715386175,30.948649522059156],[79.26988982145649,30.94065882534131],[79.2669378680792,30.931272343300982],[79.26873040077615,30.922750996038854],[79.26326805384205,30.919469124551945],[79.25740880152996,30.917221760388344],[79.25572771840625,30.91106369979841],[79.25630290841816,30.906279080295075],[79.26190803040356,30.88942812751769],[79.26242081575164,30.884130738111818],[79.2586662605696,30.880438660864794],[79.24693881352766,30.87519021967492],[79.24344735343723,30.862932193493844],[79.24035715672466,30.860461827880417],[79.23742750648778,30.85394267907914],[79.23584011555796,30.85186918132841],[79.22675245780283,30.846741165775146],[79.22644033283362,30.843401326556158],[79.22926293068436,30.83488889230555],[79.22888833895908,30.833328235407375],[79.2134999617161,30.826920467516302],[79.21080220987385,30.825190393532484],[79.21129719941469,30.819322192302323],[79.2157295250851,30.81363233463233],[79.22515163386147,30.809958102936626],[79.22540137176212,30.80363953850805],[79.22619059769028,30.802127865935528],[79.23420803840338,30.79304026508348],[79.23840412407816,30.790168540108038],[79.24008069897893,30.786431824972098],[79.24379512864385,30.786320409905642],[79.24666676307018,30.78504953043525],[79.25002896574752,30.775961888844748],[79.2549116410934,30.77074027363941],[79.25969625122892,30.767279990518407],[79.26728125527949,30.76361013395356],[79.27604778288126,30.757389762299216],[79.2763376382505,30.75619020515275],[79.2740322741275,30.752498087221102],[79.26648747153696,30.742309052789466],[79.26502934519308,30.735459907396493],[79.26626450896396,30.73229834732984],[79.27126323340933,30.731259359694693],[79.28414997738092,30.726198281281107],[79.28703508159498,30.708651740580645],[79.28691906681095,30.70232871153585],[79.2872624667141,30.70082161335251],[79.29199804031742,30.695350297691313],[79.29247961646364,30.690400644981946],[79.29170814748001,30.68557143164988],[79.29290770117575,30.682811256029996],[79.29843246660647,30.679471383303294],[79.30134430190515,30.679770134081124],[79.30281132068946,30.679012149307532],[79.30329292706966,30.67752278927426],[79.30548682292273,30.67626080233294],[79.31189899716945,30.675739120641722],[79.31363805051676,30.67436123206625],[79.31791878467882,30.666820934014776],[79.32496857249002,30.66497929089875],[79.33138972168152,30.662339506092827],[79.34105701494707,30.65380925273999],[79.34226994351383,30.64333931058701],[79.34163675070687,30.638679517331393],[79.34211832830839,30.635678522661237],[79.3417883666977,30.633502546638734],[79.33492130676068,30.629578486117456],[79.33447098017204,30.625378004256113],[79.33258025517577,30.61460933955081],[79.32816136519969,30.61155927738642],[79.32644458972644,30.606779106348654],[79.32408123159148,30.6033322099375],[79.32019736085066,30.600050315595734],[79.31143970352825,30.60108036923913],[79.30760044640819,30.600563172219204],[79.30033205324234,30.59883302639159],[79.29622524819912,30.596639144684218],[79.29331789702101,30.592157730831076],[79.28904162437867,30.577411516078868],[79.28581326411343,30.571659235003924],[79.28295942776762,30.568671675978813],[79.27786267555814,30.56860026746491],[79.265662541775,30.570959150546635],[79.25997721055231,30.571070658620098],[79.25081824298891,30.573068309619753],[79.24253764243456,30.573059416900367],[79.24107957405889,30.572488659293928],[79.23892134008517,30.568689489988724],[79.2327722138808,30.565059739514272],[79.23311555399388,30.563793408723036],[79.23017707280222,30.557220682171895],[79.23058281033823,30.552222032808633],[79.22943236991576,30.54461033471238],[79.22580712989463,30.54007100793352],[79.21975164270022,30.53643230668766],[79.21527922725096,30.530501765454176],[79.21230498698634,30.51640203593488],[79.21172531033775,30.506431534352632],[79.21013783015455,30.501379353535466],[79.20519266320414,30.49762030652344],[79.18637975869468,30.48855945552471],[79.17742139165895,30.482218630335677],[79.17637801603766,30.480140645337343],[79.17373818471759,30.47795123566223],[79.17060790147113,30.46914009281568],[79.16341984416124,30.46457840048886],[79.15956273890932,30.45836243374693],[79.15370788876733,30.452770721119926],[79.15280721649448,30.448851177499748],[79.15814920270692,30.440797990679748],[79.16039212882349,30.4310281505054],[79.16076664796186,30.423380765733192],[79.15928621657982,30.416509253746202],[79.1532575537003,30.40557110079404],[79.15241035990348,30.39320157345116],[79.15191092799226,30.39083828365854],[79.15033682610753,30.388929750518752],[79.14602485719043,30.38724864934055],[79.13256282971439,30.38544269284504],[79.11228285320232,30.38437257113503],[79.11028073348298,30.38442159781859],[79.10891626611664,30.38856851974057],[79.10047071240072,30.389821561263965],[79.09030841368264,30.387431508477814],[79.09037977053592,30.38622305588588],[79.09172640568941,30.381799667686874],[79.09149898028727,30.377420783271425],[79.0867767860599,30.360659077587194],[79.08612136213596,30.359459553810705],[79.07890200740945,30.35488897996874],[79.07502708056907,30.349471197786134],[79.07089349126345,30.34601091500179],[79.06581012790501,30.34381255040512],[79.06092744160678,30.343852726591276],[79.0526423996129,30.3469428308274],[79.04911972717537,30.35009987038901],[79.04427266181847,30.346742221473416],[79.03279049074973,30.342630931870527],[79.02812179878084,30.34175242676858],[79.02688663569012,30.336000204708967],[79.02539731299512,30.334551054143276],[79.02269060179484,30.33397131913288],[79.0176607425624,30.334640180625485],[79.01654593104436,30.33238831997971],[79.01677784671266,30.328009493716635],[79.01869076310432,30.319398953863363],[79.02139301609152,30.314342378172338],[79.02493352267442,30.316201845205285],[79.03008381533355,30.316839420635937],[79.03305798078237,30.315751393942193],[79.03875675561454,30.3114529073252],[79.04177109124238,30.308121942155044],[79.04395157323916,30.307212296771848],[79.05107726237446,30.306989317318045],[79.06093632085486,30.30471074335235],[79.07660113501271,30.305459870620133],[79.0781306029072,30.30476863577912],[79.07701140888139,30.30270854091915],[79.0726325063681,30.29895842085854],[79.0662470843338,30.291641083496074],[79.0540291377845,30.28241074575058],[79.04505296121688,30.27382252357686],[79.03909122659947,30.269769199407914],[79.03495763872114,30.265912109428378],[79.03363771242547,30.263129578102767],[79.03161773390859,30.259629181031062],[79.02852753729378,30.257488851246336],[79.02787654389459,30.256168892546544],[79.02471059551527,30.247759108553733],[79.02272182090813,30.238970178875686],[79.02274415722881,30.23694125358971],[79.02551321710656,30.22940989193496],[79.02881737410692,30.225619623364853],[79.03082404534516,30.224009931498777],[79.0333345243365,30.223220619960404],[79.0412359865413,30.22270781906651],[79.05388645598303,30.22516037709737],[79.05738688357783,30.227180293899515],[79.0604101162267,30.227421120426087],[79.07943716023789,30.2233143156018],[79.0830311996605,30.22186953712488],[79.08627295894378,30.219582016599734],[79.086607350142,30.218538614061448],[79.0830311996605,30.210302647530447],[79.08358856531923,30.20669073884125],[79.09298830950863,30.199221791044415],[79.10661982238278,30.191070550124838],[79.10987051647153,30.18761919153231],[79.11196182070083,30.180078834925244],[79.11403533038684,30.1774880882345],[79.11627378444304,30.176288603068997],[79.12838021937226,30.17145941495093],[79.1308059559365,30.16900240809578],[79.13136338677529,30.16675950441685],[79.13051616986026,30.16364255379678],[79.12442055107351,30.158233681946577],[79.12259676013346,30.15449693293752],[79.12294902932749,30.127501553574366],[79.12666349891207,30.12376930477661],[79.13823034597446,30.118601213118097],[79.1413740156563,30.10767193843377],[79.14435720567893,30.1041001893833],[79.15196441099728,30.101982097635197],[79.1624298774052,30.102490478256627],[79.1684853393514,30.101500531089442],[79.17392098372173,30.098062602047165],[79.1756511420141,30.096091694713195],[79.18266082645856,30.08810096186505],[79.18628608982104,30.079472634188505],[79.19017886583707,30.07364901374108],[79.1896661171103,30.071588933084122],[79.18089506587633,30.065328363031494],[79.1781482520787,30.06199288023129],[79.1754683463529,30.05336903460142],[79.1752944189239,30.04642171592925],[79.17619961298026,30.043781977235593],[79.17885728431241,30.042167761884375],[79.18628608982104,30.04206965828266],[79.1912089176186,30.040821069850193],[79.19581521648162,30.038127816003968],[79.20136231103291,30.033209386121623],[79.20282047822081,30.032990942082968],[79.20408684456451,30.02870128360926],[79.20516150386213,30.01511884997109],[79.21121250655293,30.007721159567932],[79.21135521053827,30.006419118156135],[79.21251904040189,30.000724836981735],[79.2123272788605,29.99660018606023],[79.20887145900232,29.993211240782834],[79.20889375168858,29.989768847246985],[79.21502059764792,29.98349047266596]]]},"id":"00010000000000001842","properties":{"ADM0_CODE":115,"ADM0_NAME":"India","ADM1_CODE":70082,"ADM1_NAME":"Uttarakhand","ADM2_CODE":70282,"ADM2_NAME":"Chamoli","DISP_AREA":"NO","EXP2_YEAR":3000,"STATUS":"Member State","STR2_YEAR":1998,"Shape_Area":0.735710802727,"Shape_Leng":4.72130658044}},{"type":"Feature","geometry":{"type":"Polygon","coordinates":[[[80.05954754189304,29.525589803157747],[80.059676887722,29.522241069723748],[80.0521454321778,29.517492077780876],[80.02912313585732,29.51185129736342],[80.01911242413512,29.511552540325034],[80.01685166541738,29.509202635919888],[80.0144794347938,29.503169480010566],[80.01093444666152,29.50172920655198],[80.00389795804563,29.496779571490606],[79.9980476049865,29.495531041330626],[79.99463642384238,29.492761899979413],[79.9911270630288,29.493399568013857],[79.98715845712822,29.491821000550832],[79.98155344357225,29.493560052385043],[79.9778612596201,29.493881116544326],[79.97392388425027,29.49138849542619],[79.9664771721725,29.4897698672178],[79.96319526861632,29.486086639940314],[79.94796744532486,29.481270802446474],[79.9319770915851,29.483522622874567],[79.91465797947642,29.480191681283372],[79.90891464526644,29.48037011168932],[79.9070507673198,29.48490055473104],[79.90255148541952,29.490951481612978],[79.8993052822498,29.49360917164052],[79.89523409731265,29.495120807588723],[79.88468832266301,29.4922402305427],[79.87407121806558,29.488079851835426],[79.86418091570852,29.47912148043717],[79.85854914346129,29.4683795364644],[79.8542861703482,29.4622081906661],[79.85479895843082,29.46059844175676],[79.84897539080362,29.454841708707093],[79.84542147369113,29.458101298551316],[79.84144395971893,29.459969684553688],[79.83853221091067,29.458061219696805],[79.8361376222448,29.449539851729863],[79.83676189869378,29.443930283389246],[79.83925460094218,29.44038979123122],[79.84217085620763,29.440599376183236],[79.84440484588683,29.43890042163383],[79.84424432463744,29.43581031325265],[79.83957566128282,29.42779278027315],[79.82347829748704,29.41112021619286],[79.8216456134905,29.406603127157062],[79.82357635988754,29.40352190943552],[79.82705002421923,29.403049231578613],[79.82948469684565,29.401760550597384],[79.83783657048433,29.389609499037704],[79.8447437516133,29.385779144923724],[79.84533676940002,29.37598247769952],[79.84760204700798,29.37479196864465],[79.86099269022544,29.37638830487147],[79.87436104956367,29.373088520229718],[79.87924378076994,29.374172141788154],[79.88804604224352,29.36346134733553],[79.88902261205378,29.359448149454963],[79.88735045069451,29.35415075732711],[79.87445914090415,29.35538142614871],[79.86485430121662,29.35354879724512],[79.8586293911148,29.350552245092953],[79.85684127832423,29.346851198727535],[79.85653805701793,29.341321963306545],[79.85555258057416,29.338160428042112],[79.8519897832953,29.333870748821855],[79.85146356046585,29.323851166489654],[79.84935000533348,29.321108841201927],[79.84564891841391,29.31960162068483],[79.84079740659342,29.321019629040396],[79.82596641562483,29.3283415147912],[79.81921987356607,29.330441704594083],[79.8200536543509,29.342869209594383],[79.81480981896908,29.34339090818079],[79.81112652536744,29.345071996035795],[79.80828167330924,29.347511153561964],[79.78631612128137,29.340871590491602],[79.79274616216047,29.332961136055406],[79.79395906056934,29.32245103251139],[79.79516740973777,29.320729770093134],[79.79997883495783,29.31837983005936],[79.80561066147405,29.313778026221783],[79.80612347530895,29.311200664588053],[79.8035416750854,29.305881019662507],[79.80181153955094,29.295812378667836],[79.80451370706506,29.291562797826867],[79.80159749364813,29.286760340571828],[79.80339895215316,29.281378241133094],[79.80822814440911,29.27642865056591],[79.81230377316776,29.273360801553967],[79.81537610418985,29.27278106628598],[79.83479989657458,29.279710519910857],[79.84263012109628,29.280597898056012],[79.84728990489843,29.279220051881218],[79.84937231292474,29.27521130316677],[79.85392055062529,29.272861359546823],[79.85611886124633,29.26607902573803],[79.86266483948155,29.26615041898404],[79.86955862709425,29.260179642540447],[79.87684482878504,29.257031501075307],[79.87902086563078,29.25700030986496],[79.8853750500512,29.258801792559016],[79.88974945795205,29.255341513847053],[79.90001871750039,29.239208490121108],[79.9024667506465,29.23394229187233],[79.91142067959458,29.226192375536126],[79.9130080851847,29.221381006427944],[79.91282531208854,29.21480384551667],[79.90695262692479,29.211570989107777],[79.90159727489949,29.205519958928466],[79.89769106235498,29.202309450945204],[79.89267010817223,29.19992828890036],[79.89055651640312,29.192633223667187],[79.88977175531585,29.184539897968104],[79.88070634298265,29.17873867839813],[79.86979498182365,29.177971678069543],[79.86763674736527,29.175510249101357],[79.86702584897658,29.163979025704162],[79.8677215156978,29.162181979029555],[79.8702185559398,29.158802016423603],[79.88374305987313,29.15419131635193],[79.88957996363007,29.139168582716064],[79.90400520363336,29.13107083749394],[79.90580662256258,29.131668391958975],[79.9112779602952,29.13645748012198],[79.937238885307,29.13190918480128],[79.94703549987705,29.12851128459484],[79.95858900882581,29.126629566108587],[79.96325775132632,29.124828072191978],[79.96589751959493,29.122781357496272],[79.96792641479922,29.118821744176753],[79.95822339649764,29.112891051809463],[79.95276096776583,29.106139982716872],[79.9490287206797,29.09580830837855],[79.94682146519837,29.077441247675917],[79.94747253196321,29.070739175342563],[79.94959055707736,29.06645848422529],[79.95405412969066,29.06202166270014],[79.95956999983117,29.058021896419284],[79.98777833172188,29.074770212209298],[79.98934788156213,29.091670249487994],[79.99208132077041,29.094880769779472],[79.9950778251447,29.095549661183426],[79.99936748407171,29.093529664853495],[80.0096190088841,29.081900386270977],[80.01467112312615,29.07899304695789],[80.02015142186225,29.077780118388795],[80.02876191392507,29.079590493309304],[80.03714059585221,29.08587784199693],[80.04073909410874,29.089610119896747],[80.04453375553621,29.091928873131806],[80.04754806295996,29.09138932651072],[80.04984903785893,29.0897082529461],[80.05340735719179,29.08299286474237],[80.05629686504457,29.079429965902587],[80.05895896050544,29.079247167063727],[80.06195989074662,29.081490131490025],[80.06694961463708,29.08981079375236],[80.07232728732804,29.109381801021136],[80.07099854447551,29.117011320530583],[80.06731971441725,29.126339739132682],[80.06926840299745,29.128529205591715],[80.08519182941826,29.122032271739933],[80.09216136747449,29.12356175261434],[80.10987741824526,29.122870603370995],[80.11512136098234,29.12347256605707],[80.1236248325329,29.126041012017875],[80.1356420910859,29.132930287044758],[80.13913800538111,29.133291513523197],[80.1431824329526,29.131057496364743],[80.15074059446121,29.120391260716467],[80.15672470945724,29.11190120582435],[80.16102780128901,29.114746103052056],[80.16550917083498,29.11771582242478],[80.1666328402934,29.12069451389235],[80.16860380347241,29.12590279507606],[80.17274629725132,29.12668310830791],[80.17377637580373,29.126879318071715],[80.1769289504231,29.127472315021702],[80.18282830530039,29.134272522920025],[80.18473682787025,29.136466331728275],[80.19520680451187,29.130709696081848],[80.20291214045885,29.12980443935951],[80.21031870908061,29.121581894030143],[80.21067091255513,29.121189456173703],[80.21531734265692,29.120672211066754],[80.23361751309106,29.118621040844022],[80.23789375335856,29.118143924321206],[80.2401277684439,29.118714714292036],[80.2459334993502,29.12880564691242],[80.25476695716232,29.136163121618573],[80.25621177531055,29.137371556598755],[80.26068864966373,29.13936922592567],[80.2686570846051,29.140591046050897],[80.2715376322511,29.141036923843398],[80.27315635035822,29.144127113670145],[80.27225114101542,29.14817148749941],[80.26339977091197,29.157642640565335],[80.26006886999457,29.163876427259392],[80.2597343946476,29.170730131275974],[80.26125942819381,29.178105480651976],[80.2597343946476,29.184865406340407],[80.26078230524206,29.188909848845416],[80.2439849137683,29.20275983748592],[80.24379314119375,29.205470965912465],[80.24845732890408,29.214986630960695],[80.24934475640893,29.21928076804437],[80.24988430371108,29.221889324565407],[80.25326426572873,29.222696482694477],[80.25702332628423,29.2211759452267],[80.26158938917031,29.207852097698957],[80.26696708709335,29.20728133619117],[80.2715376322511,29.20913630476532],[80.27829322789128,29.20789668395874],[80.28343455586887,29.19952254595218],[80.285931671692,29.197765652898884],[80.28919123060153,29.195478087705887],[80.29504606263596,29.19804658268403],[80.29951850200254,29.204044002913168],[80.29933127649672,29.207896707776815],[80.29661560973058,29.213800549656295],[80.29804704458004,29.22198301204409],[80.2929547333481,29.229362774608493],[80.29281205000002,29.231596781682942],[80.29495244497708,29.235882060873706],[80.30318394006211,29.243685434443826],[80.30132892231654,29.256344835323034],[80.30756276971667,29.271621680224406],[80.3058950595846,29.286421460530004],[80.31389017833143,29.292891615420267],[80.31755558703257,29.29917450498446],[80.31883977701044,29.30687978681831],[80.31926786432291,29.309452726600185],[80.31846082101818,29.316877174515955],[80.31731926742293,29.319258300026164],[80.31103640816842,29.323922516861014],[80.2989031730195,29.325536684284142],[80.292669366411,29.333201868055628],[80.29147873984523,29.337290894265113],[80.28186493405187,29.344764377277805],[80.28134319439155,29.357709120290142],[80.27929651512498,29.360897371468067],[80.27572478557636,29.362993139782848],[80.27349077270854,29.36751025996034],[80.27410611658705,29.374363819315104],[80.27958184216014,29.37917075542508],[80.27648724687025,29.386216175997898],[80.27710707648818,29.392686316855198],[80.24721775639905,29.407013384986307],[80.24431485687336,29.409818217262924],[80.24412759432464,29.412721038786685],[80.2469814103205,29.415579315744846],[80.24579082182942,29.42266932850895],[80.24888543237367,29.43047277059941],[80.24568379226163,29.444032848059756],[80.2442792081056,29.444376248413814],[80.23351489293312,29.446989280916604],[80.22699128112916,29.445272472051045],[80.22572484440113,29.449869817530352],[80.22236718955025,29.451229884393705],[80.21106779935533,29.453789402537662],[80.20302807653911,29.456580745628223],[80.18715809380535,29.459131378991522],[80.17906928679997,29.46237757713945],[80.17389669416369,29.461940644119796],[80.17027148641766,29.462497957798192],[80.16175015717442,29.469391778344917],[80.15305491066204,29.471291385122885],[80.14865823562202,29.47332914843799],[80.14765937022696,29.47561224254748],[80.14494379780707,29.477311146022103],[80.13765763877174,29.477021279580967],[80.13321638566788,29.481172735183574],[80.12988090746714,29.48832068093757],[80.12161824247305,29.49289126068775],[80.11414920211584,29.499290016120185],[80.11369443351869,29.510660728999092],[80.1094894355827,29.514009569260075],[80.10217205998714,29.51812977144169],[80.09671860596433,29.52314175501393],[80.09023953322865,29.526173942094758],[80.07369181487665,29.52603125666857],[80.05954754189304,29.525589803157747]]]},"id":"00010000000000001843","properties":{"ADM0_CODE":115,"ADM0_NAME":"India","ADM1_CODE":70082,"ADM1_NAME":"Uttarakhand","ADM2_CODE":70283,"ADM2_NAME":"Champawat","DISP_AREA":"NO","EXP2_YEAR":3000,"STATUS":"Member State","STR2_YEAR":1998,"Shape_Area":0.156588997251,"Shape_Leng":2.19985065243}},{"type":"Feature","geometry":{"type":"Polygon","coordinates":[[[79.02139301609152,30.314342378172338],[79.01869076310432,30.319398953863363],[79.01677784671266,30.328009493716635],[79.01654593104436,30.33238831997971],[79.0176607425624,30.334640180625485],[79.02269060179484,30.33397131913288],[79.02539731299512,30.334551054143276],[79.02688663569012,30.336000204708967],[79.02812179878084,30.34175242676858],[79.03279049074973,30.342630931870527],[79.04427266181847,30.346742221473416],[79.04911972717537,30.35009987038901],[79.0526423996129,30.3469428308274],[79.06092744160678,30.343852726591276],[79.06581012790501,30.34381255040512],[79.07089349126345,30.34601091500179],[79.07502708056907,30.349471197786134],[79.07890200740945,30.35488897996874],[79.08612136213596,30.359459553810705],[79.0867767860599,30.360659077587194],[79.09149898028727,30.377420783271425],[79.09172640568941,30.381799667686874],[79.09037977053592,30.38622305588588],[79.09030841368264,30.387431508477814],[79.10047071240072,30.389821561263965],[79.10891626611664,30.38856851974057],[79.11028073348298,30.38442159781859],[79.11228285320232,30.38437257113503],[79.13256282971439,30.38544269284504],[79.14602485719043,30.38724864934055],[79.15033682610753,30.388929750518752],[79.15191092799226,30.39083828365854],[79.15241035990348,30.39320157345116],[79.1532575537003,30.40557110079404],[79.15928621657982,30.416509253746202],[79.16076664796186,30.423380765733192],[79.16039212882349,30.4310281505054],[79.15814920270692,30.440797990679748],[79.15280721649448,30.448851177499748],[79.15370788876733,30.452770721119926],[79.15956273890932,30.45836243374693],[79.16341984416124,30.46457840048886],[79.17060790147113,30.46914009281568],[79.17373818471759,30.47795123566223],[79.17637801603766,30.480140645337343],[79.17742139165895,30.482218630335677],[79.18637975869468,30.48855945552471],[79.20519266320414,30.49762030652344],[79.21013783015455,30.501379353535466],[79.21172531033775,30.506431534352632],[79.21230498698634,30.51640203593488],[79.21527922725096,30.530501765454176],[79.21975164270022,30.53643230668766],[79.22580712989463,30.54007100793352],[79.22943236991576,30.54461033471238],[79.23058281033823,30.552222032808633],[79.23017707280222,30.557220682171895],[79.23311555399388,30.563793408723036],[79.2327722138808,30.565059739514272],[79.23892134008517,30.568689489988724],[79.24107957405889,30.572488659293928],[79.24253764243456,30.573059416900367],[79.25081824298891,30.573068309619753],[79.25997721055231,30.571070658620098],[79.265662541775,30.570959150546635],[79.27786267555814,30.56860026746491],[79.28295942776762,30.568671675978813],[79.28581326411343,30.571659235003924],[79.28904162437867,30.577411516078868],[79.29331789702101,30.592157730831076],[79.29622524819912,30.596639144684218],[79.30033205324234,30.59883302639159],[79.30760044640819,30.600563172219204],[79.31143970352825,30.60108036923913],[79.32019736085066,30.600050315595734],[79.32408123159148,30.6033322099375],[79.32644458972644,30.606779106348654],[79.32816136519969,30.61155927738642],[79.33258025517577,30.61460933955081],[79.33447098017204,30.625378004256113],[79.33492130676068,30.629578486117456],[79.3417883666977,30.633502546638734],[79.34211832830839,30.635678522661237],[79.34163675070687,30.638679517331393],[79.34226994351383,30.64333931058701],[79.34105701494707,30.65380925273999],[79.33138972168152,30.662339506092827],[79.32496857249002,30.66497929089875],[79.31791878467882,30.666820934014776],[79.31363805051676,30.67436123206625],[79.31189899716945,30.675739120641722],[79.30548682292273,30.67626080233294],[79.30329292706966,30.67752278927426],[79.30281132068946,30.679012149307532],[79.30134430190515,30.679770134081124],[79.29843246660647,30.679471383303294],[79.29290770117575,30.682811256029996],[79.29170814748001,30.68557143164988],[79.29247961646364,30.690400644981946],[79.29199804031742,30.695350297691313],[79.2872624667141,30.70082161335251],[79.28691906681095,30.70232871153585],[79.28703508159498,30.708651740580645],[79.28414997738092,30.726198281281107],[79.27126323340933,30.731259359694693],[79.26626450896396,30.73229834732984],[79.26036965753048,30.730403225645635],[79.2468407309109,30.72904766613698],[79.24472263761851,30.7293999224768],[79.23452908666205,30.738590143922664],[79.21505622918949,30.742032551135253],[79.20255294840852,30.745171803987244],[79.19435711321813,30.743999007044472],[79.18546114541851,30.740721606856383],[79.18224170991007,30.74871234410982],[79.17442934047088,30.75458051045749],[79.15254858813638,30.76249092074196],[79.1465064914043,30.762009377033134],[79.14121794146257,30.759699569188676],[79.13359290515346,30.75778214245587],[79.12848721186334,30.75529842778062],[79.12531236091253,30.755298425659614],[79.12010861181551,30.757412047715327],[79.11646108813105,30.76172842927235],[79.11527936283053,30.766798452131216],[79.11531951209356,30.77185062515438],[79.11443217496951,30.774851528358237],[79.11241217919408,30.77651032704678],[79.104363477185,30.77925272253903],[79.09481654525678,30.77918133345471],[79.08648695220889,30.781179066068795],[79.07966004632674,30.78104079179685],[79.07679730819986,30.781892484185484],[79.06511895858257,30.791252180348057],[79.05834113159331,30.79959064486846],[79.05320873607813,30.80336751218375],[79.05245954006989,30.80561045632894],[79.04720232990259,30.805940404017807],[79.0373610876185,30.808450880636325],[79.03098900962058,30.810970256280214],[79.01853026242911,30.812129617061704],[79.01216711341885,30.803951640272214],[79.01386156784041,30.80026840997133],[79.01434317867798,30.795309894665117],[79.00981720093576,30.790021449702245],[79.00876483210257,30.78759124248696],[79.01226078097487,30.774361061913066],[79.01193078787237,30.77287175349152],[79.00692770890745,30.768648945583728],[79.00553201007712,30.76024797257842],[79.00369482521326,30.758629378631746],[78.99455366503429,30.755360800428978],[78.98840901060846,30.754959499398996],[78.98549722202652,30.75133874429202],[78.9824204709454,30.7491314898281],[78.977372806262,30.74774020892363],[78.96221183413316,30.745639962440492],[78.94964607121325,30.741631236201954],[78.94287720424941,30.740908889970328],[78.94095527635912,30.74001262282798],[78.93833337627346,30.737109736026028],[78.933602193376,30.729609515284274],[78.93192117862336,30.72845018893999],[78.91654174546082,30.725248511879755],[78.91184179213955,30.719879750263278],[78.90232161245349,30.69907809215659],[78.90033731497604,30.69678161221116],[78.90006980302445,30.694360364790068],[78.90114442292251,30.691127514210304],[78.89750577855048,30.685080981994087],[78.89863396454096,30.682722115148877],[78.8959807853736,30.666767396297434],[78.89747460537285,30.644382755116403],[78.89940542381177,30.63846101761666],[78.90320011314161,30.634331883247036],[78.91123093780298,30.629110339719965],[78.92658807587652,30.615831064489246],[78.92906285152854,30.61299068185924],[78.933602193376,30.602319987229926],[78.93889071723422,30.5939726161052],[78.94323833289847,30.591248111819052],[78.95559901394871,30.59062828400076],[78.96002242520518,30.58772981896726],[78.96589508293367,30.58578120774262],[78.9692750606281,30.574869805425784],[78.97148678090537,30.558041160370866],[78.97296269982574,30.55642252043341],[78.97572292265728,30.555120466995525],[78.98584947797247,30.55327885924002],[78.98919830404787,30.55153082530003],[78.99382687239098,30.543611499171497],[78.99532513757013,30.54173423180253],[78.9984955031109,30.50557983494132],[78.99678766623477,30.502409408920748],[79.00060916597666,30.49741075619657],[79.00116649310112,30.493803366901865],[79.00007849025694,30.48896072087615],[79.00486757752829,30.48488069837431],[79.00534026271482,30.483328930676993],[79.00298138527808,30.474000443597696],[79.00332469278584,30.47153014230399],[79.00226794005962,30.468529167891116],[79.00224119977825,30.464618497133202],[79.00663780613023,30.461122590203527],[79.01373228113962,30.459579775998744],[79.02330152867822,30.453109556954853],[79.0297003318626,30.446621637788002],[79.03423968798684,30.440481450995094],[79.03730754033269,30.438421339642904],[79.0428011981902,30.43872455410435],[79.04682322577155,30.43302136752581],[79.0466983805989,30.428539906334052],[79.04264953251463,30.422439868797554],[79.03823948303348,30.419532535624825],[79.03402118017611,30.418310766836225],[79.030257662969,30.417673143832584],[79.0256871592496,30.418069946460793],[79.02230708882176,30.42002307727507],[79.02149107299354,30.42288575676319],[79.0227976263924,30.430938908048816],[79.01917234976682,30.4323078874729],[79.01436543069639,30.42953876295922],[78.99997592596829,30.417410040542368],[78.99572644232369,30.4087593639085],[78.99566847235072,30.40784078060805],[78.99754126441616,30.405548799091598],[78.99832159808271,30.400710647628948],[79.00412740652065,30.391868337104444],[78.99513336989799,30.38544273990604],[78.98808350822021,30.382909979490332],[78.9861393569931,30.381692647716072],[78.97091599417517,30.377710617011296],[78.96794180858033,30.37599389458716],[78.96676006473001,30.37457147841442],[78.96547139090326,30.36693742003493],[78.96186846670454,30.357011486317294],[78.9569322634789,30.350282756305226],[78.95641498313648,30.347049871926917],[78.95865789209256,30.34284943449996],[78.95774822143048,30.336887598676324],[78.95793997702351,30.330417458666737],[78.96113719961565,30.32400969620271],[78.96940432064127,30.315149420894823],[78.97048343654441,30.31168026780032],[78.96808444525129,30.29873995841216],[78.96797295913562,30.29450825056379],[78.97154916600807,30.295770247090896],[78.98043168597307,30.30297168764912],[78.98625082214666,30.30737280075907],[78.9880656499869,30.30624912015827],[78.99153043044278,30.305388449877384],[79.00464020477654,30.30767154754899],[79.01300994564268,30.309936742214163],[79.02139301609152,30.314342378172338]]]},"id":"00010000000000001846","properties":{"ADM0_CODE":115,"ADM0_NAME":"India","ADM1_CODE":70082,"ADM1_NAME":"Uttarakhand","ADM2_CODE":70286,"ADM2_NAME":"Rudra Prayag","DISP_AREA":"NO","EXP2_YEAR":3000,"STATUS":"Member State","STR2_YEAR":1998,"Shape_Area":0.114184875002,"Shape_Leng":1.83307334514}},{"type":"Feature","geometry":{"type":"Polygon","coordinates":[[[77.93148172238361,30.24696085365705],[77.93267670652398,30.248610739644988],[77.93321182572669,30.249573891517528],[77.93412149616401,30.25008224933663],[77.93628860096219,30.250742239844666],[77.93808112355224,30.250599488073213],[77.9411981159702,30.249698809288496],[77.94407864594753,30.247718974727295],[77.94644200220313,30.2467691330021],[77.94608527084266,30.24472244909802],[77.94509978672818,30.241511882457253],[77.94383782754474,30.23637940566852],[77.94454241379232,30.23529143933183],[77.94764597276594,30.23312872111809],[77.95194900789275,30.229289515317422],[77.95806236510275,30.2252004464854],[77.9585261601969,30.224701082687073],[77.95915038934987,30.22346144996345],[77.95971675022358,30.22174019443655],[77.96030977454873,30.21823981566183],[77.96089390686599,30.217321283478725],[77.96961150840971,30.210659382863934],[77.97083325841413,30.20933947026784],[77.97283982275884,30.20696275689906],[77.97442732438718,30.204349700445963],[77.97635810409339,30.201973062017267],[77.97705820905782,30.200541669484412],[77.97770472385967,30.199676618791635],[77.97907371923999,30.198392381971292],[77.98092870118268,30.195632163155246],[77.98184276251898,30.1946288820617],[77.9856196853445,30.18932251907326],[77.9869618333322,30.18791790607139],[77.99427918638547,30.17742122187685],[77.99920653917025,30.1676691173958],[78.00241262539252,30.158800002524867],[78.0132214426916,30.143028180609505],[78.01534846197876,30.133779969349604],[78.02265247546296,30.117201026759812],[78.02348187549651,30.115310399744093],[78.03009916606456,30.107801245422895],[78.03743883768561,30.101429248786733],[78.0453716075231,30.09309071780151],[78.0549096068409,30.085278321633545],[78.0589673589043,30.08026184330034],[78.05972099288688,30.072061592797272],[78.05789279442583,30.05723951357022],[78.05858392294007,30.051901966576725],[78.06092944294436,30.048499660330084],[78.0669313542262,30.04461133413126],[78.08442890185471,30.035688674914645],[78.08616794916765,30.032371154780467],[78.08606088616038,30.031091357484744],[78.08561496322638,30.029588650985197],[78.08223048401855,30.025820705617594],[78.08236880044575,30.022543236064486],[78.09007410861456,30.01816883508139],[78.10124413160774,30.017500041106473],[78.10497194064324,30.014820068356954],[78.10856594911932,30.010579508513636],[78.12152862496576,30.00591969716916],[78.13130290643994,29.983740161726253],[78.13558369458372,29.97479966193241],[78.13999376440464,29.966108882917563],[78.14785957164624,29.958951997345036],[78.15577889971586,29.954698067533005],[78.16050109034032,29.963362062083604],[78.17137686142293,29.985679847736563],[78.17330321240239,29.98846237432697],[78.1751849126103,29.987262882985004],[78.17713806732345,29.98299103480796],[78.17800313858739,29.97332815172074],[78.17275920380261,29.9661980896158],[78.1694505622658,29.95859972891823],[78.16747960909649,29.948089604614548],[78.1715462850058,29.9479112374238],[78.18110662228851,29.950069505700757],[78.1894674672768,29.963009768230208],[78.20339769110605,29.98129212353733],[78.21926757648511,29.992872411843944],[78.22165770187334,29.998468602771403],[78.22027539295601,30.006227424747465],[78.21687304990647,30.012911615583853],[78.21568246025907,30.019332698705856],[78.21626215174187,30.022601195751896],[78.22026643888006,30.024639065189227],[78.22487716533456,30.025062670886822],[78.23281886844224,30.02787185678393],[78.23451775257323,30.02948159023788],[78.23606058843929,30.042809840086456],[78.2386646700138,30.04878953503052],[78.24592411823991,30.053890698455394],[78.2569514773241,30.060039791527323],[78.2682285336923,30.06939944413091],[78.27497068870518,30.07827753515088],[78.2791889843838,30.086170128180665],[78.28019674516203,30.09157011666945],[78.27912217069026,30.101558551766207],[78.28015217417388,30.105348798017186],[78.29194648721159,30.109250463269507],[78.29686044086498,30.11284002338256],[78.2983096680179,30.115087399744457],[78.299027541811,30.118150824097484],[78.28454436667778,30.125700107860556],[78.27176458302993,30.13000316025371],[78.2428339340582,30.147897464049162],[78.24134013127068,30.152659814780492],[78.2464502791713,30.168480739565055],[78.24653501742883,30.170781568978533],[78.243284321804,30.172721299338843],[78.23694794780444,30.173069145324313],[78.23390235029724,30.174041242615058],[78.22905088945195,30.177171522903247],[78.22631748140603,30.180208146984768],[78.22434211621447,30.18576867015579],[78.22501990259173,30.192198660064808],[78.23380430282128,30.209250313143873],[78.24304800319553,30.214824112617737],[78.24973216348455,30.222199461621695],[78.2576292265116,30.227117908199197],[78.27694605396431,30.23468947912155],[78.28172179129554,30.239523122688134],[78.28595797141682,30.247081329857995],[78.28588212672281,30.248971930320067],[78.26537918759558,30.275579406919224],[78.26550405611893,30.277421010375694],[78.26815719454345,30.281790952677216],[78.26685518134518,30.2881094462073],[78.26920955066136,30.294289800059808],[78.27073458362648,30.29865075081837],[78.2698071062587,30.300429930135408],[78.26335033558514,30.305290383308623],[78.2565769275486,30.30906276794338],[78.25018260845707,30.306222311721765],[78.24740455835372,30.306449771854975],[78.24138471881547,30.30454127583533],[78.23709066863077,30.304929227922642],[78.23441961875187,30.307332655828215],[78.22972864540586,30.314841819106853],[78.22735643694223,30.314422605005106],[78.22432872908534,30.312300134115137],[78.22014603691059,30.311880942848834],[78.21266815208222,30.313361344075542],[78.20311676582553,30.316710189991774],[78.19550506592289,30.31698216968474],[78.19399345963458,30.316678952942308],[78.19077844159331,30.312893176538285],[78.18489240782266,30.311952277634493],[78.18286799955158,30.30986986228438],[78.18003198856015,30.310672510921],[78.17801644464474,30.310431741543752],[78.17473458086698,30.30881304825354],[78.16366710498754,30.31155093399193],[78.15450367723884,30.315689045565613],[78.1487514151344,30.322801240584766],[78.1365824796773,30.329481032490502],[78.13395612452993,30.333039340925225],[78.13353693875891,30.335549863889437],[78.12961741070939,30.341690042010736],[78.12612147910981,30.356039394388112],[78.12658524330742,30.362242050285275],[78.12895301942439,30.37108886816192],[78.13202531569961,30.376381802599465],[78.13613215752845,30.38104163390681],[78.15001774690285,30.390276362578884],[78.15490938406572,30.391841573989375],[78.15854806282884,30.391689938596105],[78.16430031392981,30.393134660384458],[78.17949688523449,30.4031498047198],[78.18907954583986,30.406048252440538],[78.20128851602863,30.4111896212044],[78.20928373348386,30.413682243149204],[78.2188886322076,30.41807001035201],[78.2273386169248,30.423309456496373],[78.22982678361817,30.42623900880068],[78.22946109009659,30.430608936442283],[78.22778446415853,30.43282962974089],[78.22091747645143,30.436838327090474],[78.21578061160645,30.44243892638126],[78.20706304079998,30.447129927599757],[78.20201088151823,30.44855237787959],[78.19349851342093,30.45236045981444],[78.17608565730048,30.457421555767663],[78.1676089428822,30.457461675609903],[78.15727269977674,30.45639146001027],[78.15231419050994,30.45673039351406],[78.14689638615778,30.461470440467956],[78.1373048529609,30.4661301800761],[78.12355751390116,30.468890354290753],[78.11461695521311,30.47685873701225],[78.09546513417204,30.48201791103035],[78.09253104149022,30.484332197590458],[78.08888348369935,30.48566101474164],[78.08323830092571,30.485442564127634],[78.07332571458933,30.483480567819523],[78.06571844492488,30.480399295533637],[78.06307423402951,30.481143994444544],[78.05803540861197,30.48561198843073],[78.0543344305584,30.486280864294994],[78.04220564087267,30.48521955797322],[78.0397575647265,30.485469287738155],[78.03369769789569,30.487832622516486],[78.03170001861166,30.487591831688967],[78.02658098615574,30.483841696808277],[78.01924126858465,30.4753114962652],[78.01352473278135,30.474241241504004],[78.0085305283146,30.47837043732327],[78.00431668389396,30.480278888257175],[77.99619218746372,30.477130779710354],[77.98649807321281,30.47223913002907],[77.98549474842096,30.47173969818402],[77.98340791447485,30.471601493546736],[77.98010820887548,30.47091034943978],[77.97804366336082,30.470660637943325],[77.97564910704601,30.470531324195886],[77.97374062104724,30.470847869394817],[77.96904964341721,30.474660443406513],[77.96430957550075,30.478829718179895],[77.96243234797075,30.479850858643072],[77.96118374965829,30.48109043706392],[77.96047927171941,30.482361326832994],[77.9601224994739,30.483569748723877],[77.95979256688727,30.484269795188265],[77.95984607424784,30.48800208721603],[77.95889182662944,30.489790122247904],[77.9580445871227,30.490561579296074],[77.9552219471509,30.491582716596636],[77.95352304649921,30.491832383544278],[77.94513543409441,30.49405306992916],[77.94357478316202,30.49469958389178],[77.94198735166884,30.49574306655319],[77.9397979602215,30.49798153806843],[77.93562423130768,30.50097360376461],[77.931356810086,30.50648950466295],[77.93044275801137,30.50756863169912],[77.92900245224692,30.50889740699907],[77.92704040478473,30.511260726154227],[77.92632254179044,30.513561593323544],[77.9268397348786,30.516049791387307],[77.92714745182883,30.516740964520707],[77.9283380379775,30.518359600056495],[77.92887762426619,30.519001760943006],[77.93299783066259,30.521311541565446],[77.93589618579102,30.52316204872706],[77.93699759447492,30.52316206578583],[77.94167523164495,30.521280366338114],[77.94317794925843,30.52052227198012],[77.94713759447264,30.51929155983603],[77.9515699837162,30.517378633344723],[77.95530665618065,30.515590486359184],[77.95635906448149,30.51563064573758],[77.95709032361263,30.516210320276773],[77.95854846971915,30.516410948984504],[77.96032763930161,30.515479064619257],[77.961424529475,30.515697530113602],[77.96243234797075,30.5155905181143],[77.96687360893203,30.513490246326853],[77.96845213582962,30.513347597751114],[77.97162698332458,30.514230464504877],[77.97348200609555,30.515759954432383],[77.97444065585151,30.516718668242646],[77.97485985550155,30.518841239387108],[77.97383873423951,30.52491894231876],[77.9731653587783,30.527549856727695],[77.9715556189017,30.53216050180086],[77.97003952767143,30.53908994103217],[77.96956689392654,30.542050783838718],[77.96895596992165,30.546679362350982],[77.9688177686906,30.54953321636764],[77.96912989757531,30.55214179094768],[77.96970953821526,30.555031264702457],[77.97039182319779,30.55648940825271],[77.97147981048877,30.558179427311465],[77.97511402335982,30.562393274354392],[77.97807485619717,30.563931631130313],[77.9795552857239,30.56500179086763],[77.98310027033416,30.566419834237305],[77.98536101173501,30.567191190998358],[77.98632861687601,30.567347278195992],[77.9903016662382,30.56847101249739],[77.99140313063117,30.56953229463477],[77.9932625177687,30.573741615527574],[77.99273640759426,30.57738918525147],[77.99883194945103,30.584010998986162],[77.999969043007,30.59224248549824],[78.00142713252961,30.59440955920643],[78.0035496811245,30.595239007074824],[78.00343373735681,30.599261058120486],[78.00077170029948,30.604785906707836],[78.00242595339645,30.61150133202816],[78.00183742898386,30.617739636766633],[78.00269355845933,30.619808609712123],[78.00105255053694,30.621529838852055],[78.00018307972928,30.625271038849807],[78.0031127353649,30.62946258981068],[78.00390639689152,30.63434978098064],[77.99945620685,30.647579920538796],[77.99971928940317,30.65161096051408],[78.00131118647536,30.65343024855163],[78.00624745087443,30.655940708327318],[78.00995740532872,30.656047745357462],[78.01365843448767,30.654518293200123],[78.01683778592943,30.65161092411116],[78.02168484850935,30.64898901298188],[78.02526998895996,30.647909850667176],[78.02938129150516,30.650518422668075],[78.03275237760084,30.658357511879856],[78.03825932812295,30.6647296092439],[78.05107921932608,30.668992537972933],[78.0545484459518,30.67202022874306],[78.0575805749148,30.677380112149326],[78.05713470715608,30.689321549242965],[78.06125044607774,30.696197484203775],[78.06218689560193,30.707269390830522],[78.06405080274547,30.71082331672156],[78.06783206019078,30.712513336635133],[78.06991002760915,30.714609082249332],[78.07489083854993,30.72206025187611],[78.07508705415152,30.723634302216436],[78.07090890710622,30.728410060070985],[78.06745753597691,30.73258817107025],[78.06613763671209,30.735950381128717],[78.0691920717587,30.739410632739368],[78.07012853873852,30.741769497860062],[78.06640516988388,30.743950006042002],[78.05918145209269,30.745992274033775],[78.05812012378635,30.74815046253457],[78.05799979861627,30.751258483248396],[78.0578704184343,30.75448239167194],[78.05606003719602,30.756582598815815],[78.05533772196645,30.757429844961305],[78.0529698764541,30.76247759206036],[78.05177483248494,30.763908929630507],[78.04572383054906,30.76633911517357],[78.03790263935619,30.777870365770372],[78.033983077613,30.77996171285588],[78.031517134914,30.780652822740098],[78.02786958507934,30.78168293086859],[78.02581840978418,30.78453224482062],[78.02466800308584,30.786133061762705],[78.01915652267468,30.788920061604696],[78.01638748078878,30.79123880014739],[78.01465731597945,30.79463215841194],[78.01584789603142,30.80124947213893],[78.01386808888059,30.808187825921546],[78.00602001154755,30.81853295897142],[77.99938041804819,30.82331305777419],[77.99060049064194,30.827299527534308],[77.98586485403315,30.831031804364553],[77.98478136801221,30.832182246391348],[77.98214596674215,30.837167519548732],[77.98142358998986,30.839009109354176],[77.98110260955036,30.840931005497755],[77.97749517332717,30.848680872519974],[77.97509171725703,30.85198060379984],[77.97432921172972,30.853777630153477],[77.97410623600707,30.857483173889218],[77.97509616105131,30.86593763088833],[77.97513632945801,30.8689296414678],[77.9735042253964,30.871248370602988],[77.97038293522186,30.87473100026965],[77.9701911464657,30.876220294852644],[77.96998602535646,30.87787020262898],[77.97028926288237,30.880938013504444],[77.97012875622899,30.88269050047084],[77.96671309720466,30.888331248154056],[77.96566070252001,30.889771538016554],[77.96409555473437,30.8913322234027],[77.96338656434804,30.892589688951897],[77.9644478696387,30.897120080874203],[77.9653797601178,30.900161219829226],[77.96620027719479,30.90202962971119],[77.9666060021139,30.902471075505858],[77.96766727579352,30.90306856594727],[77.9692012636007,30.9033004695127],[77.97067275256906,30.903532266385483],[77.9737316462126,30.90419226959903],[77.97532802229932,30.904299251826213],[77.97632691076095,30.904379553947283],[77.97789205559214,30.904852226307597],[77.97968458600243,30.905788635765692],[77.98108474823295,30.907068330806077],[77.9838047749916,30.908517551886465],[77.98451380557952,30.90936923985222],[77.98573111780621,30.909989071709045],[77.99362371064854,30.90929790232652],[78.00070035516278,30.91202239328421],[78.00804891711806,30.916860572587332],[78.00437905435012,30.931102962905502],[77.9924152865929,30.94919796300064],[77.98565087599042,30.958771672997223],[77.9830912962778,30.959779390279206],[77.98008590380476,30.960680135314394],[77.97708940217893,30.96189301599254],[77.9759835221116,30.966343175492987],[77.9744852683215,30.96867977789986],[77.9720327750013,30.969304036074732],[77.9712523849307,30.969611713362465],[77.9706504455489,30.96983915543509],[77.96849221956876,30.9721890505573],[77.96716343569257,30.972902537296797],[77.9637522143462,30.97390139642286],[77.962882704293,30.97429821261004],[77.96257055736666,30.974440943170528],[77.95831212798414,30.978431839907024],[77.95652848069433,30.979907764986436],[77.95320198317685,30.979350439140095],[77.9474274741073,30.978842077884103],[77.94708408082927,30.978150937597235],[77.9415949571232,30.97918539824296],[77.94053813445043,30.979198792845132],[77.93763083838857,30.978859910474608],[77.93541015383731,30.97729922858477],[77.93327423724224,30.97623792939094],[77.93013060476214,30.975560181683456],[77.92399039140696,30.976817610213317],[77.92225578231033,30.976509944968758],[77.91799289199471,30.975149966255213],[77.91439887155052,30.974231351344567],[77.91227631673893,30.97305856705111],[77.90883834567624,30.97064175877087],[77.9050303213229,30.96835875506238],[77.9028185614287,30.96684259934966],[77.89959016754159,30.96300335528596],[77.89462279158288,30.958722595782856],[77.89119821519226,30.957572124448337],[77.8896018216456,30.956787318919854],[77.88748375406153,30.95676055475588],[77.88595427946217,30.957808499850675],[77.88411712007004,30.958352473327093],[77.88195002230619,30.9587805826369],[77.88120090284916,30.95828112977741],[77.88040712712281,30.95730902443752],[77.87777625391524,30.95523111041702],[77.87613535996852,30.95316210001546],[77.87568499284271,30.952163251015673],[77.87407520298886,30.951378454567894],[77.87310764315997,30.951610340951614],[77.87043656142741,30.952239094116347],[77.86865295485956,30.952479880980807],[77.86505896464138,30.951891284982693],[77.86245031279476,30.94901066127223],[77.86090749115895,30.94839975691983],[77.85958759730858,30.948248151610866],[77.85601145280849,30.94909093956405],[77.85488323077529,30.949510127326825],[77.85502593833318,30.954201037803045],[77.85476730255495,30.95593118453262],[77.85473607431508,30.956212117853614],[77.8539512655972,30.958281176582815],[77.85330916104968,30.959030245848375],[77.85151663924317,30.959623336972257],[77.85047769765598,30.959801661173323],[77.84812769930703,30.958691365528665],[77.84720021290647,30.957902120584688],[77.84512232525596,30.95695236396656],[77.84252262026406,30.955431761053372],[77.84098867816417,30.95499924883411],[77.83976686567269,30.954450777707944],[77.83817949237907,30.953139840824964],[77.83474599386243,30.94975091763729],[77.83239600734069,30.946968393541834],[77.8298409342821,30.945108963895724],[77.82856115056708,30.94318266468225],[77.82739285939313,30.94084163151562],[77.82697370245822,30.938500602508217],[77.82637175051508,30.938620951520644],[77.82444101473584,30.938540730396856],[77.82176106793074,30.93817062040949],[77.8198481389272,30.937898637262492],[77.81814023508244,30.938148271978868],[77.81134011864766,30.939891849855208],[77.80783972035353,30.940221795009222],[77.8065733816166,30.94068996522467],[77.80406736507186,30.940547264392077],[77.80265829478627,30.939927494668165],[77.80145429601079,30.939089140298098],[77.8002146766817,30.937091513944925],[77.79736534953948,30.935009083594526],[77.79646902857064,30.933488561964293],[77.79266983844002,30.928521128550464],[77.79152831027844,30.9273527909854],[77.79102444215157,30.926131026484565],[77.7933744396877,30.925979427085075],[77.7956173859848,30.923798956974775],[77.79498419182937,30.920432267411897],[77.79741884928502,30.916749120505827],[77.80084784078925,30.91274031917015],[77.79894833755198,30.90878958773992],[77.79463185327253,30.90347876536467],[77.79088627732114,30.90066954587157],[77.78640040854769,30.896049899690258],[77.7854372256681,30.89336108323441],[77.78443842189412,30.888371375926972],[77.78412620112029,30.882150916638643],[77.78362238648033,30.87865055220378],[77.78350193149613,30.872059934601413],[77.78705590926198,30.868118162830548],[77.7889331859028,30.86496105613105],[77.78936566723058,30.85854887252505],[77.77852562922902,30.85999810823418],[77.77359833666496,30.861032650259098],[77.76899653274464,30.86295000440902],[77.76516610405314,30.865179612717597],[77.76278495047802,30.86815821263655],[77.76178166412375,30.875087693026767],[77.76027008239102,30.87783894080347],[77.75820993629378,30.880478755533627],[77.75454903798489,30.882440722796762],[77.7510531255761,30.882721685479197],[77.74774893296724,30.882271282053857],[77.74452052040078,30.881192195827584],[77.74178266139894,30.87828043976207],[77.74085069991155,30.87432962540002],[77.7410111937904,30.869919617381083],[77.7416756080366,30.864198605798116],[77.73958429202783,30.860189839136186],[77.73573162676095,30.857050641172247],[77.73336826656606,30.854201290281527],[77.73145983222358,30.85077219916213],[77.73338171473783,30.84749033035225],[77.74089968637035,30.840150607415335],[77.74407013828868,30.836244503762902],[77.74440901650809,30.829850110289673],[77.7403869428995,30.827669639724782],[77.73744840209793,30.826300668478833],[77.73403272656032,30.824066695180637],[77.73088905954741,30.819389078277215],[77.7265637194683,30.81442165339075],[77.72408444795909,30.81104163913008],[77.71942023901903,30.808308193923846],[77.71806467698485,30.80509762196529],[77.7171015113453,30.79950144205706],[77.71539367973901,30.79422187519823],[77.70864707820598,30.78450994785557],[77.70452684119772,30.779020850505656],[77.69843123844574,30.773420162359404],[77.69265669206526,30.77141802946538],[77.6882867978207,30.768671220092216],[77.69148399564759,30.760261368385095],[77.69300900526088,30.757849014227208],[77.69175594280792,30.755048705810076],[77.69040484897101,30.75132984221394],[77.69159100994813,30.748310960242033],[77.69394538595446,30.746170668273898],[77.69770882501955,30.744966632594362],[77.70073655330728,30.744966650294444],[77.70435293032102,30.745702429627396],[77.7072379290492,30.745528487449047],[77.7092802418204,30.7441506142909],[77.71163013914983,30.74208161298067],[77.71289206176294,30.739450768566666],[77.71534014035785,30.73826016301781],[77.71764999624628,30.738862180252173],[77.7203388432159,30.738242351544372],[77.721712193869,30.73635171172736],[77.72249698300922,30.733359640515218],[77.72218930370697,30.73061730455603],[77.72521261112047,30.72734877044183],[77.73068392648459,30.72448154947667],[77.73227581548487,30.720700225673788],[77.73432701234223,30.71669153135833],[77.73728336228561,30.71346754558682],[77.74109589394843,30.710662785912735],[77.7403869428995,30.70712225361037],[77.73689992757339,30.705008712157195],[77.73574053380221,30.701579648289048],[77.7335823018859,30.69745045101439],[77.73339952919665,30.693499739175888],[77.73340398281091,30.68583010565753],[77.73657884036986,30.682851413357284],[77.74275024097707,30.680559374282964],[77.7478871517023,30.678142590835513],[77.75419674511625,30.676060210110062],[77.7588119111582,30.67239038317485],[77.76294549989541,30.66843065666949],[77.76590632463592,30.665278088242328],[77.76950041407707,30.664190092059716],[77.77220703464477,30.66539398869147],[77.77423147891275,30.665661520959375],[77.77706298493437,30.66559024752309],[77.77905181330905,30.663770862411255],[77.77491821548007,30.658451169344417],[77.77025396205583,30.655151489037827],[77.76830085497005,30.651481623835508],[77.77217141820054,30.644971290800413],[77.77498062999403,30.64112311332944],[77.77545332058838,30.637471093299283],[77.77231405849876,30.632378845828782],[77.77127960663132,30.628481607380245],[77.77645657021378,30.626131592396792],[77.77960915718322,30.622680316640672],[77.7819902975582,30.619358267523456],[77.77865045414629,30.617877827150043],[77.7722160260492,30.617828758432374],[77.76711481423158,30.618181056103253],[77.76133135216794,30.619447447272172],[77.75660916487779,30.62032142674585],[77.75563262620213,30.61620122384192],[77.75724231704707,30.60479925534027],[77.75444199694923,30.600750467255065],[77.74971087196369,30.601370245062053],[77.74246933727977,30.607171544043894],[77.73832677652618,30.60809007214911],[77.73478625378917,30.60816144031196],[77.7321108553111,30.607131383011843],[77.73158907654718,30.60478143418156],[77.73126806131496,30.60152181491962],[77.72952455514955,30.59838266607551],[77.73192799287348,30.596188731685118],[77.73863895186568,30.592871172491197],[77.74362866075596,30.58975878161044],[77.74619262876033,30.58443010759039],[77.74948796181815,30.579970974990854],[77.7518780451196,30.57457996729049],[77.75353231859029,30.57023231592916],[77.75726912029265,30.565581485519274],[77.76184853852318,30.56299072450049],[77.76653505864404,30.563499094088378],[77.77091392339831,30.562402126601267],[77.77459715117142,30.558901790255643],[77.77826698805991,30.557358882304747],[77.78637806384754,30.561398829174752],[77.79058751601272,30.56025283219604],[77.79518929302222,30.5611491538066],[77.79827047795294,30.564132278067763],[77.80323794795572,30.563780002309894],[77.80586432679362,30.56073889046994],[77.80687655024833,30.55425985652487],[77.80680970312032,30.54934143379992],[77.80995784462806,30.544021738170247],[77.81220071507856,30.53805096917658],[77.81064453330447,30.533181639537176],[77.80502157101839,30.524780677371513],[77.80412086156328,30.520370688648836],[77.8019715563025,30.5153809223193],[77.80055800829786,30.513160277665445],[77.79918013717405,30.51139002457832],[77.79390055298147,30.50859865375258],[77.7881929450081,30.506101504996114],[77.76761416459833,30.50435800851034],[77.76344495638162,30.500251230615568],[77.75504399229354,30.49832930279388],[77.74752593156205,30.49405301792177],[77.73658774734315,30.487252923503863],[77.7292793355588,30.48233897238136],[77.72144468657885,30.477768396388754],[77.71122888528882,30.47727344265831],[77.7046650263417,30.473402945080714],[77.69918928706723,30.468698643380232],[77.69008825769708,30.462941938630664],[77.68219563715238,30.457689098632777],[77.67906981551405,30.451731745656893],[77.66160797223557,30.448779820693794],[77.6532070139,30.449542291687603],[77.64665215663965,30.452463010778928],[77.64023553078619,30.45235156089041],[77.63783204205986,30.44948879527733],[77.63568275518278,30.444338528408398],[77.63333729273563,30.439767976463475],[77.63054592323417,30.436160587381025],[77.61672265862035,30.436231849506402],[77.6120049302648,30.438399023336782],[77.60375116243956,30.437440288671347],[77.59041399829793,30.433779429779985],[77.58107215806147,30.430301281551163],[77.57462879756623,30.426519965651085],[77.56789996814673,30.42171751508675],[77.5628834537242,30.417080007819138],[77.56224141830081,30.41006139465221],[77.56305740875213,30.404487556121403],[77.5671062262293,30.404839789665584],[77.56858666061098,30.40682856232521],[77.5695810979592,30.4078987483457],[77.57111948084207,30.408639004698415],[77.57283178283977,30.41032901950112],[77.57495874417461,30.41174248284902],[77.57753610740475,30.41246042600473],[77.579712124754,30.411920909331418],[77.58436745801556,30.409976749407164],[77.58467953809794,30.408781644514992],[77.58638743770655,30.408010252825655],[77.58698937610319,30.408059263589106],[77.58777414716121,30.40846060521738],[77.59107388586597,30.409049192544924],[77.59246071266955,30.409490682704178],[77.5977848991538,30.408870824231162],[77.59896653128133,30.40891096226584],[77.60273892815786,30.408411528384008],[77.60411232277451,30.40875045731964],[77.60597178622966,30.409481772937593],[77.60706870578923,30.409633377818952],[77.60822366391237,30.410190737732353],[77.60916005341348,30.41040921750634],[77.61122906983007,30.40756877392755],[77.61451098853283,30.405820831358582],[77.61694120073734,30.4052901856206],[77.61818522180475,30.40533031005262],[77.62206912604063,30.40476845679941],[77.62354062315657,30.40516088354587],[77.6255249372249,30.407078269917093],[77.63053255008593,30.410868490734114],[77.6328824412858,30.411171757883544],[77.63421569972158,30.410877429797182],[77.6356961277182,30.41011940773999],[77.63661917842339,30.409200806620266],[77.63941057185338,30.407100561126853],[77.63986985421913,30.406400524764695],[77.64138149610011,30.405361515055166],[77.64301355006018,30.404541076658088],[77.6445073209667,30.402579049793154],[77.64568898699179,30.401990424045188],[77.64761977505802,30.398070879214668],[77.65193174551388,30.395497998093386],[77.65529837721046,30.39478005349247],[77.65805854652078,30.39400867824351],[77.65969053258476,30.39394180567636],[77.66034608165648,30.393741102354106],[77.66126464782893,30.393228295890154],[77.66153666850036,30.392648655653485],[77.66243739911444,30.39167210786901],[77.66300817266116,30.390570658282794],[77.66369480973256,30.387516212775537],[77.66348081499608,30.38558097563279],[77.66320879904663,30.384729254693504],[77.66410951621201,30.383980175178397],[77.66581734624043,30.3834406097176],[77.66687864309321,30.383659061174484],[77.66880050322942,30.383529732780126],[77.67183714098438,30.383940003657244],[77.67329977244759,30.38565227187096],[77.67386603460668,30.384599936633936],[77.6770008261228,30.380800824852628],[77.6775135993696,30.37912862132362],[77.67976989602776,30.375601532163408],[77.68026037787864,30.37433960945313],[77.6827396634178,30.37138767161122],[77.68390790871655,30.369599546519023],[77.68434044992459,30.368159209529516],[77.6859680339268,30.366879479696035],[77.68707386893446,30.364578559234506],[77.69064115616614,30.359731513300527],[77.69126996673872,30.35824223744536],[77.69278152620105,30.35723893051017],[77.69341477992857,30.355691581618753],[77.69425305592536,30.355343774032914],[77.69712914382472,30.35164276643789],[77.69769991493357,30.350309469573133],[77.70107993116648,30.347468991730455],[77.70491920969256,30.34387052144874],[77.70773291950596,30.341319937476584],[77.70994021650611,30.33991082811934],[77.71077845558162,30.338760388294066],[77.71308831879107,30.337930998457622],[77.71537586239481,30.336878684489747],[77.71766781322637,30.33609831017946],[77.72088731215607,30.335429441631632],[77.72265750340861,30.33414970388929],[77.72553364384615,30.33291002320888],[77.72972969035301,30.33147865336755],[77.73239178522213,30.32991358634003],[77.735816330948,30.329249097581737],[77.73771595818235,30.328187836772607],[77.7401729206988,30.32833057047534],[77.74257630255767,30.327608200525336],[77.74828399480717,30.32536974365709],[77.75129838436715,30.324647375619108],[77.75705504337509,30.32095967727948],[77.75866480085173,30.320081265529407],[77.7606981360763,30.319140385963216],[77.7626780047064,30.318489357385026],[77.76496103440144,30.31737005312385],[77.77300971102427,30.313071521913205],[77.7772503120275,30.309869883691903],[77.77848102392717,30.309299118931854],[77.78320323748281,30.30641856671447],[77.78430906466639,30.305491026408813],[77.7889331859028,30.3036583540081],[77.7993094769621,30.297629670818733],[77.80179762376412,30.29599319858689],[77.80737153189668,30.293620888944513],[77.80905263772092,30.292180640136863],[77.81241032191029,30.290749276775884],[77.8186262656999,30.289179682560757],[77.82405753348505,30.286361494335893],[77.82869944261309,30.28468039793307],[77.83277945947677,30.28377965500889],[77.83629773387736,30.282290358007785],[77.84030200464342,30.28121120466493],[77.84246914246395,30.28033284024572],[77.84755691924292,30.27877209897662],[77.85189121408693,30.27658274083174],[77.85587319520548,30.273942890428135],[77.85788868592024,30.27237333743209],[77.86103239702167,30.271352201437622],[77.8655449617806,30.270482676375266],[77.867141358216,30.271102500397074],[77.8689249894489,30.272101274083422],[77.87148447122242,30.274419988229305],[77.8739681909793,30.27415248694338],[77.87985866675864,30.27193189374299],[77.88220859377725,30.270469269386815],[77.89021275646455,30.268239686964098],[77.89164851829483,30.26735237166323],[77.89637074639406,30.266010150086387],[77.90029922611582,30.264409329180697],[77.9036345819888,30.262679225960117],[77.90795104501306,30.260730630051736],[77.9103009766255,30.25930817821008],[77.91362748206986,30.25760924845392],[77.9168469158449,30.256168967985456],[77.91996826671469,30.254050880261584],[77.92189016662627,30.251741014353914],[77.9238655576639,30.249810252355125],[77.92539946848308,30.248708840163093],[77.92823997071453,30.247750152766866],[77.93148172238361,30.24696085365705]]]},"id":"0001000000000000183d","properties":{"ADM0_CODE":115,"ADM0_NAME":"India","ADM1_CODE":70082,"ADM1_NAME":"Uttarakhand","ADM2_CODE":17903,"ADM2_NAME":"Dehra Dun","DISP_AREA":"NO","EXP2_YEAR":3000,"STATUS":"Member State","STR2_YEAR":1000,"Shape_Area":0.288094256176,"Shape_Leng":4.06156742844}},{"type":"Feature","geometry":{"type":"Polygon","coordinates":[[[78.18110662228851,29.950069505700757],[78.18808064808734,29.947550075528856],[78.21688643798642,29.93606791033769],[78.23525353600374,29.927791811338675],[78.23929786230988,29.92456786791618],[78.24415388973038,29.923832111430137],[78.26183423221032,29.923011656257543],[78.26344392363788,29.92014891388243],[78.25917658817289,29.908109310306717],[78.25817774911464,29.899360609404198],[78.25969825054062,29.896207982984805],[78.2669220028929,29.89522254255977],[78.27253155843651,29.885608694941247],[78.29459964791046,29.870920462645348],[78.30087362916348,29.865261838367218],[78.30568058196748,29.862341094437916],[78.30861012652358,29.85814066941341],[78.31169141416228,29.836032454793735],[78.31388973435655,29.82612877315117],[78.31761756563158,29.81803101871457],[78.32048033385959,29.807619006578314],[78.32274551427,29.80274965851925],[78.32717785388364,29.79879893671116],[78.33173948253365,29.796181433684527],[78.33193122494146,29.796119004307034],[78.33853969506276,29.792538326460456],[78.35125700429589,29.786251002787104],[78.38598450351107,29.773859169610958],[78.39842095256138,29.772129076717455],[78.40838699235012,29.773440008449782],[78.4125652337149,29.772418861511294],[78.42431495938587,29.761650169527282],[78.43212723524708,29.758118584020416],[78.45215753640703,29.752138937520265],[78.46473669999267,29.751010710791753],[78.47357908108278,29.748469043466514],[78.48758066755592,29.741379117771032],[78.49021153854532,29.72492056723846],[78.5002578541474,29.715337951867028],[78.50184527410818,29.711708208775548],[78.50601900403247,29.69388966564877],[78.50744595504754,29.69083073704193],[78.50724977214344,29.676967369554752],[78.50763771631837,29.67291407688656],[78.50961304441171,29.66847723373826],[78.50921617871357,29.659652682398786],[78.51151265555005,29.65068990439278],[78.51774645594362,29.63914969931277],[78.52546516541635,29.62977229478688],[78.52736031964281,29.624358924331112],[78.5305396614428,29.623930829271742],[78.56120935215372,29.593729323434246],[78.5764772949964,29.580570489510322],[78.60524743481565,29.561802177324594],[78.61515996819676,29.55786922127962],[78.62149639649493,29.552892863726026],[78.63957352409797,29.54778273205544],[78.65039138219495,29.540688368718165],[78.67655731810719,29.521349166409063],[78.68540867701596,29.51355026384179],[78.69335924096202,29.508872653583104],[78.70826601652607,29.509421143661218],[78.72660632310748,29.50871213782543],[78.7315202345881,29.505742341637816],[78.7390606015685,29.50497988629732],[78.74225771285238,29.50122085767179],[78.76577953480262,29.48379022040091],[78.77475124874736,29.48094080914028],[78.78550659874827,29.476031374518723],[78.79695308396454,29.475951083112577],[78.81138714741508,29.469828775740268],[78.81669802200197,29.46857127458215],[78.82377007116958,29.46969054014807],[78.83006192004139,29.468508888502374],[78.84612361843925,29.46364843309985],[78.86575259115082,29.45959954288023],[78.87542878749248,29.45997857255773],[78.8826837511529,29.457842723471764],[78.89010812983844,29.45753945894354],[78.89602093980339,29.456179436752755],[78.89788037401577,29.460839250210455],[78.89997170936812,29.4632382179872],[78.9048365521068,29.46475879781542],[78.90898356521366,29.467701789485016],[78.9141382247697,29.469793069098028],[78.92331063623496,29.4762900133984],[78.92658807587652,29.47768125362824],[78.927421899651,29.481730086777777],[78.93118096699376,29.489970530087312],[78.93547955394205,29.499432690080532],[78.93968887363123,29.50584044984808],[78.9375976157016,29.51324258156937],[78.94184266334618,29.530151480663974],[78.9475325017048,29.536719773910782],[78.95117997475533,29.542592355807464],[78.95387333081705,29.5450805699538],[78.95906815154076,29.54597233557147],[78.96230097657121,29.54782288026979],[78.97424247283702,29.55091307780043],[78.97793458166149,29.55328084353201],[78.98304028085602,29.555068916465665],[78.98745924453809,29.554872739268795],[78.99178457731001,29.561668385861704],[78.98899763829861,29.56822774585488],[78.98886831823303,29.571259890668575],[78.99532513757013,29.577939621814977],[78.99623919901934,29.580200409380186],[78.99627491245612,29.58944856263227],[79.00047986148262,29.59087104650852],[79.00847502110956,29.590139766325102],[79.01162761757166,29.59169155009476],[79.01548026748094,29.592449542316086],[79.02005082524302,29.591450746355818],[79.02410864648337,29.591468611436355],[79.03279049074973,29.59327895086101],[79.0444777820212,29.59247188701317],[79.04913309079716,29.593131837453576],[79.05120658502747,29.598678979424562],[79.05008733479377,29.60464073358106],[79.0507561965803,29.610107618488247],[79.05445278509589,29.612832090200925],[79.05767223654198,29.618459506236565],[79.0581984562139,29.62428309057243],[79.06852122542733,29.621942031614626],[79.07514749294316,29.62494305354174],[79.07955308520202,29.629950616096274],[79.0698322239825,29.639613522016994],[79.0671701256026,29.644161748785958],[79.07377407609225,29.662912332460525],[79.07689548083438,29.66762109785537],[79.0860678421139,29.677333022028375],[79.0882572260659,29.677248308363982],[79.09201182854206,29.66547179314598],[79.09588675571578,29.667268830051242],[79.09906163989237,29.67134891096213],[79.09845076533246,29.677551479119344],[79.10484506393868,29.687477504909864],[79.10357866392819,29.695860543340977],[79.09916866533288,29.697216185861617],[79.09644413249333,29.699022068065936],[79.09503060554411,29.702428805869047],[79.10264675441947,29.7110705515242],[79.10884940361152,29.714009174268757],[79.11030752978584,29.723970739971573],[79.10858178079522,29.72537979272815],[79.10502790944399,29.725852522809515],[79.10589741170938,29.730052969444458],[79.0994719034287,29.73557337370187],[79.09842844666464,29.740781533132925],[79.09932920326843,29.747242782341715],[79.10195111228474,29.756152090957936],[79.10253973288299,29.76511934492692],[79.10180841583481,29.772931653197315],[79.10653064149507,29.772842500659582],[79.11060177165095,29.775611584164505],[79.11429389127642,29.780039461217665],[79.11663047100167,29.78635805692516],[79.1158011296158,29.79099105877116],[79.10883156785802,29.80893003264087],[79.11032975951048,29.81416946519994],[79.10024330784412,29.835452775400537],[79.09501724833412,29.840299776787056],[79.09102637495221,29.84219048229511],[79.09024601948218,29.851188884152993],[79.07351540537894,29.862220765565397],[79.0655380743249,29.865359920345842],[79.05705247640901,29.866991997325734],[79.064566054012,29.87845188498409],[79.06996152130839,29.890620721427325],[79.07581187001549,29.894170193671776],[79.08067233565188,29.895231429404735],[79.09440634787308,29.895699692504905],[79.10069363555293,29.898089773863692],[79.10708804221517,29.900921301020432],[79.11131079172587,29.90484082528257],[79.11461500207349,29.910419151530416],[79.1276087844415,29.91237227454996],[79.13649580060665,29.915105696772617],[79.15112159800991,29.92187012583042],[79.15963852190453,29.91333092776798],[79.16684891049272,29.914601792041253],[79.17756853786416,29.92450987722794],[79.17896430595951,29.927078395409637],[79.1801548813276,29.946912482739442],[79.18300417692167,29.95053321743793],[79.19055791586834,29.945191250511314],[79.1939602586851,29.94380890031083],[79.21050345905991,29.95145179911169],[79.21608179213096,29.95326216241227],[79.22046062058823,29.96424942996248],[79.22109833466686,29.9713304727039],[79.21787434881263,29.97731904173555],[79.21502059764792,29.98349047266596],[79.20889375168858,29.989768847246985],[79.20887145900232,29.993211240782834],[79.2123272788605,29.99660018606023],[79.21251904040189,30.000724836981735],[79.21135521053827,30.006419118156135],[79.21121250655293,30.007721159567932],[79.20516150386213,30.01511884997109],[79.20408684456451,30.02870128360926],[79.20282047822081,30.032990942082968],[79.20136231103291,30.033209386121623],[79.19581521648162,30.038127816003968],[79.1912089176186,30.040821069850193],[79.18628608982104,30.04206965828266],[79.17885728431241,30.042167761884375],[79.17619961298026,30.043781977235593],[79.1752944189239,30.04642171592925],[79.1754683463529,30.05336903460142],[79.1781482520787,30.06199288023129],[79.18089506587633,30.065328363031494],[79.1896661171103,30.071588933084122],[79.19017886583707,30.07364901374108],[79.18628608982104,30.079472634188505],[79.18266082645856,30.08810096186505],[79.1756511420141,30.096091694713195],[79.17392098372173,30.098062602047165],[79.1684853393514,30.101500531089442],[79.1624298774052,30.102490478256627],[79.15196441099728,30.101982097635197],[79.14435720567893,30.1041001893833],[79.1413740156563,30.10767193843377],[79.13823034597446,30.118601213118097],[79.12666349891207,30.12376930477661],[79.12294902932749,30.127501553574366],[79.12259676013346,30.15449693293752],[79.12442055107351,30.158233681946577],[79.13051616986026,30.16364255379678],[79.13136338677529,30.16675950441685],[79.1308059559365,30.16900240809578],[79.12838021937226,30.17145941495093],[79.11627378444304,30.176288603068997],[79.11403533038684,30.1774880882345],[79.11196182070083,30.180078834925244],[79.10987051647153,30.18761919153231],[79.10661982238278,30.191070550124838],[79.09298830950863,30.199221791044415],[79.08358856531923,30.20669073884125],[79.0830311996605,30.210302647530447],[79.086607350142,30.218538614061448],[79.08627295894378,30.219582016599734],[79.0830311996605,30.22186953712488],[79.07943716023789,30.2233143156018],[79.0604101162267,30.227421120426087],[79.05738688357783,30.227180293899515],[79.05388645598303,30.22516037709737],[79.0412359865413,30.22270781906651],[79.0333345243365,30.223220619960404],[79.03082404534516,30.224009931498777],[79.02881737410692,30.225619623364853],[79.02551321710656,30.22940989193496],[79.02274415722881,30.23694125358971],[79.02272182090813,30.238970178875686],[79.02471059551527,30.247759108553733],[79.02787654389459,30.256168892546544],[79.02852753729378,30.257488851246336],[79.03161773390859,30.259629181031062],[79.03363771242547,30.263129578102767],[79.03495763872114,30.265912109428378],[79.03909122659947,30.269769199407914],[79.04505296121688,30.27382252357686],[79.0540291377845,30.28241074575058],[79.0662470843338,30.291641083496074],[79.0726325063681,30.29895842085854],[79.07701140888139,30.30270854091915],[79.0781306029072,30.30476863577912],[79.07660113501271,30.305459870620133],[79.06093632085486,30.30471074335235],[79.05107726237446,30.306989317318045],[79.04395157323916,30.307212296771848],[79.04177109124238,30.308121942155044],[79.03875675561454,30.3114529073252],[79.03305798078237,30.315751393942193],[79.03008381533355,30.316839420635937],[79.02493352267442,30.316201845205285],[79.02139301609152,30.314342378172338],[79.01300994564268,30.309936742214163],[79.00464020477654,30.30767154754899],[78.99153043044278,30.305388449877384],[78.9880656499869,30.30624912015827],[78.98625082214666,30.30737280075907],[78.98043168597307,30.30297168764912],[78.97154916600807,30.295770247090896],[78.96797295913562,30.29450825056379],[78.96794180858033,30.293228505738742],[78.96201119862606,30.28773048461079],[78.94064316555381,30.278758753123817],[78.93408826138477,30.277162366702285],[78.92780984669245,30.277349698282478],[78.92270865960133,30.276261654987998],[78.92193721241743,30.275722125361288],[78.92011346137024,30.264788377868186],[78.91758070002179,30.26308941829032],[78.91533779096099,30.26267925047414],[78.90989766474158,30.26995198484818],[78.90574620064407,30.269060187886502],[78.90238404204449,30.266951032615346],[78.89662290885238,30.256753060037994],[78.89314480454173,30.252427746560155],[78.8902196190277,30.253480088333635],[78.88775819132931,30.25781879315775],[78.88448523051817,30.26131923100226],[78.87372543390234,30.267593143076738],[78.8710321035979,30.268288800971096],[78.86527093298196,30.260570064327677],[78.8526695808867,30.253167990063478],[78.84850471020478,30.25246785511312],[78.84307805206788,30.255107697537845],[78.83895779014149,30.255571380776015],[78.83685313843084,30.252748775531735],[78.83573832349961,30.248838174947522],[78.8314888286474,30.245690052579352],[78.8238905369431,30.24744245020827],[78.81636796966288,30.24777244220634],[78.81179742162108,30.24408919939999],[78.80864932057197,30.23611191052637],[78.80031523415414,30.234952568694286],[78.79570901781159,30.22833966949084],[78.79331895253058,30.227760025882674],[78.7898809223164,30.228442201824738],[78.776575028075,30.236379487644694],[78.77464862017133,30.23694124880095],[78.7715584730718,30.23625009360185],[78.76294800405763,30.23462252667622],[78.75806972262035,30.232428705810023],[78.75200530305072,30.223407880112987],[78.74777814123418,30.221909626390712],[78.74315848995239,30.221138225822212],[78.7402511516122,30.221428052956433],[78.73844071416607,30.222279785792534],[78.73454347362832,30.226859229219368],[78.71399596869277,30.240593267946803],[78.70723600898485,30.247223964789004],[78.70291955142763,30.247322091565312],[78.69982941727244,30.246292001446278],[78.69811264423433,30.245141601208985],[78.6967169493614,30.24255085884379],[78.69435806806885,30.241569817298686],[78.68383011905566,30.24590856138971],[78.67669561851638,30.247669867791274],[78.67073822829967,30.245511722797495],[78.66779518980665,30.241502974937983],[78.66734485044228,30.239251065639028],[78.66961452978114,30.230319553720413],[78.66896798411905,30.227051008680753],[78.66731360444913,30.224629712691026],[78.66282775555922,30.220950984294234],[78.65674557988362,30.220237502354298],[78.65168003499343,30.217530836255147],[78.64910262623307,30.21544842193469],[78.64666799480813,30.214708227062534],[78.63556479528566,30.21581856550745],[78.63416917873752,30.215180861360405],[78.63300532756132,30.21157344205003],[78.63308559060778,30.204679700229235],[78.6314000531406,30.200541680304706],[78.62558535055706,30.19610037497329],[78.61412103361454,30.191369250477866],[78.60962622095909,30.188658109984768],[78.60749037405587,30.18336964124745],[78.60542134277479,30.170099409277952],[78.60249171567789,30.159009549513865],[78.6001952253993,30.156490224081193],[78.59459907020097,30.15588820929544],[78.59249885101454,30.15232094703493],[78.59098275432599,30.152378927413057],[78.58605101627185,30.156730939123026],[78.58393736511428,30.15735969795848],[78.58294748545934,30.156659663317996],[78.58171226626314,30.15320826690213],[78.58088730570663,30.145400377173132],[78.58329970943812,30.13914869961483],[78.58788370652042,30.13400292915566],[78.58722814482469,30.13245120154175],[78.57596001182644,30.129940710250054],[78.5751573556687,30.1286832018885],[78.57469811045578,30.126721223731796],[78.5766600891183,30.115189959066534],[78.57448403788325,30.11189920777606],[78.57128692997127,30.110739780880994],[78.57035939192207,30.109308418620603],[78.57443058464474,30.10203120281006],[78.57840805201131,30.09774153098229],[78.57961203837351,30.092863314309877],[78.57784174549847,30.08809204678903],[78.57417189482787,30.085260500220283],[78.57293674144027,30.08341886479557],[78.57267813442996,30.081238407506184],[78.57392671933913,30.079289774993935],[78.57492101921197,30.078999895005744],[78.58085611941438,30.07908022082497],[78.5887219495842,30.077332231837097],[78.59084892649258,30.075040242087333],[78.59099609378961,30.071990187973345],[78.58744669473812,30.069279126335942],[78.58605101627185,30.06885997595103],[78.58072678282721,30.07145062698559],[78.57890305864912,30.067370591038095],[78.57839912904824,30.06225150465099],[78.57708822457577,30.059090077830906],[78.57511282604138,30.059201496096186],[78.5733737294688,30.060409963943602],[78.56825918764521,30.06626031554159],[78.5664977929281,30.067968114501596],[78.56497281443362,30.068320387208008],[78.5544136933028,30.06811081192485],[78.54923216017625,30.07458985378793],[78.545981478367,30.07648054467308],[78.53251497733021,30.07800109624698],[78.5200250570843,30.08070772473869],[78.51699734175642,30.080551676244152],[78.51252039814987,30.078050141824093],[78.51095525040424,30.072940010517684],[78.50959076518575,30.071838655015984],[78.50385192475456,30.070389395721236],[78.50034255762941,30.06291147442654],[78.49764042111131,30.061649543023155],[78.49504962497649,30.06279107014294],[78.49054145478802,30.068289157124894],[78.48932860632439,30.07178954067707],[78.48874446047283,30.08251815379328],[78.48707680404915,30.083102290704137],[78.48420063304481,30.080730032702334],[78.47779741440318,30.068030555855806],[78.47123804070425,30.062189075434244],[78.46956584851999,30.062465552084696],[78.46598964847547,30.069809688500754],[78.46496409996602,30.072280069154566],[78.46312693307407,30.07364898737059],[78.45495784889364,30.07149973684953],[78.44233861985735,30.074161837919856],[78.43672907304007,30.07682831083379],[78.42636165515732,30.084609465046753],[78.42307972099097,30.092243429360163],[78.42170633916398,30.100390233655297],[78.42199621805118,30.10463975752665],[78.4249124009554,30.11407078963973],[78.42471180812394,30.116081796580445],[78.42283452826182,30.117981412925438],[78.42040426008677,30.11888209395502],[78.41127648855283,30.120741531816034],[78.41146825680035,30.12245830168716],[78.40882850506138,30.130270680706996],[78.40483755347722,30.136232450465936],[78.40030709639811,30.141141933102713],[78.39315919743156,30.143888750763484],[78.38346951902456,30.143438407462547],[78.37917986031182,30.141690458600902],[78.37793583371558,30.139728443126362],[78.37917986031182,30.132611709579056],[78.37834162829921,30.12865647768222],[78.3689194909743,30.127983160521644],[78.35875724720916,30.124839471392338],[78.35565817125836,30.1260300796079],[78.34443010194637,30.13286588779529],[78.33000049817315,30.139532207097503],[78.32663829220542,30.13975075297242],[78.3235169774711,30.138979310749413],[78.31981584724412,30.131269486174055],[78.30590798574842,30.129459155147064],[78.30277319209713,30.128152598196596],[78.30016462847496,30.122788310657768],[78.299027541811,30.118150824097484],[78.2983096680179,30.115087399744457],[78.29686044086498,30.11284002338256],[78.29194648721159,30.109250463269507],[78.28015217417388,30.105348798017186],[78.27912217069026,30.101558551766207],[78.28019674516203,30.09157011666945],[78.2791889843838,30.086170128180665],[78.27497068870518,30.07827753515088],[78.2682285336923,30.06939944413091],[78.2569514773241,30.060039791527323],[78.24592411823991,30.053890698455394],[78.2386646700138,30.04878953503052],[78.23606058843929,30.042809840086456],[78.23451775257323,30.02948159023788],[78.23281886844224,30.02787185678393],[78.22487716533456,30.025062670886822],[78.22026643888006,30.024639065189227],[78.21626215174187,30.022601195751896],[78.21568246025907,30.019332698705856],[78.21687304990647,30.012911615583853],[78.22027539295601,30.006227424747465],[78.22165770187334,29.998468602771403],[78.21926757648511,29.992872411843944],[78.20339769110605,29.98129212353733],[78.1894674672768,29.963009768230208],[78.18110662228851,29.950069505700757]]]},"id":"0001000000000000183e","properties":{"ADM0_CODE":115,"ADM0_NAME":"India","ADM1_CODE":70082,"ADM1_NAME":"Uttarakhand","ADM2_CODE":17910,"ADM2_NAME":"Pauri Garhwal","DISP_AREA":"NO","EXP2_YEAR":3000,"STATUS":"Member State","STR2_YEAR":1000,"Shape_Area":0.509569640411,"Shape_Leng":3.78586135036}},{"type":"Feature","geometry":{"type":"Polygon","coordinates":[[[77.98802308113663,29.545860884446945],[77.99415434661702,29.555100133992376],[78.00351849566057,29.55609005694394],[78.01661481108597,29.554618541505583],[78.01927244948845,29.554052232489507],[78.03256061285428,29.551702313816598],[78.03688150669993,29.55262977578367],[78.03825932812295,29.56144101594102],[78.03721590563906,29.565249101108762],[78.04264260173463,29.571910930555557],[78.04074749532757,29.57532220694571],[78.03730063728794,29.57777021571009],[78.03650687414955,29.580860379664696],[78.0397575647265,29.587981592847193],[78.04393126887567,29.593069413760325],[78.05069131441813,29.59805017841168],[78.05924831803522,29.601613002800008],[78.0682601235663,29.60140790558767],[78.07315622122984,29.59990964825128],[78.07850718909106,29.599543980186066],[78.08206109185011,29.601809261562774],[78.08867841529737,29.61330032757163],[78.09062254536936,29.624769115621163],[78.0942388845697,29.628028729465747],[78.0968341060618,29.630601667881287],[78.097511840288,29.630779990475975],[78.10697851897446,29.633178968607986],[78.10913674286151,29.636697210051892],[78.11482206065187,29.6451606116047],[78.13400067053354,29.658511181604922],[78.13912420607976,29.676097845541662],[78.16593228810768,29.679531367198678],[78.18222142254359,29.69155312107952],[78.19229896353477,29.706589158724857],[78.19352520857649,29.710058334098512],[78.22126085824162,29.717621033153947],[78.23140080716074,29.70409212768298],[78.26476379301242,29.726793350625606],[78.28193586765474,29.742342258499562],[78.3029337169526,29.757592372329764],[78.33173948253365,29.796181433684527],[78.32717785388364,29.79879893671116],[78.32274551427,29.80274965851925],[78.32048033385959,29.807619006578314],[78.31761756563158,29.81803101871457],[78.31388973435655,29.82612877315117],[78.31169141416228,29.836032454793735],[78.30861012652358,29.85814066941341],[78.30568058196748,29.862341094437916],[78.30087362916348,29.865261838367218],[78.29459964791046,29.870920462645348],[78.27253155843651,29.885608694941247],[78.2669220028929,29.89522254255977],[78.25969825054062,29.896207982984805],[78.25817774911464,29.899360609404198],[78.25917658817289,29.908109310306717],[78.26344392363788,29.92014891388243],[78.26183423221032,29.923011656257543],[78.24415388973038,29.923832111430137],[78.23929786230988,29.92456786791618],[78.23525353600374,29.927791811338675],[78.21688643798642,29.93606791033769],[78.18808064808734,29.947550075528856],[78.18110662228851,29.950069505700757],[78.1715462850058,29.9479112374238],[78.16747960909649,29.948089604614548],[78.1694505622658,29.95859972891823],[78.17275920380261,29.9661980896158],[78.17800313858739,29.97332815172074],[78.17713806732345,29.98299103480796],[78.1751849126103,29.987262882985004],[78.17330321240239,29.98846237432697],[78.17137686142293,29.985679847736563],[78.16050109034032,29.963362062083604],[78.15577889971586,29.954698067533005],[78.14785957164624,29.958951997345036],[78.13999376440464,29.966108882917563],[78.13558369458372,29.97479966193241],[78.13130290643994,29.983740161726253],[78.12152862496576,30.00591969716916],[78.10856594911932,30.010579508513636],[78.10497194064324,30.014820068356954],[78.10124413160774,30.017500041106473],[78.09007410861456,30.01816883508139],[78.08236880044575,30.022543236064486],[78.08223048401855,30.025820705617594],[78.08561496322638,30.029588650985197],[78.08606088616038,30.031091357484744],[78.08616794916765,30.032371154780467],[78.08442890185471,30.035688674914645],[78.0669313542262,30.04461133413126],[78.06092944294436,30.048499660330084],[78.05858392294007,30.051901966576725],[78.05789279442583,30.05723951357022],[78.05972099288688,30.072061592797272],[78.0589673589043,30.08026184330034],[78.0549096068409,30.085278321633545],[78.0453716075231,30.09309071780151],[78.03743883768561,30.101429248786733],[78.03009916606456,30.107801245422895],[78.02348187549651,30.115310399744093],[78.02265247546296,30.117201026759812],[78.01534846197876,30.133779969349604],[78.0132214426916,30.143028180609505],[78.00241262539252,30.158800002524867],[77.99920653917025,30.1676691173958],[77.99427918638547,30.17742122187685],[77.9869618333322,30.18791790607139],[77.9856196853445,30.18932251907326],[77.98184276251898,30.1946288820617],[77.98092870118268,30.195632163155246],[77.97907371923999,30.198392381971292],[77.97770472385967,30.199676618791635],[77.97705820905782,30.200541669484412],[77.97635810409339,30.201973062017267],[77.97442732438718,30.204349700445963],[77.97283982275884,30.20696275689906],[77.97083325841413,30.20933947026784],[77.96961150840971,30.210659382863934],[77.96089390686599,30.217321283478725],[77.96030977454873,30.21823981566183],[77.95971675022358,30.22174019443655],[77.95915038934987,30.22346144996345],[77.9585261601969,30.224701082687073],[77.95806236510275,30.2252004464854],[77.95194900789275,30.229289515317422],[77.94764597276594,30.23312872111809],[77.94454241379232,30.23529143933183],[77.94383782754474,30.23637940566852],[77.94509978672818,30.241511882457253],[77.94608527084266,30.24472244909802],[77.94644200220313,30.2467691330021],[77.94407864594753,30.247718974727295],[77.9411981159702,30.249698809288496],[77.93808112355224,30.250599488073213],[77.93628860096219,30.250742239844666],[77.93412149616401,30.25008224933663],[77.93321182572669,30.249573891517528],[77.93267670652398,30.248610739644988],[77.93148172238361,30.24696085365705],[77.93026885537647,30.243001250551394],[77.92976937407862,30.2418106330405],[77.92932350008822,30.239991304618258],[77.92712958160486,30.236419585300332],[77.92316990331175,30.23179997106312],[77.9218233025853,30.229699750264455],[77.9180598455719,30.224790277998423],[77.9145415884664,30.22181156113315],[77.91139340334036,30.218770419937634],[77.90762548746743,30.216991267579377],[77.9043971489377,30.215212084357855],[77.90313070592764,30.2130583178084],[77.90229689447669,30.20975861426171],[77.90039731858263,30.205781116148],[77.8999113022415,30.204010790521913],[77.89895705071548,30.194878607565457],[77.8983327368964,30.192261125546214],[77.89707084474408,30.188221174442294],[77.89599614963919,30.186290384127208],[77.89280792686334,30.18342759140462],[77.8901235493814,30.18038207739265],[77.88793860707162,30.178750033677677],[77.87938598921423,30.16968018359315],[77.8779813748263,30.168601060749157],[77.87663918636667,30.166960159246216],[77.8733305646807,30.163932399059775],[77.87204631767912,30.163031687046853],[77.8687154033856,30.15880003209216],[77.86548695972297,30.155072199958465],[77.86499651402683,30.152097942805003],[77.86443907965699,30.14993972974653],[77.86132224436459,30.14404930836029],[77.85989977823928,30.141561092194852],[77.85909267662312,30.14048205386548],[77.85794669200655,30.13810089849434],[77.85527122741739,30.133619417529687],[77.85233269434352,30.13093060511858],[77.85051782488596,30.128656489166694],[77.84810100539505,30.1245317900987],[77.84723589231594,30.123461586679156],[77.84468971419459,30.119501910614733],[77.84361066537157,30.118311353835836],[77.84274115488579,30.116777408496],[77.83853177869102,30.112269250279006],[77.83747936577821,30.111430980787453],[77.83606583799548,30.109950543735437],[77.83283302924762,30.108010829220653],[77.83058115688722,30.107239373734902],[77.82842294559761,30.10612017300711],[77.82655908103558,30.10552267989949],[77.82531049570864,30.10472894421243],[77.82395047261016,30.101268689676807],[77.82189038118382,30.09887857814225],[77.82185914358331,30.0969478441192],[77.81996846692084,30.093639143448325],[77.81790838812262,30.091579018702845],[77.81519276677133,30.090169938668318],[77.81307919366365,30.089630452650326],[77.8107069276027,30.089550159718918],[77.80806713792371,30.090210076258064],[77.80548086804309,30.091962556357863],[77.80412976309765,30.09363914993615],[77.80277864157749,30.094562207741653],[77.8010173239344,30.09618080632164],[77.79873870509438,30.097861887740628],[77.79770869003251,30.098860774595792],[77.79503769273052,30.100608773641337],[77.79392289615804,30.101085862537246],[77.79186276642336,30.10184835080586],[77.7895663275171,30.101531747795296],[77.78643602040422,30.09997103626717],[77.78595892531332,30.099110498009143],[77.78513399807234,30.096782862458845],[77.78276174146187,30.09326015309642],[77.78174510680225,30.09086113926147],[77.78005066580799,30.089162215931935],[77.7786861557925,30.085438854345128],[77.77729936967603,30.082402253771082],[77.77585460407309,30.07764880759039],[77.77523037499026,30.076311065990346],[77.77337538732496,30.07385860524931],[77.77189495389163,30.072489659137165],[77.76978133652582,30.06837836288283],[77.76905004623835,30.06810186014603],[77.76793524918534,30.066942522142668],[77.76531774535191,30.06305863975872],[77.76442596581946,30.06088264327708],[77.7614918163902,30.05544247785511],[77.75833923675454,30.05050181976422],[77.75757678965658,30.048232172108104],[77.75820993629378,30.046542137821334],[77.75982858208761,30.044932412148114],[77.7620179942291,30.043179943867045],[77.76389525973785,30.042167734676188],[77.7657012563562,30.039657321300812],[77.77008897110474,30.036879256782477],[77.77255045339803,30.033699904875668],[77.77326391248631,30.0330399523569],[77.7738881526759,30.032099114711972],[77.77353592137038,30.029570820532957],[77.77226945068966,30.02628887522331],[77.76944690080128,30.023849744714024],[77.76780150770335,30.02294010278974],[77.76288753101899,30.021629099774433],[77.7597438962438,30.02042961214279],[77.75755889177431,30.019520009439656],[77.75325144221019,30.01736175118379],[77.7491222939106,30.014102191966597],[77.74642899212228,30.011342018555037],[77.74462303053683,30.00880033904259],[77.74323180099162,30.00595981097187],[77.7408060794285,29.994120983577773],[77.73676169514897,29.990718656323864],[77.73007751984736,29.987450157996317],[77.73100494340481,29.98433317109873],[77.7441325701951,29.971861118122128],[77.74495754123318,29.967598224320582],[77.74347707708397,29.963781221479127],[77.74014165997562,29.958898493106908],[77.73269052899515,29.954978946307573],[77.72946211502735,29.951879844746095],[77.7289805826124,29.94561931590921],[77.72541775428307,29.94351909397967],[77.72067325238672,29.939028767031562],[77.71768117595958,29.934948685011506],[77.71893866310921,29.932839536658282],[77.72416470704188,29.930048137374193],[77.72879771502235,29.92855876781392],[77.72956018530147,29.922802076576065],[77.73301599374618,29.91348257614266],[77.7311164607631,29.91129310027749],[77.72721031738122,29.909041336727892],[77.72482913474252,29.905902054132596],[77.72009351602632,29.902789629408115],[77.7175206483787,29.89462949409868],[77.71302141500993,29.891575034629835],[77.71105053036571,29.88811916078363],[77.7030196337,29.8897601003681],[77.70250689025258,29.885702392421507],[77.70316236288731,29.878451877964398],[77.70202078632246,29.871781079794467],[77.70326045634152,29.86766973885119],[77.7060340283106,29.86374126452304],[77.70957896033362,29.859478410835045],[77.71334693733716,29.856481868451578],[77.73005516377903,29.853079603357507],[77.73092468926174,29.84190064418348],[77.72918563149106,29.837561866949972],[77.73203060196701,29.83455203074151],[77.73895112632717,29.830271264286097],[77.74234001830406,29.824630467722088],[77.7439898935909,29.816278645090264],[77.74128764788175,29.811418162876013],[77.74214826618955,29.809518624634705],[77.74932739289268,29.804359410812932],[77.75296157214997,29.79743889189305],[77.7647023614975,29.78545730307085],[77.76053758339913,29.78127913748672],[77.76072039866405,29.778782068769832],[77.76539806190264,29.77573198124986],[77.76352518698967,29.77035879277363],[77.76571461330555,29.76371028504869],[77.76164791520367,29.75575965476759],[77.7608586885206,29.752700786866896],[77.76187088818293,29.743818184530017],[77.76735558519682,29.73781179373676],[77.76925510830978,29.734650326629147],[77.76792189250412,29.730570233172312],[77.76375706097716,29.72609774823846],[77.75771499613292,29.715917594478757],[77.75891004279109,29.71342055499923],[77.76204034385462,29.711788467163387],[77.76980804943749,29.70992010809194],[77.78269042807976,29.708319299234375],[77.79492170134756,29.700462337988093],[77.79744555551044,29.697831507917588],[77.7891694579503,29.68588108019599],[77.79251823468451,29.681921434826563],[77.80449097279289,29.67690047949172],[77.81108146717804,29.672490430476135],[77.82129730153777,29.6689900301999],[77.8289714019205,29.669328958607537],[77.83426884640983,29.67187956255856],[77.8384380800647,29.675518188950978],[77.84065873342631,29.679357491867318],[77.8429418050531,29.681301625502943],[77.84707092947217,29.6806282878391],[77.84863156748418,29.684182222208406],[77.85405829719409,29.688908855736067],[77.85851296935739,29.688061610629504],[77.86622720322288,29.693412519332835],[77.86991046592983,29.69401009129751],[77.87003527429177,29.698781290980975],[77.87387905783181,29.701969549336063],[77.87722778033486,29.70039102391941],[77.88218635578274,29.69999866322112],[77.88683269006812,29.70069870582114],[77.89994251756505,29.697822631636942],[77.91021178599507,29.698941849432018],[77.90483859132404,29.70255370145827],[77.90635018879391,29.704100968655574],[77.90837913339371,29.702870275738],[77.90954734401178,29.703842343923426],[77.90804468404106,29.70529157293865],[77.9096276422285,29.706370726015194],[77.91072905575956,29.705492242435742],[77.9162271508681,29.71165029746571],[77.92016005721953,29.713857541294143],[77.92491792254592,29.712658009190765],[77.92722329128316,29.714579906148572],[77.93049619269985,29.71305487672521],[77.93665425531354,29.713910998028066],[77.93895519092456,29.71475827221856],[77.94081905417539,29.71459771625928],[77.9424511284637,29.712399382129043],[77.94943403696811,29.707663872783808],[77.95198020826021,29.70536736366863],[77.94621905613506,29.70377106442143],[77.94229058051012,29.702031985301648],[77.94114904458237,29.70003874746523],[77.94359709576533,29.696725672116507],[77.94628146016282,29.69545931091035],[77.94328498037753,29.69363994592292],[77.94307091803363,29.691579859633183],[77.9449169303719,29.69143269921749],[77.94377986719054,29.68943053763077],[77.94470295840968,29.68935926443731],[77.94539856184548,29.687232254648276],[77.94727137846537,29.68706721035047],[77.95176616310039,29.685671544025467],[77.95411610477349,29.681332825475078],[77.9566890075401,29.679040838552563],[77.95831212798414,29.67682910906277],[77.96156282730321,29.672410191733523],[77.96228071829154,29.670269780970536],[77.96319485031813,29.670198448091593],[77.96919228838885,29.673850476529175],[77.97126135997136,29.675767903194128],[77.97218439099774,29.67568758091164],[77.97207738846603,29.674657586524795],[77.97276854627246,29.67253058083739],[77.97162698332458,29.670541843927673],[77.97048993943217,29.668570910582684],[77.96936177163205,29.666568718759986],[77.96912989757531,29.664508623521176],[77.96891588635455,29.66246189407956],[77.9678813766264,29.66151217684186],[77.96673531789776,29.659518880514568],[77.9653797601178,29.655478983864146],[77.96750676524498,29.649066824844585],[77.97168937269595,29.64456757938542],[77.97445851826846,29.644349045993685],[77.97538152196792,29.644268779754842],[77.97701804136622,29.642061515054642],[77.97471713088137,29.6381018735806],[77.97312972064842,29.631988444212435],[77.9735176441092,29.62676232623603],[77.97493566154178,29.62249946815296],[77.97541724648757,29.618312334125086],[77.97683523897138,29.614040526831833],[77.97464576850054,29.611088651145575],[77.97025362380349,29.613518829855668],[77.9663295934641,29.61174856330598],[77.96240106347389,29.609991712058065],[77.9598638519318,29.61227917901945],[77.95822288967264,29.61449091088162],[77.95569019901328,29.616791822544663],[77.95186420908321,29.616042702216],[77.94970159911483,29.613108570975715],[77.95040170241157,29.61096819733146],[77.95101255692433,29.607788884661172],[77.95240829731019,29.603521504482494],[77.95323318318317,29.602411208099948],[77.95092784453401,29.598438165131764],[77.94876966073981,29.595490665894353],[77.94854671946283,29.59343057049478],[77.94832822262136,29.591370506654837],[77.94728924537046,29.590429646041866],[77.94822564138337,29.590349352306777],[77.9498309351077,29.588133198231773],[77.9515744284774,29.5869425583078],[77.95321087256504,29.58472198571291],[77.95598450032867,29.584449929812447],[77.95987727233835,29.58621131693021],[77.96174565554062,29.586041821005708],[77.96337314437702,29.58383015217036],[77.96631617385844,29.58451236104391],[77.9673595867963,29.5857207628914],[77.96954903070058,29.585190182202222],[77.97268820768251,29.58315235859609],[77.97300041251849,29.583339670753563],[77.97704479078506,29.583330687522032],[77.97881502993395,29.58537295407827],[77.98100894651142,29.587812112595298],[77.98232440377171,29.58901165140473],[77.98375572293656,29.588052897018134],[77.98457174409812,29.584552495803667],[77.98404559150656,29.579861495913985],[77.98076812321753,29.56875834114237],[77.97881502993395,29.568160871919254],[77.97675499053916,29.563839973991108],[77.97705820905782,29.558110005104417],[77.97885964059614,29.55413248095181],[77.98802308113663,29.545860884446945]]]},"id":"00010000000000001844","properties":{"ADM0_CODE":115,"ADM0_NAME":"India","ADM1_CODE":70082,"ADM1_NAME":"Uttarakhand","ADM2_CODE":70284,"ADM2_NAME":"Haridwar","DISP_AREA":"NO","EXP2_YEAR":3000,"STATUS":"Member State","STR2_YEAR":1000,"Shape_Area":0.222785462801,"Shape_Leng":2.56282612271}},{"type":"Feature","geometry":{"type":"Polygon","coordinates":[[[78.299027541811,30.118150824097484],[78.30016462847496,30.122788310657768],[78.30277319209713,30.128152598196596],[78.30590798574842,30.129459155147064],[78.31981584724412,30.131269486174055],[78.3235169774711,30.138979310749413],[78.32663829220542,30.13975075297242],[78.33000049817315,30.139532207097503],[78.34443010194637,30.13286588779529],[78.35565817125836,30.1260300796079],[78.35875724720916,30.124839471392338],[78.3689194909743,30.127983160521644],[78.37834162829921,30.12865647768222],[78.37917986031182,30.132611709579056],[78.37793583371558,30.139728443126362],[78.37917986031182,30.141690458600902],[78.38346951902456,30.143438407462547],[78.39315919743156,30.143888750763484],[78.40030709639811,30.141141933102713],[78.40483755347722,30.136232450465936],[78.40882850506138,30.130270680706996],[78.41146825680035,30.12245830168716],[78.41127648855283,30.120741531816034],[78.42040426008677,30.11888209395502],[78.42283452826182,30.117981412925438],[78.42471180812394,30.116081796580445],[78.4249124009554,30.11407078963973],[78.42199621805118,30.10463975752665],[78.42170633916398,30.100390233655297],[78.42307972099097,30.092243429360163],[78.42636165515732,30.084609465046753],[78.43672907304007,30.07682831083379],[78.44233861985735,30.074161837919856],[78.45495784889364,30.07149973684953],[78.46312693307407,30.07364898737059],[78.46496409996602,30.072280069154566],[78.46598964847547,30.069809688500754],[78.46956584851999,30.062465552084696],[78.47123804070425,30.062189075434244],[78.47779741440318,30.068030555855806],[78.48420063304481,30.080730032702334],[78.48707680404915,30.083102290704137],[78.48874446047283,30.08251815379328],[78.48932860632439,30.07178954067707],[78.49054145478802,30.068289157124894],[78.49504962497649,30.06279107014294],[78.49764042111131,30.061649543023155],[78.50034255762941,30.06291147442654],[78.50385192475456,30.070389395721236],[78.50959076518575,30.071838655015984],[78.51095525040424,30.072940010517684],[78.51252039814987,30.078050141824093],[78.51699734175642,30.080551676244152],[78.5200250570843,30.08070772473869],[78.53251497733021,30.07800109624698],[78.545981478367,30.07648054467308],[78.54923216017625,30.07458985378793],[78.5544136933028,30.06811081192485],[78.56497281443362,30.068320387208008],[78.5664977929281,30.067968114501596],[78.56825918764521,30.06626031554159],[78.5733737294688,30.060409963943602],[78.57511282604138,30.059201496096186],[78.57708822457577,30.059090077830906],[78.57839912904824,30.06225150465099],[78.57890305864912,30.067370591038095],[78.58072678282721,30.07145062698559],[78.58605101627185,30.06885997595103],[78.58744669473812,30.069279126335942],[78.59099609378961,30.071990187973345],[78.59084892649258,30.075040242087333],[78.5887219495842,30.077332231837097],[78.58085611941438,30.07908022082497],[78.57492101921197,30.078999895005744],[78.57392671933913,30.079289774993935],[78.57267813442996,30.081238407506184],[78.57293674144027,30.08341886479557],[78.57417189482787,30.085260500220283],[78.57784174549847,30.08809204678903],[78.57961203837351,30.092863314309877],[78.57840805201131,30.09774153098229],[78.57443058464474,30.10203120281006],[78.57035939192207,30.109308418620603],[78.57128692997127,30.110739780880994],[78.57448403788325,30.11189920777606],[78.5766600891183,30.115189959066534],[78.57469811045578,30.126721223731796],[78.5751573556687,30.1286832018885],[78.57596001182644,30.129940710250054],[78.58722814482469,30.13245120154175],[78.58788370652042,30.13400292915566],[78.58329970943812,30.13914869961483],[78.58088730570663,30.145400377173132],[78.58171226626314,30.15320826690213],[78.58294748545934,30.156659663317996],[78.58393736511428,30.15735969795848],[78.58605101627185,30.156730939123026],[78.59098275432599,30.152378927413057],[78.59249885101454,30.15232094703493],[78.59459907020097,30.15588820929544],[78.6001952253993,30.156490224081193],[78.60249171567789,30.159009549513865],[78.60542134277479,30.170099409277952],[78.60749037405587,30.18336964124745],[78.60962622095909,30.188658109984768],[78.61412103361454,30.191369250477866],[78.62558535055706,30.19610037497329],[78.6314000531406,30.200541680304706],[78.63308559060778,30.204679700229235],[78.63300532756132,30.21157344205003],[78.63416917873752,30.215180861360405],[78.63556479528566,30.21581856550745],[78.64666799480813,30.214708227062534],[78.64910262623307,30.21544842193469],[78.65168003499343,30.217530836255147],[78.65674557988362,30.220237502354298],[78.66282775555922,30.220950984294234],[78.66731360444913,30.224629712691026],[78.66896798411905,30.227051008680753],[78.66961452978114,30.230319553720413],[78.66734485044228,30.239251065639028],[78.66779518980665,30.241502974937983],[78.67073822829967,30.245511722797495],[78.67669561851638,30.247669867791274],[78.68383011905566,30.24590856138971],[78.69435806806885,30.241569817298686],[78.6967169493614,30.24255085884379],[78.69811264423433,30.245141601208985],[78.69982941727244,30.246292001446278],[78.70291955142763,30.247322091565312],[78.70723600898485,30.247223964789004],[78.71399596869277,30.240593267946803],[78.73454347362832,30.226859229219368],[78.73844071416607,30.222279785792534],[78.7402511516122,30.221428052956433],[78.74315848995239,30.221138225822212],[78.74777814123418,30.221909626390712],[78.75200530305072,30.223407880112987],[78.75806972262035,30.232428705810023],[78.76294800405763,30.23462252667622],[78.7715584730718,30.23625009360185],[78.77464862017133,30.23694124880095],[78.776575028075,30.236379487644694],[78.7898809223164,30.228442201824738],[78.79331895253058,30.227760025882674],[78.79570901781159,30.22833966949084],[78.80031523415414,30.234952568694286],[78.80864932057197,30.23611191052637],[78.81179742162108,30.24408919939999],[78.81636796966288,30.24777244220634],[78.8238905369431,30.24744245020827],[78.8314888286474,30.245690052579352],[78.83573832349961,30.248838174947522],[78.83685313843084,30.252748775531735],[78.83895779014149,30.255571380776015],[78.84307805206788,30.255107697537845],[78.84850471020478,30.25246785511312],[78.8526695808867,30.253167990063478],[78.86527093298196,30.260570064327677],[78.8710321035979,30.268288800971096],[78.87372543390234,30.267593143076738],[78.88448523051817,30.26131923100226],[78.88775819132931,30.25781879315775],[78.8902196190277,30.253480088333635],[78.89314480454173,30.252427746560155],[78.89662290885238,30.256753060037994],[78.90238404204449,30.266951032615346],[78.90574620064407,30.269060187886502],[78.90989766474158,30.26995198484818],[78.91533779096099,30.26267925047414],[78.91758070002179,30.26308941829032],[78.92011346137024,30.264788377868186],[78.92193721241743,30.275722125361288],[78.92270865960133,30.276261654987998],[78.92780984669245,30.277349698282478],[78.93408826138477,30.277162366702285],[78.94064316555381,30.278758753123817],[78.96201119862606,30.28773048461079],[78.96794180858033,30.293228505738742],[78.96797295913562,30.29450825056379],[78.96808444525129,30.29873995841216],[78.97048343654441,30.31168026780032],[78.96940432064127,30.315149420894823],[78.96113719961565,30.32400969620271],[78.95793997702351,30.330417458666737],[78.95774822143048,30.336887598676324],[78.95865789209256,30.34284943449996],[78.95641498313648,30.347049871926917],[78.9569322634789,30.350282756305226],[78.96186846670454,30.357011486317294],[78.96547139090326,30.36693742003493],[78.96676006473001,30.37457147841442],[78.96794180858033,30.37599389458716],[78.97091599417517,30.377710617011296],[78.9861393569931,30.381692647716072],[78.98808350822021,30.382909979490332],[78.99513336989799,30.38544273990604],[79.00412740652065,30.391868337104444],[78.99832159808271,30.400710647628948],[78.99754126441616,30.405548799091598],[78.99566847235072,30.40784078060805],[78.99572644232369,30.4087593639085],[78.99997592596829,30.417410040542368],[79.01436543069639,30.42953876295922],[79.01917234976682,30.4323078874729],[79.0227976263924,30.430938908048816],[79.02149107299354,30.42288575676319],[79.02230708882176,30.42002307727507],[79.0256871592496,30.418069946460793],[79.030257662969,30.417673143832584],[79.03402118017611,30.418310766836225],[79.03823948303348,30.419532535624825],[79.04264953251463,30.422439868797554],[79.0466983805989,30.428539906334052],[79.04682322577155,30.43302136752581],[79.0428011981902,30.43872455410435],[79.03730754033269,30.438421339642904],[79.03423968798684,30.440481450995094],[79.0297003318626,30.446621637788002],[79.02330152867822,30.453109556954853],[79.01373228113962,30.459579775998744],[79.00663780613023,30.461122590203527],[79.00224119977825,30.464618497133202],[79.00226794005962,30.468529167891116],[79.00332469278584,30.47153014230399],[79.00298138527808,30.474000443597696],[79.00534026271482,30.483328930676993],[79.00486757752829,30.48488069837431],[79.00007849025694,30.48896072087615],[79.00116649310112,30.493803366901865],[79.00060916597666,30.49741075619657],[78.99678766623477,30.502409408920748],[78.9984955031109,30.50557983494132],[78.99532513757013,30.54173423180253],[78.99382687239098,30.543611499171497],[78.98919830404787,30.55153082530003],[78.98584947797247,30.55327885924002],[78.97572292265728,30.555120466995525],[78.97296269982574,30.55642252043341],[78.97148678090537,30.558041160370866],[78.9692750606281,30.574869805425784],[78.96589508293367,30.58578120774262],[78.96002242520518,30.58772981896726],[78.95559901394871,30.59062828400076],[78.94323833289847,30.591248111819052],[78.93889071723422,30.5939726161052],[78.933602193376,30.602319987229926],[78.92906285152854,30.61299068185924],[78.92658807587652,30.615831064489246],[78.91123093780298,30.629110339719965],[78.90320011314161,30.634331883247036],[78.89940542381177,30.63846101761666],[78.89747460537285,30.644382755116403],[78.8959807853736,30.666767396297434],[78.89863396454096,30.682722115148877],[78.89750577855048,30.685080981994087],[78.90114442292251,30.691127514210304],[78.90006980302445,30.694360364790068],[78.90033731497604,30.69678161221116],[78.90232161245349,30.69907809215659],[78.91184179213955,30.719879750263278],[78.91654174546082,30.725248511879755],[78.93192117862336,30.72845018893999],[78.933602193376,30.729609515284274],[78.93833337627346,30.737109736026028],[78.94095527635912,30.74001262282798],[78.94287720424941,30.740908889970328],[78.94964607121325,30.741631236201954],[78.96221183413316,30.745639962440492],[78.977372806262,30.74774020892363],[78.9824204709454,30.7491314898281],[78.98549722202652,30.75133874429202],[78.98840901060846,30.754959499398996],[78.99455366503429,30.755360800428978],[79.00369482521326,30.758629378631746],[79.00553201007712,30.76024797257842],[79.00692770890745,30.768648945583728],[79.01193078787237,30.77287175349152],[79.01226078097487,30.774361061913066],[79.00876483210257,30.78759124248696],[79.00981720093576,30.790021449702245],[79.01434317867798,30.795309894665117],[79.01386156784041,30.80026840997133],[79.01216711341885,30.803951640272214],[79.01853026242911,30.812129617061704],[79.00344070974492,30.8255694260805],[79.00332029362701,30.848422306509814],[79.00108178579667,30.854281491387297],[78.99772854162171,30.856760769546792],[78.9958512674299,30.859498711567365],[78.99066981136686,30.864220901489915],[78.98528317608832,30.86774802302795],[78.97706064029839,30.868002222783353],[78.96127544524533,30.86113072575046],[78.93795876400948,30.860609006414872],[78.93187655028032,30.862321320329183],[78.92848767122635,30.871279662425277],[78.92413110720129,30.876108848420156],[78.92128170195713,30.878070826293765],[78.91324644037331,30.88055902497031],[78.90941605183556,30.88364918956592],[78.90676290738818,30.88421103934662],[78.89454048253187,30.8788779213418],[78.88696453130432,30.87886013379256],[78.88005285271045,30.877861260219973],[78.87695384287784,30.88041185533281],[78.87005562130328,30.882471979793337],[78.86448616024094,30.88279748267731],[78.85659800224512,30.876817795436533],[78.85578197343283,30.87023172422923],[78.85410091190188,30.868510492845477],[78.84639110536345,30.864381426947045],[78.84040703406137,30.858682696602294],[78.83746402606226,30.85462931350761],[78.83654993974785,30.850678551207015],[78.83746402606226,30.843200697353314],[78.8431092426032,30.829176795521732],[78.84649815176708,30.823643046239198],[78.84601657162641,30.819562935485095],[78.84169572250278,30.81380179725857],[78.84114275065733,30.809258025157423],[78.83999679297925,30.807960417212044],[78.84182057274559,30.80495941602658],[78.84163774700724,30.800371041430697],[78.83689772385203,30.791118353465002],[78.83624224699419,30.785673846862448],[78.83970691013488,30.773451424013206],[78.84066123060174,30.7608321956752],[78.83669259618425,30.753991851095694],[78.83543961454068,30.749871706257547],[78.83512301834212,30.744418166921538],[78.8323048005473,30.742732689446875],[78.826088881729,30.743299004203795],[78.82205778199686,30.74460098832563],[78.81890966384282,30.740841966926688],[78.8130103436109,30.73641859791556],[78.80293271514284,30.73503175501433],[78.80132300974174,30.734171196611324],[78.79779138482728,30.73105873666488],[78.79722511329007,30.727790255924386],[78.7942107063344,30.727299712207834],[78.79032681578238,30.72991720682915],[78.78546199002218,30.728289670419695],[78.76629678667976,30.728231645048243],[78.76059804692775,30.727589553765547],[78.74695766400616,30.72401783445246],[78.74439811536821,30.720949959454206],[78.73964467777947,30.71744062806813],[78.73278214881314,30.719478444469186],[78.7275025713045,30.72285847608099],[78.71953414707495,30.730657409600024],[78.71137846923459,30.73725244035898],[78.70858708599447,30.738010512840024],[78.70671870843935,30.737279144809776],[78.70221499128769,30.73084019887723],[78.68906961334419,30.722488333443845],[78.67344490239164,30.717779553990695],[78.67038596493178,30.71762348686972],[78.66747866281214,30.718381500752166],[78.65720929767437,30.712018330552677],[78.64943713128956,30.705240555303945],[78.64875037319362,30.70334990320406],[78.64985621329845,30.699622041271894],[78.6491918796326,30.69691988507747],[78.63820012764754,30.694578866551833],[78.62290102178345,30.690070698761815],[78.61637286764494,30.694351396800304],[78.60972434307628,30.693227706367882],[78.60558182629698,30.69601021812368],[78.59790769056107,30.692041596909473],[78.59452769794147,30.69159123589938],[78.5912324791863,30.69567127229637],[78.58818246730024,30.69650066850153],[78.57760541532973,30.692937897128605],[78.57285201198023,30.686231359122562],[78.57933109795717,30.683908211664317],[78.58399982240896,30.679351040675666],[78.58539552927917,30.67068249520522],[78.58426732283935,30.667989208152775],[78.5826263593773,30.651923066082304],[78.58310800480348,30.64522107491241],[78.58183267892704,30.64205954316992],[78.5823276687557,30.63712331560913],[78.58325960135899,30.635620580850382],[78.58203781326358,30.633279607529815],[78.57480510325486,30.62946259076],[78.57200038165759,30.627112668800546],[78.5693650471141,30.621730522664368],[78.56682780768566,30.617200060647537],[78.56183804968333,30.61382892497803],[78.56075446244512,30.611938320495796],[78.56041117098945,30.61101970443806],[78.56263621957788,30.606988731674967],[78.56215023086499,30.604933045267238],[78.54683766082,30.59172077563949],[78.54322128055516,30.586579361214675],[78.54267280241079,30.583021042000112],[78.54041204276484,30.580568560752692],[78.53607783296492,30.57804915436816],[78.53499422988038,30.576381391575588],[78.53420052205394,30.57207837311199],[78.53659956686104,30.56599171453355],[78.53404893857919,30.561398852988923],[78.53192197925321,30.55931199389754],[78.53090524209092,30.556948679803362],[78.53378139189313,30.538559339666566],[78.53317938760021,30.536739997823986],[78.53063326685519,30.534902869549875],[78.52540717911943,30.533948597031706],[78.51674760690489,30.537181464372225],[78.50772241365421,30.533600816766686],[78.50312949693655,30.53344917574968],[78.49288248547096,30.535201654336813],[78.48560976754659,30.537569401930373],[78.48429879011299,30.53946900693639],[78.48333108909395,30.54424022013375],[78.484557362432,30.561349811128913],[78.48557404300638,30.565639432249526],[78.48539568024816,30.571039398753893],[78.48734880914624,30.576550907769768],[78.48735765341836,30.57842814706497],[78.48520838600948,30.58360073171933],[78.48639899921844,30.586013116512717],[78.4909963125913,30.588751016819653],[78.4942648821678,30.591729653718453],[78.49962019158677,30.599920997143172],[78.49302519989739,30.608379981142253],[78.48982803666577,30.61476093999143],[78.48620728463807,30.619750697043106],[78.482305541437,30.62189994610983],[78.47438167397013,30.628231903404313],[78.4731510289617,30.63327958260842],[78.47033733940782,30.632151388384763],[78.4588773769443,30.620468568153804],[78.4554082683336,30.618412960855146],[78.44964703467532,30.61838174790836],[78.44164299513754,30.62034821139273],[78.43766988897438,30.620530965107143],[78.43538684470415,30.614060856984228],[78.43156991693296,30.61096175098646],[78.4305130512497,30.60866976760486],[78.42707065783657,30.59484208226981],[78.42620999804983,30.58319045259884],[78.42755225977383,30.573888815491948],[78.43073159135314,30.571761834518988],[78.43918602017982,30.56830156375004],[78.44113023020694,30.55525865565781],[78.44088048300156,30.550487456838617],[78.44246795921131,30.547789723088407],[78.44193281765828,30.545898996505805],[78.43292989322345,30.535759063262308],[78.43231905129477,30.531522909420506],[78.42307972099097,30.525627941644906],[78.4155884976926,30.519162292401667],[78.4148036654577,30.51245129750245],[78.41562858514824,30.505151750299646],[78.41136126578151,30.49989892418593],[78.40377633397708,30.494053090622348],[78.40210859442814,30.49073101777763],[78.39930831403818,30.48793066961725],[78.39943762084194,30.48051080432569],[78.40117665138764,30.474709440741442],[78.39952674698054,30.47396034510592],[78.3975513742823,30.47420113047923],[78.39488036918773,30.474829887887395],[78.39366308923744,30.47598927239589],[78.39334197349046,30.483039046038485],[78.39189728739339,30.486708933781017],[78.39187498251704,30.495029560319754],[78.39064872762052,30.49754900494829],[78.38191333296018,30.502048196408875],[78.37943409750353,30.509740188286255],[78.37065860254202,30.51972856729257],[78.36438016239522,30.52394238879045],[78.35275079309766,30.52637262231955],[78.34546466790749,30.530403657378752],[78.34467982271713,30.531259801450773],[78.34570092780682,30.53699868384978],[78.34525506385556,30.539691938375537],[78.34239228500779,30.540561481103722],[78.33922637796285,30.540218156564464],[78.33396012966627,30.547209980240925],[78.33230585106814,30.550830798316667],[78.33154331092605,30.55560199635119],[78.32843091491351,30.557840477411737],[78.32775753435536,30.559610722796666],[78.32765948825302,30.565862429839733],[78.3256082279073,30.567699575430627],[78.32176005135845,30.569211160214042],[78.31970884808685,30.56903284832709],[78.31543704246504,30.56509095713934],[78.31440704071561,30.564970583341516],[78.30787442573289,30.57219883785548],[78.30502503436566,30.57662221077821],[78.29589280143004,30.5773891850302],[78.29496980453916,30.57697899049805],[78.2950277472671,30.576011307439995],[78.30016462847496,30.567008426890133],[78.29968304034607,30.56396729868178],[78.29409579495137,30.560622955358973],[78.28807152276991,30.55960187073942],[78.28508840391005,30.55989167211528],[78.27654481499604,30.55607022657041],[78.27343676810825,30.56278120707986],[78.27419486864993,30.566669562573953],[78.28724662775194,30.570071771330426],[78.28526233536763,30.57082094100136],[78.28288113463414,30.574089424044704],[78.27667410134578,30.578624328441485],[78.28034835588556,30.58502764150593],[78.2830595006865,30.58776998244562],[78.28871362452381,30.59080220808406],[78.28936918800056,30.592108678157146],[78.28778613328934,30.59308970788746],[78.2857349548452,30.597218795142204],[78.2795412977555,30.604099176081295],[78.27324500472596,30.60931189535071],[78.26850059521209,30.615162235108404],[78.26393888746964,30.617280281049858],[78.25969825054062,30.618207823680358],[78.25589917153945,30.617989342028725],[78.24581261071907,30.612620556388617],[78.23726007330569,30.61519792588267],[78.23602495136006,30.61473864575495],[78.23142314651191,30.611438904118415],[78.23029939301433,30.609784526699688],[78.2287298730795,30.599880913739252],[78.22316934506611,30.592862270150704],[78.21763555919443,30.591841181548855],[78.20900725797559,30.58778784247324],[78.19462666044622,30.583007626860486],[78.1755684497175,30.590293801430423],[78.16734140355123,30.59110982011539],[78.16417541202682,30.592951477292452],[78.1594621708312,30.59300055107221],[78.15647008822864,30.59398147536753],[78.15383030833507,30.59599257558936],[78.1533665763985,30.59729904839995],[78.15415137909633,30.600273329750415],[78.1530544630445,30.604852837347522],[78.15332195155231,30.607479192548528],[78.15406221703468,30.60891056702263],[78.15762942372973,30.60805000498416],[78.15995710278182,30.60862075435756],[78.15615798403297,30.61320911278676],[78.15554264547063,30.617030648808363],[78.15235881578124,30.622778413271508],[78.14933999988266,30.631638609598134],[78.1460803858141,30.63417134973885],[78.14157669893085,30.6398032296442],[78.14164803700045,30.638532380899626],[78.140007075247,30.6391700190786],[78.12938109809953,30.636169099239535],[78.12467222468153,30.63644996965809],[78.11968251726681,30.637689605161295],[78.11326587741848,30.64236277543085],[78.10981901097665,30.64285769821947],[78.10018731219107,30.639861220281553],[78.08978870452698,30.63888022238159],[78.08426830468379,30.636762117133117],[78.07373591003949,30.635339642648383],[78.06385900699058,30.63142009266772],[78.05696083476906,30.623750487009552],[78.05647473936011,30.62260895100413],[78.05732642790812,30.620401723376794],[78.05998410183638,30.616459836653622],[78.060189225373,30.61196956337209],[78.05387061297822,30.609557185439616],[78.04028379304857,30.606141478643092],[78.0346518925284,30.602600912774353],[78.02913604780353,30.605601927427298],[78.01489362134352,30.615568046696737],[78.00733995433579,30.617467628094843],[78.00183742898386,30.617739636766633],[78.00242595339645,30.61150133202816],[78.00077170029948,30.604785906707836],[78.00343373735681,30.599261058120486],[78.0035496811245,30.595239007074824],[78.00142713252961,30.59440955920643],[77.999969043007,30.59224248549824],[77.99883194945103,30.584010998986162],[77.99273640759426,30.57738918525147],[77.9932625177687,30.573741615527574],[77.99140313063117,30.56953229463477],[77.9903016662382,30.56847101249739],[77.98632861687601,30.567347278195992],[77.98536101173501,30.567191190998358],[77.98310027033416,30.566419834237305],[77.9795552857239,30.56500179086763],[77.97807485619717,30.563931631130313],[77.97511402335982,30.562393274354392],[77.97147981048877,30.558179427311465],[77.97039182319779,30.55648940825271],[77.96970953821526,30.555031264702457],[77.96912989757531,30.55214179094768],[77.9688177686906,30.54953321636764],[77.96895596992165,30.546679362350982],[77.96956689392654,30.542050783838718],[77.97003952767143,30.53908994103217],[77.9715556189017,30.53216050180086],[77.9731653587783,30.527549856727695],[77.97383873423951,30.52491894231876],[77.97485985550155,30.518841239387108],[77.97444065585151,30.516718668242646],[77.97348200609555,30.515759954432383],[77.97162698332458,30.514230464504877],[77.96845213582962,30.513347597751114],[77.96687360893203,30.513490246326853],[77.96243234797075,30.5155905181143],[77.961424529475,30.515697530113602],[77.96032763930161,30.515479064619257],[77.95854846971915,30.516410948984504],[77.95709032361263,30.516210320276773],[77.95635906448149,30.51563064573758],[77.95530665618065,30.515590486359184],[77.9515699837162,30.517378633344723],[77.94713759447264,30.51929155983603],[77.94317794925843,30.52052227198012],[77.94167523164495,30.521280366338114],[77.93699759447492,30.52316206578583],[77.93589618579102,30.52316204872706],[77.93299783066259,30.521311541565446],[77.92887762426619,30.519001760943006],[77.9283380379775,30.518359600056495],[77.92714745182883,30.516740964520707],[77.9268397348786,30.516049791387307],[77.92632254179044,30.513561593323544],[77.92704040478473,30.511260726154227],[77.92900245224692,30.50889740699907],[77.93044275801137,30.50756863169912],[77.931356810086,30.50648950466295],[77.93562423130768,30.50097360376461],[77.9397979602215,30.49798153806843],[77.94198735166884,30.49574306655319],[77.94357478316202,30.49469958389178],[77.94513543409441,30.49405306992916],[77.95352304649921,30.491832383544278],[77.9552219471509,30.491582716596636],[77.9580445871227,30.490561579296074],[77.95889182662944,30.489790122247904],[77.95984607424784,30.48800208721603],[77.95979256688727,30.484269795188265],[77.9601224994739,30.483569748723877],[77.96047927171941,30.482361326832994],[77.96118374965829,30.48109043706392],[77.96243234797075,30.479850858643072],[77.96430957550075,30.478829718179895],[77.96904964341721,30.474660443406513],[77.97374062104724,30.470847869394817],[77.97564910704601,30.470531324195886],[77.97804366336082,30.470660637943325],[77.98010820887548,30.47091034943978],[77.98340791447485,30.471601493546736],[77.98549474842096,30.47173969818402],[77.98649807321281,30.47223913002907],[77.99619218746372,30.477130779710354],[78.00431668389396,30.480278888257175],[78.0085305283146,30.47837043732327],[78.01352473278135,30.474241241504004],[78.01924126858465,30.4753114962652],[78.02658098615574,30.483841696808277],[78.03170001861166,30.487591831688967],[78.03369769789569,30.487832622516486],[78.0397575647265,30.485469287738155],[78.04220564087267,30.48521955797322],[78.0543344305584,30.486280864294994],[78.05803540861197,30.48561198843073],[78.06307423402951,30.481143994444544],[78.06571844492488,30.480399295533637],[78.07332571458933,30.483480567819523],[78.08323830092571,30.485442564127634],[78.08888348369935,30.48566101474164],[78.09253104149022,30.484332197590458],[78.09546513417204,30.48201791103035],[78.11461695521311,30.47685873701225],[78.12355751390116,30.468890354290753],[78.1373048529609,30.4661301800761],[78.14689638615778,30.461470440467956],[78.15231419050994,30.45673039351406],[78.15727269977674,30.45639146001027],[78.1676089428822,30.457461675609903],[78.17608565730048,30.457421555767663],[78.19349851342093,30.45236045981444],[78.20201088151823,30.44855237787959],[78.20706304079998,30.447129927599757],[78.21578061160645,30.44243892638126],[78.22091747645143,30.436838327090474],[78.22778446415853,30.43282962974089],[78.22946109009659,30.430608936442283],[78.22982678361817,30.42623900880068],[78.2273386169248,30.423309456496373],[78.2188886322076,30.41807001035201],[78.20928373348386,30.413682243149204],[78.20128851602863,30.4111896212044],[78.18907954583986,30.406048252440538],[78.17949688523449,30.4031498047198],[78.16430031392981,30.393134660384458],[78.15854806282884,30.391689938596105],[78.15490938406572,30.391841573989375],[78.15001774690285,30.390276362578884],[78.13613215752845,30.38104163390681],[78.13202531569961,30.376381802599465],[78.12895301942439,30.37108886816192],[78.12658524330742,30.362242050285275],[78.12612147910981,30.356039394388112],[78.12961741070939,30.341690042010736],[78.13353693875891,30.335549863889437],[78.13395612452993,30.333039340925225],[78.1365824796773,30.329481032490502],[78.1487514151344,30.322801240584766],[78.15450367723884,30.315689045565613],[78.16366710498754,30.31155093399193],[78.17473458086698,30.30881304825354],[78.17801644464474,30.310431741543752],[78.18003198856015,30.310672510921],[78.18286799955158,30.30986986228438],[78.18489240782266,30.311952277634493],[78.19077844159331,30.312893176538285],[78.19399345963458,30.316678952942308],[78.19550506592289,30.31698216968474],[78.20311676582553,30.316710189991774],[78.21266815208222,30.313361344075542],[78.22014603691059,30.311880942848834],[78.22432872908534,30.312300134115137],[78.22735643694223,30.314422605005106],[78.22972864540586,30.314841819106853],[78.23441961875187,30.307332655828215],[78.23709066863077,30.304929227922642],[78.24138471881547,30.30454127583533],[78.24740455835372,30.306449771854975],[78.25018260845707,30.306222311721765],[78.2565769275486,30.30906276794338],[78.26335033558514,30.305290383308623],[78.2698071062587,30.300429930135408],[78.27073458362648,30.29865075081837],[78.26920955066136,30.294289800059808],[78.26685518134518,30.2881094462073],[78.26815719454345,30.281790952677216],[78.26550405611893,30.277421010375694],[78.26537918759558,30.275579406919224],[78.28588212672281,30.248971930320067],[78.28595797141682,30.247081329857995],[78.28172179129554,30.239523122688134],[78.27694605396431,30.23468947912155],[78.2576292265116,30.227117908199197],[78.24973216348455,30.222199461621695],[78.24304800319553,30.214824112617737],[78.23380430282128,30.209250313143873],[78.22501990259173,30.192198660064808],[78.22434211621447,30.18576867015579],[78.22631748140603,30.180208146984768],[78.22905088945195,30.177171522903247],[78.23390235029724,30.174041242615058],[78.23694794780444,30.173069145324313],[78.243284321804,30.172721299338843],[78.24653501742883,30.170781568978533],[78.2464502791713,30.168480739565055],[78.24134013127068,30.152659814780492],[78.2428339340582,30.147897464049162],[78.27176458302993,30.13000316025371],[78.28454436667778,30.125700107860556],[78.299027541811,30.118150824097484]]]},"id":"00010000000000001847","properties":{"ADM0_CODE":115,"ADM0_NAME":"India","ADM1_CODE":70082,"ADM1_NAME":"Uttarakhand","ADM2_CODE":70287,"ADM2_NAME":"Tehri Garhwal","DISP_AREA":"NO","EXP2_YEAR":3000,"STATUS":"Member State","STR2_YEAR":1000,"Shape_Area":0.41215954355,"Shape_Leng":4.87790488073}},{"type":"Feature","geometry":{"type":"Polygon","coordinates":[[[78.00183742898386,30.617739636766633],[78.00733995433579,30.617467628094843],[78.01489362134352,30.615568046696737],[78.02913604780353,30.605601927427298],[78.0346518925284,30.602600912774353],[78.04028379304857,30.606141478643092],[78.05387061297822,30.609557185439616],[78.060189225373,30.61196956337209],[78.05998410183638,30.616459836653622],[78.05732642790812,30.620401723376794],[78.05647473936011,30.62260895100413],[78.05696083476906,30.623750487009552],[78.06385900699058,30.63142009266772],[78.07373591003949,30.635339642648383],[78.08426830468379,30.636762117133117],[78.08978870452698,30.63888022238159],[78.10018731219107,30.639861220281553],[78.10981901097665,30.64285769821947],[78.11326587741848,30.64236277543085],[78.11968251726681,30.637689605161295],[78.12467222468153,30.63644996965809],[78.12938109809953,30.636169099239535],[78.140007075247,30.6391700190786],[78.14164803700045,30.638532380899626],[78.14157669893085,30.6398032296442],[78.1460803858141,30.63417134973885],[78.14933999988266,30.631638609598134],[78.15235881578124,30.622778413271508],[78.15554264547063,30.617030648808363],[78.15615798403297,30.61320911278676],[78.15995710278182,30.60862075435756],[78.15762942372973,30.60805000498416],[78.15406221703468,30.60891056702263],[78.15332195155231,30.607479192548528],[78.1530544630445,30.604852837347522],[78.15415137909633,30.600273329750415],[78.1533665763985,30.59729904839995],[78.15383030833507,30.59599257558936],[78.15647008822864,30.59398147536753],[78.1594621708312,30.59300055107221],[78.16417541202682,30.592951477292452],[78.16734140355123,30.59110982011539],[78.1755684497175,30.590293801430423],[78.19462666044622,30.583007626860486],[78.20900725797559,30.58778784247324],[78.21763555919443,30.591841181548855],[78.22316934506611,30.592862270150704],[78.2287298730795,30.599880913739252],[78.23029939301433,30.609784526699688],[78.23142314651191,30.611438904118415],[78.23602495136006,30.61473864575495],[78.23726007330569,30.61519792588267],[78.24581261071907,30.612620556388617],[78.25589917153945,30.617989342028725],[78.25969825054062,30.618207823680358],[78.26393888746964,30.617280281049858],[78.26850059521209,30.615162235108404],[78.27324500472596,30.60931189535071],[78.2795412977555,30.604099176081295],[78.2857349548452,30.597218795142204],[78.28778613328934,30.59308970788746],[78.28936918800056,30.592108678157146],[78.28871362452381,30.59080220808406],[78.2830595006865,30.58776998244562],[78.28034835588556,30.58502764150593],[78.27667410134578,30.578624328441485],[78.28288113463414,30.574089424044704],[78.28526233536763,30.57082094100136],[78.28724662775194,30.570071771330426],[78.27419486864993,30.566669562573953],[78.27343676810825,30.56278120707986],[78.27654481499604,30.55607022657041],[78.28508840391005,30.55989167211528],[78.28807152276991,30.55960187073942],[78.29409579495137,30.560622955358973],[78.29968304034607,30.56396729868178],[78.30016462847496,30.567008426890133],[78.2950277472671,30.576011307439995],[78.29496980453916,30.57697899049805],[78.29589280143004,30.5773891850302],[78.30502503436566,30.57662221077821],[78.30787442573289,30.57219883785548],[78.31440704071561,30.564970583341516],[78.31543704246504,30.56509095713934],[78.31970884808685,30.56903284832709],[78.32176005135845,30.569211160214042],[78.3256082279073,30.567699575430627],[78.32765948825302,30.565862429839733],[78.32775753435536,30.559610722796666],[78.32843091491351,30.557840477411737],[78.33154331092605,30.55560199635119],[78.33230585106814,30.550830798316667],[78.33396012966627,30.547209980240925],[78.33922637796285,30.540218156564464],[78.34239228500779,30.540561481103722],[78.34525506385556,30.539691938375537],[78.34570092780682,30.53699868384978],[78.34467982271713,30.531259801450773],[78.34546466790749,30.530403657378752],[78.35275079309766,30.52637262231955],[78.36438016239522,30.52394238879045],[78.37065860254202,30.51972856729257],[78.37943409750353,30.509740188286255],[78.38191333296018,30.502048196408875],[78.39064872762052,30.49754900494829],[78.39187498251704,30.495029560319754],[78.39189728739339,30.486708933781017],[78.39334197349046,30.483039046038485],[78.39366308923744,30.47598927239589],[78.39488036918773,30.474829887887395],[78.3975513742823,30.47420113047923],[78.39952674698054,30.47396034510592],[78.40117665138764,30.474709440741442],[78.39943762084194,30.48051080432569],[78.39930831403818,30.48793066961725],[78.40210859442814,30.49073101777763],[78.40377633397708,30.494053090622348],[78.41136126578151,30.49989892418593],[78.41562858514824,30.505151750299646],[78.4148036654577,30.51245129750245],[78.4155884976926,30.519162292401667],[78.42307972099097,30.525627941644906],[78.43231905129477,30.531522909420506],[78.43292989322345,30.535759063262308],[78.44193281765828,30.545898996505805],[78.44246795921131,30.547789723088407],[78.44088048300156,30.550487456838617],[78.44113023020694,30.55525865565781],[78.43918602017982,30.56830156375004],[78.43073159135314,30.571761834518988],[78.42755225977383,30.573888815491948],[78.42620999804983,30.58319045259884],[78.42707065783657,30.59484208226981],[78.4305130512497,30.60866976760486],[78.43156991693296,30.61096175098646],[78.43538684470415,30.614060856984228],[78.43766988897438,30.620530965107143],[78.44164299513754,30.62034821139273],[78.44964703467532,30.61838174790836],[78.4554082683336,30.618412960855146],[78.4588773769443,30.620468568153804],[78.47033733940782,30.632151388384763],[78.4731510289617,30.63327958260842],[78.47438167397013,30.628231903404313],[78.482305541437,30.62189994610983],[78.48620728463807,30.619750697043106],[78.48982803666577,30.61476093999143],[78.49302519989739,30.608379981142253],[78.49962019158677,30.599920997143172],[78.4942648821678,30.591729653718453],[78.4909963125913,30.588751016819653],[78.48639899921844,30.586013116512717],[78.48520838600948,30.58360073171933],[78.48735765341836,30.57842814706497],[78.48734880914624,30.576550907769768],[78.48539568024816,30.571039398753893],[78.48557404300638,30.565639432249526],[78.484557362432,30.561349811128913],[78.48333108909395,30.54424022013375],[78.48429879011299,30.53946900693639],[78.48560976754659,30.537569401930373],[78.49288248547096,30.535201654336813],[78.50312949693655,30.53344917574968],[78.50772241365421,30.533600816766686],[78.51674760690489,30.537181464372225],[78.52540717911943,30.533948597031706],[78.53063326685519,30.534902869549875],[78.53317938760021,30.536739997823986],[78.53378139189313,30.538559339666566],[78.53090524209092,30.556948679803362],[78.53192197925321,30.55931199389754],[78.53404893857919,30.561398852988923],[78.53659956686104,30.56599171453355],[78.53420052205394,30.57207837311199],[78.53499422988038,30.576381391575588],[78.53607783296492,30.57804915436816],[78.54041204276484,30.580568560752692],[78.54267280241079,30.583021042000112],[78.54322128055516,30.586579361214675],[78.54683766082,30.59172077563949],[78.56215023086499,30.604933045267238],[78.56263621957788,30.606988731674967],[78.56041117098945,30.61101970443806],[78.56075446244512,30.611938320495796],[78.56183804968333,30.61382892497803],[78.56682780768566,30.617200060647537],[78.5693650471141,30.621730522664368],[78.57200038165759,30.627112668800546],[78.57480510325486,30.62946259076],[78.58203781326358,30.633279607529815],[78.58325960135899,30.635620580850382],[78.5823276687557,30.63712331560913],[78.58183267892704,30.64205954316992],[78.58310800480348,30.64522107491241],[78.5826263593773,30.651923066082304],[78.58426732283935,30.667989208152775],[78.58539552927917,30.67068249520522],[78.58399982240896,30.679351040675666],[78.57933109795717,30.683908211664317],[78.57285201198023,30.686231359122562],[78.57760541532973,30.692937897128605],[78.58818246730024,30.69650066850153],[78.5912324791863,30.69567127229637],[78.59452769794147,30.69159123589938],[78.59790769056107,30.692041596909473],[78.60558182629698,30.69601021812368],[78.60972434307628,30.693227706367882],[78.61637286764494,30.694351396800304],[78.62290102178345,30.690070698761815],[78.63820012764754,30.694578866551833],[78.6491918796326,30.69691988507747],[78.64985621329845,30.699622041271894],[78.64875037319362,30.70334990320406],[78.64943713128956,30.705240555303945],[78.65720929767437,30.712018330552677],[78.66747866281214,30.718381500752166],[78.67038596493178,30.71762348686972],[78.67344490239164,30.717779553990695],[78.68906961334419,30.722488333443845],[78.70221499128769,30.73084019887723],[78.70671870843935,30.737279144809776],[78.70858708599447,30.738010512840024],[78.71137846923459,30.73725244035898],[78.71953414707495,30.730657409600024],[78.7275025713045,30.72285847608099],[78.73278214881314,30.719478444469186],[78.73964467777947,30.71744062806813],[78.74439811536821,30.720949959454206],[78.74695766400616,30.72401783445246],[78.76059804692775,30.727589553765547],[78.76629678667976,30.728231645048243],[78.78546199002218,30.728289670419695],[78.79032681578238,30.72991720682915],[78.7942107063344,30.727299712207834],[78.79722511329007,30.727790255924386],[78.79779138482728,30.73105873666488],[78.80132300974174,30.734171196611324],[78.80293271514284,30.73503175501433],[78.8130103436109,30.73641859791556],[78.81890966384282,30.740841966926688],[78.82205778199686,30.74460098832563],[78.826088881729,30.743299004203795],[78.8323048005473,30.742732689446875],[78.83512301834212,30.744418166921538],[78.83543961454068,30.749871706257547],[78.83669259618425,30.753991851095694],[78.84066123060174,30.7608321956752],[78.83970691013488,30.773451424013206],[78.83624224699419,30.785673846862448],[78.83689772385203,30.791118353465002],[78.84163774700724,30.800371041430697],[78.84182057274559,30.80495941602658],[78.83999679297925,30.807960417212044],[78.84114275065733,30.809258025157423],[78.84169572250278,30.81380179725857],[78.84601657162641,30.819562935485095],[78.84649815176708,30.823643046239198],[78.8431092426032,30.829176795521732],[78.83746402606226,30.843200697353314],[78.83654993974785,30.850678551207015],[78.83746402606226,30.85462931350761],[78.84040703406137,30.858682696602294],[78.84639110536345,30.864381426947045],[78.85410091190188,30.868510492845477],[78.85578197343283,30.87023172422923],[78.85659800224512,30.876817795436533],[78.86448616024094,30.88279748267731],[78.87005562130328,30.882471979793337],[78.87695384287784,30.88041185533281],[78.88005285271045,30.877861260219973],[78.88696453130432,30.87886013379256],[78.89454048253187,30.8788779213418],[78.90676290738818,30.88421103934662],[78.90941605183556,30.88364918956592],[78.91324644037331,30.88055902497031],[78.92128170195713,30.878070826293765],[78.92413110720129,30.876108848420156],[78.92848767122635,30.871279662425277],[78.93187655028032,30.862321320329183],[78.93795876400948,30.860609006414872],[78.96127544524533,30.86113072575046],[78.97706064029839,30.868002222783353],[78.98528317608832,30.86774802302795],[78.99066981136686,30.864220901489915],[78.9958512674299,30.859498711567365],[78.99772854162171,30.856760769546792],[79.00108178579667,30.854281491387297],[79.00332029362701,30.848422306509814],[79.00344070974492,30.8255694260805],[79.01853026242911,30.812129617061704],[79.03098900962058,30.810970256280214],[79.0373610876185,30.808450880636325],[79.04720232990259,30.805940404017807],[79.05245954006989,30.80561045632894],[79.05320873607813,30.80336751218375],[79.05834113159331,30.79959064486846],[79.06511895858257,30.791252180348057],[79.07679730819986,30.781892484185484],[79.07966004632674,30.78104079179685],[79.08648695220889,30.781179066068795],[79.09481654525678,30.77918133345471],[79.104363477185,30.77925272253903],[79.11241217919408,30.77651032704678],[79.11443217496951,30.774851528358237],[79.11531951209356,30.77185062515438],[79.11527936283053,30.766798452131216],[79.11646108813105,30.76172842927235],[79.12010861181551,30.757412047715327],[79.12531236091253,30.755298425659614],[79.12848721186334,30.75529842778062],[79.13359290515346,30.75778214245587],[79.14121794146257,30.759699569188676],[79.1465064914043,30.762009377033134],[79.15254858813638,30.76249092074196],[79.17442934047088,30.75458051045749],[79.18224170991007,30.74871234410982],[79.18546114541851,30.740721606856383],[79.19435711321813,30.743999007044472],[79.20255294840852,30.745171803987244],[79.21505622918949,30.742032551135253],[79.23452908666205,30.738590143922664],[79.24472263761851,30.7293999224768],[79.2468407309109,30.72904766613698],[79.26036965753048,30.730403225645635],[79.26626450896396,30.73229834732984],[79.26502934519308,30.735459907396493],[79.26648747153696,30.742309052789466],[79.2740322741275,30.752498087221102],[79.2763376382505,30.75619020515275],[79.27604778288126,30.757389762299216],[79.26728125527949,30.76361013395356],[79.25969625122892,30.767279990518407],[79.2549116410934,30.77074027363941],[79.25002896574752,30.775961888844748],[79.24666676307018,30.78504953043525],[79.24379512864385,30.786320409905642],[79.24008069897893,30.786431824972098],[79.23840412407816,30.790168540108038],[79.23420803840338,30.79304026508348],[79.22619059769028,30.802127865935528],[79.22540137176212,30.80363953850805],[79.22515163386147,30.809958102936626],[79.2157295250851,30.81363233463233],[79.21129719941469,30.819322192302323],[79.21080220987385,30.825190393532484],[79.2134999617161,30.826920467516302],[79.22888833895908,30.833328235407375],[79.22926293068436,30.83488889230555],[79.22644033283362,30.843401326556158],[79.22675245780283,30.846741165775146],[79.23584011555796,30.85186918132841],[79.23742750648778,30.85394267907914],[79.24035715672466,30.860461827880417],[79.24344735343723,30.862932193493844],[79.24693881352766,30.87519021967492],[79.2586662605696,30.880438660864794],[79.26242081575164,30.884130738111818],[79.26190803040356,30.88942812751769],[79.25630290841816,30.906279080295075],[79.25572771840625,30.91106369979841],[79.25740880152996,30.917221760388344],[79.26326805384205,30.919469124551945],[79.26873040077615,30.922750996038854],[79.2669378680792,30.931272343300982],[79.26988982145649,30.94065882534131],[79.26368715386175,30.948649522059156],[79.26233608291912,30.94992030645553],[79.26024474911326,30.95096372835685],[79.25717248303162,30.953179930470192],[79.25716800957778,30.953184400325302],[79.25501866238939,30.952618098772348],[79.23576878215098,30.951351731716777],[79.22542813550196,30.951940333677342],[79.21828013938865,30.95700137912339],[79.21494924845778,30.96230324892678],[79.21432939471532,30.96328867728494],[79.21399493708654,30.964893978302925],[79.21288913563066,30.970200307775258],[79.2134420379808,30.977348256109767],[79.21343308691006,30.97745525565284],[79.21321017054713,30.98064801789149],[79.2103295961509,30.986489458998406],[79.20787706211807,30.990542723979644],[79.20770319436494,30.99083704481707],[79.20769871855717,30.99084151041998],[79.20566091284971,30.9969282194893],[79.20434102820167,31.0013114700519],[79.20385943011009,31.002921171427836],[79.20336896361026,31.003505317176067],[79.19883844065559,31.00890082524456],[79.19423220321853,31.01146037280098],[79.19387107379256,31.01166101852],[79.19299704017061,31.0121604269379],[79.18882777211186,31.014559454771444],[79.17959300187843,31.01817132392892],[79.17958852473794,31.01817129179858],[79.16798151447338,31.014510384582884],[79.16344662547725,31.010960954784185],[79.16110112183884,31.009119356761847],[79.1478219294748,31.006220979499403],[79.1384042552913,31.00641267319316],[79.13023964902916,31.006582117756405],[79.12687748763754,31.004629040036768],[79.12455873390284,31.003291333361382],[79.10984820047759,30.99914878798775],[79.10385965676903,30.99804745241404],[79.10084081452665,30.997490055303494],[79.09574853128616,30.998569115644365],[79.09267177944167,31.000499943922804],[79.09036193132759,31.001949100331835],[79.08430200930121,31.00411183062756],[79.06703194582245,31.017422248900868],[79.06177019064816,31.02598810195675],[79.05816724864034,31.029675778917525],[79.05698997429515,31.03087977704701],[79.05538473361847,31.031517415088636],[79.04309995903846,31.03640012531206],[79.03871666040662,31.038148141648442],[79.0370087614504,31.038830317292785],[79.03236683399307,31.040943988047886],[79.03164895012179,31.041269496149184],[79.02450103489035,31.04185806655465],[79.01985013751185,31.04307098953873],[79.01783021417077,31.04376659037754],[79.01412911054811,31.045050822179324],[79.00805134346908,31.046870102667203],[79.00446182547422,31.051311355973905],[79.00227242552546,31.05750952704497],[79.00083206270914,31.06158959430385],[78.99651119015017,31.067720839859675],[78.99354150233978,31.074775127687484],[78.992890444833,31.076318030753423],[78.99282798725005,31.087077835243626],[78.99174446252313,31.089913836538976],[78.9888415742352,31.097512092775922],[78.97915190866526,31.104851769670738],[78.97507183124789,31.110318620635905],[78.97312767690975,31.115798899454514],[78.96565424314973,31.115370806830942],[78.95582641588891,31.110880484269224],[78.95242853514836,31.108410159007132],[78.94211463491335,31.105030135154],[78.93752174331212,31.105342338824652],[78.93257221490397,31.106983228472686],[78.92047018545074,31.10758968361128],[78.91265787028024,31.11618235897966],[78.907792986703,31.116320617422165],[78.90379314411635,31.115468909916892],[78.90058254801117,31.112062140686504],[78.89942770226274,31.10760305209667],[78.89679682376244,31.105632145949922],[78.89074580137391,31.106082524838904],[78.88417751577398,31.10423202313459],[78.88004395683349,31.103839570314097],[78.8713977312995,31.10732209544071],[78.86225213647523,31.112409990694267],[78.85201852914565,31.126210921155362],[78.84433102249349,31.1280391299836],[78.8377761216409,31.13068778557437],[78.82897830938427,31.136341929819814],[78.82472437381615,31.143552363610212],[78.81873128935432,31.147213291815135],[78.81587301871264,31.153928705160588],[78.81021888936797,31.163859074758626],[78.81170822796416,31.16941062750203],[78.80050695347113,31.178261946052803],[78.79757735859938,31.182502584039764],[78.79804111031862,31.188950440525694],[78.80111789423259,31.19390900888155],[78.80316903009214,31.199228700732714],[78.80017252489809,31.202381276314497],[78.79503563192684,31.20503887119211],[78.78881078705824,31.204450278196962],[78.77088959134478,31.197297874914835],[78.76460226220469,31.19591111458827],[78.75759255231092,31.194689299265818],[78.74945029550106,31.1943504301231],[78.72038140914422,31.197021380108033],[78.71302831083557,31.196664690358404],[78.70746788057554,31.194970227860505],[78.70069891115608,31.196388238146657],[78.69557095935401,31.196290162393783],[78.6760846892922,31.203188349020518],[78.66575743776087,31.202470478577467],[78.65983575050278,31.203250766934474],[78.65067229710738,31.197850797303474],[78.64769802175825,31.19467149482757],[78.64549078343967,31.20251951825952],[78.63800844111366,31.208392128063693],[78.63600185763043,31.219579993642895],[78.63445455485358,31.221889833512712],[78.62831878937219,31.221921027357165],[78.6171131049497,31.225247527475428],[78.61329607882347,31.227441394197534],[78.6100453827322,31.23104879711235],[78.60060100167844,31.235851275714644],[78.59536605894709,31.236390848597303],[78.58392402471624,31.234299477247305],[78.57939797622777,31.23500402453116],[78.56658252772064,31.23373764683755],[78.56189601512136,31.229599571960243],[78.55632658904696,31.227379010686615],[78.55024888670519,31.21849202884853],[78.53711679143417,31.20671106617821],[78.51413909357798,31.203919666694336],[78.48657285134152,31.20416936368415],[78.47698140719511,31.205101314512703],[78.47010986467684,31.203750228166502],[78.46721595681001,31.21185240152943],[78.4665693281684,31.22094002707169],[78.45722310984347,31.227811479565002],[78.44413565019714,31.24419868641478],[78.43168582273475,31.249598661304475],[78.42706172158756,31.2559796334224],[78.41945452237032,31.259881398743],[78.41438447842071,31.250909625330646],[78.40508278916751,31.248671210159884],[78.397529070631,31.247792700645377],[78.39134877697042,31.252992048185508],[78.39308334440396,31.262275894402755],[78.38619402491834,31.26962895751763],[78.38326893213475,31.27431996780772],[78.3813648561838,31.281472350040826],[78.37346782129664,31.279207152429986],[78.36926281895423,31.287902319484974],[78.36335898129936,31.290100693276262],[78.35632251483825,31.290872112907923],[78.34748905304954,31.29012295712026],[78.34247703203964,31.288972550611156],[78.33609163522397,31.287478785142007],[78.32663829220542,31.2882412797794],[78.31693082649852,31.28507974992426],[78.30632709187205,31.28623907847261],[78.29836317862633,31.288210050118636],[78.29680692948385,31.28446882788902],[78.2955182177021,31.272857384767487],[78.293418022004,31.266039406400132],[78.2884595122071,31.264202248603944],[78.27815454026734,31.266659195024218],[78.26902229791271,31.27135906733929],[78.25814203266393,31.260358526174834],[78.25495826615291,31.25659947581422],[78.25324155042512,31.25287168601826],[78.2497411150435,31.250552951342538],[78.24820717167631,31.24666009665174],[78.24262881665044,31.24336037595118],[78.23750979042097,31.243940083617364],[78.23764807764505,31.23979754864894],[78.23259139232958,31.23502189031211],[78.21843822659721,31.23871844500447],[78.2120973955405,31.23854903957553],[78.20681777231931,31.237229104908955],[78.20398631886457,31.23408993180904],[78.20027182254286,31.225720212692078],[78.19283852354692,31.2229109859401],[78.18755897742855,31.222219837687152],[78.184919192121,31.223330124568236],[78.17648258435327,31.230032183857915],[78.17141704301595,31.231806897629134],[78.16581634684194,31.231062222486447],[78.16308738495668,31.231499157031894],[78.16044759632493,31.23191831327879],[78.15542669280741,31.23028635060477],[78.15313918955887,31.230678709310208],[78.14782834132939,31.23157050591538],[78.14583514951364,31.226879532598172],[78.14361007607357,31.224079280898422],[78.13714433565687,31.22242044193983],[78.13490141803193,31.216119762373335],[78.11915633240825,31.214041788420847],[78.11380096754202,31.206229439251636],[78.10985016546206,31.205667591682275],[78.10688044058227,31.202488239529593],[78.10079374662062,31.19979047641037],[78.09237498250364,31.19282982748709],[78.08773749791857,31.19080095081723],[78.0800767635561,31.190707304667818],[78.07549280319321,31.19291014163122],[78.0711050429712,31.192758501568076],[78.0591591634359,31.1923705642082],[78.053835001596,31.19293239383517],[78.03967283501991,31.187510117003374],[78.03874986032079,31.187148963026928],[78.02995198605987,31.18531179761557],[78.0268841514333,31.18019272992246],[78.01621798439982,31.171510938498642],[78.0152815686472,31.166151026496696],[78.01654800564242,31.15849921872602],[78.01423818406671,31.154940891817652],[78.00771895689103,31.157081250253555],[77.9925758472132,31.167029526768054],[77.98523171826011,31.168019386215658],[77.97896663640611,31.166440869889456],[77.96938407891828,31.165152258602273],[77.95475822504248,31.17877919771256],[77.94602286670185,31.176170654906496],[77.94123820980519,31.17116307050242],[77.93921824651856,31.167301489006654],[77.9344336379321,31.167292600902343],[77.91468875146757,31.156577351027366],[77.90941804719301,31.155498245038864],[77.90217648261225,31.158820298458707],[77.89279005099752,31.157268491286423],[77.88748820144485,31.154700061837794],[77.88970881832773,31.1489701069389],[77.88575806844277,31.143070773322716],[77.88040267945085,31.137429960618856],[77.87906052075591,31.131588561377995],[77.87872162089599,31.1246725221687],[77.87275529366279,31.123209871714597],[77.85787089156581,31.11624037365511],[77.85152998578383,31.110969712794493],[77.85013434753937,31.104200795909144],[77.85037956034682,31.095171111716287],[77.84282586419687,31.08129438271296],[77.83746156810919,31.07751301856233],[77.83103153505448,31.077040379863526],[77.82473078432223,31.074431777425477],[77.81954936892316,31.064907163062284],[77.81469782030048,31.06090292949869],[77.80948067681315,31.05973464356251],[77.80961000450502,31.061371128399124],[77.80689444013862,31.062329832623263],[77.80060705558424,31.06208008069736],[77.80491457888462,31.0587714838057],[77.80502157101839,31.054071541266335],[77.81067577409037,31.043592631246973],[77.81511702404953,31.033929817195258],[77.81880915925025,31.032297733036916],[77.82160051685152,31.029921060622932],[77.82106101115365,31.021078660847344],[77.81884929806122,31.015790189732044],[77.82270639490976,31.011799249093798],[77.82533283251,31.00812944058862],[77.82470853465207,31.005190926895985],[77.8100514802787,31.00520873968168],[77.81028779431587,31.00213193850017],[77.81360538737114,30.998921354116547],[77.81091208678704,30.995380882869163],[77.80754100500323,30.99384251157689],[77.80621217875178,30.988058987945916],[77.80647974300751,30.985031302333258],[77.80621217875178,30.983479498462735],[77.80523564224316,30.981637878296052],[77.80319335264554,30.979711554284403],[77.79872090115371,30.976122035779476],[77.7972850562348,30.972960547016616],[77.79641552836412,30.969821307376844],[77.79740095785588,30.96776116681267],[77.8015836331294,30.963569662360356],[77.80462475709308,30.960992319942072],[77.8132486579815,30.96244592747374],[77.81639233953653,30.961982195622312],[77.81891613787484,30.960091499637297],[77.81932188782949,30.956840886741787],[77.81714591620155,30.953567883751155],[77.81260648980742,30.952791986550356],[77.80754100500323,30.95371057471767],[77.80227482487344,30.955101823192567],[77.79659392046885,30.958432779808515],[77.78761330001542,30.96571893053899],[77.77838290965776,30.972318397037686],[77.77094072333256,30.975658297275697],[77.76387745017888,30.976991556597195],[77.75392032321116,30.976839959711977],[77.74196542028533,30.967640782000753],[77.73634254334677,30.963591965320212],[77.7345722207898,30.959569832958046],[77.73327465327327,30.949501135428864],[77.73487995313232,30.9440120400797],[77.73568700421993,30.942018827150882],[77.7366546369433,30.939601954921667],[77.73924094569156,30.93667682859174],[77.7435751349784,30.935227624713608],[77.74649587578968,30.933970098479644],[77.74736990016336,30.928721771857752],[77.74559957890514,30.922309536315232],[77.75219908803645,30.92095843772504],[77.75824564453875,30.920383262606453],[77.76317737509748,30.920151415176512],[77.76725746105235,30.920481331196264],[77.77162294096982,30.92419130165475],[77.77449012952795,30.925332810162782],[77.78185212141771,30.92622025433231],[77.78874142724186,30.926282674892153],[77.79102444215157,30.926131026484565],[77.79152831027844,30.9273527909854],[77.79266983844002,30.928521128550464],[77.79646902857064,30.933488561964293],[77.79736534953948,30.935009083594526],[77.8002146766817,30.937091513944925],[77.80145429601079,30.939089140298098],[77.80265829478627,30.939927494668165],[77.80406736507186,30.940547264392077],[77.8065733816166,30.94068996522467],[77.80783972035353,30.940221795009222],[77.81134011864766,30.939891849855208],[77.81814023508244,30.938148271978868],[77.8198481389272,30.937898637262492],[77.82176106793074,30.93817062040949],[77.82444101473584,30.938540730396856],[77.82637175051508,30.938620951520644],[77.82697370245822,30.938500602508217],[77.82739285939313,30.94084163151562],[77.82856115056708,30.94318266468225],[77.8298409342821,30.945108963895724],[77.83239600734069,30.946968393541834],[77.83474599386243,30.94975091763729],[77.83817949237907,30.953139840824964],[77.83976686567269,30.954450777707944],[77.84098867816417,30.95499924883411],[77.84252262026406,30.955431761053372],[77.84512232525596,30.95695236396656],[77.84720021290647,30.957902120584688],[77.84812769930703,30.958691365528665],[77.85047769765598,30.959801661173323],[77.85151663924317,30.959623336972257],[77.85330916104968,30.959030245848375],[77.8539512655972,30.958281176582815],[77.85473607431508,30.956212117853614],[77.85476730255495,30.95593118453262],[77.85502593833318,30.954201037803045],[77.85488323077529,30.949510127326825],[77.85601145280849,30.94909093956405],[77.85958759730858,30.948248151610866],[77.86090749115895,30.94839975691983],[77.86245031279476,30.94901066127223],[77.86505896464138,30.951891284982693],[77.86865295485956,30.952479880980807],[77.87043656142741,30.952239094116347],[77.87310764315997,30.951610340951614],[77.87407520298886,30.951378454567894],[77.87568499284271,30.952163251015673],[77.87613535996852,30.95316210001546],[77.87777625391524,30.95523111041702],[77.88040712712281,30.95730902443752],[77.88120090284916,30.95828112977741],[77.88195002230619,30.9587805826369],[77.88411712007004,30.958352473327093],[77.88595427946217,30.957808499850675],[77.88748375406153,30.95676055475588],[77.8896018216456,30.956787318919854],[77.89119821519226,30.957572124448337],[77.89462279158288,30.958722595782856],[77.89959016754159,30.96300335528596],[77.9028185614287,30.96684259934966],[77.9050303213229,30.96835875506238],[77.90883834567624,30.97064175877087],[77.91227631673893,30.97305856705111],[77.91439887155052,30.974231351344567],[77.91799289199471,30.975149966255213],[77.92225578231033,30.976509944968758],[77.92399039140696,30.976817610213317],[77.93013060476214,30.975560181683456],[77.93327423724224,30.97623792939094],[77.93541015383731,30.97729922858477],[77.93763083838857,30.978859910474608],[77.94053813445043,30.979198792845132],[77.9415949571232,30.97918539824296],[77.94708408082927,30.978150937597235],[77.9474274741073,30.978842077884103],[77.95320198317685,30.979350439140095],[77.95652848069433,30.979907764986436],[77.95831212798414,30.978431839907024],[77.96257055736666,30.974440943170528],[77.962882704293,30.97429821261004],[77.9637522143462,30.97390139642286],[77.96716343569257,30.972902537296797],[77.96849221956876,30.9721890505573],[77.9706504455489,30.96983915543509],[77.9712523849307,30.969611713362465],[77.9720327750013,30.969304036074732],[77.9744852683215,30.96867977789986],[77.9759835221116,30.966343175492987],[77.97708940217893,30.96189301599254],[77.98008590380476,30.960680135314394],[77.9830912962778,30.959779390279206],[77.98565087599042,30.958771672997223],[77.9924152865929,30.94919796300064],[78.00437905435012,30.931102962905502],[78.00804891711806,30.916860572587332],[78.00070035516278,30.91202239328421],[77.99362371064854,30.90929790232652],[77.98573111780621,30.909989071709045],[77.98451380557952,30.90936923985222],[77.9838047749916,30.908517551886465],[77.98108474823295,30.907068330806077],[77.97968458600243,30.905788635765692],[77.97789205559214,30.904852226307597],[77.97632691076095,30.904379553947283],[77.97532802229932,30.904299251826213],[77.9737316462126,30.90419226959903],[77.97067275256906,30.903532266385483],[77.9692012636007,30.9033004695127],[77.96766727579352,30.90306856594727],[77.9666060021139,30.902471075505858],[77.96620027719479,30.90202962971119],[77.9653797601178,30.900161219829226],[77.9644478696387,30.897120080874203],[77.96338656434804,30.892589688951897],[77.96409555473437,30.8913322234027],[77.96566070252001,30.889771538016554],[77.96671309720466,30.888331248154056],[77.97012875622899,30.88269050047084],[77.97028926288237,30.880938013504444],[77.96998602535646,30.87787020262898],[77.9701911464657,30.876220294852644],[77.97038293522186,30.87473100026965],[77.9735042253964,30.871248370602988],[77.97513632945801,30.8689296414678],[77.97509616105131,30.86593763088833],[77.97410623600707,30.857483173889218],[77.97432921172972,30.853777630153477],[77.97509171725703,30.85198060379984],[77.97749517332717,30.848680872519974],[77.98110260955036,30.840931005497755],[77.98142358998986,30.839009109354176],[77.98214596674215,30.837167519548732],[77.98478136801221,30.832182246391348],[77.98586485403315,30.831031804364553],[77.99060049064194,30.827299527534308],[77.99938041804819,30.82331305777419],[78.00602001154755,30.81853295897142],[78.01386808888059,30.808187825921546],[78.01584789603142,30.80124947213893],[78.01465731597945,30.79463215841194],[78.01638748078878,30.79123880014739],[78.01915652267468,30.788920061604696],[78.02466800308584,30.786133061762705],[78.02581840978418,30.78453224482062],[78.02786958507934,30.78168293086859],[78.031517134914,30.780652822740098],[78.033983077613,30.77996171285588],[78.03790263935619,30.777870365770372],[78.04572383054906,30.76633911517357],[78.05177483248494,30.763908929630507],[78.0529698764541,30.76247759206036],[78.05533772196645,30.757429844961305],[78.05606003719602,30.756582598815815],[78.0578704184343,30.75448239167194],[78.05799979861627,30.751258483248396],[78.05812012378635,30.74815046253457],[78.05918145209269,30.745992274033775],[78.06640516988388,30.743950006042002],[78.07012853873852,30.741769497860062],[78.0691920717587,30.739410632739368],[78.06613763671209,30.735950381128717],[78.06745753597691,30.73258817107025],[78.07090890710622,30.728410060070985],[78.07508705415152,30.723634302216436],[78.07489083854993,30.72206025187611],[78.06991002760915,30.714609082249332],[78.06783206019078,30.712513336635133],[78.06405080274547,30.71082331672156],[78.06218689560193,30.707269390830522],[78.06125044607774,30.696197484203775],[78.05713470715608,30.689321549242965],[78.0575805749148,30.677380112149326],[78.0545484459518,30.67202022874306],[78.05107921932608,30.668992537972933],[78.03825932812295,30.6647296092439],[78.03275237760084,30.658357511879856],[78.02938129150516,30.650518422668075],[78.02526998895996,30.647909850667176],[78.02168484850935,30.64898901298188],[78.01683778592943,30.65161092411116],[78.01365843448767,30.654518293200123],[78.00995740532872,30.656047745357462],[78.00624745087443,30.655940708327318],[78.00131118647536,30.65343024855163],[77.99971928940317,30.65161096051408],[77.99945620685,30.647579920538796],[78.00390639689152,30.63434978098064],[78.0031127353649,30.62946258981068],[78.00018307972928,30.625271038849807],[78.00105255053694,30.621529838852055],[78.00269355845933,30.619808609712123],[78.00183742898386,30.617739636766633]]]},"id":"00010000000000001849","properties":{"ADM0_CODE":115,"ADM0_NAME":"India","ADM1_CODE":70082,"ADM1_NAME":"Uttarakhand","ADM2_CODE":70289,"ADM2_NAME":"Uttarkashi","DISP_AREA":"NO","EXP2_YEAR":3000,"STATUS":"Member State","STR2_YEAR":1000,"Shape_Area":0.626274419485,"Shape_Leng":5.50177101128}}]}