date,district,rainfall_mm
2020-01-01,Almora,0.6192392804616973
2020-01-01,Bageshwar,0.8205323316694428
2020-01-01,Chamoli,1.3699746347750934
2020-01-01,Champawat,0.8854015935144581
2020-01-01,Dehra Dun,0.5235955248881029
2020-01-01,Haridwar,0.1584799272029723
2020-01-01,Naini Tal,0.2838457831183811
2020-01-01,Pauri Garhwal,0.1608448106289787
2020-01-01,Pithoragarh,0.932482432993818
2020-01-01,Rudra Prayag,0.668029005913022
2020-01-01,Tehri Garhwal,0.6941759321198443
2020-01-01,Udham Singh Nagar,0.2681691493001303
2020-01-01,Uttarkashi,0.4925401749093213
2020-01-02,Almora,2.77508398217294
2020-01-02,Bageshwar,1.0520560379270194
2020-01-02,Chamoli,1.249854849039204
2020-01-02,Champawat,9.939398617110818
2020-01-02,Dehra Dun,0.7291502944741051
2020-01-02,Haridwar,0.2864659220537164
2020-01-02,Naini Tal,7.838360516372734
2020-01-02,Pauri Garhwal,0.3739117931824592
2020-01-02,Pithoragarh,1.7184041148197986
2020-01-02,Rudra Prayag,0.3480535331309253
2020-01-02,Tehri Garhwal,0.8700843302966561
2020-01-02,Udham Singh Nagar,3.4052341855699586
2020-01-02,Uttarkashi,0.4804412853633596
2020-01-03,Almora,0.0684802042735273
2020-01-03,Bageshwar,0.9172527413426638
2020-01-03,Chamoli,0.522283095914792
2020-01-03,Champawat,0.0986859909016601
2020-01-03,Dehra Dun,0.0286624412962079
2020-01-03,Haridwar,0.0
2020-01-03,Naini Tal,0.1344689762379088
2020-01-03,Pauri Garhwal,0.1760122530599885
2020-01-03,Pithoragarh,0.4369607573404206
2020-01-03,Rudra Prayag,0.8510707903264125
2020-01-03,Tehri Garhwal,0.451701761493754
2020-01-03,Udham Singh Nagar,0.0027180017018098
2020-01-03,Uttarkashi,0.0680245084665065
2020-01-04,Almora,1.0208208795362643
2020-01-04,Bageshwar,0.5782242419526858
2020-01-04,Chamoli,0.6835993838315828
2020-01-04,Champawat,4.813687132643656
2020-01-04,Dehra Dun,1.518345563221798
2020-01-04,Haridwar,0.2242762738362224
2020-01-04,Naini Tal,4.444249606918252
2020-01-04,Pauri Garhwal,1.6962866802267549
2020-01-04,Pithoragarh,0.5995339139691386
2020-01-04,Rudra Prayag,0.4392538717029446
2020-01-04,Tehri Garhwal,1.2866135724391288
2020-01-04,Udham Singh Nagar,0.339994819119337
2020-01-04,Uttarkashi,1.0853829810475584
2020-01-05,Almora,0.0012079717637112
2020-01-05,Bageshwar,0.2510680081571028
2020-01-05,Chamoli,0.1346515814474396
2020-01-05,Champawat,0.0045293674591075
2020-01-05,Dehra Dun,0.1863743487678764
2020-01-05,Haridwar,0.6158628178533113
2020-01-05,Naini Tal,0.0167920606206569
2020-01-05,Pauri Garhwal,0.1084580956653441
2020-01-05,Pithoragarh,0.2587119568559207
2020-01-05,Rudra Prayag,0.2190276332543792
2020-01-05,Tehri Garhwal,0.2436742249172709
2020-01-05,Udham Singh Nagar,0.0996009425584699
2020-01-05,Uttarkashi,0.4822682143430526
2020-01-06,Almora,10.339279193364725
2020-01-06,Bageshwar,12.535181673304418
2020-01-06,Chamoli,11.040549313675472
2020-01-06,Champawat,4.2134148181648925
2020-01-06,Dehra Dun,15.010515437545076
2020-01-06,Haridwar,8.22025953426706
2020-01-06,Naini Tal,7.285558366779984
2020-01-06,Pauri Garhwal,17.798749898484306
2020-01-06,Pithoragarh,5.305033112916401
2020-01-06,Rudra Prayag,14.631060115971469
2020-01-06,Tehri Garhwal,20.37889106910304
2020-01-06,Udham Singh Nagar,5.663735457248667
2020-01-06,Uttarkashi,7.375389073417104
2020-01-07,Almora,5.512185336175725
2020-01-07,Bageshwar,4.973932780274737
2020-01-07,Chamoli,4.128338395157161
2020-01-07,Champawat,4.314369878510292
2020-01-07,Dehra Dun,19.178371030347403
2020-01-07,Haridwar,18.86740312912292
2020-01-07,Naini Tal,2.9165171252748063
2020-01-07,Pauri Garhwal,13.682793997732396
2020-01-07,Pithoragarh,2.903204429931224
2020-01-07,Rudra Prayag,8.11190827462391
2020-01-07,Tehri Garhwal,18.219648360483507
2020-01-07,Udham Singh Nagar,3.1989180439489333
2020-01-07,Uttarkashi,10.597031647764515
2020-01-08,Almora,11.521922853928851
2020-01-08,Bageshwar,5.057979649753373
2020-01-08,Chamoli,1.3192636514420557
2020-01-08,Champawat,28.89135101959824
2020-01-08,Dehra Dun,19.137169104103236
2020-01-08,Haridwar,14.751976236248876
2020-01-08,Naini Tal,15.419455088193148
2020-01-08,Pauri Garhwal,10.798342970777949
2020-01-08,Pithoragarh,5.676999978009156
2020-01-08,Rudra Prayag,2.4977892358036176
2020-01-08,Tehri Garhwal,18.631875331446125
2020-01-08,Udham Singh Nagar,10.863251279718009
2020-01-08,Uttarkashi,3.807224566628389
2020-01-09,Almora,2.381350948521135
2020-01-09,Bageshwar,0.4138317920882187
2020-01-09,Chamoli,2.303936292169982
2020-01-09,Champawat,0.8938227776876543
2020-01-09,Dehra Dun,0.7676989432315411
2020-01-09,Haridwar,0.0
2020-01-09,Naini Tal,0.2093193336546453
2020-01-09,Pauri Garhwal,0.8457902057313056
2020-01-09,Pithoragarh,0.6210985674952374
2020-01-09,Rudra Prayag,1.358761623399155
2020-01-09,Tehri Garhwal,0.7508711234000316
2020-01-09,Udham Singh Nagar,0.0023765887466608
2020-01-09,Uttarkashi,0.1827239351829767
2020-01-10,Almora,0.927116982387192
2020-01-10,Bageshwar,0.2750468702906373
2020-01-10,Chamoli,0.7395832693345805
2020-01-10,Champawat,0.0
2020-01-10,Dehra Dun,0.081783180894687
2020-01-10,Haridwar,0.0010609261725681
2020-01-10,Naini Tal,0.0028572170164311
2020-01-10,Pauri Garhwal,0.0920680725559874
2020-01-10,Pithoragarh,0.1336833946385667
2020-01-10,Rudra Prayag,0.4685993011249471
2020-01-10,Tehri Garhwal,0.2281547812522175
2020-01-10,Udham Singh Nagar,0.0
2020-01-10,Uttarkashi,0.4410834841196437
2020-01-11,Almora,0.1056127935644681
2020-01-11,Bageshwar,2.1006598491029926
2020-01-11,Chamoli,0.8149103388252781
2020-01-11,Champawat,0.0
2020-01-11,Dehra Dun,0.5393853775220757
2020-01-11,Haridwar,0.0862422931429669
2020-01-11,Naini Tal,0.0014200352657259
2020-01-11,Pauri Garhwal,0.394860450600499
2020-01-11,Pithoragarh,0.4815299470730427
2020-01-11,Rudra Prayag,1.213010334727613
2020-01-11,Tehri Garhwal,1.608263872746074
2020-01-11,Udham Singh Nagar,0.00016405556831060696
2020-01-11,Uttarkashi,1.3878724673741434
2020-01-12,Almora,0.2126281162137529
2020-01-12,Bageshwar,1.5558731093838367
2020-01-12,Chamoli,0.8300381297496666
2020-01-12,Champawat,2.510040011032518e-05
2020-01-12,Dehra Dun,1.8161290106371213
2020-01-12,Haridwar,0.99449725689599
2020-01-12,Naini Tal,0.0019962588886665
2020-01-12,Pauri Garhwal,0.7478316915873098
2020-01-12,Pithoragarh,0.9061279972659902
2020-01-12,Rudra Prayag,3.754046538791302
2020-01-12,Tehri Garhwal,1.454303729118427
2020-01-12,Udham Singh Nagar,0.0
2020-01-12,Uttarkashi,3.7911899678206753
2020-01-13,Almora,1.0907646151259032
2020-01-13,Bageshwar,6.906881292236914
2020-01-13,Chamoli,11.413139744846408
2020-01-13,Champawat,0.4385805603389789
2020-01-13,Dehra Dun,35.89029414440843
2020-01-13,Haridwar,6.984808786034546
2020-01-13,Naini Tal,0.0564080834530807
2020-01-13,Pauri Garhwal,6.7696521550426425
2020-01-13,Pithoragarh,7.076377671234323
2020-01-13,Rudra Prayag,25.999357026105734
2020-01-13,Tehri Garhwal,36.90883159985375
2020-01-13,Udham Singh Nagar,0.0805025096403772
2020-01-13,Uttarkashi,49.77973966239696
2020-01-14,Almora,0.0274762734789714
2020-01-14,Bageshwar,0.3327352877988768
2020-01-14,Chamoli,0.740196866405389
2020-01-14,Champawat,0.2916164609290805
2020-01-14,Dehra Dun,0.077723491256389
2020-01-14,Haridwar,0.0434187344582247
2020-01-14,Naini Tal,0.2504130664563083
2020-01-14,Pauri Garhwal,0.1215546186143884
2020-01-14,Pithoragarh,0.3329576134996702
2020-01-14,Rudra Prayag,0.3902296946417792
2020-01-14,Tehri Garhwal,0.3464868384852098
2020-01-14,Udham Singh Nagar,0.468389727039653
2020-01-14,Uttarkashi,0.3112680910833309
2020-01-15,Almora,0.1292746723480542
2020-01-15,Bageshwar,0.3664953947688714
2020-01-15,Chamoli,0.8634177067704366
2020-01-15,Champawat,0.1701932681694506
2020-01-15,Dehra Dun,0.0072267646125841
2020-01-15,Haridwar,0.0
2020-01-15,Naini Tal,0.0845599057672387
2020-01-15,Pauri Garhwal,0.1739303014769537
2020-01-15,Pithoragarh,0.3735236589892068
2020-01-15,Rudra Prayag,0.652431763217355
2020-01-15,Tehri Garhwal,0.5421773578714738
2020-01-15,Udham Singh Nagar,0.2841981904938521
2020-01-15,Uttarkashi,0.0982890333667409
2020-01-16,Almora,8.164732710869073
2020-01-16,Bageshwar,3.3985918276970657
2020-01-16,Chamoli,2.5560948049913765
2020-01-16,Champawat,4.6578362169780725
2020-01-16,Dehra Dun,8.543429879348421
2020-01-16,Haridwar,21.139723941346755
2020-01-16,Naini Tal,13.339431793536678
2020-01-16,Pauri Garhwal,23.09891164688645
2020-01-16,Pithoragarh,2.575600085058541
2020-01-16,Rudra Prayag,5.28091867879863
2020-01-16,Tehri Garhwal,7.526809292693551
2020-01-16,Udham Singh Nagar,9.275162347139553
2020-01-16,Uttarkashi,3.4153286875747217
2020-01-17,Almora,1.476735321610434
2020-01-17,Bageshwar,1.5078418704273648
2020-01-17,Chamoli,3.382178706497017
2020-01-17,Champawat,1.3522288785311378
2020-01-17,Dehra Dun,0.5551199094124817
2020-01-17,Haridwar,0.04358689772199
2020-01-17,Naini Tal,5.358962259090243
2020-01-17,Pauri Garhwal,1.317905681456636
2020-01-17,Pithoragarh,1.0757452763894575
2020-01-17,Rudra Prayag,4.803360839522023
2020-01-17,Tehri Garhwal,3.968419662979529
2020-01-17,Udham Singh Nagar,4.228500471575372
2020-01-17,Uttarkashi,5.119482107860336
2020-01-18,Almora,2.062433525755013
2020-01-18,Bageshwar,5.924412550524508
2020-01-18,Chamoli,3.2100618195403188
2020-01-18,Champawat,2.294667367600409
2020-01-18,Dehra Dun,4.183648051763078
2020-01-18,Haridwar,0.0837603453226974
2020-01-18,Naini Tal,1.2858707946035626
2020-01-18,Pauri Garhwal,2.78660506161382
2020-01-18,Pithoragarh,1.291613877499073
2020-01-18,Rudra Prayag,19.21605483507046
2020-01-18,Tehri Garhwal,11.871989821558646
2020-01-18,Udham Singh Nagar,0.0
2020-01-18,Uttarkashi,2.02325639275853
2020-01-19,Almora,0.1548603544685456
2020-01-19,Bageshwar,0.228557900186313
2020-01-19,Chamoli,0.4160839179151096
2020-01-19,Champawat,0.0
2020-01-19,Dehra Dun,0.0148105745515503
2020-01-19,Haridwar,0.0
2020-01-19,Naini Tal,0.0
2020-01-19,Pauri Garhwal,0.0828270738436495
2020-01-19,Pithoragarh,0.0377704896123694
2020-01-19,Rudra Prayag,0.2185820329664129
2020-01-19,Tehri Garhwal,0.1067594329114105
2020-01-19,Udham Singh Nagar,0.0002261306482119177
2020-01-19,Uttarkashi,0.1210258227367217
2020-01-20,Almora,2.2629242967734657
2020-01-20,Bageshwar,0.8593281036525321
2020-01-20,Chamoli,1.1213666884913938
2020-01-20,Champawat,0.5682567636459975
2020-01-20,Dehra Dun,3.878121337539504
2020-01-20,Haridwar,5.141519506177061
2020-01-20,Naini Tal,1.3934469172986732
2020-01-20,Pauri Garhwal,3.5053167885655325
2020-01-20,Pithoragarh,0.403598859037201
2020-01-20,Rudra Prayag,1.4262089476333557
2020-01-20,Tehri Garhwal,1.5841383498443944
2020-01-20,Udham Singh Nagar,0.6605327939399924
2020-01-20,Uttarkashi,0.8581407679189882
2020-01-21,Almora,0.010101002966783
2020-01-21,Bageshwar,0.7879053157168744
2020-01-21,Chamoli,0.3122953722361672
2020-01-21,Champawat,1.554047402372232
2020-01-21,Dehra Dun,0.4557365639302518
2020-01-21,Haridwar,0.1921015960015297
2020-01-21,Naini Tal,2.3589971427409213
2020-01-21,Pauri Garhwal,0.3069921293756949
2020-01-21,Pithoragarh,0.2080625464556217
2020-01-21,Rudra Prayag,0.7130345275844342
2020-01-21,Tehri Garhwal,0.7316555295000546
2020-01-21,Udham Singh Nagar,1.102393561352827
2020-01-21,Uttarkashi,0.428629400746381
2020-01-22,Almora,0.2087025440477568
2020-01-22,Bageshwar,0.9746920658309725
2020-01-22,Chamoli,1.1463632204830458
2020-01-22,Champawat,0.0
2020-01-22,Dehra Dun,0.010975742419183
2020-01-22,Haridwar,0.0
2020-01-22,Naini Tal,0.0
2020-01-22,Pauri Garhwal,0.1335405899801532
2020-01-22,Pithoragarh,0.1421537211912865
2020-01-22,Rudra Prayag,1.087316043920403
2020-01-22,Tehri Garhwal,0.5743194685229344
2020-01-22,Udham Singh Nagar,0.0
2020-01-22,Uttarkashi,0.4321948781338421
2020-01-23,Almora,0.0750969335477983
2020-01-23,Bageshwar,0.1352481564941734
2020-01-23,Chamoli,0.4413861803044195
2020-01-23,Champawat,0.0
2020-01-23,Dehra Dun,0.0
2020-01-23,Haridwar,0.0
2020-01-23,Naini Tal,0.0
2020-01-23,Pauri Garhwal,0.062036464444155
2020-01-23,Pithoragarh,0.1413364198409134
2020-01-23,Rudra Prayag,0.0609032791410291
2020-01-23,Tehri Garhwal,0.0522069179871394
2020-01-23,Udham Singh Nagar,0.002938220448662
2020-01-23,Uttarkashi,0.0775681669318086
2020-01-24,Almora,0.0138286328711647
2020-01-24,Bageshwar,0.458482535889968
2020-01-24,Chamoli,0.4796176913927609
2020-01-24,Champawat,0.0
2020-01-24,Dehra Dun,8.176614698677499e-06
2020-01-24,Haridwar,0.0
2020-01-24,Naini Tal,0.0
2020-01-24,Pauri Garhwal,0.0216247777262632
2020-01-24,Pithoragarh,0.2530520496406968
2020-01-24,Rudra Prayag,0.4314075858121503
2020-01-24,Tehri Garhwal,0.0557438987893099
2020-01-24,Udham Singh Nagar,0.0
2020-01-24,Uttarkashi,0.0485523087266473
2020-01-25,Almora,0.0935812072657703
2020-01-25,Bageshwar,0.2684843680626192
2020-01-25,Chamoli,0.4647918977203126
2020-01-25,Champawat,0.0451506009067307
2020-01-25,Dehra Dun,0.2956166449947189
2020-01-25,Haridwar,0.1861498450867269
2020-01-25,Naini Tal,0.0716060458571276
2020-01-25,Pauri Garhwal,0.3867130416939635
2020-01-25,Pithoragarh,0.2615133422441864
2020-01-25,Rudra Prayag,0.7932987732417068
2020-01-25,Tehri Garhwal,0.590272099148142
2020-01-25,Udham Singh Nagar,0.1568992003781141
2020-01-25,Uttarkashi,1.0098648924583815
2020-01-26,Almora,0.0
2020-01-26,Bageshwar,1.430317973360926
2020-01-26,Chamoli,0.4850181277301479
2020-01-26,Champawat,0.0632191252717972
2020-01-26,Dehra Dun,0.0330096753188488
2020-01-26,Haridwar,0.0
2020-01-26,Naini Tal,0.0007191104484387351
2020-01-26,Pauri Garhwal,0.0007304756780600236
2020-01-26,Pithoragarh,0.802699345936357
2020-01-26,Rudra Prayag,0.3743540485384705
2020-01-26,Tehri Garhwal,0.6344004794708488
2020-01-26,Udham Singh Nagar,0.0
2020-01-26,Uttarkashi,0.2044192272958423
2020-01-27,Almora,4.601956260292094
2020-01-27,Bageshwar,4.704656148848281
2020-01-27,Chamoli,3.244544798506896
2020-01-27,Champawat,0.9957554884227816
2020-01-27,Dehra Dun,3.8095433620535983
2020-01-27,Haridwar,8.00985014607986
2020-01-27,Naini Tal,2.343842292718793
2020-01-27,Pauri Garhwal,5.376238799978269
2020-01-27,Pithoragarh,1.2146775987333387
2020-01-27,Rudra Prayag,2.281849682126805
2020-01-27,Tehri Garhwal,3.467828740614524
2020-01-27,Udham Singh Nagar,0.4809274167237304
2020-01-27,Uttarkashi,2.0365275582448668
2020-01-28,Almora,30.158344536623
2020-01-28,Bageshwar,9.810768151149558
2020-01-28,Chamoli,7.502835438332747
2020-01-28,Champawat,24.703164566793788
2020-01-28,Dehra Dun,38.3247593116084
2020-01-28,Haridwar,21.545800695030817
2020-01-28,Naini Tal,9.887236569082969
2020-01-28,Pauri Garhwal,20.52812072852546
2020-01-28,Pithoragarh,10.969708012625544
2020-01-28,Rudra Prayag,7.92102570434122
2020-01-28,Tehri Garhwal,17.65321873867498
2020-01-28,Udham Singh Nagar,9.636267865676391
2020-01-28,Uttarkashi,8.966139381620414
2020-01-29,Almora,41.64430087754428
2020-01-29,Bageshwar,12.528537436506902
2020-01-29,Chamoli,10.820302035226588
2020-01-29,Champawat,16.038312837396873
2020-01-29,Dehra Dun,6.1617517225533405
2020-01-29,Haridwar,0.4524828172192899
2020-01-29,Naini Tal,27.72800422300133
2020-01-29,Pauri Garhwal,17.41533883726829
2020-01-29,Pithoragarh,2.288699957044916
2020-01-29,Rudra Prayag,7.858288269172804
2020-01-29,Tehri Garhwal,11.145131291589038
2020-01-29,Udham Singh Nagar,13.61338284079474
2020-01-29,Uttarkashi,5.185229632376071
2020-01-30,Almora,1.4215977144937195
2020-01-30,Bageshwar,0.5949806831900358
2020-01-30,Chamoli,1.4596061993459095
2020-01-30,Champawat,0.0485818265707243
2020-01-30,Dehra Dun,0.1228406896761906
2020-01-30,Haridwar,0.0
2020-01-30,Naini Tal,0.1400742986203006
2020-01-30,Pauri Garhwal,0.9404949384033748
2020-01-30,Pithoragarh,0.0106514515219499
2020-01-30,Rudra Prayag,2.257796145535182
2020-01-30,Tehri Garhwal,0.2776486786289032
2020-01-30,Udham Singh Nagar,0.0
2020-01-30,Uttarkashi,0.2373124127234967
2020-01-31,Almora,0.0064303144066869
2020-01-31,Bageshwar,0.8271507125477965
2020-01-31,Chamoli,1.6361708702365398
2020-01-31,Champawat,0.0012801204533147
2020-01-31,Dehra Dun,0.3020604977086715
2020-01-31,Haridwar,0.0
2020-01-31,Naini Tal,0.0882318383226951
2020-01-31,Pauri Garhwal,0.024150411966792
2020-01-31,Pithoragarh,0.0453145030201965
2020-01-31,Rudra Prayag,0.3576770202486755
2020-01-31,Tehri Garhwal,1.0131247419291582
2020-01-31,Udham Singh Nagar,0.0
2020-01-31,Uttarkashi,0.1527063865929147
2020-02-01,Almora,0.4923091707780194
2020-02-01,Bageshwar,0.7269693784806054
2020-02-01,Chamoli,1.001889477203965
2020-02-01,Champawat,0.0638330829475658
2020-02-01,Dehra Dun,0.7743768580618339
2020-02-01,Haridwar,0.0329975362756913
2020-02-01,Naini Tal,0.0498963434392011
2020-02-01,Pauri Garhwal,0.2689786024064097
2020-02-01,Pithoragarh,0.5125688365984727
2020-02-01,Rudra Prayag,1.5640155103713889
2020-02-01,Tehri Garhwal,1.0266059131632812
2020-02-01,Udham Singh Nagar,0.0277847336960872
2020-02-01,Uttarkashi,0.4902321097784227
2020-02-02,Almora,0.7470444488191901
2020-02-02,Bageshwar,0.3804898813181995
2020-02-02,Chamoli,0.672631508473024
2020-02-02,Champawat,0.0
2020-02-02,Dehra Dun,0.0
2020-02-02,Haridwar,0.0
2020-02-02,Naini Tal,0.0269609264103043
2020-02-02,Pauri Garhwal,0.1347498231190562
2020-02-02,Pithoragarh,0.1278110045422391
2020-02-02,Rudra Prayag,0.4310241709468123
2020-02-02,Tehri Garhwal,0.1419767412833523
2020-02-02,Udham Singh Nagar,0.0
2020-02-02,Uttarkashi,0.1015332506010168
2020-02-03,Almora,0.2517014571246862
2020-02-03,Bageshwar,0.1750192986402373
2020-02-03,Chamoli,0.8028473282291916
2020-02-03,Champawat,0.0
2020-02-03,Dehra Dun,0.0
2020-02-03,Haridwar,0.0
2020-02-03,Naini Tal,0.0088750906381533
2020-02-03,Pauri Garhwal,0.2107084979798675
2020-02-03,Pithoragarh,0.1741483004258699
2020-02-03,Rudra Prayag,0.4723885888121186
2020-02-03,Tehri Garhwal,0.1186723188978055
2020-02-03,Udham Singh Nagar,0.0
2020-02-03,Uttarkashi,0.0802795690900179
2020-02-04,Almora,0.2706588865915634
2020-02-04,Bageshwar,0.6027077096642802
2020-02-04,Chamoli,0.4415980042665008
2020-02-04,Champawat,0.0137612949923544
2020-02-04,Dehra Dun,0.0975476937180927
2020-02-04,Haridwar,0.0039056170524166
2020-02-04,Naini Tal,0.0007975683005099471
2020-02-04,Pauri Garhwal,0.1708784932632519
2020-02-04,Pithoragarh,0.1042299143113504
2020-02-04,Rudra Prayag,0.2915699405309346
2020-02-04,Tehri Garhwal,0.6438014512458937
2020-02-04,Udham Singh Nagar,0.0
2020-02-04,Uttarkashi,0.1839177545141607
2020-02-05,Almora,0.3221657997797245
2020-02-05,Bageshwar,0.6350284813103775
2020-02-05,Chamoli,0.6573761942229527
2020-02-05,Champawat,0.0
2020-02-05,Dehra Dun,0.0
2020-02-05,Haridwar,0.0
2020-02-05,Naini Tal,0.0046425230416304
2020-02-05,Pauri Garhwal,0.0923452301546253
2020-02-05,Pithoragarh,0.009799754964862
2020-02-05,Rudra Prayag,0.1935094926557752
2020-02-05,Tehri Garhwal,0.2497097716867012
2020-02-05,Udham Singh Nagar,0.0
2020-02-05,Uttarkashi,0.1620434995658687
2020-02-06,Almora,0.0785201983945545
2020-02-06,Bageshwar,0.307954956069486
2020-02-06,Chamoli,0.6427358198840292
2020-02-06,Champawat,0.0051204818132591
2020-02-06,Dehra Dun,0.203362628668176
2020-02-06,Haridwar,0.0072292654620436
2020-02-06,Naini Tal,0.0129767219817348
2020-02-06,Pauri Garhwal,0.0172789293055501
2020-02-06,Pithoragarh,0.06279643090181
2020-02-06,Rudra Prayag,0.3652676911532416
2020-02-06,Tehri Garhwal,0.3181633544208612
2020-02-06,Udham Singh Nagar,0.0
2020-02-06,Uttarkashi,0.2805315548087496
2020-02-07,Almora,0.0219346525190739
2020-02-07,Bageshwar,0.5987600942948655
2020-02-07,Chamoli,0.8920371135663578
2020-02-07,Champawat,0.0166265057141791
2020-02-07,Dehra Dun,1.2363736507167813
2020-02-07,Haridwar,0.0080903325704482
2020-02-07,Naini Tal,0.0026187258611411
2020-02-07,Pauri Garhwal,0.366032292110863
2020-02-07,Pithoragarh,0.5767916962969668
2020-02-07,Rudra Prayag,3.089201980571557
2020-02-07,Tehri Garhwal,2.923138045731952
2020-02-07,Udham Singh Nagar,0.0
2020-02-07,Uttarkashi,1.2275834965429056
2020-02-08,Almora,0.1546014051310164
2020-02-08,Bageshwar,0.0396259179588763
2020-02-08,Chamoli,0.3769530936128094
2020-02-08,Champawat,0.0
2020-02-08,Dehra Dun,0.0
2020-02-08,Haridwar,0.0044902268850293
2020-02-08,Naini Tal,0.0062755894573614
2020-02-08,Pauri Garhwal,0.0464821513847036
2020-02-08,Pithoragarh,0.0051917918694237
2020-02-08,Rudra Prayag,0.0010863557843964
2020-02-08,Tehri Garhwal,0.1033592241603364
2020-02-08,Udham Singh Nagar,0.0073403780385213
2020-02-08,Uttarkashi,0.0136930352839436
2020-02-09,Almora,0.0097119034528823
2020-02-09,Bageshwar,0.2257849219159277
2020-02-09,Chamoli,0.2219917776414703
2020-02-09,Champawat,0.0
2020-02-09,Dehra Dun,0.0194262737473262
2020-02-09,Haridwar,0.0
2020-02-09,Naini Tal,0.0
2020-02-09,Pauri Garhwal,0.025935548106077
2020-02-09,Pithoragarh,0.2740873787158502
2020-02-09,Rudra Prayag,0.0473678739422961
2020-02-09,Tehri Garhwal,0.1530408838164136
2020-02-09,Udham Singh Nagar,0.0
2020-02-09,Uttarkashi,0.2596251393590066
2020-02-10,Almora,0.021386252810124
2020-02-10,Bageshwar,0.5626259067619686
2020-02-10,Chamoli,0.254838323880666
2020-02-10,Champawat,0.0
2020-02-10,Dehra Dun,0.0037660123927594
2020-02-10,Haridwar,0.0
2020-02-10,Naini Tal,0.0
2020-02-10,Pauri Garhwal,0.0587175224711896
2020-02-10,Pithoragarh,0.2943450437292002
2020-02-10,Rudra Prayag,0.0754300490407746
2020-02-10,Tehri Garhwal,0.0688619874105329
2020-02-10,Udham Singh Nagar,0.0
2020-02-10,Uttarkashi,0.0884824134404757
2020-02-11,Almora,0.0157910786301944
2020-02-11,Bageshwar,1.0929282778697706
2020-02-11,Chamoli,0.8099180792653446
2020-02-11,Champawat,0.0284826800266437
2020-02-11,Dehra Dun,0.0432059134626504
2020-02-11,Haridwar,0.0410283497023194
2020-02-11,Naini Tal,0.0
2020-02-11,Pauri Garhwal,0.0006491403731503635
2020-02-11,Pithoragarh,0.7463702146252523
2020-02-11,Rudra Prayag,0.4341778848275208
2020-02-11,Tehri Garhwal,0.3744662544406735
2020-02-11,Udham Singh Nagar,0.0124371857218556
2020-02-11,Uttarkashi,0.0815790115591702
2020-02-12,Almora,0.0065441972590223
2020-02-12,Bageshwar,1.4812720229297958
2020-02-12,Chamoli,0.4932501737635396
2020-02-12,Champawat,0.0
2020-02-12,Dehra Dun,0.0590917109492755
2020-02-12,Haridwar,0.0
2020-02-12,Naini Tal,6.858567822119507e-05
2020-02-12,Pauri Garhwal,0.0061298279325354
2020-02-12,Pithoragarh,0.3697467000093721
2020-02-12,Rudra Prayag,0.1243765084545847
2020-02-12,Tehri Garhwal,0.8570639337500002
2020-02-12,Udham Singh Nagar,0.0123396390278752
2020-02-12,Uttarkashi,0.2132219595917861
2020-02-13,Almora,0.0
2020-02-13,Bageshwar,0.7592527364834334
2020-02-13,Chamoli,0.7811754158801979
2020-02-13,Champawat,0.0
2020-02-13,Dehra Dun,0.0
2020-02-13,Haridwar,0.0
2020-02-13,Naini Tal,0.0
2020-02-13,Pauri Garhwal,0.0125198514208573
2020-02-13,Pithoragarh,0.4731686377248092
2020-02-13,Rudra Prayag,4.364220958069893
2020-02-13,Tehri Garhwal,0.90655545342802
2020-02-13,Udham Singh Nagar,0.0
2020-02-13,Uttarkashi,0.6861853431720545
2020-02-14,Almora,0.2991702752162595
2020-02-14,Bageshwar,1.3020119260869891
2020-02-14,Chamoli,3.5285963750070777
2020-02-14,Champawat,0.0
2020-02-14,Dehra Dun,0.0
2020-02-14,Haridwar,0.0
2020-02-14,Naini Tal,0.0556479255075261
2020-02-14,Pauri Garhwal,0.2631327515693023
2020-02-14,Pithoragarh,0.6324618011405735
2020-02-14,Rudra Prayag,5.460842704742065
2020-02-14,Tehri Garhwal,1.638342039582039
2020-02-14,Udham Singh Nagar,0.0
2020-02-14,Uttarkashi,0.2409505985280497
2020-02-15,Almora,0.1113584574686722
2020-02-15,Bageshwar,0.7433538440947065
2020-02-15,Chamoli,0.4891089422158399
2020-02-15,Champawat,0.0
2020-02-15,Dehra Dun,0.0
2020-02-15,Haridwar,0.0
2020-02-15,Naini Tal,0.0012516886085677
2020-02-15,Pauri Garhwal,0.0222137839052397
2020-02-15,Pithoragarh,0.7424991109070308
2020-02-15,Rudra Prayag,0.4910068973435638
2020-02-15,Tehri Garhwal,0.3911804164098694
2020-02-15,Udham Singh Nagar,0.001695240816658
2020-02-15,Uttarkashi,0.3673352918003308
2020-02-16,Almora,0.0049267894590431
2020-02-16,Bageshwar,0.5767316057995605
2020-02-16,Chamoli,0.092653130195445
2020-02-16,Champawat,0.0432981913179967
2020-02-16,Dehra Dun,0.0
2020-02-16,Haridwar,0.0
2020-02-16,Naini Tal,0.0005299802437915532
2020-02-16,Pauri Garhwal,0.0
2020-02-16,Pithoragarh,0.326423567739194
2020-02-16,Rudra Prayag,0.4577892783134918
2020-02-16,Tehri Garhwal,0.115221594984466
2020-02-16,Udham Singh Nagar,0.0
2020-02-16,Uttarkashi,0.1806550447391282
2020-02-17,Almora,0.0
2020-02-17,Bageshwar,1.3163786631435332
2020-02-17,Chamoli,0.4611527459465266
2020-02-17,Champawat,0.0
2020-02-17,Dehra Dun,0.0
2020-02-17,Haridwar,0.0
2020-02-17,Naini Tal,0.0
2020-02-17,Pauri Garhwal,0.0004116875967397859
2020-02-17,Pithoragarh,0.5430800264364203
2020-02-17,Rudra Prayag,0.4720984279462787
2020-02-17,Tehri Garhwal,0.1178088028704143
2020-02-17,Udham Singh Nagar,0.0015829145796035
2020-02-17,Uttarkashi,0.1466564237064401
2020-02-18,Almora,0.0310073198261721
2020-02-18,Bageshwar,0.8018106405258603
2020-02-18,Chamoli,0.5217228578103952
2020-02-18,Champawat,0.0382592863502377
2020-02-18,Dehra Dun,0.004778549909484
2020-02-18,Haridwar,0.004243704840983
2020-02-18,Naini Tal,0.0142647818760265
2020-02-18,Pauri Garhwal,0.0151784748059257
2020-02-18,Pithoragarh,0.4848615358226062
2020-02-18,Rudra Prayag,1.0473091318489198
2020-02-18,Tehri Garhwal,0.9368752209743784
2020-02-18,Udham Singh Nagar,0.0031480933378521
2020-02-18,Uttarkashi,0.2154955112889698
2020-02-19,Almora,0.156893978782888
2020-02-19,Bageshwar,1.1730247883781832
2020-02-19,Chamoli,0.4513891142969505
2020-02-19,Champawat,0.1339131495567042
2020-02-19,Dehra Dun,0.7605178340861832
2020-02-19,Haridwar,0.1121605878576458
2020-02-19,Naini Tal,0.4189618540062353
2020-02-19,Pauri Garhwal,0.2313429907010397
2020-02-19,Pithoragarh,0.6400786830710417
2020-02-19,Rudra Prayag,0.8709498923381271
2020-02-19,Tehri Garhwal,0.7130580249071523
2020-02-19,Udham Singh Nagar,0.5131259075094243
2020-02-19,Uttarkashi,0.5983444959258475
2020-02-20,Almora,3.01624518881111
2020-02-20,Bageshwar,0.657317997489864
2020-02-20,Chamoli,0.5888157474353518
2020-02-20,Champawat,11.28826404636282
2020-02-20,Dehra Dun,13.29777430323414
2020-02-20,Haridwar,17.060562194945255
2020-02-20,Naini Tal,7.528955478117428
2020-02-20,Pauri Garhwal,8.73004336376583
2020-02-20,Pithoragarh,0.3050355534005174
2020-02-20,Rudra Prayag,1.4062970452190782
2020-02-20,Tehri Garhwal,6.9529668457251885
2020-02-20,Udham Singh Nagar,9.8779978335666
2020-02-20,Uttarkashi,4.121170842203065
2020-02-21,Almora,46.91313613367815
2020-02-21,Bageshwar,27.081287091852836
2020-02-21,Chamoli,7.649485181101569
2020-02-21,Champawat,27.50733499949187
2020-02-21,Dehra Dun,8.6991964434502
2020-02-21,Haridwar,7.386613667243969
2020-02-21,Naini Tal,33.20701891557312
2020-02-21,Pauri Garhwal,21.204520336056536
2020-02-21,Pithoragarh,15.401846157471972
2020-02-21,Rudra Prayag,5.008391914824875
2020-02-21,Tehri Garhwal,6.388006428774398
2020-02-21,Udham Singh Nagar,20.54048801313339
2020-02-21,Uttarkashi,4.809744762651325
2020-02-22,Almora,0.0126118491309818
2020-02-22,Bageshwar,0.5570542135726154
2020-02-22,Chamoli,0.7946577011665231
2020-02-22,Champawat,0.3348769995252542
2020-02-22,Dehra Dun,0.0909948191537226
2020-02-22,Haridwar,0.0
2020-02-22,Naini Tal,0.1918092035868181
2020-02-22,Pauri Garhwal,0.0351881107461032
2020-02-22,Pithoragarh,0.2877949674174986
2020-02-22,Rudra Prayag,1.8237426148341496
2020-02-22,Tehri Garhwal,0.4375057029457082
2020-02-22,Udham Singh Nagar,0.1397694308479228
2020-02-22,Uttarkashi,0.5383880656409423
2020-02-23,Almora,9.748195301437947
2020-02-23,Bageshwar,2.441165379119133
2020-02-23,Chamoli,0.8405775589621559
2020-02-23,Champawat,2.3746523021453383
2020-02-23,Dehra Dun,16.363214394387718
2020-02-23,Haridwar,5.46697909439904
2020-02-23,Naini Tal,4.835125106676991
2020-02-23,Pauri Garhwal,9.97637090564208
2020-02-23,Pithoragarh,0.6489186036755891
2020-02-23,Rudra Prayag,0.3658151879237517
2020-02-23,Tehri Garhwal,5.922138158312749
2020-02-23,Udham Singh Nagar,0.1110301493567134
2020-02-23,Uttarkashi,0.7760236137929858
2020-02-24,Almora,1.3488821504646942
2020-02-24,Bageshwar,2.0184080540933573
2020-02-24,Chamoli,0.8766964337245493
2020-02-24,Champawat,0.4546711742632505
2020-02-24,Dehra Dun,0.3577466531355633
2020-02-24,Haridwar,0.0034706814207699
2020-02-24,Naini Tal,0.5383809443805563
2020-02-24,Pauri Garhwal,1.1929615736176422
2020-02-24,Pithoragarh,0.9321099788374426
2020-02-24,Rudra Prayag,0.4744680329880618
2020-02-24,Tehri Garhwal,1.316525895718032
2020-02-24,Udham Singh Nagar,0.0139846286370011
2020-02-24,Uttarkashi,1.1798000082649516
2020-02-25,Almora,1.9772491362575928
2020-02-25,Bageshwar,6.076770978307981
2020-02-25,Chamoli,1.2229924456593255
2020-02-25,Champawat,3.8755922938830745
2020-02-25,Dehra Dun,2.47783652882001
2020-02-25,Haridwar,2.805025464445477
2020-02-25,Naini Tal,1.8838594689726973
2020-02-25,Pauri Garhwal,4.298634161310567
2020-02-25,Pithoragarh,3.0933344267108698
2020-02-25,Rudra Prayag,1.1193402115445397
2020-02-25,Tehri Garhwal,6.254641950421345
2020-02-25,Udham Singh Nagar,1.8290725161771288
2020-02-25,Uttarkashi,1.5933519926886928
2020-02-26,Almora,0.0045410791614523
2020-02-26,Bageshwar,0.9202058526853386
2020-02-26,Chamoli,0.7644111980755561
2020-02-26,Champawat,0.2654530552164912
2020-02-26,Dehra Dun,0.0154905963923125
2020-02-26,Haridwar,0.0
2020-02-26,Naini Tal,0.176802448437677
2020-02-26,Pauri Garhwal,0.0705604794835202
2020-02-26,Pithoragarh,0.3029068954601354
2020-02-26,Rudra Prayag,3.238139808638945
2020-02-26,Tehri Garhwal,0.353732832165643
2020-02-26,Udham Singh Nagar,0.0038856043671116
2020-02-26,Uttarkashi,1.012096138951844
2020-02-27,Almora,0.5496617336568085
2020-02-27,Bageshwar,1.8587812074085168
2020-02-27,Chamoli,1.0244744187303425
2020-02-27,Champawat,0.1236985400321436
2020-02-27,Dehra Dun,0.0297662840571541
2020-02-27,Haridwar,0.043213592821558
2020-02-27,Naini Tal,1.4290906911056596
2020-02-27,Pauri Garhwal,0.1163314281775484
2020-02-27,Pithoragarh,0.6966818082469926
2020-02-27,Rudra Prayag,2.905319440373523
2020-02-27,Tehri Garhwal,0.1932400813484418
2020-02-27,Udham Singh Nagar,1.2115400218853012
2020-02-27,Uttarkashi,0.3233266374692208
2020-02-28,Almora,0.0466933285122042
2020-02-28,Bageshwar,1.821225132568233
2020-02-28,Chamoli,0.8438170759485669
2020-02-28,Champawat,0.0648155096753773
2020-02-28,Dehra Dun,0.012295584220761
2020-02-28,Haridwar,0.0032444091028002
2020-02-28,Naini Tal,0.1920518522321826
2020-02-28,Pauri Garhwal,0.0518094190989367
2020-02-28,Pithoragarh,1.0428240975817618
2020-02-28,Rudra Prayag,9.122334806596305
2020-02-28,Tehri Garhwal,1.3543852197711672
2020-02-28,Udham Singh Nagar,0.1825295543813476
2020-02-28,Uttarkashi,3.2631228574717603
2020-02-29,Almora,5.69351531999272
2020-02-29,Bageshwar,15.198417879075755
2020-02-29,Chamoli,22.79047941935016
2020-02-29,Champawat,1.9109638035477392
2020-02-29,Dehra Dun,4.611007644066754
2020-02-29,Haridwar,12.907985282729278
2020-02-29,Naini Tal,2.8918584919587174
2020-02-29,Pauri Garhwal,8.69728489419252
2020-02-29,Pithoragarh,10.54048275000476
2020-02-29,Rudra Prayag,16.44793052360872
2020-02-29,Tehri Garhwal,9.804294030111404
2020-02-29,Udham Singh Nagar,4.283558132235257
2020-02-29,Uttarkashi,9.07302241811562
2020-03-01,Almora,1.7678769364066156
2020-03-01,Bageshwar,2.479993610446143
2020-03-01,Chamoli,1.38963768435519
2020-03-01,Champawat,0.1908499008749637
2020-03-01,Dehra Dun,0.3096901069941751
2020-03-01,Haridwar,0.0875121549789933
2020-03-01,Naini Tal,0.2003873556296431
2020-03-01,Pauri Garhwal,0.3561231975601119
2020-03-01,Pithoragarh,0.6297214535990994
2020-03-01,Rudra Prayag,0.6204369506854982
2020-03-01,Tehri Garhwal,0.7426706913060123
2020-03-01,Udham Singh Nagar,0.0643240496595512
2020-03-01,Uttarkashi,0.3734161281741752
2020-03-02,Almora,0.0030843274639575
2020-03-02,Bageshwar,2.444545895399813
2020-03-02,Chamoli,0.9855868925778556
2020-03-02,Champawat,0.4471862314953412
2020-03-02,Dehra Dun,0.0157822290435179
2020-03-02,Haridwar,0.0
2020-03-02,Naini Tal,0.3330899844431746
2020-03-02,Pauri Garhwal,0.1087803531986092
2020-03-02,Pithoragarh,0.982285450293498
2020-03-02,Rudra Prayag,0.6402832295562242
2020-03-02,Tehri Garhwal,0.538618457261466
2020-03-02,Udham Singh Nagar,0.0013338752209858
2020-03-02,Uttarkashi,0.2689371842900084
2020-03-03,Almora,0.0295451455764722
2020-03-03,Bageshwar,3.4697306175288225
2020-03-03,Chamoli,0.9263941746030874
2020-03-03,Champawat,0.0032003010140664
2020-03-03,Dehra Dun,0.002765739822451
2020-03-03,Haridwar,0.0
2020-03-03,Naini Tal,0.0087446739732023
2020-03-03,Pauri Garhwal,0.0166055039618207
2020-03-03,Pithoragarh,1.1172562954671332
2020-03-03,Rudra Prayag,1.5033056675187844
2020-03-03,Tehri Garhwal,1.9231390215884687
2020-03-03,Udham Singh Nagar,0.0
2020-03-03,Uttarkashi,0.7810781489386813
2020-03-04,Almora,0.8212560775271595
2020-03-04,Bageshwar,2.8472480848928057
2020-03-04,Chamoli,1.55268350596991
2020-03-04,Champawat,0.0490650082713958
2020-03-04,Dehra Dun,0.6974693195669462
2020-03-04,Haridwar,5.470617057663754
2020-03-04,Naini Tal,1.2603922517027366
2020-03-04,Pauri Garhwal,1.4444691650242747
2020-03-04,Pithoragarh,0.5188792594620546
2020-03-04,Rudra Prayag,1.006336762821736
2020-03-04,Tehri Garhwal,0.9917513066966668
2020-03-04,Udham Singh Nagar,2.965760332292996
2020-03-04,Uttarkashi,0.9075104730998405
2020-03-05,Almora,1.5925358842919195
2020-03-05,Bageshwar,1.4623381910133448
2020-03-05,Chamoli,0.6055404841036228
2020-03-05,Champawat,3.40410383143668
2020-03-05,Dehra Dun,3.5425953103837844
2020-03-05,Haridwar,3.822098882240296
2020-03-05,Naini Tal,2.8873235320762007
2020-03-05,Pauri Garhwal,3.891106997540696
2020-03-05,Pithoragarh,0.5510061641506153
2020-03-05,Rudra Prayag,0.8976925540953513
2020-03-05,Tehri Garhwal,1.438358235700991
2020-03-05,Udham Singh Nagar,5.156063287476248
2020-03-05,Uttarkashi,0.8767159565901894
2020-03-06,Almora,34.73120520910128
2020-03-06,Bageshwar,28.43095344211427
2020-03-06,Chamoli,14.28384023602282
2020-03-06,Champawat,40.16992619519901
2020-03-06,Dehra Dun,22.313182259844567
2020-03-06,Haridwar,28.468791382406305
2020-03-06,Naini Tal,33.93681830083243
2020-03-06,Pauri Garhwal,35.86834582815822
2020-03-06,Pithoragarh,18.01429244746547
2020-03-06,Rudra Prayag,26.0209251299864
2020-03-06,Tehri Garhwal,27.769900202291893
2020-03-06,Udham Singh Nagar,38.73850712727396
2020-03-06,Uttarkashi,17.62486799053925
2020-03-07,Almora,5.664019649273083
2020-03-07,Bageshwar,2.193793154556668
2020-03-07,Chamoli,1.7520787113714076
2020-03-07,Champawat,9.554118775058749
2020-03-07,Dehra Dun,2.0807692334215817
2020-03-07,Haridwar,0.8853442284384675
2020-03-07,Naini Tal,8.70404426359971
2020-03-07,Pauri Garhwal,1.495571621630199
2020-03-07,Pithoragarh,2.7708160656092686
2020-03-07,Rudra Prayag,2.552473166879324
2020-03-07,Tehri Garhwal,2.333745656244945
2020-03-07,Udham Singh Nagar,5.879675444827241
2020-03-07,Uttarkashi,2.549163737395784
2020-03-08,Almora,0.0958500521933284
2020-03-08,Bageshwar,0.7507187306545402
2020-03-08,Chamoli,0.8304924620928134
2020-03-08,Champawat,0.0
2020-03-08,Dehra Dun,0.0
2020-03-08,Haridwar,0.0
2020-03-08,Naini Tal,0.0415275889164963
2020-03-08,Pauri Garhwal,0.0607455091065719
2020-03-08,Pithoragarh,0.0242678088374792
2020-03-08,Rudra Prayag,0.8635802953148547
2020-03-08,Tehri Garhwal,0.1432863098492521
2020-03-08,Udham Singh Nagar,0.0045743422693414
2020-03-08,Uttarkashi,0.003231367081243
2020-03-09,Almora,0.0687567767494715
2020-03-09,Bageshwar,0.8510781006129141
2020-03-09,Chamoli,0.9155938284212836
2020-03-09,Champawat,0.0
2020-03-09,Dehra Dun,0.0
2020-03-09,Haridwar,0.0
2020-03-09,Naini Tal,0.0002067962152898702
2020-03-09,Pauri Garhwal,0.0414987269827178
2020-03-09,Pithoragarh,0.1256322114154743
2020-03-09,Rudra Prayag,0.6657996354656799
2020-03-09,Tehri Garhwal,0.0495062893042798
2020-03-09,Udham Singh Nagar,0.0372058819740473
2020-03-09,Uttarkashi,0.0772049117586198
2020-03-10,Almora,0.3597213842324233
2020-03-10,Bageshwar,0.9905633878894148
2020-03-10,Chamoli,1.8807130592210104
2020-03-10,Champawat,2.033211548322948
2020-03-10,Dehra Dun,0.8722287879223153
2020-03-10,Haridwar,3.453173893106323
2020-03-10,Naini Tal,0.5797833176279406
2020-03-10,Pauri Garhwal,2.606314027224937
2020-03-10,Pithoragarh,0.4748437544352127
2020-03-10,Rudra Prayag,3.1513177074514496
2020-03-10,Tehri Garhwal,2.6090087085340765
2020-03-10,Udham Singh Nagar,1.2248506974973978
2020-03-10,Uttarkashi,1.402782519082107
2020-03-11,Almora,4.32893836164343
2020-03-11,Bageshwar,3.7987710435347446
2020-03-11,Chamoli,7.390220721991677
2020-03-11,Champawat,0.6709927016666746
2020-03-11,Dehra Dun,30.157649866093717
2020-03-11,Haridwar,37.38324787471162
2020-03-11,Naini Tal,1.7255465675565027
2020-03-11,Pauri Garhwal,23.9040207510989
2020-03-11,Pithoragarh,2.7252418555088456
2020-03-11,Rudra Prayag,14.37242278642084
2020-03-11,Tehri Garhwal,21.551963364018235
2020-03-11,Udham Singh Nagar,1.473262599580889
2020-03-11,Uttarkashi,14.837486306536457
2020-03-12,Almora,3.90260226479133
2020-03-12,Bageshwar,2.9567563684590445
2020-03-12,Chamoli,11.25701284870186
2020-03-12,Champawat,2.6509499944139634
2020-03-12,Dehra Dun,32.06581758887959
2020-03-12,Haridwar,3.2763901355056944
2020-03-12,Naini Tal,5.3967249040791625
2020-03-12,Pauri Garhwal,11.050133499551654
2020-03-12,Pithoragarh,1.166197360857378
2020-03-12,Rudra Prayag,22.97251067312052
2020-03-12,Tehri Garhwal,29.09343104310752
2020-03-12,Udham Singh Nagar,4.616534790686245
2020-03-12,Uttarkashi,21.274077750747978
2020-03-13,Almora,48.22449878637903
2020-03-13,Bageshwar,29.5200498749603
2020-03-13,Chamoli,15.015039414415366
2020-03-13,Champawat,10.973463645941028
2020-03-13,Dehra Dun,34.480423698368035
2020-03-13,Haridwar,7.981570519054636
2020-03-13,Naini Tal,33.67759929011446
2020-03-13,Pauri Garhwal,34.45816588483682
2020-03-13,Pithoragarh,8.389472528874004
2020-03-13,Rudra Prayag,24.013213688900795
2020-03-13,Tehri Garhwal,27.13784016222433
2020-03-13,Udham Singh Nagar,9.473243212485382
2020-03-13,Uttarkashi,18.88726151117499
2020-03-14,Almora,20.714111494589183
2020-03-14,Bageshwar,15.283826882932985
2020-03-14,Chamoli,5.069760039816805
2020-03-14,Champawat,20.81508740909906
2020-03-14,Dehra Dun,12.237930341029111
2020-03-14,Haridwar,15.059043490922535
2020-03-14,Naini Tal,20.607517410119357
2020-03-14,Pauri Garhwal,9.222086373664464
2020-03-14,Pithoragarh,8.209518575573462
2020-03-14,Rudra Prayag,4.688564650257904
2020-03-14,Tehri Garhwal,7.114626677978103
2020-03-14,Udham Singh Nagar,16.058264431520666
2020-03-14,Uttarkashi,2.7704052008206346
2020-03-15,Almora,0.1008107359519828
2020-03-15,Bageshwar,3.3095403603875595
2020-03-15,Chamoli,0.8965000828545017
2020-03-15,Champawat,0.026165913086362
2020-03-15,Dehra Dun,0.0377105467916743
2020-03-15,Haridwar,0.0
2020-03-15,Naini Tal,0.459624324642063
2020-03-15,Pauri Garhwal,0.3146465120277911
2020-03-15,Pithoragarh,0.5237303123447488
2020-03-15,Rudra Prayag,1.4790068700288732
2020-03-15,Tehri Garhwal,1.210359289595098
2020-03-15,Udham Singh Nagar,1.2555438726348953
2020-03-15,Uttarkashi,1.0589681930118096
2020-03-16,Almora,0.0590767338788621
2020-03-16,Bageshwar,2.1895697995734413
2020-03-16,Chamoli,1.8496574044389895
2020-03-16,Champawat,0.0259688752497654
2020-03-16,Dehra Dun,0.0161379121485605
2020-03-16,Haridwar,0.0250079237573409
2020-03-16,Naini Tal,0.104639923208044
2020-03-16,Pauri Garhwal,0.033940327656773
2020-03-16,Pithoragarh,0.5249836655755811
2020-03-16,Rudra Prayag,1.4587512550627832
2020-03-16,Tehri Garhwal,1.1331528547658254
2020-03-16,Udham Singh Nagar,0.070632572946401
2020-03-16,Uttarkashi,0.9605484660321972
2020-03-17,Almora,0.0377433562265919
2020-03-17,Bageshwar,0.8482076939308386
2020-03-17,Chamoli,1.1056573177249445
2020-03-17,Champawat,0.056645328807364
2020-03-17,Dehra Dun,0.0
2020-03-17,Haridwar,0.0
2020-03-17,Naini Tal,0.0167972558888089
2020-03-17,Pauri Garhwal,0.0017300130577262
2020-03-17,Pithoragarh,0.2329424557637545
2020-03-17,Rudra Prayag,0.6087650972745012
2020-03-17,Tehri Garhwal,0.3352206349304515
2020-03-17,Udham Singh Nagar,0.0
2020-03-17,Uttarkashi,0.5454926830129428
2020-03-18,Almora,0.0
2020-03-18,Bageshwar,3.512222323026541
2020-03-18,Chamoli,2.6997222180733997
2020-03-18,Champawat,0.0246423181898173
2020-03-18,Dehra Dun,1.4899270591950744
2020-03-18,Haridwar,0.0
2020-03-18,Naini Tal,6.027226263230796e-05
2020-03-18,Pauri Garhwal,0.0950512653229643
2020-03-18,Pithoragarh,1.6751596927027157
2020-03-18,Rudra Prayag,6.265291724989063
2020-03-18,Tehri Garhwal,6.488174650942204
2020-03-18,Udham Singh Nagar,0.0108439251978722
2020-03-18,Uttarkashi,8.746164779180663
2020-03-19,Almora,0.044013692557745
2020-03-19,Bageshwar,2.626557848685908
2020-03-19,Chamoli,1.138976063627969
2020-03-19,Champawat,3.473011984946168
2020-03-19,Dehra Dun,1.0025558550144058
2020-03-19,Haridwar,0.0
2020-03-19,Naini Tal,1.287145871465524
2020-03-19,Pauri Garhwal,0.0925383533395424
2020-03-19,Pithoragarh,1.3568642474846129
2020-03-19,Rudra Prayag,3.9016268377473806
2020-03-19,Tehri Garhwal,2.953129949451688
2020-03-19,Udham Singh Nagar,0.0735434511243667
2020-03-19,Uttarkashi,5.63837947938178
2020-03-20,Almora,0.8946183389370933
2020-03-20,Bageshwar,3.3449649817543103
2020-03-20,Chamoli,0.8889758093211524
2020-03-20,Champawat,2.8837097616710534
2020-03-20,Dehra Dun,0.8408285402128071
2020-03-20,Haridwar,0.0382787455896646
2020-03-20,Naini Tal,0.1362646772483331
2020-03-20,Pauri Garhwal,0.1578343952521675
2020-03-20,Pithoragarh,1.3191007637526089
2020-03-20,Rudra Prayag,2.1492641970183897
2020-03-20,Tehri Garhwal,2.2332938830519127
2020-03-20,Udham Singh Nagar,0.1800768527568726
2020-03-20,Uttarkashi,2.014774920820332
2020-03-21,Almora,6.319866317585959
2020-03-21,Bageshwar,1.4014990508840557
2020-03-21,Chamoli,1.5024164675265057
2020-03-21,Champawat,1.8138804829788828
2020-03-21,Dehra Dun,9.175026390007671
2020-03-21,Haridwar,2.8732716311525333
2020-03-21,Naini Tal,8.552691797821572
2020-03-21,Pauri Garhwal,6.814278236409531
2020-03-21,Pithoragarh,0.7633951080412387
2020-03-21,Rudra Prayag,1.4898272491126143
2020-03-21,Tehri Garhwal,8.0509643612375
2020-03-21,Udham Singh Nagar,0.98520320751769
2020-03-21,Uttarkashi,1.9057154978482973
2020-03-22,Almora,0.4734117272559961
2020-03-22,Bageshwar,9.74218910145368
2020-03-22,Chamoli,2.060787756183774
2020-03-22,Champawat,3.355220810153024
2020-03-22,Dehra Dun,0.0
2020-03-22,Haridwar,0.0
2020-03-22,Naini Tal,0.0538563846767174
2020-03-22,Pauri Garhwal,0.0560700776419195
2020-03-22,Pithoragarh,2.095915481341056
2020-03-22,Rudra Prayag,4.7246751853839095
2020-03-22,Tehri Garhwal,2.8729536031903486
2020-03-22,Udham Singh Nagar,0.0
2020-03-22,Uttarkashi,0.7529220030197202
2020-03-23,Almora,0.0152752163529309
2020-03-23,Bageshwar,1.283055107991951
2020-03-23,Chamoli,1.4670720474590075
2020-03-23,Champawat,0.0
2020-03-23,Dehra Dun,0.2479776440847753
2020-03-23,Haridwar,0.1989126547091634
2020-03-23,Naini Tal,0.0049163462466594
2020-03-23,Pauri Garhwal,0.0364424478145341
2020-03-23,Pithoragarh,0.5508852050574755
2020-03-23,Rudra Prayag,4.988274503841237
2020-03-23,Tehri Garhwal,0.6957653304433263
2020-03-23,Udham Singh Nagar,0.0233439245161319
2020-03-23,Uttarkashi,0.8973123996328177
2020-03-24,Almora,8.750940693205111
2020-03-24,Bageshwar,3.546339978569065
2020-03-24,Chamoli,7.639264578519487
2020-03-24,Champawat,5.557750882686304
2020-03-24,Dehra Dun,0.424535285234228
2020-03-24,Haridwar,0.7330577446426261
2020-03-24,Naini Tal,0.7603543504740057
2020-03-24,Pauri Garhwal,2.1059709602124537
2020-03-24,Pithoragarh,5.293863412416425
2020-03-24,Rudra Prayag,8.861134499349726
2020-03-24,Tehri Garhwal,6.0155035648926365
2020-03-24,Udham Singh Nagar,0.4831480782677533
2020-03-24,Uttarkashi,5.637445163462266
2020-03-25,Almora,0.8277812944218835
2020-03-25,Bageshwar,0.9998749786176416
2020-03-25,Chamoli,3.120949400127681
2020-03-25,Champawat,1.7077296284760486
2020-03-25,Dehra Dun,0.1646075174722665
2020-03-25,Haridwar,0.7476465772557954
2020-03-25,Naini Tal,0.577013905893922
2020-03-25,Pauri Garhwal,0.6938848027701845
2020-03-25,Pithoragarh,4.072817039009088
2020-03-25,Rudra Prayag,7.609652679672523
2020-03-25,Tehri Garhwal,1.1868156480820042
2020-03-25,Udham Singh Nagar,0.2821393685000793
2020-03-25,Uttarkashi,0.7040290083896256
2020-03-26,Almora,0.4968221131537954
2020-03-26,Bageshwar,1.0431985047353118
2020-03-26,Chamoli,2.103684187193027
2020-03-26,Champawat,0.1254191739439317
2020-03-26,Dehra Dun,5.243790428853233
2020-03-26,Haridwar,2.448226747889715
2020-03-26,Naini Tal,0.5639343059371186
2020-03-26,Pauri Garhwal,2.431106255374743
2020-03-26,Pithoragarh,0.4014390143502854
2020-03-26,Rudra Prayag,4.824473115149724
2020-03-26,Tehri Garhwal,5.536240334630463
2020-03-26,Udham Singh Nagar,0.4011986304553263
2020-03-26,Uttarkashi,9.977527501620244
2020-03-27,Almora,18.5897040870903
2020-03-27,Bageshwar,18.62551801495754
2020-03-27,Chamoli,23.01683307599052
2020-03-27,Champawat,5.947122105964633
2020-03-27,Dehra Dun,8.272369664227634
2020-03-27,Haridwar,16.12801073007479
2020-03-27,Naini Tal,6.283775172284399
2020-03-27,Pauri Garhwal,13.148951983137833
2020-03-27,Pithoragarh,16.06805054540802
2020-03-27,Rudra Prayag,28.044417372190864
2020-03-27,Tehri Garhwal,18.427913221078803
2020-03-27,Udham Singh Nagar,6.01450991267936
2020-03-27,Uttarkashi,17.775473160602303
2020-03-28,Almora,0.0
2020-03-28,Bageshwar,0.4803180041609963
2020-03-28,Chamoli,0.2609051789888356
2020-03-28,Champawat,0.0352033120488848
2020-03-28,Dehra Dun,0.3108408194466558
2020-03-28,Haridwar,0.0
2020-03-28,Naini Tal,0.0
2020-03-28,Pauri Garhwal,0.0024805334412815
2020-03-28,Pithoragarh,0.2612664610601573
2020-03-28,Rudra Prayag,1.2590915013815636
2020-03-28,Tehri Garhwal,0.333922503427313
2020-03-28,Udham Singh Nagar,0.0
2020-03-28,Uttarkashi,1.1638823144582358
2020-03-29,Almora,0.2192353543819387
2020-03-29,Bageshwar,0.904726999295663
2020-03-29,Chamoli,0.1744509616233834
2020-03-29,Champawat,0.1821812222930079
2020-03-29,Dehra Dun,0.0496490863137887
2020-03-29,Haridwar,0.0
2020-03-29,Naini Tal,0.0260007268606232
2020-03-29,Pauri Garhwal,0.0034180093556211
2020-03-29,Pithoragarh,0.4400512916956195
2020-03-29,Rudra Prayag,1.3335802907767562
2020-03-29,Tehri Garhwal,0.7658458646510954
2020-03-29,Udham Singh Nagar,0.0
2020-03-29,Uttarkashi,0.7861167016100362
2020-03-30,Almora,0.1053558822045478
2020-03-30,Bageshwar,0.2889181924951331
2020-03-30,Chamoli,0.299217526363196
2020-03-30,Champawat,0.0
2020-03-30,Dehra Dun,0.0042736438953623
2020-03-30,Haridwar,0.0184407461085951
2020-03-30,Naini Tal,0.0003086355465756476
2020-03-30,Pauri Garhwal,0.0417500566072958
2020-03-30,Pithoragarh,0.2712749148714886
2020-03-30,Rudra Prayag,0.2145854868271447
2020-03-30,Tehri Garhwal,0.1166226626551357
2020-03-30,Udham Singh Nagar,0.0555283746503441
2020-03-30,Uttarkashi,0.0831160262414572
2020-03-31,Almora,1.456476381731143
2020-03-31,Bageshwar,4.876281135082108
2020-03-31,Chamoli,7.099090671596167
2020-03-31,Champawat,0.1930672646449676
2020-03-31,Dehra Dun,1.2044589503521783
2020-03-31,Haridwar,1.238297210087261
2020-03-31,Naini Tal,0.549174879648753
2020-03-31,Pauri Garhwal,2.1195223434987542
2020-03-31,Pithoragarh,3.7675853178242336
2020-03-31,Rudra Prayag,6.82739707171235
2020-03-31,Tehri Garhwal,4.617159635624524
2020-03-31,Udham Singh Nagar,0.2697827299034645
2020-03-31,Uttarkashi,4.87139930527999
2020-04-01,Almora,0.040091311822215
2020-04-01,Bageshwar,0.8329836198832389
2020-04-01,Chamoli,0.5074820922541656
2020-04-01,Champawat,0.0720666428297631
2020-04-01,Dehra Dun,1.6367135242147548
2020-04-01,Haridwar,0.0303149336037511
2020-04-01,Naini Tal,0.0357945043218909
2020-04-01,Pauri Garhwal,0.0422856773632285
2020-04-01,Pithoragarh,0.4523745978307452
2020-04-01,Rudra Prayag,0.9198707967086186
2020-04-01,Tehri Garhwal,0.2354186023885524
2020-04-01,Udham Singh Nagar,0.0342299011228988
2020-04-01,Uttarkashi,0.581085397161932
2020-04-02,Almora,0.6553246863870709
2020-04-02,Bageshwar,1.17094941335381
2020-04-02,Chamoli,0.3264976992873509
2020-04-02,Champawat,0.003697289131492
2020-04-02,Dehra Dun,0.5637918882070448
2020-04-02,Haridwar,0.0
2020-04-02,Naini Tal,0.0204260621334462
2020-04-02,Pauri Garhwal,0.0937892201714658
2020-04-02,Pithoragarh,0.4935265714240766
2020-04-02,Rudra Prayag,0.6570949739092937
2020-04-02,Tehri Garhwal,0.761000262762076
2020-04-02,Udham Singh Nagar,0.0
2020-04-02,Uttarkashi,1.0340857287566572
2020-04-03,Almora,0.0
2020-04-03,Bageshwar,0.4959770051461151
2020-04-03,Chamoli,0.1058958469376841
2020-04-03,Champawat,0.0
2020-04-03,Dehra Dun,0.0
2020-04-03,Haridwar,0.0
2020-04-03,Naini Tal,0.0
2020-04-03,Pauri Garhwal,0.00461992120485
2020-04-03,Pithoragarh,0.1112979455549481
2020-04-03,Rudra Prayag,0.1819067298851276
2020-04-03,Tehri Garhwal,0.0463362547478969
2020-04-03,Udham Singh Nagar,0.0
2020-04-03,Uttarkashi,0.1251676764139201
2020-04-04,Almora,0.0258785247380507
2020-04-04,Bageshwar,1.7859870812754657
2020-04-04,Chamoli,0.5500704158909867
2020-04-04,Champawat,0.0
2020-04-04,Dehra Dun,0.0017743253241234
2020-04-04,Haridwar,0.0
2020-04-04,Naini Tal,0.0
2020-04-04,Pauri Garhwal,0.0034712049508414
2020-04-04,Pithoragarh,2.397535803560749
2020-04-04,Rudra Prayag,0.4002625099133976
2020-04-04,Tehri Garhwal,0.2625247728834238
2020-04-04,Udham Singh Nagar,0.0
2020-04-04,Uttarkashi,1.213814605699264
2020-04-05,Almora,0.0420234529786377
2020-04-05,Bageshwar,0.4302113859768724
2020-04-05,Chamoli,0.4051757978491876
2020-04-05,Champawat,0.0375916150996525
2020-04-05,Dehra Dun,0.1059771018846757
2020-04-05,Haridwar,0.2775928733373813
2020-04-05,Naini Tal,0.0572825503543988
2020-04-05,Pauri Garhwal,0.1991180280970499
2020-04-05,Pithoragarh,0.3114247323019597
2020-04-05,Rudra Prayag,0.2557253822829053
2020-04-05,Tehri Garhwal,0.287043452879884
2020-04-05,Udham Singh Nagar,0.022733519833558
2020-04-05,Uttarkashi,0.3356236993149949
2020-04-06,Almora,0.0
2020-04-06,Bageshwar,0.2119310617794433
2020-04-06,Chamoli,0.7117492589751633
2020-04-06,Champawat,0.0
2020-04-06,Dehra Dun,0.0014431724724867
2020-04-06,Haridwar,0.0
2020-04-06,Naini Tal,0.0
2020-04-06,Pauri Garhwal,0.0001965923867094407
2020-04-06,Pithoragarh,0.4592893678984664
2020-04-06,Rudra Prayag,2.082600974021656
2020-04-06,Tehri Garhwal,0.2853531188518306
2020-04-06,Udham Singh Nagar,0.0
2020-04-06,Uttarkashi,0.5166460703109163
2020-04-07,Almora,0.0387459317375774
2020-04-07,Bageshwar,0.1776957668139777
2020-04-07,Chamoli,0.4486407430842717
2020-04-07,Champawat,0.0321536137216096
2020-04-07,Dehra Dun,0.6242674976856615
2020-04-07,Haridwar,0.0985331896831581
2020-04-07,Naini Tal,0.059838406223067
2020-04-07,Pauri Garhwal,0.1364432166991582
2020-04-07,Pithoragarh,0.3041698644521344
2020-04-07,Rudra Prayag,0.3837685574132414
2020-04-07,Tehri Garhwal,0.3494433752735817
2020-04-07,Udham Singh Nagar,0.0086919891229821
2020-04-07,Uttarkashi,1.200279228728096
2020-04-08,Almora,0.1660656139126791
2020-04-08,Bageshwar,5.68293646347079
2020-04-08,Chamoli,9.04675841973092
2020-04-08,Champawat,0.3818624426919805
2020-04-08,Dehra Dun,0.0863770758030028
2020-04-08,Haridwar,0.0011753829199047
2020-04-08,Naini Tal,0.3662823353692074
2020-04-08,Pauri Garhwal,1.4156756964593662
2020-04-08,Pithoragarh,7.299445448041695
2020-04-08,Rudra Prayag,6.54633490836251
2020-04-08,Tehri Garhwal,1.9200309306646584
2020-04-08,Udham Singh Nagar,0.2108128817538374
2020-04-08,Uttarkashi,4.293918603626637
2020-04-09,Almora,0.0269061811989296
2020-04-09,Bageshwar,0.8213777420585221
2020-04-09,Chamoli,0.5041052054967337
2020-04-09,Champawat,0.0
2020-04-09,Dehra Dun,0.1049277710509541
2020-04-09,Haridwar,0.0097754883274388
2020-04-09,Naini Tal,0.003730125722753
2020-04-09,Pauri Garhwal,0.0149861223527977
2020-04-09,Pithoragarh,0.2218890579979703
2020-04-09,Rudra Prayag,1.0883557606742609
2020-04-09,Tehri Garhwal,0.1919147884766129
2020-04-09,Udham Singh Nagar,0.0466198620159028
2020-04-09,Uttarkashi,0.4230025582917939
2020-04-10,Almora,0.0285683292265498
2020-04-10,Bageshwar,5.29110649804061
2020-04-10,Chamoli,11.003080298255764
2020-04-10,Champawat,0.0403237948159081
2020-04-10,Dehra Dun,0.6480682586941897
2020-04-10,Haridwar,0.0377372763396624
2020-04-10,Naini Tal,0.025746128530086
2020-04-10,Pauri Garhwal,0.2856965501193267
2020-04-10,Pithoragarh,8.348861010969445
2020-04-10,Rudra Prayag,15.292402112231766
2020-04-10,Tehri Garhwal,3.3569461738672457
2020-04-10,Udham Singh Nagar,0.0045647354451859
2020-04-10,Uttarkashi,4.731363270340102
2020-04-11,Almora,0.0
2020-04-11,Bageshwar,0.0745036751689279
2020-04-11,Chamoli,0.0920752838983251
2020-04-11,Champawat,0.0
2020-04-11,Dehra Dun,0.0002671027460619584
2020-04-11,Haridwar,0.0
2020-04-11,Naini Tal,0.0015899407313746
2020-04-11,Pauri Garhwal,0.0067053424848843
2020-04-11,Pithoragarh,0.1443491278637981
2020-04-11,Rudra Prayag,1.1249602504158216
2020-04-11,Tehri Garhwal,0.1596568771313984
2020-04-11,Udham Singh Nagar,0.0
2020-04-11,Uttarkashi,0.337969024231196
2020-04-12,Almora,0.0074389912819372
2020-04-12,Bageshwar,0.4444135958344252
2020-04-12,Chamoli,0.5574930494785565
2020-04-12,Champawat,0.0
2020-04-12,Dehra Dun,0.0139608879130192
2020-04-12,Haridwar,9.244585107683315e-05
2020-04-12,Naini Tal,0.0385493077745189
2020-04-12,Pauri Garhwal,0.0354841558387494
2020-04-12,Pithoragarh,0.3851334846653352
2020-04-12,Rudra Prayag,0.3726839290494308
2020-04-12,Tehri Garhwal,0.1624523396781293
2020-04-12,Udham Singh Nagar,0.0531547421887087
2020-04-12,Uttarkashi,0.2545906644113586
2020-04-13,Almora,0.039829174627362
2020-04-13,Bageshwar,3.6386065402901937
2020-04-13,Chamoli,1.7002056491151378
2020-04-13,Champawat,0.00035768071302665343
2020-04-13,Dehra Dun,0.0260159438029215
2020-04-13,Haridwar,0.0
2020-04-13,Naini Tal,0.0102031587450886
2020-04-13,Pauri Garhwal,0.0597717977111618
2020-04-13,Pithoragarh,2.2263506481545483
2020-04-13,Rudra Prayag,2.1653799227601325
2020-04-13,Tehri Garhwal,0.9371544772869504
2020-04-13,Udham Singh Nagar,0.0
2020-04-13,Uttarkashi,1.2777000911129146
2020-04-14,Almora,9.216925620417808
2020-04-14,Bageshwar,5.609976903693957
2020-04-14,Chamoli,5.518677716564469
2020-04-14,Champawat,24.35375189763703
2020-04-14,Dehra Dun,1.5943335704557475
2020-04-14,Haridwar,0.0421447429916198
2020-04-14,Naini Tal,8.412340027526747
2020-04-14,Pauri Garhwal,3.3154810083906243
2020-04-14,Pithoragarh,4.228973900626961
2020-04-14,Rudra Prayag,14.848258738876003
2020-04-14,Tehri Garhwal,14.284779042241835
2020-04-14,Udham Singh Nagar,1.6532345231700367
2020-04-14,Uttarkashi,19.98572572760826
2020-04-15,Almora,0.6396088512520175
2020-04-15,Bageshwar,2.269669066871147
2020-04-15,Chamoli,1.959912449021893
2020-04-15,Champawat,0.0634224373152027
2020-04-15,Dehra Dun,1.8433980195648296
2020-04-15,Haridwar,0.0263549912542821
2020-04-15,Naini Tal,0.0860391746698156
2020-04-15,Pauri Garhwal,0.8071382124327043
2020-04-15,Pithoragarh,4.987074619041942
2020-04-15,Rudra Prayag,2.3396338008395645
2020-04-15,Tehri Garhwal,3.8929545433253225
2020-04-15,Udham Singh Nagar,0.0664255077659669
2020-04-15,Uttarkashi,1.1641211365346378
2020-04-16,Almora,0.0964472590744396
2020-04-16,Bageshwar,0.8099650569085497
2020-04-16,Chamoli,0.2938800486878119
2020-04-16,Champawat,0.0316026598073908
2020-04-16,Dehra Dun,0.2678256933128069
2020-04-16,Haridwar,0.0224370481956407
2020-04-16,Naini Tal,0.0458277027613065
2020-04-16,Pauri Garhwal,0.2281786233618098
2020-04-16,Pithoragarh,0.5505124043303657
2020-04-16,Rudra Prayag,0.8899844276012663
2020-04-16,Tehri Garhwal,0.3185598468371595
2020-04-16,Udham Singh Nagar,0.0188198341583894
2020-04-16,Uttarkashi,1.5838976649201797
2020-04-17,Almora,4.238693659651899
2020-04-17,Bageshwar,3.86956057517416
2020-04-17,Chamoli,4.5382017913174
2020-04-17,Champawat,0.7793536491153937
2020-04-17,Dehra Dun,7.750567421289562
2020-04-17,Haridwar,7.035803665647582
2020-04-17,Naini Tal,3.4264646260770264
2020-04-17,Pauri Garhwal,6.427022804794472
2020-04-17,Pithoragarh,1.852591784731647
2020-04-17,Rudra Prayag,1.4941692248298843
2020-04-17,Tehri Garhwal,3.105434061459284
2020-04-17,Udham Singh Nagar,3.723551482289393
2020-04-17,Uttarkashi,2.900078286936811
2020-04-18,Almora,2.117257960256741
2020-04-18,Bageshwar,0.409696678947726
2020-04-18,Chamoli,0.4616534934822311
2020-04-18,Champawat,1.1766754257531058
2020-04-18,Dehra Dun,5.711732615030513
2020-04-18,Haridwar,1.0875162637178704
2020-04-18,Naini Tal,4.14273865506737
2020-04-18,Pauri Garhwal,2.803538211488226
2020-04-18,Pithoragarh,1.0832817106400978
2020-04-18,Rudra Prayag,0.9171001544650098
2020-04-18,Tehri Garhwal,2.661734112922572
2020-04-18,Udham Singh Nagar,1.558734072693036
2020-04-18,Uttarkashi,4.15288211780772
2020-04-19,Almora,1.3435160988350114
2020-04-19,Bageshwar,2.0756617145174565
2020-04-19,Chamoli,3.163155673993027
2020-04-19,Champawat,0.2404881966116568
2020-04-19,Dehra Dun,0.1661999136586179
2020-04-19,Haridwar,0.0774238407977553
2020-04-19,Naini Tal,0.345476453618368
2020-04-19,Pauri Garhwal,0.6157543635153492
2020-04-19,Pithoragarh,1.721694607813407
2020-04-19,Rudra Prayag,1.6162141310855334
2020-04-19,Tehri Garhwal,0.3211380018040629
2020-04-19,Udham Singh Nagar,1.807335160901848
2020-04-19,Uttarkashi,0.527946138846551
2020-04-20,Almora,0.766959038507264
2020-04-20,Bageshwar,1.780359333371641
2020-04-20,Chamoli,2.790295254852601
2020-04-20,Champawat,0.6442532462678497
2020-04-20,Dehra Dun,6.010177677266278
2020-04-20,Haridwar,0.6103706491540715
2020-04-20,Naini Tal,0.4280167189662382
2020-04-20,Pauri Garhwal,1.4039765314266015
2020-04-20,Pithoragarh,0.9891506098555564
2020-04-20,Rudra Prayag,5.064205449406181
2020-04-20,Tehri Garhwal,3.5627667873285103
2020-04-20,Udham Singh Nagar,1.0222871407625322
2020-04-20,Uttarkashi,3.6323508791579258
2020-04-21,Almora,6.802114109209573
2020-04-21,Bageshwar,10.71668817074781
2020-04-21,Chamoli,2.900686883707291
2020-04-21,Champawat,4.727847503094249
2020-04-21,Dehra Dun,0.2385902102923938
2020-04-21,Haridwar,0.00035217467076888826
2020-04-21,Naini Tal,1.080683239635108
2020-04-21,Pauri Garhwal,2.6558460616293025
2020-04-21,Pithoragarh,2.977579202610085
2020-04-21,Rudra Prayag,4.429034432015721
2020-04-21,Tehri Garhwal,2.626005452140024
2020-04-21,Udham Singh Nagar,0.2728251488120886
2020-04-21,Uttarkashi,1.5687456545891982
2020-04-22,Almora,0.1350793078692767
2020-04-22,Bageshwar,0.8634089866822571
2020-04-22,Chamoli,0.2647353471861044
2020-04-22,Champawat,0.2737700736996845
2020-04-22,Dehra Dun,0.0773712164265732
2020-04-22,Haridwar,0.086911425737526
2020-04-22,Naini Tal,0.2103325310774371
2020-04-22,Pauri Garhwal,0.1776983230100116
2020-04-22,Pithoragarh,0.316687062694659
2020-04-22,Rudra Prayag,0.743785825056476
2020-04-22,Tehri Garhwal,0.1770353546754709
2020-04-22,Udham Singh Nagar,0.0977357353109667
2020-04-22,Uttarkashi,0.7664912371690533
2020-04-23,Almora,6.141274263244932
2020-04-23,Bageshwar,1.2506709248051804
2020-04-23,Chamoli,1.4728718607362177
2020-04-23,Champawat,0.9988767357997084
2020-04-23,Dehra Dun,0.405618691876958
2020-04-23,Haridwar,0.0012167634950502
2020-04-23,Naini Tal,0.88675306781526
2020-04-23,Pauri Garhwal,3.319399729421546
2020-04-23,Pithoragarh,0.6115185811550381
2020-04-23,Rudra Prayag,2.284543997944624
2020-04-23,Tehri Garhwal,3.3033886865595177
2020-04-23,Udham Singh Nagar,0.026701151705263
2020-04-23,Uttarkashi,1.6882535878417453
2020-04-24,Almora,0.2429168862735129
2020-04-24,Bageshwar,1.7424815816977677
2020-04-24,Chamoli,0.6809921473687671
2020-04-24,Champawat,3.012048125446561e-05
2020-04-24,Dehra Dun,1.0501151283932346
2020-04-24,Haridwar,0.0
2020-04-24,Naini Tal,0.019331808528217
2020-04-24,Pauri Garhwal,0.0053315087034235
2020-04-24,Pithoragarh,0.3834236814730912
2020-04-24,Rudra Prayag,0.8897478151535659
2020-04-24,Tehri Garhwal,0.8330437270918235
2020-04-24,Udham Singh Nagar,0.0
2020-04-24,Uttarkashi,1.5662680582945436
2020-04-25,Almora,5.557406317704021
2020-04-25,Bageshwar,9.445075166392696
2020-04-25,Chamoli,5.385761800728509
2020-04-25,Champawat,2.1318837367035592
2020-04-25,Dehra Dun,4.297955073230806
2020-04-25,Haridwar,0.2970426060537476
2020-04-25,Naini Tal,0.9131123133043006
2020-04-25,Pauri Garhwal,2.33562363847279
2020-04-25,Pithoragarh,3.9001086327107575
2020-04-25,Rudra Prayag,3.633186441770271
2020-04-25,Tehri Garhwal,5.540537423564559
2020-04-25,Udham Singh Nagar,0.1547302647631151
2020-04-25,Uttarkashi,5.048188300879604
2020-04-26,Almora,8.824822873032677
2020-04-26,Bageshwar,2.1149337788448013
2020-04-26,Chamoli,1.9051754942590484
2020-04-26,Champawat,15.93469210122651
2020-04-26,Dehra Dun,8.208093264999674
2020-04-26,Haridwar,17.223986253793413
2020-04-26,Naini Tal,22.09478485049893
2020-04-26,Pauri Garhwal,17.24876804915728
2020-04-26,Pithoragarh,3.939513721791714
2020-04-26,Rudra Prayag,1.2359412435390735
2020-04-26,Tehri Garhwal,5.4031684915107325
2020-04-26,Udham Singh Nagar,27.618380980694013
2020-04-26,Uttarkashi,1.4460223412027595
2020-04-27,Almora,2.922295881488432
2020-04-27,Bageshwar,1.743181019648225
2020-04-27,Chamoli,1.576347206552355
2020-04-27,Champawat,2.598726082096216
2020-04-27,Dehra Dun,2.7619616361527832
2020-04-27,Haridwar,8.487844473984751
2020-04-27,Naini Tal,4.05711930170572
2020-04-27,Pauri Garhwal,2.6590431932494623
2020-04-27,Pithoragarh,0.3704785963429631
2020-04-27,Rudra Prayag,3.096514598960266
2020-04-27,Tehri Garhwal,4.831883228422216
2020-04-27,Udham Singh Nagar,3.1678487320865267
2020-04-27,Uttarkashi,1.496845700624179
2020-04-28,Almora,0.4153653615757361
2020-04-28,Bageshwar,0.5860964956991238
2020-04-28,Chamoli,0.4737007677877684
2020-04-28,Champawat,0.0687512528608519
2020-04-28,Dehra Dun,1.1525279061519005
2020-04-28,Haridwar,0.0183720720127004
2020-04-28,Naini Tal,0.1778083705684652
2020-04-28,Pauri Garhwal,0.265305289627658
2020-04-28,Pithoragarh,0.4869957345158231
2020-04-28,Rudra Prayag,0.5810915188995771
2020-04-28,Tehri Garhwal,0.4153397722174905
2020-04-28,Udham Singh Nagar,0.0718289960119041
2020-04-28,Uttarkashi,0.572204586041983
2020-04-29,Almora,0.7336699921303678
2020-04-29,Bageshwar,0.5499623035868247
2020-04-29,Chamoli,0.4901974075677581
2020-04-29,Champawat,1.2475489150596235
2020-04-29,Dehra Dun,0.0525040862944487
2020-04-29,Haridwar,0.0
2020-04-29,Naini Tal,0.2921183565959596
2020-04-29,Pauri Garhwal,0.2883779131096922
2020-04-29,Pithoragarh,0.8927165438330185
2020-04-29,Rudra Prayag,0.3225060368674149
2020-04-29,Tehri Garhwal,0.1798022265890077
2020-04-29,Udham Singh Nagar,0.9302697075360752
2020-04-29,Uttarkashi,0.8940020493376319
2020-04-30,Almora,6.520363195093728
2020-04-30,Bageshwar,12.82628281272756
2020-04-30,Chamoli,7.466310516148921
2020-04-30,Champawat,12.704697247765711
2020-04-30,Dehra Dun,19.11410564029832
2020-04-30,Haridwar,8.237804922688017
2020-04-30,Naini Tal,4.299241289752892
2020-04-30,Pauri Garhwal,2.359554721899307
2020-04-30,Pithoragarh,11.085652927208582
2020-04-30,Rudra Prayag,25.36087848352581
2020-04-30,Tehri Garhwal,13.112139458807572
2020-04-30,Udham Singh Nagar,6.837670556974479
2020-04-30,Uttarkashi,9.534624931587333
2020-05-01,Almora,0.0944447547650376
2020-05-01,Bageshwar,0.6088802271591063
2020-05-01,Chamoli,0.3184586714692998
2020-05-01,Champawat,1.593792881469717
2020-05-01,Dehra Dun,0.0759799010735883
2020-05-01,Haridwar,0.0491310992494795
2020-05-01,Naini Tal,0.5601135160228924
2020-05-01,Pauri Garhwal,0.0605428280713365
2020-05-01,Pithoragarh,0.5621012485878958
2020-05-01,Rudra Prayag,0.5039906609346623
2020-05-01,Tehri Garhwal,0.1738068524291302
2020-05-01,Udham Singh Nagar,0.7611292371678597
2020-05-01,Uttarkashi,0.3747960203299507
2020-05-02,Almora,1.6055747950261443
2020-05-02,Bageshwar,8.373417998641997
2020-05-02,Chamoli,17.032614321434842
2020-05-02,Champawat,2.460704004441819
2020-05-02,Dehra Dun,5.236163663604258
2020-05-02,Haridwar,3.52586979655702
2020-05-02,Naini Tal,0.5613732549253393
2020-05-02,Pauri Garhwal,2.3238053557093
2020-05-02,Pithoragarh,7.486162836569773
2020-05-02,Rudra Prayag,32.95213226432363
2020-05-02,Tehri Garhwal,8.080145150673191
2020-05-02,Udham Singh Nagar,0.1656591740477871
2020-05-02,Uttarkashi,7.902163350230923
2020-05-03,Almora,9.035687169823248
2020-05-03,Bageshwar,9.137997962286018
2020-05-03,Chamoli,8.542830084307433
2020-05-03,Champawat,8.57292397663719
2020-05-03,Dehra Dun,17.43073756667539
2020-05-03,Haridwar,12.428900952923236
2020-05-03,Naini Tal,12.107033359657024
2020-05-03,Pauri Garhwal,14.619740633956916
2020-05-03,Pithoragarh,4.127674791450318
2020-05-03,Rudra Prayag,13.853015183503953
2020-05-03,Tehri Garhwal,11.510830822032286
2020-05-03,Udham Singh Nagar,4.985381182921709
2020-05-03,Uttarkashi,9.141872773451931
2020-05-04,Almora,0.5839797786330662
2020-05-04,Bageshwar,2.7150661146687685
2020-05-04,Chamoli,2.580250445046372
2020-05-04,Champawat,0.7903262820963496
2020-05-04,Dehra Dun,0.0939118262455497
2020-05-04,Haridwar,0.0082681807334321
2020-05-04,Naini Tal,0.4432650820844655
2020-05-04,Pauri Garhwal,1.332621961572775
2020-05-04,Pithoragarh,2.151250680624288
2020-05-04,Rudra Prayag,4.183834077068483
2020-05-04,Tehri Garhwal,2.25184611138702
2020-05-04,Udham Singh Nagar,0.2044649668026329
2020-05-04,Uttarkashi,3.95952630969536
2020-05-05,Almora,8.809148373042001
2020-05-05,Bageshwar,11.757803018320088
2020-05-05,Chamoli,4.162017832748445
2020-05-05,Champawat,10.416122986223028
2020-05-05,Dehra Dun,0.7990807979752234
2020-05-05,Haridwar,0.0034962140363504
2020-05-05,Naini Tal,6.702424752564311
2020-05-05,Pauri Garhwal,4.663866993849394
2020-05-05,Pithoragarh,4.548465558324587
2020-05-05,Rudra Prayag,2.721060383166725
2020-05-05,Tehri Garhwal,2.8097630946277747
2020-05-05,Udham Singh Nagar,3.529097628077845
2020-05-05,Uttarkashi,3.1730808506271475
2020-05-06,Almora,9.683266466793954
2020-05-06,Bageshwar,5.438532972040326
2020-05-06,Chamoli,3.562510316511403
2020-05-06,Champawat,10.13839838395141
2020-05-06,Dehra Dun,7.290376668636915
2020-05-06,Haridwar,2.372469570964304
2020-05-06,Naini Tal,11.560197253371337
2020-05-06,Pauri Garhwal,4.009383518233718
2020-05-06,Pithoragarh,6.994391801735886
2020-05-06,Rudra Prayag,5.303127674647125
2020-05-06,Tehri Garhwal,4.553534501150188
2020-05-06,Udham Singh Nagar,14.626266290245129
2020-05-06,Uttarkashi,8.350934119061094
2020-05-07,Almora,1.2338286176568338
2020-05-07,Bageshwar,1.5808271894174943
2020-05-07,Chamoli,0.1843575867405355
2020-05-07,Champawat,1.2291214558292165
2020-05-07,Dehra Dun,0.0669651116285362
2020-05-07,Haridwar,0.0
2020-05-07,Naini Tal,0.0090637013345575
2020-05-07,Pauri Garhwal,0.4754517647546815
2020-05-07,Pithoragarh,1.113906643067827
2020-05-07,Rudra Prayag,0.2093056952445695
2020-05-07,Tehri Garhwal,0.8611737266754548
2020-05-07,Udham Singh Nagar,0.0232803719294426
2020-05-07,Uttarkashi,0.6601325588398665
2020-05-08,Almora,0.0866743476956339
2020-05-08,Bageshwar,0.2965863890596665
2020-05-08,Chamoli,0.3689888929812553
2020-05-08,Champawat,0.3004543115599941
2020-05-08,Dehra Dun,0.0
2020-05-08,Haridwar,0.0
2020-05-08,Naini Tal,0.0050015585870789
2020-05-08,Pauri Garhwal,0.001879577482885
2020-05-08,Pithoragarh,0.2281400768853023
2020-05-08,Rudra Prayag,0.6639965314093159
2020-05-08,Tehri Garhwal,0.1226605954422895
2020-05-08,Udham Singh Nagar,0.0
2020-05-08,Uttarkashi,0.1387391051241673
2020-05-09,Almora,6.24174266275831
2020-05-09,Bageshwar,17.944491334523153
2020-05-09,Chamoli,10.219553162114174
2020-05-09,Champawat,5.302348053001005
2020-05-09,Dehra Dun,0.3627296172241833
2020-05-09,Haridwar,0.0
2020-05-09,Naini Tal,0.3823485320384036
2020-05-09,Pauri Garhwal,2.2277776772547235
2020-05-09,Pithoragarh,9.278831227667927
2020-05-09,Rudra Prayag,16.42454717373459
2020-05-09,Tehri Garhwal,9.114112932619625
2020-05-09,Udham Singh Nagar,0.0815082746422997
2020-05-09,Uttarkashi,5.893713274283935
2020-05-10,Almora,13.730511447555536
2020-05-10,Bageshwar,4.968886833167498
2020-05-10,Chamoli,2.973267191041539
2020-05-10,Champawat,16.229190051884775
2020-05-10,Dehra Dun,3.248494078977726
2020-05-10,Haridwar,10.798959960260852
2020-05-10,Naini Tal,18.972108579444267
2020-05-10,Pauri Garhwal,12.853425836789828
2020-05-10,Pithoragarh,2.537025416340911
2020-05-10,Rudra Prayag,1.4590863251003443
2020-05-10,Tehri Garhwal,6.279834033654446
2020-05-10,Udham Singh Nagar,18.63197786583899
2020-05-10,Uttarkashi,1.1767394640881983
2020-05-11,Almora,0.1150582941533611
2020-05-11,Bageshwar,0.7419319705763723
2020-05-11,Chamoli,0.6232136247435903
2020-05-11,Champawat,0.3494640988644668
2020-05-11,Dehra Dun,0.1429885484167276
2020-05-11,Haridwar,2.9130876205397795
2020-05-11,Naini Tal,0.1304852923366347
2020-05-11,Pauri Garhwal,0.1148554438521344
2020-05-11,Pithoragarh,1.5345752817023532
2020-05-11,Rudra Prayag,2.9500241255812303
2020-05-11,Tehri Garhwal,0.7180785175305133
2020-05-11,Udham Singh Nagar,0.2339247656338348
2020-05-11,Uttarkashi,2.113777922880422
2020-05-12,Almora,1.2198088203205568
2020-05-12,Bageshwar,0.7616663410244442
2020-05-12,Chamoli,0.5419080014810266
2020-05-12,Champawat,2.847922865813317
2020-05-12,Dehra Dun,3.421813081566531
2020-05-12,Haridwar,1.1847023861349906
2020-05-12,Naini Tal,1.147269527184932
2020-05-12,Pauri Garhwal,1.7595389320461747
2020-05-12,Pithoragarh,1.2468826238758612
2020-05-12,Rudra Prayag,0.3773989561372573
2020-05-12,Tehri Garhwal,1.6818332581419932
2020-05-12,Udham Singh Nagar,1.227787437056035
2020-05-12,Uttarkashi,0.8519309629160006
2020-05-13,Almora,1.0282632657733326
2020-05-13,Bageshwar,2.0549659430790648
2020-05-13,Chamoli,2.210817617962616
2020-05-13,Champawat,0.7164031048319358
2020-05-13,Dehra Dun,0.6387510105954067
2020-05-13,Haridwar,1.794226050530063
2020-05-13,Naini Tal,0.6777491270427358
2020-05-13,Pauri Garhwal,0.9197501907676252
2020-05-13,Pithoragarh,2.050027351067484
2020-05-13,Rudra Prayag,1.7183488374354
2020-05-13,Tehri Garhwal,0.8257681826338865
2020-05-13,Udham Singh Nagar,0.8869538722114383
2020-05-13,Uttarkashi,2.4957903894914955
2020-05-14,Almora,0.0693505950741279
2020-05-14,Bageshwar,1.4050909571996757
2020-05-14,Chamoli,0.7273962060540653
2020-05-14,Champawat,0.0195381519740941
2020-05-14,Dehra Dun,1.3957072470374463
2020-05-14,Haridwar,3.180314250595423
2020-05-14,Naini Tal,0.93700143224416
2020-05-14,Pauri Garhwal,0.1420780939492524
2020-05-14,Pithoragarh,0.7638034703333453
2020-05-14,Rudra Prayag,1.177317757817027
2020-05-14,Tehri Garhwal,0.5919681530360777
2020-05-14,Udham Singh Nagar,0.941731421175756
2020-05-14,Uttarkashi,3.53737154906471
2020-05-15,Almora,0.0
2020-05-15,Bageshwar,0.0134136027303825
2020-05-15,Chamoli,0.0730738430550808
2020-05-15,Champawat,0.0
2020-05-15,Dehra Dun,0.2206030214491203
2020-05-15,Haridwar,4.5782707199955473e-05
2020-05-15,Naini Tal,0.0
2020-05-15,Pauri Garhwal,0.0
2020-05-15,Pithoragarh,0.2985545589757538
2020-05-15,Rudra Prayag,0.0379309145804488
2020-05-15,Tehri Garhwal,0.0032748759444945
2020-05-15,Udham Singh Nagar,0.0
2020-05-15,Uttarkashi,0.1398486139411339
2020-05-16,Almora,0.0
2020-05-16,Bageshwar,0.3181433742174276
2020-05-16,Chamoli,0.100213955511801
2020-05-16,Champawat,0.0
2020-05-16,Dehra Dun,0.0
2020-05-16,Haridwar,0.0
2020-05-16,Naini Tal,6.235061691665332e-06
2020-05-16,Pauri Garhwal,0.0
2020-05-16,Pithoragarh,0.2567718833529863
2020-05-16,Rudra Prayag,0.0877772006166001
2020-05-16,Tehri Garhwal,0.0225776781050543
2020-05-16,Udham Singh Nagar,0.0033830918546214
2020-05-16,Uttarkashi,0.4566188076673201
2020-05-17,Almora,0.0736605191523504
2020-05-17,Bageshwar,0.1594623131148503
2020-05-17,Chamoli,0.5077163479886211
2020-05-17,Champawat,0.0
2020-05-17,Dehra Dun,0.0
2020-05-17,Haridwar,0.0
2020-05-17,Naini Tal,0.0548035947032637
2020-05-17,Pauri Garhwal,0.0003326651564486989
2020-05-17,Pithoragarh,0.5684872193204867
2020-05-17,Rudra Prayag,0.1467961975590475
2020-05-17,Tehri Garhwal,0.1608949629135438
2020-05-17,Udham Singh Nagar,0.0159156073016664
2020-05-17,Uttarkashi,0.2078715559733344
2020-05-18,Almora,0.0
2020-05-18,Bageshwar,0.168679223130868
2020-05-18,Chamoli,0.3157520469741919
2020-05-18,Champawat,0.0
2020-05-18,Dehra Dun,0.07579994448071
2020-05-18,Haridwar,0.0
2020-05-18,Naini Tal,0.0
2020-05-18,Pauri Garhwal,0.0016652532200448
2020-05-18,Pithoragarh,0.3464830285921441
2020-05-18,Rudra Prayag,0.1895354005638413
2020-05-18,Tehri Garhwal,0.3230923462850498
2020-05-18,Udham Singh Nagar,0.0
2020-05-18,Uttarkashi,1.0082749065394356
2020-05-19,Almora,0.0
2020-05-19,Bageshwar,0.1514843712918638
2020-05-19,Chamoli,0.2023988865331716
2020-05-19,Champawat,0.0
2020-05-19,Dehra Dun,0.2023235172935441
2020-05-19,Haridwar,0.0019492867623632
2020-05-19,Naini Tal,0.0
2020-05-19,Pauri Garhwal,0.0
2020-05-19,Pithoragarh,0.187256903151165
2020-05-19,Rudra Prayag,0.2638445503350238
2020-05-19,Tehri Garhwal,0.2332281671325792
2020-05-19,Udham Singh Nagar,0.0
2020-05-19,Uttarkashi,0.4088014687994635
2020-05-20,Almora,0.070831072645276
2020-05-20,Bageshwar,0.3294999902934411
2020-05-20,Chamoli,0.5527064737567874
2020-05-20,Champawat,0.0
2020-05-20,Dehra Dun,0.0
2020-05-20,Haridwar,0.0
2020-05-20,Naini Tal,7.430115308383022e-05
2020-05-20,Pauri Garhwal,0.0035244005761461
2020-05-20,Pithoragarh,0.2181485316230113
2020-05-20,Rudra Prayag,0.3931761541961979
2020-05-20,Tehri Garhwal,0.0695653815042395
2020-05-20,Udham Singh Nagar,0.0
2020-05-20,Uttarkashi,0.3067181628478352
2020-05-21,Almora,0.0035554499980547
2020-05-21,Bageshwar,0.1492251789775978
2020-05-21,Chamoli,0.3713013492784015
2020-05-21,Champawat,0.0
2020-05-21,Dehra Dun,0.0
2020-05-21,Haridwar,0.0
2020-05-21,Naini Tal,0.0044549515084319
2020-05-21,Pauri Garhwal,0.00015611748614819263
2020-05-21,Pithoragarh,0.4333767528707913
2020-05-21,Rudra Prayag,0.0229360957888947
2020-05-21,Tehri Garhwal,0.0393409256213012
2020-05-21,Udham Singh Nagar,0.0
2020-05-21,Uttarkashi,0.0591932536844655
2020-05-22,Almora,0.0
2020-05-22,Bageshwar,0.3285827127083287
2020-05-22,Chamoli,0.1855602348242211
2020-05-22,Champawat,0.0051204816940386
2020-05-22,Dehra Dun,0.0
2020-05-22,Haridwar,0.0
2020-05-22,Naini Tal,0.0
2020-05-22,Pauri Garhwal,0.0
2020-05-22,Pithoragarh,0.8634026851068534
2020-05-22,Rudra Prayag,0.2154714961772678
2020-05-22,Tehri Garhwal,0.0532186412383148
2020-05-22,Udham Singh Nagar,0.0
2020-05-22,Uttarkashi,0.0690111562834198
2020-05-23,Almora,0.0
2020-05-23,Bageshwar,1.2057848955939443
2020-05-23,Chamoli,2.2800906517561983
2020-05-23,Champawat,0.0
2020-05-23,Dehra Dun,0.1879592491087901
2020-05-23,Haridwar,0.0
2020-05-23,Naini Tal,0.0
2020-05-23,Pauri Garhwal,0.0145752059299937
2020-05-23,Pithoragarh,2.056559349544119
2020-05-23,Rudra Prayag,1.1398825290476156
2020-05-23,Tehri Garhwal,0.2829979919439507
2020-05-23,Udham Singh Nagar,0.0
2020-05-23,Uttarkashi,1.2847636494265855
2020-05-24,Almora,0.0
2020-05-24,Bageshwar,0.1640689286425614
2020-05-24,Chamoli,1.4837276950640947
2020-05-24,Champawat,0.0030873492135699
2020-05-24,Dehra Dun,0.0060813572145054
2020-05-24,Haridwar,0.0
2020-05-24,Naini Tal,0.0
2020-05-24,Pauri Garhwal,0.0018676277685161
2020-05-24,Pithoragarh,0.7397668001234814
2020-05-24,Rudra Prayag,2.0137788781375083
2020-05-24,Tehri Garhwal,0.4149737804365606
2020-05-24,Udham Singh Nagar,0.0
2020-05-24,Uttarkashi,1.2144709132727458
2020-05-25,Almora,0.0
2020-05-25,Bageshwar,0.6804733277569005
2020-05-25,Chamoli,1.519882850429152
2020-05-25,Champawat,0.0
2020-05-25,Dehra Dun,0.1492968053620691
2020-05-25,Haridwar,0.0
2020-05-25,Naini Tal,0.0
2020-05-25,Pauri Garhwal,0.041585844715625
2020-05-25,Pithoragarh,0.8262099017305182
2020-05-25,Rudra Prayag,3.8646924834141902
2020-05-25,Tehri Garhwal,1.3008734915135491
2020-05-25,Udham Singh Nagar,0.0
2020-05-25,Uttarkashi,3.5905653344233635
2020-05-26,Almora,0.900206054489501
2020-05-26,Bageshwar,1.497915402725887
2020-05-26,Chamoli,1.351363753914243
2020-05-26,Champawat,0.0074359938045533
2020-05-26,Dehra Dun,4.569824098531841
2020-05-26,Haridwar,0.00033104419052275497
2020-05-26,Naini Tal,0.1670710765111622
2020-05-26,Pauri Garhwal,1.4704305395607034
2020-05-26,Pithoragarh,3.3856437953612595
2020-05-26,Rudra Prayag,1.9741294850661244
2020-05-26,Tehri Garhwal,6.114957932481529
2020-05-26,Udham Singh Nagar,0.0
2020-05-26,Uttarkashi,4.796729028936003
2020-05-27,Almora,1.684987763398849
2020-05-27,Bageshwar,6.20814046701365
2020-05-27,Chamoli,3.4735486314778803
2020-05-27,Champawat,2.043143795859293
2020-05-27,Dehra Dun,6.063442195447237
2020-05-27,Haridwar,3.202989884577252
2020-05-27,Naini Tal,1.319032497131086
2020-05-27,Pauri Garhwal,2.0285875665582678
2020-05-27,Pithoragarh,2.711559053823093
2020-05-27,Rudra Prayag,2.382863496393224
2020-05-27,Tehri Garhwal,5.038046974308587
2020-05-27,Udham Singh Nagar,1.432737178102845
2020-05-27,Uttarkashi,7.125584366208325
2020-05-28,Almora,12.479566510477351
2020-05-28,Bageshwar,8.281940058906399
2020-05-28,Chamoli,3.520333658108968
2020-05-28,Champawat,4.09086711793445
2020-05-28,Dehra Dun,1.556460174102398
2020-05-28,Haridwar,5.857354148200527
2020-05-28,Naini Tal,1.375671271627681
2020-05-28,Pauri Garhwal,2.0605184117298494
2020-05-28,Pithoragarh,3.560286731771161
2020-05-28,Rudra Prayag,2.714879035231671
2020-05-28,Tehri Garhwal,2.32957962148596
2020-05-28,Udham Singh Nagar,1.8145262667870172
2020-05-28,Uttarkashi,7.119946872750336
2020-05-29,Almora,4.327021316360782
2020-05-29,Bageshwar,2.313218692480758
2020-05-29,Chamoli,2.4884950320493098
2020-05-29,Champawat,2.4229329139411253
2020-05-29,Dehra Dun,0.829454185346202
2020-05-29,Haridwar,5.047626226017887
2020-05-29,Naini Tal,1.7839280481304218
2020-05-29,Pauri Garhwal,1.631926952483436
2020-05-29,Pithoragarh,2.641657276620892
2020-05-29,Rudra Prayag,2.7519653950774448
2020-05-29,Tehri Garhwal,0.7626648668368076
2020-05-29,Udham Singh Nagar,1.2296171722499507
2020-05-29,Uttarkashi,2.0547996651151705
2020-05-30,Almora,4.5163163203055925
2020-05-30,Bageshwar,2.1019236612472656
2020-05-30,Chamoli,1.4433549939245909
2020-05-30,Champawat,3.887684395752312
2020-05-30,Dehra Dun,2.7171149541246686
2020-05-30,Haridwar,1.2747014980259077
2020-05-30,Naini Tal,3.504435131781286
2020-05-30,Pauri Garhwal,2.2496788466310327
2020-05-30,Pithoragarh,1.857306121265592
2020-05-30,Rudra Prayag,1.920714974496674
2020-05-30,Tehri Garhwal,1.814826015169969
2020-05-30,Udham Singh Nagar,3.88030289478122
2020-05-30,Uttarkashi,2.2979009719232746
2020-05-31,Almora,8.321549430342694
2020-05-31,Bageshwar,8.277904229639065
2020-05-31,Chamoli,6.095903433754945
2020-05-31,Champawat,11.70962070684551
2020-05-31,Dehra Dun,23.98069171633969
2020-05-31,Haridwar,19.50064051270172
2020-05-31,Naini Tal,11.359035395753212
2020-05-31,Pauri Garhwal,14.132064691527546
2020-05-31,Pithoragarh,7.29194574127685
2020-05-31,Rudra Prayag,6.382184647200613
2020-05-31,Tehri Garhwal,17.19029600913411
2020-05-31,Udham Singh Nagar,9.91988300955217
2020-05-31,Uttarkashi,6.985322649803577
2020-06-01,Almora,11.485021645731017
2020-06-01,Bageshwar,4.499156969404432
2020-06-01,Chamoli,2.095714440989576
2020-06-01,Champawat,7.041910867216803
2020-06-01,Dehra Dun,1.5612349064219069
2020-06-01,Haridwar,0.6758207283877354
2020-06-01,Naini Tal,5.706752642965641
2020-06-01,Pauri Garhwal,5.162070369194564
2020-06-01,Pithoragarh,2.512203892415872
2020-06-01,Rudra Prayag,2.186037775019058
2020-06-01,Tehri Garhwal,2.9044448509221183
2020-06-01,Udham Singh Nagar,4.773981192399741
2020-06-01,Uttarkashi,2.219013274522889
2020-06-02,Almora,0.080669737564917
2020-06-02,Bageshwar,1.7929880081556109
2020-06-02,Chamoli,1.4966924178317451
2020-06-02,Champawat,0.1610454281298331
2020-06-02,Dehra Dun,3.0711739367197985
2020-06-02,Haridwar,1.389388064325622
2020-06-02,Naini Tal,0.3423267082936126
2020-06-02,Pauri Garhwal,0.1874153830311923
2020-06-02,Pithoragarh,2.028340571150605
2020-06-02,Rudra Prayag,0.5845630227489998
2020-06-02,Tehri Garhwal,0.647880274241629
2020-06-02,Udham Singh Nagar,0.0
2020-06-02,Uttarkashi,1.120791361700667
2020-06-03,Almora,2.796521101540879
2020-06-03,Bageshwar,1.2400928110284868
2020-06-03,Chamoli,2.309519471783517
2020-06-03,Champawat,1.6194527762468407
2020-06-03,Dehra Dun,2.9109722666927733
2020-06-03,Haridwar,0.2790024600520292
2020-06-03,Naini Tal,1.0234656338744963
2020-06-03,Pauri Garhwal,0.959273357531362
2020-06-03,Pithoragarh,1.091438702306447
2020-06-03,Rudra Prayag,2.499227922869161
2020-06-03,Tehri Garhwal,1.2388166905572695
2020-06-03,Udham Singh Nagar,0.4999948192837651
2020-06-03,Uttarkashi,1.217548393086346
2020-06-04,Almora,16.141838029171936
2020-06-04,Bageshwar,14.496655022694132
2020-06-04,Chamoli,7.307987511436115
2020-06-04,Champawat,15.340446471655088
2020-06-04,Dehra Dun,17.227269303981004
2020-06-04,Haridwar,27.276827111139838
2020-06-04,Naini Tal,14.125351946289369
2020-06-04,Pauri Garhwal,16.87283594848509
2020-06-04,Pithoragarh,12.28752827292629
2020-06-04,Rudra Prayag,6.319666535214927
2020-06-04,Tehri Garhwal,16.031736156143733
2020-06-04,Udham Singh Nagar,7.489579359664379
2020-06-04,Uttarkashi,7.438809142269543
2020-06-05,Almora,3.033636040852501
2020-06-05,Bageshwar,1.3556010735383848
2020-06-05,Chamoli,5.442776787179845
2020-06-05,Champawat,6.153097254888951
2020-06-05,Dehra Dun,5.778536262840889
2020-06-05,Haridwar,3.05547185456664
2020-06-05,Naini Tal,1.0135861780772406
2020-06-05,Pauri Garhwal,5.253458362608336
2020-06-05,Pithoragarh,4.923159793440111
2020-06-05,Rudra Prayag,12.027355518710634
2020-06-05,Tehri Garhwal,6.705907674727156
2020-06-05,Udham Singh Nagar,1.652274570912767
2020-06-05,Uttarkashi,4.241288692814896
2020-06-06,Almora,4.757637504589618
2020-06-06,Bageshwar,8.897375725164519
2020-06-06,Chamoli,4.433757494208868
2020-06-06,Champawat,1.1916553356072743
2020-06-06,Dehra Dun,1.0533544283457208
2020-06-06,Haridwar,0.0192798023633783
2020-06-06,Naini Tal,1.1211503457011287
2020-06-06,Pauri Garhwal,0.7073887753892794
2020-06-06,Pithoragarh,4.452374556610029
2020-06-06,Rudra Prayag,4.883685566741645
2020-06-06,Tehri Garhwal,1.1361270252055284
2020-06-06,Udham Singh Nagar,0.0048847175835065
2020-06-06,Uttarkashi,2.036520666088274
2020-06-07,Almora,0.1166553673351591
2020-06-07,Bageshwar,2.310928256610607
2020-06-07,Chamoli,2.0430143112643706
2020-06-07,Champawat,0.111314003071542
2020-06-07,Dehra Dun,0.9917736262909032
2020-06-07,Haridwar,0.9277425356811796
2020-06-07,Naini Tal,0.008612178838217
2020-06-07,Pauri Garhwal,2.4020287042526625
2020-06-07,Pithoragarh,1.797087809949279
2020-06-07,Rudra Prayag,0.9017979069077288
2020-06-07,Tehri Garhwal,0.469396195777955
2020-06-07,Udham Singh Nagar,0.0
2020-06-07,Uttarkashi,1.6333454146488866
2020-06-08,Almora,0.0
2020-06-08,Bageshwar,1.2358510734643515
2020-06-08,Chamoli,2.0581847746905115
2020-06-08,Champawat,0.0
2020-06-08,Dehra Dun,1.5809293603095582
2020-06-08,Haridwar,0.0058144038570328
2020-06-08,Naini Tal,0.0343162210076152
2020-06-08,Pauri Garhwal,0.0110323025873926
2020-06-08,Pithoragarh,2.7515640006968214
2020-06-08,Rudra Prayag,1.8453885584702916
2020-06-08,Tehri Garhwal,1.1235722168773026
2020-06-08,Udham Singh Nagar,0.0
2020-06-08,Uttarkashi,3.768253531694385
2020-06-09,Almora,0.3217563637463606
2020-06-09,Bageshwar,5.6466276129146165
2020-06-09,Chamoli,3.2895271755278808
2020-06-09,Champawat,0.0458559223177681
2020-06-09,Dehra Dun,0.00027596075712221134
2020-06-09,Haridwar,0.0
2020-06-09,Naini Tal,0.0011171152447261
2020-06-09,Pauri Garhwal,0.3334908572888422
2020-06-09,Pithoragarh,3.663939524230219
2020-06-09,Rudra Prayag,2.023725338497026
2020-06-09,Tehri Garhwal,1.8145386548386195
2020-06-09,Udham Singh Nagar,0.0
2020-06-09,Uttarkashi,3.110385128498961
2020-06-10,Almora,2.0116682004258277
2020-06-10,Bageshwar,12.696246033384435
2020-06-10,Chamoli,6.300045194331507
2020-06-10,Champawat,1.431959059605577
2020-06-10,Dehra Dun,5.131246806493215
2020-06-10,Haridwar,0.0249999991763559
2020-06-10,Naini Tal,0.8209669353088317
2020-06-10,Pauri Garhwal,0.9616544417555584
2020-06-10,Pithoragarh,2.250077775492222
2020-06-10,Rudra Prayag,6.5428495716528765
2020-06-10,Tehri Garhwal,5.500148065286036
2020-06-10,Udham Singh Nagar,0.7789801760630898
2020-06-10,Uttarkashi,8.755421663550822
2020-06-11,Almora,0.2173813657101279
2020-06-11,Bageshwar,8.35921486379572
2020-06-11,Chamoli,2.56555964094458
2020-06-11,Champawat,0.4849359849206054
2020-06-11,Dehra Dun,0.7679190354441535
2020-06-11,Haridwar,0.4561938646919061
2020-06-11,Naini Tal,0.3030608878589514
2020-06-11,Pauri Garhwal,1.6923933785267142
2020-06-11,Pithoragarh,5.176362829329733
2020-06-11,Rudra Prayag,1.721364383414928
2020-06-11,Tehri Garhwal,0.7100295277088357
2020-06-11,Udham Singh Nagar,0.8490053011728558
2020-06-11,Uttarkashi,1.3378690184194832
2020-06-12,Almora,5.086411895982188
2020-06-12,Bageshwar,4.94184270696064
2020-06-12,Chamoli,3.729930025474908
2020-06-12,Champawat,3.467289076197938
2020-06-12,Dehra Dun,0.8577445948490873
2020-06-12,Haridwar,1.9199092794307464
2020-06-12,Naini Tal,2.4701615412546603
2020-06-12,Pauri Garhwal,6.084722325872612
2020-06-12,Pithoragarh,6.631201016754445
2020-06-12,Rudra Prayag,1.5546355480244558
2020-06-12,Tehri Garhwal,0.6426477178203719
2020-06-12,Udham Singh Nagar,1.9834229465040785
2020-06-12,Uttarkashi,0.4787663611390351
2020-06-13,Almora,14.50276472975857
2020-06-13,Bageshwar,2.541993507897645
2020-06-13,Chamoli,4.757207232222129
2020-06-13,Champawat,12.408831284885446
2020-06-13,Dehra Dun,3.444122287729067
2020-06-13,Haridwar,3.934807088681328
2020-06-13,Naini Tal,14.22636255406408
2020-06-13,Pauri Garhwal,5.467524360639542
2020-06-13,Pithoragarh,3.088903388672247
2020-06-13,Rudra Prayag,7.536592230729321
2020-06-13,Tehri Garhwal,7.319343606597793
2020-06-13,Udham Singh Nagar,8.403453870147892
2020-06-13,Uttarkashi,7.226352519552918
2020-06-14,Almora,2.085387697788319
2020-06-14,Bageshwar,7.674465806821449
2020-06-14,Chamoli,1.5550759979071027
2020-06-14,Champawat,3.749147760819729
2020-06-14,Dehra Dun,0.9988743400401224
2020-06-14,Haridwar,0.00010565239729480775
2020-06-14,Naini Tal,6.231297786192042
2020-06-14,Pauri Garhwal,3.204807195104942
2020-06-14,Pithoragarh,3.463260678216985
2020-06-14,Rudra Prayag,1.3257409034512408
2020-06-14,Tehri Garhwal,0.9669190662385048
2020-06-14,Udham Singh Nagar,5.501305667208874
2020-06-14,Uttarkashi,0.8110201650623194
2020-06-15,Almora,1.0218485327953433
2020-06-15,Bageshwar,3.642928231804056
2020-06-15,Chamoli,1.993534534645354
2020-06-15,Champawat,2.14364579775049
2020-06-15,Dehra Dun,1.3694930173731834
2020-06-15,Haridwar,2.387143809406399
2020-06-15,Naini Tal,1.5532645388341535
2020-06-15,Pauri Garhwal,5.225529882940992
2020-06-15,Pithoragarh,1.2296367919403035
2020-06-15,Rudra Prayag,1.3315940962148918
2020-06-15,Tehri Garhwal,3.325882482458704
2020-06-15,Udham Singh Nagar,1.3225716471653064
2020-06-15,Uttarkashi,0.9481943613328664
2020-06-16,Almora,0.0033005693247602
2020-06-16,Bageshwar,1.5949567604260448
2020-06-16,Chamoli,4.560609231226838
2020-06-16,Champawat,0.0012801204617303
2020-06-16,Dehra Dun,4.142064486281491
2020-06-16,Haridwar,8.525875881158813
2020-06-16,Naini Tal,0.1694985924988937
2020-06-16,Pauri Garhwal,1.5320533922187811
2020-06-16,Pithoragarh,2.2670647687152408
2020-06-16,Rudra Prayag,2.597866939115684
2020-06-16,Tehri Garhwal,2.4664834684738834
2020-06-16,Udham Singh Nagar,1.29642843206072
2020-06-16,Uttarkashi,2.2843000718065447
2020-06-17,Almora,2.6737417904834344
2020-06-17,Bageshwar,6.880641399667708
2020-06-17,Chamoli,3.3381028497474747
2020-06-17,Champawat,0.5613328153716333
2020-06-17,Dehra Dun,0.1473453236862095
2020-06-17,Haridwar,0.6421729032783982
2020-06-17,Naini Tal,1.0979756577319608
2020-06-17,Pauri Garhwal,0.3679369287161114
2020-06-17,Pithoragarh,2.427972433570534
2020-06-17,Rudra Prayag,1.1579913345321573
2020-06-17,Tehri Garhwal,0.5157334041349261
2020-06-17,Udham Singh Nagar,1.277673634466752
2020-06-17,Uttarkashi,0.4837030534963688
2020-06-18,Almora,0.0347281709639658
2020-06-18,Bageshwar,2.12642458671026
2020-06-18,Chamoli,1.18623916598381
2020-06-18,Champawat,0.1329907120680473
2020-06-18,Dehra Dun,0.4415555926462197
2020-06-18,Haridwar,0.0
2020-06-18,Naini Tal,0.0110947726348402
2020-06-18,Pauri Garhwal,0.0778972303707196
2020-06-18,Pithoragarh,2.176183630083794
2020-06-18,Rudra Prayag,0.9799360734605213
2020-06-18,Tehri Garhwal,0.4813686505666097
2020-06-18,Udham Singh Nagar,0.1752143017749461
2020-06-18,Uttarkashi,1.532696321650537
2020-06-19,Almora,0.9517834500991486
2020-06-19,Bageshwar,2.5715238360458685
2020-06-19,Chamoli,1.4358979511210284
2020-06-19,Champawat,1.5122916392372343
2020-06-19,Dehra Dun,1.1136174671276775
2020-06-19,Haridwar,0.0045307271246822
2020-06-19,Naini Tal,0.5576036417463687
2020-06-19,Pauri Garhwal,1.9579280270893236
2020-06-19,Pithoragarh,1.813776623125676
2020-06-19,Rudra Prayag,3.5554627824478184
2020-06-19,Tehri Garhwal,0.4715697556692188
2020-06-19,Udham Singh Nagar,0.2810892610666993
2020-06-19,Uttarkashi,2.581972599422257
2020-06-20,Almora,6.299196583002077
2020-06-20,Bageshwar,6.297345425895079
2020-06-20,Chamoli,3.445823196922002
2020-06-20,Champawat,0.264622231447007
2020-06-20,Dehra Dun,2.7493444615236364
2020-06-20,Haridwar,5.922961660866125
2020-06-20,Naini Tal,2.9126368476651625
2020-06-20,Pauri Garhwal,8.931013590621829
2020-06-20,Pithoragarh,1.5721172503852303
2020-06-20,Rudra Prayag,2.3962676450999414
2020-06-20,Tehri Garhwal,6.043152256897894
2020-06-20,Udham Singh Nagar,3.3683970474947467
2020-06-20,Uttarkashi,1.4974841391708007
2020-06-21,Almora,1.582857880314838
2020-06-21,Bageshwar,1.520716880066046
2020-06-21,Chamoli,2.09955121984636
2020-06-21,Champawat,0.3765248427612624
2020-06-21,Dehra Dun,0.3340937496529997
2020-06-21,Haridwar,0.0
2020-06-21,Naini Tal,0.7408495080974454
2020-06-21,Pauri Garhwal,0.5131165536463596
2020-06-21,Pithoragarh,2.676403688029509
2020-06-21,Rudra Prayag,0.9252745881149084
2020-06-21,Tehri Garhwal,0.0879918003347931
2020-06-21,Udham Singh Nagar,1.1684185411266823
2020-06-21,Uttarkashi,0.7396558444850796
2020-06-22,Almora,0.8308086864859341
2020-06-22,Bageshwar,3.1762333677879613
2020-06-22,Chamoli,4.182875799123394
2020-06-22,Champawat,1.923497705598573
2020-06-22,Dehra Dun,0.9548119069541594
2020-06-22,Haridwar,0.1185525576924329
2020-06-22,Naini Tal,0.6079263053352468
2020-06-22,Pauri Garhwal,0.1347825882628832
2020-06-22,Pithoragarh,3.5336987613924014
2020-06-22,Rudra Prayag,5.957233025110125
2020-06-22,Tehri Garhwal,4.42902343161493
2020-06-22,Udham Singh Nagar,3.7341116389900857
2020-06-22,Uttarkashi,2.102425515425425
2020-06-23,Almora,13.54382289326035
2020-06-23,Bageshwar,7.019694695905575
2020-06-23,Chamoli,13.780145085570233
2020-06-23,Champawat,18.15938336815592
2020-06-23,Dehra Dun,1.5605437053791655
2020-06-23,Haridwar,0.2250290500570163
2020-06-23,Naini Tal,24.80304631598548
2020-06-23,Pauri Garhwal,12.051499981861513
2020-06-23,Pithoragarh,8.537295202493466
2020-06-23,Rudra Prayag,28.295355160776296
2020-06-23,Tehri Garhwal,16.0512477529937
2020-06-23,Udham Singh Nagar,26.574443724588654
2020-06-23,Uttarkashi,9.4972166309897
2020-06-24,Almora,30.536942154992943
2020-06-24,Bageshwar,18.31992974840619
2020-06-24,Chamoli,3.4815275054262016
2020-06-24,Champawat,11.029698515854154
2020-06-24,Dehra Dun,1.7548241529770607
2020-06-24,Haridwar,7.940559790279472
2020-06-24,Naini Tal,20.714865488168517
2020-06-24,Pauri Garhwal,1.7215719313165665
2020-06-24,Pithoragarh,10.36927166108044
2020-06-24,Rudra Prayag,5.476226139658923
2020-06-24,Tehri Garhwal,1.630115762511123
2020-06-24,Udham Singh Nagar,9.646275263190482
2020-06-24,Uttarkashi,4.049457062648487
2020-06-25,Almora,3.757675491586032
2020-06-25,Bageshwar,15.619656825476838
2020-06-25,Chamoli,4.190685256187088
2020-06-25,Champawat,5.386082966915979
2020-06-25,Dehra Dun,0.238726489271402
2020-06-25,Haridwar,0.0318295461825762
2020-06-25,Naini Tal,5.888308614692559
2020-06-25,Pauri Garhwal,0.4611668251437597
2020-06-25,Pithoragarh,7.309272865141688
2020-06-25,Rudra Prayag,2.8979239465852165
2020-06-25,Tehri Garhwal,1.5148093459206862
2020-06-25,Udham Singh Nagar,9.385191185549374
2020-06-25,Uttarkashi,2.60485231991999
2020-06-26,Almora,0.1042272218103053
2020-06-26,Bageshwar,1.9008115295168375
2020-06-26,Chamoli,2.219944991324212
2020-06-26,Champawat,0.0522063237065112
2020-06-26,Dehra Dun,0.1765092646687386
2020-06-26,Haridwar,0.0039531607672816
2020-06-26,Naini Tal,0.1252530357874655
2020-06-26,Pauri Garhwal,0.0362292803417844
2020-06-26,Pithoragarh,3.602714444785626
2020-06-26,Rudra Prayag,4.684512865546261
2020-06-26,Tehri Garhwal,0.5483325287675557
2020-06-26,Udham Singh Nagar,1.7363574809119209
2020-06-26,Uttarkashi,1.7370606900586212
2020-06-27,Almora,0.0852880937632157
2020-06-27,Bageshwar,3.083684668622856
2020-06-27,Chamoli,2.315156822451953
2020-06-27,Champawat,0.343389802713351
2020-06-27,Dehra Dun,0.6338395826969349
2020-06-27,Haridwar,0.2567450171407049
2020-06-27,Naini Tal,0.3276602887147544
2020-06-27,Pauri Garhwal,0.1619420208016221
2020-06-27,Pithoragarh,1.496385938594304
2020-06-27,Rudra Prayag,4.219961888155223
2020-06-27,Tehri Garhwal,1.0830623034389246
2020-06-27,Udham Singh Nagar,0.7986239883729356
2020-06-27,Uttarkashi,1.5050701691629478
2020-06-28,Almora,3.619806050893031
2020-06-28,Bageshwar,2.1743731014534955
2020-06-28,Chamoli,1.860832045242058
2020-06-28,Champawat,25.146604601517517
2020-06-28,Dehra Dun,7.637806435338631
2020-06-28,Haridwar,0.2154534178789096
2020-06-28,Naini Tal,12.543953229795829
2020-06-28,Pauri Garhwal,1.722664752732349
2020-06-28,Pithoragarh,12.505300236894486
2020-06-28,Rudra Prayag,4.768652740487304
2020-06-28,Tehri Garhwal,8.040056035435308
2020-06-28,Udham Singh Nagar,12.390655902160669
2020-06-28,Uttarkashi,1.2207828958970717
2020-06-29,Almora,2.3639248183030936
2020-06-29,Bageshwar,9.97066152076004
2020-06-29,Chamoli,12.15363435852671
2020-06-29,Champawat,0.5278087228526788
2020-06-29,Dehra Dun,20.728590548705814
2020-06-29,Haridwar,2.334226925854741
2020-06-29,Naini Tal,0.5005699758183019
2020-06-29,Pauri Garhwal,1.7696021476548838
2020-06-29,Pithoragarh,10.265792875498732
2020-06-29,Rudra Prayag,9.621671662803594
2020-06-29,Tehri Garhwal,9.935369578460437
2020-06-29,Udham Singh Nagar,0.7230608758015299
2020-06-29,Uttarkashi,5.810433936307678
2020-06-30,Almora,0.0560513813560727
2020-06-30,Bageshwar,1.7567600659805225
2020-06-30,Chamoli,1.0207264213535563
2020-06-30,Champawat,3.237115892312577
2020-06-30,Dehra Dun,4.811825991021079
2020-06-30,Haridwar,1.8236273715640217
2020-06-30,Naini Tal,0.12168294425367
2020-06-30,Pauri Garhwal,0.0401838706618472
2020-06-30,Pithoragarh,0.4618989622642895
2020-06-30,Rudra Prayag,3.774718409844245
2020-06-30,Tehri Garhwal,1.6779517352760684
2020-06-30,Udham Singh Nagar,0.3003443610129596
2020-06-30,Uttarkashi,0.662763099604117
2020-07-01,Almora,4.651656618055562
2020-07-01,Bageshwar,10.078101546144088
2020-07-01,Chamoli,4.369906150712461
2020-07-01,Champawat,0.318363711469803
2020-07-01,Dehra Dun,26.482020096185785
2020-07-01,Haridwar,20.593155303809095
2020-07-01,Naini Tal,1.1660652547861032
2020-07-01,Pauri Garhwal,15.465558156290411
2020-07-01,Pithoragarh,6.099888902174865
2020-07-01,Rudra Prayag,7.381733680210868
2020-07-01,Tehri Garhwal,25.44497509753473
2020-07-01,Udham Singh Nagar,1.3444883866662871
2020-07-01,Uttarkashi,2.995956371327067
2020-07-02,Almora,16.345638889506247
2020-07-02,Bageshwar,22.787288999094915
2020-07-02,Chamoli,9.822157498736503
2020-07-02,Champawat,1.2241340084120644
2020-07-02,Dehra Dun,0.0263954749435966
2020-07-02,Haridwar,3.4985797864408403
2020-07-02,Naini Tal,10.41395384284356
2020-07-02,Pauri Garhwal,24.69601519814724
2020-07-02,Pithoragarh,10.48451416228252
2020-07-02,Rudra Prayag,5.835913510737692
2020-07-02,Tehri Garhwal,5.932737677280689
2020-07-02,Udham Singh Nagar,20.66235627979577
2020-07-02,Uttarkashi,5.5733923311493845
2020-07-03,Almora,16.745466668291847
2020-07-03,Bageshwar,30.366890946817957
2020-07-03,Chamoli,16.560890417152027
2020-07-03,Champawat,5.110647482204438
2020-07-03,Dehra Dun,1.566224423815255
2020-07-03,Haridwar,5.644861643427767
2020-07-03,Naini Tal,13.694965941177813
2020-07-03,Pauri Garhwal,32.2273360087423
2020-07-03,Pithoragarh,21.978474463443447
2020-07-03,Rudra Prayag,9.82655763598754
2020-07-03,Tehri Garhwal,17.502727441718978
2020-07-03,Udham Singh Nagar,21.512720510125035
2020-07-03,Uttarkashi,11.116786862780389
2020-07-04,Almora,24.4205472323899
2020-07-04,Bageshwar,15.172428906635169
2020-07-04,Chamoli,19.16599229140699
2020-07-04,Champawat,25.900493927463845
2020-07-04,Dehra Dun,52.51617084072677
2020-07-04,Haridwar,56.63554191495682
2020-07-04,Naini Tal,58.396565864623525
2020-07-04,Pauri Garhwal,21.54426747504345
2020-07-04,Pithoragarh,12.119167232861251
2020-07-04,Rudra Prayag,51.17086423488402
2020-07-04,Tehri Garhwal,36.63197308034273
2020-07-04,Udham Singh Nagar,43.50404420331371
2020-07-04,Uttarkashi,21.01344621621894
2020-07-05,Almora,26.41494177836736
2020-07-05,Bageshwar,11.96926627712588
2020-07-05,Chamoli,15.452677856809904
2020-07-05,Champawat,5.490210737940018
2020-07-05,Dehra Dun,20.34657766059857
2020-07-05,Haridwar,22.33211072422036
2020-07-05,Naini Tal,13.6855873057895
2020-07-05,Pauri Garhwal,47.4383328409667
2020-07-05,Pithoragarh,8.977243576904444
2020-07-05,Rudra Prayag,27.810332743010598
2020-07-05,Tehri Garhwal,30.804794444840415
2020-07-05,Udham Singh Nagar,8.857238957254003
2020-07-05,Uttarkashi,18.955277606970352
2020-07-06,Almora,6.526586097767782
2020-07-06,Bageshwar,10.542940889129431
2020-07-06,Chamoli,22.5945075645806
2020-07-06,Champawat,6.764304564451101
2020-07-06,Dehra Dun,5.706748311023556
2020-07-06,Haridwar,0.009474379023126
2020-07-06,Naini Tal,7.078455601341148
2020-07-06,Pauri Garhwal,3.7334838421928
2020-07-06,Pithoragarh,5.980595634186412
2020-07-06,Rudra Prayag,11.169538658003876
2020-07-06,Tehri Garhwal,5.76801027050842
2020-07-06,Udham Singh Nagar,6.89526144308546
2020-07-06,Uttarkashi,11.796734558144474
2020-07-07,Almora,102.45666728304144
2020-07-07,Bageshwar,98.10678361224367
2020-07-07,Chamoli,27.059228664288582
2020-07-07,Champawat,89.77630341622438
2020-07-07,Dehra Dun,10.378791653219526
2020-07-07,Haridwar,19.79598742138449
2020-07-07,Naini Tal,72.21122673848387
2020-07-07,Pauri Garhwal,27.85648648384847
2020-07-07,Pithoragarh,66.43989097428447
2020-07-07,Rudra Prayag,6.144875498673522
2020-07-07,Tehri Garhwal,7.986131147584911
2020-07-07,Udham Singh Nagar,57.30001805275881
2020-07-07,Uttarkashi,6.614335081146161
2020-07-08,Almora,45.99686588440871
2020-07-08,Bageshwar,55.46113207176899
2020-07-08,Chamoli,21.71779617569221
2020-07-08,Champawat,59.15529879035352
2020-07-08,Dehra Dun,7.94420194124656
2020-07-08,Haridwar,0.4744197790036846
2020-07-08,Naini Tal,35.16899235251755
2020-07-08,Pauri Garhwal,13.80411498784552
2020-07-08,Pithoragarh,27.509634766861183
2020-07-08,Rudra Prayag,18.372215521863183
2020-07-08,Tehri Garhwal,12.534049040073544
2020-07-08,Udham Singh Nagar,17.18852458651553
2020-07-08,Uttarkashi,5.989587399184199
2020-07-09,Almora,3.795172099870404
2020-07-09,Bageshwar,12.693612762951457
2020-07-09,Chamoli,13.303690851179804
2020-07-09,Champawat,15.055894462568691
2020-07-09,Dehra Dun,1.471135160966344
2020-07-09,Haridwar,0.2159543887786351
2020-07-09,Naini Tal,5.860450345956065
2020-07-09,Pauri Garhwal,2.9127098055115277
2020-07-09,Pithoragarh,10.777075622213012
2020-07-09,Rudra Prayag,20.53941571699144
2020-07-09,Tehri Garhwal,12.164053764061192
2020-07-09,Udham Singh Nagar,18.51677389575916
2020-07-09,Uttarkashi,6.544439121548443
2020-07-10,Almora,4.112422645443276
2020-07-10,Bageshwar,3.84996129588176
2020-07-10,Chamoli,4.165955248679935
2020-07-10,Champawat,2.958404794203521
2020-07-10,Dehra Dun,20.18673843808744
2020-07-10,Haridwar,31.141957436487846
2020-07-10,Naini Tal,5.851687992964577
2020-07-10,Pauri Garhwal,18.24038659284237
2020-07-10,Pithoragarh,7.114357146875769
2020-07-10,Rudra Prayag,4.9209135147796
2020-07-10,Tehri Garhwal,8.49284241065451
2020-07-10,Udham Singh Nagar,10.37445587566301
2020-07-10,Uttarkashi,3.743020352588962
2020-07-11,Almora,3.4874768704568626
2020-07-11,Bageshwar,6.556289394802638
2020-07-11,Chamoli,2.6442814974421203
2020-07-11,Champawat,1.5134286748665664
2020-07-11,Dehra Dun,16.123485597556936
2020-07-11,Haridwar,14.711473519484024
2020-07-11,Naini Tal,8.13731403927911
2020-07-11,Pauri Garhwal,2.8870460251543686
2020-07-11,Pithoragarh,3.084975437779814
2020-07-11,Rudra Prayag,2.246286650551145
2020-07-11,Tehri Garhwal,3.3744876303351794
2020-07-11,Udham Singh Nagar,11.291193965249567
2020-07-11,Uttarkashi,10.316931988862152
2020-07-12,Almora,9.095401783670129
2020-07-12,Bageshwar,2.177943877403296
2020-07-12,Chamoli,10.785888951694853
2020-07-12,Champawat,1.7081575917926743
2020-07-12,Dehra Dun,14.690944761141642
2020-07-12,Haridwar,14.450227758957546
2020-07-12,Naini Tal,11.357007459883793
2020-07-12,Pauri Garhwal,27.62443352197193
2020-07-12,Pithoragarh,1.412233555827518
2020-07-12,Rudra Prayag,29.40931875123248
2020-07-12,Tehri Garhwal,26.37302553171519
2020-07-12,Udham Singh Nagar,12.69178883205965
2020-07-12,Uttarkashi,15.722008359665889
2020-07-13,Almora,0.5694183694065392
2020-07-13,Bageshwar,4.314063345092034
2020-07-13,Chamoli,1.4267524516322962
2020-07-13,Champawat,0.0201618974377591
2020-07-13,Dehra Dun,0.1114159140133766
2020-07-13,Haridwar,0.0
2020-07-13,Naini Tal,0.0933118546782265
2020-07-13,Pauri Garhwal,0.2419929005588757
2020-07-13,Pithoragarh,2.8290193955094978
2020-07-13,Rudra Prayag,4.4621466832290135
2020-07-13,Tehri Garhwal,0.7990868995498741
2020-07-13,Udham Singh Nagar,0.0960796605525833
2020-07-13,Uttarkashi,1.580726157541808
2020-07-14,Almora,8.231064741807678
2020-07-14,Bageshwar,7.447747988794136
2020-07-14,Chamoli,4.121622186262854
2020-07-14,Champawat,0.7282931588643442
2020-07-14,Dehra Dun,2.540746721666755
2020-07-14,Haridwar,1.3316428720753304
2020-07-14,Naini Tal,0.2559986425781256
2020-07-14,Pauri Garhwal,1.3014482027341905
2020-07-14,Pithoragarh,2.0381939562201112
2020-07-14,Rudra Prayag,2.87935917731278
2020-07-14,Tehri Garhwal,2.10967494050789
2020-07-14,Udham Singh Nagar,0.4245891118838671
2020-07-14,Uttarkashi,2.575250677306431
2020-07-15,Almora,1.114383791438748
2020-07-15,Bageshwar,4.729037572903498
2020-07-15,Chamoli,1.988878414006669
2020-07-15,Champawat,2.226774555668618
2020-07-15,Dehra Dun,10.147263328331574
2020-07-15,Haridwar,2.7177715513831933
2020-07-15,Naini Tal,1.6936656510422363
2020-07-15,Pauri Garhwal,1.0429989740950536
2020-07-15,Pithoragarh,1.91223383521745
2020-07-15,Rudra Prayag,23.17717054974873
2020-07-15,Tehri Garhwal,12.235079309975516
2020-07-15,Udham Singh Nagar,2.043956495854649
2020-07-15,Uttarkashi,11.309886580896356
2020-07-16,Almora,5.904452829684611
2020-07-16,Bageshwar,8.196920759960845
2020-07-16,Chamoli,10.126385936816366
2020-07-16,Champawat,4.59868587818872
2020-07-16,Dehra Dun,2.9338381737954187
2020-07-16,Haridwar,1.8878877788157635
2020-07-16,Naini Tal,3.2483341198853566
2020-07-16,Pauri Garhwal,2.2617091432086123
2020-07-16,Pithoragarh,16.333904588760895
2020-07-16,Rudra Prayag,27.73860561739692
2020-07-16,Tehri Garhwal,11.516201105844544
2020-07-16,Udham Singh Nagar,1.3757426485539304
2020-07-16,Uttarkashi,12.971034613305486
2020-07-17,Almora,3.153717391173089
2020-07-17,Bageshwar,18.31589471721433
2020-07-17,Chamoli,11.440354527164882
2020-07-17,Champawat,12.257925170627104
2020-07-17,Dehra Dun,0.9564663103958564
2020-07-17,Haridwar,3.0148766641240208
2020-07-17,Naini Tal,7.814056750165133
2020-07-17,Pauri Garhwal,10.094302830573811
2020-07-17,Pithoragarh,21.74412506974225
2020-07-17,Rudra Prayag,10.358557627528636
2020-07-17,Tehri Garhwal,6.492053287544758
2020-07-17,Udham Singh Nagar,3.0238781486893367
2020-07-17,Uttarkashi,10.984289170956412
2020-07-18,Almora,8.530694599461352
2020-07-18,Bageshwar,6.291714027490783
2020-07-18,Chamoli,5.712153316064551
2020-07-18,Champawat,8.64565367055248
2020-07-18,Dehra Dun,8.88336038036192
2020-07-18,Haridwar,21.57628401521388
2020-07-18,Naini Tal,11.1179406208294
2020-07-18,Pauri Garhwal,7.0864056942611215
2020-07-18,Pithoragarh,13.424878152807777
2020-07-18,Rudra Prayag,11.637020498430854
2020-07-18,Tehri Garhwal,9.578651625954723
2020-07-18,Udham Singh Nagar,21.478852580043924
2020-07-18,Uttarkashi,5.412118898718541
2020-07-19,Almora,2.4178409248392487
2020-07-19,Bageshwar,7.132858295023086
2020-07-19,Chamoli,10.39573472018586
2020-07-19,Champawat,1.951603861255889
2020-07-19,Dehra Dun,1.528737364877264
2020-07-19,Haridwar,4.735823111698001
2020-07-19,Naini Tal,2.0750467128311114
2020-07-19,Pauri Garhwal,1.6216397659804846
2020-07-19,Pithoragarh,10.51042267355416
2020-07-19,Rudra Prayag,11.807096461068342
2020-07-19,Tehri Garhwal,3.9637036971746817
2020-07-19,Udham Singh Nagar,0.7374726349534424
2020-07-19,Uttarkashi,1.2393380249972756
2020-07-20,Almora,6.326346777144534
2020-07-20,Bageshwar,7.223342686527929
2020-07-20,Chamoli,5.465543308065984
2020-07-20,Champawat,15.381757961909418
2020-07-20,Dehra Dun,11.326264367883446
2020-07-20,Haridwar,21.730754114937696
2020-07-20,Naini Tal,14.061740361925326
2020-07-20,Pauri Garhwal,13.058815977990708
2020-07-20,Pithoragarh,4.036008701685688
2020-07-20,Rudra Prayag,11.85461630389249
2020-07-20,Tehri Garhwal,19.37274399262181
2020-07-20,Udham Singh Nagar,15.235581215278737
2020-07-20,Uttarkashi,7.284907389359745
2020-07-21,Almora,14.03208341332301
2020-07-21,Bageshwar,6.940497044272386
2020-07-21,Chamoli,10.107626744996352
2020-07-21,Champawat,7.161657722725766
2020-07-21,Dehra Dun,24.94021953461155
2020-07-21,Haridwar,29.43889436441674
2020-07-21,Naini Tal,7.716156436917911
2020-07-21,Pauri Garhwal,27.98802652705951
2020-07-21,Pithoragarh,5.193606323466573
2020-07-21,Rudra Prayag,20.361032303318133
2020-07-21,Tehri Garhwal,23.392283590533296
2020-07-21,Udham Singh Nagar,6.120803155529002
2020-07-21,Uttarkashi,21.9636796923986
2020-07-22,Almora,1.7481486831600788
2020-07-22,Bageshwar,7.157528316886129
2020-07-22,Chamoli,9.032859424749631
2020-07-22,Champawat,1.6509537710651594
2020-07-22,Dehra Dun,2.3728270023942155
2020-07-22,Haridwar,4.840544007453713
2020-07-22,Naini Tal,1.1369432323001296
2020-07-22,Pauri Garhwal,6.438087876190886
2020-07-22,Pithoragarh,2.161868902301658
2020-07-22,Rudra Prayag,7.812210508931062
2020-07-22,Tehri Garhwal,5.354905028855715
2020-07-22,Udham Singh Nagar,1.221233346464403
2020-07-22,Uttarkashi,3.9814344247845
2020-07-23,Almora,6.902442216503467
2020-07-23,Bageshwar,0.7286985124094987
2020-07-23,Chamoli,3.7497688800899738
2020-07-23,Champawat,0.0839206809626824
2020-07-23,Dehra Dun,15.08301414229074
2020-07-23,Haridwar,2.499898694990737
2020-07-23,Naini Tal,3.120083580640019
2020-07-23,Pauri Garhwal,5.772125781010788
2020-07-23,Pithoragarh,1.0405529052605689
2020-07-23,Rudra Prayag,8.091685507779163
2020-07-23,Tehri Garhwal,8.66523284211127
2020-07-23,Udham Singh Nagar,0.5023108087931552
2020-07-23,Uttarkashi,6.320632959711058
2020-07-24,Almora,15.22858018946754
2020-07-24,Bageshwar,9.380544822020903
2020-07-24,Chamoli,6.9545633954226815
2020-07-24,Champawat,3.2574032987206127
2020-07-24,Dehra Dun,6.925717343170623
2020-07-24,Haridwar,1.362941512109872
2020-07-24,Naini Tal,7.2878409634477554
2020-07-24,Pauri Garhwal,6.280290514467598
2020-07-24,Pithoragarh,4.211082445532989
2020-07-24,Rudra Prayag,12.415376193778
2020-07-24,Tehri Garhwal,7.993558692387521
2020-07-24,Udham Singh Nagar,4.631929388299928
2020-07-24,Uttarkashi,7.1688382827887525
2020-07-25,Almora,7.169254855894601
2020-07-25,Bageshwar,15.258518965857329
2020-07-25,Chamoli,6.438713698321691
2020-07-25,Champawat,16.461181902315886
2020-07-25,Dehra Dun,13.0752245957206
2020-07-25,Haridwar,0.8207650805595061
2020-07-25,Naini Tal,10.382273455230848
2020-07-25,Pauri Garhwal,4.93265889982828
2020-07-25,Pithoragarh,8.050470256819024
2020-07-25,Rudra Prayag,9.76054203748407
2020-07-25,Tehri Garhwal,3.6288247433341225
2020-07-25,Udham Singh Nagar,2.108490196150264
2020-07-25,Uttarkashi,6.380284114927601
2020-07-26,Almora,1.4962147077267238
2020-07-26,Bageshwar,24.27915935693138
2020-07-26,Chamoli,9.866127425643638
2020-07-26,Champawat,0.314225644593213
2020-07-26,Dehra Dun,12.18320426527684
2020-07-26,Haridwar,3.087634198825468
2020-07-26,Naini Tal,5.50139083979731
2020-07-26,Pauri Garhwal,4.266012915319489
2020-07-26,Pithoragarh,15.27841869382483
2020-07-26,Rudra Prayag,17.32319823719098
2020-07-26,Tehri Garhwal,7.9510839846456705
2020-07-26,Udham Singh Nagar,6.822762931021909
2020-07-26,Uttarkashi,6.832963849921442
2020-07-27,Almora,4.738370295017911
2020-07-27,Bageshwar,24.6556575092119
2020-07-27,Chamoli,12.34220223598711
2020-07-27,Champawat,2.845171850881339
2020-07-27,Dehra Dun,8.328784880606555
2020-07-27,Haridwar,7.728558551983395
2020-07-27,Naini Tal,10.869715519870478
2020-07-27,Pauri Garhwal,17.161472917963128
2020-07-27,Pithoragarh,23.510728983852268
2020-07-27,Rudra Prayag,16.185103278327247
2020-07-27,Tehri Garhwal,15.199716594336936
2020-07-27,Udham Singh Nagar,12.145102436077526
2020-07-27,Uttarkashi,6.237734739998976
2020-07-28,Almora,7.071000375646549
2020-07-28,Bageshwar,39.48318471461022
2020-07-28,Chamoli,12.56429671427524
2020-07-28,Champawat,18.699615496761968
2020-07-28,Dehra Dun,11.473432554632655
2020-07-28,Haridwar,15.420567550287757
2020-07-28,Naini Tal,28.064929690508464
2020-07-28,Pauri Garhwal,21.006260043915297
2020-07-28,Pithoragarh,36.78243127594115
2020-07-28,Rudra Prayag,17.58658161409334
2020-07-28,Tehri Garhwal,12.769635611040565
2020-07-28,Udham Singh Nagar,44.94068626721768
2020-07-28,Uttarkashi,3.3987471764468338
2020-07-29,Almora,22.036126805461564
2020-07-29,Bageshwar,17.026286370688645
2020-07-29,Chamoli,10.21254643656084
2020-07-29,Champawat,20.8390820788011
2020-07-29,Dehra Dun,3.198137020053834
2020-07-29,Haridwar,3.738456505115273
2020-07-29,Naini Tal,11.659935819385876
2020-07-29,Pauri Garhwal,10.671724353080537
2020-07-29,Pithoragarh,19.184529475362293
2020-07-29,Rudra Prayag,10.42290998061601
2020-07-29,Tehri Garhwal,7.133644997844922
2020-07-29,Udham Singh Nagar,18.67119229683777
2020-07-29,Uttarkashi,11.431852043436514
2020-07-30,Almora,4.697267377880398
2020-07-30,Bageshwar,4.724132251365602
2020-07-30,Chamoli,7.309924583411313
2020-07-30,Champawat,1.7144527704500307
2020-07-30,Dehra Dun,23.34900667152067
2020-07-30,Haridwar,5.575103779369154
2020-07-30,Naini Tal,2.7198627683423395
2020-07-30,Pauri Garhwal,9.690106185920742
2020-07-30,Pithoragarh,2.8923737176211217
2020-07-30,Rudra Prayag,15.2247769120804
2020-07-30,Tehri Garhwal,34.92952841554467
2020-07-30,Udham Singh Nagar,4.997417860262635
2020-07-30,Uttarkashi,8.067835963445235
2020-07-31,Almora,7.1092466829884255
2020-07-31,Bageshwar,24.640758613077576
2020-07-31,Chamoli,16.500167179700128
2020-07-31,Champawat,1.5470858004737091
2020-07-31,Dehra Dun,15.157316380098813
2020-07-31,Haridwar,44.45868443878791
2020-07-31,Naini Tal,3.733472322205464
2020-07-31,Pauri Garhwal,13.65284562298486
2020-07-31,Pithoragarh,14.398083485657288
2020-07-31,Rudra Prayag,22.876869952874912
2020-07-31,Tehri Garhwal,21.615211131204838
2020-07-31,Udham Singh Nagar,6.968238099505304
2020-07-31,Uttarkashi,11.928598416779913
2020-08-01,Almora,2.1690598934647167
2020-08-01,Bageshwar,12.82188316802032
2020-08-01,Chamoli,10.339739653607545
2020-08-01,Champawat,13.120738193999376
2020-08-01,Dehra Dun,3.740485227411691
2020-08-01,Haridwar,9.21313618586323
2020-08-01,Naini Tal,5.121993247280329
2020-08-01,Pauri Garhwal,5.841061731773225
2020-08-01,Pithoragarh,5.774484257338045
2020-08-01,Rudra Prayag,11.827901088834992
2020-08-01,Tehri Garhwal,10.18282152031127
2020-08-01,Udham Singh Nagar,11.966057342399234
2020-08-01,Uttarkashi,6.660239199315838
2020-08-02,Almora,0.3468322859235599
2020-08-02,Bageshwar,9.04845840960231
2020-08-02,Chamoli,3.134618697844165
2020-08-02,Champawat,0.5476731781924449
2020-08-02,Dehra Dun,0.0002350776729677314
2020-08-02,Haridwar,0.0
2020-08-02,Naini Tal,0.0727870709641298
2020-08-02,Pauri Garhwal,0.0911371493992806
2020-08-02,Pithoragarh,6.407608576806442
2020-08-02,Rudra Prayag,3.7273867777463474
2020-08-02,Tehri Garhwal,0.9017398783623226
2020-08-02,Udham Singh Nagar,0.2950591107910516
2020-08-02,Uttarkashi,2.330205546587281
2020-08-03,Almora,7.692854349903833
2020-08-03,Bageshwar,20.171651074215468
2020-08-03,Chamoli,5.430073501650091
2020-08-03,Champawat,2.757107097345795
2020-08-03,Dehra Dun,3.5174849449098966
2020-08-03,Haridwar,10.5165220227758
2020-08-03,Naini Tal,2.0767748651180766
2020-08-03,Pauri Garhwal,6.800791985187878
2020-08-03,Pithoragarh,17.36722184515196
2020-08-03,Rudra Prayag,4.846725263662431
2020-08-03,Tehri Garhwal,3.976106468900389
2020-08-03,Udham Singh Nagar,6.394535058378974
2020-08-03,Uttarkashi,2.6152221544854197
2020-08-04,Almora,12.947289539887189
2020-08-04,Bageshwar,4.67357340501981
2020-08-04,Chamoli,7.318173187941083
2020-08-04,Champawat,0.5061495847000467
2020-08-04,Dehra Dun,2.54769210647091
2020-08-04,Haridwar,0.1865363562544228
2020-08-04,Naini Tal,6.782720415938712
2020-08-04,Pauri Garhwal,3.581770407296725
2020-08-04,Pithoragarh,8.98711795293782
2020-08-04,Rudra Prayag,12.439148172833
2020-08-04,Tehri Garhwal,7.783628295593547
2020-08-04,Udham Singh Nagar,1.170810651856698
2020-08-04,Uttarkashi,5.556939308646706
2020-08-05,Almora,5.735626883689014
2020-08-05,Bageshwar,5.087945648837109
2020-08-05,Chamoli,3.456012080833491
2020-08-05,Champawat,9.02698771448373
2020-08-05,Dehra Dun,10.266714814865187
2020-08-05,Haridwar,0.4222477497195135
2020-08-05,Naini Tal,11.643263775424536
2020-08-05,Pauri Garhwal,2.28141387761601
2020-08-05,Pithoragarh,3.6048605820809945
2020-08-05,Rudra Prayag,3.225754690518045
2020-08-05,Tehri Garhwal,3.6603644819484784
2020-08-05,Udham Singh Nagar,12.76730686864143
2020-08-05,Uttarkashi,7.433858973907312
2020-08-06,Almora,28.982056029548023
2020-08-06,Bageshwar,17.058774375043953
2020-08-06,Chamoli,29.22794083346856
2020-08-06,Champawat,27.4128369235321
2020-08-06,Dehra Dun,5.539676200729459
2020-08-06,Haridwar,11.994540147002844
2020-08-06,Naini Tal,20.333825764948145
2020-08-06,Pauri Garhwal,10.156123423106878
2020-08-06,Pithoragarh,13.96766727324216
2020-08-06,Rudra Prayag,31.427937079954816
2020-08-06,Tehri Garhwal,19.045063448151144
2020-08-06,Udham Singh Nagar,5.845508274407395
2020-08-06,Uttarkashi,8.178972727394875
2020-08-07,Almora,2.0647077874070656
2020-08-07,Bageshwar,5.415362903734273
2020-08-07,Chamoli,9.529914392067608
2020-08-07,Champawat,3.4500890192248472
2020-08-07,Dehra Dun,1.0879183464860516
2020-08-07,Haridwar,1.224814196772379
2020-08-07,Naini Tal,1.5658370257424663
2020-08-07,Pauri Garhwal,5.219151075233011
2020-08-07,Pithoragarh,2.755564817167757
2020-08-07,Rudra Prayag,11.05982530767738
2020-08-07,Tehri Garhwal,7.540018864552265
2020-08-07,Udham Singh Nagar,0.8435308736919127
2020-08-07,Uttarkashi,4.054582426615856
2020-08-08,Almora,34.74387524864389
2020-08-08,Bageshwar,27.3251988224853
2020-08-08,Chamoli,27.36621619090615
2020-08-08,Champawat,17.5657752141154
2020-08-08,Dehra Dun,9.345069957122863
2020-08-08,Haridwar,2.609799183823456
2020-08-08,Naini Tal,64.68772852896687
2020-08-08,Pauri Garhwal,27.23248071145292
2020-08-08,Pithoragarh,37.902836304741065
2020-08-08,Rudra Prayag,42.51563804395696
2020-08-08,Tehri Garhwal,14.069325348483757
2020-08-08,Udham Singh Nagar,26.5358411034824
2020-08-08,Uttarkashi,9.212620610731957
2020-08-09,Almora,17.71337745817597
2020-08-09,Bageshwar,22.30886164548968
2020-08-09,Chamoli,25.76071467788797
2020-08-09,Champawat,6.903911730228037
2020-08-09,Dehra Dun,15.022599838419085
2020-08-09,Haridwar,10.142384853982009
2020-08-09,Naini Tal,21.7717536506951
2020-08-09,Pauri Garhwal,12.03417749855449
2020-08-09,Pithoragarh,22.14783730756724
2020-08-09,Rudra Prayag,31.14521341484702
2020-08-09,Tehri Garhwal,16.713334535347375
2020-08-09,Udham Singh Nagar,15.56189587548487
2020-08-09,Uttarkashi,12.477869702565958
2020-08-10,Almora,10.917715311592715
2020-08-10,Bageshwar,28.228775950786588
2020-08-10,Chamoli,26.04207806921649
2020-08-10,Champawat,3.265990147822261
2020-08-10,Dehra Dun,27.39726019814752
2020-08-10,Haridwar,10.568461648922568
2020-08-10,Naini Tal,0.4178197999730371
2020-08-10,Pauri Garhwal,7.604277438228379
2020-08-10,Pithoragarh,12.893337131991547
2020-08-10,Rudra Prayag,25.5158455959304
2020-08-10,Tehri Garhwal,24.145760986569005
2020-08-10,Udham Singh Nagar,1.8283098895154215
2020-08-10,Uttarkashi,6.14163529462658
2020-08-11,Almora,1.513081577529731
2020-08-11,Bageshwar,11.368628450187597
2020-08-11,Chamoli,5.420629224454986
2020-08-11,Champawat,1.0003978158478215
2020-08-11,Dehra Dun,12.58841207413978
2020-08-11,Haridwar,35.21590070736577
2020-08-11,Naini Tal,0.2735669682429338
2020-08-11,Pauri Garhwal,4.979056221358454
2020-08-11,Pithoragarh,6.82762781302506
2020-08-11,Rudra Prayag,4.922718379435504
2020-08-11,Tehri Garhwal,6.253014536048196
2020-08-11,Udham Singh Nagar,4.073113260831176
2020-08-11,Uttarkashi,1.6464247703419137
2020-08-12,Almora,7.033957271518511
2020-08-12,Bageshwar,11.36413854415724
2020-08-12,Chamoli,12.15751548095274
2020-08-12,Champawat,12.612710591284774
2020-08-12,Dehra Dun,3.57666385633608
2020-08-12,Haridwar,3.4317757471404398
2020-08-12,Naini Tal,14.031489903529929
2020-08-12,Pauri Garhwal,5.094749325570661
2020-08-12,Pithoragarh,9.191287280927336
2020-08-12,Rudra Prayag,12.073619742830813
2020-08-12,Tehri Garhwal,5.388025019298071
2020-08-12,Udham Singh Nagar,8.233812286114247
2020-08-12,Uttarkashi,2.879416656124577
2020-08-13,Almora,45.16967703580553
2020-08-13,Bageshwar,33.95673641585677
2020-08-13,Chamoli,13.002372983334745
2020-08-13,Champawat,27.238933883537022
2020-08-13,Dehra Dun,16.96909264212057
2020-08-13,Haridwar,6.619603642023742
2020-08-13,Naini Tal,31.938352716677777
2020-08-13,Pauri Garhwal,35.70882425394032
2020-08-13,Pithoragarh,34.38216807618173
2020-08-13,Rudra Prayag,8.93916903378503
2020-08-13,Tehri Garhwal,13.731316385880625
2020-08-13,Udham Singh Nagar,29.848372027238444
2020-08-13,Uttarkashi,6.339704284781649
2020-08-14,Almora,21.98104072061285
2020-08-14,Bageshwar,8.167645921260085
2020-08-14,Chamoli,3.793726024152809
2020-08-14,Champawat,36.22086519118184
2020-08-14,Dehra Dun,0.8450912842579066
2020-08-14,Haridwar,0.834173250701203
2020-08-14,Naini Tal,28.43860940755349
2020-08-14,Pauri Garhwal,5.648654184294915
2020-08-14,Pithoragarh,10.054182179918737
2020-08-14,Rudra Prayag,3.759457608763392
2020-08-14,Tehri Garhwal,1.6382267106709854
2020-08-14,Udham Singh Nagar,21.39026776196872
2020-08-14,Uttarkashi,2.948139771843166
2020-08-15,Almora,2.703262540305598
2020-08-15,Bageshwar,9.54447683241862
2020-08-15,Chamoli,3.5503248466136443
2020-08-15,Champawat,0.4550665084080467
2020-08-15,Dehra Dun,9.603823034408558
2020-08-15,Haridwar,9.067373468089464
2020-08-15,Naini Tal,1.4423396680575702
2020-08-15,Pauri Garhwal,5.440191839925388
2020-08-15,Pithoragarh,10.727911585946147
2020-08-15,Rudra Prayag,4.44206725274002
2020-08-15,Tehri Garhwal,5.935165707645884
2020-08-15,Udham Singh Nagar,0.7616693611177495
2020-08-15,Uttarkashi,2.5884663719952545
2020-08-16,Almora,4.343099815334363
2020-08-16,Bageshwar,9.705628397928464
2020-08-16,Chamoli,2.633015622973048
2020-08-16,Champawat,8.284081109344537
2020-08-16,Dehra Dun,0.7899924856302186
2020-08-16,Haridwar,1.367117418770648
2020-08-16,Naini Tal,1.9772383390642163
2020-08-16,Pauri Garhwal,1.413201724268265
2020-08-16,Pithoragarh,5.448914402088616
2020-08-16,Rudra Prayag,5.016727012469207
2020-08-16,Tehri Garhwal,0.9714415482585532
2020-08-16,Udham Singh Nagar,1.7900841891751278
2020-08-16,Uttarkashi,1.908999523308366
2020-08-17,Almora,8.033591845500208
2020-08-17,Bageshwar,9.191077879983212
2020-08-17,Chamoli,9.329152514861002
2020-08-17,Champawat,4.602602788632881
2020-08-17,Dehra Dun,0.1215562793436623
2020-08-17,Haridwar,3.510736842851625
2020-08-17,Naini Tal,2.3533367319325795
2020-08-17,Pauri Garhwal,1.5137186415127155
2020-08-17,Pithoragarh,8.210664688363376
2020-08-17,Rudra Prayag,9.37494617439549
2020-08-17,Tehri Garhwal,0.7720987199555539
2020-08-17,Udham Singh Nagar,0.5420285105301128
2020-08-17,Uttarkashi,1.383354193002587
2020-08-18,Almora,27.037937989084945
2020-08-18,Bageshwar,27.68915380355371
2020-08-18,Chamoli,22.038463631363
2020-08-18,Champawat,13.829129980439664
2020-08-18,Dehra Dun,22.264989177088346
2020-08-18,Haridwar,24.726624752616576
2020-08-18,Naini Tal,18.190122698268105
2020-08-18,Pauri Garhwal,28.562605529020235
2020-08-18,Pithoragarh,16.701707933983748
2020-08-18,Rudra Prayag,53.48686584461807
2020-08-18,Tehri Garhwal,24.496326616551325
2020-08-18,Udham Singh Nagar,21.750761433433627
2020-08-18,Uttarkashi,6.680138072587063
2020-08-19,Almora,44.32307117673695
2020-08-19,Bageshwar,17.17335255483289
2020-08-19,Chamoli,17.802157852921646
2020-08-19,Champawat,42.91366615684012
2020-08-19,Dehra Dun,20.03753294668592
2020-08-19,Haridwar,62.1054351328759
2020-08-19,Naini Tal,30.401090932884756
2020-08-19,Pauri Garhwal,54.28212543353843
2020-08-19,Pithoragarh,12.984604748466118
2020-08-19,Rudra Prayag,30.74218928279429
2020-08-19,Tehri Garhwal,32.961445606302206
2020-08-19,Udham Singh Nagar,40.80704460418783
2020-08-19,Uttarkashi,30.407330785581483
2020-08-20,Almora,13.572211597355327
2020-08-20,Bageshwar,9.433936331594904
2020-08-20,Chamoli,5.678117195258489
2020-08-20,Champawat,1.9916904595120428
2020-08-20,Dehra Dun,11.317533126536606
2020-08-20,Haridwar,22.71723571281387
2020-08-20,Naini Tal,6.042196675910145
2020-08-20,Pauri Garhwal,14.481083231053905
2020-08-20,Pithoragarh,2.423956746971089
2020-08-20,Rudra Prayag,5.807176027815653
2020-08-20,Tehri Garhwal,8.82474579380265
2020-08-20,Udham Singh Nagar,7.476622653032177
2020-08-20,Uttarkashi,4.401010672047096
2020-08-21,Almora,4.166696621057347
2020-08-21,Bageshwar,5.137833515185562
2020-08-21,Chamoli,7.417473143566905
2020-08-21,Champawat,1.2287286341444674
2020-08-21,Dehra Dun,13.328174937697057
2020-08-21,Haridwar,6.080059747120945
2020-08-21,Naini Tal,0.9679018831115506
2020-08-21,Pauri Garhwal,5.302395602512927
2020-08-21,Pithoragarh,1.3597408442406642
2020-08-21,Rudra Prayag,8.537492000869765
2020-08-21,Tehri Garhwal,9.957407790387434
2020-08-21,Udham Singh Nagar,0.6563730239167538
2020-08-21,Uttarkashi,6.280123019766868
2020-08-22,Almora,4.436720338701185
2020-08-22,Bageshwar,17.008087010499814
2020-08-22,Chamoli,6.835236492881314
2020-08-22,Champawat,3.2646108565407426
2020-08-22,Dehra Dun,0.3375524543669976
2020-08-22,Haridwar,0.3683914366453888
2020-08-22,Naini Tal,3.759963539815456
2020-08-22,Pauri Garhwal,6.515591942324815
2020-08-22,Pithoragarh,6.09624183292732
2020-08-22,Rudra Prayag,2.8664334264784945
2020-08-22,Tehri Garhwal,2.1147245095355363
2020-08-22,Udham Singh Nagar,1.5396496815428833
2020-08-22,Uttarkashi,2.188719623635034
2020-08-23,Almora,3.884339634379838
2020-08-23,Bageshwar,16.175936216419657
2020-08-23,Chamoli,4.944003203510189
2020-08-23,Champawat,0.1540361405350268
2020-08-23,Dehra Dun,1.7306718017778269
2020-08-23,Haridwar,0.0
2020-08-23,Naini Tal,0.1473641242829235
2020-08-23,Pauri Garhwal,3.495384226603905
2020-08-23,Pithoragarh,3.4126503120069094
2020-08-23,Rudra Prayag,4.332801277623456
2020-08-23,Tehri Garhwal,5.257459355377707
2020-08-23,Udham Singh Nagar,0.1942868706421442
2020-08-23,Uttarkashi,3.8858962960119503
2020-08-24,Almora,4.415412713776578
2020-08-24,Bageshwar,36.3588760308935
2020-08-24,Chamoli,40.96845334968817
2020-08-24,Champawat,1.1083031937353272
2020-08-24,Dehra Dun,13.408030395727437
2020-08-24,Haridwar,0.0406145443298548
2020-08-24,Naini Tal,1.4910661619224153
2020-08-24,Pauri Garhwal,5.005898821051402
2020-08-24,Pithoragarh,20.093556716343706
2020-08-24,Rudra Prayag,82.1904815255579
2020-08-24,Tehri Garhwal,24.66796072001667
2020-08-24,Udham Singh Nagar,5.846146009117612
2020-08-24,Uttarkashi,43.281200916061664
2020-08-25,Almora,2.189564071465996
2020-08-25,Bageshwar,22.917287099386417
2020-08-25,Chamoli,21.07985677534576
2020-08-25,Champawat,1.6642105514847532
2020-08-25,Dehra Dun,8.646357095577855
2020-08-25,Haridwar,1.912138536693156
2020-08-25,Naini Tal,1.6238812899421606
2020-08-25,Pauri Garhwal,2.9950218990502
2020-08-25,Pithoragarh,18.964392720086764
2020-08-25,Rudra Prayag,25.29663842769086
2020-08-25,Tehri Garhwal,14.885148803995705
2020-08-25,Udham Singh Nagar,1.139396222720257
2020-08-25,Uttarkashi,20.138519876867043
2020-08-26,Almora,42.48706198373641
2020-08-26,Bageshwar,26.583185983101004
2020-08-26,Chamoli,19.99785195790877
2020-08-26,Champawat,34.36953856024272
2020-08-26,Dehra Dun,5.821876405694
2020-08-26,Haridwar,2.0093334661429334
2020-08-26,Naini Tal,34.02450361358137
2020-08-26,Pauri Garhwal,16.871609703250297
2020-08-26,Pithoragarh,20.024829022624992
2020-08-26,Rudra Prayag,10.953770037209662
2020-08-26,Tehri Garhwal,7.718458636316428
2020-08-26,Udham Singh Nagar,32.992780103534976
2020-08-26,Uttarkashi,6.655175991521292
2020-08-27,Almora,2.428371018951065
2020-08-27,Bageshwar,2.4487793572041587
2020-08-27,Chamoli,2.7847275455402705
2020-08-27,Champawat,0.1484851872569032
2020-08-27,Dehra Dun,5.9634953713597625
2020-08-27,Haridwar,1.98434580426265
2020-08-27,Naini Tal,0.553576313364803
2020-08-27,Pauri Garhwal,4.878577085828279
2020-08-27,Pithoragarh,1.1876381279157848
2020-08-27,Rudra Prayag,2.6951812779666
2020-08-27,Tehri Garhwal,5.90364072061887
2020-08-27,Udham Singh Nagar,0.7615836397737834
2020-08-27,Uttarkashi,4.427272825054441
2020-08-28,Almora,6.007063315377505
2020-08-28,Bageshwar,15.601908622547702
2020-08-28,Chamoli,17.836663742262594
2020-08-28,Champawat,4.095481835812963
2020-08-28,Dehra Dun,9.386836079262508
2020-08-28,Haridwar,7.92832080891471
2020-08-28,Naini Tal,10.47422193581482
2020-08-28,Pauri Garhwal,13.217587013072013
2020-08-28,Pithoragarh,11.06618342366188
2020-08-28,Rudra Prayag,8.293796000352033
2020-08-28,Tehri Garhwal,13.701029965438584
2020-08-28,Udham Singh Nagar,18.50603558283994
2020-08-28,Uttarkashi,11.346414196410583
2020-08-29,Almora,17.56824864037996
2020-08-29,Bageshwar,5.783940103853648
2020-08-29,Chamoli,3.145322729756253
2020-08-29,Champawat,16.579475129830623
2020-08-29,Dehra Dun,0.190996176393895
2020-08-29,Haridwar,1.7376941088655928
2020-08-29,Naini Tal,14.699620387272152
2020-08-29,Pauri Garhwal,7.220028355049268
2020-08-29,Pithoragarh,1.8447396676831371
2020-08-29,Rudra Prayag,0.6179481702533411
2020-08-29,Tehri Garhwal,1.859018252324473
2020-08-29,Udham Singh Nagar,2.763429577028648
2020-08-29,Uttarkashi,1.297110854982741
2020-08-30,Almora,0.8540895982465398
2020-08-30,Bageshwar,3.413393304784617
2020-08-30,Chamoli,2.5789624261082467
2020-08-30,Champawat,0.0755020077321603
2020-08-30,Dehra Dun,5.211466924146374
2020-08-30,Haridwar,2.0089495873869483
2020-08-30,Naini Tal,0.0646627863568469
2020-08-30,Pauri Garhwal,0.5780251934246564
2020-08-30,Pithoragarh,1.1856759074990473
2020-08-30,Rudra Prayag,1.3145958267049365
2020-08-30,Tehri Garhwal,0.7694038126181478
2020-08-30,Udham Singh Nagar,0.0
2020-08-30,Uttarkashi,1.131763274280104
2020-08-31,Almora,0.0123406993861586
2020-08-31,Bageshwar,1.4690266279147612
2020-08-31,Chamoli,0.2673409920086023
2020-08-31,Champawat,0.0
2020-08-31,Dehra Dun,0.0
2020-08-31,Haridwar,0.0
2020-08-31,Naini Tal,0.0
2020-08-31,Pauri Garhwal,0.0009336211065881722
2020-08-31,Pithoragarh,0.3334134796129835
2020-08-31,Rudra Prayag,0.9123937626847024
2020-08-31,Tehri Garhwal,0.1473637012899024
2020-08-31,Udham Singh Nagar,0.0
2020-08-31,Uttarkashi,0.3449119200007258
2020-09-01,Almora,1.150290316614977
2020-09-01,Bageshwar,8.520297516382007
2020-09-01,Chamoli,4.128710441105834
2020-09-01,Champawat,0.4907439689167839
2020-09-01,Dehra Dun,0.1292326945824709
2020-09-01,Haridwar,0.195841696198461
2020-09-01,Naini Tal,0.9441845930764742
2020-09-01,Pauri Garhwal,1.0232091430687666
2020-09-01,Pithoragarh,4.306458095491363
2020-09-01,Rudra Prayag,1.7936424503620836
2020-09-01,Tehri Garhwal,1.3001967980660425
2020-09-01,Udham Singh Nagar,0.1613676458737033
2020-09-01,Uttarkashi,0.9364982914569654
2020-09-02,Almora,6.34693176889352
2020-09-02,Bageshwar,8.72808252289525
2020-09-02,Chamoli,5.070628935771218
2020-09-02,Champawat,3.1360955629088667
2020-09-02,Dehra Dun,5.486659731663118
2020-09-02,Haridwar,1.7195623839947405
2020-09-02,Naini Tal,5.538751810207649
2020-09-02,Pauri Garhwal,5.585345643450949
2020-09-02,Pithoragarh,4.359395666832284
2020-09-02,Rudra Prayag,3.48977019079705
2020-09-02,Tehri Garhwal,12.822495401586435
2020-09-02,Udham Singh Nagar,3.933521932399517
2020-09-02,Uttarkashi,9.99252372146697
2020-09-03,Almora,1.5503043237333174
2020-09-03,Bageshwar,5.119123947192738
2020-09-03,Chamoli,9.736111444903177
2020-09-03,Champawat,0.4121360332512458
2020-09-03,Dehra Dun,5.210690793598059
2020-09-03,Haridwar,0.0074872335779517
2020-09-03,Naini Tal,0.1345048288300913
2020-09-03,Pauri Garhwal,3.004853070247667
2020-09-03,Pithoragarh,2.8715435864251937
2020-09-03,Rudra Prayag,7.619360792506902
2020-09-03,Tehri Garhwal,3.0923126354083745
2020-09-03,Udham Singh Nagar,0.0
2020-09-03,Uttarkashi,3.474244573373995
2020-09-04,Almora,1.1056629420758617
2020-09-04,Bageshwar,2.4303574855442798
2020-09-04,Chamoli,1.606024933171574
2020-09-04,Champawat,0.0041779617390438
2020-09-04,Dehra Dun,1.7235894887567245
2020-09-04,Haridwar,1.1105669727416123
2020-09-04,Naini Tal,0.2518611604365826
2020-09-04,Pauri Garhwal,1.0219088499806577
2020-09-04,Pithoragarh,0.7346837305070993
2020-09-04,Rudra Prayag,1.6587149873408062
2020-09-04,Tehri Garhwal,1.188910092071201
2020-09-04,Udham Singh Nagar,7.981081316184264e-05
2020-09-04,Uttarkashi,1.2020976965027304
2020-09-05,Almora,4.439132898968668
2020-09-05,Bageshwar,1.8173804701345304
2020-09-05,Chamoli,2.8648089178672467
2020-09-05,Champawat,1.2346586081508857
2020-09-05,Dehra Dun,11.466886505689551
2020-09-05,Haridwar,10.64440110517096
2020-09-05,Naini Tal,7.972880415505478
2020-09-05,Pauri Garhwal,10.7303493871869
2020-09-05,Pithoragarh,1.68916225336254
2020-09-05,Rudra Prayag,19.28173189676063
2020-09-05,Tehri Garhwal,18.14586688712209
2020-09-05,Udham Singh Nagar,3.90430599155137
2020-09-05,Uttarkashi,10.356191068346828
2020-09-06,Almora,1.3937269257373477
2020-09-06,Bageshwar,5.320560537455159
2020-09-06,Chamoli,2.50759171309774
2020-09-06,Champawat,0.532799935168222
2020-09-06,Dehra Dun,11.305397009190695
2020-09-06,Haridwar,4.174825586896304
2020-09-06,Naini Tal,0.0894778117999724
2020-09-06,Pauri Garhwal,3.042054124923656
2020-09-06,Pithoragarh,1.8477512127453783
2020-09-06,Rudra Prayag,8.295269213059985
2020-09-06,Tehri Garhwal,8.989244927190514
2020-09-06,Udham Singh Nagar,0.1817033656303224
2020-09-06,Uttarkashi,9.896489143955549
2020-09-07,Almora,1.7540414442766328
2020-09-07,Bageshwar,2.5867683226745988
2020-09-07,Chamoli,1.8913543956073904
2020-09-07,Champawat,0.3799623383562562
2020-09-07,Dehra Dun,0.4801205925588362
2020-09-07,Haridwar,1.902323408832118
2020-09-07,Naini Tal,0.7904993095828616
2020-09-07,Pauri Garhwal,1.858303867087699
2020-09-07,Pithoragarh,0.7259522367384874
2020-09-07,Rudra Prayag,1.4300310542987136
2020-09-07,Tehri Garhwal,0.7586575320389604
2020-09-07,Udham Singh Nagar,0.1404655601934178
2020-09-07,Uttarkashi,0.9022650697294172
2020-09-08,Almora,3.339047506184305
2020-09-08,Bageshwar,3.712756331710604
2020-09-08,Chamoli,0.500577300744138
2020-09-08,Champawat,0.1841189715734039
2020-09-08,Dehra Dun,0.6975299559265039
2020-09-08,Haridwar,0.2447517115683765
2020-09-08,Naini Tal,0.6536516517320994
2020-09-08,Pauri Garhwal,2.205321435291797
2020-09-08,Pithoragarh,0.8957630634096989
2020-09-08,Rudra Prayag,0.5812279663294785
2020-09-08,Tehri Garhwal,0.439961862258327
2020-09-08,Udham Singh Nagar,0.0373721546156234
2020-09-08,Uttarkashi,0.1253902058044176
2020-09-09,Almora,0.4452345323826665
2020-09-09,Bageshwar,1.3763574980146265
2020-09-09,Chamoli,0.1563957918970714
2020-09-09,Champawat,0.2843385949344225
2020-09-09,Dehra Dun,0.0
2020-09-09,Haridwar,0.0
2020-09-09,Naini Tal,0.0807362545520117
2020-09-09,Pauri Garhwal,0.0816413518500894
2020-09-09,Pithoragarh,0.4191509158997359
2020-09-09,Rudra Prayag,0.5009568097130982
2020-09-09,Tehri Garhwal,0.1051424866758096
2020-09-09,Udham Singh Nagar,0.0070070941319142
2020-09-09,Uttarkashi,0.1316291577501635
2020-09-10,Almora,0.4848169629078726
2020-09-10,Bageshwar,0.8941249743662091
2020-09-10,Chamoli,0.2517009862453535
2020-09-10,Champawat,0.0758471375742242
2020-09-10,Dehra Dun,0.0267579714757735
2020-09-10,Haridwar,0.0
2020-09-10,Naini Tal,0.1348841280824402
2020-09-10,Pauri Garhwal,1.7088049962284766
2020-09-10,Pithoragarh,0.3956619346658977
2020-09-10,Rudra Prayag,0.3858652740459573
2020-09-10,Tehri Garhwal,0.1872555263143592
2020-09-10,Udham Singh Nagar,0.0
2020-09-10,Uttarkashi,0.145658494087446
2020-09-11,Almora,0.0741140165655629
2020-09-11,Bageshwar,0.204236208702102
2020-09-11,Chamoli,0.0860190991528524
2020-09-11,Champawat,0.0070406623740108
2020-09-11,Dehra Dun,0.0
2020-09-11,Haridwar,0.2126113706952062
2020-09-11,Naini Tal,0.0337649372307684
2020-09-11,Pauri Garhwal,0.129641119610866
2020-09-11,Pithoragarh,0.1550061170707128
2020-09-11,Rudra Prayag,0.2713644150104083
2020-09-11,Tehri Garhwal,0.1054665435880835
2020-09-11,Udham Singh Nagar,0.0
2020-09-11,Uttarkashi,0.3325631452742085
2020-09-12,Almora,0.2795458165110531
2020-09-12,Bageshwar,0.0528933807211133
2020-09-12,Chamoli,0.2345787475682439
2020-09-12,Champawat,0.0
2020-09-12,Dehra Dun,0.024757426442783
2020-09-12,Haridwar,0.0088968127283711
2020-09-12,Naini Tal,0.382268511949669
2020-09-12,Pauri Garhwal,1.9154039294690188
2020-09-12,Pithoragarh,0.2888920882392
2020-09-12,Rudra Prayag,0.7388358989556759
2020-09-12,Tehri Garhwal,0.063956345919803
2020-09-12,Udham Singh Nagar,0.3550894069583096
2020-09-12,Uttarkashi,0.2261746943116422
2020-09-13,Almora,2.8355910252371124
2020-09-13,Bageshwar,2.495744424282834
2020-09-13,Chamoli,0.7431557262306409
2020-09-13,Champawat,0.2352246421204139
2020-09-13,Dehra Dun,0.0121197874596127
2020-09-13,Haridwar,0.1011005452341923
2020-09-13,Naini Tal,2.0994133394850087
2020-09-13,Pauri Garhwal,3.2007427341811985
2020-09-13,Pithoragarh,0.9953745228728764
2020-09-13,Rudra Prayag,1.5016286363168936
2020-09-13,Tehri Garhwal,0.3964282242359158
2020-09-13,Udham Singh Nagar,3.1668303974905774
2020-09-13,Uttarkashi,0.9817541893564607
2020-09-14,Almora,0.4057442951954269
2020-09-14,Bageshwar,5.01524897368166
2020-09-14,Chamoli,1.0274762301984055
2020-09-14,Champawat,1.0389382305454988
2020-09-14,Dehra Dun,8.62292708646068
2020-09-14,Haridwar,6.31048323252445
2020-09-14,Naini Tal,0.693565920500117
2020-09-14,Pauri Garhwal,0.6237236763418229
2020-09-14,Pithoragarh,2.902911203954598
2020-09-14,Rudra Prayag,2.9495543189160203
2020-09-14,Tehri Garhwal,7.65464144958788
2020-09-14,Udham Singh Nagar,1.0775901300363526
2020-09-14,Uttarkashi,0.6936770347837586
2020-09-15,Almora,2.060244663196657
2020-09-15,Bageshwar,2.1283611683923107
2020-09-15,Chamoli,1.126945333320548
2020-09-15,Champawat,0.7631550995784017
2020-09-15,Dehra Dun,0.3575919776197708
2020-09-15,Haridwar,0.0022116569324286
2020-09-15,Naini Tal,10.429600730851552
2020-09-15,Pauri Garhwal,0.5175341019420842
2020-09-15,Pithoragarh,1.387970704275307
2020-09-15,Rudra Prayag,2.0056510710905404
2020-09-15,Tehri Garhwal,0.8627592204352561
2020-09-15,Udham Singh Nagar,7.372505035290336
2020-09-15,Uttarkashi,0.6300357133402297
2020-09-16,Almora,0.381170678791997
2020-09-16,Bageshwar,1.266038577129503
2020-09-16,Chamoli,1.6906805134821326
2020-09-16,Champawat,1.20586970538447
2020-09-16,Dehra Dun,0.805578481816172
2020-09-16,Haridwar,1.2526236791429357
2020-09-16,Naini Tal,0.7306328448052251
2020-09-16,Pauri Garhwal,2.515525720233219
2020-09-16,Pithoragarh,0.5340757129381191
2020-09-16,Rudra Prayag,3.814314248516756
2020-09-16,Tehri Garhwal,3.1095343279342327
2020-09-16,Udham Singh Nagar,1.0431429011101123
2020-09-16,Uttarkashi,1.7769889156972476
2020-09-17,Almora,0.3469597249738306
2020-09-17,Bageshwar,2.791505446855787
2020-09-17,Chamoli,0.3389366040036692
2020-09-17,Champawat,0.0357655616772611
2020-09-17,Dehra Dun,0.0081595799310245
2020-09-17,Haridwar,0.0
2020-09-17,Naini Tal,0.0536116580872261
2020-09-17,Pauri Garhwal,0.1915692646606691
2020-09-17,Pithoragarh,1.0342523400986454
2020-09-17,Rudra Prayag,0.6639861689735725
2020-09-17,Tehri Garhwal,0.1504336590840496
2020-09-17,Udham Singh Nagar,0.0003192432680638838
2020-09-17,Uttarkashi,0.1908286788004564
2020-09-18,Almora,0.3665543559344219
2020-09-18,Bageshwar,1.9252361635388189
2020-09-18,Chamoli,0.7921411627685933
2020-09-18,Champawat,0.2858496422631139
2020-09-18,Dehra Dun,0.0
2020-09-18,Haridwar,0.0
2020-09-18,Naini Tal,0.2269900173816381
2020-09-18,Pauri Garhwal,0.1123005139078764
2020-09-18,Pithoragarh,3.083728208149153
2020-09-18,Rudra Prayag,0.8705353921501284
2020-09-18,Tehri Garhwal,0.0340840634090127
2020-09-18,Udham Singh Nagar,2.7693111893580253
2020-09-18,Uttarkashi,0.1561430420709958
2020-09-19,Almora,0.2884117335246758
2020-09-19,Bageshwar,1.597743530687705
2020-09-19,Chamoli,0.174534464430089
2020-09-19,Champawat,0.0114984938661646
2020-09-19,Dehra Dun,0.4457161269119198
2020-09-19,Haridwar,0.0
2020-09-19,Naini Tal,0.1389338008685468
2020-09-19,Pauri Garhwal,0.0337745735919927
2020-09-19,Pithoragarh,0.5986116785732307
2020-09-19,Rudra Prayag,0.0767305680632668
2020-09-19,Tehri Garhwal,0.0168647537868238
2020-09-19,Udham Singh Nagar,1.1823824743106808e-05
2020-09-19,Uttarkashi,0.3339594365967722
2020-09-20,Almora,0.1972166425083842
2020-09-20,Bageshwar,0.5120036633621887
2020-09-20,Chamoli,0.270015200223812
2020-09-20,Champawat,0.0054856926243916
2020-09-20,Dehra Dun,0.0
2020-09-20,Haridwar,0.0
2020-09-20,Naini Tal,0.1817582827996318
2020-09-20,Pauri Garhwal,0.1061105517963888
2020-09-20,Pithoragarh,0.7318566921841921
2020-09-20,Rudra Prayag,0.2766770207710783
2020-09-20,Tehri Garhwal,0.0695081947250998
2020-09-20,Udham Singh Nagar,0.0
2020-09-20,Uttarkashi,0.3456785460498651
2020-09-21,Almora,0.2566228253913865
2020-09-21,Bageshwar,2.592250871961689
2020-09-21,Chamoli,1.440596487128978
2020-09-21,Champawat,3.1483596110446217
2020-09-21,Dehra Dun,0.253763961640757
2020-09-21,Haridwar,0.2898291885320816
2020-09-21,Naini Tal,1.705421872334897
2020-09-21,Pauri Garhwal,0.2262639684519904
2020-09-21,Pithoragarh,1.8503628413387725
2020-09-21,Rudra Prayag,0.6420310721908002
2020-09-21,Tehri Garhwal,0.2098851439365893
2020-09-21,Udham Singh Nagar,3.8786948615321175
2020-09-21,Uttarkashi,0.7048489146942437
2020-09-22,Almora,2.2549843597983426
2020-09-22,Bageshwar,2.0639778953976933
2020-09-22,Chamoli,0.4823599273750165
2020-09-22,Champawat,13.56205165985318
2020-09-22,Dehra Dun,3.9774242790338974
2020-09-22,Haridwar,2.007171102937066
2020-09-22,Naini Tal,7.684587259848898
2020-09-22,Pauri Garhwal,3.145603215413946
2020-09-22,Pithoragarh,1.6407732495479308
2020-09-22,Rudra Prayag,0.8715146586997032
2020-09-22,Tehri Garhwal,2.2171839940905103
2020-09-22,Udham Singh Nagar,15.042544743173217
2020-09-22,Uttarkashi,1.102323365718253
2020-09-23,Almora,8.61404669176385
2020-09-23,Bageshwar,6.789655160267071
2020-09-23,Chamoli,1.387937486196171
2020-09-23,Champawat,2.4462461816633208
2020-09-23,Dehra Dun,8.717785337240668
2020-09-23,Haridwar,18.505996186207497
2020-09-23,Naini Tal,3.932250253121132
2020-09-23,Pauri Garhwal,7.192832321954744
2020-09-23,Pithoragarh,3.112670440914508
2020-09-23,Rudra Prayag,1.0604611114400964
2020-09-23,Tehri Garhwal,6.096643037639125
2020-09-23,Udham Singh Nagar,0.5794849098565626
2020-09-23,Uttarkashi,1.9499833466095635
2020-09-24,Almora,1.2708751053748593
2020-09-24,Bageshwar,1.618253644605283
2020-09-24,Chamoli,0.5847425434674595
2020-09-24,Champawat,4.41187364024617
2020-09-24,Dehra Dun,0.0026587625423791
2020-09-24,Haridwar,4.2441282772479925
2020-09-24,Naini Tal,2.616701068902478
2020-09-24,Pauri Garhwal,1.716666751292122
2020-09-24,Pithoragarh,0.9877483150308802
2020-09-24,Rudra Prayag,1.0537512696642488
2020-09-24,Tehri Garhwal,0.6958434805104469
2020-09-24,Udham Singh Nagar,1.496312412490037
2020-09-24,Uttarkashi,0.199329275191031
2020-09-25,Almora,0.0228518158118614
2020-09-25,Bageshwar,0.9072656050560696
2020-09-25,Chamoli,1.2093082094349767
2020-09-25,Champawat,0.0
2020-09-25,Dehra Dun,0.2158871574094328
2020-09-25,Haridwar,0.0
2020-09-25,Naini Tal,0.0
2020-09-25,Pauri Garhwal,0.0422951185409642
2020-09-25,Pithoragarh,0.4618225940830558
2020-09-25,Rudra Prayag,1.306628638615957
2020-09-25,Tehri Garhwal,0.5692970669397669
2020-09-25,Udham Singh Nagar,0.0
2020-09-25,Uttarkashi,0.5982702173071262
2020-09-26,Almora,0.9153395940446386
2020-09-26,Bageshwar,2.8804282612473746
2020-09-26,Chamoli,4.713965332239416
2020-09-26,Champawat,0.0833747474585162
2020-09-26,Dehra Dun,0.0800415624207726
2020-09-26,Haridwar,0.1140323986092211
2020-09-26,Naini Tal,0.2045443163673493
2020-09-26,Pauri Garhwal,1.3290019745620902
2020-09-26,Pithoragarh,1.186023057979506
2020-09-26,Rudra Prayag,2.46285313371511
2020-09-26,Tehri Garhwal,1.5817627318514484
2020-09-26,Udham Singh Nagar,0.1494620121688425
2020-09-26,Uttarkashi,1.2819814136340422
2020-09-27,Almora,0.0846773292556195
2020-09-27,Bageshwar,0.3120128606088282
2020-09-27,Chamoli,0.2188229586707159
2020-09-27,Champawat,0.0561508519245857
2020-09-27,Dehra Dun,0.0
2020-09-27,Haridwar,0.0
2020-09-27,Naini Tal,0.0718040090357391
2020-09-27,Pauri Garhwal,0.0237406513043895
2020-09-27,Pithoragarh,0.219358453264809
2020-09-27,Rudra Prayag,0.8223194981486066
2020-09-27,Tehri Garhwal,0.3077020514610867
2020-09-27,Udham Singh Nagar,0.0179190061973507
2020-09-27,Uttarkashi,0.8476010599366663
2020-09-28,Almora,0.0
2020-09-28,Bageshwar,0.1658198488958399
2020-09-28,Chamoli,0.995771770206622
2020-09-28,Champawat,0.0
2020-09-28,Dehra Dun,0.0
2020-09-28,Haridwar,0.0
2020-09-28,Naini Tal,0.0
2020-09-28,Pauri Garhwal,0.0
2020-09-28,Pithoragarh,0.3578940684557172
2020-09-28,Rudra Prayag,1.5110483136613542
2020-09-28,Tehri Garhwal,0.4866040638728573
2020-09-28,Udham Singh Nagar,0.0
2020-09-28,Uttarkashi,0.6689183695953683
2020-09-29,Almora,0.0052481019352269
2020-09-29,Bageshwar,0.2745661708149676
2020-09-29,Chamoli,0.3672265407503392
2020-09-29,Champawat,0.0
2020-09-29,Dehra Dun,0.0
2020-09-29,Haridwar,0.0
2020-09-29,Naini Tal,0.0091208563479764
2020-09-29,Pauri Garhwal,0.0051314471399082
2020-09-29,Pithoragarh,0.1723149067313877
2020-09-29,Rudra Prayag,0.6150362526222625
2020-09-29,Tehri Garhwal,0.0632238841089773
2020-09-29,Udham Singh Nagar,0.0
2020-09-29,Uttarkashi,0.4148642775020423
2020-09-30,Almora,0.0084971528461934
2020-09-30,Bageshwar,0.4633262710050023
2020-09-30,Chamoli,0.4693650480021095
2020-09-30,Champawat,0.0
2020-09-30,Dehra Dun,0.0
2020-09-30,Haridwar,0.0
2020-09-30,Naini Tal,0.007581315593215
2020-09-30,Pauri Garhwal,0.0025657235699541
2020-09-30,Pithoragarh,0.1332613350353354
2020-09-30,Rudra Prayag,0.3446096635055253
2020-09-30,Tehri Garhwal,0.1616712685467074
2020-09-30,Udham Singh Nagar,0.0
2020-09-30,Uttarkashi,0.9393023033350534
2020-10-01,Almora,0.0268737797337733
2020-10-01,Bageshwar,0.6552702034727725
2020-10-01,Chamoli,0.5277521212751689
2020-10-01,Champawat,0.008222389974665
2020-10-01,Dehra Dun,0.0132105481728625
2020-10-01,Haridwar,0.0136562778894399
2020-10-01,Naini Tal,0.0120480104879816
2020-10-01,Pauri Garhwal,0.0313939559945832
2020-10-01,Pithoragarh,0.3018065986042835
2020-10-01,Rudra Prayag,0.412508803372157
2020-10-01,Tehri Garhwal,0.6258335251493747
2020-10-01,Udham Singh Nagar,0.0105206182999016
2020-10-01,Uttarkashi,0.2976781734784552
2020-10-02,Almora,0.0
2020-10-02,Bageshwar,0.4352407988123185
2020-10-02,Chamoli,1.084534173982506
2020-10-02,Champawat,0.0
2020-10-02,Dehra Dun,0.1002882217298447
2020-10-02,Haridwar,0.0
2020-10-02,Naini Tal,0.0
2020-10-02,Pauri Garhwal,0.0404895530467494
2020-10-02,Pithoragarh,0.2993062765865134
2020-10-02,Rudra Prayag,1.6415629993036829
2020-10-02,Tehri Garhwal,0.349236551440011
2020-10-02,Udham Singh Nagar,0.0
2020-10-02,Uttarkashi,0.2395160720186652
2020-10-03,Almora,0.0149172988443467
2020-10-03,Bageshwar,1.4226093421881905
2020-10-03,Chamoli,1.0305436743165346
2020-10-03,Champawat,0.0
2020-10-03,Dehra Dun,0.0
2020-10-03,Haridwar,0.0
2020-10-03,Naini Tal,0.0
2020-10-03,Pauri Garhwal,0.0150092511774074
2020-10-03,Pithoragarh,0.5797015117409468
2020-10-03,Rudra Prayag,1.7143142943716057
2020-10-03,Tehri Garhwal,0.7421811682026901
2020-10-03,Udham Singh Nagar,0.0
2020-10-03,Uttarkashi,0.3163386132791829
2020-10-04,Almora,0.0
2020-10-04,Bageshwar,0.8519981298431316
2020-10-04,Chamoli,0.7597131909694822
2020-10-04,Champawat,0.0
2020-10-04,Dehra Dun,0.0
2020-10-04,Haridwar,0.0
2020-10-04,Naini Tal,0.0
2020-10-04,Pauri Garhwal,0.0895062062974636
2020-10-04,Pithoragarh,0.4544849485566978
2020-10-04,Rudra Prayag,0.1433108771383916
2020-10-04,Tehri Garhwal,0.2751601148793333
2020-10-04,Udham Singh Nagar,0.0
2020-10-04,Uttarkashi,0.6674606512516496
2020-10-05,Almora,1.5712248732723748
2020-10-05,Bageshwar,1.8081295491946063
2020-10-05,Chamoli,2.2261270929380177
2020-10-05,Champawat,0.0
2020-10-05,Dehra Dun,0.0
2020-10-05,Haridwar,0.0
2020-10-05,Naini Tal,0.3525813056985839
2020-10-05,Pauri Garhwal,0.4758434114315286
2020-10-05,Pithoragarh,1.184875511846197
2020-10-05,Rudra Prayag,2.9220171990760946
2020-10-05,Tehri Garhwal,0.9836865921117428
2020-10-05,Udham Singh Nagar,0.0
2020-10-05,Uttarkashi,1.3096608471701916
2020-10-06,Almora,0.1285751052160389
2020-10-06,Bageshwar,1.5287536413819696
2020-10-06,Chamoli,1.1871937064274276
2020-10-06,Champawat,0.0
2020-10-06,Dehra Dun,0.240098114931866
2020-10-06,Haridwar,0.0
2020-10-06,Naini Tal,0.0760137143816903
2020-10-06,Pauri Garhwal,0.0080263662996292
2020-10-06,Pithoragarh,0.9226334732239988
2020-10-06,Rudra Prayag,1.2016959998997925
2020-10-06,Tehri Garhwal,1.3933386966914367
2020-10-06,Udham Singh Nagar,0.0
2020-10-06,Uttarkashi,0.6319250163541578
2020-10-07,Almora,1.9811333633349184
2020-10-07,Bageshwar,0.5917260928781403
2020-10-07,Chamoli,0.753961671253738
2020-10-07,Champawat,0.0
2020-10-07,Dehra Dun,0.0
2020-10-07,Haridwar,0.0
2020-10-07,Naini Tal,0.023697910407446
2020-10-07,Pauri Garhwal,0.3921833199105461
2020-10-07,Pithoragarh,0.439272753704959
2020-10-07,Rudra Prayag,1.4075664552591345
2020-10-07,Tehri Garhwal,0.7999432750534107
2020-10-07,Udham Singh Nagar,0.0
2020-10-07,Uttarkashi,0.581002617369685
2020-10-08,Almora,0.0
2020-10-08,Bageshwar,1.0154429924549355
2020-10-08,Chamoli,0.2379791317214444
2020-10-08,Champawat,0.0
2020-10-08,Dehra Dun,0.0
2020-10-08,Haridwar,0.0
2020-10-08,Naini Tal,0.0
2020-10-08,Pauri Garhwal,0.0
2020-10-08,Pithoragarh,0.5963046358925104
2020-10-08,Rudra Prayag,0.1898013755975094
2020-10-08,Tehri Garhwal,0.0545420307999642
2020-10-08,Udham Singh Nagar,0.0
2020-10-08,Uttarkashi,0.1884611000671832
2020-10-09,Almora,0.0483459860870287
2020-10-09,Bageshwar,0.5802803167111158
2020-10-09,Chamoli,0.4124404983497121
2020-10-09,Champawat,0.0
2020-10-09,Dehra Dun,0.0
2020-10-09,Haridwar,0.0
2020-10-09,Naini Tal,0.053665176088171
2020-10-09,Pauri Garhwal,0.048827769740969
2020-10-09,Pithoragarh,0.6134309627893618
2020-10-09,Rudra Prayag,0.5135889352448864
2020-10-09,Tehri Garhwal,0.4724199258971086
2020-10-09,Udham Singh Nagar,0.033840524533198
2020-10-09,Uttarkashi,0.4007086341484674
2020-10-10,Almora,0.0012933838922619
2020-10-10,Bageshwar,0.4429007225238499
2020-10-10,Chamoli,0.4812687935442089
2020-10-10,Champawat,0.0
2020-10-10,Dehra Dun,0.0
2020-10-10,Haridwar,0.0
2020-10-10,Naini Tal,0.0
2020-10-10,Pauri Garhwal,0.0027892990858477
2020-10-10,Pithoragarh,0.5028398493938434
2020-10-10,Rudra Prayag,0.2186424822660745
2020-10-10,Tehri Garhwal,0.1026796579928703
2020-10-10,Udham Singh Nagar,0.0
2020-10-10,Uttarkashi,0.2571876711924148
2020-10-11,Almora,0.0327596249111368
2020-10-11,Bageshwar,0.2521424582019201
2020-10-11,Chamoli,0.1077865194443825
2020-10-11,Champawat,0.0
2020-10-11,Dehra Dun,0.0
2020-10-11,Haridwar,0.0
2020-10-11,Naini Tal,0.0590605824639157
2020-10-11,Pauri Garhwal,0.004283401457128
2020-10-11,Pithoragarh,0.1333391598157711
2020-10-11,Rudra Prayag,0.0241208972554132
2020-10-11,Tehri Garhwal,0.1806109378546096
2020-10-11,Udham Singh Nagar,0.1132522882585902
2020-10-11,Uttarkashi,0.0635382041579364
2020-10-12,Almora,0.0602223405729647
2020-10-12,Bageshwar,0.2958970505014912
2020-10-12,Chamoli,0.2876392532099867
2020-10-12,Champawat,0.0
2020-10-12,Dehra Dun,0.0
2020-10-12,Haridwar,0.0
2020-10-12,Naini Tal,0.0389535476521445
2020-10-12,Pauri Garhwal,0.1050034668490436
2020-10-12,Pithoragarh,0.1061548294933417
2020-10-12,Rudra Prayag,0.0308877371496075
2020-10-12,Tehri Garhwal,0.1942170180739487
2020-10-12,Udham Singh Nagar,0.0199379240430532
2020-10-12,Uttarkashi,1.1080357649095671
2020-10-13,Almora,0.0212411869422344
2020-10-13,Bageshwar,0.0120772055240676
2020-10-13,Chamoli,0.1484073161733599
2020-10-13,Champawat,0.0
2020-10-13,Dehra Dun,0.0
2020-10-13,Haridwar,0.0
2020-10-13,Naini Tal,0.0467437370414609
2020-10-13,Pauri Garhwal,0.0005146095052587802
2020-10-13,Pithoragarh,0.1030042524743463
2020-10-13,Rudra Prayag,0.5010086244091211
2020-10-13,Tehri Garhwal,0.2150195316783303
2020-10-13,Udham Singh Nagar,0.0
2020-10-13,Uttarkashi,0.259376915499191
2020-10-14,Almora,0.0260018975374949
2020-10-14,Bageshwar,0.0951801456207998
2020-10-14,Chamoli,0.6322102602049485
2020-10-14,Champawat,0.0
2020-10-14,Dehra Dun,0.0
2020-10-14,Haridwar,0.0
2020-10-14,Naini Tal,0.0369126039570611
2020-10-14,Pauri Garhwal,0.0031751598598466
2020-10-14,Pithoragarh,0.2303599684510713
2020-10-14,Rudra Prayag,0.5935854753833231
2020-10-14,Tehri Garhwal,0.4606147423222181
2020-10-14,Udham Singh Nagar,0.0
2020-10-14,Uttarkashi,0.2773048885310024
2020-10-15,Almora,0.0
2020-10-15,Bageshwar,0.5887582555048594
2020-10-15,Chamoli,0.4460481699289667
2020-10-15,Champawat,0.0
2020-10-15,Dehra Dun,0.0
2020-10-15,Haridwar,0.0
2020-10-15,Naini Tal,0.0
2020-10-15,Pauri Garhwal,0.0
2020-10-15,Pithoragarh,0.3806534834983346
2020-10-15,Rudra Prayag,1.0073505784386516
2020-10-15,Tehri Garhwal,0.1479417621479393
2020-10-15,Udham Singh Nagar,0.0
2020-10-15,Uttarkashi,0.0535645321964757
2020-10-16,Almora,0.0
2020-10-16,Bageshwar,0.3783492545292521
2020-10-16,Chamoli,0.415080022988663
2020-10-16,Champawat,0.0
2020-10-16,Dehra Dun,0.0
2020-10-16,Haridwar,0.0
2020-10-16,Naini Tal,0.0
2020-10-16,Pauri Garhwal,0.0657312441727823
2020-10-16,Pithoragarh,0.3840745492316361
2020-10-16,Rudra Prayag,0.6426010231035464
2020-10-16,Tehri Garhwal,0.1381447729361685
2020-10-16,Udham Singh Nagar,0.0
2020-10-16,Uttarkashi,0.4688055445003145
2020-10-17,Almora,0.0
2020-10-17,Bageshwar,0.1793345531530897
2020-10-17,Chamoli,0.1432960697971209
2020-10-17,Champawat,0.0
2020-10-17,Dehra Dun,0.0
2020-10-17,Haridwar,0.0
2020-10-17,Naini Tal,0.0
2020-10-17,Pauri Garhwal,0.0
2020-10-17,Pithoragarh,0.5151020040997507
2020-10-17,Rudra Prayag,0.7078307245711641
2020-10-17,Tehri Garhwal,0.0954512934282307
2020-10-17,Udham Singh Nagar,0.0
2020-10-17,Uttarkashi,0.1821246745277004
2020-10-18,Almora,0.0177955525945427
2020-10-18,Bageshwar,1.3879301085496352
2020-10-18,Chamoli,0.6854500425276359
2020-10-18,Champawat,0.0
2020-10-18,Dehra Dun,0.0
2020-10-18,Haridwar,0.0
2020-10-18,Naini Tal,0.0123994594042481
2020-10-18,Pauri Garhwal,0.0609401729399894
2020-10-18,Pithoragarh,0.8945231193577127
2020-10-18,Rudra Prayag,2.454141579891373
2020-10-18,Tehri Garhwal,0.9152782781401476
2020-10-18,Udham Singh Nagar,0.0
2020-10-18,Uttarkashi,0.9673935713922844
2020-10-19,Almora,0.5485832303885668
2020-10-19,Bageshwar,1.4838666903241948
2020-10-19,Chamoli,1.2737036807949156
2020-10-19,Champawat,0.0
2020-10-19,Dehra Dun,0.0
2020-10-19,Haridwar,0.0
2020-10-19,Naini Tal,0.0
2020-10-19,Pauri Garhwal,0.0091612056315878
2020-10-19,Pithoragarh,1.377755009617547
2020-10-19,Rudra Prayag,0.9902953106617244
2020-10-19,Tehri Garhwal,0.7740873838260911
2020-10-19,Udham Singh Nagar,0.0
2020-10-19,Uttarkashi,0.8227709320388487
2020-10-20,Almora,0.0559083499426502
2020-10-20,Bageshwar,0.7950192782526276
2020-10-20,Chamoli,1.2445888584590012
2020-10-20,Champawat,0.0
2020-10-20,Dehra Dun,0.0
2020-10-20,Haridwar,0.0
2020-10-20,Naini Tal,0.0
2020-10-20,Pauri Garhwal,0.1344584033511238
2020-10-20,Pithoragarh,0.7430456259283659
2020-10-20,Rudra Prayag,0.6334749427789722
2020-10-20,Tehri Garhwal,0.6093347157599149
2020-10-20,Udham Singh Nagar,0.0
2020-10-20,Uttarkashi,0.6862652609499574
2020-10-21,Almora,0.8448264445774174
2020-10-21,Bageshwar,0.2002683771031169
2020-10-21,Chamoli,0.5781917482186771
2020-10-21,Champawat,0.0
2020-10-21,Dehra Dun,0.0
2020-10-21,Haridwar,0.0
2020-10-21,Naini Tal,0.0
2020-10-21,Pauri Garhwal,0.0848866681349405
2020-10-21,Pithoragarh,0.3381036403044403
2020-10-21,Rudra Prayag,1.2576113606872283
2020-10-21,Tehri Garhwal,0.5704360322328551
2020-10-21,Udham Singh Nagar,0.0
2020-10-21,Uttarkashi,0.9434958700829024
2020-10-22,Almora,0.0249810190204684
2020-10-22,Bageshwar,0.6587113786755842
2020-10-22,Chamoli,1.104624876315308
2020-10-22,Champawat,0.0010391565780323
2020-10-22,Dehra Dun,0.0
2020-10-22,Haridwar,0.0
2020-10-22,Naini Tal,0.0
2020-10-22,Pauri Garhwal,0.025304524782132
2020-10-22,Pithoragarh,0.7395825853658813
2020-10-22,Rudra Prayag,1.7654023773173615
2020-10-22,Tehri Garhwal,0.1884750255187913
2020-10-22,Udham Singh Nagar,0.0
2020-10-22,Uttarkashi,0.969185711713556
2020-10-23,Almora,0.2113157499525009
2020-10-23,Bageshwar,0.1127729749642586
2020-10-23,Chamoli,0.7978470618889754
2020-10-23,Champawat,0.0
2020-10-23,Dehra Dun,0.0
2020-10-23,Haridwar,0.0
2020-10-23,Naini Tal,0.0
2020-10-23,Pauri Garhwal,0.6485428947608717
2020-10-23,Pithoragarh,0.2487507220296306
2020-10-23,Rudra Prayag,2.170490458801981
2020-10-23,Tehri Garhwal,0.6894157276134846
2020-10-23,Udham Singh Nagar,0.0
2020-10-23,Uttarkashi,0.3229323561739818
2020-10-24,Almora,0.3864492864758099
2020-10-24,Bageshwar,0.3377123092109447
2020-10-24,Chamoli,0.9562445078252844
2020-10-24,Champawat,0.0
2020-10-24,Dehra Dun,0.0
2020-10-24,Haridwar,0.0
2020-10-24,Naini Tal,0.1258593950427199
2020-10-24,Pauri Garhwal,0.3793473838013641
2020-10-24,Pithoragarh,0.1092162149962329
2020-10-24,Rudra Prayag,0.2575906663566879
2020-10-24,Tehri Garhwal,0.3403793301447883
2020-10-24,Udham Singh Nagar,0.0
2020-10-24,Uttarkashi,0.2853992898090142
2020-10-25,Almora,1.7331527508037676
2020-10-25,Bageshwar,0.0975579015172757
2020-10-25,Chamoli,0.5004193658867251
2020-10-25,Champawat,0.0
2020-10-25,Dehra Dun,0.0
2020-10-25,Haridwar,0.0
2020-10-25,Naini Tal,1.0448373468678125
2020-10-25,Pauri Garhwal,0.1575129103337998
2020-10-25,Pithoragarh,0.0946822873896216
2020-10-25,Rudra Prayag,0.4936632008241917
2020-10-25,Tehri Garhwal,0.1071821363135786
2020-10-25,Udham Singh Nagar,0.0
2020-10-25,Uttarkashi,0.2478270485218655
2020-10-26,Almora,0.9638109877463148
2020-10-26,Bageshwar,0.6941231426541515
2020-10-26,Chamoli,0.9966782936030284
2020-10-26,Champawat,0.0
2020-10-26,Dehra Dun,0.0
2020-10-26,Haridwar,0.0
2020-10-26,Naini Tal,0.0481996265082551
2020-10-26,Pauri Garhwal,0.4260689146433603
2020-10-26,Pithoragarh,0.1883694713909087
2020-10-26,Rudra Prayag,2.32218301594193
2020-10-26,Tehri Garhwal,0.4497245409175488
2020-10-26,Udham Singh Nagar,0.0
2020-10-26,Uttarkashi,0.9951193887855496
2020-10-27,Almora,3.513498422115992
2020-10-27,Bageshwar,0.4147224153405712
2020-10-27,Chamoli,1.1372654710673398
2020-10-27,Champawat,0.0
2020-10-27,Dehra Dun,0.0
2020-10-27,Haridwar,0.0
2020-10-27,Naini Tal,1.055357972444324
2020-10-27,Pauri Garhwal,0.6698770150869668
2020-10-27,Pithoragarh,0.2295339218617919
2020-10-27,Rudra Prayag,1.6798289741986208
2020-10-27,Tehri Garhwal,0.4370772853165972
2020-10-27,Udham Singh Nagar,0.0
2020-10-27,Uttarkashi,0.8845740403497336
2020-10-28,Almora,0.0647098691305731
2020-10-28,Bageshwar,0.2584218713098808
2020-10-28,Chamoli,0.3960564425637505
2020-10-28,Champawat,0.0
2020-10-28,Dehra Dun,0.0
2020-10-28,Haridwar,0.0
2020-10-28,Naini Tal,0.0
2020-10-28,Pauri Garhwal,0.0633702102668595
2020-10-28,Pithoragarh,0.0458805515057122
2020-10-28,Rudra Prayag,0.5877996393680469
2020-10-28,Tehri Garhwal,0.0650986444371568
2020-10-28,Udham Singh Nagar,0.0
2020-10-28,Uttarkashi,0.4945997494704718
2020-10-29,Almora,0.0
2020-10-29,Bageshwar,0.2422067951448672
2020-10-29,Chamoli,0.1177360977041918
2020-10-29,Champawat,0.0
2020-10-29,Dehra Dun,0.0
2020-10-29,Haridwar,0.0
2020-10-29,Naini Tal,0.0
2020-10-29,Pauri Garhwal,0.0030996068081724
2020-10-29,Pithoragarh,0.0440276306972969
2020-10-29,Rudra Prayag,0.6634783972974784
2020-10-29,Tehri Garhwal,0.1530818681886297
2020-10-29,Udham Singh Nagar,0.0
2020-10-29,Uttarkashi,0.3107236790214668
2020-10-30,Almora,0.0
2020-10-30,Bageshwar,0.0015716911567484
2020-10-30,Chamoli,0.1381119911163082
2020-10-30,Champawat,0.0
2020-10-30,Dehra Dun,0.0
2020-10-30,Haridwar,0.0
2020-10-30,Naini Tal,0.0172976195923716
2020-10-30,Pauri Garhwal,0.0856599334040637
2020-10-30,Pithoragarh,0.0165765997386363
2020-10-30,Rudra Prayag,0.279164066921038
2020-10-30,Tehri Garhwal,0.0262638191620453
2020-10-30,Udham Singh Nagar,0.0
2020-10-30,Uttarkashi,0.3558631511142987
2020-10-31,Almora,0.7079927980386672
2020-10-31,Bageshwar,0.0484623151891248
2020-10-31,Chamoli,0.4802611661069559
2020-10-31,Champawat,0.0
2020-10-31,Dehra Dun,0.0017334423587639
2020-10-31,Haridwar,0.0
2020-10-31,Naini Tal,0.0057819805118753
2020-10-31,Pauri Garhwal,0.0524766766940441
2020-10-31,Pithoragarh,0.1226742999683889
2020-10-31,Rudra Prayag,1.1330051522193694
2020-10-31,Tehri Garhwal,0.3271611608856714
2020-10-31,Udham Singh Nagar,0.0
2020-10-31,Uttarkashi,0.1729464657801548
2020-11-01,Almora,0.1180027075785294
2020-11-01,Bageshwar,0.5194840886479464
2020-11-01,Chamoli,2.2774563250558257
2020-11-01,Champawat,0.1039107644826865
2020-11-01,Dehra Dun,0.0169856913549468
2020-11-01,Haridwar,0.0076789051061619
2020-11-01,Naini Tal,0.0039751636491202
2020-11-01,Pauri Garhwal,0.0276561169248947
2020-11-01,Pithoragarh,0.6198652366053709
2020-11-01,Rudra Prayag,2.3080560810397506
2020-11-01,Tehri Garhwal,0.5088582608471204
2020-11-01,Udham Singh Nagar,0.0046333875360177
2020-11-01,Uttarkashi,1.1241506647865265
2020-11-02,Almora,0.1666695999502812
2020-11-02,Bageshwar,0.0223786756861954
2020-11-02,Chamoli,0.7093028844320869
2020-11-02,Champawat,0.0
2020-11-02,Dehra Dun,0.0052085035600115
2020-11-02,Haridwar,0.0
2020-11-02,Naini Tal,0.0094819700096282
2020-11-02,Pauri Garhwal,0.1629828021523935
2020-11-02,Pithoragarh,0.1806881725677361
2020-11-02,Rudra Prayag,1.003941256685153
2020-11-02,Tehri Garhwal,0.1690502233967132
2020-11-02,Udham Singh Nagar,0.0
2020-11-02,Uttarkashi,0.5991606463628033
2020-11-03,Almora,0.2976247221612778
2020-11-03,Bageshwar,0.1560284885834656
2020-11-03,Chamoli,0.4979521787893647
2020-11-03,Champawat,0.0
2020-11-03,Dehra Dun,0.0080253473787882
2020-11-03,Haridwar,0.0032276808730123
2020-11-03,Naini Tal,0.0156323388481155
2020-11-03,Pauri Garhwal,0.1764027389567269
2020-11-03,Pithoragarh,0.3043590336158511
2020-11-03,Rudra Prayag,0.3214576774069295
2020-11-03,Tehri Garhwal,0.1310241102349095
2020-11-03,Udham Singh Nagar,0.0132951518649275
2020-11-03,Uttarkashi,0.5172895248168443
2020-11-04,Almora,0.1246210647058277
2020-11-04,Bageshwar,0.2301635951988453
2020-11-04,Chamoli,0.1324754516914524
2020-11-04,Champawat,0.0025602409066295
2020-11-04,Dehra Dun,0.0
2020-11-04,Haridwar,0.0
2020-11-04,Naini Tal,0.0010537254143745
2020-11-04,Pauri Garhwal,0.0527781185999692
2020-11-04,Pithoragarh,0.0722536998343252
2020-11-04,Rudra Prayag,0.3151675190104233
2020-11-04,Tehri Garhwal,0.1561608802601042
2020-11-04,Udham Singh Nagar,0.0
2020-11-04,Uttarkashi,0.0743010697517041
2020-11-05,Almora,0.5821515576620515
2020-11-05,Bageshwar,0.9364632113937712
2020-11-05,Chamoli,0.4853230589751197
2020-11-05,Champawat,0.0
2020-11-05,Dehra Dun,0.0
2020-11-05,Haridwar,0.0
2020-11-05,Naini Tal,0.0430385524169528
2020-11-05,Pauri Garhwal,0.1496734980284988
2020-11-05,Pithoragarh,0.085337819622173
2020-11-05,Rudra Prayag,0.5031796048146018
2020-11-05,Tehri Garhwal,0.3265344921585238
2020-11-05,Udham Singh Nagar,0.0
2020-11-05,Uttarkashi,0.2694129572484457
2020-11-06,Almora,0.0
2020-11-06,Bageshwar,0.8937159775443004
2020-11-06,Chamoli,0.3839336714062119
2020-11-06,Champawat,0.0
2020-11-06,Dehra Dun,0.0
2020-11-06,Haridwar,0.0
2020-11-06,Naini Tal,0.0
2020-11-06,Pauri Garhwal,0.0
2020-11-06,Pithoragarh,0.699842005000287
2020-11-06,Rudra Prayag,1.0605733791948495
2020-11-06,Tehri Garhwal,0.2475195325958268
2020-11-06,Udham Singh Nagar,0.0
2020-11-06,Uttarkashi,0.2893932101541567
2020-11-07,Almora,0.1506629580559376
2020-11-07,Bageshwar,0.7930753551837854
2020-11-07,Chamoli,0.6135172178408663
2020-11-07,Champawat,0.0147213850938995
2020-11-07,Dehra Dun,0.0
2020-11-07,Haridwar,0.0
2020-11-07,Naini Tal,0.00044580690340516126
2020-11-07,Pauri Garhwal,0.0117365659709476
2020-11-07,Pithoragarh,0.6250533258407885
2020-11-07,Rudra Prayag,1.9671450213279849
2020-11-07,Tehri Garhwal,0.2502635278284736
2020-11-07,Udham Singh Nagar,0.0
2020-11-07,Uttarkashi,0.8262646343251485
2020-11-08,Almora,0.1182734505116834
2020-11-08,Bageshwar,0.4022775650502059
2020-11-08,Chamoli,1.0250696019444343
2020-11-08,Champawat,0.0108810234955141
2020-11-08,Dehra Dun,0.0
2020-11-08,Haridwar,0.0
2020-11-08,Naini Tal,0.0
2020-11-08,Pauri Garhwal,0.0424774489942434
2020-11-08,Pithoragarh,0.2816972648995287
2020-11-08,Rudra Prayag,2.266849680536384
2020-11-08,Tehri Garhwal,0.540484165780252
2020-11-08,Udham Singh Nagar,0.0
2020-11-08,Uttarkashi,1.033461391925578
2020-11-09,Almora,0.0
2020-11-09,Bageshwar,0.3287545866468195
2020-11-09,Chamoli,0.4056962862945839
2020-11-09,Champawat,0.0099209333343588
2020-11-09,Dehra Dun,0.0
2020-11-09,Haridwar,0.0
2020-11-09,Naini Tal,0.0023386676985568
2020-11-09,Pauri Garhwal,0.0105176932455515
2020-11-09,Pithoragarh,0.2104077718690926
2020-11-09,Rudra Prayag,2.677906661095911
2020-11-09,Tehri Garhwal,0.2781204637660198
2020-11-09,Udham Singh Nagar,0.0679160493745091
2020-11-09,Uttarkashi,0.6065686532330508
2020-11-10,Almora,0.0
2020-11-10,Bageshwar,0.052506432945751
2020-11-10,Chamoli,0.1493703945151401
2020-11-10,Champawat,0.0
2020-11-10,Dehra Dun,0.0049345869165849
2020-11-10,Haridwar,0.0
2020-11-10,Naini Tal,0.003444871584645
2020-11-10,Pauri Garhwal,0.0001341454002918049
2020-11-10,Pithoragarh,0.013396875110671
2020-11-10,Rudra Prayag,0.2093022385827669
2020-11-10,Tehri Garhwal,0.1125476519650702
2020-11-10,Udham Singh Nagar,0.0
2020-11-10,Uttarkashi,0.0113348583024424
2020-11-11,Almora,0.0
2020-11-11,Bageshwar,0.1147453992908327
2020-11-11,Chamoli,0.0886284794807299
2020-11-11,Champawat,0.0
2020-11-11,Dehra Dun,0.0
2020-11-11,Haridwar,0.0
2020-11-11,Naini Tal,0.0024410266511256
2020-11-11,Pauri Garhwal,0.0099163514818781
2020-11-11,Pithoragarh,0.0437379024011395
2020-11-11,Rudra Prayag,0.0158721931188629
2020-11-11,Tehri Garhwal,0.0
2020-11-11,Udham Singh Nagar,0.0100960681435715
2020-11-11,Uttarkashi,0.0524951411931441
2020-11-12,Almora,0.0
2020-11-12,Bageshwar,0.052449447313077
2020-11-12,Chamoli,0.1794816400388578
2020-11-12,Champawat,0.0
2020-11-12,Dehra Dun,0.03965998694423
2020-11-12,Haridwar,0.0
2020-11-12,Naini Tal,0.0
2020-11-12,Pauri Garhwal,0.0337167517975301
2020-11-12,Pithoragarh,0.0388763543352257
2020-11-12,Rudra Prayag,0.0437633831411059
2020-11-12,Tehri Garhwal,0.0455651911899796
2020-11-12,Udham Singh Nagar,0.0
2020-11-12,Uttarkashi,0.087294236413475
2020-11-13,Almora,8.40563972535141e-05
2020-11-13,Bageshwar,0.0550220577998141
2020-11-13,Chamoli,0.109413613992615
2020-11-13,Champawat,0.0
2020-11-13,Dehra Dun,0.0
2020-11-13,Haridwar,0.0
2020-11-13,Naini Tal,0.000661436119951578
2020-11-13,Pauri Garhwal,0.005762855336587
2020-11-13,Pithoragarh,0.0814527197540309
2020-11-13,Rudra Prayag,0.3579550851940696
2020-11-13,Tehri Garhwal,0.0324042113117939
2020-11-13,Udham Singh Nagar,0.0033653561175067
2020-11-13,Uttarkashi,0.067318998103918
2020-11-14,Almora,0.0059957969957738
2020-11-14,Bageshwar,0.1302748120987363
2020-11-14,Chamoli,0.3140539893813999
2020-11-14,Champawat,0.0019201806799721
2020-11-14,Dehra Dun,0.1139234084067127
2020-11-14,Haridwar,9.156541439991096e-05
2020-11-14,Naini Tal,0.0084033044145884
2020-11-14,Pauri Garhwal,0.0029955284700007
2020-11-14,Pithoragarh,0.3516646197173316
2020-11-14,Rudra Prayag,0.1298929162728817
2020-11-14,Tehri Garhwal,0.0489692131382794
2020-11-14,Udham Singh Nagar,0.0057788943126357
2020-11-14,Uttarkashi,0.3494584002358503
2020-11-15,Almora,0.4818817668080778
2020-11-15,Bageshwar,0.6974145057431409
2020-11-15,Chamoli,0.67689892865109
2020-11-15,Champawat,1.4460027160370312
2020-11-15,Dehra Dun,9.18944309759338
2020-11-15,Haridwar,5.162594542324512
2020-11-15,Naini Tal,1.059087058979192
2020-11-15,Pauri Garhwal,1.3281978749948744
2020-11-15,Pithoragarh,1.4861034961083748
2020-11-15,Rudra Prayag,0.4447271026420006
2020-11-15,Tehri Garhwal,2.4171206128444087
2020-11-15,Udham Singh Nagar,3.156518549861664
2020-11-15,Uttarkashi,5.561664459824018
2020-11-16,Almora,1.8892420936890253
2020-11-16,Bageshwar,1.50155051316816
2020-11-16,Chamoli,2.763579861319786
2020-11-16,Champawat,0.0657392051194824
2020-11-16,Dehra Dun,3.698449767274647
2020-11-16,Haridwar,3.003712744574563
2020-11-16,Naini Tal,0.1939301613792212
2020-11-16,Pauri Garhwal,4.056463164855868
2020-11-16,Pithoragarh,0.2190751371790325
2020-11-16,Rudra Prayag,5.332998151829811
2020-11-16,Tehri Garhwal,5.369778259903469
2020-11-16,Udham Singh Nagar,0.0131946493731935
2020-11-16,Uttarkashi,3.695107733343285
2020-11-17,Almora,0.0
2020-11-17,Bageshwar,0.7441792096571163
2020-11-17,Chamoli,0.1104737994900221
2020-11-17,Champawat,0.0
2020-11-17,Dehra Dun,0.0
2020-11-17,Haridwar,0.0
2020-11-17,Naini Tal,1.8705185074996e-05
2020-11-17,Pauri Garhwal,0.0240663783170989
2020-11-17,Pithoragarh,0.2017867494881816
2020-11-17,Rudra Prayag,0.0588998264608991
2020-11-17,Tehri Garhwal,0.0597269335718881
2020-11-17,Udham Singh Nagar,0.0033653561175067
2020-11-17,Uttarkashi,0.0703362980745987
2020-11-18,Almora,0.0066214747193578
2020-11-18,Bageshwar,0.0953593725821359
2020-11-18,Chamoli,0.1387704051323927
2020-11-18,Champawat,0.0
2020-11-18,Dehra Dun,0.0043397381797414
2020-11-18,Haridwar,0.0
2020-11-18,Naini Tal,0.0
2020-11-18,Pauri Garhwal,0.0019659238670944
2020-11-18,Pithoragarh,0.0392683909789976
2020-11-18,Rudra Prayag,0.0219982726161652
2020-11-18,Tehri Garhwal,0.0819729303585538
2020-11-18,Udham Singh Nagar,0.0
2020-11-18,Uttarkashi,0.0528640369211266
2020-11-19,Almora,0.0566872274004369
2020-11-19,Bageshwar,0.2022279358688085
2020-11-19,Chamoli,0.1064622202280302
2020-11-19,Champawat,6.024096250893121e-05
2020-11-19,Dehra Dun,0.0559791481546533
2020-11-19,Haridwar,0.0
2020-11-19,Naini Tal,0.0037737710096168
2020-11-19,Pauri Garhwal,0.0258727154957502
2020-11-19,Pithoragarh,0.0171108773450851
2020-11-19,Rudra Prayag,0.1150362653194545
2020-11-19,Tehri Garhwal,0.4556104533927848
2020-11-19,Udham Singh Nagar,0.0
2020-11-19,Uttarkashi,0.2073838713559088
2020-11-20,Almora,0.0814621723888324
2020-11-20,Bageshwar,0.2354751781759072
2020-11-20,Chamoli,0.2308857057995124
2020-11-20,Champawat,0.0
2020-11-20,Dehra Dun,0.0
2020-11-20,Haridwar,0.0
2020-11-20,Naini Tal,0.0117801097888009
2020-11-20,Pauri Garhwal,0.0183571035447502
2020-11-20,Pithoragarh,0.02890491957696
2020-11-20,Rudra Prayag,0.1623143300246801
2020-11-20,Tehri Garhwal,0.1579760727784168
2020-11-20,Udham Singh Nagar,0.0
2020-11-20,Uttarkashi,0.0108274303935129
2020-11-21,Almora,0.0
2020-11-21,Bageshwar,0.0517941166516667
2020-11-21,Chamoli,0.2048927509649179
2020-11-21,Champawat,0.0089608429347624
2020-11-21,Dehra Dun,0.0
2020-11-21,Haridwar,0.0
2020-11-21,Naini Tal,3.2214485600499346e-05
2020-11-21,Pauri Garhwal,0.0104849274741175
2020-11-21,Pithoragarh,0.049681705609952
2020-11-21,Rudra Prayag,0.1057167514444478
2020-11-21,Tehri Garhwal,0.0775900668656511
2020-11-21,Udham Singh Nagar,0.0057958911260864
2020-11-21,Uttarkashi,0.0539788737972967
2020-11-22,Almora,0.0035405367929256
2020-11-22,Bageshwar,0.6121828896834116
2020-11-22,Chamoli,0.5085841826388438
2020-11-22,Champawat,0.0067896583717387
2020-11-22,Dehra Dun,0.0474802384482486
2020-11-22,Haridwar,0.1153961936776779
2020-11-22,Naini Tal,0.0291748933433506
2020-11-22,Pauri Garhwal,0.0264405205262239
2020-11-22,Pithoragarh,0.1904555735585697
2020-11-22,Rudra Prayag,0.9509343384393524
2020-11-22,Tehri Garhwal,0.1506857574631375
2020-11-22,Udham Singh Nagar,0.0455099014359428
2020-11-22,Uttarkashi,0.3276158005626969
2020-11-23,Almora,3.592733108416329e-05
2020-11-23,Bageshwar,0.1631470546552651
2020-11-23,Chamoli,0.4646881217026763
2020-11-23,Champawat,0.0
2020-11-23,Dehra Dun,0.2640998839213124
2020-11-23,Haridwar,0.0075655924066111
2020-11-23,Naini Tal,4.780213963610089e-05
2020-11-23,Pauri Garhwal,0.0182379918666511
2020-11-23,Pithoragarh,0.1177672819776046
2020-11-23,Rudra Prayag,0.6762020538298861
2020-11-23,Tehri Garhwal,0.5681643010506082
2020-11-23,Udham Singh Nagar,0.0108365353575114
2020-11-23,Uttarkashi,2.169245857424615
2020-11-24,Almora,0.0570763272501996
2020-11-24,Bageshwar,0.5740808690228734
2020-11-24,Chamoli,0.4920045771214087
2020-11-24,Champawat,0.4301129446673977
2020-11-24,Dehra Dun,0.2730539574599541
2020-11-24,Haridwar,0.1901091715994305
2020-11-24,Naini Tal,0.1969848213541007
2020-11-24,Pauri Garhwal,0.0938879020247017
2020-11-24,Pithoragarh,0.2607659953849413
2020-11-24,Rudra Prayag,1.3743972021664952
2020-11-24,Tehri Garhwal,0.417443758605781
2020-11-24,Udham Singh Nagar,0.1650066471262497
2020-11-24,Uttarkashi,0.9868783090424844
2020-11-25,Almora,0.641688567311114
2020-11-25,Bageshwar,1.1068519952508402
2020-11-25,Chamoli,2.6190488671417054
2020-11-25,Champawat,0.1279041142563848
2020-11-25,Dehra Dun,5.865758251362756
2020-11-25,Haridwar,2.2729080247716213
2020-11-25,Naini Tal,0.4263348120938208
2020-11-25,Pauri Garhwal,0.980945159513918
2020-11-25,Pithoragarh,0.7516284623945347
2020-11-25,Rudra Prayag,6.440347010166818
2020-11-25,Tehri Garhwal,5.508864715741628
2020-11-25,Udham Singh Nagar,0.404196708800231
2020-11-25,Uttarkashi,5.22561919465534
2020-11-26,Almora,0.4622539198643492
2020-11-26,Bageshwar,0.710940239668365
2020-11-26,Chamoli,1.2592431134644688
2020-11-26,Champawat,0.4026932642097588
2020-11-26,Dehra Dun,1.6680321261898734
2020-11-26,Haridwar,0.1270126748909125
2020-11-26,Naini Tal,0.7874851722710993
2020-11-26,Pauri Garhwal,0.2723587160640251
2020-11-26,Pithoragarh,0.4439894380286801
2020-11-26,Rudra Prayag,2.139595807190591
2020-11-26,Tehri Garhwal,0.7679203027449948
2020-11-26,Udham Singh Nagar,0.2602889380678468
2020-11-26,Uttarkashi,1.906235140567522
2020-11-27,Almora,0.0889343791431696
2020-11-27,Bageshwar,0.0934448499052771
2020-11-27,Chamoli,0.165208350626525
2020-11-27,Champawat,0.0
2020-11-27,Dehra Dun,0.0
2020-11-27,Haridwar,0.0
2020-11-27,Naini Tal,0.0
2020-11-27,Pauri Garhwal,0.0008761853352447544
2020-11-27,Pithoragarh,0.0183688928651675
2020-11-27,Rudra Prayag,0.0474196877143955
2020-11-27,Tehri Garhwal,0.0
2020-11-27,Udham Singh Nagar,0.0
2020-11-27,Uttarkashi,0.0012411458382395
2020-11-28,Almora,0.0329162143487756
2020-11-28,Bageshwar,0.5631874839458546
2020-11-28,Chamoli,0.2057982016276386
2020-11-28,Champawat,0.0
2020-11-28,Dehra Dun,0.0102698282488695
2020-11-28,Haridwar,0.00025796794633821065
2020-11-28,Naini Tal,0.0013041670705066
2020-11-28,Pauri Garhwal,0.0300551224552355
2020-11-28,Pithoragarh,0.0619526039685745
2020-11-28,Rudra Prayag,0.1617512913009019
2020-11-28,Tehri Garhwal,0.0503297736343661
2020-11-28,Udham Singh Nagar,0.0
2020-11-28,Uttarkashi,0.0584476262582973
2020-11-29,Almora,0.0
2020-11-29,Bageshwar,0.6128823390778374
2020-11-29,Chamoli,0.170032810123337
2020-11-29,Champawat,0.0019201806799721
2020-11-29,Dehra Dun,0.0080873532948975
2020-11-29,Haridwar,0.0057201970899636
2020-11-29,Naini Tal,0.0
2020-11-29,Pauri Garhwal,0.002430807061711
2020-11-29,Pithoragarh,0.570772112053521
2020-11-29,Rudra Prayag,0.4910414368319542
2020-11-29,Tehri Garhwal,0.1234040183929092
2020-11-29,Udham Singh Nagar,0.0
2020-11-29,Uttarkashi,0.5615520468759307
2020-11-30,Almora,0.0
2020-11-30,Bageshwar,0.6056948361712893
2020-11-30,Chamoli,0.1718159703610968
2020-11-30,Champawat,0.0
2020-11-30,Dehra Dun,0.0034750612469379
2020-11-30,Haridwar,0.0
2020-11-30,Naini Tal,2.80577774189322e-05
2020-11-30,Pauri Garhwal,0.00018888288838472223
2020-11-30,Pithoragarh,0.3072490301243247
2020-11-30,Rudra Prayag,0.6955008470104277
2020-11-30,Tehri Garhwal,0.3011847056202226
2020-11-30,Udham Singh Nagar,0.0050480341414353
2020-11-30,Uttarkashi,0.0854547709316628
2020-12-01,Almora,0.0044221802342656
2020-12-01,Bageshwar,1.4650915031638063
2020-12-01,Chamoli,0.3772794172595028
2020-12-01,Champawat,0.0026104418309798
2020-12-01,Dehra Dun,0.0122773238782902
2020-12-01,Haridwar,0.005409491409594
2020-12-01,Naini Tal,0.0017242024933723
2020-12-01,Pauri Garhwal,0.0057155965727531
2020-12-01,Pithoragarh,0.4955414931564675
2020-12-01,Rudra Prayag,0.5151075868556897
2020-12-01,Tehri Garhwal,0.2367212578775542
2020-12-01,Udham Singh Nagar,0.0016092226121674
2020-12-01,Uttarkashi,0.1557266617279985
2020-12-02,Almora,0.0293885563380779
2020-12-02,Bageshwar,2.826499008348637
2020-12-02,Chamoli,0.8831757301060288
2020-12-02,Champawat,0.0012801204533147
2020-12-02,Dehra Dun,0.0
2020-12-02,Haridwar,0.0
2020-12-02,Naini Tal,0.0037846824567125
2020-12-02,Pauri Garhwal,0.0064702025231911
2020-12-02,Pithoragarh,1.1024985185085856
2020-12-02,Rudra Prayag,0.5838220950750078
2020-12-02,Tehri Garhwal,0.3342827769826134
2020-12-02,Udham Singh Nagar,0.0003768843996464907
2020-12-02,Uttarkashi,0.1955892262035883
2020-12-03,Almora,0.0
2020-12-03,Bageshwar,4.581600961274373
2020-12-03,Chamoli,0.987507973883934
2020-12-03,Champawat,0.0
2020-12-03,Dehra Dun,0.0
2020-12-03,Haridwar,0.0
2020-12-03,Naini Tal,0.0
2020-12-03,Pauri Garhwal,0.0
2020-12-03,Pithoragarh,1.1992281383283825
2020-12-03,Rudra Prayag,3.329701154275325
2020-12-03,Tehri Garhwal,0.2420229624407035
2020-12-03,Udham Singh Nagar,0.005036949184196
2020-12-03,Uttarkashi,0.3928887860013859
2020-12-04,Almora,0.00013828633096545868
2020-12-04,Bageshwar,1.53881430566441
2020-12-04,Chamoli,0.56267232616904
2020-12-04,Champawat,0.0320594869967808
2020-12-04,Dehra Dun,0.0209886886250013
2020-12-04,Haridwar,0.0
2020-12-04,Naini Tal,0.004637327133176
2020-12-04,Pauri Garhwal,0.007077326038718
2020-12-04,Pithoragarh,0.4284682738835983
2020-12-04,Rudra Prayag,0.4332124266915011
2020-12-04,Tehri Garhwal,0.218282494711925
2020-12-04,Udham Singh Nagar,0.0
2020-12-04,Uttarkashi,0.2136275237164039
2020-12-05,Almora,0.0340272496444821
2020-12-05,Bageshwar,0.8984163467332326
2020-12-05,Chamoli,0.6100325313655249
2020-12-05,Champawat,0.0
2020-12-05,Dehra Dun,0.1165978443722803
2020-12-05,Haridwar,0.2518612339495392
2020-12-05,Naini Tal,0.00014652394975413533
2020-12-05,Pauri Garhwal,0.0109729393176483
2020-12-05,Pithoragarh,0.3817564327060443
2020-12-05,Rudra Prayag,2.7263021759579478
2020-12-05,Tehri Garhwal,0.8289782471329562
2020-12-05,Udham Singh Nagar,0.0039565473494315
2020-12-05,Uttarkashi,0.4198019047875053
2020-12-06,Almora,0.0
2020-12-06,Bageshwar,0.7521948382491246
2020-12-06,Chamoli,0.3289411406583027
2020-12-06,Champawat,0.0
2020-12-06,Dehra Dun,0.0011086127011049
2020-12-06,Haridwar,0.0
2020-12-06,Naini Tal,0.0
2020-12-06,Pauri Garhwal,0.0
2020-12-06,Pithoragarh,0.4171006639063043
2020-12-06,Rudra Prayag,0.5545975741655252
2020-12-06,Tehri Garhwal,0.4150657539359418
2020-12-06,Udham Singh Nagar,0.0015740466102882
2020-12-06,Uttarkashi,0.3720789106516263
2020-12-07,Almora,0.0
2020-12-07,Bageshwar,0.3204374927486402
2020-12-07,Chamoli,0.5307627140901441
2020-12-07,Champawat,0.0
2020-12-07,Dehra Dun,0.0022131370451087
2020-12-07,Haridwar,0.0
2020-12-07,Naini Tal,0.0
2020-12-07,Pauri Garhwal,0.0
2020-12-07,Pithoragarh,0.5116628634533716
2020-12-07,Rudra Prayag,0.6651778769352843
2020-12-07,Tehri Garhwal,0.0809407152054072
2020-12-07,Udham Singh Nagar,0.0
2020-12-07,Uttarkashi,0.4318802008435801
2020-12-08,Almora,0.0
2020-12-08,Bageshwar,0.112380511206335
2020-12-08,Chamoli,0.3311271388550302
2020-12-08,Champawat,0.0
2020-12-08,Dehra Dun,0.0155928041822761
2020-12-08,Haridwar,0.0
2020-12-08,Naini Tal,0.0
2020-12-08,Pauri Garhwal,0.0
2020-12-08,Pithoragarh,0.4030791542378141
2020-12-08,Rudra Prayag,0.4607875539668689
2020-12-08,Tehri Garhwal,0.1055389799063494
2020-12-08,Udham Singh Nagar,0.0
2020-12-08,Uttarkashi,0.2868708001058797
2020-12-09,Almora,0.1623312039179585
2020-12-09,Bageshwar,0.6999953863228097
2020-12-09,Chamoli,0.2433251463376298
2020-12-09,Champawat,0.0133810236352967
2020-12-09,Dehra Dun,0.5556588872536635
2020-12-09,Haridwar,0.0764835340837267
2020-12-09,Naini Tal,0.0422996974740942
2020-12-09,Pauri Garhwal,0.418120027613821
2020-12-09,Pithoragarh,0.3771918984618108
2020-12-09,Rudra Prayag,0.3312694193978692
2020-12-09,Tehri Garhwal,0.4480928228438409
2020-12-09,Udham Singh Nagar,0.0
2020-12-09,Uttarkashi,0.6326305289259887
2020-12-10,Almora,0.0
2020-12-10,Bageshwar,0.0915661744566237
2020-12-10,Chamoli,0.0270424709202056
2020-12-10,Champawat,0.0
2020-12-10,Dehra Dun,0.0
2020-12-10,Haridwar,0.0
2020-12-10,Naini Tal,0.0
2020-12-10,Pauri Garhwal,0.0003453858527591478
2020-12-10,Pithoragarh,0.0413466235913767
2020-12-10,Rudra Prayag,0.0145146801450091
2020-12-10,Tehri Garhwal,0.026804231119662
2020-12-10,Udham Singh Nagar,0.0
2020-12-10,Uttarkashi,0.0203403743070455
2020-12-11,Almora,0.2398549302448538
2020-12-11,Bageshwar,0.3031893309101338
2020-12-11,Chamoli,0.2443677233952463
2020-12-11,Champawat,0.5389733784130762
2020-12-11,Dehra Dun,4.554684416555315
2020-12-11,Haridwar,3.674873129951913
2020-12-11,Naini Tal,0.3038558581505045
2020-12-11,Pauri Garhwal,0.3505261641703117
2020-12-11,Pithoragarh,0.1828442303564473
2020-12-11,Rudra Prayag,0.6027685451107374
2020-12-11,Tehri Garhwal,1.7508387030486667
2020-12-11,Udham Singh Nagar,0.1149985193695566
2020-12-11,Uttarkashi,5.331347571610484
2020-12-12,Almora,3.07258262526213
2020-12-12,Bageshwar,3.4452085549515155
2020-12-12,Chamoli,2.4258328252474977
2020-12-12,Champawat,1.971690464286315
2020-12-12,Dehra Dun,8.498359677310994
2020-12-12,Haridwar,2.98580379056039
2020-12-12,Naini Tal,1.1902150785703196
2020-12-12,Pauri Garhwal,3.981211459011708
2020-12-12,Pithoragarh,1.2967456292658102
2020-12-12,Rudra Prayag,4.247343575434247
2020-12-12,Tehri Garhwal,5.872126710629202
2020-12-12,Udham Singh Nagar,1.0037207803417778
2020-12-12,Uttarkashi,2.8027530241209915
2020-12-13,Almora,0.109419737007785
2020-12-13,Bageshwar,0.0248979771913796
2020-12-13,Chamoli,0.1101533958518731
2020-12-13,Champawat,0.0
2020-12-13,Dehra Dun,0.0
2020-12-13,Haridwar,0.0
2020-12-13,Naini Tal,0.007976202634512
2020-12-13,Pauri Garhwal,0.0058626934721412
2020-12-13,Pithoragarh,0.0500801546000516
2020-12-13,Rudra Prayag,0.1580794435801927
2020-12-13,Tehri Garhwal,0.0315192520026908
2020-12-13,Udham Singh Nagar,0.0
2020-12-13,Uttarkashi,0.1070550949228855
2020-12-14,Almora,0.0
2020-12-14,Bageshwar,0.1120027540075277
2020-12-14,Chamoli,0.2267655468714905
2020-12-14,Champawat,0.0
2020-12-14,Dehra Dun,0.0
2020-12-14,Haridwar,0.0
2020-12-14,Naini Tal,0.0
2020-12-14,Pauri Garhwal,0.0
2020-12-14,Pithoragarh,0.2350209809286383
2020-12-14,Rudra Prayag,0.1111606181948244
2020-12-14,Tehri Garhwal,0.0247221687895445
2020-12-14,Udham Singh Nagar,0.0
2020-12-14,Uttarkashi,0.2299683378601412
2020-12-15,Almora,0.0
2020-12-15,Bageshwar,0.0074227939743329
2020-12-15,Chamoli,0.1174378376120683
2020-12-15,Champawat,0.0124987447026548
2020-12-15,Dehra Dun,0.0
2020-12-15,Haridwar,0.0
2020-12-15,Naini Tal,0.0
2020-12-15,Pauri Garhwal,0.025748206779996
2020-12-15,Pithoragarh,0.0141946480545303
2020-12-15,Rudra Prayag,0.0062607943297513
2020-12-15,Tehri Garhwal,0.0802039631659799
2020-12-15,Udham Singh Nagar,0.0004057049864978523
2020-12-15,Uttarkashi,0.054672160916255
2020-12-16,Almora,0.1768885527869005
2020-12-16,Bageshwar,0.1067196658002692
2020-12-16,Chamoli,0.1314152665640004
2020-12-16,Champawat,0.0
2020-12-16,Dehra Dun,0.0
2020-12-16,Haridwar,0.0
2020-12-16,Naini Tal,0.0
2020-12-16,Pauri Garhwal,0.0347197585495863
2020-12-16,Pithoragarh,0.0111251016850188
2020-12-16,Rudra Prayag,0.0
2020-12-16,Tehri Garhwal,0.0894195541249125
2020-12-16,Udham Singh Nagar,0.0
2020-12-16,Uttarkashi,0.001720366055049
2020-12-17,Almora,0.0
2020-12-17,Bageshwar,0.0
2020-12-17,Chamoli,0.0259870873826669
2020-12-17,Champawat,0.0
2020-12-17,Dehra Dun,0.0
2020-12-17,Haridwar,0.0
2020-12-17,Naini Tal,0.0
2020-12-17,Pauri Garhwal,0.0
2020-12-17,Pithoragarh,0.0
2020-12-17,Rudra Prayag,0.0002556131139320413
2020-12-17,Tehri Garhwal,0.0259988554556304
2020-12-17,Udham Singh Nagar,0.0
2020-12-17,Uttarkashi,0.0656519124468514
2020-12-18,Almora,0.0
2020-12-18,Bageshwar,0.0371746312669368
2020-12-18,Chamoli,0.0909633416744199
2020-12-18,Champawat,0.0
2020-12-18,Dehra Dun,0.0
2020-12-18,Haridwar,0.0
2020-12-18,Naini Tal,0.0
2020-12-18,Pauri Garhwal,0.0105068996932353
2020-12-18,Pithoragarh,0.0174105158608836
2020-12-18,Rudra Prayag,0.0344179612933457
2020-12-18,Tehri Garhwal,0.0191512577311326
2020-12-18,Udham Singh Nagar,0.0
2020-12-18,Uttarkashi,0.0537030637625151
2020-12-19,Almora,0.0339736973132216
2020-12-19,Bageshwar,0.2606488887754762
2020-12-19,Chamoli,0.1436444848717525
2020-12-19,Champawat,0.0
2020-12-19,Dehra Dun,0.0
2020-12-19,Haridwar,0.0
2020-12-19,Naini Tal,0.0
2020-12-19,Pauri Garhwal,0.0059293807708872
2020-12-19,Pithoragarh,0.130499587557607
2020-12-19,Rudra Prayag,0.0
2020-12-19,Tehri Garhwal,0.0
2020-12-19,Udham Singh Nagar,0.0
2020-12-19,Uttarkashi,0.0091750765737037
2020-12-20,Almora,0.0258608999712101
2020-12-20,Bageshwar,0.232004590477
2020-12-20,Chamoli,0.2556765494766688
2020-12-20,Champawat,0.0
2020-12-20,Dehra Dun,0.0052916324924871
2020-12-20,Haridwar,0.2060204178464179
2020-12-20,Naini Tal,0.0
2020-12-20,Pauri Garhwal,0.2676590015419863
2020-12-20,Pithoragarh,0.5148233544573659
2020-12-20,Rudra Prayag,0.0677029345605992
2020-12-20,Tehri Garhwal,0.0260970259063638
2020-12-20,Udham Singh Nagar,0.0
2020-12-20,Uttarkashi,0.1755491084152573
2020-12-21,Almora,0.4093173693831698
2020-12-21,Bageshwar,0.2643455806455356
2020-12-21,Chamoli,0.3923927459969864
2020-12-21,Champawat,0.0999962328629283
2020-12-21,Dehra Dun,0.3572213063411249
2020-12-21,Haridwar,0.0410970229165817
2020-12-21,Naini Tal,0.2272492930297728
2020-12-21,Pauri Garhwal,0.2210076240180489
2020-12-21,Pithoragarh,0.2217468182865577
2020-12-21,Rudra Prayag,0.0504369594060232
2020-12-21,Tehri Garhwal,0.0682753508087152
2020-12-21,Udham Singh Nagar,0.0699512246739314
2020-12-21,Uttarkashi,1.2956452985418336
2020-12-22,Almora,0.010472477998442
2020-12-22,Bageshwar,0.2448198473515838
2020-12-22,Chamoli,0.0488925927193707
2020-12-22,Champawat,0.0042645581207802
2020-12-22,Dehra Dun,0.0
2020-12-22,Haridwar,0.0
2020-12-22,Naini Tal,0.0264428969900224
2020-12-22,Pauri Garhwal,0.003963071313199
2020-12-22,Pithoragarh,0.0965398716241585
2020-12-22,Rudra Prayag,0.1872400645012219
2020-12-22,Tehri Garhwal,0.0091727025969521
2020-12-22,Udham Singh Nagar,0.0470285236172294
2020-12-22,Uttarkashi,0.0897527097447719
2020-12-23,Almora,0.0666648569848153
2020-12-23,Bageshwar,0.0597996306468677
2020-12-23,Chamoli,0.2195464681010392
2020-12-23,Champawat,0.0
2020-12-23,Dehra Dun,0.0
2020-12-23,Haridwar,0.0
2020-12-23,Naini Tal,0.0016522913269995
2020-12-23,Pauri Garhwal,0.0099194352557045
2020-12-23,Pithoragarh,0.0638349645717228
2020-12-23,Rudra Prayag,0.018625215560661
2020-12-23,Tehri Garhwal,0.0142632477458394
2020-12-23,Udham Singh Nagar,0.0
2020-12-23,Uttarkashi,0.3299840108407356
2020-12-24,Almora,0.0
2020-12-24,Bageshwar,0.0637876816830077
2020-12-24,Chamoli,0.0237437302358297
2020-12-24,Champawat,0.0
2020-12-24,Dehra Dun,0.0057338511545396
2020-12-24,Haridwar,0.0
2020-12-24,Naini Tal,3.9488724434337366e-05
2020-12-24,Pauri Garhwal,0.0
2020-12-24,Pithoragarh,0.0271041731755575
2020-12-24,Rudra Prayag,0.0379395498220192
2020-12-24,Tehri Garhwal,0.0005523255656768395
2020-12-24,Udham Singh Nagar,0.0071046407621639
2020-12-24,Uttarkashi,0.0186218888835865
2020-12-25,Almora,0.0
2020-12-25,Bageshwar,1.654411727726898e-05
2020-12-25,Chamoli,0.0632974048148196
2020-12-25,Champawat,0.0
2020-12-25,Dehra Dun,0.0
2020-12-25,Haridwar,0.0
2020-12-25,Naini Tal,0.0
2020-12-25,Pauri Garhwal,0.0144969542471245
2020-12-25,Pithoragarh,0.0280176626709584
2020-12-25,Rudra Prayag,0.1417599272648828
2020-12-25,Tehri Garhwal,0.0066984369328264
2020-12-25,Udham Singh Nagar,0.0
2020-12-25,Uttarkashi,0.0149523592674001
2020-12-26,Almora,0.0133317512516366
2020-12-26,Bageshwar,0.121744482281878
2020-12-26,Chamoli,0.0907827315208737
2020-12-26,Champawat,0.7326832220145786
2020-12-26,Dehra Dun,0.0
2020-12-26,Haridwar,0.0
2020-12-26,Naini Tal,0.2992741286079658
2020-12-26,Pauri Garhwal,0.0005176932978250729
2020-12-26,Pithoragarh,0.0292925840889553
2020-12-26,Rudra Prayag,0.1105423106771727
2020-12-26,Tehri Garhwal,0.0910808232271517
2020-12-26,Udham Singh Nagar,0.2795780327409493
2020-12-26,Uttarkashi,0.093145487980194
2020-12-27,Almora,0.0338482907137362
2020-12-27,Bageshwar,0.4885303142336745
2020-12-27,Chamoli,0.1741209540138183
2020-12-27,Champawat,0.3927535073154692
2020-12-27,Dehra Dun,3.2869534560123346
2020-12-27,Haridwar,0.5182734537457411
2020-12-27,Naini Tal,0.0956754629907367
2020-12-27,Pauri Garhwal,1.100447514185096
2020-12-27,Pithoragarh,0.1393325135299767
2020-12-27,Rudra Prayag,0.1190328122340207
2020-12-27,Tehri Garhwal,2.41332962648468
2020-12-27,Udham Singh Nagar,0.0854330467626765
2020-12-27,Uttarkashi,0.5766200549742441
2020-12-28,Almora,1.004766109177778
2020-12-28,Bageshwar,1.582699406538193
2020-12-28,Chamoli,2.087442061958701
2020-12-28,Champawat,0.0363127501797394
2020-12-28,Dehra Dun,0.3130253399822542
2020-12-28,Haridwar,0.0184433873448285
2020-12-28,Naini Tal,0.0931372733259826
2020-12-28,Pauri Garhwal,1.1710153101684162
2020-12-28,Pithoragarh,0.6761078886320525
2020-12-28,Rudra Prayag,2.168633813369176
2020-12-28,Tehri Garhwal,1.136409616158523
2020-12-28,Udham Singh Nagar,0.0004906887086694705
2020-12-28,Uttarkashi,0.1779217029613643
2020-12-29,Almora,0.3740041951144845
2020-12-29,Bageshwar,0.3525358364318141
2020-12-29,Chamoli,0.5571336965935797
2020-12-29,Champawat,0.0
2020-12-29,Dehra Dun,0.0003679476538254215
2020-12-29,Haridwar,0.0
2020-12-29,Naini Tal,0.0
2020-12-29,Pauri Garhwal,0.3534546201992224
2020-12-29,Pithoragarh,0.1038352546825682
2020-12-29,Rudra Prayag,0.3905803059193986
2020-12-29,Tehri Garhwal,0.1201453462801057
2020-12-29,Udham Singh Nagar,0.0
2020-12-29,Uttarkashi,0.0246727882872124
2020-12-30,Almora,0.1184951172678967
2020-12-30,Bageshwar,0.1337352899582851
2020-12-30,Chamoli,0.0821198358559463
2020-12-30,Champawat,0.0790574770719074
2020-12-30,Dehra Dun,0.0
2020-12-30,Haridwar,0.0
2020-12-30,Naini Tal,0.126981707746524
2020-12-30,Pauri Garhwal,0.1188223697380105
2020-12-30,Pithoragarh,0.0763816002389778
2020-12-30,Rudra Prayag,0.1093091501514966
2020-12-30,Tehri Garhwal,0.0126882382455341
2020-12-30,Udham Singh Nagar,0.0585877908287201
2020-12-30,Uttarkashi,0.0437541515338437
2020-12-31,Almora,0.6362066022538349
2020-12-31,Bageshwar,0.2091406189591747
2020-12-31,Chamoli,0.163948880924462
2020-12-31,Champawat,0.0861420660217977
2020-12-31,Dehra Dun,0.5071804193783886
2020-12-31,Haridwar,0.2469598469735215
2020-12-31,Naini Tal,0.1145817286656341
2020-12-31,Pauri Garhwal,0.4080282824619295
2020-12-31,Pithoragarh,0.2448761157650326
2020-12-31,Rudra Prayag,0.1734283220955847
2020-12-31,Tehri Garhwal,0.1826972872055385
2020-12-31,Udham Singh Nagar,0.1230978390408122
2020-12-31,Uttarkashi,0.52140348707803
2021-01-01,Almora,0.0528874739624737
2021-01-01,Bageshwar,0.0745625006185625
2021-01-01,Chamoli,0.3361007029563547
2021-01-01,Champawat,0.0221307741531384
2021-01-01,Dehra Dun,0.0346890175830584
2021-01-01,Haridwar,0.054776281617591
2021-01-01,Naini Tal,0.0308959799757045
2021-01-01,Pauri Garhwal,0.0341648691437294
2021-01-01,Pithoragarh,0.2218072716635008
2021-01-01,Rudra Prayag,0.1576371326251197
2021-01-01,Tehri Garhwal,0.0812050131827044
2021-01-01,Udham Singh Nagar,0.0237853248617957
2021-01-01,Uttarkashi,0.2043440073593354
2021-01-02,Almora,0.1155416180129433
2021-01-02,Bageshwar,0.5835459442639737
2021-01-02,Chamoli,0.9518503646734316
2021-01-02,Champawat,0.0134726399668009
2021-01-02,Dehra Dun,2.2213129673793337
2021-01-02,Haridwar,3.212538214710687
2021-01-02,Naini Tal,0.646402351102177
2021-01-02,Pauri Garhwal,1.5989564749679406
2021-01-02,Pithoragarh,0.3870248830016937
2021-01-02,Rudra Prayag,1.6940811429729294
2021-01-02,Tehri Garhwal,1.820991188408012
2021-01-02,Udham Singh Nagar,0.9250753517550322
2021-01-02,Uttarkashi,0.943265823838221
2021-01-03,Almora,37.83199135585028
2021-01-03,Bageshwar,27.06223194217874
2021-01-03,Chamoli,11.857101418201331
2021-01-03,Champawat,22.80989400358275
2021-01-03,Dehra Dun,0.9933571596827908
2021-01-03,Haridwar,3.401363711340868
2021-01-03,Naini Tal,31.870139526235697
2021-01-03,Pauri Garhwal,15.531576628357625
2021-01-03,Pithoragarh,16.619277628641996
2021-01-03,Rudra Prayag,2.906027561976914
2021-01-03,Tehri Garhwal,2.343327244631772
2021-01-03,Udham Singh Nagar,24.55007708541627
2021-01-03,Uttarkashi,1.020226896494895
2021-01-04,Almora,2.508001573446057
2021-01-04,Bageshwar,2.2019530718603435
2021-01-04,Chamoli,5.217030355660349
2021-01-04,Champawat,3.555752946191044
2021-01-04,Dehra Dun,16.10812378954523
2021-01-04,Haridwar,16.00174113004865
2021-01-04,Naini Tal,3.791462538662647
2021-01-04,Pauri Garhwal,7.596833916661382
2021-01-04,Pithoragarh,1.6691666224269852
2021-01-04,Rudra Prayag,10.597973868026946
2021-01-04,Tehri Garhwal,12.440653075188813
2021-01-04,Udham Singh Nagar,2.50122888154589
2021-01-04,Uttarkashi,9.453324862020374
2021-01-05,Almora,5.899261656295686
2021-01-05,Bageshwar,6.067587177071596
2021-01-05,Chamoli,10.53481116401498
2021-01-05,Champawat,2.422339295697245
2021-01-05,Dehra Dun,17.354223487208277
2021-01-05,Haridwar,13.993822541280888
2021-01-05,Naini Tal,3.1702592101526457
2021-01-05,Pauri Garhwal,10.258248540846235
2021-01-05,Pithoragarh,3.263512518005097
2021-01-05,Rudra Prayag,25.24916529692097
2021-01-05,Tehri Garhwal,17.625423261188676
2021-01-05,Udham Singh Nagar,2.291714398344132
2021-01-05,Uttarkashi,19.12034808207656
2021-01-06,Almora,9.598133578681496
2021-01-06,Bageshwar,9.31812385764069
2021-01-06,Chamoli,9.12903162851931
2021-01-06,Champawat,3.9544778261768494
2021-01-06,Dehra Dun,10.36252904606782
2021-01-06,Haridwar,8.974711905158617
2021-01-06,Naini Tal,5.56473333510724
2021-01-06,Pauri Garhwal,12.514777705893028
2021-01-06,Pithoragarh,6.976034284937041
2021-01-06,Rudra Prayag,10.570576601246104
2021-01-06,Tehri Garhwal,10.552251517225264
2021-01-06,Udham Singh Nagar,2.896888785155757
2021-01-06,Uttarkashi,9.150212294897235
2021-01-07,Almora,0.0036781452456792
2021-01-07,Bageshwar,0.421165434021489
2021-01-07,Chamoli,0.5815059633705624
2021-01-07,Champawat,0.0
2021-01-07,Dehra Dun,0.0
2021-01-07,Haridwar,0.0
2021-01-07,Naini Tal,0.0
2021-01-07,Pauri Garhwal,0.0355967147428453
2021-01-07,Pithoragarh,0.1923863186928895
2021-01-07,Rudra Prayag,0.7753436751962863
2021-01-07,Tehri Garhwal,0.0314148874259069
2021-01-07,Udham Singh Nagar,0.0
2021-01-07,Uttarkashi,0.1327982171487263
2021-01-08,Almora,0.0
2021-01-08,Bageshwar,0.147044113441884
2021-01-08,Chamoli,0.9736271214748656
2021-01-08,Champawat,0.0
2021-01-08,Dehra Dun,0.0
2021-01-08,Haridwar,0.0
2021-01-08,Naini Tal,0.0
2021-01-08,Pauri Garhwal,0.0
2021-01-08,Pithoragarh,0.4817430235036029
2021-01-08,Rudra Prayag,0.6504714913248038
2021-01-08,Tehri Garhwal,0.0546463965099224
2021-01-08,Udham Singh Nagar,0.0
2021-01-08,Uttarkashi,0.2441161492192497
2021-01-09,Almora,0.089942377907125
2021-01-09,Bageshwar,0.7214181735863403
2021-01-09,Chamoli,0.5264523401682503
2021-01-09,Champawat,0.0
2021-01-09,Dehra Dun,0.0
2021-01-09,Haridwar,0.0
2021-01-09,Naini Tal,0.0
2021-01-09,Pauri Garhwal,0.0
2021-01-09,Pithoragarh,0.1757735750148561
2021-01-09,Rudra Prayag,0.0068255611034254
2021-01-09,Tehri Garhwal,0.1751658346999637
2021-01-09,Udham Singh Nagar,0.0
2021-01-09,Uttarkashi,0.0830846843776441
2021-01-10,Almora,0.4246664742849273
2021-01-10,Bageshwar,1.443133228376802
2021-01-10,Chamoli,0.5902198129469216
2021-01-10,Champawat,0.0
2021-01-10,Dehra Dun,0.0
2021-01-10,Haridwar,0.0
2021-01-10,Naini Tal,0.0437618200261206
2021-01-10,Pauri Garhwal,0.0061252023276565
2021-01-10,Pithoragarh,0.7245473206875862
2021-01-10,Rudra Prayag,0.9862210460911168
2021-01-10,Tehri Garhwal,0.0268023253114573
2021-01-10,Udham Singh Nagar,0.0
2021-01-10,Uttarkashi,0.3528518057015851
2021-01-11,Almora,0.2162947328795311
2021-01-11,Bageshwar,0.4849108369134175
2021-01-11,Chamoli,0.6243244988114623
2021-01-11,Champawat,0.0
2021-01-11,Dehra Dun,0.0
2021-01-11,Haridwar,0.0
2021-01-11,Naini Tal,0.0125257192061681
2021-01-11,Pauri Garhwal,0.1318294615562677
2021-01-11,Pithoragarh,0.1917570210265018
2021-01-11,Rudra Prayag,1.6133592105012171
2021-01-11,Tehri Garhwal,0.1848584589890332
2021-01-11,Udham Singh Nagar,0.0
2021-01-11,Uttarkashi,0.678470493140995
2021-01-12,Almora,0.0798237509429535
2021-01-12,Bageshwar,1.320342797534677
2021-01-12,Chamoli,0.6265206336335069
2021-01-12,Champawat,0.0
2021-01-12,Dehra Dun,0.0
2021-01-12,Haridwar,0.0
2021-01-12,Naini Tal,0.0173454218187234
2021-01-12,Pauri Garhwal,0.0267223027414804
2021-01-12,Pithoragarh,0.9540133330296912
2021-01-12,Rudra Prayag,0.2397219301814242
2021-01-12,Tehri Garhwal,0.2361489637949075
2021-01-12,Udham Singh Nagar,0.0
2021-01-12,Uttarkashi,0.1449764924278471
2021-01-13,Almora,0.0
2021-01-13,Bageshwar,0.8929466689519091
2021-01-13,Chamoli,0.4720533961150825
2021-01-13,Champawat,0.0
2021-01-13,Dehra Dun,0.0
2021-01-13,Haridwar,0.0
2021-01-13,Naini Tal,0.0
2021-01-13,Pauri Garhwal,0.0013368282830867
2021-01-13,Pithoragarh,0.532705479049055
2021-01-13,Rudra Prayag,0.326766828206305
2021-01-13,Tehri Garhwal,0.0269738840123157
2021-01-13,Udham Singh Nagar,0.0
2021-01-13,Uttarkashi,0.0228599629858853
2021-01-14,Almora,0.2145566663986633
2021-01-14,Bageshwar,0.3572214987824042
2021-01-14,Chamoli,0.6507507054301771
2021-01-14,Champawat,0.0614420166870309
2021-01-14,Dehra Dun,4.0961487254846976
2021-01-14,Haridwar,1.1480005053254931
2021-01-14,Naini Tal,0.1015338225147524
2021-01-14,Pauri Garhwal,2.291345646579694
2021-01-14,Pithoragarh,0.6726594221443992
2021-01-14,Rudra Prayag,1.2112659481107957
2021-01-14,Tehri Garhwal,3.6407209427162166
2021-01-14,Udham Singh Nagar,0.0209946785392771
2021-01-14,Uttarkashi,1.4513254192900218
2021-01-15,Almora,0.6926667421415786
2021-01-15,Bageshwar,1.249540416824782
2021-01-15,Chamoli,0.8899428905333727
2021-01-15,Champawat,0.0906965333234844
2021-01-15,Dehra Dun,0.0010438811619816
2021-01-15,Haridwar,0.0
2021-01-15,Naini Tal,0.517192131018797
2021-01-15,Pauri Garhwal,0.0672330562129849
2021-01-15,Pithoragarh,0.8704806226176448
2021-01-15,Rudra Prayag,0.4511347044934881
2021-01-15,Tehri Garhwal,0.1750538468141118
2021-01-15,Udham Singh Nagar,2.0596178806120675
2021-01-15,Uttarkashi,0.4544019826184584
2021-01-16,Almora,0.0
2021-01-16,Bageshwar,0.5259641401031437
2021-01-16,Chamoli,0.2905757053252443
2021-01-16,Champawat,0.0
2021-01-16,Dehra Dun,0.0
2021-01-16,Haridwar,0.0
2021-01-16,Naini Tal,0.0
2021-01-16,Pauri Garhwal,0.0661652902209136
2021-01-16,Pithoragarh,0.896897201587574
2021-01-16,Rudra Prayag,0.4860569835970232
2021-01-16,Tehri Garhwal,0.1425705251688357
2021-01-16,Udham Singh Nagar,0.0
2021-01-16,Uttarkashi,0.0735096828981095
2021-01-17,Almora,0.1365997792176655
2021-01-17,Bageshwar,0.7157343545048634
2021-01-17,Chamoli,0.574339705688529
2021-01-17,Champawat,0.0070406626124518
2021-01-17,Dehra Dun,0.0
2021-01-17,Haridwar,0.0
2021-01-17,Naini Tal,0.0002660293003928
2021-01-17,Pauri Garhwal,0.0877507501371907
2021-01-17,Pithoragarh,0.1831785549114448
2021-01-17,Rudra Prayag,0.538214150356814
2021-01-17,Tehri Garhwal,0.4944948390485905
2021-01-17,Udham Singh Nagar,0.0284185630486556
2021-01-17,Uttarkashi,0.3185253461577907
2021-01-18,Almora,0.0
2021-01-18,Bageshwar,0.3747123053526807
2021-01-18,Chamoli,0.1803030586234884
2021-01-18,Champawat,0.0211219873604734
2021-01-18,Dehra Dun,0.0021770235824224
2021-01-18,Haridwar,0.0
2021-01-18,Naini Tal,6.027226263230796e-05
2021-01-18,Pauri Garhwal,0.0264509279051426
2021-01-18,Pithoragarh,0.2123784492777392
2021-01-18,Rudra Prayag,0.0798031055814038
2021-01-18,Tehri Garhwal,0.3745038971211513
2021-01-18,Udham Singh Nagar,0.0108439251978722
2021-01-18,Uttarkashi,0.3460452500472133
2021-01-19,Almora,0.2685520518687301
2021-01-19,Bageshwar,1.1348584283884575
2021-01-19,Chamoli,0.2205506289880093
2021-01-19,Champawat,0.0
2021-01-19,Dehra Dun,0.0
2021-01-19,Haridwar,0.0
2021-01-19,Naini Tal,0.0040392807382785
2021-01-19,Pauri Garhwal,0.0453827752298856
2021-01-19,Pithoragarh,0.5363606030352295
2021-01-19,Rudra Prayag,0.2982573337852954
2021-01-19,Tehri Garhwal,0.5653087940909256
2021-01-19,Udham Singh Nagar,0.0
2021-01-19,Uttarkashi,0.0964711943665473
2021-01-20,Almora,0.2792224714965831
2021-01-20,Bageshwar,1.6287637467989151
2021-01-20,Chamoli,0.7756591951533185
2021-01-20,Champawat,0.0
2021-01-20,Dehra Dun,0.0
2021-01-20,Haridwar,0.0
2021-01-20,Naini Tal,0.0097287745303746
2021-01-20,Pauri Garhwal,0.0478324713790706
2021-01-20,Pithoragarh,0.600469849156549
2021-01-20,Rudra Prayag,0.6688963522159838
2021-01-20,Tehri Garhwal,0.4965559360745186
2021-01-20,Udham Singh Nagar,0.0
2021-01-20,Uttarkashi,0.0747878118910001
2021-01-21,Almora,0.0
2021-01-21,Bageshwar,0.8572674435613035
2021-01-21,Chamoli,0.3413141528262746
2021-01-21,Champawat,0.0
2021-01-21,Dehra Dun,0.0
2021-01-21,Haridwar,0.0
2021-01-21,Naini Tal,0.0
2021-01-21,Pauri Garhwal,0.0
2021-01-21,Pithoragarh,0.4057348038812508
2021-01-21,Rudra Prayag,0.1020828993267191
2021-01-21,Tehri Garhwal,0.0082462825620666
2021-01-21,Udham Singh Nagar,0.0
2021-01-21,Uttarkashi,0.0554039976343284
2021-01-22,Almora,0.1445586991501687
2021-01-22,Bageshwar,1.001467802200076
2021-01-22,Chamoli,0.3872313424681015
2021-01-22,Champawat,0.0001744477872654
2021-01-22,Dehra Dun,0.1039091000708089
2021-01-22,Haridwar,0.1909587867244773
2021-01-22,Naini Tal,0.0361482898446205
2021-01-22,Pauri Garhwal,0.018699020383116
2021-01-22,Pithoragarh,0.6173822266477828
2021-01-22,Rudra Prayag,0.6001726943870848
2021-01-22,Tehri Garhwal,0.1774938002789199
2021-01-22,Udham Singh Nagar,0.0002113508628783
2021-01-22,Uttarkashi,0.2769980504185858
2021-01-23,Almora,0.004931534615617
2021-01-23,Bageshwar,0.2048878627784741
2021-01-23,Chamoli,0.4935092205443991
2021-01-23,Champawat,0.0
2021-01-23,Dehra Dun,0.1220618664523351
2021-01-23,Haridwar,0.0
2021-01-23,Naini Tal,0.0001330146478736
2021-01-23,Pauri Garhwal,0.0409320782181201
2021-01-23,Pithoragarh,0.3989661201362665
2021-01-23,Rudra Prayag,0.465979263393308
2021-01-23,Tehri Garhwal,0.4540330579883752
2021-01-23,Udham Singh Nagar,0.0239314210014497
2021-01-23,Uttarkashi,0.3060013693581925
2021-01-24,Almora,0.7425779377129493
2021-01-24,Bageshwar,0.5461452084997505
2021-01-24,Chamoli,0.4178321310777662
2021-01-24,Champawat,0.0
2021-01-24,Dehra Dun,0.0
2021-01-24,Haridwar,0.0
2021-01-24,Naini Tal,0.1191031864986433
2021-01-24,Pauri Garhwal,0.2116768119005018
2021-01-24,Pithoragarh,0.0832036236529415
2021-01-24,Rudra Prayag,0.2187512910994017
2021-01-24,Tehri Garhwal,0.3445849140327185
2021-01-24,Udham Singh Nagar,0.0004522612964238
2021-01-24,Uttarkashi,0.1723064604425313
2021-01-25,Almora,0.0127786059839622
2021-01-25,Bageshwar,0.0509862121150089
2021-01-25,Chamoli,0.1919194789119951
2021-01-25,Champawat,0.0
2021-01-25,Dehra Dun,0.0366312330883147
2021-01-25,Haridwar,0.0
2021-01-25,Naini Tal,0.0071547332171485
2021-01-25,Pauri Garhwal,0.0937317838540088
2021-01-25,Pithoragarh,0.0295292633417109
2021-01-25,Rudra Prayag,0.1858497337822598
2021-01-25,Tehri Garhwal,0.0300366938190681
2021-01-25,Udham Singh Nagar,0.0
2021-01-25,Uttarkashi,0.0372224644321306
2021-01-26,Almora,0.0413862515017167
2021-01-26,Bageshwar,0.0919393353191588
2021-01-26,Chamoli,0.0222222807222052
2021-01-26,Champawat,0.0
2021-01-26,Dehra Dun,0.1061678899014985
2021-01-26,Haridwar,0.0376650808399717
2021-01-26,Naini Tal,0.0141629426331984
2021-01-26,Pauri Garhwal,0.0045223960645192
2021-01-26,Pithoragarh,0.0055162059141013
2021-01-26,Rudra Prayag,0.0207530219834909
2021-01-26,Tehri Garhwal,0.0542032007563659
2021-01-26,Udham Singh Nagar,0.0110308893917978
2021-01-26,Uttarkashi,0.0186510370685363
2021-01-27,Almora,0.0641085944489985
2021-01-27,Bageshwar,0.0790551452185301
2021-01-27,Chamoli,0.1968455820217377
2021-01-27,Champawat,0.0
2021-01-27,Dehra Dun,0.0
2021-01-27,Haridwar,0.0
2021-01-27,Naini Tal,0.0318409012074865
2021-01-27,Pauri Garhwal,0.0397575350712935
2021-01-27,Pithoragarh,0.046639849502935
2021-01-27,Rudra Prayag,0.2925474864499891
2021-01-27,Tehri Garhwal,0.193766674903934
2021-01-27,Udham Singh Nagar,0.0118585571094999
2021-01-27,Uttarkashi,0.0064624206414661
2021-01-28,Almora,0.0
2021-01-28,Bageshwar,0.0
2021-01-28,Chamoli,0.1129858040654036
2021-01-28,Champawat,0.0
2021-01-28,Dehra Dun,0.0071238755562227
2021-01-28,Haridwar,0.0
2021-01-28,Naini Tal,0.0
2021-01-28,Pauri Garhwal,0.005701179390341
2021-01-28,Pithoragarh,0.014851054991989
2021-01-28,Rudra Prayag,0.0049913642995561
2021-01-28,Tehri Garhwal,0.0
2021-01-28,Udham Singh Nagar,0.0
2021-01-28,Uttarkashi,0.0085576379133787
2021-01-29,Almora,0.1364323442695518
2021-01-29,Bageshwar,0.2930459493550349
2021-01-29,Chamoli,0.3699100857163084
2021-01-29,Champawat,0.0
2021-01-29,Dehra Dun,0.0078188876114261
2021-01-29,Haridwar,0.0
2021-01-29,Naini Tal,0.0090174579394397
2021-01-29,Pauri Garhwal,0.0266344145865308
2021-01-29,Pithoragarh,0.011562900527757
2021-01-29,Rudra Prayag,0.1638100125352387
2021-01-29,Tehri Garhwal,0.0102325579126834
2021-01-29,Udham Singh Nagar,0.0
2021-01-29,Uttarkashi,0.0993029499368805
2021-01-30,Almora,0.0
2021-01-30,Bageshwar,0.3005174537350232
2021-01-30,Chamoli,0.0970635443369608
2021-01-30,Champawat,0.0137612946943032
2021-01-30,Dehra Dun,0.0
2021-01-30,Haridwar,0.0
2021-01-30,Naini Tal,0.0
2021-01-30,Pauri Garhwal,0.0071775495475263
2021-01-30,Pithoragarh,0.0459312683911041
2021-01-30,Rudra Prayag,0.0523488754615676
2021-01-30,Tehri Garhwal,0.0779922781889392
2021-01-30,Udham Singh Nagar,0.0
2021-01-30,Uttarkashi,0.0645276737430165
2021-01-31,Almora,0.0186781446908301
2021-01-31,Bageshwar,0.4775294002840596
2021-01-31,Chamoli,0.346844243825479
2021-01-31,Champawat,0.0
2021-01-31,Dehra Dun,6.47315306197593e-05
2021-01-31,Haridwar,0.0
2021-01-31,Naini Tal,0.0299573930052595
2021-01-31,Pauri Garhwal,0.0065110629683939
2021-01-31,Pithoragarh,0.2847895462504504
2021-01-31,Rudra Prayag,0.0675751272901017
2021-01-31,Tehri Garhwal,0.0726720338473022
2021-01-31,Udham Singh Nagar,0.0071652378529605
2021-01-31,Uttarkashi,0.0385839643226214
2021-02-01,Almora,0.0581144247401794
2021-02-01,Bageshwar,0.7188362898197204
2021-02-01,Chamoli,0.4093948003083941
2021-02-01,Champawat,0.0066686750753842
2021-02-01,Dehra Dun,0.0266330756549615
2021-02-01,Haridwar,0.0179249873956516
2021-02-01,Naini Tal,0.0573478636808889
2021-02-01,Pauri Garhwal,0.0473925294683403
2021-02-01,Pithoragarh,0.2615096709361219
2021-02-01,Rudra Prayag,0.3335056938565559
2021-02-01,Tehri Garhwal,0.0435277837214283
2021-02-01,Udham Singh Nagar,0.0257025569517819
2021-02-01,Uttarkashi,0.0357444694793821
2021-02-02,Almora,0.4319936168772004
2021-02-02,Bageshwar,0.3653538506435271
2021-02-02,Chamoli,0.4936716910132134
2021-02-02,Champawat,0.0330760531002621
2021-02-02,Dehra Dun,2.45298440960325e-05
2021-02-02,Haridwar,0.0878658213225137
2021-02-02,Naini Tal,0.1100878081760915
2021-02-02,Pauri Garhwal,0.0179481146703202
2021-02-02,Pithoragarh,0.2670006918546841
2021-02-02,Rudra Prayag,0.2123246985498899
2021-02-02,Tehri Garhwal,0.0227244563115454
2021-02-02,Udham Singh Nagar,0.0110308897748706
2021-02-02,Uttarkashi,0.0194226782686066
2021-02-03,Almora,0.1650840543159243
2021-02-03,Bageshwar,0.8133786572778584
2021-02-03,Chamoli,1.2177928950836945
2021-02-03,Champawat,0.2843787591711779
2021-02-03,Dehra Dun,3.027442015255664
2021-02-03,Haridwar,0.728468902871212
2021-02-03,Naini Tal,0.1919526080918842
2021-02-03,Pauri Garhwal,1.00214052316476
2021-02-03,Pithoragarh,0.2392747977602903
2021-02-03,Rudra Prayag,2.0179101267292303
2021-02-03,Tehri Garhwal,2.966828951273654
2021-02-03,Udham Singh Nagar,0.0848455495939392
2021-02-03,Uttarkashi,1.9081310279647408
2021-02-04,Almora,10.178711825837542
2021-02-04,Bageshwar,3.809959475401796
2021-02-04,Chamoli,2.1170880479626115
2021-02-04,Champawat,3.085766748059307
2021-02-04,Dehra Dun,16.280985574735524
2021-02-04,Haridwar,18.56578141135177
2021-02-04,Naini Tal,6.701698389712262
2021-02-04,Pauri Garhwal,12.285261478741187
2021-02-04,Pithoragarh,1.7807872374301
2021-02-04,Rudra Prayag,2.175108749945431
2021-02-04,Tehri Garhwal,6.150804756625829
2021-02-04,Udham Singh Nagar,5.663167174687369
2021-02-04,Uttarkashi,7.1885085721925615
2021-02-05,Almora,4.745047330141544
2021-02-05,Bageshwar,1.326701252854614
2021-02-05,Chamoli,1.4201589634639225
2021-02-05,Champawat,3.243399767539871
2021-02-05,Dehra Dun,0.2871463536715116
2021-02-05,Haridwar,0.0020100369289855
2021-02-05,Naini Tal,1.6408993705803634
2021-02-05,Pauri Garhwal,2.257072650595552
2021-02-05,Pithoragarh,0.4946140712604314
2021-02-05,Rudra Prayag,1.336393751692355
2021-02-05,Tehri Garhwal,0.7819652846197552
2021-02-05,Udham Singh Nagar,0.6822812411252233
2021-02-05,Uttarkashi,0.1984078173956994
2021-02-06,Almora,0.478589332546865
2021-02-06,Bageshwar,0.2024834504595835
2021-02-06,Chamoli,0.6819216074092447
2021-02-06,Champawat,0.0
2021-02-06,Dehra Dun,0.0
2021-02-06,Haridwar,0.0
2021-02-06,Naini Tal,0.0088646989577056
2021-02-06,Pauri Garhwal,0.0414582529763583
2021-02-06,Pithoragarh,0.0741911483424732
2021-02-06,Rudra Prayag,0.276523311703831
2021-02-06,Tehri Garhwal,0.0066479222775869
2021-02-06,Udham Singh Nagar,0.0
2021-02-06,Uttarkashi,0.0080912678351239
2021-02-07,Almora,0.0243790661209058
2021-02-07,Bageshwar,0.919680121374618
2021-02-07,Chamoli,0.4382133599806117
2021-02-07,Champawat,0.0
2021-02-07,Dehra Dun,0.0
2021-02-07,Haridwar,0.0
2021-02-07,Naini Tal,0.0
2021-02-07,Pauri Garhwal,0.0343766857563838
2021-02-07,Pithoragarh,0.1182671654545977
2021-02-07,Rudra Prayag,0.2306735703570442
2021-02-07,Tehri Garhwal,0.0092551468662403
2021-02-07,Udham Singh Nagar,0.0
2021-02-07,Uttarkashi,0.0364865534364129
2021-02-08,Almora,0.0
2021-02-08,Bageshwar,0.4442012767685809
2021-02-08,Chamoli,0.6095101758169347
2021-02-08,Champawat,0.0
2021-02-08,Dehra Dun,0.0
2021-02-08,Haridwar,0.0
2021-02-08,Naini Tal,0.0
2021-02-08,Pauri Garhwal,0.0
2021-02-08,Pithoragarh,0.0850536292083856
2021-02-08,Rudra Prayag,0.0283765103507124
2021-02-08,Tehri Garhwal,0.000218738078875
2021-02-08,Udham Singh Nagar,0.0
2021-02-08,Uttarkashi,0.0481802777237225
2021-02-09,Almora,0.4588462462138137
2021-02-09,Bageshwar,1.9485955411186509
2021-02-09,Chamoli,1.036380564741619
2021-02-09,Champawat,0.3508998397274885
2021-02-09,Dehra Dun,0.109852818811922
2021-02-09,Haridwar,0.4395298306240012
2021-02-09,Naini Tal,0.314949591253307
2021-02-09,Pauri Garhwal,0.1147451972656819
2021-02-09,Pithoragarh,1.0960388004729216
2021-02-09,Rudra Prayag,0.1850034510401529
2021-02-09,Tehri Garhwal,0.2326944281424854
2021-02-09,Udham Singh Nagar,0.2027704633243531
2021-02-09,Uttarkashi,0.2404318885820633
2021-02-10,Almora,0.3229236627272088
2021-02-10,Bageshwar,1.2147885680833814
2021-02-10,Chamoli,0.4385609748794049
2021-02-10,Champawat,0.0
2021-02-10,Dehra Dun,6.47315306197593e-05
2021-02-10,Haridwar,0.0251452708238026
2021-02-10,Naini Tal,0.0
2021-02-10,Pauri Garhwal,0.1046418921727459
2021-02-10,Pithoragarh,1.1332272112526875
2021-02-10,Rudra Prayag,0.5349343502176653
2021-02-10,Tehri Garhwal,0.4532963103500951
2021-02-10,Udham Singh Nagar,0.0052202185348861
2021-02-10,Uttarkashi,0.303432576901653
2021-02-11,Almora,0.0422044461291261
2021-02-11,Bageshwar,0.551865797646871
2021-02-11,Chamoli,0.1794333535686522
2021-02-11,Champawat,0.0636859918966979
2021-02-11,Dehra Dun,8.926137712722937e-05
2021-02-11,Haridwar,0.0
2021-02-11,Naini Tal,0.0344014341395089
2021-02-11,Pauri Garhwal,0.036339140584529
2021-02-11,Pithoragarh,0.1748452212898108
2021-02-11,Rudra Prayag,0.0389153709763818
2021-02-11,Tehri Garhwal,0.0741555469496381
2021-02-11,Udham Singh Nagar,0.0
2021-02-11,Uttarkashi,0.0238300006250993
2021-02-12,Almora,0.0357754864692566
2021-02-12,Bageshwar,0.9240918913595928
2021-02-12,Chamoli,0.3271593149526222
2021-02-12,Champawat,0.0135579817473933
2021-02-12,Dehra Dun,0.0245264369060794
2021-02-12,Haridwar,0.0017212536914113
2021-02-12,Naini Tal,0.0318201175704753
2021-02-12,Pauri Garhwal,0.0414197039832454
2021-02-12,Pithoragarh,0.2023656238182632
2021-02-12,Rudra Prayag,0.2437253805559404
2021-02-12,Tehri Garhwal,0.3265973969265567
2021-02-12,Udham Singh Nagar,0.0323839776450286
2021-02-12,Uttarkashi,0.0412151309343576
2021-02-13,Almora,0.1147871443783609
2021-02-13,Bageshwar,1.0000376567776958
2021-02-13,Chamoli,0.4903708129655919
2021-02-13,Champawat,0.050124246198366
2021-02-13,Dehra Dun,0.0481425442068583
2021-02-13,Haridwar,0.0
2021-02-13,Naini Tal,0.1477652459487529
2021-02-13,Pauri Garhwal,0.0955658751771729
2021-02-13,Pithoragarh,0.4901865321691782
2021-02-13,Rudra Prayag,0.4311450638388491
2021-02-13,Tehri Garhwal,0.3627549437900989
2021-02-13,Udham Singh Nagar,0.0
2021-02-13,Uttarkashi,0.2025173907300438
2021-02-14,Almora,0.0
2021-02-14,Bageshwar,3.431748079936369
2021-02-14,Chamoli,2.4832298482592137
2021-02-14,Champawat,0.0208546681531581
2021-02-14,Dehra Dun,0.0059553010364586
2021-02-14,Haridwar,0.0
2021-02-14,Naini Tal,0.0135950324870123
2021-02-14,Pauri Garhwal,0.0192463954581933
2021-02-14,Pithoragarh,1.939266890264651
2021-02-14,Rudra Prayag,12.797712955293155
2021-02-14,Tehri Garhwal,1.3283115413425697
2021-02-14,Udham Singh Nagar,0.0043238249455696
2021-02-14,Uttarkashi,0.3753886337773305
2021-02-15,Almora,0.0950684629989547
2021-02-15,Bageshwar,1.1173915195559592
2021-02-15,Chamoli,0.1954780664689908
2021-02-15,Champawat,0.0427698284503536
2021-02-15,Dehra Dun,0.0240869439074007
2021-02-15,Haridwar,0.0
2021-02-15,Naini Tal,0.0247163039765796
2021-02-15,Pauri Garhwal,0.0531890361106206
2021-02-15,Pithoragarh,0.9036285798173403
2021-02-15,Rudra Prayag,0.6052538773817026
2021-02-15,Tehri Garhwal,0.4295029435154112
2021-02-15,Udham Singh Nagar,0.019725095569876
2021-02-15,Uttarkashi,0.1499012687683057
2021-02-16,Almora,0.0
2021-02-16,Bageshwar,0.6615312332676053
2021-02-16,Chamoli,0.3765838636026159
2021-02-16,Champawat,0.0974246965595951
2021-02-16,Dehra Dun,0.153575220131451
2021-02-16,Haridwar,0.0
2021-02-16,Naini Tal,0.0222342298576627
2021-02-16,Pauri Garhwal,0.0
2021-02-16,Pithoragarh,0.0363775205004591
2021-02-16,Rudra Prayag,0.3305181258594511
2021-02-16,Tehri Garhwal,0.347310324585448
2021-02-16,Udham Singh Nagar,0.0
2021-02-16,Uttarkashi,0.2496157405682088
2021-02-17,Almora,0.43675771623864
2021-02-17,Bageshwar,0.109231614780626
2021-02-17,Chamoli,0.4334299847503611
2021-02-17,Champawat,0.1186420650973665
2021-02-17,Dehra Dun,0.0051219677638884
2021-02-17,Haridwar,0.0
2021-02-17,Naini Tal,0.3779138438475224
2021-02-17,Pauri Garhwal,0.3944973283905483
2021-02-17,Pithoragarh,0.1120718174147753
2021-02-17,Rudra Prayag,0.04292400526671
2021-02-17,Tehri Garhwal,0.246811371645402
2021-02-17,Udham Singh Nagar,0.0719294989026781
2021-02-17,Uttarkashi,0.1083852542414939
2021-02-18,Almora,2.9404188522422805
2021-02-18,Bageshwar,0.8442508971001884
2021-02-18,Chamoli,0.3425087924103434
2021-02-18,Champawat,0.0296837349319886
2021-02-18,Dehra Dun,0.412815467758588
2021-02-18,Haridwar,0.0121236127903079
2021-02-18,Naini Tal,1.1575386804736325
2021-02-18,Pauri Garhwal,1.0669462402451648
2021-02-18,Pithoragarh,0.2239480530089566
2021-02-18,Rudra Prayag,0.3409447218241597
2021-02-18,Tehri Garhwal,0.9030556391811534
2021-02-18,Udham Singh Nagar,0.0
2021-02-18,Uttarkashi,0.5402563656569073
2021-02-19,Almora,0.1699030614342366
2021-02-19,Bageshwar,1.598641503046212
2021-02-19,Chamoli,0.5609609301825331
2021-02-19,Champawat,0.0
2021-02-19,Dehra Dun,8.789860839153641e-05
2021-02-19,Haridwar,0.0
2021-02-19,Naini Tal,4.15670763959412e-05
2021-02-19,Pauri Garhwal,0.0124901698526159
2021-02-19,Pithoragarh,0.5391340089584123
2021-02-19,Rudra Prayag,0.9096303799693088
2021-02-19,Tehri Garhwal,0.3397274022663435
2021-02-19,Udham Singh Nagar,0.0074785688714166
2021-02-19,Uttarkashi,0.0765341930407795
2021-02-20,Almora,0.1470065038140364
2021-02-20,Bageshwar,2.976100136585164
2021-02-20,Chamoli,1.4131711781900105
2021-02-20,Champawat,0.0
2021-02-20,Dehra Dun,0.0
2021-02-20,Haridwar,0.0
2021-02-20,Naini Tal,0.0
2021-02-20,Pauri Garhwal,0.0453554074929829
2021-02-20,Pithoragarh,0.5673828121266888
2021-02-20,Rudra Prayag,1.6674058255036597
2021-02-20,Tehri Garhwal,0.5847145289571809
2021-02-20,Udham Singh Nagar,0.0
2021-02-20,Uttarkashi,0.4789989255233852
2021-02-21,Almora,0.0
2021-02-21,Bageshwar,2.7107434850066268
2021-02-21,Chamoli,0.982462894912728
2021-02-21,Champawat,0.0
2021-02-21,Dehra Dun,0.0
2021-02-21,Haridwar,0.0
2021-02-21,Naini Tal,0.0
2021-02-21,Pauri Garhwal,0.0007470510948844
2021-02-21,Pithoragarh,0.372858800821074
2021-02-21,Rudra Prayag,1.0719101677039102
2021-02-21,Tehri Garhwal,0.4822822055784546
2021-02-21,Udham Singh Nagar,0.015606709496354
2021-02-21,Uttarkashi,0.3024453011237535
2021-02-22,Almora,0.0013679500950556
2021-02-22,Bageshwar,1.8075679741984727
2021-02-22,Chamoli,0.6467175177627349
2021-02-22,Champawat,0.0033132529379912
2021-02-22,Dehra Dun,0.0
2021-02-22,Haridwar,0.0
2021-02-22,Naini Tal,0.0014428972044695
2021-02-22,Pauri Garhwal,0.0018691697092796
2021-02-22,Pithoragarh,0.7671426290892026
2021-02-22,Rudra Prayag,1.7609895907442163
2021-02-22,Tehri Garhwal,0.3501948969690942
2021-02-22,Udham Singh Nagar,0.0185404964101903
2021-02-22,Uttarkashi,0.2561389642957282
2021-02-23,Almora,0.0441594347535782
2021-02-23,Bageshwar,0.4655073389270589
2021-02-23,Chamoli,0.7627211357246744
2021-02-23,Champawat,0.0523104897230848
2021-02-23,Dehra Dun,0.0
2021-02-23,Haridwar,0.0
2021-02-23,Naini Tal,0.1057201471131526
2021-02-23,Pauri Garhwal,0.0
2021-02-23,Pithoragarh,1.7456566622261194
2021-02-23,Rudra Prayag,0.1684438639839979
2021-02-23,Tehri Garhwal,0.0131848070290638
2021-02-23,Udham Singh Nagar,0.0009045225928476
2021-02-23,Uttarkashi,0.4053616782391498
2021-02-24,Almora,0.0
2021-02-24,Bageshwar,0.7179907843648621
2021-02-24,Chamoli,0.5936044545654079
2021-02-24,Champawat,0.0
2021-02-24,Dehra Dun,0.0
2021-02-24,Haridwar,0.0
2021-02-24,Naini Tal,5.2998023798469946e-05
2021-02-24,Pauri Garhwal,0.0003735255584276
2021-02-24,Pithoragarh,0.6083266148775304
2021-02-24,Rudra Prayag,0.0891485311589581
2021-02-24,Tehri Garhwal,0.2052749672825965
2021-02-24,Udham Singh Nagar,0.0385552750646565
2021-02-24,Uttarkashi,0.1062085475152749
2021-02-25,Almora,0.1258493733795363
2021-02-25,Bageshwar,0.8265100926133422
2021-02-25,Chamoli,0.7202678303870931
2021-02-25,Champawat,0.0
2021-02-25,Dehra Dun,0.0
2021-02-25,Haridwar,0.0
2021-02-25,Naini Tal,0.0008734282213394
2021-02-25,Pauri Garhwal,0.0
2021-02-25,Pithoragarh,1.1681138221722822
2021-02-25,Rudra Prayag,1.5246320811237024
2021-02-25,Tehri Garhwal,0.1606747960022732
2021-02-25,Udham Singh Nagar,0.0125266032914504
2021-02-25,Uttarkashi,0.2311254891728117
2021-02-26,Almora,2.4729270011323217
2021-02-26,Bageshwar,2.1947278888260966
2021-02-26,Chamoli,2.5672891849758086
2021-02-26,Champawat,0.6196184551322751
2021-02-26,Dehra Dun,12.965450797723843
2021-02-26,Haridwar,3.5982883215989627
2021-02-26,Naini Tal,0.9871583467501936
2021-02-26,Pauri Garhwal,3.0365591786181314
2021-02-26,Pithoragarh,1.0151130710468947
2021-02-26,Rudra Prayag,5.260488641385265
2021-02-26,Tehri Garhwal,8.723361417328606
2021-02-26,Udham Singh Nagar,0.2886587287134984
2021-02-26,Uttarkashi,7.361061711470454
2021-02-27,Almora,0.8679229749015371
2021-02-27,Bageshwar,1.4837435328745738
2021-02-27,Chamoli,2.1962642195098754
2021-02-27,Champawat,0.7987750788438077
2021-02-27,Dehra Dun,2.5037591480638586
2021-02-27,Haridwar,0.1479741126439283
2021-02-27,Naini Tal,0.4805933574632091
2021-02-27,Pauri Garhwal,1.3489067628215727
2021-02-27,Pithoragarh,1.79629936523901
2021-02-27,Rudra Prayag,5.558369479126366
2021-02-27,Tehri Garhwal,4.33719631775772
2021-02-27,Udham Singh Nagar,0.0508912189672567
2021-02-27,Uttarkashi,5.922181584580116
2021-02-28,Almora,0.197095305170488
2021-02-28,Bageshwar,1.3070459215600485
2021-02-28,Chamoli,1.6371016572405477
2021-02-28,Champawat,0.0
2021-02-28,Dehra Dun,0.0
2021-02-28,Haridwar,0.0
2021-02-28,Naini Tal,0.0106333781184345
2021-02-28,Pauri Garhwal,0.0915831466534335
2021-02-28,Pithoragarh,0.2392873325647599
2021-02-28,Rudra Prayag,1.848830702204405
2021-02-28,Tehri Garhwal,0.1935622343611365
2021-02-28,Udham Singh Nagar,0.0045603014828272
2021-02-28,Uttarkashi,0.1596348601795808
2021-03-01,Almora,0.7195993592777832
2021-03-01,Bageshwar,0.4811055046615795
2021-03-01,Chamoli,0.5691575476112726
2021-03-01,Champawat,0.0031071788656275
2021-03-01,Dehra Dun,0.0144585043662267
2021-03-01,Haridwar,0.0049374011440078
2021-03-01,Naini Tal,0.0690890566697118
2021-03-01,Pauri Garhwal,0.2627490121573548
2021-03-01,Pithoragarh,0.1494383793418971
2021-03-01,Rudra Prayag,0.795802745418639
2021-03-01,Tehri Garhwal,0.2902455150323387
2021-03-01,Udham Singh Nagar,0.0010019953019144
2021-03-01,Uttarkashi,0.1345554114798852
2021-03-02,Almora,0.0698169717891444
2021-03-02,Bageshwar,0.4083915333633365
2021-03-02,Chamoli,0.3827931849253064
2021-03-02,Champawat,0.0
2021-03-02,Dehra Dun,0.0
2021-03-02,Haridwar,0.0
2021-03-02,Naini Tal,0.0
2021-03-02,Pauri Garhwal,0.0365241685099299
2021-03-02,Pithoragarh,0.275357925642872
2021-03-02,Rudra Prayag,0.6184248528769802
2021-03-02,Tehri Garhwal,0.07562523624548
2021-03-02,Udham Singh Nagar,0.0
2021-03-02,Uttarkashi,0.0536275292007467
2021-03-03,Almora,0.0
2021-03-03,Bageshwar,0.1243759156771428
2021-03-03,Chamoli,0.2128566809342651
2021-03-03,Champawat,0.0
2021-03-03,Dehra Dun,0.0
2021-03-03,Haridwar,0.0
2021-03-03,Naini Tal,0.0
2021-03-03,Pauri Garhwal,0.0
2021-03-03,Pithoragarh,0.2004354622662288
2021-03-03,Rudra Prayag,0.3859049968559789
2021-03-03,Tehri Garhwal,0.0468190036391149
2021-03-03,Udham Singh Nagar,0.0
2021-03-03,Uttarkashi,0.1792305472855029
2021-03-04,Almora,0.4342516150129575
2021-03-04,Bageshwar,0.8017159777255182
2021-03-04,Chamoli,0.4987797341456079
2021-03-04,Champawat,0.0
2021-03-04,Dehra Dun,0.0
2021-03-04,Haridwar,0.0
2021-03-04,Naini Tal,0.0006822196730538
2021-03-04,Pauri Garhwal,0.1162878700458997
2021-03-04,Pithoragarh,0.3788489458791045
2021-03-04,Rudra Prayag,1.052561283287864
2021-03-04,Tehri Garhwal,0.1970286842233569
2021-03-04,Udham Singh Nagar,0.0
2021-03-04,Uttarkashi,0.0245339429367464
2021-03-05,Almora,0.0
2021-03-05,Bageshwar,0.5882628517096986
2021-03-05,Chamoli,0.1157269732917898
2021-03-05,Champawat,0.0
2021-03-05,Dehra Dun,0.0
2021-03-05,Haridwar,0.0
2021-03-05,Naini Tal,0.0
2021-03-05,Pauri Garhwal,0.0
2021-03-05,Pithoragarh,0.4943226004313967
2021-03-05,Rudra Prayag,0.1319257299632915
2021-03-05,Tehri Garhwal,0.2622888799328208
2021-03-05,Udham Singh Nagar,0.0
2021-03-05,Uttarkashi,0.0108208483826334
2021-03-06,Almora,0.2650196531515036
2021-03-06,Bageshwar,0.4376727852389996
2021-03-06,Chamoli,1.0754908465969348
2021-03-06,Champawat,0.1162776062213609
2021-03-06,Dehra Dun,2.049286537433109
2021-03-06,Haridwar,0.3510433088890981
2021-03-06,Naini Tal,0.2730686833500742
2021-03-06,Pauri Garhwal,0.8713803700841377
2021-03-06,Pithoragarh,0.2303847445045185
2021-03-06,Rudra Prayag,1.389119135687491
2021-03-06,Tehri Garhwal,1.0522054666469534
2021-03-06,Udham Singh Nagar,0.1056643486666588
2021-03-06,Uttarkashi,2.740478844220684
2021-03-07,Almora,1.6150121729339393
2021-03-07,Bageshwar,7.420745222867975
2021-03-07,Chamoli,8.294586834012065
2021-03-07,Champawat,1.8375903184527536
2021-03-07,Dehra Dun,11.936463341035171
2021-03-07,Haridwar,0.8400184705293915
2021-03-07,Naini Tal,0.454267369519664
2021-03-07,Pauri Garhwal,3.609807179614076
2021-03-07,Pithoragarh,5.968027722469875
2021-03-07,Rudra Prayag,9.271763171732026
2021-03-07,Tehri Garhwal,15.471112398484944
2021-03-07,Udham Singh Nagar,0.1503007650532835
2021-03-07,Uttarkashi,12.831445815871929
2021-03-08,Almora,0.1192550125262657
2021-03-08,Bageshwar,4.058030229863737
2021-03-08,Chamoli,5.516540007563837
2021-03-08,Champawat,0.1075564730359824
2021-03-08,Dehra Dun,0.4640426450138913
2021-03-08,Haridwar,0.0070549390224802
2021-03-08,Naini Tal,0.0046217394645265
2021-03-08,Pauri Garhwal,1.005019634007568
2021-03-08,Pithoragarh,3.1677820793864666
2021-03-08,Rudra Prayag,5.421889334861093
2021-03-08,Tehri Garhwal,2.8797201914378148
2021-03-08,Udham Singh Nagar,0.0004603901881853
2021-03-08,Uttarkashi,3.0903215011291523
2021-03-09,Almora,0.1650928644955344
2021-03-09,Bageshwar,0.7670937307420366
2021-03-09,Chamoli,0.2400186690546592
2021-03-09,Champawat,0.0132517565530818
2021-03-09,Dehra Dun,0.0
2021-03-09,Haridwar,0.1216543377479589
2021-03-09,Naini Tal,0.0605595950296613
2021-03-09,Pauri Garhwal,0.1949329233160623
2021-03-09,Pithoragarh,0.3391034063307415
2021-03-09,Rudra Prayag,0.1346062154304847
2021-03-09,Tehri Garhwal,0.1669614905022082
2021-03-09,Udham Singh Nagar,0.0186136560010779
2021-03-09,Uttarkashi,0.0452422728725368
2021-03-10,Almora,4.076102808430748
2021-03-10,Bageshwar,3.000373100701493
2021-03-10,Chamoli,1.4952400699830797
2021-03-10,Champawat,0.6626468182124858
2021-03-10,Dehra Dun,0.2819542044128448
2021-03-10,Haridwar,0.0
2021-03-10,Naini Tal,0.7594351885683706
2021-03-10,Pauri Garhwal,0.7290544118910997
2021-03-10,Pithoragarh,1.0065383963889836
2021-03-10,Rudra Prayag,2.586502533043141
2021-03-10,Tehri Garhwal,0.285504184666225
2021-03-10,Udham Singh Nagar,0.4961424673897274
2021-03-10,Uttarkashi,1.5233479245354324
2021-03-11,Almora,0.0015611442167326
2021-03-11,Bageshwar,0.3639071606880272
2021-03-11,Chamoli,0.1670659435697304
2021-03-11,Champawat,0.0400037644208917
2021-03-11,Dehra Dun,0.010281411461196
2021-03-11,Haridwar,0.0
2021-03-11,Naini Tal,0.0213779482241806
2021-03-11,Pauri Garhwal,0.0070187339654548
2021-03-11,Pithoragarh,0.2807435527336603
2021-03-11,Rudra Prayag,0.2696632044496005
2021-03-11,Tehri Garhwal,0.0805251594037073
2021-03-11,Udham Singh Nagar,0.0104330472295491
2021-03-11,Uttarkashi,0.156590606412062
2021-03-12,Almora,0.5030680493896861
2021-03-12,Bageshwar,0.5293170829243644
2021-03-12,Chamoli,0.7782125519525482
2021-03-12,Champawat,0.8592068031395179
2021-03-12,Dehra Dun,2.590493938128437
2021-03-12,Haridwar,1.7066023581431529
2021-03-12,Naini Tal,0.6496222432923248
2021-03-12,Pauri Garhwal,2.6365156379333694
2021-03-12,Pithoragarh,0.4737647088394185
2021-03-12,Rudra Prayag,1.258904979611861
2021-03-12,Tehri Garhwal,0.7871049194012811
2021-03-12,Udham Singh Nagar,0.6186358108092459
2021-03-12,Uttarkashi,0.9523478137289638
2021-03-13,Almora,0.0
2021-03-13,Bageshwar,1.2372251482065837
2021-03-13,Chamoli,0.3002534343886089
2021-03-13,Champawat,0.0008672188556506
2021-03-13,Dehra Dun,0.0977875414507757
2021-03-13,Haridwar,0.0151311844052049
2021-03-13,Naini Tal,0.0061072428039776
2021-03-13,Pauri Garhwal,0.0037811271184725
2021-03-13,Pithoragarh,0.2440748464826365
2021-03-13,Rudra Prayag,1.078269404797639
2021-03-13,Tehri Garhwal,0.1764511010431859
2021-03-13,Udham Singh Nagar,0.0005653265994697
2021-03-13,Uttarkashi,0.0796176245155735
2021-03-14,Almora,0.0
2021-03-14,Bageshwar,0.8113317825607204
2021-03-14,Chamoli,0.2122782994729168
2021-03-14,Champawat,0.0071749495808502
2021-03-14,Dehra Dun,0.0
2021-03-14,Haridwar,0.0
2021-03-14,Naini Tal,0.0
2021-03-14,Pauri Garhwal,0.0
2021-03-14,Pithoragarh,0.3127168514878182
2021-03-14,Rudra Prayag,0.519564750865874
2021-03-14,Tehri Garhwal,0.3783396807179853
2021-03-14,Udham Singh Nagar,0.0002261306411918
2021-03-14,Uttarkashi,0.2307108340485188
2021-03-15,Almora,0.2662825305691623
2021-03-15,Bageshwar,0.5382692900965648
2021-03-15,Chamoli,0.4763466988697353
2021-03-15,Champawat,0.0125527108110577
2021-03-15,Dehra Dun,0.0514540742496655
2021-03-15,Haridwar,0.0296892052226727
2021-03-15,Naini Tal,0.0
2021-03-15,Pauri Garhwal,0.036026134690029
2021-03-15,Pithoragarh,0.4976224093457451
2021-03-15,Rudra Prayag,0.5564680420894927
2021-03-15,Tehri Garhwal,0.2857152997311759
2021-03-15,Udham Singh Nagar,0.0
2021-03-15,Uttarkashi,0.2597843612430573
2021-03-16,Almora,0.0
2021-03-16,Bageshwar,0.3503097337525105
2021-03-16,Chamoli,0.1451381893185301
2021-03-16,Champawat,0.0
2021-03-16,Dehra Dun,0.0
2021-03-16,Haridwar,0.0
2021-03-16,Naini Tal,5.507637769569172e-05
2021-03-16,Pauri Garhwal,3.2765399005513046e-05
2021-03-16,Pithoragarh,0.2645613212387396
2021-03-16,Rudra Prayag,0.947759919021671
2021-03-16,Tehri Garhwal,0.1058668482281215
2021-03-16,Udham Singh Nagar,0.0099091040192955
2021-03-16,Uttarkashi,0.3003729612956562
2021-03-17,Almora,0.0
2021-03-17,Bageshwar,0.1471902538462446
2021-03-17,Chamoli,0.0698916856088193
2021-03-17,Champawat,0.0
2021-03-17,Dehra Dun,0.0369794222188143
2021-03-17,Haridwar,0.0
2021-03-17,Naini Tal,0.0
2021-03-17,Pauri Garhwal,0.0
2021-03-17,Pithoragarh,0.3016375109570275
2021-03-17,Rudra Prayag,0.6929809850674373
2021-03-17,Tehri Garhwal,0.0777630557596727
2021-03-17,Udham Singh Nagar,0.0
2021-03-17,Uttarkashi,0.4010712624268485
2021-03-18,Almora,0.0016377440294141
2021-03-18,Bageshwar,0.3000808766924926
2021-03-18,Chamoli,0.3668890615248193
2021-03-18,Champawat,0.1031463301885989
2021-03-18,Dehra Dun,0.1125742681211525
2021-03-18,Haridwar,0.0174405696954519
2021-03-18,Naini Tal,0.0497287729564192
2021-03-18,Pauri Garhwal,0.0151198825895643
2021-03-18,Pithoragarh,0.2013871357472732
2021-03-18,Rudra Prayag,0.1013540554363827
2021-03-18,Tehri Garhwal,0.2401291392448
2021-03-18,Udham Singh Nagar,0.0222088375084483
2021-03-18,Uttarkashi,0.2398912352663625
2021-03-19,Almora,0.0
2021-03-19,Bageshwar,0.5994843620269369
2021-03-19,Chamoli,0.4078806862006985
2021-03-19,Champawat,0.0
2021-03-19,Dehra Dun,0.1291707510653549
2021-03-19,Haridwar,0.0489628434341599
2021-03-19,Naini Tal,0.0
2021-03-19,Pauri Garhwal,0.005530413966814
2021-03-19,Pithoragarh,0.2533473187482156
2021-03-19,Rudra Prayag,0.2591537074406272
2021-03-19,Tehri Garhwal,0.1522850702274228
2021-03-19,Udham Singh Nagar,0.0
2021-03-19,Uttarkashi,0.7595821900138175
2021-03-20,Almora,0.1924627120429831
2021-03-20,Bageshwar,1.5593060255203022
2021-03-20,Chamoli,0.9225842812656204
2021-03-20,Champawat,0.2567419620138689
2021-03-20,Dehra Dun,0.0
2021-03-20,Haridwar,0.0
2021-03-20,Naini Tal,0.0021796735841906
2021-03-20,Pauri Garhwal,0.0005847660038586
2021-03-20,Pithoragarh,0.4732178969492674
2021-03-20,Rudra Prayag,0.3706614740913499
2021-03-20,Tehri Garhwal,0.3992298782026958
2021-03-20,Udham Singh Nagar,0.0
2021-03-20,Uttarkashi,0.3237770237458269
2021-03-21,Almora,0.0009591919449541
2021-03-21,Bageshwar,3.3014364976985457
2021-03-21,Chamoli,0.7737754603219062
2021-03-21,Champawat,0.0
2021-03-21,Dehra Dun,0.0691462233082591
2021-03-21,Haridwar,0.0003266420071381
2021-03-21,Naini Tal,8.936921835478361e-05
2021-03-21,Pauri Garhwal,0.0085471434185253
2021-03-21,Pithoragarh,0.976057164058021
2021-03-21,Rudra Prayag,1.9030707890393024
2021-03-21,Tehri Garhwal,0.5511670611987656
2021-03-21,Udham Singh Nagar,0.0201869638297544
2021-03-21,Uttarkashi,3.266861634996176
2021-03-22,Almora,4.683923433342122
2021-03-22,Bageshwar,3.293501762192532
2021-03-22,Chamoli,6.164969699901385
2021-03-22,Champawat,0.2117821246420171
2021-03-22,Dehra Dun,1.1980048769867442
2021-03-22,Haridwar,1.2654128920917946
2021-03-22,Naini Tal,0.3111545192986529
2021-03-22,Pauri Garhwal,2.9650905198684625
2021-03-22,Pithoragarh,2.06262878573885
2021-03-22,Rudra Prayag,7.91940223081343
2021-03-22,Tehri Garhwal,4.18090724838506
2021-03-22,Udham Singh Nagar,0.0070551284643932
2021-03-22,Uttarkashi,4.378142252277262
2021-03-23,Almora,1.272823314504559
2021-03-23,Bageshwar,1.010528463198331
2021-03-23,Chamoli,2.6468700653056056
2021-03-23,Champawat,0.2032366919288707
2021-03-23,Dehra Dun,2.270102834144724
2021-03-23,Haridwar,2.952191318396127
2021-03-23,Naini Tal,0.1238309225895166
2021-03-23,Pauri Garhwal,1.337547186972469
2021-03-23,Pithoragarh,0.9642695351590116
2021-03-23,Rudra Prayag,2.7765042506184088
2021-03-23,Tehri Garhwal,1.5275433261861389
2021-03-23,Udham Singh Nagar,0.0040843924290015
2021-03-23,Uttarkashi,6.030773987885071
2021-03-24,Almora,0.2263720110703992
2021-03-24,Bageshwar,0.2590606545620283
2021-03-24,Chamoli,0.4957584457272905
2021-03-24,Champawat,0.2326267524080044
2021-03-24,Dehra Dun,0.0151253745217981
2021-03-24,Haridwar,0.0
2021-03-24,Naini Tal,0.0149974016967054
2021-03-24,Pauri Garhwal,0.1860966743752314
2021-03-24,Pithoragarh,0.4109321328381572
2021-03-24,Rudra Prayag,0.3863091478912426
2021-03-24,Tehri Garhwal,0.0953564590058497
2021-03-24,Udham Singh Nagar,0.0
2021-03-24,Uttarkashi,1.0007584538718952
2021-03-25,Almora,0.0
2021-03-25,Bageshwar,0.7824503489054383
2021-03-25,Chamoli,0.2770203219475938
2021-03-25,Champawat,0.0
2021-03-25,Dehra Dun,0.0
2021-03-25,Haridwar,0.0
2021-03-25,Naini Tal,0.0
2021-03-25,Pauri Garhwal,0.0031824839223791
2021-03-25,Pithoragarh,0.1492272893277307
2021-03-25,Rudra Prayag,0.1788359186298412
2021-03-25,Tehri Garhwal,0.093288693552552
2021-03-25,Udham Singh Nagar,0.0
2021-03-25,Uttarkashi,0.0359205153755507
2021-03-26,Almora,0.0
2021-03-26,Bageshwar,0.2597371252902496
2021-03-26,Chamoli,0.2234046464204441
2021-03-26,Champawat,0.0
2021-03-26,Dehra Dun,0.0
2021-03-26,Haridwar,0.0053882725045824
2021-03-26,Naini Tal,0.0
2021-03-26,Pauri Garhwal,0.0135552382964571
2021-03-26,Pithoragarh,0.1698743671519662
2021-03-26,Rudra Prayag,1.6592486671476088
2021-03-26,Tehri Garhwal,0.1561451546616676
2021-03-26,Udham Singh Nagar,0.0
2021-03-26,Uttarkashi,0.1332630199375957
2021-03-27,Almora,0.0
2021-03-27,Bageshwar,0.6218327052651575
2021-03-27,Chamoli,0.1636570225013697
2021-03-27,Champawat,0.0048431223066688
2021-03-27,Dehra Dun,0.0
2021-03-27,Haridwar,0.0
2021-03-27,Naini Tal,0.0
2021-03-27,Pauri Garhwal,0.0
2021-03-27,Pithoragarh,0.4002745631335493
2021-03-27,Rudra Prayag,0.2229205471133758
2021-03-27,Tehri Garhwal,0.0774852244757375
2021-03-27,Udham Singh Nagar,0.0
2021-03-27,Uttarkashi,0.0453739096003961
2021-03-28,Almora,0.0788211750924443
2021-03-28,Bageshwar,0.52247792760934
2021-03-28,Chamoli,1.9031706387441965
2021-03-28,Champawat,0.0078990962110874
2021-03-28,Dehra Dun,0.1043199750785933
2021-03-28,Haridwar,0.0
2021-03-28,Naini Tal,0.0059716303094487
2021-03-28,Pauri Garhwal,0.2137529825379295
2021-03-28,Pithoragarh,0.1851914957514489
2021-03-28,Rudra Prayag,3.834222721208421
2021-03-28,Tehri Garhwal,0.4324909345948274
2021-03-28,Udham Singh Nagar,0.0185840964344025
2021-03-28,Uttarkashi,1.1729454999469793
2021-03-29,Almora,0.0008914045430921
2021-03-29,Bageshwar,0.4187086288265966
2021-03-29,Chamoli,0.8079036191712978
2021-03-29,Champawat,0.0
2021-03-29,Dehra Dun,0.1370870766041327
2021-03-29,Haridwar,0.0
2021-03-29,Naini Tal,0.0005299802437915
2021-03-29,Pauri Garhwal,0.0026389637809192
2021-03-29,Pithoragarh,0.2582966005224944
2021-03-29,Rudra Prayag,1.4677495384727166
2021-03-29,Tehri Garhwal,0.2877640052478593
2021-03-29,Udham Singh Nagar,0.0
2021-03-29,Uttarkashi,1.0958972997634284
2021-03-30,Almora,0.0025596528898908
2021-03-30,Bageshwar,0.1791369429549805
2021-03-30,Chamoli,0.8259238386105816
2021-03-30,Champawat,0.0
2021-03-30,Dehra Dun,0.0
2021-03-30,Haridwar,0.0
2021-03-30,Naini Tal,0.0033581003339216
2021-03-30,Pauri Garhwal,0.0074489243345372
2021-03-30,Pithoragarh,0.2648851508770358
2021-03-30,Rudra Prayag,1.2136303695169677
2021-03-30,Tehri Garhwal,0.1917580016081804
2021-03-30,Udham Singh Nagar,0.0043866389097677
2021-03-30,Uttarkashi,0.3307716337043766
2021-03-31,Almora,0.0716024926870428
2021-03-31,Bageshwar,0.23270495741385
2021-03-31,Chamoli,0.3839984950602052
2021-03-31,Champawat,0.0062173693581113
2021-03-31,Dehra Dun,0.0
2021-03-31,Haridwar,0.0
2021-03-31,Naini Tal,0.0003143510152443
2021-03-31,Pauri Garhwal,0.029399428658073
2021-03-31,Pithoragarh,0.1848367682682675
2021-03-31,Rudra Prayag,0.5685129393210605
2021-03-31,Tehri Garhwal,0.0396940512346544
2021-03-31,Udham Singh Nagar,0.0
2021-03-31,Uttarkashi,0.1018673585331299
2021-04-01,Almora,0.1123914062096019
2021-04-01,Bageshwar,0.1299558846814119
2021-04-01,Chamoli,0.3347635771856113
2021-04-01,Champawat,0.0283830331906818
2021-04-01,Dehra Dun,0.0513405587618602
2021-04-01,Haridwar,0.021189030833335
2021-04-01,Naini Tal,0.1083527482081343
2021-04-01,Pauri Garhwal,0.0488428824320785
2021-04-01,Pithoragarh,0.1076121330037547
2021-04-01,Rudra Prayag,0.3339352353139811
2021-04-01,Tehri Garhwal,0.5464059213652861
2021-04-01,Udham Singh Nagar,0.0181377482211793
2021-04-01,Uttarkashi,0.1870278325996695
2021-04-02,Almora,0.0
2021-04-02,Bageshwar,0.0370027561334769
2021-04-02,Chamoli,0.0723794132767545
2021-04-02,Champawat,0.0
2021-04-02,Dehra Dun,0.0046116107293986
2021-04-02,Haridwar,0.0
2021-04-02,Naini Tal,0.0
2021-04-02,Pauri Garhwal,0.000670341504421
2021-04-02,Pithoragarh,0.0547805163084525
2021-04-02,Rudra Prayag,0.2217771957305119
2021-04-02,Tehri Garhwal,0.061266678134054
2021-04-02,Udham Singh Nagar,0.0
2021-04-02,Uttarkashi,0.2101780180690022
2021-04-03,Almora,0.0
2021-04-03,Bageshwar,0.1964402501736699
2021-04-03,Chamoli,0.0544488301605826
2021-04-03,Champawat,0.0
2021-04-03,Dehra Dun,0.0
2021-04-03,Haridwar,0.0
2021-04-03,Naini Tal,0.0
2021-04-03,Pauri Garhwal,0.0
2021-04-03,Pithoragarh,0.0980211586341365
2021-04-03,Rudra Prayag,0.0264214154014392
2021-04-03,Tehri Garhwal,0.0522941267228814
2021-04-03,Udham Singh Nagar,0.0
2021-04-03,Uttarkashi,0.0284526413868201
2021-04-04,Almora,0.0487405086530134
2021-04-04,Bageshwar,0.3544788504870239
2021-04-04,Chamoli,0.2260889923262623
2021-04-04,Champawat,0.0
2021-04-04,Dehra Dun,0.0274986365014769
2021-04-04,Haridwar,0.0027179080216588
2021-04-04,Naini Tal,0.005134053742001
2021-04-04,Pauri Garhwal,0.075109858698333
2021-04-04,Pithoragarh,0.2417132962061622
2021-04-04,Rudra Prayag,0.5090328046029019
2021-04-04,Tehri Garhwal,0.1766469650768707
2021-04-04,Udham Singh Nagar,0.0224741346321442
2021-04-04,Uttarkashi,0.6880025521574248
2021-04-05,Almora,0.0902975840721816
2021-04-05,Bageshwar,0.9572610065044822
2021-04-05,Chamoli,1.7148828425278897
2021-04-05,Champawat,0.0606212333273928
2021-04-05,Dehra Dun,0.4146388544562445
2021-04-05,Haridwar,0.0140817039079608
2021-04-05,Naini Tal,0.1134630551052258
2021-04-05,Pauri Garhwal,0.28938323390138
2021-04-05,Pithoragarh,0.9038369822477876
2021-04-05,Rudra Prayag,3.1429325612686525
2021-04-05,Tehri Garhwal,0.8830332423088448
2021-04-05,Udham Singh Nagar,0.003109665864491
2021-04-05,Uttarkashi,2.0715529480795505
2021-04-06,Almora,1.4284225528612289
2021-04-06,Bageshwar,2.61702106816451
2021-04-06,Chamoli,6.6017816787659775
2021-04-06,Champawat,0.5184148977967408
2021-04-06,Dehra Dun,11.844235891701553
2021-04-06,Haridwar,2.727416743893852
2021-04-06,Naini Tal,0.2175506546708784
2021-04-06,Pauri Garhwal,3.671238049010272
2021-04-06,Pithoragarh,2.7073565319544133
2021-04-06,Rudra Prayag,9.29805849155826
2021-04-06,Tehri Garhwal,8.872098044655809
2021-04-06,Udham Singh Nagar,0.0524172317649604
2021-04-06,Uttarkashi,16.311079376484468
2021-04-07,Almora,3.1804981799966674
2021-04-07,Bageshwar,5.291458517278763
2021-04-07,Chamoli,11.5141495290896
2021-04-07,Champawat,1.6119289536603696
2021-04-07,Dehra Dun,0.466644173203979
2021-04-07,Haridwar,0.0932426463670243
2021-04-07,Naini Tal,0.458537348178901
2021-04-07,Pauri Garhwal,2.0860777343248897
2021-04-07,Pithoragarh,6.680679259884968
2021-04-07,Rudra Prayag,4.183431675613557
2021-04-07,Tehri Garhwal,2.928581701764525
2021-04-07,Udham Singh Nagar,0.0023019508941265
2021-04-07,Uttarkashi,2.92750352831004
2021-04-08,Almora,0.0
2021-04-08,Bageshwar,0.1276433799284003
2021-04-08,Chamoli,2.807648523135387
2021-04-08,Champawat,0.0
2021-04-08,Dehra Dun,0.0
2021-04-08,Haridwar,0.0
2021-04-08,Naini Tal,0.0
2021-04-08,Pauri Garhwal,0.0054510059700343
2021-04-08,Pithoragarh,0.0384738244131725
2021-04-08,Rudra Prayag,1.2462003176288747
2021-04-08,Tehri Garhwal,0.1255218235310167
2021-04-08,Udham Singh Nagar,0.0
2021-04-08,Uttarkashi,0.4727452405584378
2021-04-09,Almora,0.017348833710037
2021-04-09,Bageshwar,0.1222022016808349
2021-04-09,Chamoli,0.0568042348953733
2021-04-09,Champawat,0.0153175200049084
2021-04-09,Dehra Dun,4.701553489814893e-05
2021-04-09,Haridwar,0.0
2021-04-09,Naini Tal,0.0122492983610144
2021-04-09,Pauri Garhwal,0.0
2021-04-09,Pithoragarh,0.0452011176274772
2021-04-09,Rudra Prayag,0.1404248656972033
2021-04-09,Tehri Garhwal,0.0435503234003332
2021-04-09,Udham Singh Nagar,0.0
2021-04-09,Uttarkashi,0.0771930024486334
2021-04-10,Almora,0.0
2021-04-10,Bageshwar,0.459713227090234
2021-04-10,Chamoli,0.0893933384945307
2021-04-10,Champawat,0.0
2021-04-10,Dehra Dun,0.0
2021-04-10,Haridwar,0.0
2021-04-10,Naini Tal,0.0
2021-04-10,Pauri Garhwal,0.0
2021-04-10,Pithoragarh,0.1336449178125632
2021-04-10,Rudra Prayag,0.2602193391709773
2021-04-10,Tehri Garhwal,0.1040702426548318
2021-04-10,Udham Singh Nagar,0.0
2021-04-10,Uttarkashi,0.227072018973944
2021-04-11,Almora,0.0
2021-04-11,Bageshwar,0.104725180954419
2021-04-11,Chamoli,0.0782347117570945
2021-04-11,Champawat,0.0
2021-04-11,Dehra Dun,0.0
2021-04-11,Haridwar,0.0
2021-04-11,Naini Tal,0.0
2021-04-11,Pauri Garhwal,0.0
2021-04-11,Pithoragarh,0.0727958481502466
2021-04-11,Rudra Prayag,0.0400518118151317
2021-04-11,Tehri Garhwal,0.072496662314575
2021-04-11,Udham Singh Nagar,0.0
2021-04-11,Uttarkashi,0.0348592730442076
2021-04-12,Almora,0.0158724237374563
2021-04-12,Bageshwar,0.205293188336723
2021-04-12,Chamoli,0.3603622784131762
2021-04-12,Champawat,0.0026355421798954
2021-04-12,Dehra Dun,0.4936488010131409
2021-04-12,Haridwar,0.0131220280098167
2021-04-12,Naini Tal,0.0075610515700346
2021-04-12,Pauri Garhwal,0.1734091384074567
2021-04-12,Pithoragarh,0.1206086002933281
2021-04-12,Rudra Prayag,0.2759084554784811
2021-04-12,Tehri Garhwal,0.753475486086962
2021-04-12,Udham Singh Nagar,0.0004219627455196
2021-04-12,Uttarkashi,0.8273343291022254
2021-04-13,Almora,0.0006954989142497
2021-04-13,Bageshwar,0.9940284601121676
2021-04-13,Chamoli,0.0663744513622314
2021-04-13,Champawat,0.0441503498233839
2021-04-13,Dehra Dun,0.0262830470669349
2021-04-13,Haridwar,0.0
2021-04-13,Naini Tal,0.0277070554184686
2021-04-13,Pauri Garhwal,5.242463840882087e-05
2021-04-13,Pithoragarh,0.3593803106714768
2021-04-13,Rudra Prayag,0.0554956808223007
2021-04-13,Tehri Garhwal,0.0522817370301241
2021-04-13,Udham Singh Nagar,0.0
2021-04-13,Uttarkashi,0.4317579699477866
2021-04-14,Almora,0.3053579122833644
2021-04-14,Bageshwar,0.1820248128500465
2021-04-14,Chamoli,0.90415028754226
2021-04-14,Champawat,0.0129367465615725
2021-04-14,Dehra Dun,0.276568540769207
2021-04-14,Haridwar,0.1653856299412497
2021-04-14,Naini Tal,0.1508017210200797
2021-04-14,Pauri Garhwal,0.0408542118587473
2021-04-14,Pithoragarh,1.2224332293147198
2021-04-14,Rudra Prayag,0.6734801201619504
2021-04-14,Tehri Garhwal,0.651564029816061
2021-04-14,Udham Singh Nagar,0.0303369776030301
2021-04-14,Uttarkashi,0.3462878376057401
2021-04-15,Almora,0.7970763086516827
2021-04-15,Bageshwar,2.0639815698081616
2021-04-15,Chamoli,0.9382832450951706
2021-04-15,Champawat,3.2381261812521136
2021-04-15,Dehra Dun,0.7767688548316762
2021-04-15,Haridwar,0.0643475950951569
2021-04-15,Naini Tal,0.3657175438308448
2021-04-15,Pauri Garhwal,0.1626297085477818
2021-04-15,Pithoragarh,0.6535545482813933
2021-04-15,Rudra Prayag,0.597718464522357
2021-04-15,Tehri Garhwal,0.2851520141587015
2021-04-15,Udham Singh Nagar,0.0866885877528483
2021-04-15,Uttarkashi,0.3332181951775539
2021-04-16,Almora,3.665153124561854
2021-04-16,Bageshwar,3.250930995072121
2021-04-16,Chamoli,3.1486302858007176
2021-04-16,Champawat,3.43341106883728
2021-04-16,Dehra Dun,2.918847028363033
2021-04-16,Haridwar,8.066722808655191
2021-04-16,Naini Tal,2.9669738370097907
2021-04-16,Pauri Garhwal,3.705018812718856
2021-04-16,Pithoragarh,1.4665879364226628
2021-04-16,Rudra Prayag,4.185854827403855
2021-04-16,Tehri Garhwal,2.161024538054849
2021-04-16,Udham Singh Nagar,1.861908020987251
2021-04-16,Uttarkashi,5.249254578288704
2021-04-17,Almora,2.391423486949171
2021-04-17,Bageshwar,9.786612809418791
2021-04-17,Chamoli,8.737839133336283
2021-04-17,Champawat,0.5257529997564646
2021-04-17,Dehra Dun,2.354499805749374
2021-04-17,Haridwar,0.2158628228048512
2021-04-17,Naini Tal,0.6006671374975926
2021-04-17,Pauri Garhwal,4.643382813407061
2021-04-17,Pithoragarh,8.04376336001446
2021-04-17,Rudra Prayag,9.292903031445135
2021-04-17,Tehri Garhwal,12.79319115372414
2021-04-17,Udham Singh Nagar,0.0921098117058931
2021-04-17,Uttarkashi,8.412374592557235
2021-04-18,Almora,2.9425256831465147
2021-04-18,Bageshwar,1.0940247908332177
2021-04-18,Chamoli,0.5009161130465144
2021-04-18,Champawat,8.268720908301797
2021-04-18,Dehra Dun,0.7860833908846
2021-04-18,Haridwar,0.0040350413751194
2021-04-18,Naini Tal,2.8105896769062846
2021-04-18,Pauri Garhwal,0.7403322628042053
2021-04-18,Pithoragarh,1.3057190411145072
2021-04-18,Rudra Prayag,1.750609633570701
2021-04-18,Tehri Garhwal,2.333697996909147
2021-04-18,Udham Singh Nagar,0.1238479122999607
2021-04-18,Uttarkashi,0.3800382272446665
2021-04-19,Almora,0.0015753795556449
2021-04-19,Bageshwar,0.2382536697877666
2021-04-19,Chamoli,0.1718383799245431
2021-04-19,Champawat,0.0
2021-04-19,Dehra Dun,0.0
2021-04-19,Haridwar,0.0
2021-04-19,Naini Tal,0.0
2021-04-19,Pauri Garhwal,0.0065515378330549
2021-04-19,Pithoragarh,0.2682208156379732
2021-04-19,Rudra Prayag,0.5346752875476483
2021-04-19,Tehri Garhwal,0.1244896076720107
2021-04-19,Udham Singh Nagar,0.0
2021-04-19,Uttarkashi,0.0656512860225796
2021-04-20,Almora,13.462857615286376
2021-04-20,Bageshwar,12.124779173642269
2021-04-20,Chamoli,9.665294831654997
2021-04-20,Champawat,5.8947086871471175
2021-04-20,Dehra Dun,7.294415192107439
2021-04-20,Haridwar,3.2797868578362017
2021-04-20,Naini Tal,8.636036367225682
2021-04-20,Pauri Garhwal,14.721900060878228
2021-04-20,Pithoragarh,9.719190052091928
2021-04-20,Rudra Prayag,11.087488509352044
2021-04-20,Tehri Garhwal,10.551142543872796
2021-04-20,Udham Singh Nagar,3.644867642327154
2021-04-20,Uttarkashi,7.860300689110552
2021-04-21,Almora,19.857131472957693
2021-04-21,Bageshwar,23.42260522623837
2021-04-21,Chamoli,27.139578409564283
2021-04-21,Champawat,6.5555583412240495
2021-04-21,Dehra Dun,11.15315799847926
2021-04-21,Haridwar,3.691870862313716
2021-04-21,Naini Tal,5.596983148116348
2021-04-21,Pauri Garhwal,11.012351527425102
2021-04-21,Pithoragarh,17.372562846649025
2021-04-21,Rudra Prayag,43.29876769960299
2021-04-21,Tehri Garhwal,22.82665456395929
2021-04-21,Udham Singh Nagar,10.925962658902533
2021-04-21,Uttarkashi,30.27410982862861
2021-04-22,Almora,1.8278910887523327
2021-04-22,Bageshwar,2.40654865162454
2021-04-22,Chamoli,5.542237881416216
2021-04-22,Champawat,3.137911573921546
2021-04-22,Dehra Dun,5.8417803285565775
2021-04-22,Haridwar,3.301190266015048
2021-04-22,Naini Tal,3.0392470395460203
2021-04-22,Pauri Garhwal,5.187887466623911
2021-04-22,Pithoragarh,4.012754944290053
2021-04-22,Rudra Prayag,8.57062152918454
2021-04-22,Tehri Garhwal,6.767102388577114
2021-04-22,Udham Singh Nagar,0.8661431962636031
2021-04-22,Uttarkashi,10.795706203434523
2021-04-23,Almora,25.399578500427573
2021-04-23,Bageshwar,25.29574662287145
2021-04-23,Chamoli,23.02994074732256
2021-04-23,Champawat,2.867592806993782
2021-04-23,Dehra Dun,26.69509417581052
2021-04-23,Haridwar,8.460691829967859
2021-04-23,Naini Tal,8.218531963800341
2021-04-23,Pauri Garhwal,13.091647211581234
2021-04-23,Pithoragarh,14.441241649059728
2021-04-23,Rudra Prayag,27.168044290640463
2021-04-23,Tehri Garhwal,21.90492989706356
2021-04-23,Udham Singh Nagar,2.6706657677796923
2021-04-23,Uttarkashi,26.1216157078882
2021-04-24,Almora,2.522859205057745
2021-04-24,Bageshwar,2.228104722957634
2021-04-24,Chamoli,4.320911495253546
2021-04-24,Champawat,0.4458709751551757
2021-04-24,Dehra Dun,0.9213818268008724
2021-04-24,Haridwar,0.0059772846650586
2021-04-24,Naini Tal,0.0509565609029068
2021-04-24,Pauri Garhwal,4.005010308763588
2021-04-24,Pithoragarh,1.8968517082332683
2021-04-24,Rudra Prayag,2.162233084947875
2021-04-24,Tehri Garhwal,4.695300118394713
2021-04-24,Udham Singh Nagar,0.0033653560478571
2021-04-24,Uttarkashi,0.3119400658877141
2021-04-25,Almora,0.0022071583394502
2021-04-25,Bageshwar,0.0154154409103177
2021-04-25,Chamoli,0.0804847384596378
2021-04-25,Champawat,0.0
2021-04-25,Dehra Dun,0.0003216135114813
2021-04-25,Haridwar,0.0
2021-04-25,Naini Tal,0.0
2021-04-25,Pauri Garhwal,0.0044911725870347
2021-04-25,Pithoragarh,0.0966535484012386
2021-04-25,Rudra Prayag,0.5270638949136428
2021-04-25,Tehri Garhwal,0.1999165977455578
2021-04-25,Udham Singh Nagar,0.0
2021-04-25,Uttarkashi,0.0946050879317772
2021-04-26,Almora,0.0
2021-04-26,Bageshwar,0.343302380346337
2021-04-26,Chamoli,0.089116954358517
2021-04-26,Champawat,0.0
2021-04-26,Dehra Dun,0.0
2021-04-26,Haridwar,0.0
2021-04-26,Naini Tal,0.0
2021-04-26,Pauri Garhwal,0.0
2021-04-26,Pithoragarh,0.0587603458596122
2021-04-26,Rudra Prayag,0.2242711500980487
2021-04-26,Tehri Garhwal,0.1134626354807025
2021-04-26,Udham Singh Nagar,0.0
2021-04-26,Uttarkashi,0.0611956986473563
2021-04-27,Almora,0.0821664845081017
2021-04-27,Bageshwar,2.380880464974325
2021-04-27,Chamoli,3.3485467600194525
2021-04-27,Champawat,0.0
2021-04-27,Dehra Dun,0.0731459511752382
2021-04-27,Haridwar,0.0
2021-04-27,Naini Tal,0.0
2021-04-27,Pauri Garhwal,0.0295732781513876
2021-04-27,Pithoragarh,0.568864390456692
2021-04-27,Rudra Prayag,3.0596597001091648
2021-04-27,Tehri Garhwal,3.277672916177655
2021-04-27,Udham Singh Nagar,0.0
2021-04-27,Uttarkashi,3.313636229861914
2021-04-28,Almora,0.0026165943058942
2021-04-28,Bageshwar,2.5456185099192874
2021-04-28,Chamoli,0.8501176299543087
2021-04-28,Champawat,0.0
2021-04-28,Dehra Dun,0.5913307285507441
2021-04-28,Haridwar,0.0
2021-04-28,Naini Tal,0.0073807541163686
2021-04-28,Pauri Garhwal,0.0651576576991248
2021-04-28,Pithoragarh,0.1513145594393221
2021-04-28,Rudra Prayag,3.928224399163096
2021-04-28,Tehri Garhwal,3.8860335752088018
2021-04-28,Udham Singh Nagar,0.0
2021-04-28,Uttarkashi,2.0261683810673574
2021-04-29,Almora,4.188987158346844
2021-04-29,Bageshwar,1.4877904029253195
2021-04-29,Chamoli,4.745516638385405
2021-04-29,Champawat,1.1713164931595188
2021-04-29,Dehra Dun,0.5668676611596786
2021-04-29,Haridwar,0.3541873516934722
2021-04-29,Naini Tal,4.60403450286889
2021-04-29,Pauri Garhwal,4.214085554131318
2021-04-29,Pithoragarh,2.239642893448793
2021-04-29,Rudra Prayag,1.9663747280961568
2021-04-29,Tehri Garhwal,1.4562699782746953
2021-04-29,Udham Singh Nagar,5.640766202788051
2021-04-29,Uttarkashi,1.7823794494146428
2021-04-30,Almora,8.966745358850623
2021-04-30,Bageshwar,17.26325231493033
2021-04-30,Chamoli,8.473629109018365
2021-04-30,Champawat,3.025153035080588
2021-04-30,Dehra Dun,0.4054769619127381
2021-04-30,Haridwar,0.0
2021-04-30,Naini Tal,1.7789124560012144
2021-04-30,Pauri Garhwal,1.134747486274694
2021-04-30,Pithoragarh,3.158497064030068
2021-04-30,Rudra Prayag,13.863752702641625
2021-04-30,Tehri Garhwal,5.74804407164573
2021-04-30,Udham Singh Nagar,0.1469775291202144
2021-04-30,Uttarkashi,4.837471521543293
2021-05-01,Almora,1.2330985507789447
2021-05-01,Bageshwar,10.825713873271116
2021-05-01,Chamoli,2.684151771220505
2021-05-01,Champawat,0.3593068523874813
2021-05-01,Dehra Dun,1.4861087873437195
2021-05-01,Haridwar,0.0872870264240337
2021-05-01,Naini Tal,0.1388368553066903
2021-05-01,Pauri Garhwal,0.5703957615514711
2021-05-01,Pithoragarh,3.386085522829421
2021-05-01,Rudra Prayag,11.19986002167304
2021-05-01,Tehri Garhwal,3.774449829553089
2021-05-01,Udham Singh Nagar,0.1163920389189369
2021-05-01,Uttarkashi,6.896795553930692
2021-05-02,Almora,2.945243288055032
2021-05-02,Bageshwar,15.577407695383853
2021-05-02,Chamoli,5.35654880151301
2021-05-02,Champawat,2.633842817359477
2021-05-02,Dehra Dun,8.690727577384326
2021-05-02,Haridwar,0.0698600077559162
2021-05-02,Naini Tal,1.0857580595302434
2021-05-02,Pauri Garhwal,1.0270483937772454
2021-05-02,Pithoragarh,16.027956399529007
2021-05-02,Rudra Prayag,4.371509401846052
2021-05-02,Tehri Garhwal,11.201071505446796
2021-05-02,Udham Singh Nagar,1.1824393712058212
2021-05-02,Uttarkashi,8.553667137474156
2021-05-03,Almora,2.1723982712395085
2021-05-03,Bageshwar,2.73444570335902
2021-05-03,Chamoli,5.821673103313371
2021-05-03,Champawat,4.966433120707478
2021-05-03,Dehra Dun,8.258870742809075
2021-05-03,Haridwar,0.0442727586363697
2021-05-03,Naini Tal,0.2297609842906053
2021-05-03,Pauri Garhwal,3.517118492092778
2021-05-03,Pithoragarh,2.6063287759416247
2021-05-03,Rudra Prayag,2.592967124638471
2021-05-03,Tehri Garhwal,11.47930159163253
2021-05-03,Udham Singh Nagar,0.0588907754043749
2021-05-03,Uttarkashi,12.5492318372224
2021-05-04,Almora,8.135958974974539
2021-05-04,Bageshwar,20.346074909167296
2021-05-04,Chamoli,15.616080943565557
2021-05-04,Champawat,6.955562080104927
2021-05-04,Dehra Dun,3.03107446884436
2021-05-04,Haridwar,6.328698561179168
2021-05-04,Naini Tal,5.053843285139156
2021-05-04,Pauri Garhwal,7.432308027637523
2021-05-04,Pithoragarh,10.690693480531138
2021-05-04,Rudra Prayag,26.263191074732244
2021-05-04,Tehri Garhwal,5.600927710585248
2021-05-04,Udham Singh Nagar,7.791153321190903
2021-05-04,Uttarkashi,5.535761792094798
2021-05-05,Almora,9.907558776229644
2021-05-05,Bageshwar,8.554854598499986
2021-05-05,Chamoli,3.674526918532687
2021-05-05,Champawat,5.612540036517505
2021-05-05,Dehra Dun,1.0858237637502883
2021-05-05,Haridwar,0.0025497445963594
2021-05-05,Naini Tal,3.6098003937969945
2021-05-05,Pauri Garhwal,3.81687640291112
2021-05-05,Pithoragarh,4.256518790253085
2021-05-05,Rudra Prayag,4.232424779220875
2021-05-05,Tehri Garhwal,4.046114098696711
2021-05-05,Udham Singh Nagar,0.5183247019998738
2021-05-05,Uttarkashi,2.363960322629785
2021-05-06,Almora,12.4774285379076
2021-05-06,Bageshwar,9.33960549352136
2021-05-06,Chamoli,18.414805645470025
2021-05-06,Champawat,20.64310817977406
2021-05-06,Dehra Dun,21.05038255254217
2021-05-06,Haridwar,4.262873650221659
2021-05-06,Naini Tal,9.027119188338473
2021-05-06,Pauri Garhwal,13.774075336514723
2021-05-06,Pithoragarh,3.903053421010832
2021-05-06,Rudra Prayag,23.480403588119643
2021-05-06,Tehri Garhwal,22.2603335386924
2021-05-06,Udham Singh Nagar,6.059826216072685
2021-05-06,Uttarkashi,7.9300280202769535
2021-05-07,Almora,6.668458362315769
2021-05-07,Bageshwar,7.322721314973793
2021-05-07,Chamoli,8.876359834299574
2021-05-07,Champawat,0.2005496925632768
2021-05-07,Dehra Dun,1.4644582617320232
2021-05-07,Haridwar,5.8108820676866566e-05
2021-05-07,Naini Tal,0.1774763552971191
2021-05-07,Pauri Garhwal,3.999283313504801
2021-05-07,Pithoragarh,3.418404660560538
2021-05-07,Rudra Prayag,4.844872079966252
2021-05-07,Tehri Garhwal,3.860559855498128
2021-05-07,Udham Singh Nagar,0.0718725961433437
2021-05-07,Uttarkashi,7.597774832430237
2021-05-08,Almora,4.877318919174561
2021-05-08,Bageshwar,2.573531197446488
2021-05-08,Chamoli,1.844925525150804
2021-05-08,Champawat,6.983856488526966
2021-05-08,Dehra Dun,2.4312318946471203
2021-05-08,Haridwar,0.0654120426549576
2021-05-08,Naini Tal,11.433395284511596
2021-05-08,Pauri Garhwal,6.191198690321386
2021-05-08,Pithoragarh,0.6898956340666518
2021-05-08,Rudra Prayag,0.8232763205289788
2021-05-08,Tehri Garhwal,5.146155053131877
2021-05-08,Udham Singh Nagar,8.174856441384533
2021-05-08,Uttarkashi,2.7990671900947905
2021-05-09,Almora,3.894574860260753
2021-05-09,Bageshwar,6.088830740077366
2021-05-09,Chamoli,1.895435062044132
2021-05-09,Champawat,9.821446790613312
2021-05-09,Dehra Dun,0.5381806931786115
2021-05-09,Haridwar,0.3344100987645949
2021-05-09,Naini Tal,12.607950390639406
2021-05-09,Pauri Garhwal,1.6489375890197078
2021-05-09,Pithoragarh,5.653829001209816
2021-05-09,Rudra Prayag,4.733678625292741
2021-05-09,Tehri Garhwal,3.8159453982237537
2021-05-09,Udham Singh Nagar,12.742681522220629
2021-05-09,Uttarkashi,2.73212148010828
2021-05-10,Almora,0.9203463751030276
2021-05-10,Bageshwar,13.32720741420789
2021-05-10,Chamoli,4.028980790898614
2021-05-10,Champawat,0.1756024037092273
2021-05-10,Dehra Dun,2.1002200352256213
2021-05-10,Haridwar,1.077723167062942
2021-05-10,Naini Tal,0.1469801478437281
2021-05-10,Pauri Garhwal,1.3691353479316413
2021-05-10,Pithoragarh,12.297979208627016
2021-05-10,Rudra Prayag,3.0872175236202013
2021-05-10,Tehri Garhwal,1.650527029401391
2021-05-10,Udham Singh Nagar,0.0607515502178189
2021-05-10,Uttarkashi,3.4431701700796773
2021-05-11,Almora,17.673634270480964
2021-05-11,Bageshwar,6.883663424375461
2021-05-11,Chamoli,6.956728045062046
2021-05-11,Champawat,9.957951567492712
2021-05-11,Dehra Dun,3.2223363858221203
2021-05-11,Haridwar,4.58711734396947
2021-05-11,Naini Tal,12.810056336037585
2021-05-11,Pauri Garhwal,10.572754718485632
2021-05-11,Pithoragarh,3.692274884076809
2021-05-11,Rudra Prayag,8.47299290404322
2021-05-11,Tehri Garhwal,8.610656952712864
2021-05-11,Udham Singh Nagar,2.9567003397225897
2021-05-11,Uttarkashi,1.107470665234865
2021-05-12,Almora,14.45019490819817
2021-05-12,Bageshwar,6.041804088320348
2021-05-12,Chamoli,5.359089625445865
2021-05-12,Champawat,29.592777930043948
2021-05-12,Dehra Dun,5.463297775454116
2021-05-12,Haridwar,7.495324681190598
2021-05-12,Naini Tal,29.01301973031858
2021-05-12,Pauri Garhwal,11.41185886295128
2021-05-12,Pithoragarh,9.111435884599988
2021-05-12,Rudra Prayag,11.11372686399401
2021-05-12,Tehri Garhwal,17.710057719802194
2021-05-12,Udham Singh Nagar,18.316372653324915
2021-05-12,Uttarkashi,11.5355892891695
2021-05-13,Almora,2.3894969615387045
2021-05-13,Bageshwar,3.4869622217386844
2021-05-13,Chamoli,1.1937647793832489
2021-05-13,Champawat,0.7982153365377758
2021-05-13,Dehra Dun,4.80601648495942
2021-05-13,Haridwar,0.4472591898493112
2021-05-13,Naini Tal,0.7610339659553517
2021-05-13,Pauri Garhwal,5.1052689549673484
2021-05-13,Pithoragarh,2.6183154835841087
2021-05-13,Rudra Prayag,2.584626876539028
2021-05-13,Tehri Garhwal,4.7920218791712
2021-05-13,Udham Singh Nagar,0.6954611112189376
2021-05-13,Uttarkashi,7.579745957890714
2021-05-14,Almora,0.0
2021-05-14,Bageshwar,0.4341387781826437
2021-05-14,Chamoli,0.6906826746242172
2021-05-14,Champawat,0.0049359939071858
2021-05-14,Dehra Dun,0.0017191332732686
2021-05-14,Haridwar,0.0
2021-05-14,Naini Tal,0.0227226432092324
2021-05-14,Pauri Garhwal,0.0133586460857303
2021-05-14,Pithoragarh,0.2963224252960837
2021-05-14,Rudra Prayag,0.5499170860748526
2021-05-14,Tehri Garhwal,0.1611599273549331
2021-05-14,Udham Singh Nagar,0.0
2021-05-14,Uttarkashi,0.3500313323850707
2021-05-15,Almora,1.9635025234674528
2021-05-15,Bageshwar,5.098051338399904
2021-05-15,Chamoli,2.088715669609966
2021-05-15,Champawat,0.2009274560666407
2021-05-15,Dehra Dun,2.093661037813232
2021-05-15,Haridwar,0.007388624598635
2021-05-15,Naini Tal,0.005560635825886
2021-05-15,Pauri Garhwal,1.44487700466151
2021-05-15,Pithoragarh,1.7298463512561353
2021-05-15,Rudra Prayag,3.684651049321103
2021-05-15,Tehri Garhwal,3.004013462008833
2021-05-15,Udham Singh Nagar,0.0
2021-05-15,Uttarkashi,1.5238243250260022
2021-05-16,Almora,0.0
2021-05-16,Bageshwar,0.2696323468021172
2021-05-16,Chamoli,0.2998914126850002
2021-05-16,Champawat,0.0135805720452174
2021-05-16,Dehra Dun,0.0
2021-05-16,Haridwar,0.0
2021-05-16,Naini Tal,0.0
2021-05-16,Pauri Garhwal,0.0027145170110173
2021-05-16,Pithoragarh,0.6207951330882222
2021-05-16,Rudra Prayag,0.0341018986490929
2021-05-16,Tehri Garhwal,0.0806328612886577
2021-05-16,Udham Singh Nagar,0.0003391959652978
2021-05-16,Uttarkashi,0.2806525361940025
2021-05-17,Almora,7.166251173679672
2021-05-17,Bageshwar,4.384215890580398
2021-05-17,Chamoli,2.2320888344353604
2021-05-17,Champawat,7.920603484740991
2021-05-17,Dehra Dun,0.2156793353831638
2021-05-17,Haridwar,0.381568047155379
2021-05-17,Naini Tal,9.516543970302298
2021-05-17,Pauri Garhwal,2.5970452667202704
2021-05-17,Pithoragarh,4.184756512881413
2021-05-17,Rudra Prayag,1.025801351281053
2021-05-17,Tehri Garhwal,0.4422745780876064
2021-05-17,Udham Singh Nagar,5.611137908475681
2021-05-17,Uttarkashi,1.900742759327035
2021-05-18,Almora,13.7808585520191
2021-05-18,Bageshwar,9.751281017270657
2021-05-18,Chamoli,10.544585173121837
2021-05-18,Champawat,9.64767669082103
2021-05-18,Dehra Dun,1.6388688587161473
2021-05-18,Haridwar,2.766921926171721
2021-05-18,Naini Tal,10.586704503009017
2021-05-18,Pauri Garhwal,7.389808628177518
2021-05-18,Pithoragarh,8.310990259034165
2021-05-18,Rudra Prayag,7.237348712343781
2021-05-18,Tehri Garhwal,4.233452527860327
2021-05-18,Udham Singh Nagar,12.24811232983232
2021-05-18,Uttarkashi,4.865281973216344
2021-05-19,Almora,43.31146524536448
2021-05-19,Bageshwar,32.5582703558783
2021-05-19,Chamoli,34.611006557005844
2021-05-19,Champawat,39.31916955423407
2021-05-19,Dehra Dun,20.676578945588933
2021-05-19,Haridwar,18.091436464220106
2021-05-19,Naini Tal,30.79952284639279
2021-05-19,Pauri Garhwal,35.1895280929593
2021-05-19,Pithoragarh,25.853816036888315
2021-05-19,Rudra Prayag,50.60456524200139
2021-05-19,Tehri Garhwal,23.373243345396407
2021-05-19,Udham Singh Nagar,37.28313393664965
2021-05-19,Uttarkashi,12.004422717187536
2021-05-20,Almora,64.89433553401854
2021-05-20,Bageshwar,50.05512938393941
2021-05-20,Chamoli,50.62797552017923
2021-05-20,Champawat,43.40005426095395
2021-05-20,Dehra Dun,5.249545401215943
2021-05-20,Haridwar,7.257953694806081
2021-05-20,Naini Tal,33.70157251327951
2021-05-20,Pauri Garhwal,31.32551739138928
2021-05-20,Pithoragarh,29.597670091384064
2021-05-20,Rudra Prayag,44.17868972174559
2021-05-20,Tehri Garhwal,25.687553274709845
2021-05-20,Udham Singh Nagar,15.180051393219596
2021-05-20,Uttarkashi,25.89532188087757
2021-05-21,Almora,0.1324152629408347
2021-05-21,Bageshwar,1.7230339670683914
2021-05-21,Chamoli,1.7664712528081874
2021-05-21,Champawat,1.377981902544768
2021-05-21,Dehra Dun,1.295944360453274
2021-05-21,Haridwar,5.954795600109094
2021-05-21,Naini Tal,0.3499849215526358
2021-05-21,Pauri Garhwal,0.4327141212830214
2021-05-21,Pithoragarh,5.261267805991371
2021-05-21,Rudra Prayag,3.5611899122274084
2021-05-21,Tehri Garhwal,0.3761723125861192
2021-05-21,Udham Singh Nagar,3.684436066243539
2021-05-21,Uttarkashi,1.31161220365138
2021-05-22,Almora,0.2516980687299755
2021-05-22,Bageshwar,1.3458216767468805
2021-05-22,Chamoli,0.6071905170900966
2021-05-22,Champawat,0.1123995965414018
2021-05-22,Dehra Dun,0.1737516989180619
2021-05-22,Haridwar,0.0393158998617518
2021-05-22,Naini Tal,0.0736838807597226
2021-05-22,Pauri Garhwal,0.1011487134796136
2021-05-22,Pithoragarh,0.5576670027295728
2021-05-22,Rudra Prayag,0.1665336743650221
2021-05-22,Tehri Garhwal,0.0530551842265072
2021-05-22,Udham Singh Nagar,1.021051555889032
2021-05-22,Uttarkashi,0.2626634407637896
2021-05-23,Almora,0.3591207900630519
2021-05-23,Bageshwar,0.1824356573717737
2021-05-23,Chamoli,1.7057653462133446
2021-05-23,Champawat,0.033130018906406
2021-05-23,Dehra Dun,0.4115733040546713
2021-05-23,Haridwar,0.0
2021-05-23,Naini Tal,0.2469292256315669
2021-05-23,Pauri Garhwal,0.0258453467410055
2021-05-23,Pithoragarh,1.0468065470399637
2021-05-23,Rudra Prayag,8.099179423862942
2021-05-23,Tehri Garhwal,1.7321568481489915
2021-05-23,Udham Singh Nagar,0.009453147787963
2021-05-23,Uttarkashi,2.2931858664977494
2021-05-24,Almora,0.3730483909445378
2021-05-24,Bageshwar,0.8466902314166553
2021-05-24,Chamoli,1.1098166956097086
2021-05-24,Champawat,0.0
2021-05-24,Dehra Dun,0.390266415136101
2021-05-24,Haridwar,0.0
2021-05-24,Naini Tal,0.055232255312832
2021-05-24,Pauri Garhwal,0.0292005238817044
2021-05-24,Pithoragarh,0.1645831838016704
2021-05-24,Rudra Prayag,1.096618280976058
2021-05-24,Tehri Garhwal,0.6260050354736529
2021-05-24,Udham Singh Nagar,0.0
2021-05-24,Uttarkashi,0.6478787535376062
2021-05-25,Almora,0.1280877129942453
2021-05-25,Bageshwar,1.1057095266909422
2021-05-25,Chamoli,0.7806666637384232
2021-05-25,Champawat,0.0
2021-05-25,Dehra Dun,0.0
2021-05-25,Haridwar,0.0
2021-05-25,Naini Tal,0.0
2021-05-25,Pauri Garhwal,0.0
2021-05-25,Pithoragarh,2.2272198337806293
2021-05-25,Rudra Prayag,0.177105350106221
2021-05-25,Tehri Garhwal,0.0100185852636289
2021-05-25,Udham Singh Nagar,0.0
2021-05-25,Uttarkashi,0.6354958159592295
2021-05-26,Almora,0.0
2021-05-26,Bageshwar,2.0294144646398142
2021-05-26,Chamoli,0.8892052424525982
2021-05-26,Champawat,0.0
2021-05-26,Dehra Dun,0.0
2021-05-26,Haridwar,0.0
2021-05-26,Naini Tal,0.0
2021-05-26,Pauri Garhwal,0.0
2021-05-26,Pithoragarh,0.8094173174140692
2021-05-26,Rudra Prayag,0.6288100011325048
2021-05-26,Tehri Garhwal,0.6176500981717981
2021-05-26,Udham Singh Nagar,0.0
2021-05-26,Uttarkashi,0.4121835888838334
2021-05-27,Almora,0.0312838931719483
2021-05-27,Bageshwar,2.361620353855987
2021-05-27,Chamoli,1.7701269444292882
2021-05-27,Champawat,0.0
2021-05-27,Dehra Dun,0.0
2021-05-27,Haridwar,0.0
2021-05-27,Naini Tal,0.0
2021-05-27,Pauri Garhwal,0.0019296892520082
2021-05-27,Pithoragarh,1.2675562208479076
2021-05-27,Rudra Prayag,4.9614213315554485
2021-05-27,Tehri Garhwal,1.3886822966236148
2021-05-27,Udham Singh Nagar,0.0
2021-05-27,Uttarkashi,1.0515981080479433
2021-05-28,Almora,0.1838543887377399
2021-05-28,Bageshwar,3.05397142782595
2021-05-28,Chamoli,1.1190360924251392
2021-05-28,Champawat,0.2645080262443506
2021-05-28,Dehra Dun,0.2670121183788972
2021-05-28,Haridwar,3.1174351991418128
2021-05-28,Naini Tal,0.0077657693553575
2021-05-28,Pauri Garhwal,1.180057799608815
2021-05-28,Pithoragarh,1.912235873501382
2021-05-28,Rudra Prayag,1.9576838979449296
2021-05-28,Tehri Garhwal,0.945521325241523
2021-05-28,Udham Singh Nagar,0.1240688703074377
2021-05-28,Uttarkashi,2.0327859526954404
2021-05-29,Almora,5.613107244446499
2021-05-29,Bageshwar,6.973997071714941
2021-05-29,Chamoli,7.390350913456159
2021-05-29,Champawat,0.1967821226167271
2021-05-29,Dehra Dun,30.0750088590714
2021-05-29,Haridwar,33.94136321883788
2021-05-29,Naini Tal,3.799268861773921
2021-05-29,Pauri Garhwal,8.21983561765218
2021-05-29,Pithoragarh,6.314032740420432
2021-05-29,Rudra Prayag,11.741633548385208
2021-05-29,Tehri Garhwal,9.590471560723287
2021-05-29,Udham Singh Nagar,0.9465961970307402
2021-05-29,Uttarkashi,4.728589178009033
2021-05-30,Almora,4.073914628392317
2021-05-30,Bageshwar,1.861246279929936
2021-05-30,Chamoli,2.5668004414886294
2021-05-30,Champawat,0.1351367932291753
2021-05-30,Dehra Dun,0.2310425123610018
2021-05-30,Haridwar,2.9050448430665363
2021-05-30,Naini Tal,2.170618259371397
2021-05-30,Pauri Garhwal,0.7888508802709195
2021-05-30,Pithoragarh,2.9174229770179347
2021-05-30,Rudra Prayag,6.589752878407934
2021-05-30,Tehri Garhwal,3.527705802920843
2021-05-30,Udham Singh Nagar,0.4707345415549279
2021-05-30,Uttarkashi,3.478801085753953
2021-05-31,Almora,14.743466942018948
2021-05-31,Bageshwar,16.98792793695552
2021-05-31,Chamoli,7.849251772054588
2021-05-31,Champawat,14.451987542599358
2021-05-31,Dehra Dun,9.553988597018565
2021-05-31,Haridwar,23.588628606927514
2021-05-31,Naini Tal,28.343490952798057
2021-05-31,Pauri Garhwal,23.859038812190327
2021-05-31,Pithoragarh,5.765736437917241
2021-05-31,Rudra Prayag,6.838946254129663
2021-05-31,Tehri Garhwal,10.050637386565189
2021-05-31,Udham Singh Nagar,37.62811403990287
2021-05-31,Uttarkashi,5.502875507531569
2021-06-01,Almora,5.405987421770623
2021-06-01,Bageshwar,3.573354995672536
2021-06-01,Chamoli,2.9445677091194726
2021-06-01,Champawat,7.674906973536528
2021-06-01,Dehra Dun,0.3426984835273423
2021-06-01,Haridwar,0.2923400242355224
2021-06-01,Naini Tal,5.676737703942169
2021-06-01,Pauri Garhwal,1.5636327239195011
2021-06-01,Pithoragarh,2.939036926745429
2021-06-01,Rudra Prayag,2.1477275902871846
2021-06-01,Tehri Garhwal,1.8245246561001447
2021-06-01,Udham Singh Nagar,5.735091249567922
2021-06-01,Uttarkashi,2.080246861868138
2021-06-02,Almora,9.148909080836976
2021-06-02,Bageshwar,5.336983327436782
2021-06-02,Chamoli,2.674712877062428
2021-06-02,Champawat,0.1227321771841241
2021-06-02,Dehra Dun,3.323836108325691
2021-06-02,Haridwar,0.1836115474281182
2021-06-02,Naini Tal,0.2428535736944736
2021-06-02,Pauri Garhwal,3.0851984540517225
2021-06-02,Pithoragarh,2.3157446684732865
2021-06-02,Rudra Prayag,0.7467806351289075
2021-06-02,Tehri Garhwal,4.482750573852823
2021-06-02,Udham Singh Nagar,0.0
2021-06-02,Uttarkashi,3.774111354440316
2021-06-03,Almora,0.1634361401448781
2021-06-03,Bageshwar,0.1331452170486206
2021-06-03,Chamoli,1.1454588378506383
2021-06-03,Champawat,0.1487625446988748
2021-06-03,Dehra Dun,0.0
2021-06-03,Haridwar,0.0
2021-06-03,Naini Tal,0.1053668272035134
2021-06-03,Pauri Garhwal,0.0014258730835209
2021-06-03,Pithoragarh,0.5916821024668045
2021-06-03,Rudra Prayag,0.6199170838575006
2021-06-03,Tehri Garhwal,0.2577973610781534
2021-06-03,Udham Singh Nagar,0.0
2021-06-03,Uttarkashi,0.8911787528244128
2021-06-04,Almora,0.3049627072097017
2021-06-04,Bageshwar,0.4369338116714704
2021-06-04,Chamoli,0.6692772761037771
2021-06-04,Champawat,0.2142582785092242
2021-06-04,Dehra Dun,1.7339172383029655
2021-06-04,Haridwar,2.6274572423237634
2021-06-04,Naini Tal,0.0421349881498516
2021-06-04,Pauri Garhwal,0.0278995443491916
2021-06-04,Pithoragarh,0.6610711617247609
2021-06-04,Rudra Prayag,0.77221932663986
2021-06-04,Tehri Garhwal,0.4898908574709663
2021-06-04,Udham Singh Nagar,0.0
2021-06-04,Uttarkashi,0.9036460025496964
2021-06-05,Almora,1.0771312080681024
2021-06-05,Bageshwar,1.699081755223725
2021-06-05,Chamoli,2.651441880478651
2021-06-05,Champawat,5.725544515070523
2021-06-05,Dehra Dun,8.363974333960337
2021-06-05,Haridwar,2.7971657977962114
2021-06-05,Naini Tal,1.8899604599045283
2021-06-05,Pauri Garhwal,0.5125680244255992
2021-06-05,Pithoragarh,1.888291027338662
2021-06-05,Rudra Prayag,1.5528220744996568
2021-06-05,Tehri Garhwal,1.7299322854445944
2021-06-05,Udham Singh Nagar,3.8402408291255385
2021-06-05,Uttarkashi,2.423013481921445
2021-06-06,Almora,0.856707547185488
2021-06-06,Bageshwar,4.5030072665122765
2021-06-06,Chamoli,1.4830047116525835
2021-06-06,Champawat,3.9425501069533215
2021-06-06,Dehra Dun,1.831185572993764
2021-06-06,Haridwar,3.873921444055417e-05
2021-06-06,Naini Tal,0.7805725656994478
2021-06-06,Pauri Garhwal,0.4393130738168113
2021-06-06,Pithoragarh,2.194892390689775
2021-06-06,Rudra Prayag,0.6708687225411386
2021-06-06,Tehri Garhwal,1.2321825874451866
2021-06-06,Udham Singh Nagar,0.1162185908088467
2021-06-06,Uttarkashi,5.324840656445373
2021-06-07,Almora,11.909231011588338
2021-06-07,Bageshwar,7.69632427160207
2021-06-07,Chamoli,2.5027862021337
2021-06-07,Champawat,5.54520571811838
2021-06-07,Dehra Dun,0.3171497620083747
2021-06-07,Haridwar,8.452192098453318e-05
2021-06-07,Naini Tal,1.368312859721733
2021-06-07,Pauri Garhwal,1.3459320467317402
2021-06-07,Pithoragarh,2.3901523867073884
2021-06-07,Rudra Prayag,1.5316217192771984
2021-06-07,Tehri Garhwal,8.126775476610193
2021-06-07,Udham Singh Nagar,0.0302468219861727
2021-06-07,Uttarkashi,2.6266011924469512
2021-06-08,Almora,0.0017990780546816
2021-06-08,Bageshwar,1.5693069485153128
2021-06-08,Chamoli,1.3888159874099582
2021-06-08,Champawat,0.0
2021-06-08,Dehra Dun,0.0057856361403285
2021-06-08,Haridwar,0.0
2021-06-08,Naini Tal,0.0018798711099087
2021-06-08,Pauri Garhwal,0.0009309227749442
2021-06-08,Pithoragarh,0.7139139367140227
2021-06-08,Rudra Prayag,2.3161052830826123
2021-06-08,Tehri Garhwal,0.3086298988272624
2021-06-08,Udham Singh Nagar,0.0
2021-06-08,Uttarkashi,1.5979332610077874
2021-06-09,Almora,30.89567040274381
2021-06-09,Bageshwar,38.028698650697216
2021-06-09,Chamoli,14.08035611449706
2021-06-09,Champawat,42.638638660088446
2021-06-09,Dehra Dun,26.50492781094809
2021-06-09,Haridwar,17.020307748803653
2021-06-09,Naini Tal,16.463589471117594
2021-06-09,Pauri Garhwal,25.88538530488628
2021-06-09,Pithoragarh,27.75494163608096
2021-06-09,Rudra Prayag,20.831864857972185
2021-06-09,Tehri Garhwal,30.669311654013946
2021-06-09,Udham Singh Nagar,6.291293090871862
2021-06-09,Uttarkashi,13.95472298623924
2021-06-10,Almora,50.82763935495816
2021-06-10,Bageshwar,30.75288537229747
2021-06-10,Chamoli,16.34426413014682
2021-06-10,Champawat,60.80283384457002
2021-06-10,Dehra Dun,5.442544872684188
2021-06-10,Haridwar,22.33469661403113
2021-06-10,Naini Tal,26.74142831535535
2021-06-10,Pauri Garhwal,9.067870446432991
2021-06-10,Pithoragarh,20.48224391911041
2021-06-10,Rudra Prayag,17.470429594465415
2021-06-10,Tehri Garhwal,4.079592910165793
2021-06-10,Udham Singh Nagar,19.69184991776251
2021-06-10,Uttarkashi,4.943704196409435
2021-06-11,Almora,9.011263353730412
2021-06-11,Bageshwar,15.31802813968782
2021-06-11,Chamoli,5.134384953707829
2021-06-11,Champawat,7.524177794554176
2021-06-11,Dehra Dun,22.832996857891697
2021-06-11,Haridwar,5.561836441515364
2021-06-11,Naini Tal,9.972430411603131
2021-06-11,Pauri Garhwal,4.823144967521429
2021-06-11,Pithoragarh,15.68340964643945
2021-06-11,Rudra Prayag,2.289055199723607
2021-06-11,Tehri Garhwal,18.68419516959556
2021-06-11,Udham Singh Nagar,3.194711708334478
2021-06-11,Uttarkashi,13.906374408681751
2021-06-12,Almora,12.801804207560584
2021-06-12,Bageshwar,10.27073326413434
2021-06-12,Chamoli,15.727934497320208
2021-06-12,Champawat,52.38835981816575
2021-06-12,Dehra Dun,14.31064428191017
2021-06-12,Haridwar,17.43028042334991
2021-06-12,Naini Tal,42.012491078247606
2021-06-12,Pauri Garhwal,21.840996293294832
2021-06-12,Pithoragarh,7.979551221843958
2021-06-12,Rudra Prayag,15.360056615916816
2021-06-12,Tehri Garhwal,25.9399441258756
2021-06-12,Udham Singh Nagar,47.79287714083734
2021-06-12,Uttarkashi,16.354520731574176
2021-06-13,Almora,6.0003638990792085
2021-06-13,Bageshwar,3.4305320855682058
2021-06-13,Chamoli,6.79973413088353
2021-06-13,Champawat,2.7772614752208007
2021-06-13,Dehra Dun,0.3175054457910312
2021-06-13,Haridwar,0.0796258128604842
2021-06-13,Naini Tal,2.4040740468889354
2021-06-13,Pauri Garhwal,10.612824540392996
2021-06-13,Pithoragarh,1.3159501864947294
2021-06-13,Rudra Prayag,3.788803010975977
2021-06-13,Tehri Garhwal,1.678047997759655
2021-06-13,Udham Singh Nagar,2.4245898149070144
2021-06-13,Uttarkashi,1.5797777393916164
2021-06-14,Almora,1.5247091636614192
2021-06-14,Bageshwar,1.0440689009653663
2021-06-14,Chamoli,2.114172383457329
2021-06-14,Champawat,18.71419635532989
2021-06-14,Dehra Dun,0.0019010629638944
2021-06-14,Haridwar,0.0
2021-06-14,Naini Tal,3.8277287800583126
2021-06-14,Pauri Garhwal,0.0225703486456585
2021-06-14,Pithoragarh,2.968127768247148
2021-06-14,Rudra Prayag,2.8671588473514187
2021-06-14,Tehri Garhwal,0.2954998961828253
2021-06-14,Udham Singh Nagar,9.011958137611568
2021-06-14,Uttarkashi,1.1237212143047248
2021-06-15,Almora,7.1325981278198975
2021-06-15,Bageshwar,20.76954180985511
2021-06-15,Chamoli,3.8794332702208174
2021-06-15,Champawat,35.06340904217671
2021-06-15,Dehra Dun,0.3737033147724793
2021-06-15,Haridwar,0.9255458500949976
2021-06-15,Naini Tal,7.187854997911062
2021-06-15,Pauri Garhwal,4.086381444575974
2021-06-15,Pithoragarh,23.787074186936074
2021-06-15,Rudra Prayag,0.9335785615478284
2021-06-15,Tehri Garhwal,0.845464142306246
2021-06-15,Udham Singh Nagar,7.059913390391228
2021-06-15,Uttarkashi,0.4619472712736174
2021-06-16,Almora,3.8458946970028296
2021-06-16,Bageshwar,5.4699318753005866
2021-06-16,Chamoli,3.554824646330724
2021-06-16,Champawat,0.3416766979634372
2021-06-16,Dehra Dun,1.5265623819401286
2021-06-16,Haridwar,0.320556428364794
2021-06-16,Naini Tal,1.1083149466052715
2021-06-16,Pauri Garhwal,4.55906279834316
2021-06-16,Pithoragarh,2.553409929205719
2021-06-16,Rudra Prayag,8.176329681420754
2021-06-16,Tehri Garhwal,3.3673588700569086
2021-06-16,Udham Singh Nagar,0.0953842715439784
2021-06-16,Uttarkashi,2.776734082678672
2021-06-17,Almora,15.417132214668312
2021-06-17,Bageshwar,27.95854158142362
2021-06-17,Chamoli,13.95272028526892
2021-06-17,Champawat,6.602836203116437
2021-06-17,Dehra Dun,3.620925233506213
2021-06-17,Haridwar,1.854762240989797
2021-06-17,Naini Tal,10.247462099194578
2021-06-17,Pauri Garhwal,5.788796404441964
2021-06-17,Pithoragarh,20.12592063436325
2021-06-17,Rudra Prayag,15.913345028454874
2021-06-17,Tehri Garhwal,3.0555751327032192
2021-06-17,Udham Singh Nagar,6.624704239873875
2021-06-17,Uttarkashi,5.330386316500772
2021-06-18,Almora,53.46948695121031
2021-06-18,Bageshwar,85.5160448332836
2021-06-18,Chamoli,81.59999857761184
2021-06-18,Champawat,18.371885832890264
2021-06-18,Dehra Dun,4.979289167907758
2021-06-18,Haridwar,1.6224264456721773
2021-06-18,Naini Tal,29.438154298499644
2021-06-18,Pauri Garhwal,27.056983826526228
2021-06-18,Pithoragarh,55.76481922984562
2021-06-18,Rudra Prayag,68.50704335235574
2021-06-18,Tehri Garhwal,27.612638516442303
2021-06-18,Udham Singh Nagar,20.407164758465527
2021-06-18,Uttarkashi,22.012058003693657
2021-06-19,Almora,47.29532223014193
2021-06-19,Bageshwar,75.60945533942157
2021-06-19,Chamoli,40.95977021560208
2021-06-19,Champawat,18.86858264690505
2021-06-19,Dehra Dun,8.109948005636788
2021-06-19,Haridwar,5.156442905926259
2021-06-19,Naini Tal,40.05316707397253
2021-06-19,Pauri Garhwal,30.29825467413569
2021-06-19,Pithoragarh,72.88225115222885
2021-06-19,Rudra Prayag,65.08606037402812
2021-06-19,Tehri Garhwal,17.783268276507233
2021-06-19,Udham Singh Nagar,36.22623475846135
2021-06-19,Uttarkashi,7.186139734566283
2021-06-20,Almora,2.090439890007288
2021-06-20,Bageshwar,11.366854552105444
2021-06-20,Chamoli,13.203480107365351
2021-06-20,Champawat,0.9811207157153874
2021-06-20,Dehra Dun,3.2682058338193145
2021-06-20,Haridwar,4.760505261427231
2021-06-20,Naini Tal,0.449190472475263
2021-06-20,Pauri Garhwal,7.306520529807926
2021-06-20,Pithoragarh,9.136718038298696
2021-06-20,Rudra Prayag,26.727199697776964
2021-06-20,Tehri Garhwal,13.84510165747808
2021-06-20,Udham Singh Nagar,0.5900982682676581
2021-06-20,Uttarkashi,2.592857395567848
2021-06-21,Almora,0.2763828564101402
2021-06-21,Bageshwar,2.291988008054699
2021-06-21,Chamoli,1.2113266679093686
2021-06-21,Champawat,1.0829517811445153
2021-06-21,Dehra Dun,0.2005634985980418
2021-06-21,Haridwar,0.0177240704507197
2021-06-21,Naini Tal,0.0994892432026787
2021-06-21,Pauri Garhwal,0.1329400174189929
2021-06-21,Pithoragarh,1.9756715126157325
2021-06-21,Rudra Prayag,1.4728600690234612
2021-06-21,Tehri Garhwal,0.5087394982804853
2021-06-21,Udham Singh Nagar,0.0092262782810568
2021-06-21,Uttarkashi,0.9817911727070908
2021-06-22,Almora,0.0834252959508206
2021-06-22,Bageshwar,2.331960413392859
2021-06-22,Chamoli,1.2522089121810176
2021-06-22,Champawat,0.5647778430108324
2021-06-22,Dehra Dun,0.0016864267606608
2021-06-22,Haridwar,0.0
2021-06-22,Naini Tal,0.0057809413691871
2021-06-22,Pauri Garhwal,0.3684095181731538
2021-06-22,Pithoragarh,1.6728351544146869
2021-06-22,Rudra Prayag,0.8053695831177611
2021-06-22,Tehri Garhwal,0.088726646413695
2021-06-22,Udham Singh Nagar,0.1173795429452044
2021-06-22,Uttarkashi,0.9032376096475608
2021-06-23,Almora,0.7250277745623823
2021-06-23,Bageshwar,6.523457578835864
2021-06-23,Chamoli,2.8321923277591887
2021-06-23,Champawat,0.0057115962646572
2021-06-23,Dehra Dun,6.040506807696195
2021-06-23,Haridwar,6.496736991391745
2021-06-23,Naini Tal,0.1742928347022973
2021-06-23,Pauri Garhwal,0.4191056886021136
2021-06-23,Pithoragarh,4.06283567359578
2021-06-23,Rudra Prayag,1.1051364101344054
2021-06-23,Tehri Garhwal,0.9842760949807468
2021-06-23,Udham Singh Nagar,0.6869775284244948
2021-06-23,Uttarkashi,2.846520648724663
2021-06-24,Almora,0.6108520747413162
2021-06-24,Bageshwar,1.8292747812398693
2021-06-24,Chamoli,1.6124169987726955
2021-06-24,Champawat,2.687412086192586
2021-06-24,Dehra Dun,0.1750926623310265
2021-06-24,Haridwar,1.7304577862479478
2021-06-24,Naini Tal,1.8483533701250368
2021-06-24,Pauri Garhwal,1.168962653128098
2021-06-24,Pithoragarh,0.4649000105531567
2021-06-24,Rudra Prayag,1.9423281048213827
2021-06-24,Tehri Garhwal,0.4365020849153662
2021-06-24,Udham Singh Nagar,3.6743355630803394
2021-06-24,Uttarkashi,1.0365554776883008
2021-06-25,Almora,3.7187228222282136
2021-06-25,Bageshwar,3.451702132299269
2021-06-25,Chamoli,3.958147381801415
2021-06-25,Champawat,5.973974557329776
2021-06-25,Dehra Dun,2.251593009973237
2021-06-25,Haridwar,3.5976958348402515
2021-06-25,Naini Tal,12.295498541232565
2021-06-25,Pauri Garhwal,13.915708197146207
2021-06-25,Pithoragarh,2.966737429912867
2021-06-25,Rudra Prayag,3.520281436462567
2021-06-25,Tehri Garhwal,7.991472334311791
2021-06-25,Udham Singh Nagar,22.186889143204365
2021-06-25,Uttarkashi,2.450395480032125
2021-06-26,Almora,0.7522213877142871
2021-06-26,Bageshwar,1.8177545504425376
2021-06-26,Chamoli,1.8956965268033013
2021-06-26,Champawat,1.169587074318455
2021-06-26,Dehra Dun,0.0720993434052338
2021-06-26,Haridwar,0.0510776532158914
2021-06-26,Naini Tal,0.5378717575182574
2021-06-26,Pauri Garhwal,0.110517305708062
2021-06-26,Pithoragarh,3.979205045476371
2021-06-26,Rudra Prayag,0.6347875355236192
2021-06-26,Tehri Garhwal,0.138266770690012
2021-06-26,Udham Singh Nagar,1.70034729258771
2021-06-26,Uttarkashi,0.6724123802391692
2021-06-27,Almora,0.1342929737940895
2021-06-27,Bageshwar,1.1275569630519708
2021-06-27,Chamoli,0.8570173703417902
2021-06-27,Champawat,0.0115323795611599
2021-06-27,Dehra Dun,0.0080124011025153
2021-06-27,Haridwar,0.0
2021-06-27,Naini Tal,0.1324914229829935
2021-06-27,Pauri Garhwal,0.105750517266707
2021-06-27,Pithoragarh,1.02643404300462
2021-06-27,Rudra Prayag,0.8996839200405463
2021-06-27,Tehri Garhwal,0.7858925686377444
2021-06-27,Udham Singh Nagar,0.0186631684000195
2021-06-27,Uttarkashi,1.7615438675734294
2021-06-28,Almora,7.257083642134748
2021-06-28,Bageshwar,6.533967597039437
2021-06-28,Chamoli,2.3887783706390646
2021-06-28,Champawat,0.5266578665646504
2021-06-28,Dehra Dun,0.0
2021-06-28,Haridwar,0.0
2021-06-28,Naini Tal,7.766427651966254
2021-06-28,Pauri Garhwal,1.1763564599051102
2021-06-28,Pithoragarh,2.143321917717304
2021-06-28,Rudra Prayag,1.802215837178968
2021-06-28,Tehri Garhwal,0.4650962546796567
2021-06-28,Udham Singh Nagar,0.8534835746039412
2021-06-28,Uttarkashi,1.4648031434806088
2021-06-29,Almora,0.0
2021-06-29,Bageshwar,0.5616222324421601
2021-06-29,Chamoli,1.7840790369508848
2021-06-29,Champawat,0.0
2021-06-29,Dehra Dun,0.0085629596620895
2021-06-29,Haridwar,0.0
2021-06-29,Naini Tal,0.0
2021-06-29,Pauri Garhwal,0.0
2021-06-29,Pithoragarh,2.708676634632073
2021-06-29,Rudra Prayag,2.687989556957969
2021-06-29,Tehri Garhwal,0.8578573975275694
2021-06-29,Udham Singh Nagar,0.0
2021-06-29,Uttarkashi,1.2142982249944656
2021-06-30,Almora,1.0528897470101428
2021-06-30,Bageshwar,6.033990657514626
2021-06-30,Chamoli,0.6726616471967583
2021-06-30,Champawat,0.158830314819714
2021-06-30,Dehra Dun,0.0
2021-06-30,Haridwar,0.0
2021-06-30,Naini Tal,0.1352358890757751
2021-06-30,Pauri Garhwal,0.019966848533066
2021-06-30,Pithoragarh,1.1212198078405196
2021-06-30,Rudra Prayag,2.222317724586151
2021-06-30,Tehri Garhwal,0.6111661083467257
2021-06-30,Udham Singh Nagar,0.7698359273415653
2021-06-30,Uttarkashi,1.7521725903712184
2021-07-01,Almora,0.2837158477215657
2021-07-01,Bageshwar,1.2792197507424348
2021-07-01,Chamoli,1.421068597075573
2021-07-01,Champawat,0.6523114951305469
2021-07-01,Dehra Dun,0.8413611317533694
2021-07-01,Haridwar,0.2646682653697491
2021-07-01,Naini Tal,0.2444061217677638
2021-07-01,Pauri Garhwal,0.2837134902163387
2021-07-01,Pithoragarh,2.467511513665737
2021-07-01,Rudra Prayag,5.147247718832421
2021-07-01,Tehri Garhwal,2.3364225712507536
2021-07-01,Udham Singh Nagar,0.7079121301502888
2021-07-01,Uttarkashi,3.0168204875101314
2021-07-02,Almora,4.717718851300427
2021-07-02,Bageshwar,1.4563722013074711
2021-07-02,Chamoli,1.9845368219083848
2021-07-02,Champawat,25.439954168034195
2021-07-02,Dehra Dun,3.3484129639858726
2021-07-02,Haridwar,1.0418893846877209
2021-07-02,Naini Tal,9.809012550638723
2021-07-02,Pauri Garhwal,2.6541183566810003
2021-07-02,Pithoragarh,5.208139667684994
2021-07-02,Rudra Prayag,5.651835844964305
2021-07-02,Tehri Garhwal,7.295744698665811
2021-07-02,Udham Singh Nagar,21.26373589638827
2021-07-02,Uttarkashi,2.993530298189267
2021-07-03,Almora,0.3253321496069273
2021-07-03,Bageshwar,3.3336810080906347
2021-07-03,Chamoli,0.7097974949533351
2021-07-03,Champawat,1.5458533684666973
2021-07-03,Dehra Dun,0.0930887144665609
2021-07-03,Haridwar,1.0756928740103056
2021-07-03,Naini Tal,0.1412958494827629
2021-07-03,Pauri Garhwal,0.5166972337662427
2021-07-03,Pithoragarh,1.937928715529394
2021-07-03,Rudra Prayag,0.8298065466558584
2021-07-03,Tehri Garhwal,0.1240883493197537
2021-07-03,Udham Singh Nagar,0.5670536339201502
2021-07-03,Uttarkashi,0.7195646422152439
2021-07-04,Almora,1.63023314154919
2021-07-04,Bageshwar,2.275095538184328
2021-07-04,Chamoli,2.8625434260048555
2021-07-04,Champawat,0.750111678524979
2021-07-04,Dehra Dun,10.010927086205236
2021-07-04,Haridwar,1.964322893056893
2021-07-04,Naini Tal,0.2509399260154549
2021-07-04,Pauri Garhwal,7.334905753632031
2021-07-04,Pithoragarh,2.2840167902737085
2021-07-04,Rudra Prayag,2.5617235911543608
2021-07-04,Tehri Garhwal,5.294603388376332
2021-07-04,Udham Singh Nagar,0.584190797682757
2021-07-04,Uttarkashi,5.045517647867649
2021-07-05,Almora,0.0797708770702138
2021-07-05,Bageshwar,4.430906144569471
2021-07-05,Chamoli,1.6003956075282888
2021-07-05,Champawat,1.2439269319690491
2021-07-05,Dehra Dun,0.0829483481472052
2021-07-05,Haridwar,0.1382250384311007
2021-07-05,Naini Tal,0.4854208572611762
2021-07-05,Pauri Garhwal,2.7671659128501616
2021-07-05,Pithoragarh,4.676845214906184
2021-07-05,Rudra Prayag,2.4068704122889764
2021-07-05,Tehri Garhwal,1.7854860489745956
2021-07-05,Udham Singh Nagar,1.253863408282689
2021-07-05,Uttarkashi,2.9498836560552992
2021-07-06,Almora,0.2436069648649994
2021-07-06,Bageshwar,1.612510078897193
2021-07-06,Chamoli,1.2233512677755078
2021-07-06,Champawat,0.8083872779671769
2021-07-06,Dehra Dun,2.6229734977027745
2021-07-06,Haridwar,0.6048617618560901
2021-07-06,Naini Tal,2.4486708309608645
2021-07-06,Pauri Garhwal,0.0122164826073765
2021-07-06,Pithoragarh,2.8202310835687348
2021-07-06,Rudra Prayag,1.838226204453316
2021-07-06,Tehri Garhwal,1.464333267440239
2021-07-06,Udham Singh Nagar,0.6295447665219341
2021-07-06,Uttarkashi,2.04980939058291
2021-07-07,Almora,0.0678402899755387
2021-07-07,Bageshwar,5.008300421750242
2021-07-07,Chamoli,1.3287741064857077
2021-07-07,Champawat,5.210780479142024
2021-07-07,Dehra Dun,0.2630655434798438
2021-07-07,Haridwar,0.0
2021-07-07,Naini Tal,0.5966850048107022
2021-07-07,Pauri Garhwal,0.2304213186621145
2021-07-07,Pithoragarh,8.660689445399518
2021-07-07,Rudra Prayag,3.497317691207163
2021-07-07,Tehri Garhwal,3.686007354351515
2021-07-07,Udham Singh Nagar,0.9520469712379228
2021-07-07,Uttarkashi,3.475526156380308
2021-07-08,Almora,3.875523233198087
2021-07-08,Bageshwar,14.742326875870038
2021-07-08,Chamoli,5.090773280326415
2021-07-08,Champawat,4.871035275696806
2021-07-08,Dehra Dun,8.813098805908057
2021-07-08,Haridwar,4.855433072237851
2021-07-08,Naini Tal,2.9661482286652188
2021-07-08,Pauri Garhwal,7.033807584653587
2021-07-08,Pithoragarh,4.152720259707591
2021-07-08,Rudra Prayag,1.2751588616687453
2021-07-08,Tehri Garhwal,1.3039701409346602
2021-07-08,Udham Singh Nagar,2.697955162665098
2021-07-08,Uttarkashi,1.868107838105016
2021-07-09,Almora,1.08298736609268
2021-07-09,Bageshwar,5.846700228513939
2021-07-09,Chamoli,5.498340219685073
2021-07-09,Champawat,0.0756262529680662
2021-07-09,Dehra Dun,3.462373848981154
2021-07-09,Haridwar,0.0218225035165046
2021-07-09,Naini Tal,0.1153117503415726
2021-07-09,Pauri Garhwal,3.660329112516768
2021-07-09,Pithoragarh,4.692632230310721
2021-07-09,Rudra Prayag,7.055174332283862
2021-07-09,Tehri Garhwal,2.3433410638711285
2021-07-09,Udham Singh Nagar,0.0767277539384249
2021-07-09,Uttarkashi,1.5691665781645872
2021-07-10,Almora,11.183506432689
2021-07-10,Bageshwar,51.4697452025488
2021-07-10,Chamoli,20.526728282987065
2021-07-10,Champawat,3.1500350372128496
2021-07-10,Dehra Dun,14.519461393456718
2021-07-10,Haridwar,0.0212783932897076
2021-07-10,Naini Tal,2.1573723862629963
2021-07-10,Pauri Garhwal,9.175492387832117
2021-07-10,Pithoragarh,25.635864563058323
2021-07-10,Rudra Prayag,23.72336727698785
2021-07-10,Tehri Garhwal,9.858612565727592
2021-07-10,Udham Singh Nagar,7.060214860728598
2021-07-10,Uttarkashi,5.745095772341736
2021-07-11,Almora,24.46874524748868
2021-07-11,Bageshwar,34.080910014807806
2021-07-11,Chamoli,19.37671815773281
2021-07-11,Champawat,76.08345852158385
2021-07-11,Dehra Dun,18.16288249340831
2021-07-11,Haridwar,1.4011480627528343
2021-07-11,Naini Tal,47.41273141073935
2021-07-11,Pauri Garhwal,18.706450125006373
2021-07-11,Pithoragarh,15.723509304679006
2021-07-11,Rudra Prayag,23.74919971716888
2021-07-11,Tehri Garhwal,21.513862476662403
2021-07-11,Udham Singh Nagar,53.08181894358916
2021-07-11,Uttarkashi,22.25172862435081
2021-07-12,Almora,4.130520501517722
2021-07-12,Bageshwar,10.255066850056927
2021-07-12,Chamoli,8.317765533442888
2021-07-12,Champawat,3.538413576271205
2021-07-12,Dehra Dun,36.42186682298576
2021-07-12,Haridwar,1.431027433140291
2021-07-12,Naini Tal,2.134841994012738
2021-07-12,Pauri Garhwal,3.5221728336127893
2021-07-12,Pithoragarh,4.976851639661308
2021-07-12,Rudra Prayag,10.22677352776548
2021-07-12,Tehri Garhwal,13.636172937111043
2021-07-12,Udham Singh Nagar,1.0818814353293629
2021-07-12,Uttarkashi,22.12393355608496
2021-07-13,Almora,6.77235477439349
2021-07-13,Bageshwar,4.534361099836465
2021-07-13,Chamoli,9.096584712564276
2021-07-13,Champawat,15.397681675316017
2021-07-13,Dehra Dun,30.178572506246955
2021-07-13,Haridwar,32.670634927197426
2021-07-13,Naini Tal,15.638784828779317
2021-07-13,Pauri Garhwal,9.660442283799236
2021-07-13,Pithoragarh,2.823887942257759
2021-07-13,Rudra Prayag,10.041661265016966
2021-07-13,Tehri Garhwal,12.00945358395442
2021-07-13,Udham Singh Nagar,0.6895632397225433
2021-07-13,Uttarkashi,7.5677503951785665
2021-07-14,Almora,6.8463664355159
2021-07-14,Bageshwar,2.80773890716664
2021-07-14,Chamoli,2.7251525362687192
2021-07-14,Champawat,5.822108297327808
2021-07-14,Dehra Dun,9.007524990069642
2021-07-14,Haridwar,31.18557243605742
2021-07-14,Naini Tal,10.509146582257712
2021-07-14,Pauri Garhwal,20.97759804027543
2021-07-14,Pithoragarh,2.455991839165218
2021-07-14,Rudra Prayag,2.6019792034350244
2021-07-14,Tehri Garhwal,2.912019563878784
2021-07-14,Udham Singh Nagar,10.87097154657169
2021-07-14,Uttarkashi,1.6521497105904972
2021-07-15,Almora,3.1368254426591013
2021-07-15,Bageshwar,4.672663483586717
2021-07-15,Chamoli,4.488940232671998
2021-07-15,Champawat,4.902007907596987
2021-07-15,Dehra Dun,7.284214186833186
2021-07-15,Haridwar,10.846879496142206
2021-07-15,Naini Tal,0.6923630703290962
2021-07-15,Pauri Garhwal,2.3925109269663523
2021-07-15,Pithoragarh,3.901879934436698
2021-07-15,Rudra Prayag,2.2356907978634606
2021-07-15,Tehri Garhwal,2.709193130337562
2021-07-15,Udham Singh Nagar,1.4400088350518991
2021-07-15,Uttarkashi,3.669652955912544
2021-07-16,Almora,1.2369820703492234
2021-07-16,Bageshwar,3.094098273825126
2021-07-16,Chamoli,1.8054513441440585
2021-07-16,Champawat,0.9549397343863644
2021-07-16,Dehra Dun,0.488967009702899
2021-07-16,Haridwar,0.1287902767065966
2021-07-16,Naini Tal,0.7433601618112163
2021-07-16,Pauri Garhwal,0.1779700820414312
2021-07-16,Pithoragarh,2.7725838818921256
2021-07-16,Rudra Prayag,6.0672641119577095
2021-07-16,Tehri Garhwal,1.7580899390225304
2021-07-16,Udham Singh Nagar,7.053156077840313
2021-07-16,Uttarkashi,1.900280773929181
2021-07-17,Almora,5.675660126141288
2021-07-17,Bageshwar,5.978605567640968
2021-07-17,Chamoli,2.813552916910518
2021-07-17,Champawat,14.700268234205511
2021-07-17,Dehra Dun,15.582419884314348
2021-07-17,Haridwar,18.901241968810623
2021-07-17,Naini Tal,28.25890044351095
2021-07-17,Pauri Garhwal,10.10079268768848
2021-07-17,Pithoragarh,13.996386246412808
2021-07-17,Rudra Prayag,2.487827226769868
2021-07-17,Tehri Garhwal,3.968244276958131
2021-07-17,Udham Singh Nagar,35.79233735699361
2021-07-17,Uttarkashi,1.641097564915986
2021-07-18,Almora,39.70289362855082
2021-07-18,Bageshwar,35.505543402570936
2021-07-18,Chamoli,33.199764957298264
2021-07-18,Champawat,14.497628953922906
2021-07-18,Dehra Dun,36.81441245554955
2021-07-18,Haridwar,58.65054272180319
2021-07-18,Naini Tal,25.86410363871753
2021-07-18,Pauri Garhwal,56.63909312970291
2021-07-18,Pithoragarh,16.619886182799263
2021-07-18,Rudra Prayag,66.70507979601562
2021-07-18,Tehri Garhwal,89.41922750054442
2021-07-18,Udham Singh Nagar,33.6749378848626
2021-07-18,Uttarkashi,33.3937091814192
2021-07-19,Almora,38.478856943793694
2021-07-19,Bageshwar,29.839586658391458
2021-07-19,Chamoli,33.31603802901537
2021-07-19,Champawat,10.281376490323622
2021-07-19,Dehra Dun,42.44301216712685
2021-07-19,Haridwar,58.9486393764227
2021-07-19,Naini Tal,31.7554294329407
2021-07-19,Pauri Garhwal,72.8052147507411
2021-07-19,Pithoragarh,16.828756993835455
2021-07-19,Rudra Prayag,74.61720378282727
2021-07-19,Tehri Garhwal,77.41638833105978
2021-07-19,Udham Singh Nagar,37.65238163747269
2021-07-19,Uttarkashi,49.53568597747359
2021-07-20,Almora,20.859329084524205
2021-07-20,Bageshwar,19.993992147430514
2021-07-20,Chamoli,9.898706959731657
2021-07-20,Champawat,27.55025915692379
2021-07-20,Dehra Dun,12.1309019085365
2021-07-20,Haridwar,2.5958398773695226
2021-07-20,Naini Tal,18.185377897788875
2021-07-20,Pauri Garhwal,6.734196497017344
2021-07-20,Pithoragarh,9.956991142841057
2021-07-20,Rudra Prayag,6.715842652763199
2021-07-20,Tehri Garhwal,3.765041836920353
2021-07-20,Udham Singh Nagar,12.57554065487426
2021-07-20,Uttarkashi,4.668152887379182
2021-07-21,Almora,38.64714722316072
2021-07-21,Bageshwar,18.737855266916963
2021-07-21,Chamoli,18.011747806781873
2021-07-21,Champawat,24.79682673732413
2021-07-21,Dehra Dun,14.378732278450236
2021-07-21,Haridwar,2.5087391531241194
2021-07-21,Naini Tal,35.53478455427419
2021-07-21,Pauri Garhwal,11.676223580108942
2021-07-21,Pithoragarh,10.62500062248642
2021-07-21,Rudra Prayag,16.452079095428292
2021-07-21,Tehri Garhwal,8.689264482705635
2021-07-21,Udham Singh Nagar,23.97676712934929
2021-07-21,Uttarkashi,8.831019960145463
2021-07-22,Almora,25.356730754367643
2021-07-22,Bageshwar,25.8125150294704
2021-07-22,Chamoli,8.733690175997298
2021-07-22,Champawat,12.807873713215402
2021-07-22,Dehra Dun,2.790487123773991
2021-07-22,Haridwar,3.86843889733725
2021-07-22,Naini Tal,6.12920386081357
2021-07-22,Pauri Garhwal,11.297115229849004
2021-07-22,Pithoragarh,15.472047011138056
2021-07-22,Rudra Prayag,9.44819668976072
2021-07-22,Tehri Garhwal,7.447505524419897
2021-07-22,Udham Singh Nagar,13.080547294613172
2021-07-22,Uttarkashi,6.159936857191495
2021-07-23,Almora,4.597330422477782
2021-07-23,Bageshwar,5.921038492106634
2021-07-23,Chamoli,18.424378246100265
2021-07-23,Champawat,1.0055120212765107
2021-07-23,Dehra Dun,0.2999686477215933
2021-07-23,Haridwar,0.0395729873879765
2021-07-23,Naini Tal,4.718231719818672
2021-07-23,Pauri Garhwal,2.477611923427028
2021-07-23,Pithoragarh,5.43915778717956
2021-07-23,Rudra Prayag,13.84885640463153
2021-07-23,Tehri Garhwal,4.044259350768262
2021-07-23,Udham Singh Nagar,4.079113098670639
2021-07-23,Uttarkashi,8.148856465418739
2021-07-24,Almora,0.7978775558963924
2021-07-24,Bageshwar,5.149466787790367
2021-07-24,Chamoli,8.650355132224975
2021-07-24,Champawat,0.1598694715955122
2021-07-24,Dehra Dun,0.5348153323467905
2021-07-24,Haridwar,0.1320029905696944
2021-07-24,Naini Tal,0.8160682537951133
2021-07-24,Pauri Garhwal,0.86634374167358
2021-07-24,Pithoragarh,5.446588717632309
2021-07-24,Rudra Prayag,5.541543906698058
2021-07-24,Tehri Garhwal,2.19506428989062
2021-07-24,Udham Singh Nagar,0.2308062307446856
2021-07-24,Uttarkashi,13.50968216345978
2021-07-25,Almora,50.860279460629
2021-07-25,Bageshwar,62.64004935145922
2021-07-25,Chamoli,51.837569232787736
2021-07-25,Champawat,31.468219726556352
2021-07-25,Dehra Dun,25.630509162623618
2021-07-25,Haridwar,9.732059140215563
2021-07-25,Naini Tal,22.230209880019544
2021-07-25,Pauri Garhwal,21.92177807339637
2021-07-25,Pithoragarh,40.00172374381846
2021-07-25,Rudra Prayag,38.94771598287519
2021-07-25,Tehri Garhwal,35.03285760108632
2021-07-25,Udham Singh Nagar,5.426236206184283
2021-07-25,Uttarkashi,20.51827193096405
2021-07-26,Almora,7.597988568365936
2021-07-26,Bageshwar,2.3116194337085982
2021-07-26,Chamoli,5.83508925130567
2021-07-26,Champawat,4.49164899517118
2021-07-26,Dehra Dun,3.771248885104217
2021-07-26,Haridwar,4.508284810486395
2021-07-26,Naini Tal,6.838765812682954
2021-07-26,Pauri Garhwal,13.078408070075264
2021-07-26,Pithoragarh,2.2245910043361925
2021-07-26,Rudra Prayag,3.3162538180732533
2021-07-26,Tehri Garhwal,4.61655059857768
2021-07-26,Udham Singh Nagar,14.123474385480344
2021-07-26,Uttarkashi,7.085538914957069
2021-07-27,Almora,36.86427460114332
2021-07-27,Bageshwar,34.8794485947374
2021-07-27,Chamoli,12.516585998218252
2021-07-27,Champawat,37.1098584431606
2021-07-27,Dehra Dun,27.28500357239819
2021-07-27,Haridwar,15.555777139234731
2021-07-27,Naini Tal,14.272879205022024
2021-07-27,Pauri Garhwal,10.003513425016358
2021-07-27,Pithoragarh,17.289441712127786
2021-07-27,Rudra Prayag,11.769343437538812
2021-07-27,Tehri Garhwal,23.737962282057254
2021-07-27,Udham Singh Nagar,5.049884584617969
2021-07-27,Uttarkashi,17.622035590802522
2021-07-28,Almora,48.17138850758216
2021-07-28,Bageshwar,9.567239664700429
2021-07-28,Chamoli,35.962772926729606
2021-07-28,Champawat,9.470516868347786
2021-07-28,Dehra Dun,76.21111230532624
2021-07-28,Haridwar,95.09365685717624
2021-07-28,Naini Tal,24.84287436783674
2021-07-28,Pauri Garhwal,87.93737562272858
2021-07-28,Pithoragarh,6.971079470285015
2021-07-28,Rudra Prayag,53.223014385202994
2021-07-28,Tehri Garhwal,80.65433153813265
2021-07-28,Udham Singh Nagar,13.410151910332743
2021-07-28,Uttarkashi,60.29345439159122
2021-07-29,Almora,13.525008417963944
2021-07-29,Bageshwar,28.373407389598327
2021-07-29,Chamoli,18.5718275427829
2021-07-29,Champawat,17.961149203182188
2021-07-29,Dehra Dun,21.41660690727931
2021-07-29,Haridwar,22.82801322116848
2021-07-29,Naini Tal,16.66020377829915
2021-07-29,Pauri Garhwal,10.327369680905116
2021-07-29,Pithoragarh,39.399284057248856
2021-07-29,Rudra Prayag,25.984429401061167
2021-07-29,Tehri Garhwal,14.451097624256317
2021-07-29,Udham Singh Nagar,15.397614913379362
2021-07-29,Uttarkashi,13.945129110120464
2021-07-30,Almora,15.994020111459848
2021-07-30,Bageshwar,14.58940498204474
2021-07-30,Chamoli,12.184021710881987
2021-07-30,Champawat,1.119327284339591
2021-07-30,Dehra Dun,12.50499900951997
2021-07-30,Haridwar,13.03169012865795
2021-07-30,Naini Tal,3.124345770281184
2021-07-30,Pauri Garhwal,14.45415933649717
2021-07-30,Pithoragarh,11.904777327469857
2021-07-30,Rudra Prayag,37.59037047074061
2021-07-30,Tehri Garhwal,15.260957505758386
2021-07-30,Udham Singh Nagar,1.1305586506247558
2021-07-30,Uttarkashi,5.602852630153361
2021-07-31,Almora,1.695664951755436
2021-07-31,Bageshwar,16.810895733067063
2021-07-31,Chamoli,5.21144477262083
2021-07-31,Champawat,6.685717685933339
2021-07-31,Dehra Dun,0.4806616120944071
2021-07-31,Haridwar,0.1121905240495768
2021-07-31,Naini Tal,19.36955533218828
2021-07-31,Pauri Garhwal,0.5373321112288258
2021-07-31,Pithoragarh,9.952820373095722
2021-07-31,Rudra Prayag,6.343611252440112
2021-07-31,Tehri Garhwal,1.116300962145557
2021-07-31,Udham Singh Nagar,19.07341594885024
2021-07-31,Uttarkashi,2.0039913602886017
2021-08-01,Almora,16.586472293716948
2021-08-01,Bageshwar,28.904670763063
2021-08-01,Chamoli,8.8430000545347
2021-08-01,Champawat,10.992235725979087
2021-08-01,Dehra Dun,0.9506050570211536
2021-08-01,Haridwar,2.5131269994569494
2021-08-01,Naini Tal,5.813444322249003
2021-08-01,Pauri Garhwal,4.791528234489347
2021-08-01,Pithoragarh,24.91443600817942
2021-08-01,Rudra Prayag,15.66734678584934
2021-08-01,Tehri Garhwal,6.403307046727224
2021-08-01,Udham Singh Nagar,2.5881896524339374
2021-08-01,Uttarkashi,5.583719734113578
2021-08-02,Almora,9.390831549284616
2021-08-02,Bageshwar,26.908994846863443
2021-08-02,Chamoli,14.91557081003496
2021-08-02,Champawat,2.2433420760376115
2021-08-02,Dehra Dun,8.366633084600117
2021-08-02,Haridwar,1.746222882146033
2021-08-02,Naini Tal,5.57163137271532
2021-08-02,Pauri Garhwal,8.232555527404172
2021-08-02,Pithoragarh,9.59773558827816
2021-08-02,Rudra Prayag,9.100118994456112
2021-08-02,Tehri Garhwal,5.774870256363943
2021-08-02,Udham Singh Nagar,1.0739794263051576
2021-08-02,Uttarkashi,13.670240702682817
2021-08-03,Almora,3.712108099816463
2021-08-03,Bageshwar,9.94583432832579
2021-08-03,Chamoli,9.350291379048338
2021-08-03,Champawat,0.1630660116421919
2021-08-03,Dehra Dun,7.4496625317069
2021-08-03,Haridwar,3.1831325421681806
2021-08-03,Naini Tal,0.2516278651881017
2021-08-03,Pauri Garhwal,3.951305903440866
2021-08-03,Pithoragarh,6.90778840668367
2021-08-03,Rudra Prayag,22.415291397544408
2021-08-03,Tehri Garhwal,10.743035896128244
2021-08-03,Udham Singh Nagar,0.005920041233583
2021-08-03,Uttarkashi,10.053131480825728
2021-08-04,Almora,7.688963343057004
2021-08-04,Bageshwar,6.7342461699862985
2021-08-04,Chamoli,7.987406177967316
2021-08-04,Champawat,3.372508719090576
2021-08-04,Dehra Dun,10.717159739614516
2021-08-04,Haridwar,2.610122324856037
2021-08-04,Naini Tal,1.5099968465105489
2021-08-04,Pauri Garhwal,8.957897799990647
2021-08-04,Pithoragarh,2.423896689600932
2021-08-04,Rudra Prayag,16.207934054019113
2021-08-04,Tehri Garhwal,14.712097946220132
2021-08-04,Udham Singh Nagar,0.0779404354210422
2021-08-04,Uttarkashi,8.90786884044772
2021-08-05,Almora,5.905153048960487
2021-08-05,Bageshwar,13.11649968402549
2021-08-05,Chamoli,9.41499899929577
2021-08-05,Champawat,0.1790235897481261
2021-08-05,Dehra Dun,6.067180277640849
2021-08-05,Haridwar,16.478621707787052
2021-08-05,Naini Tal,1.7951095843356473
2021-08-05,Pauri Garhwal,4.846914530524665
2021-08-05,Pithoragarh,6.62382838729678
2021-08-05,Rudra Prayag,12.543927182595926
2021-08-05,Tehri Garhwal,7.388638786570084
2021-08-05,Udham Singh Nagar,0.5499408658093683
2021-08-05,Uttarkashi,3.160216812002349
2021-08-06,Almora,4.341141446980313
2021-08-06,Bageshwar,4.513075254437075
2021-08-06,Chamoli,2.114663005519536
2021-08-06,Champawat,3.3048430202326857
2021-08-06,Dehra Dun,0.5137578244685302
2021-08-06,Haridwar,0.5148423893872774
2021-08-06,Naini Tal,14.784092460948091
2021-08-06,Pauri Garhwal,18.4678605084172
2021-08-06,Pithoragarh,2.04835251299078
2021-08-06,Rudra Prayag,7.417234733096919
2021-08-06,Tehri Garhwal,10.946894059955596
2021-08-06,Udham Singh Nagar,7.562184261528107
2021-08-06,Uttarkashi,2.928353536518118
2021-08-07,Almora,5.042069422137804
2021-08-07,Bageshwar,4.600307798875764
2021-08-07,Chamoli,5.222899528623693
2021-08-07,Champawat,2.1210303049023547
2021-08-07,Dehra Dun,4.32779561583172
2021-08-07,Haridwar,5.954896886891557
2021-08-07,Naini Tal,4.9283049762783016
2021-08-07,Pauri Garhwal,8.088349984437928
2021-08-07,Pithoragarh,2.584872266364864
2021-08-07,Rudra Prayag,4.836885900909664
2021-08-07,Tehri Garhwal,5.654183067045761
2021-08-07,Udham Singh Nagar,8.095428439558649
2021-08-07,Uttarkashi,4.879140473713544
2021-08-08,Almora,15.454232934865532
2021-08-08,Bageshwar,31.343568140288017
2021-08-08,Chamoli,35.35831525128777
2021-08-08,Champawat,14.046701412452997
2021-08-08,Dehra Dun,11.298338529994876
2021-08-08,Haridwar,7.552535487109474
2021-08-08,Naini Tal,20.39983166234465
2021-08-08,Pauri Garhwal,28.101192364039083
2021-08-08,Pithoragarh,9.35626070438126
2021-08-08,Rudra Prayag,47.95353778618579
2021-08-08,Tehri Garhwal,20.95674608206564
2021-08-08,Udham Singh Nagar,12.397928298425956
2021-08-08,Uttarkashi,15.61687799022266
2021-08-09,Almora,24.86955877324392
2021-08-09,Bageshwar,13.674629249238334
2021-08-09,Chamoli,14.532569033762856
2021-08-09,Champawat,7.006207148471322
2021-08-09,Dehra Dun,14.29082482480618
2021-08-09,Haridwar,10.840243638173003
2021-08-09,Naini Tal,28.05917480876763
2021-08-09,Pauri Garhwal,25.26020603373166
2021-08-09,Pithoragarh,10.40011141485154
2021-08-09,Rudra Prayag,11.829170713838131
2021-08-09,Tehri Garhwal,23.139819807135453
2021-08-09,Udham Singh Nagar,26.8526338512318
2021-08-09,Uttarkashi,7.902321322728958
2021-08-10,Almora,0.8087086343775157
2021-08-10,Bageshwar,2.5084879776882354
2021-08-10,Chamoli,1.091957338987945
2021-08-10,Champawat,8.923286723644832
2021-08-10,Dehra Dun,1.492478165683141
2021-08-10,Haridwar,0.1203618562004792
2021-08-10,Naini Tal,2.324621169454111
2021-08-10,Pauri Garhwal,0.3871702162718204
2021-08-10,Pithoragarh,1.8968143992723632
2021-08-10,Rudra Prayag,1.9578289624850471
2021-08-10,Tehri Garhwal,0.6786665877045406
2021-08-10,Udham Singh Nagar,0.5798943148299054
2021-08-10,Uttarkashi,0.960948387078349
2021-08-11,Almora,2.9154127501313662
2021-08-11,Bageshwar,5.441608339235673
2021-08-11,Chamoli,0.8932501586616639
2021-08-11,Champawat,9.596406634025046
2021-08-11,Dehra Dun,0.820176458121276
2021-08-11,Haridwar,0.4984380916373676
2021-08-11,Naini Tal,8.223839521926344
2021-08-11,Pauri Garhwal,0.6331878686284989
2021-08-11,Pithoragarh,2.8617875677765485
2021-08-11,Rudra Prayag,1.4220690452630451
2021-08-11,Tehri Garhwal,0.5577639944275669
2021-08-11,Udham Singh Nagar,10.17862966190377
2021-08-11,Uttarkashi,1.8995486290742207
2021-08-12,Almora,6.438058437098857
2021-08-12,Bageshwar,7.0761588460859945
2021-08-12,Chamoli,2.714657921695512
2021-08-12,Champawat,10.1196169824663
2021-08-12,Dehra Dun,3.8366488782899912
2021-08-12,Haridwar,0.4706057289613305
2021-08-12,Naini Tal,13.83385766448644
2021-08-12,Pauri Garhwal,7.145411152109731
2021-08-12,Pithoragarh,4.254171248470597
2021-08-12,Rudra Prayag,4.31611042073405
2021-08-12,Tehri Garhwal,4.192060996030022
2021-08-12,Udham Singh Nagar,10.737028234704068
2021-08-12,Uttarkashi,2.275512387862736
2021-08-13,Almora,9.18981335815908
2021-08-13,Bageshwar,10.23960364838987
2021-08-13,Chamoli,3.0263749220967138
2021-08-13,Champawat,15.747310136356273
2021-08-13,Dehra Dun,11.805253210589726
2021-08-13,Haridwar,0.4737876322606507
2021-08-13,Naini Tal,20.8906110529078
2021-08-13,Pauri Garhwal,4.945426613109222
2021-08-13,Pithoragarh,9.063722530336673
2021-08-13,Rudra Prayag,8.208381508732142
2021-08-13,Tehri Garhwal,11.560637799025242
2021-08-13,Udham Singh Nagar,12.22490658020442
2021-08-13,Uttarkashi,3.433706754061088
2021-08-14,Almora,0.0685418921971285
2021-08-14,Bageshwar,3.04652841095727
2021-08-14,Chamoli,1.0054505709497108
2021-08-14,Champawat,0.4957893910110894
2021-08-14,Dehra Dun,1.3388675080688963
2021-08-14,Haridwar,0.1280049272255486
2021-08-14,Naini Tal,1.559449203521444
2021-08-14,Pauri Garhwal,0.0880961351584297
2021-08-14,Pithoragarh,1.5860049700693692
2021-08-14,Rudra Prayag,2.510283197487008
2021-08-14,Tehri Garhwal,1.9863538379399968
2021-08-14,Udham Singh Nagar,0.9457101486926114
2021-08-14,Uttarkashi,3.4134744953013048
2021-08-15,Almora,3.6564871405600816
2021-08-15,Bageshwar,3.6993693961556464
2021-08-15,Chamoli,3.0223662722981026
2021-08-15,Champawat,2.5630822761739824
2021-08-15,Dehra Dun,2.127431118032068
2021-08-15,Haridwar,0.0065011443712275
2021-08-15,Naini Tal,1.153203754877252
2021-08-15,Pauri Garhwal,0.3017808870922838
2021-08-15,Pithoragarh,2.7465208633193123
2021-08-15,Rudra Prayag,1.713535365444288
2021-08-15,Tehri Garhwal,2.402780157615109
2021-08-15,Udham Singh Nagar,0.407507385335094
2021-08-15,Uttarkashi,2.4733265781300955
2021-08-16,Almora,0.481742134103612
2021-08-16,Bageshwar,0.500674617072047
2021-08-16,Chamoli,0.450197140522927
2021-08-16,Champawat,0.27778237176887
2021-08-16,Dehra Dun,0.0
2021-08-16,Haridwar,0.0
2021-08-16,Naini Tal,0.0083908340763515
2021-08-16,Pauri Garhwal,0.014961837570551
2021-08-16,Pithoragarh,0.5895773442541351
2021-08-16,Rudra Prayag,0.2976511138862896
2021-08-16,Tehri Garhwal,0.2319119270462039
2021-08-16,Udham Singh Nagar,0.0562548032358064
2021-08-16,Uttarkashi,0.5671187104973824
2021-08-17,Almora,0.4520261485037168
2021-08-17,Bageshwar,1.852897019630216
2021-08-17,Chamoli,0.6340353112838641
2021-08-17,Champawat,12.277311466156457
2021-08-17,Dehra Dun,0.0
2021-08-17,Haridwar,0.0
2021-08-17,Naini Tal,0.7498513833862286
2021-08-17,Pauri Garhwal,0.1064489993834199
2021-08-17,Pithoragarh,2.669934367517028
2021-08-17,Rudra Prayag,0.4412901488250195
2021-08-17,Tehri Garhwal,0.1927549529528111
2021-08-17,Udham Singh Nagar,1.6891944723427044
2021-08-17,Uttarkashi,0.6660443038672595
2021-08-18,Almora,2.341466185273556
2021-08-18,Bageshwar,11.233881154575776
2021-08-18,Chamoli,9.001603651993262
2021-08-18,Champawat,1.7362123038474824
2021-08-18,Dehra Dun,10.777667349642666
2021-08-18,Haridwar,6.302759175738054
2021-08-18,Naini Tal,1.9102379191529608
2021-08-18,Pauri Garhwal,1.27596867310423
2021-08-18,Pithoragarh,13.171999517869049
2021-08-18,Rudra Prayag,2.7320569484827586
2021-08-18,Tehri Garhwal,7.431158802982544
2021-08-18,Udham Singh Nagar,2.8694257274085064
2021-08-18,Uttarkashi,3.958131596001128
2021-08-19,Almora,38.13980739437957
2021-08-19,Bageshwar,64.36826422152707
2021-08-19,Chamoli,53.10669444462548
2021-08-19,Champawat,48.15171707776864
2021-08-19,Dehra Dun,44.55202738323857
2021-08-19,Haridwar,39.10333158899076
2021-08-19,Naini Tal,26.53039848160504
2021-08-19,Pauri Garhwal,18.500851158700826
2021-08-19,Pithoragarh,58.35571811549133
2021-08-19,Rudra Prayag,30.88567808827317
2021-08-19,Tehri Garhwal,14.530963281111749
2021-08-19,Udham Singh Nagar,13.827908357639888
2021-08-19,Uttarkashi,21.414448776484303
2021-08-20,Almora,57.49132672095721
2021-08-20,Bageshwar,29.97183563604314
2021-08-20,Chamoli,48.17534247722127
2021-08-20,Champawat,10.156896094476473
2021-08-20,Dehra Dun,70.37494387141672
2021-08-20,Haridwar,92.6502452441336
2021-08-20,Naini Tal,43.5375331064466
2021-08-20,Pauri Garhwal,61.38783151265952
2021-08-20,Pithoragarh,24.638594823707287
2021-08-20,Rudra Prayag,53.44617491888914
2021-08-20,Tehri Garhwal,82.89422367778987
2021-08-20,Udham Singh Nagar,24.987521596871368
2021-08-20,Uttarkashi,66.51950863240826
2021-08-21,Almora,6.621729079274476
2021-08-21,Bageshwar,5.23472874019901
2021-08-21,Chamoli,11.891894671420475
2021-08-21,Champawat,8.159515358930749
2021-08-21,Dehra Dun,14.957083360098087
2021-08-21,Haridwar,20.610109589287635
2021-08-21,Naini Tal,4.77166776564673
2021-08-21,Pauri Garhwal,5.2645180391351065
2021-08-21,Pithoragarh,9.700384248938397
2021-08-21,Rudra Prayag,10.641592125121392
2021-08-21,Tehri Garhwal,5.677862535689375
2021-08-21,Udham Singh Nagar,2.2632396735784748
2021-08-21,Uttarkashi,8.616657171464835
2021-08-22,Almora,1.915316522270294
2021-08-22,Bageshwar,5.851979654774872
2021-08-22,Chamoli,3.886143323057205
2021-08-22,Champawat,0.1720494432103666
2021-08-22,Dehra Dun,0.3627398439936093
2021-08-22,Haridwar,0.1668075332091735
2021-08-22,Naini Tal,0.5295495035547414
2021-08-22,Pauri Garhwal,0.4274350370074162
2021-08-22,Pithoragarh,4.1343038607016505
2021-08-22,Rudra Prayag,10.293897837460271
2021-08-22,Tehri Garhwal,3.0213943321179366
2021-08-22,Udham Singh Nagar,0.0554315683101844
2021-08-22,Uttarkashi,5.145642388583658
2021-08-23,Almora,7.23927654704577
2021-08-23,Bageshwar,25.91865194920838
2021-08-23,Chamoli,7.684379288777001
2021-08-23,Champawat,37.48633085145384
2021-08-23,Dehra Dun,1.3584218872632374
2021-08-23,Haridwar,1.0891943708812282
2021-08-23,Naini Tal,23.283745722661035
2021-08-23,Pauri Garhwal,2.488184736008959
2021-08-23,Pithoragarh,22.765209339459886
2021-08-23,Rudra Prayag,7.513540409909423
2021-08-23,Tehri Garhwal,2.775707149272589
2021-08-23,Udham Singh Nagar,40.327997128986
2021-08-23,Uttarkashi,2.836749443016378
2021-08-24,Almora,4.7536848135481415
2021-08-24,Bageshwar,12.899428010321405
2021-08-24,Chamoli,4.72294726176441
2021-08-24,Champawat,2.658775025517699
2021-08-24,Dehra Dun,18.532997645950083
2021-08-24,Haridwar,5.528311206383895
2021-08-24,Naini Tal,8.751939455826527
2021-08-24,Pauri Garhwal,10.720996580838827
2021-08-24,Pithoragarh,8.74254963713086
2021-08-24,Rudra Prayag,15.96466105505277
2021-08-24,Tehri Garhwal,21.791539217967664
2021-08-24,Udham Singh Nagar,22.553851050244216
2021-08-24,Uttarkashi,7.369402445348125
2021-08-25,Almora,0.4180117859763959
2021-08-25,Bageshwar,1.831611168353908
2021-08-25,Chamoli,1.179625409156716
2021-08-25,Champawat,0.0436320273564702
2021-08-25,Dehra Dun,11.365942097086618
2021-08-25,Haridwar,18.756320207441416
2021-08-25,Naini Tal,0.9372264181680774
2021-08-25,Pauri Garhwal,3.307778426544099
2021-08-25,Pithoragarh,0.6885353102926085
2021-08-25,Rudra Prayag,2.819207168580234
2021-08-25,Tehri Garhwal,1.1773822635234332
2021-08-25,Udham Singh Nagar,5.191170431586397
2021-08-25,Uttarkashi,1.2978038385091046
2021-08-26,Almora,1.0759090060412877
2021-08-26,Bageshwar,2.728401595767355
2021-08-26,Chamoli,1.6978481029007868
2021-08-26,Champawat,4.239103812547157
2021-08-26,Dehra Dun,12.365108026174076
2021-08-26,Haridwar,0.5511586416596693
2021-08-26,Naini Tal,1.2758541789586617
2021-08-26,Pauri Garhwal,1.134785652702522
2021-08-26,Pithoragarh,3.8968708905895433
2021-08-26,Rudra Prayag,3.829136365345825
2021-08-26,Tehri Garhwal,10.777774744289156
2021-08-26,Udham Singh Nagar,2.315195036264141
2021-08-26,Uttarkashi,2.363212497799989
2021-08-27,Almora,8.017036838891336
2021-08-27,Bageshwar,14.738381079817188
2021-08-27,Chamoli,6.339764545500754
2021-08-27,Champawat,4.058209009472996
2021-08-27,Dehra Dun,4.661709482590831
2021-08-27,Haridwar,12.628247625876709
2021-08-27,Naini Tal,9.134300943034814
2021-08-27,Pauri Garhwal,30.77718684096634
2021-08-27,Pithoragarh,13.084248259087165
2021-08-27,Rudra Prayag,8.65012414003296
2021-08-27,Tehri Garhwal,8.737702324711732
2021-08-27,Udham Singh Nagar,14.39571942733006
2021-08-27,Uttarkashi,2.909696232273953
2021-08-28,Almora,35.90623834187219
2021-08-28,Bageshwar,18.37352064179192
2021-08-28,Chamoli,11.359266308703518
2021-08-28,Champawat,0.7550200611328607
2021-08-28,Dehra Dun,0.438238610271603
2021-08-28,Haridwar,0.4453732924751359
2021-08-28,Naini Tal,10.895456475131589
2021-08-28,Pauri Garhwal,31.680043555484165
2021-08-28,Pithoragarh,7.278835672852442
2021-08-28,Rudra Prayag,5.1929687651508
2021-08-28,Tehri Garhwal,3.432815869178944
2021-08-28,Udham Singh Nagar,5.3283061011498365
2021-08-28,Uttarkashi,1.6967124885278793
2021-08-29,Almora,0.5681046529833649
2021-08-29,Bageshwar,11.091956542423064
2021-08-29,Chamoli,6.245169534978244
2021-08-29,Champawat,6.238265389141516
2021-08-29,Dehra Dun,15.703063175272712
2021-08-29,Haridwar,6.169797395737942
2021-08-29,Naini Tal,0.7407461149629836
2021-08-29,Pauri Garhwal,1.5305978473652562
2021-08-29,Pithoragarh,22.79366365934508
2021-08-29,Rudra Prayag,7.89473036416647
2021-08-29,Tehri Garhwal,13.168195458096738
2021-08-29,Udham Singh Nagar,5.10054454106979
2021-08-29,Uttarkashi,8.649143550644922
2021-08-30,Almora,0.3603741776454716
2021-08-30,Bageshwar,3.4242949628433803
2021-08-30,Chamoli,9.662142554038756
2021-08-30,Champawat,2.417438443184897
2021-08-30,Dehra Dun,4.380138204129944
2021-08-30,Haridwar,0.0
2021-08-30,Naini Tal,0.9251932627090296
2021-08-30,Pauri Garhwal,0.3453696626390382
2021-08-30,Pithoragarh,4.48627802649917
2021-08-30,Rudra Prayag,6.587998111597511
2021-08-30,Tehri Garhwal,1.6336027041553036
2021-08-30,Udham Singh Nagar,7.429537233935783
2021-08-30,Uttarkashi,2.4162367069805937
2021-08-31,Almora,8.297360179571074
2021-08-31,Bageshwar,6.065863835798774
2021-08-31,Chamoli,9.456389713695254
2021-08-31,Champawat,24.433631482394315
2021-08-31,Dehra Dun,1.5924740696209638
2021-08-31,Haridwar,0.4964800026245791
2021-08-31,Naini Tal,5.953107522955898
2021-08-31,Pauri Garhwal,2.473484248550648
2021-08-31,Pithoragarh,11.65662967032584
2021-08-31,Rudra Prayag,27.3875071175065
2021-08-31,Tehri Garhwal,16.868596151866587
2021-08-31,Udham Singh Nagar,11.124037617829773
2021-08-31,Uttarkashi,7.349901725228661
2021-09-01,Almora,25.568127630404096
2021-09-01,Bageshwar,14.824049906108892
2021-09-01,Chamoli,18.51526717234324
2021-09-01,Champawat,1.5027303926749096
2021-09-01,Dehra Dun,17.36661298272476
2021-09-01,Haridwar,27.210073170412045
2021-09-01,Naini Tal,11.683509885059106
2021-09-01,Pauri Garhwal,26.35958781945909
2021-09-01,Pithoragarh,6.099689676070033
2021-09-01,Rudra Prayag,17.265069880151223
2021-09-01,Tehri Garhwal,17.314731293262042
2021-09-01,Udham Singh Nagar,11.274844049128117
2021-09-01,Uttarkashi,15.311934349343
2021-09-02,Almora,3.0297396169373623
2021-09-02,Bageshwar,3.97264972525488
2021-09-02,Chamoli,7.272620135502538
2021-09-02,Champawat,1.2012964156432913
2021-09-02,Dehra Dun,6.039631227586234
2021-09-02,Haridwar,5.239689086224254
2021-09-02,Naini Tal,2.587247679618882
2021-09-02,Pauri Garhwal,13.988859067185915
2021-09-02,Pithoragarh,2.3311521450255355
2021-09-02,Rudra Prayag,12.690445289489956
2021-09-02,Tehri Garhwal,7.1642240093221385
2021-09-02,Udham Singh Nagar,0.6614602245679476
2021-09-02,Uttarkashi,8.989808285117686
2021-09-03,Almora,3.2063305952092285
2021-09-03,Bageshwar,4.730605594428454
2021-09-03,Chamoli,5.94926567906343
2021-09-03,Champawat,0.1816013999085547
2021-09-03,Dehra Dun,11.793654014821966
2021-09-03,Haridwar,41.01103360176796
2021-09-03,Naini Tal,2.111810714056653
2021-09-03,Pauri Garhwal,15.145378165842097
2021-09-03,Pithoragarh,2.861834783608862
2021-09-03,Rudra Prayag,6.865336597601469
2021-09-03,Tehri Garhwal,5.017340237426377
2021-09-03,Udham Singh Nagar,1.0922139785267655
2021-09-03,Uttarkashi,4.150862746848247
2021-09-04,Almora,3.345295470143661
2021-09-04,Bageshwar,3.2716525024753267
2021-09-04,Chamoli,3.513213282011609
2021-09-04,Champawat,0.0
2021-09-04,Dehra Dun,6.538128745552146
2021-09-04,Haridwar,13.856485892862256
2021-09-04,Naini Tal,4.0413357727338
2021-09-04,Pauri Garhwal,4.401935758611034
2021-09-04,Pithoragarh,1.8413433812854976
2021-09-04,Rudra Prayag,4.733485217944804
2021-09-04,Tehri Garhwal,4.9708595906290745
2021-09-04,Udham Singh Nagar,2.750492848120597
2021-09-04,Uttarkashi,4.482899364627572
2021-09-05,Almora,0.0300128794678763
2021-09-05,Bageshwar,0.9178428052551358
2021-09-05,Chamoli,0.987185975747646
2021-09-05,Champawat,0.0
2021-09-05,Dehra Dun,0.002841373501941
2021-09-05,Haridwar,0.0
2021-09-05,Naini Tal,0.0
2021-09-05,Pauri Garhwal,0.0377619298464045
2021-09-05,Pithoragarh,3.18493755393784
2021-09-05,Rudra Prayag,2.605143293303426
2021-09-05,Tehri Garhwal,0.5211084563589754
2021-09-05,Udham Singh Nagar,0.0
2021-09-05,Uttarkashi,0.9757722468101784
2021-09-06,Almora,21.42400712039134
2021-09-06,Bageshwar,38.58828685926889
2021-09-06,Chamoli,18.078886312241725
2021-09-06,Champawat,8.483221465749544
2021-09-06,Dehra Dun,2.108072990036812
2021-09-06,Haridwar,6.350853883849103
2021-09-06,Naini Tal,9.508437901240272
2021-09-06,Pauri Garhwal,19.81992483186534
2021-09-06,Pithoragarh,21.75928568729183
2021-09-06,Rudra Prayag,30.08589051697108
2021-09-06,Tehri Garhwal,7.810606963027201
2021-09-06,Udham Singh Nagar,8.017000266732088
2021-09-06,Uttarkashi,1.6737766850636733
2021-09-07,Almora,22.36819833085845
2021-09-07,Bageshwar,12.56489121673461
2021-09-07,Chamoli,15.72490732975303
2021-09-07,Champawat,14.5711153417332
2021-09-07,Dehra Dun,5.713958039823956
2021-09-07,Haridwar,5.814600137998449
2021-09-07,Naini Tal,12.285681892640982
2021-09-07,Pauri Garhwal,18.35877997100288
2021-09-07,Pithoragarh,6.69524496794317
2021-09-07,Rudra Prayag,16.65980271226461
2021-09-07,Tehri Garhwal,17.552920374606025
2021-09-07,Udham Singh Nagar,4.312413427579164
2021-09-07,Uttarkashi,9.90605445078099
2021-09-08,Almora,13.663927990503666
2021-09-08,Bageshwar,6.542598184836201
2021-09-08,Chamoli,7.007489168845442
2021-09-08,Champawat,9.044480226407046
2021-09-08,Dehra Dun,13.01608239880271
2021-09-08,Haridwar,1.579870539814953
2021-09-08,Naini Tal,3.049953161174774
2021-09-08,Pauri Garhwal,4.70690875268913
2021-09-08,Pithoragarh,4.041082447244557
2021-09-08,Rudra Prayag,6.025761515841481
2021-09-08,Tehri Garhwal,11.372472584766156
2021-09-08,Udham Singh Nagar,0.5137333627245128
2021-09-08,Uttarkashi,9.4037749168397
2021-09-09,Almora,8.650727838304203
2021-09-09,Bageshwar,10.91906867847052
2021-09-09,Chamoli,14.854761392034112
2021-09-09,Champawat,20.130064767432383
2021-09-09,Dehra Dun,23.17621031055863
2021-09-09,Haridwar,16.032215713548744
2021-09-09,Naini Tal,11.373289277270912
2021-09-09,Pauri Garhwal,15.946181144264353
2021-09-09,Pithoragarh,14.074257580442136
2021-09-09,Rudra Prayag,35.18363307001767
2021-09-09,Tehri Garhwal,36.73139739925178
2021-09-09,Udham Singh Nagar,12.42915872523923
2021-09-09,Uttarkashi,18.3348384724152
2021-09-10,Almora,8.37811396716424
2021-09-10,Bageshwar,21.71468060637075
2021-09-10,Chamoli,12.36570616027478
2021-09-10,Champawat,14.204407236395763
2021-09-10,Dehra Dun,10.252516776068342
2021-09-10,Haridwar,2.8961973397645377
2021-09-10,Naini Tal,13.61969834147626
2021-09-10,Pauri Garhwal,4.949280209045375
2021-09-10,Pithoragarh,15.478850897902957
2021-09-10,Rudra Prayag,8.744961784261443
2021-09-10,Tehri Garhwal,10.831632385643314
2021-09-10,Udham Singh Nagar,11.455903513229718
2021-09-10,Uttarkashi,8.791649946227897
2021-09-11,Almora,14.531375064216844
2021-09-11,Bageshwar,9.778769997297443
2021-09-11,Chamoli,15.57527788477602
2021-09-11,Champawat,1.8087687827450367
2021-09-11,Dehra Dun,24.65246196759257
2021-09-11,Haridwar,38.95765626195819
2021-09-11,Naini Tal,12.477934846971008
2021-09-11,Pauri Garhwal,26.526553983437587
2021-09-11,Pithoragarh,7.37640475014236
2021-09-11,Rudra Prayag,34.78086618898607
2021-09-11,Tehri Garhwal,29.51054689737947
2021-09-11,Udham Singh Nagar,17.041582541704887
2021-09-11,Uttarkashi,21.925290337233875
2021-09-12,Almora,10.759543579655098
2021-09-12,Bageshwar,4.341729675667354
2021-09-12,Chamoli,5.377975536328776
2021-09-12,Champawat,1.043235415149102
2021-09-12,Dehra Dun,2.682238286103581
2021-09-12,Haridwar,0.5787259882700068
2021-09-12,Naini Tal,4.402080307097664
2021-09-12,Pauri Garhwal,6.445071927543977
2021-09-12,Pithoragarh,2.831592558024722
2021-09-12,Rudra Prayag,5.66168723771371
2021-09-12,Tehri Garhwal,7.05658819168782
2021-09-12,Udham Singh Nagar,0.1400110803460832
2021-09-12,Uttarkashi,3.836941554299466
2021-09-13,Almora,10.28311253922896
2021-09-13,Bageshwar,9.18887109295328
2021-09-13,Chamoli,17.367021797898747
2021-09-13,Champawat,1.972570231811089
2021-09-13,Dehra Dun,21.84226096317776
2021-09-13,Haridwar,16.16473988872983
2021-09-13,Naini Tal,6.7073624058834005
2021-09-13,Pauri Garhwal,16.243243004301515
2021-09-13,Pithoragarh,4.857781748593316
2021-09-13,Rudra Prayag,17.376189568327717
2021-09-13,Tehri Garhwal,15.927576387249603
2021-09-13,Udham Singh Nagar,6.218515976640596
2021-09-13,Uttarkashi,22.12130301510372
2021-09-14,Almora,5.486791496507019
2021-09-14,Bageshwar,5.584576153747483
2021-09-14,Chamoli,4.379245971784837
2021-09-14,Champawat,0.6213817585132976
2021-09-14,Dehra Dun,5.875089833825627
2021-09-14,Haridwar,10.315099221454329
2021-09-14,Naini Tal,1.8242112062680795
2021-09-14,Pauri Garhwal,5.1636071571451705
2021-09-14,Pithoragarh,3.201511516374376
2021-09-14,Rudra Prayag,3.508768497321864
2021-09-14,Tehri Garhwal,6.006668751797662
2021-09-14,Udham Singh Nagar,0.8529064202153445
2021-09-14,Uttarkashi,5.734309397300644
2021-09-15,Almora,0.6202962123561616
2021-09-15,Bageshwar,2.027016485220177
2021-09-15,Chamoli,4.088259423717651
2021-09-15,Champawat,0.9027836177440594
2021-09-15,Dehra Dun,0.4292968016797583
2021-09-15,Haridwar,2.469018266438391
2021-09-15,Naini Tal,0.2549994739712641
2021-09-15,Pauri Garhwal,0.1215727369197412
2021-09-15,Pithoragarh,2.794532696255875
2021-09-15,Rudra Prayag,6.18024509733282
2021-09-15,Tehri Garhwal,0.9280270429284944
2021-09-15,Udham Singh Nagar,0.4408054840901029
2021-09-15,Uttarkashi,2.220712038726133
2021-09-16,Almora,2.057110848176745
2021-09-16,Bageshwar,3.1283308250362203
2021-09-16,Chamoli,5.977849083638755
2021-09-16,Champawat,4.9895593722530425
2021-09-16,Dehra Dun,4.595580443377287
2021-09-16,Haridwar,5.5933561104268295
2021-09-16,Naini Tal,3.3654971680252888
2021-09-16,Pauri Garhwal,5.1758001142908565
2021-09-16,Pithoragarh,2.836701280431818
2021-09-16,Rudra Prayag,10.70816381680932
2021-09-16,Tehri Garhwal,6.852116682985142
2021-09-16,Udham Singh Nagar,12.140525148072872
2021-09-16,Uttarkashi,6.110436133720787
2021-09-17,Almora,0.0420790390710501
2021-09-17,Bageshwar,0.926190232649884
2021-09-17,Chamoli,1.6576757643050022
2021-09-17,Champawat,0.0033358433115554
2021-09-17,Dehra Dun,0.5925061194488612
2021-09-17,Haridwar,0.2668647586454449
2021-09-17,Naini Tal,0.1161602378223692
2021-09-17,Pauri Garhwal,0.1772187921310406
2021-09-17,Pithoragarh,1.357056047357443
2021-09-17,Rudra Prayag,3.083524963634156
2021-09-17,Tehri Garhwal,0.7102711391068919
2021-09-17,Udham Singh Nagar,0.2461727704085297
2021-09-17,Uttarkashi,1.6817908470709142
2021-09-18,Almora,0.0042543382688936
2021-09-18,Bageshwar,4.200228755800945
2021-09-18,Chamoli,1.275867542222229
2021-09-18,Champawat,0.0
2021-09-18,Dehra Dun,0.0701315055062406
2021-09-18,Haridwar,0.0
2021-09-18,Naini Tal,0.0
2021-09-18,Pauri Garhwal,0.009952200822651
2021-09-18,Pithoragarh,2.198021396956585
2021-09-18,Rudra Prayag,4.151015450074523
2021-09-18,Tehri Garhwal,1.2988352665395042
2021-09-18,Udham Singh Nagar,0.0
2021-09-18,Uttarkashi,3.324462408380064
2021-09-19,Almora,1.11175092289953
2021-09-19,Bageshwar,7.533344496502063
2021-09-19,Chamoli,9.414163987571428
2021-09-19,Champawat,0.4250778013012319
2021-09-19,Dehra Dun,10.171256901146512
2021-09-19,Haridwar,1.5303134021414355
2021-09-19,Naini Tal,0.2658401686240618
2021-09-19,Pauri Garhwal,10.977686871335866
2021-09-19,Pithoragarh,7.354415111175858
2021-09-19,Rudra Prayag,11.32749884831775
2021-09-19,Tehri Garhwal,9.4241286212283
2021-09-19,Udham Singh Nagar,0.003910730030479
2021-09-19,Uttarkashi,1.9271895140866573
2021-09-20,Almora,2.66499251194731
2021-09-20,Bageshwar,5.903317878302359
2021-09-20,Chamoli,14.366207943504536
2021-09-20,Champawat,0.3435742923357321
2021-09-20,Dehra Dun,12.073549019174942
2021-09-20,Haridwar,0.3883465301651501
2021-09-20,Naini Tal,0.2113301418228093
2021-09-20,Pauri Garhwal,3.5849640589980267
2021-09-20,Pithoragarh,6.065545788043482
2021-09-20,Rudra Prayag,13.616051462546173
2021-09-20,Tehri Garhwal,13.48482908035873
2021-09-20,Udham Singh Nagar,2.5864616625546144e-05
2021-09-20,Uttarkashi,13.383813367109289
2021-09-21,Almora,5.788962743814388
2021-09-21,Bageshwar,4.450512774147074
2021-09-21,Chamoli,2.440218171919436
2021-09-21,Champawat,5.282069392114724
2021-09-21,Dehra Dun,11.759985391827568
2021-09-21,Haridwar,18.747668162185214
2021-09-21,Naini Tal,10.225364546954188
2021-09-21,Pauri Garhwal,18.42028601051684
2021-09-21,Pithoragarh,3.30540245529288
2021-09-21,Rudra Prayag,2.4383488170702865
2021-09-21,Tehri Garhwal,5.73139044845756
2021-09-21,Udham Singh Nagar,3.613236710919767
2021-09-21,Uttarkashi,2.8548325700626416
2021-09-22,Almora,10.021584654386876
2021-09-22,Bageshwar,6.369822486533838
2021-09-22,Chamoli,6.665766563168075
2021-09-22,Champawat,5.318226510618888
2021-09-22,Dehra Dun,21.775151466100294
2021-09-22,Haridwar,6.501753684673326
2021-09-22,Naini Tal,10.229246372414014
2021-09-22,Pauri Garhwal,5.273478019199593
2021-09-22,Pithoragarh,3.85920388461772
2021-09-22,Rudra Prayag,13.084756149880793
2021-09-22,Tehri Garhwal,13.699365869308975
2021-09-22,Udham Singh Nagar,15.591366041726303
2021-09-22,Uttarkashi,14.671009193895934
2021-09-23,Almora,4.403533637500923
2021-09-23,Bageshwar,5.285831663655357
2021-09-23,Chamoli,7.254873908890068
2021-09-23,Champawat,2.311686698336577
2021-09-23,Dehra Dun,48.890893504023296
2021-09-23,Haridwar,30.112094763055023
2021-09-23,Naini Tal,2.447027379609249
2021-09-23,Pauri Garhwal,12.42772346997036
2021-09-23,Pithoragarh,2.4196638710148792
2021-09-23,Rudra Prayag,13.650049745239036
2021-09-23,Tehri Garhwal,28.81947180060024
2021-09-23,Udham Singh Nagar,2.0244279745912515
2021-09-23,Uttarkashi,26.331649848329107
2021-09-24,Almora,8.80733981604777
2021-09-24,Bageshwar,3.510874004119849
2021-09-24,Chamoli,3.016711059293018
2021-09-24,Champawat,10.54398690735062
2021-09-24,Dehra Dun,0.2693070245626983
2021-09-24,Haridwar,0.0687638662321233
2021-09-24,Naini Tal,10.55059106490748
2021-09-24,Pauri Garhwal,2.1644810934002283
2021-09-24,Pithoragarh,2.861888706364605
2021-09-24,Rudra Prayag,3.9030430814016457
2021-09-24,Tehri Garhwal,1.3449718529057415
2021-09-24,Udham Singh Nagar,2.5231753768957663
2021-09-24,Uttarkashi,3.3781971237192825
2021-09-25,Almora,2.177928364371912
2021-09-25,Bageshwar,5.990305000617894
2021-09-25,Chamoli,6.120635858987726
2021-09-25,Champawat,0.811960310693905
2021-09-25,Dehra Dun,0.3433319617222216
2021-09-25,Haridwar,0.3684389767359839
2021-09-25,Naini Tal,1.64639609549361
2021-09-25,Pauri Garhwal,1.8700797571004737
2021-09-25,Pithoragarh,3.993981476784663
2021-09-25,Rudra Prayag,2.5159498564525795
2021-09-25,Tehri Garhwal,1.2944571714977169
2021-09-25,Udham Singh Nagar,0.7272354252058314
2021-09-25,Uttarkashi,2.840367573178208
2021-09-26,Almora,0.0481677054467463
2021-09-26,Bageshwar,2.0059723920531245
2021-09-26,Chamoli,1.0207971162172162
2021-09-26,Champawat,0.0
2021-09-26,Dehra Dun,0.1424850053652718
2021-09-26,Haridwar,0.0
2021-09-26,Naini Tal,0.0
2021-09-26,Pauri Garhwal,0.1284519293395843
2021-09-26,Pithoragarh,1.3096394087161345
2021-09-26,Rudra Prayag,2.5047736809043686
2021-09-26,Tehri Garhwal,0.5388300484958845
2021-09-26,Udham Singh Nagar,0.0006407035243271
2021-09-26,Uttarkashi,1.533874783728925
2021-09-27,Almora,0.2883222543090529
2021-09-27,Bageshwar,14.847954640817584
2021-09-27,Chamoli,8.01638013248427
2021-09-27,Champawat,0.0
2021-09-27,Dehra Dun,0.1433067563794295
2021-09-27,Haridwar,0.0
2021-09-27,Naini Tal,0.0280655713678939
2021-09-27,Pauri Garhwal,1.3298033691846332
2021-09-27,Pithoragarh,4.571548221158327
2021-09-27,Rudra Prayag,8.342723485450733
2021-09-27,Tehri Garhwal,3.746611151602112
2021-09-27,Udham Singh Nagar,0.0
2021-09-27,Uttarkashi,6.472080652572303
2021-09-28,Almora,3.078877374256729
2021-09-28,Bageshwar,4.444490699860205
2021-09-28,Chamoli,2.431106810617465
2021-09-28,Champawat,1.2195807932286962
2021-09-28,Dehra Dun,0.905443558473476
2021-09-28,Haridwar,1.7541987537982824
2021-09-28,Naini Tal,3.3021302431368693
2021-09-28,Pauri Garhwal,0.5577229849013963
2021-09-28,Pithoragarh,1.969387263069986
2021-09-28,Rudra Prayag,4.491372964092384
2021-09-28,Tehri Garhwal,3.1885273612127087
2021-09-28,Udham Singh Nagar,1.834730230197212
2021-09-28,Uttarkashi,1.5202926919330118
2021-09-29,Almora,2.772964966221669
2021-09-29,Bageshwar,10.364579737268436
2021-09-29,Chamoli,1.060951313764927
2021-09-29,Champawat,1.6719377064024543
2021-09-29,Dehra Dun,5.947237524523917
2021-09-29,Haridwar,3.192240633140658
2021-09-29,Naini Tal,2.577105826048941
2021-09-29,Pauri Garhwal,3.7370086286002855
2021-09-29,Pithoragarh,3.214975150397714
2021-09-29,Rudra Prayag,1.3646700855515033
2021-09-29,Tehri Garhwal,2.606586856348654
2021-09-29,Udham Singh Nagar,1.8566264458803967
2021-09-29,Uttarkashi,2.6329357391884747
2021-09-30,Almora,0.7923081437413177
2021-09-30,Bageshwar,17.70001152791494
2021-09-30,Chamoli,5.334748841703981
2021-09-30,Champawat,0.7613252821115657
2021-09-30,Dehra Dun,4.076060794923774
2021-09-30,Haridwar,3.347709908897294
2021-09-30,Naini Tal,5.89253908759973
2021-09-30,Pauri Garhwal,2.82563711836918
2021-09-30,Pithoragarh,6.736407389591019
2021-09-30,Rudra Prayag,4.727576738975568
2021-09-30,Tehri Garhwal,0.8237666628130699
2021-09-30,Udham Singh Nagar,6.586539159407507
2021-09-30,Uttarkashi,2.387985900992635
2021-10-01,Almora,4.875320434811223
2021-10-01,Bageshwar,12.31271589088582
2021-10-01,Chamoli,6.632083427712012
2021-10-01,Champawat,2.5683543628739027
2021-10-01,Dehra Dun,0.2239290693118401
2021-10-01,Haridwar,0.0757775174305931
2021-10-01,Naini Tal,5.351219743332079
2021-10-01,Pauri Garhwal,2.2563614890907164
2021-10-01,Pithoragarh,3.989919621837202
2021-10-01,Rudra Prayag,6.643958572327883
2021-10-01,Tehri Garhwal,3.825140692083182
2021-10-01,Udham Singh Nagar,1.6434398254422578
2021-10-01,Uttarkashi,2.874764401886334
2021-10-02,Almora,0.8969461510736703
2021-10-02,Bageshwar,2.658657103927245
2021-10-02,Chamoli,1.808872003040235
2021-10-02,Champawat,0.8828639369848348
2021-10-02,Dehra Dun,0.6419071853470537
2021-10-02,Haridwar,0.0065011446441137
2021-10-02,Naini Tal,3.238536250531429
2021-10-02,Pauri Garhwal,0.9240031454178818
2021-10-02,Pithoragarh,2.6606475991277065
2021-10-02,Rudra Prayag,4.430897991669996
2021-10-02,Tehri Garhwal,3.50334628176676
2021-10-02,Udham Singh Nagar,7.834851301624819
2021-10-02,Uttarkashi,7.071732118653911
2021-10-03,Almora,0.0
2021-10-03,Bageshwar,1.312185634356266
2021-10-03,Chamoli,1.1261602006587277
2021-10-03,Champawat,0.0
2021-10-03,Dehra Dun,0.0084246384636335
2021-10-03,Haridwar,0.0
2021-10-03,Naini Tal,0.0
2021-10-03,Pauri Garhwal,0.0
2021-10-03,Pithoragarh,2.975703565081868
2021-10-03,Rudra Prayag,0.4333937726515974
2021-10-03,Tehri Garhwal,0.0588076617231424
2021-10-03,Udham Singh Nagar,0.0
2021-10-03,Uttarkashi,0.5172672738311025
2021-10-04,Almora,0.0657917552293276
2021-10-04,Bageshwar,2.412356568071717
2021-10-04,Chamoli,2.1881194146286527
2021-10-04,Champawat,0.0586910117006146
2021-10-04,Dehra Dun,0.9316019177541917
2021-10-04,Haridwar,2.6067766520842643
2021-10-04,Naini Tal,0.2794414374380792
2021-10-04,Pauri Garhwal,1.586618191638773
2021-10-04,Pithoragarh,2.186131168649614
2021-10-04,Rudra Prayag,2.381851434964358
2021-10-04,Tehri Garhwal,1.855927817074595
2021-10-04,Udham Singh Nagar,0.9115038236243606
2021-10-04,Uttarkashi,1.001248959382676
2021-10-05,Almora,0.3946271556780073
2021-10-05,Bageshwar,0.9829595385307638
2021-10-05,Chamoli,1.080926500662538
2021-10-05,Champawat,0.0007379517841889
2021-10-05,Dehra Dun,0.2739622455631462
2021-10-05,Haridwar,0.39750483439821
2021-10-05,Naini Tal,1.2740340659838698
2021-10-05,Pauri Garhwal,0.3076509071157736
2021-10-05,Pithoragarh,3.106154187579609
2021-10-05,Rudra Prayag,0.5526545634348465
2021-10-05,Tehri Garhwal,0.2730313498554151
2021-10-05,Udham Singh Nagar,0.0069376293056653
2021-10-05,Uttarkashi,0.7019801760906882
2021-10-06,Almora,0.0049871202859292
2021-10-06,Bageshwar,0.954036739993813
2021-10-06,Chamoli,0.2977112804548149
2021-10-06,Champawat,0.0
2021-10-06,Dehra Dun,0.0023432814933178
2021-10-06,Haridwar,0.0
2021-10-06,Naini Tal,0.0055117945798545
2021-10-06,Pauri Garhwal,4.8569885153840654e-05
2021-10-06,Pithoragarh,0.4794974818421137
2021-10-06,Rudra Prayag,0.5748687206991081
2021-10-06,Tehri Garhwal,0.255180129465717
2021-10-06,Udham Singh Nagar,0.0
2021-10-06,Uttarkashi,0.189544594442974
2021-10-07,Almora,0.0040957157569785
2021-10-07,Bageshwar,0.869199428306071
2021-10-07,Chamoli,0.8851648492340277
2021-10-07,Champawat,0.0
2021-10-07,Dehra Dun,0.0
2021-10-07,Haridwar,0.0
2021-10-07,Naini Tal,0.0139119808812665
2021-10-07,Pauri Garhwal,0.0196210773195461
2021-10-07,Pithoragarh,0.930574477189504
2021-10-07,Rudra Prayag,0.6991070634683848
2021-10-07,Tehri Garhwal,0.0564339484091318
2021-10-07,Udham Singh Nagar,0.0
2021-10-07,Uttarkashi,0.484929785993267
2021-10-08,Almora,0.0175162685374424
2021-10-08,Bageshwar,1.0578143062734264
2021-10-08,Chamoli,0.2397438844501106
2021-10-08,Champawat,0.0
2021-10-08,Dehra Dun,0.0
2021-10-08,Haridwar,0.0
2021-10-08,Naini Tal,0.0072077313550517
2021-10-08,Pauri Garhwal,0.0137456629359805
2021-10-08,Pithoragarh,0.5672475653866118
2021-10-08,Rudra Prayag,0.3834127690186257
2021-10-08,Tehri Garhwal,0.1303774269281386
2021-10-08,Udham Singh Nagar,0.0
2021-10-08,Uttarkashi,0.1420319019269511
2021-10-09,Almora,0.4123067971240171
2021-10-09,Bageshwar,0.3440358378191698
2021-10-09,Chamoli,0.259645442371919
2021-10-09,Champawat,0.0326430726325116
2021-10-09,Dehra Dun,0.0
2021-10-09,Haridwar,0.0
2021-10-09,Naini Tal,0.0075704042980654
2021-10-09,Pauri Garhwal,0.0039750211174619
2021-10-09,Pithoragarh,0.3276221203334673
2021-10-09,Rudra Prayag,0.4095613027618802
2021-10-09,Tehri Garhwal,0.2060569901414516
2021-10-09,Udham Singh Nagar,0.0
2021-10-09,Uttarkashi,0.109583775879787
2021-10-10,Almora,0.0
2021-10-10,Bageshwar,0.2006562449620104
2021-10-10,Chamoli,0.5779804590059475
2021-10-10,Champawat,0.0
2021-10-10,Dehra Dun,0.0
2021-10-10,Haridwar,0.0
2021-10-10,Naini Tal,0.0
2021-10-10,Pauri Garhwal,0.0072739186890784
2021-10-10,Pithoragarh,0.5218304665015407
2021-10-10,Rudra Prayag,0.2246649337105697
2021-10-10,Tehri Garhwal,0.0752768749403126
2021-10-10,Udham Singh Nagar,0.0
2021-10-10,Uttarkashi,0.1729041510861441
2021-10-11,Almora,0.0015584327656282
2021-10-11,Bageshwar,0.0180101099348736
2021-10-11,Chamoli,0.2590134407730247
2021-10-11,Champawat,0.0
2021-10-11,Dehra Dun,0.0
2021-10-11,Haridwar,0.0
2021-10-11,Naini Tal,0.014774498699002
2021-10-11,Pauri Garhwal,0.0
2021-10-11,Pithoragarh,0.5367966547486327
2021-10-11,Rudra Prayag,0.0004835923770136
2021-10-11,Tehri Garhwal,0.0052906976188304
2021-10-11,Udham Singh Nagar,0.0
2021-10-11,Uttarkashi,0.1273017592706187
2021-10-12,Almora,0.0162527107971027
2021-10-12,Bageshwar,0.0173786758452051
2021-10-12,Chamoli,0.2095675431780271
2021-10-12,Champawat,0.0
2021-10-12,Dehra Dun,0.0
2021-10-12,Haridwar,0.0
2021-10-12,Naini Tal,0.0
2021-10-12,Pauri Garhwal,0.0152995135017941
2021-10-12,Pithoragarh,0.338599733436293
2021-10-12,Rudra Prayag,0.2345423093950294
2021-10-12,Tehri Garhwal,0.0669967573167336
2021-10-12,Udham Singh Nagar,0.0
2021-10-12,Uttarkashi,0.1302830152231554
2021-10-13,Almora,0.0
2021-10-13,Bageshwar,0.1882426441934727
2021-10-13,Chamoli,0.3722964347682145
2021-10-13,Champawat,0.0
2021-10-13,Dehra Dun,0.0
2021-10-13,Haridwar,0.0
2021-10-13,Naini Tal,0.0
2021-10-13,Pauri Garhwal,5.088273814075408e-05
2021-10-13,Pithoragarh,0.0865223826110837
2021-10-13,Rudra Prayag,0.09622624932124
2021-10-13,Tehri Garhwal,0.1997612399394221
2021-10-13,Udham Singh Nagar,0.0
2021-10-13,Uttarkashi,0.1875847750223412
2021-10-14,Almora,0.035778198263925
2021-10-14,Bageshwar,0.1886176413835903
2021-10-14,Chamoli,0.5315606518122926
2021-10-14,Champawat,0.0
2021-10-14,Dehra Dun,0.0
2021-10-14,Haridwar,0.0
2021-10-14,Naini Tal,0.0
2021-10-14,Pauri Garhwal,0.014719373535268
2021-10-14,Pithoragarh,0.3417036754892563
2021-10-14,Rudra Prayag,0.2278082845137423
2021-10-14,Tehri Garhwal,0.183983029511051
2021-10-14,Udham Singh Nagar,0.0
2021-10-14,Uttarkashi,0.2243327220116296
2021-10-15,Almora,0.0045878523890001
2021-10-15,Bageshwar,0.621724245582899
2021-10-15,Chamoli,0.5519674909017362
2021-10-15,Champawat,0.0
2021-10-15,Dehra Dun,0.0
2021-10-15,Haridwar,0.0
2021-10-15,Naini Tal,0.0
2021-10-15,Pauri Garhwal,0.0276112084842545
2021-10-15,Pithoragarh,1.1569444128550836
2021-10-15,Rudra Prayag,0.441493942969461
2021-10-15,Tehri Garhwal,0.0940068587476158
2021-10-15,Udham Singh Nagar,0.0
2021-10-15,Uttarkashi,0.0155945587605527
2021-10-16,Almora,5.275889898757925
2021-10-16,Bageshwar,4.03155507833358
2021-10-16,Chamoli,0.2370856837990152
2021-10-16,Champawat,0.2823456248196484
2021-10-16,Dehra Dun,0.2545114413747028
2021-10-16,Haridwar,1.1646108210301982
2021-10-16,Naini Tal,1.188596038206166
2021-10-16,Pauri Garhwal,2.6804085449691764
2021-10-16,Pithoragarh,0.2293771062701809
2021-10-16,Rudra Prayag,0.0526113975490724
2021-10-16,Tehri Garhwal,0.3899223121151888
2021-10-16,Udham Singh Nagar,0.6288131691173806
2021-10-16,Uttarkashi,0.1047091443072482
2021-10-17,Almora,89.31484528309771
2021-10-17,Bageshwar,69.41444776419702
2021-10-17,Chamoli,40.68204531826882
2021-10-17,Champawat,66.7452582634869
2021-10-17,Dehra Dun,28.281415874845287
2021-10-17,Haridwar,58.53519771263009
2021-10-17,Naini Tal,83.71788846828127
2021-10-17,Pauri Garhwal,57.578058140718326
2021-10-17,Pithoragarh,46.40965266324844
2021-10-17,Rudra Prayag,30.494211668664
2021-10-17,Tehri Garhwal,23.8937218012748
2021-10-17,Udham Singh Nagar,73.20711333970347
2021-10-17,Uttarkashi,23.347540971467627
2021-10-18,Almora,266.56143051600145
2021-10-18,Bageshwar,268.77937477360933
2021-10-18,Chamoli,169.5763135970071
2021-10-18,Champawat,143.13223810398594
2021-10-18,Dehra Dun,24.406689956257534
2021-10-18,Haridwar,25.046882679003083
2021-10-18,Naini Tal,160.9185877709967
2021-10-18,Pauri Garhwal,119.22757504243
2021-10-18,Pithoragarh,215.95940578432288
2021-10-18,Rudra Prayag,181.76083006796705
2021-10-18,Tehri Garhwal,79.48895500078312
2021-10-18,Udham Singh Nagar,91.902667176768
2021-10-18,Uttarkashi,53.68965897384221
2021-10-19,Almora,22.32732398129346
2021-10-19,Bageshwar,33.58915925132392
2021-10-19,Chamoli,19.107258950976444
2021-10-19,Champawat,25.141113800081992
2021-10-19,Dehra Dun,0.0
2021-10-19,Haridwar,0.0
2021-10-19,Naini Tal,2.753496248318013
2021-10-19,Pauri Garhwal,2.7230043240205584
2021-10-19,Pithoragarh,27.48301005634816
2021-10-19,Rudra Prayag,14.934638664820303
2021-10-19,Tehri Garhwal,2.36578100889934
2021-10-19,Udham Singh Nagar,4.107351368380022
2021-10-19,Uttarkashi,6.191251653970657
2021-10-20,Almora,0.4103070624064605
2021-10-20,Bageshwar,0.9442757139674058
2021-10-20,Chamoli,2.055054375583345
2021-10-20,Champawat,0.0793411119908363
2021-10-20,Dehra Dun,0.0
2021-10-20,Haridwar,0.0
2021-10-20,Naini Tal,0.000247324106414
2021-10-20,Pauri Garhwal,0.0009386323299912
2021-10-20,Pithoragarh,1.2582922000954828
2021-10-20,Rudra Prayag,3.706661404782202
2021-10-20,Tehri Garhwal,0.7808530131105321
2021-10-20,Udham Singh Nagar,2.35045516807085
2021-10-20,Uttarkashi,1.562755250421089
2021-10-21,Almora,0.0
2021-10-21,Bageshwar,0.8725551297896721
2021-10-21,Chamoli,0.1268992063994581
2021-10-21,Champawat,0.0
2021-10-21,Dehra Dun,0.0123364673184957
2021-10-21,Haridwar,0.0
2021-10-21,Naini Tal,0.0001839343189363
2021-10-21,Pauri Garhwal,0.0050990669654583
2021-10-21,Pithoragarh,0.7598857242425421
2021-10-21,Rudra Prayag,0.4781796148149795
2021-10-21,Tehri Garhwal,0.0212804989681021
2021-10-21,Udham Singh Nagar,0.1478207186205814
2021-10-21,Uttarkashi,0.0666322930099085
2021-10-22,Almora,0.0211937357381151
2021-10-22,Bageshwar,0.6599236984504386
2021-10-22,Chamoli,0.0519114812548236
2021-10-22,Champawat,0.0476204805243498
2021-10-22,Dehra Dun,0.0
2021-10-22,Haridwar,0.0
2021-10-22,Naini Tal,0.0657092361207414
2021-10-22,Pauri Garhwal,0.0737942308274363
2021-10-22,Pithoragarh,0.2777229719338149
2021-10-22,Rudra Prayag,0.0117322967598449
2021-10-22,Tehri Garhwal,0.0897841179734355
2021-10-22,Udham Singh Nagar,0.0
2021-10-22,Uttarkashi,0.0371961375235033
2021-10-23,Almora,0.0032117678190393
2021-10-23,Bageshwar,0.2695680092051214
2021-10-23,Chamoli,1.9277872795938955
2021-10-23,Champawat,0.0018411143748351
2021-10-23,Dehra Dun,0.1606820626708514
2021-10-23,Haridwar,0.0130815279620369
2021-10-23,Naini Tal,0.0394866449726859
2021-10-23,Pauri Garhwal,0.0220179627015847
2021-10-23,Pithoragarh,0.5427841776053559
2021-10-23,Rudra Prayag,1.2934835727045084
2021-10-23,Tehri Garhwal,0.669626841245161
2021-10-23,Udham Singh Nagar,0.0990407894267209
2021-10-23,Uttarkashi,2.8684359601737515
2021-10-24,Almora,0.292243752885133
2021-10-24,Bageshwar,0.4032352894013883
2021-10-24,Chamoli,1.520682124797366
2021-10-24,Champawat,0.0511910119771875
2021-10-24,Dehra Dun,30.6348222022697
2021-10-24,Haridwar,16.426326420607985
2021-10-24,Naini Tal,2.615608401239038
2021-10-24,Pauri Garhwal,11.61764135905319
2021-10-24,Pithoragarh,0.4658376904961532
2021-10-24,Rudra Prayag,3.195977441451169
2021-10-24,Tehri Garhwal,7.564042415255694
2021-10-24,Udham Singh Nagar,5.251041852198749
2021-10-24,Uttarkashi,7.162217942902245
2021-10-25,Almora,0.0
2021-10-25,Bageshwar,0.1615036712623858
2021-10-25,Chamoli,0.5089864853280376
2021-10-25,Champawat,0.0
2021-10-25,Dehra Dun,0.0
2021-10-25,Haridwar,0.0
2021-10-25,Naini Tal,0.0202717440041982
2021-10-25,Pauri Garhwal,0.0
2021-10-25,Pithoragarh,0.2463285462714499
2021-10-25,Rudra Prayag,0.1926580256777646
2021-10-25,Tehri Garhwal,0.0359945666620857
2021-10-25,Udham Singh Nagar,0.0
2021-10-25,Uttarkashi,0.1433651944357239
2021-10-26,Almora,0.0
2021-10-26,Bageshwar,0.2435385983921792
2021-10-26,Chamoli,0.5340926650660228
2021-10-26,Champawat,0.0
2021-10-26,Dehra Dun,0.0060643225268106
2021-10-26,Haridwar,0.0
2021-10-26,Naini Tal,0.0
2021-10-26,Pauri Garhwal,0.0070773259654816
2021-10-26,Pithoragarh,0.2894068352512273
2021-10-26,Rudra Prayag,0.5128877217175248
2021-10-26,Tehri Garhwal,0.0718719006355019
2021-10-26,Udham Singh Nagar,0.0
2021-10-26,Uttarkashi,0.1724268125846168
2021-10-27,Almora,0.0
2021-10-27,Bageshwar,0.1607123110941543
2021-10-27,Chamoli,0.2940067687993543
2021-10-27,Champawat,0.0
2021-10-27,Dehra Dun,7.767783963743623e-05
2021-10-27,Haridwar,0.0
2021-10-27,Naini Tal,0.0
2021-10-27,Pauri Garhwal,0.0017970857282903
2021-10-27,Pithoragarh,0.1843925570787672
2021-10-27,Rudra Prayag,0.6158998161197249
2021-10-27,Tehri Garhwal,0.0872417059803351
2021-10-27,Udham Singh Nagar,0.0
2021-10-27,Uttarkashi,0.4563878139185899
2021-10-28,Almora,0.0025081344154903
2021-10-28,Bageshwar,0.5201378516209149
2021-10-28,Chamoli,0.827487447655701
2021-10-28,Champawat,0.0105609936802367
2021-10-28,Dehra Dun,0.0
2021-10-28,Haridwar,0.0
2021-10-28,Naini Tal,0.0
2021-10-28,Pauri Garhwal,0.0
2021-10-28,Pithoragarh,0.0714777869566444
2021-10-28,Rudra Prayag,0.1210604457535325
2021-10-28,Tehri Garhwal,0.1348479775515013
2021-10-28,Udham Singh Nagar,0.0
2021-10-28,Uttarkashi,0.080398669761191
2021-10-29,Almora,0.0
2021-10-29,Bageshwar,0.2126663551963728
2021-10-29,Chamoli,0.3795411284760925
2021-10-29,Champawat,0.0
2021-10-29,Dehra Dun,0.0
2021-10-29,Haridwar,0.0
2021-10-29,Naini Tal,0.0
2021-10-29,Pauri Garhwal,0.0
2021-10-29,Pithoragarh,0.061223910959535
2021-10-29,Rudra Prayag,0.7551968799984412
2021-10-29,Tehri Garhwal,0.1536727945529438
2021-10-29,Udham Singh Nagar,0.0
2021-10-29,Uttarkashi,0.057907288540338
2021-10-30,Almora,0.0
2021-10-30,Bageshwar,0.1554347395347363
2021-10-30,Chamoli,0.3111543526326186
2021-10-30,Champawat,0.0
2021-10-30,Dehra Dun,0.0
2021-10-30,Haridwar,0.0
2021-10-30,Naini Tal,0.0
2021-10-30,Pauri Garhwal,0.0058996990930785
2021-10-30,Pithoragarh,0.1265652289382146
2021-10-30,Rudra Prayag,1.0094075721818858
2021-10-30,Tehri Garhwal,0.0500690983953661
2021-10-30,Udham Singh Nagar,0.0
2021-10-30,Uttarkashi,0.0218861650934505
2021-10-31,Almora,0.0
2021-10-31,Bageshwar,0.2211369438993963
2021-10-31,Chamoli,0.2552633060934186
2021-10-31,Champawat,0.0038403613599443
2021-10-31,Dehra Dun,0.0004790133347851
2021-10-31,Haridwar,0.0
2021-10-31,Naini Tal,0.0
2021-10-31,Pauri Garhwal,5.242463840882087e-05
2021-10-31,Pithoragarh,0.2211455014725727
2021-10-31,Rudra Prayag,0.4008359123507131
2021-10-31,Tehri Garhwal,0.1289015397786479
2021-10-31,Udham Singh Nagar,0.0
2021-10-31,Uttarkashi,0.211068759743216
2021-11-01,Almora,0.0020583650189612
2021-11-01,Bageshwar,0.0927537656223542
2021-11-01,Chamoli,1.0955940981167784
2021-11-01,Champawat,0.0239952301980151
2021-11-01,Dehra Dun,4.687926088022939e-05
2021-11-01,Haridwar,0.0
2021-11-01,Naini Tal,0.0030328379372173
2021-11-01,Pauri Garhwal,0.0054529334528769
2021-11-01,Pithoragarh,0.4317624368926705
2021-11-01,Rudra Prayag,0.6947260575356132
2021-11-01,Tehri Garhwal,0.0684965669809069
2021-11-01,Udham Singh Nagar,0.0007573898938952
2021-11-01,Uttarkashi,0.0988494003934749
2021-11-02,Almora,0.0485005404395122
2021-11-02,Bageshwar,0.1176783060877556
2021-11-02,Chamoli,0.4987693327771154
2021-11-02,Champawat,0.0051267569135205
2021-11-02,Dehra Dun,0.000290269821803
2021-11-02,Haridwar,0.0
2021-11-02,Naini Tal,0.0038626207179866
2021-11-02,Pauri Garhwal,0.0002389946733758
2021-11-02,Pithoragarh,0.0391867774582346
2021-11-02,Rudra Prayag,0.2583937755951558
2021-11-02,Tehri Garhwal,0.0645367882933128
2021-11-02,Udham Singh Nagar,0.0001869642287503
2021-11-02,Uttarkashi,0.0374283822724349
2021-11-03,Almora,0.0
2021-11-03,Bageshwar,0.0836121310211156
2021-11-03,Chamoli,0.1201085754205187
2021-11-03,Champawat,0.0
2021-11-03,Dehra Dun,4.9059688192065e-05
2021-11-03,Haridwar,0.0
2021-11-03,Naini Tal,0.0001324950609478
2021-11-03,Pauri Garhwal,0.0
2021-11-03,Pithoragarh,0.0710738002686043
2021-11-03,Rudra Prayag,0.0719775454699349
2021-11-03,Tehri Garhwal,0.0357534303831407
2021-11-03,Udham Singh Nagar,0.0
2021-11-03,Uttarkashi,0.0105553811309429
2021-11-04,Almora,0.0
2021-11-04,Bageshwar,0.2196470538505202
2021-11-04,Chamoli,0.1357683232947075
2021-11-04,Champawat,0.0
2021-11-04,Dehra Dun,0.0
2021-11-04,Haridwar,0.0
2021-11-04,Naini Tal,0.0001324950609478
2021-11-04,Pauri Garhwal,0.0015341916240228
2021-11-04,Pithoragarh,0.0170680302320339
2021-11-04,Rudra Prayag,0.0070518133138822
2021-11-04,Tehri Garhwal,0.0091069384163449
2021-11-04,Udham Singh Nagar,0.0
2021-11-04,Uttarkashi,0.007732087802073
2021-11-05,Almora,0.0002006507547341
2021-11-05,Bageshwar,0.0250900729249491
2021-11-05,Chamoli,0.0601328547274539
2021-11-05,Champawat,0.0032003010140664
2021-11-05,Dehra Dun,0.0
2021-11-05,Haridwar,0.0
2021-11-05,Naini Tal,0.0014574456704267
2021-11-05,Pauri Garhwal,0.0
2021-11-05,Pithoragarh,0.0179165204032153
2021-11-05,Rudra Prayag,0.1198048351152393
2021-11-05,Tehri Garhwal,0.0072912694178869
2021-11-05,Udham Singh Nagar,0.0659843323245191
2021-11-05,Uttarkashi,0.0347994101826737
2021-11-06,Almora,0.0036300161878432
2021-11-06,Bageshwar,0.1365772020982524
2021-11-06,Chamoli,0.2722569566748566
2021-11-06,Champawat,0.0
2021-11-06,Dehra Dun,0.0
2021-11-06,Haridwar,0.0
2021-11-06,Naini Tal,0.0
2021-11-06,Pauri Garhwal,0.0017932310030375
2021-11-06,Pithoragarh,0.0502430908518211
2021-11-06,Rudra Prayag,0.1162331576914315
2021-11-06,Tehri Garhwal,0.018080441760708
2021-11-06,Udham Singh Nagar,0.0
2021-11-06,Uttarkashi,0.0099297934741581
2021-11-07,Almora,0.1785432452357671
2021-11-07,Bageshwar,0.0753492637872969
2021-11-07,Chamoli,0.0827582415903215
2021-11-07,Champawat,0.0
2021-11-07,Dehra Dun,0.0
2021-11-07,Haridwar,0.0
2021-11-07,Naini Tal,0.0029699677103228
2021-11-07,Pauri Garhwal,0.0016039626446118
2021-11-07,Pithoragarh,0.0752360943125114
2021-11-07,Rudra Prayag,0.0125768563238862
2021-11-07,Tehri Garhwal,0.0360970249838219
2021-11-07,Udham Singh Nagar,0.0
2021-11-07,Uttarkashi,0.006090390309201
2021-11-08,Almora,0.2620708984356937
2021-11-08,Bageshwar,0.353250908155186
2021-11-08,Chamoli,0.3511140660134648
2021-11-08,Champawat,0.0
2021-11-08,Dehra Dun,0.0
2021-11-08,Haridwar,0.0
2021-11-08,Naini Tal,0.0046284941019174
2021-11-08,Pauri Garhwal,0.0850967522330737
2021-11-08,Pithoragarh,0.2580167834207343
2021-11-08,Rudra Prayag,0.1534749533202569
2021-11-08,Tehri Garhwal,0.0513505511099648
2021-11-08,Udham Singh Nagar,0.0
2021-11-08,Uttarkashi,0.0269012088224614
2021-11-09,Almora,0.0889608154151388
2021-11-09,Bageshwar,0.214230693715645
2021-11-09,Chamoli,0.1182069654840144
2021-11-09,Champawat,0.000960090339986
2021-11-09,Dehra Dun,0.0
2021-11-09,Haridwar,0.0
2021-11-09,Naini Tal,0.0
2021-11-09,Pauri Garhwal,0.0010774034151475
2021-11-09,Pithoragarh,0.2757729899257762
2021-11-09,Rudra Prayag,0.4519533594742108
2021-11-09,Tehri Garhwal,0.0188176700964483
2021-11-09,Udham Singh Nagar,0.0
2021-11-09,Uttarkashi,0.1120444400154746
2021-11-10,Almora,0.0
2021-11-10,Bageshwar,0.1329466882240547
2021-11-10,Chamoli,0.1423666070467043
2021-11-10,Champawat,0.0
2021-11-10,Dehra Dun,0.0
2021-11-10,Haridwar,0.0
2021-11-10,Naini Tal,0.0
2021-11-10,Pauri Garhwal,0.0
2021-11-10,Pithoragarh,0.1685907027785786
2021-11-10,Rudra Prayag,0.0777219328952113
2021-11-10,Tehri Garhwal,0.0330637622252
2021-11-10,Udham Singh Nagar,0.0
2021-11-10,Uttarkashi,0.0301629783466457
2021-11-11,Almora,0.0073508675151591
2021-11-11,Bageshwar,0.0497205865196198
2021-11-11,Chamoli,0.0544442942730443
2021-11-11,Champawat,0.0012801204533147
2021-11-11,Dehra Dun,0.0
2021-11-11,Haridwar,0.0
2021-11-11,Naini Tal,0.0
2021-11-11,Pauri Garhwal,0.0
2021-11-11,Pithoragarh,0.0749723071516276
2021-11-11,Rudra Prayag,0.3167409197322779
2021-11-11,Tehri Garhwal,0.0579765524215083
2021-11-11,Udham Singh Nagar,0.0
2021-11-11,Uttarkashi,0.0203196885151696
2021-11-12,Almora,0.0160927326868463
2021-11-12,Bageshwar,0.7246277284626986
2021-11-12,Chamoli,0.2417111244471451
2021-11-12,Champawat,0.0035203312466156
2021-11-12,Dehra Dun,0.0
2021-11-12,Haridwar,0.0
2021-11-12,Naini Tal,0.0005341369515859
2021-11-12,Pauri Garhwal,0.0566143690854788
2021-11-12,Pithoragarh,0.5233417703743822
2021-11-12,Rudra Prayag,0.3390068998981737
2021-11-12,Tehri Garhwal,0.0099390007821247
2021-11-12,Udham Singh Nagar,0.0007478569150015
2021-11-12,Uttarkashi,0.0012483545135626
2021-11-13,Almora,0.266940747860818
2021-11-13,Bageshwar,0.4310192933698143
2021-11-13,Chamoli,0.3896187606484089
2021-11-13,Champawat,0.0
2021-11-13,Dehra Dun,0.0
2021-11-13,Haridwar,0.0
2021-11-13,Naini Tal,0.0028977448924575
2021-11-13,Pauri Garhwal,0.0427989350440413
2021-11-13,Pithoragarh,0.3670750160987582
2021-11-13,Rudra Prayag,0.7451899667037248
2021-11-13,Tehri Garhwal,0.0594981881645886
2021-11-13,Udham Singh Nagar,0.0
2021-11-13,Uttarkashi,0.0705898562157843
2021-11-14,Almora,0.0
2021-11-14,Bageshwar,0.1029163584768813
2021-11-14,Chamoli,0.056149555566643
2021-11-14,Champawat,0.0
2021-11-14,Dehra Dun,2.589261321247875e-05
2021-11-14,Haridwar,0.0
2021-11-14,Naini Tal,0.0
2021-11-14,Pauri Garhwal,0.0
2021-11-14,Pithoragarh,0.0604442103236124
2021-11-14,Rudra Prayag,0.1116113955672952
2021-11-14,Tehri Garhwal,0.0266779446796866
2021-11-14,Udham Singh Nagar,0.0
2021-11-14,Uttarkashi,0.0098545726714214
2021-11-15,Almora,0.0233432748540579
2021-11-15,Bageshwar,0.2614944790423204
2021-11-15,Chamoli,0.4786508792785012
2021-11-15,Champawat,0.0012801204533147
2021-11-15,Dehra Dun,0.0029292722158012
2021-11-15,Haridwar,0.0
2021-11-15,Naini Tal,0.0002473241137693
2021-11-15,Pauri Garhwal,0.0136388862881358
2021-11-15,Pithoragarh,0.0608207980042499
2021-11-15,Rudra Prayag,0.984288409022238
2021-11-15,Tehri Garhwal,0.1765111476206727
2021-11-15,Udham Singh Nagar,0.0
2021-11-15,Uttarkashi,0.1408973197600248
2021-11-16,Almora,0.0
2021-11-16,Bageshwar,0.0202490804771728
2021-11-16,Chamoli,0.0368045021399395
2021-11-16,Champawat,0.0
2021-11-16,Dehra Dun,0.0
2021-11-16,Haridwar,0.0
2021-11-16,Naini Tal,1.0391769486108888e-06
2021-11-16,Pauri Garhwal,0.0
2021-11-16,Pithoragarh,0.0716346016300172
2021-11-16,Rudra Prayag,0.1145008615895282
2021-11-16,Tehri Garhwal,0.0538005127273805
2021-11-16,Udham Singh Nagar,0.0055897131473037
2021-11-16,Uttarkashi,0.0126180024425278
2021-11-17,Almora,0.0107537958842455
2021-11-17,Bageshwar,0.0058575366337797
2021-11-17,Chamoli,0.0
2021-11-17,Champawat,0.0339369969330279
2021-11-17,Dehra Dun,0.001203325129822
2021-11-17,Haridwar,0.0
2021-11-17,Naini Tal,0.0170134049611384
2021-11-17,Pauri Garhwal,0.0
2021-11-17,Pithoragarh,0.1097105591623287
2021-11-17,Rudra Prayag,0.0
2021-11-17,Tehri Garhwal,0.0024704536237745
2021-11-17,Udham Singh Nagar,0.0024940880234902
2021-11-17,Uttarkashi,0.0010179903238894
2021-11-18,Almora,0.1944617631063855
2021-11-18,Bageshwar,0.0460487118708175
2021-11-18,Chamoli,0.1282328426232278
2021-11-18,Champawat,0.2076731882601355
2021-11-18,Dehra Dun,0.0041530388823699
2021-11-18,Haridwar,0.0
2021-11-18,Naini Tal,0.0493738948355245
2021-11-18,Pauri Garhwal,0.0040178089005918
2021-11-18,Pithoragarh,0.0337897858050268
2021-11-18,Rudra Prayag,0.0492245241977107
2021-11-18,Tehri Garhwal,0.0262204531381908
2021-11-18,Udham Singh Nagar,0.0261927279488172
2021-11-18,Uttarkashi,0.0184592233157773
2021-11-19,Almora,0.0093336493800113
2021-11-19,Bageshwar,0.0524972413455971
2021-11-19,Chamoli,0.0436885059762377
2021-11-19,Champawat,0.0986734411394481
2021-11-19,Dehra Dun,2.316707497958625e-05
2021-11-19,Haridwar,0.0
2021-11-19,Naini Tal,0.0621032925350911
2021-11-19,Pauri Garhwal,0.0121046948364338
2021-11-19,Pithoragarh,0.0312195399031651
2021-11-19,Rudra Prayag,0.3042262444501044
2021-11-19,Tehri Garhwal,0.1720520353208896
2021-11-19,Udham Singh Nagar,0.165280072191114
2021-11-19,Uttarkashi,0.1025371394819947
2021-11-20,Almora,0.0278423259200411
2021-11-20,Bageshwar,0.2042555091464344
2021-11-20,Chamoli,0.2424741160720245
2021-11-20,Champawat,0.0770193259184993
2021-11-20,Dehra Dun,0.0
2021-11-20,Haridwar,0.0
2021-11-20,Naini Tal,0.0397043531024264
2021-11-20,Pauri Garhwal,0.0122554154917839
2021-11-20,Pithoragarh,0.1212996935684282
2021-11-20,Rudra Prayag,0.3283143281318981
2021-11-20,Tehri Garhwal,0.2665621364340782
2021-11-20,Udham Singh Nagar,0.0221519355849092
2021-11-20,Uttarkashi,0.1094552720128338
2021-11-21,Almora,0.144417023807062
2021-11-21,Bageshwar,0.5551847317976781
2021-11-21,Chamoli,0.2156773502692475
2021-11-21,Champawat,0.0
2021-11-21,Dehra Dun,0.0
2021-11-21,Haridwar,0.0
2021-11-21,Naini Tal,0.016967161459368
2021-11-21,Pauri Garhwal,0.0685051249179487
2021-11-21,Pithoragarh,0.1993887662301003
2021-11-21,Rudra Prayag,0.541987901506865
2021-11-21,Tehri Garhwal,0.1340812016392124
2021-11-21,Udham Singh Nagar,0.0
2021-11-21,Uttarkashi,0.035854383668278
2021-11-22,Almora,0.0531900746349109
2021-11-22,Bageshwar,0.1837987094470436
2021-11-22,Chamoli,0.5538707047395479
2021-11-22,Champawat,0.0
2021-11-22,Dehra Dun,2.45298440960325e-05
2021-11-22,Haridwar,0.0
2021-11-22,Naini Tal,0.0
2021-11-22,Pauri Garhwal,0.3589595934283784
2021-11-22,Pithoragarh,0.2607878565889143
2021-11-22,Rudra Prayag,0.6018393615878385
2021-11-22,Tehri Garhwal,0.129901350632873
2021-11-22,Udham Singh Nagar,0.0
2021-11-22,Uttarkashi,0.205716473517507
2021-11-23,Almora,0.0003958785160971
2021-11-23,Bageshwar,0.1157490752163165
2021-11-23,Chamoli,0.0587349256373689
2021-11-23,Champawat,0.0
2021-11-23,Dehra Dun,0.0
2021-11-23,Haridwar,0.0
2021-11-23,Naini Tal,4.156707794443555e-06
2021-11-23,Pauri Garhwal,3.083802259342404e-05
2021-11-23,Pithoragarh,0.112924971007572
2021-11-23,Rudra Prayag,0.3815664861737291
2021-11-23,Tehri Garhwal,0.065812045756143
2021-11-23,Udham Singh Nagar,0.001878510156061
2021-11-23,Uttarkashi,0.0163069635152462
2021-11-24,Almora,0.0
2021-11-24,Bageshwar,0.2226718680029187
2021-11-24,Chamoli,0.1645443356404024
2021-11-24,Champawat,0.0
2021-11-24,Dehra Dun,0.000290269821803
2021-11-24,Haridwar,0.0
2021-11-24,Naini Tal,3.0136131703277567e-05
2021-11-24,Pauri Garhwal,0.0
2021-11-24,Pithoragarh,0.083993818478163
2021-11-24,Rudra Prayag,0.4959032692069859
2021-11-24,Tehri Garhwal,0.0156300034240141
2021-11-24,Udham Singh Nagar,0.0054219626685857
2021-11-24,Uttarkashi,0.0433388692534381
2021-11-25,Almora,0.0
2021-11-25,Bageshwar,0.1133492623120272
2021-11-25,Chamoli,0.4915867983324313
2021-11-25,Champawat,0.0006400602266573
2021-11-25,Dehra Dun,0.0
2021-11-25,Haridwar,0.0
2021-11-25,Naini Tal,0.0003543593383149
2021-11-25,Pauri Garhwal,0.0194657306374899
2021-11-25,Pithoragarh,0.1456088926976484
2021-11-25,Rudra Prayag,1.665466281253401
2021-11-25,Tehri Garhwal,0.4194062027318266
2021-11-25,Udham Singh Nagar,0.0160789234635835
2021-11-25,Uttarkashi,0.2797837348592166
2021-11-26,Almora,0.0
2021-11-26,Bageshwar,0.1024246296383139
2021-11-26,Chamoli,0.1134542684108929
2021-11-26,Champawat,0.0006400602266573
2021-11-26,Dehra Dun,7.767783963743623e-05
2021-11-26,Haridwar,0.0
2021-11-26,Naini Tal,0.0006624753047394
2021-11-26,Pauri Garhwal,0.0
2021-11-26,Pithoragarh,0.1252900157488102
2021-11-26,Rudra Prayag,0.7858773546866005
2021-11-26,Tehri Garhwal,0.1705122912739159
2021-11-26,Udham Singh Nagar,0.0
2021-11-26,Uttarkashi,0.1897947078046245
2021-11-27,Almora,0.0097383403349586
2021-11-27,Bageshwar,0.6593529188041645
2021-11-27,Chamoli,0.0792855596617154
2021-11-27,Champawat,0.0012801204533147
2021-11-27,Dehra Dun,0.0
2021-11-27,Haridwar,0.0
2021-11-27,Naini Tal,4.156707678306479e-05
2021-11-27,Pauri Garhwal,0.0047529102149075
2021-11-27,Pithoragarh,0.1720403348520494
2021-11-27,Rudra Prayag,0.3538272767654252
2021-11-27,Tehri Garhwal,0.0377492369320371
2021-11-27,Udham Singh Nagar,0.0081569608857019
2021-11-27,Uttarkashi,0.0047426815361596
2021-11-28,Almora,0.0
2021-11-28,Bageshwar,0.2309448482617667
2021-11-28,Chamoli,0.0541519032060887
2021-11-28,Champawat,0.0
2021-11-28,Dehra Dun,0.0
2021-11-28,Haridwar,0.0
2021-11-28,Naini Tal,0.0
2021-11-28,Pauri Garhwal,0.0
2021-11-28,Pithoragarh,0.1487139981394005
2021-11-28,Rudra Prayag,0.0429758190272282
2021-11-28,Tehri Garhwal,0.0904775038657137
2021-11-28,Udham Singh Nagar,0.0
2021-11-28,Uttarkashi,0.0333219451787991
2021-11-29,Almora,0.0533385290100123
2021-11-29,Bageshwar,0.0771874972031903
2021-11-29,Chamoli,0.0520422033587036
2021-11-29,Champawat,0.0
2021-11-29,Dehra Dun,0.0
2021-11-29,Haridwar,0.0
2021-11-29,Naini Tal,0.0
2021-11-29,Pauri Garhwal,0.0004510060837316
2021-11-29,Pithoragarh,0.0394394885807477
2021-11-29,Rudra Prayag,0.0095975818234738
2021-11-29,Tehri Garhwal,0.0024275638039173
2021-11-29,Udham Singh Nagar,0.0
2021-11-29,Uttarkashi,0.0028486804352927
2021-11-30,Almora,0.5971264785895307
2021-11-30,Bageshwar,0.4711295820402859
2021-11-30,Chamoli,0.6243370345358067
2021-11-30,Champawat,0.2575100314984356
2021-11-30,Dehra Dun,0.0710309325803947
2021-11-30,Haridwar,0.0008549040132914
2021-11-30,Naini Tal,0.132183307420242
2021-11-30,Pauri Garhwal,0.3310681437708338
2021-11-30,Pithoragarh,0.0031036492137976
2021-11-30,Rudra Prayag,0.4709205471603312
2021-11-30,Tehri Garhwal,0.0691150392919993
2021-11-30,Udham Singh Nagar,0.1383808705985475
2021-11-30,Uttarkashi,0.1992907229826014
2021-12-01,Almora,0.9415134704960818
2021-12-01,Bageshwar,1.0936234113233
2021-12-01,Chamoli,0.4053939182078045
2021-12-01,Champawat,0.5398855299176226
2021-12-01,Dehra Dun,0.2499363521073315
2021-12-01,Haridwar,0.0841133106453541
2021-12-01,Naini Tal,1.0809192262268568
2021-12-01,Pauri Garhwal,0.1332063801593915
2021-12-01,Pithoragarh,0.360351279583269
2021-12-01,Rudra Prayag,1.5563657679529102
2021-12-01,Tehri Garhwal,0.4623734617450112
2021-12-01,Udham Singh Nagar,0.33422597434198
2021-12-01,Uttarkashi,0.7009926143724434
2021-12-02,Almora,3.390489342400488
2021-12-02,Bageshwar,2.385743501751088
2021-12-02,Chamoli,3.215556423751857
2021-12-02,Champawat,5.313242842524637
2021-12-02,Dehra Dun,1.3922192339179231
2021-12-02,Haridwar,1.301713297693615
2021-12-02,Naini Tal,3.197022160923703
2021-12-02,Pauri Garhwal,2.992452698763899
2021-12-02,Pithoragarh,5.615519867025852
2021-12-02,Rudra Prayag,6.899994658339376
2021-12-02,Tehri Garhwal,3.29118272770181
2021-12-02,Udham Singh Nagar,2.05847320013905
2021-12-02,Uttarkashi,3.082206095084346
2021-12-03,Almora,0.0671888545050473
2021-12-03,Bageshwar,0.6170624849001315
2021-12-03,Chamoli,0.9318007441688672
2021-12-03,Champawat,0.4596510966218181
2021-12-03,Dehra Dun,0.4200906120731859
2021-12-03,Haridwar,0.0032091916342474
2021-12-03,Naini Tal,0.0109581208326116
2021-12-03,Pauri Garhwal,0.0069855830507432
2021-12-03,Pithoragarh,1.7103925829885098
2021-12-03,Rudra Prayag,1.7043937419973862
2021-12-03,Tehri Garhwal,0.746295257300718
2021-12-03,Udham Singh Nagar,0.030566064976877
2021-12-03,Uttarkashi,1.1085375559125168
2021-12-04,Almora,0.0052182753024917
2021-12-04,Bageshwar,0.3788078930518275
2021-12-04,Chamoli,0.1964878302803254
2021-12-04,Champawat,0.0
2021-12-04,Dehra Dun,0.0
2021-12-04,Haridwar,0.0
2021-12-04,Naini Tal,1.0391769486108888e-06
2021-12-04,Pauri Garhwal,0.0053908718070218
2021-12-04,Pithoragarh,0.0690349173167249
2021-12-04,Rudra Prayag,0.8351605962833233
2021-12-04,Tehri Garhwal,0.4580880538517843
2021-12-04,Udham Singh Nagar,0.0001869642287503
2021-12-04,Uttarkashi,0.4718266038034018
2021-12-05,Almora,0.93489694024018
2021-12-05,Bageshwar,0.7889512598541949
2021-12-05,Chamoli,0.8028833446656011
2021-12-05,Champawat,0.1131601369947692
2021-12-05,Dehra Dun,4.760217259644483
2021-12-05,Haridwar,0.3097552315945826
2021-12-05,Naini Tal,0.8136163153446098
2021-12-05,Pauri Garhwal,1.4919905566326994
2021-12-05,Pithoragarh,0.3601165818160933
2021-12-05,Rudra Prayag,1.0551122323576112
2021-12-05,Tehri Garhwal,0.9797202374237036
2021-12-05,Udham Singh Nagar,0.1991383337101643
2021-12-05,Uttarkashi,1.546785522313561
2021-12-06,Almora,3.388145921471424
2021-12-06,Bageshwar,7.1411257514572615
2021-12-06,Chamoli,2.737413762437929
2021-12-06,Champawat,0.5188918034281922
2021-12-06,Dehra Dun,0.4220053059124847
2021-12-06,Haridwar,0.0410767729245067
2021-12-06,Naini Tal,0.546481847853455
2021-12-06,Pauri Garhwal,2.235412790000102
2021-12-06,Pithoragarh,2.600380899701031
2021-12-06,Rudra Prayag,0.5654179480029768
2021-12-06,Tehri Garhwal,0.7720477318290367
2021-12-06,Udham Singh Nagar,0.0079914274392305
2021-12-06,Uttarkashi,0.983110676404916
2021-12-07,Almora,0.0394434639364592
2021-12-07,Bageshwar,0.1072766517249606
2021-12-07,Chamoli,0.2083937101786742
2021-12-07,Champawat,0.0
2021-12-07,Dehra Dun,0.0
2021-12-07,Haridwar,0.0
2021-12-07,Naini Tal,0.0
2021-12-07,Pauri Garhwal,0.0417303976093572
2021-12-07,Pithoragarh,0.0178969914439018
2021-12-07,Rudra Prayag,0.0687530207426797
2021-12-07,Tehri Garhwal,0.032680613079044
2021-12-07,Udham Singh Nagar,0.0
2021-12-07,Uttarkashi,0.0300915182719276
2021-12-08,Almora,0.0205755148739796
2021-12-08,Bageshwar,0.1152748140773517
2021-12-08,Chamoli,0.19106738284977
2021-12-08,Champawat,0.0
2021-12-08,Dehra Dun,0.0
2021-12-08,Haridwar,0.0
2021-12-08,Naini Tal,2.026395049791233e-05
2021-12-08,Pauri Garhwal,0.002468969145401
2021-12-08,Pithoragarh,0.0333514035655728
2021-12-08,Rudra Prayag,0.0918894624218524
2021-12-08,Tehri Garhwal,0.0494781725466879
2021-12-08,Udham Singh Nagar,0.0
2021-12-08,Uttarkashi,0.2950046932462425
2021-12-09,Almora,0.2468587244067132
2021-12-09,Bageshwar,0.0596038585917353
2021-12-09,Chamoli,0.0892044580308
2021-12-09,Champawat,0.0
2021-12-09,Dehra Dun,0.0
2021-12-09,Haridwar,0.0
2021-12-09,Naini Tal,0.0594300098271439
2021-12-09,Pauri Garhwal,0.027551460167876
2021-12-09,Pithoragarh,0.0076807157370063
2021-12-09,Rudra Prayag,0.0256373051264434
2021-12-09,Tehri Garhwal,0.1118633214188501
2021-12-09,Udham Singh Nagar,0.0
2021-12-09,Uttarkashi,0.0271579007122081
2021-12-10,Almora,0.2775054153122124
2021-12-10,Bageshwar,0.0097941175103187
2021-12-10,Chamoli,0.4989822213407303
2021-12-10,Champawat,0.0
2021-12-10,Dehra Dun,0.0
2021-12-10,Haridwar,0.0
2021-12-10,Naini Tal,0.1461249028228879
2021-12-10,Pauri Garhwal,0.0843211757155582
2021-12-10,Pithoragarh,0.0018721580469212
2021-12-10,Rudra Prayag,0.1114939523696744
2021-12-10,Tehri Garhwal,0.0398479783036747
2021-12-10,Udham Singh Nagar,0.0
2021-12-10,Uttarkashi,0.0283307202658566
2021-12-11,Almora,0.3058080203074116
2021-12-11,Bageshwar,0.1062141518724863
2021-12-11,Chamoli,0.159344249881759
2021-12-11,Champawat,0.0
2021-12-11,Dehra Dun,0.0010132188380777
2021-12-11,Haridwar,0.0
2021-12-11,Naini Tal,0.0021459003988814
2021-12-11,Pauri Garhwal,0.0325479909005643
2021-12-11,Pithoragarh,0.000222980057975
2021-12-11,Rudra Prayag,0.236728838224781
2021-12-11,Tehri Garhwal,0.0133997327360504
2021-12-11,Udham Singh Nagar,0.0011735146057533
2021-12-11,Uttarkashi,0.0376524777816407
2021-12-12,Almora,0.0106602492194255
2021-12-12,Bageshwar,0.3108501773070791
2021-12-12,Chamoli,0.1552238249122657
2021-12-12,Champawat,0.0066039155007818
2021-12-12,Dehra Dun,0.0048010355420309
2021-12-12,Haridwar,0.0046715969328039
2021-12-12,Naini Tal,0.0
2021-12-12,Pauri Garhwal,0.0034295735580176
2021-12-12,Pithoragarh,0.1483260428892804
2021-12-12,Rudra Prayag,0.0197219336971589
2021-12-12,Tehri Garhwal,0.091995804579403
2021-12-12,Udham Singh Nagar,0.0
2021-12-12,Uttarkashi,0.049188552565881
2021-12-13,Almora,0.2199491550488076
2021-12-13,Bageshwar,0.3324135928183643
2021-12-13,Chamoli,0.2644803063367459
2021-12-13,Champawat,0.125833330340272
2021-12-13,Dehra Dun,0.0026546742118038
2021-12-13,Haridwar,0.0214245459484666
2021-12-13,Naini Tal,0.0836210102838755
2021-12-13,Pauri Garhwal,0.0468167440830643
2021-12-13,Pithoragarh,0.33987815520961
2021-12-13,Rudra Prayag,0.1288497378193935
2021-12-13,Tehri Garhwal,0.0941817557629697
2021-12-13,Udham Singh Nagar,0.0124519654244631
2021-12-13,Uttarkashi,0.0993126661891578
2021-12-14,Almora,0.017178009433491
2021-12-14,Bageshwar,0.1755698474110378
2021-12-14,Chamoli,0.2456261269754075
2021-12-14,Champawat,0.0
2021-12-14,Dehra Dun,0.000290269821803
2021-12-14,Haridwar,0.0
2021-12-14,Naini Tal,4.052790099582466e-05
2021-12-14,Pauri Garhwal,0.0065862305106086
2021-12-14,Pithoragarh,0.0311428812505425
2021-12-14,Rudra Prayag,0.0806010343050761
2021-12-14,Tehri Garhwal,0.1040869207189603
2021-12-14,Udham Singh Nagar,0.0
2021-12-14,Uttarkashi,0.0319316110221157
2021-12-15,Almora,0.0010927331642956
2021-12-15,Bageshwar,0.0354099253308959
2021-12-15,Chamoli,0.1356466717059203
2021-12-15,Champawat,0.0
2021-12-15,Dehra Dun,0.0
2021-12-15,Haridwar,0.0
2021-12-15,Naini Tal,0.0
2021-12-15,Pauri Garhwal,0.0017685605591146
2021-12-15,Pithoragarh,0.0023516380493372
2021-12-15,Rudra Prayag,0.068010360890089
2021-12-15,Tehri Garhwal,0.04865659441555
2021-12-15,Udham Singh Nagar,0.0
2021-12-15,Uttarkashi,0.076503476168614
2021-12-16,Almora,0.0059144521298022
2021-12-16,Bageshwar,0.0389402569127816
2021-12-16,Chamoli,0.0672097408833172
2021-12-16,Champawat,0.001137048167356
2021-12-16,Dehra Dun,0.0
2021-12-16,Haridwar,0.0
2021-12-16,Naini Tal,6.754650165970776e-06
2021-12-16,Pauri Garhwal,0.000351938934068
2021-12-16,Pithoragarh,0.005531945772644
2021-12-16,Rudra Prayag,0.128243519679767
2021-12-16,Tehri Garhwal,0.1010136267069473
2021-12-16,Udham Singh Nagar,0.0
2021-12-16,Uttarkashi,0.0753905201190204
2021-12-17,Almora,0.3981378682643587
2021-12-17,Bageshwar,0.0788832699241431
2021-12-17,Chamoli,0.5520830094484248
2021-12-17,Champawat,0.0008320782640313
2021-12-17,Dehra Dun,3.883891981871812e-05
2021-12-17,Haridwar,0.0
2021-12-17,Naini Tal,0.0613452130720556
2021-12-17,Pauri Garhwal,0.1764166166510617
2021-12-17,Pithoragarh,0.0220750255585242
2021-12-17,Rudra Prayag,0.2858238276644306
2021-12-17,Tehri Garhwal,0.1935884441516078
2021-12-17,Udham Singh Nagar,0.0049297958271076
2021-12-17,Uttarkashi,0.0879320477218436
2021-12-18,Almora,0.7576036960716862
2021-12-18,Bageshwar,0.2061599225259509
2021-12-18,Chamoli,0.6676998023846534
2021-12-18,Champawat,0.0
2021-12-18,Dehra Dun,0.0
2021-12-18,Haridwar,0.0
2021-12-18,Naini Tal,0.0487036255964372
2021-12-18,Pauri Garhwal,0.2516425032978247
2021-12-18,Pithoragarh,0.0906365848085789
2021-12-18,Rudra Prayag,0.2195889407672335
2021-12-18,Tehri Garhwal,0.0375042878780329
2021-12-18,Udham Singh Nagar,0.0
2021-12-18,Uttarkashi,0.0270927090448014
2021-12-19,Almora,0.0901904809802574
2021-12-19,Bageshwar,0.049027571660939
2021-12-19,Chamoli,0.3055343528279365
2021-12-19,Champawat,0.0
2021-12-19,Dehra Dun,0.0
2021-12-19,Haridwar,0.0
2021-12-19,Naini Tal,0.0028317572320001
2021-12-19,Pauri Garhwal,0.0314547830562061
2021-12-19,Pithoragarh,0.020019236890988
2021-12-19,Rudra Prayag,0.6595336694617808
2021-12-19,Tehri Garhwal,0.0665225872568987
2021-12-19,Udham Singh Nagar,0.0
2021-12-19,Uttarkashi,0.0142960566441787
2021-12-20,Almora,0.0104365507414748
2021-12-20,Bageshwar,0.1146994461158208
2021-12-20,Chamoli,0.1211898375811694
2021-12-20,Champawat,0.424037388592994
2021-12-20,Dehra Dun,0.0052745978163418
2021-12-20,Haridwar,0.0
2021-12-20,Naini Tal,0.0078805984114695
2021-12-20,Pauri Garhwal,0.0
2021-12-20,Pithoragarh,0.0973236538742119
2021-12-20,Rudra Prayag,0.0033989636494499
2021-12-20,Tehri Garhwal,0.0342041547285919
2021-12-20,Udham Singh Nagar,0.0189942351353561
2021-12-20,Uttarkashi,0.0307688201009192
2021-12-21,Almora,0.0013828633096545
2021-12-21,Bageshwar,0.6723602754572366
2021-12-21,Chamoli,0.191075655117014
2021-12-21,Champawat,0.0004969879406986
2021-12-21,Dehra Dun,4.0883071970374296e-05
2021-12-21,Haridwar,0.0
2021-12-21,Naini Tal,0.0
2021-12-21,Pauri Garhwal,0.0
2021-12-21,Pithoragarh,0.1344735889705466
2021-12-21,Rudra Prayag,0.1179067311699089
2021-12-21,Tehri Garhwal,0.1015159142201143
2021-12-21,Udham Singh Nagar,0.0
2021-12-21,Uttarkashi,0.1789130518792152
2021-12-22,Almora,0.0002765726619309
2021-12-22,Bageshwar,0.7590808610952293
2021-12-22,Chamoli,0.0988282977037188
2021-12-22,Champawat,0.0015298694787812
2021-12-22,Dehra Dun,0.0003195693578066
2021-12-22,Haridwar,0.0
2021-12-22,Naini Tal,0.0038423567455194
2021-12-22,Pauri Garhwal,6.553079801102609e-06
2021-12-22,Pithoragarh,0.093210326880564
2021-12-22,Rudra Prayag,0.0105319512583353
2021-12-22,Tehri Garhwal,0.2250881558900193
2021-12-22,Udham Singh Nagar,0.0547310078302973
2021-12-22,Uttarkashi,0.1089412620521595
2021-12-23,Almora,0.0748861157173723
2021-12-23,Bageshwar,0.9007214803089428
2021-12-23,Chamoli,0.2341879130908692
2021-12-23,Champawat,0.0559211831220077
2021-12-23,Dehra Dun,0.4918369974041929
2021-12-23,Haridwar,0.2979177579893444
2021-12-23,Naini Tal,0.0285529452959172
2021-12-23,Pauri Garhwal,0.2856630114929667
2021-12-23,Pithoragarh,0.1762177868287671
2021-12-23,Rudra Prayag,0.0438894630977578
2021-12-23,Tehri Garhwal,0.1832834498051751
2021-12-23,Udham Singh Nagar,0.0002098728891901
2021-12-23,Uttarkashi,0.3624252423211826
2021-12-24,Almora,0.0103755420207201
2021-12-24,Bageshwar,0.5143805027461732
2021-12-24,Chamoli,0.1956578754283159
2021-12-24,Champawat,0.0535228395159917
2021-12-24,Dehra Dun,0.0192954477666996
2021-12-24,Haridwar,0.0
2021-12-24,Naini Tal,0.0176566553369952
2021-12-24,Pauri Garhwal,0.0062265822124108
2021-12-24,Pithoragarh,0.344122355776647
2021-12-24,Rudra Prayag,0.0204490497376969
2021-12-24,Tehri Garhwal,0.0729117402668404
2021-12-24,Udham Singh Nagar,0.0040297073747344
2021-12-24,Uttarkashi,0.1366639475604427
2021-12-25,Almora,0.000168112794507
2021-12-25,Bageshwar,0.4917123028455534
2021-12-25,Chamoli,0.0948879500824599
2021-12-25,Champawat,0.0134123994774338
2021-12-25,Dehra Dun,0.0015494685057062
2021-12-25,Haridwar,0.0018119386527349
2021-12-25,Naini Tal,0.0010329418869192
2021-12-25,Pauri Garhwal,0.0010916659998072
2021-12-25,Pithoragarh,0.2163938382098431
2021-12-25,Rudra Prayag,0.0122677024946079
2021-12-25,Tehri Garhwal,0.0043285359299002
2021-12-25,Udham Singh Nagar,8.20277841553035e-05
2021-12-25,Uttarkashi,0.0123023879450728
2021-12-26,Almora,0.5761516942432273
2021-12-26,Bageshwar,1.6518685220085043
2021-12-26,Chamoli,0.9701837891852024
2021-12-26,Champawat,0.9064708637098414
2021-12-26,Dehra Dun,0.2356289117962566
2021-12-26,Haridwar,0.6283051430564726
2021-12-26,Naini Tal,0.6265384851975492
2021-12-26,Pauri Garhwal,0.569770626851571
2021-12-26,Pithoragarh,0.7254132973163224
2021-12-26,Rudra Prayag,1.2922728558564769
2021-12-26,Tehri Garhwal,0.6025195233279743
2021-12-26,Udham Singh Nagar,0.2753450993645056
2021-12-26,Uttarkashi,0.9859863154300916
2021-12-27,Almora,0.0620437889487922
2021-12-27,Bageshwar,0.2593124934881309
2021-12-27,Chamoli,0.1738221608598245
2021-12-27,Champawat,0.1319603370229085
2021-12-27,Dehra Dun,0.0091516759990833
2021-12-27,Haridwar,0.0
2021-12-27,Naini Tal,0.2327143213922951
2021-12-27,Pauri Garhwal,0.0287202214033087
2021-12-27,Pithoragarh,0.0924349986493432
2021-12-27,Rudra Prayag,0.0363644208614304
2021-12-27,Tehri Garhwal,0.0630337382985255
2021-12-27,Udham Singh Nagar,0.0455039893705073
2021-12-27,Uttarkashi,0.0420795452747103
2021-12-28,Almora,0.647044456976899
2021-12-28,Bageshwar,0.9278106401720674
2021-12-28,Chamoli,0.1546737229063544
2021-12-28,Champawat,2.1699622901421627
2021-12-28,Dehra Dun,0.1129544808880371
2021-12-28,Haridwar,0.2805088853222787
2021-12-28,Naini Tal,0.953709836133408
2021-12-28,Pauri Garhwal,0.3369558931422916
2021-12-28,Pithoragarh,1.383659177069363
2021-12-28,Rudra Prayag,0.258138164201999
2021-12-28,Tehri Garhwal,0.3248641749128864
2021-12-28,Udham Singh Nagar,2.5433623284904527
2021-12-28,Uttarkashi,0.2615291720697205
2021-12-29,Almora,0.0060507048483546
2021-12-29,Bageshwar,0.3586038522870856
2021-12-29,Chamoli,0.3027854472131018
2021-12-29,Champawat,0.5598154957950898
2021-12-29,Dehra Dun,0.0087046875618652
2021-12-29,Haridwar,0.0
2021-12-29,Naini Tal,0.0496497961246255
2021-12-29,Pauri Garhwal,0.062140542541939
2021-12-29,Pithoragarh,0.1242864608796246
2021-12-29,Rudra Prayag,0.1025043142550915
2021-12-29,Tehri Garhwal,0.0687785912198598
2021-12-29,Udham Singh Nagar,0.0488974271560191
2021-12-29,Uttarkashi,0.0899576860891758
2021-12-30,Almora,0.0437866038132212
2021-12-30,Bageshwar,0.1085183785649646
2021-12-30,Chamoli,0.3249455677718482
2021-12-30,Champawat,0.0440135531998931
2021-12-30,Dehra Dun,0.0070407467110665
2021-12-30,Haridwar,0.0027610494529388
2021-12-30,Naini Tal,0.0242408805563666
2021-12-30,Pauri Garhwal,0.0166964764509985
2021-12-30,Pithoragarh,0.0187705487132956
2021-12-30,Rudra Prayag,0.0544490483722975
2021-12-30,Tehri Garhwal,0.0007224551878167
2021-12-30,Udham Singh Nagar,0.0020979898846855
2021-12-30,Uttarkashi,0.0128461730238013
2021-12-31,Almora,0.0624064511611679
2021-12-31,Bageshwar,0.2716075294003959
2021-12-31,Chamoli,0.3364504771110332
2021-12-31,Champawat,0.1235215836709522
2021-12-31,Dehra Dun,0.0
2021-12-31,Haridwar,0.0
2021-12-31,Naini Tal,0.0205964873542258
2021-12-31,Pauri Garhwal,0.0139179704137874
2021-12-31,Pithoragarh,0.051597585499641
2021-12-31,Rudra Prayag,0.0744887715771742
2021-12-31,Tehri Garhwal,0.0066855697803131
2021-12-31,Udham Singh Nagar,0.000244605374373
2021-12-31,Uttarkashi,0.0197969030829737
2022-01-01,Almora,0.1177374617102679
2022-01-01,Bageshwar,1.154694827831939
2022-01-01,Chamoli,0.3577803584313505
2022-01-01,Champawat,0.0824966137708879
2022-01-01,Dehra Dun,0.1098190973738488
2022-01-01,Haridwar,0.089930097195155
2022-01-01,Naini Tal,0.0761453323693374
2022-01-01,Pauri Garhwal,0.1057121702797653
2022-01-01,Pithoragarh,0.1223180320289151
2022-01-01,Rudra Prayag,0.3584901575816214
2022-01-01,Tehri Garhwal,0.3540158686061218
2022-01-01,Udham Singh Nagar,0.0651926573794285
2022-01-01,Uttarkashi,0.3288624716069955
2022-01-02,Almora,0.0233331065787327
2022-01-02,Bageshwar,0.3732067915343899
2022-01-02,Chamoli,0.7260430923978326
2022-01-02,Champawat,5.020080022065036e-05
2022-01-02,Dehra Dun,6.541291758941999e-05
2022-01-02,Haridwar,0.0
2022-01-02,Naini Tal,0.1437451910802609
2022-01-02,Pauri Garhwal,0.0767250000978456
2022-01-02,Pithoragarh,0.2082878556029219
2022-01-02,Rudra Prayag,0.7423160445408344
2022-01-02,Tehri Garhwal,0.0931504928485429
2022-01-02,Udham Singh Nagar,0.0259540351369246
2022-01-02,Uttarkashi,0.159860836736445
2022-01-03,Almora,0.0032266809811124
2022-01-03,Bageshwar,1.934831748276552
2022-01-03,Chamoli,0.1819995144933598
2022-01-03,Champawat,0.0
2022-01-03,Dehra Dun,0.1444296787692699
2022-01-03,Haridwar,0.0371350573943568
2022-01-03,Naini Tal,0.0004322976125577
2022-01-03,Pauri Garhwal,0.0721046929964604
2022-01-03,Pithoragarh,0.2157869833297102
2022-01-03,Rudra Prayag,1.1905319215134686
2022-01-03,Tehri Garhwal,1.1023894188901835
2022-01-03,Udham Singh Nagar,0.0
2022-01-03,Uttarkashi,1.2941966757752987
2022-01-04,Almora,5.389745023174674
2022-01-04,Bageshwar,6.806136785994578
2022-01-04,Chamoli,4.459299061230279
2022-01-04,Champawat,1.7155157861446615
2022-01-04,Dehra Dun,10.198972905133886
2022-01-04,Haridwar,2.5195834909889308
2022-01-04,Naini Tal,3.0760796286850343
2022-01-04,Pauri Garhwal,7.225864462423202
2022-01-04,Pithoragarh,2.72628534991726
2022-01-04,Rudra Prayag,8.25567509973766
2022-01-04,Tehri Garhwal,12.83065112880859
2022-01-04,Udham Singh Nagar,1.814450885482356
2022-01-04,Uttarkashi,6.814905182862501
2022-01-05,Almora,43.642743046261245
2022-01-05,Bageshwar,40.88139249368192
2022-01-05,Chamoli,29.60393007228509
2022-01-05,Champawat,22.31383229851775
2022-01-05,Dehra Dun,37.66101240799716
2022-01-05,Haridwar,24.1945381526212
2022-01-05,Naini Tal,24.968129389971217
2022-01-05,Pauri Garhwal,40.70191485652239
2022-01-05,Pithoragarh,21.353865704720047
2022-01-05,Rudra Prayag,53.07862208497216
2022-01-05,Tehri Garhwal,55.47084665020059
2022-01-05,Udham Singh Nagar,24.006332611712622
2022-01-05,Uttarkashi,24.06913943746625
2022-01-06,Almora,0.4314716556324135
2022-01-06,Bageshwar,1.985916321615428
2022-01-06,Chamoli,1.3604356228443917
2022-01-06,Champawat,0.0196962843837972
2022-01-06,Dehra Dun,0.069165302201411
2022-01-06,Haridwar,0.033556963434352
2022-01-06,Naini Tal,0.0878068143488328
2022-01-06,Pauri Garhwal,0.1769601368597267
2022-01-06,Pithoragarh,0.5917141634368914
2022-01-06,Rudra Prayag,1.4676873701545754
2022-01-06,Tehri Garhwal,1.2508992366125262
2022-01-06,Udham Singh Nagar,0.4754382061785538
2022-01-06,Uttarkashi,0.376784609889557
2022-01-07,Almora,0.249141806534945
2022-01-07,Bageshwar,2.403597377214978
2022-01-07,Chamoli,1.2637303626060343
2022-01-07,Champawat,4.016064167262081e-05
2022-01-07,Dehra Dun,2.2887250720039742
2022-01-07,Haridwar,8.394849215931654
2022-01-07,Naini Tal,0.0544819681497085
2022-01-07,Pauri Garhwal,0.9079538791018024
2022-01-07,Pithoragarh,0.1613769337535555
2022-01-07,Rudra Prayag,0.6985457448127947
2022-01-07,Tehri Garhwal,0.83122567924395
2022-01-07,Udham Singh Nagar,0.0766161676275205
2022-01-07,Uttarkashi,0.4595774980704435
2022-01-08,Almora,27.900281339469657
2022-01-08,Bageshwar,7.586029246720993
2022-01-08,Chamoli,9.698534619073776
2022-01-08,Champawat,19.34897183013419
2022-01-08,Dehra Dun,40.712917432679
2022-01-08,Haridwar,53.975006763889255
2022-01-08,Naini Tal,18.17896664903152
2022-01-08,Pauri Garhwal,55.82275644323308
2022-01-08,Pithoragarh,2.846703616723665
2022-01-08,Rudra Prayag,5.817010249514036
2022-01-08,Tehri Garhwal,42.93099412499035
2022-01-08,Udham Singh Nagar,18.713629500031423
2022-01-08,Uttarkashi,20.125046520769185
2022-01-09,Almora,30.65019049914692
2022-01-09,Bageshwar,5.453771002464313
2022-01-09,Chamoli,7.216233159156533
2022-01-09,Champawat,7.0517869613371325
2022-01-09,Dehra Dun,10.296325714919336
2022-01-09,Haridwar,10.65689974120728
2022-01-09,Naini Tal,39.68327928674873
2022-01-09,Pauri Garhwal,19.733091445374065
2022-01-09,Pithoragarh,2.2218904616779183
2022-01-09,Rudra Prayag,9.979773631338382
2022-01-09,Tehri Garhwal,7.794104384591173
2022-01-09,Udham Singh Nagar,34.29080913427357
2022-01-09,Uttarkashi,2.1761727703067137
2022-01-10,Almora,18.03617567109265
2022-01-10,Bageshwar,4.437441081497545
2022-01-10,Chamoli,4.274980164050227
2022-01-10,Champawat,30.8065114850356
2022-01-10,Dehra Dun,1.1504776270689
2022-01-10,Haridwar,0.0036141925946804
2022-01-10,Naini Tal,10.341115833055042
2022-01-10,Pauri Garhwal,3.688918662743293
2022-01-10,Pithoragarh,5.950134515651084
2022-01-10,Rudra Prayag,3.664787471428229
2022-01-10,Tehri Garhwal,1.6506671368612602
2022-01-10,Udham Singh Nagar,3.028935776379658
2022-01-10,Uttarkashi,2.617709461917637
2022-01-11,Almora,3.400176849896533
2022-01-11,Bageshwar,0.2198391491824569
2022-01-11,Chamoli,0.6070800737039362
2022-01-11,Champawat,0.1298393535684423
2022-01-11,Dehra Dun,15.328191221349751
2022-01-11,Haridwar,3.877727510623055
2022-01-11,Naini Tal,1.0112194528955756
2022-01-11,Pauri Garhwal,8.019189147394838
2022-01-11,Pithoragarh,0.0941200279934755
2022-01-11,Rudra Prayag,0.4674922178086017
2022-01-11,Tehri Garhwal,4.794458530801272
2022-01-11,Udham Singh Nagar,0.0161188288313479
2022-01-11,Uttarkashi,1.3092646833320871
2022-01-12,Almora,0.0002833514012458
2022-01-12,Bageshwar,0.0904724236509269
2022-01-12,Chamoli,0.409542729140269
2022-01-12,Champawat,0.0001957831253488
2022-01-12,Dehra Dun,5.370170219925362
2022-01-12,Haridwar,3.002621873733536
2022-01-12,Naini Tal,0.0066554086587902
2022-01-12,Pauri Garhwal,0.2871424647472599
2022-01-12,Pithoragarh,0.081460007021454
2022-01-12,Rudra Prayag,0.0852556099442826
2022-01-12,Tehri Garhwal,2.7628535481094016
2022-01-12,Udham Singh Nagar,0.0160072414371582
2022-01-12,Uttarkashi,0.1233977911637631
2022-01-13,Almora,0.0
2022-01-13,Bageshwar,0.0304439329978777
2022-01-13,Chamoli,0.1749490414075367
2022-01-13,Champawat,0.0
2022-01-13,Dehra Dun,0.0055825836087368
2022-01-13,Haridwar,0.0
2022-01-13,Naini Tal,0.0
2022-01-13,Pauri Garhwal,0.0029234444397564
2022-01-13,Pithoragarh,0.0122344637509199
2022-01-13,Rudra Prayag,0.0048376510299369
2022-01-13,Tehri Garhwal,0.1870048571530846
2022-01-13,Udham Singh Nagar,0.0
2022-01-13,Uttarkashi,0.0353485232737273
2022-01-14,Almora,0.0124423803039119
2022-01-14,Bageshwar,0.0121066172540475
2022-01-14,Chamoli,0.3863701756649842
2022-01-14,Champawat,0.0
2022-01-14,Dehra Dun,0.0
2022-01-14,Haridwar,0.002250396205907
2022-01-14,Naini Tal,0.0021978592235685
2022-01-14,Pauri Garhwal,0.0114401353517534
2022-01-14,Pithoragarh,0.0307505532364171
2022-01-14,Rudra Prayag,0.0413126064358288
2022-01-14,Tehri Garhwal,0.0285426983745606
2022-01-14,Udham Singh Nagar,0.0
2022-01-14,Uttarkashi,0.044520152038485
2022-01-15,Almora,0.0482165122372118
2022-01-15,Bageshwar,0.1197913557653972
2022-01-15,Chamoli,0.060261176873683
2022-01-15,Champawat,0.001444528080162
2022-01-15,Dehra Dun,1.3223786776133786
2022-01-15,Haridwar,0.5545588816257153
2022-01-15,Naini Tal,0.5488818357744591
2022-01-15,Pauri Garhwal,0.010996838753566
2022-01-15,Pithoragarh,0.0077270604108127
2022-01-15,Rudra Prayag,0.0003782383335146
2022-01-15,Tehri Garhwal,0.7886870622322788
2022-01-15,Udham Singh Nagar,0.3569900863878253
2022-01-15,Uttarkashi,0.8340506229230544
2022-01-16,Almora,0.1667217981743771
2022-01-16,Bageshwar,0.9574034682397992
2022-01-16,Chamoli,0.568138389916151
2022-01-16,Champawat,0.3759174041078804
2022-01-16,Dehra Dun,0.0661740241678617
2022-01-16,Haridwar,0.0848054208834236
2022-01-16,Naini Tal,0.2199999944403788
2022-01-16,Pauri Garhwal,0.4850882597841456
2022-01-16,Pithoragarh,0.6436854243219107
2022-01-16,Rudra Prayag,1.497264212215181
2022-01-16,Tehri Garhwal,0.3154994200146748
2022-01-16,Udham Singh Nagar,0.0141154297275406
2022-01-16,Uttarkashi,0.3294198512643367
2022-01-17,Almora,0.2238320191962788
2022-01-17,Bageshwar,3.0034861330660267
2022-01-17,Chamoli,1.1373126939771037
2022-01-17,Champawat,0.0300112941094775
2022-01-17,Dehra Dun,1.5715146858826927
2022-01-17,Haridwar,0.8367247509644311
2022-01-17,Naini Tal,0.0242216554676987
2022-01-17,Pauri Garhwal,0.7344560763490559
2022-01-17,Pithoragarh,0.7249440175196756
2022-01-17,Rudra Prayag,1.802409279936465
2022-01-17,Tehri Garhwal,1.3263204977010583
2022-01-17,Udham Singh Nagar,0.0322916044019759
2022-01-17,Uttarkashi,0.9630661714830342
2022-01-18,Almora,0.0
2022-01-18,Bageshwar,2.2508051036326355
2022-01-18,Chamoli,0.549813505434865
2022-01-18,Champawat,0.0
2022-01-18,Dehra Dun,0.0086965111693995
2022-01-18,Haridwar,0.0367098069976248
2022-01-18,Naini Tal,0.0021308323438693
2022-01-18,Pauri Garhwal,0.083588002170618
2022-01-18,Pithoragarh,1.2982814257946689
2022-01-18,Rudra Prayag,0.8956666505659104
2022-01-18,Tehri Garhwal,0.2747183509775144
2022-01-18,Udham Singh Nagar,0.0021814956199548
2022-01-18,Uttarkashi,0.1283645686754612
2022-01-19,Almora,0.0605314516403293
2022-01-19,Bageshwar,3.5459806240261327
2022-01-19,Chamoli,2.022932397450961
2022-01-19,Champawat,0.2648832772647584
2022-01-19,Dehra Dun,1.700910975134016
2022-01-19,Haridwar,2.866270386397761
2022-01-19,Naini Tal,0.4186251570788943
2022-01-19,Pauri Garhwal,0.9133223851857069
2022-01-19,Pithoragarh,1.6319382800338955
2022-01-19,Rudra Prayag,9.244377970894304
2022-01-19,Tehri Garhwal,2.350136712652671
2022-01-19,Udham Singh Nagar,0.2380520184792769
2022-01-19,Uttarkashi,2.063541596133297
2022-01-20,Almora,0.6889323320815797
2022-01-20,Bageshwar,2.867105642211904
2022-01-20,Chamoli,2.3479297290831034
2022-01-20,Champawat,3.088399774837915
2022-01-20,Dehra Dun,0.1725824425848844
2022-01-20,Haridwar,0.169331743532792
2022-01-20,Naini Tal,1.5900321764753211
2022-01-20,Pauri Garhwal,0.660003454281199
2022-01-20,Pithoragarh,0.7833647936981827
2022-01-20,Rudra Prayag,3.251808188557431
2022-01-20,Tehri Garhwal,1.2640144554424138
2022-01-20,Udham Singh Nagar,1.418263345109445
2022-01-20,Uttarkashi,0.3959205075641917
2022-01-21,Almora,0.3109842647612498
2022-01-21,Bageshwar,3.758966825666207
2022-01-21,Chamoli,2.5908709732327555
2022-01-21,Champawat,0.3337173628785373
2022-01-21,Dehra Dun,1.2630777798867696
2022-01-21,Haridwar,0.601749412909932
2022-01-21,Naini Tal,0.1120897823078305
2022-01-21,Pauri Garhwal,1.1725552850748608
2022-01-21,Pithoragarh,0.863641110499149
2022-01-21,Rudra Prayag,1.3394403888398398
2022-01-21,Tehri Garhwal,1.3055432412063783
2022-01-21,Udham Singh Nagar,0.0089166418242095
2022-01-21,Uttarkashi,0.2587926986911644
2022-01-22,Almora,0.9960838983701832
2022-01-22,Bageshwar,2.805187422850834
2022-01-22,Chamoli,1.5199511444183984
2022-01-22,Champawat,1.040829544679129
2022-01-22,Dehra Dun,12.250801701120386
2022-01-22,Haridwar,15.957165505955835
2022-01-22,Naini Tal,1.7313394569932674
2022-01-22,Pauri Garhwal,3.606931909875561
2022-01-22,Pithoragarh,0.8652859140674282
2022-01-22,Rudra Prayag,3.0684248031321304
2022-01-22,Tehri Garhwal,4.8521033819316415
2022-01-22,Udham Singh Nagar,3.191179344543024
2022-01-22,Uttarkashi,1.951467392646408
2022-01-23,Almora,3.416081813025796
2022-01-23,Bageshwar,3.2753317311298287
2022-01-23,Chamoli,1.5699898259855474
2022-01-23,Champawat,8.21225634893827
2022-01-23,Dehra Dun,9.491982613371633
2022-01-23,Haridwar,5.7853520368958105
2022-01-23,Naini Tal,7.685990689424359
2022-01-23,Pauri Garhwal,4.190218083665869
2022-01-23,Pithoragarh,2.784936101166505
2022-01-23,Rudra Prayag,0.7047944514704979
2022-01-23,Tehri Garhwal,6.03220725548498
2022-01-23,Udham Singh Nagar,8.998704333100857
2022-01-23,Uttarkashi,2.251377113077245
2022-01-24,Almora,0.1350535483805587
2022-01-24,Bageshwar,3.812778395172105
2022-01-24,Chamoli,1.6712154169524596
2022-01-24,Champawat,0.3873481347513606
2022-01-24,Dehra Dun,0.1967320744981077
2022-01-24,Haridwar,0.044830074315052
2022-01-24,Naini Tal,0.7232229873007854
2022-01-24,Pauri Garhwal,0.28068498326897
2022-01-24,Pithoragarh,0.5423169396258477
2022-01-24,Rudra Prayag,1.059590643440053
2022-01-24,Tehri Garhwal,1.337450403597112
2022-01-24,Udham Singh Nagar,0.2244206265767443
2022-01-24,Uttarkashi,0.3550256903438059
2022-01-25,Almora,0.3817611103155195
2022-01-25,Bageshwar,2.6361920317542493
2022-01-25,Chamoli,3.1384387179258466
2022-01-25,Champawat,0.3929392449998663
2022-01-25,Dehra Dun,0.7339479259185343
2022-01-25,Haridwar,0.0011903504042542
2022-01-25,Naini Tal,0.3513504013300692
2022-01-25,Pauri Garhwal,0.454039771287956
2022-01-25,Pithoragarh,0.5401757439233381
2022-01-25,Rudra Prayag,2.5261018297768523
2022-01-25,Tehri Garhwal,1.6622430988018635
2022-01-25,Udham Singh Nagar,0.0005172923132402
2022-01-25,Uttarkashi,0.8682150488441106
2022-01-26,Almora,0.4473156059341891
2022-01-26,Bageshwar,1.340212282111786
2022-01-26,Chamoli,1.411758581297499
2022-01-26,Champawat,0.3837462250390145
2022-01-26,Dehra Dun,1.1699311457497965
2022-01-26,Haridwar,0.0929001557474605
2022-01-26,Naini Tal,0.1445391200766219
2022-01-26,Pauri Garhwal,0.4632071398436836
2022-01-26,Pithoragarh,0.4002180165061013
2022-01-26,Rudra Prayag,1.2648928922419282
2022-01-26,Tehri Garhwal,0.5220601293868183
2022-01-26,Udham Singh Nagar,0.0050051727482485
2022-01-26,Uttarkashi,0.2504478724829145
2022-01-27,Almora,0.7261679572975738
2022-01-27,Bageshwar,0.3461589942573269
2022-01-27,Chamoli,1.162872660778608
2022-01-27,Champawat,0.0
2022-01-27,Dehra Dun,0.0467613774477931
2022-01-27,Haridwar,0.0
2022-01-27,Naini Tal,0.0410059227839547
2022-01-27,Pauri Garhwal,0.1584018153974142
2022-01-27,Pithoragarh,0.2178331540060416
2022-01-27,Rudra Prayag,0.4446925615833907
2022-01-27,Tehri Garhwal,0.0848813365990089
2022-01-27,Udham Singh Nagar,0.0
2022-01-27,Uttarkashi,0.0526784921963661
2022-01-28,Almora,0.3828443519252406
2022-01-28,Bageshwar,1.1809145012245557
2022-01-28,Chamoli,1.4712714406402003
2022-01-28,Champawat,0.0
2022-01-28,Dehra Dun,0.0534294078542332
2022-01-28,Haridwar,0.0
2022-01-28,Naini Tal,0.0042388027433817
2022-01-28,Pauri Garhwal,0.1020831060752694
2022-01-28,Pithoragarh,0.5119132455751639
2022-01-28,Rudra Prayag,0.908383396253736
2022-01-28,Tehri Garhwal,0.1666631664891894
2022-01-28,Udham Singh Nagar,0.0
2022-01-28,Uttarkashi,0.1893634356967911
2022-01-29,Almora,0.0263238871811511
2022-01-29,Bageshwar,1.2480146734401762
2022-01-29,Chamoli,0.6336255299403276
2022-01-29,Champawat,0.0
2022-01-29,Dehra Dun,0.0
2022-01-29,Haridwar,0.0
2022-01-29,Naini Tal,0.0001958848560713
2022-01-29,Pauri Garhwal,0.0927148995864006
2022-01-29,Pithoragarh,0.6430706893285207
2022-01-29,Rudra Prayag,0.3307426515226743
2022-01-29,Tehri Garhwal,0.2686480089956046
2022-01-29,Udham Singh Nagar,0.0
2022-01-29,Uttarkashi,0.0269272223349417
2022-01-30,Almora,0.0
2022-01-30,Bageshwar,1.6757223759830917
2022-01-30,Chamoli,0.2666796424822479
2022-01-30,Champawat,0.0956890032295676
2022-01-30,Dehra Dun,0.1736079289001187
2022-01-30,Haridwar,0.0694576496695258
2022-01-30,Naini Tal,0.003824171170888
2022-01-30,Pauri Garhwal,0.01463148517978
2022-01-30,Pithoragarh,0.5476317342582595
2022-01-30,Rudra Prayag,0.1518618255750708
2022-01-30,Tehri Garhwal,0.2299070662789201
2022-01-30,Udham Singh Nagar,0.0131540050754335
2022-01-30,Uttarkashi,0.2541744423715403
2022-01-31,Almora,0.0416892615551989
2022-01-31,Bageshwar,1.5364071388920657
2022-01-31,Chamoli,0.603207218560967
2022-01-31,Champawat,0.0428840355437069
2022-01-31,Dehra Dun,0.056859497794956
2022-01-31,Haridwar,0.0
2022-01-31,Naini Tal,0.0163197544509155
2022-01-31,Pauri Garhwal,0.0961236585428183
2022-01-31,Pithoragarh,0.3785262846172817
2022-01-31,Rudra Prayag,0.477217601953856
2022-01-31,Tehri Garhwal,0.6106218894174181
2022-01-31,Udham Singh Nagar,0.0
2022-01-31,Uttarkashi,0.1924666161782909
2022-02-01,Almora,0.0693242294257284
2022-02-01,Bageshwar,2.211835885376957
2022-02-01,Chamoli,1.203780842201443
2022-02-01,Champawat,0.054133034342092
2022-02-01,Dehra Dun,0.0529950281717319
2022-02-01,Haridwar,0.0386392870239964
2022-02-01,Naini Tal,0.0452328296224373
2022-02-01,Pauri Garhwal,0.0477317884388057
2022-02-01,Pithoragarh,0.5961838244018913
2022-02-01,Rudra Prayag,0.1183158901418737
2022-02-01,Tehri Garhwal,0.4735279169235076
2022-02-01,Udham Singh Nagar,0.0405152252749458
2022-02-01,Uttarkashi,0.4080224345094153
2022-02-02,Almora,0.0478077536896315
2022-02-02,Bageshwar,2.4217517749212942
2022-02-02,Chamoli,0.9047932236921192
2022-02-02,Champawat,0.1108747461023385
2022-02-02,Dehra Dun,0.9549209432611452
2022-02-02,Haridwar,0.9439108816929442
2022-02-02,Naini Tal,0.4115940873365674
2022-02-02,Pauri Garhwal,0.8108360792938355
2022-02-02,Pithoragarh,1.503311431074272
2022-02-02,Rudra Prayag,3.27773394201575
2022-02-02,Tehri Garhwal,1.6872168827079932
2022-02-02,Udham Singh Nagar,0.4027675046492451
2022-02-02,Uttarkashi,1.8845458060642768
2022-02-03,Almora,52.35808307905261
2022-02-03,Bageshwar,26.73242498951885
2022-02-03,Chamoli,11.213549812916972
2022-02-03,Champawat,42.94065169869322
2022-02-03,Dehra Dun,16.796936828184908
2022-02-03,Haridwar,22.62023187482356
2022-02-03,Naini Tal,28.432782791508284
2022-02-03,Pauri Garhwal,28.33099963721029
2022-02-03,Pithoragarh,13.360663103024685
2022-02-03,Rudra Prayag,8.160554248190104
2022-02-03,Tehri Garhwal,13.261318293860796
2022-02-03,Udham Singh Nagar,22.55074068097736
2022-02-03,Uttarkashi,6.137901808503351
2022-02-04,Almora,1.6326673967279428
2022-02-04,Bageshwar,1.6056378321324971
2022-02-04,Chamoli,0.736770871678492
2022-02-04,Champawat,2.3881073855714545
2022-02-04,Dehra Dun,13.357964396771452
2022-02-04,Haridwar,11.374856200736644
2022-02-04,Naini Tal,4.434543158394081
2022-02-04,Pauri Garhwal,3.125512222722664
2022-02-04,Pithoragarh,1.4925157054834188
2022-02-04,Rudra Prayag,1.3138134406432378
2022-02-04,Tehri Garhwal,6.561965624385952
2022-02-04,Udham Singh Nagar,4.421457155105228
2022-02-04,Uttarkashi,1.0431338662268437
2022-02-05,Almora,0.214564798465842
2022-02-05,Bageshwar,0.936967806856196
2022-02-05,Chamoli,0.700564222240376
2022-02-05,Champawat,0.0856199781718966
2022-02-05,Dehra Dun,0.59338033467386
2022-02-05,Haridwar,0.0758760331243179
2022-02-05,Naini Tal,0.1222461780065161
2022-02-05,Pauri Garhwal,0.4392517811635473
2022-02-05,Pithoragarh,0.3996420567326435
2022-02-05,Rudra Prayag,1.0142452219787452
2022-02-05,Tehri Garhwal,0.433860549931544
2022-02-05,Udham Singh Nagar,0.0253244159374845
2022-02-05,Uttarkashi,0.1801385275719154
2022-02-06,Almora,0.1689770837067455
2022-02-06,Bageshwar,1.1356433505700858
2022-02-06,Chamoli,0.530851286168211
2022-02-06,Champawat,1.0000614801201553
2022-02-06,Dehra Dun,0.1165508273471137
2022-02-06,Haridwar,0.0486599736855019
2022-02-06,Naini Tal,0.998822586889739
2022-02-06,Pauri Garhwal,0.1477118154951649
2022-02-06,Pithoragarh,0.4825273849438388
2022-02-06,Rudra Prayag,0.8139602519986774
2022-02-06,Tehri Garhwal,0.2999199314368338
2022-02-06,Udham Singh Nagar,0.4788080002768987
2022-02-06,Uttarkashi,0.258574872298927
2022-02-07,Almora,0.3179772171650714
2022-02-07,Bageshwar,1.49231797613183
2022-02-07,Chamoli,1.467175824900114
2022-02-07,Champawat,0.052949296091038
2022-02-07,Dehra Dun,0.0011106568382802
2022-02-07,Haridwar,0.0
2022-02-07,Naini Tal,0.0901725008420992
2022-02-07,Pauri Garhwal,0.0624566324714035
2022-02-07,Pithoragarh,0.7078672435693962
2022-02-07,Rudra Prayag,1.1770051508521038
2022-02-07,Tehri Garhwal,0.988890561844168
2022-02-07,Udham Singh Nagar,0.0
2022-02-07,Uttarkashi,0.2362897218819941
2022-02-08,Almora,0.0606927865183833
2022-02-08,Bageshwar,0.9965606427984312
2022-02-08,Chamoli,1.0784803864094628
2022-02-08,Champawat,0.0377070769456301
2022-02-08,Dehra Dun,0.2600217976851826
2022-02-08,Haridwar,0.3907201890801697
2022-02-08,Naini Tal,0.2030047760668774
2022-02-08,Pauri Garhwal,0.1927376398614227
2022-02-08,Pithoragarh,0.46919551132765
2022-02-08,Rudra Prayag,0.3187806440411145
2022-02-08,Tehri Garhwal,0.8088643563949667
2022-02-08,Udham Singh Nagar,0.0154589119568542
2022-02-08,Uttarkashi,0.1904488129065254
2022-02-09,Almora,2.9241444535671888
2022-02-09,Bageshwar,2.070496283148703
2022-02-09,Chamoli,2.8986681605597404
2022-02-09,Champawat,2.460161843687534
2022-02-09,Dehra Dun,4.036165762414866
2022-02-09,Haridwar,2.1938377723314604
2022-02-09,Naini Tal,6.833872331833312
2022-02-09,Pauri Garhwal,5.320012976576932
2022-02-09,Pithoragarh,1.2070755771572157
2022-02-09,Rudra Prayag,3.235573313278444
2022-02-09,Tehri Garhwal,4.307914971297548
2022-02-09,Udham Singh Nagar,13.179141727548828
2022-02-09,Uttarkashi,0.7463163471866127
2022-02-10,Almora,0.7092550033389048
2022-02-10,Bageshwar,1.1612729518177836
2022-02-10,Chamoli,0.7911105874732851
2022-02-10,Champawat,0.0002710843312901
2022-02-10,Dehra Dun,0.0
2022-02-10,Haridwar,0.0
2022-02-10,Naini Tal,0.0063285876514943
2022-02-10,Pauri Garhwal,0.1532352912937558
2022-02-10,Pithoragarh,0.251197383220024
2022-02-10,Rudra Prayag,0.5305630245340894
2022-02-10,Tehri Garhwal,0.1204026840716668
2022-02-10,Udham Singh Nagar,0.0
2022-02-10,Uttarkashi,0.0728571423453351
2022-02-11,Almora,0.0028036875254323
2022-02-11,Bageshwar,1.2082389281793866
2022-02-11,Chamoli,0.5118479747737624
2022-02-11,Champawat,0.0169113951073174
2022-02-11,Dehra Dun,0.0002166802841844
2022-02-11,Haridwar,0.0
2022-02-11,Naini Tal,0.020365270165525
2022-02-11,Pauri Garhwal,0.0
2022-02-11,Pithoragarh,0.3295511161645517
2022-02-11,Rudra Prayag,0.5818980809368695
2022-02-11,Tehri Garhwal,0.0591584044087712
2022-02-11,Udham Singh Nagar,0.0
2022-02-11,Uttarkashi,0.0104685634833361
2022-02-12,Almora,0.07505016065687
2022-02-12,Bageshwar,1.5894025307487671
2022-02-12,Chamoli,0.3024767811422354
2022-02-12,Champawat,0.0908421159134691
2022-02-12,Dehra Dun,0.0726396823017615
2022-02-12,Haridwar,0.0
2022-02-12,Naini Tal,0.0309357783331991
2022-02-12,Pauri Garhwal,0.0256807486543253
2022-02-12,Pithoragarh,0.4564926437886449
2022-02-12,Rudra Prayag,0.0801001698293422
2022-02-12,Tehri Garhwal,0.1563872431727638
2022-02-12,Udham Singh Nagar,0.0
2022-02-12,Uttarkashi,0.2291860404437037
2022-02-13,Almora,0.0186869568805616
2022-02-13,Bageshwar,1.8406837747678824
2022-02-13,Chamoli,0.449058253101962
2022-02-13,Champawat,0.0831701790167759
2022-02-13,Dehra Dun,0.005227582242353
2022-02-13,Haridwar,0.0
2022-02-13,Naini Tal,0.0489280884859964
2022-02-13,Pauri Garhwal,0.0
2022-02-13,Pithoragarh,0.5801745810950671
2022-02-13,Rudra Prayag,0.0408601015728989
2022-02-13,Tehri Garhwal,0.1254455745821123
2022-02-13,Udham Singh Nagar,0.0072916048167902
2022-02-13,Uttarkashi,0.0865623998904463
2022-02-14,Almora,0.1005226395038863
2022-02-14,Bageshwar,1.0900532846001787
2022-02-14,Chamoli,0.4897150641870044
2022-02-14,Champawat,0.0
2022-02-14,Dehra Dun,0.1290889842264124
2022-02-14,Haridwar,0.0179609075401173
2022-02-14,Naini Tal,0.1802608303460152
2022-02-14,Pauri Garhwal,0.1422881776655513
2022-02-14,Pithoragarh,0.284229616069858
2022-02-14,Rudra Prayag,0.0066476683510348
2022-02-14,Tehri Garhwal,0.1279941804130432
2022-02-14,Udham Singh Nagar,0.0
2022-02-14,Uttarkashi,0.1054836052255015
2022-02-15,Almora,1.3922362819916532
2022-02-15,Bageshwar,1.6013382058291052
2022-02-15,Chamoli,0.4804102989311586
2022-02-15,Champawat,0.213456320090137
2022-02-15,Dehra Dun,0.1135268434012777
2022-02-15,Haridwar,0.0
2022-02-15,Naini Tal,0.1036163326515426
2022-02-15,Pauri Garhwal,0.2033783006978325
2022-02-15,Pithoragarh,0.8446155187785814
2022-02-15,Rudra Prayag,0.6649602600796364
2022-02-15,Tehri Garhwal,1.6420777344229742
2022-02-15,Udham Singh Nagar,0.0
2022-02-15,Uttarkashi,1.1263878016054791
2022-02-16,Almora,0.2009246141537155
2022-02-16,Bageshwar,0.5130349141357274
2022-02-16,Chamoli,0.4164192603193717
2022-02-16,Champawat,0.0806074275770299
2022-02-16,Dehra Dun,0.0016373671040712
2022-02-16,Haridwar,0.0
2022-02-16,Naini Tal,0.1388288446909464
2022-02-16,Pauri Garhwal,0.0457624685277448
2022-02-16,Pithoragarh,0.3821519656142987
2022-02-16,Rudra Prayag,0.4554231338588994
2022-02-16,Tehri Garhwal,0.1317255983371117
2022-02-16,Udham Singh Nagar,0.0002216967139332
2022-02-16,Uttarkashi,0.2329220201788376
2022-02-17,Almora,0.3548718701931647
2022-02-17,Bageshwar,0.9238088047404104
2022-02-17,Chamoli,0.4756117151364292
2022-02-17,Champawat,0.0
2022-02-17,Dehra Dun,0.0021238756934919
2022-02-17,Haridwar,0.0
2022-02-17,Naini Tal,0.1585524219202361
2022-02-17,Pauri Garhwal,0.0085452161189397
2022-02-17,Pithoragarh,0.2071102898592563
2022-02-17,Rudra Prayag,0.0001796200305274
2022-02-17,Tehri Garhwal,0.0481724156427338
2022-02-17,Udham Singh Nagar,0.0
2022-02-17,Uttarkashi,0.0946467724728399
2022-02-18,Almora,0.0
2022-02-18,Bageshwar,0.5836304995202226
2022-02-18,Chamoli,0.2508059367575265
2022-02-18,Champawat,0.0
2022-02-18,Dehra Dun,0.0
2022-02-18,Haridwar,0.0
2022-02-18,Naini Tal,0.0871422617513987
2022-02-18,Pauri Garhwal,0.1387668609427864
2022-02-18,Pithoragarh,0.2763434098554078
2022-02-18,Rudra Prayag,0.0431088065075493
2022-02-18,Tehri Garhwal,0.1226148463795767
2022-02-18,Udham Singh Nagar,0.0866272514836024
2022-02-18,Uttarkashi,0.1185729931725312
2022-02-19,Almora,1.2879609256586838e-05
2022-02-19,Bageshwar,0.533432888974237
2022-02-19,Chamoli,0.2271374396586449
2022-02-19,Champawat,0.0003614457750535
2022-02-19,Dehra Dun,0.0127602887370857
2022-02-19,Haridwar,0.0039663672295346
2022-02-19,Naini Tal,0.0300659872137593
2022-02-19,Pauri Garhwal,0.0091060824958197
2022-02-19,Pithoragarh,0.4293948838852542
2022-02-19,Rudra Prayag,0.0652417947793948
2022-02-19,Tehri Garhwal,0.1833268144709249
2022-02-19,Udham Singh Nagar,0.0
2022-02-19,Uttarkashi,0.0997185450737763
2022-02-20,Almora,0.3156046547424179
2022-02-20,Bageshwar,2.3630339409109986
2022-02-20,Chamoli,0.4691697667118212
2022-02-20,Champawat,0.9299535427701164
2022-02-20,Dehra Dun,0.0543104372230711
2022-02-20,Haridwar,0.0112607850273177
2022-02-20,Naini Tal,0.1388090997584962
2022-02-20,Pauri Garhwal,0.0980410117033626
2022-02-20,Pithoragarh,0.553662980379437
2022-02-20,Rudra Prayag,0.2253177800326766
2022-02-20,Tehri Garhwal,0.9174365897087208
2022-02-20,Udham Singh Nagar,0.0344479742143088
2022-02-20,Uttarkashi,0.1931461107163513
2022-02-21,Almora,0.0013652385703395
2022-02-21,Bageshwar,2.0892343234596096
2022-02-21,Chamoli,0.7034462536403416
2022-02-21,Champawat,0.0204292163084519
2022-02-21,Dehra Dun,0.0145380210027841
2022-02-21,Haridwar,0.0025066032191975
2022-02-21,Naini Tal,0.0158801823796377
2022-02-21,Pauri Garhwal,0.028471204185909
2022-02-21,Pithoragarh,0.5867438962885262
2022-02-21,Rudra Prayag,0.4281536991204519
2022-02-21,Tehri Garhwal,0.1757658167276709
2022-02-21,Udham Singh Nagar,0.0041804610163264
2022-02-21,Uttarkashi,0.0825459141145168
2022-02-22,Almora,2.181731242967826
2022-02-22,Bageshwar,7.3449373476387025
2022-02-22,Chamoli,2.6138615849087588
2022-02-22,Champawat,0.3588441183933629
2022-02-22,Dehra Dun,7.95634962707333
2022-02-22,Haridwar,1.0849374638115006
2022-02-22,Naini Tal,1.1727782127407846
2022-02-22,Pauri Garhwal,0.9239453191104072
2022-02-22,Pithoragarh,3.793190414067959
2022-02-22,Rudra Prayag,5.665044739460556
2022-02-22,Tehri Garhwal,7.212878678286585
2022-02-22,Udham Singh Nagar,0.4612141514251775
2022-02-22,Uttarkashi,10.700924671559612
2022-02-23,Almora,0.0475745650256808
2022-02-23,Bageshwar,3.0203078319842462
2022-02-23,Chamoli,5.889014661085908
2022-02-23,Champawat,0.0569314743028897
2022-02-23,Dehra Dun,5.739447935947346
2022-02-23,Haridwar,1.0177865605711147
2022-02-23,Naini Tal,0.0627891498185314
2022-02-23,Pauri Garhwal,0.5999290593860654
2022-02-23,Pithoragarh,3.2946376203766405
2022-02-23,Rudra Prayag,3.293934298448894
2022-02-23,Tehri Garhwal,6.080657984735727
2022-02-23,Udham Singh Nagar,0.0128901856263178
2022-02-23,Uttarkashi,11.791172845732495
2022-02-24,Almora,1.2669793607967843
2022-02-24,Bageshwar,1.8931010557658736
2022-02-24,Chamoli,2.266854337400838
2022-02-24,Champawat,0.7196874825153443
2022-02-24,Dehra Dun,1.5634164194211937
2022-02-24,Haridwar,3.539600197087234
2022-02-24,Naini Tal,0.7015603084083687
2022-02-24,Pauri Garhwal,2.7307122871616456
2022-02-24,Pithoragarh,5.280225773718954
2022-02-24,Rudra Prayag,4.720043063774667
2022-02-24,Tehri Garhwal,2.3785988714564072
2022-02-24,Udham Singh Nagar,1.6391996426272175
2022-02-24,Uttarkashi,0.388202207496905
2022-02-25,Almora,0.4932503974150539
2022-02-25,Bageshwar,0.5658464914439455
2022-02-25,Chamoli,0.3356760129449417
2022-02-25,Champawat,1.4907253593798766
2022-02-25,Dehra Dun,0.6310234231500955
2022-02-25,Haridwar,3.475898845749034
2022-02-25,Naini Tal,3.0160224747457023
2022-02-25,Pauri Garhwal,1.608797662178972
2022-02-25,Pithoragarh,0.3202253037730184
2022-02-25,Rudra Prayag,0.2658894567214763
2022-02-25,Tehri Garhwal,0.933556972605894
2022-02-25,Udham Singh Nagar,3.308853725081806
2022-02-25,Uttarkashi,0.454897498072575
2022-02-26,Almora,12.296436792188286
2022-02-26,Bageshwar,4.308475995745497
2022-02-26,Chamoli,6.792195707721481
2022-02-26,Champawat,19.157133073576144
2022-02-26,Dehra Dun,16.204072908945097
2022-02-26,Haridwar,5.070895288032657
2022-02-26,Naini Tal,13.08506414029402
2022-02-26,Pauri Garhwal,14.938725288568914
2022-02-26,Pithoragarh,3.8434859877977794
2022-02-26,Rudra Prayag,8.007505798544445
2022-02-26,Tehri Garhwal,16.174919517951007
2022-02-26,Udham Singh Nagar,7.803926052715592
2022-02-26,Uttarkashi,6.217197861244435
2022-02-27,Almora,0.2536293317781258
2022-02-27,Bageshwar,1.1368556678197552
2022-02-27,Chamoli,0.3834708032499681
2022-02-27,Champawat,0.5226656521956182
2022-02-27,Dehra Dun,0.0650551905959609
2022-02-27,Haridwar,0.0
2022-02-27,Naini Tal,0.2540377159857957
2022-02-27,Pauri Garhwal,0.0489977630928403
2022-02-27,Pithoragarh,0.3028620092755395
2022-02-27,Rudra Prayag,0.4597599131610109
2022-02-27,Tehri Garhwal,0.2662671501398529
2022-02-27,Udham Singh Nagar,0.0237924910634712
2022-02-27,Uttarkashi,0.0575180200116504
2022-02-28,Almora,0.2556378722140099
2022-02-28,Bageshwar,1.52159187422247
2022-02-28,Chamoli,0.4871187549250496
2022-02-28,Champawat,0.0
2022-02-28,Dehra Dun,0.026026845793906
2022-02-28,Haridwar,0.0002905440925607
2022-02-28,Naini Tal,0.0046196610608839
2022-02-28,Pauri Garhwal,0.1128343965854056
2022-02-28,Pithoragarh,0.0516550056679224
2022-02-28,Rudra Prayag,0.1782728790809016
2022-02-28,Tehri Garhwal,0.183704245577769
2022-02-28,Udham Singh Nagar,0.0
2022-02-28,Uttarkashi,0.2242086065009783
2022-03-01,Almora,1.948299375550827
2022-03-01,Bageshwar,2.2011682423569527
2022-03-01,Chamoli,0.9951127177018788
2022-03-01,Champawat,0.3820298577445638
2022-03-01,Dehra Dun,0.0562840680543913
2022-03-01,Haridwar,0.0014663673740015
2022-03-01,Naini Tal,0.0272860331157183
2022-03-01,Pauri Garhwal,0.5218965610322386
2022-03-01,Pithoragarh,0.5516348244580598
2022-03-01,Rudra Prayag,1.881070254308482
2022-03-01,Tehri Garhwal,1.419128108790382
2022-03-01,Udham Singh Nagar,0.0054148684869239
2022-03-01,Uttarkashi,0.8570763286191936
2022-03-02,Almora,0.0
2022-03-02,Bageshwar,0.0623786743648131
2022-03-02,Chamoli,0.0891993892578468
2022-03-02,Champawat,0.0
2022-03-02,Dehra Dun,0.0052091849637343
2022-03-02,Haridwar,0.0
2022-03-02,Naini Tal,0.0045515949360056
2022-03-02,Pauri Garhwal,0.0016378844910047
2022-03-02,Pithoragarh,0.0279829773510723
2022-03-02,Rudra Prayag,0.2356770196125323
2022-03-02,Tehri Garhwal,0.03204107805277
2022-03-02,Udham Singh Nagar,0.0881200106299702
2022-03-02,Uttarkashi,0.0691299423761513
2022-03-03,Almora,0.5639106406245145
2022-03-03,Bageshwar,0.4571121237435898
2022-03-03,Chamoli,0.3781133196617792
2022-03-03,Champawat,0.7587989331540993
2022-03-03,Dehra Dun,0.1242136817323193
2022-03-03,Haridwar,0.0221403406668591
2022-03-03,Naini Tal,0.3026436576985575
2022-03-03,Pauri Garhwal,0.4718980682526558
2022-03-03,Pithoragarh,0.2926658417025582
2022-03-03,Rudra Prayag,0.3315975732892263
2022-03-03,Tehri Garhwal,0.3819343204921793
2022-03-03,Udham Singh Nagar,8.276677540410669e-05
2022-03-03,Uttarkashi,0.5978618303197911
2022-03-04,Almora,0.01531927831675
2022-03-04,Bageshwar,0.5855670860424118
2022-03-04,Chamoli,0.5210249539704824
2022-03-04,Champawat,0.0
2022-03-04,Dehra Dun,0.0766489486929418
2022-03-04,Haridwar,0.0
2022-03-04,Naini Tal,0.0021199209751662
2022-03-04,Pauri Garhwal,0.0651503335976047
2022-03-04,Pithoragarh,0.1517992848884937
2022-03-04,Rudra Prayag,0.0755820358950574
2022-03-04,Tehri Garhwal,0.1492322685410564
2022-03-04,Udham Singh Nagar,0.0
2022-03-04,Uttarkashi,0.3985184475535275
2022-03-05,Almora,0.0179236715149645
2022-03-05,Bageshwar,0.1466737092116519
2022-03-05,Chamoli,0.1394843092101179
2022-03-05,Champawat,0.0
2022-03-05,Dehra Dun,0.0680907581119046
2022-03-05,Haridwar,0.0370443729743778
2022-03-05,Naini Tal,0.0192668605771968
2022-03-05,Pauri Garhwal,0.2203712071302943
2022-03-05,Pithoragarh,0.0652486289633874
2022-03-05,Rudra Prayag,0.4348134583103533
2022-03-05,Tehri Garhwal,0.2214148814928956
2022-03-05,Udham Singh Nagar,0.0225376882343964
2022-03-05,Uttarkashi,0.1538187135766383
2022-03-06,Almora,0.237446441545041
2022-03-06,Bageshwar,0.3403749925853096
2022-03-06,Chamoli,0.3660260290740289
2022-03-06,Champawat,0.2474372455252738
2022-03-06,Dehra Dun,0.4020829828063615
2022-03-06,Haridwar,0.5402843689175035
2022-03-06,Naini Tal,0.1872986557778382
2022-03-06,Pauri Garhwal,0.4508145037057267
2022-03-06,Pithoragarh,0.3992680897651735
2022-03-06,Rudra Prayag,0.4222694177804627
2022-03-06,Tehri Garhwal,0.3228726561690403
2022-03-06,Udham Singh Nagar,0.0945410855777094
2022-03-06,Uttarkashi,0.3995151277431864
2022-03-07,Almora,0.2961516975563568
2022-03-07,Bageshwar,0.0804669090081006
2022-03-07,Chamoli,0.123167215404123
2022-03-07,Champawat,0.3148995928380294
2022-03-07,Dehra Dun,0.1191768852321689
2022-03-07,Haridwar,0.0192965303698063
2022-03-07,Naini Tal,0.1976670456269569
2022-03-07,Pauri Garhwal,0.3214058156581395
2022-03-07,Pithoragarh,0.1150244809232171
2022-03-07,Rudra Prayag,0.1921036204770335
2022-03-07,Tehri Garhwal,0.1592737291161975
2022-03-07,Udham Singh Nagar,0.1144376268940436
2022-03-07,Uttarkashi,0.1275634648223362
2022-03-08,Almora,0.0244319409463067
2022-03-08,Bageshwar,0.025392462368986
2022-03-08,Chamoli,0.2273052436380222
2022-03-08,Champawat,0.0117783632517949
2022-03-08,Dehra Dun,0.0
2022-03-08,Haridwar,0.0
2022-03-08,Naini Tal,7.793826824238974e-05
2022-03-08,Pauri Garhwal,0.0144765245500659
2022-03-08,Pithoragarh,0.0445665725143303
2022-03-08,Rudra Prayag,0.1012469747182567
2022-03-08,Tehri Garhwal,0.108963016506616
2022-03-08,Udham Singh Nagar,0.0
2022-03-08,Uttarkashi,0.0773102217679927
2022-03-09,Almora,0.0272363062567681
2022-03-09,Bageshwar,0.4398749869220945
2022-03-09,Chamoli,0.3323730033330012
2022-03-09,Champawat,0.0
2022-03-09,Dehra Dun,0.0
2022-03-09,Haridwar,0.0
2022-03-09,Naini Tal,0.0027652498200895
2022-03-09,Pauri Garhwal,2.4670418074739232e-05
2022-03-09,Pithoragarh,0.070931559103853
2022-03-09,Rudra Prayag,0.205830737563664
2022-03-09,Tehri Garhwal,0.0898260555231501
2022-03-09,Udham Singh Nagar,0.0015031036853673
2022-03-09,Uttarkashi,0.1000796064362817
2022-03-10,Almora,0.1395919166467205
2022-03-10,Bageshwar,0.3347996236359262
2022-03-10,Chamoli,1.1803526526138906
2022-03-10,Champawat,0.1796762013490439
2022-03-10,Dehra Dun,0.1612803184976367
2022-03-10,Haridwar,0.0
2022-03-10,Naini Tal,0.1533243235897079
2022-03-10,Pauri Garhwal,0.2195027326963535
2022-03-10,Pithoragarh,0.2352585356110954
2022-03-10,Rudra Prayag,0.2423955058669333
2022-03-10,Tehri Garhwal,0.0889997127988907
2022-03-10,Udham Singh Nagar,0.0385641434533836
2022-03-10,Uttarkashi,0.9274374547750804
2022-03-11,Almora,0.0636117117289542
2022-03-11,Bageshwar,0.4634567897475791
2022-03-11,Chamoli,0.1899885217355161
2022-03-11,Champawat,0.1322715884274672
2022-03-11,Dehra Dun,0.0
2022-03-11,Haridwar,0.0
2022-03-11,Naini Tal,0.0023849110477037
2022-03-11,Pauri Garhwal,0.0135058979133679
2022-03-11,Pithoragarh,0.0782770768298324
2022-03-11,Rudra Prayag,0.7625112031752145
2022-03-11,Tehri Garhwal,0.1407896457176074
2022-03-11,Udham Singh Nagar,0.024150162681848
2022-03-11,Uttarkashi,0.0082978119290578
2022-03-12,Almora,0.0
2022-03-12,Bageshwar,0.2936948465202209
2022-03-12,Chamoli,0.2093813307381087
2022-03-12,Champawat,0.0
2022-03-12,Dehra Dun,4.292722678730357e-05
2022-03-12,Haridwar,0.0
2022-03-12,Naini Tal,0.0
2022-03-12,Pauri Garhwal,0.0168259955610051
2022-03-12,Pithoragarh,0.15092106485105
2022-03-12,Rudra Prayag,0.420217605744889
2022-03-12,Tehri Garhwal,0.0438400675503418
2022-03-12,Udham Singh Nagar,0.0
2022-03-12,Uttarkashi,0.0933373008026812
2022-03-13,Almora,0.0313496463634114
2022-03-13,Bageshwar,0.5697977843353703
2022-03-13,Chamoli,0.4735484361075018
2022-03-13,Champawat,0.0
2022-03-13,Dehra Dun,0.0
2022-03-13,Haridwar,0.0
2022-03-13,Naini Tal,0.0
2022-03-13,Pauri Garhwal,0.0097074242441279
2022-03-13,Pithoragarh,0.0945828946406547
2022-03-13,Rudra Prayag,0.2615181287734517
2022-03-13,Tehri Garhwal,0.0894943744677722
2022-03-13,Udham Singh Nagar,0.0
2022-03-13,Uttarkashi,0.2288246662154842
2022-03-14,Almora,0.0
2022-03-14,Bageshwar,3.6591396153187175
2022-03-14,Chamoli,1.8373580261101512
2022-03-14,Champawat,0.0
2022-03-14,Dehra Dun,0.0
2022-03-14,Haridwar,0.0
2022-03-14,Naini Tal,0.0
2022-03-14,Pauri Garhwal,0.0188913732220273
2022-03-14,Pithoragarh,1.9957636320828644
2022-03-14,Rudra Prayag,2.908683871225308
2022-03-14,Tehri Garhwal,0.6577006129438242
2022-03-14,Udham Singh Nagar,0.0
2022-03-14,Uttarkashi,0.488117269136288
2022-03-15,Almora,0.0054636657431947
2022-03-15,Bageshwar,2.918405250880032
2022-03-15,Chamoli,2.9801493163662145
2022-03-15,Champawat,0.0
2022-03-15,Dehra Dun,0.0
2022-03-15,Haridwar,0.0
2022-03-15,Naini Tal,0.0
2022-03-15,Pauri Garhwal,0.0283123883863542
2022-03-15,Pithoragarh,1.5132033018132198
2022-03-15,Rudra Prayag,4.715621629214181
2022-03-15,Tehri Garhwal,0.3136685006691515
2022-03-15,Udham Singh Nagar,0.0
2022-03-15,Uttarkashi,0.5685081031081345
2022-03-16,Almora,0.4248372981902575
2022-03-16,Bageshwar,3.223305069861989
2022-03-16,Chamoli,2.576311965969665
2022-03-16,Champawat,0.0
2022-03-16,Dehra Dun,0.006430907307447
2022-03-16,Haridwar,0.0
2022-03-16,Naini Tal,0.0356957284004118
2022-03-16,Pauri Garhwal,0.0060727774729849
2022-03-16,Pithoragarh,0.6659455355193273
2022-03-16,Rudra Prayag,3.013236542082422
2022-03-16,Tehri Garhwal,0.3572698138691335
2022-03-16,Udham Singh Nagar,0.0
2022-03-16,Uttarkashi,0.5147595934449342
2022-03-17,Almora,0.0
2022-03-17,Bageshwar,4.195747156018864
2022-03-17,Chamoli,1.9909408918889304
2022-03-17,Champawat,0.0
2022-03-17,Dehra Dun,0.0
2022-03-17,Haridwar,0.0
2022-03-17,Naini Tal,0.0
2022-03-17,Pauri Garhwal,0.0
2022-03-17,Pithoragarh,1.5519473303835394
2022-03-17,Rudra Prayag,2.715987858761084
2022-03-17,Tehri Garhwal,0.7233954266953208
2022-03-17,Udham Singh Nagar,0.0
2022-03-17,Uttarkashi,1.4597319896050187
2022-03-18,Almora,0.0465597866058608
2022-03-18,Bageshwar,1.6406267908430892
2022-03-18,Chamoli,1.4696603553324328
2022-03-18,Champawat,0.0
2022-03-18,Dehra Dun,5.519214807381322e-05
2022-03-18,Haridwar,0.0
2022-03-18,Naini Tal,0.0
2022-03-18,Pauri Garhwal,0.0054062909274551
2022-03-18,Pithoragarh,0.7690197459406958
2022-03-18,Rudra Prayag,1.2666631788028233
2022-03-18,Tehri Garhwal,0.1473651321717047
2022-03-18,Udham Singh Nagar,0.0
2022-03-18,Uttarkashi,1.0547276110173678
2022-03-19,Almora,0.0
2022-03-19,Bageshwar,0.0956966884245904
2022-03-19,Chamoli,0.5725069209628074
2022-03-19,Champawat,0.0
2022-03-19,Dehra Dun,0.265769958532646
2022-03-19,Haridwar,0.0
2022-03-19,Naini Tal,0.0043390833221164
2022-03-19,Pauri Garhwal,0.0
2022-03-19,Pithoragarh,0.1907015825417971
2022-03-19,Rudra Prayag,2.072181290302857
2022-03-19,Tehri Garhwal,1.170117678582843
2022-03-19,Udham Singh Nagar,0.0744331928728214
2022-03-19,Uttarkashi,0.5548197679933387
2022-03-20,Almora,0.0
2022-03-20,Bageshwar,1.0780661441360069
2022-03-20,Chamoli,1.7914928670508663
2022-03-20,Champawat,0.0
2022-03-20,Dehra Dun,0.1714642912780972
2022-03-20,Haridwar,0.0
2022-03-20,Naini Tal,0.0
2022-03-20,Pauri Garhwal,0.0674381291972825
2022-03-20,Pithoragarh,0.2946953986438269
2022-03-20,Rudra Prayag,2.5912590179669577
2022-03-20,Tehri Garhwal,1.5473765396271428
2022-03-20,Udham Singh Nagar,0.0
2022-03-20,Uttarkashi,1.499422645666446
2022-03-21,Almora,0.6874335498822782
2022-03-21,Bageshwar,0.2438676402503488
2022-03-21,Chamoli,1.6442956628979348
2022-03-21,Champawat,0.0
2022-03-21,Dehra Dun,0.0
2022-03-21,Haridwar,0.0
2022-03-21,Naini Tal,0.0012563649484846
2022-03-21,Pauri Garhwal,0.0976559226825849
2022-03-21,Pithoragarh,0.3859277630395951
2022-03-21,Rudra Prayag,0.6753143154596185
2022-03-21,Tehri Garhwal,0.0815764375478725
2022-03-21,Udham Singh Nagar,0.0
2022-03-21,Uttarkashi,0.1059587506772592
2022-03-22,Almora,0.0599959311812889
2022-03-22,Bageshwar,0.7193088164107929
2022-03-22,Chamoli,1.4087842452583716
2022-03-22,Champawat,0.0
2022-03-22,Dehra Dun,0.0
2022-03-22,Haridwar,0.0
2022-03-22,Naini Tal,0.0
2022-03-22,Pauri Garhwal,0.1328752567547456
2022-03-22,Pithoragarh,1.2547288983982106
2022-03-22,Rudra Prayag,1.0523695750435451
2022-03-22,Tehri Garhwal,0.4683696987139175
2022-03-22,Udham Singh Nagar,0.0
2022-03-22,Uttarkashi,0.1760631198483122
2022-03-23,Almora,0.7862479448371006
2022-03-23,Bageshwar,6.20966989639359
2022-03-23,Chamoli,2.572972411839898
2022-03-23,Champawat,0.0
2022-03-23,Dehra Dun,0.0652439352069085
2022-03-23,Haridwar,0.0
2022-03-23,Naini Tal,0.0128431878562009
2022-03-23,Pauri Garhwal,0.1978355510195939
2022-03-23,Pithoragarh,4.3581551440041455
2022-03-23,Rudra Prayag,1.7698808000810655
2022-03-23,Tehri Garhwal,0.3147826836165893
2022-03-23,Udham Singh Nagar,0.0
2022-03-23,Uttarkashi,0.740447861317302
2022-03-24,Almora,0.034345850588374
2022-03-24,Bageshwar,0.7369025540276197
2022-03-24,Chamoli,0.8174842399858173
2022-03-24,Champawat,0.4913252926677985
2022-03-24,Dehra Dun,0.3719460236734355
2022-03-24,Haridwar,0.0
2022-03-24,Naini Tal,0.2240304426971142
2022-03-24,Pauri Garhwal,0.0046511447874503
2022-03-24,Pithoragarh,0.8571053190645224
2022-03-24,Rudra Prayag,0.7170794313644833
2022-03-24,Tehri Garhwal,0.384347592334551
2022-03-24,Udham Singh Nagar,0.0
2022-03-24,Uttarkashi,1.7802532038574403
2022-03-25,Almora,0.6831121035950527
2022-03-25,Bageshwar,1.2105670664108508
2022-03-25,Chamoli,3.102158973523705
2022-03-25,Champawat,0.0123832823977951
2022-03-25,Dehra Dun,0.0
2022-03-25,Haridwar,0.0
2022-03-25,Naini Tal,0.0
2022-03-25,Pauri Garhwal,0.1254456089620701
2022-03-25,Pithoragarh,1.8475675790075965
2022-03-25,Rudra Prayag,9.027751098115424
2022-03-25,Tehri Garhwal,0.9190897626493068
2022-03-25,Udham Singh Nagar,0.0
2022-03-25,Uttarkashi,0.7843135888624924
2022-03-26,Almora,0.0126409974174448
2022-03-26,Bageshwar,2.7272692427182954
2022-03-26,Chamoli,2.02944077440289
2022-03-26,Champawat,0.0
2022-03-26,Dehra Dun,0.0
2022-03-26,Haridwar,0.0
2022-03-26,Naini Tal,0.0
2022-03-26,Pauri Garhwal,0.027792382677258
2022-03-26,Pithoragarh,2.899751294244758
2022-03-26,Rudra Prayag,10.813825323868263
2022-03-26,Tehri Garhwal,1.837951250851696
2022-03-26,Udham Singh Nagar,0.0226130651019925
2022-03-26,Uttarkashi,1.7756412189377009
2022-03-27,Almora,2.5877250013044684
2022-03-27,Bageshwar,4.434146039067384
2022-03-27,Chamoli,2.874256679820581
2022-03-27,Champawat,0.0
2022-03-27,Dehra Dun,0.0
2022-03-27,Haridwar,0.0
2022-03-27,Naini Tal,0.005417229420527
2022-03-27,Pauri Garhwal,0.7644842127743724
2022-03-27,Pithoragarh,4.408216947888632
2022-03-27,Rudra Prayag,2.066860060409895
2022-03-27,Tehri Garhwal,0.7618242270750638
2022-03-27,Udham Singh Nagar,0.0
2022-03-27,Uttarkashi,0.5606368569612721
2022-03-28,Almora,0.7786632126425503
2022-03-28,Bageshwar,1.891879547766739
2022-03-28,Chamoli,3.492184598362005
2022-03-28,Champawat,0.0
2022-03-28,Dehra Dun,0.0
2022-03-28,Haridwar,0.0
2022-03-28,Naini Tal,0.0
2022-03-28,Pauri Garhwal,0.1014971839642135
2022-03-28,Pithoragarh,5.25031001457046
2022-03-28,Rudra Prayag,0.613236606193124
2022-03-28,Tehri Garhwal,0.3804913190206967
2022-03-28,Udham Singh Nagar,0.0
2022-03-28,Uttarkashi,0.7590825996719944
2022-03-29,Almora,0.0
2022-03-29,Bageshwar,0.4691663500008872
2022-03-29,Chamoli,0.6890878628405405
2022-03-29,Champawat,0.0
2022-03-29,Dehra Dun,0.0
2022-03-29,Haridwar,0.0
2022-03-29,Naini Tal,0.0
2022-03-29,Pauri Garhwal,0.0
2022-03-29,Pithoragarh,0.7392374781073632
2022-03-29,Rudra Prayag,0.1903644155505047
2022-03-29,Tehri Garhwal,0.1068671335440641
2022-03-29,Udham Singh Nagar,0.0
2022-03-29,Uttarkashi,0.1076681464634373
2022-03-30,Almora,0.0
2022-03-30,Bageshwar,0.5314990659785348
2022-03-30,Chamoli,0.3630372856928686
2022-03-30,Champawat,0.0
2022-03-30,Dehra Dun,0.0
2022-03-30,Haridwar,0.0
2022-03-30,Naini Tal,0.0
2022-03-30,Pauri Garhwal,0.0610419377430707
2022-03-30,Pithoragarh,0.467468509266614
2022-03-30,Rudra Prayag,0.8699377970014006
2022-03-30,Tehri Garhwal,0.1401143679611905
2022-03-30,Udham Singh Nagar,0.0
2022-03-30,Uttarkashi,0.2491559504508497
2022-03-31,Almora,0.084373642720783
2022-03-31,Bageshwar,1.0568446370978457
2022-03-31,Chamoli,1.2504497596537578
2022-03-31,Champawat,0.0
2022-03-31,Dehra Dun,0.0
2022-03-31,Haridwar,0.0
2022-03-31,Naini Tal,0.0001174269957737
2022-03-31,Pauri Garhwal,0.0003966540656079
2022-03-31,Pithoragarh,1.219055295976914
2022-03-31,Rudra Prayag,0.7620949661922166
2022-03-31,Tehri Garhwal,0.0203397819172133
2022-03-31,Udham Singh Nagar,0.0211269579532669
2022-03-31,Uttarkashi,0.1975650308200806
2022-04-01,Almora,0.0495883260984492
2022-04-01,Bageshwar,1.178360270004658
2022-04-01,Chamoli,0.3781781222227226
2022-04-01,Champawat,0.0047557733816947
2022-04-01,Dehra Dun,0.0064078089923412
2022-04-01,Haridwar,0.0021423666976093
2022-04-01,Naini Tal,0.0007943988673633
2022-04-01,Pauri Garhwal,0.0524128439578207
2022-04-01,Pithoragarh,0.823275802864023
2022-04-01,Rudra Prayag,0.2755291827557051
2022-04-01,Tehri Garhwal,0.1109648286749325
2022-04-01,Udham Singh Nagar,0.0021516405932057
2022-04-01,Uttarkashi,0.171410233378882
2022-04-02,Almora,0.2015326697078337
2022-04-02,Bageshwar,0.929917265277404
2022-04-02,Chamoli,0.3958555571753788
2022-04-02,Champawat,0.0
2022-04-02,Dehra Dun,0.0
2022-04-02,Haridwar,0.0
2022-04-02,Naini Tal,0.0064906991749559
2022-04-02,Pauri Garhwal,0.0185136069537843
2022-04-02,Pithoragarh,0.1260947850359638
2022-04-02,Rudra Prayag,0.1718290103679854
2022-04-02,Tehri Garhwal,0.099209872006875
2022-04-02,Udham Singh Nagar,0.0
2022-04-02,Uttarkashi,0.0854174740450679
2022-04-03,Almora,0.0
2022-04-03,Bageshwar,0.0133308821203707
2022-04-03,Chamoli,0.0503038615471827
2022-04-03,Champawat,0.0
2022-04-03,Dehra Dun,0.0
2022-04-03,Haridwar,0.0
2022-04-03,Naini Tal,0.0
2022-04-03,Pauri Garhwal,0.0
2022-04-03,Pithoragarh,0.0487035083328446
2022-04-03,Rudra Prayag,0.0160034536569023
2022-04-03,Tehri Garhwal,0.0329160307461429
2022-04-03,Udham Singh Nagar,0.0
2022-04-03,Uttarkashi,0.003386510327194
2022-04-04,Almora,0.0
2022-04-04,Bageshwar,0.0407895210036419
2022-04-04,Chamoli,0.0609203910508973
2022-04-04,Champawat,0.0
2022-04-04,Dehra Dun,0.0
2022-04-04,Haridwar,0.0
2022-04-04,Naini Tal,0.0
2022-04-04,Pauri Garhwal,0.0
2022-04-04,Pithoragarh,0.0326209622843003
2022-04-04,Rudra Prayag,0.0494179605546572
2022-04-04,Tehri Garhwal,0.0108101408723763
2022-04-04,Udham Singh Nagar,0.0445832094403896
2022-04-04,Uttarkashi,0.0701883638373741
2022-04-05,Almora,0.0
2022-04-05,Bageshwar,0.0270579039173967
2022-04-05,Chamoli,0.0108969156742541
2022-04-05,Champawat,0.0
2022-04-05,Dehra Dun,0.0
2022-04-05,Haridwar,0.0
2022-04-05,Naini Tal,0.0
2022-04-05,Pauri Garhwal,0.0
2022-04-05,Pithoragarh,0.0435169630073609
2022-04-05,Rudra Prayag,0.0640898078918096
2022-04-05,Tehri Garhwal,0.0012781166101745
2022-04-05,Udham Singh Nagar,0.0
2022-04-05,Uttarkashi,0.054188552019256
2022-04-06,Almora,0.0
2022-04-06,Bageshwar,0.0403069846695015
2022-04-06,Chamoli,0.0488405705848713
2022-04-06,Champawat,0.0
2022-04-06,Dehra Dun,0.0
2022-04-06,Haridwar,0.0
2022-04-06,Naini Tal,0.0
2022-04-06,Pauri Garhwal,0.0
2022-04-06,Pithoragarh,0.0474781383313668
2022-04-06,Rudra Prayag,0.3523091436934775
2022-04-06,Tehri Garhwal,0.0054246090802396
2022-04-06,Udham Singh Nagar,0.0046297663719809
2022-04-06,Uttarkashi,0.0486651401260889
2022-04-07,Almora,0.0008405639647067
2022-04-07,Bageshwar,0.0194954038830474
2022-04-07,Chamoli,0.2779828673592365
2022-04-07,Champawat,0.0
2022-04-07,Dehra Dun,0.0
2022-04-07,Haridwar,0.0
2022-04-07,Naini Tal,0.0073953027850818
2022-04-07,Pauri Garhwal,0.0240120262478534
2022-04-07,Pithoragarh,0.1347099770426444
2022-04-07,Rudra Prayag,0.16976856110595
2022-04-07,Tehri Garhwal,0.0318923932796658
2022-04-07,Udham Singh Nagar,0.0
2022-04-07,Uttarkashi,0.0293380547890967
2022-04-08,Almora,0.0
2022-04-08,Bageshwar,0.1983033043263918
2022-04-08,Chamoli,0.3480522269314002
2022-04-08,Champawat,0.0
2022-04-08,Dehra Dun,0.0
2022-04-08,Haridwar,0.0
2022-04-08,Naini Tal,0.0
2022-04-08,Pauri Garhwal,1.9273763402886343e-05
2022-04-08,Pithoragarh,0.3393532033791224
2022-04-08,Rudra Prayag,0.6211191527436074
2022-04-08,Tehri Garhwal,0.1717203533550489
2022-04-08,Udham Singh Nagar,0.0
2022-04-08,Uttarkashi,0.0603256424934971
2022-04-09,Almora,0.0
2022-04-09,Bageshwar,0.141210473358275
2022-04-09,Chamoli,0.7046782446160744
2022-04-09,Champawat,0.0
2022-04-09,Dehra Dun,0.0
2022-04-09,Haridwar,0.0
2022-04-09,Naini Tal,0.0
2022-04-09,Pauri Garhwal,0.0126802094700608
2022-04-09,Pithoragarh,0.5842240727435998
2022-04-09,Rudra Prayag,0.2206010290619391
2022-04-09,Tehri Garhwal,0.0728759989522332
2022-04-09,Udham Singh Nagar,0.0
2022-04-09,Uttarkashi,0.1125640910108776
2022-04-10,Almora,0.0084110629268055
2022-04-10,Bageshwar,0.0934880493114606
2022-04-10,Chamoli,0.2788925879004229
2022-04-10,Champawat,0.0
2022-04-10,Dehra Dun,0.0
2022-04-10,Haridwar,0.0
2022-04-10,Naini Tal,0.0029507428849957
2022-04-10,Pauri Garhwal,1.9659239403307822e-05
2022-04-10,Pithoragarh,0.0517646015118544
2022-04-10,Rudra Prayag,0.4660224385659285
2022-04-10,Tehri Garhwal,0.0596201849873758
2022-04-10,Udham Singh Nagar,0.0
2022-04-10,Uttarkashi,0.0858929332250916
2022-04-11,Almora,0.0
2022-04-11,Bageshwar,0.3282343666675254
2022-04-11,Chamoli,0.40676047230267
2022-04-11,Champawat,0.0
2022-04-11,Dehra Dun,0.0416625774500784
2022-04-11,Haridwar,0.0389892578572375
2022-04-11,Naini Tal,0.0
2022-04-11,Pauri Garhwal,3.083802259342404e-06
2022-04-11,Pithoragarh,0.3109315532579748
2022-04-11,Rudra Prayag,0.3409257234461824
2022-04-11,Tehri Garhwal,0.1251429636277268
2022-04-11,Udham Singh Nagar,0.0
2022-04-11,Uttarkashi,0.1664194772898004
2022-04-12,Almora,0.3059605415795581
2022-04-12,Bageshwar,0.4472086267999496
2022-04-12,Chamoli,0.2831877536186993
2022-04-12,Champawat,0.1259726383576046
2022-04-12,Dehra Dun,0.1397410694035833
2022-04-12,Haridwar,0.086044195486778
2022-04-12,Naini Tal,0.0511903757795422
2022-04-12,Pauri Garhwal,0.28636650411472
2022-04-12,Pithoragarh,0.4747536901151245
2022-04-12,Rudra Prayag,0.2512262433674025
2022-04-12,Tehri Garhwal,0.1152582887099084
2022-04-12,Udham Singh Nagar,0.0275554236497024
2022-04-12,Uttarkashi,0.4537387831362043
2022-04-13,Almora,0.2265848638191859
2022-04-13,Bageshwar,0.1871773843956522
2022-04-13,Chamoli,0.4592775487083682
2022-04-13,Champawat,0.7932906369655299
2022-04-13,Dehra Dun,2.4244085150975434
2022-04-13,Haridwar,0.0781237880242941
2022-04-13,Naini Tal,0.4340304346181429
2022-04-13,Pauri Garhwal,0.4237275347475482
2022-04-13,Pithoragarh,0.7030730256051241
2022-04-13,Rudra Prayag,1.485656268737361
2022-04-13,Tehri Garhwal,3.575342087882788
2022-04-13,Udham Singh Nagar,0.768468052974153
2022-04-13,Uttarkashi,3.9289142167896687
2022-04-14,Almora,1.5378849966881578
2022-04-14,Bageshwar,6.179629449432491
2022-04-14,Chamoli,2.126885817007361
2022-04-14,Champawat,2.6779065725950417
2022-04-14,Dehra Dun,2.3611828292552235
2022-04-14,Haridwar,1.7711656559060265
2022-04-14,Naini Tal,0.2423526911200669
2022-04-14,Pauri Garhwal,1.1911571728963544
2022-04-14,Pithoragarh,2.6764197232225246
2022-04-14,Rudra Prayag,2.163428261198283
2022-04-14,Tehri Garhwal,2.633235732834464
2022-04-14,Udham Singh Nagar,0.3293570697493687
2022-04-14,Uttarkashi,2.739947893263898
2022-04-15,Almora,0.7996603660040519
2022-04-15,Bageshwar,0.5456231466061368
2022-04-15,Chamoli,0.317026188265341
2022-04-15,Champawat,0.4246385426795386
2022-04-15,Dehra Dun,0.6426008283965287
2022-04-15,Haridwar,0.0
2022-04-15,Naini Tal,0.0344694991202435
2022-04-15,Pauri Garhwal,0.4039919700859976
2022-04-15,Pithoragarh,0.5683406055215959
2022-04-15,Rudra Prayag,0.2289015492543397
2022-04-15,Tehri Garhwal,1.4203626205890825
2022-04-15,Udham Singh Nagar,0.0004396984970872
2022-04-15,Uttarkashi,0.88173413350125
2022-04-16,Almora,0.0
2022-04-16,Bageshwar,0.2094788547177279
2022-04-16,Chamoli,0.2498479287011171
2022-04-16,Champawat,0.0
2022-04-16,Dehra Dun,0.7221708744486378
2022-04-16,Haridwar,0.0
2022-04-16,Naini Tal,9.352592343936204e-06
2022-04-16,Pauri Garhwal,0.0
2022-04-16,Pithoragarh,0.191013170151322
2022-04-16,Rudra Prayag,0.7764455733328592
2022-04-16,Tehri Garhwal,0.3531523915242938
2022-04-16,Udham Singh Nagar,0.0058284064691801
2022-04-16,Uttarkashi,2.489876450102612
2022-04-17,Almora,0.0
2022-04-17,Bageshwar,0.0624761017958756
2022-04-17,Chamoli,0.0892450089186566
2022-04-17,Champawat,2.259036094084921e-05
2022-04-17,Dehra Dun,0.0
2022-04-17,Haridwar,0.0
2022-04-17,Naini Tal,0.0
2022-04-17,Pauri Garhwal,0.0063611132065274
2022-04-17,Pithoragarh,0.0826871269691457
2022-04-17,Rudra Prayag,0.4056597465787579
2022-04-17,Tehri Garhwal,0.0342885045084557
2022-04-17,Udham Singh Nagar,0.0
2022-04-17,Uttarkashi,0.0922136873884025
2022-04-18,Almora,0.0
2022-04-18,Bageshwar,0.2811580841564778
2022-04-18,Chamoli,0.2722204068447851
2022-04-18,Champawat,0.0
2022-04-18,Dehra Dun,0.0
2022-04-18,Haridwar,0.0
2022-04-18,Naini Tal,0.0
2022-04-18,Pauri Garhwal,0.0079330813825226
2022-04-18,Pithoragarh,0.1219587232395259
2022-04-18,Rudra Prayag,0.2841416143012813
2022-04-18,Tehri Garhwal,0.239988080490671
2022-04-18,Udham Singh Nagar,0.0
2022-04-18,Uttarkashi,1.678097810453724
2022-04-19,Almora,0.0234571576922517
2022-04-19,Bageshwar,0.3472674541271237
2022-04-19,Chamoli,2.6102083010391115
2022-04-19,Champawat,0.0
2022-04-19,Dehra Dun,0.0275388386445239
2022-04-19,Haridwar,0.0
2022-04-19,Naini Tal,0.0
2022-04-19,Pauri Garhwal,0.0612423858061006
2022-04-19,Pithoragarh,0.1607321857880738
2022-04-19,Rudra Prayag,4.020587147150143
2022-04-19,Tehri Garhwal,0.5617236808331892
2022-04-19,Udham Singh Nagar,0.0
2022-04-19,Uttarkashi,0.6758452783123481
2022-04-20,Almora,0.0282802321908211
2022-04-20,Bageshwar,0.0417987124259953
2022-04-20,Chamoli,0.1274567777959294
2022-04-20,Champawat,0.0809349876381531
2022-04-20,Dehra Dun,0.0193547285569318
2022-04-20,Haridwar,4.578270654397901e-05
2022-04-20,Naini Tal,0.1145250934777059
2022-04-20,Pauri Garhwal,0.0428563710039325
2022-04-20,Pithoragarh,0.0610085094239121
2022-04-20,Rudra Prayag,0.1648687349860789
2022-04-20,Tehri Garhwal,0.0650633799631696
2022-04-20,Udham Singh Nagar,0.0377771198931787
2022-04-20,Uttarkashi,0.2460436851543619
2022-04-21,Almora,0.7174837145380626
2022-04-21,Bageshwar,1.4592757084247698
2022-04-21,Chamoli,3.79591096547457
2022-04-21,Champawat,0.2734751435871943
2022-04-21,Dehra Dun,0.7123432662175564
2022-04-21,Haridwar,0.7789161635269557
2022-04-21,Naini Tal,0.4097012257627168
2022-04-21,Pauri Garhwal,1.8128382152652365
2022-04-21,Pithoragarh,2.8257647703548434
2022-04-21,Rudra Prayag,0.7272538684855419
2022-04-21,Tehri Garhwal,1.0203559638035289
2022-04-21,Udham Singh Nagar,0.1786712931156348
2022-04-21,Uttarkashi,4.106508083943465
2022-04-22,Almora,0.0467929760469659
2022-04-22,Bageshwar,1.630921837781994
2022-04-22,Chamoli,2.6591987963336035
2022-04-22,Champawat,0.0003689758953672
2022-04-22,Dehra Dun,0.7478597553605028
2022-04-22,Haridwar,0.0
2022-04-22,Naini Tal,0.0005299802437915
2022-04-22,Pauri Garhwal,0.4025209973961926
2022-04-22,Pithoragarh,1.0295312838192705
2022-04-22,Rudra Prayag,2.014699424448421
2022-04-22,Tehri Garhwal,1.1052839996038788
2022-04-22,Udham Singh Nagar,0.0
2022-04-22,Uttarkashi,3.08168331097082
2022-04-23,Almora,0.0
2022-04-23,Bageshwar,0.0453134178519522
2022-04-23,Chamoli,0.0959291935559664
2022-04-23,Champawat,0.0
2022-04-23,Dehra Dun,0.0
2022-04-23,Haridwar,0.0
2022-04-23,Naini Tal,0.0007856177731498
2022-04-23,Pauri Garhwal,0.0
2022-04-23,Pithoragarh,0.0789305677081943
2022-04-23,Rudra Prayag,0.3498480042191753
2022-04-23,Tehri Garhwal,0.0111403922990477
2022-04-23,Udham Singh Nagar,0.0078598874979802
2022-04-23,Uttarkashi,0.0325239758115054
2022-04-24,Almora,0.0
2022-04-24,Bageshwar,0.1466599230277899
2022-04-24,Chamoli,0.150090435250684
2022-04-24,Champawat,0.0
2022-04-24,Dehra Dun,0.0
2022-04-24,Haridwar,0.0
2022-04-24,Naini Tal,0.0
2022-04-24,Pauri Garhwal,8.788836439125852e-05
2022-04-24,Pithoragarh,0.0733575234573472
2022-04-24,Rudra Prayag,0.1424697720736831
2022-04-24,Tehri Garhwal,0.02110369749102
2022-04-24,Udham Singh Nagar,0.0009422109991162
2022-04-24,Uttarkashi,0.0708487421056547
2022-04-25,Almora,0.1013496452477839
2022-04-25,Bageshwar,0.1040413566437029
2022-04-25,Chamoli,2.412498613104616
2022-04-25,Champawat,0.0031325299438672
2022-04-25,Dehra Dun,0.5896558884054556
2022-04-25,Haridwar,0.2551804839164874
2022-04-25,Naini Tal,0.0
2022-04-25,Pauri Garhwal,0.8376666940496673
2022-04-25,Pithoragarh,0.6580438818657695
2022-04-25,Rudra Prayag,1.0895422870425155
2022-04-25,Tehri Garhwal,0.9301791627009216
2022-04-25,Udham Singh Nagar,0.0075687257156762
2022-04-25,Uttarkashi,0.8173967074304641
2022-04-26,Almora,0.0
2022-04-26,Bageshwar,0.2277950301422285
2022-04-26,Chamoli,0.09073044278115
2022-04-26,Champawat,0.0001694277112641
2022-04-26,Dehra Dun,0.0
2022-04-26,Haridwar,0.0
2022-04-26,Naini Tal,0.0
2022-04-26,Pauri Garhwal,0.0
2022-04-26,Pithoragarh,0.234908177712045
2022-04-26,Rudra Prayag,0.4050794338591924
2022-04-26,Tehri Garhwal,0.0692856433010279
2022-04-26,Udham Singh Nagar,0.0
2022-04-26,Uttarkashi,0.0504676225174087
2022-04-27,Almora,0.0
2022-04-27,Bageshwar,0.0456360273761674
2022-04-27,Chamoli,0.2809972179900145
2022-04-27,Champawat,0.0
2022-04-27,Dehra Dun,0.0
2022-04-27,Haridwar,0.0
2022-04-27,Naini Tal,0.0
2022-04-27,Pauri Garhwal,0.0
2022-04-27,Pithoragarh,0.2508374073442105
2022-04-27,Rudra Prayag,0.2287633793798495
2022-04-27,Tehri Garhwal,0.0771673640006002
2022-04-27,Udham Singh Nagar,0.0
2022-04-27,Uttarkashi,0.1466275897132284
2022-04-28,Almora,0.0
2022-04-28,Bageshwar,2.6021442271923125
2022-04-28,Chamoli,4.126438118807003
2022-04-28,Champawat,0.0091516062230185
2022-04-28,Dehra Dun,6.268737783351429e-05
2022-04-28,Haridwar,0.0
2022-04-28,Naini Tal,0.0
2022-04-28,Pauri Garhwal,0.0322685213344535
2022-04-28,Pithoragarh,4.350242691798187
2022-04-28,Rudra Prayag,1.278424837095711
2022-04-28,Tehri Garhwal,0.200221592325627
2022-04-28,Udham Singh Nagar,0.0
2022-04-28,Uttarkashi,0.2974600315392078
2022-04-29,Almora,2.481841044204633
2022-04-29,Bageshwar,9.641269077631298
2022-04-29,Chamoli,4.499231036921016
2022-04-29,Champawat,2.49886790813362
2022-04-29,Dehra Dun,0.1513430050776803
2022-04-29,Haridwar,0.0
2022-04-29,Naini Tal,0.0355845362764456
2022-04-29,Pauri Garhwal,1.8201888412580085
2022-04-29,Pithoragarh,6.094775124410388
2022-04-29,Rudra Prayag,9.162384946133123
2022-04-29,Tehri Garhwal,2.9559687633825247
2022-04-29,Udham Singh Nagar,0.0
2022-04-29,Uttarkashi,0.4505748013691811
2022-04-30,Almora,0.0017651842953536
2022-04-30,Bageshwar,3.14986113858416
2022-04-30,Chamoli,2.114354335549459
2022-04-30,Champawat,0.0145569774775717
2022-04-30,Dehra Dun,0.5694167215260836
2022-04-30,Haridwar,0.0852817373312872
2022-04-30,Naini Tal,0.0185893167534775
2022-04-30,Pauri Garhwal,0.0459563630013347
2022-04-30,Pithoragarh,3.0507953614433565
2022-04-30,Rudra Prayag,12.639655998702418
2022-04-30,Tehri Garhwal,4.223130863122703
2022-04-30,Udham Singh Nagar,0.0
2022-04-30,Uttarkashi,6.1383161638847445
2022-05-01,Almora,1.8391461876047257
2022-05-01,Bageshwar,8.383217209867746
2022-05-01,Chamoli,1.9688250360647777
2022-05-01,Champawat,0.3904787832513418
2022-05-01,Dehra Dun,2.500232975624993
2022-05-01,Haridwar,0.0553042800874987
2022-05-01,Naini Tal,0.1548656854844532
2022-05-01,Pauri Garhwal,1.7843114265159812
2022-05-01,Pithoragarh,6.572632829624158
2022-05-01,Rudra Prayag,1.7477039360475044
2022-05-01,Tehri Garhwal,1.8461115194313809
2022-05-01,Udham Singh Nagar,0.0595964395583993
2022-05-01,Uttarkashi,3.563640672952173
2022-05-02,Almora,0.1843173763220533
2022-05-02,Bageshwar,1.778840036245289
2022-05-02,Chamoli,0.986360016855496
2022-05-02,Champawat,0.249501751376041
2022-05-02,Dehra Dun,0.0108067589055804
2022-05-02,Haridwar,0.0004182074184221
2022-05-02,Naini Tal,0.0833726469281208
2022-05-02,Pauri Garhwal,0.0383582597538982
2022-05-02,Pithoragarh,2.2555091602889443
2022-05-02,Rudra Prayag,1.4323402060864938
2022-05-02,Tehri Garhwal,0.3791955690285928
2022-05-02,Udham Singh Nagar,0.0089521133452389
2022-05-02,Uttarkashi,0.6100780259565526
2022-05-03,Almora,0.5032056588938392
2022-05-03,Bageshwar,9.804520904966497
2022-05-03,Chamoli,5.7148422028136645
2022-05-03,Champawat,0.7685780528915044
2022-05-03,Dehra Dun,0.2554912703771994
2022-05-03,Haridwar,0.0
2022-05-03,Naini Tal,0.0265930574170522
2022-05-03,Pauri Garhwal,0.1019350833472554
2022-05-03,Pithoragarh,5.4403609949086125
2022-05-03,Rudra Prayag,15.624236206792371
2022-05-03,Tehri Garhwal,3.402850676114642
2022-05-03,Udham Singh Nagar,0.0
2022-05-03,Uttarkashi,9.367870090834586
2022-05-04,Almora,0.5041695928305626
2022-05-04,Bageshwar,2.3108997655116537
2022-05-04,Chamoli,1.4128563875901343
2022-05-04,Champawat,2.059430173050517
2022-05-04,Dehra Dun,10.05024505341636
2022-05-04,Haridwar,6.500587107763246
2022-05-04,Naini Tal,4.103365801962986
2022-05-04,Pauri Garhwal,3.2109300717143507
2022-05-04,Pithoragarh,1.5116561373117086
2022-05-04,Rudra Prayag,0.8530828834677016
2022-05-04,Tehri Garhwal,3.810294899641149
2022-05-04,Udham Singh Nagar,10.756380895389029
2022-05-04,Uttarkashi,1.7186785745223414
2022-05-05,Almora,0.0230755144904454
2022-05-05,Bageshwar,1.333546846932629
2022-05-05,Chamoli,0.9758827537321062
2022-05-05,Champawat,0.0636885027507746
2022-05-05,Dehra Dun,0.0073998362510283
2022-05-05,Haridwar,0.0
2022-05-05,Naini Tal,0.0224134880051777
2022-05-05,Pauri Garhwal,0.0284978019510295
2022-05-05,Pithoragarh,1.923489227924304
2022-05-05,Rudra Prayag,0.6538687174612196
2022-05-05,Tehri Garhwal,0.5154145878276836
2022-05-05,Udham Singh Nagar,0.003329145613625
2022-05-05,Uttarkashi,1.681693052484911
2022-05-06,Almora,0.5120085298498879
2022-05-06,Bageshwar,2.447033938685748
2022-05-06,Chamoli,1.1267111025434204
2022-05-06,Champawat,2.862501184654283
2022-05-06,Dehra Dun,0.3236801492749099
2022-05-06,Haridwar,0.0
2022-05-06,Naini Tal,0.7645422276053324
2022-05-06,Pauri Garhwal,0.0598284618578786
2022-05-06,Pithoragarh,1.8007438056456184
2022-05-06,Rudra Prayag,2.562609609525284
2022-05-06,Tehri Garhwal,2.0163824349670034
2022-05-06,Udham Singh Nagar,0.0006621341679951
2022-05-06,Uttarkashi,2.943158895981134
2022-05-07,Almora,1.977297936793575
2022-05-07,Bageshwar,1.633237094552297
2022-05-07,Chamoli,1.279274590398209
2022-05-07,Champawat,0.0731689244869677
2022-05-07,Dehra Dun,0.8738320868989794
2022-05-07,Haridwar,0.0133342133714586
2022-05-07,Naini Tal,2.632446692104128
2022-05-07,Pauri Garhwal,2.8265379829196235
2022-05-07,Pithoragarh,1.4339765905973418
2022-05-07,Rudra Prayag,0.6444783875033491
2022-05-07,Tehri Garhwal,2.773595534884
2022-05-07,Udham Singh Nagar,0.6817935147481561
2022-05-07,Uttarkashi,1.387682843352883
2022-05-08,Almora,6.40264085941158
2022-05-08,Bageshwar,1.954380470972084
2022-05-08,Chamoli,1.7344992108682415
2022-05-08,Champawat,4.166456967679201
2022-05-08,Dehra Dun,0.0021422730510535
2022-05-08,Haridwar,0.0
2022-05-08,Naini Tal,1.3613825915430673
2022-05-08,Pauri Garhwal,0.0222315159246122
2022-05-08,Pithoragarh,1.4210568615311938
2022-05-08,Rudra Prayag,1.669625171309655
2022-05-08,Tehri Garhwal,1.4535779311201664
2022-05-08,Udham Singh Nagar,0.083995711830305
2022-05-08,Uttarkashi,1.8104594286661624
2022-05-09,Almora,2.1371033902328262
2022-05-09,Bageshwar,1.6348685320619123
2022-05-09,Chamoli,1.7030650001725265
2022-05-09,Champawat,1.2642482195225315
2022-05-09,Dehra Dun,0.2593887933964226
2022-05-09,Haridwar,0.0
2022-05-09,Naini Tal,0.9679637107155944
2022-05-09,Pauri Garhwal,3.346810516598388
2022-05-09,Pithoragarh,1.3593759125505118
2022-05-09,Rudra Prayag,1.387690809764457
2022-05-09,Tehri Garhwal,3.521716928348571
2022-05-09,Udham Singh Nagar,0.8347841980706039
2022-05-09,Uttarkashi,3.534305060817335
2022-05-10,Almora,4.125528628856839
2022-05-10,Bageshwar,1.3058565856014064
2022-05-10,Chamoli,1.4740139435341284
2022-05-10,Champawat,0.5210378910522407
2022-05-10,Dehra Dun,3.282442682232701
2022-05-10,Haridwar,2.3189038001081244
2022-05-10,Naini Tal,1.922257049499399
2022-05-10,Pauri Garhwal,1.1830247950245956
2022-05-10,Pithoragarh,1.4697883531089748
2022-05-10,Rudra Prayag,1.5258617997214532
2022-05-10,Tehri Garhwal,1.2864234329752868
2022-05-10,Udham Singh Nagar,0.9135619082391492
2022-05-10,Uttarkashi,1.294774622691257
2022-05-11,Almora,0.4071800320064789
2022-05-11,Bageshwar,2.2851396407346547
2022-05-11,Chamoli,1.5686292489284974
2022-05-11,Champawat,0.3410278502552504
2022-05-11,Dehra Dun,0.0004735622503235
2022-05-11,Haridwar,0.0
2022-05-11,Naini Tal,0.2026904245743097
2022-05-11,Pauri Garhwal,0.0773433021228597
2022-05-11,Pithoragarh,3.191656376589278
2022-05-11,Rudra Prayag,1.576544002209354
2022-05-11,Tehri Garhwal,0.863711377192151
2022-05-11,Udham Singh Nagar,0.0312969249563345
2022-05-11,Uttarkashi,2.382264718406814
2022-05-12,Almora,1.5685228893493952
2022-05-12,Bageshwar,3.3191938467178264
2022-05-12,Chamoli,2.8290878177689347
2022-05-12,Champawat,5.909730011917769
2022-05-12,Dehra Dun,0.7906820448206847
2022-05-12,Haridwar,0.7008196695445841
2022-05-12,Naini Tal,4.132353118905446
2022-05-12,Pauri Garhwal,1.9642532906983208
2022-05-12,Pithoragarh,2.7897154516767406
2022-05-12,Rudra Prayag,7.056105146614355
2022-05-12,Tehri Garhwal,4.229019626923843
2022-05-12,Udham Singh Nagar,5.106665582010126
2022-05-12,Uttarkashi,1.0541813197960022
2022-05-13,Almora,0.5901050597889885
2022-05-13,Bageshwar,1.3178924298191252
2022-05-13,Chamoli,3.6995271793381295
2022-05-13,Champawat,0.3403940655227495
2022-05-13,Dehra Dun,0.0
2022-05-13,Haridwar,0.0
2022-05-13,Naini Tal,0.0037820844801773
2022-05-13,Pauri Garhwal,0.3187880607031929
2022-05-13,Pithoragarh,3.54889521749782
2022-05-13,Rudra Prayag,3.586642391786674
2022-05-13,Tehri Garhwal,1.0244424082674344
2022-05-13,Udham Singh Nagar,0.0079345253161026
2022-05-13,Uttarkashi,1.536054934143865
2022-05-14,Almora,0.0152630144952434
2022-05-14,Bageshwar,1.9880183346066207
2022-05-14,Chamoli,1.8662252764759888
2022-05-14,Champawat,0.0553338331138587
2022-05-14,Dehra Dun,0.0004660670281788
2022-05-14,Haridwar,0.0
2022-05-14,Naini Tal,0.0
2022-05-14,Pauri Garhwal,0.0986126708146091
2022-05-14,Pithoragarh,3.1855607243826243
2022-05-14,Rudra Prayag,3.4868669332733737
2022-05-14,Tehri Garhwal,0.6371254137988986
2022-05-14,Udham Singh Nagar,0.0
2022-05-14,Uttarkashi,0.4110095171062983
2022-05-15,Almora,0.0027453904161371
2022-05-15,Bageshwar,1.4453363524808085
2022-05-15,Chamoli,1.782552784373987
2022-05-15,Champawat,0.0
2022-05-15,Dehra Dun,3.2706458794709995e-05
2022-05-15,Haridwar,0.0
2022-05-15,Naini Tal,0.0047781356420376
2022-05-15,Pauri Garhwal,0.0016070464830585
2022-05-15,Pithoragarh,2.323304713051864
2022-05-15,Rudra Prayag,1.3201329542005464
2022-05-15,Tehri Garhwal,0.0590988359193193
2022-05-15,Udham Singh Nagar,0.0
2022-05-15,Uttarkashi,0.3892634503704736
2022-05-16,Almora,11.940559686117764
2022-05-16,Bageshwar,13.823202860843292
2022-05-16,Chamoli,9.311683176082024
2022-05-16,Champawat,15.156988828914727
2022-05-16,Dehra Dun,6.522976822427808
2022-05-16,Haridwar,3.3498388140856417
2022-05-16,Naini Tal,16.623341065563405
2022-05-16,Pauri Garhwal,5.751488181619873
2022-05-16,Pithoragarh,7.268203451871771
2022-05-16,Rudra Prayag,9.718144826828752
2022-05-16,Tehri Garhwal,12.34284285714914
2022-05-16,Udham Singh Nagar,6.834485508233532
2022-05-16,Uttarkashi,9.3368611965262
2022-05-17,Almora,2.374271235661707
2022-05-17,Bageshwar,4.278915327250006
2022-05-17,Chamoli,2.268859191816408
2022-05-17,Champawat,5.236037767970753
2022-05-17,Dehra Dun,0.5078502204364358
2022-05-17,Haridwar,0.016241415244873
2022-05-17,Naini Tal,0.7404395478683614
2022-05-17,Pauri Garhwal,0.3654760531816901
2022-05-17,Pithoragarh,2.621252122641504
2022-05-17,Rudra Prayag,3.0195422349832235
2022-05-17,Tehri Garhwal,4.530571284745452
2022-05-17,Udham Singh Nagar,0.0
2022-05-17,Uttarkashi,5.512580248279527
2022-05-18,Almora,6.237810986285721
2022-05-18,Bageshwar,3.889731516627089
2022-05-18,Chamoli,4.4117883946762015
2022-05-18,Champawat,4.817231336309074
2022-05-18,Dehra Dun,0.7927595847241861
2022-05-18,Haridwar,2.1877944552337807
2022-05-18,Naini Tal,1.184343213518685
2022-05-18,Pauri Garhwal,6.329421619795421
2022-05-18,Pithoragarh,2.110590772581188
2022-05-18,Rudra Prayag,3.413383344854896
2022-05-18,Tehri Garhwal,0.9699461232253724
2022-05-18,Udham Singh Nagar,0.2226707038642773
2022-05-18,Uttarkashi,2.1463952960600245
2022-05-19,Almora,0.0018838122825455
2022-05-19,Bageshwar,0.284196684043512
2022-05-19,Chamoli,0.8668914521122484
2022-05-19,Champawat,0.010597389488739
2022-05-19,Dehra Dun,0.0181493592816847
2022-05-19,Haridwar,0.0
2022-05-19,Naini Tal,0.0337483104193339
2022-05-19,Pauri Garhwal,0.0
2022-05-19,Pithoragarh,0.9719861017371682
2022-05-19,Rudra Prayag,1.829248650514541
2022-05-19,Tehri Garhwal,0.2766155100213112
2022-05-19,Udham Singh Nagar,0.0004145728576704
2022-05-19,Uttarkashi,0.5687086906625961
2022-05-20,Almora,2.253903145881278
2022-05-20,Bageshwar,6.609466759685208
2022-05-20,Chamoli,2.751752420500442
2022-05-20,Champawat,4.498166289059894
2022-05-20,Dehra Dun,3.028882451913388
2022-05-20,Haridwar,2.7047551743496627
2022-05-20,Naini Tal,2.362701273554144
2022-05-20,Pauri Garhwal,4.221430010298786
2022-05-20,Pithoragarh,6.104699045390102
2022-05-20,Rudra Prayag,3.4531691789237824
2022-05-20,Tehri Garhwal,4.232267819691892
2022-05-20,Udham Singh Nagar,1.8663072323689789
2022-05-20,Uttarkashi,3.601714637679029
2022-05-21,Almora,8.323025821139197
2022-05-21,Bageshwar,2.0014264230453755
2022-05-21,Chamoli,1.43696693883307
2022-05-21,Champawat,3.001782054103065
2022-05-21,Dehra Dun,0.1230219369995339
2022-05-21,Haridwar,0.170616301358288
2022-05-21,Naini Tal,3.768723278467178
2022-05-21,Pauri Garhwal,1.3056687652331214
2022-05-21,Pithoragarh,3.5321615237013626
2022-05-21,Rudra Prayag,2.5397840475988454
2022-05-21,Tehri Garhwal,0.5405099013503577
2022-05-21,Udham Singh Nagar,2.164932698784702
2022-05-21,Uttarkashi,1.07079856870679
2022-05-22,Almora,9.648654875540982
2022-05-22,Bageshwar,11.135789276252892
2022-05-22,Chamoli,4.916558674558411
2022-05-22,Champawat,1.9720242929172205
2022-05-22,Dehra Dun,13.195435782616668
2022-05-22,Haridwar,12.038652665936718
2022-05-22,Naini Tal,1.964723529769134
2022-05-22,Pauri Garhwal,11.260736015649275
2022-05-22,Pithoragarh,5.382028268214101
2022-05-22,Rudra Prayag,4.306499030090392
2022-05-22,Tehri Garhwal,9.210459177669536
2022-05-22,Udham Singh Nagar,0.7014528305715482
2022-05-22,Uttarkashi,2.8797325882344382
2022-05-23,Almora,16.967849351866462
2022-05-23,Bageshwar,11.15678375992455
2022-05-23,Chamoli,10.028278751275137
2022-05-23,Champawat,6.4922928045652
2022-05-23,Dehra Dun,18.66602643036024
2022-05-23,Haridwar,25.22129017036349
2022-05-23,Naini Tal,16.06243181194851
2022-05-23,Pauri Garhwal,23.63271934961344
2022-05-23,Pithoragarh,3.318075876409582
2022-05-23,Rudra Prayag,4.600329752566553
2022-05-23,Tehri Garhwal,12.678469468081946
2022-05-23,Udham Singh Nagar,25.723003471164763
2022-05-23,Uttarkashi,3.564503774518542
2022-05-24,Almora,4.038745148089984
2022-05-24,Bageshwar,3.55875083072854
2022-05-24,Chamoli,5.912473440743833
2022-05-24,Champawat,0.4217971783093023
2022-05-24,Dehra Dun,9.81376510366171
2022-05-24,Haridwar,3.438918744694547
2022-05-24,Naini Tal,3.8995114947719234
2022-05-24,Pauri Garhwal,3.554681127765796
2022-05-24,Pithoragarh,2.067495282423639
2022-05-24,Rudra Prayag,10.461364161014387
2022-05-24,Tehri Garhwal,6.939457504275983
2022-05-24,Udham Singh Nagar,1.2367447237196476
2022-05-24,Uttarkashi,6.183601997108108
2022-05-25,Almora,0.9676952045226525
2022-05-25,Bageshwar,1.989056925470461
2022-05-25,Chamoli,1.281175137245498
2022-05-25,Champawat,1.140337579503532
2022-05-25,Dehra Dun,0.0018669936880083
2022-05-25,Haridwar,0.0
2022-05-25,Naini Tal,0.1534760443099438
2022-05-25,Pauri Garhwal,0.0336967073353662
2022-05-25,Pithoragarh,1.710705040627054
2022-05-25,Rudra Prayag,1.7108376076113632
2022-05-25,Tehri Garhwal,0.476153247035224
2022-05-25,Udham Singh Nagar,0.0
2022-05-25,Uttarkashi,2.0260354931148874
2022-05-26,Almora,0.005980205884276
2022-05-26,Bageshwar,0.8592463055476612
2022-05-26,Chamoli,1.0825373224164527
2022-05-26,Champawat,0.0001154618457438
2022-05-26,Dehra Dun,0.0155675930628981
2022-05-26,Haridwar,9.508716110759984e-05
2022-05-26,Naini Tal,0.0348867292923477
2022-05-26,Pauri Garhwal,0.0082699865603647
2022-05-26,Pithoragarh,1.1586711253120434
2022-05-26,Rudra Prayag,0.8577685434689717
2022-05-26,Tehri Garhwal,0.1038839080670278
2022-05-26,Udham Singh Nagar,0.0
2022-05-26,Uttarkashi,0.7410396008703772
2022-05-27,Almora,1.5393681834619024
2022-05-27,Bageshwar,1.8753749547031475
2022-05-27,Chamoli,2.40879437223087
2022-05-27,Champawat,0.2517218786269803
2022-05-27,Dehra Dun,0.0609382644520844
2022-05-27,Haridwar,0.0
2022-05-27,Naini Tal,0.0105055593411738
2022-05-27,Pauri Garhwal,0.6217878219642755
2022-05-27,Pithoragarh,1.7869047611296849
2022-05-27,Rudra Prayag,2.36997403961402
2022-05-27,Tehri Garhwal,1.7733639519702675
2022-05-27,Udham Singh Nagar,0.0
2022-05-27,Uttarkashi,3.475195162444288
2022-05-28,Almora,0.2103768923913822
2022-05-28,Bageshwar,2.782197536835413
2022-05-28,Chamoli,2.159442108075152
2022-05-28,Champawat,4.344028514593907
2022-05-28,Dehra Dun,2.815440114183565
2022-05-28,Haridwar,1.4851584395583637
2022-05-28,Naini Tal,0.0466813873126057
2022-05-28,Pauri Garhwal,0.3440174147724775
2022-05-28,Pithoragarh,1.859247357755392
2022-05-28,Rudra Prayag,6.5849134625780135
2022-05-28,Tehri Garhwal,3.8678173069383073
2022-05-28,Udham Singh Nagar,0.2578465802092056
2022-05-28,Uttarkashi,1.4393956907624066
2022-05-29,Almora,1.2923366053507428
2022-05-29,Bageshwar,0.6778731450161156
2022-05-29,Chamoli,0.6561802190704832
2022-05-29,Champawat,0.3308584248332912
2022-05-29,Dehra Dun,0.3031043801380539
2022-05-29,Haridwar,0.0085613662319601
2022-05-29,Naini Tal,0.5263898892752625
2022-05-29,Pauri Garhwal,0.1072060728548897
2022-05-29,Pithoragarh,0.9247099554569692
2022-05-29,Rudra Prayag,1.677431737311789
2022-05-29,Tehri Garhwal,0.4875810019813231
2022-05-29,Udham Singh Nagar,0.6147723809240303
2022-05-29,Uttarkashi,2.073011295749335
2022-05-30,Almora,0.0296664847416597
2022-05-30,Bageshwar,0.9026314085330608
2022-05-30,Chamoli,1.0276320322657533
2022-05-30,Champawat,0.0052936744612518
2022-05-30,Dehra Dun,0.0
2022-05-30,Haridwar,0.0
2022-05-30,Naini Tal,0.0111862201399262
2022-05-30,Pauri Garhwal,0.011313699423651
2022-05-30,Pithoragarh,1.396479215965147
2022-05-30,Rudra Prayag,1.0428358971364862
2022-05-30,Tehri Garhwal,0.2904593904425997
2022-05-30,Udham Singh Nagar,0.007375849631678
2022-05-30,Uttarkashi,1.3925809885247291
2022-05-31,Almora,0.3757768358364539
2022-05-31,Bageshwar,0.4277729660491733
2022-05-31,Chamoli,1.7623505672174982
2022-05-31,Champawat,2.4851254363288087
2022-05-31,Dehra Dun,0.0712012802772315
2022-05-31,Haridwar,0.0143361503035643
2022-05-31,Naini Tal,0.5754644943897317
2022-05-31,Pauri Garhwal,0.0990363094618508
2022-05-31,Pithoragarh,0.830436029513479
2022-05-31,Rudra Prayag,1.1955716452083596
2022-05-31,Tehri Garhwal,0.13604936723303
2022-05-31,Udham Singh Nagar,0.0191871115088269
2022-05-31,Uttarkashi,1.2587901664882504
2022-06-01,Almora,0.0859847521013428
2022-06-01,Bageshwar,0.4690441136924647
2022-06-01,Chamoli,0.6395793017294135
2022-06-01,Champawat,0.1633801496228629
2022-06-01,Dehra Dun,0.0652338545459773
2022-06-01,Haridwar,0.0622353434364578
2022-06-01,Naini Tal,0.0655254626687866
2022-06-01,Pauri Garhwal,0.0734863962066834
2022-06-01,Pithoragarh,1.1465556790680973
2022-06-01,Rudra Prayag,0.2645025883455453
2022-06-01,Tehri Garhwal,0.1214065976846385
2022-06-01,Udham Singh Nagar,0.0559610581675727
2022-06-01,Uttarkashi,0.2026518189509348
2022-06-02,Almora,0.0
2022-06-02,Bageshwar,0.3047325304065667
2022-06-02,Chamoli,0.4659926776111639
2022-06-02,Champawat,0.0
2022-06-02,Dehra Dun,0.0
2022-06-02,Haridwar,0.0
2022-06-02,Naini Tal,0.0
2022-06-02,Pauri Garhwal,0.0
2022-06-02,Pithoragarh,0.6213145472822279
2022-06-02,Rudra Prayag,0.1098739165381652
2022-06-02,Tehri Garhwal,0.0861951952162466
2022-06-02,Udham Singh Nagar,0.0
2022-06-02,Uttarkashi,0.2145938006580148
2022-06-03,Almora,0.0002447125782741
2022-06-03,Bageshwar,0.1619347397460575
2022-06-03,Chamoli,1.5449249995911143
2022-06-03,Champawat,0.0013014558369824
2022-06-03,Dehra Dun,0.0
2022-06-03,Haridwar,0.0
2022-06-03,Naini Tal,0.0045723786706688
2022-06-03,Pauri Garhwal,0.0
2022-06-03,Pithoragarh,1.3369228404507836
2022-06-03,Rudra Prayag,1.2462573077085723
2022-06-03,Tehri Garhwal,0.1229975187222165
2022-06-03,Udham Singh Nagar,0.0
2022-06-03,Uttarkashi,0.4565542421801604
2022-06-04,Almora,0.0
2022-06-04,Bageshwar,0.1608161718909875
2022-06-04,Chamoli,0.2549154242655105
2022-06-04,Champawat,0.0
2022-06-04,Dehra Dun,0.0
2022-06-04,Haridwar,0.0
2022-06-04,Naini Tal,0.0
2022-06-04,Pauri Garhwal,0.0
2022-06-04,Pithoragarh,0.3302124778871386
2022-06-04,Rudra Prayag,0.0541588945928735
2022-06-04,Tehri Garhwal,0.1294538661668214
2022-06-04,Udham Singh Nagar,0.0
2022-06-04,Uttarkashi,0.33619725832312
2022-06-05,Almora,0.0
2022-06-05,Bageshwar,0.2045579002704471
2022-06-05,Chamoli,0.2484686748173257
2022-06-05,Champawat,0.0
2022-06-05,Dehra Dun,0.0
2022-06-05,Haridwar,0.0
2022-06-05,Naini Tal,0.0
2022-06-05,Pauri Garhwal,0.0
2022-06-05,Pithoragarh,0.4064891454387467
2022-06-05,Rudra Prayag,0.4366338424732031
2022-06-05,Tehri Garhwal,0.0384750275835721
2022-06-05,Udham Singh Nagar,0.0
2022-06-05,Uttarkashi,0.1934291301324934
2022-06-06,Almora,0.0
2022-06-06,Bageshwar,0.6385183688864345
2022-06-06,Chamoli,0.2791793756925381
2022-06-06,Champawat,0.0
2022-06-06,Dehra Dun,0.0
2022-06-06,Haridwar,0.0
2022-06-06,Naini Tal,0.0
2022-06-06,Pauri Garhwal,0.0
2022-06-06,Pithoragarh,0.2923355992251268
2022-06-06,Rudra Prayag,0.1962987860635772
2022-06-06,Tehri Garhwal,0.0928412098607976
2022-06-06,Udham Singh Nagar,0.0
2022-06-06,Uttarkashi,0.2732630154876987
2022-06-07,Almora,0.0
2022-06-07,Bageshwar,0.8470817827766843
2022-06-07,Chamoli,0.1848356590635392
2022-06-07,Champawat,0.0
2022-06-07,Dehra Dun,0.0
2022-06-07,Haridwar,0.0
2022-06-07,Naini Tal,0.0
2022-06-07,Pauri Garhwal,0.0
2022-06-07,Pithoragarh,0.4677940880131834
2022-06-07,Rudra Prayag,0.3253955038087458
2022-06-07,Tehri Garhwal,0.2384345152467174
2022-06-07,Udham Singh Nagar,0.0
2022-06-07,Uttarkashi,0.4976537218759319
2022-06-08,Almora,0.082646418001236
2022-06-08,Bageshwar,0.694897040692569
2022-06-08,Chamoli,0.2470101849987456
2022-06-08,Champawat,0.8659588073952549
2022-06-08,Dehra Dun,0.0
2022-06-08,Haridwar,0.0
2022-06-08,Naini Tal,0.0362729909852538
2022-06-08,Pauri Garhwal,0.0
2022-06-08,Pithoragarh,0.3613687679022802
2022-06-08,Rudra Prayag,0.1162417937501209
2022-06-08,Tehri Garhwal,0.1892684862735563
2022-06-08,Udham Singh Nagar,0.0
2022-06-08,Uttarkashi,0.5520832922869142
2022-06-09,Almora,0.0067353577650032
2022-06-09,Bageshwar,2.036848285538829
2022-06-09,Chamoli,1.805149356216475
2022-06-09,Champawat,0.0
2022-06-09,Dehra Dun,0.0533810303977754
2022-06-09,Haridwar,0.0008804366441233
2022-06-09,Naini Tal,0.0606531221767984
2022-06-09,Pauri Garhwal,0.0019350859181681
2022-06-09,Pithoragarh,1.326496701012998
2022-06-09,Rudra Prayag,0.8766718299773122
2022-06-09,Tehri Garhwal,0.7134459393881503
2022-06-09,Udham Singh Nagar,0.0036853384573432
2022-06-09,Uttarkashi,2.103505248150573
2022-06-10,Almora,1.6505564867791318
2022-06-10,Bageshwar,0.4674714930720203
2022-06-10,Chamoli,2.060179760097315
2022-06-10,Champawat,0.0102798693652552
2022-06-10,Dehra Dun,0.7347260669290586
2022-06-10,Haridwar,0.0
2022-06-10,Naini Tal,0.0556125928656816
2022-06-10,Pauri Garhwal,0.9484580721466048
2022-06-10,Pithoragarh,0.6879342806601969
2022-06-10,Rudra Prayag,4.7408824285482645
2022-06-10,Tehri Garhwal,2.161057422902284
2022-06-10,Udham Singh Nagar,0.0
2022-06-10,Uttarkashi,1.5370553784626535
2022-06-11,Almora,4.494776880108359
2022-06-11,Bageshwar,3.581700283642139
2022-06-11,Chamoli,3.355456381947758
2022-06-11,Champawat,2.8977521794921084
2022-06-11,Dehra Dun,4.5797920815723305
2022-06-11,Haridwar,0.0
2022-06-11,Naini Tal,0.4412028365158289
2022-06-11,Pauri Garhwal,0.7213040455319513
2022-06-11,Pithoragarh,3.77405405329577
2022-06-11,Rudra Prayag,3.058564671851848
2022-06-11,Tehri Garhwal,1.0409111464782248
2022-06-11,Udham Singh Nagar,0.0094649717057558
2022-06-11,Uttarkashi,0.780214675815994
2022-06-12,Almora,0.020345715777605
2022-06-12,Bageshwar,0.9133483187252698
2022-06-12,Chamoli,2.759149175268468
2022-06-12,Champawat,0.0125338853258325
2022-06-12,Dehra Dun,0.3108217426011951
2022-06-12,Haridwar,0.0
2022-06-12,Naini Tal,0.0
2022-06-12,Pauri Garhwal,0.0
2022-06-12,Pithoragarh,3.943990234977055
2022-06-12,Rudra Prayag,6.960963589601566
2022-06-12,Tehri Garhwal,1.7372497702837617
2022-06-12,Udham Singh Nagar,0.0
2022-06-12,Uttarkashi,3.855780956957629
2022-06-13,Almora,0.0
2022-06-13,Bageshwar,1.2576663398425274
2022-06-13,Chamoli,1.329278856364176
2022-06-13,Champawat,0.0
2022-06-13,Dehra Dun,0.0003025347545121
2022-06-13,Haridwar,0.0111929914400933
2022-06-13,Naini Tal,0.0
2022-06-13,Pauri Garhwal,0.0
2022-06-13,Pithoragarh,0.941422972521292
2022-06-13,Rudra Prayag,0.683808275216962
2022-06-13,Tehri Garhwal,0.0803755215675226
2022-06-13,Udham Singh Nagar,0.0
2022-06-13,Uttarkashi,0.3276167411942356
2022-06-14,Almora,0.2114540360869997
2022-06-14,Bageshwar,2.3607646452329765
2022-06-14,Chamoli,2.199190806575607
2022-06-14,Champawat,1.7729116088180548
2022-06-14,Dehra Dun,0.0240521934658896
2022-06-14,Haridwar,0.0265504478661107
2022-06-14,Naini Tal,0.479879447012895
2022-06-14,Pauri Garhwal,0.0077665560394088
2022-06-14,Pithoragarh,5.107434589230112
2022-06-14,Rudra Prayag,3.923322885064005
2022-06-14,Tehri Garhwal,0.3720563198406047
2022-06-14,Udham Singh Nagar,0.6373085910391076
2022-06-14,Uttarkashi,0.7867567018856039
2022-06-15,Almora,4.720729300678797
2022-06-15,Bageshwar,10.984639478525358
2022-06-15,Chamoli,8.33087991299428
2022-06-15,Champawat,1.093921904273314
2022-06-15,Dehra Dun,5.869531051741221
2022-06-15,Haridwar,0.3747437837999232
2022-06-15,Naini Tal,0.5438849489749171
2022-06-15,Pauri Garhwal,7.488536556039893
2022-06-15,Pithoragarh,5.523034735254792
2022-06-15,Rudra Prayag,8.982072311298463
2022-06-15,Tehri Garhwal,14.731801972816015
2022-06-15,Udham Singh Nagar,0.2197871665126735
2022-06-15,Uttarkashi,12.942309592451366
2022-06-16,Almora,1.7826707841833005
2022-06-16,Bageshwar,1.387183787876069
2022-06-16,Chamoli,2.0780665957267144
2022-06-16,Champawat,12.563227636484338
2022-06-16,Dehra Dun,8.898260239309677
2022-06-16,Haridwar,5.126323166343024
2022-06-16,Naini Tal,1.5556754258266865
2022-06-16,Pauri Garhwal,0.7371628827417344
2022-06-16,Pithoragarh,3.0372862676721004
2022-06-16,Rudra Prayag,2.6722589955863016
2022-06-16,Tehri Garhwal,3.93467918947038
2022-06-16,Udham Singh Nagar,0.7236853253872397
2022-06-16,Uttarkashi,4.91229599504441
2022-06-17,Almora,1.595927973722315
2022-06-17,Bageshwar,2.2649319365730185
2022-06-17,Chamoli,1.6740929051331694
2022-06-17,Champawat,0.5771699176173671
2022-06-17,Dehra Dun,6.780153838914439
2022-06-17,Haridwar,4.120204168548478
2022-06-17,Naini Tal,1.9116335375749165
2022-06-17,Pauri Garhwal,2.214022766213059
2022-06-17,Pithoragarh,1.279700915966436
2022-06-17,Rudra Prayag,2.3811899378718824
2022-06-17,Tehri Garhwal,2.658874788267763
2022-06-17,Udham Singh Nagar,3.1624873790208903
2022-06-17,Uttarkashi,3.1701168261969537
2022-06-18,Almora,8.102035466084985
2022-06-18,Bageshwar,2.7744438616639377
2022-06-18,Chamoli,6.562765832562118
2022-06-18,Champawat,2.860106612964539
2022-06-18,Dehra Dun,18.4734848589756
2022-06-18,Haridwar,7.825299177434263
2022-06-18,Naini Tal,7.485685182232548
2022-06-18,Pauri Garhwal,11.511159609956849
2022-06-18,Pithoragarh,3.558535229075757
2022-06-18,Rudra Prayag,14.652329495504809
2022-06-18,Tehri Garhwal,23.31985456855692
2022-06-18,Udham Singh Nagar,6.700703369108467
2022-06-18,Uttarkashi,17.57882364239756
2022-06-19,Almora,12.846823200251253
2022-06-19,Bageshwar,8.536618361498833
2022-06-19,Chamoli,9.0598085184401
2022-06-19,Champawat,4.418678364207094
2022-06-19,Dehra Dun,1.4089063436104377
2022-06-19,Haridwar,0.9460080781957124
2022-06-19,Naini Tal,10.923565694172089
2022-06-19,Pauri Garhwal,6.098965627415572
2022-06-19,Pithoragarh,6.379456816561195
2022-06-19,Rudra Prayag,7.582421252126637
2022-06-19,Tehri Garhwal,5.335266291335001
2022-06-19,Udham Singh Nagar,5.148605404674959
2022-06-19,Uttarkashi,1.8237058452931767
2022-06-20,Almora,3.996229564626988
2022-06-20,Bageshwar,6.169961252055123
2022-06-20,Chamoli,8.489302434993604
2022-06-20,Champawat,0.1294264536482809
2022-06-20,Dehra Dun,0.7512877968209244
2022-06-20,Haridwar,0.0101408696077274
2022-06-20,Naini Tal,3.58295741026423
2022-06-20,Pauri Garhwal,3.521197210867886
2022-06-20,Pithoragarh,4.330457809156364
2022-06-20,Rudra Prayag,7.675851276643021
2022-06-20,Tehri Garhwal,6.191602030809733
2022-06-20,Udham Singh Nagar,0.8582027581274816
2022-06-20,Uttarkashi,1.3367103040153547
2022-06-21,Almora,6.255239818962477
2022-06-21,Bageshwar,1.5927922381659942
2022-06-21,Chamoli,2.100866721180998
2022-06-21,Champawat,0.3503200202905871
2022-06-21,Dehra Dun,2.7072805437672107
2022-06-21,Haridwar,0.7785111624605822
2022-06-21,Naini Tal,2.753976904183598
2022-06-21,Pauri Garhwal,5.509339163588563
2022-06-21,Pithoragarh,2.0097621043103686
2022-06-21,Rudra Prayag,1.8630033994736928
2022-06-21,Tehri Garhwal,4.247883998356518
2022-06-21,Udham Singh Nagar,0.2605438928615094
2022-06-21,Uttarkashi,3.3059404995718578
2022-06-22,Almora,0.0076348966925956
2022-06-22,Bageshwar,0.9886893099423856
2022-06-22,Chamoli,0.2599882550747086
2022-06-22,Champawat,0.0079769074512892
2022-06-22,Dehra Dun,5.9961842138977135e-05
2022-06-22,Haridwar,0.0
2022-06-22,Naini Tal,7.430115056752689e-05
2022-06-22,Pauri Garhwal,0.0049321562779541
2022-06-22,Pithoragarh,1.0113900321107618
2022-06-22,Rudra Prayag,0.24835059896549
2022-06-22,Tehri Garhwal,0.2149628244773238
2022-06-22,Udham Singh Nagar,0.0
2022-06-22,Uttarkashi,0.3795894093569004
2022-06-23,Almora,0.1525799855246428
2022-06-23,Bageshwar,3.5516864860726534
2022-06-23,Chamoli,0.9966193348899398
2022-06-23,Champawat,1.8116829317062155
2022-06-23,Dehra Dun,0.0
2022-06-23,Haridwar,0.0
2022-06-23,Naini Tal,0.073874569345379
2022-06-23,Pauri Garhwal,9.405596890994332e-05
2022-06-23,Pithoragarh,2.680637685728521
2022-06-23,Rudra Prayag,0.5123229578845139
2022-06-23,Tehri Garhwal,0.2039515774136425
2022-06-23,Udham Singh Nagar,0.0
2022-06-23,Uttarkashi,0.5710132721684732
2022-06-24,Almora,0.0969821015701663
2022-06-24,Bageshwar,2.812629525832188
2022-06-24,Chamoli,0.7341686927042318
2022-06-24,Champawat,0.553055955582377
2022-06-24,Dehra Dun,0.0
2022-06-24,Haridwar,0.0
2022-06-24,Naini Tal,0.0008173126583719
2022-06-24,Pauri Garhwal,0.0
2022-06-24,Pithoragarh,2.3672160438922227
2022-06-24,Rudra Prayag,0.6373488601226366
2022-06-24,Tehri Garhwal,0.2352659117767401
2022-06-24,Udham Singh Nagar,0.0984030417269885
2022-06-24,Uttarkashi,0.5168761237520538
2022-06-25,Almora,0.4894102365714133
2022-06-25,Bageshwar,2.3532251255687755
2022-06-25,Chamoli,3.3082138252331865
2022-06-25,Champawat,3.793624404794911
2022-06-25,Dehra Dun,0.0
2022-06-25,Haridwar,0.0
2022-06-25,Naini Tal,0.2589992671586735
2022-06-25,Pauri Garhwal,0.7527557431827396
2022-06-25,Pithoragarh,2.3555304339101584
2022-06-25,Rudra Prayag,2.9580172067890924
2022-06-25,Tehri Garhwal,0.0979064974054734
2022-06-25,Udham Singh Nagar,0.1546659718656886
2022-06-25,Uttarkashi,0.5405848294318829
2022-06-26,Almora,4.767383279549456
2022-06-26,Bageshwar,15.494685283840996
2022-06-26,Chamoli,9.883528756070575
2022-06-26,Champawat,23.19820216989886
2022-06-26,Dehra Dun,3.687978243845056
2022-06-26,Haridwar,0.0466349699137118
2022-06-26,Naini Tal,11.053465345420332
2022-06-26,Pauri Garhwal,0.9342610241150796
2022-06-26,Pithoragarh,2.6833382240765644
2022-06-26,Rudra Prayag,6.084350473492925
2022-06-26,Tehri Garhwal,1.4729398267538572
2022-06-26,Udham Singh Nagar,1.5890237591079348
2022-06-26,Uttarkashi,1.915513970759666
2022-06-27,Almora,3.6786089014342007
2022-06-27,Bageshwar,10.396121069537273
2022-06-27,Chamoli,2.6743343182929493
2022-06-27,Champawat,5.632471015783921
2022-06-27,Dehra Dun,6.441116639376134
2022-06-27,Haridwar,1.4957844427543892
2022-06-27,Naini Tal,4.441855344881379
2022-06-27,Pauri Garhwal,2.204757096906089
2022-06-27,Pithoragarh,7.554497319434136
2022-06-27,Rudra Prayag,0.9887858086833424
2022-06-27,Tehri Garhwal,1.8865239846967847
2022-06-27,Udham Singh Nagar,0.7469021383578801
2022-06-27,Uttarkashi,1.034525140547199
2022-06-28,Almora,10.94930556544985
2022-06-28,Bageshwar,14.954862712749438
2022-06-28,Chamoli,1.484627281087242
2022-06-28,Champawat,13.287767001443372
2022-06-28,Dehra Dun,4.414105240335807
2022-06-28,Haridwar,5.548842077136931
2022-06-28,Naini Tal,6.48587796309113
2022-06-28,Pauri Garhwal,4.103424846539757
2022-06-28,Pithoragarh,8.767384957985046
2022-06-28,Rudra Prayag,4.0325853979083135
2022-06-28,Tehri Garhwal,1.5278259279552406
2022-06-28,Udham Singh Nagar,13.683594862264536
2022-06-28,Uttarkashi,1.9342602844346124
2022-06-29,Almora,39.24656495646613
2022-06-29,Bageshwar,32.53871706168215
2022-06-29,Chamoli,15.766758241823323
2022-06-29,Champawat,19.80979243697189
2022-06-29,Dehra Dun,13.66333506204077
2022-06-29,Haridwar,31.493282440930265
2022-06-29,Naini Tal,31.051069101007386
2022-06-29,Pauri Garhwal,32.47044138821305
2022-06-29,Pithoragarh,14.868303526944896
2022-06-29,Rudra Prayag,31.17171093405181
2022-06-29,Tehri Garhwal,21.734539128831628
2022-06-29,Udham Singh Nagar,35.83594361416835
2022-06-29,Uttarkashi,3.735083912343843
2022-06-30,Almora,18.61565102880276
2022-06-30,Bageshwar,10.77434715448574
2022-06-30,Chamoli,12.205148312660574
2022-06-30,Champawat,8.085646142481114
2022-06-30,Dehra Dun,14.666584563764577
2022-06-30,Haridwar,31.79405548111709
2022-06-30,Naini Tal,11.10069704665535
2022-06-30,Pauri Garhwal,26.526914036176063
2022-06-30,Pithoragarh,12.217156336417768
2022-06-30,Rudra Prayag,7.07153871465307
2022-06-30,Tehri Garhwal,18.636630821444847
2022-06-30,Udham Singh Nagar,10.739943567827236
2022-06-30,Uttarkashi,10.783024580426368
2022-07-01,Almora,1.7532575660098064
2022-07-01,Bageshwar,18.126424462164184
2022-07-01,Chamoli,24.80729805136837
2022-07-01,Champawat,0.7930092741426706
2022-07-01,Dehra Dun,11.951965716722428
2022-07-01,Haridwar,2.1094479358762106
2022-07-01,Naini Tal,0.4520161090024606
2022-07-01,Pauri Garhwal,1.0892301173833303
2022-07-01,Pithoragarh,15.647906775670728
2022-07-01,Rudra Prayag,28.63799536185844
2022-07-01,Tehri Garhwal,17.18560351917616
2022-07-01,Udham Singh Nagar,0.2976065645519641
2022-07-01,Uttarkashi,22.70728352360076
2022-07-02,Almora,41.05010011914443
2022-07-02,Bageshwar,56.05562189120049
2022-07-02,Chamoli,23.05950882960827
2022-07-02,Champawat,6.862654222273427
2022-07-02,Dehra Dun,27.605592226168543
2022-07-02,Haridwar,15.294431778761378
2022-07-02,Naini Tal,17.68456626967013
2022-07-02,Pauri Garhwal,49.37813015130117
2022-07-02,Pithoragarh,30.81040971088048
2022-07-02,Rudra Prayag,29.4256987896608
2022-07-02,Tehri Garhwal,39.91288695052575
2022-07-02,Udham Singh Nagar,12.364365655842269
2022-07-02,Uttarkashi,13.28583842217067
2022-07-03,Almora,5.911833491386596
2022-07-03,Bageshwar,10.184421674138184
2022-07-03,Chamoli,18.132317350270217
2022-07-03,Champawat,6.900314887718393
2022-07-03,Dehra Dun,8.682837116954792
2022-07-03,Haridwar,5.117351529266514
2022-07-03,Naini Tal,2.36897219287418
2022-07-03,Pauri Garhwal,12.860563656795838
2022-07-03,Pithoragarh,9.074163535546427
2022-07-03,Rudra Prayag,26.096393171652487
2022-07-03,Tehri Garhwal,28.18669394503832
2022-07-03,Udham Singh Nagar,0.2750635465630172
2022-07-03,Uttarkashi,16.66322786117602
2022-07-04,Almora,8.634587658823007
2022-07-04,Bageshwar,12.44821479059088
2022-07-04,Chamoli,4.182349440745507
2022-07-04,Champawat,4.1600676634665446
2022-07-04,Dehra Dun,4.529907210094413
2022-07-04,Haridwar,8.229744506546574
2022-07-04,Naini Tal,5.911214671477271
2022-07-04,Pauri Garhwal,7.30751313345986
2022-07-04,Pithoragarh,12.602573124097509
2022-07-04,Rudra Prayag,7.218583550056465
2022-07-04,Tehri Garhwal,4.798773698139478
2022-07-04,Udham Singh Nagar,3.252857578010416
2022-07-04,Uttarkashi,13.117156050490983
2022-07-05,Almora,11.65214996086686
2022-07-05,Bageshwar,23.62973294494065
2022-07-05,Chamoli,9.295348726611808
2022-07-05,Champawat,16.59273558365808
2022-07-05,Dehra Dun,27.01372921296199
2022-07-05,Haridwar,5.675695420100336
2022-07-05,Naini Tal,8.649644391590027
2022-07-05,Pauri Garhwal,5.894917398821494
2022-07-05,Pithoragarh,16.05754949213141
2022-07-05,Rudra Prayag,20.554053108601643
2022-07-05,Tehri Garhwal,18.20681336111156
2022-07-05,Udham Singh Nagar,4.665654635489893
2022-07-05,Uttarkashi,17.771067734069344
2022-07-06,Almora,38.8356736345505
2022-07-06,Bageshwar,37.48521519316248
2022-07-06,Chamoli,23.726044734709173
2022-07-06,Champawat,54.299951109366845
2022-07-06,Dehra Dun,39.30661267700418
2022-07-06,Haridwar,17.746209313364037
2022-07-06,Naini Tal,11.710042832166678
2022-07-06,Pauri Garhwal,26.910768413529013
2022-07-06,Pithoragarh,24.002389897946777
2022-07-06,Rudra Prayag,21.26486485961162
2022-07-06,Tehri Garhwal,31.18821838594541
2022-07-06,Udham Singh Nagar,5.109165562521596
2022-07-06,Uttarkashi,10.873863317656124
2022-07-07,Almora,10.869986169312298
2022-07-07,Bageshwar,10.59588573415274
2022-07-07,Chamoli,3.2598942753006868
2022-07-07,Champawat,4.586364095177814
2022-07-07,Dehra Dun,2.0042824515222266
2022-07-07,Haridwar,9.565606428299125
2022-07-07,Naini Tal,4.892319321985927
2022-07-07,Pauri Garhwal,13.640859300801203
2022-07-07,Pithoragarh,3.2906924720997
2022-07-07,Rudra Prayag,3.788305619530804
2022-07-07,Tehri Garhwal,2.7557019061894303
2022-07-07,Udham Singh Nagar,2.2436882367629054
2022-07-07,Uttarkashi,2.394611302476524
2022-07-08,Almora,23.81795029345179
2022-07-08,Bageshwar,45.31971585625656
2022-07-08,Chamoli,25.704676903041086
2022-07-08,Champawat,4.465897241385933
2022-07-08,Dehra Dun,24.523379778426893
2022-07-08,Haridwar,2.0121305976551715
2022-07-08,Naini Tal,2.2095208901555434
2022-07-08,Pauri Garhwal,6.383802173228761
2022-07-08,Pithoragarh,15.711129373139748
2022-07-08,Rudra Prayag,34.781519004715435
2022-07-08,Tehri Garhwal,22.08470448559353
2022-07-08,Udham Singh Nagar,5.825358987652357
2022-07-08,Uttarkashi,19.154551382153045
2022-07-09,Almora,11.407545831584503
2022-07-09,Bageshwar,11.378000622948717
2022-07-09,Chamoli,6.472683126752752
2022-07-09,Champawat,31.541732562581736
2022-07-09,Dehra Dun,37.75928302578647
2022-07-09,Haridwar,33.69908708287969
2022-07-09,Naini Tal,38.88397862158136
2022-07-09,Pauri Garhwal,17.906200348928888
2022-07-09,Pithoragarh,6.7534159759195935
2022-07-09,Rudra Prayag,11.93322599244132
2022-07-09,Tehri Garhwal,13.69703744327658
2022-07-09,Udham Singh Nagar,51.840431028972354
2022-07-09,Uttarkashi,10.367703637468406
2022-07-10,Almora,1.0377704467865083
2022-07-10,Bageshwar,4.054554138517844
2022-07-10,Chamoli,1.8610609406635683
2022-07-10,Champawat,0.3356701726538977
2022-07-10,Dehra Dun,0.9425388180620816
2022-07-10,Haridwar,1.239092242814303
2022-07-10,Naini Tal,0.9313483071084444
2022-07-10,Pauri Garhwal,0.5624851453809536
2022-07-10,Pithoragarh,0.818171248414987
2022-07-10,Rudra Prayag,6.767011934433884
2022-07-10,Tehri Garhwal,1.9835374032291384
2022-07-10,Udham Singh Nagar,0.0022169671129042
2022-07-10,Uttarkashi,2.604010777985974
2022-07-11,Almora,3.473416388752629
2022-07-11,Bageshwar,3.2613188570574176
2022-07-11,Chamoli,9.147106807737526
2022-07-11,Champawat,4.991679097399073
2022-07-11,Dehra Dun,1.8222594244418835
2022-07-11,Haridwar,0.3383676658638202
2022-07-11,Naini Tal,8.1297353421404
2022-07-11,Pauri Garhwal,2.6755650415301444
2022-07-11,Pithoragarh,1.911703053923532
2022-07-11,Rudra Prayag,29.22734999760104
2022-07-11,Tehri Garhwal,2.2245491207541783
2022-07-11,Udham Singh Nagar,6.320986392764786
2022-07-11,Uttarkashi,1.2348965425393983
2022-07-12,Almora,3.1058072686805738
2022-07-12,Bageshwar,15.224217478802553
2022-07-12,Chamoli,12.52029449677611
2022-07-12,Champawat,2.1989796174938854
2022-07-12,Dehra Dun,0.9062734842710358
2022-07-12,Haridwar,13.088470413375804
2022-07-12,Naini Tal,5.193918109151495
2022-07-12,Pauri Garhwal,5.094548502480667
2022-07-12,Pithoragarh,1.5608557368807514
2022-07-12,Rudra Prayag,30.611652193401195
2022-07-12,Tehri Garhwal,8.947630875827278
2022-07-12,Udham Singh Nagar,7.552571503080054
2022-07-12,Uttarkashi,7.005513542000746
2022-07-13,Almora,5.010586219761215
2022-07-13,Bageshwar,21.13936532896444
2022-07-13,Chamoli,23.96708787081997
2022-07-13,Champawat,1.00050199372707
2022-07-13,Dehra Dun,12.915140775618449
2022-07-13,Haridwar,8.967865623713465
2022-07-13,Naini Tal,0.4935134440827133
2022-07-13,Pauri Garhwal,2.7488065110001845
2022-07-13,Pithoragarh,16.280405671224127
2022-07-13,Rudra Prayag,20.3563311315658
2022-07-13,Tehri Garhwal,6.187808647263067
2022-07-13,Udham Singh Nagar,0.1166087763327273
2022-07-13,Uttarkashi,6.267739148688492
2022-07-14,Almora,13.333670367314674
2022-07-14,Bageshwar,7.320810502160491
2022-07-14,Chamoli,8.313337495577297
2022-07-14,Champawat,4.605789296930968
2022-07-14,Dehra Dun,4.87463875390672
2022-07-14,Haridwar,4.26244838628344
2022-07-14,Naini Tal,11.69916060106322
2022-07-14,Pauri Garhwal,9.691881277642889
2022-07-14,Pithoragarh,3.711966226680761
2022-07-14,Rudra Prayag,10.433941040010174
2022-07-14,Tehri Garhwal,11.600819405845128
2022-07-14,Udham Singh Nagar,1.4650989840475566
2022-07-14,Uttarkashi,11.118709414223142
2022-07-15,Almora,1.261667540721917
2022-07-15,Bageshwar,14.804786423079136
2022-07-15,Chamoli,4.474269444993808
2022-07-15,Champawat,0.3880045104137879
2022-07-15,Dehra Dun,0.8641080499519325
2022-07-15,Haridwar,0.1967459001497541
2022-07-15,Naini Tal,0.1547287704928653
2022-07-15,Pauri Garhwal,2.396418498028217
2022-07-15,Pithoragarh,8.007638572988741
2022-07-15,Rudra Prayag,3.179037909882726
2022-07-15,Tehri Garhwal,3.591442449991223
2022-07-15,Udham Singh Nagar,0.5006333005653396
2022-07-15,Uttarkashi,6.466706426423291
2022-07-16,Almora,4.349867029724781
2022-07-16,Bageshwar,2.891759133348516
2022-07-16,Chamoli,11.315868117926652
2022-07-16,Champawat,0.508857916960171
2022-07-16,Dehra Dun,15.279731912437382
2022-07-16,Haridwar,6.598444153097359
2022-07-16,Naini Tal,0.187821359615291
2022-07-16,Pauri Garhwal,7.387806867396929
2022-07-16,Pithoragarh,14.064627775846732
2022-07-16,Rudra Prayag,25.29255380227692
2022-07-16,Tehri Garhwal,15.048926446183858
2022-07-16,Udham Singh Nagar,0.1650990204097708
2022-07-16,Uttarkashi,23.448189770062427
2022-07-17,Almora,0.0301159156947002
2022-07-17,Bageshwar,1.903451241842498
2022-07-17,Chamoli,2.785575372538776
2022-07-17,Champawat,0.0024096384442534
2022-07-17,Dehra Dun,4.829236740276367
2022-07-17,Haridwar,2.1043589806668286
2022-07-17,Naini Tal,0.169644597968218
2022-07-17,Pauri Garhwal,0.3239896599967735
2022-07-17,Pithoragarh,0.8433266122071003
2022-07-17,Rudra Prayag,3.232495601563385
2022-07-17,Tehri Garhwal,0.8694986431029306
2022-07-17,Udham Singh Nagar,0.3608690447457842
2022-07-17,Uttarkashi,2.3478273124165097
2022-07-18,Almora,3.6025459986114914
2022-07-18,Bageshwar,2.7668629904440265
2022-07-18,Chamoli,3.0526791977365284
2022-07-18,Champawat,2.230159343375046
2022-07-18,Dehra Dun,0.3642538780265031
2022-07-18,Haridwar,0.7544021652530938
2022-07-18,Naini Tal,4.6570351151218174
2022-07-18,Pauri Garhwal,1.0885027876119766
2022-07-18,Pithoragarh,6.24801372985854
2022-07-18,Rudra Prayag,3.3954161521970625
2022-07-18,Tehri Garhwal,0.5825962535601132
2022-07-18,Udham Singh Nagar,0.716392237996171
2022-07-18,Uttarkashi,1.3592045103862205
2022-07-19,Almora,10.597696345447844
2022-07-19,Bageshwar,20.820923219904174
2022-07-19,Chamoli,28.342870441005072
2022-07-19,Champawat,12.918127241056787
2022-07-19,Dehra Dun,22.65890595399332
2022-07-19,Haridwar,15.039526895542522
2022-07-19,Naini Tal,28.2196658032596
2022-07-19,Pauri Garhwal,24.988267098372752
2022-07-19,Pithoragarh,34.89834530788292
2022-07-19,Rudra Prayag,26.49277836038556
2022-07-19,Tehri Garhwal,12.704782397473132
2022-07-19,Udham Singh Nagar,21.60302641873154
2022-07-19,Uttarkashi,3.156451690935043
2022-07-20,Almora,10.291565652910688
2022-07-20,Bageshwar,11.793780986050844
2022-07-20,Chamoli,10.737003797476309
2022-07-20,Champawat,21.470461276396552
2022-07-20,Dehra Dun,17.059553944874068
2022-07-20,Haridwar,39.40007739157672
2022-07-20,Naini Tal,12.47749579069981
2022-07-20,Pauri Garhwal,12.415238711487971
2022-07-20,Pithoragarh,8.679253614588673
2022-07-20,Rudra Prayag,23.58802535308812
2022-07-20,Tehri Garhwal,18.208847811115653
2022-07-20,Udham Singh Nagar,21.01970978649352
2022-07-20,Uttarkashi,15.062814494654653
2022-07-21,Almora,11.192923404538874
2022-07-21,Bageshwar,13.070124714086962
2022-07-21,Chamoli,12.154788389468203
2022-07-21,Champawat,1.313025827635543
2022-07-21,Dehra Dun,7.056800053268112
2022-07-21,Haridwar,3.113341173986743
2022-07-21,Naini Tal,1.881755637524588
2022-07-21,Pauri Garhwal,11.774304323580564
2022-07-21,Pithoragarh,4.6990630793655255
2022-07-21,Rudra Prayag,8.72188410606422
2022-07-21,Tehri Garhwal,13.257688377408138
2022-07-21,Udham Singh Nagar,2.340491374330488
2022-07-21,Uttarkashi,6.192891172635795
2022-07-22,Almora,10.750628823551189
2022-07-22,Bageshwar,4.424754481211215
2022-07-22,Chamoli,7.592959484992465
2022-07-22,Champawat,10.56308836733897
2022-07-22,Dehra Dun,14.61383856803587
2022-07-22,Haridwar,2.7642709248405533
2022-07-22,Naini Tal,5.770208744715932
2022-07-22,Pauri Garhwal,15.598364069707692
2022-07-22,Pithoragarh,3.86209766442615
2022-07-22,Rudra Prayag,24.267256817117087
2022-07-22,Tehri Garhwal,44.45906105425971
2022-07-22,Udham Singh Nagar,6.200509006928479
2022-07-22,Uttarkashi,16.277816335630305
2022-07-23,Almora,10.560739973110476
2022-07-23,Bageshwar,5.1419869870628805
2022-07-23,Chamoli,10.050267895185986
2022-07-23,Champawat,11.206544616599995
2022-07-23,Dehra Dun,29.986090238701948
2022-07-23,Haridwar,2.484771028987251
2022-07-23,Naini Tal,4.052758935995723
2022-07-23,Pauri Garhwal,10.515237976832898
2022-07-23,Pithoragarh,7.765618039123406
2022-07-23,Rudra Prayag,8.138075833898906
2022-07-23,Tehri Garhwal,32.61603054075217
2022-07-23,Udham Singh Nagar,1.5423891172062163
2022-07-23,Uttarkashi,29.921689604214155
2022-07-24,Almora,4.595790955752191
2022-07-24,Bageshwar,2.6124172103462864
2022-07-24,Chamoli,7.04182969182356
2022-07-24,Champawat,5.915072641601687
2022-07-24,Dehra Dun,10.09362065836302
2022-07-24,Haridwar,7.331822315732133
2022-07-24,Naini Tal,4.63041712611834
2022-07-24,Pauri Garhwal,4.718725510357086
2022-07-24,Pithoragarh,2.7503394995573034
2022-07-24,Rudra Prayag,9.051207059718964
2022-07-24,Tehri Garhwal,12.468253625618784
2022-07-24,Udham Singh Nagar,2.110101929087794
2022-07-24,Uttarkashi,7.599842150167115
2022-07-25,Almora,4.693308597495484
2022-07-25,Bageshwar,4.560426380277118
2022-07-25,Chamoli,2.8690203103747094
2022-07-25,Champawat,24.623371577586507
2022-07-25,Dehra Dun,1.716319805363477
2022-07-25,Haridwar,1.2879555956112048
2022-07-25,Naini Tal,7.30059736995434
2022-07-25,Pauri Garhwal,2.295844910992535
2022-07-25,Pithoragarh,3.393719156480158
2022-07-25,Rudra Prayag,2.5531933721135625
2022-07-25,Tehri Garhwal,1.5629174216459405
2022-07-25,Udham Singh Nagar,3.5137199765221867
2022-07-25,Uttarkashi,3.984993636451024
2022-07-26,Almora,10.575190226573804
2022-07-26,Bageshwar,5.119753561492646
2022-07-26,Chamoli,19.74246275035205
2022-07-26,Champawat,4.604630923808934
2022-07-26,Dehra Dun,2.165269776676805
2022-07-26,Haridwar,0.6541177861951389
2022-07-26,Naini Tal,1.872527757173908
2022-07-26,Pauri Garhwal,14.354333921825386
2022-07-26,Pithoragarh,6.284432041027978
2022-07-26,Rudra Prayag,15.072633531911295
2022-07-26,Tehri Garhwal,10.141643892842024
2022-07-26,Udham Singh Nagar,1.5085618940335923
2022-07-26,Uttarkashi,8.287154242308786
2022-07-27,Almora,23.62015472409033
2022-07-27,Bageshwar,36.28778049770848
2022-07-27,Chamoli,46.58298796232356
2022-07-27,Champawat,4.131365360188144
2022-07-27,Dehra Dun,6.983796503404615
2022-07-27,Haridwar,4.11027636672307
2022-07-27,Naini Tal,15.300647560339623
2022-07-27,Pauri Garhwal,11.246956418780387
2022-07-27,Pithoragarh,29.55219650781776
2022-07-27,Rudra Prayag,54.80157036873252
2022-07-27,Tehri Garhwal,20.161802328823708
2022-07-27,Udham Singh Nagar,21.034921123969266
2022-07-27,Uttarkashi,12.520742517804164
2022-07-28,Almora,8.084887287495388
2022-07-28,Bageshwar,14.474169660415088
2022-07-28,Chamoli,12.21218248439116
2022-07-28,Champawat,2.0460027104253458
2022-07-28,Dehra Dun,20.16754039635556
2022-07-28,Haridwar,14.204165914890655
2022-07-28,Naini Tal,9.706577233708666
2022-07-28,Pauri Garhwal,7.937096824539088
2022-07-28,Pithoragarh,14.263980095738937
2022-07-28,Rudra Prayag,7.37565611781961
2022-07-28,Tehri Garhwal,10.7607022059133
2022-07-28,Udham Singh Nagar,5.903699970287841
2022-07-28,Uttarkashi,11.740928693770597
2022-07-29,Almora,25.168165816296803
2022-07-29,Bageshwar,31.68018216064681
2022-07-29,Chamoli,24.990495904833747
2022-07-29,Champawat,9.979245501245
2022-07-29,Dehra Dun,28.55667828902847
2022-07-29,Haridwar,41.67156632134564
2022-07-29,Naini Tal,18.35253723996211
2022-07-29,Pauri Garhwal,22.4687702205596
2022-07-29,Pithoragarh,10.961593553356124
2022-07-29,Rudra Prayag,20.232481417386747
2022-07-29,Tehri Garhwal,18.885655807849503
2022-07-29,Udham Singh Nagar,12.560442357439417
2022-07-29,Uttarkashi,14.288899526595372
2022-07-30,Almora,11.403978093242026
2022-07-30,Bageshwar,10.678985958618131
2022-07-30,Chamoli,12.537140375391605
2022-07-30,Champawat,4.259622136340383
2022-07-30,Dehra Dun,17.655026137300844
2022-07-30,Haridwar,36.67882902527054
2022-07-30,Naini Tal,10.670265251055117
2022-07-30,Pauri Garhwal,13.279021375757011
2022-07-30,Pithoragarh,9.830075270809624
2022-07-30,Rudra Prayag,16.93576819182105
2022-07-30,Tehri Garhwal,15.927367627636857
2022-07-30,Udham Singh Nagar,12.4419299682463
2022-07-30,Uttarkashi,15.255989463997592
2022-07-31,Almora,5.760121867813572
2022-07-31,Bageshwar,2.295230642727556
2022-07-31,Chamoli,2.784917755603082
2022-07-31,Champawat,1.3848330483266456
2022-07-31,Dehra Dun,9.50780638444823
2022-07-31,Haridwar,7.944528805219562
2022-07-31,Naini Tal,5.000015476494689
2022-07-31,Pauri Garhwal,8.67480744704957
2022-07-31,Pithoragarh,1.1130948762976305
2022-07-31,Rudra Prayag,5.266524924662459
2022-07-31,Tehri Garhwal,5.464071065264237
2022-07-31,Udham Singh Nagar,5.03717695258708
2022-07-31,Uttarkashi,14.140265136355511
2022-08-01,Almora,1.3323978192829269
2022-08-01,Bageshwar,2.4322837931588497
2022-08-01,Chamoli,1.0729541010061832
2022-08-01,Champawat,2.662397652809755
2022-08-01,Dehra Dun,2.497260044466701
2022-08-01,Haridwar,2.3742664571312604
2022-08-01,Naini Tal,2.145951432459406
2022-08-01,Pauri Garhwal,0.6615530379961913
2022-08-01,Pithoragarh,1.0985208291559765
2022-08-01,Rudra Prayag,2.656943833061039
2022-08-01,Tehri Garhwal,2.32697426411057
2022-08-01,Udham Singh Nagar,0.6825138845522548
2022-08-01,Uttarkashi,2.727804566003915
2022-08-02,Almora,8.839942170835327
2022-08-02,Bageshwar,14.177496019031969
2022-08-02,Chamoli,6.205229293175426
2022-08-02,Champawat,25.016737628761582
2022-08-02,Dehra Dun,10.413586573864508
2022-08-02,Haridwar,3.214515691795121
2022-08-02,Naini Tal,21.039563617841416
2022-08-02,Pauri Garhwal,20.049198134045792
2022-08-02,Pithoragarh,11.180284820127522
2022-08-02,Rudra Prayag,6.062559442140083
2022-08-02,Tehri Garhwal,11.254037590294685
2022-08-02,Udham Singh Nagar,11.473468563960026
2022-08-02,Uttarkashi,2.227722952729009
2022-08-03,Almora,4.377066073852586
2022-08-03,Bageshwar,15.921663260650956
2022-08-03,Chamoli,18.452452382888
2022-08-03,Champawat,12.44300929084724
2022-08-03,Dehra Dun,22.44761742493996
2022-08-03,Haridwar,17.672393520218858
2022-08-03,Naini Tal,7.31754788756419
2022-08-03,Pauri Garhwal,10.293016098121832
2022-08-03,Pithoragarh,14.3846732141079
2022-08-03,Rudra Prayag,15.330545378844729
2022-08-03,Tehri Garhwal,15.162794661927874
2022-08-03,Udham Singh Nagar,9.533517361130205
2022-08-03,Uttarkashi,11.898997739648554
2022-08-04,Almora,6.249753791996589
2022-08-04,Bageshwar,3.0887820952590763
2022-08-04,Chamoli,5.208691588395649
2022-08-04,Champawat,11.02482281349731
2022-08-04,Dehra Dun,2.524562492305537
2022-08-04,Haridwar,4.769057815788544
2022-08-04,Naini Tal,10.814120078945418
2022-08-04,Pauri Garhwal,7.02034407129923
2022-08-04,Pithoragarh,4.930879568573999
2022-08-04,Rudra Prayag,10.369949668562858
2022-08-04,Tehri Garhwal,8.27055213274807
2022-08-04,Udham Singh Nagar,16.229480097535582
2022-08-04,Uttarkashi,10.20551314361294
2022-08-05,Almora,1.602571138555922
2022-08-05,Bageshwar,5.373509051384891
2022-08-05,Chamoli,7.27309820106404
2022-08-05,Champawat,5.46246975372465
2022-08-05,Dehra Dun,2.053041650310796
2022-08-05,Haridwar,0.872403576062065
2022-08-05,Naini Tal,10.953592710936476
2022-08-05,Pauri Garhwal,1.2846723144217576
2022-08-05,Pithoragarh,5.906725112266055
2022-08-05,Rudra Prayag,6.789490352323945
2022-08-05,Tehri Garhwal,3.6271077039689033
2022-08-05,Udham Singh Nagar,22.69539336011625
2022-08-05,Uttarkashi,10.577529385298517
2022-08-06,Almora,15.465907977198356
2022-08-06,Bageshwar,37.64287869900359
2022-08-06,Chamoli,18.291194526649846
2022-08-06,Champawat,5.359704954133801
2022-08-06,Dehra Dun,26.70364339925749
2022-08-06,Haridwar,23.84026096789565
2022-08-06,Naini Tal,3.915287239781704
2022-08-06,Pauri Garhwal,10.129076202533218
2022-08-06,Pithoragarh,11.692317569211506
2022-08-06,Rudra Prayag,12.442265667602586
2022-08-06,Tehri Garhwal,13.900914223252109
2022-08-06,Udham Singh Nagar,9.25921497769511
2022-08-06,Uttarkashi,13.526559248862725
2022-08-07,Almora,3.438764836225777
2022-08-07,Bageshwar,2.1960164863088933
2022-08-07,Chamoli,6.272187988041591
2022-08-07,Champawat,0.1379756465244264
2022-08-07,Dehra Dun,5.330649233813699
2022-08-07,Haridwar,8.346312562143785
2022-08-07,Naini Tal,0.243436551784761
2022-08-07,Pauri Garhwal,3.5367912183791503
2022-08-07,Pithoragarh,2.1853354376655734
2022-08-07,Rudra Prayag,8.451509309373797
2022-08-07,Tehri Garhwal,5.022367392722116
2022-08-07,Udham Singh Nagar,0.0574320114099046
2022-08-07,Uttarkashi,4.264612818608572
2022-08-08,Almora,0.9910357666244564
2022-08-08,Bageshwar,9.615468461566898
2022-08-08,Chamoli,7.349430004073803
2022-08-08,Champawat,2.9779529715998074
2022-08-08,Dehra Dun,8.24055924715434
2022-08-08,Haridwar,0.0318418727221099
2022-08-08,Naini Tal,0.0642330858204717
2022-08-08,Pauri Garhwal,1.7145597446387055
2022-08-08,Pithoragarh,6.891717810565055
2022-08-08,Rudra Prayag,17.77476990424829
2022-08-08,Tehri Garhwal,10.00714283585014
2022-08-08,Udham Singh Nagar,0.1028946171143867
2022-08-08,Uttarkashi,6.762743524437313
2022-08-09,Almora,3.7006547376966767
2022-08-09,Bageshwar,4.561886835124288
2022-08-09,Chamoli,5.09185586860658
2022-08-09,Champawat,4.180427864147164
2022-08-09,Dehra Dun,1.9449543016463915
2022-08-09,Haridwar,0.5449568433705131
2022-08-09,Naini Tal,1.4682515481500271
2022-08-09,Pauri Garhwal,0.8500381404869002
2022-08-09,Pithoragarh,3.859643135088154
2022-08-09,Rudra Prayag,7.781739025083346
2022-08-09,Tehri Garhwal,3.316570160653157
2022-08-09,Udham Singh Nagar,0.2855490608210476
2022-08-09,Uttarkashi,6.695643289303265
2022-08-10,Almora,28.17563588580585
2022-08-10,Bageshwar,36.895334651429714
2022-08-10,Chamoli,30.953173699544863
2022-08-10,Champawat,26.077473083680708
2022-08-10,Dehra Dun,75.97137600347857
2022-08-10,Haridwar,8.829136957991379
2022-08-10,Naini Tal,17.345683931527425
2022-08-10,Pauri Garhwal,20.64823322607761
2022-08-10,Pithoragarh,27.45224980479496
2022-08-10,Rudra Prayag,29.42173862717081
2022-08-10,Tehri Garhwal,48.529732041370806
2022-08-10,Udham Singh Nagar,19.30698444231648
2022-08-10,Uttarkashi,51.915207546598445
2022-08-11,Almora,3.865778777976758
2022-08-11,Bageshwar,3.416263707856278
2022-08-11,Chamoli,5.41504870216415
2022-08-11,Champawat,6.8345480325286285
2022-08-11,Dehra Dun,8.869728594268052
2022-08-11,Haridwar,4.379044626410287
2022-08-11,Naini Tal,3.468912425897044
2022-08-11,Pauri Garhwal,2.080846070419305
2022-08-11,Pithoragarh,5.081607967252675
2022-08-11,Rudra Prayag,6.246701042523642
2022-08-11,Tehri Garhwal,4.7523707444683705
2022-08-11,Udham Singh Nagar,4.924304471031176
2022-08-11,Uttarkashi,6.227230474586469
2022-08-12,Almora,0.0571346248904346
2022-08-12,Bageshwar,0.5960836242584799
2022-08-12,Chamoli,1.276706296133945
2022-08-12,Champawat,0.0
2022-08-12,Dehra Dun,0.0072710545831043
2022-08-12,Haridwar,0.0
2022-08-12,Naini Tal,0.0099298552663499
2022-08-12,Pauri Garhwal,0.0111544981158574
2022-08-12,Pithoragarh,0.2996064984662354
2022-08-12,Rudra Prayag,0.991842812420366
2022-08-12,Tehri Garhwal,0.2443061323070049
2022-08-12,Udham Singh Nagar,0.0
2022-08-12,Uttarkashi,0.5193502678443814
2022-08-13,Almora,0.192736573583611
2022-08-13,Bageshwar,6.160637709934622
2022-08-13,Chamoli,6.557935501771063
2022-08-13,Champawat,0.0
2022-08-13,Dehra Dun,0.444640900735873
2022-08-13,Haridwar,0.0
2022-08-13,Naini Tal,0.0280302392424723
2022-08-13,Pauri Garhwal,0.0214062134573232
2022-08-13,Pithoragarh,3.214549878836223
2022-08-13,Rudra Prayag,8.351578344306901
2022-08-13,Tehri Garhwal,2.103301999387195
2022-08-13,Udham Singh Nagar,0.0
2022-08-13,Uttarkashi,5.816951860836953
2022-08-14,Almora,36.09795067172787
2022-08-14,Bageshwar,47.92593826666212
2022-08-14,Chamoli,46.89645987085573
2022-08-14,Champawat,32.72927140005949
2022-08-14,Dehra Dun,16.921436630301994
2022-08-14,Haridwar,5.253636960377896
2022-08-14,Naini Tal,25.25078866114128
2022-08-14,Pauri Garhwal,18.17109241607968
2022-08-14,Pithoragarh,44.58537964967167
2022-08-14,Rudra Prayag,34.452389514896
2022-08-14,Tehri Garhwal,22.460597104007704
2022-08-14,Udham Singh Nagar,19.17637557689551
2022-08-14,Uttarkashi,14.296707167508606
2022-08-15,Almora,8.013026513772411
2022-08-15,Bageshwar,9.600148684005353
2022-08-15,Chamoli,17.208233786786614
2022-08-15,Champawat,2.336841052540916
2022-08-15,Dehra Dun,5.765847493816343
2022-08-15,Haridwar,4.431064344877629
2022-08-15,Naini Tal,4.747822276225319
2022-08-15,Pauri Garhwal,9.876483834643428
2022-08-15,Pithoragarh,5.958663730266763
2022-08-15,Rudra Prayag,16.09726732933221
2022-08-15,Tehri Garhwal,8.621140179213574
2022-08-15,Udham Singh Nagar,2.9754662306375312
2022-08-15,Uttarkashi,12.803918079672032
2022-08-16,Almora,0.3450291407667807
2022-08-16,Bageshwar,0.9920247902330148
2022-08-16,Chamoli,1.624613928532419
2022-08-16,Champawat,0.4593185199925817
2022-08-16,Dehra Dun,0.6480437279790567
2022-08-16,Haridwar,0.0315081872745264
2022-08-16,Naini Tal,0.105476979096587
2022-08-16,Pauri Garhwal,0.201384236379351
2022-08-16,Pithoragarh,0.607902808900761
2022-08-16,Rudra Prayag,3.387360884802213
2022-08-16,Tehri Garhwal,0.5881500078707484
2022-08-16,Udham Singh Nagar,0.0039920188087949
2022-08-16,Uttarkashi,2.883061431864512
2022-08-17,Almora,0.0825826980667532
2022-08-17,Bageshwar,2.210131393079578
2022-08-17,Chamoli,1.2958443317726922
2022-08-17,Champawat,0.0
2022-08-17,Dehra Dun,0.0055437447657033
2022-08-17,Haridwar,0.0
2022-08-17,Naini Tal,0.0267816682758548
2022-08-17,Pauri Garhwal,0.1762362159587567
2022-08-17,Pithoragarh,0.706141996543893
2022-08-17,Rudra Prayag,0.8833764905653675
2022-08-17,Tehri Garhwal,0.7162447463716776
2022-08-17,Udham Singh Nagar,0.0
2022-08-17,Uttarkashi,0.8531902939083994
2022-08-18,Almora,0.0995383648350309
2022-08-18,Bageshwar,2.2306654009373985
2022-08-18,Chamoli,2.358876265304964
2022-08-18,Champawat,0.0
2022-08-18,Dehra Dun,0.1853938365163995
2022-08-18,Haridwar,0.0
2022-08-18,Naini Tal,0.0274176448684255
2022-08-18,Pauri Garhwal,0.0855651044764044
2022-08-18,Pithoragarh,4.253545427727382
2022-08-18,Rudra Prayag,2.708977487277953
2022-08-18,Tehri Garhwal,0.6236637287613948
2022-08-18,Udham Singh Nagar,0.1075502489579215
2022-08-18,Uttarkashi,0.9659161076606082
2022-08-19,Almora,75.55693962550362
2022-08-19,Bageshwar,61.48925980596037
2022-08-19,Chamoli,52.14228750395513
2022-08-19,Champawat,37.36857466902944
2022-08-19,Dehra Dun,53.53119176538392
2022-08-19,Haridwar,48.26357618172026
2022-08-19,Naini Tal,52.04783317784541
2022-08-19,Pauri Garhwal,86.97734902286551
2022-08-19,Pithoragarh,24.227434738608
2022-08-19,Rudra Prayag,83.04997781722552
2022-08-19,Tehri Garhwal,87.27106490933706
2022-08-19,Udham Singh Nagar,45.01131949835396
2022-08-19,Uttarkashi,41.97948782722441
2022-08-20,Almora,7.984273826981841
2022-08-20,Bageshwar,10.036325127799545
2022-08-20,Chamoli,10.444327209946756
2022-08-20,Champawat,0.7142971731319342
2022-08-20,Dehra Dun,31.726720527432555
2022-08-20,Haridwar,27.861235462677183
2022-08-20,Naini Tal,2.808700445901525
2022-08-20,Pauri Garhwal,18.580119436916007
2022-08-20,Pithoragarh,3.464364204210723
2022-08-20,Rudra Prayag,19.76784062323278
2022-08-20,Tehri Garhwal,36.226407404219245
2022-08-20,Udham Singh Nagar,1.5389905013581735
2022-08-20,Uttarkashi,24.57585887411623
2022-08-21,Almora,0.6403260415341905
2022-08-21,Bageshwar,9.082354591137504
2022-08-21,Chamoli,4.32555585751887
2022-08-21,Champawat,0.0352748484419935
2022-08-21,Dehra Dun,0.9937489587185626
2022-08-21,Haridwar,2.042887764308208
2022-08-21,Naini Tal,0.2263150732081829
2022-08-21,Pauri Garhwal,0.4515997138439146
2022-08-21,Pithoragarh,6.320016758229715
2022-08-21,Rudra Prayag,6.013134575939201
2022-08-21,Tehri Garhwal,2.1728993004640293
2022-08-21,Udham Singh Nagar,0.0643770297037554
2022-08-21,Uttarkashi,3.733656282058968
2022-08-22,Almora,0.318581879061168
2022-08-22,Bageshwar,10.956427132938853
2022-08-22,Chamoli,6.479702405280472
2022-08-22,Champawat,0.0012148594162071
2022-08-22,Dehra Dun,0.8341053218752629
2022-08-22,Haridwar,0.0
2022-08-22,Naini Tal,0.0584672128131889
2022-08-22,Pauri Garhwal,1.6756899466797124
2022-08-22,Pithoragarh,7.372543266581099
2022-08-22,Rudra Prayag,7.974236428535934
2022-08-22,Tehri Garhwal,4.738473961503219
2022-08-22,Udham Singh Nagar,0.000523204226713
2022-08-22,Uttarkashi,4.744631941054659
2022-08-23,Almora,24.5617435980316
2022-08-23,Bageshwar,19.229759648269702
2022-08-23,Chamoli,5.493204430796854
2022-08-23,Champawat,25.879900323750448
2022-08-23,Dehra Dun,6.128718164734087
2022-08-23,Haridwar,2.273901171649872
2022-08-23,Naini Tal,28.169676682795487
2022-08-23,Pauri Garhwal,9.524460111838115
2022-08-23,Pithoragarh,8.53181627227184
2022-08-23,Rudra Prayag,8.332505834946772
2022-08-23,Tehri Garhwal,7.826685386908881
2022-08-23,Udham Singh Nagar,23.1153371011272
2022-08-23,Uttarkashi,5.8439138455630255
2022-08-24,Almora,20.80445308989096
2022-08-24,Bageshwar,27.104757688687226
2022-08-24,Chamoli,12.966915456938551
2022-08-24,Champawat,4.886589962984651
2022-08-24,Dehra Dun,8.13731720940682
2022-08-24,Haridwar,3.1472564897735964
2022-08-24,Naini Tal,9.389578379806302
2022-08-24,Pauri Garhwal,10.10048550434582
2022-08-24,Pithoragarh,8.809991038962359
2022-08-24,Rudra Prayag,25.08129476177408
2022-08-24,Tehri Garhwal,14.457380069651776
2022-08-24,Udham Singh Nagar,3.3580600804729954
2022-08-24,Uttarkashi,10.586154055354328
2022-08-25,Almora,0.2915584267264306
2022-08-25,Bageshwar,1.7085210990111055
2022-08-25,Chamoli,0.8251314965714193
2022-08-25,Champawat,0.0
2022-08-25,Dehra Dun,0.004591169173868
2022-08-25,Haridwar,0.0070822328974567
2022-08-25,Naini Tal,1.2494580335536678
2022-08-25,Pauri Garhwal,0.886314062483648
2022-08-25,Pithoragarh,1.233219627398842
2022-08-25,Rudra Prayag,0.6692918674077755
2022-08-25,Tehri Garhwal,0.7515830944827145
2022-08-25,Udham Singh Nagar,0.028510936145389
2022-08-25,Uttarkashi,1.1829755881148332
2022-08-26,Almora,0.6147905231940604
2022-08-26,Bageshwar,3.008851949236637
2022-08-26,Chamoli,2.480710374739852
2022-08-26,Champawat,1.5233772142330209
2022-08-26,Dehra Dun,0.565045635308588
2022-08-26,Haridwar,0.0
2022-08-26,Naini Tal,0.7155907523182369
2022-08-26,Pauri Garhwal,0.2788027080269772
2022-08-26,Pithoragarh,4.17765586062205
2022-08-26,Rudra Prayag,3.682077640434647
2022-08-26,Tehri Garhwal,0.8246516187376517
2022-08-26,Udham Singh Nagar,0.0669997028726781
2022-08-26,Uttarkashi,0.9249413648204236
2022-08-27,Almora,0.0161442512281667
2022-08-27,Bageshwar,2.7653298848991708
2022-08-27,Chamoli,2.0771752792656923
2022-08-27,Champawat,0.7563779915163544
2022-08-27,Dehra Dun,0.2136385909081902
2022-08-27,Haridwar,0.0
2022-08-27,Naini Tal,0.0387659765276517
2022-08-27,Pauri Garhwal,0.0615172294076845
2022-08-27,Pithoragarh,9.848447100147032
2022-08-27,Rudra Prayag,3.6064057690643145
2022-08-27,Tehri Garhwal,1.5341216754293432
2022-08-27,Udham Singh Nagar,0.0153960975713173
2022-08-27,Uttarkashi,2.7140791033154867
2022-08-28,Almora,28.03710417478716
2022-08-28,Bageshwar,20.590431511653108
2022-08-28,Chamoli,8.998506868987594
2022-08-28,Champawat,38.32890094533406
2022-08-28,Dehra Dun,8.843031970040837
2022-08-28,Haridwar,0.2014949765432902
2022-08-28,Naini Tal,37.494200583840616
2022-08-28,Pauri Garhwal,14.704067182323062
2022-08-28,Pithoragarh,12.349323179203742
2022-08-28,Rudra Prayag,6.783998114623077
2022-08-28,Tehri Garhwal,17.749307649949774
2022-08-28,Udham Singh Nagar,21.362387210354235
2022-08-28,Uttarkashi,7.5058332074507454
2022-08-29,Almora,2.9322226791827704
2022-08-29,Bageshwar,5.473764565927046
2022-08-29,Chamoli,4.676635785742359
2022-08-29,Champawat,4.560798109214506
2022-08-29,Dehra Dun,4.207193969698527
2022-08-29,Haridwar,2.551986210399966
2022-08-29,Naini Tal,3.1038251368788257
2022-08-29,Pauri Garhwal,2.2749810531907304
2022-08-29,Pithoragarh,3.8947888694394535
2022-08-29,Rudra Prayag,7.474488623462784
2022-08-29,Tehri Garhwal,6.057333555267208
2022-08-29,Udham Singh Nagar,0.9292602436680336
2022-08-29,Uttarkashi,5.263054155292699
2022-08-30,Almora,6.142523551474419
2022-08-30,Bageshwar,3.914657070384676
2022-08-30,Chamoli,1.5525068992186546
2022-08-30,Champawat,10.279319544054191
2022-08-30,Dehra Dun,1.0731261682305226
2022-08-30,Haridwar,0.0186141920060333
2022-08-30,Naini Tal,7.033105412460276
2022-08-30,Pauri Garhwal,0.6213595515738696
2022-08-30,Pithoragarh,5.567257361242568
2022-08-30,Rudra Prayag,3.557721867102852
2022-08-30,Tehri Garhwal,1.286361966067052
2022-08-30,Udham Singh Nagar,1.5726440684837402
2022-08-30,Uttarkashi,1.063662296126962
2022-08-31,Almora,2.760450715868817
2022-08-31,Bageshwar,6.6584060823775975
2022-08-31,Chamoli,4.464853171223585
2022-08-31,Champawat,9.056719191042784
2022-08-31,Dehra Dun,2.339435073365318
2022-08-31,Haridwar,0.3131739688326453
2022-08-31,Naini Tal,1.7811898156253587
2022-08-31,Pauri Garhwal,0.950988335111954
2022-08-31,Pithoragarh,10.834798923388746
2022-08-31,Rudra Prayag,8.860441939296308
2022-08-31,Tehri Garhwal,2.74342301376496
2022-08-31,Udham Singh Nagar,0.9880822935410586
2022-08-31,Uttarkashi,3.045544649763358
2022-09-01,Almora,35.92998040865446
2022-09-01,Bageshwar,31.235709762878844
2022-09-01,Chamoli,9.568814671674804
2022-09-01,Champawat,42.36870056895975
2022-09-01,Dehra Dun,17.747717139483743
2022-09-01,Haridwar,14.52248961033146
2022-09-01,Naini Tal,77.09738166633741
2022-09-01,Pauri Garhwal,51.07989847703747
2022-09-01,Pithoragarh,18.870284304801817
2022-09-01,Rudra Prayag,13.248986583179272
2022-09-01,Tehri Garhwal,35.29456912124914
2022-09-01,Udham Singh Nagar,73.9510463305611
2022-09-01,Uttarkashi,12.097326488837972
2022-09-02,Almora,5.176851839001249
2022-09-02,Bageshwar,5.948213069732748
2022-09-02,Chamoli,1.7406943858413917
2022-09-02,Champawat,10.48968720837963
2022-09-02,Dehra Dun,1.6118608152834737
2022-09-02,Haridwar,0.669949804574873
2022-09-02,Naini Tal,5.17454678427893
2022-09-02,Pauri Garhwal,1.904690033340544
2022-09-02,Pithoragarh,5.157100568267986
2022-09-02,Rudra Prayag,3.260792675638485
2022-09-02,Tehri Garhwal,2.539997551357995
2022-09-02,Udham Singh Nagar,2.290349489382677
2022-09-02,Uttarkashi,1.5407665905801349
2022-09-03,Almora,0.2725528677245662
2022-09-03,Bageshwar,2.718864837050206
2022-09-03,Chamoli,1.6663242535046574
2022-09-03,Champawat,0.0441930209909262
2022-09-03,Dehra Dun,1.7875353840374433
2022-09-03,Haridwar,0.9540482301722216
2022-09-03,Naini Tal,0.0249781766109873
2022-09-03,Pauri Garhwal,0.608874016098917
2022-09-03,Pithoragarh,2.045425514650782
2022-09-03,Rudra Prayag,5.380272747886356
2022-09-03,Tehri Garhwal,2.4060679107399894
2022-09-03,Udham Singh Nagar,0.0139971918412964
2022-09-03,Uttarkashi,2.0481222475870893
2022-09-04,Almora,0.9899511706690584
2022-09-04,Bageshwar,6.004939235687283
2022-09-04,Chamoli,1.415822452085182
2022-09-04,Champawat,5.4752910233165375
2022-09-04,Dehra Dun,10.631106300258686
2022-09-04,Haridwar,0.2256981829434848
2022-09-04,Naini Tal,0.929556254460087
2022-09-04,Pauri Garhwal,0.1766899214617643
2022-09-04,Pithoragarh,3.6697300003162434
2022-09-04,Rudra Prayag,3.356638953788447
2022-09-04,Tehri Garhwal,8.577960627700131
2022-09-04,Udham Singh Nagar,0.7103731668574342
2022-09-04,Uttarkashi,2.958316230545675
2022-09-05,Almora,1.398417126852514
2022-09-05,Bageshwar,4.039485206042061
2022-09-05,Chamoli,1.9317719072181816
2022-09-05,Champawat,0.1891842340025676
2022-09-05,Dehra Dun,1.7946061195394962
2022-09-05,Haridwar,0.0
2022-09-05,Naini Tal,0.0691852826641755
2022-09-05,Pauri Garhwal,0.7895794251573113
2022-09-05,Pithoragarh,1.0734265790870037
2022-09-05,Rudra Prayag,0.5231191566854149
2022-09-05,Tehri Garhwal,0.5984335545130185
2022-09-05,Udham Singh Nagar,0.0
2022-09-05,Uttarkashi,1.7169867328639064
2022-09-06,Almora,0.044910519641426
2022-09-06,Bageshwar,0.9541543926694432
2022-09-06,Chamoli,0.5392175213859263
2022-09-06,Champawat,0.0
2022-09-06,Dehra Dun,0.0
2022-09-06,Haridwar,0.0
2022-09-06,Naini Tal,0.018698949952913
2022-09-06,Pauri Garhwal,0.0793477740664634
2022-09-06,Pithoragarh,0.4831249161771201
2022-09-06,Rudra Prayag,1.1994542041976832
2022-09-06,Tehri Garhwal,0.161122755001587
2022-09-06,Udham Singh Nagar,0.0
2022-09-06,Uttarkashi,2.3346808840714663
2022-09-07,Almora,0.12097681167388
2022-09-07,Bageshwar,1.251918177123469
2022-09-07,Chamoli,0.6929353769470483
2022-09-07,Champawat,0.1303827796864461
2022-09-07,Dehra Dun,0.0378515931741357
2022-09-07,Haridwar,0.0
2022-09-07,Naini Tal,0.1543375222250675
2022-09-07,Pauri Garhwal,0.0428074153603874
2022-09-07,Pithoragarh,1.5943762048731145
2022-09-07,Rudra Prayag,0.9143523146001064
2022-09-07,Tehri Garhwal,0.1528378706695274
2022-09-07,Udham Singh Nagar,0.4178561855337692
2022-09-07,Uttarkashi,0.4569131088623083
2022-09-08,Almora,0.7962662416661547
2022-09-08,Bageshwar,1.2410780906177348
2022-09-08,Chamoli,1.1599428791053086
2022-09-08,Champawat,0.2919829238512848
2022-09-08,Dehra Dun,0.0894031059590891
2022-09-08,Haridwar,0.0027425602789516
2022-09-08,Naini Tal,8.819384064306448
2022-09-08,Pauri Garhwal,0.1513387520363373
2022-09-08,Pithoragarh,1.3062130995872778
2022-09-08,Rudra Prayag,2.0105543617847563
2022-09-08,Tehri Garhwal,0.1264458594892033
2022-09-08,Udham Singh Nagar,3.4815303785909504
2022-09-08,Uttarkashi,1.215890087807977
2022-09-09,Almora,0.6586950763572893
2022-09-09,Bageshwar,14.861513440368824
2022-09-09,Chamoli,8.46848900423534
2022-09-09,Champawat,8.03530723827748
2022-09-09,Dehra Dun,10.595423578068916
2022-09-09,Haridwar,3.097915098369567
2022-09-09,Naini Tal,6.080126118832398
2022-09-09,Pauri Garhwal,5.250447047960491
2022-09-09,Pithoragarh,9.062933495414322
2022-09-09,Rudra Prayag,15.95051438348088
2022-09-09,Tehri Garhwal,3.143514979861054
2022-09-09,Udham Singh Nagar,13.712758348685416
2022-09-09,Uttarkashi,1.186645435862358
2022-09-10,Almora,4.81906645470276
2022-09-10,Bageshwar,21.711959989245308
2022-09-10,Chamoli,18.773237198131785
2022-09-10,Champawat,1.665161862747321
2022-09-10,Dehra Dun,16.66246758879708
2022-09-10,Haridwar,25.653535220172795
2022-09-10,Naini Tal,1.18165122290641
2022-09-10,Pauri Garhwal,16.651963655192397
2022-09-10,Pithoragarh,23.01077478508573
2022-09-10,Rudra Prayag,53.39270346335236
2022-09-10,Tehri Garhwal,50.50586944722399
2022-09-10,Udham Singh Nagar,2.309932697235799
2022-09-10,Uttarkashi,16.3988011321468
2022-09-11,Almora,1.072578609377093
2022-09-11,Bageshwar,14.632227627619733
2022-09-11,Chamoli,14.010384883013462
2022-09-11,Champawat,0.125791914428184
2022-09-11,Dehra Dun,0.3219698738229596
2022-09-11,Haridwar,0.0109535125249035
2022-09-11,Naini Tal,0.0384511052834372
2022-09-11,Pauri Garhwal,1.090001889177298
2022-09-11,Pithoragarh,9.410051095856025
2022-09-11,Rudra Prayag,12.296481558176108
2022-09-11,Tehri Garhwal,3.86190993463414
2022-09-11,Udham Singh Nagar,0.0063368311069824
2022-09-11,Uttarkashi,3.507545209299213
2022-09-12,Almora,2.0258337363432544
2022-09-12,Bageshwar,4.926681886073921
2022-09-12,Chamoli,2.274197199774404
2022-09-12,Champawat,2.064331021305289
2022-09-12,Dehra Dun,6.294646899587365
2022-09-12,Haridwar,1.319780754205217
2022-09-12,Naini Tal,6.902174321250725
2022-09-12,Pauri Garhwal,4.4318031563441735
2022-09-12,Pithoragarh,2.5058318226065275
2022-09-12,Rudra Prayag,8.343376311148953
2022-09-12,Tehri Garhwal,4.046091203935451
2022-09-12,Udham Singh Nagar,12.8220895524401
2022-09-12,Uttarkashi,2.266333550586526
2022-09-13,Almora,6.837471367218562
2022-09-13,Bageshwar,12.273883916490698
2022-09-13,Chamoli,8.365021139855738
2022-09-13,Champawat,10.009078612009455
2022-09-13,Dehra Dun,7.476627628643112
2022-09-13,Haridwar,8.166088908211155
2022-09-13,Naini Tal,6.76121307749239
2022-09-13,Pauri Garhwal,21.69572494671611
2022-09-13,Pithoragarh,9.696363010426806
2022-09-13,Rudra Prayag,11.063006683455102
2022-09-13,Tehri Garhwal,4.414426112866628
2022-09-13,Udham Singh Nagar,1.7205638009696944
2022-09-13,Uttarkashi,5.789825591197405
2022-09-14,Almora,18.06091065934408
2022-09-14,Bageshwar,18.401938019620825
2022-09-14,Chamoli,24.66105694920073
2022-09-14,Champawat,5.198363334548062
2022-09-14,Dehra Dun,15.143055690503983
2022-09-14,Haridwar,7.246120624641734
2022-09-14,Naini Tal,7.244807060819654
2022-09-14,Pauri Garhwal,27.83796251913622
2022-09-14,Pithoragarh,14.392956129020089
2022-09-14,Rudra Prayag,21.72099082232911
2022-09-14,Tehri Garhwal,29.35049687684353
2022-09-14,Udham Singh Nagar,1.5329736486969816
2022-09-14,Uttarkashi,40.40320344126399
2022-09-15,Almora,19.57389053101944
2022-09-15,Bageshwar,11.388225822933943
2022-09-15,Chamoli,18.559161364105744
2022-09-15,Champawat,9.581240995777732
2022-09-15,Dehra Dun,30.62962659475673
2022-09-15,Haridwar,31.651456377412103
2022-09-15,Naini Tal,8.852413278618629
2022-09-15,Pauri Garhwal,27.56825700799545
2022-09-15,Pithoragarh,8.585191584688388
2022-09-15,Rudra Prayag,27.51333096010517
2022-09-15,Tehri Garhwal,45.295679395654815
2022-09-15,Udham Singh Nagar,4.687186551816043
2022-09-15,Uttarkashi,26.70108126734408
2022-09-16,Almora,43.321480842637136
2022-09-16,Bageshwar,44.253684782316085
2022-09-16,Chamoli,14.197103220745776
2022-09-16,Champawat,43.347770135785424
2022-09-16,Dehra Dun,6.285385516582326
2022-09-16,Haridwar,8.666602198803659
2022-09-16,Naini Tal,27.856575316234643
2022-09-16,Pauri Garhwal,23.55254165465133
2022-09-16,Pithoragarh,45.01655017536074
2022-09-16,Rudra Prayag,19.21774048746301
2022-09-16,Tehri Garhwal,19.248709087180355
2022-09-16,Udham Singh Nagar,30.172409140898854
2022-09-16,Uttarkashi,14.717683164880558
2022-09-17,Almora,28.375828356631967
2022-09-17,Bageshwar,20.23504087962416
2022-09-17,Chamoli,21.525819559020515
2022-09-17,Champawat,10.367902643744127
2022-09-17,Dehra Dun,7.880168778903562
2022-09-17,Haridwar,0.7075594134155158
2022-09-17,Naini Tal,13.784347592772196
2022-09-17,Pauri Garhwal,13.835381685137516
2022-09-17,Pithoragarh,20.957046578694555
2022-09-17,Rudra Prayag,11.303170724436706
2022-09-17,Tehri Garhwal,7.977862469147977
2022-09-17,Udham Singh Nagar,10.388308210862776
2022-09-17,Uttarkashi,9.801197986142194
2022-09-18,Almora,5.136815911828244
2022-09-18,Bageshwar,5.341257233897854
2022-09-18,Chamoli,5.334308094172108
2022-09-18,Champawat,9.470129060497728
2022-09-18,Dehra Dun,1.0114022658304758
2022-09-18,Haridwar,0.0016138404056752
2022-09-18,Naini Tal,4.317301684096464
2022-09-18,Pauri Garhwal,2.9650565946832086
2022-09-18,Pithoragarh,3.085794200693348
2022-09-18,Rudra Prayag,6.7873400730429925
2022-09-18,Tehri Garhwal,3.620733794701912
2022-09-18,Udham Singh Nagar,2.4661867629809344
2022-09-18,Uttarkashi,5.909390888529994
2022-09-19,Almora,7.971457273288607
2022-09-19,Bageshwar,39.286489193640165
2022-09-19,Chamoli,11.425050678837623
2022-09-19,Champawat,5.905398953573716
2022-09-19,Dehra Dun,6.397851478037089
2022-09-19,Haridwar,11.191103840614304
2022-09-19,Naini Tal,2.058291549611268
2022-09-19,Pauri Garhwal,9.022493806653838
2022-09-19,Pithoragarh,15.231156521511332
2022-09-19,Rudra Prayag,19.197906331865948
2022-09-19,Tehri Garhwal,11.851573295135807
2022-09-19,Udham Singh Nagar,0.6882116330322015
2022-09-19,Uttarkashi,7.497198157967018
2022-09-20,Almora,12.806700459855692
2022-09-20,Bageshwar,6.759037556072274
2022-09-20,Chamoli,7.797166606363882
2022-09-20,Champawat,1.7827986334581447
2022-09-20,Dehra Dun,16.83579819310346
2022-09-20,Haridwar,6.630145092591379
2022-09-20,Naini Tal,2.2517488811801525
2022-09-20,Pauri Garhwal,4.571549112903947
2022-09-20,Pithoragarh,4.808632276987392
2022-09-20,Rudra Prayag,21.08586127917429
2022-09-20,Tehri Garhwal,9.80255555188125
2022-09-20,Udham Singh Nagar,0.5236808965569005
2022-09-20,Uttarkashi,22.41600089113004
2022-09-21,Almora,18.15917522003312
2022-09-21,Bageshwar,16.827869103461342
2022-09-21,Chamoli,33.20591135942152
2022-09-21,Champawat,3.607034269055953
2022-09-21,Dehra Dun,49.62328660582138
2022-09-21,Haridwar,37.34002650700357
2022-09-21,Naini Tal,10.558991768480528
2022-09-21,Pauri Garhwal,25.05735463787048
2022-09-21,Pithoragarh,17.97736872998875
2022-09-21,Rudra Prayag,60.781224895428245
2022-09-21,Tehri Garhwal,61.2782147688693
2022-09-21,Udham Singh Nagar,3.799625256610856
2022-09-21,Uttarkashi,49.48861040104175
2022-09-22,Almora,3.245559152813073
2022-09-22,Bageshwar,3.411837239897304
2022-09-22,Chamoli,12.619345055653548
2022-09-22,Champawat,8.915968705570872
2022-09-22,Dehra Dun,22.88905775603188
2022-09-22,Haridwar,27.78620378117039
2022-09-22,Naini Tal,8.704613799288204
2022-09-22,Pauri Garhwal,23.738006238306355
2022-09-22,Pithoragarh,2.448039750488704
2022-09-22,Rudra Prayag,12.965849434914446
2022-09-22,Tehri Garhwal,15.505381352727872
2022-09-22,Udham Singh Nagar,9.308512950279043
2022-09-22,Uttarkashi,16.215594816872905
2022-09-23,Almora,15.68896250544157
2022-09-23,Bageshwar,45.01750636019005
2022-09-23,Chamoli,17.222161070672772
2022-09-23,Champawat,15.444192651803014
2022-09-23,Dehra Dun,50.189489853067045
2022-09-23,Haridwar,105.52938405818202
2022-09-23,Naini Tal,12.272243298056924
2022-09-23,Pauri Garhwal,35.281449739515885
2022-09-23,Pithoragarh,20.508730430237435
2022-09-23,Rudra Prayag,11.301927190823465
2022-09-23,Tehri Garhwal,29.79741014912432
2022-09-23,Udham Singh Nagar,29.266695404443155
2022-09-23,Uttarkashi,13.726851652707891
2022-09-24,Almora,66.80592379051082
2022-09-24,Bageshwar,60.21277804296884
2022-09-24,Chamoli,44.90892041627894
2022-09-24,Champawat,68.12814736636108
2022-09-24,Dehra Dun,60.64310096577039
2022-09-24,Haridwar,52.47796596557285
2022-09-24,Naini Tal,76.01390723448156
2022-09-24,Pauri Garhwal,53.2944511512751
2022-09-24,Pithoragarh,43.45446420641613
2022-09-24,Rudra Prayag,67.7855097356418
2022-09-24,Tehri Garhwal,62.773347702801495
2022-09-24,Udham Singh Nagar,67.09578630813661
2022-09-24,Uttarkashi,41.938844115354925
2022-09-25,Almora,58.783744653605936
2022-09-25,Bageshwar,64.48215757395751
2022-09-25,Chamoli,32.60143109645196
2022-09-25,Champawat,71.86709430268624
2022-09-25,Dehra Dun,29.32249374763112
2022-09-25,Haridwar,1.8361172307985247
2022-09-25,Naini Tal,33.086519592012394
2022-09-25,Pauri Garhwal,13.862622461414974
2022-09-25,Pithoragarh,63.58049069123079
2022-09-25,Rudra Prayag,17.275989260423817
2022-09-25,Tehri Garhwal,26.64272576898028
2022-09-25,Udham Singh Nagar,27.60189482253285
2022-09-25,Uttarkashi,19.81059844202166
2022-09-26,Almora,0.2344305824085366
2022-09-26,Bageshwar,4.1279548804070245
2022-09-26,Chamoli,2.5024935285483374
2022-09-26,Champawat,0.0
2022-09-26,Dehra Dun,0.0990297050015027
2022-09-26,Haridwar,0.0
2022-09-26,Naini Tal,0.0432333984328731
2022-09-26,Pauri Garhwal,1.130096728049799
2022-09-26,Pithoragarh,1.668457753925697
2022-09-26,Rudra Prayag,8.2731586738385
2022-09-26,Tehri Garhwal,3.711619724152951
2022-09-26,Udham Singh Nagar,0.0
2022-09-26,Uttarkashi,3.9316115030787775
2022-09-27,Almora,0.0909700369777525
2022-09-27,Bageshwar,0.6909053130349254
2022-09-27,Chamoli,3.784759534941892
2022-09-27,Champawat,0.0
2022-09-27,Dehra Dun,0.0
2022-09-27,Haridwar,0.0
2022-09-27,Naini Tal,0.0321323909302901
2022-09-27,Pauri Garhwal,0.0319200518809786
2022-09-27,Pithoragarh,0.8520534352344138
2022-09-27,Rudra Prayag,4.0363954131004105
2022-09-27,Tehri Garhwal,0.3613510210250955
2022-09-27,Udham Singh Nagar,0.0
2022-09-27,Uttarkashi,5.111606173710717
2022-09-28,Almora,0.0
2022-09-28,Bageshwar,0.5488253553404803
2022-09-28,Chamoli,5.657958993628795
2022-09-28,Champawat,0.0
2022-09-28,Dehra Dun,0.6609021363737765
2022-09-28,Haridwar,0.0
2022-09-28,Naini Tal,0.0173568528114194
2022-09-28,Pauri Garhwal,0.0665993350076561
2022-09-28,Pithoragarh,1.1859376543505868
2022-09-28,Rudra Prayag,4.848269327489308
2022-09-28,Tehri Garhwal,1.4389434512093908
2022-09-28,Udham Singh Nagar,0.0
2022-09-28,Uttarkashi,5.133013406640123
2022-09-29,Almora,3.4574544952829807
2022-09-29,Bageshwar,1.6632361731122194
2022-09-29,Chamoli,5.7713444416732536
2022-09-29,Champawat,0.0
2022-09-29,Dehra Dun,0.1756609385484374
2022-09-29,Haridwar,0.0
2022-09-29,Naini Tal,0.0038304062004484
2022-09-29,Pauri Garhwal,2.933400202803035
2022-09-29,Pithoragarh,3.0479187764873665
2022-09-29,Rudra Prayag,1.2884559314382715
2022-09-29,Tehri Garhwal,0.7633449153632375
2022-09-29,Udham Singh Nagar,0.0050302983142992
2022-09-29,Uttarkashi,3.4429407422505247
2022-09-30,Almora,0.0008446312021593
2022-09-30,Bageshwar,0.5787738866648664
2022-09-30,Chamoli,2.701227922022207
2022-09-30,Champawat,0.0
2022-09-30,Dehra Dun,0.0
2022-09-30,Haridwar,0.0
2022-09-30,Naini Tal,0.0
2022-09-30,Pauri Garhwal,0.4750493278178523
2022-09-30,Pithoragarh,0.88994838787742
2022-09-30,Rudra Prayag,0.431761639749242
2022-09-30,Tehri Garhwal,0.1147331272245157
2022-09-30,Udham Singh Nagar,0.0
2022-09-30,Uttarkashi,1.201057142042203
2022-10-01,Almora,2.2103724525567165
2022-10-01,Bageshwar,1.4714211155680998
2022-10-01,Chamoli,1.6336903183095088
2022-10-01,Champawat,0.8664472827542458
2022-10-01,Dehra Dun,2.64505261673043
2022-10-01,Haridwar,0.0774899665099001
2022-10-01,Naini Tal,1.886285374505588
2022-10-01,Pauri Garhwal,0.4476293638735151
2022-10-01,Pithoragarh,4.815744901680172
2022-10-01,Rudra Prayag,1.7578305377314487
2022-10-01,Tehri Garhwal,1.8526139524604648
2022-10-01,Udham Singh Nagar,0.1679722225431715
2022-10-01,Uttarkashi,4.374155190948388
2022-10-02,Almora,0.1101721781859004
2022-10-02,Bageshwar,0.970667255968061
2022-10-02,Chamoli,1.584251643719714
2022-10-02,Champawat,0.0018323292753782
2022-10-02,Dehra Dun,0.013630416545825
2022-10-02,Haridwar,0.0
2022-10-02,Naini Tal,0.2622981349984363
2022-10-02,Pauri Garhwal,0.3804525395170475
2022-10-02,Pithoragarh,0.5768158919722712
2022-10-02,Rudra Prayag,1.526062132370544
2022-10-02,Tehri Garhwal,0.2129064932857184
2022-10-02,Udham Singh Nagar,0.0
2022-10-02,Uttarkashi,1.851765770706008
2022-10-03,Almora,0.0040014911626835
2022-10-03,Bageshwar,0.8644337981045658
2022-10-03,Chamoli,1.0316465421068055
2022-10-03,Champawat,0.0
2022-10-03,Dehra Dun,0.0355362490014472
2022-10-03,Haridwar,0.0
2022-10-03,Naini Tal,0.0017956977191962
2022-10-03,Pauri Garhwal,0.0881165651790208
2022-10-03,Pithoragarh,1.6271286181958082
2022-10-03,Rudra Prayag,1.5124006522443012
2022-10-03,Tehri Garhwal,0.3234936064963126
2022-10-03,Udham Singh Nagar,0.0011543009100917
2022-10-03,Uttarkashi,1.842969320618732
2022-10-04,Almora,0.0965787659074965
2022-10-04,Bageshwar,1.0829135699098358
2022-10-04,Chamoli,0.965234207490996
2022-10-04,Champawat,0.0958433704194519
2022-10-04,Dehra Dun,0.2281268669978194
2022-10-04,Haridwar,0.2351901725677143
2022-10-04,Naini Tal,0.3486313966064089
2022-10-04,Pauri Garhwal,0.6102782946799983
2022-10-04,Pithoragarh,0.2261609479133354
2022-10-04,Rudra Prayag,0.1704922265300787
2022-10-04,Tehri Garhwal,0.5259278330890149
2022-10-04,Udham Singh Nagar,0.00593703795247
2022-10-04,Uttarkashi,3.3604656672457205
2022-10-05,Almora,0.958363584715998
2022-10-05,Bageshwar,0.7426406065250322
2022-10-05,Chamoli,0.409429612894992
2022-10-05,Champawat,0.535572284147897
2022-10-05,Dehra Dun,21.098676284282448
2022-10-05,Haridwar,9.614928475701316
2022-10-05,Naini Tal,0.3526514512519179
2022-10-05,Pauri Garhwal,1.7445262019220849
2022-10-05,Pithoragarh,1.455148326839198
2022-10-05,Rudra Prayag,0.1737858341344099
2022-10-05,Tehri Garhwal,3.217181592391647
2022-10-05,Udham Singh Nagar,0.6354167776303697
2022-10-05,Uttarkashi,0.5249250827292137
2022-10-06,Almora,7.012709284004544
2022-10-06,Bageshwar,3.350112954276676
2022-10-06,Chamoli,3.0935734592626307
2022-10-06,Champawat,37.04772754057954
2022-10-06,Dehra Dun,0.6082474681829008
2022-10-06,Haridwar,1.6648097831297015
2022-10-06,Naini Tal,23.75822395963278
2022-10-06,Pauri Garhwal,11.53632423434913
2022-10-06,Pithoragarh,9.639803023060448
2022-10-06,Rudra Prayag,0.632563029519493
2022-10-06,Tehri Garhwal,0.9176944150719714
2022-10-06,Udham Singh Nagar,36.823233735459
2022-10-06,Uttarkashi,0.2305622694310178
2022-10-07,Almora,43.77426012092102
2022-10-07,Bageshwar,42.744098246508095
2022-10-07,Chamoli,18.6383999498071
2022-10-07,Champawat,36.40738993172976
2022-10-07,Dehra Dun,9.493048302921023
2022-10-07,Haridwar,7.582604153718727
2022-10-07,Naini Tal,42.34065680961098
2022-10-07,Pauri Garhwal,21.288816919466644
2022-10-07,Pithoragarh,31.62055768174092
2022-10-07,Rudra Prayag,13.690279497319128
2022-10-07,Tehri Garhwal,9.638015875260226
2022-10-07,Udham Singh Nagar,34.216457247285625
2022-10-07,Uttarkashi,9.86689970556365
2022-10-08,Almora,139.58952493351657
2022-10-08,Bageshwar,105.80618234554012
2022-10-08,Chamoli,56.92808504121603
2022-10-08,Champawat,97.3793830785514
2022-10-08,Dehra Dun,16.983651147140627
2022-10-08,Haridwar,65.8414935629356
2022-10-08,Naini Tal,119.82023162174283
2022-10-08,Pauri Garhwal,69.88095598031089
2022-10-08,Pithoragarh,85.82189527557938
2022-10-08,Rudra Prayag,65.88579640700537
2022-10-08,Tehri Garhwal,55.785116962538446
2022-10-08,Udham Singh Nagar,89.9507849584243
2022-10-08,Uttarkashi,21.39232480345368
2022-10-09,Almora,103.03627011860056
2022-10-09,Bageshwar,75.72122618740113
2022-10-09,Chamoli,73.66076320493133
2022-10-09,Champawat,94.8566232679634
2022-10-09,Dehra Dun,1.64115014590925
2022-10-09,Haridwar,13.930187193696842
2022-10-09,Naini Tal,72.56538180615632
2022-10-09,Pauri Garhwal,75.14743217943511
2022-10-09,Pithoragarh,62.172063978464905
2022-10-09,Rudra Prayag,32.281436250888014
2022-10-09,Tehri Garhwal,14.23192448548401
2022-10-09,Udham Singh Nagar,74.1798873607236
2022-10-09,Uttarkashi,6.315887453846923
2022-10-10,Almora,38.94522413768105
2022-10-10,Bageshwar,45.8396809315778
2022-10-10,Chamoli,24.035117656993805
2022-10-10,Champawat,7.809099952727238
2022-10-10,Dehra Dun,2.460119870175935
2022-10-10,Haridwar,1.507429087280684
2022-10-10,Naini Tal,19.24345688821253
2022-10-10,Pauri Garhwal,12.742886477037942
2022-10-10,Pithoragarh,27.75162439157129
2022-10-10,Rudra Prayag,4.599758103125068
2022-10-10,Tehri Garhwal,1.8938014248487751
2022-10-10,Udham Singh Nagar,12.74401534753148
2022-10-10,Uttarkashi,2.115926420259356
2022-10-11,Almora,0.9845871472004708
2022-10-11,Bageshwar,4.616457619584981
2022-10-11,Chamoli,3.268640954701384
2022-10-11,Champawat,0.2721197288616628
2022-10-11,Dehra Dun,22.22693935029781
2022-10-11,Haridwar,0.6127266941910574
2022-10-11,Naini Tal,0.381812838473221
2022-10-11,Pauri Garhwal,0.9808499496361948
2022-10-11,Pithoragarh,1.8637002626067165
2022-10-11,Rudra Prayag,0.9985992904166998
2022-10-11,Tehri Garhwal,3.9047016005334094
2022-10-11,Udham Singh Nagar,0.5419937742881185
2022-10-11,Uttarkashi,10.950763877210576
2022-10-12,Almora,0.3994746384965437
2022-10-12,Bageshwar,0.4953593605617404
2022-10-12,Chamoli,1.1003729333267158
2022-10-12,Champawat,0.0
2022-10-12,Dehra Dun,0.8698786913050994
2022-10-12,Haridwar,0.0272864931500657
2022-10-12,Naini Tal,4.052790099582466e-05
2022-10-12,Pauri Garhwal,1.2905724096006337
2022-10-12,Pithoragarh,0.5675291352206269
2022-10-12,Rudra Prayag,1.188390293740225
2022-10-12,Tehri Garhwal,0.2850891084951185
2022-10-12,Udham Singh Nagar,0.0311912494058303
2022-10-12,Uttarkashi,1.2890970008916551
2022-10-13,Almora,0.0348562895598894
2022-10-13,Bageshwar,0.4631737002363319
2022-10-13,Chamoli,3.459309224477697
2022-10-13,Champawat,0.0
2022-10-13,Dehra Dun,0.0007093213247295
2022-10-13,Haridwar,0.0
2022-10-13,Naini Tal,3.3773249571702216e-05
2022-10-13,Pauri Garhwal,0.8088716970239401
2022-10-13,Pithoragarh,0.2052084009851068
2022-10-13,Rudra Prayag,4.903822007966397
2022-10-13,Tehri Garhwal,1.7439868008914776
2022-10-13,Udham Singh Nagar,0.0
2022-10-13,Uttarkashi,2.1639199031180407
2022-10-14,Almora,0.0021637742975302
2022-10-14,Bageshwar,0.4347839946190909
2022-10-14,Chamoli,0.2429724626128625
2022-10-14,Champawat,0.0
2022-10-14,Dehra Dun,0.0
2022-10-14,Haridwar,0.0
2022-10-14,Naini Tal,0.0011129584823473
2022-10-14,Pauri Garhwal,0.0
2022-10-14,Pithoragarh,0.8648521991879211
2022-10-14,Rudra Prayag,1.8391346675612428
2022-10-14,Tehri Garhwal,0.3132519934352507
2022-10-14,Udham Singh Nagar,0.0
2022-10-14,Uttarkashi,0.7177859785967333
2022-10-15,Almora,0.0
2022-10-15,Bageshwar,0.066317093847251
2022-10-15,Chamoli,2.020175762738252
2022-10-15,Champawat,0.0
2022-10-15,Dehra Dun,0.0
2022-10-15,Haridwar,0.0
2022-10-15,Naini Tal,0.0
2022-10-15,Pauri Garhwal,0.019266054685606
2022-10-15,Pithoragarh,0.2634790667590161
2022-10-15,Rudra Prayag,7.477960118036298
2022-10-15,Tehri Garhwal,0.6252573222350479
2022-10-15,Udham Singh Nagar,0.0
2022-10-15,Uttarkashi,1.4654713504016164
2022-10-16,Almora,0.145716508376208
2022-10-16,Bageshwar,0.1049007324477904
2022-10-16,Chamoli,0.6394232035071024
2022-10-16,Champawat,0.0
2022-10-16,Dehra Dun,0.0002848187501601
2022-10-16,Haridwar,0.0
2022-10-16,Naini Tal,0.3790933067993509
2022-10-16,Pauri Garhwal,0.0003800786260227
2022-10-16,Pithoragarh,0.2477334661355401
2022-10-16,Rudra Prayag,2.847842763918284
2022-10-16,Tehri Garhwal,0.9286642006632676
2022-10-16,Udham Singh Nagar,0.0183890028023927
2022-10-16,Uttarkashi,0.8513542707892255
2022-10-17,Almora,0.0002155639865049
2022-10-17,Bageshwar,1.153170919171124
2022-10-17,Chamoli,0.3270910169802353
2022-10-17,Champawat,0.0
2022-10-17,Dehra Dun,4.4971381604232846e-05
2022-10-17,Haridwar,0.0
2022-10-17,Naini Tal,0.010599604678398
2022-10-17,Pauri Garhwal,0.0004648831905958
2022-10-17,Pithoragarh,0.2148603761410241
2022-10-17,Rudra Prayag,1.048713268954725
2022-10-17,Tehri Garhwal,0.0732796394239203
2022-10-17,Udham Singh Nagar,0.0
2022-10-17,Uttarkashi,0.3659111033828056
2022-10-18,Almora,1.7229588839213854
2022-10-18,Bageshwar,3.394291259422863
2022-10-18,Chamoli,1.4645160223099385
2022-10-18,Champawat,1.6493134393125777
2022-10-18,Dehra Dun,1.1900755987307434
2022-10-18,Haridwar,0.0323076237496208
2022-10-18,Naini Tal,0.0050727422164787
2022-10-18,Pauri Garhwal,0.2571501777931058
2022-10-18,Pithoragarh,3.430967052755131
2022-10-18,Rudra Prayag,5.224400570408307
2022-10-18,Tehri Garhwal,7.417047576917999
2022-10-18,Udham Singh Nagar,0.0233705285589722
2022-10-18,Uttarkashi,3.033726178857308
2022-10-19,Almora,0.0184158075507679
2022-10-19,Bageshwar,0.3665919039906893
2022-10-19,Chamoli,0.3858422177784916
2022-10-19,Champawat,0.032413403358662
2022-10-19,Dehra Dun,0.136683016066493
2022-10-19,Haridwar,0.0069167103738427
2022-10-19,Naini Tal,0.0056427308336669
2022-10-19,Pauri Garhwal,0.0471663698074412
2022-10-19,Pithoragarh,0.2680231936842114
2022-10-19,Rudra Prayag,0.6805543872693454
2022-10-19,Tehri Garhwal,0.3171973805693505
2022-10-19,Udham Singh Nagar,0.0002638190966005
2022-10-19,Uttarkashi,0.2238434700107698
2022-10-20,Almora,1.4570091913071403
2022-10-20,Bageshwar,1.0078740496825265
2022-10-20,Chamoli,0.434697193182099
2022-10-20,Champawat,0.6928087179549038
2022-10-20,Dehra Dun,2.8408428128472667
2022-10-20,Haridwar,0.0
2022-10-20,Naini Tal,0.0590330444066899
2022-10-20,Pauri Garhwal,0.1897371032714462
2022-10-20,Pithoragarh,0.7658659577888393
2022-10-20,Rudra Prayag,3.3329688330893497
2022-10-20,Tehri Garhwal,4.473157505369244
2022-10-20,Udham Singh Nagar,0.0
2022-10-20,Uttarkashi,4.221015710067473
2022-10-21,Almora,0.0
2022-10-21,Bageshwar,0.1335358428248368
2022-10-21,Chamoli,0.3437501245624813
2022-10-21,Champawat,0.0
2022-10-21,Dehra Dun,0.0
2022-10-21,Haridwar,0.0
2022-10-21,Naini Tal,0.0037098617065408
2022-10-21,Pauri Garhwal,1.3877109879839346e-05
2022-10-21,Pithoragarh,0.1731575678615295
2022-10-21,Rudra Prayag,0.9806148359194936
2022-10-21,Tehri Garhwal,0.1667556202473538
2022-10-21,Udham Singh Nagar,0.0
2022-10-21,Uttarkashi,0.2921873569415084
2022-10-22,Almora,0.0
2022-10-22,Bageshwar,0.0095790438449886
2022-10-22,Chamoli,0.0654103072647277
2022-10-22,Champawat,0.0
2022-10-22,Dehra Dun,0.0
2022-10-22,Haridwar,0.0
2022-10-22,Naini Tal,0.0
2022-10-22,Pauri Garhwal,0.0
2022-10-22,Pithoragarh,0.0556954633976282
2022-10-22,Rudra Prayag,0.3544611319169298
2022-10-22,Tehri Garhwal,0.1123937258482323
2022-10-22,Udham Singh Nagar,0.0
2022-10-22,Uttarkashi,0.1538851579400439
2022-10-23,Almora,0.0034191973705386
2022-10-23,Bageshwar,0.0703069833353819
2022-10-23,Chamoli,0.1616676401901184
2022-10-23,Champawat,0.0
2022-10-23,Dehra Dun,0.0
2022-10-23,Haridwar,0.0
2022-10-23,Naini Tal,0.0
2022-10-23,Pauri Garhwal,0.0
2022-10-23,Pithoragarh,0.1151745923436153
2022-10-23,Rudra Prayag,0.6862884108160522
2022-10-23,Tehri Garhwal,0.2608034619715333
2022-10-23,Udham Singh Nagar,0.0
2022-10-23,Uttarkashi,0.2228696740438544
2022-10-24,Almora,0.0
2022-10-24,Bageshwar,0.02591360241161
2022-10-24,Chamoli,0.1323159183718907
2022-10-24,Champawat,0.0
2022-10-24,Dehra Dun,0.0095789042817015
2022-10-24,Haridwar,0.0
2022-10-24,Naini Tal,0.0
2022-10-24,Pauri Garhwal,0.0
2022-10-24,Pithoragarh,0.2739806976308878
2022-10-24,Rudra Prayag,0.5143177703698527
2022-10-24,Tehri Garhwal,0.103168127518623
2022-10-24,Udham Singh Nagar,0.0
2022-10-24,Uttarkashi,0.1286444529024784
2022-10-25,Almora,0.0884903711549646
2022-10-25,Bageshwar,0.0825165411652586
2022-10-25,Chamoli,0.1384425321724073
2022-10-25,Champawat,0.0067206323202923
2022-10-25,Dehra Dun,0.0027575633341624
2022-10-25,Haridwar,0.0
2022-10-25,Naini Tal,0.0004998441097655
2022-10-25,Pauri Garhwal,0.0233139299642041
2022-10-25,Pithoragarh,0.095605395223858
2022-10-25,Rudra Prayag,0.4295336673238889
2022-10-25,Tehri Garhwal,0.1729484338556025
2022-10-25,Udham Singh Nagar,0.0
2022-10-25,Uttarkashi,0.0482156956322584
2022-10-26,Almora,0.0433154816725624
2022-10-26,Bageshwar,0.6958474088823148
2022-10-26,Chamoli,0.2656469370295927
2022-10-26,Champawat,0.0
2022-10-26,Dehra Dun,0.0
2022-10-26,Haridwar,0.0
2022-10-26,Naini Tal,0.0
2022-10-26,Pauri Garhwal,0.0002625086640955
2022-10-26,Pithoragarh,0.1181744751195246
2022-10-26,Rudra Prayag,0.7705146584563305
2022-10-26,Tehri Garhwal,0.166401062741076
2022-10-26,Udham Singh Nagar,0.0
2022-10-26,Uttarkashi,0.4124117642569261
2022-10-27,Almora,0.0102697936012439
2022-10-27,Bageshwar,1.095917250493179
2022-10-27,Chamoli,0.4796312967088325
2022-10-27,Champawat,0.0073606926661702
2022-10-27,Dehra Dun,0.0
2022-10-27,Haridwar,0.0
2022-10-27,Naini Tal,0.0
2022-10-27,Pauri Garhwal,0.0354737481173429
2022-10-27,Pithoragarh,0.4371548806210954
2022-10-27,Rudra Prayag,1.0395284710168864
2022-10-27,Tehri Garhwal,0.214007810304535
2022-10-27,Udham Singh Nagar,0.0
2022-10-27,Uttarkashi,0.1346621297920782
2022-10-28,Almora,0.116454036765956
2022-10-28,Bageshwar,1.269297752768719
2022-10-28,Chamoli,1.1146131455707469
2022-10-28,Champawat,0.0
2022-10-28,Dehra Dun,0.0
2022-10-28,Haridwar,0.0
2022-10-28,Naini Tal,0.0003221448606504
2022-10-28,Pauri Garhwal,0.0028328578050387
2022-10-28,Pithoragarh,0.4952771808349236
2022-10-28,Rudra Prayag,2.143872149004271
2022-10-28,Tehri Garhwal,0.7863309962397674
2022-10-28,Udham Singh Nagar,0.0579589120966599
2022-10-28,Uttarkashi,0.3725346221458307
2022-10-29,Almora,0.0
2022-10-29,Bageshwar,2.204331737525268
2022-10-29,Chamoli,0.5528251928597926
2022-10-29,Champawat,0.0
2022-10-29,Dehra Dun,0.0
2022-10-29,Haridwar,0.0
2022-10-29,Naini Tal,0.007552218548067
2022-10-29,Pauri Garhwal,0.0153307372905332
2022-10-29,Pithoragarh,0.5466739376696339
2022-10-29,Rudra Prayag,2.689452439956753
2022-10-29,Tehri Garhwal,0.5577663806504263
2022-10-29,Udham Singh Nagar,0.0
2022-10-29,Uttarkashi,0.1597097697079607
2022-10-30,Almora,0.0
2022-10-30,Bageshwar,0.4685652470238411
2022-10-30,Chamoli,0.2076037716009271
2022-10-30,Champawat,0.0
2022-10-30,Dehra Dun,0.0
2022-10-30,Haridwar,0.0
2022-10-30,Naini Tal,0.0
2022-10-30,Pauri Garhwal,0.0
2022-10-30,Pithoragarh,0.2339836129374907
2022-10-30,Rudra Prayag,1.8369049687829635
2022-10-30,Tehri Garhwal,0.3031380990521185
2022-10-30,Udham Singh Nagar,0.015640703203091
2022-10-30,Uttarkashi,0.337232806601972
2022-10-31,Almora,0.0065428415664881
2022-10-31,Bageshwar,0.9272858153042548
2022-10-31,Chamoli,0.2581109213702903
2022-10-31,Champawat,0.0
2022-10-31,Dehra Dun,0.0
2022-10-31,Haridwar,0.0
2022-10-31,Naini Tal,0.0
2022-10-31,Pauri Garhwal,1.4648060875477156e-05
2022-10-31,Pithoragarh,0.3518969239907027
2022-10-31,Rudra Prayag,1.2420068762199197
2022-10-31,Tehri Garhwal,0.0668261521112413
2022-10-31,Udham Singh Nagar,0.0
2022-10-31,Uttarkashi,0.2253347281993578
2022-11-01,Almora,0.0040128796167476
2022-11-01,Bageshwar,2.09985233495814
2022-11-01,Chamoli,1.0437570210653242
2022-11-01,Champawat,0.0008786395933183
2022-11-01,Dehra Dun,0.1645614569027398
2022-11-01,Haridwar,0.0203207431420916
2022-11-01,Naini Tal,0.0091830506932258
2022-11-01,Pauri Garhwal,0.1761575790778173
2022-11-01,Pithoragarh,2.3025151597826685
2022-11-01,Rudra Prayag,0.6982257183029965
2022-11-01,Tehri Garhwal,0.2613295304746842
2022-11-01,Udham Singh Nagar,0.0002995861781777
2022-11-01,Uttarkashi,0.7818797850320034
2022-11-02,Almora,0.0
2022-11-02,Bageshwar,0.3221801417960224
2022-11-02,Chamoli,0.1118973402708742
2022-11-02,Champawat,0.0
2022-11-02,Dehra Dun,0.0
2022-11-02,Haridwar,0.0
2022-11-02,Naini Tal,2.0783538585094187e-05
2022-11-02,Pauri Garhwal,0.0001807879045101
2022-11-02,Pithoragarh,0.0982362692227194
2022-11-02,Rudra Prayag,0.6149809871351473
2022-11-02,Tehri Garhwal,0.0339897053129474
2022-11-02,Udham Singh Nagar,0.0037392845053579
2022-11-02,Uttarkashi,0.0070911427000163
2022-11-03,Almora,0.0
2022-11-03,Bageshwar,0.0218658080184147
2022-11-03,Chamoli,0.0784809503900293
2022-11-03,Champawat,0.0
2022-11-03,Dehra Dun,0.0
2022-11-03,Haridwar,0.0
2022-11-03,Naini Tal,0.0010599604875831
2022-11-03,Pauri Garhwal,0.0
2022-11-03,Pithoragarh,0.041666666261215
2022-11-03,Rudra Prayag,0.2350759869779175
2022-11-03,Tehri Garhwal,0.035277353611562
2022-11-03,Udham Singh Nagar,0.0
2022-11-03,Uttarkashi,0.0821340794360447
2022-11-04,Almora,0.0052528468921776
2022-11-04,Bageshwar,0.0171534921008381
2022-11-04,Chamoli,0.1750965702220048
2022-11-04,Champawat,0.0
2022-11-04,Dehra Dun,0.0012591986635963
2022-11-04,Haridwar,0.0005696425299686
2022-11-04,Naini Tal,0.0061955729474876
2022-11-04,Pauri Garhwal,0.0115754370679661
2022-11-04,Pithoragarh,0.060090939620208
2022-11-04,Rudra Prayag,0.604041442504098
2022-11-04,Tehri Garhwal,0.0683044206498924
2022-11-04,Udham Singh Nagar,0.0
2022-11-04,Uttarkashi,0.0497188603002614
2022-11-05,Almora,0.0096041212179607
2022-11-05,Bageshwar,0.109626836212256
2022-11-05,Chamoli,0.6555444832254974
2022-11-05,Champawat,0.0101455823400517
2022-11-05,Dehra Dun,0.0225374756542608
2022-11-05,Haridwar,0.0
2022-11-05,Naini Tal,0.0116429385475277
2022-11-05,Pauri Garhwal,0.0088894453654172
2022-11-05,Pithoragarh,0.1250142797455169
2022-11-05,Rudra Prayag,1.3108307147894007
2022-11-05,Tehri Garhwal,0.0748732344491859
2022-11-05,Udham Singh Nagar,0.0003015075309492
2022-11-05,Uttarkashi,0.2151366454630105
2022-11-06,Almora,0.1146156427522701
2022-11-06,Bageshwar,1.3137922482960516
2022-11-06,Chamoli,0.4275522777310695
2022-11-06,Champawat,0.0
2022-11-06,Dehra Dun,0.0321102476192439
2022-11-06,Haridwar,0.0028367669627117
2022-11-06,Naini Tal,0.002412968831123
2022-11-06,Pauri Garhwal,0.1559656118525624
2022-11-06,Pithoragarh,0.4404173838052304
2022-11-06,Rudra Prayag,1.0636580065323846
2022-11-06,Tehri Garhwal,0.1414048761569476
2022-11-06,Udham Singh Nagar,0.0136498668955921
2022-11-06,Uttarkashi,0.5321926779049434
2022-11-07,Almora,0.1707504035085803
2022-11-07,Bageshwar,1.671535797131604
2022-11-07,Chamoli,0.7548388472414173
2022-11-07,Champawat,0.0425891044014788
2022-11-07,Dehra Dun,1.2946306606239376e-05
2022-11-07,Haridwar,0.0001875330121844
2022-11-07,Naini Tal,0.0284396750466503
2022-11-07,Pauri Garhwal,0.00301017652305
2022-11-07,Pithoragarh,0.7764847671138694
2022-11-07,Rudra Prayag,0.3354887645228384
2022-11-07,Tehri Garhwal,0.179223213135682
2022-11-07,Udham Singh Nagar,0.0
2022-11-07,Uttarkashi,0.1881144554936582
2022-11-08,Almora,0.0084036061239232
2022-11-08,Bageshwar,0.1679301415645407
2022-11-08,Chamoli,0.1421641202364445
2022-11-08,Champawat,0.0311420674430651
2022-11-08,Dehra Dun,0.1894310394767291
2022-11-08,Haridwar,0.0289311492184236
2022-11-08,Naini Tal,0.0022503376818297
2022-11-08,Pauri Garhwal,0.0984715884667722
2022-11-08,Pithoragarh,0.1334496294248706
2022-11-08,Rudra Prayag,0.2399913586563525
2022-11-08,Tehri Garhwal,0.0818728534688514
2022-11-08,Udham Singh Nagar,0.003406739434458
2022-11-08,Uttarkashi,0.5604600900216571
2022-11-09,Almora,0.1021888514244807
2022-11-09,Bageshwar,0.4441902444768107
2022-11-09,Chamoli,0.3757202981506289
2022-11-09,Champawat,0.0236157120666447
2022-11-09,Dehra Dun,0.2595850280157331
2022-11-09,Haridwar,0.0003662616575996
2022-11-09,Naini Tal,0.0196924031340766
2022-11-09,Pauri Garhwal,0.0254193968656192
2022-11-09,Pithoragarh,0.5550174721611354
2022-11-09,Rudra Prayag,1.8087167103210264
2022-11-09,Tehri Garhwal,0.2911227514827607
2022-11-09,Udham Singh Nagar,0.0
2022-11-09,Uttarkashi,1.4227492886983122
2022-11-10,Almora,0.7926423297194994
2022-11-10,Bageshwar,0.3771277485850184
2022-11-10,Chamoli,0.5296737156614478
2022-11-10,Champawat,0.163411141539892
2022-11-10,Dehra Dun,0.3008946517486716
2022-11-10,Haridwar,0.0
2022-11-10,Naini Tal,0.0224093311481471
2022-11-10,Pauri Garhwal,0.1658118079689941
2022-11-10,Pithoragarh,0.5512495490355778
2022-11-10,Rudra Prayag,0.9400034298682794
2022-11-10,Tehri Garhwal,0.6698775074467436
2022-11-10,Udham Singh Nagar,0.0
2022-11-10,Uttarkashi,0.8609932075667768
2022-11-11,Almora,0.0
2022-11-11,Bageshwar,0.3861369427510961
2022-11-11,Chamoli,0.0507584556411677
2022-11-11,Champawat,0.0003049698579742
2022-11-11,Dehra Dun,0.0
2022-11-11,Haridwar,0.0
2022-11-11,Naini Tal,0.0
2022-11-11,Pauri Garhwal,0.0034943333999351
2022-11-11,Pithoragarh,0.1683426549873392
2022-11-11,Rudra Prayag,0.0192936094670792
2022-11-11,Tehri Garhwal,0.0523189082004987
2022-11-11,Udham Singh Nagar,0.0
2022-11-11,Uttarkashi,0.0440459466141586
2022-11-12,Almora,0.0
2022-11-12,Bageshwar,0.336660836720394
2022-11-12,Chamoli,0.0628425441759857
2022-11-12,Champawat,0.0
2022-11-12,Dehra Dun,0.0042089124431777
2022-11-12,Haridwar,0.0
2022-11-12,Naini Tal,1.7666007932823316e-05
2022-11-12,Pauri Garhwal,0.0
2022-11-12,Pithoragarh,0.2352719422623838
2022-11-12,Rudra Prayag,0.0994490470943107
2022-11-12,Tehri Garhwal,0.0260179177296052
2022-11-12,Udham Singh Nagar,0.0031783918539315
2022-11-12,Uttarkashi,0.036831629566922
2022-11-13,Almora,0.0085662958116741
2022-11-13,Bageshwar,0.0846167251565288
2022-11-13,Chamoli,0.097866554049702
2022-11-13,Champawat,0.1035604891269074
2022-11-13,Dehra Dun,0.0756922846781351
2022-11-13,Haridwar,0.0005951751850717
2022-11-13,Naini Tal,0.0083154938762958
2022-11-13,Pauri Garhwal,0.0027021816583792
2022-11-13,Pithoragarh,0.1118747792237651
2022-11-13,Rudra Prayag,0.3404835812760346
2022-11-13,Tehri Garhwal,0.181990559556029
2022-11-13,Udham Singh Nagar,0.0005165533557151
2022-11-13,Uttarkashi,0.2597357805416437
2022-11-14,Almora,0.5471386788410402
2022-11-14,Bageshwar,1.260172767236295
2022-11-14,Chamoli,2.5128528864912325
2022-11-14,Champawat,0.093311995096284
2022-11-14,Dehra Dun,2.9567408735121905
2022-11-14,Haridwar,0.8090940132241242
2022-11-14,Naini Tal,0.0662418149555301
2022-11-14,Pauri Garhwal,1.668724039927996
2022-11-14,Pithoragarh,0.5925177657074743
2022-11-14,Rudra Prayag,4.593419584831052
2022-11-14,Tehri Garhwal,4.442464626892629
2022-11-14,Udham Singh Nagar,0.1813368289820913
2022-11-14,Uttarkashi,4.14688606499475
2022-11-15,Almora,0.0203518163609276
2022-11-15,Bageshwar,0.8050744285474887
2022-11-15,Chamoli,0.2897935051770339
2022-11-15,Champawat,0.0356676696891331
2022-11-15,Dehra Dun,0.0
2022-11-15,Haridwar,0.0
2022-11-15,Naini Tal,0.0229117732223502
2022-11-15,Pauri Garhwal,0.0313021345984524
2022-11-15,Pithoragarh,0.47692257173944
2022-11-15,Rudra Prayag,0.2814697687042835
2022-11-15,Tehri Garhwal,0.1826215167468633
2022-11-15,Udham Singh Nagar,0.0
2022-11-15,Uttarkashi,0.1689302915465423
2022-11-16,Almora,0.27279351296021
2022-11-16,Bageshwar,0.5560156087368824
2022-11-16,Chamoli,1.0592191080954736
2022-11-16,Champawat,0.0918825279678644
2022-11-16,Dehra Dun,0.0027984463601886
2022-11-16,Haridwar,0.0
2022-11-16,Naini Tal,0.0130307594243373
2022-11-16,Pauri Garhwal,0.0910820270581991
2022-11-16,Pithoragarh,0.0944254963883626
2022-11-16,Rudra Prayag,0.5519999866040877
2022-11-16,Tehri Garhwal,0.318939183003298
2022-11-16,Udham Singh Nagar,0.0026381909660059
2022-11-16,Uttarkashi,0.0627681293626323
2022-11-17,Almora,0.0209998640589367
2022-11-17,Bageshwar,0.8972876728457563
2022-11-17,Chamoli,0.5050496103731207
2022-11-17,Champawat,0.0025602409066295
2022-11-17,Dehra Dun,0.0
2022-11-17,Haridwar,0.0
2022-11-17,Naini Tal,0.0
2022-11-17,Pauri Garhwal,0.041613213252671
2022-11-17,Pithoragarh,0.2806922525072562
2022-11-17,Rudra Prayag,0.6153954908740746
2022-11-17,Tehri Garhwal,0.2410989263244264
2022-11-17,Udham Singh Nagar,0.0
2022-11-17,Uttarkashi,0.03590233705362
2022-11-18,Almora,0.1290421609993046
2022-11-18,Bageshwar,1.2467260751251803
2022-11-18,Chamoli,0.1811559553847564
2022-11-18,Champawat,0.0
2022-11-18,Dehra Dun,0.0
2022-11-18,Haridwar,0.0
2022-11-18,Naini Tal,0.0
2022-11-18,Pauri Garhwal,0.0014166216101121
2022-11-18,Pithoragarh,0.298778411427538
2022-11-18,Rudra Prayag,0.4344352279546861
2022-11-18,Tehri Garhwal,0.0691131321382057
2022-11-18,Udham Singh Nagar,0.0
2022-11-18,Uttarkashi,0.0211806551638017
2022-11-19,Almora,0.0010303687021427
2022-11-19,Bageshwar,0.5736746146874366
2022-11-19,Chamoli,0.1021923988941958
2022-11-19,Champawat,0.0110015055378824
2022-11-19,Dehra Dun,0.0
2022-11-19,Haridwar,0.0006735340578454
2022-11-19,Naini Tal,0.0077673280340647
2022-11-19,Pauri Garhwal,0.007220723182388
2022-11-19,Pithoragarh,0.277321899975644
2022-11-19,Rudra Prayag,0.1973903234932243
2022-11-19,Tehri Garhwal,0.062800703541043
2022-11-19,Udham Singh Nagar,0.0
2022-11-19,Uttarkashi,0.1565927998851971
2022-11-20,Almora,0.0141757048036167
2022-11-20,Bageshwar,0.1200082682574729
2022-11-20,Chamoli,0.1446779915029263
2022-11-20,Champawat,0.0243222883745399
2022-11-20,Dehra Dun,0.003583401379892
2022-11-20,Haridwar,0.0
2022-11-20,Naini Tal,5.507637885706249e-05
2022-11-20,Pauri Garhwal,0.054664249368148
2022-11-20,Pithoragarh,0.087092512646503
2022-11-20,Rudra Prayag,0.2212970585052393
2022-11-20,Tehri Garhwal,0.0616946226309699
2022-11-20,Udham Singh Nagar,0.0099091042282443
2022-11-20,Uttarkashi,0.0090876322011725
2022-11-21,Almora,0.0
2022-11-21,Bageshwar,0.177246320030741
2022-11-21,Chamoli,0.3529708612542379
2022-11-21,Champawat,0.013441264700195
2022-11-21,Dehra Dun,0.005805396327927
2022-11-21,Haridwar,0.0
2022-11-21,Naini Tal,0.0
2022-11-21,Pauri Garhwal,0.0064220181523072
2022-11-21,Pithoragarh,0.133140372314359
2022-11-21,Rudra Prayag,0.1445302219591739
2022-11-21,Tehri Garhwal,0.0348403541515203
2022-11-21,Udham Singh Nagar,0.0
2022-11-21,Uttarkashi,0.0172854632011122
2022-11-22,Almora,0.0
2022-11-22,Bageshwar,0.2780459483368117
2022-11-22,Chamoli,0.1882461794720023
2022-11-22,Champawat,0.005760541920696
2022-11-22,Dehra Dun,0.0
2022-11-22,Haridwar,0.0
2022-11-22,Naini Tal,0.0
2022-11-22,Pauri Garhwal,0.0002621231896028
2022-11-22,Pithoragarh,0.053015038530867
2022-11-22,Rudra Prayag,0.1641571620681897
2022-11-22,Tehri Garhwal,0.0349766478227225
2022-11-22,Udham Singh Nagar,0.0
2022-11-22,Uttarkashi,0.0063636930957614
2022-11-23,Almora,0.2865746939762387
2022-11-23,Bageshwar,0.6859163457449006
2022-11-23,Chamoli,0.916425652955886
2022-11-23,Champawat,0.0
2022-11-23,Dehra Dun,0.0
2022-11-23,Haridwar,0.0
2022-11-23,Naini Tal,0.0049818142916406
2022-11-23,Pauri Garhwal,0.0445578585639245
2022-11-23,Pithoragarh,0.3600982200348148
2022-11-23,Rudra Prayag,0.4996908355327338
2022-11-23,Tehri Garhwal,0.157008670649292
2022-11-23,Udham Singh Nagar,0.0
2022-11-23,Uttarkashi,0.0033028269634851
2022-11-24,Almora,0.0
2022-11-24,Bageshwar,0.1838731585979557
2022-11-24,Chamoli,0.1073788782895639
2022-11-24,Champawat,0.0
2022-11-24,Dehra Dun,0.0
2022-11-24,Haridwar,0.0
2022-11-24,Naini Tal,1.4548477667676032e-05
2022-11-24,Pauri Garhwal,0.0008441908370464
2022-11-24,Pithoragarh,0.0376766342194128
2022-11-24,Rudra Prayag,0.0704525019709722
2022-11-24,Tehri Garhwal,0.0018638009471755
2022-11-24,Udham Singh Nagar,0.0026174992721548
2022-11-24,Uttarkashi,0.0147219954280018
2022-11-25,Almora,0.0
2022-11-25,Bageshwar,0.2077113920603604
2022-11-25,Chamoli,0.3036957011918281
2022-11-25,Champawat,0.0
2022-11-25,Dehra Dun,0.0
2022-11-25,Haridwar,0.0
2022-11-25,Naini Tal,5.6115555612111584e-05
2022-11-25,Pauri Garhwal,0.004060982012316
2022-11-25,Pithoragarh,0.3841596588323437
2022-11-25,Rudra Prayag,0.0539412765073652
2022-11-25,Tehri Garhwal,0.0009917079389742
2022-11-25,Udham Singh Nagar,0.0100960684221699
2022-11-25,Uttarkashi,0.0400228788068001
2022-11-26,Almora,0.0
2022-11-26,Bageshwar,0.0309448523017208
2022-11-26,Chamoli,0.0403105317169834
2022-11-26,Champawat,0.0019201806799721
2022-11-26,Dehra Dun,0.0112428450790678
2022-11-26,Haridwar,0.0037330515127741
2022-11-26,Naini Tal,0.0008900550538721
2022-11-26,Pauri Garhwal,0.0067650911426018
2022-11-26,Pithoragarh,0.2377142327752625
2022-11-26,Rudra Prayag,0.1028445571274955
2022-11-26,Tehri Garhwal,0.1611613551296047
2022-11-26,Udham Singh Nagar,0.0013937333181936
2022-11-26,Uttarkashi,0.1656572380277315
2022-11-27,Almora,0.0
2022-11-27,Bageshwar,0.5438170835190891
2022-11-27,Chamoli,0.1820133882646293
2022-11-27,Champawat,0.0
2022-11-27,Dehra Dun,0.0101267370701488
2022-11-27,Haridwar,0.0
2022-11-27,Naini Tal,7.274238369289709e-05
2022-11-27,Pauri Garhwal,0.0016980185753239
2022-11-27,Pithoragarh,0.1231934214913165
2022-11-27,Rudra Prayag,0.3983229609318913
2022-11-27,Tehri Garhwal,0.2427668638219024
2022-11-27,Udham Singh Nagar,0.0130874955249791
2022-11-27,Uttarkashi,0.0686676461843422
2022-11-28,Almora,0.0
2022-11-28,Bageshwar,0.3295091849092654
2022-11-28,Chamoli,0.4018271702381291
2022-11-28,Champawat,0.0150414151476179
2022-11-28,Dehra Dun,0.0
2022-11-28,Haridwar,0.0
2022-11-28,Naini Tal,0.0050348122173032
2022-11-28,Pauri Garhwal,0.0
2022-11-28,Pithoragarh,0.2742401125660702
2022-11-28,Rudra Prayag,0.6689412633240197
2022-11-28,Tehri Garhwal,0.144225119913048
2022-11-28,Udham Singh Nagar,0.0
2022-11-28,Uttarkashi,0.0314743301563167
2022-11-29,Almora,0.0
2022-11-29,Bageshwar,0.0824742626607664
2022-11-29,Chamoli,0.2558704980117552
2022-11-29,Champawat,0.0163215359585943
2022-11-29,Dehra Dun,0.0
2022-11-29,Haridwar,0.0
2022-11-29,Naini Tal,0.0043312894720648
2022-11-29,Pauri Garhwal,0.0
2022-11-29,Pithoragarh,0.196904214514708
2022-11-29,Rudra Prayag,0.3457892819663223
2022-11-29,Tehri Garhwal,0.1322845947456319
2022-11-29,Udham Singh Nagar,0.0164528520603835
2022-11-29,Uttarkashi,0.0029119914453057
2022-11-30,Almora,0.1470464993300574
2022-11-30,Bageshwar,0.6498556801698322
2022-11-30,Chamoli,0.6456149132424283
2022-11-30,Champawat,0.0438441254664212
2022-11-30,Dehra Dun,0.0
2022-11-30,Haridwar,0.0
2022-11-30,Naini Tal,0.0028083756353903
2022-11-30,Pauri Garhwal,0.4003461477438694
2022-11-30,Pithoragarh,0.3030508843764607
2022-11-30,Rudra Prayag,0.8417823606429682
2022-11-30,Tehri Garhwal,0.0697917443797066
2022-11-30,Udham Singh Nagar,0.0
2022-11-30,Uttarkashi,0.0409847667884103
2022-12-01,Almora,0.0023693737422783
2022-12-01,Bageshwar,0.3455687417766646
2022-12-01,Chamoli,0.0565979607493369
2022-12-01,Champawat,0.026364456974857
2022-12-01,Dehra Dun,0.0009665440514929
2022-12-01,Haridwar,4.111639657593263e-05
2022-12-01,Naini Tal,0.0002958017406804
2022-12-01,Pauri Garhwal,0.0007775036950091
2022-12-01,Pithoragarh,0.2594351685347465
2022-12-01,Rudra Prayag,0.0049148534928868
2022-12-01,Tehri Garhwal,0.0159058326121348
2022-12-01,Udham Singh Nagar,0.0002476352468982
2022-12-01,Uttarkashi,0.0285639055675186
2022-12-02,Almora,0.0010798535230943
2022-12-02,Bageshwar,0.2107591869605718
2022-12-02,Chamoli,1.0695045641535486
2022-12-02,Champawat,0.0
2022-12-02,Dehra Dun,0.0925729058814405
2022-12-02,Haridwar,0.0014861770819457
2022-12-02,Naini Tal,0.0005299802437915
2022-12-02,Pauri Garhwal,0.0592105449044852
2022-12-02,Pithoragarh,0.6841497435012978
2022-12-02,Rudra Prayag,0.4099913544483187
2022-12-02,Tehri Garhwal,0.2443099432705475
2022-12-02,Udham Singh Nagar,0.0
2022-12-02,Uttarkashi,0.3268488595164209
2022-12-03,Almora,0.0
2022-12-03,Bageshwar,0.0650266527104095
2022-12-03,Chamoli,0.0846507820731982
2022-12-03,Champawat,0.002880270960348
2022-12-03,Dehra Dun,0.0036862904599871
2022-12-03,Haridwar,0.0
2022-12-03,Naini Tal,0.0095396442895314
2022-12-03,Pauri Garhwal,0.0068807336813031
2022-12-03,Pithoragarh,0.1581021881807485
2022-12-03,Rudra Prayag,0.1930466276994023
2022-12-03,Tehri Garhwal,0.044631622970641
2022-12-03,Udham Singh Nagar,0.0
2022-12-03,Uttarkashi,0.2113787326943073
2022-12-04,Almora,0.0
2022-12-04,Bageshwar,0.048356615968206
2022-12-04,Chamoli,0.4782293662055175
2022-12-04,Champawat,0.0
2022-12-04,Dehra Dun,0.0
2022-12-04,Haridwar,0.0
2022-12-04,Naini Tal,0.0
2022-12-04,Pauri Garhwal,0.0
2022-12-04,Pithoragarh,0.027121078850441
2022-12-04,Rudra Prayag,0.1845233104469991
2022-12-04,Tehri Garhwal,0.0620625221964576
2022-12-04,Udham Singh Nagar,0.0
2022-12-04,Uttarkashi,0.0145445995013872
2022-12-05,Almora,0.0
2022-12-05,Bageshwar,0.0005294117426006
2022-12-05,Chamoli,0.193549243594796
2022-12-05,Champawat,0.0
2022-12-05,Dehra Dun,0.0
2022-12-05,Haridwar,0.0
2022-12-05,Naini Tal,0.0
2022-12-05,Pauri Garhwal,0.0
2022-12-05,Pithoragarh,0.0481348360824161
2022-12-05,Rudra Prayag,0.1294559552512792
2022-12-05,Tehri Garhwal,0.0288495990477702
2022-12-05,Udham Singh Nagar,0.0
2022-12-05,Uttarkashi,0.0206666452633746
2022-12-06,Almora,0.5045376780596682
2022-12-06,Bageshwar,0.4211700258290341
2022-12-06,Chamoli,0.3645771436870601
2022-12-06,Champawat,0.0
2022-12-06,Dehra Dun,0.0
2022-12-06,Haridwar,0.0
2022-12-06,Naini Tal,0.0008781045228343
2022-12-06,Pauri Garhwal,0.0492159416654245
2022-12-06,Pithoragarh,0.1289789524804324
2022-12-06,Rudra Prayag,0.0023367874970939
2022-12-06,Tehri Garhwal,0.0021873807900819
2022-12-06,Udham Singh Nagar,0.0
2022-12-06,Uttarkashi,0.0465100595232157
2022-12-07,Almora,0.1282402362258813
2022-12-07,Bageshwar,0.2751589998171445
2022-12-07,Chamoli,0.319655046274687
2022-12-07,Champawat,0.0
2022-12-07,Dehra Dun,0.0
2022-12-07,Haridwar,0.0
2022-12-07,Naini Tal,0.0
2022-12-07,Pauri Garhwal,0.0433574888946261
2022-12-07,Pithoragarh,0.2114894466546426
2022-12-07,Rudra Prayag,0.1566614838082195
2022-12-07,Tehri Garhwal,0.0124085015740516
2022-12-07,Udham Singh Nagar,0.0
2022-12-07,Uttarkashi,0.0353099727526303
2022-12-08,Almora,0.0
2022-12-08,Bageshwar,0.157215987224481
2022-12-08,Chamoli,0.0938427031085709
2022-12-08,Champawat,0.0038403613599443
2022-12-08,Dehra Dun,0.0
2022-12-08,Haridwar,0.0
2022-12-08,Naini Tal,3.013613131615398e-05
2022-12-08,Pauri Garhwal,0.0024774495881875
2022-12-08,Pithoragarh,0.1818406730871814
2022-12-08,Rudra Prayag,0.0809896343189817
2022-12-08,Tehri Garhwal,0.0182086344960305
2022-12-08,Udham Singh Nagar,0.0054219625989361
2022-12-08,Uttarkashi,0.0301720672485827
2022-12-09,Almora,0.0
2022-12-09,Bageshwar,0.2471295889874454
2022-12-09,Chamoli,0.1333889091345053
2022-12-09,Champawat,0.0
2022-12-09,Dehra Dun,0.0
2022-12-09,Haridwar,0.0
2022-12-09,Naini Tal,0.0
2022-12-09,Pauri Garhwal,0.0011332973303083
2022-12-09,Pithoragarh,0.2542342829844965
2022-12-09,Rudra Prayag,1.0894766534484008
2022-12-09,Tehri Garhwal,0.1953545506494854
2022-12-09,Udham Singh Nagar,0.0
2022-12-09,Uttarkashi,0.192388573172346
2022-12-10,Almora,0.0
2022-12-10,Bageshwar,0.5459439225135344
2022-12-10,Chamoli,0.2298433941086032
2022-12-10,Champawat,0.0
2022-12-10,Dehra Dun,0.0
2022-12-10,Haridwar,0.0
2022-12-10,Naini Tal,0.0
2022-12-10,Pauri Garhwal,0.0
2022-12-10,Pithoragarh,0.1391526717186939
2022-12-10,Rudra Prayag,0.0379412766324037
2022-12-10,Tehri Garhwal,0.0155609031099566
2022-12-10,Udham Singh Nagar,0.0
2022-12-10,Uttarkashi,0.038896758237882
2022-12-11,Almora,0.0
2022-12-11,Bageshwar,0.0213492641475407
2022-12-11,Chamoli,0.1165190456510516
2022-12-11,Champawat,0.0
2022-12-11,Dehra Dun,0.0
2022-12-11,Haridwar,0.0
2022-12-11,Naini Tal,0.0
2022-12-11,Pauri Garhwal,0.0
2022-12-11,Pithoragarh,0.0667785926766183
2022-12-11,Rudra Prayag,0.0
2022-12-11,Tehri Garhwal,0.011258577700531
2022-12-11,Udham Singh Nagar,0.0
2022-12-11,Uttarkashi,0.0352707944341839
2022-12-12,Almora,0.2121000472440307
2022-12-12,Bageshwar,0.0820698511103674
2022-12-12,Chamoli,0.0996678555127372
2022-12-12,Champawat,0.0
2022-12-12,Dehra Dun,0.0
2022-12-12,Haridwar,0.0
2022-12-12,Naini Tal,0.0051584743423216
2022-12-12,Pauri Garhwal,0.0019350859171629
2022-12-12,Pithoragarh,0.0272464141432294
2022-12-12,Rudra Prayag,0.0026770293686879
2022-12-12,Tehri Garhwal,0.0114001141443175
2022-12-12,Udham Singh Nagar,0.0
2022-12-12,Uttarkashi,0.0409286642217216
2022-12-13,Almora,0.8328504384758704
2022-12-13,Bageshwar,0.2745018307754756
2022-12-13,Chamoli,0.5133670236584007
2022-12-13,Champawat,0.0
2022-12-13,Dehra Dun,0.0
2022-12-13,Haridwar,0.0
2022-12-13,Naini Tal,0.0872887850253318
2022-12-13,Pauri Garhwal,0.1959501914771908
2022-12-13,Pithoragarh,0.0149440362278997
2022-12-13,Rudra Prayag,0.1715526717295146
2022-12-13,Tehri Garhwal,0.369480548363397
2022-12-13,Udham Singh Nagar,0.0
2022-12-13,Uttarkashi,0.2914495653999012
2022-12-14,Almora,1.6510994745681815
2022-12-14,Bageshwar,0.199090987394961
2022-12-14,Chamoli,0.544107871977552
2022-12-14,Champawat,0.0
2022-12-14,Dehra Dun,0.0
2022-12-14,Haridwar,0.0
2022-12-14,Naini Tal,0.5045157291040028
2022-12-14,Pauri Garhwal,0.1924805283801625
2022-12-14,Pithoragarh,0.0586283068457991
2022-12-14,Rudra Prayag,0.2472331543638015
2022-12-14,Tehri Garhwal,0.0142875521276373
2022-12-14,Udham Singh Nagar,0.0
2022-12-14,Uttarkashi,0.1016899626589982
2022-12-15,Almora,0.2407815807909096
2022-12-15,Bageshwar,0.1693115777806858
2022-12-15,Chamoli,0.1209460004379315
2022-12-15,Champawat,0.0
2022-12-15,Dehra Dun,0.0
2022-12-15,Haridwar,0.0
2022-12-15,Naini Tal,0.0792845250239453
2022-12-15,Pauri Garhwal,0.0019497339521903
2022-12-15,Pithoragarh,0.0315410392579324
2022-12-15,Rudra Prayag,0.1096632097875104
2022-12-15,Tehri Garhwal,0.0115831106445094
2022-12-15,Udham Singh Nagar,0.0
2022-12-15,Uttarkashi,0.036191311237252
2022-12-16,Almora,0.0
2022-12-16,Bageshwar,0.0610983432674616
2022-12-16,Chamoli,0.0950765632682893
2022-12-16,Champawat,0.0
2022-12-16,Dehra Dun,0.0
2022-12-16,Haridwar,0.0
2022-12-16,Naini Tal,0.0
2022-12-16,Pauri Garhwal,0.0006356487297214
2022-12-16,Pithoragarh,0.2850116517483711
2022-12-16,Rudra Prayag,0.1794127755780706
2022-12-16,Tehri Garhwal,0.070416029380067
2022-12-16,Udham Singh Nagar,0.0
2022-12-16,Uttarkashi,0.0050896383262808
2022-12-17,Almora,0.0603314784013033
2022-12-17,Bageshwar,1.2345891138456544
2022-12-17,Chamoli,0.3266436268382984
2022-12-17,Champawat,0.0
2022-12-17,Dehra Dun,0.0
2022-12-17,Haridwar,0.0
2022-12-17,Naini Tal,0.0003917697020773
2022-12-17,Pauri Garhwal,0.0013707500821631
2022-12-17,Pithoragarh,0.5211198409838812
2022-12-17,Rudra Prayag,0.8666200141366153
2022-12-17,Tehri Garhwal,0.1481662172954806
2022-12-17,Udham Singh Nagar,0.0
2022-12-17,Uttarkashi,0.0323588032034215
2022-12-18,Almora,0.178436817394124
2022-12-18,Bageshwar,1.5032518055753936
2022-12-18,Chamoli,0.893064488587847
2022-12-18,Champawat,0.0
2022-12-18,Dehra Dun,0.0
2022-12-18,Haridwar,0.0
2022-12-18,Naini Tal,0.0386662152085298
2022-12-18,Pauri Garhwal,0.0865727370382578
2022-12-18,Pithoragarh,0.6761501528800682
2022-12-18,Rudra Prayag,0.2930276242392025
2022-12-18,Tehri Garhwal,0.178276776521031
2022-12-18,Udham Singh Nagar,0.0
2022-12-18,Uttarkashi,0.0578583954945944
2022-12-19,Almora,0.0444305841608979
2022-12-19,Bageshwar,0.7708244360440671
2022-12-19,Chamoli,0.0929970100914407
2022-12-19,Champawat,0.0
2022-12-19,Dehra Dun,0.0
2022-12-19,Haridwar,0.0
2022-12-19,Naini Tal,0.0240242119143382
2022-12-19,Pauri Garhwal,0.0062404592546546
2022-12-19,Pithoragarh,0.4522292070137244
2022-12-19,Rudra Prayag,0.06579965279021
2022-12-19,Tehri Garhwal,0.038862941976959
2022-12-19,Udham Singh Nagar,0.0
2022-12-19,Uttarkashi,0.0315244772521051
2022-12-20,Almora,0.0642360346540788
2022-12-20,Bageshwar,0.1712343704782302
2022-12-20,Chamoli,0.1832541848515762
2022-12-20,Champawat,0.0654342364834015
2022-12-20,Dehra Dun,0.0076901060416096
2022-12-20,Haridwar,0.0110116212376722
2022-12-20,Naini Tal,0.0364943354591962
2022-12-20,Pauri Garhwal,0.1645686491161714
2022-12-20,Pithoragarh,0.3679987081066811
2022-12-20,Rudra Prayag,0.1772763331541356
2022-12-20,Tehri Garhwal,0.0267127328214111
2022-12-20,Udham Singh Nagar,0.037827371696449
2022-12-20,Uttarkashi,0.0204720109906534
2022-12-21,Almora,0.5514709755371489
2022-12-21,Bageshwar,0.1087922765390591
2022-12-21,Chamoli,0.2328340032208194
2022-12-21,Champawat,0.0
2022-12-21,Dehra Dun,0.0
2022-12-21,Haridwar,0.0
2022-12-21,Naini Tal,0.1846768119873075
2022-12-21,Pauri Garhwal,0.0488917576519595
2022-12-21,Pithoragarh,0.0128366557896546
2022-12-21,Rudra Prayag,0.0929809998373447
2022-12-21,Tehri Garhwal,0.0328111882910758
2022-12-21,Udham Singh Nagar,0.0
2022-12-21,Uttarkashi,0.0189876504925923
2022-12-22,Almora,1.0974077850495871
2022-12-22,Bageshwar,0.0363538591651698
2022-12-22,Chamoli,0.6939147176476828
2022-12-22,Champawat,0.0
2022-12-22,Dehra Dun,0.0
2022-12-22,Haridwar,0.0
2022-12-22,Naini Tal,0.0159149948557099
2022-12-22,Pauri Garhwal,0.143443447559332
2022-12-22,Pithoragarh,0.0377299747458779
2022-12-22,Rudra Prayag,0.6072676868134521
2022-12-22,Tehri Garhwal,0.0974328039947036
2022-12-22,Udham Singh Nagar,0.0
2022-12-22,Uttarkashi,0.4072632052144213
2022-12-23,Almora,0.2478355419321526
2022-12-23,Bageshwar,0.038160844235544
2022-12-23,Chamoli,0.2910225646126678
2022-12-23,Champawat,0.2898970840643272
2022-12-23,Dehra Dun,0.0
2022-12-23,Haridwar,0.0
2022-12-23,Naini Tal,0.0641405988208989
2022-12-23,Pauri Garhwal,0.0253191726219341
2022-12-23,Pithoragarh,0.0001224204239863
2022-12-23,Rudra Prayag,0.0962003421051257
2022-12-23,Tehri Garhwal,0.0460712915450459
2022-12-23,Udham Singh Nagar,0.1301692255794398
2022-12-23,Uttarkashi,0.0594264397530508
2022-12-24,Almora,0.0927358987442431
2022-12-24,Bageshwar,0.9314613740129382
2022-12-24,Chamoli,0.5436396717130956
2022-12-24,Champawat,0.0006827309233955
2022-12-24,Dehra Dun,0.0014717906457619
2022-12-24,Haridwar,0.0
2022-12-24,Naini Tal,0.070694687356432
2022-12-24,Pauri Garhwal,0.0105500728718775
2022-12-24,Pithoragarh,0.1649580232252225
2022-12-24,Rudra Prayag,0.2316062110037074
2022-12-24,Tehri Garhwal,0.019349980552042
2022-12-24,Udham Singh Nagar,0.0
2022-12-24,Uttarkashi,0.0098595873245535
2022-12-25,Almora,0.1847796854968364
2022-12-25,Bageshwar,0.4042803226340124
2022-12-25,Chamoli,0.187116898949595
2022-12-25,Champawat,0.0
2022-12-25,Dehra Dun,0.0
2022-12-25,Haridwar,0.0
2022-12-25,Naini Tal,0.0025631298969068
2022-12-25,Pauri Garhwal,0.0256379607934356
2022-12-25,Pithoragarh,0.2539375592685494
2022-12-25,Rudra Prayag,0.1986580271479739
2022-12-25,Tehri Garhwal,0.0483911545337201
2022-12-25,Udham Singh Nagar,0.0
2022-12-25,Uttarkashi,0.073595559570266
2022-12-26,Almora,0.0389452271012957
2022-12-26,Bageshwar,0.2310137802060446
2022-12-26,Chamoli,0.1337890795618077
2022-12-26,Champawat,0.0
2022-12-26,Dehra Dun,0.0
2022-12-26,Haridwar,0.0
2022-12-26,Naini Tal,0.0
2022-12-26,Pauri Garhwal,0.0124986506366695
2022-12-26,Pithoragarh,0.0711271402958558
2022-12-26,Rudra Prayag,0.0394248691739736
2022-12-26,Tehri Garhwal,0.017163552559278
2022-12-26,Udham Singh Nagar,0.0
2022-12-26,Uttarkashi,0.021919387685296
2022-12-27,Almora,0.0034354663006516
2022-12-27,Bageshwar,0.1040909896575612
2022-12-27,Chamoli,0.0676603336637042
2022-12-27,Champawat,0.0
2022-12-27,Dehra Dun,0.0009355409984403
2022-12-27,Haridwar,0.0
2022-12-27,Naini Tal,0.0
2022-12-27,Pauri Garhwal,0.0260646823025672
2022-12-27,Pithoragarh,0.0292646022914399
2022-12-27,Rudra Prayag,0.2712158845004099
2022-12-27,Tehri Garhwal,0.1124833174776129
2022-12-27,Udham Singh Nagar,0.0
2022-12-27,Uttarkashi,0.1197539631371079
2022-12-28,Almora,0.0003355477148426
2022-12-28,Bageshwar,0.0512389689985224
2022-12-28,Chamoli,0.0979689977199563
2022-12-28,Champawat,0.0
2022-12-28,Dehra Dun,0.0007018260949698
2022-12-28,Haridwar,0.0
2022-12-28,Naini Tal,4.156707794443555e-06
2022-12-28,Pauri Garhwal,0.0087040319077244
2022-12-28,Pithoragarh,0.1438661508532639
2022-12-28,Rudra Prayag,0.0198341966009922
2022-12-28,Tehri Garhwal,0.0091731794945593
2022-12-28,Udham Singh Nagar,0.0031865208033673
2022-12-28,Uttarkashi,0.0011051212647207
2022-12-29,Almora,0.0032951463628287
2022-12-29,Bageshwar,0.3644788502308074
2022-12-29,Chamoli,0.4363768438564335
2022-12-29,Champawat,0.0021962850914714
2022-12-29,Dehra Dun,1.444056926861215
2022-12-29,Haridwar,0.0916754682631161
2022-12-29,Naini Tal,0.0195484770207189
2022-12-29,Pauri Garhwal,0.127738412817929
2022-12-29,Pithoragarh,0.2108750092996558
2022-12-29,Rudra Prayag,1.426436938028879
2022-12-29,Tehri Garhwal,0.5757924946444162
2022-12-29,Udham Singh Nagar,0.0005653265994697
2022-12-29,Uttarkashi,1.5507665884933295
2022-12-30,Almora,0.1422979895779539
2022-12-30,Bageshwar,0.5544218629833161
2022-12-30,Chamoli,0.4006618724944809
2022-12-30,Champawat,0.0131212348253073
2022-12-30,Dehra Dun,0.0590433346086787
2022-12-30,Haridwar,0.024416270035923
2022-12-30,Naini Tal,0.0147900854885906
2022-12-30,Pauri Garhwal,0.267526398250758
2022-12-30,Pithoragarh,0.1474052663365659
2022-12-30,Rudra Prayag,0.748119156326719
2022-12-30,Tehri Garhwal,0.2926177000714799
2022-12-30,Udham Singh Nagar,0.0355734546796013
2022-12-30,Uttarkashi,0.1099344923368274
2022-12-31,Almora,0.1196007290784341
2022-12-31,Bageshwar,0.2976461315373479
2022-12-31,Chamoli,0.1842828904589747
2022-12-31,Champawat,0.0150414154456692
2022-12-31,Dehra Dun,0.0
2022-12-31,Haridwar,0.0
2022-12-31,Naini Tal,0.0062070038705014
2022-12-31,Pauri Garhwal,0.0606233121079228
2022-12-31,Pithoragarh,0.1815191744250154
2022-12-31,Rudra Prayag,0.0793834173025656
2022-12-31,Tehri Garhwal,0.0858992542370264
2022-12-31,Udham Singh Nagar,0.0
2022-12-31,Uttarkashi,0.1057992189805488
2023-01-01,Almora,0.0391414060324042
2023-01-01,Bageshwar,1.241901624908753
2023-01-01,Chamoli,0.4306792190135748
2023-01-01,Champawat,0.0244293434458436
2023-01-01,Dehra Dun,0.1232479549864442
2023-01-01,Haridwar,0.0563159901861952
2023-01-01,Naini Tal,0.0601417440092623
2023-01-01,Pauri Garhwal,0.04557636412355
2023-01-01,Pithoragarh,0.4564913930911063
2023-01-01,Rudra Prayag,0.4706751225937627
2023-01-01,Tehri Garhwal,0.1673198608707124
2023-01-01,Udham Singh Nagar,0.0344558830730597
2023-01-01,Uttarkashi,0.1108061811713749
2023-01-02,Almora,0.0318804218768649
2023-01-02,Bageshwar,0.4444944724325871
2023-01-02,Chamoli,0.3198292515639734
2023-01-02,Champawat,0.0
2023-01-02,Dehra Dun,0.0050388387756959
2023-01-02,Haridwar,0.0
2023-01-02,Naini Tal,0.0091941181018059
2023-01-02,Pauri Garhwal,0.0409517375002446
2023-01-02,Pithoragarh,0.1044861236190293
2023-01-02,Rudra Prayag,0.8863246708754482
2023-01-02,Tehri Garhwal,0.2046187520769236
2023-01-02,Udham Singh Nagar,0.0093482113678692
2023-01-02,Uttarkashi,0.174538012418672
2023-01-03,Almora,0.2678924809085506
2023-01-03,Bageshwar,0.4190560565184567
2023-01-03,Chamoli,0.6283480773467033
2023-01-03,Champawat,0.0
2023-01-03,Dehra Dun,0.0149816022005513
2023-01-03,Haridwar,0.0
2023-01-03,Naini Tal,0.0049911668394653
2023-01-03,Pauri Garhwal,0.3547552138102852
2023-01-03,Pithoragarh,0.030515039358718
2023-01-03,Rudra Prayag,0.7300189807290446
2023-01-03,Tehri Garhwal,0.2075786243149001
2023-01-03,Udham Singh Nagar,0.0011380431166581
2023-01-03,Uttarkashi,0.0647094573382266
2023-01-04,Almora,0.2978585872440821
2023-01-04,Bageshwar,0.1625772013400873
2023-01-04,Chamoli,0.1464016606003899
2023-01-04,Champawat,0.0
2023-01-04,Dehra Dun,0.0
2023-01-04,Haridwar,0.0
2023-01-04,Naini Tal,0.0679268401697205
2023-01-04,Pauri Garhwal,0.0470094815570501
2023-01-04,Pithoragarh,0.0366462620798382
2023-01-04,Rudra Prayag,0.0294697749542654
2023-01-04,Tehri Garhwal,0.1046754648085943
2023-01-04,Udham Singh Nagar,0.0
2023-01-04,Uttarkashi,0.0803776693704992
2023-01-05,Almora,1.0161686280827893
2023-01-05,Bageshwar,0.1668161721823066
2023-01-05,Chamoli,1.0271038050665815
2023-01-05,Champawat,0.0
2023-01-05,Dehra Dun,0.0
2023-01-05,Haridwar,0.0
2023-01-05,Naini Tal,0.0654494425510865
2023-01-05,Pauri Garhwal,0.4292140042261536
2023-01-05,Pithoragarh,0.0875244821033941
2023-01-05,Rudra Prayag,0.5013264156717143
2023-01-05,Tehri Garhwal,0.5974280243732207
2023-01-05,Udham Singh Nagar,0.0
2023-01-05,Uttarkashi,0.0963765398901553
2023-01-06,Almora,0.4105063627338654
2023-01-06,Bageshwar,0.5102398787654239
2023-01-06,Chamoli,0.2066580356424093
2023-01-06,Champawat,0.0
2023-01-06,Dehra Dun,0.000562142260534
2023-01-06,Haridwar,4.930445390764436e-05
2023-01-06,Naini Tal,0.2780473782935172
2023-01-06,Pauri Garhwal,0.2596962403845081
2023-01-06,Pithoragarh,0.0642963719512006
2023-01-06,Rudra Prayag,0.664253870327032
2023-01-06,Tehri Garhwal,0.51654259161784
2023-01-06,Udham Singh Nagar,0.0029958616138306
2023-01-06,Uttarkashi,0.2836648216906
2023-01-07,Almora,0.0
2023-01-07,Bageshwar,0.4476268278650583
2023-01-07,Chamoli,0.1108374208274113
2023-01-07,Champawat,0.0
2023-01-07,Dehra Dun,0.006602616304454
2023-01-07,Haridwar,0.0
2023-01-07,Naini Tal,0.0
2023-01-07,Pauri Garhwal,0.0
2023-01-07,Pithoragarh,0.0901069693267128
2023-01-07,Rudra Prayag,0.1611018953738744
2023-01-07,Tehri Garhwal,0.2316684078228466
2023-01-07,Udham Singh Nagar,0.0077069169463726
2023-01-07,Uttarkashi,0.3327731346351433
2023-01-08,Almora,0.0
2023-01-08,Bageshwar,0.3484687433124397
2023-01-08,Chamoli,0.2774300960020975
2023-01-08,Champawat,0.0
2023-01-08,Dehra Dun,0.0083183425974378
2023-01-08,Haridwar,0.0012907201768956
2023-01-08,Naini Tal,0.0002956458464285
2023-01-08,Pauri Garhwal,0.0345605575263376
2023-01-08,Pithoragarh,0.0458187577955318
2023-01-08,Rudra Prayag,0.685081158827392
2023-01-08,Tehri Garhwal,0.317384188607306
2023-01-08,Udham Singh Nagar,0.0014388116936609
2023-01-08,Uttarkashi,0.1857628601527958
2023-01-09,Almora,0.1013299869542634
2023-01-09,Bageshwar,0.4692499863752504
2023-01-09,Chamoli,0.2664360732590777
2023-01-09,Champawat,0.0310893570055182
2023-01-09,Dehra Dun,0.1531261897279859
2023-01-09,Haridwar,0.3052808520833313
2023-01-09,Naini Tal,0.1139379587231754
2023-01-09,Pauri Garhwal,0.2306549167973504
2023-01-09,Pithoragarh,0.1879246774255743
2023-01-09,Rudra Prayag,0.568858361263182
2023-01-09,Tehri Garhwal,0.2384483360766539
2023-01-09,Udham Singh Nagar,0.0159739872660656
2023-01-09,Uttarkashi,0.328404679351346
2023-01-10,Almora,0.000373508673239
2023-01-10,Bageshwar,0.5463032973214629
2023-01-10,Chamoli,0.0956058564777551
2023-01-10,Champawat,0.0112437243708016
2023-01-10,Dehra Dun,0.0023432814664113
2023-01-10,Haridwar,0.0011392850181188
2023-01-10,Naini Tal,0.0065883818503217
2023-01-10,Pauri Garhwal,0.0038809651729641
2023-01-10,Pithoragarh,0.1369534757463774
2023-01-10,Rudra Prayag,0.1463471461782338
2023-01-10,Tehri Garhwal,0.0559330900287411
2023-01-10,Udham Singh Nagar,0.0
2023-01-10,Uttarkashi,0.0785927383465805
2023-01-11,Almora,0.1680917827682185
2023-01-11,Bageshwar,1.1996433497319232
2023-01-11,Chamoli,1.2362295629504545
2023-01-11,Champawat,1.110702797322137
2023-01-11,Dehra Dun,0.3604428903731517
2023-01-11,Haridwar,0.040324879865316
2023-01-11,Naini Tal,0.1105616728062992
2023-01-11,Pauri Garhwal,0.3116837475632224
2023-01-11,Pithoragarh,0.77145357584295
2023-01-11,Rudra Prayag,5.419288282708903
2023-01-11,Tehri Garhwal,1.0882300504873317
2023-01-11,Udham Singh Nagar,1.0362606880055734
2023-01-11,Uttarkashi,0.6863912542511189
2023-01-12,Almora,0.0467794186010383
2023-01-12,Bageshwar,0.6592490631597363
2023-01-12,Chamoli,0.2757304382112751
2023-01-12,Champawat,0.0182718368961071
2023-01-12,Dehra Dun,0.0425892602002492
2023-01-12,Haridwar,0.0191266061282229
2023-01-12,Naini Tal,0.0991354015659977
2023-01-12,Pauri Garhwal,0.0701615125556632
2023-01-12,Pithoragarh,0.1799011824013971
2023-01-12,Rudra Prayag,0.9334144868082102
2023-01-12,Tehri Garhwal,0.4907610440341627
2023-01-12,Udham Singh Nagar,0.2065673896458143
2023-01-12,Uttarkashi,0.829686562216558
2023-01-13,Almora,0.1323467978499041
2023-01-13,Bageshwar,0.1548060622749343
2023-01-13,Chamoli,0.1091428313045249
2023-01-13,Champawat,0.1547013020709093
2023-01-13,Dehra Dun,3.1271892135564823
2023-01-13,Haridwar,0.3386758145626793
2023-01-13,Naini Tal,0.7059814838535181
2023-01-13,Pauri Garhwal,0.2069173492369902
2023-01-13,Pithoragarh,0.1268089043807815
2023-01-13,Rudra Prayag,0.3472417905527796
2023-01-13,Tehri Garhwal,0.9595844160202288
2023-01-13,Udham Singh Nagar,0.1107877608693689
2023-01-13,Uttarkashi,0.4795853297397706
2023-01-14,Almora,0.3589126807419076
2023-01-14,Bageshwar,0.7307747931158006
2023-01-14,Chamoli,0.1651710027259544
2023-01-14,Champawat,0.0
2023-01-14,Dehra Dun,0.4394882698270496
2023-01-14,Haridwar,0.0251884129184387
2023-01-14,Naini Tal,0.0123573726605015
2023-01-14,Pauri Garhwal,0.0775934755029582
2023-01-14,Pithoragarh,0.1059545848078411
2023-01-14,Rudra Prayag,0.1407046595099341
2023-01-14,Tehri Garhwal,0.3574027724552892
2023-01-14,Udham Singh Nagar,0.0
2023-01-14,Uttarkashi,0.1508327557472467
2023-01-15,Almora,0.1116546864729675
2023-01-15,Bageshwar,0.4075946561112204
2023-01-15,Chamoli,0.1152438341543335
2023-01-15,Champawat,0.0
2023-01-15,Dehra Dun,0.0
2023-01-15,Haridwar,0.0
2023-01-15,Naini Tal,0.0007409331726827
2023-01-15,Pauri Garhwal,0.0080240535259099
2023-01-15,Pithoragarh,0.2178643410992286
2023-01-15,Rudra Prayag,0.0022936096360234
2023-01-15,Tehri Garhwal,0.0
2023-01-15,Udham Singh Nagar,0.0006030150618984
2023-01-15,Uttarkashi,0.0235172061204428
2023-01-16,Almora,0.0
2023-01-16,Bageshwar,0.0005294117538998
2023-01-16,Chamoli,0.1649717172189773
2023-01-16,Champawat,0.0473644570110881
2023-01-16,Dehra Dun,0.0700224835108828
2023-01-16,Haridwar,0.0
2023-01-16,Naini Tal,9.768263568572688e-05
2023-01-16,Pauri Garhwal,0.0069983037447561
2023-01-16,Pithoragarh,0.0052212310521787
2023-01-16,Rudra Prayag,0.0919153701375674
2023-01-16,Tehri Garhwal,0.0398470247150166
2023-01-16,Udham Singh Nagar,0.0175746379552578
2023-01-16,Uttarkashi,0.085126933188476
2023-01-17,Almora,0.0378450366432037
2023-01-17,Bageshwar,0.2639889653056504
2023-01-17,Chamoli,0.1144739060238618
2023-01-17,Champawat,0.0308132525617593
2023-01-17,Dehra Dun,0.0
2023-01-17,Haridwar,0.0
2023-01-17,Naini Tal,0.0412329823984785
2023-01-17,Pauri Garhwal,0.0031955901060344
2023-01-17,Pithoragarh,0.0418508789727721
2023-01-17,Rudra Prayag,0.0613195154262587
2023-01-17,Tehri Garhwal,0.0156504952591452
2023-01-17,Udham Singh Nagar,0.0043341707222949
2023-01-17,Uttarkashi,0.0080618063766818
2023-01-18,Almora,0.6987506639447978
2023-01-18,Bageshwar,1.067231586549828
2023-01-18,Chamoli,2.0886350995521106
2023-01-18,Champawat,0.0385730408567347
2023-01-18,Dehra Dun,0.6179898970819548
2023-01-18,Haridwar,1.2233605975423585
2023-01-18,Naini Tal,0.1854910058226151
2023-01-18,Pauri Garhwal,0.8639372291866088
2023-01-18,Pithoragarh,0.3698108225336722
2023-01-18,Rudra Prayag,6.878222647385868
2023-01-18,Tehri Garhwal,1.448063730743948
2023-01-18,Udham Singh Nagar,0.0721002046227787
2023-01-18,Uttarkashi,1.439403531613691
2023-01-19,Almora,2.4944895063141828
2023-01-19,Bageshwar,5.159202989757486
2023-01-19,Chamoli,2.783499029686596
2023-01-19,Champawat,1.717486147586458
2023-01-19,Dehra Dun,9.097974721095342
2023-01-19,Haridwar,11.968312767309357
2023-01-19,Naini Tal,1.912965245445808
2023-01-19,Pauri Garhwal,7.946173585081322
2023-01-19,Pithoragarh,1.3147793183331444
2023-01-19,Rudra Prayag,3.908350524191128
2023-01-19,Tehri Garhwal,8.269037647946755
2023-01-19,Udham Singh Nagar,2.7863337992266004
2023-01-19,Uttarkashi,1.9929103815484648
2023-01-20,Almora,0.083975051795491
2023-01-20,Bageshwar,1.6097683391213655
2023-01-20,Chamoli,1.979270310380114
2023-01-20,Champawat,0.1075840823466414
2023-01-20,Dehra Dun,6.310313950004663
2023-01-20,Haridwar,0.7512449145795612
2023-01-20,Naini Tal,0.0389239308815772
2023-01-20,Pauri Garhwal,1.1362932387232652
2023-01-20,Pithoragarh,0.6358750003878205
2023-01-20,Rudra Prayag,7.828802913060937
2023-01-20,Tehri Garhwal,12.99165381874534
2023-01-20,Udham Singh Nagar,0.0442750513230973
2023-01-20,Uttarkashi,5.271798290374932
2023-01-21,Almora,0.2250657504257279
2023-01-21,Bageshwar,0.3838336305340121
2023-01-21,Chamoli,0.605217143222652
2023-01-21,Champawat,0.0156814752550548
2023-01-21,Dehra Dun,0.0022465248685355
2023-01-21,Haridwar,0.0
2023-01-21,Naini Tal,0.0408199089434596
2023-01-21,Pauri Garhwal,0.0430448686717107
2023-01-21,Pithoragarh,0.000222980057975
2023-01-21,Rudra Prayag,0.1908946416213696
2023-01-21,Tehri Garhwal,0.2784926538981265
2023-01-21,Udham Singh Nagar,0.0
2023-01-21,Uttarkashi,0.1673001897785365
2023-01-22,Almora,0.1555789001856742
2023-01-22,Bageshwar,0.2000312446260496
2023-01-22,Chamoli,0.6194773636579538
2023-01-22,Champawat,0.0
2023-01-22,Dehra Dun,0.0489268175471735
2023-01-22,Haridwar,0.0010459587544722
2023-01-22,Naini Tal,0.0002634313539565
2023-01-22,Pauri Garhwal,0.1344784491102177
2023-01-22,Pithoragarh,0.0034819866588255
2023-01-22,Rudra Prayag,0.1155613113062807
2023-01-22,Tehri Garhwal,0.0925576608337595
2023-01-22,Udham Singh Nagar,0.0
2023-01-22,Uttarkashi,0.0688406545182541
2023-01-23,Almora,0.0711733985246803
2023-01-23,Bageshwar,0.5020900568130481
2023-01-23,Chamoli,0.2637021046335785
2023-01-23,Champawat,2.484856873046818
2023-01-23,Dehra Dun,0.0293261101852689
2023-01-23,Haridwar,0.0216974816018583
2023-01-23,Naini Tal,1.5532910336880552
2023-01-23,Pauri Garhwal,0.0274288792242257
2023-01-23,Pithoragarh,0.3302101472289415
2023-01-23,Rudra Prayag,0.0584369588826681
2023-01-23,Tehri Garhwal,0.0417356070310723
2023-01-23,Udham Singh Nagar,2.8681325035928427
2023-01-23,Uttarkashi,0.3265175704860583
2023-01-24,Almora,7.078400727171284
2023-01-24,Bageshwar,1.3483712945672726
2023-01-24,Chamoli,2.5725991858710384
2023-01-24,Champawat,16.24596348251791
2023-01-24,Dehra Dun,1.8256145648627304
2023-01-24,Haridwar,0.3387876312255133
2023-01-24,Naini Tal,7.475460689599654
2023-01-24,Pauri Garhwal,8.42497511911938
2023-01-24,Pithoragarh,1.6253284537605852
2023-01-24,Rudra Prayag,1.4402089366113482
2023-01-24,Tehri Garhwal,4.026274208734475
2023-01-24,Udham Singh Nagar,9.33753892954603
2023-01-24,Uttarkashi,0.9055077136331748
2023-01-25,Almora,0.1121664835739105
2023-01-25,Bageshwar,1.129670005850494
2023-01-25,Chamoli,0.9838237359696148
2023-01-25,Champawat,0.1380609913463105
2023-01-25,Dehra Dun,4.177453569462739
2023-01-25,Haridwar,0.0023181897832917
2023-01-25,Naini Tal,0.0637976701132226
2023-01-25,Pauri Garhwal,0.9298134101569828
2023-01-25,Pithoragarh,0.4954337047164224
2023-01-25,Rudra Prayag,0.869742635327081
2023-01-25,Tehri Garhwal,0.7511856448575657
2023-01-25,Udham Singh Nagar,0.3763811668158658
2023-01-25,Uttarkashi,1.218879174858335
2023-01-26,Almora,0.4323596681956578
2023-01-26,Bageshwar,0.0072215071079827
2023-01-26,Chamoli,0.5250165274346067
2023-01-26,Champawat,0.0
2023-01-26,Dehra Dun,0.0009975469612553
2023-01-26,Haridwar,0.0
2023-01-26,Naini Tal,0.0590979927488985
2023-01-26,Pauri Garhwal,0.0801935057641086
2023-01-26,Pithoragarh,0.0082913603834739
2023-01-26,Rudra Prayag,0.0495993083217446
2023-01-26,Tehri Garhwal,0.5047212008097832
2023-01-26,Udham Singh Nagar,0.0
2023-01-26,Uttarkashi,0.1362602603199407
2023-01-27,Almora,0.0462947382729039
2023-01-27,Bageshwar,0.1228216872762834
2023-01-27,Chamoli,0.2792730154388115
2023-01-27,Champawat,0.0
2023-01-27,Dehra Dun,0.0
2023-01-27,Haridwar,0.0
2023-01-27,Naini Tal,0.00028525406649
2023-01-27,Pauri Garhwal,0.0323999684704501
2023-01-27,Pithoragarh,0.0092812166946138
2023-01-27,Rudra Prayag,0.1811450740486537
2023-01-27,Tehri Garhwal,0.0005904498533674
2023-01-27,Udham Singh Nagar,0.0
2023-01-27,Uttarkashi,0.0068175262611412
2023-01-28,Almora,0.0319075372631695
2023-01-28,Bageshwar,0.1061387828994638
2023-01-28,Chamoli,0.4060281571557859
2023-01-28,Champawat,0.0
2023-01-28,Dehra Dun,5.110384300899427e-05
2023-01-28,Haridwar,0.0
2023-01-28,Naini Tal,8.105580199164932e-05
2023-01-28,Pauri Garhwal,0.2198330820661241
2023-01-28,Pithoragarh,0.0026451555288432
2023-01-28,Rudra Prayag,1.9280275965357176
2023-01-28,Tehri Garhwal,0.2304465246768161
2023-01-28,Udham Singh Nagar,0.0
2023-01-28,Uttarkashi,0.1131348305342195
2023-01-29,Almora,0.2964587761724312
2023-01-29,Bageshwar,0.2024117575443061
2023-01-29,Chamoli,1.6823444192436598
2023-01-29,Champawat,0.6443411055316468
2023-01-29,Dehra Dun,29.244301538049623
2023-01-29,Haridwar,30.064868106224537
2023-01-29,Naini Tal,0.6983066387329365
2023-01-29,Pauri Garhwal,3.98375906312693
2023-01-29,Pithoragarh,0.2659216442405356
2023-01-29,Rudra Prayag,5.420134584922247
2023-01-29,Tehri Garhwal,14.522924286220425
2023-01-29,Udham Singh Nagar,0.2644280173848547
2023-01-29,Uttarkashi,16.615920403036917
2023-01-30,Almora,39.08087154321228
2023-01-30,Bageshwar,28.966557291622603
2023-01-30,Chamoli,25.268354744544386
2023-01-30,Champawat,9.2363389175108
2023-01-30,Dehra Dun,18.68567684665449
2023-01-30,Haridwar,6.115155694937212
2023-01-30,Naini Tal,23.73848131992164
2023-01-30,Pauri Garhwal,28.723252732949828
2023-01-30,Pithoragarh,13.801650316931305
2023-01-30,Rudra Prayag,26.768588461569585
2023-01-30,Tehri Garhwal,21.59704727142348
2023-01-30,Udham Singh Nagar,15.521344642866646
2023-01-30,Uttarkashi,25.724188659360166
2023-01-31,Almora,0.0437438982487615
2023-01-31,Bageshwar,0.3987325246007565
2023-01-31,Chamoli,0.508587116444339
2023-01-31,Champawat,0.0
2023-01-31,Dehra Dun,5.451076262716573e-05
2023-01-31,Haridwar,0.0
2023-01-31,Naini Tal,0.0030764833582981
2023-01-31,Pauri Garhwal,0.0255157653305246
2023-01-31,Pithoragarh,0.0680523467949121
2023-01-31,Rudra Prayag,0.461205514247283
2023-01-31,Tehri Garhwal,0.1023741871999272
2023-01-31,Udham Singh Nagar,0.0
2023-01-31,Uttarkashi,0.3370613593441526
2023-02-01,Almora,0.1460069095216632
2023-02-01,Bageshwar,0.1139761012181064
2023-02-01,Chamoli,0.1470474051943194
2023-02-01,Champawat,0.0403210332150918
2023-02-01,Dehra Dun,0.0118134373832726
2023-02-01,Haridwar,0.0049730588697657
2023-02-01,Naini Tal,0.046598928335412
2023-02-01,Pauri Garhwal,0.0723038298486712
2023-02-01,Pithoragarh,0.0498105689432175
2023-02-01,Rudra Prayag,0.2456673542803253
2023-02-01,Tehri Garhwal,0.0789357124006015
2023-02-01,Udham Singh Nagar,0.0028681644659078
2023-02-01,Uttarkashi,0.0821175638724407
2023-02-02,Almora,0.0
2023-02-02,Bageshwar,0.1462343709616963
2023-02-02,Chamoli,0.1745590055240639
2023-02-02,Champawat,0.0
2023-02-02,Dehra Dun,0.0001914690608606
2023-02-02,Haridwar,0.0
2023-02-02,Naini Tal,4.156707833155914e-05
2023-02-02,Pauri Garhwal,0.0035887747737631
2023-02-02,Pithoragarh,0.1007557979862977
2023-02-02,Rudra Prayag,0.549678741127497
2023-02-02,Tehri Garhwal,0.0906547826214711
2023-02-02,Udham Singh Nagar,0.0074785692196646
2023-02-02,Uttarkashi,0.2683228799273004
2023-02-03,Almora,0.006745525891337
2023-02-03,Bageshwar,0.4711737013225075
2023-02-03,Chamoli,0.2085060242851897
2023-02-03,Champawat,0.0
2023-02-03,Dehra Dun,0.0047758245210141
2023-02-03,Haridwar,0.0
2023-02-03,Naini Tal,0.009006546629289
2023-02-03,Pauri Garhwal,0.0
2023-02-03,Pithoragarh,0.0156059806400507
2023-02-03,Rudra Prayag,0.6596580137937798
2023-02-03,Tehri Garhwal,0.1637285521439995
2023-02-03,Udham Singh Nagar,0.0
2023-02-03,Uttarkashi,0.2575819537264011
2023-02-04,Almora,0.0142821302525588
2023-02-04,Bageshwar,0.5826681854930938
2023-02-04,Chamoli,0.4406247838472755
2023-02-04,Champawat,0.0
2023-02-04,Dehra Dun,0.0
2023-02-04,Haridwar,0.0
2023-02-04,Naini Tal,0.0001823755456741
2023-02-04,Pauri Garhwal,0.0
2023-02-04,Pithoragarh,0.1443505847915204
2023-02-04,Rudra Prayag,0.6971174268901271
2023-02-04,Tehri Garhwal,0.0844591093695042
2023-02-04,Udham Singh Nagar,0.0004522613034438
2023-02-04,Uttarkashi,0.012644643348724
2023-02-05,Almora,0.1931805771809887
2023-02-05,Bageshwar,0.6248180004882777
2023-02-05,Chamoli,0.3074002163232756
2023-02-05,Champawat,0.0
2023-02-05,Dehra Dun,0.0
2023-02-05,Haridwar,0.0
2023-02-05,Naini Tal,0.002972046022701
2023-02-05,Pauri Garhwal,0.0188539813181253
2023-02-05,Pithoragarh,0.1091762821461409
2023-02-05,Rudra Prayag,0.1808514645245948
2023-02-05,Tehri Garhwal,0.1466421986227231
2023-02-05,Udham Singh Nagar,0.0
2023-02-05,Uttarkashi,0.0847599178024646
2023-02-06,Almora,0.0153375806770774
2023-02-06,Bageshwar,0.5741847263221108
2023-02-06,Chamoli,0.8859732009355374
2023-02-06,Champawat,0.0
2023-02-06,Dehra Dun,0.6378059245675952
2023-02-06,Haridwar,0.0
2023-02-06,Naini Tal,0.0
2023-02-06,Pauri Garhwal,0.1777183669531306
2023-02-06,Pithoragarh,0.5686315051114913
2023-02-06,Rudra Prayag,1.236790983832163
2023-02-06,Tehri Garhwal,0.9999489820422232
2023-02-06,Udham Singh Nagar,0.0
2023-02-06,Uttarkashi,1.3165401154528356
2023-02-07,Almora,0.0
2023-02-07,Bageshwar,0.4061213136429774
2023-02-07,Chamoli,0.2865763971742659
2023-02-07,Champawat,0.0
2023-02-07,Dehra Dun,0.0
2023-02-07,Haridwar,0.0
2023-02-07,Naini Tal,0.0067572479355884
2023-02-07,Pauri Garhwal,0.0073722147945495
2023-02-07,Pithoragarh,0.2389973110305005
2023-02-07,Rudra Prayag,0.0224041441896212
2023-02-07,Tehri Garhwal,0.1102949836380315
2023-02-07,Udham Singh Nagar,0.0
2023-02-07,Uttarkashi,0.0492393271961375
2023-02-08,Almora,0.0033107375465495
2023-02-08,Bageshwar,0.3983878560812787
2023-02-08,Chamoli,0.1800461494225801
2023-02-08,Champawat,0.0
2023-02-08,Dehra Dun,0.0064922319763231
2023-02-08,Haridwar,0.0
2023-02-08,Naini Tal,0.0014371817134445
2023-02-08,Pauri Garhwal,0.0177041085586428
2023-02-08,Pithoragarh,0.0906325028400307
2023-02-08,Rudra Prayag,0.0729188239896776
2023-02-08,Tehri Garhwal,0.1176272370817734
2023-02-08,Udham Singh Nagar,0.0105815841652565
2023-02-08,Uttarkashi,0.088844729172068
2023-02-09,Almora,0.0611978018737939
2023-02-09,Bageshwar,1.1015110053305228
2023-02-09,Chamoli,0.5878158520552664
2023-02-09,Champawat,0.0718034621551128
2023-02-09,Dehra Dun,2.013155441977816
2023-02-09,Haridwar,0.0490693774198623
2023-02-09,Naini Tal,0.1969988524870622
2023-02-09,Pauri Garhwal,1.1766748729693022
2023-02-09,Pithoragarh,0.9636556837770518
2023-02-09,Rudra Prayag,1.4141864919121372
2023-02-09,Tehri Garhwal,2.209791214158635
2023-02-09,Udham Singh Nagar,0.0095004431797098
2023-02-09,Uttarkashi,1.9862247966241005
2023-02-10,Almora,0.0847125785211161
2023-02-10,Bageshwar,0.9987067778423592
2023-02-10,Chamoli,2.567022399583987
2023-02-10,Champawat,0.0743072270471827
2023-02-10,Dehra Dun,2.1142040924822747
2023-02-10,Haridwar,0.0403372065442446
2023-02-10,Naini Tal,0.3069422132815927
2023-02-10,Pauri Garhwal,0.4872669644004577
2023-02-10,Pithoragarh,0.9560009099354588
2023-02-10,Rudra Prayag,6.778428175810897
2023-02-10,Tehri Garhwal,3.086250406113148
2023-02-10,Udham Singh Nagar,0.0073078626451863
2023-02-10,Uttarkashi,2.6703964195318184
2023-02-11,Almora,0.1021346249851224
2023-02-11,Bageshwar,0.7811213011223388
2023-02-11,Chamoli,1.297831308430079
2023-02-11,Champawat,0.0009588353451805
2023-02-11,Dehra Dun,1.7517095468004236
2023-02-11,Haridwar,0.0230058100383494
2023-02-11,Naini Tal,0.2231055752324003
2023-02-11,Pauri Garhwal,0.5973120654605959
2023-02-11,Pithoragarh,1.3618074236534856
2023-02-11,Rudra Prayag,3.1894369085169743
2023-02-11,Tehri Garhwal,3.4908391273029444
2023-02-11,Udham Singh Nagar,0.0133165825701239
2023-02-11,Uttarkashi,2.0828448751053257
2023-02-12,Almora,0.7250914932506405
2023-02-12,Bageshwar,0.7735257198183235
2023-02-12,Chamoli,1.670316093429552
2023-02-12,Champawat,0.0
2023-02-12,Dehra Dun,0.0652718713076043
2023-02-12,Haridwar,0.0
2023-02-12,Naini Tal,0.0019926217511516
2023-02-12,Pauri Garhwal,0.3132329726792459
2023-02-12,Pithoragarh,0.3253203274190171
2023-02-12,Rudra Prayag,0.3441657954392654
2023-02-12,Tehri Garhwal,0.1720420274336006
2023-02-12,Udham Singh Nagar,0.0
2023-02-12,Uttarkashi,0.1810900728795452
2023-02-13,Almora,0.0
2023-02-13,Bageshwar,0.4821507253540296
2023-02-13,Chamoli,0.7130591542537645
2023-02-13,Champawat,0.0
2023-02-13,Dehra Dun,0.0
2023-02-13,Haridwar,0.0
2023-02-13,Naini Tal,0.0
2023-02-13,Pauri Garhwal,0.050016959327706
2023-02-13,Pithoragarh,0.1548662074962954
2023-02-13,Rudra Prayag,0.5356683793788155
2023-02-13,Tehri Garhwal,0.0473584621403333
2023-02-13,Udham Singh Nagar,0.0
2023-02-13,Uttarkashi,0.0245818961376687
2023-02-14,Almora,0.0
2023-02-14,Bageshwar,0.3726507279046072
2023-02-14,Chamoli,0.4109929430853763
2023-02-14,Champawat,0.0
2023-02-14,Dehra Dun,0.0
2023-02-14,Haridwar,0.0
2023-02-14,Naini Tal,0.0
2023-02-14,Pauri Garhwal,0.0002220337641086
2023-02-14,Pithoragarh,0.4010245322076204
2023-02-14,Rudra Prayag,0.3394231312909841
2023-02-14,Tehri Garhwal,0.0987328419330829
2023-02-14,Udham Singh Nagar,0.0
2023-02-14,Uttarkashi,0.0886701542928713
2023-02-15,Almora,0.0
2023-02-15,Bageshwar,0.5409797663353589
2023-02-15,Chamoli,0.7583275328747286
2023-02-15,Champawat,0.0
2023-02-15,Dehra Dun,0.0
2023-02-15,Haridwar,0.0
2023-02-15,Naini Tal,0.0
2023-02-15,Pauri Garhwal,0.0733547896398362
2023-02-15,Pithoragarh,0.7951104473359006
2023-02-15,Rudra Prayag,0.6980086218327645
2023-02-15,Tehri Garhwal,0.0941569744397148
2023-02-15,Udham Singh Nagar,0.0
2023-02-15,Uttarkashi,0.0693136064490058
2023-02-16,Almora,0.0013238882097726
2023-02-16,Bageshwar,1.5842251391425684
2023-02-16,Chamoli,0.3045373951234882
2023-02-16,Champawat,0.0003200301133286
2023-02-16,Dehra Dun,0.012272417053766
2023-02-16,Haridwar,0.088190699865027
2023-02-16,Naini Tal,0.0017676399268731
2023-02-16,Pauri Garhwal,0.0490898921248282
2023-02-16,Pithoragarh,0.8421647794621465
2023-02-16,Rudra Prayag,0.2206217559241079
2023-02-16,Tehri Garhwal,0.1630356430663332
2023-02-16,Udham Singh Nagar,0.0
2023-02-16,Uttarkashi,0.1076418198077085
2023-02-17,Almora,0.6494583625350462
2023-02-17,Bageshwar,1.7970192595135066
2023-02-17,Chamoli,1.0044295972207884
2023-02-17,Champawat,1.7418498566963736
2023-02-17,Dehra Dun,0.3316952775117759
2023-02-17,Haridwar,0.1086423644236138
2023-02-17,Naini Tal,0.2006338917689285
2023-02-17,Pauri Garhwal,0.4939719279685926
2023-02-17,Pithoragarh,1.5126608596088889
2023-02-17,Rudra Prayag,0.7732676920202755
2023-02-17,Tehri Garhwal,0.220394578665066
2023-02-17,Udham Singh Nagar,0.0078798401087716
2023-02-17,Uttarkashi,0.1152886592241917
2023-02-18,Almora,0.0
2023-02-18,Bageshwar,0.2267159867590047
2023-02-18,Chamoli,0.3696891913232623
2023-02-18,Champawat,0.0243222888514219
2023-02-18,Dehra Dun,0.0
2023-02-18,Haridwar,0.0
2023-02-18,Naini Tal,2.07835381979706e-05
2023-02-18,Pauri Garhwal,0.0017234600035578
2023-02-18,Pithoragarh,0.3660647539696414
2023-02-18,Rudra Prayag,0.9912607706491297
2023-02-18,Tehri Garhwal,0.0406852829944856
2023-02-18,Udham Singh Nagar,0.0135501031633086
2023-02-18,Uttarkashi,0.0284943263709805
2023-02-19,Almora,0.0127847070352188
2023-02-19,Bageshwar,0.8445872937911189
2023-02-19,Chamoli,0.2700090626971334
2023-02-19,Champawat,0.0
2023-02-19,Dehra Dun,0.0080410193356957
2023-02-19,Haridwar,0.0
2023-02-19,Naini Tal,0.1244414393843973
2023-02-19,Pauri Garhwal,0.0441561933706234
2023-02-19,Pithoragarh,0.5806563939243142
2023-02-19,Rudra Prayag,0.9639827046430766
2023-02-19,Tehri Garhwal,0.0976215182354242
2023-02-19,Udham Singh Nagar,0.0
2023-02-19,Uttarkashi,0.5102497810314102
2023-02-20,Almora,0.5193295775102844
2023-02-20,Bageshwar,0.8121222245883578
2023-02-20,Chamoli,0.9938528192677392
2023-02-20,Champawat,0.0002359437698266
2023-02-20,Dehra Dun,0.8776498857219787
2023-02-20,Haridwar,0.0210142624683364
2023-02-20,Naini Tal,0.337475312935177
2023-02-20,Pauri Garhwal,0.3868749427785271
2023-02-20,Pithoragarh,1.122409320639198
2023-02-20,Rudra Prayag,6.8959566717626375
2023-02-20,Tehri Garhwal,0.8303964713799976
2023-02-20,Udham Singh Nagar,0.0994169350373227
2023-02-20,Uttarkashi,2.592660253796751
2023-02-21,Almora,0.2670424292321112
2023-02-21,Bageshwar,1.8554392997509288
2023-02-21,Chamoli,1.764671013387064
2023-02-21,Champawat,1.8811018621926767
2023-02-21,Dehra Dun,1.995089903943704
2023-02-21,Haridwar,0.0
2023-02-21,Naini Tal,1.6596024816710238
2023-02-21,Pauri Garhwal,0.6598330806345853
2023-02-21,Pithoragarh,1.314736766646483
2023-02-21,Rudra Prayag,7.172379792696234
2023-02-21,Tehri Garhwal,11.882938159609376
2023-02-21,Udham Singh Nagar,2.506154250105259
2023-02-21,Uttarkashi,6.706032575930496
2023-02-22,Almora,0.1106941406322146
2023-02-22,Bageshwar,1.431247229914708
2023-02-22,Chamoli,2.0118687460755544
2023-02-22,Champawat,0.0
2023-02-22,Dehra Dun,0.239195281741864
2023-02-22,Haridwar,0.001444796541075
2023-02-22,Naini Tal,0.0
2023-02-22,Pauri Garhwal,0.0706263962410354
2023-02-22,Pithoragarh,0.5433114583122901
2023-02-22,Rudra Prayag,1.4499930523384186
2023-02-22,Tehri Garhwal,0.5331423841164744
2023-02-22,Udham Singh Nagar,0.0
2023-02-22,Uttarkashi,0.4647677451829722
2023-02-23,Almora,0.0
2023-02-23,Bageshwar,1.3684494017176536
2023-02-23,Chamoli,0.6310196217328289
2023-02-23,Champawat,0.0
2023-02-23,Dehra Dun,0.0
2023-02-23,Haridwar,0.0
2023-02-23,Naini Tal,0.0
2023-02-23,Pauri Garhwal,0.0
2023-02-23,Pithoragarh,0.3783764629490682
2023-02-23,Rudra Prayag,0.9131675024920612
2023-02-23,Tehri Garhwal,0.230933085423754
2023-02-23,Udham Singh Nagar,0.0
2023-02-23,Uttarkashi,0.0821221700607319
2023-02-24,Almora,0.0
2023-02-24,Bageshwar,1.4683409620708143
2023-02-24,Chamoli,0.1151571308107409
2023-02-24,Champawat,0.0
2023-02-24,Dehra Dun,0.0
2023-02-24,Haridwar,0.0
2023-02-24,Naini Tal,5.7154733141407855e-05
2023-02-24,Pauri Garhwal,0.0
2023-02-24,Pithoragarh,0.2233476093201466
2023-02-24,Rudra Prayag,0.5388946381550352
2023-02-24,Tehri Garhwal,0.2783682747098525
2023-02-24,Udham Singh Nagar,0.0102830327553947
2023-02-24,Uttarkashi,0.085303389508573
2023-02-25,Almora,0.0
2023-02-25,Bageshwar,3.496443857886719
2023-02-25,Chamoli,0.384175902031624
2023-02-25,Champawat,0.0108810237935654
2023-02-25,Dehra Dun,0.0
2023-02-25,Haridwar,0.0
2023-02-25,Naini Tal,0.0246440812869489
2023-02-25,Pauri Garhwal,0.0108067991911202
2023-02-25,Pithoragarh,2.3059813362138857
2023-02-25,Rudra Prayag,0.510248691712495
2023-02-25,Tehri Garhwal,0.4696039787541224
2023-02-25,Udham Singh Nagar,0.0014321607439287
2023-02-25,Uttarkashi,1.186771431701086
2023-02-26,Almora,0.0
2023-02-26,Bageshwar,3.2899640743208107
2023-02-26,Chamoli,4.197915552318552
2023-02-26,Champawat,0.0
2023-02-26,Dehra Dun,0.0443894779088793
2023-02-26,Haridwar,0.0
2023-02-26,Naini Tal,0.0
2023-02-26,Pauri Garhwal,0.0021027676884934
2023-02-26,Pithoragarh,5.885771106079297
2023-02-26,Rudra Prayag,7.8984834947238864
2023-02-26,Tehri Garhwal,0.4352940220305547
2023-02-26,Udham Singh Nagar,0.0
2023-02-26,Uttarkashi,1.3903535103237632
2023-02-27,Almora,0.0
2023-02-27,Bageshwar,2.976794044509092
2023-02-27,Chamoli,0.559772687594236
2023-02-27,Champawat,0.0
2023-02-27,Dehra Dun,0.0010690923783248
2023-02-27,Haridwar,0.0
2023-02-27,Naini Tal,0.0145744566795885
2023-02-27,Pauri Garhwal,3.276539778490678e-05
2023-02-27,Pithoragarh,3.9594187071098768
2023-02-27,Rudra Prayag,1.80119167334836
2023-02-27,Tehri Garhwal,0.504649242786197
2023-02-27,Udham Singh Nagar,0.0038796925442108
2023-02-27,Uttarkashi,0.7679226315325014
2023-02-28,Almora,0.1804202765220303
2023-02-28,Bageshwar,1.0783740556988906
2023-02-28,Chamoli,1.6985737516871435
2023-02-28,Champawat,0.1037725867700284
2023-02-28,Dehra Dun,3.618745480961569
2023-02-28,Haridwar,0.0532672992525522
2023-02-28,Naini Tal,0.1361799833582445
2023-02-28,Pauri Garhwal,0.2434114500608548
2023-02-28,Pithoragarh,0.8312810199194925
2023-02-28,Rudra Prayag,3.9442796973382896
2023-02-28,Tehri Garhwal,1.8910140580291928
2023-02-28,Udham Singh Nagar,0.1312695796569264
2023-02-28,Uttarkashi,8.020473082930852
2023-03-01,Almora,0.4448408995898452
2023-03-01,Bageshwar,1.2814095346022547
2023-03-01,Chamoli,0.4603941588217924
2023-03-01,Champawat,0.1170865984392318
2023-03-01,Dehra Dun,2.049192523069499
2023-03-01,Haridwar,1.262484478682075
2023-03-01,Naini Tal,0.1389983910263966
2023-03-01,Pauri Garhwal,0.3311670627998562
2023-03-01,Pithoragarh,0.4024597986152733
2023-03-01,Rudra Prayag,1.2849947863491653
2023-03-01,Tehri Garhwal,1.086281338370726
2023-03-01,Udham Singh Nagar,0.2152554674499109
2023-03-01,Uttarkashi,0.797161899507571
2023-03-02,Almora,0.0
2023-03-02,Bageshwar,0.4975431850162909
2023-03-02,Chamoli,0.1907475150699435
2023-03-02,Champawat,0.0755271098453057
2023-03-02,Dehra Dun,0.0759723342464702
2023-03-02,Haridwar,0.0
2023-03-02,Naini Tal,0.0054556789445917
2023-03-02,Pauri Garhwal,0.0
2023-03-02,Pithoragarh,0.1910096723922387
2023-03-02,Rudra Prayag,0.4594248550196076
2023-03-02,Tehri Garhwal,0.4277382664550402
2023-03-02,Udham Singh Nagar,0.0343984617748989
2023-03-02,Uttarkashi,1.3970560094581923
2023-03-03,Almora,0.0
2023-03-03,Bageshwar,1.122538569890415
2023-03-03,Chamoli,0.5772518812698733
2023-03-03,Champawat,0.0
2023-03-03,Dehra Dun,0.0015828563287523
2023-03-03,Haridwar,0.0
2023-03-03,Naini Tal,0.0014008105375669
2023-03-03,Pauri Garhwal,0.0115322639217778
2023-03-03,Pithoragarh,0.5069826145995621
2023-03-03,Rudra Prayag,1.875202021597272
2023-03-03,Tehri Garhwal,0.4081781262054675
2023-03-03,Udham Singh Nagar,0.0174076260391544
2023-03-03,Uttarkashi,0.506874245139607
2023-03-04,Almora,0.0
2023-03-04,Bageshwar,1.0157260764391949
2023-03-04,Chamoli,5.507873896703805
2023-03-04,Champawat,0.0
2023-03-04,Dehra Dun,0.0003618151981319
2023-03-04,Haridwar,0.0114500790670104
2023-03-04,Naini Tal,0.0001324950609478
2023-03-04,Pauri Garhwal,0.0
2023-03-04,Pithoragarh,0.296095656700073
2023-03-04,Rudra Prayag,1.011307405268963
2023-03-04,Tehri Garhwal,0.2464234587523214
2023-03-04,Udham Singh Nagar,0.0
2023-03-04,Uttarkashi,1.119703160510371
2023-03-05,Almora,0.2420288703061938
2023-03-05,Bageshwar,1.6880808434656285
2023-03-05,Chamoli,1.4516812172186049
2023-03-05,Champawat,0.0018950802971605
2023-03-05,Dehra Dun,0.0019010628466224
2023-03-05,Haridwar,0.0
2023-03-05,Naini Tal,0.0
2023-03-05,Pauri Garhwal,0.0178216788884751
2023-03-05,Pithoragarh,1.7543234412619837
2023-03-05,Rudra Prayag,0.8067495466632981
2023-03-05,Tehri Garhwal,0.3747502773173943
2023-03-05,Udham Singh Nagar,0.0
2023-03-05,Uttarkashi,0.1631357702434493
2023-03-06,Almora,0.0058595443168683
2023-03-06,Bageshwar,0.838697590348345
2023-03-06,Chamoli,0.1848794107411143
2023-03-06,Champawat,1.5060240627232805e-05
2023-03-06,Dehra Dun,0.0080798581274544
2023-03-06,Haridwar,0.0
2023-03-06,Naini Tal,0.0483393942324438
2023-03-06,Pauri Garhwal,0.0095069768642066
2023-03-06,Pithoragarh,0.1657208189493879
2023-03-06,Rudra Prayag,0.3661537023647229
2023-03-06,Tehri Garhwal,0.340881139852282
2023-03-06,Udham Singh Nagar,0.0
2023-03-06,Uttarkashi,0.1904626041340778
2023-03-07,Almora,0.2579053627825069
2023-03-07,Bageshwar,0.7317941025914693
2023-03-07,Chamoli,0.991759396057384
2023-03-07,Champawat,0.7256789488536044
2023-03-07,Dehra Dun,0.0003733987389216
2023-03-07,Haridwar,0.0
2023-03-07,Naini Tal,0.3150763707449341
2023-03-07,Pauri Garhwal,0.1424897813245598
2023-03-07,Pithoragarh,0.9821898533112564
2023-03-07,Rudra Prayag,0.5573298647957943
2023-03-07,Tehri Garhwal,0.3021926111938468
2023-03-07,Udham Singh Nagar,0.0738929927164918
2023-03-07,Uttarkashi,1.542667486327698
2023-03-08,Almora,0.6343227842289332
2023-03-08,Bageshwar,3.7026635214884993
2023-03-08,Chamoli,2.664206003948129
2023-03-08,Champawat,0.8892683096068263
2023-03-08,Dehra Dun,0.1740555954967877
2023-03-08,Haridwar,0.0024300051377805
2023-03-08,Naini Tal,0.3847027910437007
2023-03-08,Pauri Garhwal,0.4979750847347869
2023-03-08,Pithoragarh,4.314030447561638
2023-03-08,Rudra Prayag,17.56623961868887
2023-03-08,Tehri Garhwal,7.004268327912014
2023-03-08,Udham Singh Nagar,0.3117927820889756
2023-03-08,Uttarkashi,13.807861856283385
2023-03-09,Almora,0.2866702763858168
2023-03-09,Bageshwar,1.4122104448615571
2023-03-09,Chamoli,1.5118996992754166
2023-03-09,Champawat,0.037645581326107
2023-03-09,Dehra Dun,0.024067865557203
2023-03-09,Haridwar,0.0
2023-03-09,Naini Tal,0.3195754880718341
2023-03-09,Pauri Garhwal,0.10045832681118
2023-03-09,Pithoragarh,0.942664080291673
2023-03-09,Rudra Prayag,1.0648376315156567
2023-03-09,Tehri Garhwal,0.6864348850528995
2023-03-09,Udham Singh Nagar,0.006217853871606
2023-03-09,Uttarkashi,0.8937406535446899
2023-03-10,Almora,0.0090333513007448
2023-03-10,Bageshwar,1.7013096886411352
2023-03-10,Chamoli,0.702051527018612
2023-03-10,Champawat,0.0243222888514219
2023-03-10,Dehra Dun,0.0
2023-03-10,Haridwar,0.0
2023-03-10,Naini Tal,0.0142663405906394
2023-03-10,Pauri Garhwal,0.0103901007380208
2023-03-10,Pithoragarh,0.7248900946218512
2023-03-10,Rudra Prayag,2.0654749124666387
2023-03-10,Tehri Garhwal,0.9246678175864472
2023-03-10,Udham Singh Nagar,0.0114328995726379
2023-03-10,Uttarkashi,0.3841067420777349
2023-03-11,Almora,0.0240306390637285
2023-03-11,Bageshwar,0.5985744342343156
2023-03-11,Chamoli,0.5068026216756926
2023-03-11,Champawat,0.0466265047434717
2023-03-11,Dehra Dun,0.0113947940645112
2023-03-11,Haridwar,0.0
2023-03-11,Naini Tal,0.0222009761561109
2023-03-11,Pauri Garhwal,0.0447448144537107
2023-03-11,Pithoragarh,0.6103745330664427
2023-03-11,Rudra Prayag,1.3653177517747734
2023-03-11,Tehri Garhwal,0.6803655017887571
2023-03-11,Udham Singh Nagar,0.0
2023-03-11,Uttarkashi,3.000082670281193
2023-03-12,Almora,4.799900931121711
2023-03-12,Bageshwar,12.44787566003763
2023-03-12,Chamoli,5.847907513634672
2023-03-12,Champawat,0.8694891852444041
2023-03-12,Dehra Dun,1.9641707082207696
2023-03-12,Haridwar,0.0
2023-03-12,Naini Tal,0.0294378043661362
2023-03-12,Pauri Garhwal,1.257497849677537
2023-03-12,Pithoragarh,3.8733618092134994
2023-03-12,Rudra Prayag,6.720849607333167
2023-03-12,Tehri Garhwal,8.792517898316232
2023-03-12,Udham Singh Nagar,0.0170292636826127
2023-03-12,Uttarkashi,6.138551870042278
2023-03-13,Almora,0.0575196575432755
2023-03-13,Bageshwar,3.315965915341889
2023-03-13,Chamoli,5.819522062804163
2023-03-13,Champawat,0.0101468371822083
2023-03-13,Dehra Dun,0.5697151679690581
2023-03-13,Haridwar,0.0724546552738553
2023-03-13,Naini Tal,0.0175662470435053
2023-03-13,Pauri Garhwal,0.085530025805026
2023-03-13,Pithoragarh,13.886675097849732
2023-03-13,Rudra Prayag,12.247208769398137
2023-03-13,Tehri Garhwal,2.2739529544776973
2023-03-13,Udham Singh Nagar,0.0125325153054057
2023-03-13,Uttarkashi,9.523131189746016
2023-03-14,Almora,14.427863710322525
2023-03-14,Bageshwar,4.485085372293798
2023-03-14,Chamoli,5.18256951230711
2023-03-14,Champawat,17.168991873071885
2023-03-14,Dehra Dun,2.943807507038515
2023-03-14,Haridwar,0.0791935174934058
2023-03-14,Naini Tal,7.307067276758681
2023-03-14,Pauri Garhwal,7.085720674824648
2023-03-14,Pithoragarh,3.310166356714512
2023-03-14,Rudra Prayag,4.923188133209957
2023-03-14,Tehri Garhwal,9.404636628241864
2023-03-14,Udham Singh Nagar,0.9975177112510064
2023-03-14,Uttarkashi,1.0290468635109578
2023-03-15,Almora,0.5160703483900538
2023-03-15,Bageshwar,2.2529218270671074
2023-03-15,Chamoli,1.5297678631385816
2023-03-15,Champawat,0.5574108806941808
2023-03-15,Dehra Dun,1.802514262671176
2023-03-15,Haridwar,0.1693907330612281
2023-03-15,Naini Tal,0.2930614080590346
2023-03-15,Pauri Garhwal,0.5093196240875465
2023-03-15,Pithoragarh,1.3161445972791457
2023-03-15,Rudra Prayag,4.26564756044362
2023-03-15,Tehri Garhwal,3.450880591817512
2023-03-15,Udham Singh Nagar,0.0870965088654596
2023-03-15,Uttarkashi,4.03604859054234
2023-03-16,Almora,3.299283409324639
2023-03-16,Bageshwar,13.479302075890969
2023-03-16,Chamoli,3.84771332043401
2023-03-16,Champawat,0.7609751275406279
2023-03-16,Dehra Dun,4.52740313899956
2023-03-16,Haridwar,0.1036731802792322
2023-03-16,Naini Tal,0.5351423542870313
2023-03-16,Pauri Garhwal,1.469414812663692
2023-03-16,Pithoragarh,3.465814005323792
2023-03-16,Rudra Prayag,8.432954885856615
2023-03-16,Tehri Garhwal,4.690880073091617
2023-03-16,Udham Singh Nagar,0.3005837933658649
2023-03-16,Uttarkashi,5.529793006626658
2023-03-17,Almora,5.268647511307491
2023-03-17,Bageshwar,3.454687409766313
2023-03-17,Chamoli,4.017745882313866
2023-03-17,Champawat,2.8861156473853566
2023-03-17,Dehra Dun,16.244534217101304
2023-03-17,Haridwar,31.48629792437248
2023-03-17,Naini Tal,3.86741080781352
2023-03-17,Pauri Garhwal,13.105867783637722
2023-03-17,Pithoragarh,0.979155567029307
2023-03-17,Rudra Prayag,2.0678030556273708
2023-03-17,Tehri Garhwal,10.795552561755333
2023-03-17,Udham Singh Nagar,0.0278052019560723
2023-03-17,Uttarkashi,3.2650011685338094
2023-03-18,Almora,6.467776432804742
2023-03-18,Bageshwar,4.174267346086324
2023-03-18,Chamoli,4.773097741914007
2023-03-18,Champawat,2.8212097734135733
2023-03-18,Dehra Dun,9.610698183966484
2023-03-18,Haridwar,16.753513444565513
2023-03-18,Naini Tal,1.3732718121283438
2023-03-18,Pauri Garhwal,11.668984402240856
2023-03-18,Pithoragarh,1.157564678561386
2023-03-18,Rudra Prayag,6.308144945952404
2023-03-18,Tehri Garhwal,9.071460895171429
2023-03-18,Udham Singh Nagar,2.916505992323923
2023-03-18,Uttarkashi,4.146224125954882
2023-03-19,Almora,2.4737235108841715
2023-03-19,Bageshwar,4.343067940083668
2023-03-19,Chamoli,1.59570026845373
2023-03-19,Champawat,1.154618446029775
2023-03-19,Dehra Dun,5.727301583599866
2023-03-19,Haridwar,0.3280498234292406
2023-03-19,Naini Tal,1.857774551771252
2023-03-19,Pauri Garhwal,4.401417288280148
2023-03-19,Pithoragarh,3.3863774376490925
2023-03-19,Rudra Prayag,4.55873910665628
2023-03-19,Tehri Garhwal,4.591620166427404
2023-03-19,Udham Singh Nagar,0.1618363841576102
2023-03-19,Uttarkashi,2.694920018819419
2023-03-20,Almora,9.459679164286724
2023-03-20,Bageshwar,4.70691259192159
2023-03-20,Chamoli,2.7681610218969093
2023-03-20,Champawat,22.96575374361833
2023-03-20,Dehra Dun,19.27526392422197
2023-03-20,Haridwar,16.868858558628933
2023-03-20,Naini Tal,19.54012632273979
2023-03-20,Pauri Garhwal,6.957287246793755
2023-03-20,Pithoragarh,2.4194114500582016
2023-03-20,Rudra Prayag,7.263581852877385
2023-03-20,Tehri Garhwal,9.40750884359402
2023-03-20,Udham Singh Nagar,23.02622834625516
2023-03-20,Uttarkashi,10.824139430813874
2023-03-21,Almora,8.879962491571176
2023-03-21,Bageshwar,11.717131152123672
2023-03-21,Chamoli,5.24563828228847
2023-03-21,Champawat,10.213330591344334
2023-03-21,Dehra Dun,11.053452316822645
2023-03-21,Haridwar,5.312319821659735
2023-03-21,Naini Tal,10.662290088883188
2023-03-21,Pauri Garhwal,7.626114989268715
2023-03-21,Pithoragarh,4.601430455596687
2023-03-21,Rudra Prayag,6.778063733253904
2023-03-21,Tehri Garhwal,8.304194431750638
2023-03-21,Udham Singh Nagar,20.64997144375506
2023-03-21,Uttarkashi,10.225394968254822
2023-03-22,Almora,0.0290896137267221
2023-03-22,Bageshwar,1.361586369147613
2023-03-22,Chamoli,1.333783711391475
2023-03-22,Champawat,0.1004342339660815
2023-03-22,Dehra Dun,0.8524311636644369
2023-03-22,Haridwar,0.0
2023-03-22,Naini Tal,0.074003427387175
2023-03-22,Pauri Garhwal,0.0226312536545509
2023-03-22,Pithoragarh,0.5900472052412935
2023-03-22,Rudra Prayag,1.8160897693344245
2023-03-22,Tehri Garhwal,0.8830990033216948
2023-03-22,Udham Singh Nagar,0.0110308894962722
2023-03-22,Uttarkashi,1.0782401128052368
2023-03-23,Almora,0.0
2023-03-23,Bageshwar,1.448410810815917
2023-03-23,Chamoli,0.455045874373825
2023-03-23,Champawat,0.0
2023-03-23,Dehra Dun,0.0
2023-03-23,Haridwar,0.0170839934402049
2023-03-23,Naini Tal,0.0002727839465908
2023-03-23,Pauri Garhwal,7.70950564835601e-07
2023-03-23,Pithoragarh,0.4438941231377703
2023-03-23,Rudra Prayag,1.119718449858109
2023-03-23,Tehri Garhwal,0.2581028324213508
2023-03-23,Udham Singh Nagar,0.003660212715379
2023-03-23,Uttarkashi,0.5024985774132801
2023-03-24,Almora,14.245295214934806
2023-03-24,Bageshwar,9.220139491770365
2023-03-24,Chamoli,10.12223671092742
2023-03-24,Champawat,11.54802812806828
2023-03-24,Dehra Dun,5.131605914099668
2023-03-24,Haridwar,9.246760654905891
2023-03-24,Naini Tal,16.35214710900461
2023-03-24,Pauri Garhwal,12.615550934386762
2023-03-24,Pithoragarh,6.129790588187797
2023-03-24,Rudra Prayag,6.254272727663137
2023-03-24,Tehri Garhwal,6.385460192105158
2023-03-24,Udham Singh Nagar,16.311782863323103
2023-03-24,Uttarkashi,2.5109401994304195
2023-03-25,Almora,3.4500188941780947
2023-03-25,Bageshwar,4.551479672744138
2023-03-25,Chamoli,3.125570576938072
2023-03-25,Champawat,4.786034047949112
2023-03-25,Dehra Dun,3.0581887990485543
2023-03-25,Haridwar,1.0604578028802834
2023-03-25,Naini Tal,5.955562578117901
2023-03-25,Pauri Garhwal,3.599536954156957
2023-03-25,Pithoragarh,6.935002477709343
2023-03-25,Rudra Prayag,9.423198379997954
2023-03-25,Tehri Garhwal,9.44020230648613
2023-03-25,Udham Singh Nagar,2.041558483665621
2023-03-25,Uttarkashi,2.5896877697818126
2023-03-26,Almora,0.5891228158498149
2023-03-26,Bageshwar,4.583469560401349
2023-03-26,Chamoli,2.719184127939622
2023-03-26,Champawat,0.4150778035400435
2023-03-26,Dehra Dun,0.0051376395360037
2023-03-26,Haridwar,0.0
2023-03-26,Naini Tal,0.2336147713244494
2023-03-26,Pauri Garhwal,0.0321139457821759
2023-03-26,Pithoragarh,2.58112619815612
2023-03-26,Rudra Prayag,3.4442935395072207
2023-03-26,Tehri Garhwal,1.0074899644988404
2023-03-26,Udham Singh Nagar,0.0
2023-03-26,Uttarkashi,2.057404515577148
2023-03-27,Almora,0.2756324487219619
2023-03-27,Bageshwar,1.387907134608866
2023-03-27,Chamoli,4.435030580562182
2023-03-27,Champawat,0.0575928713796271
2023-03-27,Dehra Dun,0.0007658762449658
2023-03-27,Haridwar,0.0
2023-03-27,Naini Tal,0.0012464927614724
2023-03-27,Pauri Garhwal,0.443784969629423
2023-03-27,Pithoragarh,0.7306202430349946
2023-03-27,Rudra Prayag,1.5281329571493034
2023-03-27,Tehri Garhwal,0.6700957690041087
2023-03-27,Udham Singh Nagar,0.0
2023-03-27,Uttarkashi,0.7026471380550792
2023-03-28,Almora,0.1638082933507115
2023-03-28,Bageshwar,1.7839549225736202
2023-03-28,Chamoli,1.1428467926288826
2023-03-28,Champawat,0.0085805722783005
2023-03-28,Dehra Dun,0.0898228375780307
2023-03-28,Haridwar,0.0
2023-03-28,Naini Tal,0.0141748929442532
2023-03-28,Pauri Garhwal,0.0509602184632937
2023-03-28,Pithoragarh,0.7601675773315804
2023-03-28,Rudra Prayag,0.8796061931087897
2023-03-28,Tehri Garhwal,0.4255199108008805
2023-03-28,Udham Singh Nagar,0.0010493644264047
2023-03-28,Uttarkashi,1.072598546660144
2023-03-29,Almora,0.2801843768746063
2023-03-29,Bageshwar,0.4052233358338364
2023-03-29,Chamoli,1.005928905945931
2023-03-29,Champawat,0.0
2023-03-29,Dehra Dun,0.5589636011300703
2023-03-29,Haridwar,0.2463902066258225
2023-03-29,Naini Tal,0.0219869060350103
2023-03-29,Pauri Garhwal,0.5355246207054245
2023-03-29,Pithoragarh,0.7293292887822568
2023-03-29,Rudra Prayag,1.3668117194010236
2023-03-29,Tehri Garhwal,0.7899385071461654
2023-03-29,Udham Singh Nagar,0.0430549787670735
2023-03-29,Uttarkashi,1.5539894991864367
2023-03-30,Almora,2.037189488826089
2023-03-30,Bageshwar,2.093117591281428
2023-03-30,Chamoli,1.651924507194645
2023-03-30,Champawat,1.672392016622924
2023-03-30,Dehra Dun,4.020544340083557
2023-03-30,Haridwar,8.168320809210222
2023-03-30,Naini Tal,4.270946069010927
2023-03-30,Pauri Garhwal,3.7914165370158392
2023-03-30,Pithoragarh,0.8965209069540941
2023-03-30,Rudra Prayag,2.7281813030888764
2023-03-30,Tehri Garhwal,3.24975259283581
2023-03-30,Udham Singh Nagar,5.769854287534046
2023-03-30,Uttarkashi,3.269273411713987
2023-03-31,Almora,54.38886945821263
2023-03-31,Bageshwar,25.03875306854642
2023-03-31,Chamoli,21.369081499127528
2023-03-31,Champawat,29.18837655466129
2023-03-31,Dehra Dun,24.33631929456953
2023-03-31,Haridwar,12.0630187228444
2023-03-31,Naini Tal,36.37477996116365
2023-03-31,Pauri Garhwal,40.65312028525433
2023-03-31,Pithoragarh,11.62419873838128
2023-03-31,Rudra Prayag,23.207322425712768
2023-03-31,Tehri Garhwal,26.91276485728224
2023-03-31,Udham Singh Nagar,30.33885684990339
2023-03-31,Uttarkashi,13.80578889923122
2023-04-01,Almora,5.689511858687712
2023-04-01,Bageshwar,1.7157401254487925
2023-04-01,Chamoli,1.1309651365202442
2023-04-01,Champawat,0.5324938388293081
2023-04-01,Dehra Dun,20.50276610438497
2023-04-01,Haridwar,9.019654070947016
2023-04-01,Naini Tal,7.11532038140736
2023-04-01,Pauri Garhwal,9.566869750989635
2023-04-01,Pithoragarh,0.9154735677711616
2023-04-01,Rudra Prayag,2.548168684365565
2023-04-01,Tehri Garhwal,6.838588713815725
2023-04-01,Udham Singh Nagar,2.696075972243279
2023-04-01,Uttarkashi,3.922747042638989
2023-04-02,Almora,0.0108500539275682
2023-04-02,Bageshwar,2.496848287112216
2023-04-02,Chamoli,0.9405121941736306
2023-04-02,Champawat,0.0276104413032771
2023-04-02,Dehra Dun,0.0547076842105932
2023-04-02,Haridwar,0.0
2023-04-02,Naini Tal,0.0266190372004053
2023-04-02,Pauri Garhwal,0.0323502416399015
2023-04-02,Pithoragarh,0.9248693948856472
2023-04-02,Rudra Prayag,2.502245194815575
2023-04-02,Tehri Garhwal,0.5347192982417467
2023-04-02,Udham Singh Nagar,0.0044871413507098
2023-04-02,Uttarkashi,1.0871271535072684
2023-04-03,Almora,1.9347762572988176
2023-04-03,Bageshwar,0.8996966708802466
2023-04-03,Chamoli,1.298959524441342
2023-04-03,Champawat,2.274477866231174
2023-04-03,Dehra Dun,0.0957972183248647
2023-04-03,Haridwar,0.1927689689945093
2023-04-03,Naini Tal,0.0736490693069149
2023-04-03,Pauri Garhwal,1.1047640608513911
2023-04-03,Pithoragarh,0.6627885448653327
2023-04-03,Rudra Prayag,2.9080448260357112
2023-04-03,Tehri Garhwal,2.1319666834472843
2023-04-03,Udham Singh Nagar,0.0063486548893301
2023-04-03,Uttarkashi,2.8819039598731875
2023-04-04,Almora,1.5476097817212768
2023-04-04,Bageshwar,2.484052337133428
2023-04-04,Chamoli,1.442078451970019
2023-04-04,Champawat,0.391918916008379
2023-04-04,Dehra Dun,4.094020754089373
2023-04-04,Haridwar,0.0804639880173662
2023-04-04,Naini Tal,0.3901298860897854
2023-04-04,Pauri Garhwal,1.5313776525207194
2023-04-04,Pithoragarh,0.8993252125677053
2023-04-04,Rudra Prayag,2.007749526926504
2023-04-04,Tehri Garhwal,2.329689707185574
2023-04-04,Udham Singh Nagar,0.6047672023185968
2023-04-04,Uttarkashi,5.94899880073942
2023-04-05,Almora,0.0022024131761843
2023-04-05,Bageshwar,0.657790422675145
2023-04-05,Chamoli,0.241036969646241
2023-04-05,Champawat,0.0
2023-04-05,Dehra Dun,1.6287189657574244
2023-04-05,Haridwar,2.188987440268257
2023-04-05,Naini Tal,0.0
2023-04-05,Pauri Garhwal,0.1780679944355395
2023-04-05,Pithoragarh,0.3601929486164135
2023-04-05,Rudra Prayag,0.3817495587595541
2023-04-05,Tehri Garhwal,2.0454817558621
2023-04-05,Udham Singh Nagar,2.069169330043692e-05
2023-04-05,Uttarkashi,0.5903115273195083
2023-04-06,Almora,0.0385527367402603
2023-04-06,Bageshwar,0.447747227625223
2023-04-06,Chamoli,0.3388624399348958
2023-04-06,Champawat,0.0
2023-04-06,Dehra Dun,0.1473528185694836
2023-04-06,Haridwar,0.0915768608241961
2023-04-06,Naini Tal,0.1978099281657388
2023-04-06,Pauri Garhwal,0.2565534586363587
2023-04-06,Pithoragarh,0.1460230803264612
2023-04-06,Rudra Prayag,1.0530500621436767
2023-04-06,Tehri Garhwal,0.8288233702211615
2023-04-06,Udham Singh Nagar,0.2498573693536286
2023-04-06,Uttarkashi,0.7437911180407811
2023-04-07,Almora,0.0
2023-04-07,Bageshwar,0.2772757290282136
2023-04-07,Chamoli,0.1171598510641083
2023-04-07,Champawat,0.0
2023-04-07,Dehra Dun,0.0
2023-04-07,Haridwar,0.0
2023-04-07,Naini Tal,0.0
2023-04-07,Pauri Garhwal,0.0102941173993762
2023-04-07,Pithoragarh,0.1008831725583514
2023-04-07,Rudra Prayag,1.6826977195613897
2023-04-07,Tehri Garhwal,0.1492065335829854
2023-04-07,Udham Singh Nagar,0.0
2023-04-07,Uttarkashi,0.2359938504258884
2023-04-08,Almora,0.1920004024185743
2023-04-08,Bageshwar,0.6076773744418889
2023-04-08,Chamoli,1.505395065709281
2023-04-08,Champawat,0.0
2023-04-08,Dehra Dun,0.0
2023-04-08,Haridwar,0.0
2023-04-08,Naini Tal,0.0048836120880948
2023-04-08,Pauri Garhwal,0.1676609333312776
2023-04-08,Pithoragarh,0.0689192005875403
2023-04-08,Rudra Prayag,1.634929158987995
2023-04-08,Tehri Garhwal,0.5615168567456618
2023-04-08,Udham Singh Nagar,0.0
2023-04-08,Uttarkashi,1.3635723431037323
2023-04-09,Almora,1.282093922373507
2023-04-09,Bageshwar,4.380926358844289
2023-04-09,Chamoli,4.059503428727577
2023-04-09,Champawat,0.015774347003078
2023-04-09,Dehra Dun,0.4755546435836624
2023-04-09,Haridwar,0.0
2023-04-09,Naini Tal,0.0112646779885133
2023-04-09,Pauri Garhwal,0.1080467947820123
2023-04-09,Pithoragarh,1.1869665689105564
2023-04-09,Rudra Prayag,2.1147115130855707
2023-04-09,Tehri Garhwal,0.963304877889052
2023-04-09,Udham Singh Nagar,0.0302438657822215
2023-04-09,Uttarkashi,0.3522155640942447
2023-04-10,Almora,0.0
2023-04-10,Bageshwar,1.3598409637709503
2023-04-10,Chamoli,0.2206469367618715
2023-04-10,Champawat,0.0
2023-04-10,Dehra Dun,0.2485609111996988
2023-04-10,Haridwar,0.0
2023-04-10,Naini Tal,0.0
2023-04-10,Pauri Garhwal,0.0
2023-04-10,Pithoragarh,1.5476964307931351
2023-04-10,Rudra Prayag,0.6043264088444475
2023-04-10,Tehri Garhwal,0.5447164339580074
2023-04-10,Udham Singh Nagar,0.0
2023-04-10,Uttarkashi,0.6764050491445738
2023-04-11,Almora,0.0
2023-04-11,Bageshwar,0.5148722314054954
2023-04-11,Chamoli,0.1848305897433806
2023-04-11,Champawat,0.0
2023-04-11,Dehra Dun,0.0
2023-04-11,Haridwar,0.0
2023-04-11,Naini Tal,0.0
2023-04-11,Pauri Garhwal,0.0
2023-04-11,Pithoragarh,0.1416159472078079
2023-04-11,Rudra Prayag,0.8463920350538789
2023-04-11,Tehri Garhwal,0.2839896995264446
2023-04-11,Udham Singh Nagar,0.0
2023-04-11,Uttarkashi,0.0901015465229115
2023-04-12,Almora,0.0
2023-04-12,Bageshwar,1.5218262562468334
2023-04-12,Chamoli,0.9669117262116768
2023-04-12,Champawat,0.0153212852057922
2023-04-12,Dehra Dun,0.0114493048126697
2023-04-12,Haridwar,0.0
2023-04-12,Naini Tal,0.0013249505601206
2023-04-12,Pauri Garhwal,0.0
2023-04-12,Pithoragarh,0.1941197354325774
2023-04-12,Rudra Prayag,1.4176113573991929
2023-04-12,Tehri Garhwal,0.627770667071314
2023-04-12,Udham Singh Nagar,0.0071356781542812
2023-04-12,Uttarkashi,0.7019425651925134
2023-04-13,Almora,0.0228335134505239
2023-04-13,Bageshwar,0.2942610215438488
2023-04-13,Chamoli,0.3881749443504823
2023-04-13,Champawat,0.0
2023-04-13,Dehra Dun,0.0
2023-04-13,Haridwar,0.0
2023-04-13,Naini Tal,3.63711933949429e-05
2023-04-13,Pauri Garhwal,0.0490764003749912
2023-04-13,Pithoragarh,0.2506520278948169
2023-04-13,Rudra Prayag,1.499934335906116
2023-04-13,Tehri Garhwal,0.5302735278505393
2023-04-13,Udham Singh Nagar,0.0065437480410879
2023-04-13,Uttarkashi,1.2144696613881003
2023-04-14,Almora,0.1170742929692899
2023-04-14,Bageshwar,0.3049503594869747
2023-04-14,Chamoli,0.7592100429155544
2023-04-14,Champawat,0.0
2023-04-14,Dehra Dun,0.0
2023-04-14,Haridwar,0.0
2023-04-14,Naini Tal,0.0021495374865542
2023-04-14,Pauri Garhwal,0.0282553385979936
2023-04-14,Pithoragarh,0.2594077130961502
2023-04-14,Rudra Prayag,1.799246951493729
2023-04-14,Tehri Garhwal,3.197367440814169
2023-04-14,Udham Singh Nagar,0.0138796923504253
2023-04-14,Uttarkashi,6.126660043343054
2023-04-15,Almora,0.254987118096008
2023-04-15,Bageshwar,1.5837435265530506
2023-04-15,Chamoli,5.492431314142423
2023-04-15,Champawat,0.003146335209559
2023-04-15,Dehra Dun,0.0796892856346465
2023-04-15,Haridwar,0.0
2023-04-15,Naini Tal,0.0
2023-04-15,Pauri Garhwal,0.1700485651654514
2023-04-15,Pithoragarh,1.1168336537851753
2023-04-15,Rudra Prayag,7.610478214550579
2023-04-15,Tehri Garhwal,1.0908634865417184
2023-04-15,Udham Singh Nagar,0.0
2023-04-15,Uttarkashi,7.34288172175413
2023-04-16,Almora,0.0036835682663234
2023-04-16,Bageshwar,0.5283078929779175
2023-04-16,Chamoli,0.259496577856622
2023-04-16,Champawat,0.0
2023-04-16,Dehra Dun,0.0211753878096698
2023-04-16,Haridwar,0.0
2023-04-16,Naini Tal,0.0
2023-04-16,Pauri Garhwal,0.0016251638247068
2023-04-16,Pithoragarh,0.1145234318178416
2023-04-16,Rudra Prayag,0.2668134639802065
2023-04-16,Tehri Garhwal,0.1150824407810076
2023-04-16,Udham Singh Nagar,0.0
2023-04-16,Uttarkashi,0.6028480403600374
2023-04-17,Almora,0.0
2023-04-17,Bageshwar,0.1782757311607437
2023-04-17,Chamoli,0.2699127565353208
2023-04-17,Champawat,0.0124811746582602
2023-04-17,Dehra Dun,0.0
2023-04-17,Haridwar,0.0
2023-04-17,Naini Tal,0.0011924555732101
2023-04-17,Pauri Garhwal,0.0026636341974861
2023-04-17,Pithoragarh,0.2428599680304614
2023-04-17,Rudra Prayag,0.3801537046173591
2023-04-17,Tehri Garhwal,0.1503798090208362
2023-04-17,Udham Singh Nagar,0.0
2023-04-17,Uttarkashi,0.6128101186845039
2023-04-18,Almora,0.009761388131787
2023-04-18,Bageshwar,4.607056872416734
2023-04-18,Chamoli,0.7782226902845778
2023-04-18,Champawat,0.0188541661650615
2023-04-18,Dehra Dun,0.7402677765368915
2023-04-18,Haridwar,0.0108091211972059
2023-04-18,Naini Tal,0.0013701547814836
2023-04-18,Pauri Garhwal,0.0576990972533758
2023-04-18,Pithoragarh,1.0544286807248155
2023-04-18,Rudra Prayag,2.0349049634893706
2023-04-18,Tehri Garhwal,0.8551505685850853
2023-04-18,Udham Singh Nagar,0.0
2023-04-18,Uttarkashi,8.174020660262828
2023-04-19,Almora,2.194958607285509
2023-04-19,Bageshwar,12.13444457696169
2023-04-19,Chamoli,21.027521408115017
2023-04-19,Champawat,1.9879881656225151
2023-04-19,Dehra Dun,10.894400811320487
2023-04-19,Haridwar,5.9958327129029945
2023-04-19,Naini Tal,2.251754605455786
2023-04-19,Pauri Garhwal,12.25800330473767
2023-04-19,Pithoragarh,5.660874594751753
2023-04-19,Rudra Prayag,44.77261372270329
2023-04-19,Tehri Garhwal,36.08734617623304
2023-04-19,Udham Singh Nagar,1.6163264429944142
2023-04-19,Uttarkashi,32.51758244171802
2023-04-20,Almora,3.457030827996857
2023-04-20,Bageshwar,13.098053019592772
2023-04-20,Chamoli,29.819669885395847
2023-04-20,Champawat,4.153898001065006
2023-04-20,Dehra Dun,14.078824984788506
2023-04-20,Haridwar,4.041930716302096
2023-04-20,Naini Tal,1.8894704934035385
2023-04-20,Pauri Garhwal,5.756897169134654
2023-04-20,Pithoragarh,14.058234775318104
2023-04-20,Rudra Prayag,19.99185618235985
2023-04-20,Tehri Garhwal,11.925529204825954
2023-04-20,Udham Singh Nagar,2.268626906532032
2023-04-20,Uttarkashi,11.842600174586934
2023-04-21,Almora,3.0244115504480136
2023-04-21,Bageshwar,1.3705018012911103
2023-04-21,Chamoli,3.9084192326340297
2023-04-21,Champawat,9.496882309242764
2023-04-21,Dehra Dun,0.7804844506160054
2023-04-21,Haridwar,0.6189628253615627
2023-04-21,Naini Tal,1.387295515358949
2023-04-21,Pauri Garhwal,0.4286061080081327
2023-04-21,Pithoragarh,4.2205697625406495
2023-04-21,Rudra Prayag,1.1494887393933038
2023-04-21,Tehri Garhwal,0.402634377702002
2023-04-21,Udham Singh Nagar,0.7648085762377466
2023-04-21,Uttarkashi,0.2603651274484621
2023-04-22,Almora,0.0241336754796957
2023-04-22,Bageshwar,0.2686259135886383
2023-04-22,Chamoli,0.1757651217777841
2023-04-22,Champawat,0.0
2023-04-22,Dehra Dun,0.0636815189303458
2023-04-22,Haridwar,0.2144180265569976
2023-04-22,Naini Tal,0.0017369842938951
2023-04-22,Pauri Garhwal,0.0198727926083851
2023-04-22,Pithoragarh,0.2446854899769765
2023-04-22,Rudra Prayag,0.324526762123025
2023-04-22,Tehri Garhwal,0.0797331278856625
2023-04-22,Udham Singh Nagar,0.0026174991328556
2023-04-22,Uttarkashi,1.0812345410502815
2023-04-23,Almora,1.968579141893691
2023-04-23,Bageshwar,1.84910566828176
2023-04-23,Chamoli,1.0593364906950289
2023-04-23,Champawat,3.3595393399717786
2023-04-23,Dehra Dun,0.0861236007885921
2023-04-23,Haridwar,0.3456638389211106
2023-04-23,Naini Tal,0.9450940323049368
2023-04-23,Pauri Garhwal,0.2734569367026347
2023-04-23,Pithoragarh,1.2026011158052126
2023-04-23,Rudra Prayag,1.2054403875068165
2023-04-23,Tehri Garhwal,2.8646482365945123
2023-04-23,Udham Singh Nagar,0.3973085929385266
2023-04-23,Uttarkashi,1.34788469289648
2023-04-24,Almora,0.1758520824120303
2023-04-24,Bageshwar,0.61121689586503
2023-04-24,Chamoli,1.0907354924574189
2023-04-24,Champawat,0.4710090228720627
2023-04-24,Dehra Dun,0.0925279347743594
2023-04-24,Haridwar,0.0
2023-04-24,Naini Tal,0.3504208570892468
2023-04-24,Pauri Garhwal,0.1082726825158903
2023-04-24,Pithoragarh,1.0535396732573103
2023-04-24,Rudra Prayag,2.0785716231519897
2023-04-24,Tehri Garhwal,0.3340125721809179
2023-04-24,Udham Singh Nagar,1.6435508018150593
2023-04-24,Uttarkashi,0.5354804576153974
2023-04-25,Almora,0.0523623902208743
2023-04-25,Bageshwar,0.3351525636412107
2023-04-25,Chamoli,0.6313763041802172
2023-04-25,Champawat,0.0003677208760162
2023-04-25,Dehra Dun,7.800688713045246
2023-04-25,Haridwar,0.0
2023-04-25,Naini Tal,0.0129891920878911
2023-04-25,Pauri Garhwal,1.3716513508124912
2023-04-25,Pithoragarh,0.5268106448266581
2023-04-25,Rudra Prayag,1.83263553422176
2023-04-25,Tehri Garhwal,6.161135475506213
2023-04-25,Udham Singh Nagar,0.0076921369820974
2023-04-25,Uttarkashi,4.469657630966656
2023-04-26,Almora,0.0158975051482129
2023-04-26,Bageshwar,0.5147876692357173
2023-04-26,Chamoli,0.5733478144257955
2023-04-26,Champawat,0.1146322780089587
2023-04-26,Dehra Dun,0.0491210128287039
2023-04-26,Haridwar,0.0819184700721459
2023-04-26,Naini Tal,0.0350213021549611
2023-04-26,Pauri Garhwal,0.0716309435628989
2023-04-26,Pithoragarh,0.256659080682515
2023-04-26,Rudra Prayag,1.636191667450048
2023-04-26,Tehri Garhwal,0.2382176842375755
2023-04-26,Udham Singh Nagar,0.0803517570477964
2023-04-26,Uttarkashi,1.2520346970849137
2023-04-27,Almora,22.07373860258689
2023-04-27,Bageshwar,16.729767090291205
2023-04-27,Chamoli,11.241877079902128
2023-04-27,Champawat,0.7008019374051396
2023-04-27,Dehra Dun,0.64926886810731
2023-04-27,Haridwar,4.552620945556073
2023-04-27,Naini Tal,2.4397640417416206
2023-04-27,Pauri Garhwal,12.57725825756168
2023-04-27,Pithoragarh,6.226688376741384
2023-04-27,Rudra Prayag,9.217858096146198
2023-04-27,Tehri Garhwal,3.814398980382412
2023-04-27,Udham Singh Nagar,0.4364513684618319
2023-04-27,Uttarkashi,1.651743520642038
2023-04-28,Almora,0.0652806376726487
2023-04-28,Bageshwar,0.5284347253678683
2023-04-28,Chamoli,0.3773044412127778
2023-04-28,Champawat,0.1716905083518052
2023-04-28,Dehra Dun,1.1374209320711306
2023-04-28,Haridwar,0.6726844333230971
2023-04-28,Naini Tal,0.3360256611998722
2023-04-28,Pauri Garhwal,0.2790528788270013
2023-04-28,Pithoragarh,0.3819951532216184
2023-04-28,Rudra Prayag,4.065975724178365
2023-04-28,Tehri Garhwal,1.7838924457857888
2023-04-28,Udham Singh Nagar,0.7747509355268362
2023-04-28,Uttarkashi,3.3968512916847327
2023-04-29,Almora,1.5598393105337376
2023-04-29,Bageshwar,3.6028197585500656
2023-04-29,Chamoli,7.901848618115961
2023-04-29,Champawat,1.5379203975899147
2023-04-29,Dehra Dun,0.2564125036036163
2023-04-29,Haridwar,3.3408152101475173
2023-04-29,Naini Tal,2.434615454466857
2023-04-29,Pauri Garhwal,3.944313383009837
2023-04-29,Pithoragarh,2.084483739882716
2023-04-29,Rudra Prayag,8.303062020038578
2023-04-29,Tehri Garhwal,1.930933043438646
2023-04-29,Udham Singh Nagar,5.883958629732624
2023-04-29,Uttarkashi,4.16198947737468
2023-04-30,Almora,17.76053644744252
2023-04-30,Bageshwar,4.810599149022465
2023-04-30,Chamoli,2.3510521244476936
2023-04-30,Champawat,12.811755459884228
2023-04-30,Dehra Dun,9.47188722974646
2023-04-30,Haridwar,7.793517160253329
2023-04-30,Naini Tal,24.110758025662665
2023-04-30,Pauri Garhwal,7.525320162210578
2023-04-30,Pithoragarh,2.5683105434198223
2023-04-30,Rudra Prayag,1.7067115255575211
2023-04-30,Tehri Garhwal,7.160935310145281
2023-04-30,Udham Singh Nagar,18.76096689241888
2023-04-30,Uttarkashi,4.878443145392992
2023-05-01,Almora,17.311403304878482
2023-05-01,Bageshwar,6.316502988559318
2023-05-01,Chamoli,3.527819682517211
2023-05-01,Champawat,18.580612277983544
2023-05-01,Dehra Dun,6.377513885621412
2023-05-01,Haridwar,5.6816562166918665
2023-05-01,Naini Tal,12.448560139592296
2023-05-01,Pauri Garhwal,15.108868990760635
2023-05-01,Pithoragarh,4.655854709867191
2023-05-01,Rudra Prayag,4.895102828927659
2023-05-01,Tehri Garhwal,5.072936355776774
2023-05-01,Udham Singh Nagar,12.354222667034485
2023-05-01,Uttarkashi,2.7888777011905965
2023-05-02,Almora,8.277000196195138
2023-05-02,Bageshwar,5.810631291978644
2023-05-02,Chamoli,5.55343494275695
2023-05-02,Champawat,4.93568761075541
2023-05-02,Dehra Dun,2.0672130877781343
2023-05-02,Haridwar,6.660214665970338
2023-05-02,Naini Tal,5.841146579768231
2023-05-02,Pauri Garhwal,9.739069625354382
2023-05-02,Pithoragarh,3.114651319433426
2023-05-02,Rudra Prayag,6.814345268473764
2023-05-02,Tehri Garhwal,5.048002647515601
2023-05-02,Udham Singh Nagar,5.473855174408123
2023-05-02,Uttarkashi,1.7361295206827454
2023-05-03,Almora,5.589017627397886
2023-05-03,Bageshwar,3.725670868427124
2023-05-03,Chamoli,7.359737323551557
2023-05-03,Champawat,1.0623481130997938
2023-05-03,Dehra Dun,5.736430784593862
2023-05-03,Haridwar,20.340114001203563
2023-05-03,Naini Tal,4.031320175516604
2023-05-03,Pauri Garhwal,10.748305987074517
2023-05-03,Pithoragarh,1.7051005146862093
2023-05-03,Rudra Prayag,10.857186273931296
2023-05-03,Tehri Garhwal,6.6891587472894845
2023-05-03,Udham Singh Nagar,5.879432308239278
2023-05-03,Uttarkashi,3.494103538173027
2023-05-04,Almora,3.041245865472188
2023-05-04,Bageshwar,4.596268249760034
2023-05-04,Chamoli,0.7944693560159467
2023-05-04,Champawat,0.6242846237784476
2023-05-04,Dehra Dun,0.3669780507807118
2023-05-04,Haridwar,0.0057624581057219
2023-05-04,Naini Tal,0.0738880790511261
2023-05-04,Pauri Garhwal,0.2919501133774903
2023-05-04,Pithoragarh,2.2456073903725056
2023-05-04,Rudra Prayag,1.8083160205774769
2023-05-04,Tehri Garhwal,1.1852430117704802
2023-05-04,Udham Singh Nagar,0.0441930230162947
2023-05-04,Uttarkashi,2.679759854256828
2023-05-05,Almora,0.2843648236682548
2023-05-05,Bageshwar,0.599553295954384
2023-05-05,Chamoli,0.1414923672124058
2023-05-05,Champawat,1.3668373186652265
2023-05-05,Dehra Dun,0.2575095307293129
2023-05-05,Haridwar,0.4100765891853332
2023-05-05,Naini Tal,0.6779881376646532
2023-05-05,Pauri Garhwal,1.1049560327476335
2023-05-05,Pithoragarh,0.2035227881924101
2023-05-05,Rudra Prayag,0.7182815012919341
2023-05-05,Tehri Garhwal,0.3092951690174534
2023-05-05,Udham Singh Nagar,0.0757781541083165
2023-05-05,Uttarkashi,0.445492059670518
2023-05-06,Almora,0.0034402114113918
2023-05-06,Bageshwar,0.4183290341754292
2023-05-06,Chamoli,0.8588573610639275
2023-05-06,Champawat,0.0
2023-05-06,Dehra Dun,0.0009600708413941
2023-05-06,Haridwar,0.043785876895905
2023-05-06,Naini Tal,0.0040314869437791
2023-05-06,Pauri Garhwal,0.01044984914695
2023-05-06,Pithoragarh,1.674407975630911
2023-05-06,Rudra Prayag,2.7829722998724904
2023-05-06,Tehri Garhwal,0.5363543469916314
2023-05-06,Udham Singh Nagar,0.0019974873566126
2023-05-06,Uttarkashi,1.490244113789256
2023-05-07,Almora,0.2594224445732944
2023-05-07,Bageshwar,0.156593746483593
2023-05-07,Chamoli,1.2892225696861317
2023-05-07,Champawat,0.0657429699482112
2023-05-07,Dehra Dun,0.8141305274613105
2023-05-07,Haridwar,0.6152350588957989
2023-05-07,Naini Tal,0.3361742595080211
2023-05-07,Pauri Garhwal,0.5880749228313994
2023-05-07,Pithoragarh,0.3042039690429897
2023-05-07,Rudra Prayag,0.6808324516353572
2023-05-07,Tehri Garhwal,0.3211132221430216
2023-05-07,Udham Singh Nagar,1.337365472390576
2023-05-07,Uttarkashi,0.5582974836784179
2023-05-08,Almora,0.1249966088623321
2023-05-08,Bageshwar,2.410963171887767
2023-05-08,Chamoli,1.0900002389015973
2023-05-08,Champawat,0.1231049168667939
2023-05-08,Dehra Dun,1.1284688998756964
2023-05-08,Haridwar,0.0
2023-05-08,Naini Tal,0.3610589121293482
2023-05-08,Pauri Garhwal,0.0970765514048402
2023-05-08,Pithoragarh,1.3257945384231398
2023-05-08,Rudra Prayag,0.6546217466747977
2023-05-08,Tehri Garhwal,0.8940864222801852
2023-05-08,Udham Singh Nagar,0.4237924811212517
2023-05-08,Uttarkashi,3.821689556414383
2023-05-09,Almora,0.8187289682334113
2023-05-09,Bageshwar,0.4505578980503796
2023-05-09,Chamoli,0.2042236639123233
2023-05-09,Champawat,1.1059048464804622
2023-05-09,Dehra Dun,1.5945366219527055
2023-05-09,Haridwar,0.0192595525279176
2023-05-09,Naini Tal,0.3199132204635116
2023-05-09,Pauri Garhwal,0.1706225379161142
2023-05-09,Pithoragarh,1.05109126386977
2023-05-09,Rudra Prayag,0.252233152911839
2023-05-09,Tehri Garhwal,2.474977534751201
2023-05-09,Udham Singh Nagar,0.0086018324422476
2023-05-09,Uttarkashi,0.1879326729297157
2023-05-10,Almora,0.0513720155517831
2023-05-10,Bageshwar,0.0926406221969313
2023-05-10,Chamoli,0.1258174117201175
2023-05-10,Champawat,0.0
2023-05-10,Dehra Dun,0.0
2023-05-10,Haridwar,0.0
2023-05-10,Naini Tal,0.0007159929100439
2023-05-10,Pauri Garhwal,0.0023706729844282
2023-05-10,Pithoragarh,0.0661976779644408
2023-05-10,Rudra Prayag,0.3951761589667057
2023-05-10,Tehri Garhwal,0.1253121391556918
2023-05-10,Udham Singh Nagar,0.0
2023-05-10,Uttarkashi,0.1027339654082313
2023-05-11,Almora,0.0
2023-05-11,Bageshwar,0.3511553205628469
2023-05-11,Chamoli,0.2611031328312947
2023-05-11,Champawat,0.0
2023-05-11,Dehra Dun,1.6353229397354998e-05
2023-05-11,Haridwar,0.0
2023-05-11,Naini Tal,0.0072872283027756
2023-05-11,Pauri Garhwal,0.0095347311106042
2023-05-11,Pithoragarh,0.1042045562268449
2023-05-11,Rudra Prayag,0.2605820353102704
2023-05-11,Tehri Garhwal,0.1052906946085601
2023-05-11,Udham Singh Nagar,0.0
2023-05-11,Uttarkashi,0.1124700664159706
2023-05-12,Almora,0.0
2023-05-12,Bageshwar,0.6099788395674243
2023-05-12,Chamoli,1.2453363744535348
2023-05-12,Champawat,0.0
2023-05-12,Dehra Dun,1.6353229397354998e-05
2023-05-12,Haridwar,0.0
2023-05-12,Naini Tal,0.0
2023-05-12,Pauri Garhwal,0.0015966385933519
2023-05-12,Pithoragarh,0.6974702451061694
2023-05-12,Rudra Prayag,0.6646217429344518
2023-05-12,Tehri Garhwal,0.1061279990271286
2023-05-12,Udham Singh Nagar,0.0
2023-05-12,Uttarkashi,0.2836033900472761
2023-05-13,Almora,0.0
2023-05-13,Bageshwar,0.4093584432757993
2023-05-13,Chamoli,0.9201880561323228
2023-05-13,Champawat,0.0
2023-05-13,Dehra Dun,0.157705772373674
2023-05-13,Haridwar,0.0
2023-05-13,Naini Tal,0.0
2023-05-13,Pauri Garhwal,0.0005412072956529
2023-05-13,Pithoragarh,1.3121647706387354
2023-05-13,Rudra Prayag,4.585231310846558
2023-05-13,Tehri Garhwal,1.837064388226022
2023-05-13,Udham Singh Nagar,0.0
2023-05-13,Uttarkashi,0.9562169878240884
2023-05-14,Almora,0.7033025878110348
2023-05-14,Bageshwar,1.7384962801867754
2023-05-14,Chamoli,0.8763808328217577
2023-05-14,Champawat,2.452472347657693
2023-05-14,Dehra Dun,1.2876723639217238
2023-05-14,Haridwar,0.000228913527472
2023-05-14,Naini Tal,0.0572129261135942
2023-05-14,Pauri Garhwal,0.0504668092208084
2023-05-14,Pithoragarh,2.2182496254189235
2023-05-14,Rudra Prayag,0.4194438556138433
2023-05-14,Tehri Garhwal,0.3292355986980965
2023-05-14,Udham Singh Nagar,0.0185441910201133
2023-05-14,Uttarkashi,0.8084021650579548
2023-05-15,Almora,0.260835133889289
2023-05-15,Bageshwar,0.1340624957889839
2023-05-15,Chamoli,1.0657421579362756
2023-05-15,Champawat,1.5251493131340736
2023-05-15,Dehra Dun,0.0089527116252049
2023-05-15,Haridwar,5.282620061533324e-06
2023-05-15,Naini Tal,0.4204026744608543
2023-05-15,Pauri Garhwal,0.6812126862256253
2023-05-15,Pithoragarh,0.9482642274648094
2023-05-15,Rudra Prayag,0.7952676823848477
2023-05-15,Tehri Garhwal,0.3772116753218921
2023-05-15,Udham Singh Nagar,0.0250835051298132
2023-05-15,Uttarkashi,0.2679339252898151
2023-05-16,Almora,0.0
2023-05-16,Bageshwar,0.0990036739577429
2023-05-16,Chamoli,0.6064814188120197
2023-05-16,Champawat,0.0
2023-05-16,Dehra Dun,0.0
2023-05-16,Haridwar,0.0
2023-05-16,Naini Tal,0.0
2023-05-16,Pauri Garhwal,0.0043250326870368
2023-05-16,Pithoragarh,0.2940037237736866
2023-05-16,Rudra Prayag,0.4135630272611949
2023-05-16,Tehri Garhwal,0.1207219754603843
2023-05-16,Udham Singh Nagar,0.0
2023-05-16,Uttarkashi,0.5166194314491579
2023-05-17,Almora,0.0812228834974971
2023-05-17,Bageshwar,1.0415045752491363
2023-05-17,Chamoli,2.3055180375991093
2023-05-17,Champawat,0.129318519684544
2023-05-17,Dehra Dun,1.6462359994431084
2023-05-17,Haridwar,5.033177379315395
2023-05-17,Naini Tal,0.5011482783279183
2023-05-17,Pauri Garhwal,2.0049621665521573
2023-05-17,Pithoragarh,3.037529366279557
2023-05-17,Rudra Prayag,3.4104489502952213
2023-05-17,Tehri Garhwal,0.6364506130237054
2023-05-17,Udham Singh Nagar,0.7712466511953852
2023-05-17,Uttarkashi,2.6257371095242137
2023-05-18,Almora,1.9715183996003265
2023-05-18,Bageshwar,0.8101157898992397
2023-05-18,Chamoli,0.6508523485438547
2023-05-18,Champawat,0.4192457229822844
2023-05-18,Dehra Dun,2.334179543779895
2023-05-18,Haridwar,2.116842713883482
2023-05-18,Naini Tal,3.628208897629651
2023-05-18,Pauri Garhwal,3.320359959241159
2023-05-18,Pithoragarh,1.1343048043251325
2023-05-18,Rudra Prayag,0.2836839298696766
2023-05-18,Tehri Garhwal,1.6444137983238578
2023-05-18,Udham Singh Nagar,2.850314017865633
2023-05-18,Uttarkashi,1.3753259304344851
2023-05-19,Almora,0.0005802603008189
2023-05-19,Bageshwar,0.8487582482474595
2023-05-19,Chamoli,3.404365776243965
2023-05-19,Champawat,6.024096250893121e-05
2023-05-19,Dehra Dun,1.226492204801625e-05
2023-05-19,Haridwar,0.0
2023-05-19,Naini Tal,0.0
2023-05-19,Pauri Garhwal,0.0076054273233238
2023-05-19,Pithoragarh,0.3427544503872441
2023-05-19,Rudra Prayag,6.158768419079507
2023-05-19,Tehri Garhwal,2.2503192330911377
2023-05-19,Udham Singh Nagar,0.0
2023-05-19,Uttarkashi,0.92977055058907
2023-05-20,Almora,4.805269683366277
2023-05-20,Bageshwar,9.171975042272244
2023-05-20,Chamoli,6.16368247829176
2023-05-20,Champawat,1.8586746618113328
2023-05-20,Dehra Dun,0.0852984457622485
2023-05-20,Haridwar,0.0
2023-05-20,Naini Tal,2.098702010486376
2023-05-20,Pauri Garhwal,6.935992834537634
2023-05-20,Pithoragarh,3.0434236304459428
2023-05-20,Rudra Prayag,3.0240690226668243
2023-05-20,Tehri Garhwal,5.888897113115277
2023-05-20,Udham Singh Nagar,0.0407537678697102
2023-05-20,Uttarkashi,0.3546298460696061
2023-05-21,Almora,4.406182050963544e-05
2023-05-21,Bageshwar,0.6351167154866476
2023-05-21,Chamoli,0.2833520896437539
2023-05-21,Champawat,3.012048125446561e-05
2023-05-21,Dehra Dun,0.0
2023-05-21,Haridwar,0.0
2023-05-21,Naini Tal,0.0
2023-05-21,Pauri Garhwal,3.276539778490678e-05
2023-05-21,Pithoragarh,0.4139699105726473
2023-05-21,Rudra Prayag,0.3461226168785096
2023-05-21,Tehri Garhwal,0.2794862674594314
2023-05-21,Udham Singh Nagar,0.0
2023-05-21,Uttarkashi,0.3518570080115907
2023-05-22,Almora,3.630371368276899
2023-05-22,Bageshwar,1.5518813984490838
2023-05-22,Chamoli,2.80038623591
2023-05-22,Champawat,0.4601392959698989
2023-05-22,Dehra Dun,0.0004435813363614
2023-05-22,Haridwar,0.0
2023-05-22,Naini Tal,0.2445599038505588
2023-05-22,Pauri Garhwal,1.8897875518263128
2023-05-22,Pithoragarh,1.351644484169774
2023-05-22,Rudra Prayag,6.189155297160199
2023-05-22,Tehri Garhwal,3.214514319087779
2023-05-22,Udham Singh Nagar,0.0006783919586757
2023-05-22,Uttarkashi,0.5573744593932034
2023-05-23,Almora,14.499093353434931
2023-05-23,Bageshwar,16.3485281202937
2023-05-23,Chamoli,5.6160917987885215
2023-05-23,Champawat,29.693533372424305
2023-05-23,Dehra Dun,21.114796487085645
2023-05-23,Haridwar,23.36723751600453
2023-05-23,Naini Tal,27.457481321071683
2023-05-23,Pauri Garhwal,10.268800581339352
2023-05-23,Pithoragarh,8.494849387898729
2023-05-23,Rudra Prayag,14.618491842011904
2023-05-23,Tehri Garhwal,23.764532404528783
2023-05-23,Udham Singh Nagar,25.81755191699952
2023-05-23,Uttarkashi,17.28575335950054
2023-05-24,Almora,4.203986473973697
2023-05-24,Bageshwar,11.683807607468127
2023-05-24,Chamoli,9.781666345658351
2023-05-24,Champawat,3.1405019506556817
2023-05-24,Dehra Dun,25.04210831528137
2023-05-24,Haridwar,12.70236372994874
2023-05-24,Naini Tal,1.2815031355469884
2023-05-24,Pauri Garhwal,7.721184764203511
2023-05-24,Pithoragarh,8.072799170441888
2023-05-24,Rudra Prayag,20.634172300903032
2023-05-24,Tehri Garhwal,18.52477939813923
2023-05-24,Udham Singh Nagar,1.7332064292416758
2023-05-24,Uttarkashi,21.010900627419502
2023-05-25,Almora,14.97569984989834
2023-05-25,Bageshwar,3.05674257742854
2023-05-25,Chamoli,5.362325919187308
2023-05-25,Champawat,8.928437305865415
2023-05-25,Dehra Dun,4.706374245540804
2023-05-25,Haridwar,0.1608152806435484
2023-05-25,Naini Tal,9.074337307763749
2023-05-25,Pauri Garhwal,9.218596219351966
2023-05-25,Pithoragarh,1.5694024338739525
2023-05-25,Rudra Prayag,11.513538592730509
2023-05-25,Tehri Garhwal,15.931626066660582
2023-05-25,Udham Singh Nagar,7.754186190229803
2023-05-25,Uttarkashi,11.690525344327416
2023-05-26,Almora,0.7537127001627211
2023-05-26,Bageshwar,1.5301111849295386
2023-05-26,Chamoli,0.9615921253707568
2023-05-26,Champawat,0.5213014469708757
2023-05-26,Dehra Dun,0.1445639126884105
2023-05-26,Haridwar,0.0052685330256683
2023-05-26,Naini Tal,0.6375589566997265
2023-05-26,Pauri Garhwal,0.0715704242286786
2023-05-26,Pithoragarh,1.574772030859197
2023-05-26,Rudra Prayag,2.396065584995136
2023-05-26,Tehri Garhwal,0.8816531462927913
2023-05-26,Udham Singh Nagar,0.176788349628879
2023-05-26,Uttarkashi,1.2935999174251058
2023-05-27,Almora,1.339695600903625
2023-05-27,Bageshwar,0.5785762738246432
2023-05-27,Chamoli,0.2064616855274854
2023-05-27,Champawat,1.7135453788607091
2023-05-27,Dehra Dun,0.0877057757688309
2023-05-27,Haridwar,0.2883738260184859
2023-05-27,Naini Tal,1.2801231098902608
2023-05-27,Pauri Garhwal,1.420190775101307
2023-05-27,Pithoragarh,0.8993383256103495
2023-05-27,Rudra Prayag,0.4473454109169478
2023-05-27,Tehri Garhwal,0.3202940246692653
2023-05-27,Udham Singh Nagar,0.3464484107493418
2023-05-27,Uttarkashi,1.6931680223911498
2023-05-28,Almora,0.0035968003534447
2023-05-28,Bageshwar,0.4995624845981022
2023-05-28,Chamoli,0.2451995469249822
2023-05-28,Champawat,0.0
2023-05-28,Dehra Dun,0.0911426801852826
2023-05-28,Haridwar,9.156541439991096e-05
2023-05-28,Naini Tal,0.0140460351765408
2023-05-28,Pauri Garhwal,0.0022492482553167
2023-05-28,Pithoragarh,0.2774434461209706
2023-05-28,Rudra Prayag,0.1707564738477758
2023-05-28,Tehri Garhwal,0.034856556542555
2023-05-28,Udham Singh Nagar,0.04230638448933
2023-05-28,Uttarkashi,0.7329652552800981
2023-05-29,Almora,1.965547008606945
2023-05-29,Bageshwar,4.81695760958263
2023-05-29,Chamoli,6.202393416617446
2023-05-29,Champawat,0.0508509022010729
2023-05-29,Dehra Dun,7.381030766852225
2023-05-29,Haridwar,5.949314902211208
2023-05-29,Naini Tal,0.199228925427791
2023-05-29,Pauri Garhwal,2.7474827804572453
2023-05-29,Pithoragarh,2.9010568249851136
2023-05-29,Rudra Prayag,4.81882716658427
2023-05-29,Tehri Garhwal,8.983275612317179
2023-05-29,Udham Singh Nagar,0.3395041292965492
2023-05-29,Uttarkashi,12.9275443910073
2023-05-30,Almora,1.2709062941263305
2023-05-30,Bageshwar,1.5809815739468078
2023-05-30,Chamoli,1.2971945072816635
2023-05-30,Champawat,0.2538754950802545
2023-05-30,Dehra Dun,4.499377109390716
2023-05-30,Haridwar,0.335668244882421
2023-05-30,Naini Tal,0.2970123582343547
2023-05-30,Pauri Garhwal,0.5977888974118364
2023-05-30,Pithoragarh,1.7360055545604791
2023-05-30,Rudra Prayag,1.7727737007521105
2023-05-30,Tehri Garhwal,2.5508930006560147
2023-05-30,Udham Singh Nagar,0.0063405259927509
2023-05-30,Uttarkashi,5.017333293196576
2023-05-31,Almora,0.9240482425247216
2023-05-31,Bageshwar,5.943193813890001
2023-05-31,Chamoli,6.271651505247253
2023-05-31,Champawat,0.1754693737301234
2023-05-31,Dehra Dun,19.91726586205312
2023-05-31,Haridwar,0.614761389750803
2023-05-31,Naini Tal,0.0735212495788787
2023-05-31,Pauri Garhwal,1.6977433876498698
2023-05-31,Pithoragarh,3.2560617807647545
2023-05-31,Rudra Prayag,18.05451776957484
2023-05-31,Tehri Garhwal,13.174823354454082
2023-05-31,Udham Singh Nagar,0.0976950907321306
2023-05-31,Uttarkashi,18.51539197618533
2023-06-01,Almora,1.3118596624094618
2023-06-01,Bageshwar,1.3401499654063682
2023-06-01,Chamoli,3.155811194116084
2023-06-01,Champawat,0.2960365266954324
2023-06-01,Dehra Dun,0.960583927326486
2023-06-01,Haridwar,0.3998035745851684
2023-06-01,Naini Tal,0.41920949814443
2023-06-01,Pauri Garhwal,2.7706123006160115
2023-06-01,Pithoragarh,0.9850686823856264
2023-06-01,Rudra Prayag,2.867812197306072
2023-06-01,Tehri Garhwal,1.701167228293392
2023-06-01,Udham Singh Nagar,0.0851107041026373
2023-06-01,Uttarkashi,6.041838285704705
2023-06-02,Almora,0.6564499574181584
2023-06-02,Bageshwar,0.3791203926165026
2023-06-02,Chamoli,0.6872889591221344
2023-06-02,Champawat,0.8893310623776437
2023-06-02,Dehra Dun,3.026978670477788
2023-06-02,Haridwar,1.481336468128154
2023-06-02,Naini Tal,0.176236097157082
2023-06-02,Pauri Garhwal,0.7391118468437005
2023-06-02,Pithoragarh,0.7404016334932347
2023-06-02,Rudra Prayag,0.5626079304803271
2023-06-02,Tehri Garhwal,2.796916155985355
2023-06-02,Udham Singh Nagar,0.0
2023-06-02,Uttarkashi,1.822185122486376
2023-06-03,Almora,0.541097469678489
2023-06-03,Bageshwar,0.3499503594759838
2023-06-03,Chamoli,0.687388466166291
2023-06-03,Champawat,0.0
2023-06-03,Dehra Dun,0.0074100570452929
2023-06-03,Haridwar,0.0
2023-06-03,Naini Tal,0.0386521873609893
2023-06-03,Pauri Garhwal,0.6111197892538257
2023-06-03,Pithoragarh,0.2483846289460239
2023-06-03,Rudra Prayag,0.1635077673961152
2023-06-03,Tehri Garhwal,0.3440607039060294
2023-06-03,Udham Singh Nagar,0.0
2023-06-03,Uttarkashi,1.8764084618460857
2023-06-04,Almora,0.7929155191749034
2023-06-04,Bageshwar,2.4123023354094
2023-06-04,Chamoli,0.6567802109092985
2023-06-04,Champawat,2.3695807499384665
2023-06-04,Dehra Dun,0.1033619495134614
2023-06-04,Haridwar,0.0099436519182083
2023-06-04,Naini Tal,1.2909461447815582
2023-06-04,Pauri Garhwal,0.2294819132451384
2023-06-04,Pithoragarh,1.3658315530017502
2023-06-04,Rudra Prayag,0.6178877206294056
2023-06-04,Tehri Garhwal,0.1980446952573026
2023-06-04,Udham Singh Nagar,1.1572450271089365
2023-06-04,Uttarkashi,2.144724142633363
2023-06-05,Almora,15.686924834132528
2023-06-05,Bageshwar,4.695454862895284
2023-06-05,Chamoli,3.356248452463556
2023-06-05,Champawat,8.64393050843629
2023-06-05,Dehra Dun,11.04324859307122
2023-06-05,Haridwar,3.1515653416695453
2023-06-05,Naini Tal,1.733328444766994
2023-06-05,Pauri Garhwal,9.257513131464975
2023-06-05,Pithoragarh,3.1912130591029246
2023-06-05,Rudra Prayag,1.867160574339381
2023-06-05,Tehri Garhwal,13.541030945888098
2023-06-05,Udham Singh Nagar,0.5833246985329533
2023-06-05,Uttarkashi,7.722266479694989
2023-06-06,Almora,0.898017878395176
2023-06-06,Bageshwar,1.4734521721546223
2023-06-06,Chamoli,2.2109408820814327
2023-06-06,Champawat,1.1563691983895232
2023-06-06,Dehra Dun,1.000384959837477
2023-06-06,Haridwar,0.0008108821940408
2023-06-06,Naini Tal,0.2805632292242201
2023-06-06,Pauri Garhwal,0.0038239148274327
2023-06-06,Pithoragarh,1.1861043761089518
2023-06-06,Rudra Prayag,0.5775923827801395
2023-06-06,Tehri Garhwal,0.1955270637342478
2023-06-06,Udham Singh Nagar,0.0
2023-06-06,Uttarkashi,2.043087142252918
2023-06-07,Almora,0.0
2023-06-07,Bageshwar,0.1691360254597384
2023-06-07,Chamoli,0.5266889737555825
2023-06-07,Champawat,0.0
2023-06-07,Dehra Dun,0.003127555057516
2023-06-07,Haridwar,0.0
2023-06-07,Naini Tal,0.0
2023-06-07,Pauri Garhwal,0.0080602882835198
2023-06-07,Pithoragarh,0.3428372296730421
2023-06-07,Rudra Prayag,0.0523005160411404
2023-06-07,Tehri Garhwal,0.0623884846687493
2023-06-07,Udham Singh Nagar,0.0
2023-06-07,Uttarkashi,0.8953566449740862
2023-06-08,Almora,0.0125949020253053
2023-06-08,Bageshwar,0.5581911644942867
2023-06-08,Chamoli,1.4891852134500403
2023-06-08,Champawat,1.6239921614419233
2023-06-08,Dehra Dun,0.0410207137577164
2023-06-08,Haridwar,0.0
2023-06-08,Naini Tal,0.1383154908231721
2023-06-08,Pauri Garhwal,0.0334831536943889
2023-06-08,Pithoragarh,0.4516689870128653
2023-06-08,Rudra Prayag,2.876733943587732
2023-06-08,Tehri Garhwal,1.6137385232031618
2023-06-08,Udham Singh Nagar,0.0
2023-06-08,Uttarkashi,3.1094486142690765
2023-06-09,Almora,0.3955165324333666
2023-06-09,Bageshwar,0.8455045706183335
2023-06-09,Chamoli,0.9978878733603322
2023-06-09,Champawat,0.146685487901171
2023-06-09,Dehra Dun,0.0012060506535863
2023-06-09,Haridwar,0.0
2023-06-09,Naini Tal,0.0323927046938806
2023-06-09,Pauri Garhwal,0.0030683832480456
2023-06-09,Pithoragarh,1.8097140179387592
2023-06-09,Rudra Prayag,0.7869947967751655
2023-06-09,Tehri Garhwal,0.2958096544465297
2023-06-09,Udham Singh Nagar,0.0
2023-06-09,Uttarkashi,0.8271353156630143
2023-06-10,Almora,0.1144122805127191
2023-06-10,Bageshwar,0.8047040272137727
2023-06-10,Chamoli,1.1600077123403656
2023-06-10,Champawat,0.0
2023-06-10,Dehra Dun,1.7778038649454777
2023-06-10,Haridwar,7.747842756915542e-05
2023-06-10,Naini Tal,0.014277771542881
2023-06-10,Pauri Garhwal,0.2899360040712662
2023-06-10,Pithoragarh,1.2931254796795193
2023-06-10,Rudra Prayag,1.1972003172246646
2023-06-10,Tehri Garhwal,0.2538205236602174
2023-06-10,Udham Singh Nagar,0.0
2023-06-10,Uttarkashi,2.122092339220779
2023-06-11,Almora,0.4731297374383793
2023-06-11,Bageshwar,1.9096948054215104
2023-06-11,Chamoli,1.957062166335151
2023-06-11,Champawat,0.0015248493067022
2023-06-11,Dehra Dun,0.0127548370505263
2023-06-11,Haridwar,0.0
2023-06-11,Naini Tal,0.0013483320405933
2023-06-11,Pauri Garhwal,0.2937938401366555
2023-06-11,Pithoragarh,2.5096379200429184
2023-06-11,Rudra Prayag,1.7009135950279517
2023-06-11,Tehri Garhwal,0.6932772407746719
2023-06-11,Udham Singh Nagar,0.0
2023-06-11,Uttarkashi,2.2993649564936685
2023-06-12,Almora,5.725119844323463
2023-06-12,Bageshwar,7.811649638950238
2023-06-12,Chamoli,6.5989097899201
2023-06-12,Champawat,0.5700313636093834
2023-06-12,Dehra Dun,0.0005205778070515
2023-06-12,Haridwar,0.0
2023-06-12,Naini Tal,0.0447474787385123
2023-06-12,Pauri Garhwal,2.3352736338455933
2023-06-12,Pithoragarh,5.707480329772131
2023-06-12,Rudra Prayag,8.261652632863848
2023-06-12,Tehri Garhwal,3.779220291499736
2023-06-12,Udham Singh Nagar,0.0
2023-06-12,Uttarkashi,5.261140410406498
2023-06-13,Almora,0.4652582607734563
2023-06-13,Bageshwar,5.611267320727691
2023-06-13,Chamoli,4.810734326515906
2023-06-13,Champawat,1.4572439503416057
2023-06-13,Dehra Dun,1.986958923636415
2023-06-13,Haridwar,0.0
2023-06-13,Naini Tal,0.5301013095804727
2023-06-13,Pauri Garhwal,0.3492436857615334
2023-06-13,Pithoragarh,4.105554578862642
2023-06-13,Rudra Prayag,5.59815530165425
2023-06-13,Tehri Garhwal,2.2880527394358783
2023-06-13,Udham Singh Nagar,0.0
2023-06-13,Uttarkashi,3.430051635070096
2023-06-14,Almora,0.1946705491494168
2023-06-14,Bageshwar,2.261159844540389
2023-06-14,Chamoli,4.251842018091924
2023-06-14,Champawat,0.0352221379810701
2023-06-14,Dehra Dun,0.5930668959391813
2023-06-14,Haridwar,0.4202878943131655
2023-06-14,Naini Tal,0.1547531910761525
2023-06-14,Pauri Garhwal,0.4900300508200899
2023-06-14,Pithoragarh,2.619775498131048
2023-06-14,Rudra Prayag,3.238504231191001
2023-06-14,Tehri Garhwal,0.5334611969247774
2023-06-14,Udham Singh Nagar,0.0380741935669318
2023-06-14,Uttarkashi,1.0451015244971142
2023-06-15,Almora,0.0
2023-06-15,Bageshwar,2.221787629285588
2023-06-15,Chamoli,2.576991717633685
2023-06-15,Champawat,0.0080007530120481
2023-06-15,Dehra Dun,0.0323085298578456
2023-06-15,Haridwar,0.0169096667831853
2023-06-15,Naini Tal,0.0
2023-06-15,Pauri Garhwal,0.040040474015682
2023-06-15,Pithoragarh,1.780661607666133
2023-06-15,Rudra Prayag,2.360336727382605
2023-06-15,Tehri Garhwal,0.6559030538204891
2023-06-15,Udham Singh Nagar,0.0013190954549228
2023-06-15,Uttarkashi,1.8290465340553144
2023-06-16,Almora,0.1927752113790471
2023-06-16,Bageshwar,1.9280413112856505
2023-06-16,Chamoli,2.4537255308146
2023-06-16,Champawat,0.038685993863696
2023-06-16,Dehra Dun,0.1305641830373635
2023-06-16,Haridwar,0.0255317832808203
2023-06-16,Naini Tal,0.0884308407694228
2023-06-16,Pauri Garhwal,0.1154949466644236
2023-06-16,Pithoragarh,2.6168397376864325
2023-06-16,Rudra Prayag,4.152321148461088
2023-06-16,Tehri Garhwal,1.094518650323774
2023-06-16,Udham Singh Nagar,0.0232604190061915
2023-06-16,Uttarkashi,4.682088517723958
2023-06-17,Almora,1.6969990072103462
2023-06-17,Bageshwar,7.364112900383259
2023-06-17,Chamoli,7.628531994150367
2023-06-17,Champawat,3.2676756183409243
2023-06-17,Dehra Dun,8.937996522671705
2023-06-17,Haridwar,4.968451195068822
2023-06-17,Naini Tal,0.4300384350232513
2023-06-17,Pauri Garhwal,3.9996753449883258
2023-06-17,Pithoragarh,3.222073495746682
2023-06-17,Rudra Prayag,9.134797699131482
2023-06-17,Tehri Garhwal,7.728444351024324
2023-06-17,Udham Singh Nagar,0.7392794664912289
2023-06-17,Uttarkashi,6.4938959652478685
2023-06-18,Almora,10.911383278635478
2023-06-18,Bageshwar,8.056279240562992
2023-06-18,Chamoli,8.346481223050128
2023-06-18,Champawat,0.9260504287770428
2023-06-18,Dehra Dun,6.95984380607069
2023-06-18,Haridwar,7.0688015635165184
2023-06-18,Naini Tal,6.75777601443462
2023-06-18,Pauri Garhwal,11.359355253397496
2023-06-18,Pithoragarh,3.1579248965200444
2023-06-18,Rudra Prayag,6.3155127927802495
2023-06-18,Tehri Garhwal,4.9165815708288365
2023-06-18,Udham Singh Nagar,4.905633206495494
2023-06-18,Uttarkashi,3.773317780015718
2023-06-19,Almora,2.9716248057605625
2023-06-19,Bageshwar,3.1365955191871544
2023-06-19,Chamoli,5.148459207489288
2023-06-19,Champawat,1.895849607015042
2023-06-19,Dehra Dun,2.4858319190864875
2023-06-19,Haridwar,1.424081670718937
2023-06-19,Naini Tal,5.803721148982256
2023-06-19,Pauri Garhwal,4.149952488133363
2023-06-19,Pithoragarh,2.122892274945256
2023-06-19,Rudra Prayag,3.0068185896041686
2023-06-19,Tehri Garhwal,2.4869266446812803
2023-06-19,Udham Singh Nagar,1.3535500697712015
2023-06-19,Uttarkashi,2.8559072903836555
2023-06-20,Almora,2.560695442593295
2023-06-20,Bageshwar,3.82377931254142
2023-06-20,Chamoli,4.012000751647191
2023-06-20,Champawat,2.351339051930091
2023-06-20,Dehra Dun,1.683072327952715
2023-06-20,Haridwar,0.8185965680191072
2023-06-20,Naini Tal,4.436034404392211
2023-06-20,Pauri Garhwal,4.38014445051678
2023-06-20,Pithoragarh,2.6571478339210617
2023-06-20,Rudra Prayag,3.726302154996594
2023-06-20,Tehri Garhwal,4.074339394278777
2023-06-20,Udham Singh Nagar,2.8746311700124627
2023-06-20,Uttarkashi,6.099326630207608
2023-06-21,Almora,2.1422938663682163
2023-06-21,Bageshwar,9.799121983379624
2023-06-21,Chamoli,2.528525443597323
2023-06-21,Champawat,4.221474564791355
2023-06-21,Dehra Dun,0.4558571677499634
2023-06-21,Haridwar,0.3370346811215136
2023-06-21,Naini Tal,0.8067987971403658
2023-06-21,Pauri Garhwal,0.0391026124287525
2023-06-21,Pithoragarh,9.914243114766068
2023-06-21,Rudra Prayag,2.600543986164381
2023-06-21,Tehri Garhwal,0.8762475957156997
2023-06-21,Udham Singh Nagar,1.9555320314564173
2023-06-21,Uttarkashi,2.891369566460315
2023-06-22,Almora,0.715483304599518
2023-06-22,Bageshwar,5.967571567648832
2023-06-22,Chamoli,2.4479558755819686
2023-06-22,Champawat,10.04245203593886
2023-06-22,Dehra Dun,2.5057262892495453
2023-06-22,Haridwar,8.72293782054766
2023-06-22,Naini Tal,1.3835679785239408
2023-06-22,Pauri Garhwal,0.3663449131544567
2023-06-22,Pithoragarh,7.629823789955394
2023-06-22,Rudra Prayag,5.008678631591311
2023-06-22,Tehri Garhwal,1.8286651288033324
2023-06-22,Udham Singh Nagar,7.594588961992239
2023-06-22,Uttarkashi,4.4072982149569
2023-06-23,Almora,11.02632771766898
2023-06-23,Bageshwar,29.262609609346395
2023-06-23,Chamoli,15.055866407162284
2023-06-23,Champawat,12.392980382299932
2023-06-23,Dehra Dun,5.903135599195985
2023-06-23,Haridwar,18.980143996978416
2023-06-23,Naini Tal,1.2191655104434995
2023-06-23,Pauri Garhwal,6.650512125023645
2023-06-23,Pithoragarh,16.26508005704624
2023-06-23,Rudra Prayag,19.11407391382301
2023-06-23,Tehri Garhwal,12.28075029100739
2023-06-23,Udham Singh Nagar,1.5822464929850393
2023-06-23,Uttarkashi,3.530205203645423
2023-06-24,Almora,8.541535201129694
2023-06-24,Bageshwar,13.458829675339889
2023-06-24,Chamoli,8.469783699134787
2023-06-24,Champawat,13.265716351074516
2023-06-24,Dehra Dun,23.55054381893149
2023-06-24,Haridwar,54.65157493526242
2023-06-24,Naini Tal,16.433446545232627
2023-06-24,Pauri Garhwal,22.64041967037734
2023-06-24,Pithoragarh,18.50990717283842
2023-06-24,Rudra Prayag,20.388659351801305
2023-06-24,Tehri Garhwal,16.71392835514798
2023-06-24,Udham Singh Nagar,14.06758247349497
2023-06-24,Uttarkashi,16.734105487892066
2023-06-25,Almora,25.34566034009193
2023-06-25,Bageshwar,13.521761652370676
2023-06-25,Chamoli,19.694387532598203
2023-06-25,Champawat,23.81286970424666
2023-06-25,Dehra Dun,64.74490045119215
2023-06-25,Haridwar,57.56175072328454
2023-06-25,Naini Tal,17.1149434709588
2023-06-25,Pauri Garhwal,51.64813044644338
2023-06-25,Pithoragarh,13.722459748140963
2023-06-25,Rudra Prayag,36.25457082130336
2023-06-25,Tehri Garhwal,66.84771620077323
2023-06-25,Udham Singh Nagar,26.158675110693267
2023-06-25,Uttarkashi,19.888274802438296
2023-06-26,Almora,4.830912301985677
2023-06-26,Bageshwar,3.04699625046547
2023-06-26,Chamoli,5.976658974808769
2023-06-26,Champawat,3.8925250040911448
2023-06-26,Dehra Dun,6.917025585837928
2023-06-26,Haridwar,1.4751470039189802
2023-06-26,Naini Tal,3.4681403172518595
2023-06-26,Pauri Garhwal,7.023110242212919
2023-06-26,Pithoragarh,5.29797964411088
2023-06-26,Rudra Prayag,11.884450498903703
2023-06-26,Tehri Garhwal,7.405077957533999
2023-06-26,Udham Singh Nagar,2.3521274879917247
2023-06-26,Uttarkashi,4.945142804631691
2023-06-27,Almora,21.70994326016962
2023-06-27,Bageshwar,8.75965145001828
2023-06-27,Chamoli,4.078233017494489
2023-06-27,Champawat,9.13064860742367
2023-06-27,Dehra Dun,8.166362560295282
2023-06-27,Haridwar,4.114177560261716
2023-06-27,Naini Tal,22.123207425416624
2023-06-27,Pauri Garhwal,15.770780240223257
2023-06-27,Pithoragarh,6.95636306942387
2023-06-27,Rudra Prayag,4.592203678528815
2023-06-27,Tehri Garhwal,5.636868896661504
2023-06-27,Udham Singh Nagar,10.892651219684751
2023-06-27,Uttarkashi,3.1317359563595493
2023-06-28,Almora,6.440039829617678
2023-06-28,Bageshwar,21.00683125246536
2023-06-28,Chamoli,9.541961426726727
2023-06-28,Champawat,13.424129921548584
2023-06-28,Dehra Dun,1.5824427253493834
2023-06-28,Haridwar,9.58574549607794
2023-06-28,Naini Tal,14.371011288425477
2023-06-28,Pauri Garhwal,2.282058385757108
2023-06-28,Pithoragarh,8.001899652259985
2023-06-28,Rudra Prayag,10.339315847319348
2023-06-28,Tehri Garhwal,3.190246288028727
2023-06-28,Udham Singh Nagar,14.431998608301733
2023-06-28,Uttarkashi,2.212102683540439
2023-06-29,Almora,15.279704136054743
2023-06-29,Bageshwar,9.702230478197626
2023-06-29,Chamoli,3.3585809121465835
2023-06-29,Champawat,28.924858810033896
2023-06-29,Dehra Dun,1.5744793734843971
2023-06-29,Haridwar,7.452490550181023
2023-06-29,Naini Tal,28.513384479964696
2023-06-29,Pauri Garhwal,3.2463282708392525
2023-06-29,Pithoragarh,10.980696380396608
2023-06-29,Rudra Prayag,3.059873847714875
2023-06-29,Tehri Garhwal,3.093183783556537
2023-06-29,Udham Singh Nagar,24.27015167143388
2023-06-29,Uttarkashi,2.69673408915816
2023-06-30,Almora,12.088111162540722
2023-06-30,Bageshwar,9.887618314022
2023-06-30,Chamoli,9.77544902738654
2023-06-30,Champawat,12.063796132749664
2023-06-30,Dehra Dun,6.573479683490247
2023-06-30,Haridwar,5.421069615160734
2023-06-30,Naini Tal,5.813943013100754
2023-06-30,Pauri Garhwal,19.67833620801317
2023-06-30,Pithoragarh,15.875140371194483
2023-06-30,Rudra Prayag,7.376825387992079
2023-06-30,Tehri Garhwal,8.25236826294925
2023-06-30,Udham Singh Nagar,7.567378615903768
2023-06-30,Uttarkashi,3.9236048766072815
2023-07-01,Almora,11.692102617522297
2023-07-01,Bageshwar,6.488693270533729
2023-07-01,Chamoli,3.71254331276698
2023-07-01,Champawat,9.347702336816695
2023-07-01,Dehra Dun,4.446273781967132
2023-07-01,Haridwar,1.5337665839746215
2023-07-01,Naini Tal,10.713320976013948
2023-07-01,Pauri Garhwal,11.463875499557131
2023-07-01,Pithoragarh,3.666790295305138
2023-07-01,Rudra Prayag,7.717028658641485
2023-07-01,Tehri Garhwal,5.7976656847194405
2023-07-01,Udham Singh Nagar,8.049391780853572
2023-07-01,Uttarkashi,4.292502698817089
2023-07-02,Almora,6.161200381235122
2023-07-02,Bageshwar,3.3989852069822306
2023-07-02,Chamoli,5.653096650782748
2023-07-02,Champawat,1.6151279775186418
2023-07-02,Dehra Dun,0.3230491862382306
2023-07-02,Haridwar,0.0947173767022724
2023-07-02,Naini Tal,5.541376784725199
2023-07-02,Pauri Garhwal,4.211292392575614
2023-07-02,Pithoragarh,2.066744143633444
2023-07-02,Rudra Prayag,6.2715767380673695
2023-07-02,Tehri Garhwal,1.3019209589530103
2023-07-02,Udham Singh Nagar,5.379012586141488
2023-07-02,Uttarkashi,2.8054753931570016
2023-07-03,Almora,7.550514325134882
2023-07-03,Bageshwar,7.717571469539304
2023-07-03,Chamoli,6.595342122953985
2023-07-03,Champawat,2.1176555715192737
2023-07-03,Dehra Dun,7.846400763537925
2023-07-03,Haridwar,4.065552836505925
2023-07-03,Naini Tal,2.940784503591114
2023-07-03,Pauri Garhwal,3.739371599902865
2023-07-03,Pithoragarh,6.675297736300145
2023-07-03,Rudra Prayag,8.484787417679627
2023-07-03,Tehri Garhwal,3.208958645956519
2023-07-03,Udham Singh Nagar,13.410774130756993
2023-07-03,Uttarkashi,2.74692057255697
2023-07-04,Almora,6.901327791068084
2023-07-04,Bageshwar,10.08084719691302
2023-07-04,Chamoli,5.406599487928672
2023-07-04,Champawat,3.550657535174508
2023-07-04,Dehra Dun,4.465611778419367
2023-07-04,Haridwar,9.995301744400624
2023-07-04,Naini Tal,3.433428683415463
2023-07-04,Pauri Garhwal,11.803504832532528
2023-07-04,Pithoragarh,9.973994471645542
2023-07-04,Rudra Prayag,4.316996436344141
2023-07-04,Tehri Garhwal,4.275797169243426
2023-07-04,Udham Singh Nagar,7.359747834622991
2023-07-04,Uttarkashi,2.675484169648253
2023-07-05,Almora,11.246304642586864
2023-07-05,Bageshwar,8.173129413552541
2023-07-05,Chamoli,7.611523133807626
2023-07-05,Champawat,5.049189119921187
2023-07-05,Dehra Dun,10.919111198618872
2023-07-05,Haridwar,24.89637287101392
2023-07-05,Naini Tal,8.455960016833044
2023-07-05,Pauri Garhwal,21.62672991395742
2023-07-05,Pithoragarh,4.08898643415386
2023-07-05,Rudra Prayag,16.473250015467947
2023-07-05,Tehri Garhwal,21.142998914149214
2023-07-05,Udham Singh Nagar,6.900446173519544
2023-07-05,Uttarkashi,8.935302841885864
2023-07-06,Almora,75.69053713114461
2023-07-06,Bageshwar,29.711184885433138
2023-07-06,Chamoli,23.169216710668376
2023-07-06,Champawat,34.14019995952753
2023-07-06,Dehra Dun,1.930252071834657
2023-07-06,Haridwar,18.84855123643481
2023-07-06,Naini Tal,63.168185702787824
2023-07-06,Pauri Garhwal,42.660900220600254
2023-07-06,Pithoragarh,14.116120112069646
2023-07-06,Rudra Prayag,26.73718428740821
2023-07-06,Tehri Garhwal,16.67888019228847
2023-07-06,Udham Singh Nagar,48.07510533239176
2023-07-06,Uttarkashi,1.9136813923084064
2023-07-07,Almora,40.96693905871516
2023-07-07,Bageshwar,19.79188001764791
2023-07-07,Chamoli,14.14536169127774
2023-07-07,Champawat,47.45008040204981
2023-07-07,Dehra Dun,7.099493545414583
2023-07-07,Haridwar,7.728737284620587
2023-07-07,Naini Tal,51.87511616231042
2023-07-07,Pauri Garhwal,14.805006998819875
2023-07-07,Pithoragarh,11.03011897642335
2023-07-07,Rudra Prayag,10.849051579394231
2023-07-07,Tehri Garhwal,10.041845976806352
2023-07-07,Udham Singh Nagar,49.29775679928432
2023-07-07,Uttarkashi,2.896623768695427
2023-07-08,Almora,48.66593370356215
2023-07-08,Bageshwar,33.222989210375644
2023-07-08,Chamoli,19.899827432894742
2023-07-08,Champawat,23.59100471433681
2023-07-08,Dehra Dun,59.79185333198675
2023-07-08,Haridwar,50.76586160214028
2023-07-08,Naini Tal,38.65328867535407
2023-07-08,Pauri Garhwal,52.4230409097411
2023-07-08,Pithoragarh,14.159586917235666
2023-07-08,Rudra Prayag,35.34703202628963
2023-07-08,Tehri Garhwal,46.91535158580868
2023-07-08,Udham Singh Nagar,40.55215320273427
2023-07-08,Uttarkashi,46.36557378977861
2023-07-09,Almora,21.77329603345636
2023-07-09,Bageshwar,17.34497933741077
2023-07-09,Chamoli,14.925049816359731
2023-07-09,Champawat,7.812989286991887
2023-07-09,Dehra Dun,68.46968088134703
2023-07-09,Haridwar,45.87716045804097
2023-07-09,Naini Tal,8.367061048356375
2023-07-09,Pauri Garhwal,22.237932601839788
2023-07-09,Pithoragarh,11.461958760978083
2023-07-09,Rudra Prayag,10.642117209022215
2023-07-09,Tehri Garhwal,36.123202605728665
2023-07-09,Udham Singh Nagar,8.756867948625933
2023-07-09,Uttarkashi,57.861737239971575
2023-07-10,Almora,6.806166447894778
2023-07-10,Bageshwar,7.795139533313514
2023-07-10,Chamoli,10.425787564647267
2023-07-10,Champawat,14.550337206151983
2023-07-10,Dehra Dun,57.34311809728486
2023-07-10,Haridwar,37.237743497610346
2023-07-10,Naini Tal,9.359986283698715
2023-07-10,Pauri Garhwal,12.032222364423731
2023-07-10,Pithoragarh,15.067774520142368
2023-07-10,Rudra Prayag,36.450064775441646
2023-07-10,Tehri Garhwal,51.75118113407958
2023-07-10,Udham Singh Nagar,8.171152634527028
2023-07-10,Uttarkashi,58.19073990659703
2023-07-11,Almora,26.86595041586912
2023-07-11,Bageshwar,13.134313998174656
2023-07-11,Chamoli,24.711050505704225
2023-07-11,Champawat,20.321323523074657
2023-07-11,Dehra Dun,52.31770605791289
2023-07-11,Haridwar,33.87140973922729
2023-07-11,Naini Tal,10.785252275574164
2023-07-11,Pauri Garhwal,46.07293009285887
2023-07-11,Pithoragarh,4.595022630355558
2023-07-11,Rudra Prayag,53.76969305998284
2023-07-11,Tehri Garhwal,54.89007884758361
2023-07-11,Udham Singh Nagar,11.656515334926093
2023-07-11,Uttarkashi,40.94688903363578
2023-07-12,Almora,4.926090563810959
2023-07-12,Bageshwar,8.860156950369813
2023-07-12,Chamoli,17.47949646827358
2023-07-12,Champawat,7.178136135343028
2023-07-12,Dehra Dun,33.05993927735391
2023-07-12,Haridwar,35.04105921803614
2023-07-12,Naini Tal,6.098037378557543
2023-07-12,Pauri Garhwal,23.03223368339592
2023-07-12,Pithoragarh,5.4210378232210505
2023-07-12,Rudra Prayag,35.92429635635704
2023-07-12,Tehri Garhwal,37.39761351105615
2023-07-12,Udham Singh Nagar,11.396811011494275
2023-07-12,Uttarkashi,18.79359043419256
2023-07-13,Almora,68.88547025641947
2023-07-13,Bageshwar,31.354620603742667
2023-07-13,Chamoli,38.5303214588472
2023-07-13,Champawat,35.02157307802006
2023-07-13,Dehra Dun,19.44694969675365
2023-07-13,Haridwar,23.657106248536746
2023-07-13,Naini Tal,55.16590448801182
2023-07-13,Pauri Garhwal,55.71595307956183
2023-07-13,Pithoragarh,20.569966950068448
2023-07-13,Rudra Prayag,58.168294107216205
2023-07-13,Tehri Garhwal,42.15394147877286
2023-07-13,Udham Singh Nagar,31.26441322749909
2023-07-13,Uttarkashi,14.25017989021326
2023-07-14,Almora,6.038685460741088
2023-07-14,Bageshwar,27.77832378735664
2023-07-14,Chamoli,9.728522614181474
2023-07-14,Champawat,3.1909461912587305
2023-07-14,Dehra Dun,1.939258603631951
2023-07-14,Haridwar,1.757660639726333
2023-07-14,Naini Tal,12.060526047054276
2023-07-14,Pauri Garhwal,5.835903029120818
2023-07-14,Pithoragarh,19.69526625017689
2023-07-14,Rudra Prayag,8.664687191142292
2023-07-14,Tehri Garhwal,4.078164689428004
2023-07-14,Udham Singh Nagar,13.73657226427234
2023-07-14,Uttarkashi,6.725691549920198
2023-07-15,Almora,5.809557877800052
2023-07-15,Bageshwar,20.763277068894244
2023-07-15,Chamoli,56.055104856099234
2023-07-15,Champawat,0.5890361334238833
2023-07-15,Dehra Dun,9.26882643354666
2023-07-15,Haridwar,7.35643845174818
2023-07-15,Naini Tal,1.2746980887056012
2023-07-15,Pauri Garhwal,8.33745063498582
2023-07-15,Pithoragarh,8.326137456582101
2023-07-15,Rudra Prayag,58.26599883374973
2023-07-15,Tehri Garhwal,14.125595373524677
2023-07-15,Udham Singh Nagar,4.652474025610979
2023-07-15,Uttarkashi,36.24254101567608
2023-07-16,Almora,0.3030761854112989
2023-07-16,Bageshwar,11.746076046101413
2023-07-16,Chamoli,8.16010198233994
2023-07-16,Champawat,2.790842026495936
2023-07-16,Dehra Dun,3.004921573617831
2023-07-16,Haridwar,0.0075999294122479
2023-07-16,Naini Tal,1.277492428149389
2023-07-16,Pauri Garhwal,0.3036835943020937
2023-07-16,Pithoragarh,4.711588446778012
2023-07-16,Rudra Prayag,10.571174250987388
2023-07-16,Tehri Garhwal,3.801390026704015
2023-07-16,Udham Singh Nagar,0.5907980952142927
2023-07-16,Uttarkashi,6.0792354249113405
2023-07-17,Almora,22.5928654660132
2023-07-17,Bageshwar,46.33586742720954
2023-07-17,Chamoli,20.036672573117585
2023-07-17,Champawat,7.98057836191808
2023-07-17,Dehra Dun,17.720464934281313
2023-07-17,Haridwar,21.14040008136932
2023-07-17,Naini Tal,4.084210140943302
2023-07-17,Pauri Garhwal,8.62824053611539
2023-07-17,Pithoragarh,23.24423085757501
2023-07-17,Rudra Prayag,25.55828442525485
2023-07-17,Tehri Garhwal,12.772693691290012
2023-07-17,Udham Singh Nagar,2.583456196476593
2023-07-17,Uttarkashi,6.524653514812715
2023-07-18,Almora,18.41737621923158
2023-07-18,Bageshwar,14.358537381111052
2023-07-18,Chamoli,24.540093569684498
2023-07-18,Champawat,28.564937819129494
2023-07-18,Dehra Dun,24.7883655002647
2023-07-18,Haridwar,44.699917966725245
2023-07-18,Naini Tal,32.30517445162138
2023-07-18,Pauri Garhwal,39.84960437188394
2023-07-18,Pithoragarh,23.299026259730883
2023-07-18,Rudra Prayag,9.914947967061092
2023-07-18,Tehri Garhwal,22.67132431950657
2023-07-18,Udham Singh Nagar,32.50020616596891
2023-07-18,Uttarkashi,6.563000230257456
2023-07-19,Almora,1.5814411164825295
2023-07-19,Bageshwar,4.338903375049738
2023-07-19,Chamoli,19.17478187875492
2023-07-19,Champawat,0.3125012439262331
2023-07-19,Dehra Dun,9.802256576561934
2023-07-19,Haridwar,1.272967044407573
2023-07-19,Naini Tal,0.950073235840028
2023-07-19,Pauri Garhwal,6.266172465101323
2023-07-19,Pithoragarh,18.548906251864143
2023-07-19,Rudra Prayag,10.98416386585496
2023-07-19,Tehri Garhwal,17.92660082468532
2023-07-19,Udham Singh Nagar,0.2961727668435712
2023-07-19,Uttarkashi,13.557624582090789
2023-07-20,Almora,3.398509269607644
2023-07-20,Bageshwar,7.868224078396964
2023-07-20,Chamoli,12.616877578829998
2023-07-20,Champawat,0.2572075715000987
2023-07-20,Dehra Dun,13.94409547973275
2023-07-20,Haridwar,2.883092899730048
2023-07-20,Naini Tal,0.6500290810579307
2023-07-20,Pauri Garhwal,13.06576869599926
2023-07-20,Pithoragarh,2.860969981205733
2023-07-20,Rudra Prayag,16.585203405884645
2023-07-20,Tehri Garhwal,14.766362091740048
2023-07-20,Udham Singh Nagar,0.1206140966299715
2023-07-20,Uttarkashi,17.499292865902625
2023-07-21,Almora,9.297133059276607
2023-07-21,Bageshwar,26.30727140365926
2023-07-21,Chamoli,20.683089373867816
2023-07-21,Champawat,27.433338916263487
2023-07-21,Dehra Dun,27.001084858072
2023-07-21,Haridwar,7.91375840828413
2023-07-21,Naini Tal,16.399192768289797
2023-07-21,Pauri Garhwal,8.973386178071584
2023-07-21,Pithoragarh,17.4852345051178
2023-07-21,Rudra Prayag,20.05743816779421
2023-07-21,Tehri Garhwal,32.01284427304898
2023-07-21,Udham Singh Nagar,10.582016466097356
2023-07-21,Uttarkashi,28.376720684178327
2023-07-22,Almora,33.50631837205041
2023-07-22,Bageshwar,19.021327721152403
2023-07-22,Chamoli,7.93440329530126
2023-07-22,Champawat,29.173392901198945
2023-07-22,Dehra Dun,21.4506713823045
2023-07-22,Haridwar,13.308910590600105
2023-07-22,Naini Tal,14.77633292628376
2023-07-22,Pauri Garhwal,16.24290839884286
2023-07-22,Pithoragarh,18.40576412498507
2023-07-22,Rudra Prayag,11.89876307516209
2023-07-22,Tehri Garhwal,13.710025406174426
2023-07-22,Udham Singh Nagar,10.609999740727387
2023-07-22,Uttarkashi,15.027529871324118
2023-07-23,Almora,14.350947974337345
2023-07-23,Bageshwar,30.80113530464518
2023-07-23,Chamoli,36.134365241416205
2023-07-23,Champawat,3.9951530091682383
2023-07-23,Dehra Dun,2.990808734534098
2023-07-23,Haridwar,0.635229776203429
2023-07-23,Naini Tal,3.629214812415156
2023-07-23,Pauri Garhwal,9.575194036519717
2023-07-23,Pithoragarh,11.555141675145595
2023-07-23,Rudra Prayag,46.87713031151134
2023-07-23,Tehri Garhwal,16.475437127062353
2023-07-23,Udham Singh Nagar,3.384730196786571
2023-07-23,Uttarkashi,8.211247830537625
2023-07-24,Almora,6.160994962473331
2023-07-24,Bageshwar,13.751808499116692
2023-07-24,Chamoli,13.409342589656957
2023-07-24,Champawat,9.068542746676462
2023-07-24,Dehra Dun,2.7314199423016388
2023-07-24,Haridwar,0.3035507956928068
2023-07-24,Naini Tal,8.6846059821308
2023-07-24,Pauri Garhwal,5.764217729887166
2023-07-24,Pithoragarh,9.075587385571222
2023-07-24,Rudra Prayag,23.491175580825107
2023-07-24,Tehri Garhwal,12.560017354169569
2023-07-24,Udham Singh Nagar,17.39153817837368
2023-07-24,Uttarkashi,13.368452664590109
2023-07-25,Almora,7.9354044958271555
2023-07-25,Bageshwar,36.707471440104015
2023-07-25,Chamoli,20.21031429688012
2023-07-25,Champawat,4.503498878783965
2023-07-25,Dehra Dun,22.807596938894623
2023-07-25,Haridwar,10.030665349071448
2023-07-25,Naini Tal,3.307760495501544
2023-07-25,Pauri Garhwal,3.838650354764285
2023-07-25,Pithoragarh,21.98507761988102
2023-07-25,Rudra Prayag,44.57034602199804
2023-07-25,Tehri Garhwal,16.935965108414553
2023-07-25,Udham Singh Nagar,7.09721678496288
2023-07-25,Uttarkashi,17.613402390249977
2023-07-26,Almora,9.910201761949985
2023-07-26,Bageshwar,8.86372497983633
2023-07-26,Chamoli,9.39257420986773
2023-07-26,Champawat,3.8489205943059126
2023-07-26,Dehra Dun,17.52387467590466
2023-07-26,Haridwar,25.08833888960013
2023-07-26,Naini Tal,13.699516005876404
2023-07-26,Pauri Garhwal,10.629137064321158
2023-07-26,Pithoragarh,4.784043260526378
2023-07-26,Rudra Prayag,19.57895808656843
2023-07-26,Tehri Garhwal,15.883006686568963
2023-07-26,Udham Singh Nagar,9.21813530388968
2023-07-26,Uttarkashi,22.551475999653377
2023-07-27,Almora,2.8713278832109017
2023-07-27,Bageshwar,8.712458452068935
2023-07-27,Chamoli,4.972635939774141
2023-07-27,Champawat,1.3742532327046044
2023-07-27,Dehra Dun,0.8724774933044702
2023-07-27,Haridwar,15.175095640426118
2023-07-27,Naini Tal,7.147340587065536
2023-07-27,Pauri Garhwal,10.492662604056784
2023-07-27,Pithoragarh,8.151845149900984
2023-07-27,Rudra Prayag,4.31404824461241
2023-07-27,Tehri Garhwal,1.4510402816112198
2023-07-27,Udham Singh Nagar,8.178106541086722
2023-07-27,Uttarkashi,2.538970663624279
2023-07-28,Almora,22.91471346375775
2023-07-28,Bageshwar,24.774670456008828
2023-07-28,Chamoli,18.91838899690492
2023-07-28,Champawat,11.674161380612484
2023-07-28,Dehra Dun,16.283425644541428
2023-07-28,Haridwar,29.299034258471927
2023-07-28,Naini Tal,14.455152929210412
2023-07-28,Pauri Garhwal,42.12366636245526
2023-07-28,Pithoragarh,26.633750747224088
2023-07-28,Rudra Prayag,30.56894744424461
2023-07-28,Tehri Garhwal,30.70629934077076
2023-07-28,Udham Singh Nagar,9.22097450268722
2023-07-28,Uttarkashi,7.446250696907643
2023-07-29,Almora,6.946891104167887
2023-07-29,Bageshwar,6.087289389380363
2023-07-29,Chamoli,4.82885299318273
2023-07-29,Champawat,13.25963325008664
2023-07-29,Dehra Dun,0.2477568746953095
2023-07-29,Haridwar,0.3395271960598027
2023-07-29,Naini Tal,4.615172384275141
2023-07-29,Pauri Garhwal,4.397181291778147
2023-07-29,Pithoragarh,2.4967304415849587
2023-07-29,Rudra Prayag,6.848892773835178
2023-07-29,Tehri Garhwal,4.324214532220075
2023-07-29,Udham Singh Nagar,5.761134960145081
2023-07-29,Uttarkashi,3.27909602259247
2023-07-30,Almora,1.909625766018669
2023-07-30,Bageshwar,6.979010868350196
2023-07-30,Chamoli,5.175524623213444
2023-07-30,Champawat,1.2426907341800122
2023-07-30,Dehra Dun,2.144908649152544
2023-07-30,Haridwar,2.0034327647358654
2023-07-30,Naini Tal,3.2178202436321945
2023-07-30,Pauri Garhwal,3.096225742601138
2023-07-30,Pithoragarh,2.652465257869674
2023-07-30,Rudra Prayag,3.94771664642531
2023-07-30,Tehri Garhwal,3.222551865903079
2023-07-30,Udham Singh Nagar,0.3677468132392836
2023-07-30,Uttarkashi,3.731887965763464
2023-07-31,Almora,2.2522396550227435
2023-07-31,Bageshwar,6.533403335244273
2023-07-31,Chamoli,6.005135110600402
2023-07-31,Champawat,4.557186129578692
2023-07-31,Dehra Dun,1.30136615273579
2023-07-31,Haridwar,0.0
2023-07-31,Naini Tal,5.448766367447054
2023-07-31,Pauri Garhwal,0.4383266411070333
2023-07-31,Pithoragarh,5.804986446581236
2023-07-31,Rudra Prayag,4.780345309109449
2023-07-31,Tehri Garhwal,2.78462297762524
2023-07-31,Udham Singh Nagar,1.9100672085311112
2023-07-31,Uttarkashi,2.067674371230634
2023-08-01,Almora,36.49725679483264
2023-08-01,Bageshwar,35.3028546563752
2023-08-01,Chamoli,11.64732614076256
2023-08-01,Champawat,33.961593848601936
2023-08-01,Dehra Dun,1.9605183656786616
2023-08-01,Haridwar,0.4206378791857786
2023-08-01,Naini Tal,42.56379873435421
2023-08-01,Pauri Garhwal,11.488757013497215
2023-08-01,Pithoragarh,21.84283824389538
2023-08-01,Rudra Prayag,8.036710372351317
2023-08-01,Tehri Garhwal,8.03900998634314
2023-08-01,Udham Singh Nagar,26.636517181810703
2023-08-01,Uttarkashi,4.1413788058651
2023-08-02,Almora,54.899647406835584
2023-08-02,Bageshwar,30.272665693695465
2023-08-02,Chamoli,16.2136667586276
2023-08-02,Champawat,20.77604373679384
2023-08-02,Dehra Dun,10.43732736443336
2023-08-02,Haridwar,11.15845196376725
2023-08-02,Naini Tal,33.0560722268376
2023-08-02,Pauri Garhwal,15.292789735520351
2023-08-02,Pithoragarh,12.183243296811892
2023-08-02,Rudra Prayag,15.543220731311369
2023-08-02,Tehri Garhwal,5.571843654903848
2023-08-02,Udham Singh Nagar,33.09397723375948
2023-08-02,Uttarkashi,9.25401691952688
2023-08-03,Almora,12.497492931285466
2023-08-03,Bageshwar,22.025594220114257
2023-08-03,Chamoli,14.996561149446698
2023-08-03,Champawat,21.315264476988936
2023-08-03,Dehra Dun,12.24211610684592
2023-08-03,Haridwar,34.72192035678713
2023-08-03,Naini Tal,22.23651261119924
2023-08-03,Pauri Garhwal,23.32138600208356
2023-08-03,Pithoragarh,8.384782050063134
2023-08-03,Rudra Prayag,10.208188037547911
2023-08-03,Tehri Garhwal,7.857515546910606
2023-08-03,Udham Singh Nagar,18.74657508837992
2023-08-03,Uttarkashi,4.260271942346368
2023-08-04,Almora,15.957724652208142
2023-08-04,Bageshwar,9.599318728528178
2023-08-04,Chamoli,16.535401105219538
2023-08-04,Champawat,25.71631836276277
2023-08-04,Dehra Dun,29.14996389577124
2023-08-04,Haridwar,12.167999356519022
2023-08-04,Naini Tal,9.785106308348489
2023-08-04,Pauri Garhwal,18.477017526684417
2023-08-04,Pithoragarh,8.735505471280534
2023-08-04,Rudra Prayag,45.16818035353258
2023-08-04,Tehri Garhwal,40.90116046629238
2023-08-04,Udham Singh Nagar,4.825170591818662
2023-08-04,Uttarkashi,26.378522267013626
2023-08-05,Almora,9.08225165971455
2023-08-05,Bageshwar,22.639304580688407
2023-08-05,Chamoli,10.83727457673007
2023-08-05,Champawat,0.6981764441983955
2023-08-05,Dehra Dun,8.741040286744477
2023-08-05,Haridwar,5.083481118007728
2023-08-05,Naini Tal,4.6130680474389285
2023-08-05,Pauri Garhwal,17.144550554056913
2023-08-05,Pithoragarh,25.27386385146345
2023-08-05,Rudra Prayag,26.456192768828064
2023-08-05,Tehri Garhwal,14.897586854276817
2023-08-05,Udham Singh Nagar,5.30705720704256
2023-08-05,Uttarkashi,5.573389197102271
2023-08-06,Almora,2.664634563493589
2023-08-06,Bageshwar,4.317610202413669
2023-08-06,Chamoli,3.3118780668263503
2023-08-06,Champawat,2.0245719868259644
2023-08-06,Dehra Dun,1.778967657796485
2023-08-06,Haridwar,5.034373896185498
2023-08-06,Naini Tal,8.875413381834962
2023-08-06,Pauri Garhwal,6.358959064107808
2023-08-06,Pithoragarh,6.934513645304933
2023-08-06,Rudra Prayag,6.355153547304911
2023-08-06,Tehri Garhwal,4.850897225075528
2023-08-06,Udham Singh Nagar,21.12105256217531
2023-08-06,Uttarkashi,2.4812135079142106
2023-08-07,Almora,2.5171779553879934
2023-08-07,Bageshwar,9.188680852058187
2023-08-07,Chamoli,1.8149452703302205
2023-08-07,Champawat,8.65835448443664
2023-08-07,Dehra Dun,3.351549386762389
2023-08-07,Haridwar,0.6052121716900954
2023-08-07,Naini Tal,9.424712952929225
2023-08-07,Pauri Garhwal,4.987552124167495
2023-08-07,Pithoragarh,3.9036929315756654
2023-08-07,Rudra Prayag,4.039792653071552
2023-08-07,Tehri Garhwal,7.176586782298253
2023-08-07,Udham Singh Nagar,5.134326656207226
2023-08-07,Uttarkashi,1.337133419205904
2023-08-08,Almora,30.38343675014976
2023-08-08,Bageshwar,20.59256935623057
2023-08-08,Chamoli,4.482072252248844
2023-08-08,Champawat,90.3586615684679
2023-08-08,Dehra Dun,4.972189192370274
2023-08-08,Haridwar,2.8127521792281405
2023-08-08,Naini Tal,69.94427045014248
2023-08-08,Pauri Garhwal,29.827883459472176
2023-08-08,Pithoragarh,12.126643354779937
2023-08-08,Rudra Prayag,1.4930068753103185
2023-08-08,Tehri Garhwal,9.197694215952488
2023-08-08,Udham Singh Nagar,57.1337386413616
2023-08-08,Uttarkashi,2.7108555769014
2023-08-09,Almora,19.347132143059216
2023-08-09,Bageshwar,12.105243244939413
2023-08-09,Chamoli,6.335794572324038
2023-08-09,Champawat,24.523008980842523
2023-08-09,Dehra Dun,25.745111106724583
2023-08-09,Haridwar,19.46463328686715
2023-08-09,Naini Tal,31.860482460151395
2023-08-09,Pauri Garhwal,13.458459689898213
2023-08-09,Pithoragarh,8.792413813343893
2023-08-09,Rudra Prayag,13.015453878405063
2023-08-09,Tehri Garhwal,7.502846772695782
2023-08-09,Udham Singh Nagar,38.43121849481862
2023-08-09,Uttarkashi,2.753813644911455
2023-08-10,Almora,10.264158519547545
2023-08-10,Bageshwar,7.118497110001902
2023-08-10,Chamoli,4.2222427263150415
2023-08-10,Champawat,3.6632893118620697
2023-08-10,Dehra Dun,39.34690218136482
2023-08-10,Haridwar,33.930622574619406
2023-08-10,Naini Tal,13.332222515251631
2023-08-10,Pauri Garhwal,14.31078758964559
2023-08-10,Pithoragarh,9.80667286506232
2023-08-10,Rudra Prayag,5.076376392170529
2023-08-10,Tehri Garhwal,13.074919144389796
2023-08-10,Udham Singh Nagar,8.544197990949824
2023-08-10,Uttarkashi,20.085754553814606
2023-08-11,Almora,2.244521353945314
2023-08-11,Bageshwar,9.80073689784211
2023-08-11,Chamoli,6.2270724747736725
2023-08-11,Champawat,2.307970582421292
2023-08-11,Dehra Dun,5.288416999429779
2023-08-11,Haridwar,1.090020228426416
2023-08-11,Naini Tal,5.5426227501384
2023-08-11,Pauri Garhwal,8.118398554081892
2023-08-11,Pithoragarh,5.728579486661303
2023-08-11,Rudra Prayag,10.888825355178076
2023-08-11,Tehri Garhwal,10.000216576482996
2023-08-11,Udham Singh Nagar,6.265302103239095
2023-08-11,Uttarkashi,8.517422534256148
2023-08-12,Almora,4.227819181089931
2023-08-12,Bageshwar,5.3122140233944215
2023-08-12,Chamoli,3.166181233320219
2023-08-12,Champawat,3.1347802942658465
2023-08-12,Dehra Dun,0.7100197387515024
2023-08-12,Haridwar,1.088501468793622
2023-08-12,Naini Tal,5.985088173243606
2023-08-12,Pauri Garhwal,2.452646232480644
2023-08-12,Pithoragarh,8.30766245415446
2023-08-12,Rudra Prayag,5.533892767807543
2023-08-12,Tehri Garhwal,1.3665201770228892
2023-08-12,Udham Singh Nagar,6.98844426656153
2023-08-12,Uttarkashi,2.928061415242669
2023-08-13,Almora,29.82868557787032
2023-08-13,Bageshwar,31.831480811932643
2023-08-13,Chamoli,33.20894835425312
2023-08-13,Champawat,58.04956710676735
2023-08-13,Dehra Dun,45.509959480238365
2023-08-13,Haridwar,35.042885307899404
2023-08-13,Naini Tal,16.84191427422827
2023-08-13,Pauri Garhwal,41.970351780043806
2023-08-13,Pithoragarh,22.667088202913884
2023-08-13,Rudra Prayag,19.39060403350966
2023-08-13,Tehri Garhwal,43.71311182453711
2023-08-13,Udham Singh Nagar,25.44450797429259
2023-08-13,Uttarkashi,12.352834597852627
2023-08-14,Almora,3.084212909084178
2023-08-14,Bageshwar,2.56839332472848
2023-08-14,Chamoli,2.518300805228397
2023-08-14,Champawat,0.670084071478406
2023-08-14,Dehra Dun,32.18802260107869
2023-08-14,Haridwar,9.470611676108176
2023-08-14,Naini Tal,0.9969349245916406
2023-08-14,Pauri Garhwal,7.605827064290437
2023-08-14,Pithoragarh,0.5769572544249983
2023-08-14,Rudra Prayag,5.371379820438542
2023-08-14,Tehri Garhwal,16.119928198433104
2023-08-14,Udham Singh Nagar,1.080842419400835
2023-08-14,Uttarkashi,27.045880729540453
2023-08-15,Almora,0.6817665270069077
2023-08-15,Bageshwar,2.054678254006499
2023-08-15,Chamoli,1.264747326436863
2023-08-15,Champawat,0.4340687600957009
2023-08-15,Dehra Dun,0.0834914129077636
2023-08-15,Haridwar,0.0380022881588983
2023-08-15,Naini Tal,0.2592767278365633
2023-08-15,Pauri Garhwal,0.4705211530392095
2023-08-15,Pithoragarh,0.6252620212042175
2023-08-15,Rudra Prayag,1.194861804989258
2023-08-15,Tehri Garhwal,0.1838839057715076
2023-08-15,Udham Singh Nagar,0.1334577262483618
2023-08-15,Uttarkashi,1.0705108465436517
2023-08-16,Almora,0.2617685676432656
2023-08-16,Bageshwar,5.514903341434718
2023-08-16,Chamoli,1.963239469325093
2023-08-16,Champawat,0.0051857430878727
2023-08-16,Dehra Dun,0.1299379918156722
2023-08-16,Haridwar,0.0
2023-08-16,Naini Tal,0.1276405441887257
2023-08-16,Pauri Garhwal,0.2526647826300856
2023-08-16,Pithoragarh,3.6054546249115775
2023-08-16,Rudra Prayag,1.6310863196425178
2023-08-16,Tehri Garhwal,0.6660298181752229
2023-08-16,Udham Singh Nagar,0.2341035963290767
2023-08-16,Uttarkashi,2.8003086567262243
2023-08-17,Almora,15.638003303213074
2023-08-17,Bageshwar,23.54091849541566
2023-08-17,Chamoli,25.24591395255161
2023-08-17,Champawat,5.131109326905112
2023-08-17,Dehra Dun,29.67837013027921
2023-08-17,Haridwar,4.356242195217831
2023-08-17,Naini Tal,12.898073057051189
2023-08-17,Pauri Garhwal,9.869724935527884
2023-08-17,Pithoragarh,14.267640720735931
2023-08-17,Rudra Prayag,43.27813190548313
2023-08-17,Tehri Garhwal,34.9665809539074
2023-08-17,Udham Singh Nagar,7.812946878809552
2023-08-17,Uttarkashi,13.318966040846432
2023-08-18,Almora,4.314192549119336
2023-08-18,Bageshwar,6.106400575682431
2023-08-18,Chamoli,6.554578061169122
2023-08-18,Champawat,1.32377131526984
2023-08-18,Dehra Dun,28.38858002783164
2023-08-18,Haridwar,3.411729117173215
2023-08-18,Naini Tal,0.9665421138827358
2023-08-18,Pauri Garhwal,10.408398497838787
2023-08-18,Pithoragarh,8.621096043781376
2023-08-18,Rudra Prayag,15.471951316828823
2023-08-18,Tehri Garhwal,21.88859986637361
2023-08-18,Udham Singh Nagar,0.2890710849411281
2023-08-18,Uttarkashi,20.389769521580657
2023-08-19,Almora,1.853166988320116
2023-08-19,Bageshwar,6.565335341079694
2023-08-19,Chamoli,1.804200682605626
2023-08-19,Champawat,5.292777275423477
2023-08-19,Dehra Dun,2.051403604131562
2023-08-19,Haridwar,0.2553530508035055
2023-08-19,Naini Tal,0.6910422744177561
2023-08-19,Pauri Garhwal,1.6220298736751029
2023-08-19,Pithoragarh,9.34746974972778
2023-08-19,Rudra Prayag,3.5608427538267864
2023-08-19,Tehri Garhwal,5.672877778401499
2023-08-19,Udham Singh Nagar,0.1994117601303052
2023-08-19,Uttarkashi,4.5389499426418025
2023-08-20,Almora,0.5018763427475897
2023-08-20,Bageshwar,2.363382291558254
2023-08-20,Chamoli,1.6040662330784092
2023-08-20,Champawat,0.0825414129345393
2023-08-20,Dehra Dun,3.2054516881490853
2023-08-20,Haridwar,0.1717142059303247
2023-08-20,Naini Tal,0.1867951714939603
2023-08-20,Pauri Garhwal,0.1102894891100682
2023-08-20,Pithoragarh,3.874406158770891
2023-08-20,Rudra Prayag,3.739262425318836
2023-08-20,Tehri Garhwal,0.8116931814160319
2023-08-20,Udham Singh Nagar,0.2268984554092665
2023-08-20,Uttarkashi,1.7164395063568394
2023-08-21,Almora,3.878519431447864
2023-08-21,Bageshwar,28.5583606598077
2023-08-21,Chamoli,16.950562776346434
2023-08-21,Champawat,3.3029781011588697
2023-08-21,Dehra Dun,14.771896628829708
2023-08-21,Haridwar,13.308499456424451
2023-08-21,Naini Tal,4.023613639041271
2023-08-21,Pauri Garhwal,4.817768365232827
2023-08-21,Pithoragarh,41.47010600781936
2023-08-21,Rudra Prayag,31.19030155608549
2023-08-21,Tehri Garhwal,14.870364212488887
2023-08-21,Udham Singh Nagar,10.122948301499068
2023-08-21,Uttarkashi,7.44327443011196
2023-08-22,Almora,21.393547449987853
2023-08-22,Bageshwar,38.76684390331946
2023-08-22,Chamoli,24.11252693828065
2023-08-22,Champawat,1.8580885617269096
2023-08-22,Dehra Dun,6.947103951796589
2023-08-22,Haridwar,32.8791029888736
2023-08-22,Naini Tal,22.528482275238023
2023-08-22,Pauri Garhwal,29.055816966278645
2023-08-22,Pithoragarh,23.274378372821413
2023-08-22,Rudra Prayag,11.370293344263253
2023-08-22,Tehri Garhwal,5.695191434309032
2023-08-22,Udham Singh Nagar,40.18360236293436
2023-08-22,Uttarkashi,5.911372332731252
2023-08-23,Almora,43.797818250358446
2023-08-23,Bageshwar,49.4297239459666
2023-08-23,Chamoli,64.54963943679908
2023-08-23,Champawat,3.965360102700033
2023-08-23,Dehra Dun,32.3749910491062
2023-08-23,Haridwar,51.68663299155489
2023-08-23,Naini Tal,9.841130437553945
2023-08-23,Pauri Garhwal,61.473612056747335
2023-08-23,Pithoragarh,38.17888131625562
2023-08-23,Rudra Prayag,67.75341633448187
2023-08-23,Tehri Garhwal,63.70772057534281
2023-08-23,Udham Singh Nagar,5.842728197227606
2023-08-23,Uttarkashi,23.1639134350925
2023-08-24,Almora,3.5104798391532577
2023-08-24,Bageshwar,3.908592733533829
2023-08-24,Chamoli,4.040796248813864
2023-08-24,Champawat,5.979386152932888
2023-08-24,Dehra Dun,0.3267961198966122
2023-08-24,Haridwar,0.180008799999232
2023-08-24,Naini Tal,3.0094107170162947
2023-08-24,Pauri Garhwal,1.6868309618118396
2023-08-24,Pithoragarh,6.867931230910041
2023-08-24,Rudra Prayag,2.59997403547586
2023-08-24,Tehri Garhwal,0.8223112679737807
2023-08-24,Udham Singh Nagar,3.7025915433980576
2023-08-24,Uttarkashi,3.172305755838245
2023-08-25,Almora,0.1884469874281489
2023-08-25,Bageshwar,7.056243401852966
2023-08-25,Chamoli,3.0042636089069465
2023-08-25,Champawat,0.1516490919285465
2023-08-25,Dehra Dun,3.147824952219968
2023-08-25,Haridwar,0.1755520294834178
2023-08-25,Naini Tal,0.0413727522342328
2023-08-25,Pauri Garhwal,0.0805288706000378
2023-08-25,Pithoragarh,5.689174995654648
2023-08-25,Rudra Prayag,2.4317253440090925
2023-08-25,Tehri Garhwal,3.788260972649612
2023-08-25,Udham Singh Nagar,0.2808261846902167
2023-08-25,Uttarkashi,3.1420873150510604
2023-08-26,Almora,0.0026721800020905
2023-08-26,Bageshwar,5.492722225892494
2023-08-26,Chamoli,0.8239093830801245
2023-08-26,Champawat,0.0
2023-08-26,Dehra Dun,0.0887959911753254
2023-08-26,Haridwar,0.0
2023-08-26,Naini Tal,0.0
2023-08-26,Pauri Garhwal,0.000296045015748
2023-08-26,Pithoragarh,2.620760108649702
2023-08-26,Rudra Prayag,1.6507788935357732
2023-08-26,Tehri Garhwal,1.1946206204433405
2023-08-26,Udham Singh Nagar,0.0
2023-08-26,Uttarkashi,2.260166058279814
2023-08-27,Almora,0.0377569138799711
2023-08-27,Bageshwar,2.568890569381664
2023-08-27,Chamoli,2.1114704490790035
2023-08-27,Champawat,0.0
2023-08-27,Dehra Dun,1.862360260891278
2023-08-27,Haridwar,0.0346046832953777
2023-08-27,Naini Tal,0.016164396991418
2023-08-27,Pauri Garhwal,0.0643959587663768
2023-08-27,Pithoragarh,1.6960554013318223
2023-08-27,Rudra Prayag,1.261181309924739
2023-08-27,Tehri Garhwal,1.5782767480194535
2023-08-27,Udham Singh Nagar,0.0
2023-08-27,Uttarkashi,7.927843495270756
2023-08-28,Almora,0.4335310350575256
2023-08-28,Bageshwar,5.578857396870359
2023-08-28,Chamoli,1.7790088662729602
2023-08-28,Champawat,0.1937010494139359
2023-08-28,Dehra Dun,0.1797833174028459
2023-08-28,Haridwar,0.4946319638599098
2023-08-28,Naini Tal,0.1788215692573447
2023-08-28,Pauri Garhwal,0.4392452300222126
2023-08-28,Pithoragarh,5.263477481347
2023-08-28,Rudra Prayag,1.2611329571171848
2023-08-28,Tehri Garhwal,0.7006714450634998
2023-08-28,Udham Singh Nagar,0.0
2023-08-28,Uttarkashi,1.6357311674594015
2023-08-29,Almora,0.9536401668801872
2023-08-29,Bageshwar,1.3827775372644229
2023-08-29,Chamoli,1.499929265475226
2023-08-29,Champawat,0.0130697789201774
2023-08-29,Dehra Dun,0.0
2023-08-29,Haridwar,0.2094180271000609
2023-08-29,Naini Tal,0.0625392273525234
2023-08-29,Pauri Garhwal,1.1119832476803049
2023-08-29,Pithoragarh,0.7991785987413755
2023-08-29,Rudra Prayag,4.357778803645175
2023-08-29,Tehri Garhwal,0.3714234594914677
2023-08-29,Udham Singh Nagar,0.0
2023-08-29,Uttarkashi,0.8353933272106269
2023-08-30,Almora,0.0254731558060269
2023-08-30,Bageshwar,1.5215477587901716
2023-08-30,Chamoli,2.366880475305417
2023-08-30,Champawat,0.0
2023-08-30,Dehra Dun,0.0
2023-08-30,Haridwar,0.0
2023-08-30,Naini Tal,0.0012968928318663
2023-08-30,Pauri Garhwal,0.0692621989849308
2023-08-30,Pithoragarh,2.039189350352923
2023-08-30,Rudra Prayag,2.845583695012413
2023-08-30,Tehri Garhwal,0.8380170369348933
2023-08-30,Udham Singh Nagar,0.0
2023-08-30,Uttarkashi,2.2783453997845955
2023-08-31,Almora,0.0815848679930262
2023-08-31,Bageshwar,1.786633241814322
2023-08-31,Chamoli,1.3490681013878725
2023-08-31,Champawat,0.0
2023-08-31,Dehra Dun,0.0172710540999132
2023-08-31,Haridwar,0.0
2023-08-31,Naini Tal,0.2567473686832803
2023-08-31,Pauri Garhwal,0.06900662810148
2023-08-31,Pithoragarh,0.9926113210509586
2023-08-31,Rudra Prayag,0.745390309451312
2023-08-31,Tehri Garhwal,0.4898184202330949
2023-08-31,Udham Singh Nagar,0.0
2023-08-31,Uttarkashi,1.7867695280204037
2023-09-01,Almora,0.0088123641665742
2023-09-01,Bageshwar,1.512839123825474
2023-09-01,Chamoli,1.05391364520296
2023-09-01,Champawat,0.0
2023-09-01,Dehra Dun,0.1972097223007766
2023-09-01,Haridwar,0.0
2023-09-01,Naini Tal,0.0071547333405442
2023-09-01,Pauri Garhwal,0.010382391109163
2023-09-01,Pithoragarh,0.7911256639884301
2023-09-01,Rudra Prayag,1.5498116989879
2023-09-01,Tehri Garhwal,0.4824489955408652
2023-09-01,Udham Singh Nagar,0.0
2023-09-01,Uttarkashi,0.9593759558250508
2023-09-02,Almora,0.0007544739460754
2023-09-02,Bageshwar,1.339795934345217
2023-09-02,Chamoli,0.6482141548435746
2023-09-02,Champawat,0.0
2023-09-02,Dehra Dun,0.2386699301251848
2023-09-02,Haridwar,0.009568585796263
2023-09-02,Naini Tal,0.0
2023-09-02,Pauri Garhwal,0.0487899922553046
2023-09-02,Pithoragarh,2.0667351219988555
2023-09-02,Rudra Prayag,2.4492866357753056
2023-09-02,Tehri Garhwal,1.1610798478311868
2023-09-02,Udham Singh Nagar,0.0
2023-09-02,Uttarkashi,1.2540568848226528
2023-09-03,Almora,0.3390075871758789
2023-09-03,Bageshwar,4.41702930991733
2023-09-03,Chamoli,5.478984497171208
2023-09-03,Champawat,0.0
2023-09-03,Dehra Dun,0.5569848568364266
2023-09-03,Haridwar,0.0
2023-09-03,Naini Tal,7.430115308383022e-05
2023-09-03,Pauri Garhwal,0.6747205145474688
2023-09-03,Pithoragarh,2.3854126771095423
2023-09-03,Rudra Prayag,8.545599080242914
2023-09-03,Tehri Garhwal,2.68001804435292
2023-09-03,Udham Singh Nagar,0.0
2023-09-03,Uttarkashi,2.104045267771054
2023-09-04,Almora,19.33291170684712
2023-09-04,Bageshwar,15.357508824352928
2023-09-04,Chamoli,7.846731206657999
2023-09-04,Champawat,5.387289056723917
2023-09-04,Dehra Dun,3.504430278303885
2023-09-04,Haridwar,0.029994716463395
2023-09-04,Naini Tal,12.879533696380804
2023-09-04,Pauri Garhwal,7.080035299760269
2023-09-04,Pithoragarh,8.522287338898902
2023-09-04,Rudra Prayag,1.596302201782252
2023-09-04,Tehri Garhwal,3.50983549563331
2023-09-04,Udham Singh Nagar,7.79860760421351
2023-09-04,Uttarkashi,5.081492069235825
2023-09-05,Almora,1.744237348368621
2023-09-05,Bageshwar,3.877097328534172
2023-09-05,Chamoli,3.779850517854091
2023-09-05,Champawat,0.1356915111894753
2023-09-05,Dehra Dun,0.0208483237847299
2023-09-05,Haridwar,0.0
2023-09-05,Naini Tal,1.2452358646088169
2023-09-05,Pauri Garhwal,0.9673887697021124
2023-09-05,Pithoragarh,1.689769399734152
2023-09-05,Rudra Prayag,2.997151900571489
2023-09-05,Tehri Garhwal,0.5928006913397373
2023-09-05,Udham Singh Nagar,0.6316560614661942
2023-09-05,Uttarkashi,0.2083686393996974
2023-09-06,Almora,0.9694610661941928
2023-09-06,Bageshwar,1.307914487740217
2023-09-06,Chamoli,1.6895421614286847
2023-09-06,Champawat,2.0987901135264098
2023-09-06,Dehra Dun,0.0536733426909582
2023-09-06,Haridwar,0.0485111797521349
2023-09-06,Naini Tal,0.9819234967369956
2023-09-06,Pauri Garhwal,0.7129631320999122
2023-09-06,Pithoragarh,0.9311355722442024
2023-09-06,Rudra Prayag,1.2781519524688751
2023-09-06,Tehri Garhwal,0.1687966972787261
2023-09-06,Udham Singh Nagar,0.5134828419961694
2023-09-06,Uttarkashi,0.5993985314781974
2023-09-07,Almora,21.03298483825962
2023-09-07,Bageshwar,24.981318448780627
2023-09-07,Chamoli,6.967385130428505
2023-09-07,Champawat,17.062166989159376
2023-09-07,Dehra Dun,2.549961102819519
2023-09-07,Haridwar,0.585395298370815
2023-09-07,Naini Tal,21.27102308742369
2023-09-07,Pauri Garhwal,4.167236040998055
2023-09-07,Pithoragarh,9.63039443669486
2023-09-07,Rudra Prayag,4.807540429613853
2023-09-07,Tehri Garhwal,5.394275026592709
2023-09-07,Udham Singh Nagar,10.505007896290865
2023-09-07,Uttarkashi,2.2063451508333425
2023-09-08,Almora,10.103598583351523
2023-09-08,Bageshwar,8.84500346290605
2023-09-08,Chamoli,5.777748501105682
2023-09-08,Champawat,7.63535874829923
2023-09-08,Dehra Dun,0.727926527632009
2023-09-08,Haridwar,2.3901020691712533
2023-09-08,Naini Tal,6.327524533012372
2023-09-08,Pauri Garhwal,3.493347001217205
2023-09-08,Pithoragarh,4.714824721130015
2023-09-08,Rudra Prayag,4.3032952531367945
2023-09-08,Tehri Garhwal,4.89811893091443
2023-09-08,Udham Singh Nagar,9.135298323898072
2023-09-08,Uttarkashi,2.9452259066275728
2023-09-09,Almora,23.53208932922895
2023-09-09,Bageshwar,13.330314922792434
2023-09-09,Chamoli,24.779918850342863
2023-09-09,Champawat,24.91071354511828
2023-09-09,Dehra Dun,32.1536971124522
2023-09-09,Haridwar,25.46258345395272
2023-09-09,Naini Tal,24.625637974986088
2023-09-09,Pauri Garhwal,26.604565331428034
2023-09-09,Pithoragarh,12.176864582492934
2023-09-09,Rudra Prayag,54.42047375323113
2023-09-09,Tehri Garhwal,43.50388813991823
2023-09-09,Udham Singh Nagar,18.6095635540681
2023-09-09,Uttarkashi,42.02511972836929
2023-09-10,Almora,113.3893704285457
2023-09-10,Bageshwar,96.92051074905685
2023-09-10,Chamoli,79.58642298399862
2023-09-10,Champawat,94.86878930630157
2023-09-10,Dehra Dun,1.162717335788915
2023-09-10,Haridwar,12.506913823487055
2023-09-10,Naini Tal,94.70442053690844
2023-09-10,Pauri Garhwal,61.96113956567406
2023-09-10,Pithoragarh,81.27722567188653
2023-09-10,Rudra Prayag,44.25613022645604
2023-09-10,Tehri Garhwal,18.371268204028468
2023-09-10,Udham Singh Nagar,85.87053746653599
2023-09-10,Uttarkashi,5.405353101013879
2023-09-11,Almora,0.7882673348711272
2023-09-11,Bageshwar,2.1598418592797213
2023-09-11,Chamoli,4.6290856308932185
2023-09-11,Champawat,0.846517297644991
2023-09-11,Dehra Dun,0.0568976542257781
2023-09-11,Haridwar,0.0
2023-09-11,Naini Tal,0.3051537910042167
2023-09-11,Pauri Garhwal,0.1019088714104597
2023-09-11,Pithoragarh,3.918135329269104
2023-09-11,Rudra Prayag,5.428763270735843
2023-09-11,Tehri Garhwal,0.6715525960048367
2023-09-11,Udham Singh Nagar,0.7153317915133091
2023-09-11,Uttarkashi,2.313838408441556
2023-09-12,Almora,0.0639316682393688
2023-09-12,Bageshwar,0.8366782853338759
2023-09-12,Chamoli,3.149633380323736
2023-09-12,Champawat,0.0
2023-09-12,Dehra Dun,1.9297083153938432
2023-09-12,Haridwar,0.0668541970530757
2023-09-12,Naini Tal,0.0924088093126487
2023-09-12,Pauri Garhwal,0.0349020888105123
2023-09-12,Pithoragarh,3.2478371642584687
2023-09-12,Rudra Prayag,5.037117340803042
2023-09-12,Tehri Garhwal,1.0086813466821372
2023-09-12,Udham Singh Nagar,0.0
2023-09-12,Uttarkashi,2.3554522160599234
2023-09-13,Almora,0.2661042510519973
2023-09-13,Bageshwar,8.325586235154805
2023-09-13,Chamoli,1.5060027872592177
2023-09-13,Champawat,0.0215750495196286
2023-09-13,Dehra Dun,0.615978451948166
2023-09-13,Haridwar,0.5768365746148837
2023-09-13,Naini Tal,0.1331746824632331
2023-09-13,Pauri Garhwal,0.1586369553712418
2023-09-13,Pithoragarh,7.372853379930877
2023-09-13,Rudra Prayag,6.639245152798367
2023-09-13,Tehri Garhwal,0.8348746475977721
2023-09-13,Udham Singh Nagar,0.1373270732341562
2023-09-13,Uttarkashi,1.7300545004943888
2023-09-14,Almora,24.34729201515476
2023-09-14,Bageshwar,36.284834703651725
2023-09-14,Chamoli,19.122568396559338
2023-09-14,Champawat,10.785917198837382
2023-09-14,Dehra Dun,44.72308975961704
2023-09-14,Haridwar,44.8271518654506
2023-09-14,Naini Tal,8.086208903442582
2023-09-14,Pauri Garhwal,41.20073335957381
2023-09-14,Pithoragarh,15.70257805181431
2023-09-14,Rudra Prayag,24.379833664496736
2023-09-14,Tehri Garhwal,26.72317421969744
2023-09-14,Udham Singh Nagar,9.160699630635312
2023-09-14,Uttarkashi,21.149669755094344
2023-09-15,Almora,4.687707970825675
2023-09-15,Bageshwar,4.329396039350404
2023-09-15,Chamoli,5.317423303595479
2023-09-15,Champawat,1.2680848143114916
2023-09-15,Dehra Dun,25.65798457484002
2023-09-15,Haridwar,41.13472527062279
2023-09-15,Naini Tal,3.268430237842109
2023-09-15,Pauri Garhwal,26.862517681220883
2023-09-15,Pithoragarh,6.292647041887274
2023-09-15,Rudra Prayag,15.895123977556384
2023-09-15,Tehri Garhwal,34.82212317533008
2023-09-15,Udham Singh Nagar,5.278368927772396
2023-09-15,Uttarkashi,11.018894338396468
2023-09-16,Almora,23.925065872596303
2023-09-16,Bageshwar,10.988940062159022
2023-09-16,Chamoli,6.39136495892996
2023-09-16,Champawat,7.187335436173479
2023-09-16,Dehra Dun,5.393170343537715
2023-09-16,Haridwar,12.806882983745473
2023-09-16,Naini Tal,19.2423953898315
2023-09-16,Pauri Garhwal,15.741250122695206
2023-09-16,Pithoragarh,6.894668424859581
2023-09-16,Rudra Prayag,6.481992922358487
2023-09-16,Tehri Garhwal,2.9807414509210632
2023-09-16,Udham Singh Nagar,9.274495043347232
2023-09-16,Uttarkashi,2.403667279675713
2023-09-17,Almora,3.150167347103712
2023-09-17,Bageshwar,4.13563407424269
2023-09-17,Chamoli,5.046075544094648
2023-09-17,Champawat,6.513547793533333
2023-09-17,Dehra Dun,6.333788347135824
2023-09-17,Haridwar,1.3951329103982435
2023-09-17,Naini Tal,17.77325063771245
2023-09-17,Pauri Garhwal,1.8374380932218464
2023-09-17,Pithoragarh,3.679842213783324
2023-09-17,Rudra Prayag,7.801611225990601
2023-09-17,Tehri Garhwal,3.891380488963424
2023-09-17,Udham Singh Nagar,24.93117879989563
2023-09-17,Uttarkashi,5.671043871661173
2023-09-18,Almora,3.255988255620064
2023-09-18,Bageshwar,6.8708490910316735
2023-09-18,Chamoli,4.783331176709029
2023-09-18,Champawat,0.6255283458513697
2023-09-18,Dehra Dun,2.142951024697246
2023-09-18,Haridwar,0.0009156541098883
2023-09-18,Naini Tal,0.9985409772477848
2023-09-18,Pauri Garhwal,2.110792873290349
2023-09-18,Pithoragarh,3.445874348437491
2023-09-18,Rudra Prayag,6.591251989515799
2023-09-18,Tehri Garhwal,4.980741882555524
2023-09-18,Udham Singh Nagar,0.0201019800190755
2023-09-18,Uttarkashi,5.308043507072626
2023-09-19,Almora,0.6056595601049533
2023-09-19,Bageshwar,2.559238910745925
2023-09-19,Chamoli,1.5725527867562925
2023-09-19,Champawat,0.0538177684353417
2023-09-19,Dehra Dun,1.6081663521790293
2023-09-19,Haridwar,0.0029300932607971
2023-09-19,Naini Tal,0.2401636640133711
2023-09-19,Pauri Garhwal,0.7525529806003796
2023-09-19,Pithoragarh,3.2263197380208632
2023-09-19,Rudra Prayag,3.3699325610125923
2023-09-19,Tehri Garhwal,2.228075628178556
2023-09-19,Udham Singh Nagar,0.0
2023-09-19,Uttarkashi,1.9221575356771088
2023-09-20,Almora,0.18623101450816
2023-09-20,Bageshwar,1.3702343409911817
2023-09-20,Chamoli,2.393611354137596
2023-09-20,Champawat,6.920121568222632
2023-09-20,Dehra Dun,2.720610468218123
2023-09-20,Haridwar,0.1857941481395493
2023-09-20,Naini Tal,5.995291863117418
2023-09-20,Pauri Garhwal,0.9954590738787108
2023-09-20,Pithoragarh,3.0620892396402697
2023-09-20,Rudra Prayag,2.6437166874543063
2023-09-20,Tehri Garhwal,2.482402727194894
2023-09-20,Udham Singh Nagar,4.436458673141374
2023-09-20,Uttarkashi,0.9497699251583273
2023-09-21,Almora,0.0004670552974021
2023-09-21,Bageshwar,2.4286736588308804
2023-09-21,Chamoli,0.5313034772696222
2023-09-21,Champawat,4.08210581893206
2023-09-21,Dehra Dun,0.0
2023-09-21,Haridwar,0.0
2023-09-21,Naini Tal,3.616216260065228
2023-09-21,Pauri Garhwal,0.0010072468985258
2023-09-21,Pithoragarh,1.9205301506217871
2023-09-21,Rudra Prayag,1.7842331234764608
2023-09-21,Tehri Garhwal,0.3235965423068309
2023-09-21,Udham Singh Nagar,5.666441637477715
2023-09-21,Uttarkashi,0.4069977352716856
2023-09-22,Almora,0.3946556310553746
2023-09-22,Bageshwar,1.753557860289926
2023-09-22,Chamoli,1.0729975193652372
2023-09-22,Champawat,1.1590775303312588
2023-09-22,Dehra Dun,2.4610554113525684
2023-09-22,Haridwar,0.5379362396991331
2023-09-22,Naini Tal,1.1439550773152651
2023-09-22,Pauri Garhwal,2.039420207165266
2023-09-22,Pithoragarh,1.7527640371304771
2023-09-22,Rudra Prayag,1.8830189450677728
2023-09-22,Tehri Garhwal,2.178193818883075
2023-09-22,Udham Singh Nagar,2.179051826886685
2023-09-22,Uttarkashi,0.4131511215991336
2023-09-23,Almora,0.7667970245703043
2023-09-23,Bageshwar,0.387567084960927
2023-09-23,Chamoli,1.0823001542790316
2023-09-23,Champawat,0.0
2023-09-23,Dehra Dun,0.6067995213467903
2023-09-23,Haridwar,1.497437888549434
2023-09-23,Naini Tal,0.1417333430855549
2023-09-23,Pauri Garhwal,0.6984418927246067
2023-09-23,Pithoragarh,0.5963611839898018
2023-09-23,Rudra Prayag,0.985430027013371
2023-09-23,Tehri Garhwal,0.4083668381528552
2023-09-23,Udham Singh Nagar,1.6904115955070864
2023-09-23,Uttarkashi,1.3406800917187869
2023-09-24,Almora,0.0782151553383876
2023-09-24,Bageshwar,0.7116185466868474
2023-09-24,Chamoli,0.1974573096423119
2023-09-24,Champawat,0.0527246476704606
2023-09-24,Dehra Dun,0.1668295132919728
2023-09-24,Haridwar,0.2498247876151973
2023-09-24,Naini Tal,0.0869546905763863
2023-09-24,Pauri Garhwal,0.3132846244903001
2023-09-24,Pithoragarh,0.2973793207745839
2023-09-24,Rudra Prayag,0.4640656174715473
2023-09-24,Tehri Garhwal,0.2014625388078833
2023-09-24,Udham Singh Nagar,1.3270580616754577
2023-09-24,Uttarkashi,0.4247527015287168
2023-09-25,Almora,0.0061564531910623
2023-09-25,Bageshwar,0.2902922720038879
2023-09-25,Chamoli,0.361092989549133
2023-09-25,Champawat,0.0
2023-09-25,Dehra Dun,0.0
2023-09-25,Haridwar,0.0
2023-09-25,Naini Tal,0.0121568114093481
2023-09-25,Pauri Garhwal,0.0072820134884261
2023-09-25,Pithoragarh,0.481656742935777
2023-09-25,Rudra Prayag,0.6678963516647437
2023-09-25,Tehri Garhwal,0.2078026060904033
2023-09-25,Udham Singh Nagar,0.0014898019044173
2023-09-25,Uttarkashi,0.2378762554687777
2023-09-26,Almora,0.0089052329991424
2023-09-26,Bageshwar,0.6933896856060636
2023-09-26,Chamoli,0.2397953749329915
2023-09-26,Champawat,0.0
2023-09-26,Dehra Dun,0.0
2023-09-26,Haridwar,0.0
2023-09-26,Naini Tal,0.0039260104897858
2023-09-26,Pauri Garhwal,0.0095937087742459
2023-09-26,Pithoragarh,0.615919888511229
2023-09-26,Rudra Prayag,0.1370224502638934
2023-09-26,Tehri Garhwal,0.0927997494391242
2023-09-26,Udham Singh Nagar,0.0
2023-09-26,Uttarkashi,0.146914369700641
2023-09-27,Almora,0.175105066037658
2023-09-27,Bageshwar,0.3802821586600176
2023-09-27,Chamoli,0.4796390328717302
2023-09-27,Champawat,0.0
2023-09-27,Dehra Dun,0.008687653311529
2023-09-27,Haridwar,0.0
2023-09-27,Naini Tal,0.0
2023-09-27,Pauri Garhwal,0.0108492015964008
2023-09-27,Pithoragarh,0.471347193516095
2023-09-27,Rudra Prayag,0.5833350403552846
2023-09-27,Tehri Garhwal,0.1754979944546123
2023-09-27,Udham Singh Nagar,0.0
2023-09-27,Uttarkashi,0.186652662269297
2023-09-28,Almora,0.0285405359324875
2023-09-28,Bageshwar,0.0226801466224167
2023-09-28,Chamoli,0.3472985734206228
2023-09-28,Champawat,0.0
2023-09-28,Dehra Dun,0.0
2023-09-28,Haridwar,0.0
2023-09-28,Naini Tal,0.0413000088447928
2023-09-28,Pauri Garhwal,0.0173922595991982
2023-09-28,Pithoragarh,0.1120560772910712
2023-09-28,Rudra Prayag,0.0053367874422633
2023-09-28,Tehri Garhwal,0.01033930587229
2023-09-28,Udham Singh Nagar,0.0
2023-09-28,Uttarkashi,0.2311950669229443
2023-09-29,Almora,0.0530721241155732
2023-09-29,Bageshwar,0.5099724147968706
2023-09-29,Chamoli,0.5271817189389361
2023-09-29,Champawat,0.0
2023-09-29,Dehra Dun,0.3628161555106867
2023-09-29,Haridwar,0.0
2023-09-29,Naini Tal,0.0154016415501358
2023-09-29,Pauri Garhwal,0.0395328026322633
2023-09-29,Pithoragarh,1.0322090758482432
2023-09-29,Rudra Prayag,0.0669792725400603
2023-09-29,Tehri Garhwal,0.0147240752619849
2023-09-29,Udham Singh Nagar,0.0
2023-09-29,Uttarkashi,0.6638509843037039
2023-09-30,Almora,0.1017597581258896
2023-09-30,Bageshwar,1.0840394918724674
2023-09-30,Chamoli,1.1989371186654405
2023-09-30,Champawat,0.0
2023-09-30,Dehra Dun,0.0714125086569386
2023-09-30,Haridwar,0.0
2023-09-30,Naini Tal,0.0048009974599987
2023-09-30,Pauri Garhwal,0.068970393669772
2023-09-30,Pithoragarh,2.6988690119474823
2023-09-30,Rudra Prayag,1.109809992769942
2023-09-30,Tehri Garhwal,0.4826906086171129
2023-09-30,Udham Singh Nagar,0.0
2023-09-30,Uttarkashi,0.6063570996963824
2023-10-01,Almora,0.0432605743145574
2023-10-01,Bageshwar,1.0722637591376794
2023-10-01,Chamoli,1.1896766326620285
2023-10-01,Champawat,0.0
2023-10-01,Dehra Dun,0.0419187778797387
2023-10-01,Haridwar,0.0
2023-10-01,Naini Tal,0.0111295850998793
2023-10-01,Pauri Garhwal,0.0076890754291651
2023-10-01,Pithoragarh,0.8982452843284501
2023-10-01,Rudra Prayag,1.3193540118338734
2023-10-01,Tehri Garhwal,0.5513162254055822
2023-10-01,Udham Singh Nagar,0.003567839233508
2023-10-01,Uttarkashi,1.5370976873840754
2023-10-02,Almora,0.9549409968274948
2023-10-02,Bageshwar,1.7916231168817511
2023-10-02,Chamoli,2.970853894778716
2023-10-02,Champawat,1.868178923566167
2023-10-02,Dehra Dun,0.070984598296918
2023-10-02,Haridwar,0.0
2023-10-02,Naini Tal,0.6671983654438832
2023-10-02,Pauri Garhwal,0.762216462260947
2023-10-02,Pithoragarh,0.861593776933351
2023-10-02,Rudra Prayag,2.1747529660996587
2023-10-02,Tehri Garhwal,0.4514977970159479
2023-10-02,Udham Singh Nagar,1.0530837715623782
2023-10-02,Uttarkashi,2.010561282960862
2023-10-03,Almora,0.0
2023-10-03,Bageshwar,1.126905306405388
2023-10-03,Chamoli,1.610822438778303
2023-10-03,Champawat,0.0
2023-10-03,Dehra Dun,0.0016053420674024
2023-10-03,Haridwar,0.0
2023-10-03,Naini Tal,0.0
2023-10-03,Pauri Garhwal,0.0023749132105962
2023-10-03,Pithoragarh,0.8847904083801881
2023-10-03,Rudra Prayag,1.6711087648603993
2023-10-03,Tehri Garhwal,0.3124475730398441
2023-10-03,Udham Singh Nagar,0.0
2023-10-03,Uttarkashi,1.1921396990458637
2023-10-04,Almora,0.0029270607683153
2023-10-04,Bageshwar,0.99972332414404
2023-10-04,Chamoli,1.5999882263972718
2023-10-04,Champawat,0.0
2023-10-04,Dehra Dun,0.0105948485769118
2023-10-04,Haridwar,0.0
2023-10-04,Naini Tal,0.0
2023-10-04,Pauri Garhwal,0.0075618686154053
2023-10-04,Pithoragarh,1.993946847506845
2023-10-04,Rudra Prayag,1.749442084584006
2023-10-04,Tehri Garhwal,0.7662385434148038
2023-10-04,Udham Singh Nagar,0.0
2023-10-04,Uttarkashi,1.105436565516877
2023-10-05,Almora,0.0
2023-10-05,Bageshwar,2.182463183195796
2023-10-05,Chamoli,2.7975823695533584
2023-10-05,Champawat,0.0
2023-10-05,Dehra Dun,0.0
2023-10-05,Haridwar,0.0
2023-10-05,Naini Tal,0.0
2023-10-05,Pauri Garhwal,0.0
2023-10-05,Pithoragarh,1.684836730691296
2023-10-05,Rudra Prayag,3.957181256373826
2023-10-05,Tehri Garhwal,0.8314448920367239
2023-10-05,Udham Singh Nagar,0.0
2023-10-05,Uttarkashi,1.4120585132783263
2023-10-06,Almora,0.0
2023-10-06,Bageshwar,2.955323459136793
2023-10-06,Chamoli,1.438293636160429
2023-10-06,Champawat,0.0
2023-10-06,Dehra Dun,0.0
2023-10-06,Haridwar,0.0
2023-10-06,Naini Tal,0.0
2023-10-06,Pauri Garhwal,0.0090432500522852
2023-10-06,Pithoragarh,1.7147551134071908
2023-10-06,Rudra Prayag,1.4455301961904985
2023-10-06,Tehri Garhwal,0.0834535817689185
2023-10-06,Udham Singh Nagar,0.0
2023-10-06,Uttarkashi,0.1090443775834001
2023-10-07,Almora,0.0
2023-10-07,Bageshwar,2.810074388875407
2023-10-07,Chamoli,0.7336836872122872
2023-10-07,Champawat,0.0
2023-10-07,Dehra Dun,0.0
2023-10-07,Haridwar,0.0
2023-10-07,Naini Tal,0.0
2023-10-07,Pauri Garhwal,0.0454263340056553
2023-10-07,Pithoragarh,1.868709001842384
2023-10-07,Rudra Prayag,2.2126838775239044
2023-10-07,Tehri Garhwal,0.2415068569041723
2023-10-07,Udham Singh Nagar,0.0
2023-10-07,Uttarkashi,0.8505983029399434
2023-10-08,Almora,0.1056161837615961
2023-10-08,Bageshwar,1.0751543873092435
2023-10-08,Chamoli,0.7404343030145055
2023-10-08,Champawat,0.0
2023-10-08,Dehra Dun,0.0
2023-10-08,Haridwar,0.0
2023-10-08,Naini Tal,0.0
2023-10-08,Pauri Garhwal,0.0
2023-10-08,Pithoragarh,0.7102360776962724
2023-10-08,Rudra Prayag,0.9735250128622912
2023-10-08,Tehri Garhwal,0.151023155203273
2023-10-08,Udham Singh Nagar,0.0
2023-10-08,Uttarkashi,0.1601294404015879
2023-10-09,Almora,0.0387866043402619
2023-10-09,Bageshwar,0.3141755437807125
2023-10-09,Chamoli,0.2097476208111443
2023-10-09,Champawat,0.0
2023-10-09,Dehra Dun,1.0577187004003397
2023-10-09,Haridwar,0.2554454933714202
2023-10-09,Naini Tal,0.0
2023-10-09,Pauri Garhwal,0.0878505865288575
2023-10-09,Pithoragarh,0.1130065845282806
2023-10-09,Rudra Prayag,1.3666752665893966
2023-10-09,Tehri Garhwal,0.4701034004742856
2023-10-09,Udham Singh Nagar,0.0
2023-10-09,Uttarkashi,3.782887758266225
2023-10-10,Almora,0.0090170821554781
2023-10-10,Bageshwar,0.4817067885706338
2023-10-10,Chamoli,0.8212058295512409
2023-10-10,Champawat,0.5783521440141949
2023-10-10,Dehra Dun,0.911882648408478
2023-10-10,Haridwar,0.988545495290575
2023-10-10,Naini Tal,0.0
2023-10-10,Pauri Garhwal,0.2548014729348873
2023-10-10,Pithoragarh,0.516026279404438
2023-10-10,Rudra Prayag,2.978189893488954
2023-10-10,Tehri Garhwal,0.5381766904125597
2023-10-10,Udham Singh Nagar,0.0
2023-10-10,Uttarkashi,1.845620842169372
2023-10-11,Almora,0.3277989351422951
2023-10-11,Bageshwar,0.6204439198673594
2023-10-11,Chamoli,1.2983061809930765
2023-10-11,Champawat,0.0
2023-10-11,Dehra Dun,0.0
2023-10-11,Haridwar,0.0
2023-10-11,Naini Tal,0.0162376593982282
2023-10-11,Pauri Garhwal,0.1312940362738934
2023-10-11,Pithoragarh,0.3773898098125257
2023-10-11,Rudra Prayag,1.22103105861314
2023-10-11,Tehri Garhwal,0.8118785527917181
2023-10-11,Udham Singh Nagar,0.0
2023-10-11,Uttarkashi,0.3819898970444745
2023-10-12,Almora,0.0
2023-10-12,Bageshwar,0.6172389548764948
2023-10-12,Chamoli,0.3561962315678142
2023-10-12,Champawat,0.0
2023-10-12,Dehra Dun,0.0
2023-10-12,Haridwar,0.0
2023-10-12,Naini Tal,0.0
2023-10-12,Pauri Garhwal,0.0
2023-10-12,Pithoragarh,0.3912597538935278
2023-10-12,Rudra Prayag,0.4385457551155066
2023-10-12,Tehri Garhwal,0.280468921837856
2023-10-12,Udham Singh Nagar,0.0
2023-10-12,Uttarkashi,0.1829991167209099
2023-10-13,Almora,0.0
2023-10-13,Bageshwar,0.1452334523269468
2023-10-13,Chamoli,0.0654361845545606
2023-10-13,Champawat,0.0
2023-10-13,Dehra Dun,0.0
2023-10-13,Haridwar,0.0
2023-10-13,Naini Tal,0.0
2023-10-13,Pauri Garhwal,0.0019771026869745
2023-10-13,Pithoragarh,0.2316710323407391
2023-10-13,Rudra Prayag,0.0928100147923142
2023-10-13,Tehri Garhwal,0.0760803452635761
2023-10-13,Udham Singh Nagar,0.0
2023-10-13,Uttarkashi,0.1190760322235067
2023-10-14,Almora,0.0
2023-10-14,Bageshwar,0.2460294034852482
2023-10-14,Chamoli,0.3819130738245936
2023-10-14,Champawat,0.0
2023-10-14,Dehra Dun,0.004912101253197
2023-10-14,Haridwar,0.0
2023-10-14,Naini Tal,0.0
2023-10-14,Pauri Garhwal,0.0343196351479194
2023-10-14,Pithoragarh,1.1181907724232738
2023-10-14,Rudra Prayag,0.2560086298109851
2023-10-14,Tehri Garhwal,0.1330537509117765
2023-10-14,Udham Singh Nagar,0.0
2023-10-14,Uttarkashi,0.0708700538576882
2023-10-15,Almora,0.3812899824527068
2023-10-15,Bageshwar,1.311400693638237
2023-10-15,Chamoli,0.9777622254246936
2023-10-15,Champawat,0.0021435743063149
2023-10-15,Dehra Dun,2.669774414496291
2023-10-15,Haridwar,0.0
2023-10-15,Naini Tal,0.1460386533323053
2023-10-15,Pauri Garhwal,0.3079878133485067
2023-10-15,Pithoragarh,4.435451386364927
2023-10-15,Rudra Prayag,1.3235250091321753
2023-10-15,Tehri Garhwal,0.5842856347558752
2023-10-15,Udham Singh Nagar,0.0112422406409148
2023-10-15,Uttarkashi,1.0791383777792178
2023-10-16,Almora,34.96640516578931
2023-10-16,Bageshwar,15.949400347102303
2023-10-16,Chamoli,15.24548810540366
2023-10-16,Champawat,19.235176476146407
2023-10-16,Dehra Dun,27.701343785179304
2023-10-16,Haridwar,37.324045706828976
2023-10-16,Naini Tal,28.60722782538877
2023-10-16,Pauri Garhwal,38.655118976046616
2023-10-16,Pithoragarh,7.962518187430378
2023-10-16,Rudra Prayag,13.193999702269808
2023-10-16,Tehri Garhwal,30.383281783676576
2023-10-16,Udham Singh Nagar,26.16125342421517
2023-10-16,Uttarkashi,11.236592213128462
2023-10-17,Almora,1.4323799771049923
2023-10-17,Bageshwar,0.724332699019407
2023-10-17,Chamoli,0.6986460713899731
2023-10-17,Champawat,1.6119992064483213
2023-10-17,Dehra Dun,0.0729067840980978
2023-10-17,Haridwar,0.0017529494711464
2023-10-17,Naini Tal,1.4864994967731835
2023-10-17,Pauri Garhwal,0.4553029709294203
2023-10-17,Pithoragarh,0.7026844893880121
2023-10-17,Rudra Prayag,1.617202033282021
2023-10-17,Tehri Garhwal,1.3418685345513
2023-10-17,Udham Singh Nagar,0.9243962192784598
2023-10-17,Uttarkashi,2.65169711173974
2023-10-18,Almora,0.0015753795647359
2023-10-18,Bageshwar,0.2165441105876679
2023-10-18,Chamoli,0.1999605117809366
2023-10-18,Champawat,0.0
2023-10-18,Dehra Dun,0.0026226491162451
2023-10-18,Haridwar,0.0
2023-10-18,Naini Tal,0.0073261973967327
2023-10-18,Pauri Garhwal,0.0013946495429238
2023-10-18,Pithoragarh,0.1481123898670006
2023-10-18,Rudra Prayag,0.6073937636184052
2023-10-18,Tehri Garhwal,0.288430702947137
2023-10-18,Udham Singh Nagar,0.0
2023-10-18,Uttarkashi,0.4479984869868859
2023-10-19,Almora,0.0
2023-10-19,Bageshwar,0.887357522438876
2023-10-19,Chamoli,0.0794042771121719
2023-10-19,Champawat,0.0
2023-10-19,Dehra Dun,0.0024175523831307
2023-10-19,Haridwar,0.0
2023-10-19,Naini Tal,0.0
2023-10-19,Pauri Garhwal,0.0
2023-10-19,Pithoragarh,0.2853177048985735
2023-10-19,Rudra Prayag,0.4296442020182627
2023-10-19,Tehri Garhwal,0.2291617370915382
2023-10-19,Udham Singh Nagar,0.0
2023-10-19,Uttarkashi,0.2388158907021796
2023-10-20,Almora,0.0
2023-10-20,Bageshwar,0.6502389532572125
2023-10-20,Chamoli,0.0818767988152516
2023-10-20,Champawat,0.0
2023-10-20,Dehra Dun,0.0
2023-10-20,Haridwar,0.0
2023-10-20,Naini Tal,0.0
2023-10-20,Pauri Garhwal,0.0228081868572151
2023-10-20,Pithoragarh,0.481269953928026
2023-10-20,Rudra Prayag,0.9424783835724794
2023-10-20,Tehri Garhwal,0.1952344584104783
2023-10-20,Udham Singh Nagar,0.0
2023-10-20,Uttarkashi,0.206799028932979
2023-10-21,Almora,0.0
2023-10-21,Bageshwar,0.1839328981822986
2023-10-21,Chamoli,0.0947713670041044
2023-10-21,Champawat,0.0
2023-10-21,Dehra Dun,0.0148092117999485
2023-10-21,Haridwar,0.0
2023-10-21,Naini Tal,0.0133986281124393
2023-10-21,Pauri Garhwal,0.0012527946293728
2023-10-21,Pithoragarh,0.1090346242151754
2023-10-21,Rudra Prayag,0.6016182919336878
2023-10-21,Tehri Garhwal,0.1340945443419687
2023-10-21,Udham Singh Nagar,0.0135441915912015
2023-10-21,Uttarkashi,0.1208089353903868
2023-10-22,Almora,0.0
2023-10-22,Bageshwar,0.0375965064790387
2023-10-22,Chamoli,0.1019490948491527
2023-10-22,Champawat,0.0
2023-10-22,Dehra Dun,0.1549979527247371
2023-10-22,Haridwar,0.1211885856371028
2023-10-22,Naini Tal,0.0028000622639335
2023-10-22,Pauri Garhwal,0.0323313537300972
2023-10-22,Pithoragarh,0.0220831871036298
2023-10-22,Rudra Prayag,0.3103229657816016
2023-10-22,Tehri Garhwal,0.3211990015111151
2023-10-22,Udham Singh Nagar,0.0081443984750817
2023-10-22,Uttarkashi,0.7497081877219467
2023-10-23,Almora,0.0
2023-10-23,Bageshwar,0.126105694736265
2023-10-23,Chamoli,0.1638405676445158
2023-10-23,Champawat,0.0034149095612899
2023-10-23,Dehra Dun,0.0215671839720233
2023-10-23,Haridwar,8.276104763068874e-05
2023-10-23,Naini Tal,0.0015010910779764
2023-10-23,Pauri Garhwal,0.0012516382420105
2023-10-23,Pithoragarh,0.0254637394857256
2023-10-23,Rudra Prayag,0.5078393689966365
2023-10-23,Tehri Garhwal,0.0988548390965502
2023-10-23,Udham Singh Nagar,0.000753768827373
2023-10-23,Uttarkashi,0.302363809575679
2023-10-24,Almora,0.0
2023-10-24,Bageshwar,0.2082977874956079
2023-10-24,Chamoli,0.0516425661339488
2023-10-24,Champawat,0.0
2023-10-24,Dehra Dun,0.0
2023-10-24,Haridwar,0.0
2023-10-24,Naini Tal,0.0
2023-10-24,Pauri Garhwal,9.405596890994332e-05
2023-10-24,Pithoragarh,0.116332630152455
2023-10-24,Rudra Prayag,0.3214110442335895
2023-10-24,Tehri Garhwal,0.1176844231330399
2023-10-24,Udham Singh Nagar,0.0
2023-10-24,Uttarkashi,0.1197332754431226
2023-10-25,Almora,0.0827826716011105
2023-10-25,Bageshwar,0.1112647028145147
2023-10-25,Chamoli,0.0652878543752797
2023-10-25,Champawat,0.001104417645997
2023-10-25,Dehra Dun,0.0134859629902906
2023-10-25,Haridwar,0.0
2023-10-25,Naini Tal,0.0277907088940712
2023-10-25,Pauri Garhwal,0.1492055302892069
2023-10-25,Pithoragarh,0.1568080282602226
2023-10-25,Rudra Prayag,0.380923995113769
2023-10-25,Tehri Garhwal,0.0715578518840908
2023-10-25,Udham Singh Nagar,0.035127105138218
2023-10-25,Uttarkashi,0.1639334242987674
2023-10-26,Almora,0.0
2023-10-26,Bageshwar,0.0357702194784959
2023-10-26,Chamoli,0.0652534391512082
2023-10-26,Champawat,0.0
2023-10-26,Dehra Dun,0.0
2023-10-26,Haridwar,0.0
2023-10-26,Naini Tal,0.0
2023-10-26,Pauri Garhwal,0.0
2023-10-26,Pithoragarh,0.0935364904237105
2023-10-26,Rudra Prayag,0.2567910113605141
2023-10-26,Tehri Garhwal,0.0923827656693337
2023-10-26,Udham Singh Nagar,0.0
2023-10-26,Uttarkashi,0.0769522950745708
2023-10-27,Almora,0.0144265179991784
2023-10-27,Bageshwar,0.0745790422673214
2023-10-27,Chamoli,0.0462181184362537
2023-10-27,Champawat,1.05906249262789
2023-10-27,Dehra Dun,6.132461024008124e-05
2023-10-27,Haridwar,0.0
2023-10-27,Naini Tal,0.9054120158848064
2023-10-27,Pauri Garhwal,0.0392668247650112
2023-10-27,Pithoragarh,0.0394531876881727
2023-10-27,Rudra Prayag,0.2685751240623275
2023-10-27,Tehri Garhwal,0.0737824037749557
2023-10-27,Udham Singh Nagar,0.360996150598453
2023-10-27,Uttarkashi,0.1148222873246826
2023-10-28,Almora,0.0005328090944268
2023-10-28,Bageshwar,0.1835422747304512
2023-10-28,Chamoli,0.0849271666302998
2023-10-28,Champawat,0.0025351404522856
2023-10-28,Dehra Dun,6.132461024008124e-05
2023-10-28,Haridwar,0.0012238069687863
2023-10-28,Naini Tal,0.0071448609966501
2023-10-28,Pauri Garhwal,0.1426231541120365
2023-10-28,Pithoragarh,0.0925195263720413
2023-10-28,Rudra Prayag,0.2925561234618766
2023-10-28,Tehri Garhwal,0.2105527963553914
2023-10-28,Udham Singh Nagar,0.0028185042443357
2023-10-28,Uttarkashi,0.0732702293091672
2023-10-29,Almora,0.0035466376647611
2023-10-29,Bageshwar,1.0639181706622955
2023-10-29,Chamoli,1.223930714886984
2023-10-29,Champawat,0.0
2023-10-29,Dehra Dun,0.3128052502795678
2023-10-29,Haridwar,0.0019334389807318
2023-10-29,Naini Tal,0.0
2023-10-29,Pauri Garhwal,0.3443878597150027
2023-10-29,Pithoragarh,0.3021371017230926
2023-10-29,Rudra Prayag,0.6970310675974337
2023-10-29,Tehri Garhwal,0.4490630851574406
2023-10-29,Udham Singh Nagar,0.0
2023-10-29,Uttarkashi,0.0774233669534956
2023-10-30,Almora,0.0
2023-10-30,Bageshwar,0.0629439320202971
2023-10-30,Chamoli,0.0806159937803269
2023-10-30,Champawat,0.0
2023-10-30,Dehra Dun,0.0
2023-10-30,Haridwar,0.0
2023-10-30,Naini Tal,3.429283911059754e-05
2023-10-30,Pauri Garhwal,0.0
2023-10-30,Pithoragarh,0.0787705474659532
2023-10-30,Rudra Prayag,0.3076321161833039
2023-10-30,Tehri Garhwal,0.1001439161638271
2023-10-30,Udham Singh Nagar,0.0061698195139376
2023-10-30,Uttarkashi,0.0215975045644684
2023-10-31,Almora,0.1122695191969403
2023-10-31,Bageshwar,0.5599310541554587
2023-10-31,Chamoli,0.0458835758368813
2023-10-31,Champawat,0.6158094687027815
2023-10-31,Dehra Dun,0.0
2023-10-31,Haridwar,0.0
2023-10-31,Naini Tal,0.0339514692454785
2023-10-31,Pauri Garhwal,0.001030760868567
2023-10-31,Pithoragarh,0.1871478902507745
2023-10-31,Rudra Prayag,0.4017771935550454
2023-10-31,Tehri Garhwal,0.0406547835719137
2023-10-31,Udham Singh Nagar,0.0264225530982107
2023-10-31,Uttarkashi,0.0281254301895672
2023-11-01,Almora,0.0
2023-11-01,Bageshwar,0.0079273895307457
2023-11-01,Chamoli,0.0312005115618583
2023-11-01,Champawat,0.0
2023-11-01,Dehra Dun,0.0
2023-11-01,Haridwar,0.0
2023-11-01,Naini Tal,0.0021199209751662
2023-11-01,Pauri Garhwal,0.0
2023-11-01,Pithoragarh,0.00336539569094
2023-11-01,Rudra Prayag,0.0482607931522765
2023-11-01,Tehri Garhwal,0.0035913075827093
2023-11-01,Udham Singh Nagar,0.0
2023-11-01,Uttarkashi,0.0210342877228339
2023-11-02,Almora,0.0
2023-11-02,Bageshwar,0.0059494482654639
2023-11-02,Chamoli,0.0150232093713612
2023-11-02,Champawat,0.0
2023-11-02,Dehra Dun,0.0
2023-11-02,Haridwar,0.0
2023-11-02,Naini Tal,0.0
2023-11-02,Pauri Garhwal,0.0
2023-11-02,Pithoragarh,0.0224985418684556
2023-11-02,Rudra Prayag,0.0688324678039406
2023-11-02,Tehri Garhwal,0.0028102363069554
2023-11-02,Udham Singh Nagar,0.0006783919305957
2023-11-02,Uttarkashi,0.0020889487070358
2023-11-03,Almora,0.005477223308063
2023-11-03,Bageshwar,0.0832858431632356
2023-11-03,Chamoli,0.1988293614027112
2023-11-03,Champawat,0.0214144071518727
2023-11-03,Dehra Dun,0.0
2023-11-03,Haridwar,0.0
2023-11-03,Naini Tal,0.0080115346359573
2023-11-03,Pauri Garhwal,0.0034029757366056
2023-11-03,Pithoragarh,0.0445922224187259
2023-11-03,Rudra Prayag,0.404013805040874
2023-11-03,Tehri Garhwal,0.0618966819309805
2023-11-03,Udham Singh Nagar,0.0007478569150015
2023-11-03,Uttarkashi,0.2750849312853558
2023-11-04,Almora,0.0
2023-11-04,Bageshwar,0.0439246308589217
2023-11-04,Chamoli,0.0879740667871879
2023-11-04,Champawat,0.0
2023-11-04,Dehra Dun,0.0
2023-11-04,Haridwar,0.0
2023-11-04,Naini Tal,0.0
2023-11-04,Pauri Garhwal,0.0
2023-11-04,Pithoragarh,0.1160790449801223
2023-11-04,Rudra Prayag,0.1767478355465518
2023-11-04,Tehri Garhwal,0.0572764951450976
2023-11-04,Udham Singh Nagar,0.0
2023-11-04,Uttarkashi,0.0256835699158714
2023-11-05,Almora,0.0
2023-11-05,Bageshwar,0.0386645215700435
2023-11-05,Chamoli,0.0431346694941124
2023-11-05,Champawat,0.0019879517627947
2023-11-05,Dehra Dun,0.0
2023-11-05,Haridwar,0.0
2023-11-05,Naini Tal,0.0
2023-11-05,Pauri Garhwal,0.0
2023-11-05,Pithoragarh,0.0260790478091431
2023-11-05,Rudra Prayag,0.3436286592019628
2023-11-05,Tehri Garhwal,0.0141336252359695
2023-11-05,Udham Singh Nagar,0.0
2023-11-05,Uttarkashi,0.0152109315989463
2023-11-06,Almora,0.000181670277935
2023-11-06,Bageshwar,0.0190716908811523
2023-11-06,Chamoli,0.0164504850024569
2023-11-06,Champawat,0.0076091865790132
2023-11-06,Dehra Dun,0.0
2023-11-06,Haridwar,0.0
2023-11-06,Naini Tal,0.0015831860812086
2023-11-06,Pauri Garhwal,0.0011332973303083
2023-11-06,Pithoragarh,0.0522551578001035
2023-11-06,Rudra Prayag,0.1705060416916208
2023-11-06,Tehri Garhwal,0.0047026304705647
2023-11-06,Udham Singh Nagar,0.0044073307120849
2023-11-06,Uttarkashi,0.0057938943966094
2023-11-07,Almora,6.304229794013557e-05
2023-11-07,Bageshwar,0.1610202151092166
2023-11-07,Chamoli,0.0659321289002778
2023-11-07,Champawat,0.0291528602702969
2023-11-07,Dehra Dun,7.767783963743623e-05
2023-11-07,Haridwar,0.0
2023-11-07,Naini Tal,0.0014932972722504
2023-11-07,Pauri Garhwal,5.01117854937078e-05
2023-11-07,Pithoragarh,0.1311903892320474
2023-11-07,Rudra Prayag,0.2365975744494708
2023-11-07,Tehri Garhwal,0.0259307085400077
2023-11-07,Udham Singh Nagar,0.0196312434964174
2023-11-07,Uttarkashi,0.0154061929655481
2023-11-08,Almora,0.0
2023-11-08,Bageshwar,0.1909365770622731
2023-11-08,Chamoli,0.17722414375787
2023-11-08,Champawat,0.0
2023-11-08,Dehra Dun,0.0009627963807692
2023-11-08,Haridwar,0.0
2023-11-08,Naini Tal,0.0005299802437915
2023-11-08,Pauri Garhwal,0.0003931847856249
2023-11-08,Pithoragarh,0.3451401912933546
2023-11-08,Rudra Prayag,0.5735198405145028
2023-11-08,Tehri Garhwal,0.0419729306139591
2023-11-08,Udham Singh Nagar,0.0
2023-11-08,Uttarkashi,0.1202732995985543
2023-11-09,Almora,0.0016926517779534
2023-11-09,Bageshwar,0.2493299564872252
2023-11-09,Chamoli,0.1548564679280246
2023-11-09,Champawat,0.0093950802033924
2023-11-09,Dehra Dun,0.0266107923077593
2023-11-09,Haridwar,0.0067881667790703
2023-11-09,Naini Tal,0.0083238072505593
2023-11-09,Pauri Garhwal,0.0133204838534136
2023-11-09,Pithoragarh,0.3122414516051497
2023-11-09,Rudra Prayag,1.5202210311351636
2023-11-09,Tehri Garhwal,0.1714858891803869
2023-11-09,Udham Singh Nagar,0.0010855748990405
2023-11-09,Uttarkashi,0.1458518749694564
2023-11-10,Almora,1.038435439365424
2023-11-10,Bageshwar,0.84396597475262
2023-11-10,Chamoli,1.1977320694186315
2023-11-10,Champawat,1.8032931371820604
2023-11-10,Dehra Dun,1.8334089220796184
2023-11-10,Haridwar,2.0438289698854555
2023-11-10,Naini Tal,0.6753782441139462
2023-11-10,Pauri Garhwal,0.7047532766502546
2023-11-10,Pithoragarh,0.2961253862588806
2023-11-10,Rudra Prayag,1.5265906376374925
2023-11-10,Tehri Garhwal,0.9780184635462
2023-11-10,Udham Singh Nagar,0.4941523676305104
2023-11-10,Uttarkashi,0.9298319821730222
2023-11-11,Almora,0.0303985887420981
2023-11-11,Bageshwar,1.8616516095233453
2023-11-11,Chamoli,1.220741361207094
2023-11-11,Champawat,0.2270205763423905
2023-11-11,Dehra Dun,0.1862482909547481
2023-11-11,Haridwar,0.10806831866447
2023-11-11,Naini Tal,0.0144497553895255
2023-11-11,Pauri Garhwal,0.3582699772137947
2023-11-11,Pithoragarh,1.073094878792007
2023-11-11,Rudra Prayag,0.6639239918591778
2023-11-11,Tehri Garhwal,0.1749742613599205
2023-11-11,Udham Singh Nagar,0.0004655630896245
2023-11-11,Uttarkashi,0.2013777920262654
2023-11-12,Almora,0.0124050971517569
2023-11-12,Bageshwar,1.3949567641461993
2023-11-12,Chamoli,0.3282547134461015
2023-11-12,Champawat,0.0
2023-11-12,Dehra Dun,0.0
2023-11-12,Haridwar,0.0
2023-11-12,Naini Tal,1.03917690989853e-05
2023-11-12,Pauri Garhwal,0.0002486315478972
2023-11-12,Pithoragarh,0.5267721682412762
2023-11-12,Rudra Prayag,0.3778600946049461
2023-11-12,Tehri Garhwal,0.432033442298385
2023-11-12,Udham Singh Nagar,0.0087954474438533
2023-11-12,Uttarkashi,0.0966131730392315
2023-11-13,Almora,0.0008405639412216
2023-11-13,Bageshwar,1.2198859946922096
2023-11-13,Chamoli,0.2836772952657228
2023-11-13,Champawat,7.530120033097554e-05
2023-11-13,Dehra Dun,0.0
2023-11-13,Haridwar,0.0
2023-11-13,Naini Tal,0.000520627651254
2023-11-13,Pauri Garhwal,0.0025533882213368
2023-11-13,Pithoragarh,0.6472953652828506
2023-11-13,Rudra Prayag,0.4776580173863236
2023-11-13,Tehri Garhwal,0.3867613331504766
2023-11-13,Udham Singh Nagar,0.0011217853725022
2023-11-13,Uttarkashi,0.1553557289461647
2023-11-14,Almora,0.0077352222695859
2023-11-14,Bageshwar,1.0832885763061797
2023-11-14,Chamoli,0.2938509695646841
2023-11-14,Champawat,0.0005308734926294
2023-11-14,Dehra Dun,0.0107318068220937
2023-11-14,Haridwar,0.0
2023-11-14,Naini Tal,0.0168071281688275
2023-11-14,Pauri Garhwal,0.0006576208323791
2023-11-14,Pithoragarh,0.2547000626714394
2023-11-14,Rudra Prayag,0.4921157093100983
2023-11-14,Tehri Garhwal,0.1460269691584666
2023-11-14,Udham Singh Nagar,0.0216523789747846
2023-11-14,Uttarkashi,0.0836804974048915
2023-11-15,Almora,0.0
2023-11-15,Bageshwar,0.1100147025741855
2023-11-15,Chamoli,0.076627358462023
2023-11-15,Champawat,0.0
2023-11-15,Dehra Dun,0.0
2023-11-15,Haridwar,0.0
2023-11-15,Naini Tal,4.1567077170188375e-05
2023-11-15,Pauri Garhwal,0.0008939171787062
2023-11-15,Pithoragarh,0.1309126107904626
2023-11-15,Rudra Prayag,0.1383851438625643
2023-11-15,Tehri Garhwal,0.1757219751187775
2023-11-15,Udham Singh Nagar,0.0253177644746026
2023-11-15,Uttarkashi,0.1854140229771526
2023-11-16,Almora,0.0003050433771296
2023-11-16,Bageshwar,0.038350182574975
2023-11-16,Chamoli,0.0210457788378822
2023-11-16,Champawat,0.0080007530120481
2023-11-16,Dehra Dun,0.0
2023-11-16,Haridwar,0.0
2023-11-16,Naini Tal,0.0009186324196685
2023-11-16,Pauri Garhwal,0.0003874026680921
2023-11-16,Pithoragarh,0.0849399537714457
2023-11-16,Rudra Prayag,0.0477720191769803
2023-11-16,Tehri Garhwal,0.0530828237101283
2023-11-16,Udham Singh Nagar,0.0222487426989227
2023-11-16,Uttarkashi,0.0392578189069598
2023-11-17,Almora,0.0
2023-11-17,Bageshwar,0.2123593699445551
2023-11-17,Chamoli,0.0500867021197148
2023-11-17,Champawat,0.0
2023-11-17,Dehra Dun,0.0
2023-11-17,Haridwar,0.0
2023-11-17,Naini Tal,0.0001486023057805
2023-11-17,Pauri Garhwal,0.0010253642482157
2023-11-17,Pithoragarh,0.0793424250184056
2023-11-17,Rudra Prayag,0.0459533666725397
2023-11-17,Tehri Garhwal,0.0391121794112109
2023-11-17,Udham Singh Nagar,0.0434207797263554
2023-11-17,Uttarkashi,0.0038506862997171
2023-11-18,Almora,0.0
2023-11-18,Bageshwar,0.2728501770696739
2023-11-18,Chamoli,0.1001245837314081
2023-11-18,Champawat,0.0
2023-11-18,Dehra Dun,0.0
2023-11-18,Haridwar,0.0
2023-11-18,Naini Tal,0.0033123765483763
2023-11-18,Pauri Garhwal,0.0
2023-11-18,Pithoragarh,0.096273463427342
2023-11-18,Rudra Prayag,0.1201847988867646
2023-11-18,Tehri Garhwal,0.1325819630559649
2023-11-18,Udham Singh Nagar,0.0
2023-11-18,Uttarkashi,0.0604137139568148
2023-11-19,Almora,0.0476511645615918
2023-11-19,Bageshwar,0.5204457627111182
2023-11-19,Chamoli,0.4367647405980939
2023-11-19,Champawat,0.0
2023-11-19,Dehra Dun,0.0
2023-11-19,Haridwar,0.0
2023-11-19,Naini Tal,0.001098929623156
2023-11-19,Pauri Garhwal,0.0208453468725093
2023-11-19,Pithoragarh,0.0708021435286587
2023-11-19,Rudra Prayag,0.4593505879979908
2023-11-19,Tehri Garhwal,0.1978626515903786
2023-11-19,Udham Singh Nagar,0.0
2023-11-19,Uttarkashi,0.1767633001307278
2023-11-20,Almora,5.151843702634735e-05
2023-11-20,Bageshwar,0.0803216887249351
2023-11-20,Chamoli,0.1621403759373736
2023-11-20,Champawat,0.0
2023-11-20,Dehra Dun,0.0033381029777685
2023-11-20,Haridwar,0.0
2023-11-20,Naini Tal,0.0068481760913457
2023-11-20,Pauri Garhwal,0.0020410915654749
2023-11-20,Pithoragarh,0.0494954512240985
2023-11-20,Rudra Prayag,0.0673350587377842
2023-11-20,Tehri Garhwal,0.0487299834437003
2023-11-20,Udham Singh Nagar,0.0
2023-11-20,Uttarkashi,0.0823142963109493
2023-11-21,Almora,0.1447118990750298
2023-11-21,Bageshwar,0.2599678240820889
2023-11-21,Chamoli,0.2300864308168105
2023-11-21,Champawat,0.0
2023-11-21,Dehra Dun,0.0
2023-11-21,Haridwar,0.0
2023-11-21,Naini Tal,0.0130629739122606
2023-11-21,Pauri Garhwal,0.0116914653544322
2023-11-21,Pithoragarh,0.0687918251162505
2023-11-21,Rudra Prayag,0.2418514617771836
2023-11-21,Tehri Garhwal,0.1221401974575873
2023-11-21,Udham Singh Nagar,0.0018696422178541
2023-11-21,Uttarkashi,0.1698771352515241
2023-11-22,Almora,0.0307456606907119
2023-11-22,Bageshwar,0.3767858352409402
2023-11-22,Chamoli,0.2822206726332222
2023-11-22,Champawat,0.0
2023-11-22,Dehra Dun,0.0
2023-11-22,Haridwar,0.0
2023-11-22,Naini Tal,0.0
2023-11-22,Pauri Garhwal,0.0229484999753266
2023-11-22,Pithoragarh,0.1527151065403842
2023-11-22,Rudra Prayag,1.177347124610836
2023-11-22,Tehri Garhwal,0.2025209604132263
2023-11-22,Udham Singh Nagar,0.0
2023-11-22,Uttarkashi,0.1284156545075676
2023-11-23,Almora,0.0
2023-11-23,Bageshwar,0.2433409878958413
2023-11-23,Chamoli,0.0494960501146339
2023-11-23,Champawat,0.0
2023-11-23,Dehra Dun,0.0036283727995716
2023-11-23,Haridwar,0.0
2023-11-23,Naini Tal,0.0
2023-11-23,Pauri Garhwal,3.276539778490678e-05
2023-11-23,Pithoragarh,0.1510583464423483
2023-11-23,Rudra Prayag,0.1821796143919692
2023-11-23,Tehri Garhwal,0.1307453258918883
2023-11-23,Udham Singh Nagar,0.0
2023-11-23,Uttarkashi,0.0305886030525117
2023-11-24,Almora,0.0
2023-11-24,Bageshwar,0.3833612056360033
2023-11-24,Chamoli,0.013594866638343
2023-11-24,Champawat,0.0
2023-11-24,Dehra Dun,0.0
2023-11-24,Haridwar,0.0
2023-11-24,Naini Tal,0.0
2023-11-24,Pauri Garhwal,0.0001406984780824
2023-11-24,Pithoragarh,0.0446624679127059
2023-11-24,Rudra Prayag,0.0425889449274498
2023-11-24,Tehri Garhwal,0.0288310134995535
2023-11-24,Udham Singh Nagar,0.0
2023-11-24,Uttarkashi,0.0225666011412471
2023-11-25,Almora,0.0024674620152069
2023-11-25,Bageshwar,0.0642527557327412
2023-11-25,Chamoli,0.0807112341407492
2023-11-25,Champawat,0.0
2023-11-25,Dehra Dun,3.883891981871812e-05
2023-11-25,Haridwar,0.0
2023-11-25,Naini Tal,0.0104951676129164
2023-11-25,Pauri Garhwal,0.0269528169292767
2023-11-25,Pithoragarh,0.0514885729383575
2023-11-25,Rudra Prayag,0.1587530176938609
2023-11-25,Tehri Garhwal,0.1204670178892145
2023-11-25,Udham Singh Nagar,0.039745786273673
2023-11-25,Uttarkashi,0.0251683062299738
2023-11-26,Almora,0.0831053398366221
2023-11-26,Bageshwar,0.0249503670727683
2023-11-26,Chamoli,0.3461730236648419
2023-11-26,Champawat,0.1621071754568574
2023-11-26,Dehra Dun,0.223286993815174
2023-11-26,Haridwar,0.3150642640520688
2023-11-26,Naini Tal,0.2940330374104261
2023-11-26,Pauri Garhwal,0.330412064207095
2023-11-26,Pithoragarh,0.2577838918740459
2023-11-26,Rudra Prayag,0.4203678641127284
2023-11-26,Tehri Garhwal,0.2914053480503203
2023-11-26,Udham Singh Nagar,0.4135050136025278
2023-11-26,Uttarkashi,0.2110092081444214
2023-11-27,Almora,3.4033113376506643
2023-11-27,Bageshwar,1.8137279062064515
2023-11-27,Chamoli,1.3401949828401765
2023-11-27,Champawat,0.4960642414240924
2023-11-27,Dehra Dun,0.5628549869508098
2023-11-27,Haridwar,0.6592340049563299
2023-11-27,Naini Tal,1.2086012336050649
2023-11-27,Pauri Garhwal,1.5948569511738533
2023-11-27,Pithoragarh,2.251053051383006
2023-11-27,Rudra Prayag,1.8649084175011983
2023-11-27,Tehri Garhwal,0.6113872321223499
2023-11-27,Udham Singh Nagar,1.2955505210584726
2023-11-27,Uttarkashi,0.639512618774165
2023-11-28,Almora,0.3053070668364953
2023-11-28,Bageshwar,0.5544705741050969
2023-11-28,Chamoli,0.8468055501201588
2023-11-28,Champawat,0.0886659104221343
2023-11-28,Dehra Dun,0.1685554615544796
2023-11-28,Haridwar,0.2553653746351684
2023-11-28,Naini Tal,0.1001132676745853
2023-11-28,Pauri Garhwal,0.5708919763208933
2023-11-28,Pithoragarh,0.7600917965210099
2023-11-28,Rudra Prayag,1.080706364980582
2023-11-28,Tehri Garhwal,0.5268390086162416
2023-11-28,Udham Singh Nagar,0.087437183859238
2023-11-28,Uttarkashi,0.1245333133800712
2023-11-29,Almora,0.0110601948842117
2023-11-29,Bageshwar,0.3932077109798282
2023-11-29,Chamoli,0.1275010639697766
2023-11-29,Champawat,0.0838792655732946
2023-11-29,Dehra Dun,0.0178638588271336
2023-11-29,Haridwar,0.0007245993851069
2023-11-29,Naini Tal,0.0121646053848278
2023-11-29,Pauri Garhwal,0.0072045330107976
2023-11-29,Pithoragarh,0.195835368748332
2023-11-29,Rudra Prayag,0.4736683852182433
2023-11-29,Tehri Garhwal,0.2660336374360046
2023-11-29,Udham Singh Nagar,0.0028451078769866
2023-11-29,Uttarkashi,0.1620980340993632
2023-11-30,Almora,0.003177196281753
2023-11-30,Bageshwar,0.2228520171559306
2023-11-30,Chamoli,0.2465926741146799
2023-11-30,Champawat,5.647590235212301e-05
2023-11-30,Dehra Dun,0.0962891762062874
2023-11-30,Haridwar,0.0193643240045889
2023-11-30,Naini Tal,0.0139021089717251
2023-11-30,Pauri Garhwal,0.0029646903958546
2023-11-30,Pithoragarh,0.0563507038386862
2023-11-30,Rudra Prayag,0.1720984414786049
2023-11-30,Tehri Garhwal,0.1246735564183786
2023-11-30,Udham Singh Nagar,0.0
2023-11-30,Uttarkashi,0.3573957768141091
2023-12-01,Almora,0.003667299211209
2023-12-01,Bageshwar,0.1310110248382175
2023-12-01,Chamoli,0.0746014280451525
2023-12-01,Champawat,0.0035855922297234
2023-12-01,Dehra Dun,0.0028924773955901
2023-12-01,Haridwar,0.0003134354569843
2023-12-01,Naini Tal,0.0054369737951321
2023-12-01,Pauri Garhwal,0.0067064989635048
2023-12-01,Pithoragarh,0.2092089259502302
2023-12-01,Rudra Prayag,0.0288480132367841
2023-12-01,Tehri Garhwal,0.0288758093800631
2023-12-01,Udham Singh Nagar,0.0
2023-12-01,Uttarkashi,0.0557725800756249
2023-12-02,Almora,0.0
2023-12-02,Bageshwar,0.0421911753019016
2023-12-02,Chamoli,0.0075445521063168
2023-12-02,Champawat,0.0
2023-12-02,Dehra Dun,0.0
2023-12-02,Haridwar,0.0
2023-12-02,Naini Tal,0.0
2023-12-02,Pauri Garhwal,0.0
2023-12-02,Pithoragarh,0.0040964205413592
2023-12-02,Rudra Prayag,0.0079965455663456
2023-12-02,Tehri Garhwal,0.0010074342130901
2023-12-02,Udham Singh Nagar,0.0
2023-12-02,Uttarkashi,0.0029251550697946
2023-12-03,Almora,4.047974412826847
2023-12-03,Bageshwar,0.5874834396908926
2023-12-03,Chamoli,0.0344592350966518
2023-12-03,Champawat,5.184024719877196
2023-12-03,Dehra Dun,0.0116101114380658
2023-12-03,Haridwar,0.07345131018415
2023-12-03,Naini Tal,3.758036377036463
2023-12-03,Pauri Garhwal,0.550845333687799
2023-12-03,Pithoragarh,1.1399192341357505
2023-12-03,Rudra Prayag,0.022623488194404
2023-12-03,Tehri Garhwal,0.0159631143261941
2023-12-03,Udham Singh Nagar,2.36718439560633
2023-12-03,Uttarkashi,0.0244483790230614
2023-12-04,Almora,0.1670200608333839
2023-12-04,Bageshwar,0.2188327147411387
2023-12-04,Chamoli,0.1928734879581675
2023-12-04,Champawat,1.0966553439411435
2023-12-04,Dehra Dun,0.0743853888618075
2023-12-04,Haridwar,0.0950633891411932
2023-12-04,Naini Tal,0.1047266931911313
2023-12-04,Pauri Garhwal,0.6572619503610673
2023-12-04,Pithoragarh,0.2907211061476291
2023-12-04,Rudra Prayag,0.1306096682366826
2023-12-04,Tehri Garhwal,1.0995129416615952
2023-12-04,Udham Singh Nagar,0.5973093244618787
2023-12-04,Uttarkashi,0.1077364722951813
2023-12-05,Almora,0.0634659688786953
2023-12-05,Bageshwar,0.127219666358467
2023-12-05,Chamoli,0.1203308044536739
2023-12-05,Champawat,0.0
2023-12-05,Dehra Dun,0.0
2023-12-05,Haridwar,0.0005969360669532
2023-12-05,Naini Tal,0.0058297826076697
2023-12-05,Pauri Garhwal,0.0057385704281152
2023-12-05,Pithoragarh,0.0030721696847792
2023-12-05,Rudra Prayag,0.2732417885587263
2023-12-05,Tehri Garhwal,0.058740467647001
2023-12-05,Udham Singh Nagar,0.0
2023-12-05,Uttarkashi,0.0344718851322818
2023-12-06,Almora,0.0018153470153506
2023-12-06,Bageshwar,1.2468115503945978
2023-12-06,Chamoli,0.4531981521849574
2023-12-06,Champawat,0.0
2023-12-06,Dehra Dun,0.0032093212692309
2023-12-06,Haridwar,0.0
2023-12-06,Naini Tal,0.0
2023-12-06,Pauri Garhwal,0.0023274997338421
2023-12-06,Pithoragarh,0.045095311744842
2023-12-06,Rudra Prayag,0.3192452414707635
2023-12-06,Tehri Garhwal,0.2264458566246852
2023-12-06,Udham Singh Nagar,0.0
2023-12-06,Uttarkashi,0.0751328883786145
2023-12-07,Almora,0.2056134714392203
2023-12-07,Bageshwar,1.897791324379368
2023-12-07,Chamoli,0.4488101479603947
2023-12-07,Champawat,0.0044804214673812
2023-12-07,Dehra Dun,0.0
2023-12-07,Haridwar,0.0
2023-12-07,Naini Tal,0.0140418784721337
2023-12-07,Pauri Garhwal,0.0248816585798362
2023-12-07,Pithoragarh,0.2984910173397226
2023-12-07,Rudra Prayag,0.3994265830996793
2023-12-07,Tehri Garhwal,0.7717189113664528
2023-12-07,Udham Singh Nagar,0.0
2023-12-07,Uttarkashi,0.2544953886018236
2023-12-08,Almora,0.0173122281908894
2023-12-08,Bageshwar,2.440858398708309
2023-12-08,Chamoli,0.3684123799293973
2023-12-08,Champawat,0.0
2023-12-08,Dehra Dun,0.0
2023-12-08,Haridwar,0.0
2023-12-08,Naini Tal,0.0022383871095633
2023-12-08,Pauri Garhwal,0.0023290416644099
2023-12-08,Pithoragarh,0.4592718804692502
2023-12-08,Rudra Prayag,0.2255492166942548
2023-12-08,Tehri Garhwal,0.3385598425822829
2023-12-08,Udham Singh Nagar,0.0
2023-12-08,Uttarkashi,0.1663430044729918
2023-12-09,Almora,0.013917434482316
2023-12-09,Bageshwar,1.231631399758044
2023-12-09,Chamoli,0.2123409938727105
2023-12-09,Champawat,0.0001920180743088
2023-12-09,Dehra Dun,0.0
2023-12-09,Haridwar,0.0
2023-12-09,Naini Tal,0.0
2023-12-09,Pauri Garhwal,0.0101804021721077
2023-12-09,Pithoragarh,0.4840258685696595
2023-12-09,Rudra Prayag,0.2898739103240721
2023-12-09,Tehri Garhwal,0.0401281916879556
2023-12-09,Udham Singh Nagar,0.0
2023-12-09,Uttarkashi,0.0118777029018267
2023-12-10,Almora,0.0
2023-12-10,Bageshwar,0.4388713120256878
2023-12-10,Chamoli,0.0150397498806195
2023-12-10,Champawat,0.0
2023-12-10,Dehra Dun,0.0023221585744244
2023-12-10,Haridwar,0.0
2023-12-10,Naini Tal,0.0
2023-12-10,Pauri Garhwal,0.0
2023-12-10,Pithoragarh,0.1534461308036911
2023-12-10,Rudra Prayag,0.0027288427032749
2023-12-10,Tehri Garhwal,0.0085441285977406
2023-12-10,Udham Singh Nagar,0.0
2023-12-10,Uttarkashi,0.0097395470688718
2023-12-11,Almora,0.0
2023-12-11,Bageshwar,0.2632931916255449
2023-12-11,Chamoli,0.1034310612713844
2023-12-11,Champawat,0.0
2023-12-11,Dehra Dun,0.0203509123792324
2023-12-11,Haridwar,0.0
2023-12-11,Naini Tal,0.0
2023-12-11,Pauri Garhwal,0.0016039626404474
2023-12-11,Pithoragarh,0.1449355802650123
2023-12-11,Rudra Prayag,0.016260794050258
2023-12-11,Tehri Garhwal,0.041258576710691
2023-12-11,Udham Singh Nagar,0.0
2023-12-11,Uttarkashi,0.0636021425602059
2023-12-12,Almora,0.0114465831696114
2023-12-12,Bageshwar,0.085117645157323
2023-12-12,Chamoli,0.2946262326065291
2023-12-12,Champawat,0.1448732387355386
2023-12-12,Dehra Dun,0.0222185872994976
2023-12-12,Haridwar,0.000169043841969
2023-12-12,Naini Tal,0.0315151192082565
2023-12-12,Pauri Garhwal,0.0098477370230544
2023-12-12,Pithoragarh,0.2909843091492139
2023-12-12,Rudra Prayag,0.802516384801742
2023-12-12,Tehri Garhwal,0.3230485052972452
2023-12-12,Udham Singh Nagar,0.034083652252812
2023-12-12,Uttarkashi,0.6828774938719822
2023-12-13,Almora,0.0
2023-12-13,Bageshwar,0.6150248005563353
2023-12-13,Chamoli,0.0828886973253608
2023-12-13,Champawat,0.0
2023-12-13,Dehra Dun,0.0029538020275332
2023-12-13,Haridwar,0.0
2023-12-13,Naini Tal,0.0
2023-12-13,Pauri Garhwal,0.0007863695761323
2023-12-13,Pithoragarh,0.1953675466068644
2023-12-13,Rudra Prayag,0.0528082883384381
2023-12-13,Tehri Garhwal,0.0182967970462489
2023-12-13,Udham Singh Nagar,0.0
2023-12-13,Uttarkashi,0.0074766500802971
2023-12-14,Almora,0.0015001355347409
2023-12-14,Bageshwar,0.5357187366094236
2023-12-14,Chamoli,0.163007946374582
2023-12-14,Champawat,0.0071548691891829
2023-12-14,Dehra Dun,0.0390215305778768
2023-12-14,Haridwar,0.0003821095141763
2023-12-14,Naini Tal,0.0007123557740775
2023-12-14,Pauri Garhwal,0.0069030913591175
2023-12-14,Pithoragarh,0.0793593313029867
2023-12-14,Rudra Prayag,0.0931243482964283
2023-12-14,Tehri Garhwal,0.0244767433389228
2023-12-14,Udham Singh Nagar,1.4779780378293753e-05
2023-12-14,Uttarkashi,0.0313348575673648
2023-12-15,Almora,0.0946149651233638
2023-12-15,Bageshwar,0.5685532935340342
2023-12-15,Chamoli,0.3164491433023245
2023-12-15,Champawat,0.0
2023-12-15,Dehra Dun,0.0283660392739431
2023-12-15,Haridwar,0.1573490010120852
2023-12-15,Naini Tal,0.0017359451221726
2023-12-15,Pauri Garhwal,0.1215954789517471
2023-12-15,Pithoragarh,0.5372286227556051
2023-12-15,Rudra Prayag,0.0643557845040615
2023-12-15,Tehri Garhwal,0.0156719401209631
2023-12-15,Udham Singh Nagar,0.0
2023-12-15,Uttarkashi,0.0630220004454832
2023-12-16,Almora,0.0400820215807928
2023-12-16,Bageshwar,0.2979218647306826
2023-12-16,Chamoli,0.1055439624549979
2023-12-16,Champawat,0.0
2023-12-16,Dehra Dun,2.45298440960325e-05
2023-12-16,Haridwar,0.0
2023-12-16,Naini Tal,0.0040247322444484
2023-12-16,Pauri Garhwal,0.013221802158713
2023-12-16,Pithoragarh,0.2165497791278754
2023-12-16,Rudra Prayag,0.1777789252741014
2023-12-16,Tehri Garhwal,0.0309397625425149
2023-12-16,Udham Singh Nagar,0.0
2023-12-16,Uttarkashi,0.0212298622032612
2023-12-17,Almora,0.5623813579076146
2023-12-17,Bageshwar,0.1199080848039182
2023-12-17,Chamoli,0.3161439482772032
2023-12-17,Champawat,0.0
2023-12-17,Dehra Dun,0.0
2023-12-17,Haridwar,0.0
2023-12-17,Naini Tal,0.0358110769234414
2023-12-17,Pauri Garhwal,0.0236038082095384
2023-12-17,Pithoragarh,0.0443089061076927
2023-12-17,Rudra Prayag,0.1081744373298293
2023-12-17,Tehri Garhwal,0.0992403722024127
2023-12-17,Udham Singh Nagar,0.0
2023-12-17,Uttarkashi,0.0309133070956506
2023-12-18,Almora,1.339818295299095
2023-12-18,Bageshwar,1.3767802968645222
2023-12-18,Chamoli,0.7594976347706944
2023-12-18,Champawat,0.0
2023-12-18,Dehra Dun,0.0
2023-12-18,Haridwar,0.0
2023-12-18,Naini Tal,0.2135472256370112
2023-12-18,Pauri Garhwal,0.2659097147108051
2023-12-18,Pithoragarh,0.0765340431481843
2023-12-18,Rudra Prayag,0.0884525020289941
2023-12-18,Tehri Garhwal,0.0629060220846241
2023-12-18,Udham Singh Nagar,0.0
2023-12-18,Uttarkashi,0.0591174057789746
2023-12-19,Almora,0.2787242306405456
2023-12-19,Bageshwar,0.2190165367076748
2023-12-19,Chamoli,0.2345128528567166
2023-12-19,Champawat,0.0
2023-12-19,Dehra Dun,0.0
2023-12-19,Haridwar,0.0
2023-12-19,Naini Tal,0.1170752336589806
2023-12-19,Pauri Garhwal,0.0219986887535831
2023-12-19,Pithoragarh,0.0389145375924896
2023-12-19,Rudra Prayag,0.1147979243470288
2023-12-19,Tehri Garhwal,0.0075519442230923
2023-12-19,Udham Singh Nagar,0.0
2023-12-19,Uttarkashi,0.0795217171256034
2023-12-20,Almora,0.0417123094056894
2023-12-20,Bageshwar,0.0806746292544309
2023-12-20,Chamoli,0.0832829986361618
2023-12-20,Champawat,0.4118599304272494
2023-12-20,Dehra Dun,0.0
2023-12-20,Haridwar,0.0
2023-12-20,Naini Tal,0.2432287186728741
2023-12-20,Pauri Garhwal,0.002295119797913
2023-12-20,Pithoragarh,0.010034976843182
2023-12-20,Rudra Prayag,0.0054576855973181
2023-12-20,Tehri Garhwal,0.0
2023-12-20,Udham Singh Nagar,0.2478428826599371
2023-12-20,Uttarkashi,0.0123174319624394
2023-12-21,Almora,0.0
2023-12-21,Bageshwar,0.0643088222311823
2023-12-21,Chamoli,0.0671283738788906
2023-12-21,Champawat,0.0071310240548126
2023-12-21,Dehra Dun,0.0
2023-12-21,Haridwar,0.0
2023-12-21,Naini Tal,0.002820326336085
2023-12-21,Pauri Garhwal,0.0
2023-12-21,Pithoragarh,0.0713961739784743
2023-12-21,Rudra Prayag,0.0
2023-12-21,Tehri Garhwal,0.0005704346192795
2023-12-21,Udham Singh Nagar,0.0122576115947209
2023-12-21,Uttarkashi,0.0279580635320291
2023-12-22,Almora,0.384421765507823
2023-12-22,Bageshwar,1.046452195017756
2023-12-22,Chamoli,0.1182923355643567
2023-12-22,Champawat,0.1366415631120003
2023-12-22,Dehra Dun,0.6359341633301782
2023-12-22,Haridwar,0.0567230128601644
2023-12-22,Naini Tal,0.1355247807478125
2023-12-22,Pauri Garhwal,0.0803635010030371
2023-12-22,Pithoragarh,0.4428888191617772
2023-12-22,Rudra Prayag,0.096093261329737
2023-12-22,Tehri Garhwal,0.1500629003825794
2023-12-22,Udham Singh Nagar,0.0070514334650655
2023-12-22,Uttarkashi,1.0049817966099246
2023-12-23,Almora,0.0071549618038663
2023-12-23,Bageshwar,0.5469448394912488
2023-12-23,Chamoli,0.6377363528025407
2023-12-23,Champawat,0.0036031625700654
2023-12-23,Dehra Dun,0.1381977319554444
2023-12-23,Haridwar,0.0
2023-12-23,Naini Tal,0.0027060167294699
2023-12-23,Pauri Garhwal,0.0132707573522852
2023-12-23,Pithoragarh,0.4382126520767219
2023-12-23,Rudra Prayag,0.868701188258878
2023-12-23,Tehri Garhwal,0.256056034764498
2023-12-23,Udham Singh Nagar,0.0
2023-12-23,Uttarkashi,0.8775042116883455
2023-12-24,Almora,0.0
2023-12-24,Bageshwar,0.398376827003085
2023-12-24,Chamoli,0.4249482333778193
2023-12-24,Champawat,0.0022402108529111
2023-12-24,Dehra Dun,0.0029333604165396
2023-12-24,Haridwar,0.0
2023-12-24,Naini Tal,4.780214002322448e-05
2023-12-24,Pauri Garhwal,0.0
2023-12-24,Pithoragarh,0.1505759568770195
2023-12-24,Rudra Prayag,0.355208973679209
2023-12-24,Tehri Garhwal,0.0020296415705532
2023-12-24,Udham Singh Nagar,0.0090149274542421
2023-12-24,Uttarkashi,0.0905823330197894
2023-12-25,Almora,0.0124457695293129
2023-12-25,Bageshwar,1.14275272985619
2023-12-25,Chamoli,0.5445371224572672
2023-12-25,Champawat,0.0
2023-12-25,Dehra Dun,0.0
2023-12-25,Haridwar,0.0
2023-12-25,Naini Tal,0.0
2023-12-25,Pauri Garhwal,0.0012034538317083
2023-12-25,Pithoragarh,1.016232343228794
2023-12-25,Rudra Prayag,0.7488963582252179
2023-12-25,Tehri Garhwal,0.1896592592960774
2023-12-25,Udham Singh Nagar,0.0
2023-12-25,Uttarkashi,0.1085570076051304
2023-12-26,Almora,0.0074783078071089
2023-12-26,Bageshwar,0.3055330809650888
2023-12-26,Chamoli,0.141234390222736
2023-12-26,Champawat,0.0
2023-12-26,Dehra Dun,0.0140576447535617
2023-12-26,Haridwar,0.0133632681750549
2023-12-26,Naini Tal,0.0135181332511278
2023-12-26,Pauri Garhwal,0.0186828304476052
2023-12-26,Pithoragarh,0.3100559539265862
2023-12-26,Rudra Prayag,0.2776718408178171
2023-12-26,Tehri Garhwal,0.153311089912303
2023-12-26,Udham Singh Nagar,0.0273248587347932
2023-12-26,Uttarkashi,0.0723446985230429
2023-12-27,Almora,0.6473271267089856
2023-12-27,Bageshwar,1.3843069557771637
2023-12-27,Chamoli,0.856282927304993
2023-12-27,Champawat,0.0
2023-12-27,Dehra Dun,0.0
2023-12-27,Haridwar,0.0
2023-12-27,Naini Tal,0.1165572034158675
2023-12-27,Pauri Garhwal,0.2783366667767167
2023-12-27,Pithoragarh,0.5434708964390492
2023-12-27,Rudra Prayag,1.1675232833978395
2023-12-27,Tehri Garhwal,0.4709897924657895
2023-12-27,Udham Singh Nagar,0.0
2023-12-27,Uttarkashi,0.2289563024956339
2023-12-28,Almora,1.0361184632250835
2023-12-28,Bageshwar,1.28872423718567
2023-12-28,Chamoli,1.492344429664242
2023-12-28,Champawat,0.0
2023-12-28,Dehra Dun,0.0
2023-12-28,Haridwar,0.0
2023-12-28,Naini Tal,0.106431982989057
2023-12-28,Pauri Garhwal,0.6671667391258114
2023-12-28,Pithoragarh,0.3009744025423724
2023-12-28,Rudra Prayag,3.33188591804098
2023-12-28,Tehri Garhwal,0.5138267130383976
2023-12-28,Udham Singh Nagar,0.0
2023-12-28,Uttarkashi,0.1754961389727063
2023-12-29,Almora,0.4331344765419829
2023-12-29,Bageshwar,0.8201727790004738
2023-12-29,Chamoli,0.7154833876171854
2023-12-29,Champawat,0.0013014558369824
2023-12-29,Dehra Dun,0.0004653856591046
2023-12-29,Haridwar,0.0
2023-12-29,Naini Tal,0.0408812211369637
2023-12-29,Pauri Garhwal,0.4743335017015826
2023-12-29,Pithoragarh,1.2525349433883592
2023-12-29,Rudra Prayag,0.4998100101960652
2023-12-29,Tehri Garhwal,0.1226920487127134
2023-12-29,Udham Singh Nagar,0.0
2023-12-29,Uttarkashi,0.1006168089041099
2023-12-30,Almora,0.0248664581102476
2023-12-30,Bageshwar,0.6236792173820397
2023-12-30,Chamoli,0.2923599330675787
2023-12-30,Champawat,0.0254041163274648
2023-12-30,Dehra Dun,0.0741830172414977
2023-12-30,Haridwar,0.0118894168574426
2023-12-30,Naini Tal,0.0585264450552335
2023-12-30,Pauri Garhwal,0.0339773334217418
2023-12-30,Pithoragarh,0.1768170645815229
2023-12-30,Rudra Prayag,0.177165797599535
2023-12-30,Tehri Garhwal,0.1580647116863736
2023-12-30,Udham Singh Nagar,0.0114417674087104
2023-12-30,Uttarkashi,0.2996445758216746
2023-12-31,Almora,0.0056290671192998
2023-12-31,Bageshwar,0.3071525675046039
2023-12-31,Chamoli,0.0555015458628891
2023-12-31,Champawat,0.0
2023-12-31,Dehra Dun,0.0177636951792951
2023-12-31,Haridwar,4.5782707199955473e-05
2023-12-31,Naini Tal,0.0002400498799681
2023-12-31,Pauri Garhwal,7.632410376471345e-05
2023-12-31,Pithoragarh,0.0843403847631094
2023-12-31,Rudra Prayag,0.0758324675364918
2023-12-31,Tehri Garhwal,0.2106023561505027
2023-12-31,Udham Singh Nagar,0.043188737711957
2023-12-31,Uttarkashi,0.0393650086419952
